[12:08:37] [INFO ] ============================================================
[12:08:37] [INFO ]   NAMSS Seismic Fault Pipeline v2
[12:08:37] [INFO ]   Started : 2026-04-03 12:08:37
[12:08:37] [INFO ]   Run dir : /Users/lennylukach/Personal/School/CS4100/namss/pipeline/results/run_20260403_120837
[12:08:37] [INFO ]   SA mode : single (seed=12)
[12:08:37] [INFO ] ============================================================
[12:08:37] [INFO ] 
Discovered 278 unique lines across all datasets
[12:08:37] [INFO ] Val lines (every 5th): ['104_1208', '109_1213', '114_1218', '202wg82stk', '209wg82stk', '217wg82stk', '85-026_15189', 'H_2987', 'L_13905', 'P_43033', 'R_49017', 'T2010.103.mig.1500', 'T2010.108.mig.1500', 'T2010.1103.mig.1500', 'T2010.2102.mig.1500', 'f1088stk01', 'f1088stk06', 'f1088stk11', 'f1088stk16', 'f1088stk21', 'f1088stk26', 'f1088stk31', 'f1289stk02', 'f1289stk07', 'f1289stk12', 'f1289stk17', 'f1289stk22', 'f1289stk27', 'f287stk01', 'f287stk06', 'f287stk11', 'f287stk15', 'f287stk20', 'f287stk25', 'f287stk30', 'f287stk35', 'f287stk41', 'f287stk46', 'f287stk51', 'f287stk56', 'f287stks1', 'f287stks5', 'f387stk02', 'f387stk07', 'f387stk11', 'f387stk16', 'f387stk21', 'f387stk26', 'f387stk31', 'f688stk01', 'f688stk04', 'f688stk06a', 'f688stk09a', 'f688stk12', 'f688stk15']
[12:08:37] [INFO ] 
Processing 278 SGY files across all datasets in ../../airgun_data
[12:08:37] [INFO ]   namss.F-10-88-HW.mcs.airgun               f1088stk01
[12:08:37] [INFO ]   namss.F-10-88-HW.mcs.airgun               f1088stk02
[12:08:37] [INFO ]   namss.F-10-88-HW.mcs.airgun               f1088stk03
[12:08:37] [INFO ]   namss.F-10-88-HW.mcs.airgun               f1088stk04
[12:08:37] [INFO ]   namss.F-10-88-HW.mcs.airgun               f1088stk05
[12:08:37] [INFO ]   namss.F-10-88-HW.mcs.airgun               f1088stk06
[12:08:37] [INFO ]   namss.F-10-88-HW.mcs.airgun               f1088stk07
[12:08:37] [INFO ]   namss.F-10-88-HW.mcs.airgun               f1088stk08
[12:08:37] [INFO ]   namss.F-10-88-HW.mcs.airgun               f1088stk09
[12:08:37] [INFO ]   namss.F-10-88-HW.mcs.airgun               f1088stk10
[12:08:37] [INFO ]   namss.F-10-88-HW.mcs.airgun               f1088stk11
[12:08:37] [INFO ]   namss.F-10-88-HW.mcs.airgun               f1088stk12
[12:08:37] [INFO ]   namss.F-10-88-HW.mcs.airgun               f1088stk13
[12:08:37] [INFO ]   namss.F-10-88-HW.mcs.airgun               f1088stk14
[12:08:37] [INFO ]   namss.F-10-88-HW.mcs.airgun               f1088stk15
[12:08:37] [INFO ]   namss.F-10-88-HW.mcs.airgun               f1088stk16
[12:08:37] [INFO ]   namss.F-10-88-HW.mcs.airgun               f1088stk17
[12:08:37] [INFO ]   namss.F-10-88-HW.mcs.airgun               f1088stk18
[12:08:37] [INFO ]   namss.F-10-88-HW.mcs.airgun               f1088stk19
[12:08:37] [INFO ]   namss.F-10-88-HW.mcs.airgun               f1088stk20
[12:08:37] [INFO ]   namss.F-10-88-HW.mcs.airgun               f1088stk21
[12:08:37] [INFO ]   namss.F-10-88-HW.mcs.airgun               f1088stk22
[12:08:37] [INFO ]   namss.F-10-88-HW.mcs.airgun               f1088stk23
[12:08:37] [INFO ]   namss.F-10-88-HW.mcs.airgun               f1088stk24
[12:08:37] [INFO ]   namss.F-10-88-HW.mcs.airgun               f1088stk25
[12:08:37] [INFO ]   namss.F-10-88-HW.mcs.airgun               f1088stk26
[12:08:37] [INFO ]   namss.F-10-88-HW.mcs.airgun               f1088stk27
[12:08:37] [INFO ]   namss.F-10-88-HW.mcs.airgun               f1088stk28
[12:08:37] [INFO ]   namss.F-10-88-HW.mcs.airgun               f1088stk29
[12:08:37] [INFO ]   namss.F-10-88-HW.mcs.airgun               f1088stk30
[12:08:37] [INFO ]   namss.F-10-88-HW.mcs.airgun               f1088stk31
[12:08:37] [INFO ]   namss.F-10-88-HW.mcs.airgun               f1088stk32
[12:08:37] [INFO ]   namss.F-10-88-HW.mcs.airgun               f1088stk33
[12:08:37] [INFO ]   namss.F-10-88-HW.mcs.airgun               f1088stk34
[12:08:37] [INFO ]   namss.F-12-89-HW.mcs.airgun               f1289stk01
[12:08:37] [INFO ]   namss.F-12-89-HW.mcs.airgun               f1289stk02
[12:08:37] [INFO ]   namss.F-12-89-HW.mcs.airgun               f1289stk03
[12:08:37] [INFO ]   namss.F-12-89-HW.mcs.airgun               f1289stk04
[12:08:37] [INFO ]   namss.F-12-89-HW.mcs.airgun               f1289stk05
[12:08:37] [INFO ]   namss.F-12-89-HW.mcs.airgun               f1289stk06
[12:08:37] [INFO ]   namss.F-12-89-HW.mcs.airgun               f1289stk07
[12:08:37] [INFO ]   namss.F-12-89-HW.mcs.airgun               f1289stk08
[12:08:37] [INFO ]   namss.F-12-89-HW.mcs.airgun               f1289stk09
[12:08:37] [INFO ]   namss.F-12-89-HW.mcs.airgun               f1289stk10
[12:08:37] [INFO ]   namss.F-12-89-HW.mcs.airgun               f1289stk11
[12:08:37] [INFO ]   namss.F-12-89-HW.mcs.airgun               f1289stk12
[12:08:37] [INFO ]   namss.F-12-89-HW.mcs.airgun               f1289stk13
[12:08:37] [INFO ]   namss.F-12-89-HW.mcs.airgun               f1289stk14
[12:08:37] [INFO ]   namss.F-12-89-HW.mcs.airgun               f1289stk15
[12:08:37] [INFO ]   namss.F-12-89-HW.mcs.airgun               f1289stk16
[12:08:37] [INFO ]   namss.F-12-89-HW.mcs.airgun               f1289stk17
[12:08:37] [INFO ]   namss.F-12-89-HW.mcs.airgun               f1289stk18
[12:08:37] [INFO ]   namss.F-12-89-HW.mcs.airgun               f1289stk19
[12:08:37] [INFO ]   namss.F-12-89-HW.mcs.airgun               f1289stk20
[12:08:37] [INFO ]   namss.F-12-89-HW.mcs.airgun               f1289stk21
[12:08:37] [INFO ]   namss.F-12-89-HW.mcs.airgun               f1289stk22
[12:08:37] [INFO ]   namss.F-12-89-HW.mcs.airgun               f1289stk23
[12:08:37] [INFO ]   namss.F-12-89-HW.mcs.airgun               f1289stk24
[12:08:37] [INFO ]   namss.F-12-89-HW.mcs.airgun               f1289stk25
[12:08:37] [INFO ]   namss.F-12-89-HW.mcs.airgun               f1289stk26
[12:08:37] [INFO ]   namss.F-12-89-HW.mcs.airgun               f1289stk27
[12:08:37] [INFO ]   namss.F-12-89-HW.mcs.airgun               f1289stk28
[12:08:37] [INFO ]   namss.F-12-89-HW.mcs.airgun               f1289stk29
[12:08:37] [INFO ]   namss.F-12-89-HW.mcs.airgun               f1289stk30
[12:08:37] [INFO ]   namss.F-12-89-HW.mcs.airgun               f1289stk32
[12:08:37] [INFO ]   namss.F-2-87-AA.mcs.airgun                f287stk01
[12:08:37] [INFO ]   namss.F-2-87-AA.mcs.airgun                f287stk02
[12:08:37] [INFO ]   namss.F-2-87-AA.mcs.airgun                f287stk03
[12:08:37] [INFO ]   namss.F-2-87-AA.mcs.airgun                f287stk04
[12:08:37] [INFO ]   namss.F-2-87-AA.mcs.airgun                f287stk05
[12:08:37] [INFO ]   namss.F-2-87-AA.mcs.airgun                f287stk06
[12:08:37] [INFO ]   namss.F-2-87-AA.mcs.airgun                f287stk07
[12:08:37] [INFO ]   namss.F-2-87-AA.mcs.airgun                f287stk08
[12:08:37] [INFO ]   namss.F-2-87-AA.mcs.airgun                f287stk09
[12:08:37] [INFO ]   namss.F-2-87-AA.mcs.airgun                f287stk10
[12:08:37] [INFO ]   namss.F-2-87-AA.mcs.airgun                f287stk11
[12:08:37] [INFO ]   namss.F-2-87-AA.mcs.airgun                f287stk12
[12:08:37] [INFO ]   namss.F-2-87-AA.mcs.airgun                f287stk13
[12:08:37] [INFO ]   namss.F-2-87-AA.mcs.airgun                f287stk14
[12:08:37] [INFO ]   namss.F-2-87-AA.mcs.airgun                f287stk14a
[12:08:37] [INFO ]   namss.F-2-87-AA.mcs.airgun                f287stk15
[12:08:37] [INFO ]   namss.F-2-87-AA.mcs.airgun                f287stk16
[12:08:37] [INFO ]   namss.F-2-87-AA.mcs.airgun                f287stk17
[12:08:37] [INFO ]   namss.F-2-87-AA.mcs.airgun                f287stk18
[12:08:37] [INFO ]   namss.F-2-87-AA.mcs.airgun                f287stk19
[12:08:37] [INFO ]   namss.F-2-87-AA.mcs.airgun                f287stk20
[12:08:37] [INFO ]   namss.F-2-87-AA.mcs.airgun                f287stk21
[12:08:37] [INFO ]   namss.F-2-87-AA.mcs.airgun                f287stk22
[12:08:37] [INFO ]   namss.F-2-87-AA.mcs.airgun                f287stk23
[12:08:37] [INFO ]   namss.F-2-87-AA.mcs.airgun                f287stk24
[12:08:37] [INFO ]   namss.F-2-87-AA.mcs.airgun                f287stk25
[12:08:37] [INFO ]   namss.F-2-87-AA.mcs.airgun                f287stk26
[12:08:37] [INFO ]   namss.F-2-87-AA.mcs.airgun                f287stk27
[12:08:37] [INFO ]   namss.F-2-87-AA.mcs.airgun                f287stk28
[12:08:37] [INFO ]   namss.F-2-87-AA.mcs.airgun                f287stk29
[12:08:37] [INFO ]   namss.F-2-87-AA.mcs.airgun                f287stk30
[12:08:37] [INFO ]   namss.F-2-87-AA.mcs.airgun                f287stk31
[12:08:37] [INFO ]   namss.F-2-87-AA.mcs.airgun                f287stk32
[12:08:37] [INFO ]   namss.F-2-87-AA.mcs.airgun                f287stk33
[12:08:37] [INFO ]   namss.F-2-87-AA.mcs.airgun                f287stk34
[12:08:37] [INFO ]   namss.F-2-87-AA.mcs.airgun                f287stk35
[12:08:37] [INFO ]   namss.F-2-87-AA.mcs.airgun                f287stk36
[12:08:37] [INFO ]   namss.F-2-87-AA.mcs.airgun                f287stk37
[12:08:37] [INFO ]   namss.F-2-87-AA.mcs.airgun                f287stk38
[12:08:37] [INFO ]   namss.F-2-87-AA.mcs.airgun                f287stk39
[12:08:37] [INFO ]   namss.F-2-87-AA.mcs.airgun                f287stk41
[12:08:37] [INFO ]   namss.F-2-87-AA.mcs.airgun                f287stk42
[12:08:37] [INFO ]   namss.F-2-87-AA.mcs.airgun                f287stk43
[12:08:37] [INFO ]   namss.F-2-87-AA.mcs.airgun                f287stk44
[12:08:37] [INFO ]   namss.F-2-87-AA.mcs.airgun                f287stk45
[12:08:37] [INFO ]   namss.F-2-87-AA.mcs.airgun                f287stk46
[12:08:37] [INFO ]   namss.F-2-87-AA.mcs.airgun                f287stk47
[12:08:37] [INFO ]   namss.F-2-87-AA.mcs.airgun                f287stk48
[12:08:37] [INFO ]   namss.F-2-87-AA.mcs.airgun                f287stk49
[12:08:37] [INFO ]   namss.F-2-87-AA.mcs.airgun                f287stk50
[12:08:37] [INFO ]   namss.F-2-87-AA.mcs.airgun                f287stk51
[12:08:37] [INFO ]   namss.F-2-87-AA.mcs.airgun                f287stk52
[12:08:37] [INFO ]   namss.F-2-87-AA.mcs.airgun                f287stk53
[12:08:37] [INFO ]   namss.F-2-87-AA.mcs.airgun                f287stk54
[12:08:37] [INFO ]   namss.F-2-87-AA.mcs.airgun                f287stk55
[12:08:37] [INFO ]   namss.F-2-87-AA.mcs.airgun                f287stk56
[12:08:37] [INFO ]   namss.F-2-87-AA.mcs.airgun                f287stk57
[12:08:37] [INFO ]   namss.F-2-87-AA.mcs.airgun                f287stk58
[12:08:37] [INFO ]   namss.F-2-87-AA.mcs.airgun                f287stk59
[12:08:37] [INFO ]   namss.F-2-87-AA.mcs.airgun                f287stk60
[12:08:37] [INFO ]   namss.F-2-87-AA.mcs.airgun                f287stks1
[12:08:37] [INFO ]   namss.F-2-87-AA.mcs.airgun                f287stks10
[12:08:37] [INFO ]   namss.F-2-87-AA.mcs.airgun                f287stks2
[12:08:37] [INFO ]   namss.F-2-87-AA.mcs.airgun                f287stks3
[12:08:37] [INFO ]   namss.F-2-87-AA.mcs.airgun                f287stks4
[12:08:37] [INFO ]   namss.F-2-87-AA.mcs.airgun                f287stks5
[12:08:37] [INFO ]   namss.F-2-87-AA.mcs.airgun                f287stks7
[12:08:37] [INFO ]   namss.F-2-87-AA.mcs.airgun                f287stks8
[12:08:37] [INFO ]   namss.F-2-87-AA.mcs.airgun                f287stks9
[12:08:37] [INFO ]   namss.F-3-87-AA.mcs.airgun                f387stk01
[12:08:37] [INFO ]   namss.F-3-87-AA.mcs.airgun                f387stk02
[12:08:37] [INFO ]   namss.F-3-87-AA.mcs.airgun                f387stk03
[12:08:37] [INFO ]   namss.F-3-87-AA.mcs.airgun                f387stk04
[12:08:37] [INFO ]   namss.F-3-87-AA.mcs.airgun                f387stk05
[12:08:37] [INFO ]   namss.F-3-87-AA.mcs.airgun                f387stk06
[12:08:37] [INFO ]   namss.F-3-87-AA.mcs.airgun                f387stk07
[12:08:37] [INFO ]   namss.F-3-87-AA.mcs.airgun                f387stk07_3150
[12:08:37] [INFO ]   namss.F-3-87-AA.mcs.airgun                f387stk08
[12:08:37] [INFO ]   namss.F-3-87-AA.mcs.airgun                f387stk09
[12:08:37] [INFO ]   namss.F-3-87-AA.mcs.airgun                f387stk10
[12:08:37] [INFO ]   namss.F-3-87-AA.mcs.airgun                f387stk11
[12:08:37] [INFO ]   namss.F-3-87-AA.mcs.airgun                f387stk12
[12:08:37] [INFO ]   namss.F-3-87-AA.mcs.airgun                f387stk13
[12:08:37] [INFO ]   namss.F-3-87-AA.mcs.airgun                f387stk14
[12:08:37] [INFO ]   namss.F-3-87-AA.mcs.airgun                f387stk15
[12:08:37] [INFO ]   namss.F-3-87-AA.mcs.airgun                f387stk16
[12:08:37] [INFO ]   namss.F-3-87-AA.mcs.airgun                f387stk17
[12:08:37] [INFO ]   namss.F-3-87-AA.mcs.airgun                f387stk18
[12:08:37] [INFO ]   namss.F-3-87-AA.mcs.airgun                f387stk19
[12:08:37] [INFO ]   namss.F-3-87-AA.mcs.airgun                f387stk20
[12:08:37] [INFO ]   namss.F-3-87-AA.mcs.airgun                f387stk21
[12:08:37] [INFO ]   namss.F-3-87-AA.mcs.airgun                f387stk22
[12:08:37] [INFO ]   namss.F-3-87-AA.mcs.airgun                f387stk23
[12:08:37] [INFO ]   namss.F-3-87-AA.mcs.airgun                f387stk24
[12:08:37] [INFO ]   namss.F-3-87-AA.mcs.airgun                f387stk25
[12:08:37] [INFO ]   namss.F-3-87-AA.mcs.airgun                f387stk26
[12:08:37] [INFO ]   namss.F-3-87-AA.mcs.airgun                f387stk27
[12:08:37] [INFO ]   namss.F-3-87-AA.mcs.airgun                f387stk28
[12:08:37] [INFO ]   namss.F-3-87-AA.mcs.airgun                f387stk29
[12:08:37] [INFO ]   namss.F-3-87-AA.mcs.airgun                f387stk30
[12:08:37] [INFO ]   namss.F-3-87-AA.mcs.airgun                f387stk31
[12:08:37] [INFO ]   namss.F-3-87-AA.mcs.airgun                f387stk32
[12:08:37] [INFO ]   namss.F-3-87-AA.mcs.airgun                f387stk33
[12:08:37] [INFO ]   namss.F-3-87-AA.mcs.airgun                f387stk34
[12:08:37] [INFO ]   namss.F-3-87-AA.mcs.airgun                f387stk35
[12:08:37] [INFO ]   namss.F-6-88-HW.mcs.airgun                f688stk01
[12:08:37] [INFO ]   namss.F-6-88-HW.mcs.airgun                f688stk02
[12:08:37] [INFO ]   namss.F-6-88-HW.mcs.airgun                f688stk02a
[12:08:37] [INFO ]   namss.F-6-88-HW.mcs.airgun                f688stk03
[12:08:37] [INFO ]   namss.F-6-88-HW.mcs.airgun                f688stk03a
[12:08:37] [INFO ]   namss.F-6-88-HW.mcs.airgun                f688stk04
[12:08:37] [INFO ]   namss.F-6-88-HW.mcs.airgun                f688stk04a
[12:08:37] [INFO ]   namss.F-6-88-HW.mcs.airgun                f688stk05
[12:08:37] [INFO ]   namss.F-6-88-HW.mcs.airgun                f688stk05a
[12:08:37] [INFO ]   namss.F-6-88-HW.mcs.airgun                f688stk06
[12:08:37] [INFO ]   namss.F-6-88-HW.mcs.airgun                f688stk06a
[12:08:37] [INFO ]   namss.F-6-88-HW.mcs.airgun                f688stk07
[12:08:37] [INFO ]   namss.F-6-88-HW.mcs.airgun                f688stk07a
[12:08:37] [INFO ]   namss.F-6-88-HW.mcs.airgun                f688stk08
[12:08:37] [INFO ]   namss.F-6-88-HW.mcs.airgun                f688stk09
[12:08:37] [INFO ]   namss.F-6-88-HW.mcs.airgun                f688stk09a
[12:08:37] [INFO ]   namss.F-6-88-HW.mcs.airgun                f688stk10
[12:08:37] [INFO ]   namss.F-6-88-HW.mcs.airgun                f688stk10a
[12:08:37] [INFO ]   namss.F-6-88-HW.mcs.airgun                f688stk11
[12:08:37] [INFO ]   namss.F-6-88-HW.mcs.airgun                f688stk11a
[12:08:37] [INFO ]   namss.F-6-88-HW.mcs.airgun                f688stk12
[12:08:37] [INFO ]   namss.F-6-88-HW.mcs.airgun                f688stk12a
[12:08:37] [INFO ]   namss.F-6-88-HW.mcs.airgun                f688stk13
[12:08:37] [INFO ]   namss.F-6-88-HW.mcs.airgun                f688stk14
[12:08:37] [INFO ]   namss.F-6-88-HW.mcs.airgun                f688stk14a
[12:08:37] [INFO ]   namss.F-6-88-HW.mcs.airgun                f688stk15
[12:08:37] [INFO ]   namss.F-6-88-HW.mcs.airgun                f688stk16
[12:08:37] [INFO ]   namss.F-6-88-HW.mcs.airgun                f688stk16a
[12:08:37] [INFO ]   namss.F-6-88-HW.mcs.airgun                f688stk17
[12:08:37] [INFO ]   namss.L-12-82-WG.mcs.airgun               201wg82stk
[12:08:37] [INFO ]   namss.L-12-82-WG.mcs.airgun               202wg82stk
[12:08:37] [INFO ]   namss.L-12-82-WG.mcs.airgun               203wg82stk
[12:08:37] [INFO ]   namss.L-12-82-WG.mcs.airgun               204wg82stk
[12:08:37] [INFO ]   namss.L-12-82-WG.mcs.airgun               205wg82stk
[12:08:37] [INFO ]   namss.L-12-82-WG.mcs.airgun               208wg82stk
[12:08:37] [INFO ]   namss.L-12-82-WG.mcs.airgun               209wg82stk
[12:08:37] [INFO ]   namss.L-12-82-WG.mcs.airgun               211wg82stk
[12:08:37] [INFO ]   namss.L-12-82-WG.mcs.airgun               212wg82stk
[12:08:37] [INFO ]   namss.L-12-82-WG.mcs.airgun               213wg82stk
[12:08:37] [INFO ]   namss.L-12-82-WG.mcs.airgun               215wg82stk
[12:08:37] [INFO ]   namss.L-12-82-WG.mcs.airgun               217wg82stk
[12:08:37] [INFO ]   namss.L-12-82-WG.mcs.airgun               219wg82stk
[12:08:37] [INFO ]   namss.L-12-82-WG.mcs.airgun               221wg82stk
[12:08:37] [INFO ]   namss.L-12-82-WG.mcs.airgun               222wg82stk
[12:08:37] [INFO ]   namss.L-12-82-WG.mcs.airgun               226wg82stk
[12:08:37] [INFO ]   namss.L-8-81-WG.mcs.airgun                100_1204
[12:08:37] [INFO ]   namss.L-8-81-WG.mcs.airgun                101_1205
[12:08:37] [INFO ]   namss.L-8-81-WG.mcs.airgun                102_1206
[12:08:37] [INFO ]   namss.L-8-81-WG.mcs.airgun                103_1207
[12:08:37] [INFO ]   namss.L-8-81-WG.mcs.airgun                104_1208
[12:08:37] [INFO ]   namss.L-8-81-WG.mcs.airgun                105_1209
[12:08:37] [INFO ]   namss.L-8-81-WG.mcs.airgun                106_1210
[12:08:37] [INFO ]   namss.L-8-81-WG.mcs.airgun                107_1211
[12:08:37] [INFO ]   namss.L-8-81-WG.mcs.airgun                108_1212
[12:08:37] [INFO ]   namss.L-8-81-WG.mcs.airgun                109_1213
[12:08:37] [INFO ]   namss.L-8-81-WG.mcs.airgun                110_1214
[12:08:37] [INFO ]   namss.L-8-81-WG.mcs.airgun                111_1215
[12:08:37] [INFO ]   namss.L-8-81-WG.mcs.airgun                112_1216
[12:08:37] [INFO ]   namss.L-8-81-WG.mcs.airgun                113_1217
[12:08:37] [INFO ]   namss.L-8-81-WG.mcs.airgun                114_1218
[12:08:37] [INFO ]   namss.L-8-81-WG.mcs.airgun                115_1219
[12:08:37] [INFO ]   namss.L-8-81-WG.mcs.airgun                116_1220
[12:08:37] [INFO ]   namss.L-8-81-WG.mcs.airgun                117_1221
[12:08:37] [INFO ]   namss.T-21-10-AT.mcs.airgun               T2010.100.mig.1500
[12:08:37] [INFO ]   namss.T-21-10-AT.mcs.airgun               T2010.101.mig.1500
[12:08:37] [INFO ]   namss.T-21-10-AT.mcs.airgun               T2010.102.mig.1500
[12:08:37] [INFO ]   namss.T-21-10-AT.mcs.airgun               T2010.103.mig.1500
[12:08:37] [INFO ]   namss.T-21-10-AT.mcs.airgun               T2010.104.mig.1500
[12:08:37] [INFO ]   namss.T-21-10-AT.mcs.airgun               T2010.105.mig.1500
[12:08:37] [INFO ]   namss.T-21-10-AT.mcs.airgun               T2010.106.mig.1500
[12:08:37] [INFO ]   namss.T-21-10-AT.mcs.airgun               T2010.107.mig.1500
[12:08:37] [INFO ]   namss.T-21-10-AT.mcs.airgun               T2010.108.mig.1500
[12:08:37] [INFO ]   namss.T-21-10-AT.mcs.airgun               T2010.109.mig.1500
[12:08:37] [INFO ]   namss.T-21-10-AT.mcs.airgun               T2010.110.mig.1500
[12:08:37] [INFO ]   namss.T-21-10-AT.mcs.airgun               T2010.1100.mig.1500
[12:08:37] [INFO ]   namss.T-21-10-AT.mcs.airgun               T2010.1101.mig.1500
[12:08:37] [INFO ]   namss.T-21-10-AT.mcs.airgun               T2010.1103.mig.1500
[12:08:37] [INFO ]   namss.T-21-10-AT.mcs.airgun               T2010.1104.mig.1500
[12:08:37] [INFO ]   namss.T-21-10-AT.mcs.airgun               T2010.111.mig.1500
[12:08:37] [INFO ]   namss.T-21-10-AT.mcs.airgun               T2010.112.mig.1500
[12:08:37] [INFO ]   namss.T-21-10-AT.mcs.airgun               T2010.2100.mig.1500
[12:08:37] [INFO ]   namss.T-21-10-AT.mcs.airgun               T2010.2102.mig.1500
[12:08:37] [INFO ]   namss.T-21-10-AT.mcs.airgun               T2010.3100.mig.1500
[12:08:37] [INFO ]   namss.T-21-10-AT.mcs.airgun               T2010.4100.mig.1500
[12:08:37] [INFO ]   namss.W-3-69-BS.mcs.airgun                85-026_15189
[12:08:37] [INFO ]   namss.W-3-69-BS.mcs.airgun                85-027_25715
[12:08:37] [INFO ]   namss.W-3-69-BS.mcs.airgun                G_17558
[12:08:37] [INFO ]   namss.W-3-69-BS.mcs.airgun                G_1_408
[12:08:37] [INFO ]   namss.W-3-69-BS.mcs.airgun                H_1_10416
[12:08:37] [INFO ]   namss.W-3-69-BS.mcs.airgun                H_2987
[12:08:37] [INFO ]   namss.W-3-69-BS.mcs.airgun                I_12552
[12:08:37] [INFO ]   namss.W-3-69-BS.mcs.airgun                J_11795
[12:08:37] [INFO ]   namss.W-3-69-BS.mcs.airgun                J_1_16452
[12:08:37] [INFO ]   namss.W-3-69-BS.mcs.airgun                K_16989
[12:08:37] [INFO ]   namss.W-3-69-BS.mcs.airgun                L_13905
[12:08:37] [INFO ]   namss.W-3-69-BS.mcs.airgun                O_1_45871
[12:08:37] [INFO ]   namss.W-3-69-BS.mcs.airgun                O_2_48619
[12:08:37] [INFO ]   namss.W-3-69-BS.mcs.airgun                O_48354
[12:08:37] [INFO ]   namss.W-3-69-BS.mcs.airgun                P_1_49149
[12:08:37] [INFO ]   namss.W-3-69-BS.mcs.airgun                P_43033
[12:08:37] [INFO ]   namss.W-3-69-BS.mcs.airgun                Q-EXT_45287
[12:08:37] [INFO ]   namss.W-3-69-BS.mcs.airgun                Q_39795
[12:08:37] [INFO ]   namss.W-3-69-BS.mcs.airgun                R-EXT_49224
[12:08:37] [INFO ]   namss.W-3-69-BS.mcs.airgun                R_1_43206
[12:08:37] [INFO ]   namss.W-3-69-BS.mcs.airgun                R_49017
[12:08:37] [INFO ]   namss.W-3-69-BS.mcs.airgun                S_44822
[12:08:37] [INFO ]   namss.W-3-69-BS.mcs.airgun                WA-024_1187
[12:08:37] [INFO ]   namss.W-3-69-BS.mcs.airgun                WA-025_15564
[12:08:37] [INFO ] 
[12:08:37] [INFO ] ──────────────────────────────────────────────────
[12:08:37] [INFO ]   LINE: f1088stk01
[12:08:37] [INFO ] ──────────────────────────────────────────────────
[12:08:37] [INFO ] Dataset  : namss.F-10-88-HW.mcs.airgun
[12:08:37] [INFO ] SGY      : ../../airgun_data/namss.F-10-88-HW.mcs.airgun/Data/f1088stk01.sgy
[12:08:37] [INFO ] NAV      : ../../airgun_data/namss.F-10-88-HW.mcs.airgun/Navigation/f-10-88-hw_NAV-WGS84.csv
[12:08:37] [INFO ] SA mode  : single (seed=12)
[12:08:37] [INFO ] 
[12:08:37] [INFO ] STEP 1 — Feature extraction
[12:08:37] [INFO ]   Loading navigation...
[12:08:37] [INFO ]   Loading SEG-Y...
[12:08:37] [INFO ]   Traces: 10893  Samples: 3000  dt: 4.000 ms
[12:08:37] [INFO ]   Depth:  0.0 m → 8997.0 m
[12:08:37] [INFO ]   Matching traces to navigation...
[12:08:37] [INFO ]   NAV line matched via translation: 'f1088stk01' -> '1'
[12:08:38] [INFO ]   Matched 10893 / 10893 traces
[12:08:38] [INFO ]   Bandpass filtering...
[12:08:39] [INFO ]   Computing seismic attributes...
[12:08:40] [INFO ]   Picking seafloor...
[12:08:41] [INFO ]   Seafloor depth: 0–5229 m  (112 shallow traces masked)
[12:08:41] [INFO ]   Picking horizons...
[12:08:42] [INFO ]   Computing NCC coherence (slow)...
[12:08:43] [INFO ]   Saving CNN section image...
[12:08:45] [INFO ]   Saved: f1088stk01_section_cnn.png  (2700x1500px)
[12:08:45] [INFO ]   Step 1 complete
[12:08:45] [INFO ] 
[12:08:45] [INFO ] STEP 2 — Fault detection
[12:08:45] [INFO ]   Mode: single SA run (seed=12)
[12:08:58] [INFO ]   Detected 0 high-confidence faults
[12:08:58] [INFO ]   Step 2 complete
[12:08:58] [INFO ] 
[12:08:58] [INFO ] STEP 3 — Bounding boxes
[12:08:58] [INFO ]   Generated 0 boxes
[12:08:58] [INFO ]   Step 3 complete
[12:08:58] [INFO ] 
[12:08:58] [INFO ] STEP 4 — Dataset building
[12:08:58] [INFO ]   Saving labeled review image...
[12:08:58] [INFO ]   Saved: f1088stk01_labeled.png
[12:08:58] [INFO ]   Split: val
[12:08:58] [INFO ]   Added 0 annotations to val.json
[12:08:58] [INFO ]   train.json: 0 images, 0 annotations
[12:08:58] [INFO ]   val.json:   1 images,  0 annotations
[12:08:58] [INFO ]   Step 4 complete
[12:08:58] [INFO ] 
[12:08:58] [INFO ]   DONE  f1088stk01  →  val  |  0 faults  |  0 boxes
[12:08:58] [INFO ] 
[12:08:58] [INFO ] ──────────────────────────────────────────────────
[12:08:58] [INFO ]   LINE: f1088stk02
[12:08:58] [INFO ] ──────────────────────────────────────────────────
[12:08:58] [INFO ] Dataset  : namss.F-10-88-HW.mcs.airgun
[12:08:58] [INFO ] SGY      : ../../airgun_data/namss.F-10-88-HW.mcs.airgun/Data/f1088stk02.sgy
[12:08:58] [INFO ] NAV      : ../../airgun_data/namss.F-10-88-HW.mcs.airgun/Navigation/f-10-88-hw_NAV-WGS84.csv
[12:08:58] [INFO ] SA mode  : single (seed=12)
[12:08:58] [INFO ] 
[12:08:58] [INFO ] STEP 1 — Feature extraction
[12:08:58] [INFO ]   Loading navigation...
[12:08:58] [INFO ]   Loading SEG-Y...
[12:08:58] [INFO ]   Traces: 678  Samples: 2750  dt: 4.000 ms
[12:08:58] [INFO ]   Depth:  0.0 m → 8247.0 m
[12:08:58] [INFO ]   Matching traces to navigation...
[12:08:58] [INFO ]   NAV line matched via translation: 'f1088stk02' -> '2'
[12:08:58] [INFO ]   Matched 678 / 678 traces
[12:08:58] [INFO ]   Bandpass filtering...
[12:08:58] [INFO ]   Computing seismic attributes...
[12:08:58] [INFO ]   Picking seafloor...
[12:08:58] [INFO ]   Seafloor depth: 4509–4674 m  (0 shallow traces masked)
[12:08:58] [INFO ]   Picking horizons...
[12:08:58] [INFO ]   Computing NCC coherence (slow)...
[12:08:58] [INFO ]   Saving CNN section image...
[12:08:59] [INFO ]   Saved: f1088stk02_section_cnn.png  (2700x1500px)
[12:08:59] [INFO ]   Step 1 complete
[12:08:59] [INFO ] 
[12:08:59] [INFO ] STEP 2 — Fault detection
[12:08:59] [INFO ]   Mode: single SA run (seed=12)
[12:08:59] [INFO ]   Detected 0 high-confidence faults
[12:08:59] [INFO ]   Step 2 complete
[12:08:59] [INFO ] 
[12:08:59] [INFO ] STEP 3 — Bounding boxes
[12:08:59] [INFO ]   Generated 0 boxes
[12:08:59] [INFO ]   Step 3 complete
[12:08:59] [INFO ] 
[12:08:59] [INFO ] STEP 4 — Dataset building
[12:08:59] [INFO ]   Saving labeled review image...
[12:09:00] [INFO ]   Saved: f1088stk02_labeled.png
[12:09:00] [INFO ]   Split: train
[12:09:00] [INFO ]   Added 0 annotations to train.json
[12:09:00] [INFO ]   train.json: 1 images, 0 annotations
[12:09:00] [INFO ]   val.json:   1 images,  0 annotations
[12:09:00] [INFO ]   Step 4 complete
[12:09:00] [INFO ] 
[12:09:00] [INFO ]   DONE  f1088stk02  →  train  |  0 faults  |  0 boxes
[12:09:00] [INFO ] 
[12:09:00] [INFO ] ──────────────────────────────────────────────────
[12:09:00] [INFO ]   LINE: f1088stk03
[12:09:00] [INFO ] ──────────────────────────────────────────────────
[12:09:00] [INFO ] Dataset  : namss.F-10-88-HW.mcs.airgun
[12:09:00] [INFO ] SGY      : ../../airgun_data/namss.F-10-88-HW.mcs.airgun/Data/f1088stk03.sgy
[12:09:00] [INFO ] NAV      : ../../airgun_data/namss.F-10-88-HW.mcs.airgun/Navigation/f-10-88-hw_NAV-WGS84.csv
[12:09:00] [INFO ] SA mode  : single (seed=12)
[12:09:00] [INFO ] 
[12:09:00] [INFO ] STEP 1 — Feature extraction
[12:09:00] [INFO ]   Loading navigation...
[12:09:00] [INFO ]   Loading SEG-Y...
[12:09:00] [INFO ]   Traces: 4688  Samples: 2750  dt: 4.000 ms
[12:09:00] [INFO ]   Depth:  0.0 m → 8247.0 m
[12:09:00] [INFO ]   Matching traces to navigation...
[12:09:00] [INFO ]   NAV line matched via translation: 'f1088stk03' -> '3'
[12:09:00] [INFO ]   Matched 4688 / 4688 traces
[12:09:00] [INFO ]   Bandpass filtering...
[12:09:00] [INFO ]   Computing seismic attributes...
[12:09:01] [INFO ]   Picking seafloor...
[12:09:01] [INFO ]   Seafloor depth: 0–5025 m  (62 shallow traces masked)
[12:09:01] [INFO ]   Picking horizons...
[12:09:01] [INFO ]   Computing NCC coherence (slow)...
[12:09:02] [INFO ]   Saving CNN section image...
[12:09:03] [INFO ]   Saved: f1088stk03_section_cnn.png  (2700x1500px)
[12:09:03] [INFO ]   Step 1 complete
[12:09:03] [INFO ] 
[12:09:03] [INFO ] STEP 2 — Fault detection
[12:09:03] [INFO ]   Mode: single SA run (seed=12)
[12:09:08] [INFO ]   Detected 0 high-confidence faults
[12:09:08] [INFO ]   Step 2 complete
[12:09:08] [INFO ] 
[12:09:08] [INFO ] STEP 3 — Bounding boxes
[12:09:08] [INFO ]   Generated 0 boxes
[12:09:08] [INFO ]   Step 3 complete
[12:09:08] [INFO ] 
[12:09:08] [INFO ] STEP 4 — Dataset building
[12:09:08] [INFO ]   Saving labeled review image...
[12:09:08] [INFO ]   Saved: f1088stk03_labeled.png
[12:09:08] [INFO ]   Split: train
[12:09:08] [INFO ]   Added 0 annotations to train.json
[12:09:08] [INFO ]   train.json: 2 images, 0 annotations
[12:09:08] [INFO ]   val.json:   1 images,  0 annotations
[12:09:08] [INFO ]   Step 4 complete
[12:09:08] [INFO ] 
[12:09:08] [INFO ]   DONE  f1088stk03  →  train  |  0 faults  |  0 boxes
[12:09:08] [INFO ] 
[12:09:08] [INFO ] ──────────────────────────────────────────────────
[12:09:08] [INFO ]   LINE: f1088stk04
[12:09:08] [INFO ] ──────────────────────────────────────────────────
[12:09:08] [INFO ] Dataset  : namss.F-10-88-HW.mcs.airgun
[12:09:08] [INFO ] SGY      : ../../airgun_data/namss.F-10-88-HW.mcs.airgun/Data/f1088stk04.sgy
[12:09:08] [INFO ] NAV      : ../../airgun_data/namss.F-10-88-HW.mcs.airgun/Navigation/f-10-88-hw_NAV-WGS84.csv
[12:09:08] [INFO ] SA mode  : single (seed=12)
[12:09:08] [INFO ] 
[12:09:08] [INFO ] STEP 1 — Feature extraction
[12:09:08] [INFO ]   Loading navigation...
[12:09:08] [INFO ]   Loading SEG-Y...
[12:09:08] [INFO ]   Traces: 572  Samples: 2750  dt: 4.000 ms
[12:09:08] [INFO ]   Depth:  0.0 m → 8247.0 m
[12:09:08] [INFO ]   Matching traces to navigation...
[12:09:08] [INFO ]   NAV line matched via translation: 'f1088stk04' -> '4'
[12:09:08] [INFO ]   Matched 572 / 572 traces
[12:09:08] [INFO ]   Bandpass filtering...
[12:09:08] [INFO ]   Computing seismic attributes...
[12:09:08] [INFO ]   Picking seafloor...
[12:09:08] [INFO ]   Seafloor depth: 4854–5061 m  (0 shallow traces masked)
[12:09:08] [INFO ]   Picking horizons...
[12:09:08] [INFO ]   Computing NCC coherence (slow)...
[12:09:08] [INFO ]   Saving CNN section image...
[12:09:09] [INFO ]   Saved: f1088stk04_section_cnn.png  (2700x1500px)
[12:09:09] [INFO ]   Step 1 complete
[12:09:09] [INFO ] 
[12:09:09] [INFO ] STEP 2 — Fault detection
[12:09:09] [INFO ]   Mode: single SA run (seed=12)
[12:09:09] [INFO ]   Detected 0 high-confidence faults
[12:09:09] [INFO ]   Step 2 complete
[12:09:09] [INFO ] 
[12:09:09] [INFO ] STEP 3 — Bounding boxes
[12:09:09] [INFO ]   Generated 0 boxes
[12:09:09] [INFO ]   Step 3 complete
[12:09:09] [INFO ] 
[12:09:09] [INFO ] STEP 4 — Dataset building
[12:09:09] [INFO ]   Saving labeled review image...
[12:09:09] [INFO ]   Saved: f1088stk04_labeled.png
[12:09:09] [INFO ]   Split: train
[12:09:09] [INFO ]   Added 0 annotations to train.json
[12:09:09] [INFO ]   train.json: 3 images, 0 annotations
[12:09:09] [INFO ]   val.json:   1 images,  0 annotations
[12:09:09] [INFO ]   Step 4 complete
[12:09:09] [INFO ] 
[12:09:09] [INFO ]   DONE  f1088stk04  →  train  |  0 faults  |  0 boxes
[12:09:09] [INFO ] 
[12:09:09] [INFO ] ──────────────────────────────────────────────────
[12:09:09] [INFO ]   LINE: f1088stk05
[12:09:09] [INFO ] ──────────────────────────────────────────────────
[12:09:09] [INFO ] Dataset  : namss.F-10-88-HW.mcs.airgun
[12:09:09] [INFO ] SGY      : ../../airgun_data/namss.F-10-88-HW.mcs.airgun/Data/f1088stk05.sgy
[12:09:09] [INFO ] NAV      : ../../airgun_data/namss.F-10-88-HW.mcs.airgun/Navigation/f-10-88-hw_NAV-WGS84.csv
[12:09:09] [INFO ] SA mode  : single (seed=12)
[12:09:09] [INFO ] 
[12:09:09] [INFO ] STEP 1 — Feature extraction
[12:09:09] [INFO ]   Loading navigation...
[12:09:10] [INFO ]   Loading SEG-Y...
[12:09:10] [INFO ]   Traces: 4317  Samples: 2750  dt: 4.000 ms
[12:09:10] [INFO ]   Depth:  0.0 m → 8247.0 m
[12:09:10] [INFO ]   Matching traces to navigation...
[12:09:10] [INFO ]   NAV line matched via translation: 'f1088stk05' -> '5'
[12:09:10] [INFO ]   Matched 4317 / 4317 traces
[12:09:10] [INFO ]   Bandpass filtering...
[12:09:10] [INFO ]   Computing seismic attributes...
[12:09:11] [INFO ]   Picking seafloor...
[12:09:11] [INFO ]   Seafloor depth: 0–5139 m  (120 shallow traces masked)
[12:09:11] [INFO ]   Picking horizons...
[12:09:11] [INFO ]   Computing NCC coherence (slow)...
[12:09:12] [INFO ]   Saving CNN section image...
[12:09:12] [INFO ]   Saved: f1088stk05_section_cnn.png  (2700x1500px)
[12:09:12] [INFO ]   Step 1 complete
[12:09:12] [INFO ] 
[12:09:12] [INFO ] STEP 2 — Fault detection
[12:09:12] [INFO ]   Mode: single SA run (seed=12)
[12:09:18] [INFO ]   Detected 0 high-confidence faults
[12:09:18] [INFO ]   Step 2 complete
[12:09:18] [INFO ] 
[12:09:18] [INFO ] STEP 3 — Bounding boxes
[12:09:18] [INFO ]   Generated 0 boxes
[12:09:18] [INFO ]   Step 3 complete
[12:09:18] [INFO ] 
[12:09:18] [INFO ] STEP 4 — Dataset building
[12:09:18] [INFO ]   Saving labeled review image...
[12:09:18] [INFO ]   Saved: f1088stk05_labeled.png
[12:09:18] [INFO ]   Split: train
[12:09:18] [INFO ]   Added 0 annotations to train.json
[12:09:18] [INFO ]   train.json: 4 images, 0 annotations
[12:09:18] [INFO ]   val.json:   1 images,  0 annotations
[12:09:18] [INFO ]   Step 4 complete
[12:09:18] [INFO ] 
[12:09:18] [INFO ]   DONE  f1088stk05  →  train  |  0 faults  |  0 boxes
[12:09:18] [INFO ] 
[12:09:18] [INFO ] ──────────────────────────────────────────────────
[12:09:18] [INFO ]   LINE: f1088stk06
[12:09:18] [INFO ] ──────────────────────────────────────────────────
[12:09:18] [INFO ] Dataset  : namss.F-10-88-HW.mcs.airgun
[12:09:18] [INFO ] SGY      : ../../airgun_data/namss.F-10-88-HW.mcs.airgun/Data/f1088stk06.sgy
[12:09:18] [INFO ] NAV      : ../../airgun_data/namss.F-10-88-HW.mcs.airgun/Navigation/f-10-88-hw_NAV-WGS84.csv
[12:09:18] [INFO ] SA mode  : single (seed=12)
[12:09:18] [INFO ] 
[12:09:18] [INFO ] STEP 1 — Feature extraction
[12:09:18] [INFO ]   Loading navigation...
[12:09:18] [INFO ]   Loading SEG-Y...
[12:09:18] [INFO ]   Traces: 2473  Samples: 2750  dt: 4.000 ms
[12:09:18] [INFO ]   Depth:  0.0 m → 8247.0 m
[12:09:18] [INFO ]   Matching traces to navigation...
[12:09:18] [INFO ]   NAV line matched via translation: 'f1088stk06' -> '6'
[12:09:18] [INFO ]   Matched 2473 / 2473 traces
[12:09:18] [INFO ]   Bandpass filtering...
[12:09:18] [INFO ]   Computing seismic attributes...
[12:09:18] [INFO ]   Picking seafloor...
[12:09:18] [INFO ]   Seafloor depth: 0–4830 m  (874 shallow traces masked)
[12:09:18] [INFO ]   Picking horizons...
[12:09:19] [INFO ]   Computing NCC coherence (slow)...
[12:09:19] [INFO ]   Saving CNN section image...
[12:09:19] [INFO ]   Saved: f1088stk06_section_cnn.png  (2700x1500px)
[12:09:19] [INFO ]   Step 1 complete
[12:09:19] [INFO ] 
[12:09:19] [INFO ] STEP 2 — Fault detection
[12:09:19] [INFO ]   Mode: single SA run (seed=12)
[12:09:21] [INFO ]   Detected 0 high-confidence faults
[12:09:21] [INFO ]   Step 2 complete
[12:09:21] [INFO ] 
[12:09:21] [INFO ] STEP 3 — Bounding boxes
[12:09:21] [INFO ]   Generated 0 boxes
[12:09:21] [INFO ]   Step 3 complete
[12:09:21] [INFO ] 
[12:09:21] [INFO ] STEP 4 — Dataset building
[12:09:21] [INFO ]   Saving labeled review image...
[12:09:21] [INFO ]   Saved: f1088stk06_labeled.png
[12:09:21] [INFO ]   Split: val
[12:09:21] [INFO ]   Added 0 annotations to val.json
[12:09:21] [INFO ]   train.json: 4 images, 0 annotations
[12:09:21] [INFO ]   val.json:   2 images,  0 annotations
[12:09:21] [INFO ]   Step 4 complete
[12:09:21] [INFO ] 
[12:09:21] [INFO ]   DONE  f1088stk06  →  val  |  0 faults  |  0 boxes
[12:09:21] [INFO ] 
[12:09:21] [INFO ] ──────────────────────────────────────────────────
[12:09:21] [INFO ]   LINE: f1088stk07
[12:09:21] [INFO ] ──────────────────────────────────────────────────
[12:09:21] [INFO ] Dataset  : namss.F-10-88-HW.mcs.airgun
[12:09:21] [INFO ] SGY      : ../../airgun_data/namss.F-10-88-HW.mcs.airgun/Data/f1088stk07.sgy
[12:09:21] [INFO ] NAV      : ../../airgun_data/namss.F-10-88-HW.mcs.airgun/Navigation/f-10-88-hw_NAV-WGS84.csv
[12:09:21] [INFO ] SA mode  : single (seed=12)
[12:09:21] [INFO ] 
[12:09:21] [INFO ] STEP 1 — Feature extraction
[12:09:21] [INFO ]   Loading navigation...
[12:09:22] [INFO ]   Loading SEG-Y...
[12:09:22] [INFO ]   Traces: 12754  Samples: 2750  dt: 4.000 ms
[12:09:22] [INFO ]   Depth:  0.0 m → 8247.0 m
[12:09:22] [INFO ]   Matching traces to navigation...
[12:09:22] [INFO ]   NAV line matched via translation: 'f1088stk07' -> '7'
[12:09:23] [INFO ]   Matched 12754 / 12754 traces
[12:09:23] [INFO ]   Bandpass filtering...
[12:09:23] [INFO ]   Computing seismic attributes...
[12:09:25] [INFO ]   Picking seafloor...
[12:09:26] [INFO ]   Seafloor depth: 3414–5475 m  (0 shallow traces masked)
[12:09:26] [INFO ]   Picking horizons...
[12:09:26] [INFO ]   Computing NCC coherence (slow)...
[12:09:28] [INFO ]   Saving CNN section image...
[12:09:30] [INFO ]   Saved: f1088stk07_section_cnn.png  (2700x1500px)
[12:09:30] [INFO ]   Step 1 complete
[12:09:30] [INFO ] 
[12:09:30] [INFO ] STEP 2 — Fault detection
[12:09:30] [INFO ]   Mode: single SA run (seed=12)
[12:09:45] [INFO ]   Detected 0 high-confidence faults
[12:09:45] [INFO ]   Step 2 complete
[12:09:45] [INFO ] 
[12:09:45] [INFO ] STEP 3 — Bounding boxes
[12:09:45] [INFO ]   Generated 0 boxes
[12:09:45] [INFO ]   Step 3 complete
[12:09:45] [INFO ] 
[12:09:45] [INFO ] STEP 4 — Dataset building
[12:09:45] [INFO ]   Saving labeled review image...
[12:09:45] [INFO ]   Saved: f1088stk07_labeled.png
[12:09:45] [INFO ]   Split: train
[12:09:45] [INFO ]   Added 0 annotations to train.json
[12:09:45] [INFO ]   train.json: 5 images, 0 annotations
[12:09:45] [INFO ]   val.json:   2 images,  0 annotations
[12:09:45] [INFO ]   Step 4 complete
[12:09:45] [INFO ] 
[12:09:45] [INFO ]   DONE  f1088stk07  →  train  |  0 faults  |  0 boxes
[12:09:45] [INFO ] 
[12:09:45] [INFO ] ──────────────────────────────────────────────────
[12:09:45] [INFO ]   LINE: f1088stk08
[12:09:45] [INFO ] ──────────────────────────────────────────────────
[12:09:45] [INFO ] Dataset  : namss.F-10-88-HW.mcs.airgun
[12:09:45] [INFO ] SGY      : ../../airgun_data/namss.F-10-88-HW.mcs.airgun/Data/f1088stk08.sgy
[12:09:45] [INFO ] NAV      : ../../airgun_data/namss.F-10-88-HW.mcs.airgun/Navigation/f-10-88-hw_NAV-WGS84.csv
[12:09:45] [INFO ] SA mode  : single (seed=12)
[12:09:45] [INFO ] 
[12:09:45] [INFO ] STEP 1 — Feature extraction
[12:09:45] [INFO ]   Loading navigation...
[12:09:45] [INFO ]   Loading SEG-Y...
[12:09:45] [INFO ]   Traces: 892  Samples: 2750  dt: 4.000 ms
[12:09:45] [INFO ]   Depth:  0.0 m → 8247.0 m
[12:09:45] [INFO ]   Matching traces to navigation...
[12:09:45] [INFO ]   NAV line matched via translation: 'f1088stk08' -> '8'
[12:09:45] [INFO ]   Matched 892 / 892 traces
[12:09:45] [INFO ]   Bandpass filtering...
[12:09:45] [INFO ]   Computing seismic attributes...
[12:09:45] [INFO ]   Picking seafloor...
[12:09:45] [INFO ]   Seafloor depth: 3534–5127 m  (0 shallow traces masked)
[12:09:45] [INFO ]   Picking horizons...
[12:09:45] [INFO ]   Computing NCC coherence (slow)...
[12:09:45] [INFO ]   Saving CNN section image...
[12:09:46] [INFO ]   Saved: f1088stk08_section_cnn.png  (2700x1500px)
[12:09:46] [INFO ]   Step 1 complete
[12:09:46] [INFO ] 
[12:09:46] [INFO ] STEP 2 — Fault detection
[12:09:46] [INFO ]   Mode: single SA run (seed=12)
[12:09:47] [INFO ]   Detected 1 high-confidence faults
[12:09:47] [INFO ]     Fault  1 | trace ~  846 | prob=0.756
[12:09:47] [INFO ]   Step 2 complete
[12:09:47] [INFO ] 
[12:09:47] [INFO ] STEP 3 — Bounding boxes
[12:09:47] [INFO ]   Box  1 | [2331, 921, 369w, 122h px]
[12:09:47] [INFO ]   Generated 1 boxes
[12:09:47] [INFO ]   Step 3 complete
[12:09:47] [INFO ] 
[12:09:47] [INFO ] STEP 4 — Dataset building
[12:09:47] [INFO ]   Saving labeled review image...
[12:09:47] [INFO ]   Saved: f1088stk08_labeled.png
[12:09:47] [INFO ]   Split: train
[12:09:47] [INFO ]   Added 1 annotations to train.json
[12:09:47] [INFO ]   train.json: 6 images, 1 annotations
[12:09:47] [INFO ]   val.json:   2 images,  0 annotations
[12:09:47] [INFO ]   Step 4 complete
[12:09:47] [INFO ] 
[12:09:47] [INFO ]   DONE  f1088stk08  →  train  |  1 faults  |  1 boxes
[12:09:47] [INFO ] 
[12:09:47] [INFO ] ──────────────────────────────────────────────────
[12:09:47] [INFO ]   LINE: f1088stk09
[12:09:47] [INFO ] ──────────────────────────────────────────────────
[12:09:47] [INFO ] Dataset  : namss.F-10-88-HW.mcs.airgun
[12:09:47] [INFO ] SGY      : ../../airgun_data/namss.F-10-88-HW.mcs.airgun/Data/f1088stk09.sgy
[12:09:47] [INFO ] NAV      : ../../airgun_data/namss.F-10-88-HW.mcs.airgun/Navigation/f-10-88-hw_NAV-WGS84.csv
[12:09:47] [INFO ] SA mode  : single (seed=12)
[12:09:47] [INFO ] 
[12:09:47] [INFO ] STEP 1 — Feature extraction
[12:09:47] [INFO ]   Loading navigation...
[12:09:47] [INFO ]   Loading SEG-Y...
[12:09:48] [INFO ]   Traces: 13225  Samples: 2750  dt: 4.000 ms
[12:09:48] [INFO ]   Depth:  0.0 m → 8247.0 m
[12:09:48] [INFO ]   Matching traces to navigation...
[12:09:48] [INFO ]   NAV line matched via translation: 'f1088stk09' -> '9'
[12:09:49] [INFO ]   Matched 13225 / 13225 traces
[12:09:49] [INFO ]   Bandpass filtering...
[12:09:49] [INFO ]   Computing seismic attributes...
[12:09:51] [INFO ]   Picking seafloor...
[12:09:52] [INFO ]   Seafloor depth: 3246–5439 m  (0 shallow traces masked)
[12:09:52] [INFO ]   Picking horizons...
[12:09:52] [INFO ]   Computing NCC coherence (slow)...
[12:09:54] [INFO ]   Saving CNN section image...
[12:09:56] [INFO ]   Saved: f1088stk09_section_cnn.png  (2700x1500px)
[12:09:56] [INFO ]   Step 1 complete
[12:09:56] [INFO ] 
[12:09:56] [INFO ] STEP 2 — Fault detection
[12:09:56] [INFO ]   Mode: single SA run (seed=12)
[12:10:11] [INFO ]   Detected 0 high-confidence faults
[12:10:11] [INFO ]   Step 2 complete
[12:10:11] [INFO ] 
[12:10:11] [INFO ] STEP 3 — Bounding boxes
[12:10:11] [INFO ]   Generated 0 boxes
[12:10:11] [INFO ]   Step 3 complete
[12:10:11] [INFO ] 
[12:10:11] [INFO ] STEP 4 — Dataset building
[12:10:11] [INFO ]   Saving labeled review image...
[12:10:11] [INFO ]   Saved: f1088stk09_labeled.png
[12:10:11] [INFO ]   Split: train
[12:10:11] [INFO ]   Added 0 annotations to train.json
[12:10:11] [INFO ]   train.json: 7 images, 1 annotations
[12:10:11] [INFO ]   val.json:   2 images,  0 annotations
[12:10:11] [INFO ]   Step 4 complete
[12:10:11] [INFO ] 
[12:10:11] [INFO ]   DONE  f1088stk09  →  train  |  0 faults  |  0 boxes
[12:10:11] [INFO ] 
[12:10:11] [INFO ] ──────────────────────────────────────────────────
[12:10:11] [INFO ]   LINE: f1088stk10
[12:10:11] [INFO ] ──────────────────────────────────────────────────
[12:10:11] [INFO ] Dataset  : namss.F-10-88-HW.mcs.airgun
[12:10:11] [INFO ] SGY      : ../../airgun_data/namss.F-10-88-HW.mcs.airgun/Data/f1088stk10.sgy
[12:10:11] [INFO ] NAV      : ../../airgun_data/namss.F-10-88-HW.mcs.airgun/Navigation/f-10-88-hw_NAV-WGS84.csv
[12:10:11] [INFO ] SA mode  : single (seed=12)
[12:10:11] [INFO ] 
[12:10:11] [INFO ] STEP 1 — Feature extraction
[12:10:11] [INFO ]   Loading navigation...
[12:10:11] [INFO ]   Loading SEG-Y...
[12:10:11] [INFO ]   Traces: 392  Samples: 2750  dt: 4.000 ms
[12:10:11] [INFO ]   Depth:  0.0 m → 8247.0 m
[12:10:11] [INFO ]   Matching traces to navigation...
[12:10:11] [INFO ]   NAV line matched via translation: 'f1088stk10' -> '10'
[12:10:11] [INFO ]   Matched 392 / 392 traces
[12:10:11] [INFO ]   Bandpass filtering...
[12:10:11] [INFO ]   Computing seismic attributes...
[12:10:11] [INFO ]   Picking seafloor...
[12:10:11] [INFO ]   Seafloor depth: 4014–4698 m  (0 shallow traces masked)
[12:10:11] [INFO ]   Picking horizons...
[12:10:11] [INFO ]   Computing NCC coherence (slow)...
[12:10:11] [INFO ]   Saving CNN section image...
[12:10:12] [INFO ]   Saved: f1088stk10_section_cnn.png  (2700x1500px)
[12:10:12] [INFO ]   Step 1 complete
[12:10:12] [INFO ] 
[12:10:12] [INFO ] STEP 2 — Fault detection
[12:10:12] [INFO ]   Mode: single SA run (seed=12)
[12:10:12] [INFO ]   Detected 1 high-confidence faults
[12:10:12] [INFO ]     Fault  1 | trace ~   44 | prob=0.762
[12:10:12] [INFO ]   Step 2 complete
[12:10:12] [INFO ] 
[12:10:12] [INFO ] STEP 3 — Bounding boxes
[12:10:12] [INFO ]   Box  1 | [0, 747, 1148w, 133h px]
[12:10:12] [INFO ]   Generated 1 boxes
[12:10:12] [INFO ]   Step 3 complete
[12:10:12] [INFO ] 
[12:10:12] [INFO ] STEP 4 — Dataset building
[12:10:12] [INFO ]   Saving labeled review image...
[12:10:12] [INFO ]   Saved: f1088stk10_labeled.png
[12:10:12] [INFO ]   Split: train
[12:10:12] [INFO ]   Added 1 annotations to train.json
[12:10:12] [INFO ]   train.json: 8 images, 2 annotations
[12:10:12] [INFO ]   val.json:   2 images,  0 annotations
[12:10:12] [INFO ]   Step 4 complete
[12:10:12] [INFO ] 
[12:10:12] [INFO ]   DONE  f1088stk10  →  train  |  1 faults  |  1 boxes
[12:10:12] [INFO ] 
[12:10:12] [INFO ] ──────────────────────────────────────────────────
[12:10:12] [INFO ]   LINE: f1088stk11
[12:10:12] [INFO ] ──────────────────────────────────────────────────
[12:10:12] [INFO ] Dataset  : namss.F-10-88-HW.mcs.airgun
[12:10:12] [INFO ] SGY      : ../../airgun_data/namss.F-10-88-HW.mcs.airgun/Data/f1088stk11.sgy
[12:10:12] [INFO ] NAV      : ../../airgun_data/namss.F-10-88-HW.mcs.airgun/Navigation/f-10-88-hw_NAV-WGS84.csv
[12:10:12] [INFO ] SA mode  : single (seed=12)
[12:10:12] [INFO ] 
[12:10:12] [INFO ] STEP 1 — Feature extraction
[12:10:12] [INFO ]   Loading navigation...
[12:10:12] [INFO ]   Loading SEG-Y...
[12:10:13] [INFO ]   Traces: 13529  Samples: 2750  dt: 4.000 ms
[12:10:13] [INFO ]   Depth:  0.0 m → 8247.0 m
[12:10:13] [INFO ]   Matching traces to navigation...
[12:10:13] [INFO ]   NAV line matched via translation: 'f1088stk11' -> '11'
[12:10:14] [INFO ]   Matched 13529 / 13529 traces
[12:10:14] [INFO ]   Bandpass filtering...
[12:10:14] [INFO ]   Computing seismic attributes...
[12:10:16] [INFO ]   Picking seafloor...
[12:10:17] [INFO ]   Seafloor depth: 3417–5313 m  (0 shallow traces masked)
[12:10:17] [INFO ]   Picking horizons...
[12:10:17] [INFO ]   Computing NCC coherence (slow)...
[12:10:19] [INFO ]   Saving CNN section image...
[12:10:21] [INFO ]   Saved: f1088stk11_section_cnn.png  (2700x1500px)
[12:10:21] [INFO ]   Step 1 complete
[12:10:21] [INFO ] 
[12:10:21] [INFO ] STEP 2 — Fault detection
[12:10:21] [INFO ]   Mode: single SA run (seed=12)
[12:10:38] [INFO ]   Detected 0 high-confidence faults
[12:10:38] [INFO ]   Step 2 complete
[12:10:38] [INFO ] 
[12:10:38] [INFO ] STEP 3 — Bounding boxes
[12:10:38] [INFO ]   Generated 0 boxes
[12:10:38] [INFO ]   Step 3 complete
[12:10:38] [INFO ] 
[12:10:38] [INFO ] STEP 4 — Dataset building
[12:10:38] [INFO ]   Saving labeled review image...
[12:10:38] [INFO ]   Saved: f1088stk11_labeled.png
[12:10:38] [INFO ]   Split: val
[12:10:38] [INFO ]   Added 0 annotations to val.json
[12:10:38] [INFO ]   train.json: 8 images, 2 annotations
[12:10:38] [INFO ]   val.json:   3 images,  0 annotations
[12:10:38] [INFO ]   Step 4 complete
[12:10:38] [INFO ] 
[12:10:38] [INFO ]   DONE  f1088stk11  →  val  |  0 faults  |  0 boxes
[12:10:38] [INFO ] 
[12:10:38] [INFO ] ──────────────────────────────────────────────────
[12:10:38] [INFO ]   LINE: f1088stk12
[12:10:38] [INFO ] ──────────────────────────────────────────────────
[12:10:38] [INFO ] Dataset  : namss.F-10-88-HW.mcs.airgun
[12:10:38] [INFO ] SGY      : ../../airgun_data/namss.F-10-88-HW.mcs.airgun/Data/f1088stk12.sgy
[12:10:38] [INFO ] NAV      : ../../airgun_data/namss.F-10-88-HW.mcs.airgun/Navigation/f-10-88-hw_NAV-WGS84.csv
[12:10:38] [INFO ] SA mode  : single (seed=12)
[12:10:38] [INFO ] 
[12:10:38] [INFO ] STEP 1 — Feature extraction
[12:10:38] [INFO ]   Loading navigation...
[12:10:38] [INFO ]   Loading SEG-Y...
[12:10:39] [INFO ]   Traces: 13248  Samples: 2750  dt: 4.000 ms
[12:10:39] [INFO ]   Depth:  0.0 m → 8247.0 m
[12:10:39] [INFO ]   Matching traces to navigation...
[12:10:39] [INFO ]   NAV line matched via translation: 'f1088stk12' -> '12'
[12:10:40] [INFO ]   Matched 698 / 13248 traces
[12:10:40] [INFO ]   Bandpass filtering...
[12:10:40] [INFO ]   Computing seismic attributes...
[12:10:40] [INFO ]   Picking seafloor...
[12:10:40] [INFO ]   Seafloor depth: 4746–4866 m  (0 shallow traces masked)
[12:10:40] [INFO ]   Picking horizons...
[12:10:40] [INFO ]   Computing NCC coherence (slow)...
[12:10:40] [INFO ]   Saving CNN section image...
[12:10:40] [INFO ]   Saved: f1088stk12_section_cnn.png  (2700x1500px)
[12:10:40] [INFO ]   Step 1 complete
[12:10:40] [INFO ] 
[12:10:40] [INFO ] STEP 2 — Fault detection
[12:10:40] [INFO ]   Mode: single SA run (seed=12)
[12:10:41] [INFO ]   Detected 1 high-confidence faults
[12:10:41] [INFO ]     Fault  1 | trace ~  441 | prob=0.760
[12:10:41] [INFO ]   Step 2 complete
[12:10:41] [INFO ] 
[12:10:41] [INFO ] STEP 3 — Bounding boxes
[12:10:41] [INFO ]   Box  1 | [1244, 868, 881w, 128h px]
[12:10:41] [INFO ]   Generated 1 boxes
[12:10:41] [INFO ]   Step 3 complete
[12:10:41] [INFO ] 
[12:10:41] [INFO ] STEP 4 — Dataset building
[12:10:41] [INFO ]   Saving labeled review image...
[12:10:41] [INFO ]   Saved: f1088stk12_labeled.png
[12:10:41] [INFO ]   Split: train
[12:10:41] [INFO ]   Added 1 annotations to train.json
[12:10:41] [INFO ]   train.json: 9 images, 3 annotations
[12:10:41] [INFO ]   val.json:   3 images,  0 annotations
[12:10:41] [INFO ]   Step 4 complete
[12:10:41] [INFO ] 
[12:10:41] [INFO ]   DONE  f1088stk12  →  train  |  1 faults  |  1 boxes
[12:10:41] [INFO ] 
[12:10:41] [INFO ] ──────────────────────────────────────────────────
[12:10:41] [INFO ]   LINE: f1088stk13
[12:10:41] [INFO ] ──────────────────────────────────────────────────
[12:10:41] [INFO ] Dataset  : namss.F-10-88-HW.mcs.airgun
[12:10:41] [INFO ] SGY      : ../../airgun_data/namss.F-10-88-HW.mcs.airgun/Data/f1088stk13.sgy
[12:10:41] [INFO ] NAV      : ../../airgun_data/namss.F-10-88-HW.mcs.airgun/Navigation/f-10-88-hw_NAV-WGS84.csv
[12:10:41] [INFO ] SA mode  : single (seed=12)
[12:10:41] [INFO ] 
[12:10:41] [INFO ] STEP 1 — Feature extraction
[12:10:41] [INFO ]   Loading navigation...
[12:10:42] [INFO ]   Loading SEG-Y...
[12:10:42] [INFO ]   Traces: 13529  Samples: 2750  dt: 4.000 ms
[12:10:42] [INFO ]   Depth:  0.0 m → 8247.0 m
[12:10:42] [INFO ]   Matching traces to navigation...
[12:10:42] [INFO ]   NAV line matched via translation: 'f1088stk13' -> '13'
[12:10:43] [INFO ]   Matched 13248 / 13529 traces
[12:10:43] [INFO ]   Bandpass filtering...
[12:10:44] [INFO ]   Computing seismic attributes...
[12:10:45] [INFO ]   Picking seafloor...
[12:10:46] [INFO ]   Seafloor depth: 3924–4920 m  (0 shallow traces masked)
[12:10:46] [INFO ]   Picking horizons...
[12:10:47] [INFO ]   Computing NCC coherence (slow)...
[12:10:48] [INFO ]   Saving CNN section image...
[12:10:51] [INFO ]   Saved: f1088stk13_section_cnn.png  (2700x1500px)
[12:10:51] [INFO ]   Step 1 complete
[12:10:51] [INFO ] 
[12:10:51] [INFO ] STEP 2 — Fault detection
[12:10:51] [INFO ]   Mode: single SA run (seed=12)
[12:11:07] [INFO ]   Detected 2 high-confidence faults
[12:11:07] [INFO ]     Fault  1 | trace ~ 2254 | prob=0.757
[12:11:07] [INFO ]     Fault  2 | trace ~ 8435 | prob=0.752
[12:11:07] [INFO ]   Step 2 complete
[12:11:07] [INFO ] 
[12:11:07] [INFO ] STEP 3 — Bounding boxes
[12:11:07] [INFO ]   Box  1 | [415, 872, 90w, 128h px]
[12:11:07] [INFO ]   Box  2 | [1675, 849, 89w, 128h px]
[12:11:07] [INFO ]   Generated 2 boxes
[12:11:07] [INFO ]   Step 3 complete
[12:11:07] [INFO ] 
[12:11:07] [INFO ] STEP 4 — Dataset building
[12:11:07] [INFO ]   Saving labeled review image...
[12:11:08] [INFO ]   Saved: f1088stk13_labeled.png
[12:11:08] [INFO ]   Split: train
[12:11:08] [INFO ]   Added 2 annotations to train.json
[12:11:08] [INFO ]   train.json: 10 images, 5 annotations
[12:11:08] [INFO ]   val.json:   3 images,  0 annotations
[12:11:08] [INFO ]   Step 4 complete
[12:11:08] [INFO ] 
[12:11:08] [INFO ]   DONE  f1088stk13  →  train  |  2 faults  |  2 boxes
[12:11:08] [INFO ] 
[12:11:08] [INFO ] ──────────────────────────────────────────────────
[12:11:08] [INFO ]   LINE: f1088stk14
[12:11:08] [INFO ] ──────────────────────────────────────────────────
[12:11:08] [INFO ] Dataset  : namss.F-10-88-HW.mcs.airgun
[12:11:08] [INFO ] SGY      : ../../airgun_data/namss.F-10-88-HW.mcs.airgun/Data/f1088stk14.sgy
[12:11:08] [INFO ] NAV      : ../../airgun_data/namss.F-10-88-HW.mcs.airgun/Navigation/f-10-88-hw_NAV-WGS84.csv
[12:11:08] [INFO ] SA mode  : single (seed=12)
[12:11:08] [INFO ] 
[12:11:08] [INFO ] STEP 1 — Feature extraction
[12:11:08] [INFO ]   Loading navigation...
[12:11:08] [INFO ]   Loading SEG-Y...
[12:11:08] [INFO ]   Traces: 634  Samples: 2750  dt: 4.000 ms
[12:11:08] [INFO ]   Depth:  0.0 m → 8247.0 m
[12:11:08] [INFO ]   Matching traces to navigation...
[12:11:08] [INFO ]   NAV line matched via translation: 'f1088stk14' -> '14'
[12:11:08] [INFO ]   Matched 634 / 634 traces
[12:11:08] [INFO ]   Bandpass filtering...
[12:11:08] [INFO ]   Computing seismic attributes...
[12:11:08] [INFO ]   Picking seafloor...
[12:11:08] [INFO ]   Seafloor depth: 4686–4716 m  (0 shallow traces masked)
[12:11:08] [INFO ]   Picking horizons...
[12:11:08] [INFO ]   Computing NCC coherence (slow)...
[12:11:08] [INFO ]   Saving CNN section image...
[12:11:08] [INFO ]   Saved: f1088stk14_section_cnn.png  (2700x1500px)
[12:11:08] [INFO ]   Step 1 complete
[12:11:08] [INFO ] 
[12:11:08] [INFO ] STEP 2 — Fault detection
[12:11:08] [INFO ]   Mode: single SA run (seed=12)
[12:11:09] [INFO ]   Detected 0 high-confidence faults
[12:11:09] [INFO ]   Step 2 complete
[12:11:09] [INFO ] 
[12:11:09] [INFO ] STEP 3 — Bounding boxes
[12:11:09] [INFO ]   Generated 0 boxes
[12:11:09] [INFO ]   Step 3 complete
[12:11:09] [INFO ] 
[12:11:09] [INFO ] STEP 4 — Dataset building
[12:11:09] [INFO ]   Saving labeled review image...
[12:11:09] [INFO ]   Saved: f1088stk14_labeled.png
[12:11:09] [INFO ]   Split: train
[12:11:09] [INFO ]   Added 0 annotations to train.json
[12:11:09] [INFO ]   train.json: 11 images, 5 annotations
[12:11:09] [INFO ]   val.json:   3 images,  0 annotations
[12:11:09] [INFO ]   Step 4 complete
[12:11:09] [INFO ] 
[12:11:09] [INFO ]   DONE  f1088stk14  →  train  |  0 faults  |  0 boxes
[12:11:09] [INFO ] 
[12:11:09] [INFO ] ──────────────────────────────────────────────────
[12:11:09] [INFO ]   LINE: f1088stk15
[12:11:09] [INFO ] ──────────────────────────────────────────────────
[12:11:09] [INFO ] Dataset  : namss.F-10-88-HW.mcs.airgun
[12:11:09] [INFO ] SGY      : ../../airgun_data/namss.F-10-88-HW.mcs.airgun/Data/f1088stk15.sgy
[12:11:09] [INFO ] NAV      : ../../airgun_data/namss.F-10-88-HW.mcs.airgun/Navigation/f-10-88-hw_NAV-WGS84.csv
[12:11:09] [INFO ] SA mode  : single (seed=12)
[12:11:09] [INFO ] 
[12:11:09] [INFO ] STEP 1 — Feature extraction
[12:11:09] [INFO ]   Loading navigation...
[12:11:09] [INFO ]   Loading SEG-Y...
[12:11:09] [INFO ]   Traces: 10746  Samples: 2750  dt: 4.000 ms
[12:11:09] [INFO ]   Depth:  0.0 m → 8247.0 m
[12:11:09] [INFO ]   Matching traces to navigation...
[12:11:09] [INFO ]   NAV line matched via translation: 'f1088stk15' -> '15'
[12:11:10] [INFO ]   Matched 10746 / 10746 traces
[12:11:10] [INFO ]   Bandpass filtering...
[12:11:11] [INFO ]   Computing seismic attributes...
[12:11:12] [INFO ]   Picking seafloor...
[12:11:13] [INFO ]   Seafloor depth: 3684–4863 m  (0 shallow traces masked)
[12:11:13] [INFO ]   Picking horizons...
[12:11:14] [INFO ]   Computing NCC coherence (slow)...
[12:11:14] [INFO ]   Saving CNN section image...
[12:11:16] [INFO ]   Saved: f1088stk15_section_cnn.png  (2700x1500px)
[12:11:16] [INFO ]   Step 1 complete
[12:11:16] [INFO ] 
[12:11:16] [INFO ] STEP 2 — Fault detection
[12:11:16] [INFO ]   Mode: single SA run (seed=12)
[12:11:30] [INFO ]   Detected 0 high-confidence faults
[12:11:30] [INFO ]   Step 2 complete
[12:11:30] [INFO ] 
[12:11:30] [INFO ] STEP 3 — Bounding boxes
[12:11:30] [INFO ]   Generated 0 boxes
[12:11:30] [INFO ]   Step 3 complete
[12:11:30] [INFO ] 
[12:11:30] [INFO ] STEP 4 — Dataset building
[12:11:30] [INFO ]   Saving labeled review image...
[12:11:30] [INFO ]   Saved: f1088stk15_labeled.png
[12:11:30] [INFO ]   Split: train
[12:11:30] [INFO ]   Added 0 annotations to train.json
[12:11:30] [INFO ]   train.json: 12 images, 5 annotations
[12:11:30] [INFO ]   val.json:   3 images,  0 annotations
[12:11:30] [INFO ]   Step 4 complete
[12:11:30] [INFO ] 
[12:11:30] [INFO ]   DONE  f1088stk15  →  train  |  0 faults  |  0 boxes
[12:11:30] [INFO ] 
[12:11:30] [INFO ] ──────────────────────────────────────────────────
[12:11:30] [INFO ]   LINE: f1088stk16
[12:11:30] [INFO ] ──────────────────────────────────────────────────
[12:11:30] [INFO ] Dataset  : namss.F-10-88-HW.mcs.airgun
[12:11:30] [INFO ] SGY      : ../../airgun_data/namss.F-10-88-HW.mcs.airgun/Data/f1088stk16.sgy
[12:11:30] [INFO ] NAV      : ../../airgun_data/namss.F-10-88-HW.mcs.airgun/Navigation/f-10-88-hw_NAV-WGS84.csv
[12:11:30] [INFO ] SA mode  : single (seed=12)
[12:11:30] [INFO ] 
[12:11:30] [INFO ] STEP 1 — Feature extraction
[12:11:30] [INFO ]   Loading navigation...
[12:11:30] [INFO ]   Loading SEG-Y...
[12:11:30] [INFO ]   Traces: 393  Samples: 2750  dt: 4.000 ms
[12:11:30] [INFO ]   Depth:  0.0 m → 8247.0 m
[12:11:30] [INFO ]   Matching traces to navigation...
[12:11:30] [INFO ]   NAV line matched via translation: 'f1088stk16' -> '16'
[12:11:30] [INFO ]   Matched 393 / 393 traces
[12:11:30] [INFO ]   Bandpass filtering...
[12:11:30] [INFO ]   Computing seismic attributes...
[12:11:30] [INFO ]   Picking seafloor...
[12:11:30] [INFO ]   Seafloor depth: 4401–4623 m  (0 shallow traces masked)
[12:11:30] [INFO ]   Picking horizons...
[12:11:30] [INFO ]   Computing NCC coherence (slow)...
[12:11:30] [INFO ]   Saving CNN section image...
[12:11:31] [INFO ]   Saved: f1088stk16_section_cnn.png  (2700x1500px)
[12:11:31] [INFO ]   Step 1 complete
[12:11:31] [INFO ] 
[12:11:31] [INFO ] STEP 2 — Fault detection
[12:11:31] [INFO ]   Mode: single SA run (seed=12)
[12:11:31] [INFO ]   Detected 0 high-confidence faults
[12:11:31] [INFO ]   Step 2 complete
[12:11:31] [INFO ] 
[12:11:31] [INFO ] STEP 3 — Bounding boxes
[12:11:31] [INFO ]   Generated 0 boxes
[12:11:31] [INFO ]   Step 3 complete
[12:11:31] [INFO ] 
[12:11:31] [INFO ] STEP 4 — Dataset building
[12:11:31] [INFO ]   Saving labeled review image...
[12:11:31] [INFO ]   Saved: f1088stk16_labeled.png
[12:11:31] [INFO ]   Split: val
[12:11:31] [INFO ]   Added 0 annotations to val.json
[12:11:31] [INFO ]   train.json: 12 images, 5 annotations
[12:11:31] [INFO ]   val.json:   4 images,  0 annotations
[12:11:31] [INFO ]   Step 4 complete
[12:11:31] [INFO ] 
[12:11:31] [INFO ]   DONE  f1088stk16  →  val  |  0 faults  |  0 boxes
[12:11:31] [INFO ] 
[12:11:31] [INFO ] ──────────────────────────────────────────────────
[12:11:31] [INFO ]   LINE: f1088stk17
[12:11:31] [INFO ] ──────────────────────────────────────────────────
[12:11:31] [INFO ] Dataset  : namss.F-10-88-HW.mcs.airgun
[12:11:31] [INFO ] SGY      : ../../airgun_data/namss.F-10-88-HW.mcs.airgun/Data/f1088stk17.sgy
[12:11:31] [INFO ] NAV      : ../../airgun_data/namss.F-10-88-HW.mcs.airgun/Navigation/f-10-88-hw_NAV-WGS84.csv
[12:11:31] [INFO ] SA mode  : single (seed=12)
[12:11:31] [INFO ] 
[12:11:31] [INFO ] STEP 1 — Feature extraction
[12:11:31] [INFO ]   Loading navigation...
[12:11:31] [INFO ]   Loading SEG-Y...
[12:11:32] [INFO ]   Traces: 10681  Samples: 2750  dt: 4.000 ms
[12:11:32] [INFO ]   Depth:  0.0 m → 8247.0 m
[12:11:32] [INFO ]   Matching traces to navigation...
[12:11:32] [INFO ]   NAV line matched via translation: 'f1088stk17' -> '17'
[12:11:33] [INFO ]   Matched 10681 / 10681 traces
[12:11:33] [INFO ]   Bandpass filtering...
[12:11:33] [INFO ]   Computing seismic attributes...
[12:11:34] [INFO ]   Picking seafloor...
[12:11:35] [INFO ]   Seafloor depth: 3531–4809 m  (0 shallow traces masked)
[12:11:35] [INFO ]   Picking horizons...
[12:11:36] [INFO ]   Computing NCC coherence (slow)...
[12:11:37] [INFO ]   Saving CNN section image...
[12:11:38] [INFO ]   Saved: f1088stk17_section_cnn.png  (2700x1500px)
[12:11:38] [INFO ]   Step 1 complete
[12:11:38] [INFO ] 
[12:11:38] [INFO ] STEP 2 — Fault detection
[12:11:38] [INFO ]   Mode: single SA run (seed=12)
[12:11:50] [INFO ]   Detected 4 high-confidence faults
[12:11:50] [INFO ]     Fault  1 | trace ~  559 | prob=0.755
[12:11:50] [INFO ]     Fault  2 | trace ~ 2164 | prob=0.751
[12:11:50] [INFO ]     Fault  3 | trace ~ 2371 | prob=0.751
[12:11:50] [INFO ]     Fault  4 | trace ~ 8865 | prob=0.758
[12:11:50] [INFO ]   Step 2 complete
[12:11:50] [INFO ] 
[12:11:50] [INFO ] STEP 3 — Bounding boxes
[12:11:50] [INFO ]   Box  1 | [95, 834, 95w, 130h px]
[12:11:50] [INFO ]   Box  2 | [502, 847, 91w, 130h px]
[12:11:50] [INFO ]   Box  3 | [552, 836, 92w, 130h px]
[12:11:50] [INFO ]   Box  4 | [2194, 832, 94w, 122h px]
[12:11:50] [INFO ]   Generated 4 boxes
[12:11:50] [INFO ]   Step 3 complete
[12:11:50] [INFO ] 
[12:11:50] [INFO ] STEP 4 — Dataset building
[12:11:50] [INFO ]   Saving labeled review image...
[12:11:50] [INFO ]   Saved: f1088stk17_labeled.png
[12:11:50] [INFO ]   Split: train
[12:11:50] [INFO ]   Added 4 annotations to train.json
[12:11:50] [INFO ]   train.json: 13 images, 9 annotations
[12:11:50] [INFO ]   val.json:   4 images,  0 annotations
[12:11:50] [INFO ]   Step 4 complete
[12:11:50] [INFO ] 
[12:11:50] [INFO ]   DONE  f1088stk17  →  train  |  4 faults  |  4 boxes
[12:11:50] [INFO ] 
[12:11:50] [INFO ] ──────────────────────────────────────────────────
[12:11:50] [INFO ]   LINE: f1088stk18
[12:11:50] [INFO ] ──────────────────────────────────────────────────
[12:11:50] [INFO ] Dataset  : namss.F-10-88-HW.mcs.airgun
[12:11:50] [INFO ] SGY      : ../../airgun_data/namss.F-10-88-HW.mcs.airgun/Data/f1088stk18.sgy
[12:11:50] [INFO ] NAV      : ../../airgun_data/namss.F-10-88-HW.mcs.airgun/Navigation/f-10-88-hw_NAV-WGS84.csv
[12:11:50] [INFO ] SA mode  : single (seed=12)
[12:11:50] [INFO ] 
[12:11:50] [INFO ] STEP 1 — Feature extraction
[12:11:50] [INFO ]   Loading navigation...
[12:11:50] [INFO ]   Loading SEG-Y...
[12:11:50] [INFO ]   Traces: 639  Samples: 2750  dt: 4.000 ms
[12:11:50] [INFO ]   Depth:  0.0 m → 8247.0 m
[12:11:50] [INFO ]   Matching traces to navigation...
[12:11:50] [INFO ]   NAV line matched via translation: 'f1088stk18' -> '18'
[12:11:50] [INFO ]   Matched 639 / 639 traces
[12:11:50] [INFO ]   Bandpass filtering...
[12:11:50] [INFO ]   Computing seismic attributes...
[12:11:50] [INFO ]   Picking seafloor...
[12:11:50] [INFO ]   Seafloor depth: 4689–4737 m  (0 shallow traces masked)
[12:11:50] [INFO ]   Picking horizons...
[12:11:50] [INFO ]   Computing NCC coherence (slow)...
[12:11:50] [INFO ]   Saving CNN section image...
[12:11:50] [INFO ]   Saved: f1088stk18_section_cnn.png  (2700x1500px)
[12:11:50] [INFO ]   Step 1 complete
[12:11:50] [INFO ] 
[12:11:50] [INFO ] STEP 2 — Fault detection
[12:11:50] [INFO ]   Mode: single SA run (seed=12)
[12:11:51] [INFO ]   Detected 0 high-confidence faults
[12:11:51] [INFO ]   Step 2 complete
[12:11:51] [INFO ] 
[12:11:51] [INFO ] STEP 3 — Bounding boxes
[12:11:51] [INFO ]   Generated 0 boxes
[12:11:51] [INFO ]   Step 3 complete
[12:11:51] [INFO ] 
[12:11:51] [INFO ] STEP 4 — Dataset building
[12:11:51] [INFO ]   Saving labeled review image...
[12:11:51] [INFO ]   Saved: f1088stk18_labeled.png
[12:11:51] [INFO ]   Split: train
[12:11:51] [INFO ]   Added 0 annotations to train.json
[12:11:51] [INFO ]   train.json: 14 images, 9 annotations
[12:11:51] [INFO ]   val.json:   4 images,  0 annotations
[12:11:51] [INFO ]   Step 4 complete
[12:11:51] [INFO ] 
[12:11:51] [INFO ]   DONE  f1088stk18  →  train  |  0 faults  |  0 boxes
[12:11:51] [INFO ] 
[12:11:51] [INFO ] ──────────────────────────────────────────────────
[12:11:51] [INFO ]   LINE: f1088stk19
[12:11:51] [INFO ] ──────────────────────────────────────────────────
[12:11:51] [INFO ] Dataset  : namss.F-10-88-HW.mcs.airgun
[12:11:51] [INFO ] SGY      : ../../airgun_data/namss.F-10-88-HW.mcs.airgun/Data/f1088stk19.sgy
[12:11:51] [INFO ] NAV      : ../../airgun_data/namss.F-10-88-HW.mcs.airgun/Navigation/f-10-88-hw_NAV-WGS84.csv
[12:11:51] [INFO ] SA mode  : single (seed=12)
[12:11:51] [INFO ] 
[12:11:51] [INFO ] STEP 1 — Feature extraction
[12:11:51] [INFO ]   Loading navigation...
[12:11:51] [INFO ]   Loading SEG-Y...
[12:11:52] [INFO ]   Traces: 13891  Samples: 2750  dt: 4.000 ms
[12:11:52] [INFO ]   Depth:  0.0 m → 8247.0 m
[12:11:52] [INFO ]   Matching traces to navigation...
[12:11:52] [INFO ]   NAV line matched via translation: 'f1088stk19' -> '19'
[12:11:53] [INFO ]   Matched 13891 / 13891 traces
[12:11:53] [INFO ]   Bandpass filtering...
[12:11:54] [INFO ]   Computing seismic attributes...
[12:11:55] [INFO ]   Picking seafloor...
[12:11:56] [INFO ]   Seafloor depth: 3540–4779 m  (0 shallow traces masked)
[12:11:56] [INFO ]   Picking horizons...
[12:11:57] [INFO ]   Computing NCC coherence (slow)...
[12:11:58] [INFO ]   Saving CNN section image...
[12:12:01] [INFO ]   Saved: f1088stk19_section_cnn.png  (2700x1500px)
[12:12:01] [INFO ]   Step 1 complete
[12:12:01] [INFO ] 
[12:12:01] [INFO ] STEP 2 — Fault detection
[12:12:01] [INFO ]   Mode: single SA run (seed=12)
[12:12:16] [INFO ]   Detected 2 high-confidence faults
[12:12:16] [INFO ]     Fault  1 | trace ~ 5531 | prob=0.758
[12:12:16] [INFO ]     Fault  2 | trace ~ 6917 | prob=0.780
[12:12:16] [INFO ]   Step 2 complete
[12:12:16] [INFO ] 
[12:12:16] [INFO ] STEP 3 — Bounding boxes
[12:12:16] [INFO ]   Box  1 | [1031, 831, 89w, 128h px]
[12:12:16] [INFO ]   Box  2 | [1301, 766, 87w, 133h px]
[12:12:16] [INFO ]   Generated 2 boxes
[12:12:16] [INFO ]   Step 3 complete
[12:12:16] [INFO ] 
[12:12:16] [INFO ] STEP 4 — Dataset building
[12:12:16] [INFO ]   Saving labeled review image...
[12:12:16] [INFO ]   Saved: f1088stk19_labeled.png
[12:12:16] [INFO ]   Split: train
[12:12:16] [INFO ]   Added 2 annotations to train.json
[12:12:16] [INFO ]   train.json: 15 images, 11 annotations
[12:12:16] [INFO ]   val.json:   4 images,  0 annotations
[12:12:16] [INFO ]   Step 4 complete
[12:12:16] [INFO ] 
[12:12:16] [INFO ]   DONE  f1088stk19  →  train  |  2 faults  |  2 boxes
[12:12:17] [INFO ] 
[12:12:17] [INFO ] ──────────────────────────────────────────────────
[12:12:17] [INFO ]   LINE: f1088stk20
[12:12:17] [INFO ] ──────────────────────────────────────────────────
[12:12:17] [INFO ] Dataset  : namss.F-10-88-HW.mcs.airgun
[12:12:17] [INFO ] SGY      : ../../airgun_data/namss.F-10-88-HW.mcs.airgun/Data/f1088stk20.sgy
[12:12:17] [INFO ] NAV      : ../../airgun_data/namss.F-10-88-HW.mcs.airgun/Navigation/f-10-88-hw_NAV-WGS84.csv
[12:12:17] [INFO ] SA mode  : single (seed=12)
[12:12:17] [INFO ] 
[12:12:17] [INFO ] STEP 1 — Feature extraction
[12:12:17] [INFO ]   Loading navigation...
[12:12:17] [INFO ]   Loading SEG-Y...
[12:12:17] [INFO ]   Traces: 586  Samples: 2750  dt: 4.000 ms
[12:12:17] [INFO ]   Depth:  0.0 m → 8247.0 m
[12:12:17] [INFO ]   Matching traces to navigation...
[12:12:17] [INFO ]   NAV line matched via translation: 'f1088stk20' -> '20'
[12:12:17] [INFO ]   Matched 586 / 586 traces
[12:12:17] [INFO ]   Bandpass filtering...
[12:12:17] [INFO ]   Computing seismic attributes...
[12:12:17] [INFO ]   Picking seafloor...
[12:12:17] [INFO ]   Seafloor depth: 4629–4650 m  (0 shallow traces masked)
[12:12:17] [INFO ]   Picking horizons...
[12:12:17] [INFO ]   Computing NCC coherence (slow)...
[12:12:17] [INFO ]   Saving CNN section image...
[12:12:17] [INFO ]   Saved: f1088stk20_section_cnn.png  (2700x1500px)
[12:12:17] [INFO ]   Step 1 complete
[12:12:17] [INFO ] 
[12:12:17] [INFO ] STEP 2 — Fault detection
[12:12:17] [INFO ]   Mode: single SA run (seed=12)
[12:12:18] [INFO ]   Detected 0 high-confidence faults
[12:12:18] [INFO ]   Step 2 complete
[12:12:18] [INFO ] 
[12:12:18] [INFO ] STEP 3 — Bounding boxes
[12:12:18] [INFO ]   Generated 0 boxes
[12:12:18] [INFO ]   Step 3 complete
[12:12:18] [INFO ] 
[12:12:18] [INFO ] STEP 4 — Dataset building
[12:12:18] [INFO ]   Saving labeled review image...
[12:12:18] [INFO ]   Saved: f1088stk20_labeled.png
[12:12:18] [INFO ]   Split: train
[12:12:18] [INFO ]   Added 0 annotations to train.json
[12:12:18] [INFO ]   train.json: 16 images, 11 annotations
[12:12:18] [INFO ]   val.json:   4 images,  0 annotations
[12:12:18] [INFO ]   Step 4 complete
[12:12:18] [INFO ] 
[12:12:18] [INFO ]   DONE  f1088stk20  →  train  |  0 faults  |  0 boxes
[12:12:18] [INFO ] 
[12:12:18] [INFO ] ──────────────────────────────────────────────────
[12:12:18] [INFO ]   LINE: f1088stk21
[12:12:18] [INFO ] ──────────────────────────────────────────────────
[12:12:18] [INFO ] Dataset  : namss.F-10-88-HW.mcs.airgun
[12:12:18] [INFO ] SGY      : ../../airgun_data/namss.F-10-88-HW.mcs.airgun/Data/f1088stk21.sgy
[12:12:18] [INFO ] NAV      : ../../airgun_data/namss.F-10-88-HW.mcs.airgun/Navigation/f-10-88-hw_NAV-WGS84.csv
[12:12:18] [INFO ] SA mode  : single (seed=12)
[12:12:18] [INFO ] 
[12:12:18] [INFO ] STEP 1 — Feature extraction
[12:12:18] [INFO ]   Loading navigation...
[12:12:18] [INFO ]   Loading SEG-Y...
[12:12:19] [INFO ]   Traces: 12916  Samples: 2750  dt: 4.000 ms
[12:12:19] [INFO ]   Depth:  0.0 m → 8247.0 m
[12:12:19] [INFO ]   Matching traces to navigation...
[12:12:19] [INFO ]   NAV line matched via translation: 'f1088stk21' -> '21'
[12:12:20] [INFO ]   Matched 12916 / 12916 traces
[12:12:20] [INFO ]   Bandpass filtering...
[12:12:21] [INFO ]   Computing seismic attributes...
[12:12:22] [INFO ]   Picking seafloor...
[12:12:23] [INFO ]   Seafloor depth: 3462–4743 m  (0 shallow traces masked)
[12:12:23] [INFO ]   Picking horizons...
[12:12:24] [INFO ]   Computing NCC coherence (slow)...
[12:12:25] [INFO ]   Saving CNN section image...
[12:12:27] [INFO ]   Saved: f1088stk21_section_cnn.png  (2700x1500px)
[12:12:27] [INFO ]   Step 1 complete
[12:12:27] [INFO ] 
[12:12:27] [INFO ] STEP 2 — Fault detection
[12:12:27] [INFO ]   Mode: single SA run (seed=12)
[12:12:42] [INFO ]   Detected 3 high-confidence faults
[12:12:42] [INFO ]     Fault  1 | trace ~ 4922 | prob=0.779
[12:12:42] [INFO ]     Fault  2 | trace ~ 9375 | prob=0.753
[12:12:42] [INFO ]     Fault  3 | trace ~12144 | prob=0.750
[12:12:42] [INFO ]   Step 2 complete
[12:12:42] [INFO ] 
[12:12:42] [INFO ] STEP 3 — Bounding boxes
[12:12:42] [INFO ]   Box  1 | [978, 828, 94w, 122h px]
[12:12:42] [INFO ]   Box  2 | [1916, 799, 88w, 130h px]
[12:12:42] [INFO ]   Box  3 | [2495, 815, 89w, 130h px]
[12:12:42] [INFO ]   Generated 3 boxes
[12:12:42] [INFO ]   Step 3 complete
[12:12:42] [INFO ] 
[12:12:42] [INFO ] STEP 4 — Dataset building
[12:12:42] [INFO ]   Saving labeled review image...
[12:12:42] [INFO ]   Saved: f1088stk21_labeled.png
[12:12:42] [INFO ]   Split: val
[12:12:42] [INFO ]   Added 3 annotations to val.json
[12:12:42] [INFO ]   train.json: 16 images, 11 annotations
[12:12:42] [INFO ]   val.json:   5 images,  3 annotations
[12:12:42] [INFO ]   Step 4 complete
[12:12:42] [INFO ] 
[12:12:42] [INFO ]   DONE  f1088stk21  →  val  |  3 faults  |  3 boxes
[12:12:42] [INFO ] 
[12:12:42] [INFO ] ──────────────────────────────────────────────────
[12:12:42] [INFO ]   LINE: f1088stk22
[12:12:42] [INFO ] ──────────────────────────────────────────────────
[12:12:42] [INFO ] Dataset  : namss.F-10-88-HW.mcs.airgun
[12:12:42] [INFO ] SGY      : ../../airgun_data/namss.F-10-88-HW.mcs.airgun/Data/f1088stk22.sgy
[12:12:42] [INFO ] NAV      : ../../airgun_data/namss.F-10-88-HW.mcs.airgun/Navigation/f-10-88-hw_NAV-WGS84.csv
[12:12:42] [INFO ] SA mode  : single (seed=12)
[12:12:42] [INFO ] 
[12:12:42] [INFO ] STEP 1 — Feature extraction
[12:12:42] [INFO ]   Loading navigation...
[12:12:42] [INFO ]   Loading SEG-Y...
[12:12:42] [INFO ]   Traces: 3345  Samples: 2750  dt: 4.000 ms
[12:12:42] [INFO ]   Depth:  0.0 m → 8247.0 m
[12:12:42] [INFO ]   Matching traces to navigation...
[12:12:42] [INFO ]   NAV line matched via translation: 'f1088stk22' -> '22'
[12:12:42] [INFO ]   Matched 3345 / 3345 traces
[12:12:42] [INFO ]   Bandpass filtering...
[12:12:42] [INFO ]   Computing seismic attributes...
[12:12:43] [INFO ]   Picking seafloor...
[12:12:43] [INFO ]   Seafloor depth: 4440–4749 m  (0 shallow traces masked)
[12:12:43] [INFO ]   Picking horizons...
[12:12:43] [INFO ]   Computing NCC coherence (slow)...
[12:12:43] [INFO ]   Saving CNN section image...
[12:12:44] [INFO ]   Saved: f1088stk22_section_cnn.png  (2700x1500px)
[12:12:44] [INFO ]   Step 1 complete
[12:12:44] [INFO ] 
[12:12:44] [INFO ] STEP 2 — Fault detection
[12:12:44] [INFO ]   Mode: single SA run (seed=12)
[12:12:48] [INFO ]   Detected 1 high-confidence faults
[12:12:48] [INFO ]     Fault  1 | trace ~   93 | prob=0.775
[12:12:48] [INFO ]   Step 2 complete
[12:12:48] [INFO ] 
[12:12:48] [INFO ] STEP 3 — Bounding boxes
[12:12:48] [INFO ]   Box  1 | [21, 808, 105w, 128h px]
[12:12:48] [INFO ]   Generated 1 boxes
[12:12:48] [INFO ]   Step 3 complete
[12:12:48] [INFO ] 
[12:12:48] [INFO ] STEP 4 — Dataset building
[12:12:48] [INFO ]   Saving labeled review image...
[12:12:48] [INFO ]   Saved: f1088stk22_labeled.png
[12:12:48] [INFO ]   Split: train
[12:12:48] [INFO ]   Added 1 annotations to train.json
[12:12:48] [INFO ]   train.json: 17 images, 12 annotations
[12:12:48] [INFO ]   val.json:   5 images,  3 annotations
[12:12:48] [INFO ]   Step 4 complete
[12:12:48] [INFO ] 
[12:12:48] [INFO ]   DONE  f1088stk22  →  train  |  1 faults  |  1 boxes
[12:12:48] [INFO ] 
[12:12:48] [INFO ] ──────────────────────────────────────────────────
[12:12:48] [INFO ]   LINE: f1088stk23
[12:12:48] [INFO ] ──────────────────────────────────────────────────
[12:12:48] [INFO ] Dataset  : namss.F-10-88-HW.mcs.airgun
[12:12:48] [INFO ] SGY      : ../../airgun_data/namss.F-10-88-HW.mcs.airgun/Data/f1088stk23.sgy
[12:12:48] [INFO ] NAV      : ../../airgun_data/namss.F-10-88-HW.mcs.airgun/Navigation/f-10-88-hw_NAV-WGS84.csv
[12:12:48] [INFO ] SA mode  : single (seed=12)
[12:12:48] [INFO ] 
[12:12:48] [INFO ] STEP 1 — Feature extraction
[12:12:48] [INFO ]   Loading navigation...
[12:12:48] [INFO ]   Loading SEG-Y...
[12:12:48] [INFO ]   Traces: 403  Samples: 2500  dt: 4.000 ms
[12:12:48] [INFO ]   Depth:  0.0 m → 7497.0 m
[12:12:48] [INFO ]   Matching traces to navigation...
[12:12:48] [INFO ]   NAV line matched via translation: 'f1088stk23' -> '23'
[12:12:48] [INFO ]   Matched 403 / 403 traces
[12:12:48] [INFO ]   Bandpass filtering...
[12:12:48] [INFO ]   Computing seismic attributes...
[12:12:48] [INFO ]   Picking seafloor...
[12:12:48] [INFO ]   Seafloor depth: 1953–3336 m  (0 shallow traces masked)
[12:12:48] [INFO ]   Picking horizons...
[12:12:48] [INFO ]   Computing NCC coherence (slow)...
[12:12:48] [INFO ]   Saving CNN section image...
[12:12:48] [INFO ]   Saved: f1088stk23_section_cnn.png  (2700x1500px)
[12:12:48] [INFO ]   Step 1 complete
[12:12:48] [INFO ] 
[12:12:48] [INFO ] STEP 2 — Fault detection
[12:12:48] [INFO ]   Mode: single SA run (seed=12)
[12:12:49] [INFO ]   Detected 0 high-confidence faults
[12:12:49] [INFO ]   Step 2 complete
[12:12:49] [INFO ] 
[12:12:49] [INFO ] STEP 3 — Bounding boxes
[12:12:49] [INFO ]   Generated 0 boxes
[12:12:49] [INFO ]   Step 3 complete
[12:12:49] [INFO ] 
[12:12:49] [INFO ] STEP 4 — Dataset building
[12:12:49] [INFO ]   Saving labeled review image...
[12:12:49] [INFO ]   Saved: f1088stk23_labeled.png
[12:12:49] [INFO ]   Split: train
[12:12:49] [INFO ]   Added 0 annotations to train.json
[12:12:49] [INFO ]   train.json: 18 images, 12 annotations
[12:12:49] [INFO ]   val.json:   5 images,  3 annotations
[12:12:49] [INFO ]   Step 4 complete
[12:12:49] [INFO ] 
[12:12:49] [INFO ]   DONE  f1088stk23  →  train  |  0 faults  |  0 boxes
[12:12:49] [INFO ] 
[12:12:49] [INFO ] ──────────────────────────────────────────────────
[12:12:49] [INFO ]   LINE: f1088stk24
[12:12:49] [INFO ] ──────────────────────────────────────────────────
[12:12:49] [INFO ] Dataset  : namss.F-10-88-HW.mcs.airgun
[12:12:49] [INFO ] SGY      : ../../airgun_data/namss.F-10-88-HW.mcs.airgun/Data/f1088stk24.sgy
[12:12:49] [INFO ] NAV      : ../../airgun_data/namss.F-10-88-HW.mcs.airgun/Navigation/f-10-88-hw_NAV-WGS84.csv
[12:12:49] [INFO ] SA mode  : single (seed=12)
[12:12:49] [INFO ] 
[12:12:49] [INFO ] STEP 1 — Feature extraction
[12:12:49] [INFO ]   Loading navigation...
[12:12:49] [INFO ]   Loading SEG-Y...
[12:12:49] [INFO ]   Traces: 4191  Samples: 2500  dt: 4.000 ms
[12:12:49] [INFO ]   Depth:  0.0 m → 7497.0 m
[12:12:49] [INFO ]   Matching traces to navigation...
[12:12:49] [INFO ]   NAV line matched via translation: 'f1088stk24' -> '24'
[12:12:50] [INFO ]   Matched 4191 / 4191 traces
[12:12:50] [INFO ]   Bandpass filtering...
[12:12:50] [INFO ]   Computing seismic attributes...
[12:12:50] [INFO ]   Picking seafloor...
[12:12:50] [INFO ]   Seafloor depth: 3978–4587 m  (0 shallow traces masked)
[12:12:50] [INFO ]   Picking horizons...
[12:12:51] [INFO ]   Computing NCC coherence (slow)...
[12:12:51] [INFO ]   Saving CNN section image...
[12:12:52] [INFO ]   Saved: f1088stk24_section_cnn.png  (2700x1500px)
[12:12:52] [INFO ]   Step 1 complete
[12:12:52] [INFO ] 
[12:12:52] [INFO ] STEP 2 — Fault detection
[12:12:52] [INFO ]   Mode: single SA run (seed=12)
[12:12:57] [INFO ]   Detected 4 high-confidence faults
[12:12:57] [INFO ]     Fault  1 | trace ~  150 | prob=0.757
[12:12:57] [INFO ]     Fault  2 | trace ~  623 | prob=0.751
[12:12:57] [INFO ]     Fault  3 | trace ~ 1384 | prob=0.769
[12:12:57] [INFO ]     Fault  4 | trace ~ 1600 | prob=0.757
[12:12:57] [INFO ]   Step 2 complete
[12:12:57] [INFO ] 
[12:12:57] [INFO ] STEP 3 — Bounding boxes
[12:12:57] [INFO ]   Box  1 | [44, 847, 104w, 141h px]
[12:12:57] [INFO ]   Box  2 | [337, 891, 134w, 135h px]
[12:12:57] [INFO ]   Box  3 | [837, 833, 110w, 132h px]
[12:12:57] [INFO ]   Box  4 | [979, 871, 113w, 135h px]
[12:12:57] [INFO ]   Generated 4 boxes
[12:12:57] [INFO ]   Step 3 complete
[12:12:57] [INFO ] 
[12:12:57] [INFO ] STEP 4 — Dataset building
[12:12:57] [INFO ]   Saving labeled review image...
[12:12:57] [INFO ]   Saved: f1088stk24_labeled.png
[12:12:57] [INFO ]   Split: train
[12:12:57] [INFO ]   Added 4 annotations to train.json
[12:12:57] [INFO ]   train.json: 19 images, 16 annotations
[12:12:57] [INFO ]   val.json:   5 images,  3 annotations
[12:12:57] [INFO ]   Step 4 complete
[12:12:57] [INFO ] 
[12:12:57] [INFO ]   DONE  f1088stk24  →  train  |  4 faults  |  4 boxes
[12:12:57] [INFO ] 
[12:12:57] [INFO ] ──────────────────────────────────────────────────
[12:12:57] [INFO ]   LINE: f1088stk25
[12:12:57] [INFO ] ──────────────────────────────────────────────────
[12:12:57] [INFO ] Dataset  : namss.F-10-88-HW.mcs.airgun
[12:12:57] [INFO ] SGY      : ../../airgun_data/namss.F-10-88-HW.mcs.airgun/Data/f1088stk25.sgy
[12:12:57] [INFO ] NAV      : ../../airgun_data/namss.F-10-88-HW.mcs.airgun/Navigation/f-10-88-hw_NAV-WGS84.csv
[12:12:57] [INFO ] SA mode  : single (seed=12)
[12:12:57] [INFO ] 
[12:12:57] [INFO ] STEP 1 — Feature extraction
[12:12:57] [INFO ]   Loading navigation...
[12:12:58] [INFO ]   Loading SEG-Y...
[12:12:58] [INFO ]   Traces: 13336  Samples: 2750  dt: 4.000 ms
[12:12:58] [INFO ]   Depth:  0.0 m → 8247.0 m
[12:12:58] [INFO ]   Matching traces to navigation...
[12:12:58] [INFO ]   NAV line matched via translation: 'f1088stk25' -> '25'
[12:12:59] [INFO ]   Matched 13336 / 13336 traces
[12:12:59] [INFO ]   Bandpass filtering...
[12:13:00] [INFO ]   Computing seismic attributes...
[12:13:01] [INFO ]   Picking seafloor...
[12:13:02] [INFO ]   Seafloor depth: 2874–4722 m  (0 shallow traces masked)
[12:13:02] [INFO ]   Picking horizons...
[12:13:03] [INFO ]   Computing NCC coherence (slow)...
[12:13:04] [INFO ]   Saving CNN section image...
[12:13:07] [INFO ]   Saved: f1088stk25_section_cnn.png  (2700x1500px)
[12:13:07] [INFO ]   Step 1 complete
[12:13:07] [INFO ] 
[12:13:07] [INFO ] STEP 2 — Fault detection
[12:13:07] [INFO ]   Mode: single SA run (seed=12)
[12:13:21] [INFO ]   Detected 3 high-confidence faults
[12:13:21] [INFO ]     Fault  1 | trace ~  720 | prob=0.760
[12:13:21] [INFO ]     Fault  2 | trace ~ 3409 | prob=0.755
[12:13:21] [INFO ]     Fault  3 | trace ~12126 | prob=0.768
[12:13:21] [INFO ]   Step 2 complete
[12:13:21] [INFO ] 
[12:13:21] [INFO ] STEP 3 — Bounding boxes
[12:13:21] [INFO ]   Box  1 | [97, 679, 93w, 128h px]
[12:13:21] [INFO ]   Box  2 | [643, 801, 91w, 136h px]
[12:13:21] [INFO ]   Box  3 | [2410, 836, 88w, 128h px]
[12:13:21] [INFO ]   Generated 3 boxes
[12:13:21] [INFO ]   Step 3 complete
[12:13:21] [INFO ] 
[12:13:21] [INFO ] STEP 4 — Dataset building
[12:13:21] [INFO ]   Saving labeled review image...
[12:13:22] [INFO ]   Saved: f1088stk25_labeled.png
[12:13:22] [INFO ]   Split: train
[12:13:22] [INFO ]   Added 3 annotations to train.json
[12:13:22] [INFO ]   train.json: 20 images, 19 annotations
[12:13:22] [INFO ]   val.json:   5 images,  3 annotations
[12:13:22] [INFO ]   Step 4 complete
[12:13:22] [INFO ] 
[12:13:22] [INFO ]   DONE  f1088stk25  →  train  |  3 faults  |  3 boxes
[12:13:22] [INFO ] 
[12:13:22] [INFO ] ──────────────────────────────────────────────────
[12:13:22] [INFO ]   LINE: f1088stk26
[12:13:22] [INFO ] ──────────────────────────────────────────────────
[12:13:22] [INFO ] Dataset  : namss.F-10-88-HW.mcs.airgun
[12:13:22] [INFO ] SGY      : ../../airgun_data/namss.F-10-88-HW.mcs.airgun/Data/f1088stk26.sgy
[12:13:22] [INFO ] NAV      : ../../airgun_data/namss.F-10-88-HW.mcs.airgun/Navigation/f-10-88-hw_NAV-WGS84.csv
[12:13:22] [INFO ] SA mode  : single (seed=12)
[12:13:22] [INFO ] 
[12:13:22] [INFO ] STEP 1 — Feature extraction
[12:13:22] [INFO ]   Loading navigation...
[12:13:22] [INFO ]   Loading SEG-Y...
[12:13:22] [INFO ]   Traces: 613  Samples: 2750  dt: 4.000 ms
[12:13:22] [INFO ]   Depth:  0.0 m → 8247.0 m
[12:13:22] [INFO ]   Matching traces to navigation...
[12:13:22] [INFO ]   NAV line matched via translation: 'f1088stk26' -> '26'
[12:13:22] [INFO ]   Matched 613 / 613 traces
[12:13:22] [INFO ]   Bandpass filtering...
[12:13:22] [INFO ]   Computing seismic attributes...
[12:13:22] [INFO ]   Picking seafloor...
[12:13:22] [INFO ]   Seafloor depth: 4629–4665 m  (0 shallow traces masked)
[12:13:22] [INFO ]   Picking horizons...
[12:13:22] [INFO ]   Computing NCC coherence (slow)...
[12:13:22] [INFO ]   Saving CNN section image...
[12:13:22] [INFO ]   Saved: f1088stk26_section_cnn.png  (2700x1500px)
[12:13:22] [INFO ]   Step 1 complete
[12:13:22] [INFO ] 
[12:13:22] [INFO ] STEP 2 — Fault detection
[12:13:22] [INFO ]   Mode: single SA run (seed=12)
[12:13:23] [INFO ]   Detected 0 high-confidence faults
[12:13:23] [INFO ]   Step 2 complete
[12:13:23] [INFO ] 
[12:13:23] [INFO ] STEP 3 — Bounding boxes
[12:13:23] [INFO ]   Generated 0 boxes
[12:13:23] [INFO ]   Step 3 complete
[12:13:23] [INFO ] 
[12:13:23] [INFO ] STEP 4 — Dataset building
[12:13:23] [INFO ]   Saving labeled review image...
[12:13:23] [INFO ]   Saved: f1088stk26_labeled.png
[12:13:23] [INFO ]   Split: val
[12:13:23] [INFO ]   Added 0 annotations to val.json
[12:13:23] [INFO ]   train.json: 20 images, 19 annotations
[12:13:23] [INFO ]   val.json:   6 images,  3 annotations
[12:13:23] [INFO ]   Step 4 complete
[12:13:23] [INFO ] 
[12:13:23] [INFO ]   DONE  f1088stk26  →  val  |  0 faults  |  0 boxes
[12:13:23] [INFO ] 
[12:13:23] [INFO ] ──────────────────────────────────────────────────
[12:13:23] [INFO ]   LINE: f1088stk27
[12:13:23] [INFO ] ──────────────────────────────────────────────────
[12:13:23] [INFO ] Dataset  : namss.F-10-88-HW.mcs.airgun
[12:13:23] [INFO ] SGY      : ../../airgun_data/namss.F-10-88-HW.mcs.airgun/Data/f1088stk27.sgy
[12:13:23] [INFO ] NAV      : ../../airgun_data/namss.F-10-88-HW.mcs.airgun/Navigation/f-10-88-hw_NAV-WGS84.csv
[12:13:23] [INFO ] SA mode  : single (seed=12)
[12:13:23] [INFO ] 
[12:13:23] [INFO ] STEP 1 — Feature extraction
[12:13:23] [INFO ]   Loading navigation...
[12:13:24] [INFO ]   Loading SEG-Y...
[12:13:24] [INFO ]   Traces: 10391  Samples: 2750  dt: 4.000 ms
[12:13:24] [INFO ]   Depth:  0.0 m → 8247.0 m
[12:13:24] [INFO ]   Matching traces to navigation...
[12:13:24] [INFO ]   NAV line matched via translation: 'f1088stk27' -> '27'
[12:13:25] [INFO ]   Matched 10391 / 10391 traces
[12:13:25] [INFO ]   Bandpass filtering...
[12:13:25] [INFO ]   Computing seismic attributes...
[12:13:27] [INFO ]   Picking seafloor...
[12:13:27] [INFO ]   Seafloor depth: 2097–4659 m  (0 shallow traces masked)
[12:13:27] [INFO ]   Picking horizons...
[12:13:28] [INFO ]   Computing NCC coherence (slow)...
[12:13:29] [INFO ]   Saving CNN section image...
[12:13:31] [INFO ]   Saved: f1088stk27_section_cnn.png  (2700x1500px)
[12:13:31] [INFO ]   Step 1 complete
[12:13:31] [INFO ] 
[12:13:31] [INFO ] STEP 2 — Fault detection
[12:13:31] [INFO ]   Mode: single SA run (seed=12)
[12:13:43] [INFO ]   Detected 4 high-confidence faults
[12:13:43] [INFO ]     Fault  1 | trace ~  697 | prob=0.769
[12:13:43] [INFO ]     Fault  2 | trace ~ 1340 | prob=0.773
[12:13:43] [INFO ]     Fault  3 | trace ~ 6303 | prob=0.767
[12:13:43] [INFO ]     Fault  4 | trace ~ 9134 | prob=0.751
[12:13:43] [INFO ]   Step 2 complete
[12:13:43] [INFO ] 
[12:13:43] [INFO ] STEP 3 — Bounding boxes
[12:13:43] [INFO ]   Box  1 | [136, 829, 92w, 130h px]
[12:13:43] [INFO ]   Box  2 | [301, 774, 92w, 128h px]
[12:13:43] [INFO ]   Box  3 | [1592, 401, 96w, 122h px]
[12:13:43] [INFO ]   Box  4 | [2325, 775, 94w, 128h px]
[12:13:43] [INFO ]   Generated 4 boxes
[12:13:43] [INFO ]   Step 3 complete
[12:13:43] [INFO ] 
[12:13:43] [INFO ] STEP 4 — Dataset building
[12:13:43] [INFO ]   Saving labeled review image...
[12:13:43] [INFO ]   Saved: f1088stk27_labeled.png
[12:13:43] [INFO ]   Split: train
[12:13:43] [INFO ]   Added 4 annotations to train.json
[12:13:43] [INFO ]   train.json: 21 images, 23 annotations
[12:13:43] [INFO ]   val.json:   6 images,  3 annotations
[12:13:43] [INFO ]   Step 4 complete
[12:13:43] [INFO ] 
[12:13:43] [INFO ]   DONE  f1088stk27  →  train  |  4 faults  |  4 boxes
[12:13:43] [INFO ] 
[12:13:43] [INFO ] ──────────────────────────────────────────────────
[12:13:43] [INFO ]   LINE: f1088stk28
[12:13:43] [INFO ] ──────────────────────────────────────────────────
[12:13:43] [INFO ] Dataset  : namss.F-10-88-HW.mcs.airgun
[12:13:43] [INFO ] SGY      : ../../airgun_data/namss.F-10-88-HW.mcs.airgun/Data/f1088stk28.sgy
[12:13:43] [INFO ] NAV      : ../../airgun_data/namss.F-10-88-HW.mcs.airgun/Navigation/f-10-88-hw_NAV-WGS84.csv
[12:13:43] [INFO ] SA mode  : single (seed=12)
[12:13:43] [INFO ] 
[12:13:43] [INFO ] STEP 1 — Feature extraction
[12:13:43] [INFO ]   Loading navigation...
[12:13:43] [INFO ]   Loading SEG-Y...
[12:13:43] [INFO ]   Traces: 707  Samples: 2750  dt: 4.000 ms
[12:13:43] [INFO ]   Depth:  0.0 m → 8247.0 m
[12:13:43] [INFO ]   Matching traces to navigation...
[12:13:43] [INFO ]   NAV line matched via translation: 'f1088stk28' -> '28'
[12:13:43] [INFO ]   Matched 707 / 707 traces
[12:13:43] [INFO ]   Bandpass filtering...
[12:13:43] [INFO ]   Computing seismic attributes...
[12:13:43] [INFO ]   Picking seafloor...
[12:13:43] [INFO ]   Seafloor depth: 2046–4077 m  (0 shallow traces masked)
[12:13:43] [INFO ]   Picking horizons...
[12:13:43] [INFO ]   Computing NCC coherence (slow)...
[12:13:43] [INFO ]   Saving CNN section image...
[12:13:44] [INFO ]   Saved: f1088stk28_section_cnn.png  (2700x1500px)
[12:13:44] [INFO ]   Step 1 complete
[12:13:44] [INFO ] 
[12:13:44] [INFO ] STEP 2 — Fault detection
[12:13:44] [INFO ]   Mode: single SA run (seed=12)
[12:13:44] [INFO ]   Detected 3 high-confidence faults
[12:13:44] [INFO ]     Fault  1 | trace ~   43 | prob=0.752
[12:13:44] [INFO ]     Fault  2 | trace ~  292 | prob=0.768
[12:13:44] [INFO ]     Fault  3 | trace ~  501 | prob=0.793
[12:13:44] [INFO ]   Step 2 complete
[12:13:44] [INFO ] 
[12:13:44] [INFO ] STEP 3 — Bounding boxes
[12:13:44] [INFO ]   Box  1 | [0, 730, 474w, 122h px]
[12:13:44] [INFO ]   Box  2 | [658, 360, 883w, 136h px]
[12:13:44] [INFO ]   Box  3 | [1519, 704, 727w, 128h px]
[12:13:44] [INFO ]   Generated 3 boxes
[12:13:44] [INFO ]   Step 3 complete
[12:13:44] [INFO ] 
[12:13:44] [INFO ] STEP 4 — Dataset building
[12:13:44] [INFO ]   Saving labeled review image...
[12:13:45] [INFO ]   Saved: f1088stk28_labeled.png
[12:13:45] [INFO ]   Split: train
[12:13:45] [INFO ]   Added 3 annotations to train.json
[12:13:45] [INFO ]   train.json: 22 images, 26 annotations
[12:13:45] [INFO ]   val.json:   6 images,  3 annotations
[12:13:45] [INFO ]   Step 4 complete
[12:13:45] [INFO ] 
[12:13:45] [INFO ]   DONE  f1088stk28  →  train  |  3 faults  |  3 boxes
[12:13:45] [INFO ] 
[12:13:45] [INFO ] ──────────────────────────────────────────────────
[12:13:45] [INFO ]   LINE: f1088stk29
[12:13:45] [INFO ] ──────────────────────────────────────────────────
[12:13:45] [INFO ] Dataset  : namss.F-10-88-HW.mcs.airgun
[12:13:45] [INFO ] SGY      : ../../airgun_data/namss.F-10-88-HW.mcs.airgun/Data/f1088stk29.sgy
[12:13:45] [INFO ] NAV      : ../../airgun_data/namss.F-10-88-HW.mcs.airgun/Navigation/f-10-88-hw_NAV-WGS84.csv
[12:13:45] [INFO ] SA mode  : single (seed=12)
[12:13:45] [INFO ] 
[12:13:45] [INFO ] STEP 1 — Feature extraction
[12:13:45] [INFO ]   Loading navigation...
[12:13:45] [INFO ]   Loading SEG-Y...
[12:13:45] [INFO ]   Traces: 8948  Samples: 2750  dt: 4.000 ms
[12:13:45] [INFO ]   Depth:  0.0 m → 8247.0 m
[12:13:45] [INFO ]   Matching traces to navigation...
[12:13:45] [INFO ]   NAV line matched via translation: 'f1088stk29' -> '29'
[12:13:46] [INFO ]   Matched 8948 / 8948 traces
[12:13:46] [INFO ]   Bandpass filtering...
[12:13:46] [INFO ]   Computing seismic attributes...
[12:13:47] [INFO ]   Picking seafloor...
[12:13:48] [INFO ]   Seafloor depth: 0–4584 m  (88 shallow traces masked)
[12:13:48] [INFO ]   Picking horizons...
[12:13:48] [INFO ]   Computing NCC coherence (slow)...
[12:13:49] [INFO ]   Saving CNN section image...
[12:13:51] [INFO ]   Saved: f1088stk29_section_cnn.png  (2700x1500px)
[12:13:51] [INFO ]   Step 1 complete
[12:13:51] [INFO ] 
[12:13:51] [INFO ] STEP 2 — Fault detection
[12:13:51] [INFO ]   Mode: single SA run (seed=12)
[12:14:01] [INFO ]   Detected 1 high-confidence faults
[12:14:01] [INFO ]     Fault  1 | trace ~ 3741 | prob=0.752
[12:14:01] [INFO ]   Step 2 complete
[12:14:01] [INFO ] 
[12:14:01] [INFO ] STEP 3 — Bounding boxes
[12:14:01] [INFO ]   Box  1 | [1083, 766, 90w, 128h px]
[12:14:01] [INFO ]   Generated 1 boxes
[12:14:01] [INFO ]   Step 3 complete
[12:14:01] [INFO ] 
[12:14:01] [INFO ] STEP 4 — Dataset building
[12:14:01] [INFO ]   Saving labeled review image...
[12:14:01] [INFO ]   Saved: f1088stk29_labeled.png
[12:14:01] [INFO ]   Split: train
[12:14:01] [INFO ]   Added 1 annotations to train.json
[12:14:01] [INFO ]   train.json: 23 images, 27 annotations
[12:14:01] [INFO ]   val.json:   6 images,  3 annotations
[12:14:01] [INFO ]   Step 4 complete
[12:14:01] [INFO ] 
[12:14:01] [INFO ]   DONE  f1088stk29  →  train  |  1 faults  |  1 boxes
[12:14:01] [INFO ] 
[12:14:01] [INFO ] ──────────────────────────────────────────────────
[12:14:01] [INFO ]   LINE: f1088stk30
[12:14:01] [INFO ] ──────────────────────────────────────────────────
[12:14:01] [INFO ] Dataset  : namss.F-10-88-HW.mcs.airgun
[12:14:01] [INFO ] SGY      : ../../airgun_data/namss.F-10-88-HW.mcs.airgun/Data/f1088stk30.sgy
[12:14:01] [INFO ] NAV      : ../../airgun_data/namss.F-10-88-HW.mcs.airgun/Navigation/f-10-88-hw_NAV-WGS84.csv
[12:14:01] [INFO ] SA mode  : single (seed=12)
[12:14:01] [INFO ] 
[12:14:01] [INFO ] STEP 1 — Feature extraction
[12:14:01] [INFO ]   Loading navigation...
[12:14:01] [INFO ]   Loading SEG-Y...
[12:14:01] [INFO ]   Traces: 1693  Samples: 2500  dt: 4.000 ms
[12:14:01] [INFO ]   Depth:  0.0 m → 7497.0 m
[12:14:01] [INFO ]   Matching traces to navigation...
[12:14:01] [INFO ]   NAV line matched via translation: 'f1088stk30' -> '30'
[12:14:01] [INFO ]   Matched 1693 / 1693 traces
[12:14:01] [INFO ]   Bandpass filtering...
[12:14:02] [INFO ]   Computing seismic attributes...
[12:14:02] [INFO ]   Picking seafloor...
[12:14:02] [INFO ]   Seafloor depth: 660–4338 m  (0 shallow traces masked)
[12:14:02] [INFO ]   Picking horizons...
[12:14:02] [INFO ]   Computing NCC coherence (slow)...
[12:14:02] [INFO ]   Saving CNN section image...
[12:14:02] [INFO ]   Saved: f1088stk30_section_cnn.png  (2700x1500px)
[12:14:02] [INFO ]   Step 1 complete
[12:14:02] [INFO ] 
[12:14:02] [INFO ] STEP 2 — Fault detection
[12:14:02] [INFO ]   Mode: single SA run (seed=12)
[12:14:04] [INFO ]   Detected 0 high-confidence faults
[12:14:04] [INFO ]   Step 2 complete
[12:14:04] [INFO ] 
[12:14:04] [INFO ] STEP 3 — Bounding boxes
[12:14:04] [INFO ]   Generated 0 boxes
[12:14:04] [INFO ]   Step 3 complete
[12:14:04] [INFO ] 
[12:14:04] [INFO ] STEP 4 — Dataset building
[12:14:04] [INFO ]   Saving labeled review image...
[12:14:04] [INFO ]   Saved: f1088stk30_labeled.png
[12:14:04] [INFO ]   Split: train
[12:14:04] [INFO ]   Added 0 annotations to train.json
[12:14:04] [INFO ]   train.json: 24 images, 27 annotations
[12:14:04] [INFO ]   val.json:   6 images,  3 annotations
[12:14:04] [INFO ]   Step 4 complete
[12:14:04] [INFO ] 
[12:14:04] [INFO ]   DONE  f1088stk30  →  train  |  0 faults  |  0 boxes
[12:14:04] [INFO ] 
[12:14:04] [INFO ] ──────────────────────────────────────────────────
[12:14:04] [INFO ]   LINE: f1088stk31
[12:14:04] [INFO ] ──────────────────────────────────────────────────
[12:14:04] [INFO ] Dataset  : namss.F-10-88-HW.mcs.airgun
[12:14:04] [INFO ] SGY      : ../../airgun_data/namss.F-10-88-HW.mcs.airgun/Data/f1088stk31.sgy
[12:14:04] [INFO ] NAV      : ../../airgun_data/namss.F-10-88-HW.mcs.airgun/Navigation/f-10-88-hw_NAV-WGS84.csv
[12:14:04] [INFO ] SA mode  : single (seed=12)
[12:14:04] [INFO ] 
[12:14:04] [INFO ] STEP 1 — Feature extraction
[12:14:04] [INFO ]   Loading navigation...
[12:14:05] [INFO ]   Loading SEG-Y...
[12:14:05] [INFO ]   Traces: 1416  Samples: 2250  dt: 4.000 ms
[12:14:05] [INFO ]   Depth:  0.0 m → 6747.0 m
[12:14:05] [INFO ]   Matching traces to navigation...
[12:14:05] [INFO ]   NAV line matched via translation: 'f1088stk31' -> '31'
[12:14:05] [INFO ]   Matched 1416 / 1416 traces
[12:14:05] [INFO ]   Bandpass filtering...
[12:14:05] [INFO ]   Computing seismic attributes...
[12:14:05] [INFO ]   Picking seafloor...
[12:14:05] [INFO ]   Seafloor depth: 798–3618 m  (0 shallow traces masked)
[12:14:05] [INFO ]   Picking horizons...
[12:14:05] [INFO ]   Computing NCC coherence (slow)...
[12:14:05] [INFO ]   Saving CNN section image...
[12:14:06] [INFO ]   Saved: f1088stk31_section_cnn.png  (2700x1500px)
[12:14:06] [INFO ]   Step 1 complete
[12:14:06] [INFO ] 
[12:14:06] [INFO ] STEP 2 — Fault detection
[12:14:06] [INFO ]   Mode: single SA run (seed=12)
[12:14:07] [INFO ]   Detected 0 high-confidence faults
[12:14:07] [INFO ]   Step 2 complete
[12:14:07] [INFO ] 
[12:14:07] [INFO ] STEP 3 — Bounding boxes
[12:14:07] [INFO ]   Generated 0 boxes
[12:14:07] [INFO ]   Step 3 complete
[12:14:07] [INFO ] 
[12:14:07] [INFO ] STEP 4 — Dataset building
[12:14:07] [INFO ]   Saving labeled review image...
[12:14:07] [INFO ]   Saved: f1088stk31_labeled.png
[12:14:07] [INFO ]   Split: val
[12:14:07] [INFO ]   Added 0 annotations to val.json
[12:14:07] [INFO ]   train.json: 24 images, 27 annotations
[12:14:07] [INFO ]   val.json:   7 images,  3 annotations
[12:14:07] [INFO ]   Step 4 complete
[12:14:07] [INFO ] 
[12:14:07] [INFO ]   DONE  f1088stk31  →  val  |  0 faults  |  0 boxes
[12:14:07] [INFO ] 
[12:14:07] [INFO ] ──────────────────────────────────────────────────
[12:14:07] [INFO ]   LINE: f1088stk32
[12:14:07] [INFO ] ──────────────────────────────────────────────────
[12:14:07] [INFO ] Dataset  : namss.F-10-88-HW.mcs.airgun
[12:14:07] [INFO ] SGY      : ../../airgun_data/namss.F-10-88-HW.mcs.airgun/Data/f1088stk32.sgy
[12:14:07] [INFO ] NAV      : ../../airgun_data/namss.F-10-88-HW.mcs.airgun/Navigation/f-10-88-hw_NAV-WGS84.csv
[12:14:07] [INFO ] SA mode  : single (seed=12)
[12:14:07] [INFO ] 
[12:14:07] [INFO ] STEP 1 — Feature extraction
[12:14:07] [INFO ]   Loading navigation...
[12:14:07] [INFO ]   Loading SEG-Y...
[12:14:08] [INFO ]   Traces: 3591  Samples: 2750  dt: 4.000 ms
[12:14:08] [INFO ]   Depth:  0.0 m → 8247.0 m
[12:14:08] [INFO ]   Matching traces to navigation...
[12:14:08] [INFO ]   NAV line matched via translation: 'f1088stk32' -> '32'
[12:14:08] [INFO ]   Matched 3591 / 3591 traces
[12:14:08] [INFO ]   Bandpass filtering...
[12:14:08] [INFO ]   Computing seismic attributes...
[12:14:08] [INFO ]   Picking seafloor...
[12:14:09] [INFO ]   Seafloor depth: 3009–4569 m  (0 shallow traces masked)
[12:14:09] [INFO ]   Picking horizons...
[12:14:09] [INFO ]   Computing NCC coherence (slow)...
[12:14:09] [INFO ]   Saving CNN section image...
[12:14:10] [INFO ]   Saved: f1088stk32_section_cnn.png  (2700x1500px)
[12:14:10] [INFO ]   Step 1 complete
[12:14:10] [INFO ] 
[12:14:10] [INFO ] STEP 2 — Fault detection
[12:14:10] [INFO ]   Mode: single SA run (seed=12)
[12:14:14] [INFO ]   Detected 1 high-confidence faults
[12:14:14] [INFO ]     Fault  1 | trace ~  537 | prob=0.774
[12:14:14] [INFO ]   Step 2 complete
[12:14:14] [INFO ] 
[12:14:14] [INFO ] STEP 3 — Bounding boxes
[12:14:14] [INFO ]   Box  1 | [325, 668, 148w, 128h px]
[12:14:14] [INFO ]   Generated 1 boxes
[12:14:14] [INFO ]   Step 3 complete
[12:14:14] [INFO ] 
[12:14:14] [INFO ] STEP 4 — Dataset building
[12:14:14] [INFO ]   Saving labeled review image...
[12:14:14] [INFO ]   Saved: f1088stk32_labeled.png
[12:14:14] [INFO ]   Split: train
[12:14:14] [INFO ]   Added 1 annotations to train.json
[12:14:14] [INFO ]   train.json: 25 images, 28 annotations
[12:14:14] [INFO ]   val.json:   7 images,  3 annotations
[12:14:14] [INFO ]   Step 4 complete
[12:14:14] [INFO ] 
[12:14:14] [INFO ]   DONE  f1088stk32  →  train  |  1 faults  |  1 boxes
[12:14:14] [INFO ] 
[12:14:14] [INFO ] ──────────────────────────────────────────────────
[12:14:14] [INFO ]   LINE: f1088stk33
[12:14:14] [INFO ] ──────────────────────────────────────────────────
[12:14:14] [INFO ] Dataset  : namss.F-10-88-HW.mcs.airgun
[12:14:14] [INFO ] SGY      : ../../airgun_data/namss.F-10-88-HW.mcs.airgun/Data/f1088stk33.sgy
[12:14:14] [INFO ] NAV      : ../../airgun_data/namss.F-10-88-HW.mcs.airgun/Navigation/f-10-88-hw_NAV-WGS84.csv
[12:14:14] [INFO ] SA mode  : single (seed=12)
[12:14:14] [INFO ] 
[12:14:14] [INFO ] STEP 1 — Feature extraction
[12:14:14] [INFO ]   Loading navigation...
[12:14:14] [INFO ]   Loading SEG-Y...
[12:14:14] [INFO ]   Traces: 891  Samples: 2750  dt: 4.000 ms
[12:14:14] [INFO ]   Depth:  0.0 m → 8247.0 m
[12:14:14] [INFO ]   Matching traces to navigation...
[12:14:14] [INFO ]   NAV line matched via translation: 'f1088stk33' -> '33'
[12:14:14] [INFO ]   Matched 891 / 891 traces
[12:14:14] [INFO ]   Bandpass filtering...
[12:14:14] [INFO ]   Computing seismic attributes...
[12:14:14] [INFO ]   Picking seafloor...
[12:14:14] [INFO ]   Seafloor depth: 4248–4422 m  (0 shallow traces masked)
[12:14:14] [INFO ]   Picking horizons...
[12:14:14] [INFO ]   Computing NCC coherence (slow)...
[12:14:14] [INFO ]   Saving CNN section image...
[12:14:15] [INFO ]   Saved: f1088stk33_section_cnn.png  (2700x1500px)
[12:14:15] [INFO ]   Step 1 complete
[12:14:15] [INFO ] 
[12:14:15] [INFO ] STEP 2 — Fault detection
[12:14:15] [INFO ]   Mode: single SA run (seed=12)
[12:14:16] [INFO ]   Detected 0 high-confidence faults
[12:14:16] [INFO ]   Step 2 complete
[12:14:16] [INFO ] 
[12:14:16] [INFO ] STEP 3 — Bounding boxes
[12:14:16] [INFO ]   Generated 0 boxes
[12:14:16] [INFO ]   Step 3 complete
[12:14:16] [INFO ] 
[12:14:16] [INFO ] STEP 4 — Dataset building
[12:14:16] [INFO ]   Saving labeled review image...
[12:14:16] [INFO ]   Saved: f1088stk33_labeled.png
[12:14:16] [INFO ]   Split: train
[12:14:16] [INFO ]   Added 0 annotations to train.json
[12:14:16] [INFO ]   train.json: 26 images, 28 annotations
[12:14:16] [INFO ]   val.json:   7 images,  3 annotations
[12:14:16] [INFO ]   Step 4 complete
[12:14:16] [INFO ] 
[12:14:16] [INFO ]   DONE  f1088stk33  →  train  |  0 faults  |  0 boxes
[12:14:16] [INFO ] 
[12:14:16] [INFO ] ──────────────────────────────────────────────────
[12:14:16] [INFO ]   LINE: f1088stk34
[12:14:16] [INFO ] ──────────────────────────────────────────────────
[12:14:16] [INFO ] Dataset  : namss.F-10-88-HW.mcs.airgun
[12:14:16] [INFO ] SGY      : ../../airgun_data/namss.F-10-88-HW.mcs.airgun/Data/f1088stk34.sgy
[12:14:16] [INFO ] NAV      : ../../airgun_data/namss.F-10-88-HW.mcs.airgun/Navigation/f-10-88-hw_NAV-WGS84.csv
[12:14:16] [INFO ] SA mode  : single (seed=12)
[12:14:16] [INFO ] 
[12:14:16] [INFO ] STEP 1 — Feature extraction
[12:14:16] [INFO ]   Loading navigation...
[12:14:16] [INFO ]   Loading SEG-Y...
[12:14:16] [INFO ]   Traces: 2521  Samples: 2750  dt: 4.000 ms
[12:14:16] [INFO ]   Depth:  0.0 m → 8247.0 m
[12:14:16] [INFO ]   Matching traces to navigation...
[12:14:16] [INFO ]   NAV line matched via translation: 'f1088stk34' -> '34'
[12:14:16] [INFO ]   Matched 2521 / 2521 traces
[12:14:16] [INFO ]   Bandpass filtering...
[12:14:16] [INFO ]   Computing seismic attributes...
[12:14:17] [INFO ]   Picking seafloor...
[12:14:17] [INFO ]   Seafloor depth: 3624–4557 m  (0 shallow traces masked)
[12:14:17] [INFO ]   Picking horizons...
[12:14:17] [INFO ]   Computing NCC coherence (slow)...
[12:14:17] [INFO ]   Saving CNN section image...
[12:14:18] [INFO ]   Saved: f1088stk34_section_cnn.png  (2700x1500px)
[12:14:18] [INFO ]   Step 1 complete
[12:14:18] [INFO ] 
[12:14:18] [INFO ] STEP 2 — Fault detection
[12:14:18] [INFO ]   Mode: single SA run (seed=12)
[12:14:20] [INFO ]   Detected 1 high-confidence faults
[12:14:20] [INFO ]     Fault  1 | trace ~ 2493 | prob=0.788
[12:14:20] [INFO ]   Step 2 complete
[12:14:20] [INFO ] 
[12:14:20] [INFO ] STEP 3 — Bounding boxes
[12:14:20] [INFO ]   Box  1 | [2589, 653, 111w, 122h px]
[12:14:20] [INFO ]   Generated 1 boxes
[12:14:20] [INFO ]   Step 3 complete
[12:14:20] [INFO ] 
[12:14:20] [INFO ] STEP 4 — Dataset building
[12:14:20] [INFO ]   Saving labeled review image...
[12:14:20] [INFO ]   Saved: f1088stk34_labeled.png
[12:14:20] [INFO ]   Split: train
[12:14:20] [INFO ]   Added 1 annotations to train.json
[12:14:20] [INFO ]   train.json: 27 images, 29 annotations
[12:14:20] [INFO ]   val.json:   7 images,  3 annotations
[12:14:20] [INFO ]   Step 4 complete
[12:14:20] [INFO ] 
[12:14:20] [INFO ]   DONE  f1088stk34  →  train  |  1 faults  |  1 boxes
[12:14:20] [INFO ] 
[12:14:20] [INFO ] ──────────────────────────────────────────────────
[12:14:20] [INFO ]   LINE: f1289stk01
[12:14:20] [INFO ] ──────────────────────────────────────────────────
[12:14:20] [INFO ] Dataset  : namss.F-12-89-HW.mcs.airgun
[12:14:20] [INFO ] SGY      : ../../airgun_data/namss.F-12-89-HW.mcs.airgun/Data/f1289stk01.sgy
[12:14:20] [INFO ] NAV      : ../../airgun_data/namss.F-12-89-HW.mcs.airgun/Navigation/f-12-89-hw_NAV-WGS84.csv
[12:14:20] [INFO ] SA mode  : single (seed=12)
[12:14:20] [INFO ] 
[12:14:20] [INFO ] STEP 1 — Feature extraction
[12:14:20] [INFO ]   Loading navigation...
[12:14:20] [INFO ]   Loading SEG-Y...
[12:14:20] [INFO ]   Traces: 6864  Samples: 2750  dt: 4.000 ms
[12:14:20] [INFO ]   Depth:  0.0 m → 8247.0 m
[12:14:20] [INFO ]   Matching traces to navigation...
[12:14:20] [INFO ]   NAV line matched via translation: 'f1289stk01' -> '1'
[12:14:21] [INFO ]   Matched 6864 / 6864 traces
[12:14:21] [INFO ]   Bandpass filtering...
[12:14:21] [INFO ]   Computing seismic attributes...
[12:14:22] [INFO ]   Picking seafloor...
[12:14:22] [INFO ]   Seafloor depth: 345–4365 m  (237 shallow traces masked)
[12:14:22] [INFO ]   Picking horizons...
[12:14:23] [INFO ]   Computing NCC coherence (slow)...
[12:14:23] [INFO ]   Saving CNN section image...
[12:14:25] [INFO ]   Saved: f1289stk01_section_cnn.png  (2700x1500px)
[12:14:25] [INFO ]   Step 1 complete
[12:14:25] [INFO ] 
[12:14:25] [INFO ] STEP 2 — Fault detection
[12:14:25] [INFO ]   Mode: single SA run (seed=12)
[12:14:32] [INFO ]   Detected 1 high-confidence faults
[12:14:32] [INFO ]     Fault  1 | trace ~ 4891 | prob=0.756
[12:14:32] [INFO ]   Step 2 complete
[12:14:32] [INFO ] 
[12:14:32] [INFO ] STEP 3 — Bounding boxes
[12:14:32] [INFO ]   Box  1 | [1874, 72, 102w, 152h px]
[12:14:32] [INFO ]   Generated 1 boxes
[12:14:32] [INFO ]   Step 3 complete
[12:14:32] [INFO ] 
[12:14:32] [INFO ] STEP 4 — Dataset building
[12:14:32] [INFO ]   Saving labeled review image...
[12:14:32] [INFO ]   Saved: f1289stk01_labeled.png
[12:14:32] [INFO ]   Split: train
[12:14:32] [INFO ]   Added 1 annotations to train.json
[12:14:32] [INFO ]   train.json: 28 images, 30 annotations
[12:14:32] [INFO ]   val.json:   7 images,  3 annotations
[12:14:32] [INFO ]   Step 4 complete
[12:14:32] [INFO ] 
[12:14:32] [INFO ]   DONE  f1289stk01  →  train  |  1 faults  |  1 boxes
[12:14:32] [INFO ] 
[12:14:32] [INFO ] ──────────────────────────────────────────────────
[12:14:32] [INFO ]   LINE: f1289stk02
[12:14:32] [INFO ] ──────────────────────────────────────────────────
[12:14:32] [INFO ] Dataset  : namss.F-12-89-HW.mcs.airgun
[12:14:32] [INFO ] SGY      : ../../airgun_data/namss.F-12-89-HW.mcs.airgun/Data/f1289stk02.sgy
[12:14:32] [INFO ] NAV      : ../../airgun_data/namss.F-12-89-HW.mcs.airgun/Navigation/f-12-89-hw_NAV-WGS84.csv
[12:14:32] [INFO ] SA mode  : single (seed=12)
[12:14:32] [INFO ] 
[12:14:32] [INFO ] STEP 1 — Feature extraction
[12:14:32] [INFO ]   Loading navigation...
[12:14:32] [INFO ]   Loading SEG-Y...
[12:14:32] [INFO ]   Traces: 730  Samples: 1750  dt: 4.000 ms
[12:14:32] [INFO ]   Depth:  0.0 m → 5247.0 m
[12:14:32] [INFO ]   Matching traces to navigation...
[12:14:32] [INFO ]   NAV line matched via translation: 'f1289stk02' -> '2'
[12:14:32] [INFO ]   Matched 730 / 730 traces
[12:14:32] [INFO ]   Bandpass filtering...
[12:14:32] [INFO ]   Computing seismic attributes...
[12:14:32] [INFO ]   Picking seafloor...
[12:14:32] [INFO ]   Seafloor depth: 891–1149 m  (0 shallow traces masked)
[12:14:32] [INFO ]   Picking horizons...
[12:14:32] [INFO ]   Computing NCC coherence (slow)...
[12:14:32] [INFO ]   Saving CNN section image...
[12:14:33] [INFO ]   Saved: f1289stk02_section_cnn.png  (2700x1500px)
[12:14:33] [INFO ]   Step 1 complete
[12:14:33] [INFO ] 
[12:14:33] [INFO ] STEP 2 — Fault detection
[12:14:33] [INFO ]   Mode: single SA run (seed=12)
[12:14:33] [INFO ]   Detected 0 high-confidence faults
[12:14:33] [INFO ]   Step 2 complete
[12:14:33] [INFO ] 
[12:14:33] [INFO ] STEP 3 — Bounding boxes
[12:14:33] [INFO ]   Generated 0 boxes
[12:14:33] [INFO ]   Step 3 complete
[12:14:33] [INFO ] 
[12:14:33] [INFO ] STEP 4 — Dataset building
[12:14:33] [INFO ]   Saving labeled review image...
[12:14:34] [INFO ]   Saved: f1289stk02_labeled.png
[12:14:34] [INFO ]   Split: val
[12:14:34] [INFO ]   Added 0 annotations to val.json
[12:14:34] [INFO ]   train.json: 28 images, 30 annotations
[12:14:34] [INFO ]   val.json:   8 images,  3 annotations
[12:14:34] [INFO ]   Step 4 complete
[12:14:34] [INFO ] 
[12:14:34] [INFO ]   DONE  f1289stk02  →  val  |  0 faults  |  0 boxes
[12:14:34] [INFO ] 
[12:14:34] [INFO ] ──────────────────────────────────────────────────
[12:14:34] [INFO ]   LINE: f1289stk03
[12:14:34] [INFO ] ──────────────────────────────────────────────────
[12:14:34] [INFO ] Dataset  : namss.F-12-89-HW.mcs.airgun
[12:14:34] [INFO ] SGY      : ../../airgun_data/namss.F-12-89-HW.mcs.airgun/Data/f1289stk03.sgy
[12:14:34] [INFO ] NAV      : ../../airgun_data/namss.F-12-89-HW.mcs.airgun/Navigation/f-12-89-hw_NAV-WGS84.csv
[12:14:34] [INFO ] SA mode  : single (seed=12)
[12:14:34] [INFO ] 
[12:14:34] [INFO ] STEP 1 — Feature extraction
[12:14:34] [INFO ]   Loading navigation...
[12:14:34] [INFO ]   Loading SEG-Y...
[12:14:34] [INFO ]   Traces: 715  Samples: 2750  dt: 4.000 ms
[12:14:34] [INFO ]   Depth:  0.0 m → 8247.0 m
[12:14:34] [INFO ]   Matching traces to navigation...
[12:14:34] [INFO ]   NAV line matched via translation: 'f1289stk03' -> '3'
[12:14:34] [INFO ]   Matched 0 / 715 traces
[12:14:34] [ERROR] SKIPPING f1289stk03 (namss.F-12-89-HW.mcs.airgun): No traces matched navigation — check line name vs NAV file.
[12:14:34] [ERROR]   Traceback (most recent call last):
[12:14:34] [ERROR]     File "/Users/lennylukach/Personal/School/CS4100/namss/pipeline/src/pipeline.py", line 848, in <module>
[12:14:34] [ERROR]       process_line(line, sgy_path, nav_path, dataset)
[12:14:34] [ERROR]     File "/Users/lennylukach/Personal/School/CS4100/namss/pipeline/src/pipeline.py", line 431, in process_line
[12:14:34] [ERROR]       raise RuntimeError(
[12:14:34] [ERROR]   RuntimeError: No traces matched navigation — check line name vs NAV file.
[12:14:34] [INFO ] 
[12:14:34] [INFO ] ──────────────────────────────────────────────────
[12:14:34] [INFO ]   LINE: f1289stk04
[12:14:34] [INFO ] ──────────────────────────────────────────────────
[12:14:34] [INFO ] Dataset  : namss.F-12-89-HW.mcs.airgun
[12:14:34] [INFO ] SGY      : ../../airgun_data/namss.F-12-89-HW.mcs.airgun/Data/f1289stk04.sgy
[12:14:34] [INFO ] NAV      : ../../airgun_data/namss.F-12-89-HW.mcs.airgun/Navigation/f-12-89-hw_NAV-WGS84.csv
[12:14:34] [INFO ] SA mode  : single (seed=12)
[12:14:34] [INFO ] 
[12:14:34] [INFO ] STEP 1 — Feature extraction
[12:14:34] [INFO ]   Loading navigation...
[12:14:34] [INFO ]   Loading SEG-Y...
[12:14:34] [INFO ]   Traces: 5992  Samples: 2500  dt: 4.000 ms
[12:14:34] [INFO ]   Depth:  0.0 m → 7497.0 m
[12:14:34] [INFO ]   Matching traces to navigation...
[12:14:34] [INFO ]   NAV line matched via translation: 'f1289stk04' -> '4'
[12:14:35] [INFO ]   Matched 5992 / 5992 traces
[12:14:35] [INFO ]   Bandpass filtering...
[12:14:35] [INFO ]   Computing seismic attributes...
[12:14:36] [INFO ]   Picking seafloor...
[12:14:36] [INFO ]   Seafloor depth: 0–4122 m  (10 shallow traces masked)
[12:14:36] [INFO ]   Picking horizons...
[12:14:36] [INFO ]   Computing NCC coherence (slow)...
[12:14:37] [INFO ]   Saving CNN section image...
[12:14:38] [INFO ]   Saved: f1289stk04_section_cnn.png  (2700x1500px)
[12:14:38] [INFO ]   Step 1 complete
[12:14:38] [INFO ] 
[12:14:38] [INFO ] STEP 2 — Fault detection
[12:14:38] [INFO ]   Mode: single SA run (seed=12)
[12:14:44] [INFO ]   Detected 0 high-confidence faults
[12:14:44] [INFO ]   Step 2 complete
[12:14:44] [INFO ] 
[12:14:44] [INFO ] STEP 3 — Bounding boxes
[12:14:44] [INFO ]   Generated 0 boxes
[12:14:44] [INFO ]   Step 3 complete
[12:14:44] [INFO ] 
[12:14:44] [INFO ] STEP 4 — Dataset building
[12:14:44] [INFO ]   Saving labeled review image...
[12:14:44] [INFO ]   Saved: f1289stk04_labeled.png
[12:14:44] [INFO ]   Split: train
[12:14:44] [INFO ]   Added 0 annotations to train.json
[12:14:44] [INFO ]   train.json: 29 images, 30 annotations
[12:14:44] [INFO ]   val.json:   8 images,  3 annotations
[12:14:44] [INFO ]   Step 4 complete
[12:14:44] [INFO ] 
[12:14:44] [INFO ]   DONE  f1289stk04  →  train  |  0 faults  |  0 boxes
[12:14:44] [INFO ] 
[12:14:44] [INFO ] ──────────────────────────────────────────────────
[12:14:44] [INFO ]   LINE: f1289stk05
[12:14:44] [INFO ] ──────────────────────────────────────────────────
[12:14:44] [INFO ] Dataset  : namss.F-12-89-HW.mcs.airgun
[12:14:44] [INFO ] SGY      : ../../airgun_data/namss.F-12-89-HW.mcs.airgun/Data/f1289stk05.sgy
[12:14:44] [INFO ] NAV      : ../../airgun_data/namss.F-12-89-HW.mcs.airgun/Navigation/f-12-89-hw_NAV-WGS84.csv
[12:14:44] [INFO ] SA mode  : single (seed=12)
[12:14:44] [INFO ] 
[12:14:44] [INFO ] STEP 1 — Feature extraction
[12:14:44] [INFO ]   Loading navigation...
[12:14:44] [INFO ]   Loading SEG-Y...
[12:14:44] [INFO ]   Traces: 855  Samples: 1500  dt: 4.000 ms
[12:14:44] [INFO ]   Depth:  0.0 m → 4497.0 m
[12:14:44] [INFO ]   Matching traces to navigation...
[12:14:44] [INFO ]   NAV line matched via translation: 'f1289stk05' -> '5'
[12:14:44] [INFO ]   Matched 660 / 855 traces
[12:14:44] [INFO ]   Bandpass filtering...
[12:14:44] [INFO ]   Computing seismic attributes...
[12:14:44] [INFO ]   Picking seafloor...
[12:14:44] [INFO ]   Seafloor depth: 636–840 m  (0 shallow traces masked)
[12:14:44] [INFO ]   Picking horizons...
[12:14:44] [INFO ]   Computing NCC coherence (slow)...
[12:14:44] [INFO ]   Saving CNN section image...
[12:14:45] [INFO ]   Saved: f1289stk05_section_cnn.png  (2700x1500px)
[12:14:45] [INFO ]   Step 1 complete
[12:14:45] [INFO ] 
[12:14:45] [INFO ] STEP 2 — Fault detection
[12:14:45] [INFO ]   Mode: single SA run (seed=12)
[12:14:45] [INFO ]   Detected 0 high-confidence faults
[12:14:45] [INFO ]   Step 2 complete
[12:14:45] [INFO ] 
[12:14:45] [INFO ] STEP 3 — Bounding boxes
[12:14:45] [INFO ]   Generated 0 boxes
[12:14:45] [INFO ]   Step 3 complete
[12:14:45] [INFO ] 
[12:14:45] [INFO ] STEP 4 — Dataset building
[12:14:45] [INFO ]   Saving labeled review image...
[12:14:45] [INFO ]   Saved: f1289stk05_labeled.png
[12:14:45] [INFO ]   Split: train
[12:14:45] [INFO ]   Added 0 annotations to train.json
[12:14:45] [INFO ]   train.json: 30 images, 30 annotations
[12:14:45] [INFO ]   val.json:   8 images,  3 annotations
[12:14:45] [INFO ]   Step 4 complete
[12:14:45] [INFO ] 
[12:14:45] [INFO ]   DONE  f1289stk05  →  train  |  0 faults  |  0 boxes
[12:14:46] [INFO ] 
[12:14:46] [INFO ] ──────────────────────────────────────────────────
[12:14:46] [INFO ]   LINE: f1289stk06
[12:14:46] [INFO ] ──────────────────────────────────────────────────
[12:14:46] [INFO ] Dataset  : namss.F-12-89-HW.mcs.airgun
[12:14:46] [INFO ] SGY      : ../../airgun_data/namss.F-12-89-HW.mcs.airgun/Data/f1289stk06.sgy
[12:14:46] [INFO ] NAV      : ../../airgun_data/namss.F-12-89-HW.mcs.airgun/Navigation/f-12-89-hw_NAV-WGS84.csv
[12:14:46] [INFO ] SA mode  : single (seed=12)
[12:14:46] [INFO ] 
[12:14:46] [INFO ] STEP 1 — Feature extraction
[12:14:46] [INFO ]   Loading navigation...
[12:14:46] [INFO ]   Loading SEG-Y...
[12:14:46] [INFO ]   Traces: 12610  Samples: 2750  dt: 4.000 ms
[12:14:46] [INFO ]   Depth:  0.0 m → 8247.0 m
[12:14:46] [INFO ]   Matching traces to navigation...
[12:14:46] [INFO ]   NAV line matched via translation: 'f1289stk06' -> '6'
[12:14:47] [INFO ]   Matched 3892 / 12610 traces
[12:14:47] [INFO ]   Bandpass filtering...
[12:14:47] [INFO ]   Computing seismic attributes...
[12:14:47] [INFO ]   Picking seafloor...
[12:14:48] [INFO ]   Seafloor depth: 579–5151 m  (94 shallow traces masked)
[12:14:48] [INFO ]   Picking horizons...
[12:14:48] [INFO ]   Computing NCC coherence (slow)...
[12:14:48] [INFO ]   Saving CNN section image...
[12:14:49] [INFO ]   Saved: f1289stk06_section_cnn.png  (2700x1500px)
[12:14:49] [INFO ]   Step 1 complete
[12:14:49] [INFO ] 
[12:14:49] [INFO ] STEP 2 — Fault detection
[12:14:49] [INFO ]   Mode: single SA run (seed=12)
[12:14:53] [INFO ]   Detected 1 high-confidence faults
[12:14:53] [INFO ]     Fault  1 | trace ~ 3514 | prob=0.761
[12:14:53] [INFO ]   Step 2 complete
[12:14:53] [INFO ] 
[12:14:53] [INFO ] STEP 3 — Bounding boxes
[12:14:53] [INFO ]   Box  1 | [2383, 337, 106w, 130h px]
[12:14:53] [INFO ]   Generated 1 boxes
[12:14:53] [INFO ]   Step 3 complete
[12:14:53] [INFO ] 
[12:14:53] [INFO ] STEP 4 — Dataset building
[12:14:53] [INFO ]   Saving labeled review image...
[12:14:53] [INFO ]   Saved: f1289stk06_labeled.png
[12:14:53] [INFO ]   Split: train
[12:14:53] [INFO ]   Added 1 annotations to train.json
[12:14:53] [INFO ]   train.json: 31 images, 31 annotations
[12:14:53] [INFO ]   val.json:   8 images,  3 annotations
[12:14:53] [INFO ]   Step 4 complete
[12:14:53] [INFO ] 
[12:14:53] [INFO ]   DONE  f1289stk06  →  train  |  1 faults  |  1 boxes
[12:14:53] [INFO ] 
[12:14:53] [INFO ] ──────────────────────────────────────────────────
[12:14:53] [INFO ]   LINE: f1289stk07
[12:14:53] [INFO ] ──────────────────────────────────────────────────
[12:14:53] [INFO ] Dataset  : namss.F-12-89-HW.mcs.airgun
[12:14:53] [INFO ] SGY      : ../../airgun_data/namss.F-12-89-HW.mcs.airgun/Data/f1289stk07.sgy
[12:14:53] [INFO ] NAV      : ../../airgun_data/namss.F-12-89-HW.mcs.airgun/Navigation/f-12-89-hw_NAV-WGS84.csv
[12:14:53] [INFO ] SA mode  : single (seed=12)
[12:14:53] [INFO ] 
[12:14:53] [INFO ] STEP 1 — Feature extraction
[12:14:53] [INFO ]   Loading navigation...
[12:14:53] [INFO ]   Loading SEG-Y...
[12:14:53] [INFO ]   Traces: 598  Samples: 2250  dt: 4.000 ms
[12:14:53] [INFO ]   Depth:  0.0 m → 6747.0 m
[12:14:53] [INFO ]   Matching traces to navigation...
[12:14:53] [INFO ]   NAV line matched via translation: 'f1289stk07' -> '7'
[12:14:53] [INFO ]   Matched 0 / 598 traces
[12:14:53] [ERROR] SKIPPING f1289stk07 (namss.F-12-89-HW.mcs.airgun): No traces matched navigation — check line name vs NAV file.
[12:14:53] [ERROR]   Traceback (most recent call last):
[12:14:53] [ERROR]     File "/Users/lennylukach/Personal/School/CS4100/namss/pipeline/src/pipeline.py", line 848, in <module>
[12:14:53] [ERROR]       process_line(line, sgy_path, nav_path, dataset)
[12:14:53] [ERROR]     File "/Users/lennylukach/Personal/School/CS4100/namss/pipeline/src/pipeline.py", line 431, in process_line
[12:14:53] [ERROR]       raise RuntimeError(
[12:14:53] [ERROR]   RuntimeError: No traces matched navigation — check line name vs NAV file.
[12:14:53] [INFO ] 
[12:14:53] [INFO ] ──────────────────────────────────────────────────
[12:14:53] [INFO ]   LINE: f1289stk08
[12:14:53] [INFO ] ──────────────────────────────────────────────────
[12:14:53] [INFO ] Dataset  : namss.F-12-89-HW.mcs.airgun
[12:14:53] [INFO ] SGY      : ../../airgun_data/namss.F-12-89-HW.mcs.airgun/Data/f1289stk08.sgy
[12:14:53] [INFO ] NAV      : ../../airgun_data/namss.F-12-89-HW.mcs.airgun/Navigation/f-12-89-hw_NAV-WGS84.csv
[12:14:53] [INFO ] SA mode  : single (seed=12)
[12:14:53] [INFO ] 
[12:14:53] [INFO ] STEP 1 — Feature extraction
[12:14:53] [INFO ]   Loading navigation...
[12:14:53] [INFO ]   Loading SEG-Y...
[12:14:54] [INFO ]   Traces: 12723  Samples: 2750  dt: 4.000 ms
[12:14:54] [INFO ]   Depth:  0.0 m → 8247.0 m
[12:14:54] [INFO ]   Matching traces to navigation...
[12:14:54] [INFO ]   NAV line matched via translation: 'f1289stk08' -> '8'
[12:14:55] [INFO ]   Matched 12723 / 12723 traces
[12:14:55] [INFO ]   Bandpass filtering...
[12:14:55] [INFO ]   Computing seismic attributes...
[12:14:57] [INFO ]   Picking seafloor...
[12:14:58] [INFO ]   Seafloor depth: 735–5142 m  (0 shallow traces masked)
[12:14:58] [INFO ]   Picking horizons...
[12:14:58] [INFO ]   Computing NCC coherence (slow)...
[12:15:00] [INFO ]   Saving CNN section image...
[12:15:02] [INFO ]   Saved: f1289stk08_section_cnn.png  (2700x1500px)
[12:15:02] [INFO ]   Step 1 complete
[12:15:02] [INFO ] 
[12:15:02] [INFO ] STEP 2 — Fault detection
[12:15:02] [INFO ]   Mode: single SA run (seed=12)
[12:15:16] [INFO ]   Detected 0 high-confidence faults
[12:15:16] [INFO ]   Step 2 complete
[12:15:16] [INFO ] 
[12:15:16] [INFO ] STEP 3 — Bounding boxes
[12:15:16] [INFO ]   Generated 0 boxes
[12:15:16] [INFO ]   Step 3 complete
[12:15:16] [INFO ] 
[12:15:16] [INFO ] STEP 4 — Dataset building
[12:15:16] [INFO ]   Saving labeled review image...
[12:15:17] [INFO ]   Saved: f1289stk08_labeled.png
[12:15:17] [INFO ]   Split: train
[12:15:17] [INFO ]   Added 0 annotations to train.json
[12:15:17] [INFO ]   train.json: 32 images, 31 annotations
[12:15:17] [INFO ]   val.json:   8 images,  3 annotations
[12:15:17] [INFO ]   Step 4 complete
[12:15:17] [INFO ] 
[12:15:17] [INFO ]   DONE  f1289stk08  →  train  |  0 faults  |  0 boxes
[12:15:17] [INFO ] 
[12:15:17] [INFO ] ──────────────────────────────────────────────────
[12:15:17] [INFO ]   LINE: f1289stk09
[12:15:17] [INFO ] ──────────────────────────────────────────────────
[12:15:17] [INFO ] Dataset  : namss.F-12-89-HW.mcs.airgun
[12:15:17] [INFO ] SGY      : ../../airgun_data/namss.F-12-89-HW.mcs.airgun/Data/f1289stk09.sgy
[12:15:17] [INFO ] NAV      : ../../airgun_data/namss.F-12-89-HW.mcs.airgun/Navigation/f-12-89-hw_NAV-WGS84.csv
[12:15:17] [INFO ] SA mode  : single (seed=12)
[12:15:17] [INFO ] 
[12:15:17] [INFO ] STEP 1 — Feature extraction
[12:15:17] [INFO ]   Loading navigation...
[12:15:17] [INFO ]   Loading SEG-Y...
[12:15:17] [INFO ]   Traces: 354  Samples: 1750  dt: 4.000 ms
[12:15:17] [INFO ]   Depth:  0.0 m → 5247.0 m
[12:15:17] [INFO ]   Matching traces to navigation...
[12:15:17] [INFO ]   NAV line matched via translation: 'f1289stk09' -> '9'
[12:15:17] [INFO ]   Matched 0 / 354 traces
[12:15:17] [ERROR] SKIPPING f1289stk09 (namss.F-12-89-HW.mcs.airgun): No traces matched navigation — check line name vs NAV file.
[12:15:17] [ERROR]   Traceback (most recent call last):
[12:15:17] [ERROR]     File "/Users/lennylukach/Personal/School/CS4100/namss/pipeline/src/pipeline.py", line 848, in <module>
[12:15:17] [ERROR]       process_line(line, sgy_path, nav_path, dataset)
[12:15:17] [ERROR]     File "/Users/lennylukach/Personal/School/CS4100/namss/pipeline/src/pipeline.py", line 431, in process_line
[12:15:17] [ERROR]       raise RuntimeError(
[12:15:17] [ERROR]   RuntimeError: No traces matched navigation — check line name vs NAV file.
[12:15:17] [INFO ] 
[12:15:17] [INFO ] ──────────────────────────────────────────────────
[12:15:17] [INFO ]   LINE: f1289stk10
[12:15:17] [INFO ] ──────────────────────────────────────────────────
[12:15:17] [INFO ] Dataset  : namss.F-12-89-HW.mcs.airgun
[12:15:17] [INFO ] SGY      : ../../airgun_data/namss.F-12-89-HW.mcs.airgun/Data/f1289stk10.sgy
[12:15:17] [INFO ] NAV      : ../../airgun_data/namss.F-12-89-HW.mcs.airgun/Navigation/f-12-89-hw_NAV-WGS84.csv
[12:15:17] [INFO ] SA mode  : single (seed=12)
[12:15:17] [INFO ] 
[12:15:17] [INFO ] STEP 1 — Feature extraction
[12:15:17] [INFO ]   Loading navigation...
[12:15:17] [INFO ]   Loading SEG-Y...
[12:15:17] [INFO ]   Traces: 11635  Samples: 2750  dt: 4.000 ms
[12:15:17] [INFO ]   Depth:  0.0 m → 8247.0 m
[12:15:17] [INFO ]   Matching traces to navigation...
[12:15:17] [INFO ]   NAV line matched via translation: 'f1289stk10' -> '10'
[12:15:18] [INFO ]   Matched 11635 / 11635 traces
[12:15:18] [INFO ]   Bandpass filtering...
[12:15:19] [INFO ]   Computing seismic attributes...
[12:15:20] [INFO ]   Picking seafloor...
[12:15:21] [INFO ]   Seafloor depth: 1683–5082 m  (0 shallow traces masked)
[12:15:21] [INFO ]   Picking horizons...
[12:15:22] [INFO ]   Computing NCC coherence (slow)...
[12:15:23] [INFO ]   Saving CNN section image...
[12:15:25] [INFO ]   Saved: f1289stk10_section_cnn.png  (2700x1500px)
[12:15:25] [INFO ]   Step 1 complete
[12:15:25] [INFO ] 
[12:15:25] [INFO ] STEP 2 — Fault detection
[12:15:25] [INFO ]   Mode: single SA run (seed=12)
[12:15:36] [INFO ]   Detected 0 high-confidence faults
[12:15:36] [INFO ]   Step 2 complete
[12:15:36] [INFO ] 
[12:15:36] [INFO ] STEP 3 — Bounding boxes
[12:15:36] [INFO ]   Generated 0 boxes
[12:15:36] [INFO ]   Step 3 complete
[12:15:36] [INFO ] 
[12:15:36] [INFO ] STEP 4 — Dataset building
[12:15:36] [INFO ]   Saving labeled review image...
[12:15:36] [INFO ]   Saved: f1289stk10_labeled.png
[12:15:36] [INFO ]   Split: train
[12:15:36] [INFO ]   Added 0 annotations to train.json
[12:15:36] [INFO ]   train.json: 33 images, 31 annotations
[12:15:36] [INFO ]   val.json:   8 images,  3 annotations
[12:15:36] [INFO ]   Step 4 complete
[12:15:36] [INFO ] 
[12:15:36] [INFO ]   DONE  f1289stk10  →  train  |  0 faults  |  0 boxes
[12:15:36] [INFO ] 
[12:15:36] [INFO ] ──────────────────────────────────────────────────
[12:15:36] [INFO ]   LINE: f1289stk11
[12:15:36] [INFO ] ──────────────────────────────────────────────────
[12:15:36] [INFO ] Dataset  : namss.F-12-89-HW.mcs.airgun
[12:15:36] [INFO ] SGY      : ../../airgun_data/namss.F-12-89-HW.mcs.airgun/Data/f1289stk11.sgy
[12:15:36] [INFO ] NAV      : ../../airgun_data/namss.F-12-89-HW.mcs.airgun/Navigation/f-12-89-hw_NAV-WGS84.csv
[12:15:36] [INFO ] SA mode  : single (seed=12)
[12:15:36] [INFO ] 
[12:15:36] [INFO ] STEP 1 — Feature extraction
[12:15:36] [INFO ]   Loading navigation...
[12:15:37] [INFO ]   Loading SEG-Y...
[12:15:37] [INFO ]   Traces: 604  Samples: 2750  dt: 4.000 ms
[12:15:37] [INFO ]   Depth:  0.0 m → 8247.0 m
[12:15:37] [INFO ]   Matching traces to navigation...
[12:15:37] [INFO ]   NAV line matched via translation: 'f1289stk11' -> '11'
[12:15:37] [INFO ]   Matched 0 / 604 traces
[12:15:37] [ERROR] SKIPPING f1289stk11 (namss.F-12-89-HW.mcs.airgun): No traces matched navigation — check line name vs NAV file.
[12:15:37] [ERROR]   Traceback (most recent call last):
[12:15:37] [ERROR]     File "/Users/lennylukach/Personal/School/CS4100/namss/pipeline/src/pipeline.py", line 848, in <module>
[12:15:37] [ERROR]       process_line(line, sgy_path, nav_path, dataset)
[12:15:37] [ERROR]     File "/Users/lennylukach/Personal/School/CS4100/namss/pipeline/src/pipeline.py", line 431, in process_line
[12:15:37] [ERROR]       raise RuntimeError(
[12:15:37] [ERROR]   RuntimeError: No traces matched navigation — check line name vs NAV file.
[12:15:37] [INFO ] 
[12:15:37] [INFO ] ──────────────────────────────────────────────────
[12:15:37] [INFO ]   LINE: f1289stk12
[12:15:37] [INFO ] ──────────────────────────────────────────────────
[12:15:37] [INFO ] Dataset  : namss.F-12-89-HW.mcs.airgun
[12:15:37] [INFO ] SGY      : ../../airgun_data/namss.F-12-89-HW.mcs.airgun/Data/f1289stk12.sgy
[12:15:37] [INFO ] NAV      : ../../airgun_data/namss.F-12-89-HW.mcs.airgun/Navigation/f-12-89-hw_NAV-WGS84.csv
[12:15:37] [INFO ] SA mode  : single (seed=12)
[12:15:37] [INFO ] 
[12:15:37] [INFO ] STEP 1 — Feature extraction
[12:15:37] [INFO ]   Loading navigation...
[12:15:37] [INFO ]   Loading SEG-Y...
[12:15:37] [INFO ]   Traces: 2418  Samples: 2750  dt: 4.000 ms
[12:15:37] [INFO ]   Depth:  0.0 m → 8247.0 m
[12:15:37] [INFO ]   Matching traces to navigation...
[12:15:37] [INFO ]   NAV line matched via translation: 'f1289stk12' -> '12'
[12:15:37] [INFO ]   Matched 2418 / 2418 traces
[12:15:37] [INFO ]   Bandpass filtering...
[12:15:37] [INFO ]   Computing seismic attributes...
[12:15:37] [INFO ]   Picking seafloor...
[12:15:38] [INFO ]   Seafloor depth: 2730–5016 m  (0 shallow traces masked)
[12:15:38] [INFO ]   Picking horizons...
[12:15:38] [INFO ]   Computing NCC coherence (slow)...
[12:15:38] [INFO ]   Saving CNN section image...
[12:15:38] [INFO ]   Saved: f1289stk12_section_cnn.png  (2700x1500px)
[12:15:38] [INFO ]   Step 1 complete
[12:15:38] [INFO ] 
[12:15:38] [INFO ] STEP 2 — Fault detection
[12:15:38] [INFO ]   Mode: single SA run (seed=12)
[12:15:41] [INFO ]   Detected 2 high-confidence faults
[12:15:41] [INFO ]     Fault  1 | trace ~ 2211 | prob=0.760
[12:15:41] [INFO ]     Fault  2 | trace ~ 2399 | prob=0.757
[12:15:41] [INFO ]   Step 2 complete
[12:15:41] [INFO ] 
[12:15:41] [INFO ] STEP 3 — Bounding boxes
[12:15:41] [INFO ]   Box  1 | [2370, 672, 194w, 125h px]
[12:15:41] [INFO ]   Box  2 | [2607, 491, 93w, 122h px]
[12:15:41] [INFO ]   Generated 2 boxes
[12:15:41] [INFO ]   Step 3 complete
[12:15:41] [INFO ] 
[12:15:41] [INFO ] STEP 4 — Dataset building
[12:15:41] [INFO ]   Saving labeled review image...
[12:15:41] [INFO ]   Saved: f1289stk12_labeled.png
[12:15:41] [INFO ]   Split: val
[12:15:41] [INFO ]   Added 2 annotations to val.json
[12:15:41] [INFO ]   train.json: 33 images, 31 annotations
[12:15:41] [INFO ]   val.json:   9 images,  5 annotations
[12:15:41] [INFO ]   Step 4 complete
[12:15:41] [INFO ] 
[12:15:41] [INFO ]   DONE  f1289stk12  →  val  |  2 faults  |  2 boxes
[12:15:41] [INFO ] 
[12:15:41] [INFO ] ──────────────────────────────────────────────────
[12:15:41] [INFO ]   LINE: f1289stk13
[12:15:41] [INFO ] ──────────────────────────────────────────────────
[12:15:41] [INFO ] Dataset  : namss.F-12-89-HW.mcs.airgun
[12:15:41] [INFO ] SGY      : ../../airgun_data/namss.F-12-89-HW.mcs.airgun/Data/f1289stk13.sgy
[12:15:41] [INFO ] NAV      : ../../airgun_data/namss.F-12-89-HW.mcs.airgun/Navigation/f-12-89-hw_NAV-WGS84.csv
[12:15:41] [INFO ] SA mode  : single (seed=12)
[12:15:41] [INFO ] 
[12:15:41] [INFO ] STEP 1 — Feature extraction
[12:15:41] [INFO ]   Loading navigation...
[12:15:41] [INFO ]   Loading SEG-Y...
[12:15:41] [INFO ]   Traces: 633  Samples: 2750  dt: 4.000 ms
[12:15:41] [INFO ]   Depth:  0.0 m → 8247.0 m
[12:15:41] [INFO ]   Matching traces to navigation...
[12:15:41] [INFO ]   NAV line matched via translation: 'f1289stk13' -> '13'
[12:15:41] [INFO ]   Matched 0 / 633 traces
[12:15:41] [ERROR] SKIPPING f1289stk13 (namss.F-12-89-HW.mcs.airgun): No traces matched navigation — check line name vs NAV file.
[12:15:41] [ERROR]   Traceback (most recent call last):
[12:15:41] [ERROR]     File "/Users/lennylukach/Personal/School/CS4100/namss/pipeline/src/pipeline.py", line 848, in <module>
[12:15:41] [ERROR]       process_line(line, sgy_path, nav_path, dataset)
[12:15:41] [ERROR]     File "/Users/lennylukach/Personal/School/CS4100/namss/pipeline/src/pipeline.py", line 431, in process_line
[12:15:41] [ERROR]       raise RuntimeError(
[12:15:41] [ERROR]   RuntimeError: No traces matched navigation — check line name vs NAV file.
[12:15:41] [INFO ] 
[12:15:41] [INFO ] ──────────────────────────────────────────────────
[12:15:41] [INFO ]   LINE: f1289stk14
[12:15:41] [INFO ] ──────────────────────────────────────────────────
[12:15:41] [INFO ] Dataset  : namss.F-12-89-HW.mcs.airgun
[12:15:41] [INFO ] SGY      : ../../airgun_data/namss.F-12-89-HW.mcs.airgun/Data/f1289stk14.sgy
[12:15:41] [INFO ] NAV      : ../../airgun_data/namss.F-12-89-HW.mcs.airgun/Navigation/f-12-89-hw_NAV-WGS84.csv
[12:15:41] [INFO ] SA mode  : single (seed=12)
[12:15:41] [INFO ] 
[12:15:41] [INFO ] STEP 1 — Feature extraction
[12:15:41] [INFO ]   Loading navigation...
[12:15:41] [INFO ]   Loading SEG-Y...
[12:15:41] [INFO ]   Traces: 4559  Samples: 2750  dt: 4.000 ms
[12:15:41] [INFO ]   Depth:  0.0 m → 8247.0 m
[12:15:41] [INFO ]   Matching traces to navigation...
[12:15:41] [INFO ]   NAV line matched via translation: 'f1289stk14' -> '14'
[12:15:42] [INFO ]   Matched 4559 / 4559 traces
[12:15:42] [INFO ]   Bandpass filtering...
[12:15:42] [INFO ]   Computing seismic attributes...
[12:15:42] [INFO ]   Picking seafloor...
[12:15:43] [INFO ]   Seafloor depth: 4080–4941 m  (0 shallow traces masked)
[12:15:43] [INFO ]   Picking horizons...
[12:15:43] [INFO ]   Computing NCC coherence (slow)...
[12:15:43] [INFO ]   Saving CNN section image...
[12:15:44] [INFO ]   Saved: f1289stk14_section_cnn.png  (2700x1500px)
[12:15:44] [INFO ]   Step 1 complete
[12:15:44] [INFO ] 
[12:15:44] [INFO ] STEP 2 — Fault detection
[12:15:44] [INFO ]   Mode: single SA run (seed=12)
[12:15:49] [INFO ]   Detected 1 high-confidence faults
[12:15:49] [INFO ]     Fault  1 | trace ~ 2075 | prob=0.773
[12:15:49] [INFO ]   Step 2 complete
[12:15:49] [INFO ] 
[12:15:49] [INFO ] STEP 3 — Bounding boxes
[12:15:49] [INFO ]   Box  1 | [1174, 856, 104w, 128h px]
[12:15:49] [INFO ]   Generated 1 boxes
[12:15:49] [INFO ]   Step 3 complete
[12:15:49] [INFO ] 
[12:15:49] [INFO ] STEP 4 — Dataset building
[12:15:49] [INFO ]   Saving labeled review image...
[12:15:49] [INFO ]   Saved: f1289stk14_labeled.png
[12:15:49] [INFO ]   Split: train
[12:15:49] [INFO ]   Added 1 annotations to train.json
[12:15:49] [INFO ]   train.json: 34 images, 32 annotations
[12:15:49] [INFO ]   val.json:   9 images,  5 annotations
[12:15:49] [INFO ]   Step 4 complete
[12:15:49] [INFO ] 
[12:15:49] [INFO ]   DONE  f1289stk14  →  train  |  1 faults  |  1 boxes
[12:15:49] [INFO ] 
[12:15:49] [INFO ] ──────────────────────────────────────────────────
[12:15:49] [INFO ]   LINE: f1289stk15
[12:15:49] [INFO ] ──────────────────────────────────────────────────
[12:15:49] [INFO ] Dataset  : namss.F-12-89-HW.mcs.airgun
[12:15:49] [INFO ] SGY      : ../../airgun_data/namss.F-12-89-HW.mcs.airgun/Data/f1289stk15.sgy
[12:15:49] [INFO ] NAV      : ../../airgun_data/namss.F-12-89-HW.mcs.airgun/Navigation/f-12-89-hw_NAV-WGS84.csv
[12:15:49] [INFO ] SA mode  : single (seed=12)
[12:15:49] [INFO ] 
[12:15:49] [INFO ] STEP 1 — Feature extraction
[12:15:49] [INFO ]   Loading navigation...
[12:15:49] [INFO ]   Loading SEG-Y...
[12:15:49] [INFO ]   Traces: 578  Samples: 2750  dt: 4.000 ms
[12:15:49] [INFO ]   Depth:  0.0 m → 8247.0 m
[12:15:49] [INFO ]   Matching traces to navigation...
[12:15:49] [INFO ]   NAV line matched via translation: 'f1289stk15' -> '15'
[12:15:49] [INFO ]   Matched 0 / 578 traces
[12:15:49] [ERROR] SKIPPING f1289stk15 (namss.F-12-89-HW.mcs.airgun): No traces matched navigation — check line name vs NAV file.
[12:15:49] [ERROR]   Traceback (most recent call last):
[12:15:49] [ERROR]     File "/Users/lennylukach/Personal/School/CS4100/namss/pipeline/src/pipeline.py", line 848, in <module>
[12:15:49] [ERROR]       process_line(line, sgy_path, nav_path, dataset)
[12:15:49] [ERROR]     File "/Users/lennylukach/Personal/School/CS4100/namss/pipeline/src/pipeline.py", line 431, in process_line
[12:15:49] [ERROR]       raise RuntimeError(
[12:15:49] [ERROR]   RuntimeError: No traces matched navigation — check line name vs NAV file.
[12:15:49] [INFO ] 
[12:15:49] [INFO ] ──────────────────────────────────────────────────
[12:15:49] [INFO ]   LINE: f1289stk16
[12:15:49] [INFO ] ──────────────────────────────────────────────────
[12:15:49] [INFO ] Dataset  : namss.F-12-89-HW.mcs.airgun
[12:15:49] [INFO ] SGY      : ../../airgun_data/namss.F-12-89-HW.mcs.airgun/Data/f1289stk16.sgy
[12:15:49] [INFO ] NAV      : ../../airgun_data/namss.F-12-89-HW.mcs.airgun/Navigation/f-12-89-hw_NAV-WGS84.csv
[12:15:49] [INFO ] SA mode  : single (seed=12)
[12:15:49] [INFO ] 
[12:15:49] [INFO ] STEP 1 — Feature extraction
[12:15:49] [INFO ]   Loading navigation...
[12:15:49] [INFO ]   Loading SEG-Y...
[12:15:49] [INFO ]   Traces: 14021  Samples: 2750  dt: 4.000 ms
[12:15:49] [INFO ]   Depth:  0.0 m → 8247.0 m
[12:15:49] [INFO ]   Matching traces to navigation...
[12:15:49] [INFO ]   NAV line matched via translation: 'f1289stk16' -> '16'
[12:15:51] [INFO ]   Matched 14021 / 14021 traces
[12:15:51] [INFO ]   Bandpass filtering...
[12:15:51] [INFO ]   Computing seismic attributes...
[12:15:53] [INFO ]   Picking seafloor...
[12:15:54] [INFO ]   Seafloor depth: 0–4977 m  (2198 shallow traces masked)
[12:15:54] [INFO ]   Picking horizons...
[12:15:54] [INFO ]   Computing NCC coherence (slow)...
[12:15:56] [INFO ]   Saving CNN section image...
[12:15:58] [INFO ]   Saved: f1289stk16_section_cnn.png  (2700x1500px)
[12:15:58] [INFO ]   Step 1 complete
[12:15:58] [INFO ] 
[12:15:58] [INFO ] STEP 2 — Fault detection
[12:15:58] [INFO ]   Mode: single SA run (seed=12)
[12:16:14] [INFO ]   Detected 0 high-confidence faults
[12:16:14] [INFO ]   Step 2 complete
[12:16:14] [INFO ] 
[12:16:14] [INFO ] STEP 3 — Bounding boxes
[12:16:14] [INFO ]   Generated 0 boxes
[12:16:14] [INFO ]   Step 3 complete
[12:16:14] [INFO ] 
[12:16:14] [INFO ] STEP 4 — Dataset building
[12:16:14] [INFO ]   Saving labeled review image...
[12:16:14] [INFO ]   Saved: f1289stk16_labeled.png
[12:16:14] [INFO ]   Split: train
[12:16:14] [INFO ]   Added 0 annotations to train.json
[12:16:14] [INFO ]   train.json: 35 images, 32 annotations
[12:16:14] [INFO ]   val.json:   9 images,  5 annotations
[12:16:14] [INFO ]   Step 4 complete
[12:16:14] [INFO ] 
[12:16:14] [INFO ]   DONE  f1289stk16  →  train  |  0 faults  |  0 boxes
[12:16:14] [INFO ] 
[12:16:14] [INFO ] ──────────────────────────────────────────────────
[12:16:14] [INFO ]   LINE: f1289stk17
[12:16:14] [INFO ] ──────────────────────────────────────────────────
[12:16:14] [INFO ] Dataset  : namss.F-12-89-HW.mcs.airgun
[12:16:14] [INFO ] SGY      : ../../airgun_data/namss.F-12-89-HW.mcs.airgun/Data/f1289stk17.sgy
[12:16:14] [INFO ] NAV      : ../../airgun_data/namss.F-12-89-HW.mcs.airgun/Navigation/f-12-89-hw_NAV-WGS84.csv
[12:16:14] [INFO ] SA mode  : single (seed=12)
[12:16:14] [INFO ] 
[12:16:14] [INFO ] STEP 1 — Feature extraction
[12:16:14] [INFO ]   Loading navigation...
[12:16:14] [INFO ]   Loading SEG-Y...
[12:16:15] [ERROR] SKIPPING f1289stk17 (namss.F-12-89-HW.mcs.airgun): 'julday' out of bounds for year 1986: 0
[12:16:15] [ERROR]   Traceback (most recent call last):
[12:16:15] [ERROR]     File "/Users/lennylukach/Personal/School/CS4100/namss/pipeline/src/pipeline.py", line 848, in <module>
[12:16:15] [ERROR]       process_line(line, sgy_path, nav_path, dataset)
[12:16:15] [ERROR]     File "/Users/lennylukach/Personal/School/CS4100/namss/pipeline/src/pipeline.py", line 405, in process_line
[12:16:15] [ERROR]       st = read(sgy_path)
[12:16:15] [ERROR]     File "/Users/lennylukach/Personal/School/CS4100/namss/venv/lib/python3.10/site-packages/decorator.py", line 235, in fun
[12:16:15] [ERROR]       return caller(func, *(extras + args), **kw)
[12:16:15] [ERROR]     File "/Users/lennylukach/Personal/School/CS4100/namss/venv/lib/python3.10/site-packages/obspy/core/util/decorator.py", line 298, in _map_example_filename
[12:16:15] [ERROR]       return func(*args, **kwargs)
[12:16:15] [ERROR]     File "/Users/lennylukach/Personal/School/CS4100/namss/venv/lib/python3.10/site-packages/obspy/core/stream.py", line 210, in read
[12:16:15] [ERROR]       st = _generic_reader(pathname_or_url, _read, **kwargs)
[12:16:15] [ERROR]     File "/Users/lennylukach/Personal/School/CS4100/namss/venv/lib/python3.10/site-packages/obspy/core/util/base.py", line 822, in _generic_reader
[12:16:15] [ERROR]       generic = callback_func(pathnames[0], **kwargs)
[12:16:15] [ERROR]     File "/Users/lennylukach/Personal/School/CS4100/namss/venv/lib/python3.10/site-packages/decorator.py", line 235, in fun
[12:16:15] [ERROR]       return caller(func, *(extras + args), **kw)
[12:16:15] [ERROR]     File "/Users/lennylukach/Personal/School/CS4100/namss/venv/lib/python3.10/site-packages/obspy/core/util/decorator.py", line 209, in uncompress_file
[12:16:15] [ERROR]       result = func(filename, *args, **kwargs)
[12:16:15] [ERROR]     File "/Users/lennylukach/Personal/School/CS4100/namss/venv/lib/python3.10/site-packages/obspy/core/stream.py", line 255, in _read
[12:16:15] [ERROR]       stream, format = _read_from_plugin('waveform', filename, format=format,
[12:16:15] [ERROR]     File "/Users/lennylukach/Personal/School/CS4100/namss/venv/lib/python3.10/site-packages/obspy/core/util/base.py", line 559, in _read_from_plugin
[12:16:15] [ERROR]       list_obj = read_format(filename, **kwargs)
[12:16:15] [ERROR]     File "/Users/lennylukach/Personal/School/CS4100/namss/venv/lib/python3.10/site-packages/obspy/io/segy/core.py", line 204, in _read_segy
[12:16:15] [ERROR]       stream.append(tr.to_obspy_trace(
[12:16:15] [ERROR]     File "/Users/lennylukach/Personal/School/CS4100/namss/venv/lib/python3.10/site-packages/obspy/io/segy/segy.py", line 775, in to_obspy_trace
[12:16:15] [ERROR]       trace.stats.starttime = UTCDateTime(
[12:16:15] [ERROR]     File "/Users/lennylukach/Personal/School/CS4100/namss/venv/lib/python3.10/site-packages/obspy/core/utcdatetime.py", line 440, in __init__
[12:16:15] [ERROR]       raise ValueError(msg)
[12:16:15] [ERROR]   ValueError: 'julday' out of bounds for year 1986: 0
[12:16:15] [INFO ] 
[12:16:15] [INFO ] ──────────────────────────────────────────────────
[12:16:15] [INFO ]   LINE: f1289stk18
[12:16:15] [INFO ] ──────────────────────────────────────────────────
[12:16:15] [INFO ] Dataset  : namss.F-12-89-HW.mcs.airgun
[12:16:15] [INFO ] SGY      : ../../airgun_data/namss.F-12-89-HW.mcs.airgun/Data/f1289stk18.sgy
[12:16:15] [INFO ] NAV      : ../../airgun_data/namss.F-12-89-HW.mcs.airgun/Navigation/f-12-89-hw_NAV-WGS84.csv
[12:16:15] [INFO ] SA mode  : single (seed=12)
[12:16:15] [INFO ] 
[12:16:15] [INFO ] STEP 1 — Feature extraction
[12:16:15] [INFO ]   Loading navigation...
[12:16:15] [INFO ]   Loading SEG-Y...
[12:16:15] [INFO ]   Traces: 10874  Samples: 2750  dt: 4.000 ms
[12:16:15] [INFO ]   Depth:  0.0 m → 8247.0 m
[12:16:15] [INFO ]   Matching traces to navigation...
[12:16:15] [INFO ]   NAV line matched via translation: 'f1289stk18' -> '18'
[12:16:16] [INFO ]   Matched 10874 / 10874 traces
[12:16:16] [INFO ]   Bandpass filtering...
[12:16:16] [INFO ]   Computing seismic attributes...
[12:16:18] [INFO ]   Picking seafloor...
[12:16:18] [INFO ]   Seafloor depth: 2631–4989 m  (0 shallow traces masked)
[12:16:18] [INFO ]   Picking horizons...
[12:16:19] [INFO ]   Computing NCC coherence (slow)...
[12:16:20] [INFO ]   Saving CNN section image...
[12:16:22] [INFO ]   Saved: f1289stk18_section_cnn.png  (2700x1500px)
[12:16:22] [INFO ]   Step 1 complete
[12:16:22] [INFO ] 
[12:16:22] [INFO ] STEP 2 — Fault detection
[12:16:22] [INFO ]   Mode: single SA run (seed=12)
[12:16:35] [INFO ]   Detected 0 high-confidence faults
[12:16:35] [INFO ]   Step 2 complete
[12:16:35] [INFO ] 
[12:16:35] [INFO ] STEP 3 — Bounding boxes
[12:16:35] [INFO ]   Generated 0 boxes
[12:16:35] [INFO ]   Step 3 complete
[12:16:35] [INFO ] 
[12:16:35] [INFO ] STEP 4 — Dataset building
[12:16:35] [INFO ]   Saving labeled review image...
[12:16:35] [INFO ]   Saved: f1289stk18_labeled.png
[12:16:35] [INFO ]   Split: train
[12:16:35] [INFO ]   Added 0 annotations to train.json
[12:16:35] [INFO ]   train.json: 36 images, 32 annotations
[12:16:35] [INFO ]   val.json:   9 images,  5 annotations
[12:16:35] [INFO ]   Step 4 complete
[12:16:35] [INFO ] 
[12:16:35] [INFO ]   DONE  f1289stk18  →  train  |  0 faults  |  0 boxes
[12:16:35] [INFO ] 
[12:16:35] [INFO ] ──────────────────────────────────────────────────
[12:16:35] [INFO ]   LINE: f1289stk19
[12:16:35] [INFO ] ──────────────────────────────────────────────────
[12:16:35] [INFO ] Dataset  : namss.F-12-89-HW.mcs.airgun
[12:16:35] [INFO ] SGY      : ../../airgun_data/namss.F-12-89-HW.mcs.airgun/Data/f1289stk19.sgy
[12:16:35] [INFO ] NAV      : ../../airgun_data/namss.F-12-89-HW.mcs.airgun/Navigation/f-12-89-hw_NAV-WGS84.csv
[12:16:35] [INFO ] SA mode  : single (seed=12)
[12:16:35] [INFO ] 
[12:16:35] [INFO ] STEP 1 — Feature extraction
[12:16:35] [INFO ]   Loading navigation...
[12:16:35] [INFO ]   Loading SEG-Y...
[12:16:35] [INFO ]   Traces: 700  Samples: 2750  dt: 4.000 ms
[12:16:35] [INFO ]   Depth:  0.0 m → 8247.0 m
[12:16:35] [INFO ]   Matching traces to navigation...
[12:16:35] [INFO ]   NAV line matched via translation: 'f1289stk19' -> '19'
[12:16:35] [INFO ]   Matched 0 / 700 traces
[12:16:35] [ERROR] SKIPPING f1289stk19 (namss.F-12-89-HW.mcs.airgun): No traces matched navigation — check line name vs NAV file.
[12:16:35] [ERROR]   Traceback (most recent call last):
[12:16:35] [ERROR]     File "/Users/lennylukach/Personal/School/CS4100/namss/pipeline/src/pipeline.py", line 848, in <module>
[12:16:35] [ERROR]       process_line(line, sgy_path, nav_path, dataset)
[12:16:35] [ERROR]     File "/Users/lennylukach/Personal/School/CS4100/namss/pipeline/src/pipeline.py", line 431, in process_line
[12:16:35] [ERROR]       raise RuntimeError(
[12:16:35] [ERROR]   RuntimeError: No traces matched navigation — check line name vs NAV file.
[12:16:35] [INFO ] 
[12:16:35] [INFO ] ──────────────────────────────────────────────────
[12:16:35] [INFO ]   LINE: f1289stk20
[12:16:35] [INFO ] ──────────────────────────────────────────────────
[12:16:35] [INFO ] Dataset  : namss.F-12-89-HW.mcs.airgun
[12:16:35] [INFO ] SGY      : ../../airgun_data/namss.F-12-89-HW.mcs.airgun/Data/f1289stk20.sgy
[12:16:35] [INFO ] NAV      : ../../airgun_data/namss.F-12-89-HW.mcs.airgun/Navigation/f-12-89-hw_NAV-WGS84.csv
[12:16:35] [INFO ] SA mode  : single (seed=12)
[12:16:35] [INFO ] 
[12:16:35] [INFO ] STEP 1 — Feature extraction
[12:16:35] [INFO ]   Loading navigation...
[12:16:35] [INFO ]   Loading SEG-Y...
[12:16:36] [INFO ]   Traces: 10675  Samples: 2750  dt: 4.000 ms
[12:16:36] [INFO ]   Depth:  0.0 m → 8247.0 m
[12:16:36] [INFO ]   Matching traces to navigation...
[12:16:36] [INFO ]   NAV line matched via translation: 'f1289stk20' -> '20'
[12:16:37] [INFO ]   Matched 10675 / 10675 traces
[12:16:37] [INFO ]   Bandpass filtering...
[12:16:37] [INFO ]   Computing seismic attributes...
[12:16:38] [INFO ]   Picking seafloor...
[12:16:39] [INFO ]   Seafloor depth: 2298–5001 m  (0 shallow traces masked)
[12:16:39] [INFO ]   Picking horizons...
[12:16:40] [INFO ]   Computing NCC coherence (slow)...
[12:16:41] [INFO ]   Saving CNN section image...
[12:16:43] [INFO ]   Saved: f1289stk20_section_cnn.png  (2700x1500px)
[12:16:43] [INFO ]   Step 1 complete
[12:16:43] [INFO ] 
[12:16:43] [INFO ] STEP 2 — Fault detection
[12:16:43] [INFO ]   Mode: single SA run (seed=12)
[12:16:56] [INFO ]   Detected 1 high-confidence faults
[12:16:56] [INFO ]     Fault  1 | trace ~ 9724 | prob=0.759
[12:16:56] [INFO ]   Step 2 complete
[12:16:56] [INFO ] 
[12:16:56] [INFO ] STEP 3 — Bounding boxes
[12:16:56] [INFO ]   Box  1 | [2413, 803, 93w, 125h px]
[12:16:56] [INFO ]   Generated 1 boxes
[12:16:56] [INFO ]   Step 3 complete
[12:16:56] [INFO ] 
[12:16:56] [INFO ] STEP 4 — Dataset building
[12:16:56] [INFO ]   Saving labeled review image...
[12:16:56] [INFO ]   Saved: f1289stk20_labeled.png
[12:16:56] [INFO ]   Split: train
[12:16:56] [INFO ]   Added 1 annotations to train.json
[12:16:56] [INFO ]   train.json: 37 images, 33 annotations
[12:16:56] [INFO ]   val.json:   9 images,  5 annotations
[12:16:56] [INFO ]   Step 4 complete
[12:16:56] [INFO ] 
[12:16:56] [INFO ]   DONE  f1289stk20  →  train  |  1 faults  |  1 boxes
[12:16:56] [INFO ] 
[12:16:56] [INFO ] ──────────────────────────────────────────────────
[12:16:56] [INFO ]   LINE: f1289stk21
[12:16:56] [INFO ] ──────────────────────────────────────────────────
[12:16:56] [INFO ] Dataset  : namss.F-12-89-HW.mcs.airgun
[12:16:56] [INFO ] SGY      : ../../airgun_data/namss.F-12-89-HW.mcs.airgun/Data/f1289stk21.sgy
[12:16:56] [INFO ] NAV      : ../../airgun_data/namss.F-12-89-HW.mcs.airgun/Navigation/f-12-89-hw_NAV-WGS84.csv
[12:16:56] [INFO ] SA mode  : single (seed=12)
[12:16:56] [INFO ] 
[12:16:56] [INFO ] STEP 1 — Feature extraction
[12:16:56] [INFO ]   Loading navigation...
[12:16:56] [INFO ]   Loading SEG-Y...
[12:16:56] [INFO ]   Traces: 653  Samples: 2750  dt: 4.000 ms
[12:16:56] [INFO ]   Depth:  0.0 m → 8247.0 m
[12:16:56] [INFO ]   Matching traces to navigation...
[12:16:56] [INFO ]   NAV line matched via translation: 'f1289stk21' -> '21'
[12:16:57] [INFO ]   Matched 653 / 653 traces
[12:16:57] [INFO ]   Bandpass filtering...
[12:16:57] [INFO ]   Computing seismic attributes...
[12:16:57] [INFO ]   Picking seafloor...
[12:16:57] [INFO ]   Seafloor depth: 3141–4536 m  (0 shallow traces masked)
[12:16:57] [INFO ]   Picking horizons...
[12:16:57] [INFO ]   Computing NCC coherence (slow)...
[12:16:57] [INFO ]   Saving CNN section image...
[12:16:57] [INFO ]   Saved: f1289stk21_section_cnn.png  (2700x1500px)
[12:16:57] [INFO ]   Step 1 complete
[12:16:57] [INFO ] 
[12:16:57] [INFO ] STEP 2 — Fault detection
[12:16:57] [INFO ]   Mode: single SA run (seed=12)
[12:16:58] [INFO ]   Detected 0 high-confidence faults
[12:16:58] [INFO ]   Step 2 complete
[12:16:58] [INFO ] 
[12:16:58] [INFO ] STEP 3 — Bounding boxes
[12:16:58] [INFO ]   Generated 0 boxes
[12:16:58] [INFO ]   Step 3 complete
[12:16:58] [INFO ] 
[12:16:58] [INFO ] STEP 4 — Dataset building
[12:16:58] [INFO ]   Saving labeled review image...
[12:16:58] [INFO ]   Saved: f1289stk21_labeled.png
[12:16:58] [INFO ]   Split: train
[12:16:58] [INFO ]   Added 0 annotations to train.json
[12:16:58] [INFO ]   train.json: 38 images, 33 annotations
[12:16:58] [INFO ]   val.json:   9 images,  5 annotations
[12:16:58] [INFO ]   Step 4 complete
[12:16:58] [INFO ] 
[12:16:58] [INFO ]   DONE  f1289stk21  →  train  |  0 faults  |  0 boxes
[12:16:58] [INFO ] 
[12:16:58] [INFO ] ──────────────────────────────────────────────────
[12:16:58] [INFO ]   LINE: f1289stk22
[12:16:58] [INFO ] ──────────────────────────────────────────────────
[12:16:58] [INFO ] Dataset  : namss.F-12-89-HW.mcs.airgun
[12:16:58] [INFO ] SGY      : ../../airgun_data/namss.F-12-89-HW.mcs.airgun/Data/f1289stk22.sgy
[12:16:58] [INFO ] NAV      : ../../airgun_data/namss.F-12-89-HW.mcs.airgun/Navigation/f-12-89-hw_NAV-WGS84.csv
[12:16:58] [INFO ] SA mode  : single (seed=12)
[12:16:58] [INFO ] 
[12:16:58] [INFO ] STEP 1 — Feature extraction
[12:16:58] [INFO ]   Loading navigation...
[12:16:58] [INFO ]   Loading SEG-Y...
[12:16:58] [INFO ]   Traces: 11180  Samples: 2750  dt: 4.000 ms
[12:16:58] [INFO ]   Depth:  0.0 m → 8247.0 m
[12:16:58] [INFO ]   Matching traces to navigation...
[12:16:58] [INFO ]   NAV line matched via translation: 'f1289stk22' -> '22'
[12:16:59] [INFO ]   Matched 11180 / 11180 traces
[12:16:59] [INFO ]   Bandpass filtering...
[12:17:00] [INFO ]   Computing seismic attributes...
[12:17:01] [INFO ]   Picking seafloor...
[12:17:02] [INFO ]   Seafloor depth: 0–4998 m  (265 shallow traces masked)
[12:17:02] [INFO ]   Picking horizons...
[12:17:03] [INFO ]   Computing NCC coherence (slow)...
[12:17:03] [INFO ]   Saving CNN section image...
[12:17:06] [INFO ]   Saved: f1289stk22_section_cnn.png  (2700x1500px)
[12:17:06] [INFO ]   Step 1 complete
[12:17:06] [INFO ] 
[12:17:06] [INFO ] STEP 2 — Fault detection
[12:17:06] [INFO ]   Mode: single SA run (seed=12)
[12:17:19] [INFO ]   Detected 0 high-confidence faults
[12:17:19] [INFO ]   Step 2 complete
[12:17:19] [INFO ] 
[12:17:19] [INFO ] STEP 3 — Bounding boxes
[12:17:19] [INFO ]   Generated 0 boxes
[12:17:19] [INFO ]   Step 3 complete
[12:17:19] [INFO ] 
[12:17:19] [INFO ] STEP 4 — Dataset building
[12:17:19] [INFO ]   Saving labeled review image...
[12:17:19] [INFO ]   Saved: f1289stk22_labeled.png
[12:17:19] [INFO ]   Split: val
[12:17:19] [INFO ]   Added 0 annotations to val.json
[12:17:19] [INFO ]   train.json: 38 images, 33 annotations
[12:17:19] [INFO ]   val.json:   10 images,  5 annotations
[12:17:19] [INFO ]   Step 4 complete
[12:17:19] [INFO ] 
[12:17:19] [INFO ]   DONE  f1289stk22  →  val  |  0 faults  |  0 boxes
[12:17:19] [INFO ] 
[12:17:19] [INFO ] ──────────────────────────────────────────────────
[12:17:19] [INFO ]   LINE: f1289stk23
[12:17:19] [INFO ] ──────────────────────────────────────────────────
[12:17:19] [INFO ] Dataset  : namss.F-12-89-HW.mcs.airgun
[12:17:19] [INFO ] SGY      : ../../airgun_data/namss.F-12-89-HW.mcs.airgun/Data/f1289stk23.sgy
[12:17:19] [INFO ] NAV      : ../../airgun_data/namss.F-12-89-HW.mcs.airgun/Navigation/f-12-89-hw_NAV-WGS84.csv
[12:17:19] [INFO ] SA mode  : single (seed=12)
[12:17:19] [INFO ] 
[12:17:19] [INFO ] STEP 1 — Feature extraction
[12:17:19] [INFO ]   Loading navigation...
[12:17:19] [INFO ]   Loading SEG-Y...
[12:17:19] [INFO ]   Traces: 388  Samples: 2750  dt: 4.000 ms
[12:17:19] [INFO ]   Depth:  0.0 m → 8247.0 m
[12:17:19] [INFO ]   Matching traces to navigation...
[12:17:19] [INFO ]   NAV line matched via translation: 'f1289stk23' -> '23'
[12:17:19] [INFO ]   Matched 0 / 388 traces
[12:17:19] [ERROR] SKIPPING f1289stk23 (namss.F-12-89-HW.mcs.airgun): No traces matched navigation — check line name vs NAV file.
[12:17:19] [ERROR]   Traceback (most recent call last):
[12:17:19] [ERROR]     File "/Users/lennylukach/Personal/School/CS4100/namss/pipeline/src/pipeline.py", line 848, in <module>
[12:17:19] [ERROR]       process_line(line, sgy_path, nav_path, dataset)
[12:17:19] [ERROR]     File "/Users/lennylukach/Personal/School/CS4100/namss/pipeline/src/pipeline.py", line 431, in process_line
[12:17:19] [ERROR]       raise RuntimeError(
[12:17:19] [ERROR]   RuntimeError: No traces matched navigation — check line name vs NAV file.
[12:17:19] [INFO ] 
[12:17:19] [INFO ] ──────────────────────────────────────────────────
[12:17:19] [INFO ]   LINE: f1289stk24
[12:17:19] [INFO ] ──────────────────────────────────────────────────
[12:17:19] [INFO ] Dataset  : namss.F-12-89-HW.mcs.airgun
[12:17:19] [INFO ] SGY      : ../../airgun_data/namss.F-12-89-HW.mcs.airgun/Data/f1289stk24.sgy
[12:17:19] [INFO ] NAV      : ../../airgun_data/namss.F-12-89-HW.mcs.airgun/Navigation/f-12-89-hw_NAV-WGS84.csv
[12:17:19] [INFO ] SA mode  : single (seed=12)
[12:17:19] [INFO ] 
[12:17:19] [INFO ] STEP 1 — Feature extraction
[12:17:19] [INFO ]   Loading navigation...
[12:17:20] [INFO ]   Loading SEG-Y...
[12:17:20] [INFO ]   Traces: 11704  Samples: 2750  dt: 4.000 ms
[12:17:20] [INFO ]   Depth:  0.0 m → 8247.0 m
[12:17:20] [INFO ]   Matching traces to navigation...
[12:17:20] [INFO ]   NAV line matched via translation: 'f1289stk24' -> '24'
[12:17:21] [INFO ]   Matched 11704 / 11704 traces
[12:17:21] [INFO ]   Bandpass filtering...
[12:17:21] [INFO ]   Computing seismic attributes...
[12:17:23] [INFO ]   Picking seafloor...
[12:17:23] [INFO ]   Seafloor depth: 4392–5010 m  (0 shallow traces masked)
[12:17:23] [INFO ]   Picking horizons...
[12:17:24] [INFO ]   Computing NCC coherence (slow)...
[12:17:25] [INFO ]   Saving CNN section image...
[12:17:27] [INFO ]   Saved: f1289stk24_section_cnn.png  (2700x1500px)
[12:17:27] [INFO ]   Step 1 complete
[12:17:27] [INFO ] 
[12:17:27] [INFO ] STEP 2 — Fault detection
[12:17:27] [INFO ]   Mode: single SA run (seed=12)
[12:17:43] [INFO ]   Detected 0 high-confidence faults
[12:17:43] [INFO ]   Step 2 complete
[12:17:43] [INFO ] 
[12:17:43] [INFO ] STEP 3 — Bounding boxes
[12:17:43] [INFO ]   Generated 0 boxes
[12:17:43] [INFO ]   Step 3 complete
[12:17:43] [INFO ] 
[12:17:43] [INFO ] STEP 4 — Dataset building
[12:17:43] [INFO ]   Saving labeled review image...
[12:17:43] [INFO ]   Saved: f1289stk24_labeled.png
[12:17:43] [INFO ]   Split: train
[12:17:43] [INFO ]   Added 0 annotations to train.json
[12:17:43] [INFO ]   train.json: 39 images, 33 annotations
[12:17:43] [INFO ]   val.json:   10 images,  5 annotations
[12:17:43] [INFO ]   Step 4 complete
[12:17:43] [INFO ] 
[12:17:43] [INFO ]   DONE  f1289stk24  →  train  |  0 faults  |  0 boxes
[12:17:43] [INFO ] 
[12:17:43] [INFO ] ──────────────────────────────────────────────────
[12:17:43] [INFO ]   LINE: f1289stk25
[12:17:43] [INFO ] ──────────────────────────────────────────────────
[12:17:43] [INFO ] Dataset  : namss.F-12-89-HW.mcs.airgun
[12:17:43] [INFO ] SGY      : ../../airgun_data/namss.F-12-89-HW.mcs.airgun/Data/f1289stk25.sgy
[12:17:43] [INFO ] NAV      : ../../airgun_data/namss.F-12-89-HW.mcs.airgun/Navigation/f-12-89-hw_NAV-WGS84.csv
[12:17:43] [INFO ] SA mode  : single (seed=12)
[12:17:43] [INFO ] 
[12:17:43] [INFO ] STEP 1 — Feature extraction
[12:17:43] [INFO ]   Loading navigation...
[12:17:43] [INFO ]   Loading SEG-Y...
[12:17:43] [INFO ]   Traces: 446  Samples: 2750  dt: 4.000 ms
[12:17:43] [INFO ]   Depth:  0.0 m → 8247.0 m
[12:17:43] [INFO ]   Matching traces to navigation...
[12:17:43] [INFO ]   NAV line matched via translation: 'f1289stk25' -> '25'
[12:17:43] [INFO ]   Matched 446 / 446 traces
[12:17:43] [INFO ]   Bandpass filtering...
[12:17:43] [INFO ]   Computing seismic attributes...
[12:17:43] [INFO ]   Picking seafloor...
[12:17:43] [INFO ]   Seafloor depth: 4611–4659 m  (0 shallow traces masked)
[12:17:43] [INFO ]   Picking horizons...
[12:17:43] [INFO ]   Computing NCC coherence (slow)...
[12:17:43] [INFO ]   Saving CNN section image...
[12:17:44] [INFO ]   Saved: f1289stk25_section_cnn.png  (2700x1500px)
[12:17:44] [INFO ]   Step 1 complete
[12:17:44] [INFO ] 
[12:17:44] [INFO ] STEP 2 — Fault detection
[12:17:44] [INFO ]   Mode: single SA run (seed=12)
[12:17:44] [INFO ]   Detected 1 high-confidence faults
[12:17:44] [INFO ]     Fault  1 | trace ~  261 | prob=0.771
[12:17:44] [INFO ]   Step 2 complete
[12:17:44] [INFO ] 
[12:17:44] [INFO ] STEP 3 — Bounding boxes
[12:17:44] [INFO ]   Box  1 | [934, 833, 1420w, 130h px]
[12:17:44] [INFO ]   Generated 1 boxes
[12:17:44] [INFO ]   Step 3 complete
[12:17:44] [INFO ] 
[12:17:44] [INFO ] STEP 4 — Dataset building
[12:17:44] [INFO ]   Saving labeled review image...
[12:17:44] [INFO ]   Saved: f1289stk25_labeled.png
[12:17:44] [INFO ]   Split: train
[12:17:44] [INFO ]   Added 1 annotations to train.json
[12:17:44] [INFO ]   train.json: 40 images, 34 annotations
[12:17:44] [INFO ]   val.json:   10 images,  5 annotations
[12:17:44] [INFO ]   Step 4 complete
[12:17:44] [INFO ] 
[12:17:44] [INFO ]   DONE  f1289stk25  →  train  |  1 faults  |  1 boxes
[12:17:44] [INFO ] 
[12:17:44] [INFO ] ──────────────────────────────────────────────────
[12:17:44] [INFO ]   LINE: f1289stk26
[12:17:44] [INFO ] ──────────────────────────────────────────────────
[12:17:44] [INFO ] Dataset  : namss.F-12-89-HW.mcs.airgun
[12:17:44] [INFO ] SGY      : ../../airgun_data/namss.F-12-89-HW.mcs.airgun/Data/f1289stk26.sgy
[12:17:44] [INFO ] NAV      : ../../airgun_data/namss.F-12-89-HW.mcs.airgun/Navigation/f-12-89-hw_NAV-WGS84.csv
[12:17:44] [INFO ] SA mode  : single (seed=12)
[12:17:44] [INFO ] 
[12:17:44] [INFO ] STEP 1 — Feature extraction
[12:17:44] [INFO ]   Loading navigation...
[12:17:44] [INFO ]   Loading SEG-Y...
[12:17:45] [INFO ]   Traces: 13925  Samples: 2750  dt: 4.000 ms
[12:17:45] [INFO ]   Depth:  0.0 m → 8247.0 m
[12:17:45] [INFO ]   Matching traces to navigation...
[12:17:45] [INFO ]   NAV line matched via translation: 'f1289stk26' -> '26'
[12:17:46] [INFO ]   Matched 13925 / 13925 traces
[12:17:46] [INFO ]   Bandpass filtering...
[12:17:47] [INFO ]   Computing seismic attributes...
[12:17:48] [INFO ]   Picking seafloor...
[12:17:49] [INFO ]   Seafloor depth: 0–5193 m  (426 shallow traces masked)
[12:17:49] [INFO ]   Picking horizons...
[12:17:50] [INFO ]   Computing NCC coherence (slow)...
[12:17:51] [INFO ]   Saving CNN section image...
[12:17:54] [INFO ]   Saved: f1289stk26_section_cnn.png  (2700x1500px)
[12:17:54] [INFO ]   Step 1 complete
[12:17:54] [INFO ] 
[12:17:54] [INFO ] STEP 2 — Fault detection
[12:17:54] [INFO ]   Mode: single SA run (seed=12)
[12:18:11] [INFO ]   Detected 0 high-confidence faults
[12:18:11] [INFO ]   Step 2 complete
[12:18:11] [INFO ] 
[12:18:11] [INFO ] STEP 3 — Bounding boxes
[12:18:11] [INFO ]   Generated 0 boxes
[12:18:11] [INFO ]   Step 3 complete
[12:18:11] [INFO ] 
[12:18:11] [INFO ] STEP 4 — Dataset building
[12:18:11] [INFO ]   Saving labeled review image...
[12:18:11] [INFO ]   Saved: f1289stk26_labeled.png
[12:18:11] [INFO ]   Split: train
[12:18:11] [INFO ]   Added 0 annotations to train.json
[12:18:11] [INFO ]   train.json: 41 images, 34 annotations
[12:18:11] [INFO ]   val.json:   10 images,  5 annotations
[12:18:11] [INFO ]   Step 4 complete
[12:18:11] [INFO ] 
[12:18:11] [INFO ]   DONE  f1289stk26  →  train  |  0 faults  |  0 boxes
[12:18:11] [INFO ] 
[12:18:11] [INFO ] ──────────────────────────────────────────────────
[12:18:11] [INFO ]   LINE: f1289stk27
[12:18:11] [INFO ] ──────────────────────────────────────────────────
[12:18:11] [INFO ] Dataset  : namss.F-12-89-HW.mcs.airgun
[12:18:11] [INFO ] SGY      : ../../airgun_data/namss.F-12-89-HW.mcs.airgun/Data/f1289stk27.sgy
[12:18:11] [INFO ] NAV      : ../../airgun_data/namss.F-12-89-HW.mcs.airgun/Navigation/f-12-89-hw_NAV-WGS84.csv
[12:18:11] [INFO ] SA mode  : single (seed=12)
[12:18:11] [INFO ] 
[12:18:11] [INFO ] STEP 1 — Feature extraction
[12:18:11] [INFO ]   Loading navigation...
[12:18:11] [INFO ]   Loading SEG-Y...
[12:18:11] [INFO ]   Traces: 531  Samples: 2750  dt: 4.000 ms
[12:18:11] [INFO ]   Depth:  0.0 m → 8247.0 m
[12:18:11] [INFO ]   Matching traces to navigation...
[12:18:11] [INFO ]   NAV line matched via translation: 'f1289stk27' -> '27'
[12:18:11] [INFO ]   Matched 531 / 531 traces
[12:18:11] [INFO ]   Bandpass filtering...
[12:18:11] [INFO ]   Computing seismic attributes...
[12:18:12] [INFO ]   Picking seafloor...
[12:18:12] [INFO ]   Seafloor depth: 4776–4971 m  (0 shallow traces masked)
[12:18:12] [INFO ]   Picking horizons...
[12:18:12] [INFO ]   Computing NCC coherence (slow)...
[12:18:12] [INFO ]   Saving CNN section image...
[12:18:12] [INFO ]   Saved: f1289stk27_section_cnn.png  (2700x1500px)
[12:18:12] [INFO ]   Step 1 complete
[12:18:12] [INFO ] 
[12:18:12] [INFO ] STEP 2 — Fault detection
[12:18:12] [INFO ]   Mode: single SA run (seed=12)
[12:18:13] [INFO ]   Detected 1 high-confidence faults
[12:18:13] [INFO ]     Fault  1 | trace ~   80 | prob=0.800
[12:18:13] [INFO ]   Step 2 complete
[12:18:13] [INFO ] 
[12:18:13] [INFO ] STEP 3 — Bounding boxes
[12:18:13] [INFO ]   Box  1 | [180, 876, 484w, 125h px]
[12:18:13] [INFO ]   Generated 1 boxes
[12:18:13] [INFO ]   Step 3 complete
[12:18:13] [INFO ] 
[12:18:13] [INFO ] STEP 4 — Dataset building
[12:18:13] [INFO ]   Saving labeled review image...
[12:18:13] [INFO ]   Saved: f1289stk27_labeled.png
[12:18:13] [INFO ]   Split: val
[12:18:13] [INFO ]   Added 1 annotations to val.json
[12:18:13] [INFO ]   train.json: 41 images, 34 annotations
[12:18:13] [INFO ]   val.json:   11 images,  6 annotations
[12:18:13] [INFO ]   Step 4 complete
[12:18:13] [INFO ] 
[12:18:13] [INFO ]   DONE  f1289stk27  →  val  |  1 faults  |  1 boxes
[12:18:13] [INFO ] 
[12:18:13] [INFO ] ──────────────────────────────────────────────────
[12:18:13] [INFO ]   LINE: f1289stk28
[12:18:13] [INFO ] ──────────────────────────────────────────────────
[12:18:13] [INFO ] Dataset  : namss.F-12-89-HW.mcs.airgun
[12:18:13] [INFO ] SGY      : ../../airgun_data/namss.F-12-89-HW.mcs.airgun/Data/f1289stk28.sgy
[12:18:13] [INFO ] NAV      : ../../airgun_data/namss.F-12-89-HW.mcs.airgun/Navigation/f-12-89-hw_NAV-WGS84.csv
[12:18:13] [INFO ] SA mode  : single (seed=12)
[12:18:13] [INFO ] 
[12:18:13] [INFO ] STEP 1 — Feature extraction
[12:18:13] [INFO ]   Loading navigation...
[12:18:13] [INFO ]   Loading SEG-Y...
[12:18:13] [INFO ]   Traces: 4375  Samples: 2750  dt: 4.000 ms
[12:18:13] [INFO ]   Depth:  0.0 m → 8247.0 m
[12:18:13] [INFO ]   Matching traces to navigation...
[12:18:13] [INFO ]   NAV line matched via translation: 'f1289stk28' -> '28'
[12:18:13] [INFO ]   Matched 4375 / 4375 traces
[12:18:13] [INFO ]   Bandpass filtering...
[12:18:14] [INFO ]   Computing seismic attributes...
[12:18:14] [INFO ]   Picking seafloor...
[12:18:15] [INFO ]   Seafloor depth: 2535–5214 m  (0 shallow traces masked)
[12:18:15] [INFO ]   Picking horizons...
[12:18:15] [INFO ]   Computing NCC coherence (slow)...
[12:18:15] [INFO ]   Saving CNN section image...
[12:18:16] [INFO ]   Saved: f1289stk28_section_cnn.png  (2700x1500px)
[12:18:16] [INFO ]   Step 1 complete
[12:18:16] [INFO ] 
[12:18:16] [INFO ] STEP 2 — Fault detection
[12:18:16] [INFO ]   Mode: single SA run (seed=12)
[12:18:22] [INFO ]   Detected 2 high-confidence faults
[12:18:22] [INFO ]     Fault  1 | trace ~ 1642 | prob=0.756
[12:18:22] [INFO ]     Fault  2 | trace ~ 2107 | prob=0.754
[12:18:22] [INFO ]   Step 2 complete
[12:18:22] [INFO ] 
[12:18:22] [INFO ] STEP 3 — Bounding boxes
[12:18:22] [INFO ]   Box  1 | [960, 536, 113w, 130h px]
[12:18:22] [INFO ]   Box  2 | [1234, 653, 143w, 128h px]
[12:18:22] [INFO ]   Generated 2 boxes
[12:18:22] [INFO ]   Step 3 complete
[12:18:22] [INFO ] 
[12:18:22] [INFO ] STEP 4 — Dataset building
[12:18:22] [INFO ]   Saving labeled review image...
[12:18:22] [INFO ]   Saved: f1289stk28_labeled.png
[12:18:22] [INFO ]   Split: train
[12:18:22] [INFO ]   Added 2 annotations to train.json
[12:18:22] [INFO ]   train.json: 42 images, 36 annotations
[12:18:22] [INFO ]   val.json:   11 images,  6 annotations
[12:18:22] [INFO ]   Step 4 complete
[12:18:22] [INFO ] 
[12:18:22] [INFO ]   DONE  f1289stk28  →  train  |  2 faults  |  2 boxes
[12:18:22] [INFO ] 
[12:18:22] [INFO ] ──────────────────────────────────────────────────
[12:18:22] [INFO ]   LINE: f1289stk29
[12:18:22] [INFO ] ──────────────────────────────────────────────────
[12:18:22] [INFO ] Dataset  : namss.F-12-89-HW.mcs.airgun
[12:18:22] [INFO ] SGY      : ../../airgun_data/namss.F-12-89-HW.mcs.airgun/Data/f1289stk29.sgy
[12:18:22] [INFO ] NAV      : ../../airgun_data/namss.F-12-89-HW.mcs.airgun/Navigation/f-12-89-hw_NAV-WGS84.csv
[12:18:22] [INFO ] SA mode  : single (seed=12)
[12:18:22] [INFO ] 
[12:18:22] [INFO ] STEP 1 — Feature extraction
[12:18:22] [INFO ]   Loading navigation...
[12:18:22] [INFO ]   Loading SEG-Y...
[12:18:22] [INFO ]   Traces: 621  Samples: 2750  dt: 4.000 ms
[12:18:22] [INFO ]   Depth:  0.0 m → 8247.0 m
[12:18:22] [INFO ]   Matching traces to navigation...
[12:18:22] [INFO ]   NAV line matched via translation: 'f1289stk29' -> '29'
[12:18:22] [INFO ]   Matched 0 / 621 traces
[12:18:22] [ERROR] SKIPPING f1289stk29 (namss.F-12-89-HW.mcs.airgun): No traces matched navigation — check line name vs NAV file.
[12:18:22] [ERROR]   Traceback (most recent call last):
[12:18:22] [ERROR]     File "/Users/lennylukach/Personal/School/CS4100/namss/pipeline/src/pipeline.py", line 848, in <module>
[12:18:22] [ERROR]       process_line(line, sgy_path, nav_path, dataset)
[12:18:22] [ERROR]     File "/Users/lennylukach/Personal/School/CS4100/namss/pipeline/src/pipeline.py", line 431, in process_line
[12:18:22] [ERROR]       raise RuntimeError(
[12:18:22] [ERROR]   RuntimeError: No traces matched navigation — check line name vs NAV file.
[12:18:22] [INFO ] 
[12:18:22] [INFO ] ──────────────────────────────────────────────────
[12:18:22] [INFO ]   LINE: f1289stk30
[12:18:22] [INFO ] ──────────────────────────────────────────────────
[12:18:22] [INFO ] Dataset  : namss.F-12-89-HW.mcs.airgun
[12:18:22] [INFO ] SGY      : ../../airgun_data/namss.F-12-89-HW.mcs.airgun/Data/f1289stk30.sgy
[12:18:22] [INFO ] NAV      : ../../airgun_data/namss.F-12-89-HW.mcs.airgun/Navigation/f-12-89-hw_NAV-WGS84.csv
[12:18:22] [INFO ] SA mode  : single (seed=12)
[12:18:22] [INFO ] 
[12:18:22] [INFO ] STEP 1 — Feature extraction
[12:18:22] [INFO ]   Loading navigation...
[12:18:22] [INFO ]   Loading SEG-Y...
[12:18:22] [INFO ]   Traces: 4785  Samples: 2750  dt: 4.000 ms
[12:18:22] [INFO ]   Depth:  0.0 m → 8247.0 m
[12:18:22] [INFO ]   Matching traces to navigation...
[12:18:22] [INFO ]   NAV line matched via translation: 'f1289stk30' -> '30'
[12:18:23] [INFO ]   Matched 4785 / 4785 traces
[12:18:23] [INFO ]   Bandpass filtering...
[12:18:23] [INFO ]   Computing seismic attributes...
[12:18:23] [INFO ]   Picking seafloor...
[12:18:24] [INFO ]   Seafloor depth: 4542–5214 m  (0 shallow traces masked)
[12:18:24] [INFO ]   Picking horizons...
[12:18:24] [INFO ]   Computing NCC coherence (slow)...
[12:18:24] [INFO ]   Saving CNN section image...
[12:18:25] [INFO ]   Saved: f1289stk30_section_cnn.png  (2700x1500px)
[12:18:25] [INFO ]   Step 1 complete
[12:18:25] [INFO ] 
[12:18:25] [INFO ] STEP 2 — Fault detection
[12:18:25] [INFO ]   Mode: single SA run (seed=12)
[12:18:31] [INFO ]   Detected 6 high-confidence faults
[12:18:31] [INFO ]     Fault  1 | trace ~  366 | prob=0.769
[12:18:31] [INFO ]     Fault  2 | trace ~  573 | prob=0.769
[12:18:31] [INFO ]     Fault  3 | trace ~ 1115 | prob=0.767
[12:18:31] [INFO ]     Fault  4 | trace ~ 1307 | prob=0.755
[12:18:31] [INFO ]     Fault  5 | trace ~ 1741 | prob=0.781
[12:18:31] [INFO ]     Fault  6 | trace ~ 4748 | prob=0.753
[12:18:31] [INFO ]   Step 2 complete
[12:18:31] [INFO ] 
[12:18:31] [INFO ] STEP 3 — Bounding boxes
[12:18:31] [INFO ]   Box  1 | [155, 915, 108w, 130h px]
[12:18:31] [INFO ]   Box  2 | [230, 915, 165w, 128h px]
[12:18:31] [INFO ]   Box  3 | [572, 900, 107w, 130h px]
[12:18:31] [INFO ]   Box  4 | [687, 911, 107w, 128h px]
[12:18:31] [INFO ]   Box  5 | [932, 928, 105w, 128h px]
[12:18:31] [INFO ]   Box  6 | [2630, 883, 70w, 125h px]
[12:18:31] [INFO ]   Generated 6 boxes
[12:18:31] [INFO ]   Step 3 complete
[12:18:31] [INFO ] 
[12:18:31] [INFO ] STEP 4 — Dataset building
[12:18:31] [INFO ]   Saving labeled review image...
[12:18:32] [INFO ]   Saved: f1289stk30_labeled.png
[12:18:32] [INFO ]   Split: train
[12:18:32] [INFO ]   Added 6 annotations to train.json
[12:18:32] [INFO ]   train.json: 43 images, 42 annotations
[12:18:32] [INFO ]   val.json:   11 images,  6 annotations
[12:18:32] [INFO ]   Step 4 complete
[12:18:32] [INFO ] 
[12:18:32] [INFO ]   DONE  f1289stk30  →  train  |  6 faults  |  6 boxes
[12:18:32] [INFO ] 
[12:18:32] [INFO ] ──────────────────────────────────────────────────
[12:18:32] [INFO ]   LINE: f1289stk32
[12:18:32] [INFO ] ──────────────────────────────────────────────────
[12:18:32] [INFO ] Dataset  : namss.F-12-89-HW.mcs.airgun
[12:18:32] [INFO ] SGY      : ../../airgun_data/namss.F-12-89-HW.mcs.airgun/Data/f1289stk32.sgy
[12:18:32] [INFO ] NAV      : ../../airgun_data/namss.F-12-89-HW.mcs.airgun/Navigation/f-12-89-hw_NAV-WGS84.csv
[12:18:32] [INFO ] SA mode  : single (seed=12)
[12:18:32] [INFO ] 
[12:18:32] [INFO ] STEP 1 — Feature extraction
[12:18:32] [INFO ]   Loading navigation...
[12:18:32] [INFO ]   Loading SEG-Y...
[12:18:32] [INFO ]   Traces: 2803  Samples: 2750  dt: 4.000 ms
[12:18:32] [INFO ]   Depth:  0.0 m → 8247.0 m
[12:18:32] [INFO ]   Matching traces to navigation...
[12:18:32] [INFO ]   NAV line matched via translation: 'f1289stk32' -> '32'
[12:18:32] [INFO ]   Matched 2803 / 2803 traces
[12:18:32] [INFO ]   Bandpass filtering...
[12:18:32] [INFO ]   Computing seismic attributes...
[12:18:32] [INFO ]   Picking seafloor...
[12:18:33] [INFO ]   Seafloor depth: 12–4812 m  (166 shallow traces masked)
[12:18:33] [INFO ]   Picking horizons...
[12:18:33] [INFO ]   Computing NCC coherence (slow)...
[12:18:33] [INFO ]   Saving CNN section image...
[12:18:34] [INFO ]   Saved: f1289stk32_section_cnn.png  (2700x1500px)
[12:18:34] [INFO ]   Step 1 complete
[12:18:34] [INFO ] 
[12:18:34] [INFO ] STEP 2 — Fault detection
[12:18:34] [INFO ]   Mode: single SA run (seed=12)
[12:18:36] [INFO ]   Detected 1 high-confidence faults
[12:18:36] [INFO ]     Fault  1 | trace ~ 2622 | prob=0.794
[12:18:36] [INFO ]   Step 2 complete
[12:18:36] [INFO ] 
[12:18:36] [INFO ] STEP 3 — Bounding boxes
[12:18:36] [INFO ]   Box  1 | [2430, 102, 177w, 125h px]
[12:18:36] [INFO ]   Generated 1 boxes
[12:18:36] [INFO ]   Step 3 complete
[12:18:36] [INFO ] 
[12:18:36] [INFO ] STEP 4 — Dataset building
[12:18:36] [INFO ]   Saving labeled review image...
[12:18:37] [INFO ]   Saved: f1289stk32_labeled.png
[12:18:37] [INFO ]   Split: train
[12:18:37] [INFO ]   Added 1 annotations to train.json
[12:18:37] [INFO ]   train.json: 44 images, 43 annotations
[12:18:37] [INFO ]   val.json:   11 images,  6 annotations
[12:18:37] [INFO ]   Step 4 complete
[12:18:37] [INFO ] 
[12:18:37] [INFO ]   DONE  f1289stk32  →  train  |  1 faults  |  1 boxes
[12:18:37] [INFO ] 
[12:18:37] [INFO ] ──────────────────────────────────────────────────
[12:18:37] [INFO ]   LINE: f287stk01
[12:18:37] [INFO ] ──────────────────────────────────────────────────
[12:18:37] [INFO ] Dataset  : namss.F-2-87-AA.mcs.airgun
[12:18:37] [INFO ] SGY      : ../../airgun_data/namss.F-2-87-AA.mcs.airgun/Data/f287stk01.sgy
[12:18:37] [INFO ] NAV      : ../../airgun_data/namss.F-2-87-AA.mcs.airgun/Navigation/f-2-87-aa_NAV-WGS84.csv
[12:18:37] [INFO ] SA mode  : single (seed=12)
[12:18:37] [INFO ] 
[12:18:37] [INFO ] STEP 1 — Feature extraction
[12:18:37] [INFO ]   Loading navigation...
[12:18:37] [INFO ]   Loading SEG-Y...
[12:18:37] [INFO ]   Traces: 3097  Samples: 1750  dt: 4.000 ms
[12:18:37] [INFO ]   Depth:  0.0 m → 5247.0 m
[12:18:37] [INFO ]   Matching traces to navigation...
[12:18:37] [INFO ]   NAV line matched via translation: 'f287stk01' -> 'F287-1'
[12:18:37] [INFO ]   Matched 3096 / 3097 traces
[12:18:37] [INFO ]   Bandpass filtering...
[12:18:37] [INFO ]   Computing seismic attributes...
[12:18:37] [INFO ]   Picking seafloor...
[12:18:38] [INFO ]   Seafloor depth: 465–1392 m  (616 shallow traces masked)
[12:18:38] [INFO ]   Picking horizons...
[12:18:38] [INFO ]   Computing NCC coherence (slow)...
[12:18:38] [INFO ]   Saving CNN section image...
[12:18:38] [INFO ]   Saved: f287stk01_section_cnn.png  (2700x1500px)
[12:18:38] [INFO ]   Step 1 complete
[12:18:38] [INFO ] 
[12:18:38] [INFO ] STEP 2 — Fault detection
[12:18:38] [INFO ]   Mode: single SA run (seed=12)
[12:18:41] [INFO ]   Detected 0 high-confidence faults
[12:18:41] [INFO ]   Step 2 complete
[12:18:41] [INFO ] 
[12:18:41] [INFO ] STEP 3 — Bounding boxes
[12:18:41] [INFO ]   Generated 0 boxes
[12:18:41] [INFO ]   Step 3 complete
[12:18:41] [INFO ] 
[12:18:41] [INFO ] STEP 4 — Dataset building
[12:18:41] [INFO ]   Saving labeled review image...
[12:18:41] [INFO ]   Saved: f287stk01_labeled.png
[12:18:41] [INFO ]   Split: val
[12:18:41] [INFO ]   Added 0 annotations to val.json
[12:18:41] [INFO ]   train.json: 44 images, 43 annotations
[12:18:41] [INFO ]   val.json:   12 images,  6 annotations
[12:18:41] [INFO ]   Step 4 complete
[12:18:41] [INFO ] 
[12:18:41] [INFO ]   DONE  f287stk01  →  val  |  0 faults  |  0 boxes
[12:18:41] [INFO ] 
[12:18:41] [INFO ] ──────────────────────────────────────────────────
[12:18:41] [INFO ]   LINE: f287stk02
[12:18:41] [INFO ] ──────────────────────────────────────────────────
[12:18:41] [INFO ] Dataset  : namss.F-2-87-AA.mcs.airgun
[12:18:41] [INFO ] SGY      : ../../airgun_data/namss.F-2-87-AA.mcs.airgun/Data/f287stk02.sgy
[12:18:41] [INFO ] NAV      : ../../airgun_data/namss.F-2-87-AA.mcs.airgun/Navigation/f-2-87-aa_NAV-WGS84.csv
[12:18:41] [INFO ] SA mode  : single (seed=12)
[12:18:41] [INFO ] 
[12:18:41] [INFO ] STEP 1 — Feature extraction
[12:18:41] [INFO ]   Loading navigation...
[12:18:41] [INFO ]   Loading SEG-Y...
[12:18:41] [INFO ]   Traces: 547  Samples: 1750  dt: 4.000 ms
[12:18:41] [INFO ]   Depth:  0.0 m → 5247.0 m
[12:18:41] [INFO ]   Matching traces to navigation...
[12:18:41] [INFO ]   NAV line matched via translation: 'f287stk02' -> 'F287-2'
[12:18:41] [INFO ]   Matched 546 / 547 traces
[12:18:41] [INFO ]   Bandpass filtering...
[12:18:41] [INFO ]   Computing seismic attributes...
[12:18:41] [INFO ]   Picking seafloor...
[12:18:41] [INFO ]   Seafloor depth: 0–483 m  (546 shallow traces masked)
[12:18:41] [INFO ]   Picking horizons...
[12:18:41] [INFO ]   Computing NCC coherence (slow)...
[12:18:41] [INFO ]   Saving CNN section image...
[12:18:42] [INFO ]   Saved: f287stk02_section_cnn.png  (2700x1500px)
[12:18:42] [INFO ]   Step 1 complete
[12:18:42] [INFO ] 
[12:18:42] [INFO ] STEP 2 — Fault detection
[12:18:42] [INFO ]   Mode: single SA run (seed=12)
[12:18:42] [INFO ]   Detected 0 high-confidence faults
[12:18:42] [INFO ]   Step 2 complete
[12:18:42] [INFO ] 
[12:18:42] [INFO ] STEP 3 — Bounding boxes
[12:18:42] [INFO ]   Generated 0 boxes
[12:18:42] [INFO ]   Step 3 complete
[12:18:42] [INFO ] 
[12:18:42] [INFO ] STEP 4 — Dataset building
[12:18:42] [INFO ]   Saving labeled review image...
[12:18:42] [INFO ]   Saved: f287stk02_labeled.png
[12:18:42] [INFO ]   Split: train
[12:18:42] [INFO ]   Added 0 annotations to train.json
[12:18:42] [INFO ]   train.json: 45 images, 43 annotations
[12:18:42] [INFO ]   val.json:   12 images,  6 annotations
[12:18:42] [INFO ]   Step 4 complete
[12:18:42] [INFO ] 
[12:18:42] [INFO ]   DONE  f287stk02  →  train  |  0 faults  |  0 boxes
[12:18:42] [INFO ] 
[12:18:42] [INFO ] ──────────────────────────────────────────────────
[12:18:42] [INFO ]   LINE: f287stk03
[12:18:42] [INFO ] ──────────────────────────────────────────────────
[12:18:42] [INFO ] Dataset  : namss.F-2-87-AA.mcs.airgun
[12:18:42] [INFO ] SGY      : ../../airgun_data/namss.F-2-87-AA.mcs.airgun/Data/f287stk03.sgy
[12:18:42] [INFO ] NAV      : ../../airgun_data/namss.F-2-87-AA.mcs.airgun/Navigation/f-2-87-aa_NAV-WGS84.csv
[12:18:42] [INFO ] SA mode  : single (seed=12)
[12:18:42] [INFO ] 
[12:18:42] [INFO ] STEP 1 — Feature extraction
[12:18:42] [INFO ]   Loading navigation...
[12:18:42] [INFO ]   Loading SEG-Y...
[12:18:42] [INFO ]   Traces: 4162  Samples: 2250  dt: 4.000 ms
[12:18:42] [INFO ]   Depth:  0.0 m → 6747.0 m
[12:18:42] [INFO ]   Matching traces to navigation...
[12:18:42] [INFO ]   NAV line matched via translation: 'f287stk03' -> 'F287-3'
[12:18:42] [INFO ]   Matched 4157 / 4162 traces
[12:18:42] [INFO ]   Bandpass filtering...
[12:18:43] [INFO ]   Computing seismic attributes...
[12:18:43] [INFO ]   Picking seafloor...
[12:18:43] [INFO ]   Seafloor depth: 891–3174 m  (0 shallow traces masked)
[12:18:43] [INFO ]   Picking horizons...
[12:18:44] [INFO ]   Computing NCC coherence (slow)...
[12:18:44] [INFO ]   Saving CNN section image...
[12:18:45] [INFO ]   Saved: f287stk03_section_cnn.png  (2700x1500px)
[12:18:45] [INFO ]   Step 1 complete
[12:18:45] [INFO ] 
[12:18:45] [INFO ] STEP 2 — Fault detection
[12:18:45] [INFO ]   Mode: single SA run (seed=12)
[12:18:49] [INFO ]   Detected 2 high-confidence faults
[12:18:49] [INFO ]     Fault  1 | trace ~   30 | prob=0.800
[12:18:49] [INFO ]     Fault  2 | trace ~ 2055 | prob=0.750
[12:18:49] [INFO ]   Step 2 complete
[12:18:49] [INFO ] 
[12:18:49] [INFO ] STEP 3 — Bounding boxes
[12:18:49] [INFO ]   Box  1 | [0, 215, 72w, 147h px]
[12:18:49] [INFO ]   Box  2 | [1287, 392, 98w, 151h px]
[12:18:49] [INFO ]   Generated 2 boxes
[12:18:49] [INFO ]   Step 3 complete
[12:18:49] [INFO ] 
[12:18:49] [INFO ] STEP 4 — Dataset building
[12:18:49] [INFO ]   Saving labeled review image...
[12:18:50] [INFO ]   Saved: f287stk03_labeled.png
[12:18:50] [INFO ]   Split: train
[12:18:50] [INFO ]   Added 2 annotations to train.json
[12:18:50] [INFO ]   train.json: 46 images, 45 annotations
[12:18:50] [INFO ]   val.json:   12 images,  6 annotations
[12:18:50] [INFO ]   Step 4 complete
[12:18:50] [INFO ] 
[12:18:50] [INFO ]   DONE  f287stk03  →  train  |  2 faults  |  2 boxes
[12:18:50] [INFO ] 
[12:18:50] [INFO ] ──────────────────────────────────────────────────
[12:18:50] [INFO ]   LINE: f287stk04
[12:18:50] [INFO ] ──────────────────────────────────────────────────
[12:18:50] [INFO ] Dataset  : namss.F-2-87-AA.mcs.airgun
[12:18:50] [INFO ] SGY      : ../../airgun_data/namss.F-2-87-AA.mcs.airgun/Data/f287stk04.sgy
[12:18:50] [INFO ] NAV      : ../../airgun_data/namss.F-2-87-AA.mcs.airgun/Navigation/f-2-87-aa_NAV-WGS84.csv
[12:18:50] [INFO ] SA mode  : single (seed=12)
[12:18:50] [INFO ] 
[12:18:50] [INFO ] STEP 1 — Feature extraction
[12:18:50] [INFO ]   Loading navigation...
[12:18:50] [INFO ]   Loading SEG-Y...
[12:18:50] [INFO ]   Traces: 628  Samples: 2500  dt: 4.000 ms
[12:18:50] [INFO ]   Depth:  0.0 m → 7497.0 m
[12:18:50] [INFO ]   Matching traces to navigation...
[12:18:50] [INFO ]   NAV line matched via translation: 'f287stk04' -> 'F287-4'
[12:18:50] [INFO ]   Matched 627 / 628 traces
[12:18:50] [INFO ]   Bandpass filtering...
[12:18:50] [INFO ]   Computing seismic attributes...
[12:18:50] [INFO ]   Picking seafloor...
[12:18:50] [INFO ]   Seafloor depth: 3417–4545 m  (0 shallow traces masked)
[12:18:50] [INFO ]   Picking horizons...
[12:18:50] [INFO ]   Computing NCC coherence (slow)...
[12:18:50] [INFO ]   Saving CNN section image...
[12:18:50] [INFO ]   Saved: f287stk04_section_cnn.png  (2700x1500px)
[12:18:50] [INFO ]   Step 1 complete
[12:18:50] [INFO ] 
[12:18:50] [INFO ] STEP 2 — Fault detection
[12:18:50] [INFO ]   Mode: single SA run (seed=12)
[12:18:51] [INFO ]   Detected 0 high-confidence faults
[12:18:51] [INFO ]   Step 2 complete
[12:18:51] [INFO ] 
[12:18:51] [INFO ] STEP 3 — Bounding boxes
[12:18:51] [INFO ]   Generated 0 boxes
[12:18:51] [INFO ]   Step 3 complete
[12:18:51] [INFO ] 
[12:18:51] [INFO ] STEP 4 — Dataset building
[12:18:51] [INFO ]   Saving labeled review image...
[12:18:51] [INFO ]   Saved: f287stk04_labeled.png
[12:18:51] [INFO ]   Split: train
[12:18:51] [INFO ]   Added 0 annotations to train.json
[12:18:51] [INFO ]   train.json: 47 images, 45 annotations
[12:18:51] [INFO ]   val.json:   12 images,  6 annotations
[12:18:51] [INFO ]   Step 4 complete
[12:18:51] [INFO ] 
[12:18:51] [INFO ]   DONE  f287stk04  →  train  |  0 faults  |  0 boxes
[12:18:51] [INFO ] 
[12:18:51] [INFO ] ──────────────────────────────────────────────────
[12:18:51] [INFO ]   LINE: f287stk05
[12:18:51] [INFO ] ──────────────────────────────────────────────────
[12:18:51] [INFO ] Dataset  : namss.F-2-87-AA.mcs.airgun
[12:18:51] [INFO ] SGY      : ../../airgun_data/namss.F-2-87-AA.mcs.airgun/Data/f287stk05.sgy
[12:18:51] [INFO ] NAV      : ../../airgun_data/namss.F-2-87-AA.mcs.airgun/Navigation/f-2-87-aa_NAV-WGS84.csv
[12:18:51] [INFO ] SA mode  : single (seed=12)
[12:18:51] [INFO ] 
[12:18:51] [INFO ] STEP 1 — Feature extraction
[12:18:51] [INFO ]   Loading navigation...
[12:18:51] [INFO ]   Loading SEG-Y...
[12:18:51] [INFO ]   Traces: 4145  Samples: 2500  dt: 4.000 ms
[12:18:51] [INFO ]   Depth:  0.0 m → 7497.0 m
[12:18:51] [INFO ]   Matching traces to navigation...
[12:18:51] [INFO ]   NAV line matched via translation: 'f287stk05' -> 'F287-5'
[12:18:52] [INFO ]   Matched 4144 / 4145 traces
[12:18:52] [INFO ]   Bandpass filtering...
[12:18:52] [INFO ]   Computing seismic attributes...
[12:18:52] [INFO ]   Picking seafloor...
[12:18:53] [INFO ]   Seafloor depth: 915–4770 m  (0 shallow traces masked)
[12:18:53] [INFO ]   Picking horizons...
[12:18:53] [INFO ]   Computing NCC coherence (slow)...
[12:18:53] [INFO ]   Saving CNN section image...
[12:18:54] [INFO ]   Saved: f287stk05_section_cnn.png  (2700x1500px)
[12:18:54] [INFO ]   Step 1 complete
[12:18:54] [INFO ] 
[12:18:54] [INFO ] STEP 2 — Fault detection
[12:18:54] [INFO ]   Mode: single SA run (seed=12)
[12:18:58] [INFO ]   Detected 0 high-confidence faults
[12:18:58] [INFO ]   Step 2 complete
[12:18:58] [INFO ] 
[12:18:58] [INFO ] STEP 3 — Bounding boxes
[12:18:58] [INFO ]   Generated 0 boxes
[12:18:58] [INFO ]   Step 3 complete
[12:18:58] [INFO ] 
[12:18:58] [INFO ] STEP 4 — Dataset building
[12:18:58] [INFO ]   Saving labeled review image...
[12:18:58] [INFO ]   Saved: f287stk05_labeled.png
[12:18:58] [INFO ]   Split: train
[12:18:58] [INFO ]   Added 0 annotations to train.json
[12:18:58] [INFO ]   train.json: 48 images, 45 annotations
[12:18:58] [INFO ]   val.json:   12 images,  6 annotations
[12:18:58] [INFO ]   Step 4 complete
[12:18:58] [INFO ] 
[12:18:58] [INFO ]   DONE  f287stk05  →  train  |  0 faults  |  0 boxes
[12:18:58] [INFO ] 
[12:18:58] [INFO ] ──────────────────────────────────────────────────
[12:18:58] [INFO ]   LINE: f287stk06
[12:18:58] [INFO ] ──────────────────────────────────────────────────
[12:18:58] [INFO ] Dataset  : namss.F-2-87-AA.mcs.airgun
[12:18:58] [INFO ] SGY      : ../../airgun_data/namss.F-2-87-AA.mcs.airgun/Data/f287stk06.sgy
[12:18:58] [INFO ] NAV      : ../../airgun_data/namss.F-2-87-AA.mcs.airgun/Navigation/f-2-87-aa_NAV-WGS84.csv
[12:18:58] [INFO ] SA mode  : single (seed=12)
[12:18:58] [INFO ] 
[12:18:58] [INFO ] STEP 1 — Feature extraction
[12:18:58] [INFO ]   Loading navigation...
[12:18:58] [INFO ]   Loading SEG-Y...
[12:18:58] [INFO ]   Traces: 864  Samples: 2500  dt: 4.000 ms
[12:18:58] [INFO ]   Depth:  0.0 m → 7497.0 m
[12:18:58] [INFO ]   Matching traces to navigation...
[12:18:58] [INFO ]   NAV line matched via translation: 'f287stk06' -> 'F287-6'
[12:18:58] [INFO ]   Matched 863 / 864 traces
[12:18:58] [INFO ]   Bandpass filtering...
[12:18:58] [INFO ]   Computing seismic attributes...
[12:18:58] [INFO ]   Picking seafloor...
[12:18:58] [INFO ]   Seafloor depth: 738–2538 m  (0 shallow traces masked)
[12:18:58] [INFO ]   Picking horizons...
[12:18:58] [INFO ]   Computing NCC coherence (slow)...
[12:18:59] [INFO ]   Saving CNN section image...
[12:18:59] [INFO ]   Saved: f287stk06_section_cnn.png  (2700x1500px)
[12:18:59] [INFO ]   Step 1 complete
[12:18:59] [INFO ] 
[12:18:59] [INFO ] STEP 2 — Fault detection
[12:18:59] [INFO ]   Mode: single SA run (seed=12)
[12:19:00] [INFO ]   Detected 0 high-confidence faults
[12:19:00] [INFO ]   Step 2 complete
[12:19:00] [INFO ] 
[12:19:00] [INFO ] STEP 3 — Bounding boxes
[12:19:00] [INFO ]   Generated 0 boxes
[12:19:00] [INFO ]   Step 3 complete
[12:19:00] [INFO ] 
[12:19:00] [INFO ] STEP 4 — Dataset building
[12:19:00] [INFO ]   Saving labeled review image...
[12:19:00] [INFO ]   Saved: f287stk06_labeled.png
[12:19:00] [INFO ]   Split: val
[12:19:00] [INFO ]   Added 0 annotations to val.json
[12:19:00] [INFO ]   train.json: 48 images, 45 annotations
[12:19:00] [INFO ]   val.json:   13 images,  6 annotations
[12:19:00] [INFO ]   Step 4 complete
[12:19:00] [INFO ] 
[12:19:00] [INFO ]   DONE  f287stk06  →  val  |  0 faults  |  0 boxes
[12:19:00] [INFO ] 
[12:19:00] [INFO ] ──────────────────────────────────────────────────
[12:19:00] [INFO ]   LINE: f287stk07
[12:19:00] [INFO ] ──────────────────────────────────────────────────
[12:19:00] [INFO ] Dataset  : namss.F-2-87-AA.mcs.airgun
[12:19:00] [INFO ] SGY      : ../../airgun_data/namss.F-2-87-AA.mcs.airgun/Data/f287stk07.sgy
[12:19:00] [INFO ] NAV      : ../../airgun_data/namss.F-2-87-AA.mcs.airgun/Navigation/f-2-87-aa_NAV-WGS84.csv
[12:19:00] [INFO ] SA mode  : single (seed=12)
[12:19:00] [INFO ] 
[12:19:00] [INFO ] STEP 1 — Feature extraction
[12:19:00] [INFO ]   Loading navigation...
[12:19:00] [INFO ]   Loading SEG-Y...
[12:19:00] [INFO ]   Traces: 208  Samples: 2500  dt: 4.000 ms
[12:19:00] [INFO ]   Depth:  0.0 m → 7497.0 m
[12:19:00] [INFO ]   Matching traces to navigation...
[12:19:00] [INFO ]   NAV line matched via translation: 'f287stk07' -> 'F287-7'
[12:19:00] [INFO ]   Matched 207 / 208 traces
[12:19:00] [INFO ]   Bandpass filtering...
[12:19:00] [INFO ]   Computing seismic attributes...
[12:19:00] [INFO ]   Picking seafloor...
[12:19:00] [INFO ]   Seafloor depth: 765–1662 m  (0 shallow traces masked)
[12:19:00] [INFO ]   Picking horizons...
[12:19:00] [INFO ]   Computing NCC coherence (slow)...
[12:19:00] [INFO ]   Saving CNN section image...
[12:19:00] [INFO ]   Saved: f287stk07_section_cnn.png  (2700x1500px)
[12:19:00] [INFO ]   Step 1 complete
[12:19:00] [INFO ] 
[12:19:00] [INFO ] STEP 2 — Fault detection
[12:19:00] [INFO ]   Mode: single SA run (seed=12)
[12:19:01] [INFO ]   Detected 0 high-confidence faults
[12:19:01] [INFO ]   Step 2 complete
[12:19:01] [INFO ] 
[12:19:01] [INFO ] STEP 3 — Bounding boxes
[12:19:01] [INFO ]   Generated 0 boxes
[12:19:01] [INFO ]   Step 3 complete
[12:19:01] [INFO ] 
[12:19:01] [INFO ] STEP 4 — Dataset building
[12:19:01] [INFO ]   Saving labeled review image...
[12:19:01] [INFO ]   Saved: f287stk07_labeled.png
[12:19:01] [INFO ]   Split: train
[12:19:01] [INFO ]   Added 0 annotations to train.json
[12:19:01] [INFO ]   train.json: 49 images, 45 annotations
[12:19:01] [INFO ]   val.json:   13 images,  6 annotations
[12:19:01] [INFO ]   Step 4 complete
[12:19:01] [INFO ] 
[12:19:01] [INFO ]   DONE  f287stk07  →  train  |  0 faults  |  0 boxes
[12:19:01] [INFO ] 
[12:19:01] [INFO ] ──────────────────────────────────────────────────
[12:19:01] [INFO ]   LINE: f287stk08
[12:19:01] [INFO ] ──────────────────────────────────────────────────
[12:19:01] [INFO ] Dataset  : namss.F-2-87-AA.mcs.airgun
[12:19:01] [INFO ] SGY      : ../../airgun_data/namss.F-2-87-AA.mcs.airgun/Data/f287stk08.sgy
[12:19:01] [INFO ] NAV      : ../../airgun_data/namss.F-2-87-AA.mcs.airgun/Navigation/f-2-87-aa_NAV-WGS84.csv
[12:19:01] [INFO ] SA mode  : single (seed=12)
[12:19:01] [INFO ] 
[12:19:01] [INFO ] STEP 1 — Feature extraction
[12:19:01] [INFO ]   Loading navigation...
[12:19:01] [INFO ]   Loading SEG-Y...
[12:19:01] [INFO ]   Traces: 1406  Samples: 2500  dt: 4.000 ms
[12:19:01] [INFO ]   Depth:  0.0 m → 7497.0 m
[12:19:01] [INFO ]   Matching traces to navigation...
[12:19:01] [INFO ]   NAV line matched via translation: 'f287stk08' -> 'F287-8'
[12:19:01] [INFO ]   Matched 1404 / 1406 traces
[12:19:01] [INFO ]   Bandpass filtering...
[12:19:01] [INFO ]   Computing seismic attributes...
[12:19:01] [INFO ]   Picking seafloor...
[12:19:01] [INFO ]   Seafloor depth: 732–2607 m  (0 shallow traces masked)
[12:19:01] [INFO ]   Picking horizons...
[12:19:01] [INFO ]   Computing NCC coherence (slow)...
[12:19:01] [INFO ]   Saving CNN section image...
[12:19:02] [INFO ]   Saved: f287stk08_section_cnn.png  (2700x1500px)
[12:19:02] [INFO ]   Step 1 complete
[12:19:02] [INFO ] 
[12:19:02] [INFO ] STEP 2 — Fault detection
[12:19:02] [INFO ]   Mode: single SA run (seed=12)
[12:19:03] [INFO ]   Detected 0 high-confidence faults
[12:19:03] [INFO ]   Step 2 complete
[12:19:03] [INFO ] 
[12:19:03] [INFO ] STEP 3 — Bounding boxes
[12:19:03] [INFO ]   Generated 0 boxes
[12:19:03] [INFO ]   Step 3 complete
[12:19:03] [INFO ] 
[12:19:03] [INFO ] STEP 4 — Dataset building
[12:19:03] [INFO ]   Saving labeled review image...
[12:19:03] [INFO ]   Saved: f287stk08_labeled.png
[12:19:03] [INFO ]   Split: train
[12:19:03] [INFO ]   Added 0 annotations to train.json
[12:19:03] [INFO ]   train.json: 50 images, 45 annotations
[12:19:03] [INFO ]   val.json:   13 images,  6 annotations
[12:19:03] [INFO ]   Step 4 complete
[12:19:03] [INFO ] 
[12:19:03] [INFO ]   DONE  f287stk08  →  train  |  0 faults  |  0 boxes
[12:19:03] [INFO ] 
[12:19:03] [INFO ] ──────────────────────────────────────────────────
[12:19:03] [INFO ]   LINE: f287stk09
[12:19:03] [INFO ] ──────────────────────────────────────────────────
[12:19:03] [INFO ] Dataset  : namss.F-2-87-AA.mcs.airgun
[12:19:03] [INFO ] SGY      : ../../airgun_data/namss.F-2-87-AA.mcs.airgun/Data/f287stk09.sgy
[12:19:03] [INFO ] NAV      : ../../airgun_data/namss.F-2-87-AA.mcs.airgun/Navigation/f-2-87-aa_NAV-WGS84.csv
[12:19:03] [INFO ] SA mode  : single (seed=12)
[12:19:03] [INFO ] 
[12:19:03] [INFO ] STEP 1 — Feature extraction
[12:19:03] [INFO ]   Loading navigation...
[12:19:03] [INFO ]   Loading SEG-Y...
[12:19:03] [INFO ]   Traces: 679  Samples: 2500  dt: 4.000 ms
[12:19:03] [INFO ]   Depth:  0.0 m → 7497.0 m
[12:19:03] [INFO ]   Matching traces to navigation...
[12:19:03] [INFO ]   NAV line matched via translation: 'f287stk09' -> 'F287-9'
[12:19:03] [INFO ]   Matched 678 / 679 traces
[12:19:03] [INFO ]   Bandpass filtering...
[12:19:03] [INFO ]   Computing seismic attributes...
[12:19:04] [INFO ]   Picking seafloor...
[12:19:04] [INFO ]   Seafloor depth: 975–3078 m  (0 shallow traces masked)
[12:19:04] [INFO ]   Picking horizons...
[12:19:04] [INFO ]   Computing NCC coherence (slow)...
[12:19:04] [INFO ]   Saving CNN section image...
[12:19:04] [INFO ]   Saved: f287stk09_section_cnn.png  (2700x1500px)
[12:19:04] [INFO ]   Step 1 complete
[12:19:04] [INFO ] 
[12:19:04] [INFO ] STEP 2 — Fault detection
[12:19:04] [INFO ]   Mode: single SA run (seed=12)
[12:19:05] [INFO ]   Detected 1 high-confidence faults
[12:19:05] [INFO ]     Fault  1 | trace ~  578 | prob=0.774
[12:19:05] [INFO ]   Step 2 complete
[12:19:05] [INFO ] 
[12:19:05] [INFO ] STEP 3 — Bounding boxes
[12:19:05] [INFO ]   Box  1 | [1862, 197, 838w, 144h px]
[12:19:05] [INFO ]   Generated 1 boxes
[12:19:05] [INFO ]   Step 3 complete
[12:19:05] [INFO ] 
[12:19:05] [INFO ] STEP 4 — Dataset building
[12:19:05] [INFO ]   Saving labeled review image...
[12:19:05] [INFO ]   Saved: f287stk09_labeled.png
[12:19:05] [INFO ]   Split: train
[12:19:05] [INFO ]   Added 1 annotations to train.json
[12:19:05] [INFO ]   train.json: 51 images, 46 annotations
[12:19:05] [INFO ]   val.json:   13 images,  6 annotations
[12:19:05] [INFO ]   Step 4 complete
[12:19:05] [INFO ] 
[12:19:05] [INFO ]   DONE  f287stk09  →  train  |  1 faults  |  1 boxes
[12:19:05] [INFO ] 
[12:19:05] [INFO ] ──────────────────────────────────────────────────
[12:19:05] [INFO ]   LINE: f287stk10
[12:19:05] [INFO ] ──────────────────────────────────────────────────
[12:19:05] [INFO ] Dataset  : namss.F-2-87-AA.mcs.airgun
[12:19:05] [INFO ] SGY      : ../../airgun_data/namss.F-2-87-AA.mcs.airgun/Data/f287stk10.sgy
[12:19:05] [INFO ] NAV      : ../../airgun_data/namss.F-2-87-AA.mcs.airgun/Navigation/f-2-87-aa_NAV-WGS84.csv
[12:19:05] [INFO ] SA mode  : single (seed=12)
[12:19:05] [INFO ] 
[12:19:05] [INFO ] STEP 1 — Feature extraction
[12:19:05] [INFO ]   Loading navigation...
[12:19:05] [INFO ]   Loading SEG-Y...
[12:19:05] [INFO ]   Traces: 417  Samples: 2500  dt: 4.000 ms
[12:19:05] [INFO ]   Depth:  0.0 m → 7497.0 m
[12:19:05] [INFO ]   Matching traces to navigation...
[12:19:05] [INFO ]   NAV line matched via translation: 'f287stk10' -> 'F287-10'
[12:19:05] [INFO ]   Matched 416 / 417 traces
[12:19:05] [INFO ]   Bandpass filtering...
[12:19:05] [INFO ]   Computing seismic attributes...
[12:19:05] [INFO ]   Picking seafloor...
[12:19:05] [INFO ]   Seafloor depth: 615–1452 m  (0 shallow traces masked)
[12:19:05] [INFO ]   Picking horizons...
[12:19:05] [INFO ]   Computing NCC coherence (slow)...
[12:19:05] [INFO ]   Saving CNN section image...
[12:19:05] [INFO ]   Saved: f287stk10_section_cnn.png  (2700x1500px)
[12:19:05] [INFO ]   Step 1 complete
[12:19:05] [INFO ] 
[12:19:05] [INFO ] STEP 2 — Fault detection
[12:19:05] [INFO ]   Mode: single SA run (seed=12)
[12:19:06] [INFO ]   Detected 0 high-confidence faults
[12:19:06] [INFO ]   Step 2 complete
[12:19:06] [INFO ] 
[12:19:06] [INFO ] STEP 3 — Bounding boxes
[12:19:06] [INFO ]   Generated 0 boxes
[12:19:06] [INFO ]   Step 3 complete
[12:19:06] [INFO ] 
[12:19:06] [INFO ] STEP 4 — Dataset building
[12:19:06] [INFO ]   Saving labeled review image...
[12:19:06] [INFO ]   Saved: f287stk10_labeled.png
[12:19:06] [INFO ]   Split: train
[12:19:06] [INFO ]   Added 0 annotations to train.json
[12:19:06] [INFO ]   train.json: 52 images, 46 annotations
[12:19:06] [INFO ]   val.json:   13 images,  6 annotations
[12:19:06] [INFO ]   Step 4 complete
[12:19:06] [INFO ] 
[12:19:06] [INFO ]   DONE  f287stk10  →  train  |  0 faults  |  0 boxes
[12:19:06] [INFO ] 
[12:19:06] [INFO ] ──────────────────────────────────────────────────
[12:19:06] [INFO ]   LINE: f287stk11
[12:19:06] [INFO ] ──────────────────────────────────────────────────
[12:19:06] [INFO ] Dataset  : namss.F-2-87-AA.mcs.airgun
[12:19:06] [INFO ] SGY      : ../../airgun_data/namss.F-2-87-AA.mcs.airgun/Data/f287stk11.sgy
[12:19:06] [INFO ] NAV      : ../../airgun_data/namss.F-2-87-AA.mcs.airgun/Navigation/f-2-87-aa_NAV-WGS84.csv
[12:19:06] [INFO ] SA mode  : single (seed=12)
[12:19:06] [INFO ] 
[12:19:06] [INFO ] STEP 1 — Feature extraction
[12:19:06] [INFO ]   Loading navigation...
[12:19:06] [INFO ]   Loading SEG-Y...
[12:19:06] [INFO ]   Traces: 1209  Samples: 2500  dt: 4.000 ms
[12:19:06] [INFO ]   Depth:  0.0 m → 7497.0 m
[12:19:06] [INFO ]   Matching traces to navigation...
[12:19:06] [INFO ]   NAV line matched via translation: 'f287stk11' -> 'F287-11'
[12:19:06] [INFO ]   Matched 1208 / 1209 traces
[12:19:06] [INFO ]   Bandpass filtering...
[12:19:06] [INFO ]   Computing seismic attributes...
[12:19:06] [INFO ]   Picking seafloor...
[12:19:06] [INFO ]   Seafloor depth: 372–921 m  (292 shallow traces masked)
[12:19:06] [INFO ]   Picking horizons...
[12:19:07] [INFO ]   Computing NCC coherence (slow)...
[12:19:07] [INFO ]   Saving CNN section image...
[12:19:07] [INFO ]   Saved: f287stk11_section_cnn.png  (2700x1500px)
[12:19:07] [INFO ]   Step 1 complete
[12:19:07] [INFO ] 
[12:19:07] [INFO ] STEP 2 — Fault detection
[12:19:07] [INFO ]   Mode: single SA run (seed=12)
[12:19:08] [INFO ]   Detected 0 high-confidence faults
[12:19:08] [INFO ]   Step 2 complete
[12:19:08] [INFO ] 
[12:19:08] [INFO ] STEP 3 — Bounding boxes
[12:19:08] [INFO ]   Generated 0 boxes
[12:19:08] [INFO ]   Step 3 complete
[12:19:08] [INFO ] 
[12:19:08] [INFO ] STEP 4 — Dataset building
[12:19:08] [INFO ]   Saving labeled review image...
[12:19:09] [INFO ]   Saved: f287stk11_labeled.png
[12:19:09] [INFO ]   Split: val
[12:19:09] [INFO ]   Added 0 annotations to val.json
[12:19:09] [INFO ]   train.json: 52 images, 46 annotations
[12:19:09] [INFO ]   val.json:   14 images,  6 annotations
[12:19:09] [INFO ]   Step 4 complete
[12:19:09] [INFO ] 
[12:19:09] [INFO ]   DONE  f287stk11  →  val  |  0 faults  |  0 boxes
[12:19:09] [INFO ] 
[12:19:09] [INFO ] ──────────────────────────────────────────────────
[12:19:09] [INFO ]   LINE: f287stk12
[12:19:09] [INFO ] ──────────────────────────────────────────────────
[12:19:09] [INFO ] Dataset  : namss.F-2-87-AA.mcs.airgun
[12:19:09] [INFO ] SGY      : ../../airgun_data/namss.F-2-87-AA.mcs.airgun/Data/f287stk12.sgy
[12:19:09] [INFO ] NAV      : ../../airgun_data/namss.F-2-87-AA.mcs.airgun/Navigation/f-2-87-aa_NAV-WGS84.csv
[12:19:09] [INFO ] SA mode  : single (seed=12)
[12:19:09] [INFO ] 
[12:19:09] [INFO ] STEP 1 — Feature extraction
[12:19:09] [INFO ]   Loading navigation...
[12:19:09] [INFO ]   Loading SEG-Y...
[12:19:09] [INFO ]   Traces: 1119  Samples: 1500  dt: 4.000 ms
[12:19:09] [INFO ]   Depth:  0.0 m → 4497.0 m
[12:19:09] [INFO ]   Matching traces to navigation...
[12:19:09] [INFO ]   NAV line matched via translation: 'f287stk12' -> 'F287-12'
[12:19:09] [INFO ]   Matched 1118 / 1119 traces
[12:19:09] [INFO ]   Bandpass filtering...
[12:19:09] [INFO ]   Computing seismic attributes...
[12:19:09] [INFO ]   Picking seafloor...
[12:19:09] [INFO ]   Seafloor depth: 0–3993 m  (197 shallow traces masked)
[12:19:09] [INFO ]   Picking horizons...
[12:19:09] [INFO ]   Computing NCC coherence (slow)...
[12:19:09] [INFO ]   Saving CNN section image...
[12:19:09] [INFO ]   Saved: f287stk12_section_cnn.png  (2700x1500px)
[12:19:09] [INFO ]   Step 1 complete
[12:19:09] [INFO ] 
[12:19:09] [INFO ] STEP 2 — Fault detection
[12:19:09] [INFO ]   Mode: single SA run (seed=12)
[12:19:10] [INFO ]   Detected 1 high-confidence faults
[12:19:10] [INFO ]     Fault  1 | trace ~   49 | prob=0.787
[12:19:10] [INFO ]   Step 2 complete
[12:19:10] [INFO ] 
[12:19:10] [INFO ] STEP 3 — Bounding boxes
[12:19:10] [INFO ]   Box  1 | [0, 362, 328w, 229h px]
[12:19:10] [INFO ]   Generated 1 boxes
[12:19:10] [INFO ]   Step 3 complete
[12:19:10] [INFO ] 
[12:19:10] [INFO ] STEP 4 — Dataset building
[12:19:10] [INFO ]   Saving labeled review image...
[12:19:11] [INFO ]   Saved: f287stk12_labeled.png
[12:19:11] [INFO ]   Split: train
[12:19:11] [INFO ]   Added 1 annotations to train.json
[12:19:11] [INFO ]   train.json: 53 images, 47 annotations
[12:19:11] [INFO ]   val.json:   14 images,  6 annotations
[12:19:11] [INFO ]   Step 4 complete
[12:19:11] [INFO ] 
[12:19:11] [INFO ]   DONE  f287stk12  →  train  |  1 faults  |  1 boxes
[12:19:11] [INFO ] 
[12:19:11] [INFO ] ──────────────────────────────────────────────────
[12:19:11] [INFO ]   LINE: f287stk13
[12:19:11] [INFO ] ──────────────────────────────────────────────────
[12:19:11] [INFO ] Dataset  : namss.F-2-87-AA.mcs.airgun
[12:19:11] [INFO ] SGY      : ../../airgun_data/namss.F-2-87-AA.mcs.airgun/Data/f287stk13.sgy
[12:19:11] [INFO ] NAV      : ../../airgun_data/namss.F-2-87-AA.mcs.airgun/Navigation/f-2-87-aa_NAV-WGS84.csv
[12:19:11] [INFO ] SA mode  : single (seed=12)
[12:19:11] [INFO ] 
[12:19:11] [INFO ] STEP 1 — Feature extraction
[12:19:11] [INFO ]   Loading navigation...
[12:19:11] [INFO ]   Loading SEG-Y...
[12:19:11] [INFO ]   Traces: 1429  Samples: 2500  dt: 4.000 ms
[12:19:11] [INFO ]   Depth:  0.0 m → 7497.0 m
[12:19:11] [INFO ]   Matching traces to navigation...
[12:19:11] [INFO ]   NAV line matched via translation: 'f287stk13' -> 'F287-13'
[12:19:11] [INFO ]   Matched 1428 / 1429 traces
[12:19:11] [INFO ]   Bandpass filtering...
[12:19:11] [INFO ]   Computing seismic attributes...
[12:19:11] [INFO ]   Picking seafloor...
[12:19:11] [INFO ]   Seafloor depth: 2319–5202 m  (0 shallow traces masked)
[12:19:11] [INFO ]   Picking horizons...
[12:19:11] [INFO ]   Computing NCC coherence (slow)...
[12:19:11] [INFO ]   Saving CNN section image...
[12:19:12] [INFO ]   Saved: f287stk13_section_cnn.png  (2700x1500px)
[12:19:12] [INFO ]   Step 1 complete
[12:19:12] [INFO ] 
[12:19:12] [INFO ] STEP 2 — Fault detection
[12:19:12] [INFO ]   Mode: single SA run (seed=12)
[12:19:14] [INFO ]   Detected 0 high-confidence faults
[12:19:14] [INFO ]   Step 2 complete
[12:19:14] [INFO ] 
[12:19:14] [INFO ] STEP 3 — Bounding boxes
[12:19:14] [INFO ]   Generated 0 boxes
[12:19:14] [INFO ]   Step 3 complete
[12:19:14] [INFO ] 
[12:19:14] [INFO ] STEP 4 — Dataset building
[12:19:14] [INFO ]   Saving labeled review image...
[12:19:14] [INFO ]   Saved: f287stk13_labeled.png
[12:19:14] [INFO ]   Split: train
[12:19:14] [INFO ]   Added 0 annotations to train.json
[12:19:14] [INFO ]   train.json: 54 images, 47 annotations
[12:19:14] [INFO ]   val.json:   14 images,  6 annotations
[12:19:14] [INFO ]   Step 4 complete
[12:19:14] [INFO ] 
[12:19:14] [INFO ]   DONE  f287stk13  →  train  |  0 faults  |  0 boxes
[12:19:14] [INFO ] 
[12:19:14] [INFO ] ──────────────────────────────────────────────────
[12:19:14] [INFO ]   LINE: f287stk14
[12:19:14] [INFO ] ──────────────────────────────────────────────────
[12:19:14] [INFO ] Dataset  : namss.F-2-87-AA.mcs.airgun
[12:19:14] [INFO ] SGY      : ../../airgun_data/namss.F-2-87-AA.mcs.airgun/Data/f287stk14.sgy
[12:19:14] [INFO ] NAV      : ../../airgun_data/namss.F-2-87-AA.mcs.airgun/Navigation/f-2-87-aa_NAV-WGS84.csv
[12:19:14] [INFO ] SA mode  : single (seed=12)
[12:19:14] [INFO ] 
[12:19:14] [INFO ] STEP 1 — Feature extraction
[12:19:14] [INFO ]   Loading navigation...
[12:19:14] [INFO ]   Loading SEG-Y...
[12:19:14] [INFO ]   Traces: 1211  Samples: 2500  dt: 4.000 ms
[12:19:14] [INFO ]   Depth:  0.0 m → 7497.0 m
[12:19:14] [INFO ]   Matching traces to navigation...
[12:19:14] [INFO ]   NAV line matched via translation: 'f287stk14' -> 'F287-14'
[12:19:14] [INFO ]   Matched 1211 / 1211 traces
[12:19:14] [INFO ]   Bandpass filtering...
[12:19:14] [INFO ]   Computing seismic attributes...
[12:19:14] [INFO ]   Picking seafloor...
[12:19:14] [INFO ]   Seafloor depth: 0–1905 m  (9 shallow traces masked)
[12:19:14] [INFO ]   Picking horizons...
[12:19:14] [INFO ]   Computing NCC coherence (slow)...
[12:19:14] [INFO ]   Saving CNN section image...
[12:19:15] [INFO ]   Saved: f287stk14_section_cnn.png  (2700x1500px)
[12:19:15] [INFO ]   Step 1 complete
[12:19:15] [INFO ] 
[12:19:15] [INFO ] STEP 2 — Fault detection
[12:19:15] [INFO ]   Mode: single SA run (seed=12)
[12:19:16] [INFO ]   Detected 1 high-confidence faults
[12:19:16] [INFO ]     Fault  1 | trace ~  617 | prob=0.789
[12:19:16] [INFO ]   Step 2 complete
[12:19:16] [INFO ] 
[12:19:16] [INFO ] STEP 3 — Bounding boxes
[12:19:16] [INFO ]   Box  1 | [1180, 120, 402w, 141h px]
[12:19:16] [INFO ]   Generated 1 boxes
[12:19:16] [INFO ]   Step 3 complete
[12:19:16] [INFO ] 
[12:19:16] [INFO ] STEP 4 — Dataset building
[12:19:16] [INFO ]   Saving labeled review image...
[12:19:16] [INFO ]   Saved: f287stk14_labeled.png
[12:19:16] [INFO ]   Split: train
[12:19:16] [INFO ]   Added 1 annotations to train.json
[12:19:16] [INFO ]   train.json: 55 images, 48 annotations
[12:19:16] [INFO ]   val.json:   14 images,  6 annotations
[12:19:16] [INFO ]   Step 4 complete
[12:19:16] [INFO ] 
[12:19:16] [INFO ]   DONE  f287stk14  →  train  |  1 faults  |  1 boxes
[12:19:16] [INFO ] 
[12:19:16] [INFO ] ──────────────────────────────────────────────────
[12:19:16] [INFO ]   LINE: f287stk14a
[12:19:16] [INFO ] ──────────────────────────────────────────────────
[12:19:16] [INFO ] Dataset  : namss.F-2-87-AA.mcs.airgun
[12:19:16] [INFO ] SGY      : ../../airgun_data/namss.F-2-87-AA.mcs.airgun/Data/f287stk14a.sgy
[12:19:16] [INFO ] NAV      : ../../airgun_data/namss.F-2-87-AA.mcs.airgun/Navigation/f-2-87-aa_NAV-WGS84.csv
[12:19:16] [INFO ] SA mode  : single (seed=12)
[12:19:16] [INFO ] 
[12:19:16] [INFO ] STEP 1 — Feature extraction
[12:19:16] [INFO ]   Loading navigation...
[12:19:16] [INFO ]   Loading SEG-Y...
[12:19:16] [INFO ]   Traces: 780  Samples: 2500  dt: 4.000 ms
[12:19:16] [INFO ]   Depth:  0.0 m → 7497.0 m
[12:19:16] [INFO ]   Matching traces to navigation...
[12:19:16] [INFO ]   NAV line matched via translation: 'f287stk14a' -> 'F287-14A'
[12:19:16] [INFO ]   Matched 779 / 780 traces
[12:19:16] [INFO ]   Bandpass filtering...
[12:19:16] [INFO ]   Computing seismic attributes...
[12:19:16] [INFO ]   Picking seafloor...
[12:19:17] [INFO ]   Seafloor depth: 651–840 m  (0 shallow traces masked)
[12:19:17] [INFO ]   Picking horizons...
[12:19:17] [INFO ]   Computing NCC coherence (slow)...
[12:19:17] [INFO ]   Saving CNN section image...
[12:19:17] [INFO ]   Saved: f287stk14a_section_cnn.png  (2700x1500px)
[12:19:17] [INFO ]   Step 1 complete
[12:19:17] [INFO ] 
[12:19:17] [INFO ] STEP 2 — Fault detection
[12:19:17] [INFO ]   Mode: single SA run (seed=12)
[12:19:18] [INFO ]   Detected 0 high-confidence faults
[12:19:18] [INFO ]   Step 2 complete
[12:19:18] [INFO ] 
[12:19:18] [INFO ] STEP 3 — Bounding boxes
[12:19:18] [INFO ]   Generated 0 boxes
[12:19:18] [INFO ]   Step 3 complete
[12:19:18] [INFO ] 
[12:19:18] [INFO ] STEP 4 — Dataset building
[12:19:18] [INFO ]   Saving labeled review image...
[12:19:18] [INFO ]   Saved: f287stk14a_labeled.png
[12:19:18] [INFO ]   Split: train
[12:19:18] [INFO ]   Added 0 annotations to train.json
[12:19:18] [INFO ]   train.json: 56 images, 48 annotations
[12:19:18] [INFO ]   val.json:   14 images,  6 annotations
[12:19:18] [INFO ]   Step 4 complete
[12:19:18] [INFO ] 
[12:19:18] [INFO ]   DONE  f287stk14a  →  train  |  0 faults  |  0 boxes
[12:19:18] [INFO ] 
[12:19:18] [INFO ] ──────────────────────────────────────────────────
[12:19:18] [INFO ]   LINE: f287stk15
[12:19:18] [INFO ] ──────────────────────────────────────────────────
[12:19:18] [INFO ] Dataset  : namss.F-2-87-AA.mcs.airgun
[12:19:18] [INFO ] SGY      : ../../airgun_data/namss.F-2-87-AA.mcs.airgun/Data/f287stk15.sgy
[12:19:18] [INFO ] NAV      : ../../airgun_data/namss.F-2-87-AA.mcs.airgun/Navigation/f-2-87-aa_NAV-WGS84.csv
[12:19:18] [INFO ] SA mode  : single (seed=12)
[12:19:18] [INFO ] 
[12:19:18] [INFO ] STEP 1 — Feature extraction
[12:19:18] [INFO ]   Loading navigation...
[12:19:18] [INFO ]   Loading SEG-Y...
[12:19:18] [INFO ]   Traces: 168  Samples: 1500  dt: 4.000 ms
[12:19:18] [INFO ]   Depth:  0.0 m → 4497.0 m
[12:19:18] [INFO ]   Matching traces to navigation...
[12:19:18] [INFO ]   NAV line matched via translation: 'f287stk15' -> 'F287-15'
[12:19:18] [INFO ]   Matched 167 / 168 traces
[12:19:18] [INFO ]   Bandpass filtering...
[12:19:18] [INFO ]   Computing seismic attributes...
[12:19:18] [INFO ]   Picking seafloor...
[12:19:18] [INFO ]   Seafloor depth: 582–636 m  (32 shallow traces masked)
[12:19:18] [INFO ]   Picking horizons...
[12:19:18] [INFO ]   Computing NCC coherence (slow)...
[12:19:18] [INFO ]   Saving CNN section image...
[12:19:18] [INFO ]   Saved: f287stk15_section_cnn.png  (2700x1500px)
[12:19:18] [INFO ]   Step 1 complete
[12:19:18] [INFO ] 
[12:19:18] [INFO ] STEP 2 — Fault detection
[12:19:18] [INFO ]   Mode: single SA run (seed=12)
[12:19:19] [INFO ]   Detected 0 high-confidence faults
[12:19:19] [INFO ]   Step 2 complete
[12:19:19] [INFO ] 
[12:19:19] [INFO ] STEP 3 — Bounding boxes
[12:19:19] [INFO ]   Generated 0 boxes
[12:19:19] [INFO ]   Step 3 complete
[12:19:19] [INFO ] 
[12:19:19] [INFO ] STEP 4 — Dataset building
[12:19:19] [INFO ]   Saving labeled review image...
[12:19:19] [INFO ]   Saved: f287stk15_labeled.png
[12:19:19] [INFO ]   Split: val
[12:19:19] [INFO ]   Added 0 annotations to val.json
[12:19:19] [INFO ]   train.json: 56 images, 48 annotations
[12:19:19] [INFO ]   val.json:   15 images,  6 annotations
[12:19:19] [INFO ]   Step 4 complete
[12:19:19] [INFO ] 
[12:19:19] [INFO ]   DONE  f287stk15  →  val  |  0 faults  |  0 boxes
[12:19:19] [INFO ] 
[12:19:19] [INFO ] ──────────────────────────────────────────────────
[12:19:19] [INFO ]   LINE: f287stk16
[12:19:19] [INFO ] ──────────────────────────────────────────────────
[12:19:19] [INFO ] Dataset  : namss.F-2-87-AA.mcs.airgun
[12:19:19] [INFO ] SGY      : ../../airgun_data/namss.F-2-87-AA.mcs.airgun/Data/f287stk16.sgy
[12:19:19] [INFO ] NAV      : ../../airgun_data/namss.F-2-87-AA.mcs.airgun/Navigation/f-2-87-aa_NAV-WGS84.csv
[12:19:19] [INFO ] SA mode  : single (seed=12)
[12:19:19] [INFO ] 
[12:19:19] [INFO ] STEP 1 — Feature extraction
[12:19:19] [INFO ]   Loading navigation...
[12:19:19] [INFO ]   Loading SEG-Y...
[12:19:19] [INFO ]   Traces: 1045  Samples: 1500  dt: 4.000 ms
[12:19:19] [INFO ]   Depth:  0.0 m → 4497.0 m
[12:19:19] [INFO ]   Matching traces to navigation...
[12:19:19] [INFO ]   NAV line matched via translation: 'f287stk16' -> 'F287-16'
[12:19:19] [INFO ]   Matched 1044 / 1045 traces
[12:19:19] [INFO ]   Bandpass filtering...
[12:19:19] [INFO ]   Computing seismic attributes...
[12:19:19] [INFO ]   Picking seafloor...
[12:19:19] [INFO ]   Seafloor depth: 591–858 m  (8 shallow traces masked)
[12:19:19] [INFO ]   Picking horizons...
[12:19:19] [INFO ]   Computing NCC coherence (slow)...
[12:19:19] [INFO ]   Saving CNN section image...
[12:19:20] [INFO ]   Saved: f287stk16_section_cnn.png  (2700x1500px)
[12:19:20] [INFO ]   Step 1 complete
[12:19:20] [INFO ] 
[12:19:20] [INFO ] STEP 2 — Fault detection
[12:19:20] [INFO ]   Mode: single SA run (seed=12)
[12:19:21] [INFO ]   Detected 0 high-confidence faults
[12:19:21] [INFO ]   Step 2 complete
[12:19:21] [INFO ] 
[12:19:21] [INFO ] STEP 3 — Bounding boxes
[12:19:21] [INFO ]   Generated 0 boxes
[12:19:21] [INFO ]   Step 3 complete
[12:19:21] [INFO ] 
[12:19:21] [INFO ] STEP 4 — Dataset building
[12:19:21] [INFO ]   Saving labeled review image...
[12:19:21] [INFO ]   Saved: f287stk16_labeled.png
[12:19:21] [INFO ]   Split: train
[12:19:21] [INFO ]   Added 0 annotations to train.json
[12:19:21] [INFO ]   train.json: 57 images, 48 annotations
[12:19:21] [INFO ]   val.json:   15 images,  6 annotations
[12:19:21] [INFO ]   Step 4 complete
[12:19:21] [INFO ] 
[12:19:21] [INFO ]   DONE  f287stk16  →  train  |  0 faults  |  0 boxes
[12:19:21] [INFO ] 
[12:19:21] [INFO ] ──────────────────────────────────────────────────
[12:19:21] [INFO ]   LINE: f287stk17
[12:19:21] [INFO ] ──────────────────────────────────────────────────
[12:19:21] [INFO ] Dataset  : namss.F-2-87-AA.mcs.airgun
[12:19:21] [INFO ] SGY      : ../../airgun_data/namss.F-2-87-AA.mcs.airgun/Data/f287stk17.sgy
[12:19:21] [INFO ] NAV      : ../../airgun_data/namss.F-2-87-AA.mcs.airgun/Navigation/f-2-87-aa_NAV-WGS84.csv
[12:19:21] [INFO ] SA mode  : single (seed=12)
[12:19:21] [INFO ] 
[12:19:21] [INFO ] STEP 1 — Feature extraction
[12:19:21] [INFO ]   Loading navigation...
[12:19:21] [INFO ]   Loading SEG-Y...
[12:19:21] [INFO ]   Traces: 348  Samples: 1500  dt: 4.000 ms
[12:19:21] [INFO ]   Depth:  0.0 m → 4497.0 m
[12:19:21] [INFO ]   Matching traces to navigation...
[12:19:21] [INFO ]   NAV line matched via translation: 'f287stk17' -> 'F287-17'
[12:19:21] [INFO ]   Matched 347 / 348 traces
[12:19:21] [INFO ]   Bandpass filtering...
[12:19:21] [INFO ]   Computing seismic attributes...
[12:19:21] [INFO ]   Picking seafloor...
[12:19:21] [INFO ]   Seafloor depth: 477–705 m  (159 shallow traces masked)
[12:19:21] [INFO ]   Picking horizons...
[12:19:21] [INFO ]   Computing NCC coherence (slow)...
[12:19:21] [INFO ]   Saving CNN section image...
[12:19:21] [INFO ]   Saved: f287stk17_section_cnn.png  (2700x1500px)
[12:19:21] [INFO ]   Step 1 complete
[12:19:21] [INFO ] 
[12:19:21] [INFO ] STEP 2 — Fault detection
[12:19:21] [INFO ]   Mode: single SA run (seed=12)
[12:19:22] [INFO ]   Detected 1 high-confidence faults
[12:19:22] [INFO ]     Fault  1 | trace ~   43 | prob=0.784
[12:19:22] [INFO ]   Step 2 complete
[12:19:22] [INFO ] 
[12:19:22] [INFO ] STEP 3 — Bounding boxes
[12:19:22] [INFO ]   Box  1 | [0, 213, 876w, 209h px]
[12:19:22] [INFO ]   Generated 1 boxes
[12:19:22] [INFO ]   Step 3 complete
[12:19:22] [INFO ] 
[12:19:22] [INFO ] STEP 4 — Dataset building
[12:19:22] [INFO ]   Saving labeled review image...
[12:19:22] [INFO ]   Saved: f287stk17_labeled.png
[12:19:22] [INFO ]   Split: train
[12:19:22] [INFO ]   Added 1 annotations to train.json
[12:19:22] [INFO ]   train.json: 58 images, 49 annotations
[12:19:22] [INFO ]   val.json:   15 images,  6 annotations
[12:19:22] [INFO ]   Step 4 complete
[12:19:22] [INFO ] 
[12:19:22] [INFO ]   DONE  f287stk17  →  train  |  1 faults  |  1 boxes
[12:19:22] [INFO ] 
[12:19:22] [INFO ] ──────────────────────────────────────────────────
[12:19:22] [INFO ]   LINE: f287stk18
[12:19:22] [INFO ] ──────────────────────────────────────────────────
[12:19:22] [INFO ] Dataset  : namss.F-2-87-AA.mcs.airgun
[12:19:22] [INFO ] SGY      : ../../airgun_data/namss.F-2-87-AA.mcs.airgun/Data/f287stk18.sgy
[12:19:22] [INFO ] NAV      : ../../airgun_data/namss.F-2-87-AA.mcs.airgun/Navigation/f-2-87-aa_NAV-WGS84.csv
[12:19:22] [INFO ] SA mode  : single (seed=12)
[12:19:22] [INFO ] 
[12:19:22] [INFO ] STEP 1 — Feature extraction
[12:19:22] [INFO ]   Loading navigation...
[12:19:22] [INFO ]   Loading SEG-Y...
[12:19:22] [INFO ]   Traces: 622  Samples: 1500  dt: 4.000 ms
[12:19:22] [INFO ]   Depth:  0.0 m → 4497.0 m
[12:19:22] [INFO ]   Matching traces to navigation...
[12:19:22] [INFO ]   NAV line matched via translation: 'f287stk18' -> 'F287-18'
[12:19:22] [INFO ]   Matched 621 / 622 traces
[12:19:22] [INFO ]   Bandpass filtering...
[12:19:22] [INFO ]   Computing seismic attributes...
[12:19:22] [INFO ]   Picking seafloor...
[12:19:22] [INFO ]   Seafloor depth: 396–1827 m  (279 shallow traces masked)
[12:19:22] [INFO ]   Picking horizons...
[12:19:22] [INFO ]   Computing NCC coherence (slow)...
[12:19:22] [INFO ]   Saving CNN section image...
[12:19:22] [INFO ]   Saved: f287stk18_section_cnn.png  (2700x1500px)
[12:19:22] [INFO ]   Step 1 complete
[12:19:22] [INFO ] 
[12:19:22] [INFO ] STEP 2 — Fault detection
[12:19:22] [INFO ]   Mode: single SA run (seed=12)
[12:19:23] [INFO ]   Detected 0 high-confidence faults
[12:19:23] [INFO ]   Step 2 complete
[12:19:23] [INFO ] 
[12:19:23] [INFO ] STEP 3 — Bounding boxes
[12:19:23] [INFO ]   Generated 0 boxes
[12:19:23] [INFO ]   Step 3 complete
[12:19:23] [INFO ] 
[12:19:23] [INFO ] STEP 4 — Dataset building
[12:19:23] [INFO ]   Saving labeled review image...
[12:19:23] [INFO ]   Saved: f287stk18_labeled.png
[12:19:23] [INFO ]   Split: train
[12:19:23] [INFO ]   Added 0 annotations to train.json
[12:19:23] [INFO ]   train.json: 59 images, 49 annotations
[12:19:23] [INFO ]   val.json:   15 images,  6 annotations
[12:19:23] [INFO ]   Step 4 complete
[12:19:23] [INFO ] 
[12:19:23] [INFO ]   DONE  f287stk18  →  train  |  0 faults  |  0 boxes
[12:19:23] [INFO ] 
[12:19:23] [INFO ] ──────────────────────────────────────────────────
[12:19:23] [INFO ]   LINE: f287stk19
[12:19:23] [INFO ] ──────────────────────────────────────────────────
[12:19:23] [INFO ] Dataset  : namss.F-2-87-AA.mcs.airgun
[12:19:23] [INFO ] SGY      : ../../airgun_data/namss.F-2-87-AA.mcs.airgun/Data/f287stk19.sgy
[12:19:23] [INFO ] NAV      : ../../airgun_data/namss.F-2-87-AA.mcs.airgun/Navigation/f-2-87-aa_NAV-WGS84.csv
[12:19:23] [INFO ] SA mode  : single (seed=12)
[12:19:23] [INFO ] 
[12:19:23] [INFO ] STEP 1 — Feature extraction
[12:19:23] [INFO ]   Loading navigation...
[12:19:23] [INFO ]   Loading SEG-Y...
[12:19:23] [INFO ]   Traces: 1347  Samples: 1500  dt: 4.000 ms
[12:19:23] [INFO ]   Depth:  0.0 m → 4497.0 m
[12:19:23] [INFO ]   Matching traces to navigation...
[12:19:23] [INFO ]   NAV line matched via translation: 'f287stk19' -> 'F287-19'
[12:19:23] [INFO ]   Matched 1345 / 1347 traces
[12:19:23] [INFO ]   Bandpass filtering...
[12:19:23] [INFO ]   Computing seismic attributes...
[12:19:24] [INFO ]   Picking seafloor...
[12:19:24] [INFO ]   Seafloor depth: 597–1485 m  (40 shallow traces masked)
[12:19:24] [INFO ]   Picking horizons...
[12:19:24] [INFO ]   Computing NCC coherence (slow)...
[12:19:24] [INFO ]   Saving CNN section image...
[12:19:24] [INFO ]   Saved: f287stk19_section_cnn.png  (2700x1500px)
[12:19:24] [INFO ]   Step 1 complete
[12:19:24] [INFO ] 
[12:19:24] [INFO ] STEP 2 — Fault detection
[12:19:24] [INFO ]   Mode: single SA run (seed=12)
[12:19:26] [INFO ]   Detected 1 high-confidence faults
[12:19:26] [INFO ]     Fault  1 | trace ~ 1082 | prob=0.753
[12:19:26] [INFO ]   Step 2 complete
[12:19:26] [INFO ] 
[12:19:26] [INFO ] STEP 3 — Bounding boxes
[12:19:26] [INFO ]   Box  1 | [1974, 365, 369w, 204h px]
[12:19:26] [INFO ]   Generated 1 boxes
[12:19:26] [INFO ]   Step 3 complete
[12:19:26] [INFO ] 
[12:19:26] [INFO ] STEP 4 — Dataset building
[12:19:26] [INFO ]   Saving labeled review image...
[12:19:26] [INFO ]   Saved: f287stk19_labeled.png
[12:19:26] [INFO ]   Split: train
[12:19:26] [INFO ]   Added 1 annotations to train.json
[12:19:26] [INFO ]   train.json: 60 images, 50 annotations
[12:19:26] [INFO ]   val.json:   15 images,  6 annotations
[12:19:26] [INFO ]   Step 4 complete
[12:19:26] [INFO ] 
[12:19:26] [INFO ]   DONE  f287stk19  →  train  |  1 faults  |  1 boxes
[12:19:26] [INFO ] 
[12:19:26] [INFO ] ──────────────────────────────────────────────────
[12:19:26] [INFO ]   LINE: f287stk20
[12:19:26] [INFO ] ──────────────────────────────────────────────────
[12:19:26] [INFO ] Dataset  : namss.F-2-87-AA.mcs.airgun
[12:19:26] [INFO ] SGY      : ../../airgun_data/namss.F-2-87-AA.mcs.airgun/Data/f287stk20.sgy
[12:19:26] [INFO ] NAV      : ../../airgun_data/namss.F-2-87-AA.mcs.airgun/Navigation/f-2-87-aa_NAV-WGS84.csv
[12:19:26] [INFO ] SA mode  : single (seed=12)
[12:19:26] [INFO ] 
[12:19:26] [INFO ] STEP 1 — Feature extraction
[12:19:26] [INFO ]   Loading navigation...
[12:19:26] [INFO ]   Loading SEG-Y...
[12:19:26] [INFO ]   Traces: 1823  Samples: 2250  dt: 4.000 ms
[12:19:26] [INFO ]   Depth:  0.0 m → 6747.0 m
[12:19:26] [INFO ]   Matching traces to navigation...
[12:19:26] [INFO ]   NAV line matched via translation: 'f287stk20' -> 'F287-20'
[12:19:26] [INFO ]   Matched 1819 / 1823 traces
[12:19:26] [INFO ]   Bandpass filtering...
[12:19:26] [INFO ]   Computing seismic attributes...
[12:19:26] [INFO ]   Picking seafloor...
[12:19:26] [INFO ]   Seafloor depth: 471–3270 m  (168 shallow traces masked)
[12:19:26] [INFO ]   Picking horizons...
[12:19:27] [INFO ]   Computing NCC coherence (slow)...
[12:19:27] [INFO ]   Saving CNN section image...
[12:19:27] [INFO ]   Saved: f287stk20_section_cnn.png  (2700x1500px)
[12:19:27] [INFO ]   Step 1 complete
[12:19:27] [INFO ] 
[12:19:27] [INFO ] STEP 2 — Fault detection
[12:19:27] [INFO ]   Mode: single SA run (seed=12)
[12:19:29] [INFO ]   Detected 1 high-confidence faults
[12:19:29] [INFO ]     Fault  1 | trace ~  997 | prob=0.786
[12:19:29] [INFO ]   Step 2 complete
[12:19:29] [INFO ] 
[12:19:29] [INFO ] STEP 3 — Bounding boxes
[12:19:29] [INFO ]   Box  1 | [1328, 111, 283w, 177h px]
[12:19:29] [INFO ]   Generated 1 boxes
[12:19:29] [INFO ]   Step 3 complete
[12:19:29] [INFO ] 
[12:19:29] [INFO ] STEP 4 — Dataset building
[12:19:29] [INFO ]   Saving labeled review image...
[12:19:29] [INFO ]   Saved: f287stk20_labeled.png
[12:19:29] [INFO ]   Split: val
[12:19:29] [INFO ]   Added 1 annotations to val.json
[12:19:29] [INFO ]   train.json: 60 images, 50 annotations
[12:19:29] [INFO ]   val.json:   16 images,  7 annotations
[12:19:29] [INFO ]   Step 4 complete
[12:19:29] [INFO ] 
[12:19:29] [INFO ]   DONE  f287stk20  →  val  |  1 faults  |  1 boxes
[12:19:29] [INFO ] 
[12:19:29] [INFO ] ──────────────────────────────────────────────────
[12:19:29] [INFO ]   LINE: f287stk21
[12:19:29] [INFO ] ──────────────────────────────────────────────────
[12:19:29] [INFO ] Dataset  : namss.F-2-87-AA.mcs.airgun
[12:19:29] [INFO ] SGY      : ../../airgun_data/namss.F-2-87-AA.mcs.airgun/Data/f287stk21.sgy
[12:19:29] [INFO ] NAV      : ../../airgun_data/namss.F-2-87-AA.mcs.airgun/Navigation/f-2-87-aa_NAV-WGS84.csv
[12:19:29] [INFO ] SA mode  : single (seed=12)
[12:19:29] [INFO ] 
[12:19:29] [INFO ] STEP 1 — Feature extraction
[12:19:29] [INFO ]   Loading navigation...
[12:19:29] [INFO ]   Loading SEG-Y...
[12:19:29] [INFO ]   Traces: 388  Samples: 2250  dt: 4.000 ms
[12:19:29] [INFO ]   Depth:  0.0 m → 6747.0 m
[12:19:29] [INFO ]   Matching traces to navigation...
[12:19:29] [INFO ]   NAV line matched via translation: 'f287stk21' -> 'F287-21'
[12:19:29] [INFO ]   Matched 387 / 388 traces
[12:19:29] [INFO ]   Bandpass filtering...
[12:19:29] [INFO ]   Computing seismic attributes...
[12:19:29] [INFO ]   Picking seafloor...
[12:19:29] [INFO ]   Seafloor depth: 2544–2955 m  (0 shallow traces masked)
[12:19:29] [INFO ]   Picking horizons...
[12:19:29] [INFO ]   Computing NCC coherence (slow)...
[12:19:29] [INFO ]   Saving CNN section image...
[12:19:30] [INFO ]   Saved: f287stk21_section_cnn.png  (2700x1500px)
[12:19:30] [INFO ]   Step 1 complete
[12:19:30] [INFO ] 
[12:19:30] [INFO ] STEP 2 — Fault detection
[12:19:30] [INFO ]   Mode: single SA run (seed=12)
[12:19:30] [INFO ]   Detected 0 high-confidence faults
[12:19:30] [INFO ]   Step 2 complete
[12:19:30] [INFO ] 
[12:19:30] [INFO ] STEP 3 — Bounding boxes
[12:19:30] [INFO ]   Generated 0 boxes
[12:19:30] [INFO ]   Step 3 complete
[12:19:30] [INFO ] 
[12:19:30] [INFO ] STEP 4 — Dataset building
[12:19:30] [INFO ]   Saving labeled review image...
[12:19:30] [INFO ]   Saved: f287stk21_labeled.png
[12:19:30] [INFO ]   Split: train
[12:19:30] [INFO ]   Added 0 annotations to train.json
[12:19:30] [INFO ]   train.json: 61 images, 50 annotations
[12:19:30] [INFO ]   val.json:   16 images,  7 annotations
[12:19:30] [INFO ]   Step 4 complete
[12:19:30] [INFO ] 
[12:19:30] [INFO ]   DONE  f287stk21  →  train  |  0 faults  |  0 boxes
[12:19:30] [INFO ] 
[12:19:30] [INFO ] ──────────────────────────────────────────────────
[12:19:30] [INFO ]   LINE: f287stk22
[12:19:30] [INFO ] ──────────────────────────────────────────────────
[12:19:30] [INFO ] Dataset  : namss.F-2-87-AA.mcs.airgun
[12:19:30] [INFO ] SGY      : ../../airgun_data/namss.F-2-87-AA.mcs.airgun/Data/f287stk22.sgy
[12:19:30] [INFO ] NAV      : ../../airgun_data/namss.F-2-87-AA.mcs.airgun/Navigation/f-2-87-aa_NAV-WGS84.csv
[12:19:30] [INFO ] SA mode  : single (seed=12)
[12:19:30] [INFO ] 
[12:19:30] [INFO ] STEP 1 — Feature extraction
[12:19:30] [INFO ]   Loading navigation...
[12:19:30] [INFO ]   Loading SEG-Y...
[12:19:30] [INFO ]   Traces: 3505  Samples: 2250  dt: 4.000 ms
[12:19:30] [INFO ]   Depth:  0.0 m → 6747.0 m
[12:19:30] [INFO ]   Matching traces to navigation...
[12:19:30] [INFO ]   NAV line matched via translation: 'f287stk22' -> 'F287-22'
[12:19:31] [INFO ]   Matched 3504 / 3505 traces
[12:19:31] [INFO ]   Bandpass filtering...
[12:19:31] [INFO ]   Computing seismic attributes...
[12:19:31] [INFO ]   Picking seafloor...
[12:19:31] [INFO ]   Seafloor depth: 720–3537 m  (0 shallow traces masked)
[12:19:31] [INFO ]   Picking horizons...
[12:19:32] [INFO ]   Computing NCC coherence (slow)...
[12:19:32] [INFO ]   Saving CNN section image...
[12:19:33] [INFO ]   Saved: f287stk22_section_cnn.png  (2700x1500px)
[12:19:33] [INFO ]   Step 1 complete
[12:19:33] [INFO ] 
[12:19:33] [INFO ] STEP 2 — Fault detection
[12:19:33] [INFO ]   Mode: single SA run (seed=12)
[12:19:36] [INFO ]   Detected 3 high-confidence faults
[12:19:36] [INFO ]     Fault  1 | trace ~ 2196 | prob=0.764
[12:19:36] [INFO ]     Fault  2 | trace ~ 3124 | prob=0.751
[12:19:36] [INFO ]     Fault  3 | trace ~ 3380 | prob=0.790
[12:19:36] [INFO ]   Step 2 complete
[12:19:36] [INFO ] 
[12:19:36] [INFO ] STEP 3 — Bounding boxes
[12:19:36] [INFO ]   Box  1 | [1615, 372, 149w, 161h px]
[12:19:36] [INFO ]   Box  2 | [2347, 410, 112w, 154h px]
[12:19:36] [INFO ]   Box  3 | [2553, 276, 105w, 154h px]
[12:19:36] [INFO ]   Generated 3 boxes
[12:19:36] [INFO ]   Step 3 complete
[12:19:36] [INFO ] 
[12:19:36] [INFO ] STEP 4 — Dataset building
[12:19:36] [INFO ]   Saving labeled review image...
[12:19:36] [INFO ]   Saved: f287stk22_labeled.png
[12:19:36] [INFO ]   Split: train
[12:19:36] [INFO ]   Added 3 annotations to train.json
[12:19:36] [INFO ]   train.json: 62 images, 53 annotations
[12:19:36] [INFO ]   val.json:   16 images,  7 annotations
[12:19:36] [INFO ]   Step 4 complete
[12:19:36] [INFO ] 
[12:19:36] [INFO ]   DONE  f287stk22  →  train  |  3 faults  |  3 boxes
[12:19:36] [INFO ] 
[12:19:36] [INFO ] ──────────────────────────────────────────────────
[12:19:36] [INFO ]   LINE: f287stk23
[12:19:36] [INFO ] ──────────────────────────────────────────────────
[12:19:36] [INFO ] Dataset  : namss.F-2-87-AA.mcs.airgun
[12:19:36] [INFO ] SGY      : ../../airgun_data/namss.F-2-87-AA.mcs.airgun/Data/f287stk23.sgy
[12:19:36] [INFO ] NAV      : ../../airgun_data/namss.F-2-87-AA.mcs.airgun/Navigation/f-2-87-aa_NAV-WGS84.csv
[12:19:36] [INFO ] SA mode  : single (seed=12)
[12:19:36] [INFO ] 
[12:19:36] [INFO ] STEP 1 — Feature extraction
[12:19:36] [INFO ]   Loading navigation...
[12:19:36] [INFO ]   Loading SEG-Y...
[12:19:36] [INFO ]   Traces: 2914  Samples: 2000  dt: 4.000 ms
[12:19:36] [INFO ]   Depth:  0.0 m → 5997.0 m
[12:19:36] [INFO ]   Matching traces to navigation...
[12:19:36] [INFO ]   NAV line matched via translation: 'f287stk23' -> 'F287-23'
[12:19:36] [INFO ]   Matched 2911 / 2914 traces
[12:19:36] [INFO ]   Bandpass filtering...
[12:19:37] [INFO ]   Computing seismic attributes...
[12:19:37] [INFO ]   Picking seafloor...
[12:19:37] [INFO ]   Seafloor depth: 420–3333 m  (146 shallow traces masked)
[12:19:37] [INFO ]   Picking horizons...
[12:19:37] [INFO ]   Computing NCC coherence (slow)...
[12:19:37] [INFO ]   Saving CNN section image...
[12:19:38] [INFO ]   Saved: f287stk23_section_cnn.png  (2700x1500px)
[12:19:38] [INFO ]   Step 1 complete
[12:19:38] [INFO ] 
[12:19:38] [INFO ] STEP 2 — Fault detection
[12:19:38] [INFO ]   Mode: single SA run (seed=12)
[12:19:40] [INFO ]   Detected 1 high-confidence faults
[12:19:40] [INFO ]     Fault  1 | trace ~ 1104 | prob=0.786
[12:19:40] [INFO ]   Step 2 complete
[12:19:40] [INFO ] 
[12:19:40] [INFO ] STEP 3 — Bounding boxes
[12:19:40] [INFO ]   Box  1 | [934, 251, 167w, 167h px]
[12:19:40] [INFO ]   Generated 1 boxes
[12:19:40] [INFO ]   Step 3 complete
[12:19:40] [INFO ] 
[12:19:40] [INFO ] STEP 4 — Dataset building
[12:19:40] [INFO ]   Saving labeled review image...
[12:19:40] [INFO ]   Saved: f287stk23_labeled.png
[12:19:40] [INFO ]   Split: train
[12:19:40] [INFO ]   Added 1 annotations to train.json
[12:19:40] [INFO ]   train.json: 63 images, 54 annotations
[12:19:40] [INFO ]   val.json:   16 images,  7 annotations
[12:19:40] [INFO ]   Step 4 complete
[12:19:40] [INFO ] 
[12:19:40] [INFO ]   DONE  f287stk23  →  train  |  1 faults  |  1 boxes
[12:19:40] [INFO ] 
[12:19:40] [INFO ] ──────────────────────────────────────────────────
[12:19:40] [INFO ]   LINE: f287stk24
[12:19:40] [INFO ] ──────────────────────────────────────────────────
[12:19:40] [INFO ] Dataset  : namss.F-2-87-AA.mcs.airgun
[12:19:40] [INFO ] SGY      : ../../airgun_data/namss.F-2-87-AA.mcs.airgun/Data/f287stk24.sgy
[12:19:40] [INFO ] NAV      : ../../airgun_data/namss.F-2-87-AA.mcs.airgun/Navigation/f-2-87-aa_NAV-WGS84.csv
[12:19:40] [INFO ] SA mode  : single (seed=12)
[12:19:40] [INFO ] 
[12:19:40] [INFO ] STEP 1 — Feature extraction
[12:19:40] [INFO ]   Loading navigation...
[12:19:40] [INFO ]   Loading SEG-Y...
[12:19:40] [INFO ]   Traces: 975  Samples: 1750  dt: 4.000 ms
[12:19:40] [INFO ]   Depth:  0.0 m → 5247.0 m
[12:19:40] [INFO ]   Matching traces to navigation...
[12:19:40] [INFO ]   NAV line matched via translation: 'f287stk24' -> 'F287-24'
[12:19:40] [INFO ]   Matched 974 / 975 traces
[12:19:40] [INFO ]   Bandpass filtering...
[12:19:40] [INFO ]   Computing seismic attributes...
[12:19:41] [INFO ]   Picking seafloor...
[12:19:41] [INFO ]   Seafloor depth: 384–1866 m  (410 shallow traces masked)
[12:19:41] [INFO ]   Picking horizons...
[12:19:41] [INFO ]   Computing NCC coherence (slow)...
[12:19:41] [INFO ]   Saving CNN section image...
[12:19:41] [INFO ]   Saved: f287stk24_section_cnn.png  (2700x1500px)
[12:19:41] [INFO ]   Step 1 complete
[12:19:41] [INFO ] 
[12:19:41] [INFO ] STEP 2 — Fault detection
[12:19:41] [INFO ]   Mode: single SA run (seed=12)
[12:19:42] [INFO ]   Detected 0 high-confidence faults
[12:19:42] [INFO ]   Step 2 complete
[12:19:42] [INFO ] 
[12:19:42] [INFO ] STEP 3 — Bounding boxes
[12:19:42] [INFO ]   Generated 0 boxes
[12:19:42] [INFO ]   Step 3 complete
[12:19:42] [INFO ] 
[12:19:42] [INFO ] STEP 4 — Dataset building
[12:19:42] [INFO ]   Saving labeled review image...
[12:19:42] [INFO ]   Saved: f287stk24_labeled.png
[12:19:42] [INFO ]   Split: train
[12:19:42] [INFO ]   Added 0 annotations to train.json
[12:19:42] [INFO ]   train.json: 64 images, 54 annotations
[12:19:42] [INFO ]   val.json:   16 images,  7 annotations
[12:19:42] [INFO ]   Step 4 complete
[12:19:42] [INFO ] 
[12:19:42] [INFO ]   DONE  f287stk24  →  train  |  0 faults  |  0 boxes
[12:19:42] [INFO ] 
[12:19:42] [INFO ] ──────────────────────────────────────────────────
[12:19:42] [INFO ]   LINE: f287stk25
[12:19:42] [INFO ] ──────────────────────────────────────────────────
[12:19:42] [INFO ] Dataset  : namss.F-2-87-AA.mcs.airgun
[12:19:42] [INFO ] SGY      : ../../airgun_data/namss.F-2-87-AA.mcs.airgun/Data/f287stk25.sgy
[12:19:42] [INFO ] NAV      : ../../airgun_data/namss.F-2-87-AA.mcs.airgun/Navigation/f-2-87-aa_NAV-WGS84.csv
[12:19:42] [INFO ] SA mode  : single (seed=12)
[12:19:42] [INFO ] 
[12:19:42] [INFO ] STEP 1 — Feature extraction
[12:19:42] [INFO ]   Loading navigation...
[12:19:42] [INFO ]   Loading SEG-Y...
[12:19:42] [INFO ]   Traces: 1752  Samples: 2000  dt: 4.000 ms
[12:19:42] [INFO ]   Depth:  0.0 m → 5997.0 m
[12:19:42] [INFO ]   Matching traces to navigation...
[12:19:42] [INFO ]   NAV line matched via translation: 'f287stk25' -> 'F287-25'
[12:19:43] [INFO ]   Matched 1751 / 1752 traces
[12:19:43] [INFO ]   Bandpass filtering...
[12:19:43] [INFO ]   Computing seismic attributes...
[12:19:43] [INFO ]   Picking seafloor...
[12:19:43] [INFO ]   Seafloor depth: 558–2145 m  (10 shallow traces masked)
[12:19:43] [INFO ]   Picking horizons...
[12:19:43] [INFO ]   Computing NCC coherence (slow)...
[12:19:43] [INFO ]   Saving CNN section image...
[12:19:44] [INFO ]   Saved: f287stk25_section_cnn.png  (2700x1500px)
[12:19:44] [INFO ]   Step 1 complete
[12:19:44] [INFO ] 
[12:19:44] [INFO ] STEP 2 — Fault detection
[12:19:44] [INFO ]   Mode: single SA run (seed=12)
[12:19:45] [INFO ]   Detected 0 high-confidence faults
[12:19:45] [INFO ]   Step 2 complete
[12:19:45] [INFO ] 
[12:19:45] [INFO ] STEP 3 — Bounding boxes
[12:19:45] [INFO ]   Generated 0 boxes
[12:19:45] [INFO ]   Step 3 complete
[12:19:45] [INFO ] 
[12:19:45] [INFO ] STEP 4 — Dataset building
[12:19:45] [INFO ]   Saving labeled review image...
[12:19:46] [INFO ]   Saved: f287stk25_labeled.png
[12:19:46] [INFO ]   Split: val
[12:19:46] [INFO ]   Added 0 annotations to val.json
[12:19:46] [INFO ]   train.json: 64 images, 54 annotations
[12:19:46] [INFO ]   val.json:   17 images,  7 annotations
[12:19:46] [INFO ]   Step 4 complete
[12:19:46] [INFO ] 
[12:19:46] [INFO ]   DONE  f287stk25  →  val  |  0 faults  |  0 boxes
[12:19:46] [INFO ] 
[12:19:46] [INFO ] ──────────────────────────────────────────────────
[12:19:46] [INFO ]   LINE: f287stk26
[12:19:46] [INFO ] ──────────────────────────────────────────────────
[12:19:46] [INFO ] Dataset  : namss.F-2-87-AA.mcs.airgun
[12:19:46] [INFO ] SGY      : ../../airgun_data/namss.F-2-87-AA.mcs.airgun/Data/f287stk26.sgy
[12:19:46] [INFO ] NAV      : ../../airgun_data/namss.F-2-87-AA.mcs.airgun/Navigation/f-2-87-aa_NAV-WGS84.csv
[12:19:46] [INFO ] SA mode  : single (seed=12)
[12:19:46] [INFO ] 
[12:19:46] [INFO ] STEP 1 — Feature extraction
[12:19:46] [INFO ]   Loading navigation...
[12:19:46] [INFO ]   Loading SEG-Y...
[12:19:46] [ERROR] SKIPPING f287stk26 (namss.F-2-87-AA.mcs.airgun): Unknown format for file ../../airgun_data/namss.F-2-87-AA.mcs.airgun/Data/f287stk26.sgy
[12:19:46] [ERROR]   Traceback (most recent call last):
[12:19:46] [ERROR]     File "/Users/lennylukach/Personal/School/CS4100/namss/pipeline/src/pipeline.py", line 848, in <module>
[12:19:46] [ERROR]       process_line(line, sgy_path, nav_path, dataset)
[12:19:46] [ERROR]     File "/Users/lennylukach/Personal/School/CS4100/namss/pipeline/src/pipeline.py", line 405, in process_line
[12:19:46] [ERROR]       st = read(sgy_path)
[12:19:46] [ERROR]     File "/Users/lennylukach/Personal/School/CS4100/namss/venv/lib/python3.10/site-packages/decorator.py", line 235, in fun
[12:19:46] [ERROR]       return caller(func, *(extras + args), **kw)
[12:19:46] [ERROR]     File "/Users/lennylukach/Personal/School/CS4100/namss/venv/lib/python3.10/site-packages/obspy/core/util/decorator.py", line 298, in _map_example_filename
[12:19:46] [ERROR]       return func(*args, **kwargs)
[12:19:46] [ERROR]     File "/Users/lennylukach/Personal/School/CS4100/namss/venv/lib/python3.10/site-packages/obspy/core/stream.py", line 210, in read
[12:19:46] [ERROR]       st = _generic_reader(pathname_or_url, _read, **kwargs)
[12:19:46] [ERROR]     File "/Users/lennylukach/Personal/School/CS4100/namss/venv/lib/python3.10/site-packages/obspy/core/util/base.py", line 822, in _generic_reader
[12:19:46] [ERROR]       generic = callback_func(pathnames[0], **kwargs)
[12:19:46] [ERROR]     File "/Users/lennylukach/Personal/School/CS4100/namss/venv/lib/python3.10/site-packages/decorator.py", line 235, in fun
[12:19:46] [ERROR]       return caller(func, *(extras + args), **kw)
[12:19:46] [ERROR]     File "/Users/lennylukach/Personal/School/CS4100/namss/venv/lib/python3.10/site-packages/obspy/core/util/decorator.py", line 209, in uncompress_file
[12:19:46] [ERROR]       result = func(filename, *args, **kwargs)
[12:19:46] [ERROR]     File "/Users/lennylukach/Personal/School/CS4100/namss/venv/lib/python3.10/site-packages/obspy/core/stream.py", line 255, in _read
[12:19:46] [ERROR]       stream, format = _read_from_plugin('waveform', filename, format=format,
[12:19:46] [ERROR]     File "/Users/lennylukach/Personal/School/CS4100/namss/venv/lib/python3.10/site-packages/obspy/core/util/base.py", line 539, in _read_from_plugin
[12:19:46] [ERROR]       raise TypeError('Unknown format for file %s' % filename)
[12:19:46] [ERROR]   TypeError: Unknown format for file ../../airgun_data/namss.F-2-87-AA.mcs.airgun/Data/f287stk26.sgy
[12:19:46] [INFO ] 
[12:19:46] [INFO ] ──────────────────────────────────────────────────
[12:19:46] [INFO ]   LINE: f287stk27
[12:19:46] [INFO ] ──────────────────────────────────────────────────
[12:19:46] [INFO ] Dataset  : namss.F-2-87-AA.mcs.airgun
[12:19:46] [INFO ] SGY      : ../../airgun_data/namss.F-2-87-AA.mcs.airgun/Data/f287stk27.sgy
[12:19:46] [INFO ] NAV      : ../../airgun_data/namss.F-2-87-AA.mcs.airgun/Navigation/f-2-87-aa_NAV-WGS84.csv
[12:19:46] [INFO ] SA mode  : single (seed=12)
[12:19:46] [INFO ] 
[12:19:46] [INFO ] STEP 1 — Feature extraction
[12:19:46] [INFO ]   Loading navigation...
[12:19:46] [INFO ]   Loading SEG-Y...
[12:19:46] [INFO ]   Traces: 710  Samples: 2250  dt: 4.000 ms
[12:19:46] [INFO ]   Depth:  0.0 m → 6747.0 m
[12:19:46] [INFO ]   Matching traces to navigation...
[12:19:46] [INFO ]   NAV line matched via translation: 'f287stk27' -> 'F287-27'
[12:19:46] [INFO ]   Matched 709 / 710 traces
[12:19:46] [INFO ]   Bandpass filtering...
[12:19:46] [INFO ]   Computing seismic attributes...
[12:19:46] [INFO ]   Picking seafloor...
[12:19:46] [INFO ]   Seafloor depth: 1881–3258 m  (0 shallow traces masked)
[12:19:46] [INFO ]   Picking horizons...
[12:19:46] [INFO ]   Computing NCC coherence (slow)...
[12:19:46] [INFO ]   Saving CNN section image...
[12:19:46] [INFO ]   Saved: f287stk27_section_cnn.png  (2700x1500px)
[12:19:46] [INFO ]   Step 1 complete
[12:19:46] [INFO ] 
[12:19:46] [INFO ] STEP 2 — Fault detection
[12:19:46] [INFO ]   Mode: single SA run (seed=12)
[12:19:47] [INFO ]   Detected 0 high-confidence faults
[12:19:47] [INFO ]   Step 2 complete
[12:19:47] [INFO ] 
[12:19:47] [INFO ] STEP 3 — Bounding boxes
[12:19:47] [INFO ]   Generated 0 boxes
[12:19:47] [INFO ]   Step 3 complete
[12:19:47] [INFO ] 
[12:19:47] [INFO ] STEP 4 — Dataset building
[12:19:47] [INFO ]   Saving labeled review image...
[12:19:48] [INFO ]   Saved: f287stk27_labeled.png
[12:19:48] [INFO ]   Split: train
[12:19:48] [INFO ]   Added 0 annotations to train.json
[12:19:48] [INFO ]   train.json: 65 images, 54 annotations
[12:19:48] [INFO ]   val.json:   17 images,  7 annotations
[12:19:48] [INFO ]   Step 4 complete
[12:19:48] [INFO ] 
[12:19:48] [INFO ]   DONE  f287stk27  →  train  |  0 faults  |  0 boxes
[12:19:48] [INFO ] 
[12:19:48] [INFO ] ──────────────────────────────────────────────────
[12:19:48] [INFO ]   LINE: f287stk28
[12:19:48] [INFO ] ──────────────────────────────────────────────────
[12:19:48] [INFO ] Dataset  : namss.F-2-87-AA.mcs.airgun
[12:19:48] [INFO ] SGY      : ../../airgun_data/namss.F-2-87-AA.mcs.airgun/Data/f287stk28.sgy
[12:19:48] [INFO ] NAV      : ../../airgun_data/namss.F-2-87-AA.mcs.airgun/Navigation/f-2-87-aa_NAV-WGS84.csv
[12:19:48] [INFO ] SA mode  : single (seed=12)
[12:19:48] [INFO ] 
[12:19:48] [INFO ] STEP 1 — Feature extraction
[12:19:48] [INFO ]   Loading navigation...
[12:19:48] [INFO ]   Loading SEG-Y...
[12:19:48] [INFO ]   Traces: 643  Samples: 2500  dt: 4.000 ms
[12:19:48] [INFO ]   Depth:  0.0 m → 7497.0 m
[12:19:48] [INFO ]   Matching traces to navigation...
[12:19:48] [INFO ]   NAV line matched via translation: 'f287stk28' -> 'F287-28'
[12:19:48] [INFO ]   Matched 643 / 643 traces
[12:19:48] [INFO ]   Bandpass filtering...
[12:19:48] [INFO ]   Computing seismic attributes...
[12:19:48] [INFO ]   Picking seafloor...
[12:19:48] [INFO ]   Seafloor depth: 0–4377 m  (41 shallow traces masked)
[12:19:48] [INFO ]   Picking horizons...
[12:19:48] [INFO ]   Computing NCC coherence (slow)...
[12:19:48] [INFO ]   Saving CNN section image...
[12:19:48] [INFO ]   Saved: f287stk28_section_cnn.png  (2700x1500px)
[12:19:48] [INFO ]   Step 1 complete
[12:19:48] [INFO ] 
[12:19:48] [INFO ] STEP 2 — Fault detection
[12:19:48] [INFO ]   Mode: single SA run (seed=12)
[12:19:49] [INFO ]   Detected 0 high-confidence faults
[12:19:49] [INFO ]   Step 2 complete
[12:19:49] [INFO ] 
[12:19:49] [INFO ] STEP 3 — Bounding boxes
[12:19:49] [INFO ]   Generated 0 boxes
[12:19:49] [INFO ]   Step 3 complete
[12:19:49] [INFO ] 
[12:19:49] [INFO ] STEP 4 — Dataset building
[12:19:49] [INFO ]   Saving labeled review image...
[12:19:49] [INFO ]   Saved: f287stk28_labeled.png
[12:19:49] [INFO ]   Split: train
[12:19:49] [INFO ]   Added 0 annotations to train.json
[12:19:49] [INFO ]   train.json: 66 images, 54 annotations
[12:19:49] [INFO ]   val.json:   17 images,  7 annotations
[12:19:49] [INFO ]   Step 4 complete
[12:19:49] [INFO ] 
[12:19:49] [INFO ]   DONE  f287stk28  →  train  |  0 faults  |  0 boxes
[12:19:49] [INFO ] 
[12:19:49] [INFO ] ──────────────────────────────────────────────────
[12:19:49] [INFO ]   LINE: f287stk29
[12:19:49] [INFO ] ──────────────────────────────────────────────────
[12:19:49] [INFO ] Dataset  : namss.F-2-87-AA.mcs.airgun
[12:19:49] [INFO ] SGY      : ../../airgun_data/namss.F-2-87-AA.mcs.airgun/Data/f287stk29.sgy
[12:19:49] [INFO ] NAV      : ../../airgun_data/namss.F-2-87-AA.mcs.airgun/Navigation/f-2-87-aa_NAV-WGS84.csv
[12:19:49] [INFO ] SA mode  : single (seed=12)
[12:19:49] [INFO ] 
[12:19:49] [INFO ] STEP 1 — Feature extraction
[12:19:49] [INFO ]   Loading navigation...
[12:19:49] [INFO ]   Loading SEG-Y...
[12:19:50] [INFO ]   Traces: 10162  Samples: 2500  dt: 4.000 ms
[12:19:50] [INFO ]   Depth:  0.0 m → 7497.0 m
[12:19:50] [INFO ]   Matching traces to navigation...
[12:19:50] [INFO ]   NAV line matched via translation: 'f287stk29' -> 'F287-29'
[12:19:51] [INFO ]   Matched 10161 / 10162 traces
[12:19:51] [INFO ]   Bandpass filtering...
[12:19:51] [INFO ]   Computing seismic attributes...
[12:19:52] [INFO ]   Picking seafloor...
[12:19:53] [INFO ]   Seafloor depth: 1104–6717 m  (0 shallow traces masked)
[12:19:53] [INFO ]   Picking horizons...
[12:19:54] [INFO ]   Computing NCC coherence (slow)...
[12:19:54] [INFO ]   Saving CNN section image...
[12:19:56] [INFO ]   Saved: f287stk29_section_cnn.png  (2700x1500px)
[12:19:56] [INFO ]   Step 1 complete
[12:19:56] [INFO ] 
[12:19:56] [INFO ] STEP 2 — Fault detection
[12:19:56] [INFO ]   Mode: single SA run (seed=12)
[12:20:07] [INFO ]   Detected 0 high-confidence faults
[12:20:07] [INFO ]   Step 2 complete
[12:20:07] [INFO ] 
[12:20:07] [INFO ] STEP 3 — Bounding boxes
[12:20:07] [INFO ]   Generated 0 boxes
[12:20:07] [INFO ]   Step 3 complete
[12:20:07] [INFO ] 
[12:20:07] [INFO ] STEP 4 — Dataset building
[12:20:07] [INFO ]   Saving labeled review image...
[12:20:07] [INFO ]   Saved: f287stk29_labeled.png
[12:20:07] [INFO ]   Split: train
[12:20:07] [INFO ]   Added 0 annotations to train.json
[12:20:07] [INFO ]   train.json: 67 images, 54 annotations
[12:20:07] [INFO ]   val.json:   17 images,  7 annotations
[12:20:07] [INFO ]   Step 4 complete
[12:20:07] [INFO ] 
[12:20:07] [INFO ]   DONE  f287stk29  →  train  |  0 faults  |  0 boxes
[12:20:07] [INFO ] 
[12:20:07] [INFO ] ──────────────────────────────────────────────────
[12:20:07] [INFO ]   LINE: f287stk30
[12:20:07] [INFO ] ──────────────────────────────────────────────────
[12:20:07] [INFO ] Dataset  : namss.F-2-87-AA.mcs.airgun
[12:20:07] [INFO ] SGY      : ../../airgun_data/namss.F-2-87-AA.mcs.airgun/Data/f287stk30.sgy
[12:20:07] [INFO ] NAV      : ../../airgun_data/namss.F-2-87-AA.mcs.airgun/Navigation/f-2-87-aa_NAV-WGS84.csv
[12:20:07] [INFO ] SA mode  : single (seed=12)
[12:20:07] [INFO ] 
[12:20:07] [INFO ] STEP 1 — Feature extraction
[12:20:07] [INFO ]   Loading navigation...
[12:20:07] [INFO ]   Loading SEG-Y...
[12:20:07] [INFO ]   Traces: 432  Samples: 2500  dt: 4.000 ms
[12:20:07] [INFO ]   Depth:  0.0 m → 7497.0 m
[12:20:07] [INFO ]   Matching traces to navigation...
[12:20:07] [INFO ]   NAV line matched via translation: 'f287stk30' -> 'F287-30'
[12:20:07] [INFO ]   Matched 431 / 432 traces
[12:20:07] [INFO ]   Bandpass filtering...
[12:20:07] [INFO ]   Computing seismic attributes...
[12:20:07] [INFO ]   Picking seafloor...
[12:20:07] [INFO ]   Seafloor depth: 5325–6696 m  (0 shallow traces masked)
[12:20:07] [INFO ]   Picking horizons...
[12:20:07] [INFO ]   Computing NCC coherence (slow)...
[12:20:08] [INFO ]   Saving CNN section image...
[12:20:08] [INFO ]   Saved: f287stk30_section_cnn.png  (2700x1500px)
[12:20:08] [INFO ]   Step 1 complete
[12:20:08] [INFO ] 
[12:20:08] [INFO ] STEP 2 — Fault detection
[12:20:08] [INFO ]   Mode: single SA run (seed=12)
[12:20:08] [INFO ]   Detected 0 high-confidence faults
[12:20:08] [INFO ]   Step 2 complete
[12:20:08] [INFO ] 
[12:20:08] [INFO ] STEP 3 — Bounding boxes
[12:20:08] [INFO ]   Generated 0 boxes
[12:20:08] [INFO ]   Step 3 complete
[12:20:08] [INFO ] 
[12:20:08] [INFO ] STEP 4 — Dataset building
[12:20:08] [INFO ]   Saving labeled review image...
[12:20:08] [INFO ]   Saved: f287stk30_labeled.png
[12:20:08] [INFO ]   Split: val
[12:20:08] [INFO ]   Added 0 annotations to val.json
[12:20:08] [INFO ]   train.json: 67 images, 54 annotations
[12:20:08] [INFO ]   val.json:   18 images,  7 annotations
[12:20:08] [INFO ]   Step 4 complete
[12:20:08] [INFO ] 
[12:20:08] [INFO ]   DONE  f287stk30  →  val  |  0 faults  |  0 boxes
[12:20:08] [INFO ] 
[12:20:08] [INFO ] ──────────────────────────────────────────────────
[12:20:08] [INFO ]   LINE: f287stk31
[12:20:08] [INFO ] ──────────────────────────────────────────────────
[12:20:08] [INFO ] Dataset  : namss.F-2-87-AA.mcs.airgun
[12:20:08] [INFO ] SGY      : ../../airgun_data/namss.F-2-87-AA.mcs.airgun/Data/f287stk31.sgy
[12:20:08] [INFO ] NAV      : ../../airgun_data/namss.F-2-87-AA.mcs.airgun/Navigation/f-2-87-aa_NAV-WGS84.csv
[12:20:08] [INFO ] SA mode  : single (seed=12)
[12:20:08] [INFO ] 
[12:20:08] [INFO ] STEP 1 — Feature extraction
[12:20:08] [INFO ]   Loading navigation...
[12:20:08] [INFO ]   Loading SEG-Y...
[12:20:09] [ERROR] SKIPPING f287stk31 (namss.F-2-87-AA.mcs.airgun): second must be in 0..59
[12:20:09] [ERROR]   Traceback (most recent call last):
[12:20:09] [ERROR]     File "/Users/lennylukach/Personal/School/CS4100/namss/pipeline/src/pipeline.py", line 848, in <module>
[12:20:09] [ERROR]       process_line(line, sgy_path, nav_path, dataset)
[12:20:09] [ERROR]     File "/Users/lennylukach/Personal/School/CS4100/namss/pipeline/src/pipeline.py", line 405, in process_line
[12:20:09] [ERROR]       st = read(sgy_path)
[12:20:09] [ERROR]     File "/Users/lennylukach/Personal/School/CS4100/namss/venv/lib/python3.10/site-packages/decorator.py", line 235, in fun
[12:20:09] [ERROR]       return caller(func, *(extras + args), **kw)
[12:20:09] [ERROR]     File "/Users/lennylukach/Personal/School/CS4100/namss/venv/lib/python3.10/site-packages/obspy/core/util/decorator.py", line 298, in _map_example_filename
[12:20:09] [ERROR]       return func(*args, **kwargs)
[12:20:09] [ERROR]     File "/Users/lennylukach/Personal/School/CS4100/namss/venv/lib/python3.10/site-packages/obspy/core/stream.py", line 210, in read
[12:20:09] [ERROR]       st = _generic_reader(pathname_or_url, _read, **kwargs)
[12:20:09] [ERROR]     File "/Users/lennylukach/Personal/School/CS4100/namss/venv/lib/python3.10/site-packages/obspy/core/util/base.py", line 822, in _generic_reader
[12:20:09] [ERROR]       generic = callback_func(pathnames[0], **kwargs)
[12:20:09] [ERROR]     File "/Users/lennylukach/Personal/School/CS4100/namss/venv/lib/python3.10/site-packages/decorator.py", line 235, in fun
[12:20:09] [ERROR]       return caller(func, *(extras + args), **kw)
[12:20:09] [ERROR]     File "/Users/lennylukach/Personal/School/CS4100/namss/venv/lib/python3.10/site-packages/obspy/core/util/decorator.py", line 209, in uncompress_file
[12:20:09] [ERROR]       result = func(filename, *args, **kwargs)
[12:20:09] [ERROR]     File "/Users/lennylukach/Personal/School/CS4100/namss/venv/lib/python3.10/site-packages/obspy/core/stream.py", line 255, in _read
[12:20:09] [ERROR]       stream, format = _read_from_plugin('waveform', filename, format=format,
[12:20:09] [ERROR]     File "/Users/lennylukach/Personal/School/CS4100/namss/venv/lib/python3.10/site-packages/obspy/core/util/base.py", line 559, in _read_from_plugin
[12:20:09] [ERROR]       list_obj = read_format(filename, **kwargs)
[12:20:09] [ERROR]     File "/Users/lennylukach/Personal/School/CS4100/namss/venv/lib/python3.10/site-packages/obspy/io/segy/core.py", line 204, in _read_segy
[12:20:09] [ERROR]       stream.append(tr.to_obspy_trace(
[12:20:09] [ERROR]     File "/Users/lennylukach/Personal/School/CS4100/namss/venv/lib/python3.10/site-packages/obspy/io/segy/segy.py", line 775, in to_obspy_trace
[12:20:09] [ERROR]       trace.stats.starttime = UTCDateTime(
[12:20:09] [ERROR]     File "/Users/lennylukach/Personal/School/CS4100/namss/venv/lib/python3.10/site-packages/obspy/core/utcdatetime.py", line 460, in __init__
[12:20:09] [ERROR]       dt = datetime.datetime(*args, **kwargs)
[12:20:09] [ERROR]   ValueError: second must be in 0..59
[12:20:09] [INFO ] 
[12:20:09] [INFO ] ──────────────────────────────────────────────────
[12:20:09] [INFO ]   LINE: f287stk32
[12:20:09] [INFO ] ──────────────────────────────────────────────────
[12:20:09] [INFO ] Dataset  : namss.F-2-87-AA.mcs.airgun
[12:20:09] [INFO ] SGY      : ../../airgun_data/namss.F-2-87-AA.mcs.airgun/Data/f287stk32.sgy
[12:20:09] [INFO ] NAV      : ../../airgun_data/namss.F-2-87-AA.mcs.airgun/Navigation/f-2-87-aa_NAV-WGS84.csv
[12:20:09] [INFO ] SA mode  : single (seed=12)
[12:20:09] [INFO ] 
[12:20:09] [INFO ] STEP 1 — Feature extraction
[12:20:09] [INFO ]   Loading navigation...
[12:20:09] [INFO ]   Loading SEG-Y...
[12:20:09] [INFO ]   Traces: 388  Samples: 2500  dt: 4.000 ms
[12:20:09] [INFO ]   Depth:  0.0 m → 7497.0 m
[12:20:09] [INFO ]   Matching traces to navigation...
[12:20:09] [INFO ]   NAV line matched via translation: 'f287stk32' -> 'F287-32'
[12:20:09] [INFO ]   Matched 387 / 388 traces
[12:20:09] [INFO ]   Bandpass filtering...
[12:20:09] [INFO ]   Computing seismic attributes...
[12:20:09] [INFO ]   Picking seafloor...
[12:20:09] [INFO ]   Seafloor depth: 5499–6471 m  (0 shallow traces masked)
[12:20:09] [INFO ]   Picking horizons...
[12:20:09] [INFO ]   Computing NCC coherence (slow)...
[12:20:09] [INFO ]   Saving CNN section image...
[12:20:09] [INFO ]   Saved: f287stk32_section_cnn.png  (2700x1500px)
[12:20:09] [INFO ]   Step 1 complete
[12:20:09] [INFO ] 
[12:20:09] [INFO ] STEP 2 — Fault detection
[12:20:09] [INFO ]   Mode: single SA run (seed=12)
[12:20:09] [INFO ]   Detected 0 high-confidence faults
[12:20:09] [INFO ]   Step 2 complete
[12:20:09] [INFO ] 
[12:20:09] [INFO ] STEP 3 — Bounding boxes
[12:20:09] [INFO ]   Generated 0 boxes
[12:20:09] [INFO ]   Step 3 complete
[12:20:09] [INFO ] 
[12:20:09] [INFO ] STEP 4 — Dataset building
[12:20:09] [INFO ]   Saving labeled review image...
[12:20:09] [INFO ]   Saved: f287stk32_labeled.png
[12:20:09] [INFO ]   Split: train
[12:20:09] [INFO ]   Added 0 annotations to train.json
[12:20:09] [INFO ]   train.json: 68 images, 54 annotations
[12:20:09] [INFO ]   val.json:   18 images,  7 annotations
[12:20:09] [INFO ]   Step 4 complete
[12:20:09] [INFO ] 
[12:20:09] [INFO ]   DONE  f287stk32  →  train  |  0 faults  |  0 boxes
[12:20:09] [INFO ] 
[12:20:09] [INFO ] ──────────────────────────────────────────────────
[12:20:09] [INFO ]   LINE: f287stk33
[12:20:09] [INFO ] ──────────────────────────────────────────────────
[12:20:09] [INFO ] Dataset  : namss.F-2-87-AA.mcs.airgun
[12:20:09] [INFO ] SGY      : ../../airgun_data/namss.F-2-87-AA.mcs.airgun/Data/f287stk33.sgy
[12:20:09] [INFO ] NAV      : ../../airgun_data/namss.F-2-87-AA.mcs.airgun/Navigation/f-2-87-aa_NAV-WGS84.csv
[12:20:09] [INFO ] SA mode  : single (seed=12)
[12:20:09] [INFO ] 
[12:20:09] [INFO ] STEP 1 — Feature extraction
[12:20:09] [INFO ]   Loading navigation...
[12:20:10] [INFO ]   Loading SEG-Y...
[12:20:10] [INFO ]   Traces: 7862  Samples: 3000  dt: 4.000 ms
[12:20:10] [INFO ]   Depth:  0.0 m → 8997.0 m
[12:20:10] [INFO ]   Matching traces to navigation...
[12:20:10] [INFO ]   NAV line matched via translation: 'f287stk33' -> 'F287-33'
[12:20:11] [INFO ]   Matched 7859 / 7862 traces
[12:20:11] [INFO ]   Bandpass filtering...
[12:20:11] [INFO ]   Computing seismic attributes...
[12:20:12] [INFO ]   Picking seafloor...
[12:20:12] [INFO ]   Seafloor depth: 4329–6636 m  (0 shallow traces masked)
[12:20:12] [INFO ]   Picking horizons...
[12:20:13] [INFO ]   Computing NCC coherence (slow)...
[12:20:13] [INFO ]   Saving CNN section image...
[12:20:15] [INFO ]   Saved: f287stk33_section_cnn.png  (2700x1500px)
[12:20:15] [INFO ]   Step 1 complete
[12:20:15] [INFO ] 
[12:20:15] [INFO ] STEP 2 — Fault detection
[12:20:15] [INFO ]   Mode: single SA run (seed=12)
[12:20:24] [INFO ]   Detected 0 high-confidence faults
[12:20:24] [INFO ]   Step 2 complete
[12:20:24] [INFO ] 
[12:20:24] [INFO ] STEP 3 — Bounding boxes
[12:20:24] [INFO ]   Generated 0 boxes
[12:20:24] [INFO ]   Step 3 complete
[12:20:24] [INFO ] 
[12:20:24] [INFO ] STEP 4 — Dataset building
[12:20:24] [INFO ]   Saving labeled review image...
[12:20:24] [INFO ]   Saved: f287stk33_labeled.png
[12:20:24] [INFO ]   Split: train
[12:20:24] [INFO ]   Added 0 annotations to train.json
[12:20:24] [INFO ]   train.json: 69 images, 54 annotations
[12:20:24] [INFO ]   val.json:   18 images,  7 annotations
[12:20:24] [INFO ]   Step 4 complete
[12:20:24] [INFO ] 
[12:20:24] [INFO ]   DONE  f287stk33  →  train  |  0 faults  |  0 boxes
[12:20:24] [INFO ] 
[12:20:24] [INFO ] ──────────────────────────────────────────────────
[12:20:24] [INFO ]   LINE: f287stk34
[12:20:24] [INFO ] ──────────────────────────────────────────────────
[12:20:24] [INFO ] Dataset  : namss.F-2-87-AA.mcs.airgun
[12:20:24] [INFO ] SGY      : ../../airgun_data/namss.F-2-87-AA.mcs.airgun/Data/f287stk34.sgy
[12:20:24] [INFO ] NAV      : ../../airgun_data/namss.F-2-87-AA.mcs.airgun/Navigation/f-2-87-aa_NAV-WGS84.csv
[12:20:24] [INFO ] SA mode  : single (seed=12)
[12:20:24] [INFO ] 
[12:20:24] [INFO ] STEP 1 — Feature extraction
[12:20:24] [INFO ]   Loading navigation...
[12:20:25] [INFO ]   Loading SEG-Y...
[12:20:25] [INFO ]   Traces: 454  Samples: 3000  dt: 4.000 ms
[12:20:25] [INFO ]   Depth:  0.0 m → 8997.0 m
[12:20:25] [INFO ]   Matching traces to navigation...
[12:20:25] [INFO ]   NAV line matched via translation: 'f287stk34' -> 'F287-34'
[12:20:25] [INFO ]   Matched 453 / 454 traces
[12:20:25] [INFO ]   Bandpass filtering...
[12:20:25] [INFO ]   Computing seismic attributes...
[12:20:25] [INFO ]   Picking seafloor...
[12:20:25] [INFO ]   Seafloor depth: 4512–4776 m  (0 shallow traces masked)
[12:20:25] [INFO ]   Picking horizons...
[12:20:25] [INFO ]   Computing NCC coherence (slow)...
[12:20:25] [INFO ]   Saving CNN section image...
[12:20:25] [INFO ]   Saved: f287stk34_section_cnn.png  (2700x1500px)
[12:20:25] [INFO ]   Step 1 complete
[12:20:25] [INFO ] 
[12:20:25] [INFO ] STEP 2 — Fault detection
[12:20:25] [INFO ]   Mode: single SA run (seed=12)
[12:20:26] [INFO ]   Detected 1 high-confidence faults
[12:20:26] [INFO ]     Fault  1 | trace ~   91 | prob=0.754
[12:20:26] [INFO ]   Step 2 complete
[12:20:26] [INFO ] 
[12:20:26] [INFO ] STEP 3 — Bounding boxes
[12:20:26] [INFO ]   Box  1 | [72, 774, 912w, 117h px]
[12:20:26] [INFO ]   Generated 1 boxes
[12:20:26] [INFO ]   Step 3 complete
[12:20:26] [INFO ] 
[12:20:26] [INFO ] STEP 4 — Dataset building
[12:20:26] [INFO ]   Saving labeled review image...
[12:20:26] [INFO ]   Saved: f287stk34_labeled.png
[12:20:26] [INFO ]   Split: train
[12:20:26] [INFO ]   Added 1 annotations to train.json
[12:20:26] [INFO ]   train.json: 70 images, 55 annotations
[12:20:26] [INFO ]   val.json:   18 images,  7 annotations
[12:20:26] [INFO ]   Step 4 complete
[12:20:26] [INFO ] 
[12:20:26] [INFO ]   DONE  f287stk34  →  train  |  1 faults  |  1 boxes
[12:20:26] [INFO ] 
[12:20:26] [INFO ] ──────────────────────────────────────────────────
[12:20:26] [INFO ]   LINE: f287stk35
[12:20:26] [INFO ] ──────────────────────────────────────────────────
[12:20:26] [INFO ] Dataset  : namss.F-2-87-AA.mcs.airgun
[12:20:26] [INFO ] SGY      : ../../airgun_data/namss.F-2-87-AA.mcs.airgun/Data/f287stk35.sgy
[12:20:26] [INFO ] NAV      : ../../airgun_data/namss.F-2-87-AA.mcs.airgun/Navigation/f-2-87-aa_NAV-WGS84.csv
[12:20:26] [INFO ] SA mode  : single (seed=12)
[12:20:26] [INFO ] 
[12:20:26] [INFO ] STEP 1 — Feature extraction
[12:20:26] [INFO ]   Loading navigation...
[12:20:26] [INFO ]   Loading SEG-Y...
[12:20:26] [ERROR] SKIPPING f287stk35 (namss.F-2-87-AA.mcs.airgun): 'julday' out of bounds for year 1987: 0
[12:20:26] [ERROR]   Traceback (most recent call last):
[12:20:26] [ERROR]     File "/Users/lennylukach/Personal/School/CS4100/namss/pipeline/src/pipeline.py", line 848, in <module>
[12:20:26] [ERROR]       process_line(line, sgy_path, nav_path, dataset)
[12:20:26] [ERROR]     File "/Users/lennylukach/Personal/School/CS4100/namss/pipeline/src/pipeline.py", line 405, in process_line
[12:20:26] [ERROR]       st = read(sgy_path)
[12:20:26] [ERROR]     File "/Users/lennylukach/Personal/School/CS4100/namss/venv/lib/python3.10/site-packages/decorator.py", line 235, in fun
[12:20:26] [ERROR]       return caller(func, *(extras + args), **kw)
[12:20:26] [ERROR]     File "/Users/lennylukach/Personal/School/CS4100/namss/venv/lib/python3.10/site-packages/obspy/core/util/decorator.py", line 298, in _map_example_filename
[12:20:26] [ERROR]       return func(*args, **kwargs)
[12:20:26] [ERROR]     File "/Users/lennylukach/Personal/School/CS4100/namss/venv/lib/python3.10/site-packages/obspy/core/stream.py", line 210, in read
[12:20:26] [ERROR]       st = _generic_reader(pathname_or_url, _read, **kwargs)
[12:20:26] [ERROR]     File "/Users/lennylukach/Personal/School/CS4100/namss/venv/lib/python3.10/site-packages/obspy/core/util/base.py", line 822, in _generic_reader
[12:20:26] [ERROR]       generic = callback_func(pathnames[0], **kwargs)
[12:20:26] [ERROR]     File "/Users/lennylukach/Personal/School/CS4100/namss/venv/lib/python3.10/site-packages/decorator.py", line 235, in fun
[12:20:26] [ERROR]       return caller(func, *(extras + args), **kw)
[12:20:26] [ERROR]     File "/Users/lennylukach/Personal/School/CS4100/namss/venv/lib/python3.10/site-packages/obspy/core/util/decorator.py", line 209, in uncompress_file
[12:20:26] [ERROR]       result = func(filename, *args, **kwargs)
[12:20:26] [ERROR]     File "/Users/lennylukach/Personal/School/CS4100/namss/venv/lib/python3.10/site-packages/obspy/core/stream.py", line 255, in _read
[12:20:26] [ERROR]       stream, format = _read_from_plugin('waveform', filename, format=format,
[12:20:26] [ERROR]     File "/Users/lennylukach/Personal/School/CS4100/namss/venv/lib/python3.10/site-packages/obspy/core/util/base.py", line 559, in _read_from_plugin
[12:20:26] [ERROR]       list_obj = read_format(filename, **kwargs)
[12:20:26] [ERROR]     File "/Users/lennylukach/Personal/School/CS4100/namss/venv/lib/python3.10/site-packages/obspy/io/segy/core.py", line 204, in _read_segy
[12:20:26] [ERROR]       stream.append(tr.to_obspy_trace(
[12:20:26] [ERROR]     File "/Users/lennylukach/Personal/School/CS4100/namss/venv/lib/python3.10/site-packages/obspy/io/segy/segy.py", line 775, in to_obspy_trace
[12:20:26] [ERROR]       trace.stats.starttime = UTCDateTime(
[12:20:26] [ERROR]     File "/Users/lennylukach/Personal/School/CS4100/namss/venv/lib/python3.10/site-packages/obspy/core/utcdatetime.py", line 440, in __init__
[12:20:26] [ERROR]       raise ValueError(msg)
[12:20:26] [ERROR]   ValueError: 'julday' out of bounds for year 1987: 0
[12:20:26] [INFO ] 
[12:20:26] [INFO ] ──────────────────────────────────────────────────
[12:20:26] [INFO ]   LINE: f287stk36
[12:20:26] [INFO ] ──────────────────────────────────────────────────
[12:20:26] [INFO ] Dataset  : namss.F-2-87-AA.mcs.airgun
[12:20:26] [INFO ] SGY      : ../../airgun_data/namss.F-2-87-AA.mcs.airgun/Data/f287stk36.sgy
[12:20:26] [INFO ] NAV      : ../../airgun_data/namss.F-2-87-AA.mcs.airgun/Navigation/f-2-87-aa_NAV-WGS84.csv
[12:20:26] [INFO ] SA mode  : single (seed=12)
[12:20:26] [INFO ] 
[12:20:26] [INFO ] STEP 1 — Feature extraction
[12:20:26] [INFO ]   Loading navigation...
[12:20:26] [INFO ]   Loading SEG-Y...
[12:20:26] [INFO ]   Traces: 427  Samples: 3000  dt: 4.000 ms
[12:20:26] [INFO ]   Depth:  0.0 m → 8997.0 m
[12:20:26] [INFO ]   Matching traces to navigation...
[12:20:26] [INFO ]   NAV line matched via translation: 'f287stk36' -> 'F287-36'
[12:20:26] [INFO ]   Matched 426 / 427 traces
[12:20:26] [INFO ]   Bandpass filtering...
[12:20:26] [INFO ]   Computing seismic attributes...
[12:20:26] [INFO ]   Picking seafloor...
[12:20:26] [INFO ]   Seafloor depth: 4617–4923 m  (0 shallow traces masked)
[12:20:26] [INFO ]   Picking horizons...
[12:20:26] [INFO ]   Computing NCC coherence (slow)...
[12:20:26] [INFO ]   Saving CNN section image...
[12:20:27] [INFO ]   Saved: f287stk36_section_cnn.png  (2700x1500px)
[12:20:27] [INFO ]   Step 1 complete
[12:20:27] [INFO ] 
[12:20:27] [INFO ] STEP 2 — Fault detection
[12:20:27] [INFO ]   Mode: single SA run (seed=12)
[12:20:27] [INFO ]   Detected 1 high-confidence faults
[12:20:27] [INFO ]     Fault  1 | trace ~  325 | prob=0.759
[12:20:27] [INFO ]   Step 2 complete
[12:20:27] [INFO ] 
[12:20:27] [INFO ] STEP 3 — Bounding boxes
[12:20:27] [INFO ]   Box  1 | [1288, 772, 1379w, 114h px]
[12:20:27] [INFO ]   Generated 1 boxes
[12:20:27] [INFO ]   Step 3 complete
[12:20:27] [INFO ] 
[12:20:27] [INFO ] STEP 4 — Dataset building
[12:20:27] [INFO ]   Saving labeled review image...
[12:20:28] [INFO ]   Saved: f287stk36_labeled.png
[12:20:28] [INFO ]   Split: train
[12:20:28] [INFO ]   Added 1 annotations to train.json
[12:20:28] [INFO ]   train.json: 71 images, 56 annotations
[12:20:28] [INFO ]   val.json:   18 images,  7 annotations
[12:20:28] [INFO ]   Step 4 complete
[12:20:28] [INFO ] 
[12:20:28] [INFO ]   DONE  f287stk36  →  train  |  1 faults  |  1 boxes
[12:20:28] [INFO ] 
[12:20:28] [INFO ] ──────────────────────────────────────────────────
[12:20:28] [INFO ]   LINE: f287stk37
[12:20:28] [INFO ] ──────────────────────────────────────────────────
[12:20:28] [INFO ] Dataset  : namss.F-2-87-AA.mcs.airgun
[12:20:28] [INFO ] SGY      : ../../airgun_data/namss.F-2-87-AA.mcs.airgun/Data/f287stk37.sgy
[12:20:28] [INFO ] NAV      : ../../airgun_data/namss.F-2-87-AA.mcs.airgun/Navigation/f-2-87-aa_NAV-WGS84.csv
[12:20:28] [INFO ] SA mode  : single (seed=12)
[12:20:28] [INFO ] 
[12:20:28] [INFO ] STEP 1 — Feature extraction
[12:20:28] [INFO ]   Loading navigation...
[12:20:28] [INFO ]   Loading SEG-Y...
[12:20:28] [INFO ]   Traces: 6611  Samples: 3000  dt: 4.000 ms
[12:20:28] [INFO ]   Depth:  0.0 m → 8997.0 m
[12:20:28] [INFO ]   Matching traces to navigation...
[12:20:28] [INFO ]   NAV line matched via translation: 'f287stk37' -> 'F287-37'
[12:20:28] [INFO ]   Matched 6610 / 6611 traces
[12:20:28] [INFO ]   Bandpass filtering...
[12:20:29] [INFO ]   Computing seismic attributes...
[12:20:30] [INFO ]   Picking seafloor...
[12:20:30] [INFO ]   Seafloor depth: 2655–4986 m  (0 shallow traces masked)
[12:20:30] [INFO ]   Picking horizons...
[12:20:30] [INFO ]   Computing NCC coherence (slow)...
[12:20:31] [INFO ]   Saving CNN section image...
[12:20:33] [INFO ]   Saved: f287stk37_section_cnn.png  (2700x1500px)
[12:20:33] [INFO ]   Step 1 complete
[12:20:33] [INFO ] 
[12:20:33] [INFO ] STEP 2 — Fault detection
[12:20:33] [INFO ]   Mode: single SA run (seed=12)
[12:20:41] [INFO ]   Detected 0 high-confidence faults
[12:20:41] [INFO ]   Step 2 complete
[12:20:41] [INFO ] 
[12:20:41] [INFO ] STEP 3 — Bounding boxes
[12:20:41] [INFO ]   Generated 0 boxes
[12:20:41] [INFO ]   Step 3 complete
[12:20:41] [INFO ] 
[12:20:41] [INFO ] STEP 4 — Dataset building
[12:20:41] [INFO ]   Saving labeled review image...
[12:20:41] [INFO ]   Saved: f287stk37_labeled.png
[12:20:41] [INFO ]   Split: train
[12:20:41] [INFO ]   Added 0 annotations to train.json
[12:20:41] [INFO ]   train.json: 72 images, 56 annotations
[12:20:41] [INFO ]   val.json:   18 images,  7 annotations
[12:20:41] [INFO ]   Step 4 complete
[12:20:41] [INFO ] 
[12:20:41] [INFO ]   DONE  f287stk37  →  train  |  0 faults  |  0 boxes
[12:20:41] [INFO ] 
[12:20:41] [INFO ] ──────────────────────────────────────────────────
[12:20:41] [INFO ]   LINE: f287stk38
[12:20:41] [INFO ] ──────────────────────────────────────────────────
[12:20:41] [INFO ] Dataset  : namss.F-2-87-AA.mcs.airgun
[12:20:41] [INFO ] SGY      : ../../airgun_data/namss.F-2-87-AA.mcs.airgun/Data/f287stk38.sgy
[12:20:41] [INFO ] NAV      : ../../airgun_data/namss.F-2-87-AA.mcs.airgun/Navigation/f-2-87-aa_NAV-WGS84.csv
[12:20:41] [INFO ] SA mode  : single (seed=12)
[12:20:41] [INFO ] 
[12:20:41] [INFO ] STEP 1 — Feature extraction
[12:20:41] [INFO ]   Loading navigation...
[12:20:41] [INFO ]   Loading SEG-Y...
[12:20:41] [INFO ]   Traces: 401  Samples: 2750  dt: 4.000 ms
[12:20:41] [INFO ]   Depth:  0.0 m → 8247.0 m
[12:20:41] [INFO ]   Matching traces to navigation...
[12:20:41] [INFO ]   NAV line matched via translation: 'f287stk38' -> 'F287-38'
[12:20:41] [INFO ]   Matched 400 / 401 traces
[12:20:41] [INFO ]   Bandpass filtering...
[12:20:41] [INFO ]   Computing seismic attributes...
[12:20:41] [INFO ]   Picking seafloor...
[12:20:41] [INFO ]   Seafloor depth: 4740–4809 m  (0 shallow traces masked)
[12:20:41] [INFO ]   Picking horizons...
[12:20:41] [INFO ]   Computing NCC coherence (slow)...
[12:20:41] [INFO ]   Saving CNN section image...
[12:20:42] [INFO ]   Saved: f287stk38_section_cnn.png  (2700x1500px)
[12:20:42] [INFO ]   Step 1 complete
[12:20:42] [INFO ] 
[12:20:42] [INFO ] STEP 2 — Fault detection
[12:20:42] [INFO ]   Mode: single SA run (seed=12)
[12:20:42] [INFO ]   Detected 0 high-confidence faults
[12:20:42] [INFO ]   Step 2 complete
[12:20:42] [INFO ] 
[12:20:42] [INFO ] STEP 3 — Bounding boxes
[12:20:42] [INFO ]   Generated 0 boxes
[12:20:42] [INFO ]   Step 3 complete
[12:20:42] [INFO ] 
[12:20:42] [INFO ] STEP 4 — Dataset building
[12:20:42] [INFO ]   Saving labeled review image...
[12:20:42] [INFO ]   Saved: f287stk38_labeled.png
[12:20:42] [INFO ]   Split: train
[12:20:42] [INFO ]   Added 0 annotations to train.json
[12:20:42] [INFO ]   train.json: 73 images, 56 annotations
[12:20:42] [INFO ]   val.json:   18 images,  7 annotations
[12:20:42] [INFO ]   Step 4 complete
[12:20:42] [INFO ] 
[12:20:42] [INFO ]   DONE  f287stk38  →  train  |  0 faults  |  0 boxes
[12:20:42] [INFO ] 
[12:20:42] [INFO ] ──────────────────────────────────────────────────
[12:20:42] [INFO ]   LINE: f287stk39
[12:20:42] [INFO ] ──────────────────────────────────────────────────
[12:20:42] [INFO ] Dataset  : namss.F-2-87-AA.mcs.airgun
[12:20:42] [INFO ] SGY      : ../../airgun_data/namss.F-2-87-AA.mcs.airgun/Data/f287stk39.sgy
[12:20:42] [INFO ] NAV      : ../../airgun_data/namss.F-2-87-AA.mcs.airgun/Navigation/f-2-87-aa_NAV-WGS84.csv
[12:20:42] [INFO ] SA mode  : single (seed=12)
[12:20:42] [INFO ] 
[12:20:42] [INFO ] STEP 1 — Feature extraction
[12:20:42] [INFO ]   Loading navigation...
[12:20:42] [INFO ]   Loading SEG-Y...
[12:20:43] [INFO ]   Traces: 6265  Samples: 2750  dt: 4.000 ms
[12:20:43] [INFO ]   Depth:  0.0 m → 8247.0 m
[12:20:43] [INFO ]   Matching traces to navigation...
[12:20:43] [INFO ]   NAV line matched via translation: 'f287stk39' -> 'F287-39'
[12:20:43] [INFO ]   Matched 6264 / 6265 traces
[12:20:43] [INFO ]   Bandpass filtering...
[12:20:44] [INFO ]   Computing seismic attributes...
[12:20:44] [INFO ]   Picking seafloor...
[12:20:45] [INFO ]   Seafloor depth: 3480–5577 m  (0 shallow traces masked)
[12:20:45] [INFO ]   Picking horizons...
[12:20:45] [INFO ]   Computing NCC coherence (slow)...
[12:20:46] [INFO ]   Saving CNN section image...
[12:20:47] [INFO ]   Saved: f287stk39_section_cnn.png  (2700x1500px)
[12:20:47] [INFO ]   Step 1 complete
[12:20:47] [INFO ] 
[12:20:47] [INFO ] STEP 2 — Fault detection
[12:20:47] [INFO ]   Mode: single SA run (seed=12)
[12:20:54] [INFO ]   Detected 0 high-confidence faults
[12:20:54] [INFO ]   Step 2 complete
[12:20:54] [INFO ] 
[12:20:54] [INFO ] STEP 3 — Bounding boxes
[12:20:54] [INFO ]   Generated 0 boxes
[12:20:54] [INFO ]   Step 3 complete
[12:20:54] [INFO ] 
[12:20:54] [INFO ] STEP 4 — Dataset building
[12:20:54] [INFO ]   Saving labeled review image...
[12:20:54] [INFO ]   Saved: f287stk39_labeled.png
[12:20:54] [INFO ]   Split: train
[12:20:54] [INFO ]   Added 0 annotations to train.json
[12:20:54] [INFO ]   train.json: 74 images, 56 annotations
[12:20:54] [INFO ]   val.json:   18 images,  7 annotations
[12:20:54] [INFO ]   Step 4 complete
[12:20:54] [INFO ] 
[12:20:54] [INFO ]   DONE  f287stk39  →  train  |  0 faults  |  0 boxes
[12:20:54] [INFO ] 
[12:20:54] [INFO ] ──────────────────────────────────────────────────
[12:20:54] [INFO ]   LINE: f287stk41
[12:20:54] [INFO ] ──────────────────────────────────────────────────
[12:20:54] [INFO ] Dataset  : namss.F-2-87-AA.mcs.airgun
[12:20:54] [INFO ] SGY      : ../../airgun_data/namss.F-2-87-AA.mcs.airgun/Data/f287stk41.sgy
[12:20:54] [INFO ] NAV      : ../../airgun_data/namss.F-2-87-AA.mcs.airgun/Navigation/f-2-87-aa_NAV-WGS84.csv
[12:20:54] [INFO ] SA mode  : single (seed=12)
[12:20:54] [INFO ] 
[12:20:54] [INFO ] STEP 1 — Feature extraction
[12:20:54] [INFO ]   Loading navigation...
[12:20:54] [INFO ]   Loading SEG-Y...
[12:20:54] [INFO ]   Traces: 3911  Samples: 2750  dt: 4.000 ms
[12:20:54] [INFO ]   Depth:  0.0 m → 8247.0 m
[12:20:54] [INFO ]   Matching traces to navigation...
[12:20:54] [INFO ]   NAV line matched via translation: 'f287stk41' -> 'F287-41'
[12:20:55] [INFO ]   Matched 3910 / 3911 traces
[12:20:55] [INFO ]   Bandpass filtering...
[12:20:55] [INFO ]   Computing seismic attributes...
[12:20:55] [INFO ]   Picking seafloor...
[12:20:55] [INFO ]   Seafloor depth: 2349–4305 m  (0 shallow traces masked)
[12:20:55] [INFO ]   Picking horizons...
[12:20:56] [INFO ]   Computing NCC coherence (slow)...
[12:20:56] [INFO ]   Saving CNN section image...
[12:20:57] [INFO ]   Saved: f287stk41_section_cnn.png  (2700x1500px)
[12:20:57] [INFO ]   Step 1 complete
[12:20:57] [INFO ] 
[12:20:57] [INFO ] STEP 2 — Fault detection
[12:20:57] [INFO ]   Mode: single SA run (seed=12)
[12:21:02] [INFO ]   Detected 1 high-confidence faults
[12:21:02] [INFO ]     Fault  1 | trace ~ 3878 | prob=0.806
[12:21:02] [INFO ]   Step 2 complete
[12:21:02] [INFO ] 
[12:21:02] [INFO ] STEP 3 — Bounding boxes
[12:21:02] [INFO ]   Box  1 | [2599, 771, 101w, 122h px]
[12:21:02] [INFO ]   Generated 1 boxes
[12:21:02] [INFO ]   Step 3 complete
[12:21:02] [INFO ] 
[12:21:02] [INFO ] STEP 4 — Dataset building
[12:21:02] [INFO ]   Saving labeled review image...
[12:21:02] [INFO ]   Saved: f287stk41_labeled.png
[12:21:02] [INFO ]   Split: val
[12:21:02] [INFO ]   Added 1 annotations to val.json
[12:21:02] [INFO ]   train.json: 74 images, 56 annotations
[12:21:02] [INFO ]   val.json:   19 images,  8 annotations
[12:21:02] [INFO ]   Step 4 complete
[12:21:02] [INFO ] 
[12:21:02] [INFO ]   DONE  f287stk41  →  val  |  1 faults  |  1 boxes
[12:21:02] [INFO ] 
[12:21:02] [INFO ] ──────────────────────────────────────────────────
[12:21:02] [INFO ]   LINE: f287stk42
[12:21:02] [INFO ] ──────────────────────────────────────────────────
[12:21:02] [INFO ] Dataset  : namss.F-2-87-AA.mcs.airgun
[12:21:02] [INFO ] SGY      : ../../airgun_data/namss.F-2-87-AA.mcs.airgun/Data/f287stk42.sgy
[12:21:02] [INFO ] NAV      : ../../airgun_data/namss.F-2-87-AA.mcs.airgun/Navigation/f-2-87-aa_NAV-WGS84.csv
[12:21:02] [INFO ] SA mode  : single (seed=12)
[12:21:02] [INFO ] 
[12:21:02] [INFO ] STEP 1 — Feature extraction
[12:21:02] [INFO ]   Loading navigation...
[12:21:02] [INFO ]   Loading SEG-Y...
[12:21:02] [INFO ]   Traces: 613  Samples: 2750  dt: 4.000 ms
[12:21:02] [INFO ]   Depth:  0.0 m → 8247.0 m
[12:21:02] [INFO ]   Matching traces to navigation...
[12:21:02] [INFO ]   NAV line matched via translation: 'f287stk42' -> 'F287-42'
[12:21:02] [INFO ]   Matched 612 / 613 traces
[12:21:02] [INFO ]   Bandpass filtering...
[12:21:02] [INFO ]   Computing seismic attributes...
[12:21:02] [INFO ]   Picking seafloor...
[12:21:02] [INFO ]   Seafloor depth: 2895–4590 m  (0 shallow traces masked)
[12:21:02] [INFO ]   Picking horizons...
[12:21:02] [INFO ]   Computing NCC coherence (slow)...
[12:21:02] [INFO ]   Saving CNN section image...
[12:21:03] [INFO ]   Saved: f287stk42_section_cnn.png  (2700x1500px)
[12:21:03] [INFO ]   Step 1 complete
[12:21:03] [INFO ] 
[12:21:03] [INFO ] STEP 2 — Fault detection
[12:21:03] [INFO ]   Mode: single SA run (seed=12)
[12:21:03] [INFO ]   Detected 1 high-confidence faults
[12:21:03] [INFO ]     Fault  1 | trace ~  580 | prob=0.755
[12:21:03] [INFO ]   Step 2 complete
[12:21:03] [INFO ] 
[12:21:03] [INFO ] STEP 3 — Bounding boxes
[12:21:03] [INFO ]   Box  1 | [2172, 522, 528w, 125h px]
[12:21:03] [INFO ]   Generated 1 boxes
[12:21:03] [INFO ]   Step 3 complete
[12:21:03] [INFO ] 
[12:21:03] [INFO ] STEP 4 — Dataset building
[12:21:03] [INFO ]   Saving labeled review image...
[12:21:04] [INFO ]   Saved: f287stk42_labeled.png
[12:21:04] [INFO ]   Split: train
[12:21:04] [INFO ]   Added 1 annotations to train.json
[12:21:04] [INFO ]   train.json: 75 images, 57 annotations
[12:21:04] [INFO ]   val.json:   19 images,  8 annotations
[12:21:04] [INFO ]   Step 4 complete
[12:21:04] [INFO ] 
[12:21:04] [INFO ]   DONE  f287stk42  →  train  |  1 faults  |  1 boxes
[12:21:04] [INFO ] 
[12:21:04] [INFO ] ──────────────────────────────────────────────────
[12:21:04] [INFO ]   LINE: f287stk43
[12:21:04] [INFO ] ──────────────────────────────────────────────────
[12:21:04] [INFO ] Dataset  : namss.F-2-87-AA.mcs.airgun
[12:21:04] [INFO ] SGY      : ../../airgun_data/namss.F-2-87-AA.mcs.airgun/Data/f287stk43.sgy
[12:21:04] [INFO ] NAV      : ../../airgun_data/namss.F-2-87-AA.mcs.airgun/Navigation/f-2-87-aa_NAV-WGS84.csv
[12:21:04] [INFO ] SA mode  : single (seed=12)
[12:21:04] [INFO ] 
[12:21:04] [INFO ] STEP 1 — Feature extraction
[12:21:04] [INFO ]   Loading navigation...
[12:21:04] [INFO ]   Loading SEG-Y...
[12:21:04] [INFO ]   Traces: 4167  Samples: 2500  dt: 4.000 ms
[12:21:04] [INFO ]   Depth:  0.0 m → 7497.0 m
[12:21:04] [INFO ]   Matching traces to navigation...
[12:21:04] [INFO ]   NAV line matched via translation: 'f287stk43' -> 'F287-43'
[12:21:04] [INFO ]   Matched 4166 / 4167 traces
[12:21:04] [INFO ]   Bandpass filtering...
[12:21:04] [INFO ]   Computing seismic attributes...
[12:21:05] [INFO ]   Picking seafloor...
[12:21:05] [INFO ]   Seafloor depth: 2436–3888 m  (0 shallow traces masked)
[12:21:05] [INFO ]   Picking horizons...
[12:21:05] [INFO ]   Computing NCC coherence (slow)...
[12:21:06] [INFO ]   Saving CNN section image...
[12:21:07] [INFO ]   Saved: f287stk43_section_cnn.png  (2700x1500px)
[12:21:07] [INFO ]   Step 1 complete
[12:21:07] [INFO ] 
[12:21:07] [INFO ] STEP 2 — Fault detection
[12:21:07] [INFO ]   Mode: single SA run (seed=12)
[12:21:11] [INFO ]   Detected 1 high-confidence faults
[12:21:11] [INFO ]     Fault  1 | trace ~  415 | prob=0.779
[12:21:11] [INFO ]   Step 2 complete
[12:21:11] [INFO ] 
[12:21:11] [INFO ] STEP 3 — Bounding boxes
[12:21:11] [INFO ]   Box  1 | [213, 534, 105w, 135h px]
[12:21:11] [INFO ]   Generated 1 boxes
[12:21:11] [INFO ]   Step 3 complete
[12:21:11] [INFO ] 
[12:21:11] [INFO ] STEP 4 — Dataset building
[12:21:11] [INFO ]   Saving labeled review image...
[12:21:11] [INFO ]   Saved: f287stk43_labeled.png
[12:21:11] [INFO ]   Split: train
[12:21:11] [INFO ]   Added 1 annotations to train.json
[12:21:11] [INFO ]   train.json: 76 images, 58 annotations
[12:21:11] [INFO ]   val.json:   19 images,  8 annotations
[12:21:11] [INFO ]   Step 4 complete
[12:21:11] [INFO ] 
[12:21:11] [INFO ]   DONE  f287stk43  →  train  |  1 faults  |  1 boxes
[12:21:11] [INFO ] 
[12:21:11] [INFO ] ──────────────────────────────────────────────────
[12:21:11] [INFO ]   LINE: f287stk44
[12:21:11] [INFO ] ──────────────────────────────────────────────────
[12:21:11] [INFO ] Dataset  : namss.F-2-87-AA.mcs.airgun
[12:21:11] [INFO ] SGY      : ../../airgun_data/namss.F-2-87-AA.mcs.airgun/Data/f287stk44.sgy
[12:21:11] [INFO ] NAV      : ../../airgun_data/namss.F-2-87-AA.mcs.airgun/Navigation/f-2-87-aa_NAV-WGS84.csv
[12:21:11] [INFO ] SA mode  : single (seed=12)
[12:21:11] [INFO ] 
[12:21:11] [INFO ] STEP 1 — Feature extraction
[12:21:11] [INFO ]   Loading navigation...
[12:21:11] [INFO ]   Loading SEG-Y...
[12:21:11] [INFO ]   Traces: 664  Samples: 2500  dt: 4.000 ms
[12:21:11] [INFO ]   Depth:  0.0 m → 7497.0 m
[12:21:11] [INFO ]   Matching traces to navigation...
[12:21:11] [INFO ]   NAV line matched via translation: 'f287stk44' -> 'F287-44'
[12:21:11] [INFO ]   Matched 663 / 664 traces
[12:21:11] [INFO ]   Bandpass filtering...
[12:21:11] [INFO ]   Computing seismic attributes...
[12:21:11] [INFO ]   Picking seafloor...
[12:21:11] [INFO ]   Seafloor depth: 3786–4002 m  (0 shallow traces masked)
[12:21:11] [INFO ]   Picking horizons...
[12:21:12] [INFO ]   Computing NCC coherence (slow)...
[12:21:12] [INFO ]   Saving CNN section image...
[12:21:12] [INFO ]   Saved: f287stk44_section_cnn.png  (2700x1500px)
[12:21:12] [INFO ]   Step 1 complete
[12:21:12] [INFO ] 
[12:21:12] [INFO ] STEP 2 — Fault detection
[12:21:12] [INFO ]   Mode: single SA run (seed=12)
[12:21:13] [INFO ]   Detected 1 high-confidence faults
[12:21:13] [INFO ]     Fault  1 | trace ~   26 | prob=0.752
[12:21:13] [INFO ]   Step 2 complete
[12:21:13] [INFO ] 
[12:21:13] [INFO ] STEP 3 — Bounding boxes
[12:21:13] [INFO ]   Box  1 | [0, 774, 305w, 135h px]
[12:21:13] [INFO ]   Generated 1 boxes
[12:21:13] [INFO ]   Step 3 complete
[12:21:13] [INFO ] 
[12:21:13] [INFO ] STEP 4 — Dataset building
[12:21:13] [INFO ]   Saving labeled review image...
[12:21:13] [INFO ]   Saved: f287stk44_labeled.png
[12:21:13] [INFO ]   Split: train
[12:21:13] [INFO ]   Added 1 annotations to train.json
[12:21:13] [INFO ]   train.json: 77 images, 59 annotations
[12:21:13] [INFO ]   val.json:   19 images,  8 annotations
[12:21:13] [INFO ]   Step 4 complete
[12:21:13] [INFO ] 
[12:21:13] [INFO ]   DONE  f287stk44  →  train  |  1 faults  |  1 boxes
[12:21:13] [INFO ] 
[12:21:13] [INFO ] ──────────────────────────────────────────────────
[12:21:13] [INFO ]   LINE: f287stk45
[12:21:13] [INFO ] ──────────────────────────────────────────────────
[12:21:13] [INFO ] Dataset  : namss.F-2-87-AA.mcs.airgun
[12:21:13] [INFO ] SGY      : ../../airgun_data/namss.F-2-87-AA.mcs.airgun/Data/f287stk45.sgy
[12:21:13] [INFO ] NAV      : ../../airgun_data/namss.F-2-87-AA.mcs.airgun/Navigation/f-2-87-aa_NAV-WGS84.csv
[12:21:13] [INFO ] SA mode  : single (seed=12)
[12:21:13] [INFO ] 
[12:21:13] [INFO ] STEP 1 — Feature extraction
[12:21:13] [INFO ]   Loading navigation...
[12:21:13] [INFO ]   Loading SEG-Y...
[12:21:13] [INFO ]   Traces: 2461  Samples: 2500  dt: 4.000 ms
[12:21:13] [INFO ]   Depth:  0.0 m → 7497.0 m
[12:21:13] [INFO ]   Matching traces to navigation...
[12:21:13] [INFO ]   NAV line matched via translation: 'f287stk45' -> 'F287-45'
[12:21:13] [INFO ]   Matched 2460 / 2461 traces
[12:21:13] [INFO ]   Bandpass filtering...
[12:21:13] [INFO ]   Computing seismic attributes...
[12:21:14] [INFO ]   Picking seafloor...
[12:21:14] [INFO ]   Seafloor depth: 2577–4245 m  (0 shallow traces masked)
[12:21:14] [INFO ]   Picking horizons...
[12:21:14] [INFO ]   Computing NCC coherence (slow)...
[12:21:14] [INFO ]   Saving CNN section image...
[12:21:15] [INFO ]   Saved: f287stk45_section_cnn.png  (2700x1500px)
[12:21:15] [INFO ]   Step 1 complete
[12:21:15] [INFO ] 
[12:21:15] [INFO ] STEP 2 — Fault detection
[12:21:15] [INFO ]   Mode: single SA run (seed=12)
[12:21:18] [INFO ]   Detected 0 high-confidence faults
[12:21:18] [INFO ]   Step 2 complete
[12:21:18] [INFO ] 
[12:21:18] [INFO ] STEP 3 — Bounding boxes
[12:21:18] [INFO ]   Generated 0 boxes
[12:21:18] [INFO ]   Step 3 complete
[12:21:18] [INFO ] 
[12:21:18] [INFO ] STEP 4 — Dataset building
[12:21:18] [INFO ]   Saving labeled review image...
[12:21:18] [INFO ]   Saved: f287stk45_labeled.png
[12:21:18] [INFO ]   Split: train
[12:21:18] [INFO ]   Added 0 annotations to train.json
[12:21:18] [INFO ]   train.json: 78 images, 59 annotations
[12:21:18] [INFO ]   val.json:   19 images,  8 annotations
[12:21:18] [INFO ]   Step 4 complete
[12:21:18] [INFO ] 
[12:21:18] [INFO ]   DONE  f287stk45  →  train  |  0 faults  |  0 boxes
[12:21:18] [INFO ] 
[12:21:18] [INFO ] ──────────────────────────────────────────────────
[12:21:18] [INFO ]   LINE: f287stk46
[12:21:18] [INFO ] ──────────────────────────────────────────────────
[12:21:18] [INFO ] Dataset  : namss.F-2-87-AA.mcs.airgun
[12:21:18] [INFO ] SGY      : ../../airgun_data/namss.F-2-87-AA.mcs.airgun/Data/f287stk46.sgy
[12:21:18] [INFO ] NAV      : ../../airgun_data/namss.F-2-87-AA.mcs.airgun/Navigation/f-2-87-aa_NAV-WGS84.csv
[12:21:18] [INFO ] SA mode  : single (seed=12)
[12:21:18] [INFO ] 
[12:21:18] [INFO ] STEP 1 — Feature extraction
[12:21:18] [INFO ]   Loading navigation...
[12:21:18] [INFO ]   Loading SEG-Y...
[12:21:18] [INFO ]   Traces: 479  Samples: 2500  dt: 4.000 ms
[12:21:18] [INFO ]   Depth:  0.0 m → 7497.0 m
[12:21:18] [INFO ]   Matching traces to navigation...
[12:21:18] [INFO ]   NAV line matched via translation: 'f287stk46' -> 'F287-46'
[12:21:18] [INFO ]   Matched 478 / 479 traces
[12:21:18] [INFO ]   Bandpass filtering...
[12:21:18] [INFO ]   Computing seismic attributes...
[12:21:18] [INFO ]   Picking seafloor...
[12:21:18] [INFO ]   Seafloor depth: 3753–4290 m  (0 shallow traces masked)
[12:21:18] [INFO ]   Picking horizons...
[12:21:18] [INFO ]   Computing NCC coherence (slow)...
[12:21:18] [INFO ]   Saving CNN section image...
[12:21:18] [INFO ]   Saved: f287stk46_section_cnn.png  (2700x1500px)
[12:21:18] [INFO ]   Step 1 complete
[12:21:18] [INFO ] 
[12:21:18] [INFO ] STEP 2 — Fault detection
[12:21:18] [INFO ]   Mode: single SA run (seed=12)
[12:21:19] [INFO ]   Detected 0 high-confidence faults
[12:21:19] [INFO ]   Step 2 complete
[12:21:19] [INFO ] 
[12:21:19] [INFO ] STEP 3 — Bounding boxes
[12:21:19] [INFO ]   Generated 0 boxes
[12:21:19] [INFO ]   Step 3 complete
[12:21:19] [INFO ] 
[12:21:19] [INFO ] STEP 4 — Dataset building
[12:21:19] [INFO ]   Saving labeled review image...
[12:21:19] [INFO ]   Saved: f287stk46_labeled.png
[12:21:19] [INFO ]   Split: val
[12:21:19] [INFO ]   Added 0 annotations to val.json
[12:21:19] [INFO ]   train.json: 78 images, 59 annotations
[12:21:19] [INFO ]   val.json:   20 images,  8 annotations
[12:21:19] [INFO ]   Step 4 complete
[12:21:19] [INFO ] 
[12:21:19] [INFO ]   DONE  f287stk46  →  val  |  0 faults  |  0 boxes
[12:21:19] [INFO ] 
[12:21:19] [INFO ] ──────────────────────────────────────────────────
[12:21:19] [INFO ]   LINE: f287stk47
[12:21:19] [INFO ] ──────────────────────────────────────────────────
[12:21:19] [INFO ] Dataset  : namss.F-2-87-AA.mcs.airgun
[12:21:19] [INFO ] SGY      : ../../airgun_data/namss.F-2-87-AA.mcs.airgun/Data/f287stk47.sgy
[12:21:19] [INFO ] NAV      : ../../airgun_data/namss.F-2-87-AA.mcs.airgun/Navigation/f-2-87-aa_NAV-WGS84.csv
[12:21:19] [INFO ] SA mode  : single (seed=12)
[12:21:19] [INFO ] 
[12:21:19] [INFO ] STEP 1 — Feature extraction
[12:21:19] [INFO ]   Loading navigation...
[12:21:19] [INFO ]   Loading SEG-Y...
[12:21:19] [INFO ]   Traces: 2632  Samples: 2500  dt: 4.000 ms
[12:21:19] [INFO ]   Depth:  0.0 m → 7497.0 m
[12:21:19] [INFO ]   Matching traces to navigation...
[12:21:19] [INFO ]   NAV line matched via translation: 'f287stk47' -> 'F287-47'
[12:21:19] [INFO ]   Matched 2631 / 2632 traces
[12:21:19] [INFO ]   Bandpass filtering...
[12:21:20] [INFO ]   Computing seismic attributes...
[12:21:20] [INFO ]   Picking seafloor...
[12:21:20] [INFO ]   Seafloor depth: 2736–4647 m  (0 shallow traces masked)
[12:21:20] [INFO ]   Picking horizons...
[12:21:20] [INFO ]   Computing NCC coherence (slow)...
[12:21:20] [INFO ]   Saving CNN section image...
[12:21:21] [INFO ]   Saved: f287stk47_section_cnn.png  (2700x1500px)
[12:21:21] [INFO ]   Step 1 complete
[12:21:21] [INFO ] 
[12:21:21] [INFO ] STEP 2 — Fault detection
[12:21:21] [INFO ]   Mode: single SA run (seed=12)
[12:21:24] [INFO ]   Detected 0 high-confidence faults
[12:21:24] [INFO ]   Step 2 complete
[12:21:24] [INFO ] 
[12:21:24] [INFO ] STEP 3 — Bounding boxes
[12:21:24] [INFO ]   Generated 0 boxes
[12:21:24] [INFO ]   Step 3 complete
[12:21:24] [INFO ] 
[12:21:24] [INFO ] STEP 4 — Dataset building
[12:21:24] [INFO ]   Saving labeled review image...
[12:21:24] [INFO ]   Saved: f287stk47_labeled.png
[12:21:24] [INFO ]   Split: train
[12:21:24] [INFO ]   Added 0 annotations to train.json
[12:21:24] [INFO ]   train.json: 79 images, 59 annotations
[12:21:24] [INFO ]   val.json:   20 images,  8 annotations
[12:21:24] [INFO ]   Step 4 complete
[12:21:24] [INFO ] 
[12:21:24] [INFO ]   DONE  f287stk47  →  train  |  0 faults  |  0 boxes
[12:21:24] [INFO ] 
[12:21:24] [INFO ] ──────────────────────────────────────────────────
[12:21:24] [INFO ]   LINE: f287stk48
[12:21:24] [INFO ] ──────────────────────────────────────────────────
[12:21:24] [INFO ] Dataset  : namss.F-2-87-AA.mcs.airgun
[12:21:24] [INFO ] SGY      : ../../airgun_data/namss.F-2-87-AA.mcs.airgun/Data/f287stk48.sgy
[12:21:24] [INFO ] NAV      : ../../airgun_data/namss.F-2-87-AA.mcs.airgun/Navigation/f-2-87-aa_NAV-WGS84.csv
[12:21:24] [INFO ] SA mode  : single (seed=12)
[12:21:24] [INFO ] 
[12:21:24] [INFO ] STEP 1 — Feature extraction
[12:21:24] [INFO ]   Loading navigation...
[12:21:24] [INFO ]   Loading SEG-Y...
[12:21:24] [INFO ]   Traces: 669  Samples: 2500  dt: 4.000 ms
[12:21:24] [INFO ]   Depth:  0.0 m → 7497.0 m
[12:21:24] [INFO ]   Matching traces to navigation...
[12:21:24] [INFO ]   NAV line matched via translation: 'f287stk48' -> 'F287-48'
[12:21:24] [INFO ]   Matched 668 / 669 traces
[12:21:24] [INFO ]   Bandpass filtering...
[12:21:24] [INFO ]   Computing seismic attributes...
[12:21:24] [INFO ]   Picking seafloor...
[12:21:24] [INFO ]   Seafloor depth: 3639–3930 m  (0 shallow traces masked)
[12:21:24] [INFO ]   Picking horizons...
[12:21:24] [INFO ]   Computing NCC coherence (slow)...
[12:21:24] [INFO ]   Saving CNN section image...
[12:21:24] [INFO ]   Saved: f287stk48_section_cnn.png  (2700x1500px)
[12:21:24] [INFO ]   Step 1 complete
[12:21:24] [INFO ] 
[12:21:24] [INFO ] STEP 2 — Fault detection
[12:21:24] [INFO ]   Mode: single SA run (seed=12)
[12:21:25] [INFO ]   Detected 1 high-confidence faults
[12:21:25] [INFO ]     Fault  1 | trace ~  236 | prob=0.751
[12:21:25] [INFO ]   Step 2 complete
[12:21:25] [INFO ] 
[12:21:25] [INFO ] STEP 3 — Bounding boxes
[12:21:25] [INFO ]   Box  1 | [608, 746, 728w, 135h px]
[12:21:25] [INFO ]   Generated 1 boxes
[12:21:25] [INFO ]   Step 3 complete
[12:21:25] [INFO ] 
[12:21:25] [INFO ] STEP 4 — Dataset building
[12:21:25] [INFO ]   Saving labeled review image...
[12:21:25] [INFO ]   Saved: f287stk48_labeled.png
[12:21:25] [INFO ]   Split: train
[12:21:25] [INFO ]   Added 1 annotations to train.json
[12:21:25] [INFO ]   train.json: 80 images, 60 annotations
[12:21:25] [INFO ]   val.json:   20 images,  8 annotations
[12:21:25] [INFO ]   Step 4 complete
[12:21:25] [INFO ] 
[12:21:25] [INFO ]   DONE  f287stk48  →  train  |  1 faults  |  1 boxes
[12:21:25] [INFO ] 
[12:21:25] [INFO ] ──────────────────────────────────────────────────
[12:21:25] [INFO ]   LINE: f287stk49
[12:21:25] [INFO ] ──────────────────────────────────────────────────
[12:21:25] [INFO ] Dataset  : namss.F-2-87-AA.mcs.airgun
[12:21:25] [INFO ] SGY      : ../../airgun_data/namss.F-2-87-AA.mcs.airgun/Data/f287stk49.sgy
[12:21:25] [INFO ] NAV      : ../../airgun_data/namss.F-2-87-AA.mcs.airgun/Navigation/f-2-87-aa_NAV-WGS84.csv
[12:21:25] [INFO ] SA mode  : single (seed=12)
[12:21:25] [INFO ] 
[12:21:25] [INFO ] STEP 1 — Feature extraction
[12:21:25] [INFO ]   Loading navigation...
[12:21:25] [INFO ]   Loading SEG-Y...
[12:21:25] [INFO ]   Traces: 2978  Samples: 2500  dt: 4.000 ms
[12:21:25] [INFO ]   Depth:  0.0 m → 7497.0 m
[12:21:25] [INFO ]   Matching traces to navigation...
[12:21:25] [INFO ]   NAV line matched via translation: 'f287stk49' -> 'F287-49'
[12:21:26] [INFO ]   Matched 2977 / 2978 traces
[12:21:26] [INFO ]   Bandpass filtering...
[12:21:26] [INFO ]   Computing seismic attributes...
[12:21:26] [INFO ]   Picking seafloor...
[12:21:26] [INFO ]   Seafloor depth: 3555–4704 m  (0 shallow traces masked)
[12:21:26] [INFO ]   Picking horizons...
[12:21:27] [INFO ]   Computing NCC coherence (slow)...
[12:21:27] [INFO ]   Saving CNN section image...
[12:21:28] [INFO ]   Saved: f287stk49_section_cnn.png  (2700x1500px)
[12:21:28] [INFO ]   Step 1 complete
[12:21:28] [INFO ] 
[12:21:28] [INFO ] STEP 2 — Fault detection
[12:21:28] [INFO ]   Mode: single SA run (seed=12)
[12:21:31] [INFO ]   Detected 0 high-confidence faults
[12:21:31] [INFO ]   Step 2 complete
[12:21:31] [INFO ] 
[12:21:31] [INFO ] STEP 3 — Bounding boxes
[12:21:31] [INFO ]   Generated 0 boxes
[12:21:31] [INFO ]   Step 3 complete
[12:21:31] [INFO ] 
[12:21:31] [INFO ] STEP 4 — Dataset building
[12:21:31] [INFO ]   Saving labeled review image...
[12:21:31] [INFO ]   Saved: f287stk49_labeled.png
[12:21:31] [INFO ]   Split: train
[12:21:31] [INFO ]   Added 0 annotations to train.json
[12:21:31] [INFO ]   train.json: 81 images, 60 annotations
[12:21:31] [INFO ]   val.json:   20 images,  8 annotations
[12:21:31] [INFO ]   Step 4 complete
[12:21:31] [INFO ] 
[12:21:31] [INFO ]   DONE  f287stk49  →  train  |  0 faults  |  0 boxes
[12:21:31] [INFO ] 
[12:21:31] [INFO ] ──────────────────────────────────────────────────
[12:21:31] [INFO ]   LINE: f287stk50
[12:21:31] [INFO ] ──────────────────────────────────────────────────
[12:21:31] [INFO ] Dataset  : namss.F-2-87-AA.mcs.airgun
[12:21:31] [INFO ] SGY      : ../../airgun_data/namss.F-2-87-AA.mcs.airgun/Data/f287stk50.sgy
[12:21:31] [INFO ] NAV      : ../../airgun_data/namss.F-2-87-AA.mcs.airgun/Navigation/f-2-87-aa_NAV-WGS84.csv
[12:21:31] [INFO ] SA mode  : single (seed=12)
[12:21:31] [INFO ] 
[12:21:31] [INFO ] STEP 1 — Feature extraction
[12:21:31] [INFO ]   Loading navigation...
[12:21:31] [INFO ]   Loading SEG-Y...
[12:21:31] [INFO ]   Traces: 368  Samples: 2750  dt: 4.000 ms
[12:21:31] [INFO ]   Depth:  0.0 m → 8247.0 m
[12:21:31] [INFO ]   Matching traces to navigation...
[12:21:31] [INFO ]   NAV line matched via translation: 'f287stk50' -> 'F287-50'
[12:21:31] [INFO ]   Matched 367 / 368 traces
[12:21:31] [INFO ]   Bandpass filtering...
[12:21:31] [INFO ]   Computing seismic attributes...
[12:21:31] [INFO ]   Picking seafloor...
[12:21:31] [INFO ]   Seafloor depth: 4782–5031 m  (0 shallow traces masked)
[12:21:31] [INFO ]   Picking horizons...
[12:21:31] [INFO ]   Computing NCC coherence (slow)...
[12:21:31] [INFO ]   Saving CNN section image...
[12:21:31] [INFO ]   Saved: f287stk50_section_cnn.png  (2700x1500px)
[12:21:31] [INFO ]   Step 1 complete
[12:21:31] [INFO ] 
[12:21:31] [INFO ] STEP 2 — Fault detection
[12:21:31] [INFO ]   Mode: single SA run (seed=12)
[12:21:32] [INFO ]   Detected 0 high-confidence faults
[12:21:32] [INFO ]   Step 2 complete
[12:21:32] [INFO ] 
[12:21:32] [INFO ] STEP 3 — Bounding boxes
[12:21:32] [INFO ]   Generated 0 boxes
[12:21:32] [INFO ]   Step 3 complete
[12:21:32] [INFO ] 
[12:21:32] [INFO ] STEP 4 — Dataset building
[12:21:32] [INFO ]   Saving labeled review image...
[12:21:32] [INFO ]   Saved: f287stk50_labeled.png
[12:21:32] [INFO ]   Split: train
[12:21:32] [INFO ]   Added 0 annotations to train.json
[12:21:32] [INFO ]   train.json: 82 images, 60 annotations
[12:21:32] [INFO ]   val.json:   20 images,  8 annotations
[12:21:32] [INFO ]   Step 4 complete
[12:21:32] [INFO ] 
[12:21:32] [INFO ]   DONE  f287stk50  →  train  |  0 faults  |  0 boxes
[12:21:32] [INFO ] 
[12:21:32] [INFO ] ──────────────────────────────────────────────────
[12:21:32] [INFO ]   LINE: f287stk51
[12:21:32] [INFO ] ──────────────────────────────────────────────────
[12:21:32] [INFO ] Dataset  : namss.F-2-87-AA.mcs.airgun
[12:21:32] [INFO ] SGY      : ../../airgun_data/namss.F-2-87-AA.mcs.airgun/Data/f287stk51.sgy
[12:21:32] [INFO ] NAV      : ../../airgun_data/namss.F-2-87-AA.mcs.airgun/Navigation/f-2-87-aa_NAV-WGS84.csv
[12:21:32] [INFO ] SA mode  : single (seed=12)
[12:21:32] [INFO ] 
[12:21:32] [INFO ] STEP 1 — Feature extraction
[12:21:32] [INFO ]   Loading navigation...
[12:21:32] [INFO ]   Loading SEG-Y...
[12:21:32] [INFO ]   Traces: 3016  Samples: 2750  dt: 4.000 ms
[12:21:32] [INFO ]   Depth:  0.0 m → 8247.0 m
[12:21:32] [INFO ]   Matching traces to navigation...
[12:21:32] [INFO ]   NAV line matched via translation: 'f287stk51' -> 'F287-51'
[12:21:32] [INFO ]   Matched 3015 / 3016 traces
[12:21:32] [INFO ]   Bandpass filtering...
[12:21:32] [INFO ]   Computing seismic attributes...
[12:21:33] [INFO ]   Picking seafloor...
[12:21:33] [INFO ]   Seafloor depth: 3015–4875 m  (0 shallow traces masked)
[12:21:33] [INFO ]   Picking horizons...
[12:21:33] [INFO ]   Computing NCC coherence (slow)...
[12:21:33] [INFO ]   Saving CNN section image...
[12:21:34] [INFO ]   Saved: f287stk51_section_cnn.png  (2700x1500px)
[12:21:34] [INFO ]   Step 1 complete
[12:21:34] [INFO ] 
[12:21:34] [INFO ] STEP 2 — Fault detection
[12:21:34] [INFO ]   Mode: single SA run (seed=12)
[12:21:38] [INFO ]   Detected 0 high-confidence faults
[12:21:38] [INFO ]   Step 2 complete
[12:21:38] [INFO ] 
[12:21:38] [INFO ] STEP 3 — Bounding boxes
[12:21:38] [INFO ]   Generated 0 boxes
[12:21:38] [INFO ]   Step 3 complete
[12:21:38] [INFO ] 
[12:21:38] [INFO ] STEP 4 — Dataset building
[12:21:38] [INFO ]   Saving labeled review image...
[12:21:38] [INFO ]   Saved: f287stk51_labeled.png
[12:21:38] [INFO ]   Split: val
[12:21:38] [INFO ]   Added 0 annotations to val.json
[12:21:38] [INFO ]   train.json: 82 images, 60 annotations
[12:21:38] [INFO ]   val.json:   21 images,  8 annotations
[12:21:38] [INFO ]   Step 4 complete
[12:21:38] [INFO ] 
[12:21:38] [INFO ]   DONE  f287stk51  →  val  |  0 faults  |  0 boxes
[12:21:38] [INFO ] 
[12:21:38] [INFO ] ──────────────────────────────────────────────────
[12:21:38] [INFO ]   LINE: f287stk52
[12:21:38] [INFO ] ──────────────────────────────────────────────────
[12:21:38] [INFO ] Dataset  : namss.F-2-87-AA.mcs.airgun
[12:21:38] [INFO ] SGY      : ../../airgun_data/namss.F-2-87-AA.mcs.airgun/Data/f287stk52.sgy
[12:21:38] [INFO ] NAV      : ../../airgun_data/namss.F-2-87-AA.mcs.airgun/Navigation/f-2-87-aa_NAV-WGS84.csv
[12:21:38] [INFO ] SA mode  : single (seed=12)
[12:21:38] [INFO ] 
[12:21:38] [INFO ] STEP 1 — Feature extraction
[12:21:38] [INFO ]   Loading navigation...
[12:21:38] [INFO ]   Loading SEG-Y...
[12:21:38] [INFO ]   Traces: 663  Samples: 2750  dt: 4.000 ms
[12:21:38] [INFO ]   Depth:  0.0 m → 8247.0 m
[12:21:38] [INFO ]   Matching traces to navigation...
[12:21:38] [INFO ]   NAV line matched via translation: 'f287stk52' -> 'F287-52'
[12:21:38] [INFO ]   Matched 662 / 663 traces
[12:21:38] [INFO ]   Bandpass filtering...
[12:21:38] [INFO ]   Computing seismic attributes...
[12:21:38] [INFO ]   Picking seafloor...
[12:21:38] [INFO ]   Seafloor depth: 3435–4494 m  (0 shallow traces masked)
[12:21:38] [INFO ]   Picking horizons...
[12:21:38] [INFO ]   Computing NCC coherence (slow)...
[12:21:38] [INFO ]   Saving CNN section image...
[12:21:39] [INFO ]   Saved: f287stk52_section_cnn.png  (2700x1500px)
[12:21:39] [INFO ]   Step 1 complete
[12:21:39] [INFO ] 
[12:21:39] [INFO ] STEP 2 — Fault detection
[12:21:39] [INFO ]   Mode: single SA run (seed=12)
[12:21:39] [INFO ]   Detected 0 high-confidence faults
[12:21:39] [INFO ]   Step 2 complete
[12:21:39] [INFO ] 
[12:21:39] [INFO ] STEP 3 — Bounding boxes
[12:21:39] [INFO ]   Generated 0 boxes
[12:21:39] [INFO ]   Step 3 complete
[12:21:39] [INFO ] 
[12:21:39] [INFO ] STEP 4 — Dataset building
[12:21:39] [INFO ]   Saving labeled review image...
[12:21:40] [INFO ]   Saved: f287stk52_labeled.png
[12:21:40] [INFO ]   Split: train
[12:21:40] [INFO ]   Added 0 annotations to train.json
[12:21:40] [INFO ]   train.json: 83 images, 60 annotations
[12:21:40] [INFO ]   val.json:   21 images,  8 annotations
[12:21:40] [INFO ]   Step 4 complete
[12:21:40] [INFO ] 
[12:21:40] [INFO ]   DONE  f287stk52  →  train  |  0 faults  |  0 boxes
[12:21:40] [INFO ] 
[12:21:40] [INFO ] ──────────────────────────────────────────────────
[12:21:40] [INFO ]   LINE: f287stk53
[12:21:40] [INFO ] ──────────────────────────────────────────────────
[12:21:40] [INFO ] Dataset  : namss.F-2-87-AA.mcs.airgun
[12:21:40] [INFO ] SGY      : ../../airgun_data/namss.F-2-87-AA.mcs.airgun/Data/f287stk53.sgy
[12:21:40] [INFO ] NAV      : ../../airgun_data/namss.F-2-87-AA.mcs.airgun/Navigation/f-2-87-aa_NAV-WGS84.csv
[12:21:40] [INFO ] SA mode  : single (seed=12)
[12:21:40] [INFO ] 
[12:21:40] [INFO ] STEP 1 — Feature extraction
[12:21:40] [INFO ]   Loading navigation...
[12:21:40] [INFO ]   Loading SEG-Y...
[12:21:40] [INFO ]   Traces: 1673  Samples: 2750  dt: 4.000 ms
[12:21:40] [INFO ]   Depth:  0.0 m → 8247.0 m
[12:21:40] [INFO ]   Matching traces to navigation...
[12:21:40] [INFO ]   NAV line matched via translation: 'f287stk53' -> 'F287-53'
[12:21:40] [INFO ]   Matched 1672 / 1673 traces
[12:21:40] [INFO ]   Bandpass filtering...
[12:21:40] [INFO ]   Computing seismic attributes...
[12:21:40] [INFO ]   Picking seafloor...
[12:21:40] [INFO ]   Seafloor depth: 3852–4941 m  (0 shallow traces masked)
[12:21:40] [INFO ]   Picking horizons...
[12:21:40] [INFO ]   Computing NCC coherence (slow)...
[12:21:40] [INFO ]   Saving CNN section image...
[12:21:41] [INFO ]   Saved: f287stk53_section_cnn.png  (2700x1500px)
[12:21:41] [INFO ]   Step 1 complete
[12:21:41] [INFO ] 
[12:21:41] [INFO ] STEP 2 — Fault detection
[12:21:41] [INFO ]   Mode: single SA run (seed=12)
[12:21:43] [INFO ]   Detected 0 high-confidence faults
[12:21:43] [INFO ]   Step 2 complete
[12:21:43] [INFO ] 
[12:21:43] [INFO ] STEP 3 — Bounding boxes
[12:21:43] [INFO ]   Generated 0 boxes
[12:21:43] [INFO ]   Step 3 complete
[12:21:43] [INFO ] 
[12:21:43] [INFO ] STEP 4 — Dataset building
[12:21:43] [INFO ]   Saving labeled review image...
[12:21:43] [INFO ]   Saved: f287stk53_labeled.png
[12:21:43] [INFO ]   Split: train
[12:21:43] [INFO ]   Added 0 annotations to train.json
[12:21:43] [INFO ]   train.json: 84 images, 60 annotations
[12:21:43] [INFO ]   val.json:   21 images,  8 annotations
[12:21:43] [INFO ]   Step 4 complete
[12:21:43] [INFO ] 
[12:21:43] [INFO ]   DONE  f287stk53  →  train  |  0 faults  |  0 boxes
[12:21:43] [INFO ] 
[12:21:43] [INFO ] ──────────────────────────────────────────────────
[12:21:43] [INFO ]   LINE: f287stk54
[12:21:43] [INFO ] ──────────────────────────────────────────────────
[12:21:43] [INFO ] Dataset  : namss.F-2-87-AA.mcs.airgun
[12:21:43] [INFO ] SGY      : ../../airgun_data/namss.F-2-87-AA.mcs.airgun/Data/f287stk54.sgy
[12:21:43] [INFO ] NAV      : ../../airgun_data/namss.F-2-87-AA.mcs.airgun/Navigation/f-2-87-aa_NAV-WGS84.csv
[12:21:43] [INFO ] SA mode  : single (seed=12)
[12:21:43] [INFO ] 
[12:21:43] [INFO ] STEP 1 — Feature extraction
[12:21:43] [INFO ]   Loading navigation...
[12:21:43] [INFO ]   Loading SEG-Y...
[12:21:43] [INFO ]   Traces: 646  Samples: 2750  dt: 4.000 ms
[12:21:43] [INFO ]   Depth:  0.0 m → 8247.0 m
[12:21:43] [INFO ]   Matching traces to navigation...
[12:21:43] [INFO ]   NAV line matched via translation: 'f287stk54' -> 'F287-54'
[12:21:43] [INFO ]   Matched 645 / 646 traces
[12:21:43] [INFO ]   Bandpass filtering...
[12:21:43] [INFO ]   Computing seismic attributes...
[12:21:43] [INFO ]   Picking seafloor...
[12:21:43] [INFO ]   Seafloor depth: 4350–4872 m  (0 shallow traces masked)
[12:21:43] [INFO ]   Picking horizons...
[12:21:43] [INFO ]   Computing NCC coherence (slow)...
[12:21:43] [INFO ]   Saving CNN section image...
[12:21:44] [INFO ]   Saved: f287stk54_section_cnn.png  (2700x1500px)
[12:21:44] [INFO ]   Step 1 complete
[12:21:44] [INFO ] 
[12:21:44] [INFO ] STEP 2 — Fault detection
[12:21:44] [INFO ]   Mode: single SA run (seed=12)
[12:21:44] [INFO ]   Detected 0 high-confidence faults
[12:21:44] [INFO ]   Step 2 complete
[12:21:44] [INFO ] 
[12:21:44] [INFO ] STEP 3 — Bounding boxes
[12:21:44] [INFO ]   Generated 0 boxes
[12:21:44] [INFO ]   Step 3 complete
[12:21:44] [INFO ] 
[12:21:44] [INFO ] STEP 4 — Dataset building
[12:21:44] [INFO ]   Saving labeled review image...
[12:21:44] [INFO ]   Saved: f287stk54_labeled.png
[12:21:44] [INFO ]   Split: train
[12:21:44] [INFO ]   Added 0 annotations to train.json
[12:21:44] [INFO ]   train.json: 85 images, 60 annotations
[12:21:44] [INFO ]   val.json:   21 images,  8 annotations
[12:21:44] [INFO ]   Step 4 complete
[12:21:44] [INFO ] 
[12:21:44] [INFO ]   DONE  f287stk54  →  train  |  0 faults  |  0 boxes
[12:21:44] [INFO ] 
[12:21:44] [INFO ] ──────────────────────────────────────────────────
[12:21:44] [INFO ]   LINE: f287stk55
[12:21:44] [INFO ] ──────────────────────────────────────────────────
[12:21:44] [INFO ] Dataset  : namss.F-2-87-AA.mcs.airgun
[12:21:44] [INFO ] SGY      : ../../airgun_data/namss.F-2-87-AA.mcs.airgun/Data/f287stk55.sgy
[12:21:44] [INFO ] NAV      : ../../airgun_data/namss.F-2-87-AA.mcs.airgun/Navigation/f-2-87-aa_NAV-WGS84.csv
[12:21:44] [INFO ] SA mode  : single (seed=12)
[12:21:44] [INFO ] 
[12:21:44] [INFO ] STEP 1 — Feature extraction
[12:21:44] [INFO ]   Loading navigation...
[12:21:45] [INFO ]   Loading SEG-Y...
[12:21:45] [INFO ]   Traces: 1127  Samples: 2750  dt: 4.000 ms
[12:21:45] [INFO ]   Depth:  0.0 m → 8247.0 m
[12:21:45] [INFO ]   Matching traces to navigation...
[12:21:45] [INFO ]   NAV line matched via translation: 'f287stk55' -> 'F287-55'
[12:21:45] [INFO ]   Matched 1126 / 1127 traces
[12:21:45] [INFO ]   Bandpass filtering...
[12:21:45] [INFO ]   Computing seismic attributes...
[12:21:45] [INFO ]   Picking seafloor...
[12:21:45] [INFO ]   Seafloor depth: 3669–4608 m  (0 shallow traces masked)
[12:21:45] [INFO ]   Picking horizons...
[12:21:45] [INFO ]   Computing NCC coherence (slow)...
[12:21:45] [INFO ]   Saving CNN section image...
[12:21:45] [INFO ]   Saved: f287stk55_section_cnn.png  (2700x1500px)
[12:21:45] [INFO ]   Step 1 complete
[12:21:45] [INFO ] 
[12:21:45] [INFO ] STEP 2 — Fault detection
[12:21:45] [INFO ]   Mode: single SA run (seed=12)
[12:21:47] [INFO ]   Detected 0 high-confidence faults
[12:21:47] [INFO ]   Step 2 complete
[12:21:47] [INFO ] 
[12:21:47] [INFO ] STEP 3 — Bounding boxes
[12:21:47] [INFO ]   Generated 0 boxes
[12:21:47] [INFO ]   Step 3 complete
[12:21:47] [INFO ] 
[12:21:47] [INFO ] STEP 4 — Dataset building
[12:21:47] [INFO ]   Saving labeled review image...
[12:21:47] [INFO ]   Saved: f287stk55_labeled.png
[12:21:47] [INFO ]   Split: train
[12:21:47] [INFO ]   Added 0 annotations to train.json
[12:21:47] [INFO ]   train.json: 86 images, 60 annotations
[12:21:47] [INFO ]   val.json:   21 images,  8 annotations
[12:21:47] [INFO ]   Step 4 complete
[12:21:47] [INFO ] 
[12:21:47] [INFO ]   DONE  f287stk55  →  train  |  0 faults  |  0 boxes
[12:21:47] [INFO ] 
[12:21:47] [INFO ] ──────────────────────────────────────────────────
[12:21:47] [INFO ]   LINE: f287stk56
[12:21:47] [INFO ] ──────────────────────────────────────────────────
[12:21:47] [INFO ] Dataset  : namss.F-2-87-AA.mcs.airgun
[12:21:47] [INFO ] SGY      : ../../airgun_data/namss.F-2-87-AA.mcs.airgun/Data/f287stk56.sgy
[12:21:47] [INFO ] NAV      : ../../airgun_data/namss.F-2-87-AA.mcs.airgun/Navigation/f-2-87-aa_NAV-WGS84.csv
[12:21:47] [INFO ] SA mode  : single (seed=12)
[12:21:47] [INFO ] 
[12:21:47] [INFO ] STEP 1 — Feature extraction
[12:21:47] [INFO ]   Loading navigation...
[12:21:47] [INFO ]   Loading SEG-Y...
[12:21:47] [INFO ]   Traces: 4870  Samples: 3000  dt: 4.000 ms
[12:21:47] [INFO ]   Depth:  0.0 m → 8997.0 m
[12:21:47] [INFO ]   Matching traces to navigation...
[12:21:47] [INFO ]   NAV line matched via translation: 'f287stk56' -> 'F287-56'
[12:21:48] [INFO ]   Matched 4870 / 4870 traces
[12:21:48] [INFO ]   Bandpass filtering...
[12:21:48] [INFO ]   Computing seismic attributes...
[12:21:49] [INFO ]   Picking seafloor...
[12:21:49] [INFO ]   Seafloor depth: 0–5289 m  (637 shallow traces masked)
[12:21:49] [INFO ]   Picking horizons...
[12:21:49] [INFO ]   Computing NCC coherence (slow)...
[12:21:50] [INFO ]   Saving CNN section image...
[12:21:50] [INFO ]   Saved: f287stk56_section_cnn.png  (2700x1500px)
[12:21:50] [INFO ]   Step 1 complete
[12:21:50] [INFO ] 
[12:21:50] [INFO ] STEP 2 — Fault detection
[12:21:50] [INFO ]   Mode: single SA run (seed=12)
[12:21:57] [INFO ]   Detected 0 high-confidence faults
[12:21:57] [INFO ]   Step 2 complete
[12:21:57] [INFO ] 
[12:21:57] [INFO ] STEP 3 — Bounding boxes
[12:21:57] [INFO ]   Generated 0 boxes
[12:21:57] [INFO ]   Step 3 complete
[12:21:57] [INFO ] 
[12:21:57] [INFO ] STEP 4 — Dataset building
[12:21:57] [INFO ]   Saving labeled review image...
[12:21:57] [INFO ]   Saved: f287stk56_labeled.png
[12:21:57] [INFO ]   Split: val
[12:21:57] [INFO ]   Added 0 annotations to val.json
[12:21:57] [INFO ]   train.json: 86 images, 60 annotations
[12:21:57] [INFO ]   val.json:   22 images,  8 annotations
[12:21:57] [INFO ]   Step 4 complete
[12:21:57] [INFO ] 
[12:21:57] [INFO ]   DONE  f287stk56  →  val  |  0 faults  |  0 boxes
[12:21:57] [INFO ] 
[12:21:57] [INFO ] ──────────────────────────────────────────────────
[12:21:57] [INFO ]   LINE: f287stk57
[12:21:57] [INFO ] ──────────────────────────────────────────────────
[12:21:57] [INFO ] Dataset  : namss.F-2-87-AA.mcs.airgun
[12:21:57] [INFO ] SGY      : ../../airgun_data/namss.F-2-87-AA.mcs.airgun/Data/f287stk57.sgy
[12:21:57] [INFO ] NAV      : ../../airgun_data/namss.F-2-87-AA.mcs.airgun/Navigation/f-2-87-aa_NAV-WGS84.csv
[12:21:57] [INFO ] SA mode  : single (seed=12)
[12:21:57] [INFO ] 
[12:21:57] [INFO ] STEP 1 — Feature extraction
[12:21:57] [INFO ]   Loading navigation...
[12:21:57] [INFO ]   Loading SEG-Y...
[12:21:57] [INFO ]   Traces: 2276  Samples: 3000  dt: 4.000 ms
[12:21:57] [INFO ]   Depth:  0.0 m → 8997.0 m
[12:21:57] [INFO ]   Matching traces to navigation...
[12:21:57] [INFO ]   NAV line matched via translation: 'f287stk57' -> 'F287-57'
[12:21:57] [INFO ]   Matched 2275 / 2276 traces
[12:21:57] [INFO ]   Bandpass filtering...
[12:21:57] [INFO ]   Computing seismic attributes...
[12:21:57] [INFO ]   Picking seafloor...
[12:21:58] [INFO ]   Seafloor depth: 4482–4968 m  (0 shallow traces masked)
[12:21:58] [INFO ]   Picking horizons...
[12:21:58] [INFO ]   Computing NCC coherence (slow)...
[12:21:58] [INFO ]   Saving CNN section image...
[12:21:58] [INFO ]   Saved: f287stk57_section_cnn.png  (2700x1500px)
[12:21:58] [INFO ]   Step 1 complete
[12:21:58] [INFO ] 
[12:21:58] [INFO ] STEP 2 — Fault detection
[12:21:58] [INFO ]   Mode: single SA run (seed=12)
[12:22:01] [INFO ]   Detected 0 high-confidence faults
[12:22:01] [INFO ]   Step 2 complete
[12:22:01] [INFO ] 
[12:22:01] [INFO ] STEP 3 — Bounding boxes
[12:22:01] [INFO ]   Generated 0 boxes
[12:22:01] [INFO ]   Step 3 complete
[12:22:01] [INFO ] 
[12:22:01] [INFO ] STEP 4 — Dataset building
[12:22:01] [INFO ]   Saving labeled review image...
[12:22:01] [INFO ]   Saved: f287stk57_labeled.png
[12:22:01] [INFO ]   Split: train
[12:22:01] [INFO ]   Added 0 annotations to train.json
[12:22:01] [INFO ]   train.json: 87 images, 60 annotations
[12:22:01] [INFO ]   val.json:   22 images,  8 annotations
[12:22:01] [INFO ]   Step 4 complete
[12:22:01] [INFO ] 
[12:22:01] [INFO ]   DONE  f287stk57  →  train  |  0 faults  |  0 boxes
[12:22:01] [INFO ] 
[12:22:01] [INFO ] ──────────────────────────────────────────────────
[12:22:01] [INFO ]   LINE: f287stk58
[12:22:01] [INFO ] ──────────────────────────────────────────────────
[12:22:01] [INFO ] Dataset  : namss.F-2-87-AA.mcs.airgun
[12:22:01] [INFO ] SGY      : ../../airgun_data/namss.F-2-87-AA.mcs.airgun/Data/f287stk58.sgy
[12:22:01] [INFO ] NAV      : ../../airgun_data/namss.F-2-87-AA.mcs.airgun/Navigation/f-2-87-aa_NAV-WGS84.csv
[12:22:01] [INFO ] SA mode  : single (seed=12)
[12:22:01] [INFO ] 
[12:22:01] [INFO ] STEP 1 — Feature extraction
[12:22:01] [INFO ]   Loading navigation...
[12:22:01] [INFO ]   Loading SEG-Y...
[12:22:02] [INFO ]   Traces: 2000  Samples: 3750  dt: 4.000 ms
[12:22:02] [INFO ]   Depth:  0.0 m → 11247.0 m
[12:22:02] [INFO ]   Matching traces to navigation...
[12:22:02] [INFO ]   NAV line matched via translation: 'f287stk58' -> 'F287-58'
[12:22:02] [INFO ]   Matched 1999 / 2000 traces
[12:22:02] [INFO ]   Bandpass filtering...
[12:22:02] [INFO ]   Computing seismic attributes...
[12:22:02] [INFO ]   Picking seafloor...
[12:22:02] [INFO ]   Seafloor depth: 4701–6753 m  (0 shallow traces masked)
[12:22:02] [INFO ]   Picking horizons...
[12:22:02] [INFO ]   Computing NCC coherence (slow)...
[12:22:03] [INFO ]   Saving CNN section image...
[12:22:03] [INFO ]   Saved: f287stk58_section_cnn.png  (2700x1500px)
[12:22:03] [INFO ]   Step 1 complete
[12:22:03] [INFO ] 
[12:22:03] [INFO ] STEP 2 — Fault detection
[12:22:03] [INFO ]   Mode: single SA run (seed=12)
[12:22:05] [INFO ]   Detected 1 high-confidence faults
[12:22:05] [INFO ]     Fault  1 | trace ~ 1952 | prob=0.758
[12:22:05] [INFO ]   Step 2 complete
[12:22:05] [INFO ] 
[12:22:05] [INFO ] STEP 3 — Bounding boxes
[12:22:05] [INFO ]   Box  1 | [2480, 620, 220w, 100h px]
[12:22:05] [INFO ]   Generated 1 boxes
[12:22:05] [INFO ]   Step 3 complete
[12:22:05] [INFO ] 
[12:22:05] [INFO ] STEP 4 — Dataset building
[12:22:05] [INFO ]   Saving labeled review image...
[12:22:05] [INFO ]   Saved: f287stk58_labeled.png
[12:22:05] [INFO ]   Split: train
[12:22:05] [INFO ]   Added 1 annotations to train.json
[12:22:05] [INFO ]   train.json: 88 images, 61 annotations
[12:22:05] [INFO ]   val.json:   22 images,  8 annotations
[12:22:05] [INFO ]   Step 4 complete
[12:22:05] [INFO ] 
[12:22:05] [INFO ]   DONE  f287stk58  →  train  |  1 faults  |  1 boxes
[12:22:05] [INFO ] 
[12:22:05] [INFO ] ──────────────────────────────────────────────────
[12:22:05] [INFO ]   LINE: f287stk59
[12:22:05] [INFO ] ──────────────────────────────────────────────────
[12:22:05] [INFO ] Dataset  : namss.F-2-87-AA.mcs.airgun
[12:22:05] [INFO ] SGY      : ../../airgun_data/namss.F-2-87-AA.mcs.airgun/Data/f287stk59.sgy
[12:22:05] [INFO ] NAV      : ../../airgun_data/namss.F-2-87-AA.mcs.airgun/Navigation/f-2-87-aa_NAV-WGS84.csv
[12:22:05] [INFO ] SA mode  : single (seed=12)
[12:22:05] [INFO ] 
[12:22:05] [INFO ] STEP 1 — Feature extraction
[12:22:05] [INFO ]   Loading navigation...
[12:22:05] [INFO ]   Loading SEG-Y...
[12:22:05] [INFO ]   Traces: 2515  Samples: 3000  dt: 4.000 ms
[12:22:05] [INFO ]   Depth:  0.0 m → 8997.0 m
[12:22:05] [INFO ]   Matching traces to navigation...
[12:22:05] [INFO ]   NAV line matched via translation: 'f287stk59' -> 'F287-59'
[12:22:05] [INFO ]   Matched 2514 / 2515 traces
[12:22:05] [INFO ]   Bandpass filtering...
[12:22:05] [INFO ]   Computing seismic attributes...
[12:22:06] [INFO ]   Picking seafloor...
[12:22:06] [INFO ]   Seafloor depth: 3813–5499 m  (0 shallow traces masked)
[12:22:06] [INFO ]   Picking horizons...
[12:22:06] [INFO ]   Computing NCC coherence (slow)...
[12:22:06] [INFO ]   Saving CNN section image...
[12:22:07] [INFO ]   Saved: f287stk59_section_cnn.png  (2700x1500px)
[12:22:07] [INFO ]   Step 1 complete
[12:22:07] [INFO ] 
[12:22:07] [INFO ] STEP 2 — Fault detection
[12:22:07] [INFO ]   Mode: single SA run (seed=12)
[12:22:10] [INFO ]   Detected 0 high-confidence faults
[12:22:10] [INFO ]   Step 2 complete
[12:22:10] [INFO ] 
[12:22:10] [INFO ] STEP 3 — Bounding boxes
[12:22:10] [INFO ]   Generated 0 boxes
[12:22:10] [INFO ]   Step 3 complete
[12:22:10] [INFO ] 
[12:22:10] [INFO ] STEP 4 — Dataset building
[12:22:10] [INFO ]   Saving labeled review image...
[12:22:10] [INFO ]   Saved: f287stk59_labeled.png
[12:22:10] [INFO ]   Split: train
[12:22:10] [INFO ]   Added 0 annotations to train.json
[12:22:10] [INFO ]   train.json: 89 images, 61 annotations
[12:22:10] [INFO ]   val.json:   22 images,  8 annotations
[12:22:10] [INFO ]   Step 4 complete
[12:22:10] [INFO ] 
[12:22:10] [INFO ]   DONE  f287stk59  →  train  |  0 faults  |  0 boxes
[12:22:10] [INFO ] 
[12:22:10] [INFO ] ──────────────────────────────────────────────────
[12:22:10] [INFO ]   LINE: f287stk60
[12:22:10] [INFO ] ──────────────────────────────────────────────────
[12:22:10] [INFO ] Dataset  : namss.F-2-87-AA.mcs.airgun
[12:22:10] [INFO ] SGY      : ../../airgun_data/namss.F-2-87-AA.mcs.airgun/Data/f287stk60.sgy
[12:22:10] [INFO ] NAV      : ../../airgun_data/namss.F-2-87-AA.mcs.airgun/Navigation/f-2-87-aa_NAV-WGS84.csv
[12:22:10] [INFO ] SA mode  : single (seed=12)
[12:22:10] [INFO ] 
[12:22:10] [INFO ] STEP 1 — Feature extraction
[12:22:10] [INFO ]   Loading navigation...
[12:22:10] [INFO ]   Loading SEG-Y...
[12:22:10] [INFO ]   Traces: 1586  Samples: 3750  dt: 4.000 ms
[12:22:10] [INFO ]   Depth:  0.0 m → 11247.0 m
[12:22:10] [INFO ]   Matching traces to navigation...
[12:22:10] [INFO ]   NAV line matched via translation: 'f287stk60' -> 'F287-60'
[12:22:10] [INFO ]   Matched 1584 / 1586 traces
[12:22:10] [INFO ]   Bandpass filtering...
[12:22:10] [INFO ]   Computing seismic attributes...
[12:22:11] [INFO ]   Picking seafloor...
[12:22:11] [INFO ]   Seafloor depth: 0–6753 m  (1 shallow traces masked)
[12:22:11] [INFO ]   Picking horizons...
[12:22:11] [INFO ]   Computing NCC coherence (slow)...
[12:22:11] [INFO ]   Saving CNN section image...
[12:22:11] [INFO ]   Saved: f287stk60_section_cnn.png  (2700x1500px)
[12:22:11] [INFO ]   Step 1 complete
[12:22:11] [INFO ] 
[12:22:11] [INFO ] STEP 2 — Fault detection
[12:22:11] [INFO ]   Mode: single SA run (seed=12)
[12:22:13] [INFO ]   Detected 2 high-confidence faults
[12:22:13] [INFO ]     Fault  1 | trace ~   50 | prob=0.768
[12:22:13] [INFO ]     Fault  2 | trace ~  625 | prob=0.793
[12:22:13] [INFO ]   Step 2 complete
[12:22:13] [INFO ] 
[12:22:13] [INFO ] STEP 3 — Bounding boxes
[12:22:13] [INFO ]   Box  1 | [0, 885, 169w, 100h px]
[12:22:13] [INFO ]   Box  2 | [887, 603, 336w, 108h px]
[12:22:13] [INFO ]   Generated 2 boxes
[12:22:13] [INFO ]   Step 3 complete
[12:22:13] [INFO ] 
[12:22:13] [INFO ] STEP 4 — Dataset building
[12:22:13] [INFO ]   Saving labeled review image...
[12:22:13] [INFO ]   Saved: f287stk60_labeled.png
[12:22:13] [INFO ]   Split: train
[12:22:13] [INFO ]   Added 2 annotations to train.json
[12:22:13] [INFO ]   train.json: 90 images, 63 annotations
[12:22:13] [INFO ]   val.json:   22 images,  8 annotations
[12:22:13] [INFO ]   Step 4 complete
[12:22:13] [INFO ] 
[12:22:13] [INFO ]   DONE  f287stk60  →  train  |  2 faults  |  2 boxes
[12:22:13] [INFO ] 
[12:22:13] [INFO ] ──────────────────────────────────────────────────
[12:22:13] [INFO ]   LINE: f287stks1
[12:22:13] [INFO ] ──────────────────────────────────────────────────
[12:22:13] [INFO ] Dataset  : namss.F-2-87-AA.mcs.airgun
[12:22:13] [INFO ] SGY      : ../../airgun_data/namss.F-2-87-AA.mcs.airgun/Data/f287stks1.sgy
[12:22:13] [INFO ] NAV      : ../../airgun_data/namss.F-2-87-AA.mcs.airgun/Navigation/f-2-87-aa_NAV-WGS84.csv
[12:22:13] [INFO ] SA mode  : single (seed=12)
[12:22:13] [INFO ] 
[12:22:13] [INFO ] STEP 1 — Feature extraction
[12:22:13] [INFO ]   Loading navigation...
[12:22:13] [INFO ]   Loading SEG-Y...
[12:22:13] [ERROR] SKIPPING f287stks1 (namss.F-2-87-AA.mcs.airgun): hour must be in 0..23
[12:22:13] [ERROR]   Traceback (most recent call last):
[12:22:13] [ERROR]     File "/Users/lennylukach/Personal/School/CS4100/namss/pipeline/src/pipeline.py", line 848, in <module>
[12:22:13] [ERROR]       process_line(line, sgy_path, nav_path, dataset)
[12:22:13] [ERROR]     File "/Users/lennylukach/Personal/School/CS4100/namss/pipeline/src/pipeline.py", line 405, in process_line
[12:22:13] [ERROR]       st = read(sgy_path)
[12:22:13] [ERROR]     File "/Users/lennylukach/Personal/School/CS4100/namss/venv/lib/python3.10/site-packages/decorator.py", line 235, in fun
[12:22:13] [ERROR]       return caller(func, *(extras + args), **kw)
[12:22:13] [ERROR]     File "/Users/lennylukach/Personal/School/CS4100/namss/venv/lib/python3.10/site-packages/obspy/core/util/decorator.py", line 298, in _map_example_filename
[12:22:13] [ERROR]       return func(*args, **kwargs)
[12:22:13] [ERROR]     File "/Users/lennylukach/Personal/School/CS4100/namss/venv/lib/python3.10/site-packages/obspy/core/stream.py", line 210, in read
[12:22:13] [ERROR]       st = _generic_reader(pathname_or_url, _read, **kwargs)
[12:22:13] [ERROR]     File "/Users/lennylukach/Personal/School/CS4100/namss/venv/lib/python3.10/site-packages/obspy/core/util/base.py", line 822, in _generic_reader
[12:22:13] [ERROR]       generic = callback_func(pathnames[0], **kwargs)
[12:22:13] [ERROR]     File "/Users/lennylukach/Personal/School/CS4100/namss/venv/lib/python3.10/site-packages/decorator.py", line 235, in fun
[12:22:13] [ERROR]       return caller(func, *(extras + args), **kw)
[12:22:13] [ERROR]     File "/Users/lennylukach/Personal/School/CS4100/namss/venv/lib/python3.10/site-packages/obspy/core/util/decorator.py", line 209, in uncompress_file
[12:22:13] [ERROR]       result = func(filename, *args, **kwargs)
[12:22:13] [ERROR]     File "/Users/lennylukach/Personal/School/CS4100/namss/venv/lib/python3.10/site-packages/obspy/core/stream.py", line 255, in _read
[12:22:13] [ERROR]       stream, format = _read_from_plugin('waveform', filename, format=format,
[12:22:13] [ERROR]     File "/Users/lennylukach/Personal/School/CS4100/namss/venv/lib/python3.10/site-packages/obspy/core/util/base.py", line 559, in _read_from_plugin
[12:22:13] [ERROR]       list_obj = read_format(filename, **kwargs)
[12:22:13] [ERROR]     File "/Users/lennylukach/Personal/School/CS4100/namss/venv/lib/python3.10/site-packages/obspy/io/segy/core.py", line 204, in _read_segy
[12:22:13] [ERROR]       stream.append(tr.to_obspy_trace(
[12:22:13] [ERROR]     File "/Users/lennylukach/Personal/School/CS4100/namss/venv/lib/python3.10/site-packages/obspy/io/segy/segy.py", line 775, in to_obspy_trace
[12:22:13] [ERROR]       trace.stats.starttime = UTCDateTime(
[12:22:13] [ERROR]     File "/Users/lennylukach/Personal/School/CS4100/namss/venv/lib/python3.10/site-packages/obspy/core/utcdatetime.py", line 460, in __init__
[12:22:13] [ERROR]       dt = datetime.datetime(*args, **kwargs)
[12:22:13] [ERROR]   ValueError: hour must be in 0..23
[12:22:13] [INFO ] 
[12:22:13] [INFO ] ──────────────────────────────────────────────────
[12:22:13] [INFO ]   LINE: f287stks10
[12:22:13] [INFO ] ──────────────────────────────────────────────────
[12:22:13] [INFO ] Dataset  : namss.F-2-87-AA.mcs.airgun
[12:22:13] [INFO ] SGY      : ../../airgun_data/namss.F-2-87-AA.mcs.airgun/Data/f287stks10.sgy
[12:22:13] [INFO ] NAV      : ../../airgun_data/namss.F-2-87-AA.mcs.airgun/Navigation/f-2-87-aa_NAV-WGS84.csv
[12:22:13] [INFO ] SA mode  : single (seed=12)
[12:22:13] [INFO ] 
[12:22:13] [INFO ] STEP 1 — Feature extraction
[12:22:13] [INFO ]   Loading navigation...
[12:22:13] [INFO ]   Loading SEG-Y...
[12:22:13] [INFO ]   Traces: 713  Samples: 2500  dt: 4.000 ms
[12:22:13] [INFO ]   Depth:  0.0 m → 7497.0 m
[12:22:13] [INFO ]   Matching traces to navigation...
[12:22:13] [INFO ]   NAV line matched via translation: 'f287stks10' -> 'F287-S10'
[12:22:13] [INFO ]   Matched 712 / 713 traces
[12:22:13] [INFO ]   Bandpass filtering...
[12:22:13] [INFO ]   Computing seismic attributes...
[12:22:14] [INFO ]   Picking seafloor...
[12:22:14] [INFO ]   Seafloor depth: 1131–2136 m  (0 shallow traces masked)
[12:22:14] [INFO ]   Picking horizons...
[12:22:14] [INFO ]   Computing NCC coherence (slow)...
[12:22:14] [INFO ]   Saving CNN section image...
[12:22:14] [INFO ]   Saved: f287stks10_section_cnn.png  (2700x1500px)
[12:22:14] [INFO ]   Step 1 complete
[12:22:14] [INFO ] 
[12:22:14] [INFO ] STEP 2 — Fault detection
[12:22:14] [INFO ]   Mode: single SA run (seed=12)
[12:22:15] [INFO ]   Detected 1 high-confidence faults
[12:22:15] [INFO ]     Fault  1 | trace ~  428 | prob=0.762
[12:22:15] [INFO ]   Step 2 complete
[12:22:15] [INFO ] 
[12:22:15] [INFO ] STEP 3 — Bounding boxes
[12:22:15] [INFO ]   Box  1 | [1293, 396, 645w, 135h px]
[12:22:15] [INFO ]   Generated 1 boxes
[12:22:15] [INFO ]   Step 3 complete
[12:22:15] [INFO ] 
[12:22:15] [INFO ] STEP 4 — Dataset building
[12:22:15] [INFO ]   Saving labeled review image...
[12:22:15] [INFO ]   Saved: f287stks10_labeled.png
[12:22:15] [INFO ]   Split: train
[12:22:15] [INFO ]   Added 1 annotations to train.json
[12:22:15] [INFO ]   train.json: 91 images, 64 annotations
[12:22:15] [INFO ]   val.json:   22 images,  8 annotations
[12:22:15] [INFO ]   Step 4 complete
[12:22:15] [INFO ] 
[12:22:15] [INFO ]   DONE  f287stks10  →  train  |  1 faults  |  1 boxes
[12:22:15] [INFO ] 
[12:22:15] [INFO ] ──────────────────────────────────────────────────
[12:22:15] [INFO ]   LINE: f287stks2
[12:22:15] [INFO ] ──────────────────────────────────────────────────
[12:22:15] [INFO ] Dataset  : namss.F-2-87-AA.mcs.airgun
[12:22:15] [INFO ] SGY      : ../../airgun_data/namss.F-2-87-AA.mcs.airgun/Data/f287stks2.sgy
[12:22:15] [INFO ] NAV      : ../../airgun_data/namss.F-2-87-AA.mcs.airgun/Navigation/f-2-87-aa_NAV-WGS84.csv
[12:22:15] [INFO ] SA mode  : single (seed=12)
[12:22:15] [INFO ] 
[12:22:15] [INFO ] STEP 1 — Feature extraction
[12:22:15] [INFO ]   Loading navigation...
[12:22:15] [INFO ]   Loading SEG-Y...
[12:22:15] [INFO ]   Traces: 1804  Samples: 2500  dt: 4.000 ms
[12:22:15] [INFO ]   Depth:  0.0 m → 7497.0 m
[12:22:15] [INFO ]   Matching traces to navigation...
[12:22:15] [INFO ]   NAV line matched via translation: 'f287stks2' -> 'F287-S2'
[12:22:15] [INFO ]   Matched 1803 / 1804 traces
[12:22:15] [INFO ]   Bandpass filtering...
[12:22:15] [INFO ]   Computing seismic attributes...
[12:22:15] [INFO ]   Picking seafloor...
[12:22:16] [INFO ]   Seafloor depth: 4896–6702 m  (0 shallow traces masked)
[12:22:16] [INFO ]   Picking horizons...
[12:22:16] [INFO ]   Computing NCC coherence (slow)...
[12:22:16] [INFO ]   Saving CNN section image...
[12:22:16] [INFO ]   Saved: f287stks2_section_cnn.png  (2700x1500px)
[12:22:16] [INFO ]   Step 1 complete
[12:22:16] [INFO ] 
[12:22:16] [INFO ] STEP 2 — Fault detection
[12:22:16] [INFO ]   Mode: single SA run (seed=12)
[12:22:18] [INFO ]   Detected 0 high-confidence faults
[12:22:18] [INFO ]   Step 2 complete
[12:22:18] [INFO ] 
[12:22:18] [INFO ] STEP 3 — Bounding boxes
[12:22:18] [INFO ]   Generated 0 boxes
[12:22:18] [INFO ]   Step 3 complete
[12:22:18] [INFO ] 
[12:22:18] [INFO ] STEP 4 — Dataset building
[12:22:18] [INFO ]   Saving labeled review image...
[12:22:18] [INFO ]   Saved: f287stks2_labeled.png
[12:22:18] [INFO ]   Split: train
[12:22:18] [INFO ]   Added 0 annotations to train.json
[12:22:18] [INFO ]   train.json: 92 images, 64 annotations
[12:22:18] [INFO ]   val.json:   22 images,  8 annotations
[12:22:18] [INFO ]   Step 4 complete
[12:22:18] [INFO ] 
[12:22:18] [INFO ]   DONE  f287stks2  →  train  |  0 faults  |  0 boxes
[12:22:18] [INFO ] 
[12:22:18] [INFO ] ──────────────────────────────────────────────────
[12:22:18] [INFO ]   LINE: f287stks3
[12:22:18] [INFO ] ──────────────────────────────────────────────────
[12:22:18] [INFO ] Dataset  : namss.F-2-87-AA.mcs.airgun
[12:22:18] [INFO ] SGY      : ../../airgun_data/namss.F-2-87-AA.mcs.airgun/Data/f287stks3.sgy
[12:22:18] [INFO ] NAV      : ../../airgun_data/namss.F-2-87-AA.mcs.airgun/Navigation/f-2-87-aa_NAV-WGS84.csv
[12:22:18] [INFO ] SA mode  : single (seed=12)
[12:22:18] [INFO ] 
[12:22:18] [INFO ] STEP 1 — Feature extraction
[12:22:18] [INFO ]   Loading navigation...
[12:22:18] [INFO ]   Loading SEG-Y...
[12:22:18] [INFO ]   Traces: 1135  Samples: 2500  dt: 4.000 ms
[12:22:18] [INFO ]   Depth:  0.0 m → 7497.0 m
[12:22:18] [INFO ]   Matching traces to navigation...
[12:22:18] [INFO ]   NAV line matched via translation: 'f287stks3' -> 'F287-S3'
[12:22:19] [INFO ]   Matched 1133 / 1135 traces
[12:22:19] [INFO ]   Bandpass filtering...
[12:22:19] [INFO ]   Computing seismic attributes...
[12:22:19] [INFO ]   Picking seafloor...
[12:22:19] [INFO ]   Seafloor depth: 5340–6711 m  (0 shallow traces masked)
[12:22:19] [INFO ]   Picking horizons...
[12:22:19] [INFO ]   Computing NCC coherence (slow)...
[12:22:19] [INFO ]   Saving CNN section image...
[12:22:19] [INFO ]   Saved: f287stks3_section_cnn.png  (2700x1500px)
[12:22:19] [INFO ]   Step 1 complete
[12:22:19] [INFO ] 
[12:22:19] [INFO ] STEP 2 — Fault detection
[12:22:19] [INFO ]   Mode: single SA run (seed=12)
[12:22:21] [INFO ]   Detected 0 high-confidence faults
[12:22:21] [INFO ]   Step 2 complete
[12:22:21] [INFO ] 
[12:22:21] [INFO ] STEP 3 — Bounding boxes
[12:22:21] [INFO ]   Generated 0 boxes
[12:22:21] [INFO ]   Step 3 complete
[12:22:21] [INFO ] 
[12:22:21] [INFO ] STEP 4 — Dataset building
[12:22:21] [INFO ]   Saving labeled review image...
[12:22:21] [INFO ]   Saved: f287stks3_labeled.png
[12:22:21] [INFO ]   Split: train
[12:22:21] [INFO ]   Added 0 annotations to train.json
[12:22:21] [INFO ]   train.json: 93 images, 64 annotations
[12:22:21] [INFO ]   val.json:   22 images,  8 annotations
[12:22:21] [INFO ]   Step 4 complete
[12:22:21] [INFO ] 
[12:22:21] [INFO ]   DONE  f287stks3  →  train  |  0 faults  |  0 boxes
[12:22:21] [INFO ] 
[12:22:21] [INFO ] ──────────────────────────────────────────────────
[12:22:21] [INFO ]   LINE: f287stks4
[12:22:21] [INFO ] ──────────────────────────────────────────────────
[12:22:21] [INFO ] Dataset  : namss.F-2-87-AA.mcs.airgun
[12:22:21] [INFO ] SGY      : ../../airgun_data/namss.F-2-87-AA.mcs.airgun/Data/f287stks4.sgy
[12:22:21] [INFO ] NAV      : ../../airgun_data/namss.F-2-87-AA.mcs.airgun/Navigation/f-2-87-aa_NAV-WGS84.csv
[12:22:21] [INFO ] SA mode  : single (seed=12)
[12:22:21] [INFO ] 
[12:22:21] [INFO ] STEP 1 — Feature extraction
[12:22:21] [INFO ]   Loading navigation...
[12:22:21] [INFO ]   Loading SEG-Y...
[12:22:21] [INFO ]   Traces: 653  Samples: 3500  dt: 4.000 ms
[12:22:21] [INFO ]   Depth:  0.0 m → 10497.0 m
[12:22:21] [INFO ]   Matching traces to navigation...
[12:22:21] [INFO ]   NAV line matched via translation: 'f287stks4' -> 'F287-S4'
[12:22:21] [INFO ]   Matched 652 / 653 traces
[12:22:21] [INFO ]   Bandpass filtering...
[12:22:21] [INFO ]   Computing seismic attributes...
[12:22:21] [INFO ]   Picking seafloor...
[12:22:21] [INFO ]   Seafloor depth: 5598–7125 m  (0 shallow traces masked)
[12:22:21] [INFO ]   Picking horizons...
[12:22:21] [INFO ]   Computing NCC coherence (slow)...
[12:22:21] [INFO ]   Saving CNN section image...
[12:22:21] [INFO ]   Saved: f287stks4_section_cnn.png  (2700x1500px)
[12:22:21] [INFO ]   Step 1 complete
[12:22:21] [INFO ] 
[12:22:21] [INFO ] STEP 2 — Fault detection
[12:22:21] [INFO ]   Mode: single SA run (seed=12)
[12:22:22] [INFO ]   Detected 1 high-confidence faults
[12:22:22] [INFO ]     Fault  1 | trace ~   17 | prob=0.760
[12:22:22] [INFO ]   Step 2 complete
[12:22:22] [INFO ] 
[12:22:22] [INFO ] STEP 3 — Bounding boxes
[12:22:22] [INFO ]   Box  1 | [0, 802, 255w, 103h px]
[12:22:22] [INFO ]   Generated 1 boxes
[12:22:22] [INFO ]   Step 3 complete
[12:22:22] [INFO ] 
[12:22:22] [INFO ] STEP 4 — Dataset building
[12:22:22] [INFO ]   Saving labeled review image...
[12:22:23] [INFO ]   Saved: f287stks4_labeled.png
[12:22:23] [INFO ]   Split: train
[12:22:23] [INFO ]   Added 1 annotations to train.json
[12:22:23] [INFO ]   train.json: 94 images, 65 annotations
[12:22:23] [INFO ]   val.json:   22 images,  8 annotations
[12:22:23] [INFO ]   Step 4 complete
[12:22:23] [INFO ] 
[12:22:23] [INFO ]   DONE  f287stks4  →  train  |  1 faults  |  1 boxes
[12:22:23] [INFO ] 
[12:22:23] [INFO ] ──────────────────────────────────────────────────
[12:22:23] [INFO ]   LINE: f287stks5
[12:22:23] [INFO ] ──────────────────────────────────────────────────
[12:22:23] [INFO ] Dataset  : namss.F-2-87-AA.mcs.airgun
[12:22:23] [INFO ] SGY      : ../../airgun_data/namss.F-2-87-AA.mcs.airgun/Data/f287stks5.sgy
[12:22:23] [INFO ] NAV      : ../../airgun_data/namss.F-2-87-AA.mcs.airgun/Navigation/f-2-87-aa_NAV-WGS84.csv
[12:22:23] [INFO ] SA mode  : single (seed=12)
[12:22:23] [INFO ] 
[12:22:23] [INFO ] STEP 1 — Feature extraction
[12:22:23] [INFO ]   Loading navigation...
[12:22:23] [INFO ]   Loading SEG-Y...
[12:22:23] [INFO ]   Traces: 573  Samples: 3500  dt: 4.000 ms
[12:22:23] [INFO ]   Depth:  0.0 m → 10497.0 m
[12:22:23] [INFO ]   Matching traces to navigation...
[12:22:23] [INFO ]   NAV line matched via translation: 'f287stks5' -> 'F287-S5'
[12:22:23] [INFO ]   Matched 572 / 573 traces
[12:22:23] [INFO ]   Bandpass filtering...
[12:22:23] [INFO ]   Computing seismic attributes...
[12:22:23] [INFO ]   Picking seafloor...
[12:22:23] [INFO ]   Seafloor depth: 6615–7008 m  (0 shallow traces masked)
[12:22:23] [INFO ]   Picking horizons...
[12:22:23] [INFO ]   Computing NCC coherence (slow)...
[12:22:23] [INFO ]   Saving CNN section image...
[12:22:23] [INFO ]   Saved: f287stks5_section_cnn.png  (2700x1500px)
[12:22:23] [INFO ]   Step 1 complete
[12:22:23] [INFO ] 
[12:22:23] [INFO ] STEP 2 — Fault detection
[12:22:23] [INFO ]   Mode: single SA run (seed=12)
[12:22:24] [INFO ]   Detected 0 high-confidence faults
[12:22:24] [INFO ]   Step 2 complete
[12:22:24] [INFO ] 
[12:22:24] [INFO ] STEP 3 — Bounding boxes
[12:22:24] [INFO ]   Generated 0 boxes
[12:22:24] [INFO ]   Step 3 complete
[12:22:24] [INFO ] 
[12:22:24] [INFO ] STEP 4 — Dataset building
[12:22:24] [INFO ]   Saving labeled review image...
[12:22:24] [INFO ]   Saved: f287stks5_labeled.png
[12:22:24] [INFO ]   Split: val
[12:22:24] [INFO ]   Added 0 annotations to val.json
[12:22:24] [INFO ]   train.json: 94 images, 65 annotations
[12:22:24] [INFO ]   val.json:   23 images,  8 annotations
[12:22:24] [INFO ]   Step 4 complete
[12:22:24] [INFO ] 
[12:22:24] [INFO ]   DONE  f287stks5  →  val  |  0 faults  |  0 boxes
[12:22:24] [INFO ] 
[12:22:24] [INFO ] ──────────────────────────────────────────────────
[12:22:24] [INFO ]   LINE: f287stks7
[12:22:24] [INFO ] ──────────────────────────────────────────────────
[12:22:24] [INFO ] Dataset  : namss.F-2-87-AA.mcs.airgun
[12:22:24] [INFO ] SGY      : ../../airgun_data/namss.F-2-87-AA.mcs.airgun/Data/f287stks7.sgy
[12:22:24] [INFO ] NAV      : ../../airgun_data/namss.F-2-87-AA.mcs.airgun/Navigation/f-2-87-aa_NAV-WGS84.csv
[12:22:24] [INFO ] SA mode  : single (seed=12)
[12:22:24] [INFO ] 
[12:22:24] [INFO ] STEP 1 — Feature extraction
[12:22:24] [INFO ]   Loading navigation...
[12:22:24] [INFO ]   Loading SEG-Y...
[12:22:24] [INFO ]   Traces: 487  Samples: 3250  dt: 4.000 ms
[12:22:24] [INFO ]   Depth:  0.0 m → 9747.0 m
[12:22:24] [INFO ]   Matching traces to navigation...
[12:22:24] [INFO ]   NAV line matched via translation: 'f287stks7' -> 'F287-S7'
[12:22:24] [INFO ]   Matched 486 / 487 traces
[12:22:24] [INFO ]   Bandpass filtering...
[12:22:24] [INFO ]   Computing seismic attributes...
[12:22:24] [INFO ]   Picking seafloor...
[12:22:24] [INFO ]   Seafloor depth: 5322–6249 m  (0 shallow traces masked)
[12:22:24] [INFO ]   Picking horizons...
[12:22:24] [INFO ]   Computing NCC coherence (slow)...
[12:22:24] [INFO ]   Saving CNN section image...
[12:22:24] [INFO ]   Saved: f287stks7_section_cnn.png  (2700x1500px)
[12:22:24] [INFO ]   Step 1 complete
[12:22:24] [INFO ] 
[12:22:24] [INFO ] STEP 2 — Fault detection
[12:22:24] [INFO ]   Mode: single SA run (seed=12)
[12:22:25] [INFO ]   Detected 0 high-confidence faults
[12:22:25] [INFO ]   Step 2 complete
[12:22:25] [INFO ] 
[12:22:25] [INFO ] STEP 3 — Bounding boxes
[12:22:25] [INFO ]   Generated 0 boxes
[12:22:25] [INFO ]   Step 3 complete
[12:22:25] [INFO ] 
[12:22:25] [INFO ] STEP 4 — Dataset building
[12:22:25] [INFO ]   Saving labeled review image...
[12:22:25] [INFO ]   Saved: f287stks7_labeled.png
[12:22:25] [INFO ]   Split: train
[12:22:25] [INFO ]   Added 0 annotations to train.json
[12:22:25] [INFO ]   train.json: 95 images, 65 annotations
[12:22:25] [INFO ]   val.json:   23 images,  8 annotations
[12:22:25] [INFO ]   Step 4 complete
[12:22:25] [INFO ] 
[12:22:25] [INFO ]   DONE  f287stks7  →  train  |  0 faults  |  0 boxes
[12:22:25] [INFO ] 
[12:22:25] [INFO ] ──────────────────────────────────────────────────
[12:22:25] [INFO ]   LINE: f287stks8
[12:22:25] [INFO ] ──────────────────────────────────────────────────
[12:22:25] [INFO ] Dataset  : namss.F-2-87-AA.mcs.airgun
[12:22:25] [INFO ] SGY      : ../../airgun_data/namss.F-2-87-AA.mcs.airgun/Data/f287stks8.sgy
[12:22:25] [INFO ] NAV      : ../../airgun_data/namss.F-2-87-AA.mcs.airgun/Navigation/f-2-87-aa_NAV-WGS84.csv
[12:22:25] [INFO ] SA mode  : single (seed=12)
[12:22:25] [INFO ] 
[12:22:25] [INFO ] STEP 1 — Feature extraction
[12:22:25] [INFO ]   Loading navigation...
[12:22:25] [INFO ]   Loading SEG-Y...
[12:22:25] [INFO ]   Traces: 292  Samples: 3000  dt: 4.000 ms
[12:22:25] [INFO ]   Depth:  0.0 m → 8997.0 m
[12:22:25] [INFO ]   Matching traces to navigation...
[12:22:25] [INFO ]   NAV line matched via translation: 'f287stks8' -> 'F287-S8'
[12:22:25] [INFO ]   Matched 291 / 292 traces
[12:22:25] [INFO ]   Bandpass filtering...
[12:22:25] [INFO ]   Computing seismic attributes...
[12:22:25] [INFO ]   Picking seafloor...
[12:22:25] [INFO ]   Seafloor depth: 4236–5043 m  (0 shallow traces masked)
[12:22:25] [INFO ]   Picking horizons...
[12:22:25] [INFO ]   Computing NCC coherence (slow)...
[12:22:26] [INFO ]   Saving CNN section image...
[12:22:26] [INFO ]   Saved: f287stks8_section_cnn.png  (2700x1500px)
[12:22:26] [INFO ]   Step 1 complete
[12:22:26] [INFO ] 
[12:22:26] [INFO ] STEP 2 — Fault detection
[12:22:26] [INFO ]   Mode: single SA run (seed=12)
[12:22:26] [INFO ]   Detected 0 high-confidence faults
[12:22:26] [INFO ]   Step 2 complete
[12:22:26] [INFO ] 
[12:22:26] [INFO ] STEP 3 — Bounding boxes
[12:22:26] [INFO ]   Generated 0 boxes
[12:22:26] [INFO ]   Step 3 complete
[12:22:26] [INFO ] 
[12:22:26] [INFO ] STEP 4 — Dataset building
[12:22:26] [INFO ]   Saving labeled review image...
[12:22:26] [INFO ]   Saved: f287stks8_labeled.png
[12:22:26] [INFO ]   Split: train
[12:22:26] [INFO ]   Added 0 annotations to train.json
[12:22:26] [INFO ]   train.json: 96 images, 65 annotations
[12:22:26] [INFO ]   val.json:   23 images,  8 annotations
[12:22:26] [INFO ]   Step 4 complete
[12:22:26] [INFO ] 
[12:22:26] [INFO ]   DONE  f287stks8  →  train  |  0 faults  |  0 boxes
[12:22:26] [INFO ] 
[12:22:26] [INFO ] ──────────────────────────────────────────────────
[12:22:26] [INFO ]   LINE: f287stks9
[12:22:26] [INFO ] ──────────────────────────────────────────────────
[12:22:26] [INFO ] Dataset  : namss.F-2-87-AA.mcs.airgun
[12:22:26] [INFO ] SGY      : ../../airgun_data/namss.F-2-87-AA.mcs.airgun/Data/f287stks9.sgy
[12:22:26] [INFO ] NAV      : ../../airgun_data/namss.F-2-87-AA.mcs.airgun/Navigation/f-2-87-aa_NAV-WGS84.csv
[12:22:26] [INFO ] SA mode  : single (seed=12)
[12:22:26] [INFO ] 
[12:22:26] [INFO ] STEP 1 — Feature extraction
[12:22:26] [INFO ]   Loading navigation...
[12:22:26] [INFO ]   Loading SEG-Y...
[12:22:26] [INFO ]   Traces: 1519  Samples: 2500  dt: 4.000 ms
[12:22:26] [INFO ]   Depth:  0.0 m → 7497.0 m
[12:22:26] [INFO ]   Matching traces to navigation...
[12:22:26] [INFO ]   NAV line matched via translation: 'f287stks9' -> 'F287-S9'
[12:22:27] [INFO ]   Matched 1518 / 1519 traces
[12:22:27] [INFO ]   Bandpass filtering...
[12:22:27] [INFO ]   Computing seismic attributes...
[12:22:27] [INFO ]   Picking seafloor...
[12:22:27] [INFO ]   Seafloor depth: 1077–6678 m  (0 shallow traces masked)
[12:22:27] [INFO ]   Picking horizons...
[12:22:27] [INFO ]   Computing NCC coherence (slow)...
[12:22:27] [INFO ]   Saving CNN section image...
[12:22:28] [INFO ]   Saved: f287stks9_section_cnn.png  (2700x1500px)
[12:22:28] [INFO ]   Step 1 complete
[12:22:28] [INFO ] 
[12:22:28] [INFO ] STEP 2 — Fault detection
[12:22:28] [INFO ]   Mode: single SA run (seed=12)
[12:22:29] [INFO ]   Detected 0 high-confidence faults
[12:22:29] [INFO ]   Step 2 complete
[12:22:29] [INFO ] 
[12:22:29] [INFO ] STEP 3 — Bounding boxes
[12:22:29] [INFO ]   Generated 0 boxes
[12:22:29] [INFO ]   Step 3 complete
[12:22:29] [INFO ] 
[12:22:29] [INFO ] STEP 4 — Dataset building
[12:22:29] [INFO ]   Saving labeled review image...
[12:22:29] [INFO ]   Saved: f287stks9_labeled.png
[12:22:29] [INFO ]   Split: train
[12:22:29] [INFO ]   Added 0 annotations to train.json
[12:22:29] [INFO ]   train.json: 97 images, 65 annotations
[12:22:29] [INFO ]   val.json:   23 images,  8 annotations
[12:22:29] [INFO ]   Step 4 complete
[12:22:29] [INFO ] 
[12:22:29] [INFO ]   DONE  f287stks9  →  train  |  0 faults  |  0 boxes
[12:22:29] [INFO ] 
[12:22:29] [INFO ] ──────────────────────────────────────────────────
[12:22:29] [INFO ]   LINE: f387stk01
[12:22:29] [INFO ] ──────────────────────────────────────────────────
[12:22:29] [INFO ] Dataset  : namss.F-3-87-AA.mcs.airgun
[12:22:29] [INFO ] SGY      : ../../airgun_data/namss.F-3-87-AA.mcs.airgun/Data/f387stk01.sgy
[12:22:29] [INFO ] NAV      : ../../airgun_data/namss.F-3-87-AA.mcs.airgun/Navigation/f-3-87-aa_NAV-WGS84.csv
[12:22:29] [INFO ] SA mode  : single (seed=12)
[12:22:29] [INFO ] 
[12:22:29] [INFO ] STEP 1 — Feature extraction
[12:22:29] [INFO ]   Loading navigation...
[12:22:29] [INFO ]   Loading SEG-Y...
[12:22:29] [INFO ]   Traces: 3149  Samples: 3000  dt: 4.000 ms
[12:22:29] [INFO ]   Depth:  0.0 m → 8997.0 m
[12:22:29] [INFO ]   Matching traces to navigation...
[12:22:29] [INFO ]   NAV line matched via translation: 'f387stk01' -> 'F387-1'
[12:22:29] [INFO ]   Matched 3147 / 3149 traces
[12:22:29] [INFO ]   Bandpass filtering...
[12:22:29] [INFO ]   Computing seismic attributes...
[12:22:30] [INFO ]   Picking seafloor...
[12:22:30] [INFO ]   Seafloor depth: 0–5880 m  (268 shallow traces masked)
[12:22:30] [INFO ]   Picking horizons...
[12:22:30] [INFO ]   Computing NCC coherence (slow)...
[12:22:31] [INFO ]   Saving CNN section image...
[12:22:31] [INFO ]   Saved: f387stk01_section_cnn.png  (2700x1500px)
[12:22:31] [INFO ]   Step 1 complete
[12:22:31] [INFO ] 
[12:22:31] [INFO ] STEP 2 — Fault detection
[12:22:31] [INFO ]   Mode: single SA run (seed=12)
[12:22:35] [INFO ]   Detected 0 high-confidence faults
[12:22:35] [INFO ]   Step 2 complete
[12:22:35] [INFO ] 
[12:22:35] [INFO ] STEP 3 — Bounding boxes
[12:22:35] [INFO ]   Generated 0 boxes
[12:22:35] [INFO ]   Step 3 complete
[12:22:35] [INFO ] 
[12:22:35] [INFO ] STEP 4 — Dataset building
[12:22:35] [INFO ]   Saving labeled review image...
[12:22:35] [INFO ]   Saved: f387stk01_labeled.png
[12:22:35] [INFO ]   Split: train
[12:22:35] [INFO ]   Added 0 annotations to train.json
[12:22:35] [INFO ]   train.json: 98 images, 65 annotations
[12:22:35] [INFO ]   val.json:   23 images,  8 annotations
[12:22:35] [INFO ]   Step 4 complete
[12:22:35] [INFO ] 
[12:22:35] [INFO ]   DONE  f387stk01  →  train  |  0 faults  |  0 boxes
[12:22:35] [INFO ] 
[12:22:35] [INFO ] ──────────────────────────────────────────────────
[12:22:35] [INFO ]   LINE: f387stk02
[12:22:35] [INFO ] ──────────────────────────────────────────────────
[12:22:35] [INFO ] Dataset  : namss.F-3-87-AA.mcs.airgun
[12:22:35] [INFO ] SGY      : ../../airgun_data/namss.F-3-87-AA.mcs.airgun/Data/f387stk02.sgy
[12:22:35] [INFO ] NAV      : ../../airgun_data/namss.F-3-87-AA.mcs.airgun/Navigation/f-3-87-aa_NAV-WGS84.csv
[12:22:35] [INFO ] SA mode  : single (seed=12)
[12:22:35] [INFO ] 
[12:22:35] [INFO ] STEP 1 — Feature extraction
[12:22:35] [INFO ]   Loading navigation...
[12:22:35] [INFO ]   Loading SEG-Y...
[12:22:35] [INFO ]   Traces: 372  Samples: 3000  dt: 4.000 ms
[12:22:35] [INFO ]   Depth:  0.0 m → 8997.0 m
[12:22:35] [INFO ]   Matching traces to navigation...
[12:22:35] [INFO ]   NAV line matched via translation: 'f387stk02' -> 'F387-2'
[12:22:35] [INFO ]   Matched 371 / 372 traces
[12:22:35] [INFO ]   Bandpass filtering...
[12:22:35] [INFO ]   Computing seismic attributes...
[12:22:35] [INFO ]   Picking seafloor...
[12:22:35] [INFO ]   Seafloor depth: 3444–4041 m  (0 shallow traces masked)
[12:22:35] [INFO ]   Picking horizons...
[12:22:35] [INFO ]   Computing NCC coherence (slow)...
[12:22:35] [INFO ]   Saving CNN section image...
[12:22:35] [INFO ]   Saved: f387stk02_section_cnn.png  (2700x1500px)
[12:22:35] [INFO ]   Step 1 complete
[12:22:35] [INFO ] 
[12:22:35] [INFO ] STEP 2 — Fault detection
[12:22:35] [INFO ]   Mode: single SA run (seed=12)
[12:22:36] [INFO ]   Detected 1 high-confidence faults
[12:22:36] [INFO ]     Fault  1 | trace ~  343 | prob=0.770
[12:22:36] [INFO ]   Step 2 complete
[12:22:36] [INFO ] 
[12:22:36] [INFO ] STEP 3 — Bounding boxes
[12:22:36] [INFO ]   Box  1 | [1651, 662, 1049w, 114h px]
[12:22:36] [INFO ]   Generated 1 boxes
[12:22:36] [INFO ]   Step 3 complete
[12:22:36] [INFO ] 
[12:22:36] [INFO ] STEP 4 — Dataset building
[12:22:36] [INFO ]   Saving labeled review image...
[12:22:36] [INFO ]   Saved: f387stk02_labeled.png
[12:22:36] [INFO ]   Split: val
[12:22:36] [INFO ]   Added 1 annotations to val.json
[12:22:36] [INFO ]   train.json: 98 images, 65 annotations
[12:22:36] [INFO ]   val.json:   24 images,  9 annotations
[12:22:36] [INFO ]   Step 4 complete
[12:22:36] [INFO ] 
[12:22:36] [INFO ]   DONE  f387stk02  →  val  |  1 faults  |  1 boxes
[12:22:36] [INFO ] 
[12:22:36] [INFO ] ──────────────────────────────────────────────────
[12:22:36] [INFO ]   LINE: f387stk03
[12:22:36] [INFO ] ──────────────────────────────────────────────────
[12:22:36] [INFO ] Dataset  : namss.F-3-87-AA.mcs.airgun
[12:22:36] [INFO ] SGY      : ../../airgun_data/namss.F-3-87-AA.mcs.airgun/Data/f387stk03.sgy
[12:22:36] [INFO ] NAV      : ../../airgun_data/namss.F-3-87-AA.mcs.airgun/Navigation/f-3-87-aa_NAV-WGS84.csv
[12:22:36] [INFO ] SA mode  : single (seed=12)
[12:22:36] [INFO ] 
[12:22:36] [INFO ] STEP 1 — Feature extraction
[12:22:36] [INFO ]   Loading navigation...
[12:22:36] [INFO ]   Loading SEG-Y...
[12:22:36] [INFO ]   Traces: 3956  Samples: 3000  dt: 4.000 ms
[12:22:36] [INFO ]   Depth:  0.0 m → 8997.0 m
[12:22:36] [INFO ]   Matching traces to navigation...
[12:22:36] [INFO ]   NAV line matched via translation: 'f387stk03' -> 'F387-3'
[12:22:37] [INFO ]   Matched 3954 / 3956 traces
[12:22:37] [INFO ]   Bandpass filtering...
[12:22:37] [INFO ]   Computing seismic attributes...
[12:22:37] [INFO ]   Picking seafloor...
[12:22:38] [INFO ]   Seafloor depth: 4068–5721 m  (0 shallow traces masked)
[12:22:38] [INFO ]   Picking horizons...
[12:22:38] [INFO ]   Computing NCC coherence (slow)...
[12:22:38] [INFO ]   Saving CNN section image...
[12:22:39] [INFO ]   Saved: f387stk03_section_cnn.png  (2700x1500px)
[12:22:39] [INFO ]   Step 1 complete
[12:22:39] [INFO ] 
[12:22:39] [INFO ] STEP 2 — Fault detection
[12:22:39] [INFO ]   Mode: single SA run (seed=12)
[12:22:44] [INFO ]   Detected 0 high-confidence faults
[12:22:44] [INFO ]   Step 2 complete
[12:22:44] [INFO ] 
[12:22:44] [INFO ] STEP 3 — Bounding boxes
[12:22:44] [INFO ]   Generated 0 boxes
[12:22:44] [INFO ]   Step 3 complete
[12:22:44] [INFO ] 
[12:22:44] [INFO ] STEP 4 — Dataset building
[12:22:44] [INFO ]   Saving labeled review image...
[12:22:44] [INFO ]   Saved: f387stk03_labeled.png
[12:22:44] [INFO ]   Split: train
[12:22:44] [INFO ]   Added 0 annotations to train.json
[12:22:44] [INFO ]   train.json: 99 images, 65 annotations
[12:22:44] [INFO ]   val.json:   24 images,  9 annotations
[12:22:44] [INFO ]   Step 4 complete
[12:22:44] [INFO ] 
[12:22:44] [INFO ]   DONE  f387stk03  →  train  |  0 faults  |  0 boxes
[12:22:44] [INFO ] 
[12:22:44] [INFO ] ──────────────────────────────────────────────────
[12:22:44] [INFO ]   LINE: f387stk04
[12:22:44] [INFO ] ──────────────────────────────────────────────────
[12:22:44] [INFO ] Dataset  : namss.F-3-87-AA.mcs.airgun
[12:22:44] [INFO ] SGY      : ../../airgun_data/namss.F-3-87-AA.mcs.airgun/Data/f387stk04.sgy
[12:22:44] [INFO ] NAV      : ../../airgun_data/namss.F-3-87-AA.mcs.airgun/Navigation/f-3-87-aa_NAV-WGS84.csv
[12:22:44] [INFO ] SA mode  : single (seed=12)
[12:22:44] [INFO ] 
[12:22:44] [INFO ] STEP 1 — Feature extraction
[12:22:44] [INFO ]   Loading navigation...
[12:22:45] [INFO ]   Loading SEG-Y...
[12:22:45] [INFO ]   Traces: 702  Samples: 3000  dt: 4.000 ms
[12:22:45] [INFO ]   Depth:  0.0 m → 8997.0 m
[12:22:45] [INFO ]   Matching traces to navigation...
[12:22:45] [INFO ]   NAV line matched via translation: 'f387stk04' -> 'F387-4'
[12:22:45] [INFO ]   Matched 701 / 702 traces
[12:22:45] [INFO ]   Bandpass filtering...
[12:22:45] [INFO ]   Computing seismic attributes...
[12:22:45] [INFO ]   Picking seafloor...
[12:22:45] [INFO ]   Seafloor depth: 4551–5088 m  (0 shallow traces masked)
[12:22:45] [INFO ]   Picking horizons...
[12:22:45] [INFO ]   Computing NCC coherence (slow)...
[12:22:45] [INFO ]   Saving CNN section image...
[12:22:45] [INFO ]   Saved: f387stk04_section_cnn.png  (2700x1500px)
[12:22:45] [INFO ]   Step 1 complete
[12:22:45] [INFO ] 
[12:22:45] [INFO ] STEP 2 — Fault detection
[12:22:45] [INFO ]   Mode: single SA run (seed=12)
[12:22:46] [INFO ]   Detected 0 high-confidence faults
[12:22:46] [INFO ]   Step 2 complete
[12:22:46] [INFO ] 
[12:22:46] [INFO ] STEP 3 — Bounding boxes
[12:22:46] [INFO ]   Generated 0 boxes
[12:22:46] [INFO ]   Step 3 complete
[12:22:46] [INFO ] 
[12:22:46] [INFO ] STEP 4 — Dataset building
[12:22:46] [INFO ]   Saving labeled review image...
[12:22:46] [INFO ]   Saved: f387stk04_labeled.png
[12:22:46] [INFO ]   Split: train
[12:22:46] [INFO ]   Added 0 annotations to train.json
[12:22:46] [INFO ]   train.json: 100 images, 65 annotations
[12:22:46] [INFO ]   val.json:   24 images,  9 annotations
[12:22:46] [INFO ]   Step 4 complete
[12:22:46] [INFO ] 
[12:22:46] [INFO ]   DONE  f387stk04  →  train  |  0 faults  |  0 boxes
[12:22:46] [INFO ] 
[12:22:46] [INFO ] ──────────────────────────────────────────────────
[12:22:46] [INFO ]   LINE: f387stk05
[12:22:46] [INFO ] ──────────────────────────────────────────────────
[12:22:46] [INFO ] Dataset  : namss.F-3-87-AA.mcs.airgun
[12:22:46] [INFO ] SGY      : ../../airgun_data/namss.F-3-87-AA.mcs.airgun/Data/f387stk05.sgy
[12:22:46] [INFO ] NAV      : ../../airgun_data/namss.F-3-87-AA.mcs.airgun/Navigation/f-3-87-aa_NAV-WGS84.csv
[12:22:46] [INFO ] SA mode  : single (seed=12)
[12:22:46] [INFO ] 
[12:22:46] [INFO ] STEP 1 — Feature extraction
[12:22:46] [INFO ]   Loading navigation...
[12:22:46] [INFO ]   Loading SEG-Y...
[12:22:47] [INFO ]   Traces: 2998  Samples: 3000  dt: 4.000 ms
[12:22:47] [INFO ]   Depth:  0.0 m → 8997.0 m
[12:22:47] [INFO ]   Matching traces to navigation...
[12:22:47] [INFO ]   NAV line matched via translation: 'f387stk05' -> 'F387-5'
[12:22:47] [INFO ]   Matched 2995 / 2998 traces
[12:22:47] [INFO ]   Bandpass filtering...
[12:22:47] [INFO ]   Computing seismic attributes...
[12:22:47] [INFO ]   Picking seafloor...
[12:22:48] [INFO ]   Seafloor depth: 0–3864 m  (350 shallow traces masked)
[12:22:48] [INFO ]   Picking horizons...
[12:22:48] [INFO ]   Computing NCC coherence (slow)...
[12:22:48] [INFO ]   Saving CNN section image...
[12:22:49] [INFO ]   Saved: f387stk05_section_cnn.png  (2700x1500px)
[12:22:49] [INFO ]   Step 1 complete
[12:22:49] [INFO ] 
[12:22:49] [INFO ] STEP 2 — Fault detection
[12:22:49] [INFO ]   Mode: single SA run (seed=12)
[12:22:52] [INFO ]   Detected 0 high-confidence faults
[12:22:52] [INFO ]   Step 2 complete
[12:22:52] [INFO ] 
[12:22:52] [INFO ] STEP 3 — Bounding boxes
[12:22:52] [INFO ]   Generated 0 boxes
[12:22:52] [INFO ]   Step 3 complete
[12:22:52] [INFO ] 
[12:22:52] [INFO ] STEP 4 — Dataset building
[12:22:52] [INFO ]   Saving labeled review image...
[12:22:52] [INFO ]   Saved: f387stk05_labeled.png
[12:22:52] [INFO ]   Split: train
[12:22:52] [INFO ]   Added 0 annotations to train.json
[12:22:52] [INFO ]   train.json: 101 images, 65 annotations
[12:22:52] [INFO ]   val.json:   24 images,  9 annotations
[12:22:52] [INFO ]   Step 4 complete
[12:22:52] [INFO ] 
[12:22:52] [INFO ]   DONE  f387stk05  →  train  |  0 faults  |  0 boxes
[12:22:52] [INFO ] 
[12:22:52] [INFO ] ──────────────────────────────────────────────────
[12:22:52] [INFO ]   LINE: f387stk06
[12:22:52] [INFO ] ──────────────────────────────────────────────────
[12:22:52] [INFO ] Dataset  : namss.F-3-87-AA.mcs.airgun
[12:22:52] [INFO ] SGY      : ../../airgun_data/namss.F-3-87-AA.mcs.airgun/Data/f387stk06.sgy
[12:22:52] [INFO ] NAV      : ../../airgun_data/namss.F-3-87-AA.mcs.airgun/Navigation/f-3-87-aa_NAV-WGS84.csv
[12:22:52] [INFO ] SA mode  : single (seed=12)
[12:22:52] [INFO ] 
[12:22:52] [INFO ] STEP 1 — Feature extraction
[12:22:52] [INFO ]   Loading navigation...
[12:22:52] [INFO ]   Loading SEG-Y...
[12:22:52] [INFO ]   Traces: 813  Samples: 3000  dt: 4.000 ms
[12:22:52] [INFO ]   Depth:  0.0 m → 8997.0 m
[12:22:52] [INFO ]   Matching traces to navigation...
[12:22:52] [INFO ]   NAV line matched via translation: 'f387stk06' -> 'F387-6'
[12:22:52] [INFO ]   Matched 812 / 813 traces
[12:22:52] [INFO ]   Bandpass filtering...
[12:22:52] [INFO ]   Computing seismic attributes...
[12:22:52] [INFO ]   Picking seafloor...
[12:22:53] [INFO ]   Seafloor depth: 3645–4962 m  (0 shallow traces masked)
[12:22:53] [INFO ]   Picking horizons...
[12:22:53] [INFO ]   Computing NCC coherence (slow)...
[12:22:53] [INFO ]   Saving CNN section image...
[12:22:53] [INFO ]   Saved: f387stk06_section_cnn.png  (2700x1500px)
[12:22:53] [INFO ]   Step 1 complete
[12:22:53] [INFO ] 
[12:22:53] [INFO ] STEP 2 — Fault detection
[12:22:53] [INFO ]   Mode: single SA run (seed=12)
[12:22:54] [INFO ]   Detected 1 high-confidence faults
[12:22:54] [INFO ]     Fault  1 | trace ~   32 | prob=0.766
[12:22:54] [INFO ]   Step 2 complete
[12:22:54] [INFO ] 
[12:22:54] [INFO ] STEP 3 — Bounding boxes
[12:22:54] [INFO ]   Box  1 | [0, 810, 250w, 117h px]
[12:22:54] [INFO ]   Generated 1 boxes
[12:22:54] [INFO ]   Step 3 complete
[12:22:54] [INFO ] 
[12:22:54] [INFO ] STEP 4 — Dataset building
[12:22:54] [INFO ]   Saving labeled review image...
[12:22:54] [INFO ]   Saved: f387stk06_labeled.png
[12:22:54] [INFO ]   Split: train
[12:22:54] [INFO ]   Added 1 annotations to train.json
[12:22:54] [INFO ]   train.json: 102 images, 66 annotations
[12:22:54] [INFO ]   val.json:   24 images,  9 annotations
[12:22:54] [INFO ]   Step 4 complete
[12:22:54] [INFO ] 
[12:22:54] [INFO ]   DONE  f387stk06  →  train  |  1 faults  |  1 boxes
[12:22:54] [INFO ] 
[12:22:54] [INFO ] ──────────────────────────────────────────────────
[12:22:54] [INFO ]   LINE: f387stk07
[12:22:54] [INFO ] ──────────────────────────────────────────────────
[12:22:54] [INFO ] Dataset  : namss.F-3-87-AA.mcs.airgun
[12:22:54] [INFO ] SGY      : ../../airgun_data/namss.F-3-87-AA.mcs.airgun/Data/f387stk07.sgy
[12:22:54] [INFO ] NAV      : ../../airgun_data/namss.F-3-87-AA.mcs.airgun/Navigation/f-3-87-aa_NAV-WGS84.csv
[12:22:54] [INFO ] SA mode  : single (seed=12)
[12:22:54] [INFO ] 
[12:22:54] [INFO ] STEP 1 — Feature extraction
[12:22:54] [INFO ]   Loading navigation...
[12:22:54] [INFO ]   Loading SEG-Y...
[12:22:54] [INFO ]   Traces: 6280  Samples: 3000  dt: 4.000 ms
[12:22:54] [INFO ]   Depth:  0.0 m → 8997.0 m
[12:22:54] [INFO ]   Matching traces to navigation...
[12:22:54] [INFO ]   NAV line matched via translation: 'f387stk07' -> 'F387-7'
[12:22:55] [INFO ]   Matched 6210 / 6280 traces
[12:22:55] [INFO ]   Bandpass filtering...
[12:22:55] [INFO ]   Computing seismic attributes...
[12:22:56] [INFO ]   Picking seafloor...
[12:22:57] [INFO ]   Seafloor depth: 3000–4527 m  (0 shallow traces masked)
[12:22:57] [INFO ]   Picking horizons...
[12:22:57] [INFO ]   Computing NCC coherence (slow)...
[12:22:58] [INFO ]   Saving CNN section image...
[12:22:59] [INFO ]   Saved: f387stk07_section_cnn.png  (2700x1500px)
[12:22:59] [INFO ]   Step 1 complete
[12:22:59] [INFO ] 
[12:22:59] [INFO ] STEP 2 — Fault detection
[12:22:59] [INFO ]   Mode: single SA run (seed=12)
[12:23:07] [INFO ]   Detected 0 high-confidence faults
[12:23:07] [INFO ]   Step 2 complete
[12:23:07] [INFO ] 
[12:23:07] [INFO ] STEP 3 — Bounding boxes
[12:23:07] [INFO ]   Generated 0 boxes
[12:23:07] [INFO ]   Step 3 complete
[12:23:07] [INFO ] 
[12:23:07] [INFO ] STEP 4 — Dataset building
[12:23:07] [INFO ]   Saving labeled review image...
[12:23:07] [INFO ]   Saved: f387stk07_labeled.png
[12:23:07] [INFO ]   Split: val
[12:23:07] [INFO ]   Added 0 annotations to val.json
[12:23:07] [INFO ]   train.json: 102 images, 66 annotations
[12:23:07] [INFO ]   val.json:   25 images,  9 annotations
[12:23:07] [INFO ]   Step 4 complete
[12:23:07] [INFO ] 
[12:23:07] [INFO ]   DONE  f387stk07  →  val  |  0 faults  |  0 boxes
[12:23:07] [INFO ] 
[12:23:07] [INFO ] ──────────────────────────────────────────────────
[12:23:07] [INFO ]   LINE: f387stk07_3150
[12:23:07] [INFO ] ──────────────────────────────────────────────────
[12:23:07] [INFO ] Dataset  : namss.F-3-87-AA.mcs.airgun
[12:23:07] [INFO ] SGY      : ../../airgun_data/namss.F-3-87-AA.mcs.airgun/Data/f387stk07_3150.sgy
[12:23:07] [INFO ] NAV      : ../../airgun_data/namss.F-3-87-AA.mcs.airgun/Navigation/f-3-87-aa_NAV-WGS84.csv
[12:23:07] [INFO ] SA mode  : single (seed=12)
[12:23:07] [INFO ] 
[12:23:07] [INFO ] STEP 1 — Feature extraction
[12:23:07] [INFO ]   Loading navigation...
[12:23:07] [INFO ]   Loading SEG-Y...
[12:23:07] [INFO ]   Traces: 6279  Samples: 3000  dt: 4.000 ms
[12:23:07] [INFO ]   Depth:  0.0 m → 8997.0 m
[12:23:07] [INFO ]   Matching traces to navigation...
[12:23:07] [WARN ]   NAV match failed for 'f387stk07_3150'. Tried: ['f387stk07_3150', 'F387-7_3150', 'f387stk07']. Available: ['F387-1', 'F387-10', 'F387-11', 'F387-12', 'F387-13', 'F387-14', 'F387-15', 'F387-16', 'F387-17', 'F387-18', 'F387-19', 'F387-2', 'F387-20', 'F387-21', 'F387-22', 'F387-23', 'F387-24', 'F387-25', 'F387-26', 'F387-27', 'F387-28', 'F387-29', 'F387-3', 'F387-30', 'F387-31', 'F387-32', 'F387-33', 'F387-34', 'F387-35', 'F387-4', 'F387-5', 'F387-6', 'F387-7', 'F387-8', 'F387-9']
[12:23:07] [ERROR] SKIPPING f387stk07_3150 (namss.F-3-87-AA.mcs.airgun): No NAV line matched 'f387stk07_3150'. Tried: ['f387stk07_3150', 'F387-7_3150', 'f387stk07'].
[12:23:07] [ERROR]   Traceback (most recent call last):
[12:23:07] [ERROR]     File "/Users/lennylukach/Personal/School/CS4100/namss/pipeline/src/pipeline.py", line 848, in <module>
[12:23:07] [ERROR]       process_line(line, sgy_path, nav_path, dataset)
[12:23:07] [ERROR]     File "/Users/lennylukach/Personal/School/CS4100/namss/pipeline/src/pipeline.py", line 415, in process_line
[12:23:07] [ERROR]       line_nav = resolve_nav_line(line, nav, log_fn=log)
[12:23:07] [ERROR]     File "/Users/lennylukach/Personal/School/CS4100/namss/pipeline/src/pipeline.py", line 230, in resolve_nav_line
[12:23:07] [ERROR]       raise RuntimeError(
[12:23:07] [ERROR]   RuntimeError: No NAV line matched 'f387stk07_3150'. Tried: ['f387stk07_3150', 'F387-7_3150', 'f387stk07'].
[12:23:07] [INFO ] 
[12:23:07] [INFO ] ──────────────────────────────────────────────────
[12:23:07] [INFO ]   LINE: f387stk08
[12:23:07] [INFO ] ──────────────────────────────────────────────────
[12:23:07] [INFO ] Dataset  : namss.F-3-87-AA.mcs.airgun
[12:23:07] [INFO ] SGY      : ../../airgun_data/namss.F-3-87-AA.mcs.airgun/Data/f387stk08.sgy
[12:23:07] [INFO ] NAV      : ../../airgun_data/namss.F-3-87-AA.mcs.airgun/Navigation/f-3-87-aa_NAV-WGS84.csv
[12:23:07] [INFO ] SA mode  : single (seed=12)
[12:23:07] [INFO ] 
[12:23:07] [INFO ] STEP 1 — Feature extraction
[12:23:07] [INFO ]   Loading navigation...
[12:23:07] [INFO ]   Loading SEG-Y...
[12:23:07] [INFO ]   Traces: 734  Samples: 3000  dt: 4.000 ms
[12:23:07] [INFO ]   Depth:  0.0 m → 8997.0 m
[12:23:07] [INFO ]   Matching traces to navigation...
[12:23:07] [INFO ]   NAV line matched via translation: 'f387stk08' -> 'F387-8'
[12:23:07] [INFO ]   Matched 732 / 734 traces
[12:23:07] [INFO ]   Bandpass filtering...
[12:23:07] [INFO ]   Computing seismic attributes...
[12:23:08] [INFO ]   Picking seafloor...
[12:23:08] [INFO ]   Seafloor depth: 4500–4554 m  (0 shallow traces masked)
[12:23:08] [INFO ]   Picking horizons...
[12:23:08] [INFO ]   Computing NCC coherence (slow)...
[12:23:08] [INFO ]   Saving CNN section image...
[12:23:08] [INFO ]   Saved: f387stk08_section_cnn.png  (2700x1500px)
[12:23:08] [INFO ]   Step 1 complete
[12:23:08] [INFO ] 
[12:23:08] [INFO ] STEP 2 — Fault detection
[12:23:08] [INFO ]   Mode: single SA run (seed=12)
[12:23:09] [INFO ]   Detected 0 high-confidence faults
[12:23:09] [INFO ]   Step 2 complete
[12:23:09] [INFO ] 
[12:23:09] [INFO ] STEP 3 — Bounding boxes
[12:23:09] [INFO ]   Generated 0 boxes
[12:23:09] [INFO ]   Step 3 complete
[12:23:09] [INFO ] 
[12:23:09] [INFO ] STEP 4 — Dataset building
[12:23:09] [INFO ]   Saving labeled review image...
[12:23:09] [INFO ]   Saved: f387stk08_labeled.png
[12:23:09] [INFO ]   Split: train
[12:23:09] [INFO ]   Added 0 annotations to train.json
[12:23:09] [INFO ]   train.json: 103 images, 66 annotations
[12:23:09] [INFO ]   val.json:   25 images,  9 annotations
[12:23:09] [INFO ]   Step 4 complete
[12:23:09] [INFO ] 
[12:23:09] [INFO ]   DONE  f387stk08  →  train  |  0 faults  |  0 boxes
[12:23:09] [INFO ] 
[12:23:09] [INFO ] ──────────────────────────────────────────────────
[12:23:09] [INFO ]   LINE: f387stk09
[12:23:09] [INFO ] ──────────────────────────────────────────────────
[12:23:09] [INFO ] Dataset  : namss.F-3-87-AA.mcs.airgun
[12:23:09] [INFO ] SGY      : ../../airgun_data/namss.F-3-87-AA.mcs.airgun/Data/f387stk09.sgy
[12:23:09] [INFO ] NAV      : ../../airgun_data/namss.F-3-87-AA.mcs.airgun/Navigation/f-3-87-aa_NAV-WGS84.csv
[12:23:09] [INFO ] SA mode  : single (seed=12)
[12:23:09] [INFO ] 
[12:23:09] [INFO ] STEP 1 — Feature extraction
[12:23:09] [INFO ]   Loading navigation...
[12:23:09] [INFO ]   Loading SEG-Y...
[12:23:10] [INFO ]   Traces: 7811  Samples: 3000  dt: 4.000 ms
[12:23:10] [INFO ]   Depth:  0.0 m → 8997.0 m
[12:23:10] [INFO ]   Matching traces to navigation...
[12:23:10] [INFO ]   NAV line matched via translation: 'f387stk09' -> 'F387-9'
[12:23:10] [INFO ]   Matched 7810 / 7811 traces
[12:23:10] [INFO ]   Bandpass filtering...
[12:23:11] [INFO ]   Computing seismic attributes...
[12:23:12] [INFO ]   Picking seafloor...
[12:23:12] [INFO ]   Seafloor depth: 2517–5985 m  (0 shallow traces masked)
[12:23:12] [INFO ]   Picking horizons...
[12:23:13] [INFO ]   Computing NCC coherence (slow)...
[12:23:13] [INFO ]   Saving CNN section image...
[12:23:15] [INFO ]   Saved: f387stk09_section_cnn.png  (2700x1500px)
[12:23:15] [INFO ]   Step 1 complete
[12:23:15] [INFO ] 
[12:23:15] [INFO ] STEP 2 — Fault detection
[12:23:15] [INFO ]   Mode: single SA run (seed=12)
[12:23:25] [INFO ]   Detected 0 high-confidence faults
[12:23:25] [INFO ]   Step 2 complete
[12:23:25] [INFO ] 
[12:23:25] [INFO ] STEP 3 — Bounding boxes
[12:23:25] [INFO ]   Generated 0 boxes
[12:23:25] [INFO ]   Step 3 complete
[12:23:25] [INFO ] 
[12:23:25] [INFO ] STEP 4 — Dataset building
[12:23:25] [INFO ]   Saving labeled review image...
[12:23:25] [INFO ]   Saved: f387stk09_labeled.png
[12:23:25] [INFO ]   Split: train
[12:23:25] [INFO ]   Added 0 annotations to train.json
[12:23:25] [INFO ]   train.json: 104 images, 66 annotations
[12:23:25] [INFO ]   val.json:   25 images,  9 annotations
[12:23:25] [INFO ]   Step 4 complete
[12:23:25] [INFO ] 
[12:23:25] [INFO ]   DONE  f387stk09  →  train  |  0 faults  |  0 boxes
[12:23:25] [INFO ] 
[12:23:25] [INFO ] ──────────────────────────────────────────────────
[12:23:25] [INFO ]   LINE: f387stk10
[12:23:25] [INFO ] ──────────────────────────────────────────────────
[12:23:25] [INFO ] Dataset  : namss.F-3-87-AA.mcs.airgun
[12:23:25] [INFO ] SGY      : ../../airgun_data/namss.F-3-87-AA.mcs.airgun/Data/f387stk10.sgy
[12:23:25] [INFO ] NAV      : ../../airgun_data/namss.F-3-87-AA.mcs.airgun/Navigation/f-3-87-aa_NAV-WGS84.csv
[12:23:25] [INFO ] SA mode  : single (seed=12)
[12:23:25] [INFO ] 
[12:23:25] [INFO ] STEP 1 — Feature extraction
[12:23:25] [INFO ]   Loading navigation...
[12:23:25] [INFO ]   Loading SEG-Y...
[12:23:25] [ERROR] SKIPPING f387stk10 (namss.F-3-87-AA.mcs.airgun): 'julday' out of bounds for year 1987: 1986
[12:23:25] [ERROR]   Traceback (most recent call last):
[12:23:25] [ERROR]     File "/Users/lennylukach/Personal/School/CS4100/namss/pipeline/src/pipeline.py", line 848, in <module>
[12:23:25] [ERROR]       process_line(line, sgy_path, nav_path, dataset)
[12:23:25] [ERROR]     File "/Users/lennylukach/Personal/School/CS4100/namss/pipeline/src/pipeline.py", line 405, in process_line
[12:23:25] [ERROR]       st = read(sgy_path)
[12:23:25] [ERROR]     File "/Users/lennylukach/Personal/School/CS4100/namss/venv/lib/python3.10/site-packages/decorator.py", line 235, in fun
[12:23:25] [ERROR]       return caller(func, *(extras + args), **kw)
[12:23:25] [ERROR]     File "/Users/lennylukach/Personal/School/CS4100/namss/venv/lib/python3.10/site-packages/obspy/core/util/decorator.py", line 298, in _map_example_filename
[12:23:25] [ERROR]       return func(*args, **kwargs)
[12:23:25] [ERROR]     File "/Users/lennylukach/Personal/School/CS4100/namss/venv/lib/python3.10/site-packages/obspy/core/stream.py", line 210, in read
[12:23:25] [ERROR]       st = _generic_reader(pathname_or_url, _read, **kwargs)
[12:23:25] [ERROR]     File "/Users/lennylukach/Personal/School/CS4100/namss/venv/lib/python3.10/site-packages/obspy/core/util/base.py", line 822, in _generic_reader
[12:23:25] [ERROR]       generic = callback_func(pathnames[0], **kwargs)
[12:23:25] [ERROR]     File "/Users/lennylukach/Personal/School/CS4100/namss/venv/lib/python3.10/site-packages/decorator.py", line 235, in fun
[12:23:25] [ERROR]       return caller(func, *(extras + args), **kw)
[12:23:25] [ERROR]     File "/Users/lennylukach/Personal/School/CS4100/namss/venv/lib/python3.10/site-packages/obspy/core/util/decorator.py", line 209, in uncompress_file
[12:23:25] [ERROR]       result = func(filename, *args, **kwargs)
[12:23:25] [ERROR]     File "/Users/lennylukach/Personal/School/CS4100/namss/venv/lib/python3.10/site-packages/obspy/core/stream.py", line 255, in _read
[12:23:25] [ERROR]       stream, format = _read_from_plugin('waveform', filename, format=format,
[12:23:25] [ERROR]     File "/Users/lennylukach/Personal/School/CS4100/namss/venv/lib/python3.10/site-packages/obspy/core/util/base.py", line 559, in _read_from_plugin
[12:23:25] [ERROR]       list_obj = read_format(filename, **kwargs)
[12:23:25] [ERROR]     File "/Users/lennylukach/Personal/School/CS4100/namss/venv/lib/python3.10/site-packages/obspy/io/segy/core.py", line 204, in _read_segy
[12:23:25] [ERROR]       stream.append(tr.to_obspy_trace(
[12:23:25] [ERROR]     File "/Users/lennylukach/Personal/School/CS4100/namss/venv/lib/python3.10/site-packages/obspy/io/segy/segy.py", line 775, in to_obspy_trace
[12:23:25] [ERROR]       trace.stats.starttime = UTCDateTime(
[12:23:25] [ERROR]     File "/Users/lennylukach/Personal/School/CS4100/namss/venv/lib/python3.10/site-packages/obspy/core/utcdatetime.py", line 440, in __init__
[12:23:25] [ERROR]       raise ValueError(msg)
[12:23:25] [ERROR]   ValueError: 'julday' out of bounds for year 1987: 1986
[12:23:25] [INFO ] 
[12:23:25] [INFO ] ──────────────────────────────────────────────────
[12:23:25] [INFO ]   LINE: f387stk11
[12:23:25] [INFO ] ──────────────────────────────────────────────────
[12:23:25] [INFO ] Dataset  : namss.F-3-87-AA.mcs.airgun
[12:23:25] [INFO ] SGY      : ../../airgun_data/namss.F-3-87-AA.mcs.airgun/Data/f387stk11.sgy
[12:23:25] [INFO ] NAV      : ../../airgun_data/namss.F-3-87-AA.mcs.airgun/Navigation/f-3-87-aa_NAV-WGS84.csv
[12:23:25] [INFO ] SA mode  : single (seed=12)
[12:23:25] [INFO ] 
[12:23:25] [INFO ] STEP 1 — Feature extraction
[12:23:25] [INFO ]   Loading navigation...
[12:23:25] [INFO ]   Loading SEG-Y...
[12:23:25] [INFO ]   Traces: 3600  Samples: 3000  dt: 4.000 ms
[12:23:25] [INFO ]   Depth:  0.0 m → 8997.0 m
[12:23:25] [INFO ]   Matching traces to navigation...
[12:23:25] [INFO ]   NAV line matched via translation: 'f387stk11' -> 'F387-11'
[12:23:26] [INFO ]   Matched 3599 / 3600 traces
[12:23:26] [INFO ]   Bandpass filtering...
[12:23:26] [INFO ]   Computing seismic attributes...
[12:23:26] [INFO ]   Picking seafloor...
[12:23:27] [INFO ]   Seafloor depth: 1569–4524 m  (0 shallow traces masked)
[12:23:27] [INFO ]   Picking horizons...
[12:23:27] [INFO ]   Computing NCC coherence (slow)...
[12:23:27] [INFO ]   Saving CNN section image...
[12:23:28] [INFO ]   Saved: f387stk11_section_cnn.png  (2700x1500px)
[12:23:28] [INFO ]   Step 1 complete
[12:23:28] [INFO ] 
[12:23:28] [INFO ] STEP 2 — Fault detection
[12:23:28] [INFO ]   Mode: single SA run (seed=12)
[12:23:33] [INFO ]   Detected 1 high-confidence faults
[12:23:33] [INFO ]     Fault  1 | trace ~  623 | prob=0.753
[12:23:33] [INFO ]   Step 2 complete
[12:23:33] [INFO ] 
[12:23:33] [INFO ] STEP 3 — Bounding boxes
[12:23:33] [INFO ]   Box  1 | [396, 619, 145w, 122h px]
[12:23:33] [INFO ]   Generated 1 boxes
[12:23:33] [INFO ]   Step 3 complete
[12:23:33] [INFO ] 
[12:23:33] [INFO ] STEP 4 — Dataset building
[12:23:33] [INFO ]   Saving labeled review image...
[12:23:33] [INFO ]   Saved: f387stk11_labeled.png
[12:23:33] [INFO ]   Split: val
[12:23:33] [INFO ]   Added 1 annotations to val.json
[12:23:33] [INFO ]   train.json: 104 images, 66 annotations
[12:23:33] [INFO ]   val.json:   26 images,  10 annotations
[12:23:33] [INFO ]   Step 4 complete
[12:23:33] [INFO ] 
[12:23:33] [INFO ]   DONE  f387stk11  →  val  |  1 faults  |  1 boxes
[12:23:33] [INFO ] 
[12:23:33] [INFO ] ──────────────────────────────────────────────────
[12:23:33] [INFO ]   LINE: f387stk12
[12:23:33] [INFO ] ──────────────────────────────────────────────────
[12:23:33] [INFO ] Dataset  : namss.F-3-87-AA.mcs.airgun
[12:23:33] [INFO ] SGY      : ../../airgun_data/namss.F-3-87-AA.mcs.airgun/Data/f387stk12.sgy
[12:23:33] [INFO ] NAV      : ../../airgun_data/namss.F-3-87-AA.mcs.airgun/Navigation/f-3-87-aa_NAV-WGS84.csv
[12:23:33] [INFO ] SA mode  : single (seed=12)
[12:23:33] [INFO ] 
[12:23:33] [INFO ] STEP 1 — Feature extraction
[12:23:33] [INFO ]   Loading navigation...
[12:23:33] [INFO ]   Loading SEG-Y...
[12:23:33] [INFO ]   Traces: 267  Samples: 3000  dt: 4.000 ms
[12:23:33] [INFO ]   Depth:  0.0 m → 8997.0 m
[12:23:33] [INFO ]   Matching traces to navigation...
[12:23:33] [INFO ]   NAV line matched via translation: 'f387stk12' -> 'F387-12'
[12:23:33] [INFO ]   Matched 266 / 267 traces
[12:23:33] [INFO ]   Bandpass filtering...
[12:23:33] [INFO ]   Computing seismic attributes...
[12:23:33] [INFO ]   Picking seafloor...
[12:23:33] [INFO ]   Seafloor depth: 3750–3777 m  (0 shallow traces masked)
[12:23:33] [INFO ]   Picking horizons...
[12:23:33] [INFO ]   Computing NCC coherence (slow)...
[12:23:33] [INFO ]   Saving CNN section image...
[12:23:34] [INFO ]   Saved: f387stk12_section_cnn.png  (2700x1500px)
[12:23:34] [INFO ]   Step 1 complete
[12:23:34] [INFO ] 
[12:23:34] [INFO ] STEP 2 — Fault detection
[12:23:34] [INFO ]   Mode: single SA run (seed=12)
[12:23:34] [INFO ]   Detected 1 high-confidence faults
[12:23:34] [INFO ]     Fault  1 | trace ~  189 | prob=0.753
[12:23:34] [INFO ]   Step 2 complete
[12:23:34] [INFO ] 
[12:23:34] [INFO ] STEP 3 — Bounding boxes
[12:23:34] [INFO ]   Box  1 | [958, 617, 1742w, 122h px]
[12:23:34] [INFO ]   Generated 1 boxes
[12:23:34] [INFO ]   Step 3 complete
[12:23:34] [INFO ] 
[12:23:34] [INFO ] STEP 4 — Dataset building
[12:23:34] [INFO ]   Saving labeled review image...
[12:23:34] [INFO ]   Saved: f387stk12_labeled.png
[12:23:34] [INFO ]   Split: train
[12:23:34] [INFO ]   Added 1 annotations to train.json
[12:23:34] [INFO ]   train.json: 105 images, 67 annotations
[12:23:34] [INFO ]   val.json:   26 images,  10 annotations
[12:23:34] [INFO ]   Step 4 complete
[12:23:34] [INFO ] 
[12:23:34] [INFO ]   DONE  f387stk12  →  train  |  1 faults  |  1 boxes
[12:23:34] [INFO ] 
[12:23:34] [INFO ] ──────────────────────────────────────────────────
[12:23:34] [INFO ]   LINE: f387stk13
[12:23:34] [INFO ] ──────────────────────────────────────────────────
[12:23:34] [INFO ] Dataset  : namss.F-3-87-AA.mcs.airgun
[12:23:34] [INFO ] SGY      : ../../airgun_data/namss.F-3-87-AA.mcs.airgun/Data/f387stk13.sgy
[12:23:34] [INFO ] NAV      : ../../airgun_data/namss.F-3-87-AA.mcs.airgun/Navigation/f-3-87-aa_NAV-WGS84.csv
[12:23:34] [INFO ] SA mode  : single (seed=12)
[12:23:34] [INFO ] 
[12:23:34] [INFO ] STEP 1 — Feature extraction
[12:23:34] [INFO ]   Loading navigation...
[12:23:34] [INFO ]   Loading SEG-Y...
[12:23:34] [INFO ]   Traces: 2848  Samples: 3000  dt: 4.000 ms
[12:23:34] [INFO ]   Depth:  0.0 m → 8997.0 m
[12:23:34] [INFO ]   Matching traces to navigation...
[12:23:34] [INFO ]   NAV line matched via translation: 'f387stk13' -> 'F387-13'
[12:23:35] [INFO ]   Matched 2846 / 2848 traces
[12:23:35] [INFO ]   Bandpass filtering...
[12:23:35] [INFO ]   Computing seismic attributes...
[12:23:35] [INFO ]   Picking seafloor...
[12:23:35] [INFO ]   Seafloor depth: 3045–4524 m  (0 shallow traces masked)
[12:23:35] [INFO ]   Picking horizons...
[12:23:35] [INFO ]   Computing NCC coherence (slow)...
[12:23:36] [INFO ]   Saving CNN section image...
[12:23:36] [INFO ]   Saved: f387stk13_section_cnn.png  (2700x1500px)
[12:23:36] [INFO ]   Step 1 complete
[12:23:36] [INFO ] 
[12:23:36] [INFO ] STEP 2 — Fault detection
[12:23:36] [INFO ]   Mode: single SA run (seed=12)
[12:23:50] [INFO ]   Detected 0 high-confidence faults
[12:23:50] [INFO ]   Step 2 complete
[12:23:50] [INFO ] 
[12:23:50] [INFO ] STEP 3 — Bounding boxes
[12:23:50] [INFO ]   Generated 0 boxes
[12:23:50] [INFO ]   Step 3 complete
[12:23:50] [INFO ] 
[12:23:50] [INFO ] STEP 4 — Dataset building
[12:23:50] [INFO ]   Saving labeled review image...
[12:23:50] [INFO ]   Saved: f387stk13_labeled.png
[12:23:50] [INFO ]   Split: train
[12:23:50] [INFO ]   Added 0 annotations to train.json
[12:23:50] [INFO ]   train.json: 106 images, 67 annotations
[12:23:50] [INFO ]   val.json:   26 images,  10 annotations
[12:23:50] [INFO ]   Step 4 complete
[12:23:50] [INFO ] 
[12:23:50] [INFO ]   DONE  f387stk13  →  train  |  0 faults  |  0 boxes
[12:23:50] [INFO ] 
[12:23:50] [INFO ] ──────────────────────────────────────────────────
[12:23:50] [INFO ]   LINE: f387stk14
[12:23:50] [INFO ] ──────────────────────────────────────────────────
[12:23:50] [INFO ] Dataset  : namss.F-3-87-AA.mcs.airgun
[12:23:50] [INFO ] SGY      : ../../airgun_data/namss.F-3-87-AA.mcs.airgun/Data/f387stk14.sgy
[12:23:50] [INFO ] NAV      : ../../airgun_data/namss.F-3-87-AA.mcs.airgun/Navigation/f-3-87-aa_NAV-WGS84.csv
[12:23:50] [INFO ] SA mode  : single (seed=12)
[12:23:50] [INFO ] 
[12:23:50] [INFO ] STEP 1 — Feature extraction
[12:23:50] [INFO ]   Loading navigation...
[12:23:50] [INFO ]   Loading SEG-Y...
[12:23:50] [INFO ]   Traces: 404  Samples: 3000  dt: 4.000 ms
[12:23:50] [INFO ]   Depth:  0.0 m → 8997.0 m
[12:23:50] [INFO ]   Matching traces to navigation...
[12:23:50] [INFO ]   NAV line matched via translation: 'f387stk14' -> 'F387-14'
[12:23:50] [INFO ]   Matched 403 / 404 traces
[12:23:50] [INFO ]   Bandpass filtering...
[12:23:50] [INFO ]   Computing seismic attributes...
[12:23:50] [INFO ]   Picking seafloor...
[12:23:50] [INFO ]   Seafloor depth: 4626–4884 m  (0 shallow traces masked)
[12:23:50] [INFO ]   Picking horizons...
[12:23:50] [INFO ]   Computing NCC coherence (slow)...
[12:23:50] [INFO ]   Saving CNN section image...
[12:23:51] [INFO ]   Saved: f387stk14_section_cnn.png  (2700x1500px)
[12:23:51] [INFO ]   Step 1 complete
[12:23:51] [INFO ] 
[12:23:51] [INFO ] STEP 2 — Fault detection
[12:23:51] [INFO ]   Mode: single SA run (seed=12)
[12:23:51] [INFO ]   Detected 0 high-confidence faults
[12:23:51] [INFO ]   Step 2 complete
[12:23:51] [INFO ] 
[12:23:51] [INFO ] STEP 3 — Bounding boxes
[12:23:51] [INFO ]   Generated 0 boxes
[12:23:51] [INFO ]   Step 3 complete
[12:23:51] [INFO ] 
[12:23:51] [INFO ] STEP 4 — Dataset building
[12:23:51] [INFO ]   Saving labeled review image...
[12:23:51] [INFO ]   Saved: f387stk14_labeled.png
[12:23:51] [INFO ]   Split: train
[12:23:51] [INFO ]   Added 0 annotations to train.json
[12:23:51] [INFO ]   train.json: 107 images, 67 annotations
[12:23:51] [INFO ]   val.json:   26 images,  10 annotations
[12:23:51] [INFO ]   Step 4 complete
[12:23:51] [INFO ] 
[12:23:51] [INFO ]   DONE  f387stk14  →  train  |  0 faults  |  0 boxes
[12:23:51] [INFO ] 
[12:23:51] [INFO ] ──────────────────────────────────────────────────
[12:23:51] [INFO ]   LINE: f387stk15
[12:23:51] [INFO ] ──────────────────────────────────────────────────
[12:23:51] [INFO ] Dataset  : namss.F-3-87-AA.mcs.airgun
[12:23:51] [INFO ] SGY      : ../../airgun_data/namss.F-3-87-AA.mcs.airgun/Data/f387stk15.sgy
[12:23:51] [INFO ] NAV      : ../../airgun_data/namss.F-3-87-AA.mcs.airgun/Navigation/f-3-87-aa_NAV-WGS84.csv
[12:23:51] [INFO ] SA mode  : single (seed=12)
[12:23:51] [INFO ] 
[12:23:51] [INFO ] STEP 1 — Feature extraction
[12:23:51] [INFO ]   Loading navigation...
[12:23:51] [INFO ]   Loading SEG-Y...
[12:23:52] [INFO ]   Traces: 5240  Samples: 3000  dt: 4.000 ms
[12:23:52] [INFO ]   Depth:  0.0 m → 8997.0 m
[12:23:52] [INFO ]   Matching traces to navigation...
[12:23:52] [INFO ]   NAV line matched via translation: 'f387stk15' -> 'F387-15'
[12:23:52] [INFO ]   Matched 5239 / 5240 traces
[12:23:52] [INFO ]   Bandpass filtering...
[12:23:52] [INFO ]   Computing seismic attributes...
[12:23:53] [INFO ]   Picking seafloor...
[12:23:53] [INFO ]   Seafloor depth: 3555–5808 m  (0 shallow traces masked)
[12:23:53] [INFO ]   Picking horizons...
[12:23:54] [INFO ]   Computing NCC coherence (slow)...
[12:23:54] [INFO ]   Saving CNN section image...
[12:23:55] [INFO ]   Saved: f387stk15_section_cnn.png  (2700x1500px)
[12:23:55] [INFO ]   Step 1 complete
[12:23:55] [INFO ] 
[12:23:55] [INFO ] STEP 2 — Fault detection
[12:23:55] [INFO ]   Mode: single SA run (seed=12)
[12:24:01] [INFO ]   Detected 0 high-confidence faults
[12:24:01] [INFO ]   Step 2 complete
[12:24:01] [INFO ] 
[12:24:01] [INFO ] STEP 3 — Bounding boxes
[12:24:01] [INFO ]   Generated 0 boxes
[12:24:01] [INFO ]   Step 3 complete
[12:24:01] [INFO ] 
[12:24:01] [INFO ] STEP 4 — Dataset building
[12:24:01] [INFO ]   Saving labeled review image...
[12:24:01] [INFO ]   Saved: f387stk15_labeled.png
[12:24:01] [INFO ]   Split: train
[12:24:01] [INFO ]   Added 0 annotations to train.json
[12:24:01] [INFO ]   train.json: 108 images, 67 annotations
[12:24:01] [INFO ]   val.json:   26 images,  10 annotations
[12:24:01] [INFO ]   Step 4 complete
[12:24:01] [INFO ] 
[12:24:01] [INFO ]   DONE  f387stk15  →  train  |  0 faults  |  0 boxes
[12:24:01] [INFO ] 
[12:24:01] [INFO ] ──────────────────────────────────────────────────
[12:24:01] [INFO ]   LINE: f387stk16
[12:24:01] [INFO ] ──────────────────────────────────────────────────
[12:24:01] [INFO ] Dataset  : namss.F-3-87-AA.mcs.airgun
[12:24:01] [INFO ] SGY      : ../../airgun_data/namss.F-3-87-AA.mcs.airgun/Data/f387stk16.sgy
[12:24:01] [INFO ] NAV      : ../../airgun_data/namss.F-3-87-AA.mcs.airgun/Navigation/f-3-87-aa_NAV-WGS84.csv
[12:24:01] [INFO ] SA mode  : single (seed=12)
[12:24:01] [INFO ] 
[12:24:01] [INFO ] STEP 1 — Feature extraction
[12:24:01] [INFO ]   Loading navigation...
[12:24:02] [INFO ]   Loading SEG-Y...
[12:24:02] [INFO ]   Traces: 409  Samples: 3000  dt: 4.000 ms
[12:24:02] [INFO ]   Depth:  0.0 m → 8997.0 m
[12:24:02] [INFO ]   Matching traces to navigation...
[12:24:02] [INFO ]   NAV line matched via translation: 'f387stk16' -> 'F387-16'
[12:24:02] [INFO ]   Matched 408 / 409 traces
[12:24:02] [INFO ]   Bandpass filtering...
[12:24:02] [INFO ]   Computing seismic attributes...
[12:24:02] [INFO ]   Picking seafloor...
[12:24:02] [INFO ]   Seafloor depth: 4782–5331 m  (0 shallow traces masked)
[12:24:02] [INFO ]   Picking horizons...
[12:24:02] [INFO ]   Computing NCC coherence (slow)...
[12:24:02] [INFO ]   Saving CNN section image...
[12:24:02] [INFO ]   Saved: f387stk16_section_cnn.png  (2700x1500px)
[12:24:02] [INFO ]   Step 1 complete
[12:24:02] [INFO ] 
[12:24:02] [INFO ] STEP 2 — Fault detection
[12:24:02] [INFO ]   Mode: single SA run (seed=12)
[12:24:02] [INFO ]   Detected 0 high-confidence faults
[12:24:02] [INFO ]   Step 2 complete
[12:24:02] [INFO ] 
[12:24:02] [INFO ] STEP 3 — Bounding boxes
[12:24:02] [INFO ]   Generated 0 boxes
[12:24:02] [INFO ]   Step 3 complete
[12:24:02] [INFO ] 
[12:24:02] [INFO ] STEP 4 — Dataset building
[12:24:02] [INFO ]   Saving labeled review image...
[12:24:03] [INFO ]   Saved: f387stk16_labeled.png
[12:24:03] [INFO ]   Split: val
[12:24:03] [INFO ]   Added 0 annotations to val.json
[12:24:03] [INFO ]   train.json: 108 images, 67 annotations
[12:24:03] [INFO ]   val.json:   27 images,  10 annotations
[12:24:03] [INFO ]   Step 4 complete
[12:24:03] [INFO ] 
[12:24:03] [INFO ]   DONE  f387stk16  →  val  |  0 faults  |  0 boxes
[12:24:03] [INFO ] 
[12:24:03] [INFO ] ──────────────────────────────────────────────────
[12:24:03] [INFO ]   LINE: f387stk17
[12:24:03] [INFO ] ──────────────────────────────────────────────────
[12:24:03] [INFO ] Dataset  : namss.F-3-87-AA.mcs.airgun
[12:24:03] [INFO ] SGY      : ../../airgun_data/namss.F-3-87-AA.mcs.airgun/Data/f387stk17.sgy
[12:24:03] [INFO ] NAV      : ../../airgun_data/namss.F-3-87-AA.mcs.airgun/Navigation/f-3-87-aa_NAV-WGS84.csv
[12:24:03] [INFO ] SA mode  : single (seed=12)
[12:24:03] [INFO ] 
[12:24:03] [INFO ] STEP 1 — Feature extraction
[12:24:03] [INFO ]   Loading navigation...
[12:24:03] [INFO ]   Loading SEG-Y...
[12:24:03] [INFO ]   Traces: 4669  Samples: 3000  dt: 4.000 ms
[12:24:03] [INFO ]   Depth:  0.0 m → 8997.0 m
[12:24:03] [INFO ]   Matching traces to navigation...
[12:24:03] [INFO ]   NAV line matched via translation: 'f387stk17' -> 'F387-17'
[12:24:03] [INFO ]   Matched 4668 / 4669 traces
[12:24:03] [INFO ]   Bandpass filtering...
[12:24:03] [INFO ]   Computing seismic attributes...
[12:24:04] [INFO ]   Picking seafloor...
[12:24:04] [INFO ]   Seafloor depth: 4266–5430 m  (0 shallow traces masked)
[12:24:04] [INFO ]   Picking horizons...
[12:24:05] [INFO ]   Computing NCC coherence (slow)...
[12:24:05] [INFO ]   Saving CNN section image...
[12:24:07] [INFO ]   Saved: f387stk17_section_cnn.png  (2700x1500px)
[12:24:07] [INFO ]   Step 1 complete
[12:24:07] [INFO ] 
[12:24:07] [INFO ] STEP 2 — Fault detection
[12:24:07] [INFO ]   Mode: single SA run (seed=12)
[12:24:13] [INFO ]   Detected 1 high-confidence faults
[12:24:13] [INFO ]     Fault  1 | trace ~  882 | prob=0.756
[12:24:13] [INFO ]   Step 2 complete
[12:24:13] [INFO ] 
[12:24:13] [INFO ] STEP 3 — Bounding boxes
[12:24:13] [INFO ]   Box  1 | [434, 793, 155w, 122h px]
[12:24:13] [INFO ]   Generated 1 boxes
[12:24:13] [INFO ]   Step 3 complete
[12:24:13] [INFO ] 
[12:24:13] [INFO ] STEP 4 — Dataset building
[12:24:13] [INFO ]   Saving labeled review image...
[12:24:13] [INFO ]   Saved: f387stk17_labeled.png
[12:24:13] [INFO ]   Split: train
[12:24:13] [INFO ]   Added 1 annotations to train.json
[12:24:13] [INFO ]   train.json: 109 images, 68 annotations
[12:24:13] [INFO ]   val.json:   27 images,  10 annotations
[12:24:13] [INFO ]   Step 4 complete
[12:24:13] [INFO ] 
[12:24:13] [INFO ]   DONE  f387stk17  →  train  |  1 faults  |  1 boxes
[12:24:13] [INFO ] 
[12:24:13] [INFO ] ──────────────────────────────────────────────────
[12:24:13] [INFO ]   LINE: f387stk18
[12:24:13] [INFO ] ──────────────────────────────────────────────────
[12:24:13] [INFO ] Dataset  : namss.F-3-87-AA.mcs.airgun
[12:24:13] [INFO ] SGY      : ../../airgun_data/namss.F-3-87-AA.mcs.airgun/Data/f387stk18.sgy
[12:24:13] [INFO ] NAV      : ../../airgun_data/namss.F-3-87-AA.mcs.airgun/Navigation/f-3-87-aa_NAV-WGS84.csv
[12:24:13] [INFO ] SA mode  : single (seed=12)
[12:24:13] [INFO ] 
[12:24:13] [INFO ] STEP 1 — Feature extraction
[12:24:13] [INFO ]   Loading navigation...
[12:24:13] [INFO ]   Loading SEG-Y...
[12:24:13] [INFO ]   Traces: 430  Samples: 3000  dt: 4.000 ms
[12:24:13] [INFO ]   Depth:  0.0 m → 8997.0 m
[12:24:13] [INFO ]   Matching traces to navigation...
[12:24:13] [INFO ]   NAV line matched via translation: 'f387stk18' -> 'F387-18'
[12:24:13] [INFO ]   Matched 429 / 430 traces
[12:24:13] [INFO ]   Bandpass filtering...
[12:24:13] [INFO ]   Computing seismic attributes...
[12:24:13] [INFO ]   Picking seafloor...
[12:24:13] [INFO ]   Seafloor depth: 4689–5604 m  (0 shallow traces masked)
[12:24:13] [INFO ]   Picking horizons...
[12:24:13] [INFO ]   Computing NCC coherence (slow)...
[12:24:13] [INFO ]   Saving CNN section image...
[12:24:13] [INFO ]   Saved: f387stk18_section_cnn.png  (2700x1500px)
[12:24:13] [INFO ]   Step 1 complete
[12:24:13] [INFO ] 
[12:24:13] [INFO ] STEP 2 — Fault detection
[12:24:13] [INFO ]   Mode: single SA run (seed=12)
[12:24:14] [INFO ]   Detected 0 high-confidence faults
[12:24:14] [INFO ]   Step 2 complete
[12:24:14] [INFO ] 
[12:24:14] [INFO ] STEP 3 — Bounding boxes
[12:24:14] [INFO ]   Generated 0 boxes
[12:24:14] [INFO ]   Step 3 complete
[12:24:14] [INFO ] 
[12:24:14] [INFO ] STEP 4 — Dataset building
[12:24:14] [INFO ]   Saving labeled review image...
[12:24:14] [INFO ]   Saved: f387stk18_labeled.png
[12:24:14] [INFO ]   Split: train
[12:24:14] [INFO ]   Added 0 annotations to train.json
[12:24:14] [INFO ]   train.json: 110 images, 68 annotations
[12:24:14] [INFO ]   val.json:   27 images,  10 annotations
[12:24:14] [INFO ]   Step 4 complete
[12:24:14] [INFO ] 
[12:24:14] [INFO ]   DONE  f387stk18  →  train  |  0 faults  |  0 boxes
[12:24:14] [INFO ] 
[12:24:14] [INFO ] ──────────────────────────────────────────────────
[12:24:14] [INFO ]   LINE: f387stk19
[12:24:14] [INFO ] ──────────────────────────────────────────────────
[12:24:14] [INFO ] Dataset  : namss.F-3-87-AA.mcs.airgun
[12:24:14] [INFO ] SGY      : ../../airgun_data/namss.F-3-87-AA.mcs.airgun/Data/f387stk19.sgy
[12:24:14] [INFO ] NAV      : ../../airgun_data/namss.F-3-87-AA.mcs.airgun/Navigation/f-3-87-aa_NAV-WGS84.csv
[12:24:14] [INFO ] SA mode  : single (seed=12)
[12:24:14] [INFO ] 
[12:24:14] [INFO ] STEP 1 — Feature extraction
[12:24:14] [INFO ]   Loading navigation...
[12:24:14] [INFO ]   Loading SEG-Y...
[12:24:14] [INFO ]   Traces: 4431  Samples: 3000  dt: 4.000 ms
[12:24:14] [INFO ]   Depth:  0.0 m → 8997.0 m
[12:24:14] [INFO ]   Matching traces to navigation...
[12:24:14] [INFO ]   NAV line matched via translation: 'f387stk19' -> 'F387-19'
[12:24:15] [INFO ]   Matched 4430 / 4431 traces
[12:24:15] [INFO ]   Bandpass filtering...
[12:24:15] [INFO ]   Computing seismic attributes...
[12:24:16] [INFO ]   Picking seafloor...
[12:24:16] [INFO ]   Seafloor depth: 3675–5667 m  (0 shallow traces masked)
[12:24:16] [INFO ]   Picking horizons...
[12:24:16] [INFO ]   Computing NCC coherence (slow)...
[12:24:16] [INFO ]   Saving CNN section image...
[12:24:18] [INFO ]   Saved: f387stk19_section_cnn.png  (2700x1500px)
[12:24:18] [INFO ]   Step 1 complete
[12:24:18] [INFO ] 
[12:24:18] [INFO ] STEP 2 — Fault detection
[12:24:18] [INFO ]   Mode: single SA run (seed=12)
[12:24:23] [INFO ]   Detected 2 high-confidence faults
[12:24:23] [INFO ]     Fault  1 | trace ~ 2583 | prob=0.750
[12:24:23] [INFO ]     Fault  2 | trace ~ 3361 | prob=0.760
[12:24:23] [INFO ]   Step 2 complete
[12:24:23] [INFO ] 
[12:24:23] [INFO ] STEP 3 — Bounding boxes
[12:24:23] [INFO ]   Box  1 | [1517, 767, 109w, 117h px]
[12:24:23] [INFO ]   Box  2 | [1996, 780, 108w, 122h px]
[12:24:23] [INFO ]   Generated 2 boxes
[12:24:23] [INFO ]   Step 3 complete
[12:24:23] [INFO ] 
[12:24:23] [INFO ] STEP 4 — Dataset building
[12:24:23] [INFO ]   Saving labeled review image...
[12:24:23] [INFO ]   Saved: f387stk19_labeled.png
[12:24:23] [INFO ]   Split: train
[12:24:23] [INFO ]   Added 2 annotations to train.json
[12:24:23] [INFO ]   train.json: 111 images, 70 annotations
[12:24:23] [INFO ]   val.json:   27 images,  10 annotations
[12:24:23] [INFO ]   Step 4 complete
[12:24:23] [INFO ] 
[12:24:23] [INFO ]   DONE  f387stk19  →  train  |  2 faults  |  2 boxes
[12:24:23] [INFO ] 
[12:24:23] [INFO ] ──────────────────────────────────────────────────
[12:24:23] [INFO ]   LINE: f387stk20
[12:24:23] [INFO ] ──────────────────────────────────────────────────
[12:24:23] [INFO ] Dataset  : namss.F-3-87-AA.mcs.airgun
[12:24:23] [INFO ] SGY      : ../../airgun_data/namss.F-3-87-AA.mcs.airgun/Data/f387stk20.sgy
[12:24:23] [INFO ] NAV      : ../../airgun_data/namss.F-3-87-AA.mcs.airgun/Navigation/f-3-87-aa_NAV-WGS84.csv
[12:24:23] [INFO ] SA mode  : single (seed=12)
[12:24:23] [INFO ] 
[12:24:23] [INFO ] STEP 1 — Feature extraction
[12:24:23] [INFO ]   Loading navigation...
[12:24:23] [INFO ]   Loading SEG-Y...
[12:24:23] [INFO ]   Traces: 518  Samples: 3000  dt: 4.000 ms
[12:24:23] [INFO ]   Depth:  0.0 m → 8997.0 m
[12:24:23] [INFO ]   Matching traces to navigation...
[12:24:23] [INFO ]   NAV line matched via translation: 'f387stk20' -> 'F387-20'
[12:24:23] [INFO ]   Matched 517 / 518 traces
[12:24:23] [INFO ]   Bandpass filtering...
[12:24:23] [INFO ]   Computing seismic attributes...
[12:24:24] [INFO ]   Picking seafloor...
[12:24:24] [INFO ]   Seafloor depth: 4314–4857 m  (0 shallow traces masked)
[12:24:24] [INFO ]   Picking horizons...
[12:24:24] [INFO ]   Computing NCC coherence (slow)...
[12:24:24] [INFO ]   Saving CNN section image...
[12:24:24] [INFO ]   Saved: f387stk20_section_cnn.png  (2700x1500px)
[12:24:24] [INFO ]   Step 1 complete
[12:24:24] [INFO ] 
[12:24:24] [INFO ] STEP 2 — Fault detection
[12:24:24] [INFO ]   Mode: single SA run (seed=12)
[12:24:25] [INFO ]   Detected 0 high-confidence faults
[12:24:25] [INFO ]   Step 2 complete
[12:24:25] [INFO ] 
[12:24:25] [INFO ] STEP 3 — Bounding boxes
[12:24:25] [INFO ]   Generated 0 boxes
[12:24:25] [INFO ]   Step 3 complete
[12:24:25] [INFO ] 
[12:24:25] [INFO ] STEP 4 — Dataset building
[12:24:25] [INFO ]   Saving labeled review image...
[12:24:25] [INFO ]   Saved: f387stk20_labeled.png
[12:24:25] [INFO ]   Split: train
[12:24:25] [INFO ]   Added 0 annotations to train.json
[12:24:25] [INFO ]   train.json: 112 images, 70 annotations
[12:24:25] [INFO ]   val.json:   27 images,  10 annotations
[12:24:25] [INFO ]   Step 4 complete
[12:24:25] [INFO ] 
[12:24:25] [INFO ]   DONE  f387stk20  →  train  |  0 faults  |  0 boxes
[12:24:25] [INFO ] 
[12:24:25] [INFO ] ──────────────────────────────────────────────────
[12:24:25] [INFO ]   LINE: f387stk21
[12:24:25] [INFO ] ──────────────────────────────────────────────────
[12:24:25] [INFO ] Dataset  : namss.F-3-87-AA.mcs.airgun
[12:24:25] [INFO ] SGY      : ../../airgun_data/namss.F-3-87-AA.mcs.airgun/Data/f387stk21.sgy
[12:24:25] [INFO ] NAV      : ../../airgun_data/namss.F-3-87-AA.mcs.airgun/Navigation/f-3-87-aa_NAV-WGS84.csv
[12:24:25] [INFO ] SA mode  : single (seed=12)
[12:24:25] [INFO ] 
[12:24:25] [INFO ] STEP 1 — Feature extraction
[12:24:25] [INFO ]   Loading navigation...
[12:24:25] [INFO ]   Loading SEG-Y...
[12:24:25] [INFO ]   Traces: 4409  Samples: 3000  dt: 4.000 ms
[12:24:25] [INFO ]   Depth:  0.0 m → 8997.0 m
[12:24:25] [INFO ]   Matching traces to navigation...
[12:24:25] [INFO ]   NAV line matched via translation: 'f387stk21' -> 'F387-21'
[12:24:25] [INFO ]   Matched 4342 / 4409 traces
[12:24:25] [INFO ]   Bandpass filtering...
[12:24:26] [INFO ]   Computing seismic attributes...
[12:24:26] [INFO ]   Picking seafloor...
[12:24:26] [INFO ]   Seafloor depth: 4359–6915 m  (0 shallow traces masked)
[12:24:26] [INFO ]   Picking horizons...
[12:24:27] [INFO ]   Computing NCC coherence (slow)...
[12:24:27] [INFO ]   Saving CNN section image...
[12:24:28] [INFO ]   Saved: f387stk21_section_cnn.png  (2700x1500px)
[12:24:28] [INFO ]   Step 1 complete
[12:24:28] [INFO ] 
[12:24:28] [INFO ] STEP 2 — Fault detection
[12:24:28] [INFO ]   Mode: single SA run (seed=12)
[12:24:34] [INFO ]   Detected 1 high-confidence faults
[12:24:34] [INFO ]     Fault  1 | trace ~ 3445 | prob=0.751
[12:24:34] [INFO ]   Step 2 complete
[12:24:34] [INFO ] 
[12:24:34] [INFO ] STEP 3 — Bounding boxes
[12:24:34] [INFO ]   Box  1 | [2089, 1128, 103w, 114h px]
[12:24:34] [INFO ]   Generated 1 boxes
[12:24:34] [INFO ]   Step 3 complete
[12:24:34] [INFO ] 
[12:24:34] [INFO ] STEP 4 — Dataset building
[12:24:34] [INFO ]   Saving labeled review image...
[12:24:34] [INFO ]   Saved: f387stk21_labeled.png
[12:24:34] [INFO ]   Split: val
[12:24:34] [INFO ]   Added 1 annotations to val.json
[12:24:34] [INFO ]   train.json: 112 images, 70 annotations
[12:24:34] [INFO ]   val.json:   28 images,  11 annotations
[12:24:34] [INFO ]   Step 4 complete
[12:24:34] [INFO ] 
[12:24:34] [INFO ]   DONE  f387stk21  →  val  |  1 faults  |  1 boxes
[12:24:34] [INFO ] 
[12:24:34] [INFO ] ──────────────────────────────────────────────────
[12:24:34] [INFO ]   LINE: f387stk22
[12:24:34] [INFO ] ──────────────────────────────────────────────────
[12:24:34] [INFO ] Dataset  : namss.F-3-87-AA.mcs.airgun
[12:24:34] [INFO ] SGY      : ../../airgun_data/namss.F-3-87-AA.mcs.airgun/Data/f387stk22.sgy
[12:24:34] [INFO ] NAV      : ../../airgun_data/namss.F-3-87-AA.mcs.airgun/Navigation/f-3-87-aa_NAV-WGS84.csv
[12:24:34] [INFO ] SA mode  : single (seed=12)
[12:24:34] [INFO ] 
[12:24:34] [INFO ] STEP 1 — Feature extraction
[12:24:34] [INFO ]   Loading navigation...
[12:24:34] [INFO ]   Loading SEG-Y...
[12:24:34] [INFO ]   Traces: 451  Samples: 3000  dt: 4.000 ms
[12:24:34] [INFO ]   Depth:  0.0 m → 8997.0 m
[12:24:34] [INFO ]   Matching traces to navigation...
[12:24:34] [INFO ]   NAV line matched via translation: 'f387stk22' -> 'F387-22'
[12:24:34] [INFO ]   Matched 450 / 451 traces
[12:24:34] [INFO ]   Bandpass filtering...
[12:24:34] [INFO ]   Computing seismic attributes...
[12:24:34] [INFO ]   Picking seafloor...
[12:24:34] [INFO ]   Seafloor depth: 5208–7197 m  (0 shallow traces masked)
[12:24:34] [INFO ]   Picking horizons...
[12:24:34] [INFO ]   Computing NCC coherence (slow)...
[12:24:34] [INFO ]   Saving CNN section image...
[12:24:34] [INFO ]   Saved: f387stk22_section_cnn.png  (2700x1500px)
[12:24:34] [INFO ]   Step 1 complete
[12:24:34] [INFO ] 
[12:24:34] [INFO ] STEP 2 — Fault detection
[12:24:34] [INFO ]   Mode: single SA run (seed=12)
[12:24:35] [INFO ]   Detected 0 high-confidence faults
[12:24:35] [INFO ]   Step 2 complete
[12:24:35] [INFO ] 
[12:24:35] [INFO ] STEP 3 — Bounding boxes
[12:24:35] [INFO ]   Generated 0 boxes
[12:24:35] [INFO ]   Step 3 complete
[12:24:35] [INFO ] 
[12:24:35] [INFO ] STEP 4 — Dataset building
[12:24:35] [INFO ]   Saving labeled review image...
[12:24:35] [INFO ]   Saved: f387stk22_labeled.png
[12:24:35] [INFO ]   Split: train
[12:24:35] [INFO ]   Added 0 annotations to train.json
[12:24:35] [INFO ]   train.json: 113 images, 70 annotations
[12:24:35] [INFO ]   val.json:   28 images,  11 annotations
[12:24:35] [INFO ]   Step 4 complete
[12:24:35] [INFO ] 
[12:24:35] [INFO ]   DONE  f387stk22  →  train  |  0 faults  |  0 boxes
[12:24:35] [INFO ] 
[12:24:35] [INFO ] ──────────────────────────────────────────────────
[12:24:35] [INFO ]   LINE: f387stk23
[12:24:35] [INFO ] ──────────────────────────────────────────────────
[12:24:35] [INFO ] Dataset  : namss.F-3-87-AA.mcs.airgun
[12:24:35] [INFO ] SGY      : ../../airgun_data/namss.F-3-87-AA.mcs.airgun/Data/f387stk23.sgy
[12:24:35] [INFO ] NAV      : ../../airgun_data/namss.F-3-87-AA.mcs.airgun/Navigation/f-3-87-aa_NAV-WGS84.csv
[12:24:35] [INFO ] SA mode  : single (seed=12)
[12:24:35] [INFO ] 
[12:24:35] [INFO ] STEP 1 — Feature extraction
[12:24:35] [INFO ]   Loading navigation...
[12:24:35] [INFO ]   Loading SEG-Y...
[12:24:35] [INFO ]   Traces: 4048  Samples: 3000  dt: 4.000 ms
[12:24:35] [INFO ]   Depth:  0.0 m → 8997.0 m
[12:24:35] [INFO ]   Matching traces to navigation...
[12:24:35] [INFO ]   NAV line matched via translation: 'f387stk23' -> 'F387-23'
[12:24:36] [INFO ]   Matched 4047 / 4048 traces
[12:24:36] [INFO ]   Bandpass filtering...
[12:24:42] [INFO ]   Computing seismic attributes...
[12:24:42] [INFO ]   Picking seafloor...
[12:24:43] [INFO ]   Seafloor depth: 4350–6894 m  (0 shallow traces masked)
[12:24:43] [INFO ]   Picking horizons...
[12:24:43] [INFO ]   Computing NCC coherence (slow)...
[12:24:43] [INFO ]   Saving CNN section image...
[12:24:44] [INFO ]   Saved: f387stk23_section_cnn.png  (2700x1500px)
[12:24:44] [INFO ]   Step 1 complete
[12:24:44] [INFO ] 
[12:24:44] [INFO ] STEP 2 — Fault detection
[12:24:44] [INFO ]   Mode: single SA run (seed=12)
[12:24:49] [INFO ]   Detected 0 high-confidence faults
[12:24:49] [INFO ]   Step 2 complete
[12:24:49] [INFO ] 
[12:24:49] [INFO ] STEP 3 — Bounding boxes
[12:24:49] [INFO ]   Generated 0 boxes
[12:24:49] [INFO ]   Step 3 complete
[12:24:49] [INFO ] 
[12:24:49] [INFO ] STEP 4 — Dataset building
[12:24:49] [INFO ]   Saving labeled review image...
[12:24:49] [INFO ]   Saved: f387stk23_labeled.png
[12:24:49] [INFO ]   Split: train
[12:24:49] [INFO ]   Added 0 annotations to train.json
[12:24:49] [INFO ]   train.json: 114 images, 70 annotations
[12:24:49] [INFO ]   val.json:   28 images,  11 annotations
[12:24:49] [INFO ]   Step 4 complete
[12:24:49] [INFO ] 
[12:24:49] [INFO ]   DONE  f387stk23  →  train  |  0 faults  |  0 boxes
[12:24:49] [INFO ] 
[12:24:49] [INFO ] ──────────────────────────────────────────────────
[12:24:49] [INFO ]   LINE: f387stk24
[12:24:49] [INFO ] ──────────────────────────────────────────────────
[12:24:49] [INFO ] Dataset  : namss.F-3-87-AA.mcs.airgun
[12:24:49] [INFO ] SGY      : ../../airgun_data/namss.F-3-87-AA.mcs.airgun/Data/f387stk24.sgy
[12:24:49] [INFO ] NAV      : ../../airgun_data/namss.F-3-87-AA.mcs.airgun/Navigation/f-3-87-aa_NAV-WGS84.csv
[12:24:49] [INFO ] SA mode  : single (seed=12)
[12:24:49] [INFO ] 
[12:24:49] [INFO ] STEP 1 — Feature extraction
[12:24:49] [INFO ]   Loading navigation...
[12:24:49] [INFO ]   Loading SEG-Y...
[12:24:49] [INFO ]   Traces: 2569  Samples: 3000  dt: 4.000 ms
[12:24:49] [INFO ]   Depth:  0.0 m → 8997.0 m
[12:24:49] [INFO ]   Matching traces to navigation...
[12:24:49] [INFO ]   NAV line matched via translation: 'f387stk24' -> 'F387-24'
[12:24:49] [INFO ]   Matched 2568 / 2569 traces
[12:24:49] [INFO ]   Bandpass filtering...
[12:24:49] [INFO ]   Computing seismic attributes...
[12:24:50] [INFO ]   Picking seafloor...
[12:24:50] [INFO ]   Seafloor depth: 750–6864 m  (0 shallow traces masked)
[12:24:50] [INFO ]   Picking horizons...
[12:24:50] [INFO ]   Computing NCC coherence (slow)...
[12:24:50] [INFO ]   Saving CNN section image...
[12:24:51] [INFO ]   Saved: f387stk24_section_cnn.png  (2700x1500px)
[12:24:51] [INFO ]   Step 1 complete
[12:24:51] [INFO ] 
[12:24:51] [INFO ] STEP 2 — Fault detection
[12:24:51] [INFO ]   Mode: single SA run (seed=12)
[12:24:52] [INFO ]   Detected 1 high-confidence faults
[12:24:52] [INFO ]     Fault  1 | trace ~ 2521 | prob=0.770
[12:24:52] [INFO ]   Step 2 complete
[12:24:52] [INFO ] 
[12:24:52] [INFO ] STEP 3 — Bounding boxes
[12:24:52] [INFO ]   Box  1 | [2583, 138, 117w, 122h px]
[12:24:52] [INFO ]   Generated 1 boxes
[12:24:52] [INFO ]   Step 3 complete
[12:24:52] [INFO ] 
[12:24:52] [INFO ] STEP 4 — Dataset building
[12:24:52] [INFO ]   Saving labeled review image...
[12:24:52] [INFO ]   Saved: f387stk24_labeled.png
[12:24:52] [INFO ]   Split: train
[12:24:52] [INFO ]   Added 1 annotations to train.json
[12:24:52] [INFO ]   train.json: 115 images, 71 annotations
[12:24:52] [INFO ]   val.json:   28 images,  11 annotations
[12:24:52] [INFO ]   Step 4 complete
[12:24:52] [INFO ] 
[12:24:52] [INFO ]   DONE  f387stk24  →  train  |  1 faults  |  1 boxes
[12:24:52] [INFO ] 
[12:24:52] [INFO ] ──────────────────────────────────────────────────
[12:24:52] [INFO ]   LINE: f387stk25
[12:24:52] [INFO ] ──────────────────────────────────────────────────
[12:24:52] [INFO ] Dataset  : namss.F-3-87-AA.mcs.airgun
[12:24:52] [INFO ] SGY      : ../../airgun_data/namss.F-3-87-AA.mcs.airgun/Data/f387stk25.sgy
[12:24:52] [INFO ] NAV      : ../../airgun_data/namss.F-3-87-AA.mcs.airgun/Navigation/f-3-87-aa_NAV-WGS84.csv
[12:24:52] [INFO ] SA mode  : single (seed=12)
[12:24:52] [INFO ] 
[12:24:52] [INFO ] STEP 1 — Feature extraction
[12:24:52] [INFO ]   Loading navigation...
[12:24:53] [INFO ]   Loading SEG-Y...
[12:24:53] [INFO ]   Traces: 1874  Samples: 3000  dt: 4.000 ms
[12:24:53] [INFO ]   Depth:  0.0 m → 8997.0 m
[12:24:53] [INFO ]   Matching traces to navigation...
[12:24:53] [INFO ]   NAV line matched via translation: 'f387stk25' -> 'F387-25'
[12:24:53] [INFO ]   Matched 1873 / 1874 traces
[12:24:53] [INFO ]   Bandpass filtering...
[12:24:53] [INFO ]   Computing seismic attributes...
[12:24:53] [INFO ]   Picking seafloor...
[12:24:53] [INFO ]   Seafloor depth: 510–1725 m  (368 shallow traces masked)
[12:24:53] [INFO ]   Picking horizons...
[12:24:53] [INFO ]   Computing NCC coherence (slow)...
[12:24:53] [INFO ]   Saving CNN section image...
[12:24:54] [INFO ]   Saved: f387stk25_section_cnn.png  (2700x1500px)
[12:24:54] [INFO ]   Step 1 complete
[12:24:54] [INFO ] 
[12:24:54] [INFO ] STEP 2 — Fault detection
[12:24:54] [INFO ]   Mode: single SA run (seed=12)
[12:24:56] [INFO ]   Detected 0 high-confidence faults
[12:24:56] [INFO ]   Step 2 complete
[12:24:56] [INFO ] 
[12:24:56] [INFO ] STEP 3 — Bounding boxes
[12:24:56] [INFO ]   Generated 0 boxes
[12:24:56] [INFO ]   Step 3 complete
[12:24:56] [INFO ] 
[12:24:56] [INFO ] STEP 4 — Dataset building
[12:24:56] [INFO ]   Saving labeled review image...
[12:24:56] [INFO ]   Saved: f387stk25_labeled.png
[12:24:56] [INFO ]   Split: train
[12:24:56] [INFO ]   Added 0 annotations to train.json
[12:24:56] [INFO ]   train.json: 116 images, 71 annotations
[12:24:56] [INFO ]   val.json:   28 images,  11 annotations
[12:24:56] [INFO ]   Step 4 complete
[12:24:56] [INFO ] 
[12:24:56] [INFO ]   DONE  f387stk25  →  train  |  0 faults  |  0 boxes
[12:24:56] [INFO ] 
[12:24:56] [INFO ] ──────────────────────────────────────────────────
[12:24:56] [INFO ]   LINE: f387stk26
[12:24:56] [INFO ] ──────────────────────────────────────────────────
[12:24:56] [INFO ] Dataset  : namss.F-3-87-AA.mcs.airgun
[12:24:56] [INFO ] SGY      : ../../airgun_data/namss.F-3-87-AA.mcs.airgun/Data/f387stk26.sgy
[12:24:56] [INFO ] NAV      : ../../airgun_data/namss.F-3-87-AA.mcs.airgun/Navigation/f-3-87-aa_NAV-WGS84.csv
[12:24:56] [INFO ] SA mode  : single (seed=12)
[12:24:56] [INFO ] 
[12:24:56] [INFO ] STEP 1 — Feature extraction
[12:24:56] [INFO ]   Loading navigation...
[12:24:56] [INFO ]   Loading SEG-Y...
[12:24:56] [INFO ]   Traces: 179  Samples: 3000  dt: 4.000 ms
[12:24:56] [INFO ]   Depth:  0.0 m → 8997.0 m
[12:24:56] [INFO ]   Matching traces to navigation...
[12:24:56] [INFO ]   NAV line matched via translation: 'f387stk26' -> 'F387-26'
[12:24:56] [INFO ]   Matched 178 / 179 traces
[12:24:56] [INFO ]   Bandpass filtering...
[12:24:56] [INFO ]   Computing seismic attributes...
[12:24:56] [INFO ]   Picking seafloor...
[12:24:56] [INFO ]   Seafloor depth: 1197–1854 m  (0 shallow traces masked)
[12:24:56] [INFO ]   Picking horizons...
[12:24:56] [INFO ]   Computing NCC coherence (slow)...
[12:24:56] [INFO ]   Saving CNN section image...
[12:24:56] [INFO ]   Saved: f387stk26_section_cnn.png  (2700x1500px)
[12:24:56] [INFO ]   Step 1 complete
[12:24:56] [INFO ] 
[12:24:56] [INFO ] STEP 2 — Fault detection
[12:24:56] [INFO ]   Mode: single SA run (seed=12)
[12:24:57] [INFO ]   Detected 0 high-confidence faults
[12:24:57] [INFO ]   Step 2 complete
[12:24:57] [INFO ] 
[12:24:57] [INFO ] STEP 3 — Bounding boxes
[12:24:57] [INFO ]   Generated 0 boxes
[12:24:57] [INFO ]   Step 3 complete
[12:24:57] [INFO ] 
[12:24:57] [INFO ] STEP 4 — Dataset building
[12:24:57] [INFO ]   Saving labeled review image...
[12:24:57] [INFO ]   Saved: f387stk26_labeled.png
[12:24:57] [INFO ]   Split: val
[12:24:57] [INFO ]   Added 0 annotations to val.json
[12:24:57] [INFO ]   train.json: 116 images, 71 annotations
[12:24:57] [INFO ]   val.json:   29 images,  11 annotations
[12:24:57] [INFO ]   Step 4 complete
[12:24:57] [INFO ] 
[12:24:57] [INFO ]   DONE  f387stk26  →  val  |  0 faults  |  0 boxes
[12:24:57] [INFO ] 
[12:24:57] [INFO ] ──────────────────────────────────────────────────
[12:24:57] [INFO ]   LINE: f387stk27
[12:24:57] [INFO ] ──────────────────────────────────────────────────
[12:24:57] [INFO ] Dataset  : namss.F-3-87-AA.mcs.airgun
[12:24:57] [INFO ] SGY      : ../../airgun_data/namss.F-3-87-AA.mcs.airgun/Data/f387stk27.sgy
[12:24:57] [INFO ] NAV      : ../../airgun_data/namss.F-3-87-AA.mcs.airgun/Navigation/f-3-87-aa_NAV-WGS84.csv
[12:24:57] [INFO ] SA mode  : single (seed=12)
[12:24:57] [INFO ] 
[12:24:57] [INFO ] STEP 1 — Feature extraction
[12:24:57] [INFO ]   Loading navigation...
[12:24:57] [INFO ]   Loading SEG-Y...
[12:24:57] [INFO ]   Traces: 1494  Samples: 3000  dt: 4.000 ms
[12:24:57] [INFO ]   Depth:  0.0 m → 8997.0 m
[12:24:57] [INFO ]   Matching traces to navigation...
[12:24:57] [INFO ]   NAV line matched via translation: 'f387stk27' -> 'F387-27'
[12:24:57] [INFO ]   Matched 1493 / 1494 traces
[12:24:57] [INFO ]   Bandpass filtering...
[12:24:57] [INFO ]   Computing seismic attributes...
[12:24:57] [INFO ]   Picking seafloor...
[12:24:57] [INFO ]   Seafloor depth: 1155–3450 m  (0 shallow traces masked)
[12:24:57] [INFO ]   Picking horizons...
[12:24:57] [INFO ]   Computing NCC coherence (slow)...
[12:24:57] [INFO ]   Saving CNN section image...
[12:24:58] [INFO ]   Saved: f387stk27_section_cnn.png  (2700x1500px)
[12:24:58] [INFO ]   Step 1 complete
[12:24:58] [INFO ] 
[12:24:58] [INFO ] STEP 2 — Fault detection
[12:24:58] [INFO ]   Mode: single SA run (seed=12)
[12:25:00] [INFO ]   Detected 0 high-confidence faults
[12:25:00] [INFO ]   Step 2 complete
[12:25:00] [INFO ] 
[12:25:00] [INFO ] STEP 3 — Bounding boxes
[12:25:00] [INFO ]   Generated 0 boxes
[12:25:00] [INFO ]   Step 3 complete
[12:25:00] [INFO ] 
[12:25:00] [INFO ] STEP 4 — Dataset building
[12:25:00] [INFO ]   Saving labeled review image...
[12:25:00] [INFO ]   Saved: f387stk27_labeled.png
[12:25:00] [INFO ]   Split: train
[12:25:00] [INFO ]   Added 0 annotations to train.json
[12:25:00] [INFO ]   train.json: 117 images, 71 annotations
[12:25:00] [INFO ]   val.json:   29 images,  11 annotations
[12:25:00] [INFO ]   Step 4 complete
[12:25:00] [INFO ] 
[12:25:00] [INFO ]   DONE  f387stk27  →  train  |  0 faults  |  0 boxes
[12:25:00] [INFO ] 
[12:25:00] [INFO ] ──────────────────────────────────────────────────
[12:25:00] [INFO ]   LINE: f387stk28
[12:25:00] [INFO ] ──────────────────────────────────────────────────
[12:25:00] [INFO ] Dataset  : namss.F-3-87-AA.mcs.airgun
[12:25:00] [INFO ] SGY      : ../../airgun_data/namss.F-3-87-AA.mcs.airgun/Data/f387stk28.sgy
[12:25:00] [INFO ] NAV      : ../../airgun_data/namss.F-3-87-AA.mcs.airgun/Navigation/f-3-87-aa_NAV-WGS84.csv
[12:25:00] [INFO ] SA mode  : single (seed=12)
[12:25:00] [INFO ] 
[12:25:00] [INFO ] STEP 1 — Feature extraction
[12:25:00] [INFO ]   Loading navigation...
[12:25:00] [INFO ]   Loading SEG-Y...
[12:25:00] [INFO ]   Traces: 453  Samples: 3000  dt: 4.000 ms
[12:25:00] [INFO ]   Depth:  0.0 m → 8997.0 m
[12:25:00] [INFO ]   Matching traces to navigation...
[12:25:00] [INFO ]   NAV line matched via translation: 'f387stk28' -> 'F387-28'
[12:25:00] [INFO ]   Matched 452 / 453 traces
[12:25:00] [INFO ]   Bandpass filtering...
[12:25:00] [INFO ]   Computing seismic attributes...
[12:25:00] [INFO ]   Picking seafloor...
[12:25:00] [INFO ]   Seafloor depth: 987–2508 m  (0 shallow traces masked)
[12:25:00] [INFO ]   Picking horizons...
[12:25:00] [INFO ]   Computing NCC coherence (slow)...
[12:25:00] [INFO ]   Saving CNN section image...
[12:25:01] [INFO ]   Saved: f387stk28_section_cnn.png  (2700x1500px)
[12:25:01] [INFO ]   Step 1 complete
[12:25:01] [INFO ] 
[12:25:01] [INFO ] STEP 2 — Fault detection
[12:25:01] [INFO ]   Mode: single SA run (seed=12)
[12:25:01] [INFO ]   Detected 0 high-confidence faults
[12:25:01] [INFO ]   Step 2 complete
[12:25:01] [INFO ] 
[12:25:01] [INFO ] STEP 3 — Bounding boxes
[12:25:01] [INFO ]   Generated 0 boxes
[12:25:01] [INFO ]   Step 3 complete
[12:25:01] [INFO ] 
[12:25:01] [INFO ] STEP 4 — Dataset building
[12:25:01] [INFO ]   Saving labeled review image...
[12:25:01] [INFO ]   Saved: f387stk28_labeled.png
[12:25:01] [INFO ]   Split: train
[12:25:01] [INFO ]   Added 0 annotations to train.json
[12:25:01] [INFO ]   train.json: 118 images, 71 annotations
[12:25:01] [INFO ]   val.json:   29 images,  11 annotations
[12:25:01] [INFO ]   Step 4 complete
[12:25:01] [INFO ] 
[12:25:01] [INFO ]   DONE  f387stk28  →  train  |  0 faults  |  0 boxes
[12:25:01] [INFO ] 
[12:25:01] [INFO ] ──────────────────────────────────────────────────
[12:25:01] [INFO ]   LINE: f387stk29
[12:25:01] [INFO ] ──────────────────────────────────────────────────
[12:25:01] [INFO ] Dataset  : namss.F-3-87-AA.mcs.airgun
[12:25:01] [INFO ] SGY      : ../../airgun_data/namss.F-3-87-AA.mcs.airgun/Data/f387stk29.sgy
[12:25:01] [INFO ] NAV      : ../../airgun_data/namss.F-3-87-AA.mcs.airgun/Navigation/f-3-87-aa_NAV-WGS84.csv
[12:25:01] [INFO ] SA mode  : single (seed=12)
[12:25:01] [INFO ] 
[12:25:01] [INFO ] STEP 1 — Feature extraction
[12:25:01] [INFO ]   Loading navigation...
[12:25:01] [INFO ]   Loading SEG-Y...
[12:25:01] [INFO ]   Traces: 5257  Samples: 3000  dt: 4.000 ms
[12:25:01] [INFO ]   Depth:  0.0 m → 8997.0 m
[12:25:01] [INFO ]   Matching traces to navigation...
[12:25:01] [INFO ]   NAV line matched via translation: 'f387stk29' -> 'F387-29'
[12:25:02] [INFO ]   Matched 5256 / 5257 traces
[12:25:02] [INFO ]   Bandpass filtering...
[12:25:02] [INFO ]   Computing seismic attributes...
[12:25:03] [INFO ]   Picking seafloor...
[12:25:03] [INFO ]   Seafloor depth: 591–4941 m  (112 shallow traces masked)
[12:25:03] [INFO ]   Picking horizons...
[12:25:04] [INFO ]   Computing NCC coherence (slow)...
[12:25:04] [INFO ]   Saving CNN section image...
[12:25:05] [INFO ]   Saved: f387stk29_section_cnn.png  (2700x1500px)
[12:25:05] [INFO ]   Step 1 complete
[12:25:05] [INFO ] 
[12:25:05] [INFO ] STEP 2 — Fault detection
[12:25:05] [INFO ]   Mode: single SA run (seed=12)
[12:25:11] [INFO ]   Detected 0 high-confidence faults
[12:25:11] [INFO ]   Step 2 complete
[12:25:11] [INFO ] 
[12:25:11] [INFO ] STEP 3 — Bounding boxes
[12:25:11] [INFO ]   Generated 0 boxes
[12:25:11] [INFO ]   Step 3 complete
[12:25:11] [INFO ] 
[12:25:11] [INFO ] STEP 4 — Dataset building
[12:25:11] [INFO ]   Saving labeled review image...
[12:25:11] [INFO ]   Saved: f387stk29_labeled.png
[12:25:11] [INFO ]   Split: train
[12:25:11] [INFO ]   Added 0 annotations to train.json
[12:25:11] [INFO ]   train.json: 119 images, 71 annotations
[12:25:11] [INFO ]   val.json:   29 images,  11 annotations
[12:25:11] [INFO ]   Step 4 complete
[12:25:11] [INFO ] 
[12:25:11] [INFO ]   DONE  f387stk29  →  train  |  0 faults  |  0 boxes
[12:25:11] [INFO ] 
[12:25:11] [INFO ] ──────────────────────────────────────────────────
[12:25:11] [INFO ]   LINE: f387stk30
[12:25:11] [INFO ] ──────────────────────────────────────────────────
[12:25:11] [INFO ] Dataset  : namss.F-3-87-AA.mcs.airgun
[12:25:11] [INFO ] SGY      : ../../airgun_data/namss.F-3-87-AA.mcs.airgun/Data/f387stk30.sgy
[12:25:11] [INFO ] NAV      : ../../airgun_data/namss.F-3-87-AA.mcs.airgun/Navigation/f-3-87-aa_NAV-WGS84.csv
[12:25:11] [INFO ] SA mode  : single (seed=12)
[12:25:11] [INFO ] 
[12:25:11] [INFO ] STEP 1 — Feature extraction
[12:25:11] [INFO ]   Loading navigation...
[12:25:11] [INFO ]   Loading SEG-Y...
[12:25:11] [INFO ]   Traces: 363  Samples: 3000  dt: 4.000 ms
[12:25:11] [INFO ]   Depth:  0.0 m → 8997.0 m
[12:25:11] [INFO ]   Matching traces to navigation...
[12:25:11] [INFO ]   NAV line matched via translation: 'f387stk30' -> 'F387-30'
[12:25:11] [INFO ]   Matched 362 / 363 traces
[12:25:11] [INFO ]   Bandpass filtering...
[12:25:11] [INFO ]   Computing seismic attributes...
[12:25:11] [INFO ]   Picking seafloor...
[12:25:11] [INFO ]   Seafloor depth: 324–795 m  (146 shallow traces masked)
[12:25:11] [INFO ]   Picking horizons...
[12:25:11] [INFO ]   Computing NCC coherence (slow)...
[12:25:11] [INFO ]   Saving CNN section image...
[12:25:11] [INFO ]   Saved: f387stk30_section_cnn.png  (2700x1500px)
[12:25:11] [INFO ]   Step 1 complete
[12:25:11] [INFO ] 
[12:25:11] [INFO ] STEP 2 — Fault detection
[12:25:11] [INFO ]   Mode: single SA run (seed=12)
[12:25:12] [INFO ]   Detected 1 high-confidence faults
[12:25:12] [INFO ]     Fault  1 | trace ~  103 | prob=0.795
[12:25:12] [INFO ]   Step 2 complete
[12:25:12] [INFO ] 
[12:25:12] [INFO ] STEP 3 — Bounding boxes
[12:25:12] [INFO ]   Box  1 | [0, 67, 1486w, 129h px]
[12:25:12] [INFO ]   Generated 1 boxes
[12:25:12] [INFO ]   Step 3 complete
[12:25:12] [INFO ] 
[12:25:12] [INFO ] STEP 4 — Dataset building
[12:25:12] [INFO ]   Saving labeled review image...
[12:25:12] [INFO ]   Saved: f387stk30_labeled.png
[12:25:12] [INFO ]   Split: train
[12:25:12] [INFO ]   Added 1 annotations to train.json
[12:25:12] [INFO ]   train.json: 120 images, 72 annotations
[12:25:12] [INFO ]   val.json:   29 images,  11 annotations
[12:25:12] [INFO ]   Step 4 complete
[12:25:12] [INFO ] 
[12:25:12] [INFO ]   DONE  f387stk30  →  train  |  1 faults  |  1 boxes
[12:25:12] [INFO ] 
[12:25:12] [INFO ] ──────────────────────────────────────────────────
[12:25:12] [INFO ]   LINE: f387stk31
[12:25:12] [INFO ] ──────────────────────────────────────────────────
[12:25:12] [INFO ] Dataset  : namss.F-3-87-AA.mcs.airgun
[12:25:12] [INFO ] SGY      : ../../airgun_data/namss.F-3-87-AA.mcs.airgun/Data/f387stk31.sgy
[12:25:12] [INFO ] NAV      : ../../airgun_data/namss.F-3-87-AA.mcs.airgun/Navigation/f-3-87-aa_NAV-WGS84.csv
[12:25:12] [INFO ] SA mode  : single (seed=12)
[12:25:12] [INFO ] 
[12:25:12] [INFO ] STEP 1 — Feature extraction
[12:25:12] [INFO ]   Loading navigation...
[12:25:12] [INFO ]   Loading SEG-Y...
[12:25:12] [INFO ]   Traces: 1751  Samples: 3000  dt: 4.000 ms
[12:25:12] [INFO ]   Depth:  0.0 m → 8997.0 m
[12:25:12] [INFO ]   Matching traces to navigation...
[12:25:12] [INFO ]   NAV line matched via translation: 'f387stk31' -> 'F387-31'
[12:25:12] [INFO ]   Matched 1750 / 1751 traces
[12:25:12] [INFO ]   Bandpass filtering...
[12:25:13] [INFO ]   Computing seismic attributes...
[12:25:13] [INFO ]   Picking seafloor...
[12:25:13] [INFO ]   Seafloor depth: 885–2931 m  (0 shallow traces masked)
[12:25:13] [INFO ]   Picking horizons...
[12:25:13] [INFO ]   Computing NCC coherence (slow)...
[12:25:13] [INFO ]   Saving CNN section image...
[12:25:14] [INFO ]   Saved: f387stk31_section_cnn.png  (2700x1500px)
[12:25:14] [INFO ]   Step 1 complete
[12:25:14] [INFO ] 
[12:25:14] [INFO ] STEP 2 — Fault detection
[12:25:14] [INFO ]   Mode: single SA run (seed=12)
[12:25:16] [INFO ]   Detected 0 high-confidence faults
[12:25:16] [INFO ]   Step 2 complete
[12:25:16] [INFO ] 
[12:25:16] [INFO ] STEP 3 — Bounding boxes
[12:25:16] [INFO ]   Generated 0 boxes
[12:25:16] [INFO ]   Step 3 complete
[12:25:16] [INFO ] 
[12:25:16] [INFO ] STEP 4 — Dataset building
[12:25:16] [INFO ]   Saving labeled review image...
[12:25:16] [INFO ]   Saved: f387stk31_labeled.png
[12:25:16] [INFO ]   Split: val
[12:25:16] [INFO ]   Added 0 annotations to val.json
[12:25:16] [INFO ]   train.json: 120 images, 72 annotations
[12:25:16] [INFO ]   val.json:   30 images,  11 annotations
[12:25:16] [INFO ]   Step 4 complete
[12:25:16] [INFO ] 
[12:25:16] [INFO ]   DONE  f387stk31  →  val  |  0 faults  |  0 boxes
[12:25:16] [INFO ] 
[12:25:16] [INFO ] ──────────────────────────────────────────────────
[12:25:16] [INFO ]   LINE: f387stk32
[12:25:16] [INFO ] ──────────────────────────────────────────────────
[12:25:16] [INFO ] Dataset  : namss.F-3-87-AA.mcs.airgun
[12:25:16] [INFO ] SGY      : ../../airgun_data/namss.F-3-87-AA.mcs.airgun/Data/f387stk32.sgy
[12:25:16] [INFO ] NAV      : ../../airgun_data/namss.F-3-87-AA.mcs.airgun/Navigation/f-3-87-aa_NAV-WGS84.csv
[12:25:16] [INFO ] SA mode  : single (seed=12)
[12:25:16] [INFO ] 
[12:25:16] [INFO ] STEP 1 — Feature extraction
[12:25:16] [INFO ]   Loading navigation...
[12:25:16] [INFO ]   Loading SEG-Y...
[12:25:17] [ERROR] SKIPPING f387stk32 (namss.F-3-87-AA.mcs.airgun): 'julday' out of bounds for year 1987: 0
[12:25:17] [ERROR]   Traceback (most recent call last):
[12:25:17] [ERROR]     File "/Users/lennylukach/Personal/School/CS4100/namss/pipeline/src/pipeline.py", line 848, in <module>
[12:25:17] [ERROR]       process_line(line, sgy_path, nav_path, dataset)
[12:25:17] [ERROR]     File "/Users/lennylukach/Personal/School/CS4100/namss/pipeline/src/pipeline.py", line 405, in process_line
[12:25:17] [ERROR]       st = read(sgy_path)
[12:25:17] [ERROR]     File "/Users/lennylukach/Personal/School/CS4100/namss/venv/lib/python3.10/site-packages/decorator.py", line 235, in fun
[12:25:17] [ERROR]       return caller(func, *(extras + args), **kw)
[12:25:17] [ERROR]     File "/Users/lennylukach/Personal/School/CS4100/namss/venv/lib/python3.10/site-packages/obspy/core/util/decorator.py", line 298, in _map_example_filename
[12:25:17] [ERROR]       return func(*args, **kwargs)
[12:25:17] [ERROR]     File "/Users/lennylukach/Personal/School/CS4100/namss/venv/lib/python3.10/site-packages/obspy/core/stream.py", line 210, in read
[12:25:17] [ERROR]       st = _generic_reader(pathname_or_url, _read, **kwargs)
[12:25:17] [ERROR]     File "/Users/lennylukach/Personal/School/CS4100/namss/venv/lib/python3.10/site-packages/obspy/core/util/base.py", line 822, in _generic_reader
[12:25:17] [ERROR]       generic = callback_func(pathnames[0], **kwargs)
[12:25:17] [ERROR]     File "/Users/lennylukach/Personal/School/CS4100/namss/venv/lib/python3.10/site-packages/decorator.py", line 235, in fun
[12:25:17] [ERROR]       return caller(func, *(extras + args), **kw)
[12:25:17] [ERROR]     File "/Users/lennylukach/Personal/School/CS4100/namss/venv/lib/python3.10/site-packages/obspy/core/util/decorator.py", line 209, in uncompress_file
[12:25:17] [ERROR]       result = func(filename, *args, **kwargs)
[12:25:17] [ERROR]     File "/Users/lennylukach/Personal/School/CS4100/namss/venv/lib/python3.10/site-packages/obspy/core/stream.py", line 255, in _read
[12:25:17] [ERROR]       stream, format = _read_from_plugin('waveform', filename, format=format,
[12:25:17] [ERROR]     File "/Users/lennylukach/Personal/School/CS4100/namss/venv/lib/python3.10/site-packages/obspy/core/util/base.py", line 559, in _read_from_plugin
[12:25:17] [ERROR]       list_obj = read_format(filename, **kwargs)
[12:25:17] [ERROR]     File "/Users/lennylukach/Personal/School/CS4100/namss/venv/lib/python3.10/site-packages/obspy/io/segy/core.py", line 204, in _read_segy
[12:25:17] [ERROR]       stream.append(tr.to_obspy_trace(
[12:25:17] [ERROR]     File "/Users/lennylukach/Personal/School/CS4100/namss/venv/lib/python3.10/site-packages/obspy/io/segy/segy.py", line 775, in to_obspy_trace
[12:25:17] [ERROR]       trace.stats.starttime = UTCDateTime(
[12:25:17] [ERROR]     File "/Users/lennylukach/Personal/School/CS4100/namss/venv/lib/python3.10/site-packages/obspy/core/utcdatetime.py", line 440, in __init__
[12:25:17] [ERROR]       raise ValueError(msg)
[12:25:17] [ERROR]   ValueError: 'julday' out of bounds for year 1987: 0
[12:25:17] [INFO ] 
[12:25:17] [INFO ] ──────────────────────────────────────────────────
[12:25:17] [INFO ]   LINE: f387stk33
[12:25:17] [INFO ] ──────────────────────────────────────────────────
[12:25:17] [INFO ] Dataset  : namss.F-3-87-AA.mcs.airgun
[12:25:17] [INFO ] SGY      : ../../airgun_data/namss.F-3-87-AA.mcs.airgun/Data/f387stk33.sgy
[12:25:17] [INFO ] NAV      : ../../airgun_data/namss.F-3-87-AA.mcs.airgun/Navigation/f-3-87-aa_NAV-WGS84.csv
[12:25:17] [INFO ] SA mode  : single (seed=12)
[12:25:17] [INFO ] 
[12:25:17] [INFO ] STEP 1 — Feature extraction
[12:25:17] [INFO ]   Loading navigation...
[12:25:17] [INFO ]   Loading SEG-Y...
[12:25:17] [INFO ]   Traces: 2772  Samples: 3000  dt: 4.000 ms
[12:25:17] [INFO ]   Depth:  0.0 m → 8997.0 m
[12:25:17] [INFO ]   Matching traces to navigation...
[12:25:17] [INFO ]   NAV line matched via translation: 'f387stk33' -> 'F387-33'
[12:25:17] [INFO ]   Matched 2771 / 2772 traces
[12:25:17] [INFO ]   Bandpass filtering...
[12:25:17] [INFO ]   Computing seismic attributes...
[12:25:17] [INFO ]   Picking seafloor...
[12:25:18] [INFO ]   Seafloor depth: 1959–6825 m  (0 shallow traces masked)
[12:25:18] [INFO ]   Picking horizons...
[12:25:18] [INFO ]   Computing NCC coherence (slow)...
[12:25:18] [INFO ]   Saving CNN section image...
[12:25:19] [INFO ]   Saved: f387stk33_section_cnn.png  (2700x1500px)
[12:25:19] [INFO ]   Step 1 complete
[12:25:19] [INFO ] 
[12:25:19] [INFO ] STEP 2 — Fault detection
[12:25:19] [INFO ]   Mode: single SA run (seed=12)
[12:25:20] [INFO ]   Detected 0 high-confidence faults
[12:25:20] [INFO ]   Step 2 complete
[12:25:20] [INFO ] 
[12:25:20] [INFO ] STEP 3 — Bounding boxes
[12:25:20] [INFO ]   Generated 0 boxes
[12:25:20] [INFO ]   Step 3 complete
[12:25:20] [INFO ] 
[12:25:20] [INFO ] STEP 4 — Dataset building
[12:25:20] [INFO ]   Saving labeled review image...
[12:25:20] [INFO ]   Saved: f387stk33_labeled.png
[12:25:20] [INFO ]   Split: train
[12:25:20] [INFO ]   Added 0 annotations to train.json
[12:25:20] [INFO ]   train.json: 121 images, 72 annotations
[12:25:20] [INFO ]   val.json:   30 images,  11 annotations
[12:25:20] [INFO ]   Step 4 complete
[12:25:20] [INFO ] 
[12:25:20] [INFO ]   DONE  f387stk33  →  train  |  0 faults  |  0 boxes
[12:25:20] [INFO ] 
[12:25:20] [INFO ] ──────────────────────────────────────────────────
[12:25:20] [INFO ]   LINE: f387stk34
[12:25:20] [INFO ] ──────────────────────────────────────────────────
[12:25:20] [INFO ] Dataset  : namss.F-3-87-AA.mcs.airgun
[12:25:20] [INFO ] SGY      : ../../airgun_data/namss.F-3-87-AA.mcs.airgun/Data/f387stk34.sgy
[12:25:20] [INFO ] NAV      : ../../airgun_data/namss.F-3-87-AA.mcs.airgun/Navigation/f-3-87-aa_NAV-WGS84.csv
[12:25:20] [INFO ] SA mode  : single (seed=12)
[12:25:20] [INFO ] 
[12:25:20] [INFO ] STEP 1 — Feature extraction
[12:25:20] [INFO ]   Loading navigation...
[12:25:20] [INFO ]   Loading SEG-Y...
[12:25:21] [INFO ]   Traces: 5976  Samples: 3000  dt: 4.000 ms
[12:25:21] [INFO ]   Depth:  0.0 m → 8997.0 m
[12:25:21] [INFO ]   Matching traces to navigation...
[12:25:21] [INFO ]   NAV line matched via translation: 'f387stk34' -> 'F387-34'
[12:25:21] [INFO ]   Matched 5975 / 5976 traces
[12:25:21] [INFO ]   Bandpass filtering...
[12:25:21] [INFO ]   Computing seismic attributes...
[12:25:22] [INFO ]   Picking seafloor...
[12:25:23] [INFO ]   Seafloor depth: 3372–5532 m  (0 shallow traces masked)
[12:25:23] [INFO ]   Picking horizons...
[12:25:23] [INFO ]   Computing NCC coherence (slow)...
[12:25:23] [INFO ]   Saving CNN section image...
[12:25:25] [INFO ]   Saved: f387stk34_section_cnn.png  (2700x1500px)
[12:25:25] [INFO ]   Step 1 complete
[12:25:25] [INFO ] 
[12:25:25] [INFO ] STEP 2 — Fault detection
[12:25:25] [INFO ]   Mode: single SA run (seed=12)
[12:28:37] [INFO ]   Detected 0 high-confidence faults
[12:28:37] [INFO ]   Step 2 complete
[12:28:37] [INFO ] 
[12:28:37] [INFO ] STEP 3 — Bounding boxes
[12:28:37] [INFO ]   Generated 0 boxes
[12:28:37] [INFO ]   Step 3 complete
[12:28:37] [INFO ] 
[12:28:37] [INFO ] STEP 4 — Dataset building
[12:28:37] [INFO ]   Saving labeled review image...
[12:28:37] [INFO ]   Saved: f387stk34_labeled.png
[12:28:37] [INFO ]   Split: train
[12:28:37] [INFO ]   Added 0 annotations to train.json
[12:28:37] [INFO ]   train.json: 122 images, 72 annotations
[12:28:37] [INFO ]   val.json:   30 images,  11 annotations
[12:28:37] [INFO ]   Step 4 complete
[12:28:37] [INFO ] 
[12:28:37] [INFO ]   DONE  f387stk34  →  train  |  0 faults  |  0 boxes
[12:28:37] [INFO ] 
[12:28:37] [INFO ] ──────────────────────────────────────────────────
[12:28:37] [INFO ]   LINE: f387stk35
[12:28:37] [INFO ] ──────────────────────────────────────────────────
[12:28:37] [INFO ] Dataset  : namss.F-3-87-AA.mcs.airgun
[12:28:37] [INFO ] SGY      : ../../airgun_data/namss.F-3-87-AA.mcs.airgun/Data/f387stk35.sgy
[12:28:37] [INFO ] NAV      : ../../airgun_data/namss.F-3-87-AA.mcs.airgun/Navigation/f-3-87-aa_NAV-WGS84.csv
[12:28:37] [INFO ] SA mode  : single (seed=12)
[12:28:37] [INFO ] 
[12:28:37] [INFO ] STEP 1 — Feature extraction
[12:28:37] [INFO ]   Loading navigation...
[12:28:37] [INFO ]   Loading SEG-Y...
[12:28:37] [INFO ]   Traces: 4705  Samples: 3000  dt: 4.000 ms
[12:28:37] [INFO ]   Depth:  0.0 m → 8997.0 m
[12:28:37] [INFO ]   Matching traces to navigation...
[12:28:37] [INFO ]   NAV line matched via translation: 'f387stk35' -> 'F387-35'
[12:28:38] [INFO ]   Matched 4703 / 4705 traces
[12:28:38] [INFO ]   Bandpass filtering...
[12:28:38] [INFO ]   Computing seismic attributes...
[12:28:38] [INFO ]   Picking seafloor...
[12:28:39] [INFO ]   Seafloor depth: 3300–5271 m  (0 shallow traces masked)
[12:28:39] [INFO ]   Picking horizons...
[12:28:39] [INFO ]   Computing NCC coherence (slow)...
[12:28:39] [INFO ]   Saving CNN section image...
[12:28:40] [INFO ]   Saved: f387stk35_section_cnn.png  (2700x1500px)
[12:28:40] [INFO ]   Step 1 complete
[12:28:40] [INFO ] 
[12:28:40] [INFO ] STEP 2 — Fault detection
[12:28:40] [INFO ]   Mode: single SA run (seed=12)
[12:28:45] [INFO ]   Detected 0 high-confidence faults
[12:28:45] [INFO ]   Step 2 complete
[12:28:45] [INFO ] 
[12:28:45] [INFO ] STEP 3 — Bounding boxes
[12:28:45] [INFO ]   Generated 0 boxes
[12:28:45] [INFO ]   Step 3 complete
[12:28:45] [INFO ] 
[12:28:45] [INFO ] STEP 4 — Dataset building
[12:28:45] [INFO ]   Saving labeled review image...
[12:28:45] [INFO ]   Saved: f387stk35_labeled.png
[12:28:45] [INFO ]   Split: train
[12:28:45] [INFO ]   Added 0 annotations to train.json
[12:28:45] [INFO ]   train.json: 123 images, 72 annotations
[12:28:45] [INFO ]   val.json:   30 images,  11 annotations
[12:28:45] [INFO ]   Step 4 complete
[12:28:45] [INFO ] 
[12:28:45] [INFO ]   DONE  f387stk35  →  train  |  0 faults  |  0 boxes
[12:28:45] [INFO ] 
[12:28:45] [INFO ] ──────────────────────────────────────────────────
[12:28:45] [INFO ]   LINE: f688stk01
[12:28:45] [INFO ] ──────────────────────────────────────────────────
[12:28:45] [INFO ] Dataset  : namss.F-6-88-HW.mcs.airgun
[12:28:45] [INFO ] SGY      : ../../airgun_data/namss.F-6-88-HW.mcs.airgun/Data/f688stk01.sgy
[12:28:45] [INFO ] NAV      : ../../airgun_data/namss.F-6-88-HW.mcs.airgun/Navigation/f-6-88-hw_NAV-WGS84.csv
[12:28:45] [INFO ] SA mode  : single (seed=12)
[12:28:45] [INFO ] 
[12:28:45] [INFO ] STEP 1 — Feature extraction
[12:28:45] [INFO ]   Loading navigation...
[12:28:45] [INFO ]   Loading SEG-Y...
[12:28:46] [INFO ]   Traces: 3265  Samples: 2750  dt: 4.000 ms
[12:28:46] [INFO ]   Depth:  0.0 m → 8247.0 m
[12:28:46] [INFO ]   Matching traces to navigation...
[12:28:46] [INFO ]   NAV line matched via translation: 'f688stk01' -> '1'
[12:28:46] [INFO ]   Matched 3265 / 3265 traces
[12:28:46] [INFO ]   Bandpass filtering...
[12:28:46] [INFO ]   Computing seismic attributes...
[12:28:46] [INFO ]   Picking seafloor...
[12:28:47] [INFO ]   Seafloor depth: 1053–4581 m  (0 shallow traces masked)
[12:28:47] [INFO ]   Picking horizons...
[12:28:47] [INFO ]   Computing NCC coherence (slow)...
[12:28:47] [INFO ]   Saving CNN section image...
[12:28:48] [INFO ]   Saved: f688stk01_section_cnn.png  (2700x1500px)
[12:28:48] [INFO ]   Step 1 complete
[12:28:48] [INFO ] 
[12:28:48] [INFO ] STEP 2 — Fault detection
[12:28:48] [INFO ]   Mode: single SA run (seed=12)
[12:28:51] [INFO ]   Detected 1 high-confidence faults
[12:28:51] [INFO ]     Fault  1 | trace ~ 3162 | prob=0.758
[12:28:51] [INFO ]   Step 2 complete
[12:28:51] [INFO ] 
[12:28:51] [INFO ] STEP 3 — Bounding boxes
[12:28:51] [INFO ]   Box  1 | [2560, 304, 112w, 130h px]
[12:28:51] [INFO ]   Generated 1 boxes
[12:28:51] [INFO ]   Step 3 complete
[12:28:51] [INFO ] 
[12:28:51] [INFO ] STEP 4 — Dataset building
[12:28:51] [INFO ]   Saving labeled review image...
[12:28:51] [INFO ]   Saved: f688stk01_labeled.png
[12:28:51] [INFO ]   Split: val
[12:28:51] [INFO ]   Added 1 annotations to val.json
[12:28:51] [INFO ]   train.json: 123 images, 72 annotations
[12:28:51] [INFO ]   val.json:   31 images,  12 annotations
[12:28:51] [INFO ]   Step 4 complete
[12:28:51] [INFO ] 
[12:28:51] [INFO ]   DONE  f688stk01  →  val  |  1 faults  |  1 boxes
[12:28:51] [INFO ] 
[12:28:51] [INFO ] ──────────────────────────────────────────────────
[12:28:51] [INFO ]   LINE: f688stk02
[12:28:51] [INFO ] ──────────────────────────────────────────────────
[12:28:51] [INFO ] Dataset  : namss.F-6-88-HW.mcs.airgun
[12:28:51] [INFO ] SGY      : ../../airgun_data/namss.F-6-88-HW.mcs.airgun/Data/f688stk02.sgy
[12:28:51] [INFO ] NAV      : ../../airgun_data/namss.F-6-88-HW.mcs.airgun/Navigation/f-6-88-hw_NAV-WGS84.csv
[12:28:51] [INFO ] SA mode  : single (seed=12)
[12:28:51] [INFO ] 
[12:28:51] [INFO ] STEP 1 — Feature extraction
[12:28:51] [INFO ]   Loading navigation...
[12:28:51] [INFO ]   Loading SEG-Y...
[12:28:51] [INFO ]   Traces: 2348  Samples: 2250  dt: 4.000 ms
[12:28:51] [INFO ]   Depth:  0.0 m → 6747.0 m
[12:28:51] [INFO ]   Matching traces to navigation...
[12:28:51] [INFO ]   NAV line matched via translation: 'f688stk02' -> '2'
[12:28:51] [INFO ]   Matched 2348 / 2348 traces
[12:28:51] [INFO ]   Bandpass filtering...
[12:28:52] [INFO ]   Computing seismic attributes...
[12:28:52] [INFO ]   Picking seafloor...
[12:28:52] [INFO ]   Seafloor depth: 0–3087 m  (331 shallow traces masked)
[12:28:52] [INFO ]   Picking horizons...
[12:28:52] [INFO ]   Computing NCC coherence (slow)...
[12:28:52] [INFO ]   Saving CNN section image...
[12:28:53] [INFO ]   Saved: f688stk02_section_cnn.png  (2700x1500px)
[12:28:53] [INFO ]   Step 1 complete
[12:28:53] [INFO ] 
[12:28:53] [INFO ] STEP 2 — Fault detection
[12:28:53] [INFO ]   Mode: single SA run (seed=12)
[12:28:55] [INFO ]   Detected 1 high-confidence faults
[12:28:55] [INFO ]     Fault  1 | trace ~ 1256 | prob=0.751
[12:28:55] [INFO ]   Step 2 complete
[12:28:55] [INFO ] 
[12:28:55] [INFO ] STEP 3 — Bounding boxes
[12:28:55] [INFO ]   Box  1 | [1352, 253, 184w, 154h px]
[12:28:55] [INFO ]   Generated 1 boxes
[12:28:55] [INFO ]   Step 3 complete
[12:28:55] [INFO ] 
[12:28:55] [INFO ] STEP 4 — Dataset building
[12:28:55] [INFO ]   Saving labeled review image...
[12:28:55] [INFO ]   Saved: f688stk02_labeled.png
[12:28:55] [INFO ]   Split: train
[12:28:55] [INFO ]   Added 1 annotations to train.json
[12:28:55] [INFO ]   train.json: 124 images, 73 annotations
[12:28:55] [INFO ]   val.json:   31 images,  12 annotations
[12:28:55] [INFO ]   Step 4 complete
[12:28:55] [INFO ] 
[12:28:55] [INFO ]   DONE  f688stk02  →  train  |  1 faults  |  1 boxes
[12:28:55] [INFO ] 
[12:28:55] [INFO ] ──────────────────────────────────────────────────
[12:28:55] [INFO ]   LINE: f688stk02a
[12:28:55] [INFO ] ──────────────────────────────────────────────────
[12:28:55] [INFO ] Dataset  : namss.F-6-88-HW.mcs.airgun
[12:28:55] [INFO ] SGY      : ../../airgun_data/namss.F-6-88-HW.mcs.airgun/Data/f688stk02a.sgy
[12:28:55] [INFO ] NAV      : ../../airgun_data/namss.F-6-88-HW.mcs.airgun/Navigation/f-6-88-hw_NAV-WGS84.csv
[12:28:55] [INFO ] SA mode  : single (seed=12)
[12:28:55] [INFO ] 
[12:28:55] [INFO ] STEP 1 — Feature extraction
[12:28:55] [INFO ]   Loading navigation...
[12:28:55] [INFO ]   Loading SEG-Y...
[12:28:55] [INFO ]   Traces: 768  Samples: 2000  dt: 4.000 ms
[12:28:55] [INFO ]   Depth:  0.0 m → 5997.0 m
[12:28:55] [INFO ]   Matching traces to navigation...
[12:28:55] [INFO ]   NAV line matched via translation: 'f688stk02a' -> '2A'
[12:28:55] [INFO ]   Matched 768 / 768 traces
[12:28:55] [INFO ]   Bandpass filtering...
[12:28:55] [INFO ]   Computing seismic attributes...
[12:28:55] [INFO ]   Picking seafloor...
[12:28:55] [INFO ]   Seafloor depth: 645–2694 m  (0 shallow traces masked)
[12:28:55] [INFO ]   Picking horizons...
[12:28:55] [INFO ]   Computing NCC coherence (slow)...
[12:28:55] [INFO ]   Saving CNN section image...
[12:28:56] [INFO ]   Saved: f688stk02a_section_cnn.png  (2700x1500px)
[12:28:56] [INFO ]   Step 1 complete
[12:28:56] [INFO ] 
[12:28:56] [INFO ] STEP 2 — Fault detection
[12:28:56] [INFO ]   Mode: single SA run (seed=12)
[12:28:56] [INFO ]   Detected 1 high-confidence faults
[12:28:56] [INFO ]     Fault  1 | trace ~  181 | prob=0.793
[12:28:56] [INFO ]   Step 2 complete
[12:28:56] [INFO ] 
[12:28:56] [INFO ] STEP 3 — Bounding boxes
[12:28:56] [INFO ]   Box  1 | [264, 193, 777w, 167h px]
[12:28:56] [INFO ]   Generated 1 boxes
[12:28:56] [INFO ]   Step 3 complete
[12:28:56] [INFO ] 
[12:28:56] [INFO ] STEP 4 — Dataset building
[12:28:56] [INFO ]   Saving labeled review image...
[12:28:56] [INFO ]   Saved: f688stk02a_labeled.png
[12:28:56] [INFO ]   Split: train
[12:28:56] [INFO ]   Added 1 annotations to train.json
[12:28:56] [INFO ]   train.json: 125 images, 74 annotations
[12:28:56] [INFO ]   val.json:   31 images,  12 annotations
[12:28:56] [INFO ]   Step 4 complete
[12:28:56] [INFO ] 
[12:28:56] [INFO ]   DONE  f688stk02a  →  train  |  1 faults  |  1 boxes
[12:28:56] [INFO ] 
[12:28:56] [INFO ] ──────────────────────────────────────────────────
[12:28:56] [INFO ]   LINE: f688stk03
[12:28:56] [INFO ] ──────────────────────────────────────────────────
[12:28:56] [INFO ] Dataset  : namss.F-6-88-HW.mcs.airgun
[12:28:56] [INFO ] SGY      : ../../airgun_data/namss.F-6-88-HW.mcs.airgun/Data/f688stk03.sgy
[12:28:56] [INFO ] NAV      : ../../airgun_data/namss.F-6-88-HW.mcs.airgun/Navigation/f-6-88-hw_NAV-WGS84.csv
[12:28:56] [INFO ] SA mode  : single (seed=12)
[12:28:56] [INFO ] 
[12:28:56] [INFO ] STEP 1 — Feature extraction
[12:28:56] [INFO ]   Loading navigation...
[12:28:56] [INFO ]   Loading SEG-Y...
[12:28:57] [INFO ]   Traces: 9737  Samples: 2750  dt: 4.000 ms
[12:28:57] [INFO ]   Depth:  0.0 m → 8247.0 m
[12:28:57] [INFO ]   Matching traces to navigation...
[12:28:57] [INFO ]   NAV line matched via translation: 'f688stk03' -> '3'
[12:28:58] [INFO ]   Matched 9737 / 9737 traces
[12:28:58] [INFO ]   Bandpass filtering...
[12:28:58] [INFO ]   Computing seismic attributes...
[12:28:59] [INFO ]   Picking seafloor...
[12:29:00] [INFO ]   Seafloor depth: 648–4755 m  (0 shallow traces masked)
[12:29:00] [INFO ]   Picking horizons...
[12:29:00] [INFO ]   Computing NCC coherence (slow)...
[12:29:01] [INFO ]   Saving CNN section image...
[12:29:03] [INFO ]   Saved: f688stk03_section_cnn.png  (2700x1500px)
[12:29:03] [INFO ]   Step 1 complete
[12:29:03] [INFO ] 
[12:29:03] [INFO ] STEP 2 — Fault detection
[12:29:03] [INFO ]   Mode: single SA run (seed=12)
[12:29:12] [INFO ]   Detected 0 high-confidence faults
[12:29:12] [INFO ]   Step 2 complete
[12:29:12] [INFO ] 
[12:29:12] [INFO ] STEP 3 — Bounding boxes
[12:29:12] [INFO ]   Generated 0 boxes
[12:29:12] [INFO ]   Step 3 complete
[12:29:12] [INFO ] 
[12:29:12] [INFO ] STEP 4 — Dataset building
[12:29:12] [INFO ]   Saving labeled review image...
[12:29:12] [INFO ]   Saved: f688stk03_labeled.png
[12:29:12] [INFO ]   Split: train
[12:29:12] [INFO ]   Added 0 annotations to train.json
[12:29:12] [INFO ]   train.json: 126 images, 74 annotations
[12:29:12] [INFO ]   val.json:   31 images,  12 annotations
[12:29:12] [INFO ]   Step 4 complete
[12:29:12] [INFO ] 
[12:29:12] [INFO ]   DONE  f688stk03  →  train  |  0 faults  |  0 boxes
[12:29:13] [INFO ] 
[12:29:13] [INFO ] ──────────────────────────────────────────────────
[12:29:13] [INFO ]   LINE: f688stk03a
[12:29:13] [INFO ] ──────────────────────────────────────────────────
[12:29:13] [INFO ] Dataset  : namss.F-6-88-HW.mcs.airgun
[12:29:13] [INFO ] SGY      : ../../airgun_data/namss.F-6-88-HW.mcs.airgun/Data/f688stk03a.sgy
[12:29:13] [INFO ] NAV      : ../../airgun_data/namss.F-6-88-HW.mcs.airgun/Navigation/f-6-88-hw_NAV-WGS84.csv
[12:29:13] [INFO ] SA mode  : single (seed=12)
[12:29:13] [INFO ] 
[12:29:13] [INFO ] STEP 1 — Feature extraction
[12:29:13] [INFO ]   Loading navigation...
[12:29:13] [INFO ]   Loading SEG-Y...
[12:29:13] [INFO ]   Traces: 579  Samples: 2000  dt: 4.000 ms
[12:29:13] [INFO ]   Depth:  0.0 m → 5997.0 m
[12:29:13] [INFO ]   Matching traces to navigation...
[12:29:13] [INFO ]   NAV line matched via translation: 'f688stk03a' -> '3A'
[12:29:13] [INFO ]   Matched 579 / 579 traces
[12:29:13] [INFO ]   Bandpass filtering...
[12:29:13] [INFO ]   Computing seismic attributes...
[12:29:13] [INFO ]   Picking seafloor...
[12:29:13] [INFO ]   Seafloor depth: 1320–2382 m  (0 shallow traces masked)
[12:29:13] [INFO ]   Picking horizons...
[12:29:13] [INFO ]   Computing NCC coherence (slow)...
[12:29:13] [INFO ]   Saving CNN section image...
[12:29:13] [INFO ]   Saved: f688stk03a_section_cnn.png  (2700x1500px)
[12:29:13] [INFO ]   Step 1 complete
[12:29:13] [INFO ] 
[12:29:13] [INFO ] STEP 2 — Fault detection
[12:29:13] [INFO ]   Mode: single SA run (seed=12)
[12:29:14] [INFO ]   Detected 2 high-confidence faults
[12:29:14] [INFO ]     Fault  1 | trace ~   33 | prob=0.766
[12:29:14] [INFO ]     Fault  2 | trace ~  546 | prob=0.767
[12:29:14] [INFO ]   Step 2 complete
[12:29:14] [INFO ] 
[12:29:14] [INFO ] STEP 3 — Bounding boxes
[12:29:14] [INFO ]   Box  1 | [0, 417, 536w, 163h px]
[12:29:14] [INFO ]   Box  2 | [2109, 584, 591w, 163h px]
[12:29:14] [INFO ]   Generated 2 boxes
[12:29:14] [INFO ]   Step 3 complete
[12:29:14] [INFO ] 
[12:29:14] [INFO ] STEP 4 — Dataset building
[12:29:14] [INFO ]   Saving labeled review image...
[12:29:14] [INFO ]   Saved: f688stk03a_labeled.png
[12:29:14] [INFO ]   Split: train
[12:29:14] [INFO ]   Added 2 annotations to train.json
[12:29:14] [INFO ]   train.json: 127 images, 76 annotations
[12:29:14] [INFO ]   val.json:   31 images,  12 annotations
[12:29:14] [INFO ]   Step 4 complete
[12:29:14] [INFO ] 
[12:29:14] [INFO ]   DONE  f688stk03a  →  train  |  2 faults  |  2 boxes
[12:29:14] [INFO ] 
[12:29:14] [INFO ] ──────────────────────────────────────────────────
[12:29:14] [INFO ]   LINE: f688stk04
[12:29:14] [INFO ] ──────────────────────────────────────────────────
[12:29:14] [INFO ] Dataset  : namss.F-6-88-HW.mcs.airgun
[12:29:14] [INFO ] SGY      : ../../airgun_data/namss.F-6-88-HW.mcs.airgun/Data/f688stk04.sgy
[12:29:14] [INFO ] NAV      : ../../airgun_data/namss.F-6-88-HW.mcs.airgun/Navigation/f-6-88-hw_NAV-WGS84.csv
[12:29:14] [INFO ] SA mode  : single (seed=12)
[12:29:14] [INFO ] 
[12:29:14] [INFO ] STEP 1 — Feature extraction
[12:29:14] [INFO ]   Loading navigation...
[12:29:14] [INFO ]   Loading SEG-Y...
[12:29:14] [INFO ]   Traces: 5221  Samples: 2750  dt: 4.000 ms
[12:29:14] [INFO ]   Depth:  0.0 m → 8247.0 m
[12:29:14] [INFO ]   Matching traces to navigation...
[12:29:14] [INFO ]   NAV line matched via translation: 'f688stk04' -> '4'
[12:29:15] [INFO ]   Matched 5221 / 5221 traces
[12:29:15] [INFO ]   Bandpass filtering...
[12:29:15] [INFO ]   Computing seismic attributes...
[12:29:16] [INFO ]   Picking seafloor...
[12:29:16] [INFO ]   Seafloor depth: 1068–4482 m  (0 shallow traces masked)
[12:29:16] [INFO ]   Picking horizons...
[12:29:16] [INFO ]   Computing NCC coherence (slow)...
[12:29:17] [INFO ]   Saving CNN section image...
[12:29:18] [INFO ]   Saved: f688stk04_section_cnn.png  (2700x1500px)
[12:29:18] [INFO ]   Step 1 complete
[12:29:18] [INFO ] 
[12:29:18] [INFO ] STEP 2 — Fault detection
[12:29:18] [INFO ]   Mode: single SA run (seed=12)
[12:29:23] [INFO ]   Detected 1 high-confidence faults
[12:29:23] [INFO ]     Fault  1 | trace ~ 1759 | prob=0.755
[12:29:23] [INFO ]   Step 2 complete
[12:29:23] [INFO ] 
[12:29:23] [INFO ] STEP 3 — Bounding boxes
[12:29:23] [INFO ]   Box  1 | [857, 283, 106w, 128h px]
[12:29:23] [INFO ]   Generated 1 boxes
[12:29:23] [INFO ]   Step 3 complete
[12:29:23] [INFO ] 
[12:29:23] [INFO ] STEP 4 — Dataset building
[12:29:23] [INFO ]   Saving labeled review image...
[12:29:23] [INFO ]   Saved: f688stk04_labeled.png
[12:29:23] [INFO ]   Split: val
[12:29:23] [INFO ]   Added 1 annotations to val.json
[12:29:23] [INFO ]   train.json: 127 images, 76 annotations
[12:29:23] [INFO ]   val.json:   32 images,  13 annotations
[12:29:23] [INFO ]   Step 4 complete
[12:29:23] [INFO ] 
[12:29:23] [INFO ]   DONE  f688stk04  →  val  |  1 faults  |  1 boxes
[12:29:23] [INFO ] 
[12:29:23] [INFO ] ──────────────────────────────────────────────────
[12:29:23] [INFO ]   LINE: f688stk04a
[12:29:23] [INFO ] ──────────────────────────────────────────────────
[12:29:23] [INFO ] Dataset  : namss.F-6-88-HW.mcs.airgun
[12:29:23] [INFO ] SGY      : ../../airgun_data/namss.F-6-88-HW.mcs.airgun/Data/f688stk04a.sgy
[12:29:23] [INFO ] NAV      : ../../airgun_data/namss.F-6-88-HW.mcs.airgun/Navigation/f-6-88-hw_NAV-WGS84.csv
[12:29:23] [INFO ] SA mode  : single (seed=12)
[12:29:23] [INFO ] 
[12:29:23] [INFO ] STEP 1 — Feature extraction
[12:29:23] [INFO ]   Loading navigation...
[12:29:23] [INFO ]   Loading SEG-Y...
[12:29:23] [INFO ]   Traces: 533  Samples: 1750  dt: 4.000 ms
[12:29:23] [INFO ]   Depth:  0.0 m → 5247.0 m
[12:29:23] [INFO ]   Matching traces to navigation...
[12:29:23] [INFO ]   NAV line matched via translation: 'f688stk04a' -> '4A'
[12:29:23] [INFO ]   Matched 0 / 533 traces
[12:29:23] [ERROR] SKIPPING f688stk04a (namss.F-6-88-HW.mcs.airgun): No traces matched navigation — check line name vs NAV file.
[12:29:23] [ERROR]   Traceback (most recent call last):
[12:29:23] [ERROR]     File "/Users/lennylukach/Personal/School/CS4100/namss/pipeline/src/pipeline.py", line 848, in <module>
[12:29:23] [ERROR]       process_line(line, sgy_path, nav_path, dataset)
[12:29:23] [ERROR]     File "/Users/lennylukach/Personal/School/CS4100/namss/pipeline/src/pipeline.py", line 431, in process_line
[12:29:23] [ERROR]       raise RuntimeError(
[12:29:23] [ERROR]   RuntimeError: No traces matched navigation — check line name vs NAV file.
[12:29:23] [INFO ] 
[12:29:23] [INFO ] ──────────────────────────────────────────────────
[12:29:23] [INFO ]   LINE: f688stk05
[12:29:23] [INFO ] ──────────────────────────────────────────────────
[12:29:23] [INFO ] Dataset  : namss.F-6-88-HW.mcs.airgun
[12:29:23] [INFO ] SGY      : ../../airgun_data/namss.F-6-88-HW.mcs.airgun/Data/f688stk05.sgy
[12:29:23] [INFO ] NAV      : ../../airgun_data/namss.F-6-88-HW.mcs.airgun/Navigation/f-6-88-hw_NAV-WGS84.csv
[12:29:23] [INFO ] SA mode  : single (seed=12)
[12:29:23] [INFO ] 
[12:29:23] [INFO ] STEP 1 — Feature extraction
[12:29:23] [INFO ]   Loading navigation...
[12:29:23] [INFO ]   Loading SEG-Y...
[12:29:24] [INFO ]   Traces: 6716  Samples: 2750  dt: 4.000 ms
[12:29:24] [INFO ]   Depth:  0.0 m → 8247.0 m
[12:29:24] [INFO ]   Matching traces to navigation...
[12:29:24] [INFO ]   NAV line matched via translation: 'f688stk05' -> '5'
[12:29:24] [INFO ]   Matched 6716 / 6716 traces
[12:29:24] [INFO ]   Bandpass filtering...
[12:29:24] [INFO ]   Computing seismic attributes...
[12:29:25] [INFO ]   Picking seafloor...
[12:29:26] [INFO ]   Seafloor depth: 0–4425 m  (739 shallow traces masked)
[12:29:26] [INFO ]   Picking horizons...
[12:29:26] [INFO ]   Computing NCC coherence (slow)...
[12:29:26] [INFO ]   Saving CNN section image...
[12:29:28] [INFO ]   Saved: f688stk05_section_cnn.png  (2700x1500px)
[12:29:28] [INFO ]   Step 1 complete
[12:29:28] [INFO ] 
[12:29:28] [INFO ] STEP 2 — Fault detection
[12:29:28] [INFO ]   Mode: single SA run (seed=12)
[12:29:34] [INFO ]   Detected 0 high-confidence faults
[12:29:34] [INFO ]   Step 2 complete
[12:29:34] [INFO ] 
[12:29:34] [INFO ] STEP 3 — Bounding boxes
[12:29:34] [INFO ]   Generated 0 boxes
[12:29:34] [INFO ]   Step 3 complete
[12:29:34] [INFO ] 
[12:29:34] [INFO ] STEP 4 — Dataset building
[12:29:34] [INFO ]   Saving labeled review image...
[12:29:34] [INFO ]   Saved: f688stk05_labeled.png
[12:29:34] [INFO ]   Split: train
[12:29:34] [INFO ]   Added 0 annotations to train.json
[12:29:34] [INFO ]   train.json: 128 images, 76 annotations
[12:29:34] [INFO ]   val.json:   32 images,  13 annotations
[12:29:34] [INFO ]   Step 4 complete
[12:29:34] [INFO ] 
[12:29:34] [INFO ]   DONE  f688stk05  →  train  |  0 faults  |  0 boxes
[12:29:34] [INFO ] 
[12:29:34] [INFO ] ──────────────────────────────────────────────────
[12:29:34] [INFO ]   LINE: f688stk05a
[12:29:34] [INFO ] ──────────────────────────────────────────────────
[12:29:34] [INFO ] Dataset  : namss.F-6-88-HW.mcs.airgun
[12:29:34] [INFO ] SGY      : ../../airgun_data/namss.F-6-88-HW.mcs.airgun/Data/f688stk05a.sgy
[12:29:34] [INFO ] NAV      : ../../airgun_data/namss.F-6-88-HW.mcs.airgun/Navigation/f-6-88-hw_NAV-WGS84.csv
[12:29:34] [INFO ] SA mode  : single (seed=12)
[12:29:34] [INFO ] 
[12:29:34] [INFO ] STEP 1 — Feature extraction
[12:29:34] [INFO ]   Loading navigation...
[12:29:34] [INFO ]   Loading SEG-Y...
[12:29:34] [INFO ]   Traces: 1467  Samples: 2500  dt: 4.000 ms
[12:29:34] [INFO ]   Depth:  0.0 m → 7497.0 m
[12:29:34] [INFO ]   Matching traces to navigation...
[12:29:34] [INFO ]   NAV line matched via translation: 'f688stk05a' -> '5A'
[12:29:34] [INFO ]   Matched 416 / 1467 traces
[12:29:34] [INFO ]   Bandpass filtering...
[12:29:34] [INFO ]   Computing seismic attributes...
[12:29:34] [INFO ]   Picking seafloor...
[12:29:34] [INFO ]   Seafloor depth: 1980–2868 m  (0 shallow traces masked)
[12:29:34] [INFO ]   Picking horizons...
[12:29:34] [INFO ]   Computing NCC coherence (slow)...
[12:29:34] [INFO ]   Saving CNN section image...
[12:29:34] [INFO ]   Saved: f688stk05a_section_cnn.png  (2700x1500px)
[12:29:34] [INFO ]   Step 1 complete
[12:29:34] [INFO ] 
[12:29:34] [INFO ] STEP 2 — Fault detection
[12:29:34] [INFO ]   Mode: single SA run (seed=12)
[12:29:35] [INFO ]   Detected 0 high-confidence faults
[12:29:35] [INFO ]   Step 2 complete
[12:29:35] [INFO ] 
[12:29:35] [INFO ] STEP 3 — Bounding boxes
[12:29:35] [INFO ]   Generated 0 boxes
[12:29:35] [INFO ]   Step 3 complete
[12:29:35] [INFO ] 
[12:29:35] [INFO ] STEP 4 — Dataset building
[12:29:35] [INFO ]   Saving labeled review image...
[12:29:35] [INFO ]   Saved: f688stk05a_labeled.png
[12:29:35] [INFO ]   Split: train
[12:29:35] [INFO ]   Added 0 annotations to train.json
[12:29:35] [INFO ]   train.json: 129 images, 76 annotations
[12:29:35] [INFO ]   val.json:   32 images,  13 annotations
[12:29:35] [INFO ]   Step 4 complete
[12:29:35] [INFO ] 
[12:29:35] [INFO ]   DONE  f688stk05a  →  train  |  0 faults  |  0 boxes
[12:29:35] [INFO ] 
[12:29:35] [INFO ] ──────────────────────────────────────────────────
[12:29:35] [INFO ]   LINE: f688stk06
[12:29:35] [INFO ] ──────────────────────────────────────────────────
[12:29:35] [INFO ] Dataset  : namss.F-6-88-HW.mcs.airgun
[12:29:35] [INFO ] SGY      : ../../airgun_data/namss.F-6-88-HW.mcs.airgun/Data/f688stk06.sgy
[12:29:35] [INFO ] NAV      : ../../airgun_data/namss.F-6-88-HW.mcs.airgun/Navigation/f-6-88-hw_NAV-WGS84.csv
[12:29:35] [INFO ] SA mode  : single (seed=12)
[12:29:35] [INFO ] 
[12:29:35] [INFO ] STEP 1 — Feature extraction
[12:29:35] [INFO ]   Loading navigation...
[12:29:35] [INFO ]   Loading SEG-Y...
[12:29:35] [INFO ]   Traces: 10540  Samples: 2750  dt: 4.000 ms
[12:29:35] [INFO ]   Depth:  0.0 m → 8247.0 m
[12:29:35] [INFO ]   Matching traces to navigation...
[12:29:35] [INFO ]   NAV line matched via translation: 'f688stk06' -> '6'
[12:29:36] [INFO ]   Matched 10540 / 10540 traces
[12:29:36] [INFO ]   Bandpass filtering...
[12:29:37] [INFO ]   Computing seismic attributes...
[12:29:38] [INFO ]   Picking seafloor...
[12:29:39] [INFO ]   Seafloor depth: 0–4821 m  (1 shallow traces masked)
[12:29:39] [INFO ]   Picking horizons...
[12:29:39] [INFO ]   Computing NCC coherence (slow)...
[12:29:40] [INFO ]   Saving CNN section image...
[12:29:42] [INFO ]   Saved: f688stk06_section_cnn.png  (2700x1500px)
[12:29:42] [INFO ]   Step 1 complete
[12:29:42] [INFO ] 
[12:29:42] [INFO ] STEP 2 — Fault detection
[12:29:42] [INFO ]   Mode: single SA run (seed=12)
[12:29:54] [INFO ]   Detected 0 high-confidence faults
[12:29:54] [INFO ]   Step 2 complete
[12:29:54] [INFO ] 
[12:29:54] [INFO ] STEP 3 — Bounding boxes
[12:29:54] [INFO ]   Generated 0 boxes
[12:29:54] [INFO ]   Step 3 complete
[12:29:54] [INFO ] 
[12:29:54] [INFO ] STEP 4 — Dataset building
[12:29:54] [INFO ]   Saving labeled review image...
[12:29:54] [INFO ]   Saved: f688stk06_labeled.png
[12:29:54] [INFO ]   Split: train
[12:29:54] [INFO ]   Added 0 annotations to train.json
[12:29:54] [INFO ]   train.json: 130 images, 76 annotations
[12:29:54] [INFO ]   val.json:   32 images,  13 annotations
[12:29:54] [INFO ]   Step 4 complete
[12:29:54] [INFO ] 
[12:29:54] [INFO ]   DONE  f688stk06  →  train  |  0 faults  |  0 boxes
[12:29:54] [INFO ] 
[12:29:54] [INFO ] ──────────────────────────────────────────────────
[12:29:54] [INFO ]   LINE: f688stk06a
[12:29:54] [INFO ] ──────────────────────────────────────────────────
[12:29:54] [INFO ] Dataset  : namss.F-6-88-HW.mcs.airgun
[12:29:54] [INFO ] SGY      : ../../airgun_data/namss.F-6-88-HW.mcs.airgun/Data/f688stk06a.sgy
[12:29:54] [INFO ] NAV      : ../../airgun_data/namss.F-6-88-HW.mcs.airgun/Navigation/f-6-88-hw_NAV-WGS84.csv
[12:29:54] [INFO ] SA mode  : single (seed=12)
[12:29:54] [INFO ] 
[12:29:54] [INFO ] STEP 1 — Feature extraction
[12:29:54] [INFO ]   Loading navigation...
[12:29:54] [INFO ]   Loading SEG-Y...
[12:29:54] [INFO ]   Traces: 530  Samples: 3000  dt: 4.000 ms
[12:29:54] [INFO ]   Depth:  0.0 m → 8997.0 m
[12:29:54] [INFO ]   Matching traces to navigation...
[12:29:54] [INFO ]   NAV line matched via translation: 'f688stk06a' -> '6A'
[12:29:54] [INFO ]   Matched 353 / 530 traces
[12:29:54] [INFO ]   Bandpass filtering...
[12:29:54] [INFO ]   Computing seismic attributes...
[12:29:55] [INFO ]   Picking seafloor...
[12:29:55] [INFO ]   Seafloor depth: 4755–4890 m  (0 shallow traces masked)
[12:29:55] [INFO ]   Picking horizons...
[12:29:55] [INFO ]   Computing NCC coherence (slow)...
[12:29:55] [INFO ]   Saving CNN section image...
[12:29:55] [INFO ]   Saved: f688stk06a_section_cnn.png  (2700x1500px)
[12:29:55] [INFO ]   Step 1 complete
[12:29:55] [INFO ] 
[12:29:55] [INFO ] STEP 2 — Fault detection
[12:29:55] [INFO ]   Mode: single SA run (seed=12)
[12:29:56] [INFO ]   Detected 1 high-confidence faults
[12:29:56] [INFO ]     Fault  1 | trace ~  310 | prob=0.771
[12:29:56] [INFO ]   Step 2 complete
[12:29:56] [INFO ] 
[12:29:56] [INFO ] STEP 3 — Bounding boxes
[12:29:56] [INFO ]   Box  1 | [1914, 803, 786w, 117h px]
[12:29:56] [INFO ]   Generated 1 boxes
[12:29:56] [INFO ]   Step 3 complete
[12:29:56] [INFO ] 
[12:29:56] [INFO ] STEP 4 — Dataset building
[12:29:56] [INFO ]   Saving labeled review image...
[12:29:56] [INFO ]   Saved: f688stk06a_labeled.png
[12:29:56] [INFO ]   Split: val
[12:29:56] [INFO ]   Added 1 annotations to val.json
[12:29:56] [INFO ]   train.json: 130 images, 76 annotations
[12:29:56] [INFO ]   val.json:   33 images,  14 annotations
[12:29:56] [INFO ]   Step 4 complete
[12:29:56] [INFO ] 
[12:29:56] [INFO ]   DONE  f688stk06a  →  val  |  1 faults  |  1 boxes
[12:29:56] [INFO ] 
[12:29:56] [INFO ] ──────────────────────────────────────────────────
[12:29:56] [INFO ]   LINE: f688stk07
[12:29:56] [INFO ] ──────────────────────────────────────────────────
[12:29:56] [INFO ] Dataset  : namss.F-6-88-HW.mcs.airgun
[12:29:56] [INFO ] SGY      : ../../airgun_data/namss.F-6-88-HW.mcs.airgun/Data/f688stk07.sgy
[12:29:56] [INFO ] NAV      : ../../airgun_data/namss.F-6-88-HW.mcs.airgun/Navigation/f-6-88-hw_NAV-WGS84.csv
[12:29:56] [INFO ] SA mode  : single (seed=12)
[12:29:56] [INFO ] 
[12:29:56] [INFO ] STEP 1 — Feature extraction
[12:29:56] [INFO ]   Loading navigation...
[12:29:56] [INFO ]   Loading SEG-Y...
[12:29:56] [INFO ]   Traces: 10306  Samples: 2750  dt: 4.000 ms
[12:29:56] [INFO ]   Depth:  0.0 m → 8247.0 m
[12:29:56] [INFO ]   Matching traces to navigation...
[12:29:56] [INFO ]   NAV line matched via translation: 'f688stk07' -> '7'
[12:29:57] [INFO ]   Matched 10306 / 10306 traces
[12:29:57] [INFO ]   Bandpass filtering...
[12:29:57] [INFO ]   Computing seismic attributes...
[12:29:58] [INFO ]   Picking seafloor...
[12:29:59] [INFO ]   Seafloor depth: 3411–4878 m  (0 shallow traces masked)
[12:29:59] [INFO ]   Picking horizons...
[12:30:00] [INFO ]   Computing NCC coherence (slow)...
[12:30:01] [INFO ]   Saving CNN section image...
[12:30:02] [INFO ]   Saved: f688stk07_section_cnn.png  (2700x1500px)
[12:30:02] [INFO ]   Step 1 complete
[12:30:02] [INFO ] 
[12:30:02] [INFO ] STEP 2 — Fault detection
[12:30:02] [INFO ]   Mode: single SA run (seed=12)
[12:32:04] [INFO ]   Detected 0 high-confidence faults
[12:32:04] [INFO ]   Step 2 complete
[12:32:04] [INFO ] 
[12:32:04] [INFO ] STEP 3 — Bounding boxes
[12:32:04] [INFO ]   Generated 0 boxes
[12:32:04] [INFO ]   Step 3 complete
[12:32:04] [INFO ] 
[12:32:04] [INFO ] STEP 4 — Dataset building
[12:32:04] [INFO ]   Saving labeled review image...
[12:32:04] [INFO ]   Saved: f688stk07_labeled.png
[12:32:04] [INFO ]   Split: train
[12:32:04] [INFO ]   Added 0 annotations to train.json
[12:32:04] [INFO ]   train.json: 131 images, 76 annotations
[12:32:04] [INFO ]   val.json:   33 images,  14 annotations
[12:32:04] [INFO ]   Step 4 complete
[12:32:04] [INFO ] 
[12:32:04] [INFO ]   DONE  f688stk07  →  train  |  0 faults  |  0 boxes
[12:32:04] [INFO ] 
[12:32:04] [INFO ] ──────────────────────────────────────────────────
[12:32:04] [INFO ]   LINE: f688stk07a
[12:32:04] [INFO ] ──────────────────────────────────────────────────
[12:32:04] [INFO ] Dataset  : namss.F-6-88-HW.mcs.airgun
[12:32:04] [INFO ] SGY      : ../../airgun_data/namss.F-6-88-HW.mcs.airgun/Data/f688stk07a.sgy
[12:32:04] [INFO ] NAV      : ../../airgun_data/namss.F-6-88-HW.mcs.airgun/Navigation/f-6-88-hw_NAV-WGS84.csv
[12:32:04] [INFO ] SA mode  : single (seed=12)
[12:32:04] [INFO ] 
[12:32:04] [INFO ] STEP 1 — Feature extraction
[12:32:04] [INFO ]   Loading navigation...
[12:32:04] [INFO ]   Loading SEG-Y...
[12:32:04] [INFO ]   Traces: 616  Samples: 2750  dt: 4.000 ms
[12:32:04] [INFO ]   Depth:  0.0 m → 8247.0 m
[12:32:04] [INFO ]   Matching traces to navigation...
[12:32:04] [INFO ]   NAV line matched via translation: 'f688stk07a' -> '7A'
[12:32:04] [INFO ]   Matched 0 / 616 traces
[12:32:04] [ERROR] SKIPPING f688stk07a (namss.F-6-88-HW.mcs.airgun): No traces matched navigation — check line name vs NAV file.
[12:32:04] [ERROR]   Traceback (most recent call last):
[12:32:04] [ERROR]     File "/Users/lennylukach/Personal/School/CS4100/namss/pipeline/src/pipeline.py", line 848, in <module>
[12:32:04] [ERROR]       process_line(line, sgy_path, nav_path, dataset)
[12:32:04] [ERROR]     File "/Users/lennylukach/Personal/School/CS4100/namss/pipeline/src/pipeline.py", line 431, in process_line
[12:32:04] [ERROR]       raise RuntimeError(
[12:32:04] [ERROR]   RuntimeError: No traces matched navigation — check line name vs NAV file.
[12:32:04] [INFO ] 
[12:32:04] [INFO ] ──────────────────────────────────────────────────
[12:32:04] [INFO ]   LINE: f688stk08
[12:32:04] [INFO ] ──────────────────────────────────────────────────
[12:32:04] [INFO ] Dataset  : namss.F-6-88-HW.mcs.airgun
[12:32:04] [INFO ] SGY      : ../../airgun_data/namss.F-6-88-HW.mcs.airgun/Data/f688stk08.sgy
[12:32:04] [INFO ] NAV      : ../../airgun_data/namss.F-6-88-HW.mcs.airgun/Navigation/f-6-88-hw_NAV-WGS84.csv
[12:32:04] [INFO ] SA mode  : single (seed=12)
[12:32:04] [INFO ] 
[12:32:04] [INFO ] STEP 1 — Feature extraction
[12:32:04] [INFO ]   Loading navigation...
[12:32:04] [INFO ]   Loading SEG-Y...
[12:32:04] [INFO ]   Traces: 10030  Samples: 2750  dt: 4.000 ms
[12:32:04] [INFO ]   Depth:  0.0 m → 8247.0 m
[12:32:04] [INFO ]   Matching traces to navigation...
[12:32:04] [INFO ]   NAV line matched via translation: 'f688stk08' -> '8'
[12:32:05] [INFO ]   Matched 10030 / 10030 traces
[12:32:05] [INFO ]   Bandpass filtering...
[12:32:05] [INFO ]   Computing seismic attributes...
[12:32:07] [INFO ]   Picking seafloor...
[12:32:07] [INFO ]   Seafloor depth: 4269–4875 m  (0 shallow traces masked)
[12:32:07] [INFO ]   Picking horizons...
[12:32:08] [INFO ]   Computing NCC coherence (slow)...
[12:32:08] [INFO ]   Saving CNN section image...
[12:32:10] [INFO ]   Saved: f688stk08_section_cnn.png  (2700x1500px)
[12:32:10] [INFO ]   Step 1 complete
[12:32:10] [INFO ] 
[12:32:10] [INFO ] STEP 2 — Fault detection
[12:32:10] [INFO ]   Mode: single SA run (seed=12)
[12:32:21] [INFO ]   Detected 4 high-confidence faults
[12:32:21] [INFO ]     Fault  1 | trace ~  561 | prob=0.776
[12:32:21] [INFO ]     Fault  2 | trace ~ 5762 | prob=0.781
[12:32:21] [INFO ]     Fault  3 | trace ~ 6798 | prob=0.760
[12:32:21] [INFO ]     Fault  4 | trace ~ 7403 | prob=0.763
[12:32:21] [INFO ]   Step 2 complete
[12:32:21] [INFO ] 
[12:32:21] [INFO ] STEP 3 — Bounding boxes
[12:32:21] [INFO ]   Box  1 | [104, 786, 94w, 125h px]
[12:32:21] [INFO ]   Box  2 | [1505, 871, 95w, 130h px]
[12:32:21] [INFO ]   Box  3 | [1784, 865, 92w, 128h px]
[12:32:21] [INFO ]   Box  4 | [1948, 857, 98w, 130h px]
[12:32:21] [INFO ]   Generated 4 boxes
[12:32:21] [INFO ]   Step 3 complete
[12:32:21] [INFO ] 
[12:32:21] [INFO ] STEP 4 — Dataset building
[12:32:21] [INFO ]   Saving labeled review image...
[12:32:21] [INFO ]   Saved: f688stk08_labeled.png
[12:32:21] [INFO ]   Split: train
[12:32:21] [INFO ]   Added 4 annotations to train.json
[12:32:21] [INFO ]   train.json: 132 images, 80 annotations
[12:32:21] [INFO ]   val.json:   33 images,  14 annotations
[12:32:21] [INFO ]   Step 4 complete
[12:32:21] [INFO ] 
[12:32:21] [INFO ]   DONE  f688stk08  →  train  |  4 faults  |  4 boxes
[12:32:21] [INFO ] 
[12:32:21] [INFO ] ──────────────────────────────────────────────────
[12:32:21] [INFO ]   LINE: f688stk09
[12:32:21] [INFO ] ──────────────────────────────────────────────────
[12:32:21] [INFO ] Dataset  : namss.F-6-88-HW.mcs.airgun
[12:32:21] [INFO ] SGY      : ../../airgun_data/namss.F-6-88-HW.mcs.airgun/Data/f688stk09.sgy
[12:32:21] [INFO ] NAV      : ../../airgun_data/namss.F-6-88-HW.mcs.airgun/Navigation/f-6-88-hw_NAV-WGS84.csv
[12:32:21] [INFO ] SA mode  : single (seed=12)
[12:32:21] [INFO ] 
[12:32:21] [INFO ] STEP 1 — Feature extraction
[12:32:21] [INFO ]   Loading navigation...
[12:32:21] [INFO ]   Loading SEG-Y...
[12:32:21] [INFO ]   Traces: 10142  Samples: 2750  dt: 4.000 ms
[12:32:21] [INFO ]   Depth:  0.0 m → 8247.0 m
[12:32:21] [INFO ]   Matching traces to navigation...
[12:32:21] [INFO ]   NAV line matched via translation: 'f688stk09' -> '9'
[12:32:22] [INFO ]   Matched 10142 / 10142 traces
[12:32:22] [INFO ]   Bandpass filtering...
[12:32:22] [INFO ]   Computing seismic attributes...
[12:32:24] [INFO ]   Picking seafloor...
[12:32:24] [INFO ]   Seafloor depth: 0–4851 m  (172 shallow traces masked)
[12:32:24] [INFO ]   Picking horizons...
[12:32:25] [INFO ]   Computing NCC coherence (slow)...
[12:32:26] [INFO ]   Saving CNN section image...
[12:32:27] [INFO ]   Saved: f688stk09_section_cnn.png  (2700x1500px)
[12:32:27] [INFO ]   Step 1 complete
[12:32:27] [INFO ] 
[12:32:27] [INFO ] STEP 2 — Fault detection
[12:32:27] [INFO ]   Mode: single SA run (seed=12)
[12:32:39] [INFO ]   Detected 1 high-confidence faults
[12:32:39] [INFO ]     Fault  1 | trace ~10080 | prob=0.776
[12:32:39] [INFO ]   Step 2 complete
[12:32:39] [INFO ] 
[12:32:39] [INFO ] STEP 3 — Bounding boxes
[12:32:39] [INFO ]   Box  1 | [2638, 761, 62w, 122h px]
[12:32:39] [INFO ]   Generated 1 boxes
[12:32:39] [INFO ]   Step 3 complete
[12:32:39] [INFO ] 
[12:32:39] [INFO ] STEP 4 — Dataset building
[12:32:39] [INFO ]   Saving labeled review image...
[12:32:39] [INFO ]   Saved: f688stk09_labeled.png
[12:32:39] [INFO ]   Split: train
[12:32:39] [INFO ]   Added 1 annotations to train.json
[12:32:39] [INFO ]   train.json: 133 images, 81 annotations
[12:32:39] [INFO ]   val.json:   33 images,  14 annotations
[12:32:39] [INFO ]   Step 4 complete
[12:32:39] [INFO ] 
[12:32:39] [INFO ]   DONE  f688stk09  →  train  |  1 faults  |  1 boxes
[12:32:39] [INFO ] 
[12:32:39] [INFO ] ──────────────────────────────────────────────────
[12:32:39] [INFO ]   LINE: f688stk09a
[12:32:39] [INFO ] ──────────────────────────────────────────────────
[12:32:39] [INFO ] Dataset  : namss.F-6-88-HW.mcs.airgun
[12:32:39] [INFO ] SGY      : ../../airgun_data/namss.F-6-88-HW.mcs.airgun/Data/f688stk09a.sgy
[12:32:39] [INFO ] NAV      : ../../airgun_data/namss.F-6-88-HW.mcs.airgun/Navigation/f-6-88-hw_NAV-WGS84.csv
[12:32:39] [INFO ] SA mode  : single (seed=12)
[12:32:39] [INFO ] 
[12:32:39] [INFO ] STEP 1 — Feature extraction
[12:32:39] [INFO ]   Loading navigation...
[12:32:39] [INFO ]   Loading SEG-Y...
[12:32:39] [INFO ]   Traces: 736  Samples: 2750  dt: 4.000 ms
[12:32:39] [INFO ]   Depth:  0.0 m → 8247.0 m
[12:32:39] [INFO ]   Matching traces to navigation...
[12:32:39] [INFO ]   NAV line matched via translation: 'f688stk09a' -> '9A'
[12:32:39] [INFO ]   Matched 0 / 736 traces
[12:32:39] [ERROR] SKIPPING f688stk09a (namss.F-6-88-HW.mcs.airgun): No traces matched navigation — check line name vs NAV file.
[12:32:39] [ERROR]   Traceback (most recent call last):
[12:32:39] [ERROR]     File "/Users/lennylukach/Personal/School/CS4100/namss/pipeline/src/pipeline.py", line 848, in <module>
[12:32:39] [ERROR]       process_line(line, sgy_path, nav_path, dataset)
[12:32:39] [ERROR]     File "/Users/lennylukach/Personal/School/CS4100/namss/pipeline/src/pipeline.py", line 431, in process_line
[12:32:39] [ERROR]       raise RuntimeError(
[12:32:39] [ERROR]   RuntimeError: No traces matched navigation — check line name vs NAV file.
[12:32:39] [INFO ] 
[12:32:39] [INFO ] ──────────────────────────────────────────────────
[12:32:39] [INFO ]   LINE: f688stk10
[12:32:39] [INFO ] ──────────────────────────────────────────────────
[12:32:39] [INFO ] Dataset  : namss.F-6-88-HW.mcs.airgun
[12:32:39] [INFO ] SGY      : ../../airgun_data/namss.F-6-88-HW.mcs.airgun/Data/f688stk10.sgy
[12:32:39] [INFO ] NAV      : ../../airgun_data/namss.F-6-88-HW.mcs.airgun/Navigation/f-6-88-hw_NAV-WGS84.csv
[12:32:39] [INFO ] SA mode  : single (seed=12)
[12:32:39] [INFO ] 
[12:32:39] [INFO ] STEP 1 — Feature extraction
[12:32:39] [INFO ]   Loading navigation...
[12:32:39] [INFO ]   Loading SEG-Y...
[12:32:39] [INFO ]   Traces: 10183  Samples: 2750  dt: 4.000 ms
[12:32:39] [INFO ]   Depth:  0.0 m → 8247.0 m
[12:32:39] [INFO ]   Matching traces to navigation...
[12:32:39] [INFO ]   NAV line matched via translation: 'f688stk10' -> '10'
[12:32:40] [INFO ]   Matched 10183 / 10183 traces
[12:32:40] [INFO ]   Bandpass filtering...
[12:32:41] [INFO ]   Computing seismic attributes...
[12:32:43] [INFO ]   Picking seafloor...
[12:32:43] [INFO ]   Seafloor depth: 3495–4818 m  (0 shallow traces masked)
[12:32:43] [INFO ]   Picking horizons...
[12:32:44] [INFO ]   Computing NCC coherence (slow)...
[12:32:45] [INFO ]   Saving CNN section image...
[12:32:47] [INFO ]   Saved: f688stk10_section_cnn.png  (2700x1500px)
[12:32:47] [INFO ]   Step 1 complete
[12:32:47] [INFO ] 
[12:32:47] [INFO ] STEP 2 — Fault detection
[12:32:47] [INFO ]   Mode: single SA run (seed=12)
[12:32:57] [INFO ]   Detected 0 high-confidence faults
[12:32:57] [INFO ]   Step 2 complete
[12:32:57] [INFO ] 
[12:32:57] [INFO ] STEP 3 — Bounding boxes
[12:32:57] [INFO ]   Generated 0 boxes
[12:32:57] [INFO ]   Step 3 complete
[12:32:57] [INFO ] 
[12:32:57] [INFO ] STEP 4 — Dataset building
[12:32:57] [INFO ]   Saving labeled review image...
[12:32:58] [INFO ]   Saved: f688stk10_labeled.png
[12:32:58] [INFO ]   Split: train
[12:32:58] [INFO ]   Added 0 annotations to train.json
[12:32:58] [INFO ]   train.json: 134 images, 81 annotations
[12:32:58] [INFO ]   val.json:   33 images,  14 annotations
[12:32:58] [INFO ]   Step 4 complete
[12:32:58] [INFO ] 
[12:32:58] [INFO ]   DONE  f688stk10  →  train  |  0 faults  |  0 boxes
[12:32:58] [INFO ] 
[12:32:58] [INFO ] ──────────────────────────────────────────────────
[12:32:58] [INFO ]   LINE: f688stk10a
[12:32:58] [INFO ] ──────────────────────────────────────────────────
[12:32:58] [INFO ] Dataset  : namss.F-6-88-HW.mcs.airgun
[12:32:58] [INFO ] SGY      : ../../airgun_data/namss.F-6-88-HW.mcs.airgun/Data/f688stk10a.sgy
[12:32:58] [INFO ] NAV      : ../../airgun_data/namss.F-6-88-HW.mcs.airgun/Navigation/f-6-88-hw_NAV-WGS84.csv
[12:32:58] [INFO ] SA mode  : single (seed=12)
[12:32:58] [INFO ] 
[12:32:58] [INFO ] STEP 1 — Feature extraction
[12:32:58] [INFO ]   Loading navigation...
[12:32:58] [INFO ]   Loading SEG-Y...
[12:32:58] [INFO ]   Traces: 648  Samples: 2750  dt: 4.000 ms
[12:32:58] [INFO ]   Depth:  0.0 m → 8247.0 m
[12:32:58] [INFO ]   Matching traces to navigation...
[12:32:58] [INFO ]   NAV line matched via translation: 'f688stk10a' -> '10A'
[12:32:58] [INFO ]   Matched 0 / 648 traces
[12:32:58] [ERROR] SKIPPING f688stk10a (namss.F-6-88-HW.mcs.airgun): No traces matched navigation — check line name vs NAV file.
[12:32:58] [ERROR]   Traceback (most recent call last):
[12:32:58] [ERROR]     File "/Users/lennylukach/Personal/School/CS4100/namss/pipeline/src/pipeline.py", line 848, in <module>
[12:32:58] [ERROR]       process_line(line, sgy_path, nav_path, dataset)
[12:32:58] [ERROR]     File "/Users/lennylukach/Personal/School/CS4100/namss/pipeline/src/pipeline.py", line 431, in process_line
[12:32:58] [ERROR]       raise RuntimeError(
[12:32:58] [ERROR]   RuntimeError: No traces matched navigation — check line name vs NAV file.
[12:32:58] [INFO ] 
[12:32:58] [INFO ] ──────────────────────────────────────────────────
[12:32:58] [INFO ]   LINE: f688stk11
[12:32:58] [INFO ] ──────────────────────────────────────────────────
[12:32:58] [INFO ] Dataset  : namss.F-6-88-HW.mcs.airgun
[12:32:58] [INFO ] SGY      : ../../airgun_data/namss.F-6-88-HW.mcs.airgun/Data/f688stk11.sgy
[12:32:58] [INFO ] NAV      : ../../airgun_data/namss.F-6-88-HW.mcs.airgun/Navigation/f-6-88-hw_NAV-WGS84.csv
[12:32:58] [INFO ] SA mode  : single (seed=12)
[12:32:58] [INFO ] 
[12:32:58] [INFO ] STEP 1 — Feature extraction
[12:32:58] [INFO ]   Loading navigation...
[12:32:58] [INFO ]   Loading SEG-Y...
[12:32:58] [INFO ]   Traces: 10647  Samples: 2750  dt: 4.000 ms
[12:32:58] [INFO ]   Depth:  0.0 m → 8247.0 m
[12:32:58] [INFO ]   Matching traces to navigation...
[12:32:58] [INFO ]   NAV line matched via translation: 'f688stk11' -> '11'
[12:32:59] [INFO ]   Matched 10647 / 10647 traces
[12:32:59] [INFO ]   Bandpass filtering...
[12:32:59] [INFO ]   Computing seismic attributes...
[12:33:01] [INFO ]   Picking seafloor...
[12:33:01] [INFO ]   Seafloor depth: 0–4938 m  (218 shallow traces masked)
[12:33:01] [INFO ]   Picking horizons...
[12:33:02] [INFO ]   Computing NCC coherence (slow)...
[12:33:03] [INFO ]   Saving CNN section image...
[12:33:05] [INFO ]   Saved: f688stk11_section_cnn.png  (2700x1500px)
[12:33:05] [INFO ]   Step 1 complete
[12:33:05] [INFO ] 
[12:33:05] [INFO ] STEP 2 — Fault detection
[12:33:05] [INFO ]   Mode: single SA run (seed=12)
[12:48:16] [INFO ]   Detected 0 high-confidence faults
[12:48:16] [INFO ]   Step 2 complete
[12:48:16] [INFO ] 
[12:48:16] [INFO ] STEP 3 — Bounding boxes
[12:48:16] [INFO ]   Generated 0 boxes
[12:48:16] [INFO ]   Step 3 complete
[12:48:16] [INFO ] 
[12:48:16] [INFO ] STEP 4 — Dataset building
[12:48:16] [INFO ]   Saving labeled review image...
[12:48:16] [INFO ]   Saved: f688stk11_labeled.png
[12:48:16] [INFO ]   Split: train
[12:48:16] [INFO ]   Added 0 annotations to train.json
[12:48:16] [INFO ]   train.json: 135 images, 81 annotations
[12:48:16] [INFO ]   val.json:   33 images,  14 annotations
[12:48:16] [INFO ]   Step 4 complete
[12:48:16] [INFO ] 
[12:48:16] [INFO ]   DONE  f688stk11  →  train  |  0 faults  |  0 boxes
[12:48:16] [INFO ] 
[12:48:16] [INFO ] ──────────────────────────────────────────────────
[12:48:16] [INFO ]   LINE: f688stk11a
[12:48:16] [INFO ] ──────────────────────────────────────────────────
[12:48:16] [INFO ] Dataset  : namss.F-6-88-HW.mcs.airgun
[12:48:16] [INFO ] SGY      : ../../airgun_data/namss.F-6-88-HW.mcs.airgun/Data/f688stk11a.sgy
[12:48:16] [INFO ] NAV      : ../../airgun_data/namss.F-6-88-HW.mcs.airgun/Navigation/f-6-88-hw_NAV-WGS84.csv
[12:48:16] [INFO ] SA mode  : single (seed=12)
[12:48:16] [INFO ] 
[12:48:16] [INFO ] STEP 1 — Feature extraction
[12:48:16] [INFO ]   Loading navigation...
[12:48:16] [INFO ]   Loading SEG-Y...
[12:48:17] [INFO ]   Traces: 807  Samples: 2750  dt: 4.000 ms
[12:48:17] [INFO ]   Depth:  0.0 m → 8247.0 m
[12:48:17] [INFO ]   Matching traces to navigation...
[12:48:17] [INFO ]   NAV line matched via translation: 'f688stk11a' -> '11A'
[12:48:17] [INFO ]   Matched 0 / 807 traces
[12:48:17] [ERROR] SKIPPING f688stk11a (namss.F-6-88-HW.mcs.airgun): No traces matched navigation — check line name vs NAV file.
[12:48:17] [ERROR]   Traceback (most recent call last):
[12:48:17] [ERROR]     File "/Users/lennylukach/Personal/School/CS4100/namss/pipeline/src/pipeline.py", line 848, in <module>
[12:48:17] [ERROR]       process_line(line, sgy_path, nav_path, dataset)
[12:48:17] [ERROR]     File "/Users/lennylukach/Personal/School/CS4100/namss/pipeline/src/pipeline.py", line 431, in process_line
[12:48:17] [ERROR]       raise RuntimeError(
[12:48:17] [ERROR]   RuntimeError: No traces matched navigation — check line name vs NAV file.
[12:48:17] [INFO ] 
[12:48:17] [INFO ] ──────────────────────────────────────────────────
[12:48:17] [INFO ]   LINE: f688stk12
[12:48:17] [INFO ] ──────────────────────────────────────────────────
[12:48:17] [INFO ] Dataset  : namss.F-6-88-HW.mcs.airgun
[12:48:17] [INFO ] SGY      : ../../airgun_data/namss.F-6-88-HW.mcs.airgun/Data/f688stk12.sgy
[12:48:17] [INFO ] NAV      : ../../airgun_data/namss.F-6-88-HW.mcs.airgun/Navigation/f-6-88-hw_NAV-WGS84.csv
[12:48:17] [INFO ] SA mode  : single (seed=12)
[12:48:17] [INFO ] 
[12:48:17] [INFO ] STEP 1 — Feature extraction
[12:48:17] [INFO ]   Loading navigation...
[12:48:17] [INFO ]   Loading SEG-Y...
[12:48:17] [INFO ]   Traces: 12678  Samples: 2750  dt: 4.000 ms
[12:48:17] [INFO ]   Depth:  0.0 m → 8247.0 m
[12:48:17] [INFO ]   Matching traces to navigation...
[12:48:17] [INFO ]   NAV line matched via translation: 'f688stk12' -> '12'
[12:48:18] [INFO ]   Matched 12678 / 12678 traces
[12:48:18] [INFO ]   Bandpass filtering...
[12:48:19] [INFO ]   Computing seismic attributes...
[12:48:20] [INFO ]   Picking seafloor...
[12:48:21] [INFO ]   Seafloor depth: 2868–4911 m  (0 shallow traces masked)
[12:48:21] [INFO ]   Picking horizons...
[12:48:21] [INFO ]   Computing NCC coherence (slow)...
[12:48:23] [INFO ]   Saving CNN section image...
[12:48:26] [INFO ]   Saved: f688stk12_section_cnn.png  (2700x1500px)
[12:48:26] [INFO ]   Step 1 complete
[12:48:26] [INFO ] 
[12:48:26] [INFO ] STEP 2 — Fault detection
[12:48:26] [INFO ]   Mode: single SA run (seed=12)
[12:48:39] [INFO ]   Detected 0 high-confidence faults
[12:48:39] [INFO ]   Step 2 complete
[12:48:39] [INFO ] 
[12:48:39] [INFO ] STEP 3 — Bounding boxes
[12:48:39] [INFO ]   Generated 0 boxes
[12:48:39] [INFO ]   Step 3 complete
[12:48:39] [INFO ] 
[12:48:39] [INFO ] STEP 4 — Dataset building
[12:48:39] [INFO ]   Saving labeled review image...
[12:48:39] [INFO ]   Saved: f688stk12_labeled.png
[12:48:39] [INFO ]   Split: val
[12:48:39] [INFO ]   Added 0 annotations to val.json
[12:48:39] [INFO ]   train.json: 135 images, 81 annotations
[12:48:39] [INFO ]   val.json:   34 images,  14 annotations
[12:48:39] [INFO ]   Step 4 complete
[12:48:39] [INFO ] 
[12:48:39] [INFO ]   DONE  f688stk12  →  val  |  0 faults  |  0 boxes
[12:48:39] [INFO ] 
[12:48:39] [INFO ] ──────────────────────────────────────────────────
[12:48:39] [INFO ]   LINE: f688stk12a
[12:48:39] [INFO ] ──────────────────────────────────────────────────
[12:48:39] [INFO ] Dataset  : namss.F-6-88-HW.mcs.airgun
[12:48:39] [INFO ] SGY      : ../../airgun_data/namss.F-6-88-HW.mcs.airgun/Data/f688stk12a.sgy
[12:48:39] [INFO ] NAV      : ../../airgun_data/namss.F-6-88-HW.mcs.airgun/Navigation/f-6-88-hw_NAV-WGS84.csv
[12:48:39] [INFO ] SA mode  : single (seed=12)
[12:48:39] [INFO ] 
[12:48:39] [INFO ] STEP 1 — Feature extraction
[12:48:39] [INFO ]   Loading navigation...
[12:48:39] [INFO ]   Loading SEG-Y...
[12:48:39] [INFO ]   Traces: 665  Samples: 2750  dt: 4.000 ms
[12:48:39] [INFO ]   Depth:  0.0 m → 8247.0 m
[12:48:39] [INFO ]   Matching traces to navigation...
[12:48:39] [INFO ]   NAV line matched via translation: 'f688stk12a' -> '12A'
[12:48:39] [INFO ]   Matched 0 / 665 traces
[12:48:39] [ERROR] SKIPPING f688stk12a (namss.F-6-88-HW.mcs.airgun): No traces matched navigation — check line name vs NAV file.
[12:48:39] [ERROR]   Traceback (most recent call last):
[12:48:39] [ERROR]     File "/Users/lennylukach/Personal/School/CS4100/namss/pipeline/src/pipeline.py", line 848, in <module>
[12:48:39] [ERROR]       process_line(line, sgy_path, nav_path, dataset)
[12:48:39] [ERROR]     File "/Users/lennylukach/Personal/School/CS4100/namss/pipeline/src/pipeline.py", line 431, in process_line
[12:48:39] [ERROR]       raise RuntimeError(
[12:48:39] [ERROR]   RuntimeError: No traces matched navigation — check line name vs NAV file.
[12:48:39] [INFO ] 
[12:48:39] [INFO ] ──────────────────────────────────────────────────
[12:48:39] [INFO ]   LINE: f688stk13
[12:48:39] [INFO ] ──────────────────────────────────────────────────
[12:48:39] [INFO ] Dataset  : namss.F-6-88-HW.mcs.airgun
[12:48:39] [INFO ] SGY      : ../../airgun_data/namss.F-6-88-HW.mcs.airgun/Data/f688stk13.sgy
[12:48:39] [INFO ] NAV      : ../../airgun_data/namss.F-6-88-HW.mcs.airgun/Navigation/f-6-88-hw_NAV-WGS84.csv
[12:48:39] [INFO ] SA mode  : single (seed=12)
[12:48:39] [INFO ] 
[12:48:39] [INFO ] STEP 1 — Feature extraction
[12:48:39] [INFO ]   Loading navigation...
[12:48:39] [INFO ]   Loading SEG-Y...
[12:48:40] [INFO ]   Traces: 10743  Samples: 2750  dt: 4.000 ms
[12:48:40] [INFO ]   Depth:  0.0 m → 8247.0 m
[12:48:40] [INFO ]   Matching traces to navigation...
[12:48:40] [INFO ]   NAV line matched via translation: 'f688stk13' -> '13'
[12:48:41] [INFO ]   Matched 10743 / 10743 traces
[12:48:41] [INFO ]   Bandpass filtering...
[12:48:41] [INFO ]   Computing seismic attributes...
[12:48:42] [INFO ]   Picking seafloor...
[12:48:43] [INFO ]   Seafloor depth: 0–4962 m  (167 shallow traces masked)
[12:48:43] [INFO ]   Picking horizons...
[12:48:43] [INFO ]   Computing NCC coherence (slow)...
[12:48:44] [INFO ]   Saving CNN section image...
[12:48:46] [INFO ]   Saved: f688stk13_section_cnn.png  (2700x1500px)
[12:48:46] [INFO ]   Step 1 complete
[12:48:46] [INFO ] 
[12:48:46] [INFO ] STEP 2 — Fault detection
[12:48:46] [INFO ]   Mode: single SA run (seed=12)
[12:48:57] [INFO ]   Detected 0 high-confidence faults
[12:48:57] [INFO ]   Step 2 complete
[12:48:57] [INFO ] 
[12:48:57] [INFO ] STEP 3 — Bounding boxes
[12:48:57] [INFO ]   Generated 0 boxes
[12:48:57] [INFO ]   Step 3 complete
[12:48:57] [INFO ] 
[12:48:57] [INFO ] STEP 4 — Dataset building
[12:48:57] [INFO ]   Saving labeled review image...
[12:48:57] [INFO ]   Saved: f688stk13_labeled.png
[12:48:57] [INFO ]   Split: train
[12:48:57] [INFO ]   Added 0 annotations to train.json
[12:48:57] [INFO ]   train.json: 136 images, 81 annotations
[12:48:57] [INFO ]   val.json:   34 images,  14 annotations
[12:48:57] [INFO ]   Step 4 complete
[12:48:57] [INFO ] 
[12:48:57] [INFO ]   DONE  f688stk13  →  train  |  0 faults  |  0 boxes
[12:48:57] [INFO ] 
[12:48:57] [INFO ] ──────────────────────────────────────────────────
[12:48:57] [INFO ]   LINE: f688stk14
[12:48:57] [INFO ] ──────────────────────────────────────────────────
[12:48:57] [INFO ] Dataset  : namss.F-6-88-HW.mcs.airgun
[12:48:57] [INFO ] SGY      : ../../airgun_data/namss.F-6-88-HW.mcs.airgun/Data/f688stk14.sgy
[12:48:57] [INFO ] NAV      : ../../airgun_data/namss.F-6-88-HW.mcs.airgun/Navigation/f-6-88-hw_NAV-WGS84.csv
[12:48:57] [INFO ] SA mode  : single (seed=12)
[12:48:57] [INFO ] 
[12:48:57] [INFO ] STEP 1 — Feature extraction
[12:48:57] [INFO ]   Loading navigation...
[12:48:57] [INFO ]   Loading SEG-Y...
[12:48:57] [INFO ]   Traces: 10761  Samples: 2750  dt: 4.000 ms
[12:48:57] [INFO ]   Depth:  0.0 m → 8247.0 m
[12:48:57] [INFO ]   Matching traces to navigation...
[12:48:57] [INFO ]   NAV line matched via translation: 'f688stk14' -> '14'
[12:48:58] [INFO ]   Matched 10761 / 10761 traces
[12:48:58] [INFO ]   Bandpass filtering...
[12:48:59] [INFO ]   Computing seismic attributes...
[12:49:00] [INFO ]   Picking seafloor...
[12:49:00] [INFO ]   Seafloor depth: 4062–5001 m  (0 shallow traces masked)
[12:49:00] [INFO ]   Picking horizons...
[12:49:01] [INFO ]   Computing NCC coherence (slow)...
[12:49:02] [INFO ]   Saving CNN section image...
[12:58:49] [INFO ]   Saved: f688stk14_section_cnn.png  (2700x1500px)
[12:58:49] [INFO ]   Step 1 complete
[12:58:49] [INFO ] 
[12:58:49] [INFO ] STEP 2 — Fault detection
[12:58:49] [INFO ]   Mode: single SA run (seed=12)
[12:59:01] [INFO ]   Detected 0 high-confidence faults
[12:59:01] [INFO ]   Step 2 complete
[12:59:01] [INFO ] 
[12:59:01] [INFO ] STEP 3 — Bounding boxes
[12:59:01] [INFO ]   Generated 0 boxes
[12:59:01] [INFO ]   Step 3 complete
[12:59:01] [INFO ] 
[12:59:01] [INFO ] STEP 4 — Dataset building
[12:59:01] [INFO ]   Saving labeled review image...
[12:59:01] [INFO ]   Saved: f688stk14_labeled.png
[12:59:01] [INFO ]   Split: train
[12:59:01] [INFO ]   Added 0 annotations to train.json
[12:59:01] [INFO ]   train.json: 137 images, 81 annotations
[12:59:01] [INFO ]   val.json:   34 images,  14 annotations
[12:59:01] [INFO ]   Step 4 complete
[12:59:01] [INFO ] 
[12:59:01] [INFO ]   DONE  f688stk14  →  train  |  0 faults  |  0 boxes
[12:59:01] [INFO ] 
[12:59:01] [INFO ] ──────────────────────────────────────────────────
[12:59:01] [INFO ]   LINE: f688stk14a
[12:59:01] [INFO ] ──────────────────────────────────────────────────
[12:59:01] [INFO ] Dataset  : namss.F-6-88-HW.mcs.airgun
[12:59:01] [INFO ] SGY      : ../../airgun_data/namss.F-6-88-HW.mcs.airgun/Data/f688stk14a.sgy
[12:59:01] [INFO ] NAV      : ../../airgun_data/namss.F-6-88-HW.mcs.airgun/Navigation/f-6-88-hw_NAV-WGS84.csv
[12:59:01] [INFO ] SA mode  : single (seed=12)
[12:59:01] [INFO ] 
[12:59:01] [INFO ] STEP 1 — Feature extraction
[12:59:01] [INFO ]   Loading navigation...
[12:59:01] [INFO ]   Loading SEG-Y...
[12:59:02] [INFO ]   Traces: 684  Samples: 2750  dt: 4.000 ms
[12:59:02] [INFO ]   Depth:  0.0 m → 8247.0 m
[12:59:02] [INFO ]   Matching traces to navigation...
[12:59:02] [INFO ]   NAV line matched via translation: 'f688stk14a' -> '14A'
[12:59:02] [INFO ]   Matched 0 / 684 traces
[12:59:02] [ERROR] SKIPPING f688stk14a (namss.F-6-88-HW.mcs.airgun): No traces matched navigation — check line name vs NAV file.
[12:59:02] [ERROR]   Traceback (most recent call last):
[12:59:02] [ERROR]     File "/Users/lennylukach/Personal/School/CS4100/namss/pipeline/src/pipeline.py", line 848, in <module>
[12:59:02] [ERROR]       process_line(line, sgy_path, nav_path, dataset)
[12:59:02] [ERROR]     File "/Users/lennylukach/Personal/School/CS4100/namss/pipeline/src/pipeline.py", line 431, in process_line
[12:59:02] [ERROR]       raise RuntimeError(
[12:59:02] [ERROR]   RuntimeError: No traces matched navigation — check line name vs NAV file.
[12:59:02] [INFO ] 
[12:59:02] [INFO ] ──────────────────────────────────────────────────
[12:59:02] [INFO ]   LINE: f688stk15
[12:59:02] [INFO ] ──────────────────────────────────────────────────
[12:59:02] [INFO ] Dataset  : namss.F-6-88-HW.mcs.airgun
[12:59:02] [INFO ] SGY      : ../../airgun_data/namss.F-6-88-HW.mcs.airgun/Data/f688stk15.sgy
[12:59:02] [INFO ] NAV      : ../../airgun_data/namss.F-6-88-HW.mcs.airgun/Navigation/f-6-88-hw_NAV-WGS84.csv
[12:59:02] [INFO ] SA mode  : single (seed=12)
[12:59:02] [INFO ] 
[12:59:02] [INFO ] STEP 1 — Feature extraction
[12:59:02] [INFO ]   Loading navigation...
[12:59:02] [INFO ]   Loading SEG-Y...
[12:59:02] [INFO ]   Traces: 10196  Samples: 2750  dt: 4.000 ms
[12:59:02] [INFO ]   Depth:  0.0 m → 8247.0 m
[12:59:02] [INFO ]   Matching traces to navigation...
[12:59:02] [INFO ]   NAV line matched via translation: 'f688stk15' -> '15'
[12:59:03] [INFO ]   Matched 10196 / 10196 traces
[12:59:03] [INFO ]   Bandpass filtering...
[12:59:03] [INFO ]   Computing seismic attributes...
[12:59:04] [INFO ]   Picking seafloor...
[12:59:05] [INFO ]   Seafloor depth: 4173–5016 m  (0 shallow traces masked)
[12:59:05] [INFO ]   Picking horizons...
[12:59:06] [INFO ]   Computing NCC coherence (slow)...
[12:59:06] [INFO ]   Saving CNN section image...
[12:59:09] [INFO ]   Saved: f688stk15_section_cnn.png  (2700x1500px)
[12:59:09] [INFO ]   Step 1 complete
[12:59:09] [INFO ] 
[12:59:09] [INFO ] STEP 2 — Fault detection
[12:59:09] [INFO ]   Mode: single SA run (seed=12)
[12:59:19] [INFO ]   Detected 1 high-confidence faults
[12:59:19] [INFO ]     Fault  1 | trace ~ 9980 | prob=0.759
[12:59:19] [INFO ]   Step 2 complete
[12:59:19] [INFO ] 
[12:59:19] [INFO ] STEP 3 — Bounding boxes
[12:59:19] [INFO ]   Box  1 | [2592, 871, 98w, 128h px]
[12:59:19] [INFO ]   Generated 1 boxes
[12:59:19] [INFO ]   Step 3 complete
[12:59:19] [INFO ] 
[12:59:19] [INFO ] STEP 4 — Dataset building
[12:59:19] [INFO ]   Saving labeled review image...
[12:59:19] [INFO ]   Saved: f688stk15_labeled.png
[12:59:19] [INFO ]   Split: val
[12:59:19] [INFO ]   Added 1 annotations to val.json
[12:59:19] [INFO ]   train.json: 137 images, 81 annotations
[12:59:19] [INFO ]   val.json:   35 images,  15 annotations
[12:59:19] [INFO ]   Step 4 complete
[12:59:19] [INFO ] 
[12:59:19] [INFO ]   DONE  f688stk15  →  val  |  1 faults  |  1 boxes
[12:59:19] [INFO ] 
[12:59:19] [INFO ] ──────────────────────────────────────────────────
[12:59:19] [INFO ]   LINE: f688stk16
[12:59:19] [INFO ] ──────────────────────────────────────────────────
[12:59:19] [INFO ] Dataset  : namss.F-6-88-HW.mcs.airgun
[12:59:19] [INFO ] SGY      : ../../airgun_data/namss.F-6-88-HW.mcs.airgun/Data/f688stk16.sgy
[12:59:19] [INFO ] NAV      : ../../airgun_data/namss.F-6-88-HW.mcs.airgun/Navigation/f-6-88-hw_NAV-WGS84.csv
[12:59:19] [INFO ] SA mode  : single (seed=12)
[12:59:19] [INFO ] 
[12:59:19] [INFO ] STEP 1 — Feature extraction
[12:59:19] [INFO ]   Loading navigation...
[12:59:19] [INFO ]   Loading SEG-Y...
[12:59:19] [INFO ]   Traces: 10764  Samples: 2750  dt: 4.000 ms
[12:59:19] [INFO ]   Depth:  0.0 m → 8247.0 m
[12:59:19] [INFO ]   Matching traces to navigation...
[12:59:19] [INFO ]   NAV line matched via translation: 'f688stk16' -> '16'
[12:59:20] [INFO ]   Matched 10764 / 10764 traces
[12:59:20] [INFO ]   Bandpass filtering...
[12:59:21] [INFO ]   Computing seismic attributes...
[12:59:22] [INFO ]   Picking seafloor...
[12:59:23] [INFO ]   Seafloor depth: 2712–5073 m  (0 shallow traces masked)
[12:59:23] [INFO ]   Picking horizons...
[12:59:23] [INFO ]   Computing NCC coherence (slow)...
[12:59:24] [INFO ]   Saving CNN section image...
[12:59:26] [INFO ]   Saved: f688stk16_section_cnn.png  (2700x1500px)
[12:59:26] [INFO ]   Step 1 complete
[12:59:26] [INFO ] 
[12:59:26] [INFO ] STEP 2 — Fault detection
[12:59:26] [INFO ]   Mode: single SA run (seed=12)
[12:59:38] [INFO ]   Detected 0 high-confidence faults
[12:59:38] [INFO ]   Step 2 complete
[12:59:38] [INFO ] 
[12:59:38] [INFO ] STEP 3 — Bounding boxes
[12:59:38] [INFO ]   Generated 0 boxes
[12:59:38] [INFO ]   Step 3 complete
[12:59:38] [INFO ] 
[12:59:38] [INFO ] STEP 4 — Dataset building
[12:59:38] [INFO ]   Saving labeled review image...
[12:59:38] [INFO ]   Saved: f688stk16_labeled.png
[12:59:38] [INFO ]   Split: train
[12:59:38] [INFO ]   Added 0 annotations to train.json
[12:59:38] [INFO ]   train.json: 138 images, 81 annotations
[12:59:38] [INFO ]   val.json:   35 images,  15 annotations
[12:59:38] [INFO ]   Step 4 complete
[12:59:38] [INFO ] 
[12:59:38] [INFO ]   DONE  f688stk16  →  train  |  0 faults  |  0 boxes
[12:59:38] [INFO ] 
[12:59:38] [INFO ] ──────────────────────────────────────────────────
[12:59:38] [INFO ]   LINE: f688stk16a
[12:59:38] [INFO ] ──────────────────────────────────────────────────
[12:59:38] [INFO ] Dataset  : namss.F-6-88-HW.mcs.airgun
[12:59:38] [INFO ] SGY      : ../../airgun_data/namss.F-6-88-HW.mcs.airgun/Data/f688stk16a.sgy
[12:59:38] [INFO ] NAV      : ../../airgun_data/namss.F-6-88-HW.mcs.airgun/Navigation/f-6-88-hw_NAV-WGS84.csv
[12:59:38] [INFO ] SA mode  : single (seed=12)
[12:59:38] [INFO ] 
[12:59:38] [INFO ] STEP 1 — Feature extraction
[12:59:38] [INFO ]   Loading navigation...
[12:59:38] [INFO ]   Loading SEG-Y...
[12:59:39] [INFO ]   Traces: 703  Samples: 2750  dt: 4.000 ms
[12:59:39] [INFO ]   Depth:  0.0 m → 8247.0 m
[12:59:39] [INFO ]   Matching traces to navigation...
[12:59:39] [INFO ]   NAV line matched via translation: 'f688stk16a' -> '16A'
[12:59:39] [INFO ]   Matched 0 / 703 traces
[12:59:39] [ERROR] SKIPPING f688stk16a (namss.F-6-88-HW.mcs.airgun): No traces matched navigation — check line name vs NAV file.
[12:59:39] [ERROR]   Traceback (most recent call last):
[12:59:39] [ERROR]     File "/Users/lennylukach/Personal/School/CS4100/namss/pipeline/src/pipeline.py", line 848, in <module>
[12:59:39] [ERROR]       process_line(line, sgy_path, nav_path, dataset)
[12:59:39] [ERROR]     File "/Users/lennylukach/Personal/School/CS4100/namss/pipeline/src/pipeline.py", line 431, in process_line
[12:59:39] [ERROR]       raise RuntimeError(
[12:59:39] [ERROR]   RuntimeError: No traces matched navigation — check line name vs NAV file.
[12:59:39] [INFO ] 
[12:59:39] [INFO ] ──────────────────────────────────────────────────
[12:59:39] [INFO ]   LINE: f688stk17
[12:59:39] [INFO ] ──────────────────────────────────────────────────
[12:59:39] [INFO ] Dataset  : namss.F-6-88-HW.mcs.airgun
[12:59:39] [INFO ] SGY      : ../../airgun_data/namss.F-6-88-HW.mcs.airgun/Data/f688stk17.sgy
[12:59:39] [INFO ] NAV      : ../../airgun_data/namss.F-6-88-HW.mcs.airgun/Navigation/f-6-88-hw_NAV-WGS84.csv
[12:59:39] [INFO ] SA mode  : single (seed=12)
[12:59:39] [INFO ] 
[12:59:39] [INFO ] STEP 1 — Feature extraction
[12:59:39] [INFO ]   Loading navigation...
[12:59:39] [INFO ]   Loading SEG-Y...
[12:59:39] [INFO ]   Traces: 10831  Samples: 2750  dt: 4.000 ms
[12:59:39] [INFO ]   Depth:  0.0 m → 8247.0 m
[12:59:39] [INFO ]   Matching traces to navigation...
[12:59:39] [INFO ]   NAV line matched via translation: 'f688stk17' -> '17'
[12:59:40] [INFO ]   Matched 10831 / 10831 traces
[12:59:40] [INFO ]   Bandpass filtering...
[12:59:40] [INFO ]   Computing seismic attributes...
[12:59:42] [INFO ]   Picking seafloor...
[12:59:42] [INFO ]   Seafloor depth: 0–5091 m  (235 shallow traces masked)
[12:59:42] [INFO ]   Picking horizons...
[12:59:43] [INFO ]   Computing NCC coherence (slow)...
[12:59:44] [INFO ]   Saving CNN section image...
[12:59:46] [INFO ]   Saved: f688stk17_section_cnn.png  (2700x1500px)
[12:59:46] [INFO ]   Step 1 complete
[12:59:46] [INFO ] 
[12:59:46] [INFO ] STEP 2 — Fault detection
[12:59:46] [INFO ]   Mode: single SA run (seed=12)
[12:59:57] [INFO ]   Detected 0 high-confidence faults
[12:59:57] [INFO ]   Step 2 complete
[12:59:57] [INFO ] 
[12:59:57] [INFO ] STEP 3 — Bounding boxes
[12:59:57] [INFO ]   Generated 0 boxes
[12:59:57] [INFO ]   Step 3 complete
[12:59:57] [INFO ] 
[12:59:57] [INFO ] STEP 4 — Dataset building
[12:59:57] [INFO ]   Saving labeled review image...
[12:59:57] [INFO ]   Saved: f688stk17_labeled.png
[12:59:57] [INFO ]   Split: train
[12:59:57] [INFO ]   Added 0 annotations to train.json
[12:59:57] [INFO ]   train.json: 139 images, 81 annotations
[12:59:57] [INFO ]   val.json:   35 images,  15 annotations
[12:59:57] [INFO ]   Step 4 complete
[12:59:57] [INFO ] 
[12:59:57] [INFO ]   DONE  f688stk17  →  train  |  0 faults  |  0 boxes
[12:59:57] [INFO ] 
[12:59:57] [INFO ] ──────────────────────────────────────────────────
[12:59:57] [INFO ]   LINE: 201wg82stk
[12:59:57] [INFO ] ──────────────────────────────────────────────────
[12:59:57] [INFO ] Dataset  : namss.L-12-82-WG.mcs.airgun
[12:59:57] [INFO ] SGY      : ../../airgun_data/namss.L-12-82-WG.mcs.airgun/Data/201wg82stk.sgy
[12:59:57] [INFO ] NAV      : ../../airgun_data/namss.L-12-82-WG.mcs.airgun/Navigation/l-12-82-wg_NAV-WGS84.csv
[12:59:57] [INFO ] SA mode  : single (seed=12)
[12:59:57] [INFO ] 
[12:59:57] [INFO ] STEP 1 — Feature extraction
[12:59:57] [INFO ]   Loading navigation...
[12:59:57] [INFO ]   Loading SEG-Y...
[12:59:57] [INFO ]   Traces: 3304  Samples: 3500  dt: 4.000 ms
[12:59:57] [INFO ]   Depth:  0.0 m → 10497.0 m
[12:59:57] [INFO ]   Matching traces to navigation...
[12:59:57] [INFO ]   NAV line matched via translation: '201wg82stk' -> '201'
[12:59:58] [INFO ]   Matched 2556 / 3304 traces
[12:59:58] [INFO ]   Bandpass filtering...
[12:59:58] [INFO ]   Computing seismic attributes...
[12:59:58] [INFO ]   Picking seafloor...
[12:59:58] [INFO ]   Seafloor depth: 33–6957 m  (782 shallow traces masked)
[12:59:58] [INFO ]   Picking horizons...
[12:59:58] [INFO ]   Computing NCC coherence (slow)...
[12:59:59] [INFO ]   Saving CNN section image...
[12:59:59] [INFO ]   Saved: 201wg82stk_section_cnn.png  (2700x1500px)
[12:59:59] [INFO ]   Step 1 complete
[12:59:59] [INFO ] 
[12:59:59] [INFO ] STEP 2 — Fault detection
[12:59:59] [INFO ]   Mode: single SA run (seed=12)
[13:00:01] [INFO ]   Detected 1 high-confidence faults
[13:00:01] [INFO ]     Fault  1 | trace ~  744 | prob=0.839
[13:00:01] [INFO ]   Step 2 complete
[13:00:01] [INFO ] 
[13:00:01] [INFO ] STEP 3 — Bounding boxes
[13:00:01] [INFO ]   Box  1 | [687, 51, 198w, 153h px]
[13:00:01] [INFO ]   Generated 1 boxes
[13:00:01] [INFO ]   Step 3 complete
[13:00:01] [INFO ] 
[13:00:01] [INFO ] STEP 4 — Dataset building
[13:00:01] [INFO ]   Saving labeled review image...
[13:00:02] [INFO ]   Saved: 201wg82stk_labeled.png
[13:00:02] [INFO ]   Split: train
[13:00:02] [INFO ]   Added 1 annotations to train.json
[13:00:02] [INFO ]   train.json: 140 images, 82 annotations
[13:00:02] [INFO ]   val.json:   35 images,  15 annotations
[13:00:02] [INFO ]   Step 4 complete
[13:00:02] [INFO ] 
[13:00:02] [INFO ]   DONE  201wg82stk  →  train  |  1 faults  |  1 boxes
[13:00:02] [INFO ] 
[13:00:02] [INFO ] ──────────────────────────────────────────────────
[13:00:02] [INFO ]   LINE: 202wg82stk
[13:00:02] [INFO ] ──────────────────────────────────────────────────
[13:00:02] [INFO ] Dataset  : namss.L-12-82-WG.mcs.airgun
[13:00:02] [INFO ] SGY      : ../../airgun_data/namss.L-12-82-WG.mcs.airgun/Data/202wg82stk.sgy
[13:00:02] [INFO ] NAV      : ../../airgun_data/namss.L-12-82-WG.mcs.airgun/Navigation/l-12-82-wg_NAV-WGS84.csv
[13:00:02] [INFO ] SA mode  : single (seed=12)
[13:00:02] [INFO ] 
[13:00:02] [INFO ] STEP 1 — Feature extraction
[13:00:02] [INFO ]   Loading navigation...
[13:00:02] [INFO ]   Loading SEG-Y...
[13:00:02] [INFO ]   Traces: 1287  Samples: 4000  dt: 4.000 ms
[13:00:02] [INFO ]   Depth:  0.0 m → 11997.0 m
[13:00:02] [INFO ]   Matching traces to navigation...
[13:00:02] [INFO ]   NAV line matched via translation: '202wg82stk' -> '202'
[13:00:02] [INFO ]   Matched 1285 / 1287 traces
[13:00:02] [INFO ]   Bandpass filtering...
[13:00:02] [INFO ]   Computing seismic attributes...
[13:00:02] [INFO ]   Picking seafloor...
[13:00:02] [INFO ]   Seafloor depth: 5535–6888 m  (0 shallow traces masked)
[13:00:02] [INFO ]   Picking horizons...
[13:00:02] [INFO ]   Computing NCC coherence (slow)...
[13:00:02] [INFO ]   Saving CNN section image...
[13:00:03] [INFO ]   Saved: 202wg82stk_section_cnn.png  (2700x1500px)
[13:00:03] [INFO ]   Step 1 complete
[13:00:03] [INFO ] 
[13:00:03] [INFO ] STEP 2 — Fault detection
[13:00:03] [INFO ]   Mode: single SA run (seed=12)
[13:00:05] [INFO ]   Detected 0 high-confidence faults
[13:00:05] [INFO ]   Step 2 complete
[13:00:05] [INFO ] 
[13:00:05] [INFO ] STEP 3 — Bounding boxes
[13:00:05] [INFO ]   Generated 0 boxes
[13:00:05] [INFO ]   Step 3 complete
[13:00:05] [INFO ] 
[13:00:05] [INFO ] STEP 4 — Dataset building
[13:00:05] [INFO ]   Saving labeled review image...
[13:00:05] [INFO ]   Saved: 202wg82stk_labeled.png
[13:00:05] [INFO ]   Split: val
[13:00:05] [INFO ]   Added 0 annotations to val.json
[13:00:05] [INFO ]   train.json: 140 images, 82 annotations
[13:00:05] [INFO ]   val.json:   36 images,  15 annotations
[13:00:05] [INFO ]   Step 4 complete
[13:00:05] [INFO ] 
[13:00:05] [INFO ]   DONE  202wg82stk  →  val  |  0 faults  |  0 boxes
[13:00:05] [INFO ] 
[13:00:05] [INFO ] ──────────────────────────────────────────────────
[13:00:05] [INFO ]   LINE: 203wg82stk
[13:00:05] [INFO ] ──────────────────────────────────────────────────
[13:00:05] [INFO ] Dataset  : namss.L-12-82-WG.mcs.airgun
[13:00:05] [INFO ] SGY      : ../../airgun_data/namss.L-12-82-WG.mcs.airgun/Data/203wg82stk.sgy
[13:00:05] [INFO ] NAV      : ../../airgun_data/namss.L-12-82-WG.mcs.airgun/Navigation/l-12-82-wg_NAV-WGS84.csv
[13:00:05] [INFO ] SA mode  : single (seed=12)
[13:00:05] [INFO ] 
[13:00:05] [INFO ] STEP 1 — Feature extraction
[13:00:05] [INFO ]   Loading navigation...
[13:00:05] [INFO ]   Loading SEG-Y...
[13:00:05] [INFO ]   Traces: 3497  Samples: 4000  dt: 4.000 ms
[13:00:05] [INFO ]   Depth:  0.0 m → 11997.0 m
[13:00:05] [INFO ]   Matching traces to navigation...
[13:00:05] [INFO ]   NAV line matched via translation: '203wg82stk' -> '203'
[13:00:06] [INFO ]   Matched 3373 / 3497 traces
[13:00:06] [INFO ]   Bandpass filtering...
[13:00:06] [INFO ]   Computing seismic attributes...
[13:00:06] [INFO ]   Picking seafloor...
[13:00:07] [INFO ]   Seafloor depth: 3–6666 m  (1586 shallow traces masked)
[13:00:07] [INFO ]   Picking horizons...
[13:00:07] [INFO ]   Computing NCC coherence (slow)...
[13:00:07] [INFO ]   Saving CNN section image...
[13:00:08] [INFO ]   Saved: 203wg82stk_section_cnn.png  (2700x1500px)
[13:00:08] [INFO ]   Step 1 complete
[13:00:08] [INFO ] 
[13:00:08] [INFO ] STEP 2 — Fault detection
[13:00:08] [INFO ]   Mode: single SA run (seed=12)
[13:00:12] [INFO ]   Detected 1 high-confidence faults
[13:00:12] [INFO ]     Fault  1 | trace ~ 1545 | prob=0.754
[13:00:12] [INFO ]   Step 2 complete
[13:00:12] [INFO ] 
[13:00:12] [INFO ] STEP 3 — Bounding boxes
[13:00:12] [INFO ]   Box  1 | [1163, 191, 142w, 101h px]
[13:00:12] [INFO ]   Generated 1 boxes
[13:00:12] [INFO ]   Step 3 complete
[13:00:12] [INFO ] 
[13:00:12] [INFO ] STEP 4 — Dataset building
[13:00:12] [INFO ]   Saving labeled review image...
[13:00:12] [INFO ]   Saved: 203wg82stk_labeled.png
[13:00:12] [INFO ]   Split: train
[13:00:12] [INFO ]   Added 1 annotations to train.json
[13:00:12] [INFO ]   train.json: 141 images, 83 annotations
[13:00:12] [INFO ]   val.json:   36 images,  15 annotations
[13:00:12] [INFO ]   Step 4 complete
[13:00:12] [INFO ] 
[13:00:12] [INFO ]   DONE  203wg82stk  →  train  |  1 faults  |  1 boxes
[13:00:12] [INFO ] 
[13:00:12] [INFO ] ──────────────────────────────────────────────────
[13:00:12] [INFO ]   LINE: 204wg82stk
[13:00:12] [INFO ] ──────────────────────────────────────────────────
[13:00:12] [INFO ] Dataset  : namss.L-12-82-WG.mcs.airgun
[13:00:12] [INFO ] SGY      : ../../airgun_data/namss.L-12-82-WG.mcs.airgun/Data/204wg82stk.sgy
[13:00:12] [INFO ] NAV      : ../../airgun_data/namss.L-12-82-WG.mcs.airgun/Navigation/l-12-82-wg_NAV-WGS84.csv
[13:00:12] [INFO ] SA mode  : single (seed=12)
[13:00:12] [INFO ] 
[13:00:12] [INFO ] STEP 1 — Feature extraction
[13:00:12] [INFO ]   Loading navigation...
[13:00:12] [INFO ]   Loading SEG-Y...
[13:00:12] [INFO ]   Traces: 712  Samples: 2500  dt: 4.000 ms
[13:00:12] [INFO ]   Depth:  0.0 m → 7497.0 m
[13:00:12] [INFO ]   Matching traces to navigation...
[13:00:12] [INFO ]   NAV line matched via translation: '204wg82stk' -> '204'
[13:00:13] [INFO ]   Matched 638 / 712 traces
[13:00:13] [INFO ]   Bandpass filtering...
[13:00:13] [INFO ]   Computing seismic attributes...
[13:00:13] [INFO ]   Picking seafloor...
[13:00:13] [INFO ]   Seafloor depth: 6–42 m  (638 shallow traces masked)
[13:00:13] [INFO ]   Picking horizons...
[13:00:13] [INFO ]   Computing NCC coherence (slow)...
[13:00:13] [INFO ]   Saving CNN section image...
[13:00:13] [INFO ]   Saved: 204wg82stk_section_cnn.png  (2700x1500px)
[13:00:13] [INFO ]   Step 1 complete
[13:00:13] [INFO ] 
[13:00:13] [INFO ] STEP 2 — Fault detection
[13:00:13] [INFO ]   Mode: single SA run (seed=12)
[13:00:13] [INFO ]   Detected 0 high-confidence faults
[13:00:13] [INFO ]   Step 2 complete
[13:00:13] [INFO ] 
[13:00:13] [INFO ] STEP 3 — Bounding boxes
[13:00:13] [INFO ]   Generated 0 boxes
[13:00:13] [INFO ]   Step 3 complete
[13:00:13] [INFO ] 
[13:00:13] [INFO ] STEP 4 — Dataset building
[13:00:13] [INFO ]   Saving labeled review image...
[13:00:14] [INFO ]   Saved: 204wg82stk_labeled.png
[13:00:14] [INFO ]   Split: train
[13:00:14] [INFO ]   Added 0 annotations to train.json
[13:00:14] [INFO ]   train.json: 142 images, 83 annotations
[13:00:14] [INFO ]   val.json:   36 images,  15 annotations
[13:00:14] [INFO ]   Step 4 complete
[13:00:14] [INFO ] 
[13:00:14] [INFO ]   DONE  204wg82stk  →  train  |  0 faults  |  0 boxes
[13:00:14] [INFO ] 
[13:00:14] [INFO ] ──────────────────────────────────────────────────
[13:00:14] [INFO ]   LINE: 205wg82stk
[13:00:14] [INFO ] ──────────────────────────────────────────────────
[13:00:14] [INFO ] Dataset  : namss.L-12-82-WG.mcs.airgun
[13:00:14] [INFO ] SGY      : ../../airgun_data/namss.L-12-82-WG.mcs.airgun/Data/205wg82stk.sgy
[13:00:14] [INFO ] NAV      : ../../airgun_data/namss.L-12-82-WG.mcs.airgun/Navigation/l-12-82-wg_NAV-WGS84.csv
[13:00:14] [INFO ] SA mode  : single (seed=12)
[13:00:14] [INFO ] 
[13:00:14] [INFO ] STEP 1 — Feature extraction
[13:00:14] [INFO ]   Loading navigation...
[13:00:14] [INFO ]   Loading SEG-Y...
[13:00:14] [INFO ]   Traces: 3314  Samples: 3500  dt: 4.000 ms
[13:00:14] [INFO ]   Depth:  0.0 m → 10497.0 m
[13:00:14] [INFO ]   Matching traces to navigation...
[13:00:14] [INFO ]   NAV line matched via translation: '205wg82stk' -> '205'
[13:00:14] [INFO ]   Matched 2865 / 3314 traces
[13:00:14] [INFO ]   Bandpass filtering...
[13:00:14] [INFO ]   Computing seismic attributes...
[13:00:15] [INFO ]   Picking seafloor...
[13:00:15] [INFO ]   Seafloor depth: 3–6828 m  (1060 shallow traces masked)
[13:00:15] [INFO ]   Picking horizons...
[13:00:15] [INFO ]   Computing NCC coherence (slow)...
[13:00:15] [INFO ]   Saving CNN section image...
[13:00:16] [INFO ]   Saved: 205wg82stk_section_cnn.png  (2700x1500px)
[13:00:16] [INFO ]   Step 1 complete
[13:00:16] [INFO ] 
[13:00:16] [INFO ] STEP 2 — Fault detection
[13:00:16] [INFO ]   Mode: single SA run (seed=12)
[13:00:19] [INFO ]   Detected 0 high-confidence faults
[13:00:19] [INFO ]   Step 2 complete
[13:00:19] [INFO ] 
[13:00:19] [INFO ] STEP 3 — Bounding boxes
[13:00:19] [INFO ]   Generated 0 boxes
[13:00:19] [INFO ]   Step 3 complete
[13:00:19] [INFO ] 
[13:00:19] [INFO ] STEP 4 — Dataset building
[13:00:19] [INFO ]   Saving labeled review image...
[13:00:19] [INFO ]   Saved: 205wg82stk_labeled.png
[13:00:19] [INFO ]   Split: train
[13:00:19] [INFO ]   Added 0 annotations to train.json
[13:00:19] [INFO ]   train.json: 143 images, 83 annotations
[13:00:19] [INFO ]   val.json:   36 images,  15 annotations
[13:00:19] [INFO ]   Step 4 complete
[13:00:19] [INFO ] 
[13:00:19] [INFO ]   DONE  205wg82stk  →  train  |  0 faults  |  0 boxes
[13:00:19] [INFO ] 
[13:00:19] [INFO ] ──────────────────────────────────────────────────
[13:00:19] [INFO ]   LINE: 208wg82stk
[13:00:19] [INFO ] ──────────────────────────────────────────────────
[13:00:19] [INFO ] Dataset  : namss.L-12-82-WG.mcs.airgun
[13:00:19] [INFO ] SGY      : ../../airgun_data/namss.L-12-82-WG.mcs.airgun/Data/208wg82stk.sgy
[13:00:19] [INFO ] NAV      : ../../airgun_data/namss.L-12-82-WG.mcs.airgun/Navigation/l-12-82-wg_NAV-WGS84.csv
[13:00:19] [INFO ] SA mode  : single (seed=12)
[13:00:19] [INFO ] 
[13:00:19] [INFO ] STEP 1 — Feature extraction
[13:00:19] [INFO ]   Loading navigation...
[13:00:19] [INFO ]   Loading SEG-Y...
[13:00:19] [INFO ]   Traces: 2368  Samples: 2500  dt: 4.000 ms
[13:00:19] [INFO ]   Depth:  0.0 m → 7497.0 m
[13:00:19] [INFO ]   Matching traces to navigation...
[13:00:19] [INFO ]   NAV line matched via translation: '208wg82stk' -> '208'
[13:00:19] [INFO ]   Matched 2368 / 2368 traces
[13:00:19] [INFO ]   Bandpass filtering...
[13:00:19] [INFO ]   Computing seismic attributes...
[13:00:20] [INFO ]   Picking seafloor...
[13:00:20] [INFO ]   Seafloor depth: 3–414 m  (2368 shallow traces masked)
[13:00:20] [INFO ]   Picking horizons...
[13:00:20] [INFO ]   Computing NCC coherence (slow)...
[13:00:20] [INFO ]   Saving CNN section image...
[13:00:21] [INFO ]   Saved: 208wg82stk_section_cnn.png  (2700x1500px)
[13:00:21] [INFO ]   Step 1 complete
[13:00:21] [INFO ] 
[13:00:21] [INFO ] STEP 2 — Fault detection
[13:00:21] [INFO ]   Mode: single SA run (seed=12)
[13:00:21] [INFO ]   Detected 0 high-confidence faults
[13:00:21] [INFO ]   Step 2 complete
[13:00:21] [INFO ] 
[13:00:21] [INFO ] STEP 3 — Bounding boxes
[13:00:21] [INFO ]   Generated 0 boxes
[13:00:21] [INFO ]   Step 3 complete
[13:00:21] [INFO ] 
[13:00:21] [INFO ] STEP 4 — Dataset building
[13:00:21] [INFO ]   Saving labeled review image...
[13:00:22] [INFO ]   Saved: 208wg82stk_labeled.png
[13:00:22] [INFO ]   Split: train
[13:00:22] [INFO ]   Added 0 annotations to train.json
[13:00:22] [INFO ]   train.json: 144 images, 83 annotations
[13:00:22] [INFO ]   val.json:   36 images,  15 annotations
[13:00:22] [INFO ]   Step 4 complete
[13:00:22] [INFO ] 
[13:00:22] [INFO ]   DONE  208wg82stk  →  train  |  0 faults  |  0 boxes
[13:00:22] [INFO ] 
[13:00:22] [INFO ] ──────────────────────────────────────────────────
[13:00:22] [INFO ]   LINE: 209wg82stk
[13:00:22] [INFO ] ──────────────────────────────────────────────────
[13:00:22] [INFO ] Dataset  : namss.L-12-82-WG.mcs.airgun
[13:00:22] [INFO ] SGY      : ../../airgun_data/namss.L-12-82-WG.mcs.airgun/Data/209wg82stk.sgy
[13:00:22] [INFO ] NAV      : ../../airgun_data/namss.L-12-82-WG.mcs.airgun/Navigation/l-12-82-wg_NAV-WGS84.csv
[13:00:22] [INFO ] SA mode  : single (seed=12)
[13:00:22] [INFO ] 
[13:00:22] [INFO ] STEP 1 — Feature extraction
[13:00:22] [INFO ]   Loading navigation...
[13:00:22] [INFO ]   Loading SEG-Y...
[13:00:22] [INFO ]   Traces: 906  Samples: 2500  dt: 2.000 ms
[13:00:22] [INFO ]   Depth:  0.0 m → 3748.5 m
[13:00:22] [INFO ]   Matching traces to navigation...
[13:00:22] [INFO ]   NAV line matched via translation: '209wg82stk' -> '209'
[13:00:22] [INFO ]   Matched 0 / 906 traces
[13:00:22] [ERROR] SKIPPING 209wg82stk (namss.L-12-82-WG.mcs.airgun): No traces matched navigation — check line name vs NAV file.
[13:00:22] [ERROR]   Traceback (most recent call last):
[13:00:22] [ERROR]     File "/Users/lennylukach/Personal/School/CS4100/namss/pipeline/src/pipeline.py", line 848, in <module>
[13:00:22] [ERROR]       process_line(line, sgy_path, nav_path, dataset)
[13:00:22] [ERROR]     File "/Users/lennylukach/Personal/School/CS4100/namss/pipeline/src/pipeline.py", line 431, in process_line
[13:00:22] [ERROR]       raise RuntimeError(
[13:00:22] [ERROR]   RuntimeError: No traces matched navigation — check line name vs NAV file.
[13:00:22] [INFO ] 
[13:00:22] [INFO ] ──────────────────────────────────────────────────
[13:00:22] [INFO ]   LINE: 211wg82stk
[13:00:22] [INFO ] ──────────────────────────────────────────────────
[13:00:22] [INFO ] Dataset  : namss.L-12-82-WG.mcs.airgun
[13:00:22] [INFO ] SGY      : ../../airgun_data/namss.L-12-82-WG.mcs.airgun/Data/211wg82stk.sgy
[13:00:22] [INFO ] NAV      : ../../airgun_data/namss.L-12-82-WG.mcs.airgun/Navigation/l-12-82-wg_NAV-WGS84.csv
[13:00:22] [INFO ] SA mode  : single (seed=12)
[13:00:22] [INFO ] 
[13:00:22] [INFO ] STEP 1 — Feature extraction
[13:00:22] [INFO ]   Loading navigation...
[13:00:22] [INFO ]   Loading SEG-Y...
[13:00:22] [INFO ]   Traces: 2285  Samples: 2500  dt: 4.000 ms
[13:00:22] [INFO ]   Depth:  0.0 m → 7497.0 m
[13:00:22] [INFO ]   Matching traces to navigation...
[13:00:22] [INFO ]   NAV line matched via translation: '211wg82stk' -> '211'
[13:00:22] [INFO ]   Matched 2275 / 2285 traces
[13:00:22] [INFO ]   Bandpass filtering...
[13:00:22] [INFO ]   Computing seismic attributes...
[13:00:22] [INFO ]   Picking seafloor...
[13:00:23] [INFO ]   Seafloor depth: 66–159 m  (2275 shallow traces masked)
[13:00:23] [INFO ]   Picking horizons...
[13:00:23] [INFO ]   Computing NCC coherence (slow)...
[13:00:23] [INFO ]   Saving CNN section image...
[13:00:23] [INFO ]   Saved: 211wg82stk_section_cnn.png  (2700x1500px)
[13:00:23] [INFO ]   Step 1 complete
[13:00:23] [INFO ] 
[13:00:23] [INFO ] STEP 2 — Fault detection
[13:00:23] [INFO ]   Mode: single SA run (seed=12)
[13:00:24] [INFO ]   Detected 0 high-confidence faults
[13:00:24] [INFO ]   Step 2 complete
[13:00:24] [INFO ] 
[13:00:24] [INFO ] STEP 3 — Bounding boxes
[13:00:24] [INFO ]   Generated 0 boxes
[13:00:24] [INFO ]   Step 3 complete
[13:00:24] [INFO ] 
[13:00:24] [INFO ] STEP 4 — Dataset building
[13:00:24] [INFO ]   Saving labeled review image...
[13:00:24] [INFO ]   Saved: 211wg82stk_labeled.png
[13:00:24] [INFO ]   Split: train
[13:00:24] [INFO ]   Added 0 annotations to train.json
[13:00:24] [INFO ]   train.json: 145 images, 83 annotations
[13:00:24] [INFO ]   val.json:   36 images,  15 annotations
[13:00:24] [INFO ]   Step 4 complete
[13:00:24] [INFO ] 
[13:00:24] [INFO ]   DONE  211wg82stk  →  train  |  0 faults  |  0 boxes
[13:00:24] [INFO ] 
[13:00:24] [INFO ] ──────────────────────────────────────────────────
[13:00:24] [INFO ]   LINE: 212wg82stk
[13:00:24] [INFO ] ──────────────────────────────────────────────────
[13:00:24] [INFO ] Dataset  : namss.L-12-82-WG.mcs.airgun
[13:00:24] [INFO ] SGY      : ../../airgun_data/namss.L-12-82-WG.mcs.airgun/Data/212wg82stk.sgy
[13:00:24] [INFO ] NAV      : ../../airgun_data/namss.L-12-82-WG.mcs.airgun/Navigation/l-12-82-wg_NAV-WGS84.csv
[13:00:24] [INFO ] SA mode  : single (seed=12)
[13:00:24] [INFO ] 
[13:00:24] [INFO ] STEP 1 — Feature extraction
[13:00:24] [INFO ]   Loading navigation...
[13:00:24] [INFO ]   Loading SEG-Y...
[13:00:24] [INFO ]   Traces: 664  Samples: 2500  dt: 4.000 ms
[13:00:24] [INFO ]   Depth:  0.0 m → 7497.0 m
[13:00:24] [INFO ]   Matching traces to navigation...
[13:00:24] [INFO ]   NAV line matched via translation: '212wg82stk' -> '212'
[13:00:24] [INFO ]   Matched 664 / 664 traces
[13:00:24] [INFO ]   Bandpass filtering...
[13:00:24] [INFO ]   Computing seismic attributes...
[13:00:25] [INFO ]   Picking seafloor...
[13:00:25] [INFO ]   Seafloor depth: 6–57 m  (664 shallow traces masked)
[13:00:25] [INFO ]   Picking horizons...
[13:00:25] [INFO ]   Computing NCC coherence (slow)...
[13:00:25] [INFO ]   Saving CNN section image...
[13:00:25] [INFO ]   Saved: 212wg82stk_section_cnn.png  (2700x1500px)
[13:00:25] [INFO ]   Step 1 complete
[13:00:25] [INFO ] 
[13:00:25] [INFO ] STEP 2 — Fault detection
[13:00:25] [INFO ]   Mode: single SA run (seed=12)
[13:00:25] [INFO ]   Detected 0 high-confidence faults
[13:00:25] [INFO ]   Step 2 complete
[13:00:25] [INFO ] 
[13:00:25] [INFO ] STEP 3 — Bounding boxes
[13:00:25] [INFO ]   Generated 0 boxes
[13:00:25] [INFO ]   Step 3 complete
[13:00:25] [INFO ] 
[13:00:25] [INFO ] STEP 4 — Dataset building
[13:00:25] [INFO ]   Saving labeled review image...
[13:00:25] [INFO ]   Saved: 212wg82stk_labeled.png
[13:00:25] [INFO ]   Split: train
[13:00:25] [INFO ]   Added 0 annotations to train.json
[13:00:25] [INFO ]   train.json: 146 images, 83 annotations
[13:00:25] [INFO ]   val.json:   36 images,  15 annotations
[13:00:25] [INFO ]   Step 4 complete
[13:00:25] [INFO ] 
[13:00:25] [INFO ]   DONE  212wg82stk  →  train  |  0 faults  |  0 boxes
[13:00:25] [INFO ] 
[13:00:25] [INFO ] ──────────────────────────────────────────────────
[13:00:25] [INFO ]   LINE: 213wg82stk
[13:00:25] [INFO ] ──────────────────────────────────────────────────
[13:00:25] [INFO ] Dataset  : namss.L-12-82-WG.mcs.airgun
[13:00:25] [INFO ] SGY      : ../../airgun_data/namss.L-12-82-WG.mcs.airgun/Data/213wg82stk.sgy
[13:00:25] [INFO ] NAV      : ../../airgun_data/namss.L-12-82-WG.mcs.airgun/Navigation/l-12-82-wg_NAV-WGS84.csv
[13:00:25] [INFO ] SA mode  : single (seed=12)
[13:00:25] [INFO ] 
[13:00:25] [INFO ] STEP 1 — Feature extraction
[13:00:25] [INFO ]   Loading navigation...
[13:00:26] [INFO ]   Loading SEG-Y...
[13:00:26] [INFO ]   Traces: 1491  Samples: 3000  dt: 4.000 ms
[13:00:26] [INFO ]   Depth:  0.0 m → 8997.0 m
[13:00:26] [INFO ]   Matching traces to navigation...
[13:00:26] [INFO ]   NAV line matched via translation: '213wg82stk' -> '213'
[13:00:26] [INFO ]   Matched 1491 / 1491 traces
[13:00:26] [INFO ]   Bandpass filtering...
[13:00:26] [INFO ]   Computing seismic attributes...
[13:00:26] [INFO ]   Picking seafloor...
[13:00:26] [INFO ]   Seafloor depth: 33–2409 m  (974 shallow traces masked)
[13:00:26] [INFO ]   Picking horizons...
[13:00:26] [INFO ]   Computing NCC coherence (slow)...
[13:00:26] [INFO ]   Saving CNN section image...
[13:00:27] [INFO ]   Saved: 213wg82stk_section_cnn.png  (2700x1500px)
[13:00:27] [INFO ]   Step 1 complete
[13:00:27] [INFO ] 
[13:00:27] [INFO ] STEP 2 — Fault detection
[13:00:27] [INFO ]   Mode: single SA run (seed=12)
[13:00:28] [INFO ]   Detected 0 high-confidence faults
[13:00:28] [INFO ]   Step 2 complete
[13:00:28] [INFO ] 
[13:00:28] [INFO ] STEP 3 — Bounding boxes
[13:00:28] [INFO ]   Generated 0 boxes
[13:00:28] [INFO ]   Step 3 complete
[13:00:28] [INFO ] 
[13:00:28] [INFO ] STEP 4 — Dataset building
[13:00:28] [INFO ]   Saving labeled review image...
[13:00:28] [INFO ]   Saved: 213wg82stk_labeled.png
[13:00:28] [INFO ]   Split: train
[13:00:28] [INFO ]   Added 0 annotations to train.json
[13:00:28] [INFO ]   train.json: 147 images, 83 annotations
[13:00:28] [INFO ]   val.json:   36 images,  15 annotations
[13:00:28] [INFO ]   Step 4 complete
[13:00:28] [INFO ] 
[13:00:28] [INFO ]   DONE  213wg82stk  →  train  |  0 faults  |  0 boxes
[13:00:28] [INFO ] 
[13:00:28] [INFO ] ──────────────────────────────────────────────────
[13:00:28] [INFO ]   LINE: 215wg82stk
[13:00:28] [INFO ] ──────────────────────────────────────────────────
[13:00:28] [INFO ] Dataset  : namss.L-12-82-WG.mcs.airgun
[13:00:28] [INFO ] SGY      : ../../airgun_data/namss.L-12-82-WG.mcs.airgun/Data/215wg82stk.sgy
[13:00:28] [INFO ] NAV      : ../../airgun_data/namss.L-12-82-WG.mcs.airgun/Navigation/l-12-82-wg_NAV-WGS84.csv
[13:00:28] [INFO ] SA mode  : single (seed=12)
[13:00:28] [INFO ] 
[13:00:28] [INFO ] STEP 1 — Feature extraction
[13:00:28] [INFO ]   Loading navigation...
[13:00:28] [INFO ]   Loading SEG-Y...
[13:00:28] [INFO ]   Traces: 1448  Samples: 3250  dt: 4.000 ms
[13:00:28] [INFO ]   Depth:  0.0 m → 9747.0 m
[13:00:28] [INFO ]   Matching traces to navigation...
[13:00:28] [INFO ]   NAV line matched via translation: '215wg82stk' -> '215'
[13:00:29] [INFO ]   Matched 1448 / 1448 traces
[13:00:29] [INFO ]   Bandpass filtering...
[13:00:29] [INFO ]   Computing seismic attributes...
[13:00:29] [INFO ]   Picking seafloor...
[13:00:29] [INFO ]   Seafloor depth: 78–2802 m  (917 shallow traces masked)
[13:00:29] [INFO ]   Picking horizons...
[13:00:29] [INFO ]   Computing NCC coherence (slow)...
[13:00:29] [INFO ]   Saving CNN section image...
[13:00:30] [INFO ]   Saved: 215wg82stk_section_cnn.png  (2700x1500px)
[13:00:30] [INFO ]   Step 1 complete
[13:00:30] [INFO ] 
[13:00:30] [INFO ] STEP 2 — Fault detection
[13:00:30] [INFO ]   Mode: single SA run (seed=12)
[13:00:31] [INFO ]   Detected 0 high-confidence faults
[13:00:31] [INFO ]   Step 2 complete
[13:00:31] [INFO ] 
[13:00:31] [INFO ] STEP 3 — Bounding boxes
[13:00:31] [INFO ]   Generated 0 boxes
[13:00:31] [INFO ]   Step 3 complete
[13:00:31] [INFO ] 
[13:00:31] [INFO ] STEP 4 — Dataset building
[13:00:31] [INFO ]   Saving labeled review image...
[13:00:31] [INFO ]   Saved: 215wg82stk_labeled.png
[13:00:31] [INFO ]   Split: train
[13:00:31] [INFO ]   Added 0 annotations to train.json
[13:00:31] [INFO ]   train.json: 148 images, 83 annotations
[13:00:31] [INFO ]   val.json:   36 images,  15 annotations
[13:00:31] [INFO ]   Step 4 complete
[13:00:31] [INFO ] 
[13:00:31] [INFO ]   DONE  215wg82stk  →  train  |  0 faults  |  0 boxes
[13:00:31] [INFO ] 
[13:00:31] [INFO ] ──────────────────────────────────────────────────
[13:00:31] [INFO ]   LINE: 217wg82stk
[13:00:31] [INFO ] ──────────────────────────────────────────────────
[13:00:31] [INFO ] Dataset  : namss.L-12-82-WG.mcs.airgun
[13:00:31] [INFO ] SGY      : ../../airgun_data/namss.L-12-82-WG.mcs.airgun/Data/217wg82stk.sgy
[13:00:31] [INFO ] NAV      : ../../airgun_data/namss.L-12-82-WG.mcs.airgun/Navigation/l-12-82-wg_NAV-WGS84.csv
[13:00:31] [INFO ] SA mode  : single (seed=12)
[13:00:31] [INFO ] 
[13:00:31] [INFO ] STEP 1 — Feature extraction
[13:00:31] [INFO ]   Loading navigation...
[13:00:31] [INFO ]   Loading SEG-Y...
[13:00:31] [INFO ]   Traces: 2969  Samples: 4000  dt: 4.000 ms
[13:00:31] [INFO ]   Depth:  0.0 m → 11997.0 m
[13:00:31] [INFO ]   Matching traces to navigation...
[13:00:31] [INFO ]   NAV line matched via translation: '217wg82stk' -> '217'
[13:00:31] [INFO ]   Matched 2969 / 2969 traces
[13:00:31] [INFO ]   Bandpass filtering...
[13:00:31] [INFO ]   Computing seismic attributes...
[13:00:32] [INFO ]   Picking seafloor...
[13:00:32] [INFO ]   Seafloor depth: 132–6489 m  (1345 shallow traces masked)
[13:00:32] [INFO ]   Picking horizons...
[13:00:32] [INFO ]   Computing NCC coherence (slow)...
[13:00:33] [INFO ]   Saving CNN section image...
[13:00:34] [INFO ]   Saved: 217wg82stk_section_cnn.png  (2700x1500px)
[13:00:34] [INFO ]   Step 1 complete
[13:00:34] [INFO ] 
[13:00:34] [INFO ] STEP 2 — Fault detection
[13:00:34] [INFO ]   Mode: single SA run (seed=12)
[13:00:38] [INFO ]   Detected 0 high-confidence faults
[13:00:38] [INFO ]   Step 2 complete
[13:00:38] [INFO ] 
[13:00:38] [INFO ] STEP 3 — Bounding boxes
[13:00:38] [INFO ]   Generated 0 boxes
[13:00:38] [INFO ]   Step 3 complete
[13:00:38] [INFO ] 
[13:00:38] [INFO ] STEP 4 — Dataset building
[13:00:38] [INFO ]   Saving labeled review image...
[13:00:38] [INFO ]   Saved: 217wg82stk_labeled.png
[13:00:38] [INFO ]   Split: val
[13:00:38] [INFO ]   Added 0 annotations to val.json
[13:00:38] [INFO ]   train.json: 148 images, 83 annotations
[13:00:38] [INFO ]   val.json:   37 images,  15 annotations
[13:00:38] [INFO ]   Step 4 complete
[13:00:38] [INFO ] 
[13:00:38] [INFO ]   DONE  217wg82stk  →  val  |  0 faults  |  0 boxes
[13:00:38] [INFO ] 
[13:00:38] [INFO ] ──────────────────────────────────────────────────
[13:00:38] [INFO ]   LINE: 219wg82stk
[13:00:38] [INFO ] ──────────────────────────────────────────────────
[13:00:38] [INFO ] Dataset  : namss.L-12-82-WG.mcs.airgun
[13:00:38] [INFO ] SGY      : ../../airgun_data/namss.L-12-82-WG.mcs.airgun/Data/219wg82stk.sgy
[13:00:38] [INFO ] NAV      : ../../airgun_data/namss.L-12-82-WG.mcs.airgun/Navigation/l-12-82-wg_NAV-WGS84.csv
[13:00:38] [INFO ] SA mode  : single (seed=12)
[13:00:38] [INFO ] 
[13:00:38] [INFO ] STEP 1 — Feature extraction
[13:00:38] [INFO ]   Loading navigation...
[13:00:38] [INFO ]   Loading SEG-Y...
[13:00:38] [INFO ]   Traces: 1118  Samples: 4250  dt: 4.000 ms
[13:00:38] [INFO ]   Depth:  0.0 m → 12747.0 m
[13:00:38] [INFO ]   Matching traces to navigation...
[13:00:38] [INFO ]   NAV line matched via translation: '219wg82stk' -> '219'
[13:00:38] [INFO ]   Matched 1117 / 1118 traces
[13:00:38] [INFO ]   Bandpass filtering...
[13:00:38] [INFO ]   Computing seismic attributes...
[13:00:38] [INFO ]   Picking seafloor...
[13:00:38] [INFO ]   Seafloor depth: 2379–6375 m  (0 shallow traces masked)
[13:00:38] [INFO ]   Picking horizons...
[13:00:38] [INFO ]   Computing NCC coherence (slow)...
[13:00:38] [INFO ]   Saving CNN section image...
[13:00:39] [INFO ]   Saved: 219wg82stk_section_cnn.png  (2700x1500px)
[13:00:39] [INFO ]   Step 1 complete
[13:00:39] [INFO ] 
[13:00:39] [INFO ] STEP 2 — Fault detection
[13:00:39] [INFO ]   Mode: single SA run (seed=12)
[13:00:40] [INFO ]   Detected 0 high-confidence faults
[13:00:40] [INFO ]   Step 2 complete
[13:00:40] [INFO ] 
[13:00:40] [INFO ] STEP 3 — Bounding boxes
[13:00:40] [INFO ]   Generated 0 boxes
[13:00:40] [INFO ]   Step 3 complete
[13:00:40] [INFO ] 
[13:00:40] [INFO ] STEP 4 — Dataset building
[13:00:40] [INFO ]   Saving labeled review image...
[13:00:40] [INFO ]   Saved: 219wg82stk_labeled.png
[13:00:40] [INFO ]   Split: train
[13:00:40] [INFO ]   Added 0 annotations to train.json
[13:00:40] [INFO ]   train.json: 149 images, 83 annotations
[13:00:40] [INFO ]   val.json:   37 images,  15 annotations
[13:00:40] [INFO ]   Step 4 complete
[13:00:40] [INFO ] 
[13:00:40] [INFO ]   DONE  219wg82stk  →  train  |  0 faults  |  0 boxes
[13:00:40] [INFO ] 
[13:00:40] [INFO ] ──────────────────────────────────────────────────
[13:00:40] [INFO ]   LINE: 221wg82stk
[13:00:40] [INFO ] ──────────────────────────────────────────────────
[13:00:40] [INFO ] Dataset  : namss.L-12-82-WG.mcs.airgun
[13:00:40] [INFO ] SGY      : ../../airgun_data/namss.L-12-82-WG.mcs.airgun/Data/221wg82stk.sgy
[13:00:40] [INFO ] NAV      : ../../airgun_data/namss.L-12-82-WG.mcs.airgun/Navigation/l-12-82-wg_NAV-WGS84.csv
[13:00:40] [INFO ] SA mode  : single (seed=12)
[13:00:40] [INFO ] 
[13:00:40] [INFO ] STEP 1 — Feature extraction
[13:00:40] [INFO ]   Loading navigation...
[13:00:40] [INFO ]   Loading SEG-Y...
[13:00:40] [INFO ]   Traces: 3316  Samples: 2750  dt: 4.000 ms
[13:00:40] [INFO ]   Depth:  0.0 m → 8247.0 m
[13:00:40] [INFO ]   Matching traces to navigation...
[13:00:40] [INFO ]   NAV line matched via translation: '221wg82stk' -> '221'
[13:00:41] [INFO ]   Matched 3310 / 3316 traces
[13:00:41] [INFO ]   Bandpass filtering...
[13:00:41] [INFO ]   Computing seismic attributes...
[13:00:41] [INFO ]   Picking seafloor...
[13:00:41] [INFO ]   Seafloor depth: 21–1443 m  (1658 shallow traces masked)
[13:00:41] [INFO ]   Picking horizons...
[13:00:41] [INFO ]   Computing NCC coherence (slow)...
[13:00:42] [INFO ]   Saving CNN section image...
[13:00:43] [INFO ]   Saved: 221wg82stk_section_cnn.png  (2700x1500px)
[13:00:43] [INFO ]   Step 1 complete
[13:00:43] [INFO ] 
[13:00:43] [INFO ] STEP 2 — Fault detection
[13:00:43] [INFO ]   Mode: single SA run (seed=12)
[13:00:47] [INFO ]   Detected 1 high-confidence faults
[13:00:47] [INFO ]     Fault  1 | trace ~ 1276 | prob=0.755
[13:00:47] [INFO ]   Step 2 complete
[13:00:47] [INFO ] 
[13:00:47] [INFO ] STEP 3 — Bounding boxes
[13:00:47] [INFO ]   Box  1 | [953, 111, 175w, 125h px]
[13:00:47] [INFO ]   Generated 1 boxes
[13:00:47] [INFO ]   Step 3 complete
[13:00:47] [INFO ] 
[13:00:47] [INFO ] STEP 4 — Dataset building
[13:00:47] [INFO ]   Saving labeled review image...
[13:00:47] [INFO ]   Saved: 221wg82stk_labeled.png
[13:00:47] [INFO ]   Split: train
[13:00:47] [INFO ]   Added 1 annotations to train.json
[13:00:47] [INFO ]   train.json: 150 images, 84 annotations
[13:00:47] [INFO ]   val.json:   37 images,  15 annotations
[13:00:47] [INFO ]   Step 4 complete
[13:00:47] [INFO ] 
[13:00:47] [INFO ]   DONE  221wg82stk  →  train  |  1 faults  |  1 boxes
[13:00:47] [INFO ] 
[13:00:47] [INFO ] ──────────────────────────────────────────────────
[13:00:47] [INFO ]   LINE: 222wg82stk
[13:00:47] [INFO ] ──────────────────────────────────────────────────
[13:00:47] [INFO ] Dataset  : namss.L-12-82-WG.mcs.airgun
[13:00:47] [INFO ] SGY      : ../../airgun_data/namss.L-12-82-WG.mcs.airgun/Data/222wg82stk.sgy
[13:00:47] [INFO ] NAV      : ../../airgun_data/namss.L-12-82-WG.mcs.airgun/Navigation/l-12-82-wg_NAV-WGS84.csv
[13:00:47] [INFO ] SA mode  : single (seed=12)
[13:00:47] [INFO ] 
[13:00:47] [INFO ] STEP 1 — Feature extraction
[13:00:47] [INFO ]   Loading navigation...
[13:00:47] [INFO ]   Loading SEG-Y...
[13:00:47] [INFO ]   Traces: 2190  Samples: 3500  dt: 4.000 ms
[13:00:47] [INFO ]   Depth:  0.0 m → 10497.0 m
[13:00:47] [INFO ]   Matching traces to navigation...
[13:00:47] [INFO ]   NAV line matched via translation: '222wg82stk' -> '222'
[13:00:47] [INFO ]   Matched 2189 / 2190 traces
[13:00:47] [INFO ]   Bandpass filtering...
[13:00:47] [INFO ]   Computing seismic attributes...
[13:00:48] [INFO ]   Picking seafloor...
[13:00:48] [INFO ]   Seafloor depth: 6–6480 m  (439 shallow traces masked)
[13:00:48] [INFO ]   Picking horizons...
[13:00:48] [INFO ]   Computing NCC coherence (slow)...
[13:00:48] [INFO ]   Saving CNN section image...
[13:00:49] [INFO ]   Saved: 222wg82stk_section_cnn.png  (2700x1500px)
[13:00:49] [INFO ]   Step 1 complete
[13:00:49] [INFO ] 
[13:00:49] [INFO ] STEP 2 — Fault detection
[13:00:49] [INFO ]   Mode: single SA run (seed=12)
[13:00:52] [INFO ]   Detected 0 high-confidence faults
[13:00:52] [INFO ]   Step 2 complete
[13:00:52] [INFO ] 
[13:00:52] [INFO ] STEP 3 — Bounding boxes
[13:00:52] [INFO ]   Generated 0 boxes
[13:00:52] [INFO ]   Step 3 complete
[13:00:52] [INFO ] 
[13:00:52] [INFO ] STEP 4 — Dataset building
[13:00:52] [INFO ]   Saving labeled review image...
[13:00:52] [INFO ]   Saved: 222wg82stk_labeled.png
[13:00:52] [INFO ]   Split: train
[13:00:52] [INFO ]   Added 0 annotations to train.json
[13:00:52] [INFO ]   train.json: 151 images, 84 annotations
[13:00:52] [INFO ]   val.json:   37 images,  15 annotations
[13:00:52] [INFO ]   Step 4 complete
[13:00:52] [INFO ] 
[13:00:52] [INFO ]   DONE  222wg82stk  →  train  |  0 faults  |  0 boxes
[13:00:52] [INFO ] 
[13:00:52] [INFO ] ──────────────────────────────────────────────────
[13:00:52] [INFO ]   LINE: 226wg82stk
[13:00:52] [INFO ] ──────────────────────────────────────────────────
[13:00:52] [INFO ] Dataset  : namss.L-12-82-WG.mcs.airgun
[13:00:52] [INFO ] SGY      : ../../airgun_data/namss.L-12-82-WG.mcs.airgun/Data/226wg82stk.sgy
[13:00:52] [INFO ] NAV      : ../../airgun_data/namss.L-12-82-WG.mcs.airgun/Navigation/l-12-82-wg_NAV-WGS84.csv
[13:00:52] [INFO ] SA mode  : single (seed=12)
[13:00:52] [INFO ] 
[13:00:52] [INFO ] STEP 1 — Feature extraction
[13:00:52] [INFO ]   Loading navigation...
[13:00:52] [INFO ]   Loading SEG-Y...
[13:00:52] [INFO ]   Traces: 254  Samples: 4000  dt: 2.000 ms
[13:00:52] [INFO ]   Depth:  0.0 m → 5998.5 m
[13:00:52] [INFO ]   Matching traces to navigation...
[13:00:52] [INFO ]   NAV line matched via translation: '226wg82stk' -> '226'
[13:00:52] [INFO ]   Matched 0 / 254 traces
[13:00:52] [ERROR] SKIPPING 226wg82stk (namss.L-12-82-WG.mcs.airgun): No traces matched navigation — check line name vs NAV file.
[13:00:52] [ERROR]   Traceback (most recent call last):
[13:00:52] [ERROR]     File "/Users/lennylukach/Personal/School/CS4100/namss/pipeline/src/pipeline.py", line 848, in <module>
[13:00:52] [ERROR]       process_line(line, sgy_path, nav_path, dataset)
[13:00:52] [ERROR]     File "/Users/lennylukach/Personal/School/CS4100/namss/pipeline/src/pipeline.py", line 431, in process_line
[13:00:52] [ERROR]       raise RuntimeError(
[13:00:52] [ERROR]   RuntimeError: No traces matched navigation — check line name vs NAV file.
[13:00:52] [INFO ] 
[13:00:52] [INFO ] ──────────────────────────────────────────────────
[13:00:52] [INFO ]   LINE: 100_1204
[13:00:52] [INFO ] ──────────────────────────────────────────────────
[13:00:52] [INFO ] Dataset  : namss.L-8-81-WG.mcs.airgun
[13:00:52] [INFO ] SGY      : ../../airgun_data/namss.L-8-81-WG.mcs.airgun/Data/100_1204.sgy
[13:00:52] [INFO ] NAV      : ../../airgun_data/namss.L-8-81-WG.mcs.airgun/Navigation/l-8-81-wg_NAV-WGS84.csv
[13:00:52] [INFO ] SA mode  : single (seed=12)
[13:00:52] [INFO ] 
[13:00:52] [INFO ] STEP 1 — Feature extraction
[13:00:52] [INFO ]   Loading navigation...
[13:00:52] [INFO ]   Loading SEG-Y...
[13:00:52] [INFO ]   Traces: 2195  Samples: 2000  dt: 4.000 ms
[13:00:52] [INFO ]   Depth:  0.0 m → 5997.0 m
[13:00:52] [INFO ]   Matching traces to navigation...
[13:00:52] [INFO ]   NAV line matched via translation: '100_1204' -> '100'
[13:00:52] [INFO ]   Matched 0 / 2195 traces
[13:00:52] [ERROR] SKIPPING 100_1204 (namss.L-8-81-WG.mcs.airgun): No traces matched navigation — check line name vs NAV file.
[13:00:52] [ERROR]   Traceback (most recent call last):
[13:00:52] [ERROR]     File "/Users/lennylukach/Personal/School/CS4100/namss/pipeline/src/pipeline.py", line 848, in <module>
[13:00:52] [ERROR]       process_line(line, sgy_path, nav_path, dataset)
[13:00:52] [ERROR]     File "/Users/lennylukach/Personal/School/CS4100/namss/pipeline/src/pipeline.py", line 431, in process_line
[13:00:52] [ERROR]       raise RuntimeError(
[13:00:52] [ERROR]   RuntimeError: No traces matched navigation — check line name vs NAV file.
[13:00:52] [INFO ] 
[13:00:52] [INFO ] ──────────────────────────────────────────────────
[13:00:52] [INFO ]   LINE: 101_1205
[13:00:52] [INFO ] ──────────────────────────────────────────────────
[13:00:52] [INFO ] Dataset  : namss.L-8-81-WG.mcs.airgun
[13:00:52] [INFO ] SGY      : ../../airgun_data/namss.L-8-81-WG.mcs.airgun/Data/101_1205.sgy
[13:00:52] [INFO ] NAV      : ../../airgun_data/namss.L-8-81-WG.mcs.airgun/Navigation/l-8-81-wg_NAV-WGS84.csv
[13:00:52] [INFO ] SA mode  : single (seed=12)
[13:00:52] [INFO ] 
[13:00:52] [INFO ] STEP 1 — Feature extraction
[13:00:52] [INFO ]   Loading navigation...
[13:00:52] [INFO ]   Loading SEG-Y...
[13:00:52] [INFO ]   Traces: 613  Samples: 2000  dt: 4.000 ms
[13:00:52] [INFO ]   Depth:  0.0 m → 5997.0 m
[13:00:52] [INFO ]   Matching traces to navigation...
[13:00:52] [INFO ]   NAV line matched via translation: '101_1205' -> '101'
[13:00:52] [INFO ]   Matched 0 / 613 traces
[13:00:52] [ERROR] SKIPPING 101_1205 (namss.L-8-81-WG.mcs.airgun): No traces matched navigation — check line name vs NAV file.
[13:00:52] [ERROR]   Traceback (most recent call last):
[13:00:52] [ERROR]     File "/Users/lennylukach/Personal/School/CS4100/namss/pipeline/src/pipeline.py", line 848, in <module>
[13:00:52] [ERROR]       process_line(line, sgy_path, nav_path, dataset)
[13:00:52] [ERROR]     File "/Users/lennylukach/Personal/School/CS4100/namss/pipeline/src/pipeline.py", line 431, in process_line
[13:00:52] [ERROR]       raise RuntimeError(
[13:00:52] [ERROR]   RuntimeError: No traces matched navigation — check line name vs NAV file.
[13:00:52] [INFO ] 
[13:00:52] [INFO ] ──────────────────────────────────────────────────
[13:00:52] [INFO ]   LINE: 102_1206
[13:00:52] [INFO ] ──────────────────────────────────────────────────
[13:00:52] [INFO ] Dataset  : namss.L-8-81-WG.mcs.airgun
[13:00:52] [INFO ] SGY      : ../../airgun_data/namss.L-8-81-WG.mcs.airgun/Data/102_1206.sgy
[13:00:52] [INFO ] NAV      : ../../airgun_data/namss.L-8-81-WG.mcs.airgun/Navigation/l-8-81-wg_NAV-WGS84.csv
[13:00:52] [INFO ] SA mode  : single (seed=12)
[13:00:52] [INFO ] 
[13:00:52] [INFO ] STEP 1 — Feature extraction
[13:00:52] [INFO ]   Loading navigation...
[13:00:52] [INFO ]   Loading SEG-Y...
[13:00:52] [INFO ]   Traces: 2796  Samples: 3500  dt: 4.000 ms
[13:00:52] [INFO ]   Depth:  0.0 m → 10497.0 m
[13:00:52] [INFO ]   Matching traces to navigation...
[13:00:52] [INFO ]   NAV line matched via translation: '102_1206' -> '102'
[13:00:52] [INFO ]   Matched 0 / 2796 traces
[13:00:52] [ERROR] SKIPPING 102_1206 (namss.L-8-81-WG.mcs.airgun): No traces matched navigation — check line name vs NAV file.
[13:00:52] [ERROR]   Traceback (most recent call last):
[13:00:52] [ERROR]     File "/Users/lennylukach/Personal/School/CS4100/namss/pipeline/src/pipeline.py", line 848, in <module>
[13:00:52] [ERROR]       process_line(line, sgy_path, nav_path, dataset)
[13:00:52] [ERROR]     File "/Users/lennylukach/Personal/School/CS4100/namss/pipeline/src/pipeline.py", line 431, in process_line
[13:00:52] [ERROR]       raise RuntimeError(
[13:00:52] [ERROR]   RuntimeError: No traces matched navigation — check line name vs NAV file.
[13:00:52] [INFO ] 
[13:00:52] [INFO ] ──────────────────────────────────────────────────
[13:00:52] [INFO ]   LINE: 103_1207
[13:00:52] [INFO ] ──────────────────────────────────────────────────
[13:00:52] [INFO ] Dataset  : namss.L-8-81-WG.mcs.airgun
[13:00:52] [INFO ] SGY      : ../../airgun_data/namss.L-8-81-WG.mcs.airgun/Data/103_1207.sgy
[13:00:52] [INFO ] NAV      : ../../airgun_data/namss.L-8-81-WG.mcs.airgun/Navigation/l-8-81-wg_NAV-WGS84.csv
[13:00:52] [INFO ] SA mode  : single (seed=12)
[13:00:52] [INFO ] 
[13:00:52] [INFO ] STEP 1 — Feature extraction
[13:00:52] [INFO ]   Loading navigation...
[13:00:52] [INFO ]   Loading SEG-Y...
[13:00:52] [INFO ]   Traces: 747  Samples: 3500  dt: 4.000 ms
[13:00:52] [INFO ]   Depth:  0.0 m → 10497.0 m
[13:00:52] [INFO ]   Matching traces to navigation...
[13:00:52] [INFO ]   NAV line matched via translation: '103_1207' -> '103'
[13:00:52] [INFO ]   Matched 0 / 747 traces
[13:00:52] [ERROR] SKIPPING 103_1207 (namss.L-8-81-WG.mcs.airgun): No traces matched navigation — check line name vs NAV file.
[13:00:52] [ERROR]   Traceback (most recent call last):
[13:00:52] [ERROR]     File "/Users/lennylukach/Personal/School/CS4100/namss/pipeline/src/pipeline.py", line 848, in <module>
[13:00:52] [ERROR]       process_line(line, sgy_path, nav_path, dataset)
[13:00:52] [ERROR]     File "/Users/lennylukach/Personal/School/CS4100/namss/pipeline/src/pipeline.py", line 431, in process_line
[13:00:52] [ERROR]       raise RuntimeError(
[13:00:52] [ERROR]   RuntimeError: No traces matched navigation — check line name vs NAV file.
[13:00:52] [INFO ] 
[13:00:52] [INFO ] ──────────────────────────────────────────────────
[13:00:52] [INFO ]   LINE: 104_1208
[13:00:52] [INFO ] ──────────────────────────────────────────────────
[13:00:52] [INFO ] Dataset  : namss.L-8-81-WG.mcs.airgun
[13:00:52] [INFO ] SGY      : ../../airgun_data/namss.L-8-81-WG.mcs.airgun/Data/104_1208.sgy
[13:00:52] [INFO ] NAV      : ../../airgun_data/namss.L-8-81-WG.mcs.airgun/Navigation/l-8-81-wg_NAV-WGS84.csv
[13:00:52] [INFO ] SA mode  : single (seed=12)
[13:00:52] [INFO ] 
[13:00:52] [INFO ] STEP 1 — Feature extraction
[13:00:52] [INFO ]   Loading navigation...
[13:00:52] [INFO ]   Loading SEG-Y...
[13:00:52] [INFO ]   Traces: 4238  Samples: 3750  dt: 4.000 ms
[13:00:52] [INFO ]   Depth:  0.0 m → 11247.0 m
[13:00:52] [INFO ]   Matching traces to navigation...
[13:00:52] [INFO ]   NAV line matched via translation: '104_1208' -> '104'
[13:00:53] [INFO ]   Matched 0 / 4238 traces
[13:00:53] [ERROR] SKIPPING 104_1208 (namss.L-8-81-WG.mcs.airgun): No traces matched navigation — check line name vs NAV file.
[13:00:53] [ERROR]   Traceback (most recent call last):
[13:00:53] [ERROR]     File "/Users/lennylukach/Personal/School/CS4100/namss/pipeline/src/pipeline.py", line 848, in <module>
[13:00:53] [ERROR]       process_line(line, sgy_path, nav_path, dataset)
[13:00:53] [ERROR]     File "/Users/lennylukach/Personal/School/CS4100/namss/pipeline/src/pipeline.py", line 431, in process_line
[13:00:53] [ERROR]       raise RuntimeError(
[13:00:53] [ERROR]   RuntimeError: No traces matched navigation — check line name vs NAV file.
[13:00:53] [INFO ] 
[13:00:53] [INFO ] ──────────────────────────────────────────────────
[13:00:53] [INFO ]   LINE: 105_1209
[13:00:53] [INFO ] ──────────────────────────────────────────────────
[13:00:53] [INFO ] Dataset  : namss.L-8-81-WG.mcs.airgun
[13:00:53] [INFO ] SGY      : ../../airgun_data/namss.L-8-81-WG.mcs.airgun/Data/105_1209.sgy
[13:00:53] [INFO ] NAV      : ../../airgun_data/namss.L-8-81-WG.mcs.airgun/Navigation/l-8-81-wg_NAV-WGS84.csv
[13:00:53] [INFO ] SA mode  : single (seed=12)
[13:00:53] [INFO ] 
[13:00:53] [INFO ] STEP 1 — Feature extraction
[13:00:53] [INFO ]   Loading navigation...
[13:00:53] [INFO ]   Loading SEG-Y...
[13:00:53] [INFO ]   Traces: 545  Samples: 2000  dt: 4.000 ms
[13:00:53] [INFO ]   Depth:  0.0 m → 5997.0 m
[13:00:53] [INFO ]   Matching traces to navigation...
[13:00:53] [INFO ]   NAV line matched via translation: '105_1209' -> '105'
[13:00:53] [INFO ]   Matched 0 / 545 traces
[13:00:53] [ERROR] SKIPPING 105_1209 (namss.L-8-81-WG.mcs.airgun): No traces matched navigation — check line name vs NAV file.
[13:00:53] [ERROR]   Traceback (most recent call last):
[13:00:53] [ERROR]     File "/Users/lennylukach/Personal/School/CS4100/namss/pipeline/src/pipeline.py", line 848, in <module>
[13:00:53] [ERROR]       process_line(line, sgy_path, nav_path, dataset)
[13:00:53] [ERROR]     File "/Users/lennylukach/Personal/School/CS4100/namss/pipeline/src/pipeline.py", line 431, in process_line
[13:00:53] [ERROR]       raise RuntimeError(
[13:00:53] [ERROR]   RuntimeError: No traces matched navigation — check line name vs NAV file.
[13:00:53] [INFO ] 
[13:00:53] [INFO ] ──────────────────────────────────────────────────
[13:00:53] [INFO ]   LINE: 106_1210
[13:00:53] [INFO ] ──────────────────────────────────────────────────
[13:00:53] [INFO ] Dataset  : namss.L-8-81-WG.mcs.airgun
[13:00:53] [INFO ] SGY      : ../../airgun_data/namss.L-8-81-WG.mcs.airgun/Data/106_1210.sgy
[13:00:53] [INFO ] NAV      : ../../airgun_data/namss.L-8-81-WG.mcs.airgun/Navigation/l-8-81-wg_NAV-WGS84.csv
[13:00:53] [INFO ] SA mode  : single (seed=12)
[13:00:53] [INFO ] 
[13:00:53] [INFO ] STEP 1 — Feature extraction
[13:00:53] [INFO ]   Loading navigation...
[13:00:53] [INFO ]   Loading SEG-Y...
[13:00:53] [INFO ]   Traces: 2436  Samples: 2250  dt: 4.000 ms
[13:00:53] [INFO ]   Depth:  0.0 m → 6747.0 m
[13:00:53] [INFO ]   Matching traces to navigation...
[13:00:53] [INFO ]   NAV line matched via translation: '106_1210' -> '106'
[13:00:53] [INFO ]   Matched 0 / 2436 traces
[13:00:53] [ERROR] SKIPPING 106_1210 (namss.L-8-81-WG.mcs.airgun): No traces matched navigation — check line name vs NAV file.
[13:00:53] [ERROR]   Traceback (most recent call last):
[13:00:53] [ERROR]     File "/Users/lennylukach/Personal/School/CS4100/namss/pipeline/src/pipeline.py", line 848, in <module>
[13:00:53] [ERROR]       process_line(line, sgy_path, nav_path, dataset)
[13:00:53] [ERROR]     File "/Users/lennylukach/Personal/School/CS4100/namss/pipeline/src/pipeline.py", line 431, in process_line
[13:00:53] [ERROR]       raise RuntimeError(
[13:00:53] [ERROR]   RuntimeError: No traces matched navigation — check line name vs NAV file.
[13:00:53] [INFO ] 
[13:00:53] [INFO ] ──────────────────────────────────────────────────
[13:00:53] [INFO ]   LINE: 107_1211
[13:00:53] [INFO ] ──────────────────────────────────────────────────
[13:00:53] [INFO ] Dataset  : namss.L-8-81-WG.mcs.airgun
[13:00:53] [INFO ] SGY      : ../../airgun_data/namss.L-8-81-WG.mcs.airgun/Data/107_1211.sgy
[13:00:53] [INFO ] NAV      : ../../airgun_data/namss.L-8-81-WG.mcs.airgun/Navigation/l-8-81-wg_NAV-WGS84.csv
[13:00:53] [INFO ] SA mode  : single (seed=12)
[13:00:53] [INFO ] 
[13:00:53] [INFO ] STEP 1 — Feature extraction
[13:00:53] [INFO ]   Loading navigation...
[13:00:53] [INFO ]   Loading SEG-Y...
[13:00:53] [INFO ]   Traces: 564  Samples: 2250  dt: 4.000 ms
[13:00:53] [INFO ]   Depth:  0.0 m → 6747.0 m
[13:00:53] [INFO ]   Matching traces to navigation...
[13:00:53] [INFO ]   NAV line matched via translation: '107_1211' -> '107'
[13:00:53] [INFO ]   Matched 0 / 564 traces
[13:00:53] [ERROR] SKIPPING 107_1211 (namss.L-8-81-WG.mcs.airgun): No traces matched navigation — check line name vs NAV file.
[13:00:53] [ERROR]   Traceback (most recent call last):
[13:00:53] [ERROR]     File "/Users/lennylukach/Personal/School/CS4100/namss/pipeline/src/pipeline.py", line 848, in <module>
[13:00:53] [ERROR]       process_line(line, sgy_path, nav_path, dataset)
[13:00:53] [ERROR]     File "/Users/lennylukach/Personal/School/CS4100/namss/pipeline/src/pipeline.py", line 431, in process_line
[13:00:53] [ERROR]       raise RuntimeError(
[13:00:53] [ERROR]   RuntimeError: No traces matched navigation — check line name vs NAV file.
[13:00:53] [INFO ] 
[13:00:53] [INFO ] ──────────────────────────────────────────────────
[13:00:53] [INFO ]   LINE: 108_1212
[13:00:53] [INFO ] ──────────────────────────────────────────────────
[13:00:53] [INFO ] Dataset  : namss.L-8-81-WG.mcs.airgun
[13:00:53] [INFO ] SGY      : ../../airgun_data/namss.L-8-81-WG.mcs.airgun/Data/108_1212.sgy
[13:00:53] [INFO ] NAV      : ../../airgun_data/namss.L-8-81-WG.mcs.airgun/Navigation/l-8-81-wg_NAV-WGS84.csv
[13:00:53] [INFO ] SA mode  : single (seed=12)
[13:00:53] [INFO ] 
[13:00:53] [INFO ] STEP 1 — Feature extraction
[13:00:53] [INFO ]   Loading navigation...
[13:00:53] [INFO ]   Loading SEG-Y...
[13:00:53] [INFO ]   Traces: 1378  Samples: 2000  dt: 4.000 ms
[13:00:53] [INFO ]   Depth:  0.0 m → 5997.0 m
[13:00:53] [INFO ]   Matching traces to navigation...
[13:00:53] [INFO ]   NAV line matched via translation: '108_1212' -> '108'
[13:00:53] [INFO ]   Matched 0 / 1378 traces
[13:00:53] [ERROR] SKIPPING 108_1212 (namss.L-8-81-WG.mcs.airgun): No traces matched navigation — check line name vs NAV file.
[13:00:53] [ERROR]   Traceback (most recent call last):
[13:00:53] [ERROR]     File "/Users/lennylukach/Personal/School/CS4100/namss/pipeline/src/pipeline.py", line 848, in <module>
[13:00:53] [ERROR]       process_line(line, sgy_path, nav_path, dataset)
[13:00:53] [ERROR]     File "/Users/lennylukach/Personal/School/CS4100/namss/pipeline/src/pipeline.py", line 431, in process_line
[13:00:53] [ERROR]       raise RuntimeError(
[13:00:53] [ERROR]   RuntimeError: No traces matched navigation — check line name vs NAV file.
[13:00:53] [INFO ] 
[13:00:53] [INFO ] ──────────────────────────────────────────────────
[13:00:53] [INFO ]   LINE: 109_1213
[13:00:53] [INFO ] ──────────────────────────────────────────────────
[13:00:53] [INFO ] Dataset  : namss.L-8-81-WG.mcs.airgun
[13:00:53] [INFO ] SGY      : ../../airgun_data/namss.L-8-81-WG.mcs.airgun/Data/109_1213.sgy
[13:00:53] [INFO ] NAV      : ../../airgun_data/namss.L-8-81-WG.mcs.airgun/Navigation/l-8-81-wg_NAV-WGS84.csv
[13:00:53] [INFO ] SA mode  : single (seed=12)
[13:00:53] [INFO ] 
[13:00:53] [INFO ] STEP 1 — Feature extraction
[13:00:53] [INFO ]   Loading navigation...
[13:00:53] [INFO ]   Loading SEG-Y...
[13:00:53] [INFO ]   Traces: 2029  Samples: 2250  dt: 4.000 ms
[13:00:53] [INFO ]   Depth:  0.0 m → 6747.0 m
[13:00:53] [INFO ]   Matching traces to navigation...
[13:00:53] [INFO ]   NAV line matched via translation: '109_1213' -> '109'
[13:00:53] [INFO ]   Matched 0 / 2029 traces
[13:00:53] [ERROR] SKIPPING 109_1213 (namss.L-8-81-WG.mcs.airgun): No traces matched navigation — check line name vs NAV file.
[13:00:53] [ERROR]   Traceback (most recent call last):
[13:00:53] [ERROR]     File "/Users/lennylukach/Personal/School/CS4100/namss/pipeline/src/pipeline.py", line 848, in <module>
[13:00:53] [ERROR]       process_line(line, sgy_path, nav_path, dataset)
[13:00:53] [ERROR]     File "/Users/lennylukach/Personal/School/CS4100/namss/pipeline/src/pipeline.py", line 431, in process_line
[13:00:53] [ERROR]       raise RuntimeError(
[13:00:53] [ERROR]   RuntimeError: No traces matched navigation — check line name vs NAV file.
[13:00:53] [INFO ] 
[13:00:53] [INFO ] ──────────────────────────────────────────────────
[13:00:53] [INFO ]   LINE: 110_1214
[13:00:53] [INFO ] ──────────────────────────────────────────────────
[13:00:53] [INFO ] Dataset  : namss.L-8-81-WG.mcs.airgun
[13:00:53] [INFO ] SGY      : ../../airgun_data/namss.L-8-81-WG.mcs.airgun/Data/110_1214.sgy
[13:00:53] [INFO ] NAV      : ../../airgun_data/namss.L-8-81-WG.mcs.airgun/Navigation/l-8-81-wg_NAV-WGS84.csv
[13:00:53] [INFO ] SA mode  : single (seed=12)
[13:00:53] [INFO ] 
[13:00:53] [INFO ] STEP 1 — Feature extraction
[13:00:53] [INFO ]   Loading navigation...
[13:00:53] [INFO ]   Loading SEG-Y...
[13:00:53] [INFO ]   Traces: 314  Samples: 2000  dt: 4.000 ms
[13:00:53] [INFO ]   Depth:  0.0 m → 5997.0 m
[13:00:53] [INFO ]   Matching traces to navigation...
[13:00:53] [INFO ]   NAV line matched via translation: '110_1214' -> '110'
[13:00:53] [INFO ]   Matched 0 / 314 traces
[13:00:53] [ERROR] SKIPPING 110_1214 (namss.L-8-81-WG.mcs.airgun): No traces matched navigation — check line name vs NAV file.
[13:00:53] [ERROR]   Traceback (most recent call last):
[13:00:53] [ERROR]     File "/Users/lennylukach/Personal/School/CS4100/namss/pipeline/src/pipeline.py", line 848, in <module>
[13:00:53] [ERROR]       process_line(line, sgy_path, nav_path, dataset)
[13:00:53] [ERROR]     File "/Users/lennylukach/Personal/School/CS4100/namss/pipeline/src/pipeline.py", line 431, in process_line
[13:00:53] [ERROR]       raise RuntimeError(
[13:00:53] [ERROR]   RuntimeError: No traces matched navigation — check line name vs NAV file.
[13:00:53] [INFO ] 
[13:00:53] [INFO ] ──────────────────────────────────────────────────
[13:00:53] [INFO ]   LINE: 111_1215
[13:00:53] [INFO ] ──────────────────────────────────────────────────
[13:00:53] [INFO ] Dataset  : namss.L-8-81-WG.mcs.airgun
[13:00:53] [INFO ] SGY      : ../../airgun_data/namss.L-8-81-WG.mcs.airgun/Data/111_1215.sgy
[13:00:53] [INFO ] NAV      : ../../airgun_data/namss.L-8-81-WG.mcs.airgun/Navigation/l-8-81-wg_NAV-WGS84.csv
[13:00:53] [INFO ] SA mode  : single (seed=12)
[13:00:53] [INFO ] 
[13:00:53] [INFO ] STEP 1 — Feature extraction
[13:00:53] [INFO ]   Loading navigation...
[13:00:53] [INFO ]   Loading SEG-Y...
[13:00:53] [INFO ]   Traces: 2421  Samples: 3750  dt: 4.000 ms
[13:00:53] [INFO ]   Depth:  0.0 m → 11247.0 m
[13:00:53] [INFO ]   Matching traces to navigation...
[13:00:53] [INFO ]   NAV line matched via translation: '111_1215' -> '111'
[13:00:54] [INFO ]   Matched 0 / 2421 traces
[13:00:54] [ERROR] SKIPPING 111_1215 (namss.L-8-81-WG.mcs.airgun): No traces matched navigation — check line name vs NAV file.
[13:00:54] [ERROR]   Traceback (most recent call last):
[13:00:54] [ERROR]     File "/Users/lennylukach/Personal/School/CS4100/namss/pipeline/src/pipeline.py", line 848, in <module>
[13:00:54] [ERROR]       process_line(line, sgy_path, nav_path, dataset)
[13:00:54] [ERROR]     File "/Users/lennylukach/Personal/School/CS4100/namss/pipeline/src/pipeline.py", line 431, in process_line
[13:00:54] [ERROR]       raise RuntimeError(
[13:00:54] [ERROR]   RuntimeError: No traces matched navigation — check line name vs NAV file.
[13:00:54] [INFO ] 
[13:00:54] [INFO ] ──────────────────────────────────────────────────
[13:00:54] [INFO ]   LINE: 112_1216
[13:00:54] [INFO ] ──────────────────────────────────────────────────
[13:00:54] [INFO ] Dataset  : namss.L-8-81-WG.mcs.airgun
[13:00:54] [INFO ] SGY      : ../../airgun_data/namss.L-8-81-WG.mcs.airgun/Data/112_1216.sgy
[13:00:54] [INFO ] NAV      : ../../airgun_data/namss.L-8-81-WG.mcs.airgun/Navigation/l-8-81-wg_NAV-WGS84.csv
[13:00:54] [INFO ] SA mode  : single (seed=12)
[13:00:54] [INFO ] 
[13:00:54] [INFO ] STEP 1 — Feature extraction
[13:00:54] [INFO ]   Loading navigation...
[13:00:54] [INFO ]   Loading SEG-Y...
[13:00:54] [INFO ]   Traces: 524  Samples: 3750  dt: 4.000 ms
[13:00:54] [INFO ]   Depth:  0.0 m → 11247.0 m
[13:00:54] [INFO ]   Matching traces to navigation...
[13:00:54] [INFO ]   NAV line matched via translation: '112_1216' -> '112'
[13:00:54] [INFO ]   Matched 0 / 524 traces
[13:00:54] [ERROR] SKIPPING 112_1216 (namss.L-8-81-WG.mcs.airgun): No traces matched navigation — check line name vs NAV file.
[13:00:54] [ERROR]   Traceback (most recent call last):
[13:00:54] [ERROR]     File "/Users/lennylukach/Personal/School/CS4100/namss/pipeline/src/pipeline.py", line 848, in <module>
[13:00:54] [ERROR]       process_line(line, sgy_path, nav_path, dataset)
[13:00:54] [ERROR]     File "/Users/lennylukach/Personal/School/CS4100/namss/pipeline/src/pipeline.py", line 431, in process_line
[13:00:54] [ERROR]       raise RuntimeError(
[13:00:54] [ERROR]   RuntimeError: No traces matched navigation — check line name vs NAV file.
[13:00:54] [INFO ] 
[13:00:54] [INFO ] ──────────────────────────────────────────────────
[13:00:54] [INFO ]   LINE: 113_1217
[13:00:54] [INFO ] ──────────────────────────────────────────────────
[13:00:54] [INFO ] Dataset  : namss.L-8-81-WG.mcs.airgun
[13:00:54] [INFO ] SGY      : ../../airgun_data/namss.L-8-81-WG.mcs.airgun/Data/113_1217.sgy
[13:00:54] [INFO ] NAV      : ../../airgun_data/namss.L-8-81-WG.mcs.airgun/Navigation/l-8-81-wg_NAV-WGS84.csv
[13:00:54] [INFO ] SA mode  : single (seed=12)
[13:00:54] [INFO ] 
[13:00:54] [INFO ] STEP 1 — Feature extraction
[13:00:54] [INFO ]   Loading navigation...
[13:00:54] [INFO ]   Loading SEG-Y...
[13:00:54] [INFO ]   Traces: 1735  Samples: 4000  dt: 4.000 ms
[13:00:54] [INFO ]   Depth:  0.0 m → 11997.0 m
[13:00:54] [INFO ]   Matching traces to navigation...
[13:00:54] [INFO ]   NAV line matched via translation: '113_1217' -> '113'
[13:00:54] [INFO ]   Matched 0 / 1735 traces
[13:00:54] [ERROR] SKIPPING 113_1217 (namss.L-8-81-WG.mcs.airgun): No traces matched navigation — check line name vs NAV file.
[13:00:54] [ERROR]   Traceback (most recent call last):
[13:00:54] [ERROR]     File "/Users/lennylukach/Personal/School/CS4100/namss/pipeline/src/pipeline.py", line 848, in <module>
[13:00:54] [ERROR]       process_line(line, sgy_path, nav_path, dataset)
[13:00:54] [ERROR]     File "/Users/lennylukach/Personal/School/CS4100/namss/pipeline/src/pipeline.py", line 431, in process_line
[13:00:54] [ERROR]       raise RuntimeError(
[13:00:54] [ERROR]   RuntimeError: No traces matched navigation — check line name vs NAV file.
[13:00:54] [INFO ] 
[13:00:54] [INFO ] ──────────────────────────────────────────────────
[13:00:54] [INFO ]   LINE: 114_1218
[13:00:54] [INFO ] ──────────────────────────────────────────────────
[13:00:54] [INFO ] Dataset  : namss.L-8-81-WG.mcs.airgun
[13:00:54] [INFO ] SGY      : ../../airgun_data/namss.L-8-81-WG.mcs.airgun/Data/114_1218.sgy
[13:00:54] [INFO ] NAV      : ../../airgun_data/namss.L-8-81-WG.mcs.airgun/Navigation/l-8-81-wg_NAV-WGS84.csv
[13:00:54] [INFO ] SA mode  : single (seed=12)
[13:00:54] [INFO ] 
[13:00:54] [INFO ] STEP 1 — Feature extraction
[13:00:54] [INFO ]   Loading navigation...
[13:00:54] [INFO ]   Loading SEG-Y...
[13:00:54] [INFO ]   Traces: 845  Samples: 2000  dt: 4.000 ms
[13:00:54] [INFO ]   Depth:  0.0 m → 5997.0 m
[13:00:54] [INFO ]   Matching traces to navigation...
[13:00:54] [INFO ]   NAV line matched via translation: '114_1218' -> '114'
[13:00:54] [INFO ]   Matched 0 / 845 traces
[13:00:54] [ERROR] SKIPPING 114_1218 (namss.L-8-81-WG.mcs.airgun): No traces matched navigation — check line name vs NAV file.
[13:00:54] [ERROR]   Traceback (most recent call last):
[13:00:54] [ERROR]     File "/Users/lennylukach/Personal/School/CS4100/namss/pipeline/src/pipeline.py", line 848, in <module>
[13:00:54] [ERROR]       process_line(line, sgy_path, nav_path, dataset)
[13:00:54] [ERROR]     File "/Users/lennylukach/Personal/School/CS4100/namss/pipeline/src/pipeline.py", line 431, in process_line
[13:00:54] [ERROR]       raise RuntimeError(
[13:00:54] [ERROR]   RuntimeError: No traces matched navigation — check line name vs NAV file.
[13:00:54] [INFO ] 
[13:00:54] [INFO ] ──────────────────────────────────────────────────
[13:00:54] [INFO ]   LINE: 115_1219
[13:00:54] [INFO ] ──────────────────────────────────────────────────
[13:00:54] [INFO ] Dataset  : namss.L-8-81-WG.mcs.airgun
[13:00:54] [INFO ] SGY      : ../../airgun_data/namss.L-8-81-WG.mcs.airgun/Data/115_1219.sgy
[13:00:54] [INFO ] NAV      : ../../airgun_data/namss.L-8-81-WG.mcs.airgun/Navigation/l-8-81-wg_NAV-WGS84.csv
[13:00:54] [INFO ] SA mode  : single (seed=12)
[13:00:54] [INFO ] 
[13:00:54] [INFO ] STEP 1 — Feature extraction
[13:00:54] [INFO ]   Loading navigation...
[13:00:54] [INFO ]   Loading SEG-Y...
[13:00:54] [INFO ]   Traces: 345  Samples: 2000  dt: 4.000 ms
[13:00:54] [INFO ]   Depth:  0.0 m → 5997.0 m
[13:00:54] [INFO ]   Matching traces to navigation...
[13:00:54] [INFO ]   NAV line matched via translation: '115_1219' -> '115'
[13:00:54] [INFO ]   Matched 0 / 345 traces
[13:00:54] [ERROR] SKIPPING 115_1219 (namss.L-8-81-WG.mcs.airgun): No traces matched navigation — check line name vs NAV file.
[13:00:54] [ERROR]   Traceback (most recent call last):
[13:00:54] [ERROR]     File "/Users/lennylukach/Personal/School/CS4100/namss/pipeline/src/pipeline.py", line 848, in <module>
[13:00:54] [ERROR]       process_line(line, sgy_path, nav_path, dataset)
[13:00:54] [ERROR]     File "/Users/lennylukach/Personal/School/CS4100/namss/pipeline/src/pipeline.py", line 431, in process_line
[13:00:54] [ERROR]       raise RuntimeError(
[13:00:54] [ERROR]   RuntimeError: No traces matched navigation — check line name vs NAV file.
[13:00:54] [INFO ] 
[13:00:54] [INFO ] ──────────────────────────────────────────────────
[13:00:54] [INFO ]   LINE: 116_1220
[13:00:54] [INFO ] ──────────────────────────────────────────────────
[13:00:54] [INFO ] Dataset  : namss.L-8-81-WG.mcs.airgun
[13:00:54] [INFO ] SGY      : ../../airgun_data/namss.L-8-81-WG.mcs.airgun/Data/116_1220.sgy
[13:00:54] [INFO ] NAV      : ../../airgun_data/namss.L-8-81-WG.mcs.airgun/Navigation/l-8-81-wg_NAV-WGS84.csv
[13:00:54] [INFO ] SA mode  : single (seed=12)
[13:00:54] [INFO ] 
[13:00:54] [INFO ] STEP 1 — Feature extraction
[13:00:54] [INFO ]   Loading navigation...
[13:00:54] [INFO ]   Loading SEG-Y...
[13:00:54] [INFO ]   Traces: 1168  Samples: 2000  dt: 4.000 ms
[13:00:54] [INFO ]   Depth:  0.0 m → 5997.0 m
[13:00:54] [INFO ]   Matching traces to navigation...
[13:00:54] [INFO ]   NAV line matched via translation: '116_1220' -> '116'
[13:00:54] [INFO ]   Matched 0 / 1168 traces
[13:00:54] [ERROR] SKIPPING 116_1220 (namss.L-8-81-WG.mcs.airgun): No traces matched navigation — check line name vs NAV file.
[13:00:54] [ERROR]   Traceback (most recent call last):
[13:00:54] [ERROR]     File "/Users/lennylukach/Personal/School/CS4100/namss/pipeline/src/pipeline.py", line 848, in <module>
[13:00:54] [ERROR]       process_line(line, sgy_path, nav_path, dataset)
[13:00:54] [ERROR]     File "/Users/lennylukach/Personal/School/CS4100/namss/pipeline/src/pipeline.py", line 431, in process_line
[13:00:54] [ERROR]       raise RuntimeError(
[13:00:54] [ERROR]   RuntimeError: No traces matched navigation — check line name vs NAV file.
[13:00:54] [INFO ] 
[13:00:54] [INFO ] ──────────────────────────────────────────────────
[13:00:54] [INFO ]   LINE: 117_1221
[13:00:54] [INFO ] ──────────────────────────────────────────────────
[13:00:54] [INFO ] Dataset  : namss.L-8-81-WG.mcs.airgun
[13:00:54] [INFO ] SGY      : ../../airgun_data/namss.L-8-81-WG.mcs.airgun/Data/117_1221.sgy
[13:00:54] [INFO ] NAV      : ../../airgun_data/namss.L-8-81-WG.mcs.airgun/Navigation/l-8-81-wg_NAV-WGS84.csv
[13:00:54] [INFO ] SA mode  : single (seed=12)
[13:00:54] [INFO ] 
[13:00:54] [INFO ] STEP 1 — Feature extraction
[13:00:54] [INFO ]   Loading navigation...
[13:00:54] [INFO ]   Loading SEG-Y...
[13:00:54] [INFO ]   Traces: 666  Samples: 2500  dt: 4.000 ms
[13:00:54] [INFO ]   Depth:  0.0 m → 7497.0 m
[13:00:54] [INFO ]   Matching traces to navigation...
[13:00:54] [INFO ]   NAV line matched via translation: '117_1221' -> '117'
[13:00:54] [INFO ]   Matched 0 / 666 traces
[13:00:54] [ERROR] SKIPPING 117_1221 (namss.L-8-81-WG.mcs.airgun): No traces matched navigation — check line name vs NAV file.
[13:00:54] [ERROR]   Traceback (most recent call last):
[13:00:54] [ERROR]     File "/Users/lennylukach/Personal/School/CS4100/namss/pipeline/src/pipeline.py", line 848, in <module>
[13:00:54] [ERROR]       process_line(line, sgy_path, nav_path, dataset)
[13:00:54] [ERROR]     File "/Users/lennylukach/Personal/School/CS4100/namss/pipeline/src/pipeline.py", line 431, in process_line
[13:00:54] [ERROR]       raise RuntimeError(
[13:00:54] [ERROR]   RuntimeError: No traces matched navigation — check line name vs NAV file.
[13:00:54] [INFO ] 
[13:00:54] [INFO ] ──────────────────────────────────────────────────
[13:00:54] [INFO ]   LINE: T2010.100.mig.1500
[13:00:54] [INFO ] ──────────────────────────────────────────────────
[13:00:54] [INFO ] Dataset  : namss.T-21-10-AT.mcs.airgun
[13:00:54] [INFO ] SGY      : ../../airgun_data/namss.T-21-10-AT.mcs.airgun/Data/T2010.100.mig.1500.sgy
[13:00:54] [INFO ] NAV      : ../../airgun_data/namss.T-21-10-AT.mcs.airgun/Navigation/T-21-10-AT_NAV-WGS84.csv
[13:00:54] [INFO ] SA mode  : single (seed=12)
[13:00:54] [INFO ] 
[13:00:54] [INFO ] STEP 1 — Feature extraction
[13:00:54] [INFO ]   Loading navigation...
[13:00:54] [INFO ]   Loading SEG-Y...
[13:00:54] [INFO ]   Traces: 4506  Samples: 5441  dt: 1.000 ms
[13:00:54] [INFO ]   Depth:  0.0 m → 4080.0 m
[13:00:54] [INFO ]   Matching traces to navigation...
[13:00:55] [INFO ]   Matched 4506 / 4506 traces
[13:00:55] [INFO ]   Bandpass filtering...
[13:00:55] [INFO ]   Computing seismic attributes...
[13:00:57] [INFO ]   Picking seafloor...
[13:00:57] [INFO ]   Seafloor depth: 179–695 m  (3619 shallow traces masked)
[13:00:57] [INFO ]   Picking horizons...
[13:00:57] [INFO ]   Computing NCC coherence (slow)...
[13:00:58] [INFO ]   Saving CNN section image...
[13:01:00] [INFO ]   Saved: T2010.100.mig.1500_section_cnn.png  (2700x1500px)
[13:01:00] [INFO ]   Step 1 complete
[13:01:00] [INFO ] 
[13:01:00] [INFO ] STEP 2 — Fault detection
[13:01:00] [INFO ]   Mode: single SA run (seed=12)
[13:01:09] [INFO ]   Detected 0 high-confidence faults
[13:01:09] [INFO ]   Step 2 complete
[13:01:09] [INFO ] 
[13:01:09] [INFO ] STEP 3 — Bounding boxes
[13:01:09] [INFO ]   Generated 0 boxes
[13:01:09] [INFO ]   Step 3 complete
[13:01:09] [INFO ] 
[13:01:09] [INFO ] STEP 4 — Dataset building
[13:01:09] [INFO ]   Saving labeled review image...
[13:01:10] [INFO ]   Saved: T2010.100.mig.1500_labeled.png
[13:01:10] [INFO ]   Split: train
[13:01:10] [INFO ]   Added 0 annotations to train.json
[13:01:10] [INFO ]   train.json: 152 images, 84 annotations
[13:01:10] [INFO ]   val.json:   37 images,  15 annotations
[13:01:10] [INFO ]   Step 4 complete
[13:01:10] [INFO ] 
[13:01:10] [INFO ]   DONE  T2010.100.mig.1500  →  train  |  0 faults  |  0 boxes
[13:01:10] [INFO ] 
[13:01:10] [INFO ] ──────────────────────────────────────────────────
[13:01:10] [INFO ]   LINE: T2010.101.mig.1500
[13:01:10] [INFO ] ──────────────────────────────────────────────────
[13:01:10] [INFO ] Dataset  : namss.T-21-10-AT.mcs.airgun
[13:01:10] [INFO ] SGY      : ../../airgun_data/namss.T-21-10-AT.mcs.airgun/Data/T2010.101.mig.1500.sgy
[13:01:10] [INFO ] NAV      : ../../airgun_data/namss.T-21-10-AT.mcs.airgun/Navigation/T-21-10-AT_NAV-WGS84.csv
[13:01:10] [INFO ] SA mode  : single (seed=12)
[13:01:10] [INFO ] 
[13:01:10] [INFO ] STEP 1 — Feature extraction
[13:01:10] [INFO ]   Loading navigation...
[13:01:10] [INFO ]   Loading SEG-Y...
[13:01:10] [INFO ]   Traces: 17977  Samples: 5421  dt: 1.000 ms
[13:01:10] [INFO ]   Depth:  0.0 m → 4065.0 m
[13:01:10] [INFO ]   Matching traces to navigation...
[13:01:12] [INFO ]   Matched 17977 / 17977 traces
[13:01:12] [INFO ]   Bandpass filtering...
[13:01:14] [INFO ]   Computing seismic attributes...
[13:01:22] [INFO ]   Picking seafloor...
[13:01:24] [INFO ]   Seafloor depth: 2288–2746 m  (0 shallow traces masked)
[13:01:24] [INFO ]   Picking horizons...
[13:01:25] [INFO ]   Computing NCC coherence (slow)...
[13:01:28] [INFO ]   Saving CNN section image...
[13:01:37] [INFO ]   Saved: T2010.101.mig.1500_section_cnn.png  (2700x1500px)
[13:01:37] [INFO ]   Step 1 complete
[13:01:37] [INFO ] 
[13:01:37] [INFO ] STEP 2 — Fault detection
[13:01:37] [INFO ]   Mode: single SA run (seed=12)
[13:02:10] [INFO ]   Detected 0 high-confidence faults
[13:02:10] [INFO ]   Step 2 complete
[13:02:10] [INFO ] 
[13:02:10] [INFO ] STEP 3 — Bounding boxes
[13:02:10] [INFO ]   Generated 0 boxes
[13:02:10] [INFO ]   Step 3 complete
[13:02:10] [INFO ] 
[13:02:10] [INFO ] STEP 4 — Dataset building
[13:02:10] [INFO ]   Saving labeled review image...
[13:02:10] [INFO ]   Saved: T2010.101.mig.1500_labeled.png
[13:02:10] [INFO ]   Split: train
[13:02:10] [INFO ]   Added 0 annotations to train.json
[13:02:10] [INFO ]   train.json: 153 images, 84 annotations
[13:02:10] [INFO ]   val.json:   37 images,  15 annotations
[13:02:10] [INFO ]   Step 4 complete
[13:02:10] [INFO ] 
[13:02:10] [INFO ]   DONE  T2010.101.mig.1500  →  train  |  0 faults  |  0 boxes
[13:02:12] [INFO ] 
[13:02:12] [INFO ] ──────────────────────────────────────────────────
[13:02:12] [INFO ]   LINE: T2010.102.mig.1500
[13:02:12] [INFO ] ──────────────────────────────────────────────────
[13:02:12] [INFO ] Dataset  : namss.T-21-10-AT.mcs.airgun
[13:02:12] [INFO ] SGY      : ../../airgun_data/namss.T-21-10-AT.mcs.airgun/Data/T2010.102.mig.1500.sgy
[13:02:12] [INFO ] NAV      : ../../airgun_data/namss.T-21-10-AT.mcs.airgun/Navigation/T-21-10-AT_NAV-WGS84.csv
[13:02:12] [INFO ] SA mode  : single (seed=12)
[13:02:12] [INFO ] 
[13:02:12] [INFO ] STEP 1 — Feature extraction
[13:02:12] [INFO ]   Loading navigation...
[13:02:12] [INFO ]   Loading SEG-Y...
[13:02:12] [INFO ]   Traces: 3605  Samples: 5441  dt: 1.000 ms
[13:02:12] [INFO ]   Depth:  0.0 m → 4080.0 m
[13:02:12] [INFO ]   Matching traces to navigation...
[13:02:12] [INFO ]   Matched 3605 / 3605 traces
[13:02:12] [INFO ]   Bandpass filtering...
[13:02:13] [INFO ]   Computing seismic attributes...
[13:02:14] [INFO ]   Picking seafloor...
[13:02:15] [INFO ]   Seafloor depth: 288–596 m  (3605 shallow traces masked)
[13:02:15] [INFO ]   Picking horizons...
[13:02:15] [INFO ]   Computing NCC coherence (slow)...
[13:02:15] [INFO ]   Saving CNN section image...
[13:02:17] [INFO ]   Saved: T2010.102.mig.1500_section_cnn.png  (2700x1500px)
[13:02:17] [INFO ]   Step 1 complete
[13:02:17] [INFO ] 
[13:02:17] [INFO ] STEP 2 — Fault detection
[13:02:17] [INFO ]   Mode: single SA run (seed=12)
[13:02:20] [INFO ]   Detected 0 high-confidence faults
[13:02:20] [INFO ]   Step 2 complete
[13:02:20] [INFO ] 
[13:02:20] [INFO ] STEP 3 — Bounding boxes
[13:02:20] [INFO ]   Generated 0 boxes
[13:02:20] [INFO ]   Step 3 complete
[13:02:20] [INFO ] 
[13:02:20] [INFO ] STEP 4 — Dataset building
[13:02:20] [INFO ]   Saving labeled review image...
[13:02:20] [INFO ]   Saved: T2010.102.mig.1500_labeled.png
[13:02:20] [INFO ]   Split: train
[13:02:20] [INFO ]   Added 0 annotations to train.json
[13:02:20] [INFO ]   train.json: 154 images, 84 annotations
[13:02:20] [INFO ]   val.json:   37 images,  15 annotations
[13:02:20] [INFO ]   Step 4 complete
[13:02:20] [INFO ] 
[13:02:20] [INFO ]   DONE  T2010.102.mig.1500  →  train  |  0 faults  |  0 boxes
[13:02:20] [INFO ] 
[13:02:20] [INFO ] ──────────────────────────────────────────────────
[13:02:20] [INFO ]   LINE: T2010.103.mig.1500
[13:02:20] [INFO ] ──────────────────────────────────────────────────
[13:02:20] [INFO ] Dataset  : namss.T-21-10-AT.mcs.airgun
[13:02:20] [INFO ] SGY      : ../../airgun_data/namss.T-21-10-AT.mcs.airgun/Data/T2010.103.mig.1500.sgy
[13:02:20] [INFO ] NAV      : ../../airgun_data/namss.T-21-10-AT.mcs.airgun/Navigation/T-21-10-AT_NAV-WGS84.csv
[13:02:20] [INFO ] SA mode  : single (seed=12)
[13:02:20] [INFO ] 
[13:02:20] [INFO ] STEP 1 — Feature extraction
[13:02:20] [INFO ]   Loading navigation...
[13:02:20] [INFO ]   Loading SEG-Y...
[13:02:21] [INFO ]   Traces: 19161  Samples: 5441  dt: 1.000 ms
[13:02:21] [INFO ]   Depth:  0.0 m → 4080.0 m
[13:02:21] [INFO ]   Matching traces to navigation...
[13:02:23] [INFO ]   Matched 19056 / 19161 traces
[13:02:23] [INFO ]   Bandpass filtering...
[13:02:26] [INFO ]   Computing seismic attributes...
[13:02:36] [INFO ]   Picking seafloor...
[13:02:38] [INFO ]   Seafloor depth: 1320–2653 m  (0 shallow traces masked)
[13:02:38] [INFO ]   Picking horizons...
[13:02:40] [INFO ]   Computing NCC coherence (slow)...
[13:02:43] [INFO ]   Saving CNN section image...
[13:02:54] [INFO ]   Saved: T2010.103.mig.1500_section_cnn.png  (2700x1500px)
[13:02:54] [INFO ]   Step 1 complete
[13:02:54] [INFO ] 
[13:02:54] [INFO ] STEP 2 — Fault detection
[13:02:54] [INFO ]   Mode: single SA run (seed=12)
[13:03:28] [INFO ]   Detected 2 high-confidence faults
[13:03:28] [INFO ]     Fault  1 | trace ~17683 | prob=0.790
[13:03:28] [INFO ]     Fault  2 | trace ~19020 | prob=0.761
[13:03:28] [INFO ]   Step 2 complete
[13:03:28] [INFO ] 
[13:03:28] [INFO ] STEP 3 — Bounding boxes
[13:03:28] [INFO ]   Box  1 | [2462, 611, 88w, 100h px]
[13:03:28] [INFO ]   Box  2 | [2651, 468, 49w, 100h px]
[13:03:28] [INFO ]   Generated 2 boxes
[13:03:28] [INFO ]   Step 3 complete
[13:03:28] [INFO ] 
[13:03:28] [INFO ] STEP 4 — Dataset building
[13:03:28] [INFO ]   Saving labeled review image...
[13:03:28] [INFO ]   Saved: T2010.103.mig.1500_labeled.png
[13:03:28] [INFO ]   Split: val
[13:03:28] [INFO ]   Added 2 annotations to val.json
[13:03:28] [INFO ]   train.json: 154 images, 84 annotations
[13:03:28] [INFO ]   val.json:   38 images,  17 annotations
[13:03:28] [INFO ]   Step 4 complete
[13:03:28] [INFO ] 
[13:03:28] [INFO ]   DONE  T2010.103.mig.1500  →  val  |  2 faults  |  2 boxes
[13:03:29] [INFO ] 
[13:03:29] [INFO ] ──────────────────────────────────────────────────
[13:03:29] [INFO ]   LINE: T2010.104.mig.1500
[13:03:29] [INFO ] ──────────────────────────────────────────────────
[13:03:29] [INFO ] Dataset  : namss.T-21-10-AT.mcs.airgun
[13:03:29] [INFO ] SGY      : ../../airgun_data/namss.T-21-10-AT.mcs.airgun/Data/T2010.104.mig.1500.sgy
[13:03:29] [INFO ] NAV      : ../../airgun_data/namss.T-21-10-AT.mcs.airgun/Navigation/T-21-10-AT_NAV-WGS84.csv
[13:03:29] [INFO ] SA mode  : single (seed=12)
[13:03:29] [INFO ] 
[13:03:29] [INFO ] STEP 1 — Feature extraction
[13:03:29] [INFO ]   Loading navigation...
[13:03:29] [INFO ]   Loading SEG-Y...
[13:03:29] [INFO ]   Traces: 5555  Samples: 4441  dt: 1.000 ms
[13:03:29] [INFO ]   Depth:  0.0 m → 3330.0 m
[13:03:29] [INFO ]   Matching traces to navigation...
[13:03:30] [INFO ]   Matched 5555 / 5555 traces
[13:03:30] [INFO ]   Bandpass filtering...
[13:03:30] [INFO ]   Computing seismic attributes...
[13:03:33] [INFO ]   Picking seafloor...
[13:03:33] [INFO ]   Seafloor depth: 248–849 m  (4047 shallow traces masked)
[13:03:33] [INFO ]   Picking horizons...
[13:03:33] [INFO ]   Computing NCC coherence (slow)...
[13:03:34] [INFO ]   Saving CNN section image...
[13:03:36] [INFO ]   Saved: T2010.104.mig.1500_section_cnn.png  (2700x1500px)
[13:03:36] [INFO ]   Step 1 complete
[13:03:36] [INFO ] 
[13:03:36] [INFO ] STEP 2 — Fault detection
[13:03:36] [INFO ]   Mode: single SA run (seed=12)
[13:03:45] [INFO ]   Detected 0 high-confidence faults
[13:03:45] [INFO ]   Step 2 complete
[13:03:45] [INFO ] 
[13:03:45] [INFO ] STEP 3 — Bounding boxes
[13:03:45] [INFO ]   Generated 0 boxes
[13:03:45] [INFO ]   Step 3 complete
[13:03:45] [INFO ] 
[13:03:45] [INFO ] STEP 4 — Dataset building
[13:03:45] [INFO ]   Saving labeled review image...
[13:03:45] [INFO ]   Saved: T2010.104.mig.1500_labeled.png
[13:03:45] [INFO ]   Split: train
[13:03:45] [INFO ]   Added 0 annotations to train.json
[13:03:45] [INFO ]   train.json: 155 images, 84 annotations
[13:03:45] [INFO ]   val.json:   38 images,  17 annotations
[13:03:45] [INFO ]   Step 4 complete
[13:03:45] [INFO ] 
[13:03:45] [INFO ]   DONE  T2010.104.mig.1500  →  train  |  0 faults  |  0 boxes
[13:03:46] [INFO ] 
[13:03:46] [INFO ] ──────────────────────────────────────────────────
[13:03:46] [INFO ]   LINE: T2010.105.mig.1500
[13:03:46] [INFO ] ──────────────────────────────────────────────────
[13:03:46] [INFO ] Dataset  : namss.T-21-10-AT.mcs.airgun
[13:03:46] [INFO ] SGY      : ../../airgun_data/namss.T-21-10-AT.mcs.airgun/Data/T2010.105.mig.1500.sgy
[13:03:46] [INFO ] NAV      : ../../airgun_data/namss.T-21-10-AT.mcs.airgun/Navigation/T-21-10-AT_NAV-WGS84.csv
[13:03:46] [INFO ] SA mode  : single (seed=12)
[13:03:46] [INFO ] 
[13:03:46] [INFO ] STEP 1 — Feature extraction
[13:03:46] [INFO ]   Loading navigation...
[13:03:46] [INFO ]   Loading SEG-Y...
[13:03:46] [INFO ]   Traces: 4292  Samples: 4441  dt: 1.000 ms
[13:03:46] [INFO ]   Depth:  0.0 m → 3330.0 m
[13:03:46] [INFO ]   Matching traces to navigation...
[13:03:46] [INFO ]   Matched 4292 / 4292 traces
[13:03:46] [INFO ]   Bandpass filtering...
[13:03:46] [INFO ]   Computing seismic attributes...
[13:03:48] [INFO ]   Picking seafloor...
[13:03:48] [INFO ]   Seafloor depth: 2169–2395 m  (0 shallow traces masked)
[13:03:48] [INFO ]   Picking horizons...
[13:03:48] [INFO ]   Computing NCC coherence (slow)...
[13:03:49] [INFO ]   Saving CNN section image...
[13:03:50] [INFO ]   Saved: T2010.105.mig.1500_section_cnn.png  (2700x1500px)
[13:03:50] [INFO ]   Step 1 complete
[13:03:50] [INFO ] 
[13:03:50] [INFO ] STEP 2 — Fault detection
[13:03:50] [INFO ]   Mode: single SA run (seed=12)
[13:03:56] [INFO ]   Detected 0 high-confidence faults
[13:03:56] [INFO ]   Step 2 complete
[13:03:56] [INFO ] 
[13:03:56] [INFO ] STEP 3 — Bounding boxes
[13:03:56] [INFO ]   Generated 0 boxes
[13:03:56] [INFO ]   Step 3 complete
[13:03:56] [INFO ] 
[13:03:56] [INFO ] STEP 4 — Dataset building
[13:03:56] [INFO ]   Saving labeled review image...
[13:03:56] [INFO ]   Saved: T2010.105.mig.1500_labeled.png
[13:03:56] [INFO ]   Split: train
[13:03:56] [INFO ]   Added 0 annotations to train.json
[13:03:56] [INFO ]   train.json: 156 images, 84 annotations
[13:03:56] [INFO ]   val.json:   38 images,  17 annotations
[13:03:56] [INFO ]   Step 4 complete
[13:03:56] [INFO ] 
[13:03:56] [INFO ]   DONE  T2010.105.mig.1500  →  train  |  0 faults  |  0 boxes
[13:03:56] [INFO ] 
[13:03:56] [INFO ] ──────────────────────────────────────────────────
[13:03:56] [INFO ]   LINE: T2010.106.mig.1500
[13:03:56] [INFO ] ──────────────────────────────────────────────────
[13:03:56] [INFO ] Dataset  : namss.T-21-10-AT.mcs.airgun
[13:03:56] [INFO ] SGY      : ../../airgun_data/namss.T-21-10-AT.mcs.airgun/Data/T2010.106.mig.1500.sgy
[13:03:56] [INFO ] NAV      : ../../airgun_data/namss.T-21-10-AT.mcs.airgun/Navigation/T-21-10-AT_NAV-WGS84.csv
[13:03:56] [INFO ] SA mode  : single (seed=12)
[13:03:56] [INFO ] 
[13:03:56] [INFO ] STEP 1 — Feature extraction
[13:03:56] [INFO ]   Loading navigation...
[13:03:56] [INFO ]   Loading SEG-Y...
[13:03:56] [INFO ]   Traces: 16503  Samples: 4441  dt: 1.000 ms
[13:03:56] [INFO ]   Depth:  0.0 m → 3330.0 m
[13:03:56] [INFO ]   Matching traces to navigation...
[13:03:58] [INFO ]   Matched 16503 / 16503 traces
[13:03:58] [INFO ]   Bandpass filtering...
[13:03:59] [INFO ]   Computing seismic attributes...
[13:04:04] [INFO ]   Picking seafloor...
[13:04:05] [INFO ]   Seafloor depth: 1566–2173 m  (0 shallow traces masked)
[13:04:05] [INFO ]   Picking horizons...
[13:04:06] [INFO ]   Computing NCC coherence (slow)...
[13:04:09] [INFO ]   Saving CNN section image...
[13:04:14] [INFO ]   Saved: T2010.106.mig.1500_section_cnn.png  (2700x1500px)
[13:04:14] [INFO ]   Step 1 complete
[13:04:14] [INFO ] 
[13:04:14] [INFO ] STEP 2 — Fault detection
[13:04:14] [INFO ]   Mode: single SA run (seed=12)
[13:04:37] [INFO ]   Detected 0 high-confidence faults
[13:04:37] [INFO ]   Step 2 complete
[13:04:37] [INFO ] 
[13:04:37] [INFO ] STEP 3 — Bounding boxes
[13:04:37] [INFO ]   Generated 0 boxes
[13:04:37] [INFO ]   Step 3 complete
[13:04:37] [INFO ] 
[13:04:37] [INFO ] STEP 4 — Dataset building
[13:04:37] [INFO ]   Saving labeled review image...
[13:04:37] [INFO ]   Saved: T2010.106.mig.1500_labeled.png
[13:04:37] [INFO ]   Split: train
[13:04:37] [INFO ]   Added 0 annotations to train.json
[13:04:37] [INFO ]   train.json: 157 images, 84 annotations
[13:04:37] [INFO ]   val.json:   38 images,  17 annotations
[13:04:37] [INFO ]   Step 4 complete
[13:04:37] [INFO ] 
[13:04:37] [INFO ]   DONE  T2010.106.mig.1500  →  train  |  0 faults  |  0 boxes
[13:04:37] [INFO ] 
[13:04:37] [INFO ] ──────────────────────────────────────────────────
[13:04:37] [INFO ]   LINE: T2010.107.mig.1500
[13:04:37] [INFO ] ──────────────────────────────────────────────────
[13:04:37] [INFO ] Dataset  : namss.T-21-10-AT.mcs.airgun
[13:04:37] [INFO ] SGY      : ../../airgun_data/namss.T-21-10-AT.mcs.airgun/Data/T2010.107.mig.1500.sgy
[13:04:37] [INFO ] NAV      : ../../airgun_data/namss.T-21-10-AT.mcs.airgun/Navigation/T-21-10-AT_NAV-WGS84.csv
[13:04:37] [INFO ] SA mode  : single (seed=12)
[13:04:37] [INFO ] 
[13:04:37] [INFO ] STEP 1 — Feature extraction
[13:04:37] [INFO ]   Loading navigation...
[13:04:37] [INFO ]   Loading SEG-Y...
[13:04:38] [INFO ]   Traces: 16428  Samples: 4441  dt: 1.000 ms
[13:04:38] [INFO ]   Depth:  0.0 m → 3330.0 m
[13:04:38] [INFO ]   Matching traces to navigation...
[13:04:39] [INFO ]   Matched 16428 / 16428 traces
[13:04:39] [INFO ]   Bandpass filtering...
[13:04:41] [INFO ]   Computing seismic attributes...
[13:04:50] [INFO ]   Picking seafloor...
[13:04:52] [INFO ]   Seafloor depth: 1560–2044 m  (0 shallow traces masked)
[13:04:52] [INFO ]   Picking horizons...
[13:04:53] [INFO ]   Computing NCC coherence (slow)...
[13:04:55] [INFO ]   Saving CNN section image...
[13:04:59] [INFO ]   Saved: T2010.107.mig.1500_section_cnn.png  (2700x1500px)
[13:04:59] [INFO ]   Step 1 complete
[13:04:59] [INFO ] 
[13:04:59] [INFO ] STEP 2 — Fault detection
[13:04:59] [INFO ]   Mode: single SA run (seed=12)
[13:05:19] [INFO ]   Detected 4 high-confidence faults
[13:05:19] [INFO ]     Fault  1 | trace ~ 8668 | prob=0.754
[13:05:19] [INFO ]     Fault  2 | trace ~13254 | prob=0.807
[13:05:19] [INFO ]     Fault  3 | trace ~14198 | prob=0.766
[13:05:19] [INFO ]     Fault  4 | trace ~14793 | prob=0.808
[13:05:19] [INFO ]   Step 2 complete
[13:05:19] [INFO ] 
[13:05:19] [INFO ] STEP 3 — Bounding boxes
[13:05:19] [INFO ]   Box  1 | [1381, 810, 88w, 100h px]
[13:05:19] [INFO ]   Box  2 | [2136, 763, 87w, 100h px]
[13:05:19] [INFO ]   Box  3 | [2290, 802, 87w, 100h px]
[13:05:19] [INFO ]   Box  4 | [2387, 728, 89w, 100h px]
[13:05:19] [INFO ]   Generated 4 boxes
[13:05:19] [INFO ]   Step 3 complete
[13:05:19] [INFO ] 
[13:05:19] [INFO ] STEP 4 — Dataset building
[13:05:19] [INFO ]   Saving labeled review image...
[13:05:19] [INFO ]   Saved: T2010.107.mig.1500_labeled.png
[13:05:19] [INFO ]   Split: train
[13:05:19] [INFO ]   Added 4 annotations to train.json
[13:05:19] [INFO ]   train.json: 158 images, 88 annotations
[13:05:19] [INFO ]   val.json:   38 images,  17 annotations
[13:05:19] [INFO ]   Step 4 complete
[13:05:19] [INFO ] 
[13:05:19] [INFO ]   DONE  T2010.107.mig.1500  →  train  |  4 faults  |  4 boxes
[13:05:20] [INFO ] 
[13:05:20] [INFO ] ──────────────────────────────────────────────────
[13:05:20] [INFO ]   LINE: T2010.108.mig.1500
[13:05:20] [INFO ] ──────────────────────────────────────────────────
[13:05:20] [INFO ] Dataset  : namss.T-21-10-AT.mcs.airgun
[13:05:20] [INFO ] SGY      : ../../airgun_data/namss.T-21-10-AT.mcs.airgun/Data/T2010.108.mig.1500.sgy
[13:05:20] [INFO ] NAV      : ../../airgun_data/namss.T-21-10-AT.mcs.airgun/Navigation/T-21-10-AT_NAV-WGS84.csv
[13:05:20] [INFO ] SA mode  : single (seed=12)
[13:05:20] [INFO ] 
[13:05:20] [INFO ] STEP 1 — Feature extraction
[13:05:20] [INFO ]   Loading navigation...
[13:05:20] [INFO ]   Loading SEG-Y...
[13:05:20] [INFO ]   Traces: 18283  Samples: 4441  dt: 1.000 ms
[13:05:20] [INFO ]   Depth:  0.0 m → 3330.0 m
[13:05:20] [INFO ]   Matching traces to navigation...
[13:05:22] [INFO ]   Matched 18283 / 18283 traces
[13:05:22] [INFO ]   Bandpass filtering...
[13:05:24] [INFO ]   Computing seismic attributes...
[13:05:31] [INFO ]   Picking seafloor...
[13:05:32] [INFO ]   Seafloor depth: 1187–1872 m  (0 shallow traces masked)
[13:05:32] [INFO ]   Picking horizons...
[13:05:33] [INFO ]   Computing NCC coherence (slow)...
[13:05:37] [INFO ]   Saving CNN section image...
[13:05:45] [INFO ]   Saved: T2010.108.mig.1500_section_cnn.png  (2700x1500px)
[13:05:45] [INFO ]   Step 1 complete
[13:05:45] [INFO ] 
[13:05:45] [INFO ] STEP 2 — Fault detection
[13:05:45] [INFO ]   Mode: single SA run (seed=12)
[13:06:11] [INFO ]   Detected 3 high-confidence faults
[13:06:11] [INFO ]     Fault  1 | trace ~ 3007 | prob=0.770
[13:06:11] [INFO ]     Fault  2 | trace ~ 7821 | prob=0.812
[13:06:11] [INFO ]     Fault  3 | trace ~14243 | prob=0.812
[13:06:11] [INFO ]   Step 2 complete
[13:06:11] [INFO ] 
[13:06:11] [INFO ] STEP 3 — Bounding boxes
[13:06:11] [INFO ]   Box  1 | [402, 587, 86w, 100h px]
[13:06:11] [INFO ]   Box  2 | [1112, 756, 86w, 100h px]
[13:06:11] [INFO ]   Box  3 | [2059, 689, 90w, 100h px]
[13:06:11] [INFO ]   Generated 3 boxes
[13:06:11] [INFO ]   Step 3 complete
[13:06:11] [INFO ] 
[13:06:11] [INFO ] STEP 4 — Dataset building
[13:06:11] [INFO ]   Saving labeled review image...
[13:06:11] [INFO ]   Saved: T2010.108.mig.1500_labeled.png
[13:06:11] [INFO ]   Split: val
[13:06:11] [INFO ]   Added 3 annotations to val.json
[13:06:11] [INFO ]   train.json: 158 images, 88 annotations
[13:06:11] [INFO ]   val.json:   39 images,  20 annotations
[13:06:11] [INFO ]   Step 4 complete
[13:06:11] [INFO ] 
[13:06:11] [INFO ]   DONE  T2010.108.mig.1500  →  val  |  3 faults  |  3 boxes
[13:06:13] [INFO ] 
[13:06:13] [INFO ] ──────────────────────────────────────────────────
[13:06:13] [INFO ]   LINE: T2010.109.mig.1500
[13:06:13] [INFO ] ──────────────────────────────────────────────────
[13:06:13] [INFO ] Dataset  : namss.T-21-10-AT.mcs.airgun
[13:06:13] [INFO ] SGY      : ../../airgun_data/namss.T-21-10-AT.mcs.airgun/Data/T2010.109.mig.1500.sgy
[13:06:13] [INFO ] NAV      : ../../airgun_data/namss.T-21-10-AT.mcs.airgun/Navigation/T-21-10-AT_NAV-WGS84.csv
[13:06:13] [INFO ] SA mode  : single (seed=12)
[13:06:13] [INFO ] 
[13:06:13] [INFO ] STEP 1 — Feature extraction
[13:06:13] [INFO ]   Loading navigation...
[13:06:13] [INFO ]   Loading SEG-Y...
[13:06:15] [INFO ]   Traces: 20764  Samples: 4441  dt: 1.000 ms
[13:06:15] [INFO ]   Depth:  0.0 m → 3330.0 m
[13:06:15] [INFO ]   Matching traces to navigation...
[13:06:17] [INFO ]   Matched 20764 / 20764 traces
[13:06:18] [INFO ]   Bandpass filtering...
[13:06:21] [INFO ]   Computing seismic attributes...
[13:06:29] [INFO ]   Picking seafloor...
[13:06:31] [INFO ]   Seafloor depth: 1227–2043 m  (0 shallow traces masked)
[13:06:31] [INFO ]   Picking horizons...
[13:06:32] [INFO ]   Computing NCC coherence (slow)...
[13:06:35] [INFO ]   Saving CNN section image...
[13:06:43] [INFO ]   Saved: T2010.109.mig.1500_section_cnn.png  (2700x1500px)
[13:06:43] [INFO ]   Step 1 complete
[13:06:43] [INFO ] 
[13:06:43] [INFO ] STEP 2 — Fault detection
[13:06:43] [INFO ]   Mode: single SA run (seed=12)
[13:07:14] [INFO ]   Detected 0 high-confidence faults
[13:07:14] [INFO ]   Step 2 complete
[13:07:14] [INFO ] 
[13:07:14] [INFO ] STEP 3 — Bounding boxes
[13:07:14] [INFO ]   Generated 0 boxes
[13:07:14] [INFO ]   Step 3 complete
[13:07:14] [INFO ] 
[13:07:14] [INFO ] STEP 4 — Dataset building
[13:07:14] [INFO ]   Saving labeled review image...
[13:07:14] [INFO ]   Saved: T2010.109.mig.1500_labeled.png
[13:07:14] [INFO ]   Split: train
[13:07:14] [INFO ]   Added 0 annotations to train.json
[13:07:14] [INFO ]   train.json: 159 images, 88 annotations
[13:07:14] [INFO ]   val.json:   39 images,  20 annotations
[13:07:14] [INFO ]   Step 4 complete
[13:07:14] [INFO ] 
[13:07:14] [INFO ]   DONE  T2010.109.mig.1500  →  train  |  0 faults  |  0 boxes
[13:07:15] [INFO ] 
[13:07:15] [INFO ] ──────────────────────────────────────────────────
[13:07:15] [INFO ]   LINE: T2010.110.mig.1500
[13:07:15] [INFO ] ──────────────────────────────────────────────────
[13:07:15] [INFO ] Dataset  : namss.T-21-10-AT.mcs.airgun
[13:07:15] [INFO ] SGY      : ../../airgun_data/namss.T-21-10-AT.mcs.airgun/Data/T2010.110.mig.1500.sgy
[13:07:15] [INFO ] NAV      : ../../airgun_data/namss.T-21-10-AT.mcs.airgun/Navigation/T-21-10-AT_NAV-WGS84.csv
[13:07:15] [INFO ] SA mode  : single (seed=12)
[13:07:15] [INFO ] 
[13:07:15] [INFO ] STEP 1 — Feature extraction
[13:07:15] [INFO ]   Loading navigation...
[13:07:15] [INFO ]   Loading SEG-Y...
[13:07:16] [INFO ]   Traces: 20175  Samples: 4441  dt: 1.000 ms
[13:07:16] [INFO ]   Depth:  0.0 m → 3330.0 m
[13:07:16] [INFO ]   Matching traces to navigation...
[13:07:18] [INFO ]   Matched 20175 / 20175 traces
[13:07:18] [INFO ]   Bandpass filtering...
[13:07:20] [INFO ]   Computing seismic attributes...
[13:07:33] [INFO ]   Picking seafloor...
[13:07:35] [INFO ]   Seafloor depth: 657–953 m  (0 shallow traces masked)
[13:07:35] [INFO ]   Picking horizons...
[13:07:36] [INFO ]   Computing NCC coherence (slow)...
[13:07:39] [INFO ]   Saving CNN section image...
[13:07:45] [INFO ]   Saved: T2010.110.mig.1500_section_cnn.png  (2700x1500px)
[13:07:45] [INFO ]   Step 1 complete
[13:07:45] [INFO ] 
[13:07:45] [INFO ] STEP 2 — Fault detection
[13:07:45] [INFO ]   Mode: single SA run (seed=12)
[13:08:13] [INFO ]   Detected 0 high-confidence faults
[13:08:13] [INFO ]   Step 2 complete
[13:08:13] [INFO ] 
[13:08:13] [INFO ] STEP 3 — Bounding boxes
[13:08:13] [INFO ]   Generated 0 boxes
[13:08:13] [INFO ]   Step 3 complete
[13:08:13] [INFO ] 
[13:08:13] [INFO ] STEP 4 — Dataset building
[13:08:13] [INFO ]   Saving labeled review image...
[13:08:13] [INFO ]   Saved: T2010.110.mig.1500_labeled.png
[13:08:13] [INFO ]   Split: train
[13:08:13] [INFO ]   Added 0 annotations to train.json
[13:08:13] [INFO ]   train.json: 160 images, 88 annotations
[13:08:13] [INFO ]   val.json:   39 images,  20 annotations
[13:08:13] [INFO ]   Step 4 complete
[13:08:13] [INFO ] 
[13:08:13] [INFO ]   DONE  T2010.110.mig.1500  →  train  |  0 faults  |  0 boxes
[13:08:14] [INFO ] 
[13:08:14] [INFO ] ──────────────────────────────────────────────────
[13:08:14] [INFO ]   LINE: T2010.1100.mig.1500
[13:08:14] [INFO ] ──────────────────────────────────────────────────
[13:08:14] [INFO ] Dataset  : namss.T-21-10-AT.mcs.airgun
[13:08:14] [INFO ] SGY      : ../../airgun_data/namss.T-21-10-AT.mcs.airgun/Data/T2010.1100.mig.1500.sgy
[13:08:14] [INFO ] NAV      : ../../airgun_data/namss.T-21-10-AT.mcs.airgun/Navigation/T-21-10-AT_NAV-WGS84.csv
[13:08:14] [INFO ] SA mode  : single (seed=12)
[13:08:14] [INFO ] 
[13:08:14] [INFO ] STEP 1 — Feature extraction
[13:08:14] [INFO ]   Loading navigation...
[13:08:14] [INFO ]   Loading SEG-Y...
[13:08:14] [INFO ]   Traces: 1949  Samples: 5441  dt: 1.000 ms
[13:08:14] [INFO ]   Depth:  0.0 m → 4080.0 m
[13:08:14] [INFO ]   Matching traces to navigation...
[13:08:15] [INFO ]   Matched 1949 / 1949 traces
[13:08:15] [INFO ]   Bandpass filtering...
[13:08:15] [INFO ]   Computing seismic attributes...
[13:08:16] [INFO ]   Picking seafloor...
[13:08:16] [INFO ]   Seafloor depth: 725–998 m  (0 shallow traces masked)
[13:08:16] [INFO ]   Picking horizons...
[13:08:16] [INFO ]   Computing NCC coherence (slow)...
[13:08:16] [INFO ]   Saving CNN section image...
[13:08:19] [INFO ]   Saved: T2010.1100.mig.1500_section_cnn.png  (2700x1500px)
[13:08:19] [INFO ]   Step 1 complete
[13:08:19] [INFO ] 
[13:08:19] [INFO ] STEP 2 — Fault detection
[13:08:19] [INFO ]   Mode: single SA run (seed=12)
[13:08:22] [INFO ]   Detected 0 high-confidence faults
[13:08:22] [INFO ]   Step 2 complete
[13:08:22] [INFO ] 
[13:08:22] [INFO ] STEP 3 — Bounding boxes
[13:08:22] [INFO ]   Generated 0 boxes
[13:08:22] [INFO ]   Step 3 complete
[13:08:22] [INFO ] 
[13:08:22] [INFO ] STEP 4 — Dataset building
[13:08:22] [INFO ]   Saving labeled review image...
[13:08:22] [INFO ]   Saved: T2010.1100.mig.1500_labeled.png
[13:08:22] [INFO ]   Split: train
[13:08:22] [INFO ]   Added 0 annotations to train.json
[13:08:22] [INFO ]   train.json: 161 images, 88 annotations
[13:08:22] [INFO ]   val.json:   39 images,  20 annotations
[13:08:22] [INFO ]   Step 4 complete
[13:08:22] [INFO ] 
[13:08:22] [INFO ]   DONE  T2010.1100.mig.1500  →  train  |  0 faults  |  0 boxes
[13:08:22] [INFO ] 
[13:08:22] [INFO ] ──────────────────────────────────────────────────
[13:08:22] [INFO ]   LINE: T2010.1101.mig.1500
[13:08:22] [INFO ] ──────────────────────────────────────────────────
[13:08:22] [INFO ] Dataset  : namss.T-21-10-AT.mcs.airgun
[13:08:22] [INFO ] SGY      : ../../airgun_data/namss.T-21-10-AT.mcs.airgun/Data/T2010.1101.mig.1500.sgy
[13:08:22] [INFO ] NAV      : ../../airgun_data/namss.T-21-10-AT.mcs.airgun/Navigation/T-21-10-AT_NAV-WGS84.csv
[13:08:22] [INFO ] SA mode  : single (seed=12)
[13:08:22] [INFO ] 
[13:08:22] [INFO ] STEP 1 — Feature extraction
[13:08:22] [INFO ]   Loading navigation...
[13:08:22] [INFO ]   Loading SEG-Y...
[13:08:23] [INFO ]   Traces: 13676  Samples: 5441  dt: 1.000 ms
[13:08:23] [INFO ]   Depth:  0.0 m → 4080.0 m
[13:08:23] [INFO ]   Matching traces to navigation...
[13:08:25] [INFO ]   Matched 13676 / 13676 traces
[13:08:25] [INFO ]   Bandpass filtering...
[13:08:26] [INFO ]   Computing seismic attributes...
[13:08:37] [INFO ]   Picking seafloor...
[13:08:38] [INFO ]   Seafloor depth: 180–2232 m  (3355 shallow traces masked)
[13:08:38] [INFO ]   Picking horizons...
[13:08:39] [INFO ]   Computing NCC coherence (slow)...
[13:08:41] [INFO ]   Saving CNN section image...
[13:08:45] [INFO ]   Saved: T2010.1101.mig.1500_section_cnn.png  (2700x1500px)
[13:08:45] [INFO ]   Step 1 complete
[13:08:45] [INFO ] 
[13:08:45] [INFO ] STEP 2 — Fault detection
[13:08:45] [INFO ]   Mode: single SA run (seed=12)
[13:09:06] [INFO ]   Detected 1 high-confidence faults
[13:09:06] [INFO ]     Fault  1 | trace ~ 7286 | prob=0.753
[13:09:06] [INFO ]   Step 2 complete
[13:09:06] [INFO ] 
[13:09:06] [INFO ] STEP 3 — Bounding boxes
[13:09:06] [INFO ]   Box  1 | [1394, 398, 89w, 100h px]
[13:09:06] [INFO ]   Generated 1 boxes
[13:09:06] [INFO ]   Step 3 complete
[13:09:06] [INFO ] 
[13:09:06] [INFO ] STEP 4 — Dataset building
[13:09:06] [INFO ]   Saving labeled review image...
[13:09:07] [INFO ]   Saved: T2010.1101.mig.1500_labeled.png
[13:09:07] [INFO ]   Split: train
[13:09:07] [INFO ]   Added 1 annotations to train.json
[13:09:07] [INFO ]   train.json: 162 images, 89 annotations
[13:09:07] [INFO ]   val.json:   39 images,  20 annotations
[13:09:07] [INFO ]   Step 4 complete
[13:09:07] [INFO ] 
[13:09:07] [INFO ]   DONE  T2010.1101.mig.1500  →  train  |  1 faults  |  1 boxes
[13:09:08] [INFO ] 
[13:09:08] [INFO ] ──────────────────────────────────────────────────
[13:09:08] [INFO ]   LINE: T2010.1103.mig.1500
[13:09:08] [INFO ] ──────────────────────────────────────────────────
[13:09:08] [INFO ] Dataset  : namss.T-21-10-AT.mcs.airgun
[13:09:08] [INFO ] SGY      : ../../airgun_data/namss.T-21-10-AT.mcs.airgun/Data/T2010.1103.mig.1500.sgy
[13:09:08] [INFO ] NAV      : ../../airgun_data/namss.T-21-10-AT.mcs.airgun/Navigation/T-21-10-AT_NAV-WGS84.csv
[13:09:08] [INFO ] SA mode  : single (seed=12)
[13:09:08] [INFO ] 
[13:09:08] [INFO ] STEP 1 — Feature extraction
[13:09:08] [INFO ]   Loading navigation...
[13:09:08] [INFO ]   Loading SEG-Y...
[13:09:08] [INFO ]   Traces: 7078  Samples: 5441  dt: 1.000 ms
[13:09:08] [INFO ]   Depth:  0.0 m → 4080.0 m
[13:09:08] [INFO ]   Matching traces to navigation...
[13:09:09] [INFO ]   Matched 7078 / 7078 traces
[13:09:09] [INFO ]   Bandpass filtering...
[13:09:10] [INFO ]   Computing seismic attributes...
[13:09:15] [INFO ]   Picking seafloor...
[13:09:16] [INFO ]   Seafloor depth: 279–1231 m  (3427 shallow traces masked)
[13:09:16] [INFO ]   Picking horizons...
[13:09:16] [INFO ]   Computing NCC coherence (slow)...
[13:09:17] [INFO ]   Saving CNN section image...
[13:09:20] [INFO ]   Saved: T2010.1103.mig.1500_section_cnn.png  (2700x1500px)
[13:09:20] [INFO ]   Step 1 complete
[13:09:20] [INFO ] 
[13:09:20] [INFO ] STEP 2 — Fault detection
[13:09:20] [INFO ]   Mode: single SA run (seed=12)
[13:09:30] [INFO ]   Detected 1 high-confidence faults
[13:09:30] [INFO ]     Fault  1 | trace ~  184 | prob=0.778
[13:09:30] [INFO ]   Step 2 complete
[13:09:30] [INFO ] 
[13:09:30] [INFO ] STEP 3 — Bounding boxes
[13:09:30] [INFO ]   Box  1 | [20, 421, 101w, 100h px]
[13:09:30] [INFO ]   Generated 1 boxes
[13:09:30] [INFO ]   Step 3 complete
[13:09:30] [INFO ] 
[13:09:30] [INFO ] STEP 4 — Dataset building
[13:09:30] [INFO ]   Saving labeled review image...
[13:09:31] [INFO ]   Saved: T2010.1103.mig.1500_labeled.png
[13:09:31] [INFO ]   Split: val
[13:09:31] [INFO ]   Added 1 annotations to val.json
[13:09:31] [INFO ]   train.json: 162 images, 89 annotations
[13:09:31] [INFO ]   val.json:   40 images,  21 annotations
[13:09:31] [INFO ]   Step 4 complete
[13:09:31] [INFO ] 
[13:09:31] [INFO ]   DONE  T2010.1103.mig.1500  →  val  |  1 faults  |  1 boxes
[13:09:31] [INFO ] 
[13:09:31] [INFO ] ──────────────────────────────────────────────────
[13:09:31] [INFO ]   LINE: T2010.1104.mig.1500
[13:09:31] [INFO ] ──────────────────────────────────────────────────
[13:09:31] [INFO ] Dataset  : namss.T-21-10-AT.mcs.airgun
[13:09:31] [INFO ] SGY      : ../../airgun_data/namss.T-21-10-AT.mcs.airgun/Data/T2010.1104.mig.1500.sgy
[13:09:31] [INFO ] NAV      : ../../airgun_data/namss.T-21-10-AT.mcs.airgun/Navigation/T-21-10-AT_NAV-WGS84.csv
[13:09:31] [INFO ] SA mode  : single (seed=12)
[13:09:31] [INFO ] 
[13:09:31] [INFO ] STEP 1 — Feature extraction
[13:09:31] [INFO ]   Loading navigation...
[13:09:31] [INFO ]   Loading SEG-Y...
[13:09:31] [INFO ]   Traces: 10591  Samples: 4441  dt: 1.000 ms
[13:09:31] [INFO ]   Depth:  0.0 m → 3330.0 m
[13:09:31] [INFO ]   Matching traces to navigation...
[13:09:32] [INFO ]   Matched 10591 / 10591 traces
[13:09:32] [INFO ]   Bandpass filtering...
[13:09:33] [INFO ]   Computing seismic attributes...
[13:09:36] [INFO ]   Picking seafloor...
[13:09:37] [INFO ]   Seafloor depth: 862–2392 m  (0 shallow traces masked)
[13:09:37] [INFO ]   Picking horizons...
[13:09:38] [INFO ]   Computing NCC coherence (slow)...
[13:09:39] [INFO ]   Saving CNN section image...
[13:09:42] [INFO ]   Saved: T2010.1104.mig.1500_section_cnn.png  (2700x1500px)
[13:09:42] [INFO ]   Step 1 complete
[13:09:42] [INFO ] 
[13:09:42] [INFO ] STEP 2 — Fault detection
[13:09:42] [INFO ]   Mode: single SA run (seed=12)
[13:09:52] [INFO ]   Detected 4 high-confidence faults
[13:09:52] [INFO ]     Fault  1 | trace ~ 1551 | prob=0.754
[13:09:52] [INFO ]     Fault  2 | trace ~ 1865 | prob=0.776
[13:09:52] [INFO ]     Fault  3 | trace ~ 2206 | prob=0.791
[13:09:52] [INFO ]     Fault  4 | trace ~ 2436 | prob=0.793
[13:09:52] [INFO ]   Step 2 complete
[13:09:52] [INFO ] 
[13:09:52] [INFO ] STEP 3 — Bounding boxes
[13:09:52] [INFO ]   Box  1 | [348, 510, 95w, 100h px]
[13:09:52] [INFO ]   Box  2 | [423, 567, 100w, 100h px]
[13:09:52] [INFO ]   Box  3 | [517, 628, 93w, 100h px]
[13:09:52] [INFO ]   Box  4 | [573, 664, 98w, 100h px]
[13:09:52] [INFO ]   Generated 4 boxes
[13:09:52] [INFO ]   Step 3 complete
[13:09:52] [INFO ] 
[13:09:52] [INFO ] STEP 4 — Dataset building
[13:09:52] [INFO ]   Saving labeled review image...
[13:09:52] [INFO ]   Saved: T2010.1104.mig.1500_labeled.png
[13:09:52] [INFO ]   Split: train
[13:09:52] [INFO ]   Added 4 annotations to train.json
[13:09:52] [INFO ]   train.json: 163 images, 93 annotations
[13:09:52] [INFO ]   val.json:   40 images,  21 annotations
[13:09:52] [INFO ]   Step 4 complete
[13:09:52] [INFO ] 
[13:09:52] [INFO ]   DONE  T2010.1104.mig.1500  →  train  |  4 faults  |  4 boxes
[13:09:52] [INFO ] 
[13:09:52] [INFO ] ──────────────────────────────────────────────────
[13:09:52] [INFO ]   LINE: T2010.111.mig.1500
[13:09:52] [INFO ] ──────────────────────────────────────────────────
[13:09:52] [INFO ] Dataset  : namss.T-21-10-AT.mcs.airgun
[13:09:52] [INFO ] SGY      : ../../airgun_data/namss.T-21-10-AT.mcs.airgun/Data/T2010.111.mig.1500.sgy
[13:09:52] [INFO ] NAV      : ../../airgun_data/namss.T-21-10-AT.mcs.airgun/Navigation/T-21-10-AT_NAV-WGS84.csv
[13:09:52] [INFO ] SA mode  : single (seed=12)
[13:09:52] [INFO ] 
[13:09:52] [INFO ] STEP 1 — Feature extraction
[13:09:52] [INFO ]   Loading navigation...
[13:09:52] [INFO ]   Loading SEG-Y...
[13:09:53] [INFO ]   Traces: 5706  Samples: 4441  dt: 1.000 ms
[13:09:53] [INFO ]   Depth:  0.0 m → 3330.0 m
[13:09:53] [INFO ]   Matching traces to navigation...
[13:09:53] [INFO ]   Matched 5706 / 5706 traces
[13:09:53] [INFO ]   Bandpass filtering...
[13:09:53] [INFO ]   Computing seismic attributes...
[13:09:55] [INFO ]   Picking seafloor...
[13:09:56] [INFO ]   Seafloor depth: 656–715 m  (0 shallow traces masked)
[13:09:56] [INFO ]   Picking horizons...
[13:09:56] [INFO ]   Computing NCC coherence (slow)...
[13:09:57] [INFO ]   Saving CNN section image...
[13:09:59] [INFO ]   Saved: T2010.111.mig.1500_section_cnn.png  (2700x1500px)
[13:09:59] [INFO ]   Step 1 complete
[13:09:59] [INFO ] 
[13:09:59] [INFO ] STEP 2 — Fault detection
[13:09:59] [INFO ]   Mode: single SA run (seed=12)
[13:10:07] [INFO ]   Detected 0 high-confidence faults
[13:10:07] [INFO ]   Step 2 complete
[13:10:07] [INFO ] 
[13:10:07] [INFO ] STEP 3 — Bounding boxes
[13:10:07] [INFO ]   Generated 0 boxes
[13:10:07] [INFO ]   Step 3 complete
[13:10:07] [INFO ] 
[13:10:07] [INFO ] STEP 4 — Dataset building
[13:10:07] [INFO ]   Saving labeled review image...
[13:10:07] [INFO ]   Saved: T2010.111.mig.1500_labeled.png
[13:10:07] [INFO ]   Split: train
[13:10:07] [INFO ]   Added 0 annotations to train.json
[13:10:07] [INFO ]   train.json: 164 images, 93 annotations
[13:10:07] [INFO ]   val.json:   40 images,  21 annotations
[13:10:07] [INFO ]   Step 4 complete
[13:10:07] [INFO ] 
[13:10:07] [INFO ]   DONE  T2010.111.mig.1500  →  train  |  0 faults  |  0 boxes
[13:10:07] [INFO ] 
[13:10:07] [INFO ] ──────────────────────────────────────────────────
[13:10:07] [INFO ]   LINE: T2010.112.mig.1500
[13:10:07] [INFO ] ──────────────────────────────────────────────────
[13:10:07] [INFO ] Dataset  : namss.T-21-10-AT.mcs.airgun
[13:10:07] [INFO ] SGY      : ../../airgun_data/namss.T-21-10-AT.mcs.airgun/Data/T2010.112.mig.1500.sgy
[13:10:07] [INFO ] NAV      : ../../airgun_data/namss.T-21-10-AT.mcs.airgun/Navigation/T-21-10-AT_NAV-WGS84.csv
[13:10:07] [INFO ] SA mode  : single (seed=12)
[13:10:07] [INFO ] 
[13:10:07] [INFO ] STEP 1 — Feature extraction
[13:10:07] [INFO ]   Loading navigation...
[13:10:07] [INFO ]   Loading SEG-Y...
[13:10:08] [INFO ]   Traces: 28321  Samples: 4441  dt: 1.000 ms
[13:10:08] [INFO ]   Depth:  0.0 m → 3330.0 m
[13:10:08] [INFO ]   Matching traces to navigation...
[13:10:11] [INFO ]   Matched 28317 / 28321 traces
[13:10:11] [INFO ]   Bandpass filtering...
[13:10:13] [INFO ]   Computing seismic attributes...
[13:10:24] [INFO ]   Picking seafloor...
[13:10:27] [INFO ]   Seafloor depth: 604–1730 m  (0 shallow traces masked)
[13:10:27] [INFO ]   Picking horizons...
[13:10:28] [INFO ]   Computing NCC coherence (slow)...
[13:10:32] [INFO ]   Saving CNN section image...
[13:10:46] [INFO ]   Saved: T2010.112.mig.1500_section_cnn.png  (2700x1500px)
[13:10:46] [INFO ]   Step 1 complete
[13:10:46] [INFO ] 
[13:10:46] [INFO ] STEP 2 — Fault detection
[13:10:46] [INFO ]   Mode: single SA run (seed=12)
[13:11:29] [INFO ]   Detected 7 high-confidence faults
[13:11:29] [INFO ]     Fault  1 | trace ~ 2108 | prob=0.790
[13:11:29] [INFO ]     Fault  2 | trace ~ 2818 | prob=0.754
[13:11:29] [INFO ]     Fault  3 | trace ~ 3576 | prob=0.756
[13:11:29] [INFO ]     Fault  4 | trace ~ 9115 | prob=0.779
[13:11:29] [INFO ]     Fault  5 | trace ~10691 | prob=0.768
[13:11:29] [INFO ]     Fault  6 | trace ~15726 | prob=0.815
[13:11:29] [INFO ]     Fault  7 | trace ~19265 | prob=0.763
[13:11:29] [INFO ]   Step 2 complete
[13:11:29] [INFO ] 
[13:11:29] [INFO ] STEP 3 — Bounding boxes
[13:11:29] [INFO ]   Box  1 | [159, 412, 86w, 100h px]
[13:11:29] [INFO ]   Box  2 | [227, 418, 84w, 100h px]
[13:11:29] [INFO ]   Box  3 | [300, 482, 82w, 100h px]
[13:11:29] [INFO ]   Box  4 | [827, 457, 84w, 100h px]
[13:11:29] [INFO ]   Box  5 | [975, 373, 87w, 100h px]
[13:11:29] [INFO ]   Box  6 | [1458, 377, 84w, 100h px]
[13:11:29] [INFO ]   Box  7 | [1795, 462, 85w, 100h px]
[13:11:29] [INFO ]   Generated 7 boxes
[13:11:29] [INFO ]   Step 3 complete
[13:11:29] [INFO ] 
[13:11:29] [INFO ] STEP 4 — Dataset building
[13:11:29] [INFO ]   Saving labeled review image...
[13:11:29] [INFO ]   Saved: T2010.112.mig.1500_labeled.png
[13:11:29] [INFO ]   Split: train
[13:11:29] [INFO ]   Added 7 annotations to train.json
[13:11:29] [INFO ]   train.json: 165 images, 100 annotations
[13:11:29] [INFO ]   val.json:   40 images,  21 annotations
[13:11:29] [INFO ]   Step 4 complete
[13:11:29] [INFO ] 
[13:11:29] [INFO ]   DONE  T2010.112.mig.1500  →  train  |  7 faults  |  7 boxes
[13:11:31] [INFO ] 
[13:11:31] [INFO ] ──────────────────────────────────────────────────
[13:11:31] [INFO ]   LINE: T2010.2100.mig.1500
[13:11:31] [INFO ] ──────────────────────────────────────────────────
[13:11:31] [INFO ] Dataset  : namss.T-21-10-AT.mcs.airgun
[13:11:31] [INFO ] SGY      : ../../airgun_data/namss.T-21-10-AT.mcs.airgun/Data/T2010.2100.mig.1500.sgy
[13:11:31] [INFO ] NAV      : ../../airgun_data/namss.T-21-10-AT.mcs.airgun/Navigation/T-21-10-AT_NAV-WGS84.csv
[13:11:31] [INFO ] SA mode  : single (seed=12)
[13:11:31] [INFO ] 
[13:11:31] [INFO ] STEP 1 — Feature extraction
[13:11:31] [INFO ]   Loading navigation...
[13:11:31] [INFO ]   Loading SEG-Y...
[13:11:32] [INFO ]   Traces: 6690  Samples: 5441  dt: 1.000 ms
[13:11:32] [INFO ]   Depth:  0.0 m → 4080.0 m
[13:11:32] [INFO ]   Matching traces to navigation...
[13:11:33] [INFO ]   Matched 6690 / 6690 traces
[13:11:33] [INFO ]   Bandpass filtering...
[13:11:34] [INFO ]   Computing seismic attributes...
[13:11:38] [INFO ]   Picking seafloor...
[13:11:39] [INFO ]   Seafloor depth: 1025–2032 m  (0 shallow traces masked)
[13:11:39] [INFO ]   Picking horizons...
[13:11:39] [INFO ]   Computing NCC coherence (slow)...
[13:11:40] [INFO ]   Saving CNN section image...
[13:11:48] [INFO ]   Saved: T2010.2100.mig.1500_section_cnn.png  (2700x1500px)
[13:11:48] [INFO ]   Step 1 complete
[13:11:48] [INFO ] 
[13:11:48] [INFO ] STEP 2 — Fault detection
[13:11:48] [INFO ]   Mode: single SA run (seed=12)
[13:11:57] [INFO ]   Detected 1 high-confidence faults
[13:11:57] [INFO ]     Fault  1 | trace ~ 3419 | prob=0.754
[13:11:57] [INFO ]   Step 2 complete
[13:11:57] [INFO ] 
[13:11:57] [INFO ] STEP 3 — Bounding boxes
[13:11:57] [INFO ]   Box  1 | [1329, 572, 100w, 100h px]
[13:11:57] [INFO ]   Generated 1 boxes
[13:11:57] [INFO ]   Step 3 complete
[13:11:57] [INFO ] 
[13:11:57] [INFO ] STEP 4 — Dataset building
[13:11:57] [INFO ]   Saving labeled review image...
[13:11:58] [INFO ]   Saved: T2010.2100.mig.1500_labeled.png
[13:11:58] [INFO ]   Split: train
[13:11:58] [INFO ]   Added 1 annotations to train.json
[13:11:58] [INFO ]   train.json: 166 images, 101 annotations
[13:11:58] [INFO ]   val.json:   40 images,  21 annotations
[13:11:58] [INFO ]   Step 4 complete
[13:11:58] [INFO ] 
[13:11:58] [INFO ]   DONE  T2010.2100.mig.1500  →  train  |  1 faults  |  1 boxes
[13:11:58] [INFO ] 
[13:11:58] [INFO ] ──────────────────────────────────────────────────
[13:11:58] [INFO ]   LINE: T2010.2102.mig.1500
[13:11:58] [INFO ] ──────────────────────────────────────────────────
[13:11:58] [INFO ] Dataset  : namss.T-21-10-AT.mcs.airgun
[13:11:58] [INFO ] SGY      : ../../airgun_data/namss.T-21-10-AT.mcs.airgun/Data/T2010.2102.mig.1500.sgy
[13:11:58] [INFO ] NAV      : ../../airgun_data/namss.T-21-10-AT.mcs.airgun/Navigation/T-21-10-AT_NAV-WGS84.csv
[13:11:58] [INFO ] SA mode  : single (seed=12)
[13:11:58] [INFO ] 
[13:11:58] [INFO ] STEP 1 — Feature extraction
[13:11:58] [INFO ]   Loading navigation...
[13:11:58] [INFO ]   Loading SEG-Y...
[13:11:59] [INFO ]   Traces: 22568  Samples: 5441  dt: 1.000 ms
[13:11:59] [INFO ]   Depth:  0.0 m → 4080.0 m
[13:11:59] [INFO ]   Matching traces to navigation...
[13:12:01] [INFO ]   Matched 22568 / 22568 traces
[13:12:02] [INFO ]   Bandpass filtering...
[13:12:05] [INFO ]   Computing seismic attributes...
[13:12:13] [INFO ]   Picking seafloor...
[13:12:16] [INFO ]   Seafloor depth: 598–2658 m  (7 shallow traces masked)
[13:12:16] [INFO ]   Picking horizons...
[13:12:17] [INFO ]   Computing NCC coherence (slow)...
[13:12:22] [INFO ]   Saving CNN section image...
[13:12:35] [INFO ]   Saved: T2010.2102.mig.1500_section_cnn.png  (2700x1500px)
[13:12:35] [INFO ]   Step 1 complete
[13:12:35] [INFO ] 
[13:12:35] [INFO ] STEP 2 — Fault detection
[13:12:35] [INFO ]   Mode: single SA run (seed=12)
[13:13:15] [INFO ]   Detected 3 high-confidence faults
[13:13:15] [INFO ]     Fault  1 | trace ~ 2938 | prob=0.753
[13:13:15] [INFO ]     Fault  2 | trace ~ 3742 | prob=0.756
[13:13:15] [INFO ]     Fault  3 | trace ~ 3949 | prob=0.819
[13:13:15] [INFO ]   Step 2 complete
[13:13:15] [INFO ] 
[13:13:15] [INFO ] STEP 3 — Bounding boxes
[13:13:15] [INFO ]   Box  1 | [306, 367, 89w, 100h px]
[13:13:15] [INFO ]   Box  2 | [404, 478, 87w, 100h px]
[13:13:15] [INFO ]   Box  3 | [427, 506, 87w, 100h px]
[13:13:15] [INFO ]   Generated 3 boxes
[13:13:15] [INFO ]   Step 3 complete
[13:13:15] [INFO ] 
[13:13:15] [INFO ] STEP 4 — Dataset building
[13:13:15] [INFO ]   Saving labeled review image...
[13:13:15] [INFO ]   Saved: T2010.2102.mig.1500_labeled.png
[13:13:15] [INFO ]   Split: val
[13:13:15] [INFO ]   Added 3 annotations to val.json
[13:13:15] [INFO ]   train.json: 166 images, 101 annotations
[13:13:15] [INFO ]   val.json:   41 images,  24 annotations
[13:13:15] [INFO ]   Step 4 complete
[13:13:15] [INFO ] 
[13:13:15] [INFO ]   DONE  T2010.2102.mig.1500  →  val  |  3 faults  |  3 boxes
[13:13:17] [INFO ] 
[13:13:17] [INFO ] ──────────────────────────────────────────────────
[13:13:17] [INFO ]   LINE: T2010.3100.mig.1500
[13:13:17] [INFO ] ──────────────────────────────────────────────────
[13:13:17] [INFO ] Dataset  : namss.T-21-10-AT.mcs.airgun
[13:13:17] [INFO ] SGY      : ../../airgun_data/namss.T-21-10-AT.mcs.airgun/Data/T2010.3100.mig.1500.sgy
[13:13:17] [INFO ] NAV      : ../../airgun_data/namss.T-21-10-AT.mcs.airgun/Navigation/T-21-10-AT_NAV-WGS84.csv
[13:13:17] [INFO ] SA mode  : single (seed=12)
[13:13:17] [INFO ] 
[13:13:17] [INFO ] STEP 1 — Feature extraction
[13:13:17] [INFO ]   Loading navigation...
[13:13:17] [INFO ]   Loading SEG-Y...
[13:13:17] [INFO ]   Traces: 1228  Samples: 5441  dt: 1.000 ms
[13:13:17] [INFO ]   Depth:  0.0 m → 4080.0 m
[13:13:17] [INFO ]   Matching traces to navigation...
[13:13:17] [INFO ]   Matched 1228 / 1228 traces
[13:13:17] [INFO ]   Bandpass filtering...
[13:13:17] [INFO ]   Computing seismic attributes...
[13:13:17] [INFO ]   Picking seafloor...
[13:13:17] [INFO ]   Seafloor depth: 2013–2108 m  (0 shallow traces masked)
[13:13:18] [INFO ]   Picking horizons...
[13:13:18] [INFO ]   Computing NCC coherence (slow)...
[13:13:18] [INFO ]   Saving CNN section image...
[13:13:18] [INFO ]   Saved: T2010.3100.mig.1500_section_cnn.png  (2700x1500px)
[13:13:18] [INFO ]   Step 1 complete
[13:13:18] [INFO ] 
[13:13:18] [INFO ] STEP 2 — Fault detection
[13:13:18] [INFO ]   Mode: single SA run (seed=12)
[13:13:20] [INFO ]   Detected 0 high-confidence faults
[13:13:20] [INFO ]   Step 2 complete
[13:13:20] [INFO ] 
[13:13:20] [INFO ] STEP 3 — Bounding boxes
[13:13:20] [INFO ]   Generated 0 boxes
[13:13:20] [INFO ]   Step 3 complete
[13:13:20] [INFO ] 
[13:13:20] [INFO ] STEP 4 — Dataset building
[13:13:20] [INFO ]   Saving labeled review image...
[13:13:20] [INFO ]   Saved: T2010.3100.mig.1500_labeled.png
[13:13:20] [INFO ]   Split: train
[13:13:20] [INFO ]   Added 0 annotations to train.json
[13:13:20] [INFO ]   train.json: 167 images, 101 annotations
[13:13:20] [INFO ]   val.json:   41 images,  24 annotations
[13:13:20] [INFO ]   Step 4 complete
[13:13:20] [INFO ] 
[13:13:20] [INFO ]   DONE  T2010.3100.mig.1500  →  train  |  0 faults  |  0 boxes
[13:13:20] [INFO ] 
[13:13:20] [INFO ] ──────────────────────────────────────────────────
[13:13:20] [INFO ]   LINE: T2010.4100.mig.1500
[13:13:20] [INFO ] ──────────────────────────────────────────────────
[13:13:20] [INFO ] Dataset  : namss.T-21-10-AT.mcs.airgun
[13:13:20] [INFO ] SGY      : ../../airgun_data/namss.T-21-10-AT.mcs.airgun/Data/T2010.4100.mig.1500.sgy
[13:13:20] [INFO ] NAV      : ../../airgun_data/namss.T-21-10-AT.mcs.airgun/Navigation/T-21-10-AT_NAV-WGS84.csv
[13:13:20] [INFO ] SA mode  : single (seed=12)
[13:13:20] [INFO ] 
[13:13:20] [INFO ] STEP 1 — Feature extraction
[13:13:20] [INFO ]   Loading navigation...
[13:13:20] [INFO ]   Loading SEG-Y...
[13:13:21] [INFO ]   Traces: 16973  Samples: 5441  dt: 1.000 ms
[13:13:21] [INFO ]   Depth:  0.0 m → 4080.0 m
[13:13:21] [INFO ]   Matching traces to navigation...
[13:13:23] [INFO ]   Matched 16973 / 16973 traces
[13:13:23] [INFO ]   Bandpass filtering...
[13:13:24] [INFO ]   Computing seismic attributes...
[13:13:34] [INFO ]   Picking seafloor...
[13:13:35] [INFO ]   Seafloor depth: 2154–2786 m  (0 shallow traces masked)
[13:13:35] [INFO ]   Picking horizons...
[13:13:36] [INFO ]   Computing NCC coherence (slow)...
[13:13:39] [INFO ]   Saving CNN section image...
[13:13:48] [INFO ]   Saved: T2010.4100.mig.1500_section_cnn.png  (2700x1500px)
[13:13:48] [INFO ]   Step 1 complete
[13:13:48] [INFO ] 
[13:13:48] [INFO ] STEP 2 — Fault detection
[13:13:48] [INFO ]   Mode: single SA run (seed=12)
[13:14:16] [INFO ]   Detected 0 high-confidence faults
[13:14:16] [INFO ]   Step 2 complete
[13:14:16] [INFO ] 
[13:14:16] [INFO ] STEP 3 — Bounding boxes
[13:14:16] [INFO ]   Generated 0 boxes
[13:14:16] [INFO ]   Step 3 complete
[13:14:16] [INFO ] 
[13:14:16] [INFO ] STEP 4 — Dataset building
[13:14:16] [INFO ]   Saving labeled review image...
[13:14:16] [INFO ]   Saved: T2010.4100.mig.1500_labeled.png
[13:14:16] [INFO ]   Split: train
[13:14:16] [INFO ]   Added 0 annotations to train.json
[13:14:16] [INFO ]   train.json: 168 images, 101 annotations
[13:14:16] [INFO ]   val.json:   41 images,  24 annotations
[13:14:16] [INFO ]   Step 4 complete
[13:14:16] [INFO ] 
[13:14:16] [INFO ]   DONE  T2010.4100.mig.1500  →  train  |  0 faults  |  0 boxes
[13:14:17] [INFO ] 
[13:14:17] [INFO ] ──────────────────────────────────────────────────
[13:14:17] [INFO ]   LINE: 85-026_15189
[13:14:17] [INFO ] ──────────────────────────────────────────────────
[13:14:17] [INFO ] Dataset  : namss.W-3-69-BS.mcs.airgun
[13:14:17] [INFO ] SGY      : ../../airgun_data/namss.W-3-69-BS.mcs.airgun/Data/85-026_15189.sgy
[13:14:17] [INFO ] NAV      : ../../airgun_data/namss.W-3-69-BS.mcs.airgun/Navigation/w-3-69-bs_NAV-WGS84.csv
[13:14:17] [INFO ] SA mode  : single (seed=12)
[13:14:17] [INFO ] 
[13:14:17] [INFO ] STEP 1 — Feature extraction
[13:14:17] [INFO ]   Loading navigation...
[13:14:17] [INFO ]   Loading SEG-Y...
[13:14:17] [INFO ]   Traces: 3192  Samples: 1250  dt: 4.000 ms
[13:14:17] [INFO ]   Depth:  0.0 m → 3747.0 m
[13:14:17] [INFO ]   Matching traces to navigation...
[13:14:17] [WARN ]   NAV match failed for '85-026_15189'. Tried: ['85-026_15189', '85-026']. Available: ['G', 'G_1', 'H', 'H_1', 'I', 'J', 'J_1', 'K', 'K_1', 'L', 'M', 'O', 'O_1', 'O_2', 'P', 'P_1', 'Q', 'QEXT', 'QEXT_1', 'R', 'REXT', 'R_1', 'S', 'WA-002', 'WA-003', 'WA-003A', 'WA-011', 'WA-012', 'WA-020', 'WA-023', 'WA-024', 'WA-025']
[13:14:17] [ERROR] SKIPPING 85-026_15189 (namss.W-3-69-BS.mcs.airgun): No NAV line matched '85-026_15189'. Tried: ['85-026_15189', '85-026'].
[13:14:17] [ERROR]   Traceback (most recent call last):
[13:14:17] [ERROR]     File "/Users/lennylukach/Personal/School/CS4100/namss/pipeline/src/pipeline.py", line 848, in <module>
[13:14:17] [ERROR]       process_line(line, sgy_path, nav_path, dataset)
[13:14:17] [ERROR]     File "/Users/lennylukach/Personal/School/CS4100/namss/pipeline/src/pipeline.py", line 415, in process_line
[13:14:17] [ERROR]       line_nav = resolve_nav_line(line, nav, log_fn=log)
[13:14:17] [ERROR]     File "/Users/lennylukach/Personal/School/CS4100/namss/pipeline/src/pipeline.py", line 230, in resolve_nav_line
[13:14:17] [ERROR]       raise RuntimeError(
[13:14:17] [ERROR]   RuntimeError: No NAV line matched '85-026_15189'. Tried: ['85-026_15189', '85-026'].
[13:14:17] [INFO ] 
[13:14:17] [INFO ] ──────────────────────────────────────────────────
[13:14:17] [INFO ]   LINE: 85-027_25715
[13:14:17] [INFO ] ──────────────────────────────────────────────────
[13:14:17] [INFO ] Dataset  : namss.W-3-69-BS.mcs.airgun
[13:14:17] [INFO ] SGY      : ../../airgun_data/namss.W-3-69-BS.mcs.airgun/Data/85-027_25715.sgy
[13:14:17] [INFO ] NAV      : ../../airgun_data/namss.W-3-69-BS.mcs.airgun/Navigation/w-3-69-bs_NAV-WGS84.csv
[13:14:17] [INFO ] SA mode  : single (seed=12)
[13:14:17] [INFO ] 
[13:14:17] [INFO ] STEP 1 — Feature extraction
[13:14:17] [INFO ]   Loading navigation...
[13:14:17] [INFO ]   Loading SEG-Y...
[13:14:17] [INFO ]   Traces: 4898  Samples: 1250  dt: 4.000 ms
[13:14:17] [INFO ]   Depth:  0.0 m → 3747.0 m
[13:14:17] [INFO ]   Matching traces to navigation...
[13:14:17] [WARN ]   NAV match failed for '85-027_25715'. Tried: ['85-027_25715', '85-027']. Available: ['G', 'G_1', 'H', 'H_1', 'I', 'J', 'J_1', 'K', 'K_1', 'L', 'M', 'O', 'O_1', 'O_2', 'P', 'P_1', 'Q', 'QEXT', 'QEXT_1', 'R', 'REXT', 'R_1', 'S', 'WA-002', 'WA-003', 'WA-003A', 'WA-011', 'WA-012', 'WA-020', 'WA-023', 'WA-024', 'WA-025']
[13:14:17] [ERROR] SKIPPING 85-027_25715 (namss.W-3-69-BS.mcs.airgun): No NAV line matched '85-027_25715'. Tried: ['85-027_25715', '85-027'].
[13:14:17] [ERROR]   Traceback (most recent call last):
[13:14:17] [ERROR]     File "/Users/lennylukach/Personal/School/CS4100/namss/pipeline/src/pipeline.py", line 848, in <module>
[13:14:17] [ERROR]       process_line(line, sgy_path, nav_path, dataset)
[13:14:17] [ERROR]     File "/Users/lennylukach/Personal/School/CS4100/namss/pipeline/src/pipeline.py", line 415, in process_line
[13:14:17] [ERROR]       line_nav = resolve_nav_line(line, nav, log_fn=log)
[13:14:17] [ERROR]     File "/Users/lennylukach/Personal/School/CS4100/namss/pipeline/src/pipeline.py", line 230, in resolve_nav_line
[13:14:17] [ERROR]       raise RuntimeError(
[13:14:17] [ERROR]   RuntimeError: No NAV line matched '85-027_25715'. Tried: ['85-027_25715', '85-027'].
[13:14:17] [INFO ] 
[13:14:17] [INFO ] ──────────────────────────────────────────────────
[13:14:17] [INFO ]   LINE: G_17558
[13:14:17] [INFO ] ──────────────────────────────────────────────────
[13:14:17] [INFO ] Dataset  : namss.W-3-69-BS.mcs.airgun
[13:14:17] [INFO ] SGY      : ../../airgun_data/namss.W-3-69-BS.mcs.airgun/Data/G_17558.sgy
[13:14:17] [INFO ] NAV      : ../../airgun_data/namss.W-3-69-BS.mcs.airgun/Navigation/w-3-69-bs_NAV-WGS84.csv
[13:14:17] [INFO ] SA mode  : single (seed=12)
[13:14:17] [INFO ] 
[13:14:17] [INFO ] STEP 1 — Feature extraction
[13:14:17] [INFO ]   Loading navigation...
[13:14:17] [INFO ]   Loading SEG-Y...
[13:14:17] [INFO ]   Traces: 984  Samples: 1250  dt: 4.000 ms
[13:14:17] [INFO ]   Depth:  0.0 m → 3747.0 m
[13:14:17] [INFO ]   Matching traces to navigation...
[13:14:17] [INFO ]   NAV line matched via translation: 'G_17558' -> 'G'
[13:14:17] [INFO ]   Matched 0 / 984 traces
[13:14:17] [ERROR] SKIPPING G_17558 (namss.W-3-69-BS.mcs.airgun): No traces matched navigation — check line name vs NAV file.
[13:14:17] [ERROR]   Traceback (most recent call last):
[13:14:17] [ERROR]     File "/Users/lennylukach/Personal/School/CS4100/namss/pipeline/src/pipeline.py", line 848, in <module>
[13:14:17] [ERROR]       process_line(line, sgy_path, nav_path, dataset)
[13:14:17] [ERROR]     File "/Users/lennylukach/Personal/School/CS4100/namss/pipeline/src/pipeline.py", line 431, in process_line
[13:14:17] [ERROR]       raise RuntimeError(
[13:14:17] [ERROR]   RuntimeError: No traces matched navigation — check line name vs NAV file.
[13:14:17] [INFO ] 
[13:14:17] [INFO ] ──────────────────────────────────────────────────
[13:14:17] [INFO ]   LINE: G_1_408
[13:14:17] [INFO ] ──────────────────────────────────────────────────
[13:14:17] [INFO ] Dataset  : namss.W-3-69-BS.mcs.airgun
[13:14:17] [INFO ] SGY      : ../../airgun_data/namss.W-3-69-BS.mcs.airgun/Data/G_1_408.sgy
[13:14:17] [INFO ] NAV      : ../../airgun_data/namss.W-3-69-BS.mcs.airgun/Navigation/w-3-69-bs_NAV-WGS84.csv
[13:14:17] [INFO ] SA mode  : single (seed=12)
[13:14:17] [INFO ] 
[13:14:17] [INFO ] STEP 1 — Feature extraction
[13:14:17] [INFO ]   Loading navigation...
[13:14:17] [INFO ]   Loading SEG-Y...
[13:14:17] [INFO ]   Traces: 266  Samples: 1250  dt: 4.000 ms
[13:14:17] [INFO ]   Depth:  0.0 m → 3747.0 m
[13:14:17] [INFO ]   Matching traces to navigation...
[13:14:17] [INFO ]   NAV line matched via translation: 'G_1_408' -> 'G_1'
[13:14:17] [INFO ]   Matched 0 / 266 traces
[13:14:17] [ERROR] SKIPPING G_1_408 (namss.W-3-69-BS.mcs.airgun): No traces matched navigation — check line name vs NAV file.
[13:14:17] [ERROR]   Traceback (most recent call last):
[13:14:17] [ERROR]     File "/Users/lennylukach/Personal/School/CS4100/namss/pipeline/src/pipeline.py", line 848, in <module>
[13:14:17] [ERROR]       process_line(line, sgy_path, nav_path, dataset)
[13:14:17] [ERROR]     File "/Users/lennylukach/Personal/School/CS4100/namss/pipeline/src/pipeline.py", line 431, in process_line
[13:14:17] [ERROR]       raise RuntimeError(
[13:14:17] [ERROR]   RuntimeError: No traces matched navigation — check line name vs NAV file.
[13:14:17] [INFO ] 
[13:14:17] [INFO ] ──────────────────────────────────────────────────
[13:14:17] [INFO ]   LINE: H_1_10416
[13:14:17] [INFO ] ──────────────────────────────────────────────────
[13:14:17] [INFO ] Dataset  : namss.W-3-69-BS.mcs.airgun
[13:14:17] [INFO ] SGY      : ../../airgun_data/namss.W-3-69-BS.mcs.airgun/Data/H_1_10416.sgy
[13:14:17] [INFO ] NAV      : ../../airgun_data/namss.W-3-69-BS.mcs.airgun/Navigation/w-3-69-bs_NAV-WGS84.csv
[13:14:17] [INFO ] SA mode  : single (seed=12)
[13:14:17] [INFO ] 
[13:14:17] [INFO ] STEP 1 — Feature extraction
[13:14:17] [INFO ]   Loading navigation...
[13:14:17] [INFO ]   Loading SEG-Y...
[13:14:17] [INFO ]   Traces: 1224  Samples: 1250  dt: 4.000 ms
[13:14:17] [INFO ]   Depth:  0.0 m → 3747.0 m
[13:14:17] [INFO ]   Matching traces to navigation...
[13:14:17] [INFO ]   NAV line matched via translation: 'H_1_10416' -> 'H_1'
[13:14:17] [INFO ]   Matched 0 / 1224 traces
[13:14:17] [ERROR] SKIPPING H_1_10416 (namss.W-3-69-BS.mcs.airgun): No traces matched navigation — check line name vs NAV file.
[13:14:17] [ERROR]   Traceback (most recent call last):
[13:14:17] [ERROR]     File "/Users/lennylukach/Personal/School/CS4100/namss/pipeline/src/pipeline.py", line 848, in <module>
[13:14:17] [ERROR]       process_line(line, sgy_path, nav_path, dataset)
[13:14:17] [ERROR]     File "/Users/lennylukach/Personal/School/CS4100/namss/pipeline/src/pipeline.py", line 431, in process_line
[13:14:17] [ERROR]       raise RuntimeError(
[13:14:17] [ERROR]   RuntimeError: No traces matched navigation — check line name vs NAV file.
[13:14:17] [INFO ] 
[13:14:17] [INFO ] ──────────────────────────────────────────────────
[13:14:17] [INFO ]   LINE: H_2987
[13:14:17] [INFO ] ──────────────────────────────────────────────────
[13:14:17] [INFO ] Dataset  : namss.W-3-69-BS.mcs.airgun
[13:14:17] [INFO ] SGY      : ../../airgun_data/namss.W-3-69-BS.mcs.airgun/Data/H_2987.sgy
[13:14:17] [INFO ] NAV      : ../../airgun_data/namss.W-3-69-BS.mcs.airgun/Navigation/w-3-69-bs_NAV-WGS84.csv
[13:14:17] [INFO ] SA mode  : single (seed=12)
[13:14:17] [INFO ] 
[13:14:17] [INFO ] STEP 1 — Feature extraction
[13:14:17] [INFO ]   Loading navigation...
[13:14:17] [INFO ]   Loading SEG-Y...
[13:14:17] [INFO ]   Traces: 504  Samples: 1300  dt: 4.000 ms
[13:14:17] [INFO ]   Depth:  0.0 m → 3897.0 m
[13:14:17] [INFO ]   Matching traces to navigation...
[13:14:17] [INFO ]   NAV line matched via translation: 'H_2987' -> 'H'
[13:14:17] [INFO ]   Matched 0 / 504 traces
[13:14:17] [ERROR] SKIPPING H_2987 (namss.W-3-69-BS.mcs.airgun): No traces matched navigation — check line name vs NAV file.
[13:14:17] [ERROR]   Traceback (most recent call last):
[13:14:17] [ERROR]     File "/Users/lennylukach/Personal/School/CS4100/namss/pipeline/src/pipeline.py", line 848, in <module>
[13:14:17] [ERROR]       process_line(line, sgy_path, nav_path, dataset)
[13:14:17] [ERROR]     File "/Users/lennylukach/Personal/School/CS4100/namss/pipeline/src/pipeline.py", line 431, in process_line
[13:14:17] [ERROR]       raise RuntimeError(
[13:14:17] [ERROR]   RuntimeError: No traces matched navigation — check line name vs NAV file.
[13:14:17] [INFO ] 
[13:14:17] [INFO ] ──────────────────────────────────────────────────
[13:14:17] [INFO ]   LINE: I_12552
[13:14:17] [INFO ] ──────────────────────────────────────────────────
[13:14:17] [INFO ] Dataset  : namss.W-3-69-BS.mcs.airgun
[13:14:17] [INFO ] SGY      : ../../airgun_data/namss.W-3-69-BS.mcs.airgun/Data/I_12552.sgy
[13:14:17] [INFO ] NAV      : ../../airgun_data/namss.W-3-69-BS.mcs.airgun/Navigation/w-3-69-bs_NAV-WGS84.csv
[13:14:17] [INFO ] SA mode  : single (seed=12)
[13:14:17] [INFO ] 
[13:14:17] [INFO ] STEP 1 — Feature extraction
[13:14:17] [INFO ]   Loading navigation...
[13:14:17] [INFO ]   Loading SEG-Y...
[13:14:17] [INFO ]   Traces: 720  Samples: 1250  dt: 4.000 ms
[13:14:17] [INFO ]   Depth:  0.0 m → 3747.0 m
[13:14:17] [INFO ]   Matching traces to navigation...
[13:14:17] [INFO ]   NAV line matched via translation: 'I_12552' -> 'I'
[13:14:17] [INFO ]   Matched 0 / 720 traces
[13:14:17] [ERROR] SKIPPING I_12552 (namss.W-3-69-BS.mcs.airgun): No traces matched navigation — check line name vs NAV file.
[13:14:17] [ERROR]   Traceback (most recent call last):
[13:14:17] [ERROR]     File "/Users/lennylukach/Personal/School/CS4100/namss/pipeline/src/pipeline.py", line 848, in <module>
[13:14:17] [ERROR]       process_line(line, sgy_path, nav_path, dataset)
[13:14:17] [ERROR]     File "/Users/lennylukach/Personal/School/CS4100/namss/pipeline/src/pipeline.py", line 431, in process_line
[13:14:17] [ERROR]       raise RuntimeError(
[13:14:17] [ERROR]   RuntimeError: No traces matched navigation — check line name vs NAV file.
[13:14:17] [INFO ] 
[13:14:17] [INFO ] ──────────────────────────────────────────────────
[13:14:17] [INFO ]   LINE: J_11795
[13:14:17] [INFO ] ──────────────────────────────────────────────────
[13:14:17] [INFO ] Dataset  : namss.W-3-69-BS.mcs.airgun
[13:14:17] [INFO ] SGY      : ../../airgun_data/namss.W-3-69-BS.mcs.airgun/Data/J_11795.sgy
[13:14:17] [INFO ] NAV      : ../../airgun_data/namss.W-3-69-BS.mcs.airgun/Navigation/w-3-69-bs_NAV-WGS84.csv
[13:14:17] [INFO ] SA mode  : single (seed=12)
[13:14:17] [INFO ] 
[13:14:17] [INFO ] STEP 1 — Feature extraction
[13:14:17] [INFO ]   Loading navigation...
[13:14:17] [INFO ]   Loading SEG-Y...
[13:14:17] [INFO ]   Traces: 1608  Samples: 1250  dt: 4.000 ms
[13:14:17] [INFO ]   Depth:  0.0 m → 3747.0 m
[13:14:17] [INFO ]   Matching traces to navigation...
[13:14:17] [INFO ]   NAV line matched via translation: 'J_11795' -> 'J'
[13:14:18] [INFO ]   Matched 0 / 1608 traces
[13:14:18] [ERROR] SKIPPING J_11795 (namss.W-3-69-BS.mcs.airgun): No traces matched navigation — check line name vs NAV file.
[13:14:18] [ERROR]   Traceback (most recent call last):
[13:14:18] [ERROR]     File "/Users/lennylukach/Personal/School/CS4100/namss/pipeline/src/pipeline.py", line 848, in <module>
[13:14:18] [ERROR]       process_line(line, sgy_path, nav_path, dataset)
[13:14:18] [ERROR]     File "/Users/lennylukach/Personal/School/CS4100/namss/pipeline/src/pipeline.py", line 431, in process_line
[13:14:18] [ERROR]       raise RuntimeError(
[13:14:18] [ERROR]   RuntimeError: No traces matched navigation — check line name vs NAV file.
[13:14:18] [INFO ] 
[13:14:18] [INFO ] ──────────────────────────────────────────────────
[13:14:18] [INFO ]   LINE: J_1_16452
[13:14:18] [INFO ] ──────────────────────────────────────────────────
[13:14:18] [INFO ] Dataset  : namss.W-3-69-BS.mcs.airgun
[13:14:18] [INFO ] SGY      : ../../airgun_data/namss.W-3-69-BS.mcs.airgun/Data/J_1_16452.sgy
[13:14:18] [INFO ] NAV      : ../../airgun_data/namss.W-3-69-BS.mcs.airgun/Navigation/w-3-69-bs_NAV-WGS84.csv
[13:14:18] [INFO ] SA mode  : single (seed=12)
[13:14:18] [INFO ] 
[13:14:18] [INFO ] STEP 1 — Feature extraction
[13:14:18] [INFO ]   Loading navigation...
[13:14:18] [INFO ]   Loading SEG-Y...
[13:14:18] [INFO ]   Traces: 336  Samples: 1250  dt: 4.000 ms
[13:14:18] [INFO ]   Depth:  0.0 m → 3747.0 m
[13:14:18] [INFO ]   Matching traces to navigation...
[13:14:18] [INFO ]   NAV line matched via translation: 'J_1_16452' -> 'J_1'
[13:14:18] [INFO ]   Matched 0 / 336 traces
[13:14:18] [ERROR] SKIPPING J_1_16452 (namss.W-3-69-BS.mcs.airgun): No traces matched navigation — check line name vs NAV file.
[13:14:18] [ERROR]   Traceback (most recent call last):
[13:14:18] [ERROR]     File "/Users/lennylukach/Personal/School/CS4100/namss/pipeline/src/pipeline.py", line 848, in <module>
[13:14:18] [ERROR]       process_line(line, sgy_path, nav_path, dataset)
[13:14:18] [ERROR]     File "/Users/lennylukach/Personal/School/CS4100/namss/pipeline/src/pipeline.py", line 431, in process_line
[13:14:18] [ERROR]       raise RuntimeError(
[13:14:18] [ERROR]   RuntimeError: No traces matched navigation — check line name vs NAV file.
[13:14:18] [INFO ] 
[13:14:18] [INFO ] ──────────────────────────────────────────────────
[13:14:18] [INFO ]   LINE: K_16989
[13:14:18] [INFO ] ──────────────────────────────────────────────────
[13:14:18] [INFO ] Dataset  : namss.W-3-69-BS.mcs.airgun
[13:14:18] [INFO ] SGY      : ../../airgun_data/namss.W-3-69-BS.mcs.airgun/Data/K_16989.sgy
[13:14:18] [INFO ] NAV      : ../../airgun_data/namss.W-3-69-BS.mcs.airgun/Navigation/w-3-69-bs_NAV-WGS84.csv
[13:14:18] [INFO ] SA mode  : single (seed=12)
[13:14:18] [INFO ] 
[13:14:18] [INFO ] STEP 1 — Feature extraction
[13:14:18] [INFO ]   Loading navigation...
[13:14:18] [INFO ]   Loading SEG-Y...
[13:14:18] [INFO ]   Traces: 3194  Samples: 1250  dt: 4.000 ms
[13:14:18] [INFO ]   Depth:  0.0 m → 3747.0 m
[13:14:18] [INFO ]   Matching traces to navigation...
[13:14:18] [INFO ]   NAV line matched via translation: 'K_16989' -> 'K'
[13:14:18] [INFO ]   Matched 0 / 3194 traces
[13:14:18] [ERROR] SKIPPING K_16989 (namss.W-3-69-BS.mcs.airgun): No traces matched navigation — check line name vs NAV file.
[13:14:18] [ERROR]   Traceback (most recent call last):
[13:14:18] [ERROR]     File "/Users/lennylukach/Personal/School/CS4100/namss/pipeline/src/pipeline.py", line 848, in <module>
[13:14:18] [ERROR]       process_line(line, sgy_path, nav_path, dataset)
[13:14:18] [ERROR]     File "/Users/lennylukach/Personal/School/CS4100/namss/pipeline/src/pipeline.py", line 431, in process_line
[13:14:18] [ERROR]       raise RuntimeError(
[13:14:18] [ERROR]   RuntimeError: No traces matched navigation — check line name vs NAV file.
[13:14:18] [INFO ] 
[13:14:18] [INFO ] ──────────────────────────────────────────────────
[13:14:18] [INFO ]   LINE: L_13905
[13:14:18] [INFO ] ──────────────────────────────────────────────────
[13:14:18] [INFO ] Dataset  : namss.W-3-69-BS.mcs.airgun
[13:14:18] [INFO ] SGY      : ../../airgun_data/namss.W-3-69-BS.mcs.airgun/Data/L_13905.sgy
[13:14:18] [INFO ] NAV      : ../../airgun_data/namss.W-3-69-BS.mcs.airgun/Navigation/w-3-69-bs_NAV-WGS84.csv
[13:14:18] [INFO ] SA mode  : single (seed=12)
[13:14:18] [INFO ] 
[13:14:18] [INFO ] STEP 1 — Feature extraction
[13:14:18] [INFO ]   Loading navigation...
[13:14:18] [INFO ]   Loading SEG-Y...
[13:14:18] [INFO ]   Traces: 792  Samples: 1250  dt: 4.000 ms
[13:14:18] [INFO ]   Depth:  0.0 m → 3747.0 m
[13:14:18] [INFO ]   Matching traces to navigation...
[13:14:18] [INFO ]   NAV line matched via translation: 'L_13905' -> 'L'
[13:14:18] [INFO ]   Matched 0 / 792 traces
[13:14:18] [ERROR] SKIPPING L_13905 (namss.W-3-69-BS.mcs.airgun): No traces matched navigation — check line name vs NAV file.
[13:14:18] [ERROR]   Traceback (most recent call last):
[13:14:18] [ERROR]     File "/Users/lennylukach/Personal/School/CS4100/namss/pipeline/src/pipeline.py", line 848, in <module>
[13:14:18] [ERROR]       process_line(line, sgy_path, nav_path, dataset)
[13:14:18] [ERROR]     File "/Users/lennylukach/Personal/School/CS4100/namss/pipeline/src/pipeline.py", line 431, in process_line
[13:14:18] [ERROR]       raise RuntimeError(
[13:14:18] [ERROR]   RuntimeError: No traces matched navigation — check line name vs NAV file.
[13:14:18] [INFO ] 
[13:14:18] [INFO ] ──────────────────────────────────────────────────
[13:14:18] [INFO ]   LINE: O_1_45871
[13:14:18] [INFO ] ──────────────────────────────────────────────────
[13:14:18] [INFO ] Dataset  : namss.W-3-69-BS.mcs.airgun
[13:14:18] [INFO ] SGY      : ../../airgun_data/namss.W-3-69-BS.mcs.airgun/Data/O_1_45871.sgy
[13:14:18] [INFO ] NAV      : ../../airgun_data/namss.W-3-69-BS.mcs.airgun/Navigation/w-3-69-bs_NAV-WGS84.csv
[13:14:18] [INFO ] SA mode  : single (seed=12)
[13:14:18] [INFO ] 
[13:14:18] [INFO ] STEP 1 — Feature extraction
[13:14:18] [INFO ]   Loading navigation...
[13:14:18] [INFO ]   Loading SEG-Y...
[13:14:18] [INFO ]   Traces: 528  Samples: 1250  dt: 4.000 ms
[13:14:18] [INFO ]   Depth:  0.0 m → 3747.0 m
[13:14:18] [INFO ]   Matching traces to navigation...
[13:14:18] [INFO ]   NAV line matched via translation: 'O_1_45871' -> 'O_1'
[13:14:18] [INFO ]   Matched 0 / 528 traces
[13:14:18] [ERROR] SKIPPING O_1_45871 (namss.W-3-69-BS.mcs.airgun): No traces matched navigation — check line name vs NAV file.
[13:14:18] [ERROR]   Traceback (most recent call last):
[13:14:18] [ERROR]     File "/Users/lennylukach/Personal/School/CS4100/namss/pipeline/src/pipeline.py", line 848, in <module>
[13:14:18] [ERROR]       process_line(line, sgy_path, nav_path, dataset)
[13:14:18] [ERROR]     File "/Users/lennylukach/Personal/School/CS4100/namss/pipeline/src/pipeline.py", line 431, in process_line
[13:14:18] [ERROR]       raise RuntimeError(
[13:14:18] [ERROR]   RuntimeError: No traces matched navigation — check line name vs NAV file.
[13:14:18] [INFO ] 
[13:14:18] [INFO ] ──────────────────────────────────────────────────
[13:14:18] [INFO ]   LINE: O_2_48619
[13:14:18] [INFO ] ──────────────────────────────────────────────────
[13:14:18] [INFO ] Dataset  : namss.W-3-69-BS.mcs.airgun
[13:14:18] [INFO ] SGY      : ../../airgun_data/namss.W-3-69-BS.mcs.airgun/Data/O_2_48619.sgy
[13:14:18] [INFO ] NAV      : ../../airgun_data/namss.W-3-69-BS.mcs.airgun/Navigation/w-3-69-bs_NAV-WGS84.csv
[13:14:18] [INFO ] SA mode  : single (seed=12)
[13:14:18] [INFO ] 
[13:14:18] [INFO ] STEP 1 — Feature extraction
[13:14:18] [INFO ]   Loading navigation...
[13:14:18] [INFO ]   Loading SEG-Y...
[13:14:18] [INFO ]   Traces: 2064  Samples: 1250  dt: 4.000 ms
[13:14:18] [INFO ]   Depth:  0.0 m → 3747.0 m
[13:14:18] [INFO ]   Matching traces to navigation...
[13:14:18] [INFO ]   NAV line matched via translation: 'O_2_48619' -> 'O_2'
[13:14:18] [INFO ]   Matched 0 / 2064 traces
[13:14:18] [ERROR] SKIPPING O_2_48619 (namss.W-3-69-BS.mcs.airgun): No traces matched navigation — check line name vs NAV file.
[13:14:18] [ERROR]   Traceback (most recent call last):
[13:14:18] [ERROR]     File "/Users/lennylukach/Personal/School/CS4100/namss/pipeline/src/pipeline.py", line 848, in <module>
[13:14:18] [ERROR]       process_line(line, sgy_path, nav_path, dataset)
[13:14:18] [ERROR]     File "/Users/lennylukach/Personal/School/CS4100/namss/pipeline/src/pipeline.py", line 431, in process_line
[13:14:18] [ERROR]       raise RuntimeError(
[13:14:18] [ERROR]   RuntimeError: No traces matched navigation — check line name vs NAV file.
[13:14:18] [INFO ] 
[13:14:18] [INFO ] ──────────────────────────────────────────────────
[13:14:18] [INFO ]   LINE: O_48354
[13:14:18] [INFO ] ──────────────────────────────────────────────────
[13:14:18] [INFO ] Dataset  : namss.W-3-69-BS.mcs.airgun
[13:14:18] [INFO ] SGY      : ../../airgun_data/namss.W-3-69-BS.mcs.airgun/Data/O_48354.sgy
[13:14:18] [INFO ] NAV      : ../../airgun_data/namss.W-3-69-BS.mcs.airgun/Navigation/w-3-69-bs_NAV-WGS84.csv
[13:14:18] [INFO ] SA mode  : single (seed=12)
[13:14:18] [INFO ] 
[13:14:18] [INFO ] STEP 1 — Feature extraction
[13:14:18] [INFO ]   Loading navigation...
[13:14:18] [INFO ]   Loading SEG-Y...
[13:14:18] [INFO ]   Traces: 2640  Samples: 1300  dt: 4.000 ms
[13:14:18] [INFO ]   Depth:  0.0 m → 3897.0 m
[13:14:18] [INFO ]   Matching traces to navigation...
[13:14:18] [INFO ]   NAV line matched via translation: 'O_48354' -> 'O'
[13:14:19] [INFO ]   Matched 0 / 2640 traces
[13:14:19] [ERROR] SKIPPING O_48354 (namss.W-3-69-BS.mcs.airgun): No traces matched navigation — check line name vs NAV file.
[13:14:19] [ERROR]   Traceback (most recent call last):
[13:14:19] [ERROR]     File "/Users/lennylukach/Personal/School/CS4100/namss/pipeline/src/pipeline.py", line 848, in <module>
[13:14:19] [ERROR]       process_line(line, sgy_path, nav_path, dataset)
[13:14:19] [ERROR]     File "/Users/lennylukach/Personal/School/CS4100/namss/pipeline/src/pipeline.py", line 431, in process_line
[13:14:19] [ERROR]       raise RuntimeError(
[13:14:19] [ERROR]   RuntimeError: No traces matched navigation — check line name vs NAV file.
[13:14:19] [INFO ] 
[13:14:19] [INFO ] ──────────────────────────────────────────────────
[13:14:19] [INFO ]   LINE: P_1_49149
[13:14:19] [INFO ] ──────────────────────────────────────────────────
[13:14:19] [INFO ] Dataset  : namss.W-3-69-BS.mcs.airgun
[13:14:19] [INFO ] SGY      : ../../airgun_data/namss.W-3-69-BS.mcs.airgun/Data/P_1_49149.sgy
[13:14:19] [INFO ] NAV      : ../../airgun_data/namss.W-3-69-BS.mcs.airgun/Navigation/w-3-69-bs_NAV-WGS84.csv
[13:14:19] [INFO ] SA mode  : single (seed=12)
[13:14:19] [INFO ] 
[13:14:19] [INFO ] STEP 1 — Feature extraction
[13:14:19] [INFO ]   Loading navigation...
[13:14:19] [INFO ]   Loading SEG-Y...
[13:14:19] [INFO ]   Traces: 1416  Samples: 1300  dt: 4.000 ms
[13:14:19] [INFO ]   Depth:  0.0 m → 3897.0 m
[13:14:19] [INFO ]   Matching traces to navigation...
[13:14:19] [INFO ]   NAV line matched via translation: 'P_1_49149' -> 'P_1'
[13:14:19] [INFO ]   Matched 0 / 1416 traces
[13:14:19] [ERROR] SKIPPING P_1_49149 (namss.W-3-69-BS.mcs.airgun): No traces matched navigation — check line name vs NAV file.
[13:14:19] [ERROR]   Traceback (most recent call last):
[13:14:19] [ERROR]     File "/Users/lennylukach/Personal/School/CS4100/namss/pipeline/src/pipeline.py", line 848, in <module>
[13:14:19] [ERROR]       process_line(line, sgy_path, nav_path, dataset)
[13:14:19] [ERROR]     File "/Users/lennylukach/Personal/School/CS4100/namss/pipeline/src/pipeline.py", line 431, in process_line
[13:14:19] [ERROR]       raise RuntimeError(
[13:14:19] [ERROR]   RuntimeError: No traces matched navigation — check line name vs NAV file.
[13:14:19] [INFO ] 
[13:14:19] [INFO ] ──────────────────────────────────────────────────
[13:14:19] [INFO ]   LINE: P_43033
[13:14:19] [INFO ] ──────────────────────────────────────────────────
[13:14:19] [INFO ] Dataset  : namss.W-3-69-BS.mcs.airgun
[13:14:19] [INFO ] SGY      : ../../airgun_data/namss.W-3-69-BS.mcs.airgun/Data/P_43033.sgy
[13:14:19] [INFO ] NAV      : ../../airgun_data/namss.W-3-69-BS.mcs.airgun/Navigation/w-3-69-bs_NAV-WGS84.csv
[13:14:19] [INFO ] SA mode  : single (seed=12)
[13:14:19] [INFO ] 
[13:14:19] [INFO ] STEP 1 — Feature extraction
[13:14:19] [INFO ]   Loading navigation...
[13:14:19] [INFO ]   Loading SEG-Y...
[13:14:19] [INFO ]   Traces: 4296  Samples: 1300  dt: 4.000 ms
[13:14:19] [INFO ]   Depth:  0.0 m → 3897.0 m
[13:14:19] [INFO ]   Matching traces to navigation...
[13:14:19] [INFO ]   NAV line matched via translation: 'P_43033' -> 'P'
[13:14:19] [INFO ]   Matched 0 / 4296 traces
[13:14:19] [ERROR] SKIPPING P_43033 (namss.W-3-69-BS.mcs.airgun): No traces matched navigation — check line name vs NAV file.
[13:14:19] [ERROR]   Traceback (most recent call last):
[13:14:19] [ERROR]     File "/Users/lennylukach/Personal/School/CS4100/namss/pipeline/src/pipeline.py", line 848, in <module>
[13:14:19] [ERROR]       process_line(line, sgy_path, nav_path, dataset)
[13:14:19] [ERROR]     File "/Users/lennylukach/Personal/School/CS4100/namss/pipeline/src/pipeline.py", line 431, in process_line
[13:14:19] [ERROR]       raise RuntimeError(
[13:14:19] [ERROR]   RuntimeError: No traces matched navigation — check line name vs NAV file.
[13:14:19] [INFO ] 
[13:14:19] [INFO ] ──────────────────────────────────────────────────
[13:14:19] [INFO ]   LINE: Q-EXT_45287
[13:14:19] [INFO ] ──────────────────────────────────────────────────
[13:14:19] [INFO ] Dataset  : namss.W-3-69-BS.mcs.airgun
[13:14:19] [INFO ] SGY      : ../../airgun_data/namss.W-3-69-BS.mcs.airgun/Data/Q-EXT_45287.sgy
[13:14:19] [INFO ] NAV      : ../../airgun_data/namss.W-3-69-BS.mcs.airgun/Navigation/w-3-69-bs_NAV-WGS84.csv
[13:14:19] [INFO ] SA mode  : single (seed=12)
[13:14:19] [INFO ] 
[13:14:19] [INFO ] STEP 1 — Feature extraction
[13:14:19] [INFO ]   Loading navigation...
[13:14:19] [INFO ]   Loading SEG-Y...
[13:14:19] [INFO ]   Traces: 6600  Samples: 1250  dt: 4.000 ms
[13:14:19] [INFO ]   Depth:  0.0 m → 3747.0 m
[13:14:19] [INFO ]   Matching traces to navigation...
[13:14:19] [INFO ]   NAV line matched via translation: 'Q-EXT_45287' -> 'QEXT'
[13:14:20] [INFO ]   Matched 0 / 6600 traces
[13:14:20] [ERROR] SKIPPING Q-EXT_45287 (namss.W-3-69-BS.mcs.airgun): No traces matched navigation — check line name vs NAV file.
[13:14:20] [ERROR]   Traceback (most recent call last):
[13:14:20] [ERROR]     File "/Users/lennylukach/Personal/School/CS4100/namss/pipeline/src/pipeline.py", line 848, in <module>
[13:14:20] [ERROR]       process_line(line, sgy_path, nav_path, dataset)
[13:14:20] [ERROR]     File "/Users/lennylukach/Personal/School/CS4100/namss/pipeline/src/pipeline.py", line 431, in process_line
[13:14:20] [ERROR]       raise RuntimeError(
[13:14:20] [ERROR]   RuntimeError: No traces matched navigation — check line name vs NAV file.
[13:14:20] [INFO ] 
[13:14:20] [INFO ] ──────────────────────────────────────────────────
[13:14:20] [INFO ]   LINE: Q_39795
[13:14:20] [INFO ] ──────────────────────────────────────────────────
[13:14:20] [INFO ] Dataset  : namss.W-3-69-BS.mcs.airgun
[13:14:20] [INFO ] SGY      : ../../airgun_data/namss.W-3-69-BS.mcs.airgun/Data/Q_39795.sgy
[13:14:20] [INFO ] NAV      : ../../airgun_data/namss.W-3-69-BS.mcs.airgun/Navigation/w-3-69-bs_NAV-WGS84.csv
[13:14:20] [INFO ] SA mode  : single (seed=12)
[13:14:20] [INFO ] 
[13:14:20] [INFO ] STEP 1 — Feature extraction
[13:14:20] [INFO ]   Loading navigation...
[13:14:20] [INFO ]   Loading SEG-Y...
[13:14:20] [INFO ]   Traces: 4992  Samples: 1250  dt: 4.000 ms
[13:14:20] [INFO ]   Depth:  0.0 m → 3747.0 m
[13:14:20] [INFO ]   Matching traces to navigation...
[13:14:20] [INFO ]   NAV line matched via translation: 'Q_39795' -> 'Q'
[13:14:20] [INFO ]   Matched 0 / 4992 traces
[13:14:20] [ERROR] SKIPPING Q_39795 (namss.W-3-69-BS.mcs.airgun): No traces matched navigation — check line name vs NAV file.
[13:14:20] [ERROR]   Traceback (most recent call last):
[13:14:20] [ERROR]     File "/Users/lennylukach/Personal/School/CS4100/namss/pipeline/src/pipeline.py", line 848, in <module>
[13:14:20] [ERROR]       process_line(line, sgy_path, nav_path, dataset)
[13:14:20] [ERROR]     File "/Users/lennylukach/Personal/School/CS4100/namss/pipeline/src/pipeline.py", line 431, in process_line
[13:14:20] [ERROR]       raise RuntimeError(
[13:14:20] [ERROR]   RuntimeError: No traces matched navigation — check line name vs NAV file.
[13:14:20] [INFO ] 
[13:14:20] [INFO ] ──────────────────────────────────────────────────
[13:14:20] [INFO ]   LINE: R-EXT_49224
[13:14:20] [INFO ] ──────────────────────────────────────────────────
[13:14:20] [INFO ] Dataset  : namss.W-3-69-BS.mcs.airgun
[13:14:20] [INFO ] SGY      : ../../airgun_data/namss.W-3-69-BS.mcs.airgun/Data/R-EXT_49224.sgy
[13:14:20] [INFO ] NAV      : ../../airgun_data/namss.W-3-69-BS.mcs.airgun/Navigation/w-3-69-bs_NAV-WGS84.csv
[13:14:20] [INFO ] SA mode  : single (seed=12)
[13:14:20] [INFO ] 
[13:14:20] [INFO ] STEP 1 — Feature extraction
[13:14:20] [INFO ]   Loading navigation...
[13:14:20] [INFO ]   Loading SEG-Y...
[13:14:20] [INFO ]   Traces: 3504  Samples: 1250  dt: 4.000 ms
[13:14:20] [INFO ]   Depth:  0.0 m → 3747.0 m
[13:14:20] [INFO ]   Matching traces to navigation...
[13:14:20] [INFO ]   NAV line matched via translation: 'R-EXT_49224' -> 'REXT'
[13:14:20] [INFO ]   Matched 0 / 3504 traces
[13:14:20] [ERROR] SKIPPING R-EXT_49224 (namss.W-3-69-BS.mcs.airgun): No traces matched navigation — check line name vs NAV file.
[13:14:20] [ERROR]   Traceback (most recent call last):
[13:14:20] [ERROR]     File "/Users/lennylukach/Personal/School/CS4100/namss/pipeline/src/pipeline.py", line 848, in <module>
[13:14:20] [ERROR]       process_line(line, sgy_path, nav_path, dataset)
[13:14:20] [ERROR]     File "/Users/lennylukach/Personal/School/CS4100/namss/pipeline/src/pipeline.py", line 431, in process_line
[13:14:20] [ERROR]       raise RuntimeError(
[13:14:20] [ERROR]   RuntimeError: No traces matched navigation — check line name vs NAV file.
[13:14:20] [INFO ] 
[13:14:20] [INFO ] ──────────────────────────────────────────────────
[13:14:20] [INFO ]   LINE: R_1_43206
[13:14:20] [INFO ] ──────────────────────────────────────────────────
[13:14:20] [INFO ] Dataset  : namss.W-3-69-BS.mcs.airgun
[13:14:20] [INFO ] SGY      : ../../airgun_data/namss.W-3-69-BS.mcs.airgun/Data/R_1_43206.sgy
[13:14:20] [INFO ] NAV      : ../../airgun_data/namss.W-3-69-BS.mcs.airgun/Navigation/w-3-69-bs_NAV-WGS84.csv
[13:14:20] [INFO ] SA mode  : single (seed=12)
[13:14:20] [INFO ] 
[13:14:20] [INFO ] STEP 1 — Feature extraction
[13:14:20] [INFO ]   Loading navigation...
[13:14:20] [INFO ]   Loading SEG-Y...
[13:14:21] [INFO ]   Traces: 6216  Samples: 1250  dt: 4.000 ms
[13:14:21] [INFO ]   Depth:  0.0 m → 3747.0 m
[13:14:21] [INFO ]   Matching traces to navigation...
[13:14:21] [INFO ]   NAV line matched via translation: 'R_1_43206' -> 'R_1'
[13:14:21] [INFO ]   Matched 0 / 6216 traces
[13:14:21] [ERROR] SKIPPING R_1_43206 (namss.W-3-69-BS.mcs.airgun): No traces matched navigation — check line name vs NAV file.
[13:14:21] [ERROR]   Traceback (most recent call last):
[13:14:21] [ERROR]     File "/Users/lennylukach/Personal/School/CS4100/namss/pipeline/src/pipeline.py", line 848, in <module>
[13:14:21] [ERROR]       process_line(line, sgy_path, nav_path, dataset)
[13:14:21] [ERROR]     File "/Users/lennylukach/Personal/School/CS4100/namss/pipeline/src/pipeline.py", line 431, in process_line
[13:14:21] [ERROR]       raise RuntimeError(
[13:14:21] [ERROR]   RuntimeError: No traces matched navigation — check line name vs NAV file.
[13:14:21] [INFO ] 
[13:14:21] [INFO ] ──────────────────────────────────────────────────
[13:14:21] [INFO ]   LINE: R_49017
[13:14:21] [INFO ] ──────────────────────────────────────────────────
[13:14:21] [INFO ] Dataset  : namss.W-3-69-BS.mcs.airgun
[13:14:21] [INFO ] SGY      : ../../airgun_data/namss.W-3-69-BS.mcs.airgun/Data/R_49017.sgy
[13:14:21] [INFO ] NAV      : ../../airgun_data/namss.W-3-69-BS.mcs.airgun/Navigation/w-3-69-bs_NAV-WGS84.csv
[13:14:21] [INFO ] SA mode  : single (seed=12)
[13:14:21] [INFO ] 
[13:14:21] [INFO ] STEP 1 — Feature extraction
[13:14:21] [INFO ]   Loading navigation...
[13:14:21] [INFO ]   Loading SEG-Y...
[13:14:21] [INFO ]   Traces: 600  Samples: 1250  dt: 4.000 ms
[13:14:21] [INFO ]   Depth:  0.0 m → 3747.0 m
[13:14:21] [INFO ]   Matching traces to navigation...
[13:14:21] [INFO ]   NAV line matched via translation: 'R_49017' -> 'R'
[13:14:21] [INFO ]   Matched 0 / 600 traces
[13:14:21] [ERROR] SKIPPING R_49017 (namss.W-3-69-BS.mcs.airgun): No traces matched navigation — check line name vs NAV file.
[13:14:21] [ERROR]   Traceback (most recent call last):
[13:14:21] [ERROR]     File "/Users/lennylukach/Personal/School/CS4100/namss/pipeline/src/pipeline.py", line 848, in <module>
[13:14:21] [ERROR]       process_line(line, sgy_path, nav_path, dataset)
[13:14:21] [ERROR]     File "/Users/lennylukach/Personal/School/CS4100/namss/pipeline/src/pipeline.py", line 431, in process_line
[13:14:21] [ERROR]       raise RuntimeError(
[13:14:21] [ERROR]   RuntimeError: No traces matched navigation — check line name vs NAV file.
[13:14:21] [INFO ] 
[13:14:21] [INFO ] ──────────────────────────────────────────────────
[13:14:21] [INFO ]   LINE: S_44822
[13:14:21] [INFO ] ──────────────────────────────────────────────────
[13:14:21] [INFO ] Dataset  : namss.W-3-69-BS.mcs.airgun
[13:14:21] [INFO ] SGY      : ../../airgun_data/namss.W-3-69-BS.mcs.airgun/Data/S_44822.sgy
[13:14:21] [INFO ] NAV      : ../../airgun_data/namss.W-3-69-BS.mcs.airgun/Navigation/w-3-69-bs_NAV-WGS84.csv
[13:14:21] [INFO ] SA mode  : single (seed=12)
[13:14:21] [INFO ] 
[13:14:21] [INFO ] STEP 1 — Feature extraction
[13:14:21] [INFO ]   Loading navigation...
[13:14:21] [INFO ]   Loading SEG-Y...
[13:14:21] [INFO ]   Traces: 2280  Samples: 1250  dt: 4.000 ms
[13:14:21] [INFO ]   Depth:  0.0 m → 3747.0 m
[13:14:21] [INFO ]   Matching traces to navigation...
[13:14:21] [INFO ]   NAV line matched via translation: 'S_44822' -> 'S'
[13:14:21] [INFO ]   Matched 0 / 2280 traces
[13:14:21] [ERROR] SKIPPING S_44822 (namss.W-3-69-BS.mcs.airgun): No traces matched navigation — check line name vs NAV file.
[13:14:21] [ERROR]   Traceback (most recent call last):
[13:14:21] [ERROR]     File "/Users/lennylukach/Personal/School/CS4100/namss/pipeline/src/pipeline.py", line 848, in <module>
[13:14:21] [ERROR]       process_line(line, sgy_path, nav_path, dataset)
[13:14:21] [ERROR]     File "/Users/lennylukach/Personal/School/CS4100/namss/pipeline/src/pipeline.py", line 431, in process_line
[13:14:21] [ERROR]       raise RuntimeError(
[13:14:21] [ERROR]   RuntimeError: No traces matched navigation — check line name vs NAV file.
[13:14:21] [INFO ] 
[13:14:21] [INFO ] ──────────────────────────────────────────────────
[13:14:21] [INFO ]   LINE: WA-024_1187
[13:14:21] [INFO ] ──────────────────────────────────────────────────
[13:14:21] [INFO ] Dataset  : namss.W-3-69-BS.mcs.airgun
[13:14:21] [INFO ] SGY      : ../../airgun_data/namss.W-3-69-BS.mcs.airgun/Data/WA-024_1187.sgy
[13:14:21] [INFO ] NAV      : ../../airgun_data/namss.W-3-69-BS.mcs.airgun/Navigation/w-3-69-bs_NAV-WGS84.csv
[13:14:21] [INFO ] SA mode  : single (seed=12)
[13:14:21] [INFO ] 
[13:14:21] [INFO ] STEP 1 — Feature extraction
[13:14:21] [INFO ]   Loading navigation...
[13:14:21] [INFO ]   Loading SEG-Y...
[13:14:21] [INFO ]   Traces: 5873  Samples: 1456  dt: 4.000 ms
[13:14:21] [INFO ]   Depth:  0.0 m → 4365.0 m
[13:14:21] [INFO ]   Matching traces to navigation...
[13:14:21] [INFO ]   NAV line matched via translation: 'WA-024_1187' -> 'WA-024'
[13:14:22] [INFO ]   Matched 0 / 5873 traces
[13:14:22] [ERROR] SKIPPING WA-024_1187 (namss.W-3-69-BS.mcs.airgun): No traces matched navigation — check line name vs NAV file.
[13:14:22] [ERROR]   Traceback (most recent call last):
[13:14:22] [ERROR]     File "/Users/lennylukach/Personal/School/CS4100/namss/pipeline/src/pipeline.py", line 848, in <module>
[13:14:22] [ERROR]       process_line(line, sgy_path, nav_path, dataset)
[13:14:22] [ERROR]     File "/Users/lennylukach/Personal/School/CS4100/namss/pipeline/src/pipeline.py", line 431, in process_line
[13:14:22] [ERROR]       raise RuntimeError(
[13:14:22] [ERROR]   RuntimeError: No traces matched navigation — check line name vs NAV file.
[13:14:22] [INFO ] 
[13:14:22] [INFO ] ──────────────────────────────────────────────────
[13:14:22] [INFO ]   LINE: WA-025_15564
[13:14:22] [INFO ] ──────────────────────────────────────────────────
[13:14:22] [INFO ] Dataset  : namss.W-3-69-BS.mcs.airgun
[13:14:22] [INFO ] SGY      : ../../airgun_data/namss.W-3-69-BS.mcs.airgun/Data/WA-025_15564.sgy
[13:14:22] [INFO ] NAV      : ../../airgun_data/namss.W-3-69-BS.mcs.airgun/Navigation/w-3-69-bs_NAV-WGS84.csv
[13:14:22] [INFO ] SA mode  : single (seed=12)
[13:14:22] [INFO ] 
[13:14:22] [INFO ] STEP 1 — Feature extraction
[13:14:22] [INFO ]   Loading navigation...
[13:14:22] [INFO ]   Loading SEG-Y...
[13:14:22] [INFO ]   Traces: 5569  Samples: 1456  dt: 4.000 ms
[13:14:22] [INFO ]   Depth:  0.0 m → 4365.0 m
[13:14:22] [INFO ]   Matching traces to navigation...
[13:14:22] [INFO ]   NAV line matched via translation: 'WA-025_15564' -> 'WA-025'
[13:14:22] [INFO ]   Matched 0 / 5569 traces
[13:14:22] [ERROR] SKIPPING WA-025_15564 (namss.W-3-69-BS.mcs.airgun): No traces matched navigation — check line name vs NAV file.
[13:14:22] [ERROR]   Traceback (most recent call last):
[13:14:22] [ERROR]     File "/Users/lennylukach/Personal/School/CS4100/namss/pipeline/src/pipeline.py", line 848, in <module>
[13:14:22] [ERROR]       process_line(line, sgy_path, nav_path, dataset)
[13:14:22] [ERROR]     File "/Users/lennylukach/Personal/School/CS4100/namss/pipeline/src/pipeline.py", line 431, in process_line
[13:14:22] [ERROR]       raise RuntimeError(
[13:14:22] [ERROR]   RuntimeError: No traces matched navigation — check line name vs NAV file.
[13:14:22] [INFO ] 
[13:14:22] [INFO ] ============================================================
[13:14:22] [INFO ]   FINAL SUMMARY
[13:14:22] [INFO ] ============================================================
[13:14:22] [INFO ]   Completed : 209 / 278
[13:14:22] [INFO ]   Failed    : 69
[13:14:22] [INFO ] 
[13:14:22] [INFO ]   Failed lines:
[13:14:22] [ERROR]     f1289stk03                                FAILED: No traces matched navigation — check line name vs NAV file.
[13:14:22] [ERROR]     f1289stk07                                FAILED: No traces matched navigation — check line name vs NAV file.
[13:14:22] [ERROR]     f1289stk09                                FAILED: No traces matched navigation — check line name vs NAV file.
[13:14:22] [ERROR]     f1289stk11                                FAILED: No traces matched navigation — check line name vs NAV file.
[13:14:22] [ERROR]     f1289stk13                                FAILED: No traces matched navigation — check line name vs NAV file.
[13:14:22] [ERROR]     f1289stk15                                FAILED: No traces matched navigation — check line name vs NAV file.
[13:14:22] [ERROR]     f1289stk17                                FAILED: 'julday' out of bounds for year 1986: 0
[13:14:22] [ERROR]     f1289stk19                                FAILED: No traces matched navigation — check line name vs NAV file.
[13:14:22] [ERROR]     f1289stk23                                FAILED: No traces matched navigation — check line name vs NAV file.
[13:14:22] [ERROR]     f1289stk29                                FAILED: No traces matched navigation — check line name vs NAV file.
[13:14:22] [ERROR]     f287stk26                                 FAILED: Unknown format for file ../../airgun_data/namss.F-2-87-AA.mcs.airgun/Data/f287stk26.sgy
[13:14:22] [ERROR]     f287stk31                                 FAILED: second must be in 0..59
[13:14:22] [ERROR]     f287stk35                                 FAILED: 'julday' out of bounds for year 1987: 0
[13:14:22] [ERROR]     f287stks1                                 FAILED: hour must be in 0..23
[13:14:22] [ERROR]     f387stk07_3150                            FAILED: No NAV line matched 'f387stk07_3150'. Tried: ['f387stk07_3150', 'F387-7_3150', 'f387stk07'].
[13:14:22] [ERROR]     f387stk10                                 FAILED: 'julday' out of bounds for year 1987: 1986
[13:14:22] [ERROR]     f387stk32                                 FAILED: 'julday' out of bounds for year 1987: 0
[13:14:22] [ERROR]     f688stk04a                                FAILED: No traces matched navigation — check line name vs NAV file.
[13:14:22] [ERROR]     f688stk07a                                FAILED: No traces matched navigation — check line name vs NAV file.
[13:14:22] [ERROR]     f688stk09a                                FAILED: No traces matched navigation — check line name vs NAV file.
[13:14:22] [ERROR]     f688stk10a                                FAILED: No traces matched navigation — check line name vs NAV file.
[13:14:22] [ERROR]     f688stk11a                                FAILED: No traces matched navigation — check line name vs NAV file.
[13:14:22] [ERROR]     f688stk12a                                FAILED: No traces matched navigation — check line name vs NAV file.
[13:14:22] [ERROR]     f688stk14a                                FAILED: No traces matched navigation — check line name vs NAV file.
[13:14:22] [ERROR]     f688stk16a                                FAILED: No traces matched navigation — check line name vs NAV file.
[13:14:22] [ERROR]     209wg82stk                                FAILED: No traces matched navigation — check line name vs NAV file.
[13:14:22] [ERROR]     226wg82stk                                FAILED: No traces matched navigation — check line name vs NAV file.
[13:14:22] [ERROR]     100_1204                                  FAILED: No traces matched navigation — check line name vs NAV file.
[13:14:22] [ERROR]     101_1205                                  FAILED: No traces matched navigation — check line name vs NAV file.
[13:14:22] [ERROR]     102_1206                                  FAILED: No traces matched navigation — check line name vs NAV file.
[13:14:22] [ERROR]     103_1207                                  FAILED: No traces matched navigation — check line name vs NAV file.
[13:14:22] [ERROR]     104_1208                                  FAILED: No traces matched navigation — check line name vs NAV file.
[13:14:22] [ERROR]     105_1209                                  FAILED: No traces matched navigation — check line name vs NAV file.
[13:14:22] [ERROR]     106_1210                                  FAILED: No traces matched navigation — check line name vs NAV file.
[13:14:22] [ERROR]     107_1211                                  FAILED: No traces matched navigation — check line name vs NAV file.
[13:14:22] [ERROR]     108_1212                                  FAILED: No traces matched navigation — check line name vs NAV file.
[13:14:22] [ERROR]     109_1213                                  FAILED: No traces matched navigation — check line name vs NAV file.
[13:14:22] [ERROR]     110_1214                                  FAILED: No traces matched navigation — check line name vs NAV file.
[13:14:22] [ERROR]     111_1215                                  FAILED: No traces matched navigation — check line name vs NAV file.
[13:14:22] [ERROR]     112_1216                                  FAILED: No traces matched navigation — check line name vs NAV file.
[13:14:22] [ERROR]     113_1217                                  FAILED: No traces matched navigation — check line name vs NAV file.
[13:14:22] [ERROR]     114_1218                                  FAILED: No traces matched navigation — check line name vs NAV file.
[13:14:22] [ERROR]     115_1219                                  FAILED: No traces matched navigation — check line name vs NAV file.
[13:14:22] [ERROR]     116_1220                                  FAILED: No traces matched navigation — check line name vs NAV file.
[13:14:22] [ERROR]     117_1221                                  FAILED: No traces matched navigation — check line name vs NAV file.
[13:14:22] [ERROR]     85-026_15189                              FAILED: No NAV line matched '85-026_15189'. Tried: ['85-026_15189', '85-026'].
[13:14:22] [ERROR]     85-027_25715                              FAILED: No NAV line matched '85-027_25715'. Tried: ['85-027_25715', '85-027'].
[13:14:22] [ERROR]     G_17558                                   FAILED: No traces matched navigation — check line name vs NAV file.
[13:14:22] [ERROR]     G_1_408                                   FAILED: No traces matched navigation — check line name vs NAV file.
[13:14:22] [ERROR]     H_1_10416                                 FAILED: No traces matched navigation — check line name vs NAV file.
[13:14:22] [ERROR]     H_2987                                    FAILED: No traces matched navigation — check line name vs NAV file.
[13:14:22] [ERROR]     I_12552                                   FAILED: No traces matched navigation — check line name vs NAV file.
[13:14:22] [ERROR]     J_11795                                   FAILED: No traces matched navigation — check line name vs NAV file.
[13:14:22] [ERROR]     J_1_16452                                 FAILED: No traces matched navigation — check line name vs NAV file.
[13:14:22] [ERROR]     K_16989                                   FAILED: No traces matched navigation — check line name vs NAV file.
[13:14:22] [ERROR]     L_13905                                   FAILED: No traces matched navigation — check line name vs NAV file.
[13:14:22] [ERROR]     O_1_45871                                 FAILED: No traces matched navigation — check line name vs NAV file.
[13:14:22] [ERROR]     O_2_48619                                 FAILED: No traces matched navigation — check line name vs NAV file.
[13:14:22] [ERROR]     O_48354                                   FAILED: No traces matched navigation — check line name vs NAV file.
[13:14:22] [ERROR]     P_1_49149                                 FAILED: No traces matched navigation — check line name vs NAV file.
[13:14:22] [ERROR]     P_43033                                   FAILED: No traces matched navigation — check line name vs NAV file.
[13:14:22] [ERROR]     Q-EXT_45287                               FAILED: No traces matched navigation — check line name vs NAV file.
[13:14:22] [ERROR]     Q_39795                                   FAILED: No traces matched navigation — check line name vs NAV file.
[13:14:22] [ERROR]     R-EXT_49224                               FAILED: No traces matched navigation — check line name vs NAV file.
[13:14:22] [ERROR]     R_1_43206                                 FAILED: No traces matched navigation — check line name vs NAV file.
[13:14:22] [ERROR]     R_49017                                   FAILED: No traces matched navigation — check line name vs NAV file.
[13:14:22] [ERROR]     S_44822                                   FAILED: No traces matched navigation — check line name vs NAV file.
[13:14:22] [ERROR]     WA-024_1187                               FAILED: No traces matched navigation — check line name vs NAV file.
[13:14:22] [ERROR]     WA-025_15564                              FAILED: No traces matched navigation — check line name vs NAV file.
[13:14:22] [INFO ] 
[13:14:22] [INFO ]   Finished: 2026-04-03 13:14:22
[13:14:22] [INFO ]   Run dir : /Users/lennylukach/Personal/School/CS4100/namss/pipeline/results/run_20260403_120837
