[09:35:51] [INFO ] ============================================================
[09:35:51] [INFO ]   NAMSS Seismic Fault Pipeline v2
[09:35:51] [INFO ]   Started : 2026-04-03 09:35:51
[09:35:51] [INFO ]   Run dir : /Users/lennylukach/Personal/School/CS4100/namss/pipeline/results/run_20260403_093551
[09:35:51] [INFO ]   SA mode : single (seed=42)
[09:35:51] [INFO ] ============================================================
[09:35:51] [INFO ] 
Discovered 278 unique lines across all datasets
[09:35:51] [INFO ] Val lines (every 5th): ['104_1208', '109_1213', '114_1218', '202wg82stk', '209wg82stk', '217wg82stk', '85-026_15189', 'H_2987', 'L_13905', 'P_43033', 'R_49017', 'T2010.103.mig.1500', 'T2010.108.mig.1500', 'T2010.1103.mig.1500', 'T2010.2102.mig.1500', 'f1088stk01', 'f1088stk06', 'f1088stk11', 'f1088stk16', 'f1088stk21', 'f1088stk26', 'f1088stk31', 'f1289stk02', 'f1289stk07', 'f1289stk12', 'f1289stk17', 'f1289stk22', 'f1289stk27', 'f287stk01', 'f287stk06', 'f287stk11', 'f287stk15', 'f287stk20', 'f287stk25', 'f287stk30', 'f287stk35', 'f287stk41', 'f287stk46', 'f287stk51', 'f287stk56', 'f287stks1', 'f287stks5', 'f387stk02', 'f387stk07', 'f387stk11', 'f387stk16', 'f387stk21', 'f387stk26', 'f387stk31', 'f688stk01', 'f688stk04', 'f688stk06a', 'f688stk09a', 'f688stk12', 'f688stk15']
[09:35:51] [INFO ] 
Processing 278 SGY files across all datasets in ../../airgun_data
[09:35:51] [INFO ]   namss.F-10-88-HW.mcs.airgun               f1088stk01
[09:35:51] [INFO ]   namss.F-10-88-HW.mcs.airgun               f1088stk02
[09:35:51] [INFO ]   namss.F-10-88-HW.mcs.airgun               f1088stk03
[09:35:51] [INFO ]   namss.F-10-88-HW.mcs.airgun               f1088stk04
[09:35:51] [INFO ]   namss.F-10-88-HW.mcs.airgun               f1088stk05
[09:35:51] [INFO ]   namss.F-10-88-HW.mcs.airgun               f1088stk06
[09:35:51] [INFO ]   namss.F-10-88-HW.mcs.airgun               f1088stk07
[09:35:51] [INFO ]   namss.F-10-88-HW.mcs.airgun               f1088stk08
[09:35:51] [INFO ]   namss.F-10-88-HW.mcs.airgun               f1088stk09
[09:35:51] [INFO ]   namss.F-10-88-HW.mcs.airgun               f1088stk10
[09:35:51] [INFO ]   namss.F-10-88-HW.mcs.airgun               f1088stk11
[09:35:51] [INFO ]   namss.F-10-88-HW.mcs.airgun               f1088stk12
[09:35:51] [INFO ]   namss.F-10-88-HW.mcs.airgun               f1088stk13
[09:35:51] [INFO ]   namss.F-10-88-HW.mcs.airgun               f1088stk14
[09:35:51] [INFO ]   namss.F-10-88-HW.mcs.airgun               f1088stk15
[09:35:51] [INFO ]   namss.F-10-88-HW.mcs.airgun               f1088stk16
[09:35:51] [INFO ]   namss.F-10-88-HW.mcs.airgun               f1088stk17
[09:35:51] [INFO ]   namss.F-10-88-HW.mcs.airgun               f1088stk18
[09:35:51] [INFO ]   namss.F-10-88-HW.mcs.airgun               f1088stk19
[09:35:51] [INFO ]   namss.F-10-88-HW.mcs.airgun               f1088stk20
[09:35:51] [INFO ]   namss.F-10-88-HW.mcs.airgun               f1088stk21
[09:35:51] [INFO ]   namss.F-10-88-HW.mcs.airgun               f1088stk22
[09:35:51] [INFO ]   namss.F-10-88-HW.mcs.airgun               f1088stk23
[09:35:51] [INFO ]   namss.F-10-88-HW.mcs.airgun               f1088stk24
[09:35:51] [INFO ]   namss.F-10-88-HW.mcs.airgun               f1088stk25
[09:35:51] [INFO ]   namss.F-10-88-HW.mcs.airgun               f1088stk26
[09:35:51] [INFO ]   namss.F-10-88-HW.mcs.airgun               f1088stk27
[09:35:51] [INFO ]   namss.F-10-88-HW.mcs.airgun               f1088stk28
[09:35:51] [INFO ]   namss.F-10-88-HW.mcs.airgun               f1088stk29
[09:35:51] [INFO ]   namss.F-10-88-HW.mcs.airgun               f1088stk30
[09:35:51] [INFO ]   namss.F-10-88-HW.mcs.airgun               f1088stk31
[09:35:51] [INFO ]   namss.F-10-88-HW.mcs.airgun               f1088stk32
[09:35:51] [INFO ]   namss.F-10-88-HW.mcs.airgun               f1088stk33
[09:35:51] [INFO ]   namss.F-10-88-HW.mcs.airgun               f1088stk34
[09:35:51] [INFO ]   namss.F-12-89-HW.mcs.airgun               f1289stk01
[09:35:51] [INFO ]   namss.F-12-89-HW.mcs.airgun               f1289stk02
[09:35:51] [INFO ]   namss.F-12-89-HW.mcs.airgun               f1289stk03
[09:35:51] [INFO ]   namss.F-12-89-HW.mcs.airgun               f1289stk04
[09:35:51] [INFO ]   namss.F-12-89-HW.mcs.airgun               f1289stk05
[09:35:51] [INFO ]   namss.F-12-89-HW.mcs.airgun               f1289stk06
[09:35:51] [INFO ]   namss.F-12-89-HW.mcs.airgun               f1289stk07
[09:35:51] [INFO ]   namss.F-12-89-HW.mcs.airgun               f1289stk08
[09:35:51] [INFO ]   namss.F-12-89-HW.mcs.airgun               f1289stk09
[09:35:51] [INFO ]   namss.F-12-89-HW.mcs.airgun               f1289stk10
[09:35:51] [INFO ]   namss.F-12-89-HW.mcs.airgun               f1289stk11
[09:35:51] [INFO ]   namss.F-12-89-HW.mcs.airgun               f1289stk12
[09:35:51] [INFO ]   namss.F-12-89-HW.mcs.airgun               f1289stk13
[09:35:51] [INFO ]   namss.F-12-89-HW.mcs.airgun               f1289stk14
[09:35:51] [INFO ]   namss.F-12-89-HW.mcs.airgun               f1289stk15
[09:35:51] [INFO ]   namss.F-12-89-HW.mcs.airgun               f1289stk16
[09:35:51] [INFO ]   namss.F-12-89-HW.mcs.airgun               f1289stk17
[09:35:51] [INFO ]   namss.F-12-89-HW.mcs.airgun               f1289stk18
[09:35:51] [INFO ]   namss.F-12-89-HW.mcs.airgun               f1289stk19
[09:35:51] [INFO ]   namss.F-12-89-HW.mcs.airgun               f1289stk20
[09:35:51] [INFO ]   namss.F-12-89-HW.mcs.airgun               f1289stk21
[09:35:51] [INFO ]   namss.F-12-89-HW.mcs.airgun               f1289stk22
[09:35:51] [INFO ]   namss.F-12-89-HW.mcs.airgun               f1289stk23
[09:35:51] [INFO ]   namss.F-12-89-HW.mcs.airgun               f1289stk24
[09:35:51] [INFO ]   namss.F-12-89-HW.mcs.airgun               f1289stk25
[09:35:51] [INFO ]   namss.F-12-89-HW.mcs.airgun               f1289stk26
[09:35:51] [INFO ]   namss.F-12-89-HW.mcs.airgun               f1289stk27
[09:35:51] [INFO ]   namss.F-12-89-HW.mcs.airgun               f1289stk28
[09:35:51] [INFO ]   namss.F-12-89-HW.mcs.airgun               f1289stk29
[09:35:51] [INFO ]   namss.F-12-89-HW.mcs.airgun               f1289stk30
[09:35:51] [INFO ]   namss.F-12-89-HW.mcs.airgun               f1289stk32
[09:35:51] [INFO ]   namss.F-2-87-AA.mcs.airgun                f287stk01
[09:35:51] [INFO ]   namss.F-2-87-AA.mcs.airgun                f287stk02
[09:35:51] [INFO ]   namss.F-2-87-AA.mcs.airgun                f287stk03
[09:35:51] [INFO ]   namss.F-2-87-AA.mcs.airgun                f287stk04
[09:35:51] [INFO ]   namss.F-2-87-AA.mcs.airgun                f287stk05
[09:35:51] [INFO ]   namss.F-2-87-AA.mcs.airgun                f287stk06
[09:35:51] [INFO ]   namss.F-2-87-AA.mcs.airgun                f287stk07
[09:35:51] [INFO ]   namss.F-2-87-AA.mcs.airgun                f287stk08
[09:35:51] [INFO ]   namss.F-2-87-AA.mcs.airgun                f287stk09
[09:35:51] [INFO ]   namss.F-2-87-AA.mcs.airgun                f287stk10
[09:35:51] [INFO ]   namss.F-2-87-AA.mcs.airgun                f287stk11
[09:35:51] [INFO ]   namss.F-2-87-AA.mcs.airgun                f287stk12
[09:35:51] [INFO ]   namss.F-2-87-AA.mcs.airgun                f287stk13
[09:35:51] [INFO ]   namss.F-2-87-AA.mcs.airgun                f287stk14
[09:35:51] [INFO ]   namss.F-2-87-AA.mcs.airgun                f287stk14a
[09:35:51] [INFO ]   namss.F-2-87-AA.mcs.airgun                f287stk15
[09:35:51] [INFO ]   namss.F-2-87-AA.mcs.airgun                f287stk16
[09:35:51] [INFO ]   namss.F-2-87-AA.mcs.airgun                f287stk17
[09:35:51] [INFO ]   namss.F-2-87-AA.mcs.airgun                f287stk18
[09:35:51] [INFO ]   namss.F-2-87-AA.mcs.airgun                f287stk19
[09:35:51] [INFO ]   namss.F-2-87-AA.mcs.airgun                f287stk20
[09:35:51] [INFO ]   namss.F-2-87-AA.mcs.airgun                f287stk21
[09:35:51] [INFO ]   namss.F-2-87-AA.mcs.airgun                f287stk22
[09:35:51] [INFO ]   namss.F-2-87-AA.mcs.airgun                f287stk23
[09:35:51] [INFO ]   namss.F-2-87-AA.mcs.airgun                f287stk24
[09:35:51] [INFO ]   namss.F-2-87-AA.mcs.airgun                f287stk25
[09:35:51] [INFO ]   namss.F-2-87-AA.mcs.airgun                f287stk26
[09:35:51] [INFO ]   namss.F-2-87-AA.mcs.airgun                f287stk27
[09:35:51] [INFO ]   namss.F-2-87-AA.mcs.airgun                f287stk28
[09:35:51] [INFO ]   namss.F-2-87-AA.mcs.airgun                f287stk29
[09:35:51] [INFO ]   namss.F-2-87-AA.mcs.airgun                f287stk30
[09:35:51] [INFO ]   namss.F-2-87-AA.mcs.airgun                f287stk31
[09:35:51] [INFO ]   namss.F-2-87-AA.mcs.airgun                f287stk32
[09:35:51] [INFO ]   namss.F-2-87-AA.mcs.airgun                f287stk33
[09:35:51] [INFO ]   namss.F-2-87-AA.mcs.airgun                f287stk34
[09:35:51] [INFO ]   namss.F-2-87-AA.mcs.airgun                f287stk35
[09:35:51] [INFO ]   namss.F-2-87-AA.mcs.airgun                f287stk36
[09:35:51] [INFO ]   namss.F-2-87-AA.mcs.airgun                f287stk37
[09:35:51] [INFO ]   namss.F-2-87-AA.mcs.airgun                f287stk38
[09:35:51] [INFO ]   namss.F-2-87-AA.mcs.airgun                f287stk39
[09:35:51] [INFO ]   namss.F-2-87-AA.mcs.airgun                f287stk41
[09:35:51] [INFO ]   namss.F-2-87-AA.mcs.airgun                f287stk42
[09:35:51] [INFO ]   namss.F-2-87-AA.mcs.airgun                f287stk43
[09:35:51] [INFO ]   namss.F-2-87-AA.mcs.airgun                f287stk44
[09:35:51] [INFO ]   namss.F-2-87-AA.mcs.airgun                f287stk45
[09:35:51] [INFO ]   namss.F-2-87-AA.mcs.airgun                f287stk46
[09:35:51] [INFO ]   namss.F-2-87-AA.mcs.airgun                f287stk47
[09:35:51] [INFO ]   namss.F-2-87-AA.mcs.airgun                f287stk48
[09:35:51] [INFO ]   namss.F-2-87-AA.mcs.airgun                f287stk49
[09:35:51] [INFO ]   namss.F-2-87-AA.mcs.airgun                f287stk50
[09:35:51] [INFO ]   namss.F-2-87-AA.mcs.airgun                f287stk51
[09:35:51] [INFO ]   namss.F-2-87-AA.mcs.airgun                f287stk52
[09:35:51] [INFO ]   namss.F-2-87-AA.mcs.airgun                f287stk53
[09:35:51] [INFO ]   namss.F-2-87-AA.mcs.airgun                f287stk54
[09:35:51] [INFO ]   namss.F-2-87-AA.mcs.airgun                f287stk55
[09:35:51] [INFO ]   namss.F-2-87-AA.mcs.airgun                f287stk56
[09:35:51] [INFO ]   namss.F-2-87-AA.mcs.airgun                f287stk57
[09:35:51] [INFO ]   namss.F-2-87-AA.mcs.airgun                f287stk58
[09:35:51] [INFO ]   namss.F-2-87-AA.mcs.airgun                f287stk59
[09:35:51] [INFO ]   namss.F-2-87-AA.mcs.airgun                f287stk60
[09:35:51] [INFO ]   namss.F-2-87-AA.mcs.airgun                f287stks1
[09:35:51] [INFO ]   namss.F-2-87-AA.mcs.airgun                f287stks10
[09:35:51] [INFO ]   namss.F-2-87-AA.mcs.airgun                f287stks2
[09:35:51] [INFO ]   namss.F-2-87-AA.mcs.airgun                f287stks3
[09:35:51] [INFO ]   namss.F-2-87-AA.mcs.airgun                f287stks4
[09:35:51] [INFO ]   namss.F-2-87-AA.mcs.airgun                f287stks5
[09:35:51] [INFO ]   namss.F-2-87-AA.mcs.airgun                f287stks7
[09:35:51] [INFO ]   namss.F-2-87-AA.mcs.airgun                f287stks8
[09:35:51] [INFO ]   namss.F-2-87-AA.mcs.airgun                f287stks9
[09:35:51] [INFO ]   namss.F-3-87-AA.mcs.airgun                f387stk01
[09:35:51] [INFO ]   namss.F-3-87-AA.mcs.airgun                f387stk02
[09:35:51] [INFO ]   namss.F-3-87-AA.mcs.airgun                f387stk03
[09:35:51] [INFO ]   namss.F-3-87-AA.mcs.airgun                f387stk04
[09:35:51] [INFO ]   namss.F-3-87-AA.mcs.airgun                f387stk05
[09:35:51] [INFO ]   namss.F-3-87-AA.mcs.airgun                f387stk06
[09:35:51] [INFO ]   namss.F-3-87-AA.mcs.airgun                f387stk07
[09:35:51] [INFO ]   namss.F-3-87-AA.mcs.airgun                f387stk07_3150
[09:35:51] [INFO ]   namss.F-3-87-AA.mcs.airgun                f387stk08
[09:35:51] [INFO ]   namss.F-3-87-AA.mcs.airgun                f387stk09
[09:35:51] [INFO ]   namss.F-3-87-AA.mcs.airgun                f387stk10
[09:35:51] [INFO ]   namss.F-3-87-AA.mcs.airgun                f387stk11
[09:35:51] [INFO ]   namss.F-3-87-AA.mcs.airgun                f387stk12
[09:35:51] [INFO ]   namss.F-3-87-AA.mcs.airgun                f387stk13
[09:35:51] [INFO ]   namss.F-3-87-AA.mcs.airgun                f387stk14
[09:35:51] [INFO ]   namss.F-3-87-AA.mcs.airgun                f387stk15
[09:35:51] [INFO ]   namss.F-3-87-AA.mcs.airgun                f387stk16
[09:35:51] [INFO ]   namss.F-3-87-AA.mcs.airgun                f387stk17
[09:35:51] [INFO ]   namss.F-3-87-AA.mcs.airgun                f387stk18
[09:35:51] [INFO ]   namss.F-3-87-AA.mcs.airgun                f387stk19
[09:35:51] [INFO ]   namss.F-3-87-AA.mcs.airgun                f387stk20
[09:35:51] [INFO ]   namss.F-3-87-AA.mcs.airgun                f387stk21
[09:35:51] [INFO ]   namss.F-3-87-AA.mcs.airgun                f387stk22
[09:35:51] [INFO ]   namss.F-3-87-AA.mcs.airgun                f387stk23
[09:35:51] [INFO ]   namss.F-3-87-AA.mcs.airgun                f387stk24
[09:35:51] [INFO ]   namss.F-3-87-AA.mcs.airgun                f387stk25
[09:35:51] [INFO ]   namss.F-3-87-AA.mcs.airgun                f387stk26
[09:35:51] [INFO ]   namss.F-3-87-AA.mcs.airgun                f387stk27
[09:35:51] [INFO ]   namss.F-3-87-AA.mcs.airgun                f387stk28
[09:35:51] [INFO ]   namss.F-3-87-AA.mcs.airgun                f387stk29
[09:35:51] [INFO ]   namss.F-3-87-AA.mcs.airgun                f387stk30
[09:35:51] [INFO ]   namss.F-3-87-AA.mcs.airgun                f387stk31
[09:35:51] [INFO ]   namss.F-3-87-AA.mcs.airgun                f387stk32
[09:35:51] [INFO ]   namss.F-3-87-AA.mcs.airgun                f387stk33
[09:35:51] [INFO ]   namss.F-3-87-AA.mcs.airgun                f387stk34
[09:35:51] [INFO ]   namss.F-3-87-AA.mcs.airgun                f387stk35
[09:35:51] [INFO ]   namss.F-6-88-HW.mcs.airgun                f688stk01
[09:35:51] [INFO ]   namss.F-6-88-HW.mcs.airgun                f688stk02
[09:35:51] [INFO ]   namss.F-6-88-HW.mcs.airgun                f688stk02a
[09:35:51] [INFO ]   namss.F-6-88-HW.mcs.airgun                f688stk03
[09:35:51] [INFO ]   namss.F-6-88-HW.mcs.airgun                f688stk03a
[09:35:51] [INFO ]   namss.F-6-88-HW.mcs.airgun                f688stk04
[09:35:51] [INFO ]   namss.F-6-88-HW.mcs.airgun                f688stk04a
[09:35:51] [INFO ]   namss.F-6-88-HW.mcs.airgun                f688stk05
[09:35:51] [INFO ]   namss.F-6-88-HW.mcs.airgun                f688stk05a
[09:35:51] [INFO ]   namss.F-6-88-HW.mcs.airgun                f688stk06
[09:35:51] [INFO ]   namss.F-6-88-HW.mcs.airgun                f688stk06a
[09:35:51] [INFO ]   namss.F-6-88-HW.mcs.airgun                f688stk07
[09:35:51] [INFO ]   namss.F-6-88-HW.mcs.airgun                f688stk07a
[09:35:51] [INFO ]   namss.F-6-88-HW.mcs.airgun                f688stk08
[09:35:51] [INFO ]   namss.F-6-88-HW.mcs.airgun                f688stk09
[09:35:51] [INFO ]   namss.F-6-88-HW.mcs.airgun                f688stk09a
[09:35:51] [INFO ]   namss.F-6-88-HW.mcs.airgun                f688stk10
[09:35:51] [INFO ]   namss.F-6-88-HW.mcs.airgun                f688stk10a
[09:35:51] [INFO ]   namss.F-6-88-HW.mcs.airgun                f688stk11
[09:35:51] [INFO ]   namss.F-6-88-HW.mcs.airgun                f688stk11a
[09:35:51] [INFO ]   namss.F-6-88-HW.mcs.airgun                f688stk12
[09:35:51] [INFO ]   namss.F-6-88-HW.mcs.airgun                f688stk12a
[09:35:51] [INFO ]   namss.F-6-88-HW.mcs.airgun                f688stk13
[09:35:51] [INFO ]   namss.F-6-88-HW.mcs.airgun                f688stk14
[09:35:51] [INFO ]   namss.F-6-88-HW.mcs.airgun                f688stk14a
[09:35:51] [INFO ]   namss.F-6-88-HW.mcs.airgun                f688stk15
[09:35:51] [INFO ]   namss.F-6-88-HW.mcs.airgun                f688stk16
[09:35:51] [INFO ]   namss.F-6-88-HW.mcs.airgun                f688stk16a
[09:35:51] [INFO ]   namss.F-6-88-HW.mcs.airgun                f688stk17
[09:35:51] [INFO ]   namss.L-12-82-WG.mcs.airgun               201wg82stk
[09:35:51] [INFO ]   namss.L-12-82-WG.mcs.airgun               202wg82stk
[09:35:51] [INFO ]   namss.L-12-82-WG.mcs.airgun               203wg82stk
[09:35:51] [INFO ]   namss.L-12-82-WG.mcs.airgun               204wg82stk
[09:35:51] [INFO ]   namss.L-12-82-WG.mcs.airgun               205wg82stk
[09:35:51] [INFO ]   namss.L-12-82-WG.mcs.airgun               208wg82stk
[09:35:51] [INFO ]   namss.L-12-82-WG.mcs.airgun               209wg82stk
[09:35:51] [INFO ]   namss.L-12-82-WG.mcs.airgun               211wg82stk
[09:35:51] [INFO ]   namss.L-12-82-WG.mcs.airgun               212wg82stk
[09:35:51] [INFO ]   namss.L-12-82-WG.mcs.airgun               213wg82stk
[09:35:51] [INFO ]   namss.L-12-82-WG.mcs.airgun               215wg82stk
[09:35:51] [INFO ]   namss.L-12-82-WG.mcs.airgun               217wg82stk
[09:35:51] [INFO ]   namss.L-12-82-WG.mcs.airgun               219wg82stk
[09:35:51] [INFO ]   namss.L-12-82-WG.mcs.airgun               221wg82stk
[09:35:51] [INFO ]   namss.L-12-82-WG.mcs.airgun               222wg82stk
[09:35:51] [INFO ]   namss.L-12-82-WG.mcs.airgun               226wg82stk
[09:35:51] [INFO ]   namss.L-8-81-WG.mcs.airgun                100_1204
[09:35:51] [INFO ]   namss.L-8-81-WG.mcs.airgun                101_1205
[09:35:51] [INFO ]   namss.L-8-81-WG.mcs.airgun                102_1206
[09:35:51] [INFO ]   namss.L-8-81-WG.mcs.airgun                103_1207
[09:35:51] [INFO ]   namss.L-8-81-WG.mcs.airgun                104_1208
[09:35:51] [INFO ]   namss.L-8-81-WG.mcs.airgun                105_1209
[09:35:51] [INFO ]   namss.L-8-81-WG.mcs.airgun                106_1210
[09:35:51] [INFO ]   namss.L-8-81-WG.mcs.airgun                107_1211
[09:35:51] [INFO ]   namss.L-8-81-WG.mcs.airgun                108_1212
[09:35:51] [INFO ]   namss.L-8-81-WG.mcs.airgun                109_1213
[09:35:51] [INFO ]   namss.L-8-81-WG.mcs.airgun                110_1214
[09:35:51] [INFO ]   namss.L-8-81-WG.mcs.airgun                111_1215
[09:35:51] [INFO ]   namss.L-8-81-WG.mcs.airgun                112_1216
[09:35:51] [INFO ]   namss.L-8-81-WG.mcs.airgun                113_1217
[09:35:51] [INFO ]   namss.L-8-81-WG.mcs.airgun                114_1218
[09:35:51] [INFO ]   namss.L-8-81-WG.mcs.airgun                115_1219
[09:35:51] [INFO ]   namss.L-8-81-WG.mcs.airgun                116_1220
[09:35:51] [INFO ]   namss.L-8-81-WG.mcs.airgun                117_1221
[09:35:51] [INFO ]   namss.T-21-10-AT.mcs.airgun               T2010.100.mig.1500
[09:35:51] [INFO ]   namss.T-21-10-AT.mcs.airgun               T2010.101.mig.1500
[09:35:51] [INFO ]   namss.T-21-10-AT.mcs.airgun               T2010.102.mig.1500
[09:35:51] [INFO ]   namss.T-21-10-AT.mcs.airgun               T2010.103.mig.1500
[09:35:51] [INFO ]   namss.T-21-10-AT.mcs.airgun               T2010.104.mig.1500
[09:35:51] [INFO ]   namss.T-21-10-AT.mcs.airgun               T2010.105.mig.1500
[09:35:51] [INFO ]   namss.T-21-10-AT.mcs.airgun               T2010.106.mig.1500
[09:35:51] [INFO ]   namss.T-21-10-AT.mcs.airgun               T2010.107.mig.1500
[09:35:51] [INFO ]   namss.T-21-10-AT.mcs.airgun               T2010.108.mig.1500
[09:35:51] [INFO ]   namss.T-21-10-AT.mcs.airgun               T2010.109.mig.1500
[09:35:51] [INFO ]   namss.T-21-10-AT.mcs.airgun               T2010.110.mig.1500
[09:35:51] [INFO ]   namss.T-21-10-AT.mcs.airgun               T2010.1100.mig.1500
[09:35:51] [INFO ]   namss.T-21-10-AT.mcs.airgun               T2010.1101.mig.1500
[09:35:51] [INFO ]   namss.T-21-10-AT.mcs.airgun               T2010.1103.mig.1500
[09:35:51] [INFO ]   namss.T-21-10-AT.mcs.airgun               T2010.1104.mig.1500
[09:35:51] [INFO ]   namss.T-21-10-AT.mcs.airgun               T2010.111.mig.1500
[09:35:51] [INFO ]   namss.T-21-10-AT.mcs.airgun               T2010.112.mig.1500
[09:35:51] [INFO ]   namss.T-21-10-AT.mcs.airgun               T2010.2100.mig.1500
[09:35:51] [INFO ]   namss.T-21-10-AT.mcs.airgun               T2010.2102.mig.1500
[09:35:51] [INFO ]   namss.T-21-10-AT.mcs.airgun               T2010.3100.mig.1500
[09:35:51] [INFO ]   namss.T-21-10-AT.mcs.airgun               T2010.4100.mig.1500
[09:35:51] [INFO ]   namss.W-3-69-BS.mcs.airgun                85-026_15189
[09:35:51] [INFO ]   namss.W-3-69-BS.mcs.airgun                85-027_25715
[09:35:51] [INFO ]   namss.W-3-69-BS.mcs.airgun                G_17558
[09:35:51] [INFO ]   namss.W-3-69-BS.mcs.airgun                G_1_408
[09:35:51] [INFO ]   namss.W-3-69-BS.mcs.airgun                H_1_10416
[09:35:51] [INFO ]   namss.W-3-69-BS.mcs.airgun                H_2987
[09:35:51] [INFO ]   namss.W-3-69-BS.mcs.airgun                I_12552
[09:35:51] [INFO ]   namss.W-3-69-BS.mcs.airgun                J_11795
[09:35:51] [INFO ]   namss.W-3-69-BS.mcs.airgun                J_1_16452
[09:35:51] [INFO ]   namss.W-3-69-BS.mcs.airgun                K_16989
[09:35:51] [INFO ]   namss.W-3-69-BS.mcs.airgun                L_13905
[09:35:51] [INFO ]   namss.W-3-69-BS.mcs.airgun                O_1_45871
[09:35:51] [INFO ]   namss.W-3-69-BS.mcs.airgun                O_2_48619
[09:35:51] [INFO ]   namss.W-3-69-BS.mcs.airgun                O_48354
[09:35:51] [INFO ]   namss.W-3-69-BS.mcs.airgun                P_1_49149
[09:35:51] [INFO ]   namss.W-3-69-BS.mcs.airgun                P_43033
[09:35:51] [INFO ]   namss.W-3-69-BS.mcs.airgun                Q-EXT_45287
[09:35:51] [INFO ]   namss.W-3-69-BS.mcs.airgun                Q_39795
[09:35:51] [INFO ]   namss.W-3-69-BS.mcs.airgun                R-EXT_49224
[09:35:51] [INFO ]   namss.W-3-69-BS.mcs.airgun                R_1_43206
[09:35:51] [INFO ]   namss.W-3-69-BS.mcs.airgun                R_49017
[09:35:51] [INFO ]   namss.W-3-69-BS.mcs.airgun                S_44822
[09:35:51] [INFO ]   namss.W-3-69-BS.mcs.airgun                WA-024_1187
[09:35:51] [INFO ]   namss.W-3-69-BS.mcs.airgun                WA-025_15564
[09:35:51] [INFO ] 
[09:35:51] [INFO ] ──────────────────────────────────────────────────
[09:35:51] [INFO ]   LINE: f1088stk01
[09:35:51] [INFO ] ──────────────────────────────────────────────────
[09:35:51] [INFO ] Dataset  : namss.F-10-88-HW.mcs.airgun
[09:35:51] [INFO ] SGY      : ../../airgun_data/namss.F-10-88-HW.mcs.airgun/Data/f1088stk01.sgy
[09:35:51] [INFO ] NAV      : ../../airgun_data/namss.F-10-88-HW.mcs.airgun/Navigation/f-10-88-hw_NAV-WGS84.csv
[09:35:51] [INFO ] SA mode  : single (seed=42)
[09:35:51] [INFO ] 
[09:35:51] [INFO ] STEP 1 — Feature extraction
[09:35:51] [INFO ]   Loading navigation...
[09:35:51] [INFO ]   Loading SEG-Y...
[09:35:51] [INFO ]   Traces: 10893  Samples: 3000  dt: 4.000 ms
[09:35:51] [INFO ]   Depth:  0.0 m → 8997.0 m
[09:35:51] [INFO ]   Matching traces to navigation...
[09:35:51] [INFO ]   NAV line matched via translation: 'f1088stk01' -> '1'
[09:35:52] [INFO ]   Matched 10893 / 10893 traces
[09:35:52] [INFO ]   Bandpass filtering...
[09:35:53] [INFO ]   Computing seismic attributes...
[09:35:54] [INFO ]   Picking seafloor...
[09:35:55] [INFO ]   Seafloor depth: 0–5229 m  (112 shallow traces masked)
[09:35:55] [INFO ]   Picking horizons...
[09:35:56] [INFO ]   Computing NCC coherence (slow)...
[09:35:57] [INFO ]   Saving CNN section image...
[09:35:59] [INFO ]   Saved: f1088stk01_section_cnn.png  (2700x1500px)
[09:35:59] [INFO ]   Step 1 complete
[09:35:59] [INFO ] 
[09:35:59] [INFO ] STEP 2 — Fault detection
[09:35:59] [INFO ]   Mode: single SA run (seed=42)
[09:36:12] [INFO ]   Detected 0 high-confidence faults
[09:36:12] [INFO ]   Step 2 complete
[09:36:12] [INFO ] 
[09:36:12] [INFO ] STEP 3 — Bounding boxes
[09:36:12] [INFO ]   Generated 0 boxes
[09:36:12] [INFO ]   Step 3 complete
[09:36:12] [INFO ] 
[09:36:12] [INFO ] STEP 4 — Dataset building
[09:36:12] [INFO ]   Saving labeled review image...
[09:36:13] [INFO ]   Saved: f1088stk01_labeled.png
[09:36:13] [INFO ]   Split: val
[09:36:13] [INFO ]   Added 0 annotations to val.json
[09:36:13] [INFO ]   train.json: 0 images, 0 annotations
[09:36:13] [INFO ]   val.json:   1 images,  0 annotations
[09:36:13] [INFO ]   Step 4 complete
[09:36:13] [INFO ] 
[09:36:13] [INFO ]   DONE  f1088stk01  →  val  |  0 faults  |  0 boxes
[09:36:13] [INFO ] 
[09:36:13] [INFO ] ──────────────────────────────────────────────────
[09:36:13] [INFO ]   LINE: f1088stk02
[09:36:13] [INFO ] ──────────────────────────────────────────────────
[09:36:13] [INFO ] Dataset  : namss.F-10-88-HW.mcs.airgun
[09:36:13] [INFO ] SGY      : ../../airgun_data/namss.F-10-88-HW.mcs.airgun/Data/f1088stk02.sgy
[09:36:13] [INFO ] NAV      : ../../airgun_data/namss.F-10-88-HW.mcs.airgun/Navigation/f-10-88-hw_NAV-WGS84.csv
[09:36:13] [INFO ] SA mode  : single (seed=42)
[09:36:13] [INFO ] 
[09:36:13] [INFO ] STEP 1 — Feature extraction
[09:36:13] [INFO ]   Loading navigation...
[09:36:13] [INFO ]   Loading SEG-Y...
[09:36:13] [INFO ]   Traces: 678  Samples: 2750  dt: 4.000 ms
[09:36:13] [INFO ]   Depth:  0.0 m → 8247.0 m
[09:36:13] [INFO ]   Matching traces to navigation...
[09:36:13] [INFO ]   NAV line matched via translation: 'f1088stk02' -> '2'
[09:36:13] [INFO ]   Matched 678 / 678 traces
[09:36:13] [INFO ]   Bandpass filtering...
[09:36:13] [INFO ]   Computing seismic attributes...
[09:36:13] [INFO ]   Picking seafloor...
[09:36:13] [INFO ]   Seafloor depth: 4509–4674 m  (0 shallow traces masked)
[09:36:13] [INFO ]   Picking horizons...
[09:36:13] [INFO ]   Computing NCC coherence (slow)...
[09:36:13] [INFO ]   Saving CNN section image...
[09:36:13] [INFO ]   Saved: f1088stk02_section_cnn.png  (2700x1500px)
[09:36:13] [INFO ]   Step 1 complete
[09:36:13] [INFO ] 
[09:36:13] [INFO ] STEP 2 — Fault detection
[09:36:13] [INFO ]   Mode: single SA run (seed=42)
[09:36:14] [INFO ]   Detected 0 high-confidence faults
[09:36:14] [INFO ]   Step 2 complete
[09:36:14] [INFO ] 
[09:36:14] [INFO ] STEP 3 — Bounding boxes
[09:36:14] [INFO ]   Generated 0 boxes
[09:36:14] [INFO ]   Step 3 complete
[09:36:14] [INFO ] 
[09:36:14] [INFO ] STEP 4 — Dataset building
[09:36:14] [INFO ]   Saving labeled review image...
[09:36:15] [INFO ]   Saved: f1088stk02_labeled.png
[09:36:15] [INFO ]   Split: train
[09:36:15] [INFO ]   Added 0 annotations to train.json
[09:36:15] [INFO ]   train.json: 1 images, 0 annotations
[09:36:15] [INFO ]   val.json:   1 images,  0 annotations
[09:36:15] [INFO ]   Step 4 complete
[09:36:15] [INFO ] 
[09:36:15] [INFO ]   DONE  f1088stk02  →  train  |  0 faults  |  0 boxes
[09:36:15] [INFO ] 
[09:36:15] [INFO ] ──────────────────────────────────────────────────
[09:36:15] [INFO ]   LINE: f1088stk03
[09:36:15] [INFO ] ──────────────────────────────────────────────────
[09:36:15] [INFO ] Dataset  : namss.F-10-88-HW.mcs.airgun
[09:36:15] [INFO ] SGY      : ../../airgun_data/namss.F-10-88-HW.mcs.airgun/Data/f1088stk03.sgy
[09:36:15] [INFO ] NAV      : ../../airgun_data/namss.F-10-88-HW.mcs.airgun/Navigation/f-10-88-hw_NAV-WGS84.csv
[09:36:15] [INFO ] SA mode  : single (seed=42)
[09:36:15] [INFO ] 
[09:36:15] [INFO ] STEP 1 — Feature extraction
[09:36:15] [INFO ]   Loading navigation...
[09:36:15] [INFO ]   Loading SEG-Y...
[09:36:15] [INFO ]   Traces: 4688  Samples: 2750  dt: 4.000 ms
[09:36:15] [INFO ]   Depth:  0.0 m → 8247.0 m
[09:36:15] [INFO ]   Matching traces to navigation...
[09:36:15] [INFO ]   NAV line matched via translation: 'f1088stk03' -> '3'
[09:36:15] [INFO ]   Matched 4688 / 4688 traces
[09:36:15] [INFO ]   Bandpass filtering...
[09:36:15] [INFO ]   Computing seismic attributes...
[09:36:16] [INFO ]   Picking seafloor...
[09:36:16] [INFO ]   Seafloor depth: 0–5025 m  (62 shallow traces masked)
[09:36:16] [INFO ]   Picking horizons...
[09:36:16] [INFO ]   Computing NCC coherence (slow)...
[09:36:17] [INFO ]   Saving CNN section image...
[09:36:18] [INFO ]   Saved: f1088stk03_section_cnn.png  (2700x1500px)
[09:36:18] [INFO ]   Step 1 complete
[09:36:18] [INFO ] 
[09:36:18] [INFO ] STEP 2 — Fault detection
[09:36:18] [INFO ]   Mode: single SA run (seed=42)
[09:36:23] [INFO ]   Detected 0 high-confidence faults
[09:36:23] [INFO ]   Step 2 complete
[09:36:23] [INFO ] 
[09:36:23] [INFO ] STEP 3 — Bounding boxes
[09:36:23] [INFO ]   Generated 0 boxes
[09:36:23] [INFO ]   Step 3 complete
[09:36:23] [INFO ] 
[09:36:23] [INFO ] STEP 4 — Dataset building
[09:36:23] [INFO ]   Saving labeled review image...
[09:36:23] [INFO ]   Saved: f1088stk03_labeled.png
[09:36:23] [INFO ]   Split: train
[09:36:23] [INFO ]   Added 0 annotations to train.json
[09:36:23] [INFO ]   train.json: 2 images, 0 annotations
[09:36:23] [INFO ]   val.json:   1 images,  0 annotations
[09:36:23] [INFO ]   Step 4 complete
[09:36:23] [INFO ] 
[09:36:23] [INFO ]   DONE  f1088stk03  →  train  |  0 faults  |  0 boxes
[09:36:23] [INFO ] 
[09:36:23] [INFO ] ──────────────────────────────────────────────────
[09:36:23] [INFO ]   LINE: f1088stk04
[09:36:23] [INFO ] ──────────────────────────────────────────────────
[09:36:23] [INFO ] Dataset  : namss.F-10-88-HW.mcs.airgun
[09:36:23] [INFO ] SGY      : ../../airgun_data/namss.F-10-88-HW.mcs.airgun/Data/f1088stk04.sgy
[09:36:23] [INFO ] NAV      : ../../airgun_data/namss.F-10-88-HW.mcs.airgun/Navigation/f-10-88-hw_NAV-WGS84.csv
[09:36:23] [INFO ] SA mode  : single (seed=42)
[09:36:23] [INFO ] 
[09:36:23] [INFO ] STEP 1 — Feature extraction
[09:36:23] [INFO ]   Loading navigation...
[09:36:23] [INFO ]   Loading SEG-Y...
[09:36:23] [INFO ]   Traces: 572  Samples: 2750  dt: 4.000 ms
[09:36:23] [INFO ]   Depth:  0.0 m → 8247.0 m
[09:36:23] [INFO ]   Matching traces to navigation...
[09:36:23] [INFO ]   NAV line matched via translation: 'f1088stk04' -> '4'
[09:36:23] [INFO ]   Matched 572 / 572 traces
[09:36:23] [INFO ]   Bandpass filtering...
[09:36:23] [INFO ]   Computing seismic attributes...
[09:36:23] [INFO ]   Picking seafloor...
[09:36:23] [INFO ]   Seafloor depth: 4854–5061 m  (0 shallow traces masked)
[09:36:23] [INFO ]   Picking horizons...
[09:36:23] [INFO ]   Computing NCC coherence (slow)...
[09:36:23] [INFO ]   Saving CNN section image...
[09:36:24] [INFO ]   Saved: f1088stk04_section_cnn.png  (2700x1500px)
[09:36:24] [INFO ]   Step 1 complete
[09:36:24] [INFO ] 
[09:36:24] [INFO ] STEP 2 — Fault detection
[09:36:24] [INFO ]   Mode: single SA run (seed=42)
[09:36:24] [INFO ]   Detected 0 high-confidence faults
[09:36:24] [INFO ]   Step 2 complete
[09:36:24] [INFO ] 
[09:36:24] [INFO ] STEP 3 — Bounding boxes
[09:36:24] [INFO ]   Generated 0 boxes
[09:36:24] [INFO ]   Step 3 complete
[09:36:24] [INFO ] 
[09:36:24] [INFO ] STEP 4 — Dataset building
[09:36:24] [INFO ]   Saving labeled review image...
[09:36:24] [INFO ]   Saved: f1088stk04_labeled.png
[09:36:24] [INFO ]   Split: train
[09:36:24] [INFO ]   Added 0 annotations to train.json
[09:36:24] [INFO ]   train.json: 3 images, 0 annotations
[09:36:24] [INFO ]   val.json:   1 images,  0 annotations
[09:36:24] [INFO ]   Step 4 complete
[09:36:24] [INFO ] 
[09:36:24] [INFO ]   DONE  f1088stk04  →  train  |  0 faults  |  0 boxes
[09:36:24] [INFO ] 
[09:36:24] [INFO ] ──────────────────────────────────────────────────
[09:36:24] [INFO ]   LINE: f1088stk05
[09:36:24] [INFO ] ──────────────────────────────────────────────────
[09:36:24] [INFO ] Dataset  : namss.F-10-88-HW.mcs.airgun
[09:36:24] [INFO ] SGY      : ../../airgun_data/namss.F-10-88-HW.mcs.airgun/Data/f1088stk05.sgy
[09:36:24] [INFO ] NAV      : ../../airgun_data/namss.F-10-88-HW.mcs.airgun/Navigation/f-10-88-hw_NAV-WGS84.csv
[09:36:24] [INFO ] SA mode  : single (seed=42)
[09:36:24] [INFO ] 
[09:36:24] [INFO ] STEP 1 — Feature extraction
[09:36:24] [INFO ]   Loading navigation...
[09:36:25] [INFO ]   Loading SEG-Y...
[09:36:25] [INFO ]   Traces: 4317  Samples: 2750  dt: 4.000 ms
[09:36:25] [INFO ]   Depth:  0.0 m → 8247.0 m
[09:36:25] [INFO ]   Matching traces to navigation...
[09:36:25] [INFO ]   NAV line matched via translation: 'f1088stk05' -> '5'
[09:36:25] [INFO ]   Matched 4317 / 4317 traces
[09:36:25] [INFO ]   Bandpass filtering...
[09:36:25] [INFO ]   Computing seismic attributes...
[09:36:26] [INFO ]   Picking seafloor...
[09:36:26] [INFO ]   Seafloor depth: 0–5139 m  (120 shallow traces masked)
[09:36:26] [INFO ]   Picking horizons...
[09:36:26] [INFO ]   Computing NCC coherence (slow)...
[09:36:27] [INFO ]   Saving CNN section image...
[09:36:27] [INFO ]   Saved: f1088stk05_section_cnn.png  (2700x1500px)
[09:36:27] [INFO ]   Step 1 complete
[09:36:27] [INFO ] 
[09:36:27] [INFO ] STEP 2 — Fault detection
[09:36:27] [INFO ]   Mode: single SA run (seed=42)
[09:36:33] [INFO ]   Detected 0 high-confidence faults
[09:36:33] [INFO ]   Step 2 complete
[09:36:33] [INFO ] 
[09:36:33] [INFO ] STEP 3 — Bounding boxes
[09:36:33] [INFO ]   Generated 0 boxes
[09:36:33] [INFO ]   Step 3 complete
[09:36:33] [INFO ] 
[09:36:33] [INFO ] STEP 4 — Dataset building
[09:36:33] [INFO ]   Saving labeled review image...
[09:36:33] [INFO ]   Saved: f1088stk05_labeled.png
[09:36:33] [INFO ]   Split: train
[09:36:33] [INFO ]   Added 0 annotations to train.json
[09:36:33] [INFO ]   train.json: 4 images, 0 annotations
[09:36:33] [INFO ]   val.json:   1 images,  0 annotations
[09:36:33] [INFO ]   Step 4 complete
[09:36:33] [INFO ] 
[09:36:33] [INFO ]   DONE  f1088stk05  →  train  |  0 faults  |  0 boxes
[09:36:33] [INFO ] 
[09:36:33] [INFO ] ──────────────────────────────────────────────────
[09:36:33] [INFO ]   LINE: f1088stk06
[09:36:33] [INFO ] ──────────────────────────────────────────────────
[09:36:33] [INFO ] Dataset  : namss.F-10-88-HW.mcs.airgun
[09:36:33] [INFO ] SGY      : ../../airgun_data/namss.F-10-88-HW.mcs.airgun/Data/f1088stk06.sgy
[09:36:33] [INFO ] NAV      : ../../airgun_data/namss.F-10-88-HW.mcs.airgun/Navigation/f-10-88-hw_NAV-WGS84.csv
[09:36:33] [INFO ] SA mode  : single (seed=42)
[09:36:33] [INFO ] 
[09:36:33] [INFO ] STEP 1 — Feature extraction
[09:36:33] [INFO ]   Loading navigation...
[09:36:33] [INFO ]   Loading SEG-Y...
[09:36:33] [INFO ]   Traces: 2473  Samples: 2750  dt: 4.000 ms
[09:36:33] [INFO ]   Depth:  0.0 m → 8247.0 m
[09:36:33] [INFO ]   Matching traces to navigation...
[09:36:33] [INFO ]   NAV line matched via translation: 'f1088stk06' -> '6'
[09:36:33] [INFO ]   Matched 2473 / 2473 traces
[09:36:33] [INFO ]   Bandpass filtering...
[09:36:33] [INFO ]   Computing seismic attributes...
[09:36:34] [INFO ]   Picking seafloor...
[09:36:34] [INFO ]   Seafloor depth: 0–4830 m  (874 shallow traces masked)
[09:36:34] [INFO ]   Picking horizons...
[09:36:34] [INFO ]   Computing NCC coherence (slow)...
[09:36:34] [INFO ]   Saving CNN section image...
[09:36:34] [INFO ]   Saved: f1088stk06_section_cnn.png  (2700x1500px)
[09:36:34] [INFO ]   Step 1 complete
[09:36:34] [INFO ] 
[09:36:34] [INFO ] STEP 2 — Fault detection
[09:36:34] [INFO ]   Mode: single SA run (seed=42)
[09:36:37] [INFO ]   Detected 0 high-confidence faults
[09:36:37] [INFO ]   Step 2 complete
[09:36:37] [INFO ] 
[09:36:37] [INFO ] STEP 3 — Bounding boxes
[09:36:37] [INFO ]   Generated 0 boxes
[09:36:37] [INFO ]   Step 3 complete
[09:36:37] [INFO ] 
[09:36:37] [INFO ] STEP 4 — Dataset building
[09:36:37] [INFO ]   Saving labeled review image...
[09:36:37] [INFO ]   Saved: f1088stk06_labeled.png
[09:36:37] [INFO ]   Split: val
[09:36:37] [INFO ]   Added 0 annotations to val.json
[09:36:37] [INFO ]   train.json: 4 images, 0 annotations
[09:36:37] [INFO ]   val.json:   2 images,  0 annotations
[09:36:37] [INFO ]   Step 4 complete
[09:36:37] [INFO ] 
[09:36:37] [INFO ]   DONE  f1088stk06  →  val  |  0 faults  |  0 boxes
[09:36:37] [INFO ] 
[09:36:37] [INFO ] ──────────────────────────────────────────────────
[09:36:37] [INFO ]   LINE: f1088stk07
[09:36:37] [INFO ] ──────────────────────────────────────────────────
[09:36:37] [INFO ] Dataset  : namss.F-10-88-HW.mcs.airgun
[09:36:37] [INFO ] SGY      : ../../airgun_data/namss.F-10-88-HW.mcs.airgun/Data/f1088stk07.sgy
[09:36:37] [INFO ] NAV      : ../../airgun_data/namss.F-10-88-HW.mcs.airgun/Navigation/f-10-88-hw_NAV-WGS84.csv
[09:36:37] [INFO ] SA mode  : single (seed=42)
[09:36:37] [INFO ] 
[09:36:37] [INFO ] STEP 1 — Feature extraction
[09:36:37] [INFO ]   Loading navigation...
[09:36:37] [INFO ]   Loading SEG-Y...
[09:36:37] [INFO ]   Traces: 12754  Samples: 2750  dt: 4.000 ms
[09:36:37] [INFO ]   Depth:  0.0 m → 8247.0 m
[09:36:37] [INFO ]   Matching traces to navigation...
[09:36:37] [INFO ]   NAV line matched via translation: 'f1088stk07' -> '7'
[09:36:38] [INFO ]   Matched 12754 / 12754 traces
[09:36:38] [INFO ]   Bandpass filtering...
[09:36:39] [INFO ]   Computing seismic attributes...
[09:36:40] [INFO ]   Picking seafloor...
[09:36:41] [INFO ]   Seafloor depth: 3414–5475 m  (0 shallow traces masked)
[09:36:41] [INFO ]   Picking horizons...
[09:36:42] [INFO ]   Computing NCC coherence (slow)...
[09:36:43] [INFO ]   Saving CNN section image...
[09:36:46] [INFO ]   Saved: f1088stk07_section_cnn.png  (2700x1500px)
[09:36:46] [INFO ]   Step 1 complete
[09:36:46] [INFO ] 
[09:36:46] [INFO ] STEP 2 — Fault detection
[09:36:46] [INFO ]   Mode: single SA run (seed=42)
[09:37:01] [INFO ]   Detected 0 high-confidence faults
[09:37:01] [INFO ]   Step 2 complete
[09:37:01] [INFO ] 
[09:37:01] [INFO ] STEP 3 — Bounding boxes
[09:37:01] [INFO ]   Generated 0 boxes
[09:37:01] [INFO ]   Step 3 complete
[09:37:01] [INFO ] 
[09:37:01] [INFO ] STEP 4 — Dataset building
[09:37:01] [INFO ]   Saving labeled review image...
[09:37:02] [INFO ]   Saved: f1088stk07_labeled.png
[09:37:02] [INFO ]   Split: train
[09:37:02] [INFO ]   Added 0 annotations to train.json
[09:37:02] [INFO ]   train.json: 5 images, 0 annotations
[09:37:02] [INFO ]   val.json:   2 images,  0 annotations
[09:37:02] [INFO ]   Step 4 complete
[09:37:02] [INFO ] 
[09:37:02] [INFO ]   DONE  f1088stk07  →  train  |  0 faults  |  0 boxes
[09:37:02] [INFO ] 
[09:37:02] [INFO ] ──────────────────────────────────────────────────
[09:37:02] [INFO ]   LINE: f1088stk08
[09:37:02] [INFO ] ──────────────────────────────────────────────────
[09:37:02] [INFO ] Dataset  : namss.F-10-88-HW.mcs.airgun
[09:37:02] [INFO ] SGY      : ../../airgun_data/namss.F-10-88-HW.mcs.airgun/Data/f1088stk08.sgy
[09:37:02] [INFO ] NAV      : ../../airgun_data/namss.F-10-88-HW.mcs.airgun/Navigation/f-10-88-hw_NAV-WGS84.csv
[09:37:02] [INFO ] SA mode  : single (seed=42)
[09:37:02] [INFO ] 
[09:37:02] [INFO ] STEP 1 — Feature extraction
[09:37:02] [INFO ]   Loading navigation...
[09:37:02] [INFO ]   Loading SEG-Y...
[09:37:02] [INFO ]   Traces: 892  Samples: 2750  dt: 4.000 ms
[09:37:02] [INFO ]   Depth:  0.0 m → 8247.0 m
[09:37:02] [INFO ]   Matching traces to navigation...
[09:37:02] [INFO ]   NAV line matched via translation: 'f1088stk08' -> '8'
[09:37:02] [INFO ]   Matched 892 / 892 traces
[09:37:02] [INFO ]   Bandpass filtering...
[09:37:02] [INFO ]   Computing seismic attributes...
[09:37:02] [INFO ]   Picking seafloor...
[09:37:02] [INFO ]   Seafloor depth: 3534–5127 m  (0 shallow traces masked)
[09:37:02] [INFO ]   Picking horizons...
[09:37:02] [INFO ]   Computing NCC coherence (slow)...
[09:37:02] [INFO ]   Saving CNN section image...
[09:37:03] [INFO ]   Saved: f1088stk08_section_cnn.png  (2700x1500px)
[09:37:03] [INFO ]   Step 1 complete
[09:37:03] [INFO ] 
[09:37:03] [INFO ] STEP 2 — Fault detection
[09:37:03] [INFO ]   Mode: single SA run (seed=42)
[09:37:04] [INFO ]   Detected 0 high-confidence faults
[09:37:04] [INFO ]   Step 2 complete
[09:37:04] [INFO ] 
[09:37:04] [INFO ] STEP 3 — Bounding boxes
[09:37:04] [INFO ]   Generated 0 boxes
[09:37:04] [INFO ]   Step 3 complete
[09:37:04] [INFO ] 
[09:37:04] [INFO ] STEP 4 — Dataset building
[09:37:04] [INFO ]   Saving labeled review image...
[09:37:04] [INFO ]   Saved: f1088stk08_labeled.png
[09:37:04] [INFO ]   Split: train
[09:37:04] [INFO ]   Added 0 annotations to train.json
[09:37:04] [INFO ]   train.json: 6 images, 0 annotations
[09:37:04] [INFO ]   val.json:   2 images,  0 annotations
[09:37:04] [INFO ]   Step 4 complete
[09:37:04] [INFO ] 
[09:37:04] [INFO ]   DONE  f1088stk08  →  train  |  0 faults  |  0 boxes
[09:37:04] [INFO ] 
[09:37:04] [INFO ] ──────────────────────────────────────────────────
[09:37:04] [INFO ]   LINE: f1088stk09
[09:37:04] [INFO ] ──────────────────────────────────────────────────
[09:37:04] [INFO ] Dataset  : namss.F-10-88-HW.mcs.airgun
[09:37:04] [INFO ] SGY      : ../../airgun_data/namss.F-10-88-HW.mcs.airgun/Data/f1088stk09.sgy
[09:37:04] [INFO ] NAV      : ../../airgun_data/namss.F-10-88-HW.mcs.airgun/Navigation/f-10-88-hw_NAV-WGS84.csv
[09:37:04] [INFO ] SA mode  : single (seed=42)
[09:37:04] [INFO ] 
[09:37:04] [INFO ] STEP 1 — Feature extraction
[09:37:04] [INFO ]   Loading navigation...
[09:37:04] [INFO ]   Loading SEG-Y...
[09:37:04] [INFO ]   Traces: 13225  Samples: 2750  dt: 4.000 ms
[09:37:04] [INFO ]   Depth:  0.0 m → 8247.0 m
[09:37:04] [INFO ]   Matching traces to navigation...
[09:37:04] [INFO ]   NAV line matched via translation: 'f1088stk09' -> '9'
[09:37:06] [INFO ]   Matched 13225 / 13225 traces
[09:37:06] [INFO ]   Bandpass filtering...
[09:37:06] [INFO ]   Computing seismic attributes...
[09:37:08] [INFO ]   Picking seafloor...
[09:37:09] [INFO ]   Seafloor depth: 3246–5439 m  (0 shallow traces masked)
[09:37:09] [INFO ]   Picking horizons...
[09:37:09] [INFO ]   Computing NCC coherence (slow)...
[09:37:11] [INFO ]   Saving CNN section image...
[09:37:13] [INFO ]   Saved: f1088stk09_section_cnn.png  (2700x1500px)
[09:37:13] [INFO ]   Step 1 complete
[09:37:13] [INFO ] 
[09:37:13] [INFO ] STEP 2 — Fault detection
[09:37:13] [INFO ]   Mode: single SA run (seed=42)
[09:37:30] [INFO ]   Detected 0 high-confidence faults
[09:37:30] [INFO ]   Step 2 complete
[09:37:30] [INFO ] 
[09:37:30] [INFO ] STEP 3 — Bounding boxes
[09:37:30] [INFO ]   Generated 0 boxes
[09:37:30] [INFO ]   Step 3 complete
[09:37:30] [INFO ] 
[09:37:30] [INFO ] STEP 4 — Dataset building
[09:37:30] [INFO ]   Saving labeled review image...
[09:37:30] [INFO ]   Saved: f1088stk09_labeled.png
[09:37:30] [INFO ]   Split: train
[09:37:30] [INFO ]   Added 0 annotations to train.json
[09:37:30] [INFO ]   train.json: 7 images, 0 annotations
[09:37:30] [INFO ]   val.json:   2 images,  0 annotations
[09:37:30] [INFO ]   Step 4 complete
[09:37:30] [INFO ] 
[09:37:30] [INFO ]   DONE  f1088stk09  →  train  |  0 faults  |  0 boxes
[09:37:30] [INFO ] 
[09:37:30] [INFO ] ──────────────────────────────────────────────────
[09:37:30] [INFO ]   LINE: f1088stk10
[09:37:30] [INFO ] ──────────────────────────────────────────────────
[09:37:30] [INFO ] Dataset  : namss.F-10-88-HW.mcs.airgun
[09:37:30] [INFO ] SGY      : ../../airgun_data/namss.F-10-88-HW.mcs.airgun/Data/f1088stk10.sgy
[09:37:30] [INFO ] NAV      : ../../airgun_data/namss.F-10-88-HW.mcs.airgun/Navigation/f-10-88-hw_NAV-WGS84.csv
[09:37:30] [INFO ] SA mode  : single (seed=42)
[09:37:30] [INFO ] 
[09:37:30] [INFO ] STEP 1 — Feature extraction
[09:37:30] [INFO ]   Loading navigation...
[09:37:30] [INFO ]   Loading SEG-Y...
[09:37:30] [INFO ]   Traces: 392  Samples: 2750  dt: 4.000 ms
[09:37:30] [INFO ]   Depth:  0.0 m → 8247.0 m
[09:37:30] [INFO ]   Matching traces to navigation...
[09:37:30] [INFO ]   NAV line matched via translation: 'f1088stk10' -> '10'
[09:37:30] [INFO ]   Matched 392 / 392 traces
[09:37:30] [INFO ]   Bandpass filtering...
[09:37:30] [INFO ]   Computing seismic attributes...
[09:37:30] [INFO ]   Picking seafloor...
[09:37:30] [INFO ]   Seafloor depth: 4014–4698 m  (0 shallow traces masked)
[09:37:30] [INFO ]   Picking horizons...
[09:37:30] [INFO ]   Computing NCC coherence (slow)...
[09:37:30] [INFO ]   Saving CNN section image...
[09:37:30] [INFO ]   Saved: f1088stk10_section_cnn.png  (2700x1500px)
[09:37:30] [INFO ]   Step 1 complete
[09:37:30] [INFO ] 
[09:37:30] [INFO ] STEP 2 — Fault detection
[09:37:30] [INFO ]   Mode: single SA run (seed=42)
[09:37:31] [INFO ]   Detected 0 high-confidence faults
[09:37:31] [INFO ]   Step 2 complete
[09:37:31] [INFO ] 
[09:37:31] [INFO ] STEP 3 — Bounding boxes
[09:37:31] [INFO ]   Generated 0 boxes
[09:37:31] [INFO ]   Step 3 complete
[09:37:31] [INFO ] 
[09:37:31] [INFO ] STEP 4 — Dataset building
[09:37:31] [INFO ]   Saving labeled review image...
[09:37:31] [INFO ]   Saved: f1088stk10_labeled.png
[09:37:31] [INFO ]   Split: train
[09:37:31] [INFO ]   Added 0 annotations to train.json
[09:37:31] [INFO ]   train.json: 8 images, 0 annotations
[09:37:31] [INFO ]   val.json:   2 images,  0 annotations
[09:37:31] [INFO ]   Step 4 complete
[09:37:31] [INFO ] 
[09:37:31] [INFO ]   DONE  f1088stk10  →  train  |  0 faults  |  0 boxes
[09:37:31] [INFO ] 
[09:37:31] [INFO ] ──────────────────────────────────────────────────
[09:37:31] [INFO ]   LINE: f1088stk11
[09:37:31] [INFO ] ──────────────────────────────────────────────────
[09:37:31] [INFO ] Dataset  : namss.F-10-88-HW.mcs.airgun
[09:37:31] [INFO ] SGY      : ../../airgun_data/namss.F-10-88-HW.mcs.airgun/Data/f1088stk11.sgy
[09:37:31] [INFO ] NAV      : ../../airgun_data/namss.F-10-88-HW.mcs.airgun/Navigation/f-10-88-hw_NAV-WGS84.csv
[09:37:31] [INFO ] SA mode  : single (seed=42)
[09:37:31] [INFO ] 
[09:37:31] [INFO ] STEP 1 — Feature extraction
[09:37:31] [INFO ]   Loading navigation...
[09:37:31] [INFO ]   Loading SEG-Y...
[09:37:31] [INFO ]   Traces: 13529  Samples: 2750  dt: 4.000 ms
[09:37:31] [INFO ]   Depth:  0.0 m → 8247.0 m
[09:37:31] [INFO ]   Matching traces to navigation...
[09:37:31] [INFO ]   NAV line matched via translation: 'f1088stk11' -> '11'
[09:37:33] [INFO ]   Matched 13529 / 13529 traces
[09:37:33] [INFO ]   Bandpass filtering...
[09:37:33] [INFO ]   Computing seismic attributes...
[09:37:35] [INFO ]   Picking seafloor...
[09:37:36] [INFO ]   Seafloor depth: 3417–5313 m  (0 shallow traces masked)
[09:37:36] [INFO ]   Picking horizons...
[09:37:37] [INFO ]   Computing NCC coherence (slow)...
[09:37:38] [INFO ]   Saving CNN section image...
[09:37:41] [INFO ]   Saved: f1088stk11_section_cnn.png  (2700x1500px)
[09:37:41] [INFO ]   Step 1 complete
[09:37:41] [INFO ] 
[09:37:41] [INFO ] STEP 2 — Fault detection
[09:37:41] [INFO ]   Mode: single SA run (seed=42)
[09:37:59] [INFO ]   Detected 0 high-confidence faults
[09:37:59] [INFO ]   Step 2 complete
[09:37:59] [INFO ] 
[09:37:59] [INFO ] STEP 3 — Bounding boxes
[09:37:59] [INFO ]   Generated 0 boxes
[09:37:59] [INFO ]   Step 3 complete
[09:37:59] [INFO ] 
[09:37:59] [INFO ] STEP 4 — Dataset building
[09:37:59] [INFO ]   Saving labeled review image...
[09:37:59] [INFO ]   Saved: f1088stk11_labeled.png
[09:37:59] [INFO ]   Split: val
[09:37:59] [INFO ]   Added 0 annotations to val.json
[09:37:59] [INFO ]   train.json: 8 images, 0 annotations
[09:37:59] [INFO ]   val.json:   3 images,  0 annotations
[09:37:59] [INFO ]   Step 4 complete
[09:37:59] [INFO ] 
[09:37:59] [INFO ]   DONE  f1088stk11  →  val  |  0 faults  |  0 boxes
[09:37:59] [INFO ] 
[09:37:59] [INFO ] ──────────────────────────────────────────────────
[09:37:59] [INFO ]   LINE: f1088stk12
[09:37:59] [INFO ] ──────────────────────────────────────────────────
[09:37:59] [INFO ] Dataset  : namss.F-10-88-HW.mcs.airgun
[09:37:59] [INFO ] SGY      : ../../airgun_data/namss.F-10-88-HW.mcs.airgun/Data/f1088stk12.sgy
[09:37:59] [INFO ] NAV      : ../../airgun_data/namss.F-10-88-HW.mcs.airgun/Navigation/f-10-88-hw_NAV-WGS84.csv
[09:37:59] [INFO ] SA mode  : single (seed=42)
[09:37:59] [INFO ] 
[09:37:59] [INFO ] STEP 1 — Feature extraction
[09:37:59] [INFO ]   Loading navigation...
[09:37:59] [INFO ]   Loading SEG-Y...
[09:38:00] [INFO ]   Traces: 13248  Samples: 2750  dt: 4.000 ms
[09:38:00] [INFO ]   Depth:  0.0 m → 8247.0 m
[09:38:00] [INFO ]   Matching traces to navigation...
[09:38:00] [INFO ]   NAV line matched via translation: 'f1088stk12' -> '12'
[09:38:01] [INFO ]   Matched 698 / 13248 traces
[09:38:01] [INFO ]   Bandpass filtering...
[09:38:01] [INFO ]   Computing seismic attributes...
[09:38:01] [INFO ]   Picking seafloor...
[09:38:01] [INFO ]   Seafloor depth: 4746–4866 m  (0 shallow traces masked)
[09:38:01] [INFO ]   Picking horizons...
[09:38:01] [INFO ]   Computing NCC coherence (slow)...
[09:38:01] [INFO ]   Saving CNN section image...
[09:38:01] [INFO ]   Saved: f1088stk12_section_cnn.png  (2700x1500px)
[09:38:01] [INFO ]   Step 1 complete
[09:38:01] [INFO ] 
[09:38:01] [INFO ] STEP 2 — Fault detection
[09:38:01] [INFO ]   Mode: single SA run (seed=42)
[09:38:02] [INFO ]   Detected 0 high-confidence faults
[09:38:02] [INFO ]   Step 2 complete
[09:38:02] [INFO ] 
[09:38:02] [INFO ] STEP 3 — Bounding boxes
[09:38:02] [INFO ]   Generated 0 boxes
[09:38:02] [INFO ]   Step 3 complete
[09:38:02] [INFO ] 
[09:38:02] [INFO ] STEP 4 — Dataset building
[09:38:02] [INFO ]   Saving labeled review image...
[09:38:03] [INFO ]   Saved: f1088stk12_labeled.png
[09:38:03] [INFO ]   Split: train
[09:38:03] [INFO ]   Added 0 annotations to train.json
[09:38:03] [INFO ]   train.json: 9 images, 0 annotations
[09:38:03] [INFO ]   val.json:   3 images,  0 annotations
[09:38:03] [INFO ]   Step 4 complete
[09:38:03] [INFO ] 
[09:38:03] [INFO ]   DONE  f1088stk12  →  train  |  0 faults  |  0 boxes
[09:38:03] [INFO ] 
[09:38:03] [INFO ] ──────────────────────────────────────────────────
[09:38:03] [INFO ]   LINE: f1088stk13
[09:38:03] [INFO ] ──────────────────────────────────────────────────
[09:38:03] [INFO ] Dataset  : namss.F-10-88-HW.mcs.airgun
[09:38:03] [INFO ] SGY      : ../../airgun_data/namss.F-10-88-HW.mcs.airgun/Data/f1088stk13.sgy
[09:38:03] [INFO ] NAV      : ../../airgun_data/namss.F-10-88-HW.mcs.airgun/Navigation/f-10-88-hw_NAV-WGS84.csv
[09:38:03] [INFO ] SA mode  : single (seed=42)
[09:38:03] [INFO ] 
[09:38:03] [INFO ] STEP 1 — Feature extraction
[09:38:03] [INFO ]   Loading navigation...
[09:38:03] [INFO ]   Loading SEG-Y...
[09:38:03] [INFO ]   Traces: 13529  Samples: 2750  dt: 4.000 ms
[09:38:03] [INFO ]   Depth:  0.0 m → 8247.0 m
[09:38:03] [INFO ]   Matching traces to navigation...
[09:38:03] [INFO ]   NAV line matched via translation: 'f1088stk13' -> '13'
[09:38:04] [INFO ]   Matched 13248 / 13529 traces
[09:38:04] [INFO ]   Bandpass filtering...
[09:38:05] [INFO ]   Computing seismic attributes...
[09:38:07] [INFO ]   Picking seafloor...
[09:38:08] [INFO ]   Seafloor depth: 3924–4920 m  (0 shallow traces masked)
[09:38:08] [INFO ]   Picking horizons...
[09:38:08] [INFO ]   Computing NCC coherence (slow)...
[09:38:10] [INFO ]   Saving CNN section image...
[09:38:12] [INFO ]   Saved: f1088stk13_section_cnn.png  (2700x1500px)
[09:38:12] [INFO ]   Step 1 complete
[09:38:12] [INFO ] 
[09:38:12] [INFO ] STEP 2 — Fault detection
[09:38:12] [INFO ]   Mode: single SA run (seed=42)
[09:38:28] [INFO ]   Detected 1 high-confidence faults
[09:38:28] [INFO ]     Fault  1 | trace ~ 9695 | prob=0.760
[09:38:28] [INFO ]   Step 2 complete
[09:38:28] [INFO ] 
[09:38:28] [INFO ] STEP 3 — Bounding boxes
[09:38:28] [INFO ]   Box  1 | [1931, 843, 89w, 122h px]
[09:38:28] [INFO ]   Generated 1 boxes
[09:38:28] [INFO ]   Step 3 complete
[09:38:28] [INFO ] 
[09:38:28] [INFO ] STEP 4 — Dataset building
[09:38:28] [INFO ]   Saving labeled review image...
[09:38:28] [INFO ]   Saved: f1088stk13_labeled.png
[09:38:28] [INFO ]   Split: train
[09:38:28] [INFO ]   Added 1 annotations to train.json
[09:38:28] [INFO ]   train.json: 10 images, 1 annotations
[09:38:28] [INFO ]   val.json:   3 images,  0 annotations
[09:38:28] [INFO ]   Step 4 complete
[09:38:28] [INFO ] 
[09:38:28] [INFO ]   DONE  f1088stk13  →  train  |  1 faults  |  1 boxes
[09:38:28] [INFO ] 
[09:38:28] [INFO ] ──────────────────────────────────────────────────
[09:38:28] [INFO ]   LINE: f1088stk14
[09:38:28] [INFO ] ──────────────────────────────────────────────────
[09:38:28] [INFO ] Dataset  : namss.F-10-88-HW.mcs.airgun
[09:38:28] [INFO ] SGY      : ../../airgun_data/namss.F-10-88-HW.mcs.airgun/Data/f1088stk14.sgy
[09:38:28] [INFO ] NAV      : ../../airgun_data/namss.F-10-88-HW.mcs.airgun/Navigation/f-10-88-hw_NAV-WGS84.csv
[09:38:28] [INFO ] SA mode  : single (seed=42)
[09:38:28] [INFO ] 
[09:38:28] [INFO ] STEP 1 — Feature extraction
[09:38:28] [INFO ]   Loading navigation...
[09:38:28] [INFO ]   Loading SEG-Y...
[09:38:28] [INFO ]   Traces: 634  Samples: 2750  dt: 4.000 ms
[09:38:28] [INFO ]   Depth:  0.0 m → 8247.0 m
[09:38:28] [INFO ]   Matching traces to navigation...
[09:38:28] [INFO ]   NAV line matched via translation: 'f1088stk14' -> '14'
[09:38:28] [INFO ]   Matched 634 / 634 traces
[09:38:28] [INFO ]   Bandpass filtering...
[09:38:28] [INFO ]   Computing seismic attributes...
[09:38:28] [INFO ]   Picking seafloor...
[09:38:28] [INFO ]   Seafloor depth: 4686–4716 m  (0 shallow traces masked)
[09:38:28] [INFO ]   Picking horizons...
[09:38:28] [INFO ]   Computing NCC coherence (slow)...
[09:38:29] [INFO ]   Saving CNN section image...
[09:38:29] [INFO ]   Saved: f1088stk14_section_cnn.png  (2700x1500px)
[09:38:29] [INFO ]   Step 1 complete
[09:38:29] [INFO ] 
[09:38:29] [INFO ] STEP 2 — Fault detection
[09:38:29] [INFO ]   Mode: single SA run (seed=42)
[09:38:29] [INFO ]   Detected 0 high-confidence faults
[09:38:29] [INFO ]   Step 2 complete
[09:38:29] [INFO ] 
[09:38:29] [INFO ] STEP 3 — Bounding boxes
[09:38:29] [INFO ]   Generated 0 boxes
[09:38:29] [INFO ]   Step 3 complete
[09:38:29] [INFO ] 
[09:38:29] [INFO ] STEP 4 — Dataset building
[09:38:29] [INFO ]   Saving labeled review image...
[09:38:29] [INFO ]   Saved: f1088stk14_labeled.png
[09:38:29] [INFO ]   Split: train
[09:38:29] [INFO ]   Added 0 annotations to train.json
[09:38:29] [INFO ]   train.json: 11 images, 1 annotations
[09:38:29] [INFO ]   val.json:   3 images,  0 annotations
[09:38:29] [INFO ]   Step 4 complete
[09:38:29] [INFO ] 
[09:38:29] [INFO ]   DONE  f1088stk14  →  train  |  0 faults  |  0 boxes
[09:38:29] [INFO ] 
[09:38:29] [INFO ] ──────────────────────────────────────────────────
[09:38:29] [INFO ]   LINE: f1088stk15
[09:38:29] [INFO ] ──────────────────────────────────────────────────
[09:38:29] [INFO ] Dataset  : namss.F-10-88-HW.mcs.airgun
[09:38:29] [INFO ] SGY      : ../../airgun_data/namss.F-10-88-HW.mcs.airgun/Data/f1088stk15.sgy
[09:38:29] [INFO ] NAV      : ../../airgun_data/namss.F-10-88-HW.mcs.airgun/Navigation/f-10-88-hw_NAV-WGS84.csv
[09:38:29] [INFO ] SA mode  : single (seed=42)
[09:38:29] [INFO ] 
[09:38:29] [INFO ] STEP 1 — Feature extraction
[09:38:29] [INFO ]   Loading navigation...
[09:38:30] [INFO ]   Loading SEG-Y...
[09:38:30] [INFO ]   Traces: 10746  Samples: 2750  dt: 4.000 ms
[09:38:30] [INFO ]   Depth:  0.0 m → 8247.0 m
[09:38:30] [INFO ]   Matching traces to navigation...
[09:38:30] [INFO ]   NAV line matched via translation: 'f1088stk15' -> '15'
[09:38:31] [INFO ]   Matched 10746 / 10746 traces
[09:38:31] [INFO ]   Bandpass filtering...
[09:38:31] [INFO ]   Computing seismic attributes...
[09:38:33] [INFO ]   Picking seafloor...
[09:38:33] [INFO ]   Seafloor depth: 3684–4863 m  (0 shallow traces masked)
[09:38:33] [INFO ]   Picking horizons...
[09:38:34] [INFO ]   Computing NCC coherence (slow)...
[09:38:35] [INFO ]   Saving CNN section image...
[09:38:37] [INFO ]   Saved: f1088stk15_section_cnn.png  (2700x1500px)
[09:38:37] [INFO ]   Step 1 complete
[09:38:37] [INFO ] 
[09:38:37] [INFO ] STEP 2 — Fault detection
[09:38:37] [INFO ]   Mode: single SA run (seed=42)
[09:38:50] [INFO ]   Detected 0 high-confidence faults
[09:38:50] [INFO ]   Step 2 complete
[09:38:50] [INFO ] 
[09:38:50] [INFO ] STEP 3 — Bounding boxes
[09:38:50] [INFO ]   Generated 0 boxes
[09:38:50] [INFO ]   Step 3 complete
[09:38:50] [INFO ] 
[09:38:50] [INFO ] STEP 4 — Dataset building
[09:38:50] [INFO ]   Saving labeled review image...
[09:38:50] [INFO ]   Saved: f1088stk15_labeled.png
[09:38:50] [INFO ]   Split: train
[09:38:50] [INFO ]   Added 0 annotations to train.json
[09:38:50] [INFO ]   train.json: 12 images, 1 annotations
[09:38:50] [INFO ]   val.json:   3 images,  0 annotations
[09:38:50] [INFO ]   Step 4 complete
[09:38:50] [INFO ] 
[09:38:50] [INFO ]   DONE  f1088stk15  →  train  |  0 faults  |  0 boxes
[09:38:50] [INFO ] 
[09:38:50] [INFO ] ──────────────────────────────────────────────────
[09:38:50] [INFO ]   LINE: f1088stk16
[09:38:50] [INFO ] ──────────────────────────────────────────────────
[09:38:50] [INFO ] Dataset  : namss.F-10-88-HW.mcs.airgun
[09:38:50] [INFO ] SGY      : ../../airgun_data/namss.F-10-88-HW.mcs.airgun/Data/f1088stk16.sgy
[09:38:50] [INFO ] NAV      : ../../airgun_data/namss.F-10-88-HW.mcs.airgun/Navigation/f-10-88-hw_NAV-WGS84.csv
[09:38:50] [INFO ] SA mode  : single (seed=42)
[09:38:50] [INFO ] 
[09:38:50] [INFO ] STEP 1 — Feature extraction
[09:38:50] [INFO ]   Loading navigation...
[09:38:50] [INFO ]   Loading SEG-Y...
[09:38:50] [INFO ]   Traces: 393  Samples: 2750  dt: 4.000 ms
[09:38:50] [INFO ]   Depth:  0.0 m → 8247.0 m
[09:38:50] [INFO ]   Matching traces to navigation...
[09:38:50] [INFO ]   NAV line matched via translation: 'f1088stk16' -> '16'
[09:38:50] [INFO ]   Matched 393 / 393 traces
[09:38:50] [INFO ]   Bandpass filtering...
[09:38:50] [INFO ]   Computing seismic attributes...
[09:38:50] [INFO ]   Picking seafloor...
[09:38:50] [INFO ]   Seafloor depth: 4401–4623 m  (0 shallow traces masked)
[09:38:50] [INFO ]   Picking horizons...
[09:38:50] [INFO ]   Computing NCC coherence (slow)...
[09:38:50] [INFO ]   Saving CNN section image...
[09:38:50] [INFO ]   Saved: f1088stk16_section_cnn.png  (2700x1500px)
[09:38:50] [INFO ]   Step 1 complete
[09:38:50] [INFO ] 
[09:38:50] [INFO ] STEP 2 — Fault detection
[09:38:50] [INFO ]   Mode: single SA run (seed=42)
[09:38:51] [INFO ]   Detected 1 high-confidence faults
[09:38:51] [INFO ]     Fault  1 | trace ~  180 | prob=0.779
[09:38:51] [INFO ]   Step 2 complete
[09:38:51] [INFO ] 
[09:38:51] [INFO ] STEP 3 — Bounding boxes
[09:38:51] [INFO ]   Box  1 | [640, 802, 1261w, 128h px]
[09:38:51] [INFO ]   Generated 1 boxes
[09:38:51] [INFO ]   Step 3 complete
[09:38:51] [INFO ] 
[09:38:51] [INFO ] STEP 4 — Dataset building
[09:38:51] [INFO ]   Saving labeled review image...
[09:38:51] [INFO ]   Saved: f1088stk16_labeled.png
[09:38:51] [INFO ]   Split: val
[09:38:51] [INFO ]   Added 1 annotations to val.json
[09:38:51] [INFO ]   train.json: 12 images, 1 annotations
[09:38:51] [INFO ]   val.json:   4 images,  1 annotations
[09:38:51] [INFO ]   Step 4 complete
[09:38:51] [INFO ] 
[09:38:51] [INFO ]   DONE  f1088stk16  →  val  |  1 faults  |  1 boxes
[09:38:51] [INFO ] 
[09:38:51] [INFO ] ──────────────────────────────────────────────────
[09:38:51] [INFO ]   LINE: f1088stk17
[09:38:51] [INFO ] ──────────────────────────────────────────────────
[09:38:51] [INFO ] Dataset  : namss.F-10-88-HW.mcs.airgun
[09:38:51] [INFO ] SGY      : ../../airgun_data/namss.F-10-88-HW.mcs.airgun/Data/f1088stk17.sgy
[09:38:51] [INFO ] NAV      : ../../airgun_data/namss.F-10-88-HW.mcs.airgun/Navigation/f-10-88-hw_NAV-WGS84.csv
[09:38:51] [INFO ] SA mode  : single (seed=42)
[09:38:51] [INFO ] 
[09:38:51] [INFO ] STEP 1 — Feature extraction
[09:38:51] [INFO ]   Loading navigation...
[09:38:51] [INFO ]   Loading SEG-Y...
[09:38:51] [INFO ]   Traces: 10681  Samples: 2750  dt: 4.000 ms
[09:38:51] [INFO ]   Depth:  0.0 m → 8247.0 m
[09:38:51] [INFO ]   Matching traces to navigation...
[09:38:51] [INFO ]   NAV line matched via translation: 'f1088stk17' -> '17'
[09:38:52] [INFO ]   Matched 10681 / 10681 traces
[09:38:52] [INFO ]   Bandpass filtering...
[09:38:53] [INFO ]   Computing seismic attributes...
[09:38:54] [INFO ]   Picking seafloor...
[09:38:55] [INFO ]   Seafloor depth: 3531–4809 m  (0 shallow traces masked)
[09:38:55] [INFO ]   Picking horizons...
[09:38:55] [INFO ]   Computing NCC coherence (slow)...
[09:38:56] [INFO ]   Saving CNN section image...
[09:38:58] [INFO ]   Saved: f1088stk17_section_cnn.png  (2700x1500px)
[09:38:58] [INFO ]   Step 1 complete
[09:38:58] [INFO ] 
[09:38:58] [INFO ] STEP 2 — Fault detection
[09:38:58] [INFO ]   Mode: single SA run (seed=42)
[09:39:09] [INFO ]   Detected 2 high-confidence faults
[09:39:09] [INFO ]     Fault  1 | trace ~ 2380 | prob=0.772
[09:39:09] [INFO ]     Fault  2 | trace ~ 8849 | prob=0.764
[09:39:09] [INFO ]   Step 2 complete
[09:39:09] [INFO ] 
[09:39:09] [INFO ] STEP 3 — Bounding boxes
[09:39:09] [INFO ]   Box  1 | [554, 836, 94w, 130h px]
[09:39:09] [INFO ]   Box  2 | [2191, 832, 94w, 122h px]
[09:39:09] [INFO ]   Generated 2 boxes
[09:39:09] [INFO ]   Step 3 complete
[09:39:09] [INFO ] 
[09:39:09] [INFO ] STEP 4 — Dataset building
[09:39:09] [INFO ]   Saving labeled review image...
[09:39:09] [INFO ]   Saved: f1088stk17_labeled.png
[09:39:09] [INFO ]   Split: train
[09:39:09] [INFO ]   Added 2 annotations to train.json
[09:39:09] [INFO ]   train.json: 13 images, 3 annotations
[09:39:09] [INFO ]   val.json:   4 images,  1 annotations
[09:39:09] [INFO ]   Step 4 complete
[09:39:09] [INFO ] 
[09:39:09] [INFO ]   DONE  f1088stk17  →  train  |  2 faults  |  2 boxes
[09:39:09] [INFO ] 
[09:39:09] [INFO ] ──────────────────────────────────────────────────
[09:39:09] [INFO ]   LINE: f1088stk18
[09:39:09] [INFO ] ──────────────────────────────────────────────────
[09:39:09] [INFO ] Dataset  : namss.F-10-88-HW.mcs.airgun
[09:39:09] [INFO ] SGY      : ../../airgun_data/namss.F-10-88-HW.mcs.airgun/Data/f1088stk18.sgy
[09:39:09] [INFO ] NAV      : ../../airgun_data/namss.F-10-88-HW.mcs.airgun/Navigation/f-10-88-hw_NAV-WGS84.csv
[09:39:09] [INFO ] SA mode  : single (seed=42)
[09:39:09] [INFO ] 
[09:39:09] [INFO ] STEP 1 — Feature extraction
[09:39:09] [INFO ]   Loading navigation...
[09:39:09] [INFO ]   Loading SEG-Y...
[09:39:09] [INFO ]   Traces: 639  Samples: 2750  dt: 4.000 ms
[09:39:09] [INFO ]   Depth:  0.0 m → 8247.0 m
[09:39:09] [INFO ]   Matching traces to navigation...
[09:39:09] [INFO ]   NAV line matched via translation: 'f1088stk18' -> '18'
[09:39:09] [INFO ]   Matched 639 / 639 traces
[09:39:09] [INFO ]   Bandpass filtering...
[09:39:09] [INFO ]   Computing seismic attributes...
[09:39:09] [INFO ]   Picking seafloor...
[09:39:09] [INFO ]   Seafloor depth: 4689–4737 m  (0 shallow traces masked)
[09:39:09] [INFO ]   Picking horizons...
[09:39:09] [INFO ]   Computing NCC coherence (slow)...
[09:39:09] [INFO ]   Saving CNN section image...
[09:39:10] [INFO ]   Saved: f1088stk18_section_cnn.png  (2700x1500px)
[09:39:10] [INFO ]   Step 1 complete
[09:39:10] [INFO ] 
[09:39:10] [INFO ] STEP 2 — Fault detection
[09:39:10] [INFO ]   Mode: single SA run (seed=42)
[09:39:10] [INFO ]   Detected 0 high-confidence faults
[09:39:10] [INFO ]   Step 2 complete
[09:39:10] [INFO ] 
[09:39:10] [INFO ] STEP 3 — Bounding boxes
[09:39:10] [INFO ]   Generated 0 boxes
[09:39:10] [INFO ]   Step 3 complete
[09:39:10] [INFO ] 
[09:39:10] [INFO ] STEP 4 — Dataset building
[09:39:10] [INFO ]   Saving labeled review image...
[09:39:10] [INFO ]   Saved: f1088stk18_labeled.png
[09:39:10] [INFO ]   Split: train
[09:39:10] [INFO ]   Added 0 annotations to train.json
[09:39:10] [INFO ]   train.json: 14 images, 3 annotations
[09:39:10] [INFO ]   val.json:   4 images,  1 annotations
[09:39:10] [INFO ]   Step 4 complete
[09:39:10] [INFO ] 
[09:39:10] [INFO ]   DONE  f1088stk18  →  train  |  0 faults  |  0 boxes
[09:39:10] [INFO ] 
[09:39:10] [INFO ] ──────────────────────────────────────────────────
[09:39:10] [INFO ]   LINE: f1088stk19
[09:39:10] [INFO ] ──────────────────────────────────────────────────
[09:39:10] [INFO ] Dataset  : namss.F-10-88-HW.mcs.airgun
[09:39:10] [INFO ] SGY      : ../../airgun_data/namss.F-10-88-HW.mcs.airgun/Data/f1088stk19.sgy
[09:39:10] [INFO ] NAV      : ../../airgun_data/namss.F-10-88-HW.mcs.airgun/Navigation/f-10-88-hw_NAV-WGS84.csv
[09:39:10] [INFO ] SA mode  : single (seed=42)
[09:39:10] [INFO ] 
[09:39:10] [INFO ] STEP 1 — Feature extraction
[09:39:10] [INFO ]   Loading navigation...
[09:39:11] [INFO ]   Loading SEG-Y...
[09:39:11] [INFO ]   Traces: 13891  Samples: 2750  dt: 4.000 ms
[09:39:11] [INFO ]   Depth:  0.0 m → 8247.0 m
[09:39:11] [INFO ]   Matching traces to navigation...
[09:39:11] [INFO ]   NAV line matched via translation: 'f1088stk19' -> '19'
[09:39:12] [INFO ]   Matched 13891 / 13891 traces
[09:39:12] [INFO ]   Bandpass filtering...
[09:39:13] [INFO ]   Computing seismic attributes...
[09:39:15] [INFO ]   Picking seafloor...
[09:39:15] [INFO ]   Seafloor depth: 3540–4779 m  (0 shallow traces masked)
[09:39:15] [INFO ]   Picking horizons...
[09:39:16] [INFO ]   Computing NCC coherence (slow)...
[09:39:18] [INFO ]   Saving CNN section image...
[09:39:21] [INFO ]   Saved: f1088stk19_section_cnn.png  (2700x1500px)
[09:39:21] [INFO ]   Step 1 complete
[09:39:21] [INFO ] 
[09:39:21] [INFO ] STEP 2 — Fault detection
[09:39:21] [INFO ]   Mode: single SA run (seed=42)
[09:39:36] [INFO ]   Detected 2 high-confidence faults
[09:39:36] [INFO ]     Fault  1 | trace ~ 3943 | prob=0.751
[09:39:36] [INFO ]     Fault  2 | trace ~ 6922 | prob=0.781
[09:39:36] [INFO ]   Step 2 complete
[09:39:36] [INFO ] 
[09:39:36] [INFO ] STEP 3 — Bounding boxes
[09:39:36] [INFO ]   Box  1 | [723, 635, 90w, 139h px]
[09:39:36] [INFO ]   Box  2 | [1300, 766, 91w, 133h px]
[09:39:36] [INFO ]   Generated 2 boxes
[09:39:36] [INFO ]   Step 3 complete
[09:39:36] [INFO ] 
[09:39:36] [INFO ] STEP 4 — Dataset building
[09:39:36] [INFO ]   Saving labeled review image...
[09:39:37] [INFO ]   Saved: f1088stk19_labeled.png
[09:39:37] [INFO ]   Split: train
[09:39:37] [INFO ]   Added 2 annotations to train.json
[09:39:37] [INFO ]   train.json: 15 images, 5 annotations
[09:39:37] [INFO ]   val.json:   4 images,  1 annotations
[09:39:37] [INFO ]   Step 4 complete
[09:39:37] [INFO ] 
[09:39:37] [INFO ]   DONE  f1088stk19  →  train  |  2 faults  |  2 boxes
[09:39:37] [INFO ] 
[09:39:37] [INFO ] ──────────────────────────────────────────────────
[09:39:37] [INFO ]   LINE: f1088stk20
[09:39:37] [INFO ] ──────────────────────────────────────────────────
[09:39:37] [INFO ] Dataset  : namss.F-10-88-HW.mcs.airgun
[09:39:37] [INFO ] SGY      : ../../airgun_data/namss.F-10-88-HW.mcs.airgun/Data/f1088stk20.sgy
[09:39:37] [INFO ] NAV      : ../../airgun_data/namss.F-10-88-HW.mcs.airgun/Navigation/f-10-88-hw_NAV-WGS84.csv
[09:39:37] [INFO ] SA mode  : single (seed=42)
[09:39:37] [INFO ] 
[09:39:37] [INFO ] STEP 1 — Feature extraction
[09:39:37] [INFO ]   Loading navigation...
[09:39:37] [INFO ]   Loading SEG-Y...
[09:39:37] [INFO ]   Traces: 586  Samples: 2750  dt: 4.000 ms
[09:39:37] [INFO ]   Depth:  0.0 m → 8247.0 m
[09:39:37] [INFO ]   Matching traces to navigation...
[09:39:37] [INFO ]   NAV line matched via translation: 'f1088stk20' -> '20'
[09:39:37] [INFO ]   Matched 586 / 586 traces
[09:39:37] [INFO ]   Bandpass filtering...
[09:39:37] [INFO ]   Computing seismic attributes...
[09:39:37] [INFO ]   Picking seafloor...
[09:39:37] [INFO ]   Seafloor depth: 4629–4650 m  (0 shallow traces masked)
[09:39:37] [INFO ]   Picking horizons...
[09:39:37] [INFO ]   Computing NCC coherence (slow)...
[09:39:37] [INFO ]   Saving CNN section image...
[09:39:37] [INFO ]   Saved: f1088stk20_section_cnn.png  (2700x1500px)
[09:39:37] [INFO ]   Step 1 complete
[09:39:37] [INFO ] 
[09:39:37] [INFO ] STEP 2 — Fault detection
[09:39:37] [INFO ]   Mode: single SA run (seed=42)
[09:39:38] [INFO ]   Detected 0 high-confidence faults
[09:39:38] [INFO ]   Step 2 complete
[09:39:38] [INFO ] 
[09:39:38] [INFO ] STEP 3 — Bounding boxes
[09:39:38] [INFO ]   Generated 0 boxes
[09:39:38] [INFO ]   Step 3 complete
[09:39:38] [INFO ] 
[09:39:38] [INFO ] STEP 4 — Dataset building
[09:39:38] [INFO ]   Saving labeled review image...
[09:39:38] [INFO ]   Saved: f1088stk20_labeled.png
[09:39:38] [INFO ]   Split: train
[09:39:38] [INFO ]   Added 0 annotations to train.json
[09:39:38] [INFO ]   train.json: 16 images, 5 annotations
[09:39:38] [INFO ]   val.json:   4 images,  1 annotations
[09:39:38] [INFO ]   Step 4 complete
[09:39:38] [INFO ] 
[09:39:38] [INFO ]   DONE  f1088stk20  →  train  |  0 faults  |  0 boxes
[09:39:38] [INFO ] 
[09:39:38] [INFO ] ──────────────────────────────────────────────────
[09:39:38] [INFO ]   LINE: f1088stk21
[09:39:38] [INFO ] ──────────────────────────────────────────────────
[09:39:38] [INFO ] Dataset  : namss.F-10-88-HW.mcs.airgun
[09:39:38] [INFO ] SGY      : ../../airgun_data/namss.F-10-88-HW.mcs.airgun/Data/f1088stk21.sgy
[09:39:38] [INFO ] NAV      : ../../airgun_data/namss.F-10-88-HW.mcs.airgun/Navigation/f-10-88-hw_NAV-WGS84.csv
[09:39:38] [INFO ] SA mode  : single (seed=42)
[09:39:38] [INFO ] 
[09:39:38] [INFO ] STEP 1 — Feature extraction
[09:39:38] [INFO ]   Loading navigation...
[09:39:39] [INFO ]   Loading SEG-Y...
[09:39:39] [INFO ]   Traces: 12916  Samples: 2750  dt: 4.000 ms
[09:39:39] [INFO ]   Depth:  0.0 m → 8247.0 m
[09:39:39] [INFO ]   Matching traces to navigation...
[09:39:39] [INFO ]   NAV line matched via translation: 'f1088stk21' -> '21'
[09:39:40] [INFO ]   Matched 12916 / 12916 traces
[09:39:40] [INFO ]   Bandpass filtering...
[09:39:41] [INFO ]   Computing seismic attributes...
[09:39:42] [INFO ]   Picking seafloor...
[09:39:43] [INFO ]   Seafloor depth: 3462–4743 m  (0 shallow traces masked)
[09:39:43] [INFO ]   Picking horizons...
[09:39:44] [INFO ]   Computing NCC coherence (slow)...
[09:39:45] [INFO ]   Saving CNN section image...
[09:39:47] [INFO ]   Saved: f1088stk21_section_cnn.png  (2700x1500px)
[09:39:47] [INFO ]   Step 1 complete
[09:39:47] [INFO ] 
[09:39:47] [INFO ] STEP 2 — Fault detection
[09:39:47] [INFO ]   Mode: single SA run (seed=42)
[09:40:01] [INFO ]   Detected 2 high-confidence faults
[09:40:01] [INFO ]     Fault  1 | trace ~ 4939 | prob=0.770
[09:40:01] [INFO ]     Fault  2 | trace ~12159 | prob=0.760
[09:40:01] [INFO ]   Step 2 complete
[09:40:01] [INFO ] 
[09:40:01] [INFO ] STEP 3 — Bounding boxes
[09:40:01] [INFO ]   Box  1 | [988, 828, 89w, 122h px]
[09:40:01] [INFO ]   Box  2 | [2494, 815, 92w, 130h px]
[09:40:01] [INFO ]   Generated 2 boxes
[09:40:01] [INFO ]   Step 3 complete
[09:40:01] [INFO ] 
[09:40:01] [INFO ] STEP 4 — Dataset building
[09:40:01] [INFO ]   Saving labeled review image...
[09:40:02] [INFO ]   Saved: f1088stk21_labeled.png
[09:40:02] [INFO ]   Split: val
[09:40:02] [INFO ]   Added 2 annotations to val.json
[09:40:02] [INFO ]   train.json: 16 images, 5 annotations
[09:40:02] [INFO ]   val.json:   5 images,  3 annotations
[09:40:02] [INFO ]   Step 4 complete
[09:40:02] [INFO ] 
[09:40:02] [INFO ]   DONE  f1088stk21  →  val  |  2 faults  |  2 boxes
[09:40:02] [INFO ] 
[09:40:02] [INFO ] ──────────────────────────────────────────────────
[09:40:02] [INFO ]   LINE: f1088stk22
[09:40:02] [INFO ] ──────────────────────────────────────────────────
[09:40:02] [INFO ] Dataset  : namss.F-10-88-HW.mcs.airgun
[09:40:02] [INFO ] SGY      : ../../airgun_data/namss.F-10-88-HW.mcs.airgun/Data/f1088stk22.sgy
[09:40:02] [INFO ] NAV      : ../../airgun_data/namss.F-10-88-HW.mcs.airgun/Navigation/f-10-88-hw_NAV-WGS84.csv
[09:40:02] [INFO ] SA mode  : single (seed=42)
[09:40:02] [INFO ] 
[09:40:02] [INFO ] STEP 1 — Feature extraction
[09:40:02] [INFO ]   Loading navigation...
[09:40:02] [INFO ]   Loading SEG-Y...
[09:40:02] [INFO ]   Traces: 3345  Samples: 2750  dt: 4.000 ms
[09:40:02] [INFO ]   Depth:  0.0 m → 8247.0 m
[09:40:02] [INFO ]   Matching traces to navigation...
[09:40:02] [INFO ]   NAV line matched via translation: 'f1088stk22' -> '22'
[09:40:02] [INFO ]   Matched 3345 / 3345 traces
[09:40:02] [INFO ]   Bandpass filtering...
[09:40:02] [INFO ]   Computing seismic attributes...
[09:40:03] [INFO ]   Picking seafloor...
[09:40:03] [INFO ]   Seafloor depth: 4440–4749 m  (0 shallow traces masked)
[09:40:03] [INFO ]   Picking horizons...
[09:40:03] [INFO ]   Computing NCC coherence (slow)...
[09:40:03] [INFO ]   Saving CNN section image...
[09:40:04] [INFO ]   Saved: f1088stk22_section_cnn.png  (2700x1500px)
[09:40:04] [INFO ]   Step 1 complete
[09:40:04] [INFO ] 
[09:40:04] [INFO ] STEP 2 — Fault detection
[09:40:04] [INFO ]   Mode: single SA run (seed=42)
[09:40:07] [INFO ]   Detected 1 high-confidence faults
[09:40:07] [INFO ]     Fault  1 | trace ~  113 | prob=0.771
[09:40:07] [INFO ]   Step 2 complete
[09:40:07] [INFO ] 
[09:40:07] [INFO ] STEP 3 — Bounding boxes
[09:40:07] [INFO ]   Box  1 | [18, 808, 154w, 128h px]
[09:40:07] [INFO ]   Generated 1 boxes
[09:40:07] [INFO ]   Step 3 complete
[09:40:07] [INFO ] 
[09:40:07] [INFO ] STEP 4 — Dataset building
[09:40:07] [INFO ]   Saving labeled review image...
[09:40:07] [INFO ]   Saved: f1088stk22_labeled.png
[09:40:07] [INFO ]   Split: train
[09:40:07] [INFO ]   Added 1 annotations to train.json
[09:40:07] [INFO ]   train.json: 17 images, 6 annotations
[09:40:07] [INFO ]   val.json:   5 images,  3 annotations
[09:40:07] [INFO ]   Step 4 complete
[09:40:07] [INFO ] 
[09:40:07] [INFO ]   DONE  f1088stk22  →  train  |  1 faults  |  1 boxes
[09:40:08] [INFO ] 
[09:40:08] [INFO ] ──────────────────────────────────────────────────
[09:40:08] [INFO ]   LINE: f1088stk23
[09:40:08] [INFO ] ──────────────────────────────────────────────────
[09:40:08] [INFO ] Dataset  : namss.F-10-88-HW.mcs.airgun
[09:40:08] [INFO ] SGY      : ../../airgun_data/namss.F-10-88-HW.mcs.airgun/Data/f1088stk23.sgy
[09:40:08] [INFO ] NAV      : ../../airgun_data/namss.F-10-88-HW.mcs.airgun/Navigation/f-10-88-hw_NAV-WGS84.csv
[09:40:08] [INFO ] SA mode  : single (seed=42)
[09:40:08] [INFO ] 
[09:40:08] [INFO ] STEP 1 — Feature extraction
[09:40:08] [INFO ]   Loading navigation...
[09:40:08] [INFO ]   Loading SEG-Y...
[09:40:08] [INFO ]   Traces: 403  Samples: 2500  dt: 4.000 ms
[09:40:08] [INFO ]   Depth:  0.0 m → 7497.0 m
[09:40:08] [INFO ]   Matching traces to navigation...
[09:40:08] [INFO ]   NAV line matched via translation: 'f1088stk23' -> '23'
[09:40:08] [INFO ]   Matched 403 / 403 traces
[09:40:08] [INFO ]   Bandpass filtering...
[09:40:08] [INFO ]   Computing seismic attributes...
[09:40:08] [INFO ]   Picking seafloor...
[09:40:08] [INFO ]   Seafloor depth: 1953–3336 m  (0 shallow traces masked)
[09:40:08] [INFO ]   Picking horizons...
[09:40:08] [INFO ]   Computing NCC coherence (slow)...
[09:40:08] [INFO ]   Saving CNN section image...
[09:40:08] [INFO ]   Saved: f1088stk23_section_cnn.png  (2700x1500px)
[09:40:08] [INFO ]   Step 1 complete
[09:40:08] [INFO ] 
[09:40:08] [INFO ] STEP 2 — Fault detection
[09:40:08] [INFO ]   Mode: single SA run (seed=42)
[09:40:08] [INFO ]   Detected 0 high-confidence faults
[09:40:08] [INFO ]   Step 2 complete
[09:40:08] [INFO ] 
[09:40:08] [INFO ] STEP 3 — Bounding boxes
[09:40:08] [INFO ]   Generated 0 boxes
[09:40:08] [INFO ]   Step 3 complete
[09:40:08] [INFO ] 
[09:40:08] [INFO ] STEP 4 — Dataset building
[09:40:08] [INFO ]   Saving labeled review image...
[09:40:09] [INFO ]   Saved: f1088stk23_labeled.png
[09:40:09] [INFO ]   Split: train
[09:40:09] [INFO ]   Added 0 annotations to train.json
[09:40:09] [INFO ]   train.json: 18 images, 6 annotations
[09:40:09] [INFO ]   val.json:   5 images,  3 annotations
[09:40:09] [INFO ]   Step 4 complete
[09:40:09] [INFO ] 
[09:40:09] [INFO ]   DONE  f1088stk23  →  train  |  0 faults  |  0 boxes
[09:40:09] [INFO ] 
[09:40:09] [INFO ] ──────────────────────────────────────────────────
[09:40:09] [INFO ]   LINE: f1088stk24
[09:40:09] [INFO ] ──────────────────────────────────────────────────
[09:40:09] [INFO ] Dataset  : namss.F-10-88-HW.mcs.airgun
[09:40:09] [INFO ] SGY      : ../../airgun_data/namss.F-10-88-HW.mcs.airgun/Data/f1088stk24.sgy
[09:40:09] [INFO ] NAV      : ../../airgun_data/namss.F-10-88-HW.mcs.airgun/Navigation/f-10-88-hw_NAV-WGS84.csv
[09:40:09] [INFO ] SA mode  : single (seed=42)
[09:40:09] [INFO ] 
[09:40:09] [INFO ] STEP 1 — Feature extraction
[09:40:09] [INFO ]   Loading navigation...
[09:40:09] [INFO ]   Loading SEG-Y...
[09:40:09] [INFO ]   Traces: 4191  Samples: 2500  dt: 4.000 ms
[09:40:09] [INFO ]   Depth:  0.0 m → 7497.0 m
[09:40:09] [INFO ]   Matching traces to navigation...
[09:40:09] [INFO ]   NAV line matched via translation: 'f1088stk24' -> '24'
[09:40:09] [INFO ]   Matched 4191 / 4191 traces
[09:40:09] [INFO ]   Bandpass filtering...
[09:40:09] [INFO ]   Computing seismic attributes...
[09:40:10] [INFO ]   Picking seafloor...
[09:40:10] [INFO ]   Seafloor depth: 3978–4587 m  (0 shallow traces masked)
[09:40:10] [INFO ]   Picking horizons...
[09:40:10] [INFO ]   Computing NCC coherence (slow)...
[09:40:11] [INFO ]   Saving CNN section image...
[09:40:12] [INFO ]   Saved: f1088stk24_section_cnn.png  (2700x1500px)
[09:40:12] [INFO ]   Step 1 complete
[09:40:12] [INFO ] 
[09:40:12] [INFO ] STEP 2 — Fault detection
[09:40:12] [INFO ]   Mode: single SA run (seed=42)
[09:40:17] [INFO ]   Detected 3 high-confidence faults
[09:40:17] [INFO ]     Fault  1 | trace ~  616 | prob=0.761
[09:40:17] [INFO ]     Fault  2 | trace ~ 1396 | prob=0.789
[09:40:17] [INFO ]     Fault  3 | trace ~ 1588 | prob=0.772
[09:40:17] [INFO ]   Step 2 complete
[09:40:17] [INFO ] 
[09:40:17] [INFO ] STEP 3 — Bounding boxes
[09:40:17] [INFO ]   Box  1 | [347, 891, 107w, 135h px]
[09:40:17] [INFO ]   Box  2 | [843, 833, 104w, 132h px]
[09:40:17] [INFO ]   Box  3 | [948, 871, 156w, 135h px]
[09:40:17] [INFO ]   Generated 3 boxes
[09:40:17] [INFO ]   Step 3 complete
[09:40:17] [INFO ] 
[09:40:17] [INFO ] STEP 4 — Dataset building
[09:40:17] [INFO ]   Saving labeled review image...
[09:40:17] [INFO ]   Saved: f1088stk24_labeled.png
[09:40:17] [INFO ]   Split: train
[09:40:17] [INFO ]   Added 3 annotations to train.json
[09:40:17] [INFO ]   train.json: 19 images, 9 annotations
[09:40:17] [INFO ]   val.json:   5 images,  3 annotations
[09:40:17] [INFO ]   Step 4 complete
[09:40:17] [INFO ] 
[09:40:17] [INFO ]   DONE  f1088stk24  →  train  |  3 faults  |  3 boxes
[09:40:17] [INFO ] 
[09:40:17] [INFO ] ──────────────────────────────────────────────────
[09:40:17] [INFO ]   LINE: f1088stk25
[09:40:17] [INFO ] ──────────────────────────────────────────────────
[09:40:17] [INFO ] Dataset  : namss.F-10-88-HW.mcs.airgun
[09:40:17] [INFO ] SGY      : ../../airgun_data/namss.F-10-88-HW.mcs.airgun/Data/f1088stk25.sgy
[09:40:17] [INFO ] NAV      : ../../airgun_data/namss.F-10-88-HW.mcs.airgun/Navigation/f-10-88-hw_NAV-WGS84.csv
[09:40:17] [INFO ] SA mode  : single (seed=42)
[09:40:17] [INFO ] 
[09:40:17] [INFO ] STEP 1 — Feature extraction
[09:40:17] [INFO ]   Loading navigation...
[09:40:17] [INFO ]   Loading SEG-Y...
[09:40:17] [INFO ]   Traces: 13336  Samples: 2750  dt: 4.000 ms
[09:40:17] [INFO ]   Depth:  0.0 m → 8247.0 m
[09:40:17] [INFO ]   Matching traces to navigation...
[09:40:17] [INFO ]   NAV line matched via translation: 'f1088stk25' -> '25'
[09:40:19] [INFO ]   Matched 13336 / 13336 traces
[09:40:19] [INFO ]   Bandpass filtering...
[09:40:19] [INFO ]   Computing seismic attributes...
[09:40:21] [INFO ]   Picking seafloor...
[09:40:22] [INFO ]   Seafloor depth: 2874–4722 m  (0 shallow traces masked)
[09:40:22] [INFO ]   Picking horizons...
[09:40:22] [INFO ]   Computing NCC coherence (slow)...
[09:40:24] [INFO ]   Saving CNN section image...
[09:40:26] [INFO ]   Saved: f1088stk25_section_cnn.png  (2700x1500px)
[09:40:26] [INFO ]   Step 1 complete
[09:40:26] [INFO ] 
[09:40:26] [INFO ] STEP 2 — Fault detection
[09:40:26] [INFO ]   Mode: single SA run (seed=42)
[09:40:41] [INFO ]   Detected 0 high-confidence faults
[09:40:41] [INFO ]   Step 2 complete
[09:40:41] [INFO ] 
[09:40:41] [INFO ] STEP 3 — Bounding boxes
[09:40:41] [INFO ]   Generated 0 boxes
[09:40:41] [INFO ]   Step 3 complete
[09:40:41] [INFO ] 
[09:40:41] [INFO ] STEP 4 — Dataset building
[09:40:41] [INFO ]   Saving labeled review image...
[09:40:41] [INFO ]   Saved: f1088stk25_labeled.png
[09:40:41] [INFO ]   Split: train
[09:40:41] [INFO ]   Added 0 annotations to train.json
[09:40:41] [INFO ]   train.json: 20 images, 9 annotations
[09:40:41] [INFO ]   val.json:   5 images,  3 annotations
[09:40:41] [INFO ]   Step 4 complete
[09:40:41] [INFO ] 
[09:40:41] [INFO ]   DONE  f1088stk25  →  train  |  0 faults  |  0 boxes
[09:40:41] [INFO ] 
[09:40:41] [INFO ] ──────────────────────────────────────────────────
[09:40:41] [INFO ]   LINE: f1088stk26
[09:40:41] [INFO ] ──────────────────────────────────────────────────
[09:40:41] [INFO ] Dataset  : namss.F-10-88-HW.mcs.airgun
[09:40:41] [INFO ] SGY      : ../../airgun_data/namss.F-10-88-HW.mcs.airgun/Data/f1088stk26.sgy
[09:40:41] [INFO ] NAV      : ../../airgun_data/namss.F-10-88-HW.mcs.airgun/Navigation/f-10-88-hw_NAV-WGS84.csv
[09:40:41] [INFO ] SA mode  : single (seed=42)
[09:40:41] [INFO ] 
[09:40:41] [INFO ] STEP 1 — Feature extraction
[09:40:41] [INFO ]   Loading navigation...
[09:40:41] [INFO ]   Loading SEG-Y...
[09:40:41] [INFO ]   Traces: 613  Samples: 2750  dt: 4.000 ms
[09:40:41] [INFO ]   Depth:  0.0 m → 8247.0 m
[09:40:41] [INFO ]   Matching traces to navigation...
[09:40:41] [INFO ]   NAV line matched via translation: 'f1088stk26' -> '26'
[09:40:41] [INFO ]   Matched 613 / 613 traces
[09:40:41] [INFO ]   Bandpass filtering...
[09:40:41] [INFO ]   Computing seismic attributes...
[09:40:41] [INFO ]   Picking seafloor...
[09:40:41] [INFO ]   Seafloor depth: 4629–4665 m  (0 shallow traces masked)
[09:40:41] [INFO ]   Picking horizons...
[09:40:41] [INFO ]   Computing NCC coherence (slow)...
[09:40:42] [INFO ]   Saving CNN section image...
[09:40:42] [INFO ]   Saved: f1088stk26_section_cnn.png  (2700x1500px)
[09:40:42] [INFO ]   Step 1 complete
[09:40:42] [INFO ] 
[09:40:42] [INFO ] STEP 2 — Fault detection
[09:40:42] [INFO ]   Mode: single SA run (seed=42)
[09:40:43] [INFO ]   Detected 0 high-confidence faults
[09:40:43] [INFO ]   Step 2 complete
[09:40:43] [INFO ] 
[09:40:43] [INFO ] STEP 3 — Bounding boxes
[09:40:43] [INFO ]   Generated 0 boxes
[09:40:43] [INFO ]   Step 3 complete
[09:40:43] [INFO ] 
[09:40:43] [INFO ] STEP 4 — Dataset building
[09:40:43] [INFO ]   Saving labeled review image...
[09:40:43] [INFO ]   Saved: f1088stk26_labeled.png
[09:40:43] [INFO ]   Split: val
[09:40:43] [INFO ]   Added 0 annotations to val.json
[09:40:43] [INFO ]   train.json: 20 images, 9 annotations
[09:40:43] [INFO ]   val.json:   6 images,  3 annotations
[09:40:43] [INFO ]   Step 4 complete
[09:40:43] [INFO ] 
[09:40:43] [INFO ]   DONE  f1088stk26  →  val  |  0 faults  |  0 boxes
[09:40:43] [INFO ] 
[09:40:43] [INFO ] ──────────────────────────────────────────────────
[09:40:43] [INFO ]   LINE: f1088stk27
[09:40:43] [INFO ] ──────────────────────────────────────────────────
[09:40:43] [INFO ] Dataset  : namss.F-10-88-HW.mcs.airgun
[09:40:43] [INFO ] SGY      : ../../airgun_data/namss.F-10-88-HW.mcs.airgun/Data/f1088stk27.sgy
[09:40:43] [INFO ] NAV      : ../../airgun_data/namss.F-10-88-HW.mcs.airgun/Navigation/f-10-88-hw_NAV-WGS84.csv
[09:40:43] [INFO ] SA mode  : single (seed=42)
[09:40:43] [INFO ] 
[09:40:43] [INFO ] STEP 1 — Feature extraction
[09:40:43] [INFO ]   Loading navigation...
[09:40:43] [INFO ]   Loading SEG-Y...
[09:40:43] [INFO ]   Traces: 10391  Samples: 2750  dt: 4.000 ms
[09:40:43] [INFO ]   Depth:  0.0 m → 8247.0 m
[09:40:43] [INFO ]   Matching traces to navigation...
[09:40:43] [INFO ]   NAV line matched via translation: 'f1088stk27' -> '27'
[09:40:44] [INFO ]   Matched 10391 / 10391 traces
[09:40:44] [INFO ]   Bandpass filtering...
[09:40:45] [INFO ]   Computing seismic attributes...
[09:40:46] [INFO ]   Picking seafloor...
[09:40:47] [INFO ]   Seafloor depth: 2097–4659 m  (0 shallow traces masked)
[09:40:47] [INFO ]   Picking horizons...
[09:40:47] [INFO ]   Computing NCC coherence (slow)...
[09:40:48] [INFO ]   Saving CNN section image...
[09:40:51] [INFO ]   Saved: f1088stk27_section_cnn.png  (2700x1500px)
[09:40:51] [INFO ]   Step 1 complete
[09:40:51] [INFO ] 
[09:40:51] [INFO ] STEP 2 — Fault detection
[09:40:51] [INFO ]   Mode: single SA run (seed=42)
[09:41:02] [INFO ]   Detected 2 high-confidence faults
[09:41:02] [INFO ]     Fault  1 | trace ~ 9127 | prob=0.769
[09:41:02] [INFO ]     Fault  2 | trace ~10318 | prob=0.759
[09:41:02] [INFO ]   Step 2 complete
[09:41:02] [INFO ] 
[09:41:02] [INFO ] STEP 3 — Bounding boxes
[09:41:02] [INFO ]   Box  1 | [2323, 775, 95w, 128h px]
[09:41:02] [INFO ]   Box  2 | [2635, 808, 65w, 130h px]
[09:41:02] [INFO ]   Generated 2 boxes
[09:41:02] [INFO ]   Step 3 complete
[09:41:02] [INFO ] 
[09:41:02] [INFO ] STEP 4 — Dataset building
[09:41:02] [INFO ]   Saving labeled review image...
[09:41:02] [INFO ]   Saved: f1088stk27_labeled.png
[09:41:02] [INFO ]   Split: train
[09:41:02] [INFO ]   Added 2 annotations to train.json
[09:41:02] [INFO ]   train.json: 21 images, 11 annotations
[09:41:02] [INFO ]   val.json:   6 images,  3 annotations
[09:41:02] [INFO ]   Step 4 complete
[09:41:02] [INFO ] 
[09:41:02] [INFO ]   DONE  f1088stk27  →  train  |  2 faults  |  2 boxes
[09:41:02] [INFO ] 
[09:41:02] [INFO ] ──────────────────────────────────────────────────
[09:41:02] [INFO ]   LINE: f1088stk28
[09:41:02] [INFO ] ──────────────────────────────────────────────────
[09:41:02] [INFO ] Dataset  : namss.F-10-88-HW.mcs.airgun
[09:41:02] [INFO ] SGY      : ../../airgun_data/namss.F-10-88-HW.mcs.airgun/Data/f1088stk28.sgy
[09:41:02] [INFO ] NAV      : ../../airgun_data/namss.F-10-88-HW.mcs.airgun/Navigation/f-10-88-hw_NAV-WGS84.csv
[09:41:02] [INFO ] SA mode  : single (seed=42)
[09:41:02] [INFO ] 
[09:41:02] [INFO ] STEP 1 — Feature extraction
[09:41:02] [INFO ]   Loading navigation...
[09:41:03] [INFO ]   Loading SEG-Y...
[09:41:03] [INFO ]   Traces: 707  Samples: 2750  dt: 4.000 ms
[09:41:03] [INFO ]   Depth:  0.0 m → 8247.0 m
[09:41:03] [INFO ]   Matching traces to navigation...
[09:41:03] [INFO ]   NAV line matched via translation: 'f1088stk28' -> '28'
[09:41:03] [INFO ]   Matched 707 / 707 traces
[09:41:03] [INFO ]   Bandpass filtering...
[09:41:03] [INFO ]   Computing seismic attributes...
[09:41:03] [INFO ]   Picking seafloor...
[09:41:03] [INFO ]   Seafloor depth: 2046–4077 m  (0 shallow traces masked)
[09:41:03] [INFO ]   Picking horizons...
[09:41:03] [INFO ]   Computing NCC coherence (slow)...
[09:41:03] [INFO ]   Saving CNN section image...
[09:41:03] [INFO ]   Saved: f1088stk28_section_cnn.png  (2700x1500px)
[09:41:03] [INFO ]   Step 1 complete
[09:41:03] [INFO ] 
[09:41:03] [INFO ] STEP 2 — Fault detection
[09:41:03] [INFO ]   Mode: single SA run (seed=42)
[09:41:04] [INFO ]   Detected 1 high-confidence faults
[09:41:04] [INFO ]     Fault  1 | trace ~  298 | prob=0.753
[09:41:04] [INFO ]   Step 2 complete
[09:41:04] [INFO ] 
[09:41:04] [INFO ] STEP 3 — Bounding boxes
[09:41:04] [INFO ]   Box  1 | [877, 360, 545w, 136h px]
[09:41:04] [INFO ]   Generated 1 boxes
[09:41:04] [INFO ]   Step 3 complete
[09:41:04] [INFO ] 
[09:41:04] [INFO ] STEP 4 — Dataset building
[09:41:04] [INFO ]   Saving labeled review image...
[09:41:04] [INFO ]   Saved: f1088stk28_labeled.png
[09:41:04] [INFO ]   Split: train
[09:41:04] [INFO ]   Added 1 annotations to train.json
[09:41:04] [INFO ]   train.json: 22 images, 12 annotations
[09:41:04] [INFO ]   val.json:   6 images,  3 annotations
[09:41:04] [INFO ]   Step 4 complete
[09:41:04] [INFO ] 
[09:41:04] [INFO ]   DONE  f1088stk28  →  train  |  1 faults  |  1 boxes
[09:41:04] [INFO ] 
[09:41:04] [INFO ] ──────────────────────────────────────────────────
[09:41:04] [INFO ]   LINE: f1088stk29
[09:41:04] [INFO ] ──────────────────────────────────────────────────
[09:41:04] [INFO ] Dataset  : namss.F-10-88-HW.mcs.airgun
[09:41:04] [INFO ] SGY      : ../../airgun_data/namss.F-10-88-HW.mcs.airgun/Data/f1088stk29.sgy
[09:41:04] [INFO ] NAV      : ../../airgun_data/namss.F-10-88-HW.mcs.airgun/Navigation/f-10-88-hw_NAV-WGS84.csv
[09:41:04] [INFO ] SA mode  : single (seed=42)
[09:41:04] [INFO ] 
[09:41:04] [INFO ] STEP 1 — Feature extraction
[09:41:04] [INFO ]   Loading navigation...
[09:41:04] [INFO ]   Loading SEG-Y...
[09:41:05] [INFO ]   Traces: 8948  Samples: 2750  dt: 4.000 ms
[09:41:05] [INFO ]   Depth:  0.0 m → 8247.0 m
[09:41:05] [INFO ]   Matching traces to navigation...
[09:41:05] [INFO ]   NAV line matched via translation: 'f1088stk29' -> '29'
[09:41:05] [INFO ]   Matched 8948 / 8948 traces
[09:41:05] [INFO ]   Bandpass filtering...
[09:41:06] [INFO ]   Computing seismic attributes...
[09:41:07] [INFO ]   Picking seafloor...
[09:41:07] [INFO ]   Seafloor depth: 0–4584 m  (88 shallow traces masked)
[09:41:07] [INFO ]   Picking horizons...
[09:41:08] [INFO ]   Computing NCC coherence (slow)...
[09:41:09] [INFO ]   Saving CNN section image...
[09:41:10] [INFO ]   Saved: f1088stk29_section_cnn.png  (2700x1500px)
[09:41:10] [INFO ]   Step 1 complete
[09:41:10] [INFO ] 
[09:41:10] [INFO ] STEP 2 — Fault detection
[09:41:10] [INFO ]   Mode: single SA run (seed=42)
[09:41:20] [INFO ]   Detected 2 high-confidence faults
[09:41:20] [INFO ]     Fault  1 | trace ~ 1529 | prob=0.754
[09:41:20] [INFO ]     Fault  2 | trace ~ 8508 | prob=0.773
[09:41:20] [INFO ]   Step 2 complete
[09:41:20] [INFO ] 
[09:41:20] [INFO ] STEP 3 — Bounding boxes
[09:41:20] [INFO ]   Box  1 | [417, 695, 92w, 128h px]
[09:41:20] [INFO ]   Box  2 | [2520, 663, 92w, 128h px]
[09:41:20] [INFO ]   Generated 2 boxes
[09:41:20] [INFO ]   Step 3 complete
[09:41:20] [INFO ] 
[09:41:20] [INFO ] STEP 4 — Dataset building
[09:41:20] [INFO ]   Saving labeled review image...
[09:41:21] [INFO ]   Saved: f1088stk29_labeled.png
[09:41:21] [INFO ]   Split: train
[09:41:21] [INFO ]   Added 2 annotations to train.json
[09:41:21] [INFO ]   train.json: 23 images, 14 annotations
[09:41:21] [INFO ]   val.json:   6 images,  3 annotations
[09:41:21] [INFO ]   Step 4 complete
[09:41:21] [INFO ] 
[09:41:21] [INFO ]   DONE  f1088stk29  →  train  |  2 faults  |  2 boxes
[09:41:21] [INFO ] 
[09:41:21] [INFO ] ──────────────────────────────────────────────────
[09:41:21] [INFO ]   LINE: f1088stk30
[09:41:21] [INFO ] ──────────────────────────────────────────────────
[09:41:21] [INFO ] Dataset  : namss.F-10-88-HW.mcs.airgun
[09:41:21] [INFO ] SGY      : ../../airgun_data/namss.F-10-88-HW.mcs.airgun/Data/f1088stk30.sgy
[09:41:21] [INFO ] NAV      : ../../airgun_data/namss.F-10-88-HW.mcs.airgun/Navigation/f-10-88-hw_NAV-WGS84.csv
[09:41:21] [INFO ] SA mode  : single (seed=42)
[09:41:21] [INFO ] 
[09:41:21] [INFO ] STEP 1 — Feature extraction
[09:41:21] [INFO ]   Loading navigation...
[09:41:21] [INFO ]   Loading SEG-Y...
[09:41:21] [INFO ]   Traces: 1693  Samples: 2500  dt: 4.000 ms
[09:41:21] [INFO ]   Depth:  0.0 m → 7497.0 m
[09:41:21] [INFO ]   Matching traces to navigation...
[09:41:21] [INFO ]   NAV line matched via translation: 'f1088stk30' -> '30'
[09:41:21] [INFO ]   Matched 1693 / 1693 traces
[09:41:21] [INFO ]   Bandpass filtering...
[09:41:21] [INFO ]   Computing seismic attributes...
[09:41:21] [INFO ]   Picking seafloor...
[09:41:21] [INFO ]   Seafloor depth: 660–4338 m  (0 shallow traces masked)
[09:41:21] [INFO ]   Picking horizons...
[09:41:21] [INFO ]   Computing NCC coherence (slow)...
[09:41:21] [INFO ]   Saving CNN section image...
[09:41:22] [INFO ]   Saved: f1088stk30_section_cnn.png  (2700x1500px)
[09:41:22] [INFO ]   Step 1 complete
[09:41:22] [INFO ] 
[09:41:22] [INFO ] STEP 2 — Fault detection
[09:41:22] [INFO ]   Mode: single SA run (seed=42)
[09:41:24] [INFO ]   Detected 2 high-confidence faults
[09:41:24] [INFO ]     Fault  1 | trace ~ 1224 | prob=0.750
[09:41:24] [INFO ]     Fault  2 | trace ~ 1659 | prob=0.757
[09:41:24] [INFO ]   Step 2 complete
[09:41:24] [INFO ] 
[09:41:24] [INFO ] STEP 3 — Bounding boxes
[09:41:24] [INFO ]   Box  1 | [1823, 209, 277w, 132h px]
[09:41:24] [INFO ]   Box  2 | [2531, 212, 169w, 129h px]
[09:41:24] [INFO ]   Generated 2 boxes
[09:41:24] [INFO ]   Step 3 complete
[09:41:24] [INFO ] 
[09:41:24] [INFO ] STEP 4 — Dataset building
[09:41:24] [INFO ]   Saving labeled review image...
[09:41:24] [INFO ]   Saved: f1088stk30_labeled.png
[09:41:24] [INFO ]   Split: train
[09:41:24] [INFO ]   Added 2 annotations to train.json
[09:41:24] [INFO ]   train.json: 24 images, 16 annotations
[09:41:24] [INFO ]   val.json:   6 images,  3 annotations
[09:41:24] [INFO ]   Step 4 complete
[09:41:24] [INFO ] 
[09:41:24] [INFO ]   DONE  f1088stk30  →  train  |  2 faults  |  2 boxes
[09:41:24] [INFO ] 
[09:41:24] [INFO ] ──────────────────────────────────────────────────
[09:41:24] [INFO ]   LINE: f1088stk31
[09:41:24] [INFO ] ──────────────────────────────────────────────────
[09:41:24] [INFO ] Dataset  : namss.F-10-88-HW.mcs.airgun
[09:41:24] [INFO ] SGY      : ../../airgun_data/namss.F-10-88-HW.mcs.airgun/Data/f1088stk31.sgy
[09:41:24] [INFO ] NAV      : ../../airgun_data/namss.F-10-88-HW.mcs.airgun/Navigation/f-10-88-hw_NAV-WGS84.csv
[09:41:24] [INFO ] SA mode  : single (seed=42)
[09:41:24] [INFO ] 
[09:41:24] [INFO ] STEP 1 — Feature extraction
[09:41:24] [INFO ]   Loading navigation...
[09:41:24] [INFO ]   Loading SEG-Y...
[09:41:24] [INFO ]   Traces: 1416  Samples: 2250  dt: 4.000 ms
[09:41:24] [INFO ]   Depth:  0.0 m → 6747.0 m
[09:41:24] [INFO ]   Matching traces to navigation...
[09:41:24] [INFO ]   NAV line matched via translation: 'f1088stk31' -> '31'
[09:41:24] [INFO ]   Matched 1416 / 1416 traces
[09:41:24] [INFO ]   Bandpass filtering...
[09:41:24] [INFO ]   Computing seismic attributes...
[09:41:24] [INFO ]   Picking seafloor...
[09:41:24] [INFO ]   Seafloor depth: 798–3618 m  (0 shallow traces masked)
[09:41:24] [INFO ]   Picking horizons...
[09:41:24] [INFO ]   Computing NCC coherence (slow)...
[09:41:25] [INFO ]   Saving CNN section image...
[09:41:25] [INFO ]   Saved: f1088stk31_section_cnn.png  (2700x1500px)
[09:41:25] [INFO ]   Step 1 complete
[09:41:25] [INFO ] 
[09:41:25] [INFO ] STEP 2 — Fault detection
[09:41:25] [INFO ]   Mode: single SA run (seed=42)
[09:41:27] [INFO ]   Detected 0 high-confidence faults
[09:41:27] [INFO ]   Step 2 complete
[09:41:27] [INFO ] 
[09:41:27] [INFO ] STEP 3 — Bounding boxes
[09:41:27] [INFO ]   Generated 0 boxes
[09:41:27] [INFO ]   Step 3 complete
[09:41:27] [INFO ] 
[09:41:27] [INFO ] STEP 4 — Dataset building
[09:41:27] [INFO ]   Saving labeled review image...
[09:41:27] [INFO ]   Saved: f1088stk31_labeled.png
[09:41:27] [INFO ]   Split: val
[09:41:27] [INFO ]   Added 0 annotations to val.json
[09:41:27] [INFO ]   train.json: 24 images, 16 annotations
[09:41:27] [INFO ]   val.json:   7 images,  3 annotations
[09:41:27] [INFO ]   Step 4 complete
[09:41:27] [INFO ] 
[09:41:27] [INFO ]   DONE  f1088stk31  →  val  |  0 faults  |  0 boxes
[09:41:27] [INFO ] 
[09:41:27] [INFO ] ──────────────────────────────────────────────────
[09:41:27] [INFO ]   LINE: f1088stk32
[09:41:27] [INFO ] ──────────────────────────────────────────────────
[09:41:27] [INFO ] Dataset  : namss.F-10-88-HW.mcs.airgun
[09:41:27] [INFO ] SGY      : ../../airgun_data/namss.F-10-88-HW.mcs.airgun/Data/f1088stk32.sgy
[09:41:27] [INFO ] NAV      : ../../airgun_data/namss.F-10-88-HW.mcs.airgun/Navigation/f-10-88-hw_NAV-WGS84.csv
[09:41:27] [INFO ] SA mode  : single (seed=42)
[09:41:27] [INFO ] 
[09:41:27] [INFO ] STEP 1 — Feature extraction
[09:41:27] [INFO ]   Loading navigation...
[09:41:27] [INFO ]   Loading SEG-Y...
[09:41:27] [INFO ]   Traces: 3591  Samples: 2750  dt: 4.000 ms
[09:41:27] [INFO ]   Depth:  0.0 m → 8247.0 m
[09:41:27] [INFO ]   Matching traces to navigation...
[09:41:27] [INFO ]   NAV line matched via translation: 'f1088stk32' -> '32'
[09:41:27] [INFO ]   Matched 3591 / 3591 traces
[09:41:27] [INFO ]   Bandpass filtering...
[09:41:27] [INFO ]   Computing seismic attributes...
[09:41:28] [INFO ]   Picking seafloor...
[09:41:28] [INFO ]   Seafloor depth: 3009–4569 m  (0 shallow traces masked)
[09:41:28] [INFO ]   Picking horizons...
[09:41:28] [INFO ]   Computing NCC coherence (slow)...
[09:41:29] [INFO ]   Saving CNN section image...
[09:41:30] [INFO ]   Saved: f1088stk32_section_cnn.png  (2700x1500px)
[09:41:30] [INFO ]   Step 1 complete
[09:41:30] [INFO ] 
[09:41:30] [INFO ] STEP 2 — Fault detection
[09:41:30] [INFO ]   Mode: single SA run (seed=42)
[09:41:33] [INFO ]   Detected 1 high-confidence faults
[09:41:33] [INFO ]     Fault  1 | trace ~  541 | prob=0.753
[09:41:33] [INFO ]   Step 2 complete
[09:41:33] [INFO ] 
[09:41:33] [INFO ] STEP 3 — Bounding boxes
[09:41:33] [INFO ]   Box  1 | [358, 668, 104w, 128h px]
[09:41:33] [INFO ]   Generated 1 boxes
[09:41:33] [INFO ]   Step 3 complete
[09:41:33] [INFO ] 
[09:41:33] [INFO ] STEP 4 — Dataset building
[09:41:33] [INFO ]   Saving labeled review image...
[09:41:33] [INFO ]   Saved: f1088stk32_labeled.png
[09:41:33] [INFO ]   Split: train
[09:41:33] [INFO ]   Added 1 annotations to train.json
[09:41:33] [INFO ]   train.json: 25 images, 17 annotations
[09:41:33] [INFO ]   val.json:   7 images,  3 annotations
[09:41:33] [INFO ]   Step 4 complete
[09:41:33] [INFO ] 
[09:41:33] [INFO ]   DONE  f1088stk32  →  train  |  1 faults  |  1 boxes
[09:41:33] [INFO ] 
[09:41:33] [INFO ] ──────────────────────────────────────────────────
[09:41:33] [INFO ]   LINE: f1088stk33
[09:41:33] [INFO ] ──────────────────────────────────────────────────
[09:41:33] [INFO ] Dataset  : namss.F-10-88-HW.mcs.airgun
[09:41:33] [INFO ] SGY      : ../../airgun_data/namss.F-10-88-HW.mcs.airgun/Data/f1088stk33.sgy
[09:41:33] [INFO ] NAV      : ../../airgun_data/namss.F-10-88-HW.mcs.airgun/Navigation/f-10-88-hw_NAV-WGS84.csv
[09:41:33] [INFO ] SA mode  : single (seed=42)
[09:41:33] [INFO ] 
[09:41:33] [INFO ] STEP 1 — Feature extraction
[09:41:33] [INFO ]   Loading navigation...
[09:41:33] [INFO ]   Loading SEG-Y...
[09:41:33] [INFO ]   Traces: 891  Samples: 2750  dt: 4.000 ms
[09:41:33] [INFO ]   Depth:  0.0 m → 8247.0 m
[09:41:33] [INFO ]   Matching traces to navigation...
[09:41:33] [INFO ]   NAV line matched via translation: 'f1088stk33' -> '33'
[09:41:33] [INFO ]   Matched 891 / 891 traces
[09:41:33] [INFO ]   Bandpass filtering...
[09:41:33] [INFO ]   Computing seismic attributes...
[09:41:33] [INFO ]   Picking seafloor...
[09:41:34] [INFO ]   Seafloor depth: 4248–4422 m  (0 shallow traces masked)
[09:41:34] [INFO ]   Picking horizons...
[09:41:34] [INFO ]   Computing NCC coherence (slow)...
[09:41:34] [INFO ]   Saving CNN section image...
[09:41:34] [INFO ]   Saved: f1088stk33_section_cnn.png  (2700x1500px)
[09:41:34] [INFO ]   Step 1 complete
[09:41:34] [INFO ] 
[09:41:34] [INFO ] STEP 2 — Fault detection
[09:41:34] [INFO ]   Mode: single SA run (seed=42)
[09:41:35] [INFO ]   Detected 0 high-confidence faults
[09:41:35] [INFO ]   Step 2 complete
[09:41:35] [INFO ] 
[09:41:35] [INFO ] STEP 3 — Bounding boxes
[09:41:35] [INFO ]   Generated 0 boxes
[09:41:35] [INFO ]   Step 3 complete
[09:41:35] [INFO ] 
[09:41:35] [INFO ] STEP 4 — Dataset building
[09:41:35] [INFO ]   Saving labeled review image...
[09:41:35] [INFO ]   Saved: f1088stk33_labeled.png
[09:41:35] [INFO ]   Split: train
[09:41:35] [INFO ]   Added 0 annotations to train.json
[09:41:35] [INFO ]   train.json: 26 images, 17 annotations
[09:41:35] [INFO ]   val.json:   7 images,  3 annotations
[09:41:35] [INFO ]   Step 4 complete
[09:41:35] [INFO ] 
[09:41:35] [INFO ]   DONE  f1088stk33  →  train  |  0 faults  |  0 boxes
[09:41:35] [INFO ] 
[09:41:35] [INFO ] ──────────────────────────────────────────────────
[09:41:35] [INFO ]   LINE: f1088stk34
[09:41:35] [INFO ] ──────────────────────────────────────────────────
[09:41:35] [INFO ] Dataset  : namss.F-10-88-HW.mcs.airgun
[09:41:35] [INFO ] SGY      : ../../airgun_data/namss.F-10-88-HW.mcs.airgun/Data/f1088stk34.sgy
[09:41:35] [INFO ] NAV      : ../../airgun_data/namss.F-10-88-HW.mcs.airgun/Navigation/f-10-88-hw_NAV-WGS84.csv
[09:41:35] [INFO ] SA mode  : single (seed=42)
[09:41:35] [INFO ] 
[09:41:35] [INFO ] STEP 1 — Feature extraction
[09:41:35] [INFO ]   Loading navigation...
[09:41:35] [INFO ]   Loading SEG-Y...
[09:41:35] [INFO ]   Traces: 2521  Samples: 2750  dt: 4.000 ms
[09:41:35] [INFO ]   Depth:  0.0 m → 8247.0 m
[09:41:35] [INFO ]   Matching traces to navigation...
[09:41:35] [INFO ]   NAV line matched via translation: 'f1088stk34' -> '34'
[09:41:36] [INFO ]   Matched 2521 / 2521 traces
[09:41:36] [INFO ]   Bandpass filtering...
[09:41:36] [INFO ]   Computing seismic attributes...
[09:41:36] [INFO ]   Picking seafloor...
[09:41:36] [INFO ]   Seafloor depth: 3624–4557 m  (0 shallow traces masked)
[09:41:36] [INFO ]   Picking horizons...
[09:41:36] [INFO ]   Computing NCC coherence (slow)...
[09:41:37] [INFO ]   Saving CNN section image...
[09:41:37] [INFO ]   Saved: f1088stk34_section_cnn.png  (2700x1500px)
[09:41:37] [INFO ]   Step 1 complete
[09:41:37] [INFO ] 
[09:41:37] [INFO ] STEP 2 — Fault detection
[09:41:37] [INFO ]   Mode: single SA run (seed=42)
[09:41:39] [INFO ]   Detected 1 high-confidence faults
[09:41:39] [INFO ]     Fault  1 | trace ~ 2493 | prob=0.766
[09:41:39] [INFO ]   Step 2 complete
[09:41:39] [INFO ] 
[09:41:39] [INFO ] STEP 3 — Bounding boxes
[09:41:39] [INFO ]   Box  1 | [2586, 653, 114w, 122h px]
[09:41:39] [INFO ]   Generated 1 boxes
[09:41:39] [INFO ]   Step 3 complete
[09:41:39] [INFO ] 
[09:41:39] [INFO ] STEP 4 — Dataset building
[09:41:39] [INFO ]   Saving labeled review image...
[09:41:39] [INFO ]   Saved: f1088stk34_labeled.png
[09:41:39] [INFO ]   Split: train
[09:41:39] [INFO ]   Added 1 annotations to train.json
[09:41:39] [INFO ]   train.json: 27 images, 18 annotations
[09:41:39] [INFO ]   val.json:   7 images,  3 annotations
[09:41:39] [INFO ]   Step 4 complete
[09:41:39] [INFO ] 
[09:41:39] [INFO ]   DONE  f1088stk34  →  train  |  1 faults  |  1 boxes
[09:41:39] [INFO ] 
[09:41:39] [INFO ] ──────────────────────────────────────────────────
[09:41:39] [INFO ]   LINE: f1289stk01
[09:41:39] [INFO ] ──────────────────────────────────────────────────
[09:41:39] [INFO ] Dataset  : namss.F-12-89-HW.mcs.airgun
[09:41:39] [INFO ] SGY      : ../../airgun_data/namss.F-12-89-HW.mcs.airgun/Data/f1289stk01.sgy
[09:41:39] [INFO ] NAV      : ../../airgun_data/namss.F-12-89-HW.mcs.airgun/Navigation/f-12-89-hw_NAV-WGS84.csv
[09:41:39] [INFO ] SA mode  : single (seed=42)
[09:41:39] [INFO ] 
[09:41:39] [INFO ] STEP 1 — Feature extraction
[09:41:39] [INFO ]   Loading navigation...
[09:41:39] [INFO ]   Loading SEG-Y...
[09:41:40] [INFO ]   Traces: 6864  Samples: 2750  dt: 4.000 ms
[09:41:40] [INFO ]   Depth:  0.0 m → 8247.0 m
[09:41:40] [INFO ]   Matching traces to navigation...
[09:41:40] [INFO ]   NAV line matched via translation: 'f1289stk01' -> '1'
[09:41:40] [INFO ]   Matched 6864 / 6864 traces
[09:41:40] [INFO ]   Bandpass filtering...
[09:41:40] [INFO ]   Computing seismic attributes...
[09:41:41] [INFO ]   Picking seafloor...
[09:41:42] [INFO ]   Seafloor depth: 345–4365 m  (237 shallow traces masked)
[09:41:42] [INFO ]   Picking horizons...
[09:41:42] [INFO ]   Computing NCC coherence (slow)...
[09:41:43] [INFO ]   Saving CNN section image...
[09:41:44] [INFO ]   Saved: f1289stk01_section_cnn.png  (2700x1500px)
[09:41:44] [INFO ]   Step 1 complete
[09:41:44] [INFO ] 
[09:41:44] [INFO ] STEP 2 — Fault detection
[09:41:44] [INFO ]   Mode: single SA run (seed=42)
[09:41:51] [INFO ]   Detected 0 high-confidence faults
[09:41:51] [INFO ]   Step 2 complete
[09:41:51] [INFO ] 
[09:41:51] [INFO ] STEP 3 — Bounding boxes
[09:41:51] [INFO ]   Generated 0 boxes
[09:41:51] [INFO ]   Step 3 complete
[09:41:51] [INFO ] 
[09:41:51] [INFO ] STEP 4 — Dataset building
[09:41:51] [INFO ]   Saving labeled review image...
[09:41:51] [INFO ]   Saved: f1289stk01_labeled.png
[09:41:51] [INFO ]   Split: train
[09:41:51] [INFO ]   Added 0 annotations to train.json
[09:41:51] [INFO ]   train.json: 28 images, 18 annotations
[09:41:51] [INFO ]   val.json:   7 images,  3 annotations
[09:41:51] [INFO ]   Step 4 complete
[09:41:51] [INFO ] 
[09:41:51] [INFO ]   DONE  f1289stk01  →  train  |  0 faults  |  0 boxes
[09:41:51] [INFO ] 
[09:41:51] [INFO ] ──────────────────────────────────────────────────
[09:41:51] [INFO ]   LINE: f1289stk02
[09:41:51] [INFO ] ──────────────────────────────────────────────────
[09:41:51] [INFO ] Dataset  : namss.F-12-89-HW.mcs.airgun
[09:41:51] [INFO ] SGY      : ../../airgun_data/namss.F-12-89-HW.mcs.airgun/Data/f1289stk02.sgy
[09:41:51] [INFO ] NAV      : ../../airgun_data/namss.F-12-89-HW.mcs.airgun/Navigation/f-12-89-hw_NAV-WGS84.csv
[09:41:51] [INFO ] SA mode  : single (seed=42)
[09:41:51] [INFO ] 
[09:41:51] [INFO ] STEP 1 — Feature extraction
[09:41:51] [INFO ]   Loading navigation...
[09:41:51] [INFO ]   Loading SEG-Y...
[09:41:51] [INFO ]   Traces: 730  Samples: 1750  dt: 4.000 ms
[09:41:51] [INFO ]   Depth:  0.0 m → 5247.0 m
[09:41:51] [INFO ]   Matching traces to navigation...
[09:41:51] [INFO ]   NAV line matched via translation: 'f1289stk02' -> '2'
[09:41:51] [INFO ]   Matched 730 / 730 traces
[09:41:51] [INFO ]   Bandpass filtering...
[09:41:51] [INFO ]   Computing seismic attributes...
[09:41:52] [INFO ]   Picking seafloor...
[09:41:52] [INFO ]   Seafloor depth: 891–1149 m  (0 shallow traces masked)
[09:41:52] [INFO ]   Picking horizons...
[09:41:52] [INFO ]   Computing NCC coherence (slow)...
[09:41:52] [INFO ]   Saving CNN section image...
[09:41:52] [INFO ]   Saved: f1289stk02_section_cnn.png  (2700x1500px)
[09:41:52] [INFO ]   Step 1 complete
[09:41:52] [INFO ] 
[09:41:52] [INFO ] STEP 2 — Fault detection
[09:41:52] [INFO ]   Mode: single SA run (seed=42)
[09:41:53] [INFO ]   Detected 0 high-confidence faults
[09:41:53] [INFO ]   Step 2 complete
[09:41:53] [INFO ] 
[09:41:53] [INFO ] STEP 3 — Bounding boxes
[09:41:53] [INFO ]   Generated 0 boxes
[09:41:53] [INFO ]   Step 3 complete
[09:41:53] [INFO ] 
[09:41:53] [INFO ] STEP 4 — Dataset building
[09:41:53] [INFO ]   Saving labeled review image...
[09:41:53] [INFO ]   Saved: f1289stk02_labeled.png
[09:41:53] [INFO ]   Split: val
[09:41:53] [INFO ]   Added 0 annotations to val.json
[09:41:53] [INFO ]   train.json: 28 images, 18 annotations
[09:41:53] [INFO ]   val.json:   8 images,  3 annotations
[09:41:53] [INFO ]   Step 4 complete
[09:41:53] [INFO ] 
[09:41:53] [INFO ]   DONE  f1289stk02  →  val  |  0 faults  |  0 boxes
[09:41:53] [INFO ] 
[09:41:53] [INFO ] ──────────────────────────────────────────────────
[09:41:53] [INFO ]   LINE: f1289stk03
[09:41:53] [INFO ] ──────────────────────────────────────────────────
[09:41:53] [INFO ] Dataset  : namss.F-12-89-HW.mcs.airgun
[09:41:53] [INFO ] SGY      : ../../airgun_data/namss.F-12-89-HW.mcs.airgun/Data/f1289stk03.sgy
[09:41:53] [INFO ] NAV      : ../../airgun_data/namss.F-12-89-HW.mcs.airgun/Navigation/f-12-89-hw_NAV-WGS84.csv
[09:41:53] [INFO ] SA mode  : single (seed=42)
[09:41:53] [INFO ] 
[09:41:53] [INFO ] STEP 1 — Feature extraction
[09:41:53] [INFO ]   Loading navigation...
[09:41:53] [INFO ]   Loading SEG-Y...
[09:41:53] [INFO ]   Traces: 715  Samples: 2750  dt: 4.000 ms
[09:41:53] [INFO ]   Depth:  0.0 m → 8247.0 m
[09:41:53] [INFO ]   Matching traces to navigation...
[09:41:53] [INFO ]   NAV line matched via translation: 'f1289stk03' -> '3'
[09:41:53] [INFO ]   Matched 0 / 715 traces
[09:41:53] [ERROR] SKIPPING f1289stk03 (namss.F-12-89-HW.mcs.airgun): No traces matched navigation — check line name vs NAV file.
[09:41:53] [ERROR]   Traceback (most recent call last):
[09:41:53] [ERROR]     File "/Users/lennylukach/Personal/School/CS4100/namss/pipeline/src/pipeline.py", line 848, in <module>
[09:41:53] [ERROR]       process_line(line, sgy_path, nav_path, dataset)
[09:41:53] [ERROR]     File "/Users/lennylukach/Personal/School/CS4100/namss/pipeline/src/pipeline.py", line 431, in process_line
[09:41:53] [ERROR]       raise RuntimeError(
[09:41:53] [ERROR]   RuntimeError: No traces matched navigation — check line name vs NAV file.
[09:41:53] [INFO ] 
[09:41:53] [INFO ] ──────────────────────────────────────────────────
[09:41:53] [INFO ]   LINE: f1289stk04
[09:41:53] [INFO ] ──────────────────────────────────────────────────
[09:41:53] [INFO ] Dataset  : namss.F-12-89-HW.mcs.airgun
[09:41:53] [INFO ] SGY      : ../../airgun_data/namss.F-12-89-HW.mcs.airgun/Data/f1289stk04.sgy
[09:41:53] [INFO ] NAV      : ../../airgun_data/namss.F-12-89-HW.mcs.airgun/Navigation/f-12-89-hw_NAV-WGS84.csv
[09:41:53] [INFO ] SA mode  : single (seed=42)
[09:41:53] [INFO ] 
[09:41:53] [INFO ] STEP 1 — Feature extraction
[09:41:53] [INFO ]   Loading navigation...
[09:41:53] [INFO ]   Loading SEG-Y...
[09:41:54] [INFO ]   Traces: 5992  Samples: 2500  dt: 4.000 ms
[09:41:54] [INFO ]   Depth:  0.0 m → 7497.0 m
[09:41:54] [INFO ]   Matching traces to navigation...
[09:41:54] [INFO ]   NAV line matched via translation: 'f1289stk04' -> '4'
[09:41:54] [INFO ]   Matched 5992 / 5992 traces
[09:41:54] [INFO ]   Bandpass filtering...
[09:41:54] [INFO ]   Computing seismic attributes...
[09:41:55] [INFO ]   Picking seafloor...
[09:41:55] [INFO ]   Seafloor depth: 0–4122 m  (10 shallow traces masked)
[09:41:55] [INFO ]   Picking horizons...
[09:41:56] [INFO ]   Computing NCC coherence (slow)...
[09:41:56] [INFO ]   Saving CNN section image...
[09:41:57] [INFO ]   Saved: f1289stk04_section_cnn.png  (2700x1500px)
[09:41:57] [INFO ]   Step 1 complete
[09:41:57] [INFO ] 
[09:41:57] [INFO ] STEP 2 — Fault detection
[09:41:57] [INFO ]   Mode: single SA run (seed=42)
[09:42:03] [INFO ]   Detected 0 high-confidence faults
[09:42:03] [INFO ]   Step 2 complete
[09:42:03] [INFO ] 
[09:42:03] [INFO ] STEP 3 — Bounding boxes
[09:42:03] [INFO ]   Generated 0 boxes
[09:42:03] [INFO ]   Step 3 complete
[09:42:03] [INFO ] 
[09:42:03] [INFO ] STEP 4 — Dataset building
[09:42:03] [INFO ]   Saving labeled review image...
[09:42:03] [INFO ]   Saved: f1289stk04_labeled.png
[09:42:03] [INFO ]   Split: train
[09:42:03] [INFO ]   Added 0 annotations to train.json
[09:42:03] [INFO ]   train.json: 29 images, 18 annotations
[09:42:03] [INFO ]   val.json:   8 images,  3 annotations
[09:42:03] [INFO ]   Step 4 complete
[09:42:03] [INFO ] 
[09:42:03] [INFO ]   DONE  f1289stk04  →  train  |  0 faults  |  0 boxes
[09:42:03] [INFO ] 
[09:42:03] [INFO ] ──────────────────────────────────────────────────
[09:42:03] [INFO ]   LINE: f1289stk05
[09:42:03] [INFO ] ──────────────────────────────────────────────────
[09:42:03] [INFO ] Dataset  : namss.F-12-89-HW.mcs.airgun
[09:42:03] [INFO ] SGY      : ../../airgun_data/namss.F-12-89-HW.mcs.airgun/Data/f1289stk05.sgy
[09:42:03] [INFO ] NAV      : ../../airgun_data/namss.F-12-89-HW.mcs.airgun/Navigation/f-12-89-hw_NAV-WGS84.csv
[09:42:03] [INFO ] SA mode  : single (seed=42)
[09:42:03] [INFO ] 
[09:42:03] [INFO ] STEP 1 — Feature extraction
[09:42:03] [INFO ]   Loading navigation...
[09:42:04] [INFO ]   Loading SEG-Y...
[09:42:04] [INFO ]   Traces: 855  Samples: 1500  dt: 4.000 ms
[09:42:04] [INFO ]   Depth:  0.0 m → 4497.0 m
[09:42:04] [INFO ]   Matching traces to navigation...
[09:42:04] [INFO ]   NAV line matched via translation: 'f1289stk05' -> '5'
[09:42:04] [INFO ]   Matched 660 / 855 traces
[09:42:04] [INFO ]   Bandpass filtering...
[09:42:04] [INFO ]   Computing seismic attributes...
[09:42:04] [INFO ]   Picking seafloor...
[09:42:04] [INFO ]   Seafloor depth: 636–840 m  (0 shallow traces masked)
[09:42:04] [INFO ]   Picking horizons...
[09:42:04] [INFO ]   Computing NCC coherence (slow)...
[09:42:04] [INFO ]   Saving CNN section image...
[09:42:04] [INFO ]   Saved: f1289stk05_section_cnn.png  (2700x1500px)
[09:42:04] [INFO ]   Step 1 complete
[09:42:04] [INFO ] 
[09:42:04] [INFO ] STEP 2 — Fault detection
[09:42:04] [INFO ]   Mode: single SA run (seed=42)
[09:42:05] [INFO ]   Detected 0 high-confidence faults
[09:42:05] [INFO ]   Step 2 complete
[09:42:05] [INFO ] 
[09:42:05] [INFO ] STEP 3 — Bounding boxes
[09:42:05] [INFO ]   Generated 0 boxes
[09:42:05] [INFO ]   Step 3 complete
[09:42:05] [INFO ] 
[09:42:05] [INFO ] STEP 4 — Dataset building
[09:42:05] [INFO ]   Saving labeled review image...
[09:42:05] [INFO ]   Saved: f1289stk05_labeled.png
[09:42:05] [INFO ]   Split: train
[09:42:05] [INFO ]   Added 0 annotations to train.json
[09:42:05] [INFO ]   train.json: 30 images, 18 annotations
[09:42:05] [INFO ]   val.json:   8 images,  3 annotations
[09:42:05] [INFO ]   Step 4 complete
[09:42:05] [INFO ] 
[09:42:05] [INFO ]   DONE  f1289stk05  →  train  |  0 faults  |  0 boxes
[09:42:05] [INFO ] 
[09:42:05] [INFO ] ──────────────────────────────────────────────────
[09:42:05] [INFO ]   LINE: f1289stk06
[09:42:05] [INFO ] ──────────────────────────────────────────────────
[09:42:05] [INFO ] Dataset  : namss.F-12-89-HW.mcs.airgun
[09:42:05] [INFO ] SGY      : ../../airgun_data/namss.F-12-89-HW.mcs.airgun/Data/f1289stk06.sgy
[09:42:05] [INFO ] NAV      : ../../airgun_data/namss.F-12-89-HW.mcs.airgun/Navigation/f-12-89-hw_NAV-WGS84.csv
[09:42:05] [INFO ] SA mode  : single (seed=42)
[09:42:05] [INFO ] 
[09:42:05] [INFO ] STEP 1 — Feature extraction
[09:42:05] [INFO ]   Loading navigation...
[09:42:05] [INFO ]   Loading SEG-Y...
[09:42:05] [INFO ]   Traces: 12610  Samples: 2750  dt: 4.000 ms
[09:42:05] [INFO ]   Depth:  0.0 m → 8247.0 m
[09:42:05] [INFO ]   Matching traces to navigation...
[09:42:05] [INFO ]   NAV line matched via translation: 'f1289stk06' -> '6'
[09:42:06] [INFO ]   Matched 3892 / 12610 traces
[09:42:06] [INFO ]   Bandpass filtering...
[09:42:06] [INFO ]   Computing seismic attributes...
[09:42:07] [INFO ]   Picking seafloor...
[09:42:07] [INFO ]   Seafloor depth: 579–5151 m  (94 shallow traces masked)
[09:42:07] [INFO ]   Picking horizons...
[09:42:07] [INFO ]   Computing NCC coherence (slow)...
[09:42:08] [INFO ]   Saving CNN section image...
[09:42:09] [INFO ]   Saved: f1289stk06_section_cnn.png  (2700x1500px)
[09:42:09] [INFO ]   Step 1 complete
[09:42:09] [INFO ] 
[09:42:09] [INFO ] STEP 2 — Fault detection
[09:42:09] [INFO ]   Mode: single SA run (seed=42)
[09:42:12] [INFO ]   Detected 0 high-confidence faults
[09:42:12] [INFO ]   Step 2 complete
[09:42:12] [INFO ] 
[09:42:12] [INFO ] STEP 3 — Bounding boxes
[09:42:12] [INFO ]   Generated 0 boxes
[09:42:12] [INFO ]   Step 3 complete
[09:42:12] [INFO ] 
[09:42:12] [INFO ] STEP 4 — Dataset building
[09:42:12] [INFO ]   Saving labeled review image...
[09:42:12] [INFO ]   Saved: f1289stk06_labeled.png
[09:42:12] [INFO ]   Split: train
[09:42:12] [INFO ]   Added 0 annotations to train.json
[09:42:12] [INFO ]   train.json: 31 images, 18 annotations
[09:42:12] [INFO ]   val.json:   8 images,  3 annotations
[09:42:12] [INFO ]   Step 4 complete
[09:42:12] [INFO ] 
[09:42:12] [INFO ]   DONE  f1289stk06  →  train  |  0 faults  |  0 boxes
[09:42:12] [INFO ] 
[09:42:12] [INFO ] ──────────────────────────────────────────────────
[09:42:12] [INFO ]   LINE: f1289stk07
[09:42:12] [INFO ] ──────────────────────────────────────────────────
[09:42:12] [INFO ] Dataset  : namss.F-12-89-HW.mcs.airgun
[09:42:12] [INFO ] SGY      : ../../airgun_data/namss.F-12-89-HW.mcs.airgun/Data/f1289stk07.sgy
[09:42:12] [INFO ] NAV      : ../../airgun_data/namss.F-12-89-HW.mcs.airgun/Navigation/f-12-89-hw_NAV-WGS84.csv
[09:42:12] [INFO ] SA mode  : single (seed=42)
[09:42:12] [INFO ] 
[09:42:12] [INFO ] STEP 1 — Feature extraction
[09:42:12] [INFO ]   Loading navigation...
[09:42:13] [INFO ]   Loading SEG-Y...
[09:42:13] [INFO ]   Traces: 598  Samples: 2250  dt: 4.000 ms
[09:42:13] [INFO ]   Depth:  0.0 m → 6747.0 m
[09:42:13] [INFO ]   Matching traces to navigation...
[09:42:13] [INFO ]   NAV line matched via translation: 'f1289stk07' -> '7'
[09:42:13] [INFO ]   Matched 0 / 598 traces
[09:42:13] [ERROR] SKIPPING f1289stk07 (namss.F-12-89-HW.mcs.airgun): No traces matched navigation — check line name vs NAV file.
[09:42:13] [ERROR]   Traceback (most recent call last):
[09:42:13] [ERROR]     File "/Users/lennylukach/Personal/School/CS4100/namss/pipeline/src/pipeline.py", line 848, in <module>
[09:42:13] [ERROR]       process_line(line, sgy_path, nav_path, dataset)
[09:42:13] [ERROR]     File "/Users/lennylukach/Personal/School/CS4100/namss/pipeline/src/pipeline.py", line 431, in process_line
[09:42:13] [ERROR]       raise RuntimeError(
[09:42:13] [ERROR]   RuntimeError: No traces matched navigation — check line name vs NAV file.
[09:42:13] [INFO ] 
[09:42:13] [INFO ] ──────────────────────────────────────────────────
[09:42:13] [INFO ]   LINE: f1289stk08
[09:42:13] [INFO ] ──────────────────────────────────────────────────
[09:42:13] [INFO ] Dataset  : namss.F-12-89-HW.mcs.airgun
[09:42:13] [INFO ] SGY      : ../../airgun_data/namss.F-12-89-HW.mcs.airgun/Data/f1289stk08.sgy
[09:42:13] [INFO ] NAV      : ../../airgun_data/namss.F-12-89-HW.mcs.airgun/Navigation/f-12-89-hw_NAV-WGS84.csv
[09:42:13] [INFO ] SA mode  : single (seed=42)
[09:42:13] [INFO ] 
[09:42:13] [INFO ] STEP 1 — Feature extraction
[09:42:13] [INFO ]   Loading navigation...
[09:42:13] [INFO ]   Loading SEG-Y...
[09:42:13] [INFO ]   Traces: 12723  Samples: 2750  dt: 4.000 ms
[09:42:13] [INFO ]   Depth:  0.0 m → 8247.0 m
[09:42:13] [INFO ]   Matching traces to navigation...
[09:42:13] [INFO ]   NAV line matched via translation: 'f1289stk08' -> '8'
[09:42:14] [INFO ]   Matched 12723 / 12723 traces
[09:42:14] [INFO ]   Bandpass filtering...
[09:42:15] [INFO ]   Computing seismic attributes...
[09:42:16] [INFO ]   Picking seafloor...
[09:42:17] [INFO ]   Seafloor depth: 735–5142 m  (0 shallow traces masked)
[09:42:17] [INFO ]   Picking horizons...
[09:42:18] [INFO ]   Computing NCC coherence (slow)...
[09:42:19] [INFO ]   Saving CNN section image...
[09:42:21] [INFO ]   Saved: f1289stk08_section_cnn.png  (2700x1500px)
[09:42:21] [INFO ]   Step 1 complete
[09:42:21] [INFO ] 
[09:42:21] [INFO ] STEP 2 — Fault detection
[09:42:21] [INFO ]   Mode: single SA run (seed=42)
[09:42:36] [INFO ]   Detected 0 high-confidence faults
[09:42:36] [INFO ]   Step 2 complete
[09:42:36] [INFO ] 
[09:42:36] [INFO ] STEP 3 — Bounding boxes
[09:42:36] [INFO ]   Generated 0 boxes
[09:42:36] [INFO ]   Step 3 complete
[09:42:36] [INFO ] 
[09:42:36] [INFO ] STEP 4 — Dataset building
[09:42:36] [INFO ]   Saving labeled review image...
[09:42:36] [INFO ]   Saved: f1289stk08_labeled.png
[09:42:36] [INFO ]   Split: train
[09:42:36] [INFO ]   Added 0 annotations to train.json
[09:42:36] [INFO ]   train.json: 32 images, 18 annotations
[09:42:36] [INFO ]   val.json:   8 images,  3 annotations
[09:42:36] [INFO ]   Step 4 complete
[09:42:36] [INFO ] 
[09:42:36] [INFO ]   DONE  f1289stk08  →  train  |  0 faults  |  0 boxes
[09:42:36] [INFO ] 
[09:42:36] [INFO ] ──────────────────────────────────────────────────
[09:42:36] [INFO ]   LINE: f1289stk09
[09:42:36] [INFO ] ──────────────────────────────────────────────────
[09:42:36] [INFO ] Dataset  : namss.F-12-89-HW.mcs.airgun
[09:42:36] [INFO ] SGY      : ../../airgun_data/namss.F-12-89-HW.mcs.airgun/Data/f1289stk09.sgy
[09:42:36] [INFO ] NAV      : ../../airgun_data/namss.F-12-89-HW.mcs.airgun/Navigation/f-12-89-hw_NAV-WGS84.csv
[09:42:36] [INFO ] SA mode  : single (seed=42)
[09:42:36] [INFO ] 
[09:42:36] [INFO ] STEP 1 — Feature extraction
[09:42:36] [INFO ]   Loading navigation...
[09:42:36] [INFO ]   Loading SEG-Y...
[09:42:36] [INFO ]   Traces: 354  Samples: 1750  dt: 4.000 ms
[09:42:36] [INFO ]   Depth:  0.0 m → 5247.0 m
[09:42:36] [INFO ]   Matching traces to navigation...
[09:42:36] [INFO ]   NAV line matched via translation: 'f1289stk09' -> '9'
[09:42:36] [INFO ]   Matched 0 / 354 traces
[09:42:36] [ERROR] SKIPPING f1289stk09 (namss.F-12-89-HW.mcs.airgun): No traces matched navigation — check line name vs NAV file.
[09:42:36] [ERROR]   Traceback (most recent call last):
[09:42:36] [ERROR]     File "/Users/lennylukach/Personal/School/CS4100/namss/pipeline/src/pipeline.py", line 848, in <module>
[09:42:36] [ERROR]       process_line(line, sgy_path, nav_path, dataset)
[09:42:36] [ERROR]     File "/Users/lennylukach/Personal/School/CS4100/namss/pipeline/src/pipeline.py", line 431, in process_line
[09:42:36] [ERROR]       raise RuntimeError(
[09:42:36] [ERROR]   RuntimeError: No traces matched navigation — check line name vs NAV file.
[09:42:36] [INFO ] 
[09:42:36] [INFO ] ──────────────────────────────────────────────────
[09:42:36] [INFO ]   LINE: f1289stk10
[09:42:36] [INFO ] ──────────────────────────────────────────────────
[09:42:36] [INFO ] Dataset  : namss.F-12-89-HW.mcs.airgun
[09:42:36] [INFO ] SGY      : ../../airgun_data/namss.F-12-89-HW.mcs.airgun/Data/f1289stk10.sgy
[09:42:36] [INFO ] NAV      : ../../airgun_data/namss.F-12-89-HW.mcs.airgun/Navigation/f-12-89-hw_NAV-WGS84.csv
[09:42:36] [INFO ] SA mode  : single (seed=42)
[09:42:36] [INFO ] 
[09:42:36] [INFO ] STEP 1 — Feature extraction
[09:42:36] [INFO ]   Loading navigation...
[09:42:36] [INFO ]   Loading SEG-Y...
[09:42:37] [INFO ]   Traces: 11635  Samples: 2750  dt: 4.000 ms
[09:42:37] [INFO ]   Depth:  0.0 m → 8247.0 m
[09:42:37] [INFO ]   Matching traces to navigation...
[09:42:37] [INFO ]   NAV line matched via translation: 'f1289stk10' -> '10'
[09:42:38] [INFO ]   Matched 11635 / 11635 traces
[09:42:38] [INFO ]   Bandpass filtering...
[09:42:38] [INFO ]   Computing seismic attributes...
[09:42:39] [INFO ]   Picking seafloor...
[09:42:40] [INFO ]   Seafloor depth: 1683–5082 m  (0 shallow traces masked)
[09:42:40] [INFO ]   Picking horizons...
[09:42:41] [INFO ]   Computing NCC coherence (slow)...
[09:42:42] [INFO ]   Saving CNN section image...
[09:42:44] [INFO ]   Saved: f1289stk10_section_cnn.png  (2700x1500px)
[09:42:44] [INFO ]   Step 1 complete
[09:42:44] [INFO ] 
[09:42:44] [INFO ] STEP 2 — Fault detection
[09:42:44] [INFO ]   Mode: single SA run (seed=42)
[09:42:56] [INFO ]   Detected 0 high-confidence faults
[09:42:56] [INFO ]   Step 2 complete
[09:42:56] [INFO ] 
[09:42:56] [INFO ] STEP 3 — Bounding boxes
[09:42:56] [INFO ]   Generated 0 boxes
[09:42:56] [INFO ]   Step 3 complete
[09:42:56] [INFO ] 
[09:42:56] [INFO ] STEP 4 — Dataset building
[09:42:56] [INFO ]   Saving labeled review image...
[09:42:56] [INFO ]   Saved: f1289stk10_labeled.png
[09:42:56] [INFO ]   Split: train
[09:42:56] [INFO ]   Added 0 annotations to train.json
[09:42:56] [INFO ]   train.json: 33 images, 18 annotations
[09:42:56] [INFO ]   val.json:   8 images,  3 annotations
[09:42:56] [INFO ]   Step 4 complete
[09:42:56] [INFO ] 
[09:42:56] [INFO ]   DONE  f1289stk10  →  train  |  0 faults  |  0 boxes
[09:42:56] [INFO ] 
[09:42:56] [INFO ] ──────────────────────────────────────────────────
[09:42:56] [INFO ]   LINE: f1289stk11
[09:42:56] [INFO ] ──────────────────────────────────────────────────
[09:42:56] [INFO ] Dataset  : namss.F-12-89-HW.mcs.airgun
[09:42:56] [INFO ] SGY      : ../../airgun_data/namss.F-12-89-HW.mcs.airgun/Data/f1289stk11.sgy
[09:42:56] [INFO ] NAV      : ../../airgun_data/namss.F-12-89-HW.mcs.airgun/Navigation/f-12-89-hw_NAV-WGS84.csv
[09:42:56] [INFO ] SA mode  : single (seed=42)
[09:42:56] [INFO ] 
[09:42:56] [INFO ] STEP 1 — Feature extraction
[09:42:56] [INFO ]   Loading navigation...
[09:42:56] [INFO ]   Loading SEG-Y...
[09:42:56] [INFO ]   Traces: 604  Samples: 2750  dt: 4.000 ms
[09:42:56] [INFO ]   Depth:  0.0 m → 8247.0 m
[09:42:56] [INFO ]   Matching traces to navigation...
[09:42:56] [INFO ]   NAV line matched via translation: 'f1289stk11' -> '11'
[09:42:56] [INFO ]   Matched 0 / 604 traces
[09:42:56] [ERROR] SKIPPING f1289stk11 (namss.F-12-89-HW.mcs.airgun): No traces matched navigation — check line name vs NAV file.
[09:42:56] [ERROR]   Traceback (most recent call last):
[09:42:56] [ERROR]     File "/Users/lennylukach/Personal/School/CS4100/namss/pipeline/src/pipeline.py", line 848, in <module>
[09:42:56] [ERROR]       process_line(line, sgy_path, nav_path, dataset)
[09:42:56] [ERROR]     File "/Users/lennylukach/Personal/School/CS4100/namss/pipeline/src/pipeline.py", line 431, in process_line
[09:42:56] [ERROR]       raise RuntimeError(
[09:42:56] [ERROR]   RuntimeError: No traces matched navigation — check line name vs NAV file.
[09:42:56] [INFO ] 
[09:42:56] [INFO ] ──────────────────────────────────────────────────
[09:42:56] [INFO ]   LINE: f1289stk12
[09:42:56] [INFO ] ──────────────────────────────────────────────────
[09:42:56] [INFO ] Dataset  : namss.F-12-89-HW.mcs.airgun
[09:42:56] [INFO ] SGY      : ../../airgun_data/namss.F-12-89-HW.mcs.airgun/Data/f1289stk12.sgy
[09:42:56] [INFO ] NAV      : ../../airgun_data/namss.F-12-89-HW.mcs.airgun/Navigation/f-12-89-hw_NAV-WGS84.csv
[09:42:56] [INFO ] SA mode  : single (seed=42)
[09:42:56] [INFO ] 
[09:42:56] [INFO ] STEP 1 — Feature extraction
[09:42:56] [INFO ]   Loading navigation...
[09:42:56] [INFO ]   Loading SEG-Y...
[09:42:56] [INFO ]   Traces: 2418  Samples: 2750  dt: 4.000 ms
[09:42:56] [INFO ]   Depth:  0.0 m → 8247.0 m
[09:42:56] [INFO ]   Matching traces to navigation...
[09:42:56] [INFO ]   NAV line matched via translation: 'f1289stk12' -> '12'
[09:42:57] [INFO ]   Matched 2418 / 2418 traces
[09:42:57] [INFO ]   Bandpass filtering...
[09:42:57] [INFO ]   Computing seismic attributes...
[09:42:57] [INFO ]   Picking seafloor...
[09:42:57] [INFO ]   Seafloor depth: 2730–5016 m  (0 shallow traces masked)
[09:42:57] [INFO ]   Picking horizons...
[09:42:57] [INFO ]   Computing NCC coherence (slow)...
[09:42:58] [INFO ]   Saving CNN section image...
[09:42:58] [INFO ]   Saved: f1289stk12_section_cnn.png  (2700x1500px)
[09:42:58] [INFO ]   Step 1 complete
[09:42:58] [INFO ] 
[09:42:58] [INFO ] STEP 2 — Fault detection
[09:42:58] [INFO ]   Mode: single SA run (seed=42)
[09:43:00] [INFO ]   Detected 0 high-confidence faults
[09:43:00] [INFO ]   Step 2 complete
[09:43:00] [INFO ] 
[09:43:00] [INFO ] STEP 3 — Bounding boxes
[09:43:00] [INFO ]   Generated 0 boxes
[09:43:00] [INFO ]   Step 3 complete
[09:43:00] [INFO ] 
[09:43:00] [INFO ] STEP 4 — Dataset building
[09:43:00] [INFO ]   Saving labeled review image...
[09:43:01] [INFO ]   Saved: f1289stk12_labeled.png
[09:43:01] [INFO ]   Split: val
[09:43:01] [INFO ]   Added 0 annotations to val.json
[09:43:01] [INFO ]   train.json: 33 images, 18 annotations
[09:43:01] [INFO ]   val.json:   9 images,  3 annotations
[09:43:01] [INFO ]   Step 4 complete
[09:43:01] [INFO ] 
[09:43:01] [INFO ]   DONE  f1289stk12  →  val  |  0 faults  |  0 boxes
[09:43:01] [INFO ] 
[09:43:01] [INFO ] ──────────────────────────────────────────────────
[09:43:01] [INFO ]   LINE: f1289stk13
[09:43:01] [INFO ] ──────────────────────────────────────────────────
[09:43:01] [INFO ] Dataset  : namss.F-12-89-HW.mcs.airgun
[09:43:01] [INFO ] SGY      : ../../airgun_data/namss.F-12-89-HW.mcs.airgun/Data/f1289stk13.sgy
[09:43:01] [INFO ] NAV      : ../../airgun_data/namss.F-12-89-HW.mcs.airgun/Navigation/f-12-89-hw_NAV-WGS84.csv
[09:43:01] [INFO ] SA mode  : single (seed=42)
[09:43:01] [INFO ] 
[09:43:01] [INFO ] STEP 1 — Feature extraction
[09:43:01] [INFO ]   Loading navigation...
[09:43:01] [INFO ]   Loading SEG-Y...
[09:43:01] [INFO ]   Traces: 633  Samples: 2750  dt: 4.000 ms
[09:43:01] [INFO ]   Depth:  0.0 m → 8247.0 m
[09:43:01] [INFO ]   Matching traces to navigation...
[09:43:01] [INFO ]   NAV line matched via translation: 'f1289stk13' -> '13'
[09:43:01] [INFO ]   Matched 0 / 633 traces
[09:43:01] [ERROR] SKIPPING f1289stk13 (namss.F-12-89-HW.mcs.airgun): No traces matched navigation — check line name vs NAV file.
[09:43:01] [ERROR]   Traceback (most recent call last):
[09:43:01] [ERROR]     File "/Users/lennylukach/Personal/School/CS4100/namss/pipeline/src/pipeline.py", line 848, in <module>
[09:43:01] [ERROR]       process_line(line, sgy_path, nav_path, dataset)
[09:43:01] [ERROR]     File "/Users/lennylukach/Personal/School/CS4100/namss/pipeline/src/pipeline.py", line 431, in process_line
[09:43:01] [ERROR]       raise RuntimeError(
[09:43:01] [ERROR]   RuntimeError: No traces matched navigation — check line name vs NAV file.
[09:43:01] [INFO ] 
[09:43:01] [INFO ] ──────────────────────────────────────────────────
[09:43:01] [INFO ]   LINE: f1289stk14
[09:43:01] [INFO ] ──────────────────────────────────────────────────
[09:43:01] [INFO ] Dataset  : namss.F-12-89-HW.mcs.airgun
[09:43:01] [INFO ] SGY      : ../../airgun_data/namss.F-12-89-HW.mcs.airgun/Data/f1289stk14.sgy
[09:43:01] [INFO ] NAV      : ../../airgun_data/namss.F-12-89-HW.mcs.airgun/Navigation/f-12-89-hw_NAV-WGS84.csv
[09:43:01] [INFO ] SA mode  : single (seed=42)
[09:43:01] [INFO ] 
[09:43:01] [INFO ] STEP 1 — Feature extraction
[09:43:01] [INFO ]   Loading navigation...
[09:43:01] [INFO ]   Loading SEG-Y...
[09:43:01] [INFO ]   Traces: 4559  Samples: 2750  dt: 4.000 ms
[09:43:01] [INFO ]   Depth:  0.0 m → 8247.0 m
[09:43:01] [INFO ]   Matching traces to navigation...
[09:43:01] [INFO ]   NAV line matched via translation: 'f1289stk14' -> '14'
[09:43:01] [INFO ]   Matched 4559 / 4559 traces
[09:43:01] [INFO ]   Bandpass filtering...
[09:43:02] [INFO ]   Computing seismic attributes...
[09:43:02] [INFO ]   Picking seafloor...
[09:43:02] [INFO ]   Seafloor depth: 4080–4941 m  (0 shallow traces masked)
[09:43:02] [INFO ]   Picking horizons...
[09:43:03] [INFO ]   Computing NCC coherence (slow)...
[09:43:03] [INFO ]   Saving CNN section image...
[09:43:04] [INFO ]   Saved: f1289stk14_section_cnn.png  (2700x1500px)
[09:43:04] [INFO ]   Step 1 complete
[09:43:04] [INFO ] 
[09:43:04] [INFO ] STEP 2 — Fault detection
[09:43:04] [INFO ]   Mode: single SA run (seed=42)
[09:43:08] [INFO ]   Detected 1 high-confidence faults
[09:43:08] [INFO ]     Fault  1 | trace ~ 2101 | prob=0.751
[09:43:08] [INFO ]   Step 2 complete
[09:43:08] [INFO ] 
[09:43:08] [INFO ] STEP 3 — Bounding boxes
[09:43:08] [INFO ]   Box  1 | [1155, 856, 165w, 128h px]
[09:43:08] [INFO ]   Generated 1 boxes
[09:43:08] [INFO ]   Step 3 complete
[09:43:08] [INFO ] 
[09:43:08] [INFO ] STEP 4 — Dataset building
[09:43:08] [INFO ]   Saving labeled review image...
[09:43:08] [INFO ]   Saved: f1289stk14_labeled.png
[09:43:08] [INFO ]   Split: train
[09:43:08] [INFO ]   Added 1 annotations to train.json
[09:43:08] [INFO ]   train.json: 34 images, 19 annotations
[09:43:08] [INFO ]   val.json:   9 images,  3 annotations
[09:43:08] [INFO ]   Step 4 complete
[09:43:08] [INFO ] 
[09:43:08] [INFO ]   DONE  f1289stk14  →  train  |  1 faults  |  1 boxes
[09:43:08] [INFO ] 
[09:43:08] [INFO ] ──────────────────────────────────────────────────
[09:43:08] [INFO ]   LINE: f1289stk15
[09:43:08] [INFO ] ──────────────────────────────────────────────────
[09:43:08] [INFO ] Dataset  : namss.F-12-89-HW.mcs.airgun
[09:43:08] [INFO ] SGY      : ../../airgun_data/namss.F-12-89-HW.mcs.airgun/Data/f1289stk15.sgy
[09:43:08] [INFO ] NAV      : ../../airgun_data/namss.F-12-89-HW.mcs.airgun/Navigation/f-12-89-hw_NAV-WGS84.csv
[09:43:08] [INFO ] SA mode  : single (seed=42)
[09:43:08] [INFO ] 
[09:43:08] [INFO ] STEP 1 — Feature extraction
[09:43:08] [INFO ]   Loading navigation...
[09:43:08] [INFO ]   Loading SEG-Y...
[09:43:09] [INFO ]   Traces: 578  Samples: 2750  dt: 4.000 ms
[09:43:09] [INFO ]   Depth:  0.0 m → 8247.0 m
[09:43:09] [INFO ]   Matching traces to navigation...
[09:43:09] [INFO ]   NAV line matched via translation: 'f1289stk15' -> '15'
[09:43:09] [INFO ]   Matched 0 / 578 traces
[09:43:09] [ERROR] SKIPPING f1289stk15 (namss.F-12-89-HW.mcs.airgun): No traces matched navigation — check line name vs NAV file.
[09:43:09] [ERROR]   Traceback (most recent call last):
[09:43:09] [ERROR]     File "/Users/lennylukach/Personal/School/CS4100/namss/pipeline/src/pipeline.py", line 848, in <module>
[09:43:09] [ERROR]       process_line(line, sgy_path, nav_path, dataset)
[09:43:09] [ERROR]     File "/Users/lennylukach/Personal/School/CS4100/namss/pipeline/src/pipeline.py", line 431, in process_line
[09:43:09] [ERROR]       raise RuntimeError(
[09:43:09] [ERROR]   RuntimeError: No traces matched navigation — check line name vs NAV file.
[09:43:09] [INFO ] 
[09:43:09] [INFO ] ──────────────────────────────────────────────────
[09:43:09] [INFO ]   LINE: f1289stk16
[09:43:09] [INFO ] ──────────────────────────────────────────────────
[09:43:09] [INFO ] Dataset  : namss.F-12-89-HW.mcs.airgun
[09:43:09] [INFO ] SGY      : ../../airgun_data/namss.F-12-89-HW.mcs.airgun/Data/f1289stk16.sgy
[09:43:09] [INFO ] NAV      : ../../airgun_data/namss.F-12-89-HW.mcs.airgun/Navigation/f-12-89-hw_NAV-WGS84.csv
[09:43:09] [INFO ] SA mode  : single (seed=42)
[09:43:09] [INFO ] 
[09:43:09] [INFO ] STEP 1 — Feature extraction
[09:43:09] [INFO ]   Loading navigation...
[09:43:09] [INFO ]   Loading SEG-Y...
[09:43:09] [INFO ]   Traces: 14021  Samples: 2750  dt: 4.000 ms
[09:43:09] [INFO ]   Depth:  0.0 m → 8247.0 m
[09:43:09] [INFO ]   Matching traces to navigation...
[09:43:09] [INFO ]   NAV line matched via translation: 'f1289stk16' -> '16'
[09:43:10] [INFO ]   Matched 14021 / 14021 traces
[09:43:10] [INFO ]   Bandpass filtering...
[09:43:11] [INFO ]   Computing seismic attributes...
[09:43:13] [INFO ]   Picking seafloor...
[09:43:13] [INFO ]   Seafloor depth: 0–4977 m  (2198 shallow traces masked)
[09:43:13] [INFO ]   Picking horizons...
[09:43:14] [INFO ]   Computing NCC coherence (slow)...
[09:43:15] [INFO ]   Saving CNN section image...
[09:43:17] [INFO ]   Saved: f1289stk16_section_cnn.png  (2700x1500px)
[09:43:17] [INFO ]   Step 1 complete
[09:43:17] [INFO ] 
[09:43:17] [INFO ] STEP 2 — Fault detection
[09:43:17] [INFO ]   Mode: single SA run (seed=42)
[09:43:34] [INFO ]   Detected 0 high-confidence faults
[09:43:34] [INFO ]   Step 2 complete
[09:43:34] [INFO ] 
[09:43:34] [INFO ] STEP 3 — Bounding boxes
[09:43:34] [INFO ]   Generated 0 boxes
[09:43:34] [INFO ]   Step 3 complete
[09:43:34] [INFO ] 
[09:43:34] [INFO ] STEP 4 — Dataset building
[09:43:34] [INFO ]   Saving labeled review image...
[09:43:34] [INFO ]   Saved: f1289stk16_labeled.png
[09:43:34] [INFO ]   Split: train
[09:43:34] [INFO ]   Added 0 annotations to train.json
[09:43:34] [INFO ]   train.json: 35 images, 19 annotations
[09:43:34] [INFO ]   val.json:   9 images,  3 annotations
[09:43:34] [INFO ]   Step 4 complete
[09:43:34] [INFO ] 
[09:43:34] [INFO ]   DONE  f1289stk16  →  train  |  0 faults  |  0 boxes
[09:43:34] [INFO ] 
[09:43:34] [INFO ] ──────────────────────────────────────────────────
[09:43:34] [INFO ]   LINE: f1289stk17
[09:43:34] [INFO ] ──────────────────────────────────────────────────
[09:43:34] [INFO ] Dataset  : namss.F-12-89-HW.mcs.airgun
[09:43:34] [INFO ] SGY      : ../../airgun_data/namss.F-12-89-HW.mcs.airgun/Data/f1289stk17.sgy
[09:43:34] [INFO ] NAV      : ../../airgun_data/namss.F-12-89-HW.mcs.airgun/Navigation/f-12-89-hw_NAV-WGS84.csv
[09:43:34] [INFO ] SA mode  : single (seed=42)
[09:43:34] [INFO ] 
[09:43:34] [INFO ] STEP 1 — Feature extraction
[09:43:34] [INFO ]   Loading navigation...
[09:43:34] [INFO ]   Loading SEG-Y...
[09:43:34] [ERROR] SKIPPING f1289stk17 (namss.F-12-89-HW.mcs.airgun): 'julday' out of bounds for year 1986: 0
[09:43:34] [ERROR]   Traceback (most recent call last):
[09:43:34] [ERROR]     File "/Users/lennylukach/Personal/School/CS4100/namss/pipeline/src/pipeline.py", line 848, in <module>
[09:43:34] [ERROR]       process_line(line, sgy_path, nav_path, dataset)
[09:43:34] [ERROR]     File "/Users/lennylukach/Personal/School/CS4100/namss/pipeline/src/pipeline.py", line 405, in process_line
[09:43:34] [ERROR]       st = read(sgy_path)
[09:43:34] [ERROR]     File "/Users/lennylukach/Personal/School/CS4100/namss/venv/lib/python3.10/site-packages/decorator.py", line 235, in fun
[09:43:34] [ERROR]       return caller(func, *(extras + args), **kw)
[09:43:34] [ERROR]     File "/Users/lennylukach/Personal/School/CS4100/namss/venv/lib/python3.10/site-packages/obspy/core/util/decorator.py", line 298, in _map_example_filename
[09:43:34] [ERROR]       return func(*args, **kwargs)
[09:43:34] [ERROR]     File "/Users/lennylukach/Personal/School/CS4100/namss/venv/lib/python3.10/site-packages/obspy/core/stream.py", line 210, in read
[09:43:34] [ERROR]       st = _generic_reader(pathname_or_url, _read, **kwargs)
[09:43:34] [ERROR]     File "/Users/lennylukach/Personal/School/CS4100/namss/venv/lib/python3.10/site-packages/obspy/core/util/base.py", line 822, in _generic_reader
[09:43:34] [ERROR]       generic = callback_func(pathnames[0], **kwargs)
[09:43:34] [ERROR]     File "/Users/lennylukach/Personal/School/CS4100/namss/venv/lib/python3.10/site-packages/decorator.py", line 235, in fun
[09:43:34] [ERROR]       return caller(func, *(extras + args), **kw)
[09:43:34] [ERROR]     File "/Users/lennylukach/Personal/School/CS4100/namss/venv/lib/python3.10/site-packages/obspy/core/util/decorator.py", line 209, in uncompress_file
[09:43:34] [ERROR]       result = func(filename, *args, **kwargs)
[09:43:34] [ERROR]     File "/Users/lennylukach/Personal/School/CS4100/namss/venv/lib/python3.10/site-packages/obspy/core/stream.py", line 255, in _read
[09:43:34] [ERROR]       stream, format = _read_from_plugin('waveform', filename, format=format,
[09:43:34] [ERROR]     File "/Users/lennylukach/Personal/School/CS4100/namss/venv/lib/python3.10/site-packages/obspy/core/util/base.py", line 559, in _read_from_plugin
[09:43:34] [ERROR]       list_obj = read_format(filename, **kwargs)
[09:43:34] [ERROR]     File "/Users/lennylukach/Personal/School/CS4100/namss/venv/lib/python3.10/site-packages/obspy/io/segy/core.py", line 204, in _read_segy
[09:43:34] [ERROR]       stream.append(tr.to_obspy_trace(
[09:43:34] [ERROR]     File "/Users/lennylukach/Personal/School/CS4100/namss/venv/lib/python3.10/site-packages/obspy/io/segy/segy.py", line 775, in to_obspy_trace
[09:43:34] [ERROR]       trace.stats.starttime = UTCDateTime(
[09:43:34] [ERROR]     File "/Users/lennylukach/Personal/School/CS4100/namss/venv/lib/python3.10/site-packages/obspy/core/utcdatetime.py", line 440, in __init__
[09:43:34] [ERROR]       raise ValueError(msg)
[09:43:34] [ERROR]   ValueError: 'julday' out of bounds for year 1986: 0
[09:43:34] [INFO ] 
[09:43:34] [INFO ] ──────────────────────────────────────────────────
[09:43:34] [INFO ]   LINE: f1289stk18
[09:43:34] [INFO ] ──────────────────────────────────────────────────
[09:43:34] [INFO ] Dataset  : namss.F-12-89-HW.mcs.airgun
[09:43:34] [INFO ] SGY      : ../../airgun_data/namss.F-12-89-HW.mcs.airgun/Data/f1289stk18.sgy
[09:43:34] [INFO ] NAV      : ../../airgun_data/namss.F-12-89-HW.mcs.airgun/Navigation/f-12-89-hw_NAV-WGS84.csv
[09:43:34] [INFO ] SA mode  : single (seed=42)
[09:43:34] [INFO ] 
[09:43:34] [INFO ] STEP 1 — Feature extraction
[09:43:34] [INFO ]   Loading navigation...
[09:43:35] [INFO ]   Loading SEG-Y...
[09:43:35] [INFO ]   Traces: 10874  Samples: 2750  dt: 4.000 ms
[09:43:35] [INFO ]   Depth:  0.0 m → 8247.0 m
[09:43:35] [INFO ]   Matching traces to navigation...
[09:43:35] [INFO ]   NAV line matched via translation: 'f1289stk18' -> '18'
[09:43:36] [INFO ]   Matched 10874 / 10874 traces
[09:43:36] [INFO ]   Bandpass filtering...
[09:43:36] [INFO ]   Computing seismic attributes...
[09:43:38] [INFO ]   Picking seafloor...
[09:43:38] [INFO ]   Seafloor depth: 2631–4989 m  (0 shallow traces masked)
[09:43:38] [INFO ]   Picking horizons...
[09:43:39] [INFO ]   Computing NCC coherence (slow)...
[09:43:40] [INFO ]   Saving CNN section image...
[09:43:42] [INFO ]   Saved: f1289stk18_section_cnn.png  (2700x1500px)
[09:43:42] [INFO ]   Step 1 complete
[09:43:42] [INFO ] 
[09:43:42] [INFO ] STEP 2 — Fault detection
[09:43:42] [INFO ]   Mode: single SA run (seed=42)
[09:43:55] [INFO ]   Detected 3 high-confidence faults
[09:43:55] [INFO ]     Fault  1 | trace ~ 3773 | prob=0.756
[09:43:55] [INFO ]     Fault  2 | trace ~ 7644 | prob=0.796
[09:43:55] [INFO ]     Fault  3 | trace ~ 8262 | prob=0.752
[09:43:55] [INFO ]   Step 2 complete
[09:43:55] [INFO ] 
[09:43:55] [INFO ] STEP 3 — Bounding boxes
[09:43:55] [INFO ]   Box  1 | [884, 817, 98w, 128h px]
[09:43:55] [INFO ]   Box  2 | [1849, 503, 96w, 133h px]
[09:43:55] [INFO ]   Box  3 | [1992, 669, 105w, 128h px]
[09:43:55] [INFO ]   Generated 3 boxes
[09:43:55] [INFO ]   Step 3 complete
[09:43:55] [INFO ] 
[09:43:55] [INFO ] STEP 4 — Dataset building
[09:43:55] [INFO ]   Saving labeled review image...
[09:43:55] [INFO ]   Saved: f1289stk18_labeled.png
[09:43:55] [INFO ]   Split: train
[09:43:55] [INFO ]   Added 3 annotations to train.json
[09:43:55] [INFO ]   train.json: 36 images, 22 annotations
[09:43:55] [INFO ]   val.json:   9 images,  3 annotations
[09:43:55] [INFO ]   Step 4 complete
[09:43:55] [INFO ] 
[09:43:55] [INFO ]   DONE  f1289stk18  →  train  |  3 faults  |  3 boxes
[09:43:55] [INFO ] 
[09:43:55] [INFO ] ──────────────────────────────────────────────────
[09:43:55] [INFO ]   LINE: f1289stk19
[09:43:55] [INFO ] ──────────────────────────────────────────────────
[09:43:55] [INFO ] Dataset  : namss.F-12-89-HW.mcs.airgun
[09:43:55] [INFO ] SGY      : ../../airgun_data/namss.F-12-89-HW.mcs.airgun/Data/f1289stk19.sgy
[09:43:55] [INFO ] NAV      : ../../airgun_data/namss.F-12-89-HW.mcs.airgun/Navigation/f-12-89-hw_NAV-WGS84.csv
[09:43:55] [INFO ] SA mode  : single (seed=42)
[09:43:55] [INFO ] 
[09:43:55] [INFO ] STEP 1 — Feature extraction
[09:43:55] [INFO ]   Loading navigation...
[09:43:56] [INFO ]   Loading SEG-Y...
[09:43:56] [INFO ]   Traces: 700  Samples: 2750  dt: 4.000 ms
[09:43:56] [INFO ]   Depth:  0.0 m → 8247.0 m
[09:43:56] [INFO ]   Matching traces to navigation...
[09:43:56] [INFO ]   NAV line matched via translation: 'f1289stk19' -> '19'
[09:43:56] [INFO ]   Matched 0 / 700 traces
[09:43:56] [ERROR] SKIPPING f1289stk19 (namss.F-12-89-HW.mcs.airgun): No traces matched navigation — check line name vs NAV file.
[09:43:56] [ERROR]   Traceback (most recent call last):
[09:43:56] [ERROR]     File "/Users/lennylukach/Personal/School/CS4100/namss/pipeline/src/pipeline.py", line 848, in <module>
[09:43:56] [ERROR]       process_line(line, sgy_path, nav_path, dataset)
[09:43:56] [ERROR]     File "/Users/lennylukach/Personal/School/CS4100/namss/pipeline/src/pipeline.py", line 431, in process_line
[09:43:56] [ERROR]       raise RuntimeError(
[09:43:56] [ERROR]   RuntimeError: No traces matched navigation — check line name vs NAV file.
[09:43:56] [INFO ] 
[09:43:56] [INFO ] ──────────────────────────────────────────────────
[09:43:56] [INFO ]   LINE: f1289stk20
[09:43:56] [INFO ] ──────────────────────────────────────────────────
[09:43:56] [INFO ] Dataset  : namss.F-12-89-HW.mcs.airgun
[09:43:56] [INFO ] SGY      : ../../airgun_data/namss.F-12-89-HW.mcs.airgun/Data/f1289stk20.sgy
[09:43:56] [INFO ] NAV      : ../../airgun_data/namss.F-12-89-HW.mcs.airgun/Navigation/f-12-89-hw_NAV-WGS84.csv
[09:43:56] [INFO ] SA mode  : single (seed=42)
[09:43:56] [INFO ] 
[09:43:56] [INFO ] STEP 1 — Feature extraction
[09:43:56] [INFO ]   Loading navigation...
[09:43:56] [INFO ]   Loading SEG-Y...
[09:43:56] [INFO ]   Traces: 10675  Samples: 2750  dt: 4.000 ms
[09:43:56] [INFO ]   Depth:  0.0 m → 8247.0 m
[09:43:56] [INFO ]   Matching traces to navigation...
[09:43:56] [INFO ]   NAV line matched via translation: 'f1289stk20' -> '20'
[09:43:57] [INFO ]   Matched 10675 / 10675 traces
[09:43:57] [INFO ]   Bandpass filtering...
[09:43:57] [INFO ]   Computing seismic attributes...
[09:43:59] [INFO ]   Picking seafloor...
[09:43:59] [INFO ]   Seafloor depth: 2298–5001 m  (0 shallow traces masked)
[09:43:59] [INFO ]   Picking horizons...
[09:44:00] [INFO ]   Computing NCC coherence (slow)...
[09:44:01] [INFO ]   Saving CNN section image...
[09:44:03] [INFO ]   Saved: f1289stk20_section_cnn.png  (2700x1500px)
[09:44:03] [INFO ]   Step 1 complete
[09:44:03] [INFO ] 
[09:44:03] [INFO ] STEP 2 — Fault detection
[09:44:03] [INFO ]   Mode: single SA run (seed=42)
[09:44:17] [INFO ]   Detected 3 high-confidence faults
[09:44:17] [INFO ]     Fault  1 | trace ~ 5322 | prob=0.763
[09:44:17] [INFO ]     Fault  2 | trace ~ 6396 | prob=0.756
[09:44:17] [INFO ]     Fault  3 | trace ~10587 | prob=0.751
[09:44:17] [INFO ]   Step 2 complete
[09:44:17] [INFO ] 
[09:44:17] [INFO ] STEP 3 — Bounding boxes
[09:44:17] [INFO ]   Box  1 | [1299, 858, 92w, 130h px]
[09:44:17] [INFO ]   Box  2 | [1572, 837, 93w, 130h px]
[09:44:17] [INFO ]   Box  3 | [2631, 772, 69w, 125h px]
[09:44:17] [INFO ]   Generated 3 boxes
[09:44:17] [INFO ]   Step 3 complete
[09:44:17] [INFO ] 
[09:44:17] [INFO ] STEP 4 — Dataset building
[09:44:17] [INFO ]   Saving labeled review image...
[09:44:17] [INFO ]   Saved: f1289stk20_labeled.png
[09:44:17] [INFO ]   Split: train
[09:44:17] [INFO ]   Added 3 annotations to train.json
[09:44:17] [INFO ]   train.json: 37 images, 25 annotations
[09:44:17] [INFO ]   val.json:   9 images,  3 annotations
[09:44:17] [INFO ]   Step 4 complete
[09:44:17] [INFO ] 
[09:44:17] [INFO ]   DONE  f1289stk20  →  train  |  3 faults  |  3 boxes
[09:44:17] [INFO ] 
[09:44:17] [INFO ] ──────────────────────────────────────────────────
[09:44:17] [INFO ]   LINE: f1289stk21
[09:44:17] [INFO ] ──────────────────────────────────────────────────
[09:44:17] [INFO ] Dataset  : namss.F-12-89-HW.mcs.airgun
[09:44:17] [INFO ] SGY      : ../../airgun_data/namss.F-12-89-HW.mcs.airgun/Data/f1289stk21.sgy
[09:44:17] [INFO ] NAV      : ../../airgun_data/namss.F-12-89-HW.mcs.airgun/Navigation/f-12-89-hw_NAV-WGS84.csv
[09:44:17] [INFO ] SA mode  : single (seed=42)
[09:44:17] [INFO ] 
[09:44:17] [INFO ] STEP 1 — Feature extraction
[09:44:17] [INFO ]   Loading navigation...
[09:44:17] [INFO ]   Loading SEG-Y...
[09:44:17] [INFO ]   Traces: 653  Samples: 2750  dt: 4.000 ms
[09:44:17] [INFO ]   Depth:  0.0 m → 8247.0 m
[09:44:17] [INFO ]   Matching traces to navigation...
[09:44:17] [INFO ]   NAV line matched via translation: 'f1289stk21' -> '21'
[09:44:17] [INFO ]   Matched 653 / 653 traces
[09:44:17] [INFO ]   Bandpass filtering...
[09:44:17] [INFO ]   Computing seismic attributes...
[09:44:17] [INFO ]   Picking seafloor...
[09:44:17] [INFO ]   Seafloor depth: 3141–4536 m  (0 shallow traces masked)
[09:44:17] [INFO ]   Picking horizons...
[09:44:17] [INFO ]   Computing NCC coherence (slow)...
[09:44:17] [INFO ]   Saving CNN section image...
[09:44:18] [INFO ]   Saved: f1289stk21_section_cnn.png  (2700x1500px)
[09:44:18] [INFO ]   Step 1 complete
[09:44:18] [INFO ] 
[09:44:18] [INFO ] STEP 2 — Fault detection
[09:44:18] [INFO ]   Mode: single SA run (seed=42)
[09:44:18] [INFO ]   Detected 0 high-confidence faults
[09:44:18] [INFO ]   Step 2 complete
[09:44:18] [INFO ] 
[09:44:18] [INFO ] STEP 3 — Bounding boxes
[09:44:18] [INFO ]   Generated 0 boxes
[09:44:18] [INFO ]   Step 3 complete
[09:44:18] [INFO ] 
[09:44:18] [INFO ] STEP 4 — Dataset building
[09:44:18] [INFO ]   Saving labeled review image...
[09:44:18] [INFO ]   Saved: f1289stk21_labeled.png
[09:44:18] [INFO ]   Split: train
[09:44:18] [INFO ]   Added 0 annotations to train.json
[09:44:18] [INFO ]   train.json: 38 images, 25 annotations
[09:44:18] [INFO ]   val.json:   9 images,  3 annotations
[09:44:18] [INFO ]   Step 4 complete
[09:44:18] [INFO ] 
[09:44:18] [INFO ]   DONE  f1289stk21  →  train  |  0 faults  |  0 boxes
[09:44:18] [INFO ] 
[09:44:18] [INFO ] ──────────────────────────────────────────────────
[09:44:18] [INFO ]   LINE: f1289stk22
[09:44:18] [INFO ] ──────────────────────────────────────────────────
[09:44:18] [INFO ] Dataset  : namss.F-12-89-HW.mcs.airgun
[09:44:18] [INFO ] SGY      : ../../airgun_data/namss.F-12-89-HW.mcs.airgun/Data/f1289stk22.sgy
[09:44:18] [INFO ] NAV      : ../../airgun_data/namss.F-12-89-HW.mcs.airgun/Navigation/f-12-89-hw_NAV-WGS84.csv
[09:44:18] [INFO ] SA mode  : single (seed=42)
[09:44:18] [INFO ] 
[09:44:18] [INFO ] STEP 1 — Feature extraction
[09:44:18] [INFO ]   Loading navigation...
[09:44:19] [INFO ]   Loading SEG-Y...
[09:44:19] [INFO ]   Traces: 11180  Samples: 2750  dt: 4.000 ms
[09:44:19] [INFO ]   Depth:  0.0 m → 8247.0 m
[09:44:19] [INFO ]   Matching traces to navigation...
[09:44:19] [INFO ]   NAV line matched via translation: 'f1289stk22' -> '22'
[09:44:20] [INFO ]   Matched 11180 / 11180 traces
[09:44:20] [INFO ]   Bandpass filtering...
[09:44:20] [INFO ]   Computing seismic attributes...
[09:44:22] [INFO ]   Picking seafloor...
[09:44:22] [INFO ]   Seafloor depth: 0–4998 m  (265 shallow traces masked)
[09:44:22] [INFO ]   Picking horizons...
[09:44:23] [INFO ]   Computing NCC coherence (slow)...
[09:44:24] [INFO ]   Saving CNN section image...
[09:44:26] [INFO ]   Saved: f1289stk22_section_cnn.png  (2700x1500px)
[09:44:26] [INFO ]   Step 1 complete
[09:44:26] [INFO ] 
[09:44:26] [INFO ] STEP 2 — Fault detection
[09:44:26] [INFO ]   Mode: single SA run (seed=42)
[09:44:40] [INFO ]   Detected 0 high-confidence faults
[09:44:40] [INFO ]   Step 2 complete
[09:44:40] [INFO ] 
[09:44:40] [INFO ] STEP 3 — Bounding boxes
[09:44:40] [INFO ]   Generated 0 boxes
[09:44:40] [INFO ]   Step 3 complete
[09:44:40] [INFO ] 
[09:44:40] [INFO ] STEP 4 — Dataset building
[09:44:40] [INFO ]   Saving labeled review image...
[09:44:40] [INFO ]   Saved: f1289stk22_labeled.png
[09:44:40] [INFO ]   Split: val
[09:44:40] [INFO ]   Added 0 annotations to val.json
[09:44:40] [INFO ]   train.json: 38 images, 25 annotations
[09:44:40] [INFO ]   val.json:   10 images,  3 annotations
[09:44:40] [INFO ]   Step 4 complete
[09:44:40] [INFO ] 
[09:44:40] [INFO ]   DONE  f1289stk22  →  val  |  0 faults  |  0 boxes
[09:44:40] [INFO ] 
[09:44:40] [INFO ] ──────────────────────────────────────────────────
[09:44:40] [INFO ]   LINE: f1289stk23
[09:44:40] [INFO ] ──────────────────────────────────────────────────
[09:44:40] [INFO ] Dataset  : namss.F-12-89-HW.mcs.airgun
[09:44:40] [INFO ] SGY      : ../../airgun_data/namss.F-12-89-HW.mcs.airgun/Data/f1289stk23.sgy
[09:44:40] [INFO ] NAV      : ../../airgun_data/namss.F-12-89-HW.mcs.airgun/Navigation/f-12-89-hw_NAV-WGS84.csv
[09:44:40] [INFO ] SA mode  : single (seed=42)
[09:44:40] [INFO ] 
[09:44:40] [INFO ] STEP 1 — Feature extraction
[09:44:40] [INFO ]   Loading navigation...
[09:44:40] [INFO ]   Loading SEG-Y...
[09:44:40] [INFO ]   Traces: 388  Samples: 2750  dt: 4.000 ms
[09:44:40] [INFO ]   Depth:  0.0 m → 8247.0 m
[09:44:40] [INFO ]   Matching traces to navigation...
[09:44:40] [INFO ]   NAV line matched via translation: 'f1289stk23' -> '23'
[09:44:40] [INFO ]   Matched 0 / 388 traces
[09:44:40] [ERROR] SKIPPING f1289stk23 (namss.F-12-89-HW.mcs.airgun): No traces matched navigation — check line name vs NAV file.
[09:44:40] [ERROR]   Traceback (most recent call last):
[09:44:40] [ERROR]     File "/Users/lennylukach/Personal/School/CS4100/namss/pipeline/src/pipeline.py", line 848, in <module>
[09:44:40] [ERROR]       process_line(line, sgy_path, nav_path, dataset)
[09:44:40] [ERROR]     File "/Users/lennylukach/Personal/School/CS4100/namss/pipeline/src/pipeline.py", line 431, in process_line
[09:44:40] [ERROR]       raise RuntimeError(
[09:44:40] [ERROR]   RuntimeError: No traces matched navigation — check line name vs NAV file.
[09:44:40] [INFO ] 
[09:44:40] [INFO ] ──────────────────────────────────────────────────
[09:44:40] [INFO ]   LINE: f1289stk24
[09:44:40] [INFO ] ──────────────────────────────────────────────────
[09:44:40] [INFO ] Dataset  : namss.F-12-89-HW.mcs.airgun
[09:44:40] [INFO ] SGY      : ../../airgun_data/namss.F-12-89-HW.mcs.airgun/Data/f1289stk24.sgy
[09:44:40] [INFO ] NAV      : ../../airgun_data/namss.F-12-89-HW.mcs.airgun/Navigation/f-12-89-hw_NAV-WGS84.csv
[09:44:40] [INFO ] SA mode  : single (seed=42)
[09:44:40] [INFO ] 
[09:44:40] [INFO ] STEP 1 — Feature extraction
[09:44:40] [INFO ]   Loading navigation...
[09:44:40] [INFO ]   Loading SEG-Y...
[09:44:41] [INFO ]   Traces: 11704  Samples: 2750  dt: 4.000 ms
[09:44:41] [INFO ]   Depth:  0.0 m → 8247.0 m
[09:44:41] [INFO ]   Matching traces to navigation...
[09:44:41] [INFO ]   NAV line matched via translation: 'f1289stk24' -> '24'
[09:44:42] [INFO ]   Matched 11704 / 11704 traces
[09:44:42] [INFO ]   Bandpass filtering...
[09:44:42] [INFO ]   Computing seismic attributes...
[09:44:44] [INFO ]   Picking seafloor...
[09:44:45] [INFO ]   Seafloor depth: 4392–5010 m  (0 shallow traces masked)
[09:44:45] [INFO ]   Picking horizons...
[09:44:45] [INFO ]   Computing NCC coherence (slow)...
[09:44:46] [INFO ]   Saving CNN section image...
[09:44:49] [INFO ]   Saved: f1289stk24_section_cnn.png  (2700x1500px)
[09:44:49] [INFO ]   Step 1 complete
[09:44:49] [INFO ] 
[09:44:49] [INFO ] STEP 2 — Fault detection
[09:44:49] [INFO ]   Mode: single SA run (seed=42)
[09:45:04] [INFO ]   Detected 0 high-confidence faults
[09:45:04] [INFO ]   Step 2 complete
[09:45:04] [INFO ] 
[09:45:04] [INFO ] STEP 3 — Bounding boxes
[09:45:04] [INFO ]   Generated 0 boxes
[09:45:04] [INFO ]   Step 3 complete
[09:45:04] [INFO ] 
[09:45:04] [INFO ] STEP 4 — Dataset building
[09:45:04] [INFO ]   Saving labeled review image...
[09:45:05] [INFO ]   Saved: f1289stk24_labeled.png
[09:45:05] [INFO ]   Split: train
[09:45:05] [INFO ]   Added 0 annotations to train.json
[09:45:05] [INFO ]   train.json: 39 images, 25 annotations
[09:45:05] [INFO ]   val.json:   10 images,  3 annotations
[09:45:05] [INFO ]   Step 4 complete
[09:45:05] [INFO ] 
[09:45:05] [INFO ]   DONE  f1289stk24  →  train  |  0 faults  |  0 boxes
[09:45:05] [INFO ] 
[09:45:05] [INFO ] ──────────────────────────────────────────────────
[09:45:05] [INFO ]   LINE: f1289stk25
[09:45:05] [INFO ] ──────────────────────────────────────────────────
[09:45:05] [INFO ] Dataset  : namss.F-12-89-HW.mcs.airgun
[09:45:05] [INFO ] SGY      : ../../airgun_data/namss.F-12-89-HW.mcs.airgun/Data/f1289stk25.sgy
[09:45:05] [INFO ] NAV      : ../../airgun_data/namss.F-12-89-HW.mcs.airgun/Navigation/f-12-89-hw_NAV-WGS84.csv
[09:45:05] [INFO ] SA mode  : single (seed=42)
[09:45:05] [INFO ] 
[09:45:05] [INFO ] STEP 1 — Feature extraction
[09:45:05] [INFO ]   Loading navigation...
[09:45:05] [INFO ]   Loading SEG-Y...
[09:45:05] [INFO ]   Traces: 446  Samples: 2750  dt: 4.000 ms
[09:45:05] [INFO ]   Depth:  0.0 m → 8247.0 m
[09:45:05] [INFO ]   Matching traces to navigation...
[09:45:05] [INFO ]   NAV line matched via translation: 'f1289stk25' -> '25'
[09:45:05] [INFO ]   Matched 446 / 446 traces
[09:45:05] [INFO ]   Bandpass filtering...
[09:45:05] [INFO ]   Computing seismic attributes...
[09:45:05] [INFO ]   Picking seafloor...
[09:45:05] [INFO ]   Seafloor depth: 4611–4659 m  (0 shallow traces masked)
[09:45:05] [INFO ]   Picking horizons...
[09:45:05] [INFO ]   Computing NCC coherence (slow)...
[09:45:05] [INFO ]   Saving CNN section image...
[09:45:05] [INFO ]   Saved: f1289stk25_section_cnn.png  (2700x1500px)
[09:45:05] [INFO ]   Step 1 complete
[09:45:05] [INFO ] 
[09:45:05] [INFO ] STEP 2 — Fault detection
[09:45:05] [INFO ]   Mode: single SA run (seed=42)
[09:45:06] [INFO ]   Detected 1 high-confidence faults
[09:45:06] [INFO ]     Fault  1 | trace ~  276 | prob=0.797
[09:45:06] [INFO ]   Step 2 complete
[09:45:06] [INFO ] 
[09:45:06] [INFO ] STEP 3 — Bounding boxes
[09:45:06] [INFO ]   Box  1 | [1056, 833, 1503w, 130h px]
[09:45:06] [INFO ]   Generated 1 boxes
[09:45:06] [INFO ]   Step 3 complete
[09:45:06] [INFO ] 
[09:45:06] [INFO ] STEP 4 — Dataset building
[09:45:06] [INFO ]   Saving labeled review image...
[09:45:06] [INFO ]   Saved: f1289stk25_labeled.png
[09:45:06] [INFO ]   Split: train
[09:45:06] [INFO ]   Added 1 annotations to train.json
[09:45:06] [INFO ]   train.json: 40 images, 26 annotations
[09:45:06] [INFO ]   val.json:   10 images,  3 annotations
[09:45:06] [INFO ]   Step 4 complete
[09:45:06] [INFO ] 
[09:45:06] [INFO ]   DONE  f1289stk25  →  train  |  1 faults  |  1 boxes
[09:45:06] [INFO ] 
[09:45:06] [INFO ] ──────────────────────────────────────────────────
[09:45:06] [INFO ]   LINE: f1289stk26
[09:45:06] [INFO ] ──────────────────────────────────────────────────
[09:45:06] [INFO ] Dataset  : namss.F-12-89-HW.mcs.airgun
[09:45:06] [INFO ] SGY      : ../../airgun_data/namss.F-12-89-HW.mcs.airgun/Data/f1289stk26.sgy
[09:45:06] [INFO ] NAV      : ../../airgun_data/namss.F-12-89-HW.mcs.airgun/Navigation/f-12-89-hw_NAV-WGS84.csv
[09:45:06] [INFO ] SA mode  : single (seed=42)
[09:45:06] [INFO ] 
[09:45:06] [INFO ] STEP 1 — Feature extraction
[09:45:06] [INFO ]   Loading navigation...
[09:45:06] [INFO ]   Loading SEG-Y...
[09:45:07] [INFO ]   Traces: 13925  Samples: 2750  dt: 4.000 ms
[09:45:07] [INFO ]   Depth:  0.0 m → 8247.0 m
[09:45:07] [INFO ]   Matching traces to navigation...
[09:45:07] [INFO ]   NAV line matched via translation: 'f1289stk26' -> '26'
[09:45:08] [INFO ]   Matched 13925 / 13925 traces
[09:45:08] [INFO ]   Bandpass filtering...
[09:45:08] [INFO ]   Computing seismic attributes...
[09:45:10] [INFO ]   Picking seafloor...
[09:45:11] [INFO ]   Seafloor depth: 0–5193 m  (426 shallow traces masked)
[09:45:11] [INFO ]   Picking horizons...
[09:45:12] [INFO ]   Computing NCC coherence (slow)...
[09:45:13] [INFO ]   Saving CNN section image...
[09:45:15] [INFO ]   Saved: f1289stk26_section_cnn.png  (2700x1500px)
[09:45:15] [INFO ]   Step 1 complete
[09:45:15] [INFO ] 
[09:45:15] [INFO ] STEP 2 — Fault detection
[09:45:15] [INFO ]   Mode: single SA run (seed=42)
[09:45:33] [INFO ]   Detected 0 high-confidence faults
[09:45:33] [INFO ]   Step 2 complete
[09:45:33] [INFO ] 
[09:45:33] [INFO ] STEP 3 — Bounding boxes
[09:45:33] [INFO ]   Generated 0 boxes
[09:45:33] [INFO ]   Step 3 complete
[09:45:33] [INFO ] 
[09:45:33] [INFO ] STEP 4 — Dataset building
[09:45:33] [INFO ]   Saving labeled review image...
[09:45:34] [INFO ]   Saved: f1289stk26_labeled.png
[09:45:34] [INFO ]   Split: train
[09:45:34] [INFO ]   Added 0 annotations to train.json
[09:45:34] [INFO ]   train.json: 41 images, 26 annotations
[09:45:34] [INFO ]   val.json:   10 images,  3 annotations
[09:45:34] [INFO ]   Step 4 complete
[09:45:34] [INFO ] 
[09:45:34] [INFO ]   DONE  f1289stk26  →  train  |  0 faults  |  0 boxes
[09:45:34] [INFO ] 
[09:45:34] [INFO ] ──────────────────────────────────────────────────
[09:45:34] [INFO ]   LINE: f1289stk27
[09:45:34] [INFO ] ──────────────────────────────────────────────────
[09:45:34] [INFO ] Dataset  : namss.F-12-89-HW.mcs.airgun
[09:45:34] [INFO ] SGY      : ../../airgun_data/namss.F-12-89-HW.mcs.airgun/Data/f1289stk27.sgy
[09:45:34] [INFO ] NAV      : ../../airgun_data/namss.F-12-89-HW.mcs.airgun/Navigation/f-12-89-hw_NAV-WGS84.csv
[09:45:34] [INFO ] SA mode  : single (seed=42)
[09:45:34] [INFO ] 
[09:45:34] [INFO ] STEP 1 — Feature extraction
[09:45:34] [INFO ]   Loading navigation...
[09:45:34] [INFO ]   Loading SEG-Y...
[09:45:34] [INFO ]   Traces: 531  Samples: 2750  dt: 4.000 ms
[09:45:34] [INFO ]   Depth:  0.0 m → 8247.0 m
[09:45:34] [INFO ]   Matching traces to navigation...
[09:45:34] [INFO ]   NAV line matched via translation: 'f1289stk27' -> '27'
[09:45:34] [INFO ]   Matched 531 / 531 traces
[09:45:34] [INFO ]   Bandpass filtering...
[09:45:34] [INFO ]   Computing seismic attributes...
[09:45:34] [INFO ]   Picking seafloor...
[09:45:34] [INFO ]   Seafloor depth: 4776–4971 m  (0 shallow traces masked)
[09:45:34] [INFO ]   Picking horizons...
[09:45:34] [INFO ]   Computing NCC coherence (slow)...
[09:45:34] [INFO ]   Saving CNN section image...
[09:45:34] [INFO ]   Saved: f1289stk27_section_cnn.png  (2700x1500px)
[09:45:34] [INFO ]   Step 1 complete
[09:45:34] [INFO ] 
[09:45:34] [INFO ] STEP 2 — Fault detection
[09:45:34] [INFO ]   Mode: single SA run (seed=42)
[09:45:35] [INFO ]   Detected 2 high-confidence faults
[09:45:35] [INFO ]     Fault  1 | trace ~   92 | prob=0.763
[09:45:35] [INFO ]     Fault  2 | trace ~  436 | prob=0.764
[09:45:35] [INFO ]   Step 2 complete
[09:45:35] [INFO ] 
[09:45:35] [INFO ] STEP 3 — Bounding boxes
[09:45:35] [INFO ]   Box  1 | [85, 876, 709w, 125h px]
[09:45:35] [INFO ]   Box  2 | [1811, 889, 847w, 130h px]
[09:45:35] [INFO ]   Generated 2 boxes
[09:45:35] [INFO ]   Step 3 complete
[09:45:35] [INFO ] 
[09:45:35] [INFO ] STEP 4 — Dataset building
[09:45:35] [INFO ]   Saving labeled review image...
[09:45:35] [INFO ]   Saved: f1289stk27_labeled.png
[09:45:35] [INFO ]   Split: val
[09:45:35] [INFO ]   Added 2 annotations to val.json
[09:45:35] [INFO ]   train.json: 41 images, 26 annotations
[09:45:35] [INFO ]   val.json:   11 images,  5 annotations
[09:45:35] [INFO ]   Step 4 complete
[09:45:35] [INFO ] 
[09:45:35] [INFO ]   DONE  f1289stk27  →  val  |  2 faults  |  2 boxes
[09:45:35] [INFO ] 
[09:45:35] [INFO ] ──────────────────────────────────────────────────
[09:45:35] [INFO ]   LINE: f1289stk28
[09:45:35] [INFO ] ──────────────────────────────────────────────────
[09:45:35] [INFO ] Dataset  : namss.F-12-89-HW.mcs.airgun
[09:45:35] [INFO ] SGY      : ../../airgun_data/namss.F-12-89-HW.mcs.airgun/Data/f1289stk28.sgy
[09:45:35] [INFO ] NAV      : ../../airgun_data/namss.F-12-89-HW.mcs.airgun/Navigation/f-12-89-hw_NAV-WGS84.csv
[09:45:35] [INFO ] SA mode  : single (seed=42)
[09:45:35] [INFO ] 
[09:45:35] [INFO ] STEP 1 — Feature extraction
[09:45:35] [INFO ]   Loading navigation...
[09:45:35] [INFO ]   Loading SEG-Y...
[09:45:35] [INFO ]   Traces: 4375  Samples: 2750  dt: 4.000 ms
[09:45:35] [INFO ]   Depth:  0.0 m → 8247.0 m
[09:45:35] [INFO ]   Matching traces to navigation...
[09:45:35] [INFO ]   NAV line matched via translation: 'f1289stk28' -> '28'
[09:45:36] [INFO ]   Matched 4375 / 4375 traces
[09:45:36] [INFO ]   Bandpass filtering...
[09:45:36] [INFO ]   Computing seismic attributes...
[09:45:36] [INFO ]   Picking seafloor...
[09:45:37] [INFO ]   Seafloor depth: 2535–5214 m  (0 shallow traces masked)
[09:45:37] [INFO ]   Picking horizons...
[09:45:37] [INFO ]   Computing NCC coherence (slow)...
[09:45:37] [INFO ]   Saving CNN section image...
[09:45:38] [INFO ]   Saved: f1289stk28_section_cnn.png  (2700x1500px)
[09:45:38] [INFO ]   Step 1 complete
[09:45:38] [INFO ] 
[09:45:38] [INFO ] STEP 2 — Fault detection
[09:45:38] [INFO ]   Mode: single SA run (seed=42)
[09:45:44] [INFO ]   Detected 0 high-confidence faults
[09:45:44] [INFO ]   Step 2 complete
[09:45:44] [INFO ] 
[09:45:44] [INFO ] STEP 3 — Bounding boxes
[09:45:44] [INFO ]   Generated 0 boxes
[09:45:44] [INFO ]   Step 3 complete
[09:45:44] [INFO ] 
[09:45:44] [INFO ] STEP 4 — Dataset building
[09:45:44] [INFO ]   Saving labeled review image...
[09:45:44] [INFO ]   Saved: f1289stk28_labeled.png
[09:45:44] [INFO ]   Split: train
[09:45:44] [INFO ]   Added 0 annotations to train.json
[09:45:44] [INFO ]   train.json: 42 images, 26 annotations
[09:45:44] [INFO ]   val.json:   11 images,  5 annotations
[09:45:44] [INFO ]   Step 4 complete
[09:45:44] [INFO ] 
[09:45:44] [INFO ]   DONE  f1289stk28  →  train  |  0 faults  |  0 boxes
[09:45:44] [INFO ] 
[09:45:44] [INFO ] ──────────────────────────────────────────────────
[09:45:44] [INFO ]   LINE: f1289stk29
[09:45:44] [INFO ] ──────────────────────────────────────────────────
[09:45:44] [INFO ] Dataset  : namss.F-12-89-HW.mcs.airgun
[09:45:44] [INFO ] SGY      : ../../airgun_data/namss.F-12-89-HW.mcs.airgun/Data/f1289stk29.sgy
[09:45:44] [INFO ] NAV      : ../../airgun_data/namss.F-12-89-HW.mcs.airgun/Navigation/f-12-89-hw_NAV-WGS84.csv
[09:45:44] [INFO ] SA mode  : single (seed=42)
[09:45:44] [INFO ] 
[09:45:44] [INFO ] STEP 1 — Feature extraction
[09:45:44] [INFO ]   Loading navigation...
[09:45:44] [INFO ]   Loading SEG-Y...
[09:45:44] [INFO ]   Traces: 621  Samples: 2750  dt: 4.000 ms
[09:45:44] [INFO ]   Depth:  0.0 m → 8247.0 m
[09:45:44] [INFO ]   Matching traces to navigation...
[09:45:44] [INFO ]   NAV line matched via translation: 'f1289stk29' -> '29'
[09:45:44] [INFO ]   Matched 0 / 621 traces
[09:45:44] [ERROR] SKIPPING f1289stk29 (namss.F-12-89-HW.mcs.airgun): No traces matched navigation — check line name vs NAV file.
[09:45:44] [ERROR]   Traceback (most recent call last):
[09:45:44] [ERROR]     File "/Users/lennylukach/Personal/School/CS4100/namss/pipeline/src/pipeline.py", line 848, in <module>
[09:45:44] [ERROR]       process_line(line, sgy_path, nav_path, dataset)
[09:45:44] [ERROR]     File "/Users/lennylukach/Personal/School/CS4100/namss/pipeline/src/pipeline.py", line 431, in process_line
[09:45:44] [ERROR]       raise RuntimeError(
[09:45:44] [ERROR]   RuntimeError: No traces matched navigation — check line name vs NAV file.
[09:45:44] [INFO ] 
[09:45:44] [INFO ] ──────────────────────────────────────────────────
[09:45:44] [INFO ]   LINE: f1289stk30
[09:45:44] [INFO ] ──────────────────────────────────────────────────
[09:45:44] [INFO ] Dataset  : namss.F-12-89-HW.mcs.airgun
[09:45:44] [INFO ] SGY      : ../../airgun_data/namss.F-12-89-HW.mcs.airgun/Data/f1289stk30.sgy
[09:45:44] [INFO ] NAV      : ../../airgun_data/namss.F-12-89-HW.mcs.airgun/Navigation/f-12-89-hw_NAV-WGS84.csv
[09:45:44] [INFO ] SA mode  : single (seed=42)
[09:45:44] [INFO ] 
[09:45:44] [INFO ] STEP 1 — Feature extraction
[09:45:44] [INFO ]   Loading navigation...
[09:45:44] [INFO ]   Loading SEG-Y...
[09:45:44] [INFO ]   Traces: 4785  Samples: 2750  dt: 4.000 ms
[09:45:44] [INFO ]   Depth:  0.0 m → 8247.0 m
[09:45:44] [INFO ]   Matching traces to navigation...
[09:45:44] [INFO ]   NAV line matched via translation: 'f1289stk30' -> '30'
[09:45:45] [INFO ]   Matched 4785 / 4785 traces
[09:45:45] [INFO ]   Bandpass filtering...
[09:45:45] [INFO ]   Computing seismic attributes...
[09:45:46] [INFO ]   Picking seafloor...
[09:45:46] [INFO ]   Seafloor depth: 4542–5214 m  (0 shallow traces masked)
[09:45:46] [INFO ]   Picking horizons...
[09:45:46] [INFO ]   Computing NCC coherence (slow)...
[09:45:47] [INFO ]   Saving CNN section image...
[09:45:48] [INFO ]   Saved: f1289stk30_section_cnn.png  (2700x1500px)
[09:45:48] [INFO ]   Step 1 complete
[09:45:48] [INFO ] 
[09:45:48] [INFO ] STEP 2 — Fault detection
[09:45:48] [INFO ]   Mode: single SA run (seed=42)
[09:45:54] [INFO ]   Detected 3 high-confidence faults
[09:45:54] [INFO ]     Fault  1 | trace ~ 1113 | prob=0.772
[09:45:54] [INFO ]     Fault  2 | trace ~ 1731 | prob=0.790
[09:45:54] [INFO ]     Fault  3 | trace ~ 2775 | prob=0.762
[09:45:54] [INFO ]   Step 2 complete
[09:45:54] [INFO ] 
[09:45:54] [INFO ] STEP 3 — Bounding boxes
[09:45:54] [INFO ]   Box  1 | [553, 900, 138w, 130h px]
[09:45:54] [INFO ]   Box  2 | [922, 928, 113w, 128h px]
[09:45:54] [INFO ]   Box  3 | [1513, 912, 109w, 128h px]
[09:45:54] [INFO ]   Generated 3 boxes
[09:45:54] [INFO ]   Step 3 complete
[09:45:54] [INFO ] 
[09:45:54] [INFO ] STEP 4 — Dataset building
[09:45:54] [INFO ]   Saving labeled review image...
[09:45:54] [INFO ]   Saved: f1289stk30_labeled.png
[09:45:54] [INFO ]   Split: train
[09:45:54] [INFO ]   Added 3 annotations to train.json
[09:45:54] [INFO ]   train.json: 43 images, 29 annotations
[09:45:54] [INFO ]   val.json:   11 images,  5 annotations
[09:45:54] [INFO ]   Step 4 complete
[09:45:54] [INFO ] 
[09:45:54] [INFO ]   DONE  f1289stk30  →  train  |  3 faults  |  3 boxes
[09:45:54] [INFO ] 
[09:45:54] [INFO ] ──────────────────────────────────────────────────
[09:45:54] [INFO ]   LINE: f1289stk32
[09:45:54] [INFO ] ──────────────────────────────────────────────────
[09:45:54] [INFO ] Dataset  : namss.F-12-89-HW.mcs.airgun
[09:45:54] [INFO ] SGY      : ../../airgun_data/namss.F-12-89-HW.mcs.airgun/Data/f1289stk32.sgy
[09:45:54] [INFO ] NAV      : ../../airgun_data/namss.F-12-89-HW.mcs.airgun/Navigation/f-12-89-hw_NAV-WGS84.csv
[09:45:54] [INFO ] SA mode  : single (seed=42)
[09:45:54] [INFO ] 
[09:45:54] [INFO ] STEP 1 — Feature extraction
[09:45:54] [INFO ]   Loading navigation...
[09:45:54] [INFO ]   Loading SEG-Y...
[09:45:54] [INFO ]   Traces: 2803  Samples: 2750  dt: 4.000 ms
[09:45:54] [INFO ]   Depth:  0.0 m → 8247.0 m
[09:45:54] [INFO ]   Matching traces to navigation...
[09:45:54] [INFO ]   NAV line matched via translation: 'f1289stk32' -> '32'
[09:45:54] [INFO ]   Matched 2803 / 2803 traces
[09:45:54] [INFO ]   Bandpass filtering...
[09:45:55] [INFO ]   Computing seismic attributes...
[09:45:55] [INFO ]   Picking seafloor...
[09:45:55] [INFO ]   Seafloor depth: 12–4812 m  (166 shallow traces masked)
[09:45:55] [INFO ]   Picking horizons...
[09:45:55] [INFO ]   Computing NCC coherence (slow)...
[09:45:56] [INFO ]   Saving CNN section image...
[09:45:56] [INFO ]   Saved: f1289stk32_section_cnn.png  (2700x1500px)
[09:45:56] [INFO ]   Step 1 complete
[09:45:56] [INFO ] 
[09:45:56] [INFO ] STEP 2 — Fault detection
[09:45:56] [INFO ]   Mode: single SA run (seed=42)
[09:45:59] [INFO ]   Detected 1 high-confidence faults
[09:45:59] [INFO ]     Fault  1 | trace ~ 2622 | prob=0.834
[09:45:59] [INFO ]   Step 2 complete
[09:45:59] [INFO ] 
[09:45:59] [INFO ] STEP 3 — Bounding boxes
[09:45:59] [INFO ]   Box  1 | [2441, 102, 183w, 125h px]
[09:45:59] [INFO ]   Generated 1 boxes
[09:45:59] [INFO ]   Step 3 complete
[09:45:59] [INFO ] 
[09:45:59] [INFO ] STEP 4 — Dataset building
[09:45:59] [INFO ]   Saving labeled review image...
[09:45:59] [INFO ]   Saved: f1289stk32_labeled.png
[09:45:59] [INFO ]   Split: train
[09:45:59] [INFO ]   Added 1 annotations to train.json
[09:45:59] [INFO ]   train.json: 44 images, 30 annotations
[09:45:59] [INFO ]   val.json:   11 images,  5 annotations
[09:45:59] [INFO ]   Step 4 complete
[09:45:59] [INFO ] 
[09:45:59] [INFO ]   DONE  f1289stk32  →  train  |  1 faults  |  1 boxes
[09:45:59] [INFO ] 
[09:45:59] [INFO ] ──────────────────────────────────────────────────
[09:45:59] [INFO ]   LINE: f287stk01
[09:45:59] [INFO ] ──────────────────────────────────────────────────
[09:45:59] [INFO ] Dataset  : namss.F-2-87-AA.mcs.airgun
[09:45:59] [INFO ] SGY      : ../../airgun_data/namss.F-2-87-AA.mcs.airgun/Data/f287stk01.sgy
[09:45:59] [INFO ] NAV      : ../../airgun_data/namss.F-2-87-AA.mcs.airgun/Navigation/f-2-87-aa_NAV-WGS84.csv
[09:45:59] [INFO ] SA mode  : single (seed=42)
[09:45:59] [INFO ] 
[09:45:59] [INFO ] STEP 1 — Feature extraction
[09:45:59] [INFO ]   Loading navigation...
[09:45:59] [INFO ]   Loading SEG-Y...
[09:45:59] [INFO ]   Traces: 3097  Samples: 1750  dt: 4.000 ms
[09:45:59] [INFO ]   Depth:  0.0 m → 5247.0 m
[09:45:59] [INFO ]   Matching traces to navigation...
[09:45:59] [INFO ]   NAV line matched via translation: 'f287stk01' -> 'F287-1'
[09:45:59] [INFO ]   Matched 3096 / 3097 traces
[09:45:59] [INFO ]   Bandpass filtering...
[09:46:00] [INFO ]   Computing seismic attributes...
[09:46:00] [INFO ]   Picking seafloor...
[09:46:00] [INFO ]   Seafloor depth: 465–1392 m  (616 shallow traces masked)
[09:46:00] [INFO ]   Picking horizons...
[09:46:00] [INFO ]   Computing NCC coherence (slow)...
[09:46:00] [INFO ]   Saving CNN section image...
[09:46:01] [INFO ]   Saved: f287stk01_section_cnn.png  (2700x1500px)
[09:46:01] [INFO ]   Step 1 complete
[09:46:01] [INFO ] 
[09:46:01] [INFO ] STEP 2 — Fault detection
[09:46:01] [INFO ]   Mode: single SA run (seed=42)
[09:46:03] [INFO ]   Detected 0 high-confidence faults
[09:46:03] [INFO ]   Step 2 complete
[09:46:03] [INFO ] 
[09:46:03] [INFO ] STEP 3 — Bounding boxes
[09:46:03] [INFO ]   Generated 0 boxes
[09:46:03] [INFO ]   Step 3 complete
[09:46:03] [INFO ] 
[09:46:03] [INFO ] STEP 4 — Dataset building
[09:46:03] [INFO ]   Saving labeled review image...
[09:46:04] [INFO ]   Saved: f287stk01_labeled.png
[09:46:04] [INFO ]   Split: val
[09:46:04] [INFO ]   Added 0 annotations to val.json
[09:46:04] [INFO ]   train.json: 44 images, 30 annotations
[09:46:04] [INFO ]   val.json:   12 images,  5 annotations
[09:46:04] [INFO ]   Step 4 complete
[09:46:04] [INFO ] 
[09:46:04] [INFO ]   DONE  f287stk01  →  val  |  0 faults  |  0 boxes
[09:46:04] [INFO ] 
[09:46:04] [INFO ] ──────────────────────────────────────────────────
[09:46:04] [INFO ]   LINE: f287stk02
[09:46:04] [INFO ] ──────────────────────────────────────────────────
[09:46:04] [INFO ] Dataset  : namss.F-2-87-AA.mcs.airgun
[09:46:04] [INFO ] SGY      : ../../airgun_data/namss.F-2-87-AA.mcs.airgun/Data/f287stk02.sgy
[09:46:04] [INFO ] NAV      : ../../airgun_data/namss.F-2-87-AA.mcs.airgun/Navigation/f-2-87-aa_NAV-WGS84.csv
[09:46:04] [INFO ] SA mode  : single (seed=42)
[09:46:04] [INFO ] 
[09:46:04] [INFO ] STEP 1 — Feature extraction
[09:46:04] [INFO ]   Loading navigation...
[09:46:04] [INFO ]   Loading SEG-Y...
[09:46:04] [INFO ]   Traces: 547  Samples: 1750  dt: 4.000 ms
[09:46:04] [INFO ]   Depth:  0.0 m → 5247.0 m
[09:46:04] [INFO ]   Matching traces to navigation...
[09:46:04] [INFO ]   NAV line matched via translation: 'f287stk02' -> 'F287-2'
[09:46:04] [INFO ]   Matched 546 / 547 traces
[09:46:04] [INFO ]   Bandpass filtering...
[09:46:04] [INFO ]   Computing seismic attributes...
[09:46:04] [INFO ]   Picking seafloor...
[09:46:04] [INFO ]   Seafloor depth: 0–483 m  (546 shallow traces masked)
[09:46:04] [INFO ]   Picking horizons...
[09:46:04] [INFO ]   Computing NCC coherence (slow)...
[09:46:04] [INFO ]   Saving CNN section image...
[09:46:04] [INFO ]   Saved: f287stk02_section_cnn.png  (2700x1500px)
[09:46:04] [INFO ]   Step 1 complete
[09:46:04] [INFO ] 
[09:46:04] [INFO ] STEP 2 — Fault detection
[09:46:04] [INFO ]   Mode: single SA run (seed=42)
[09:46:04] [INFO ]   Detected 0 high-confidence faults
[09:46:04] [INFO ]   Step 2 complete
[09:46:04] [INFO ] 
[09:46:04] [INFO ] STEP 3 — Bounding boxes
[09:46:04] [INFO ]   Generated 0 boxes
[09:46:04] [INFO ]   Step 3 complete
[09:46:04] [INFO ] 
[09:46:04] [INFO ] STEP 4 — Dataset building
[09:46:04] [INFO ]   Saving labeled review image...
[09:46:04] [INFO ]   Saved: f287stk02_labeled.png
[09:46:04] [INFO ]   Split: train
[09:46:04] [INFO ]   Added 0 annotations to train.json
[09:46:04] [INFO ]   train.json: 45 images, 30 annotations
[09:46:04] [INFO ]   val.json:   12 images,  5 annotations
[09:46:04] [INFO ]   Step 4 complete
[09:46:04] [INFO ] 
[09:46:04] [INFO ]   DONE  f287stk02  →  train  |  0 faults  |  0 boxes
[09:46:04] [INFO ] 
[09:46:04] [INFO ] ──────────────────────────────────────────────────
[09:46:04] [INFO ]   LINE: f287stk03
[09:46:04] [INFO ] ──────────────────────────────────────────────────
[09:46:04] [INFO ] Dataset  : namss.F-2-87-AA.mcs.airgun
[09:46:04] [INFO ] SGY      : ../../airgun_data/namss.F-2-87-AA.mcs.airgun/Data/f287stk03.sgy
[09:46:04] [INFO ] NAV      : ../../airgun_data/namss.F-2-87-AA.mcs.airgun/Navigation/f-2-87-aa_NAV-WGS84.csv
[09:46:04] [INFO ] SA mode  : single (seed=42)
[09:46:04] [INFO ] 
[09:46:04] [INFO ] STEP 1 — Feature extraction
[09:46:04] [INFO ]   Loading navigation...
[09:46:04] [INFO ]   Loading SEG-Y...
[09:46:04] [INFO ]   Traces: 4162  Samples: 2250  dt: 4.000 ms
[09:46:04] [INFO ]   Depth:  0.0 m → 6747.0 m
[09:46:04] [INFO ]   Matching traces to navigation...
[09:46:04] [INFO ]   NAV line matched via translation: 'f287stk03' -> 'F287-3'
[09:46:05] [INFO ]   Matched 4157 / 4162 traces
[09:46:05] [INFO ]   Bandpass filtering...
[09:46:05] [INFO ]   Computing seismic attributes...
[09:46:05] [INFO ]   Picking seafloor...
[09:46:06] [INFO ]   Seafloor depth: 891–3174 m  (0 shallow traces masked)
[09:46:06] [INFO ]   Picking horizons...
[09:46:06] [INFO ]   Computing NCC coherence (slow)...
[09:46:06] [INFO ]   Saving CNN section image...
[09:46:07] [INFO ]   Saved: f287stk03_section_cnn.png  (2700x1500px)
[09:46:07] [INFO ]   Step 1 complete
[09:46:07] [INFO ] 
[09:46:07] [INFO ] STEP 2 — Fault detection
[09:46:07] [INFO ]   Mode: single SA run (seed=42)
[09:46:12] [INFO ]   Detected 1 high-confidence faults
[09:46:12] [INFO ]     Fault  1 | trace ~   41 | prob=0.753
[09:46:12] [INFO ]   Step 2 complete
[09:46:12] [INFO ] 
[09:46:12] [INFO ] STEP 3 — Bounding boxes
[09:46:12] [INFO ]   Box  1 | [0, 215, 92w, 147h px]
[09:46:12] [INFO ]   Generated 1 boxes
[09:46:12] [INFO ]   Step 3 complete
[09:46:12] [INFO ] 
[09:46:12] [INFO ] STEP 4 — Dataset building
[09:46:12] [INFO ]   Saving labeled review image...
[09:46:12] [INFO ]   Saved: f287stk03_labeled.png
[09:46:12] [INFO ]   Split: train
[09:46:12] [INFO ]   Added 1 annotations to train.json
[09:46:12] [INFO ]   train.json: 46 images, 31 annotations
[09:46:12] [INFO ]   val.json:   12 images,  5 annotations
[09:46:12] [INFO ]   Step 4 complete
[09:46:12] [INFO ] 
[09:46:12] [INFO ]   DONE  f287stk03  →  train  |  1 faults  |  1 boxes
[09:46:12] [INFO ] 
[09:46:12] [INFO ] ──────────────────────────────────────────────────
[09:46:12] [INFO ]   LINE: f287stk04
[09:46:12] [INFO ] ──────────────────────────────────────────────────
[09:46:12] [INFO ] Dataset  : namss.F-2-87-AA.mcs.airgun
[09:46:12] [INFO ] SGY      : ../../airgun_data/namss.F-2-87-AA.mcs.airgun/Data/f287stk04.sgy
[09:46:12] [INFO ] NAV      : ../../airgun_data/namss.F-2-87-AA.mcs.airgun/Navigation/f-2-87-aa_NAV-WGS84.csv
[09:46:12] [INFO ] SA mode  : single (seed=42)
[09:46:12] [INFO ] 
[09:46:12] [INFO ] STEP 1 — Feature extraction
[09:46:12] [INFO ]   Loading navigation...
[09:46:12] [INFO ]   Loading SEG-Y...
[09:46:12] [INFO ]   Traces: 628  Samples: 2500  dt: 4.000 ms
[09:46:12] [INFO ]   Depth:  0.0 m → 7497.0 m
[09:46:12] [INFO ]   Matching traces to navigation...
[09:46:12] [INFO ]   NAV line matched via translation: 'f287stk04' -> 'F287-4'
[09:46:12] [INFO ]   Matched 627 / 628 traces
[09:46:12] [INFO ]   Bandpass filtering...
[09:46:12] [INFO ]   Computing seismic attributes...
[09:46:12] [INFO ]   Picking seafloor...
[09:46:12] [INFO ]   Seafloor depth: 3417–4545 m  (0 shallow traces masked)
[09:46:12] [INFO ]   Picking horizons...
[09:46:12] [INFO ]   Computing NCC coherence (slow)...
[09:46:12] [INFO ]   Saving CNN section image...
[09:46:13] [INFO ]   Saved: f287stk04_section_cnn.png  (2700x1500px)
[09:46:13] [INFO ]   Step 1 complete
[09:46:13] [INFO ] 
[09:46:13] [INFO ] STEP 2 — Fault detection
[09:46:13] [INFO ]   Mode: single SA run (seed=42)
[09:46:13] [INFO ]   Detected 0 high-confidence faults
[09:46:13] [INFO ]   Step 2 complete
[09:46:13] [INFO ] 
[09:46:13] [INFO ] STEP 3 — Bounding boxes
[09:46:13] [INFO ]   Generated 0 boxes
[09:46:13] [INFO ]   Step 3 complete
[09:46:13] [INFO ] 
[09:46:13] [INFO ] STEP 4 — Dataset building
[09:46:13] [INFO ]   Saving labeled review image...
[09:46:13] [INFO ]   Saved: f287stk04_labeled.png
[09:46:13] [INFO ]   Split: train
[09:46:13] [INFO ]   Added 0 annotations to train.json
[09:46:13] [INFO ]   train.json: 47 images, 31 annotations
[09:46:13] [INFO ]   val.json:   12 images,  5 annotations
[09:46:13] [INFO ]   Step 4 complete
[09:46:13] [INFO ] 
[09:46:13] [INFO ]   DONE  f287stk04  →  train  |  0 faults  |  0 boxes
[09:46:14] [INFO ] 
[09:46:14] [INFO ] ──────────────────────────────────────────────────
[09:46:14] [INFO ]   LINE: f287stk05
[09:46:14] [INFO ] ──────────────────────────────────────────────────
[09:46:14] [INFO ] Dataset  : namss.F-2-87-AA.mcs.airgun
[09:46:14] [INFO ] SGY      : ../../airgun_data/namss.F-2-87-AA.mcs.airgun/Data/f287stk05.sgy
[09:46:14] [INFO ] NAV      : ../../airgun_data/namss.F-2-87-AA.mcs.airgun/Navigation/f-2-87-aa_NAV-WGS84.csv
[09:46:14] [INFO ] SA mode  : single (seed=42)
[09:46:14] [INFO ] 
[09:46:14] [INFO ] STEP 1 — Feature extraction
[09:46:14] [INFO ]   Loading navigation...
[09:46:14] [INFO ]   Loading SEG-Y...
[09:46:14] [INFO ]   Traces: 4145  Samples: 2500  dt: 4.000 ms
[09:46:14] [INFO ]   Depth:  0.0 m → 7497.0 m
[09:46:14] [INFO ]   Matching traces to navigation...
[09:46:14] [INFO ]   NAV line matched via translation: 'f287stk05' -> 'F287-5'
[09:46:14] [INFO ]   Matched 4144 / 4145 traces
[09:46:14] [INFO ]   Bandpass filtering...
[09:46:14] [INFO ]   Computing seismic attributes...
[09:46:15] [INFO ]   Picking seafloor...
[09:46:15] [INFO ]   Seafloor depth: 915–4770 m  (0 shallow traces masked)
[09:46:15] [INFO ]   Picking horizons...
[09:46:15] [INFO ]   Computing NCC coherence (slow)...
[09:46:16] [INFO ]   Saving CNN section image...
[09:46:16] [INFO ]   Saved: f287stk05_section_cnn.png  (2700x1500px)
[09:46:16] [INFO ]   Step 1 complete
[09:46:16] [INFO ] 
[09:46:16] [INFO ] STEP 2 — Fault detection
[09:46:16] [INFO ]   Mode: single SA run (seed=42)
[09:46:20] [INFO ]   Detected 1 high-confidence faults
[09:46:20] [INFO ]     Fault  1 | trace ~ 3987 | prob=0.821
[09:46:20] [INFO ]   Step 2 complete
[09:46:20] [INFO ] 
[09:46:20] [INFO ] STEP 3 — Bounding boxes
[09:46:20] [INFO ]   Box  1 | [2543, 242, 111w, 147h px]
[09:46:20] [INFO ]   Generated 1 boxes
[09:46:20] [INFO ]   Step 3 complete
[09:46:20] [INFO ] 
[09:46:20] [INFO ] STEP 4 — Dataset building
[09:46:20] [INFO ]   Saving labeled review image...
[09:46:20] [INFO ]   Saved: f287stk05_labeled.png
[09:46:20] [INFO ]   Split: train
[09:46:20] [INFO ]   Added 1 annotations to train.json
[09:46:20] [INFO ]   train.json: 48 images, 32 annotations
[09:46:20] [INFO ]   val.json:   12 images,  5 annotations
[09:46:20] [INFO ]   Step 4 complete
[09:46:20] [INFO ] 
[09:46:20] [INFO ]   DONE  f287stk05  →  train  |  1 faults  |  1 boxes
[09:46:20] [INFO ] 
[09:46:20] [INFO ] ──────────────────────────────────────────────────
[09:46:20] [INFO ]   LINE: f287stk06
[09:46:20] [INFO ] ──────────────────────────────────────────────────
[09:46:20] [INFO ] Dataset  : namss.F-2-87-AA.mcs.airgun
[09:46:20] [INFO ] SGY      : ../../airgun_data/namss.F-2-87-AA.mcs.airgun/Data/f287stk06.sgy
[09:46:20] [INFO ] NAV      : ../../airgun_data/namss.F-2-87-AA.mcs.airgun/Navigation/f-2-87-aa_NAV-WGS84.csv
[09:46:20] [INFO ] SA mode  : single (seed=42)
[09:46:20] [INFO ] 
[09:46:20] [INFO ] STEP 1 — Feature extraction
[09:46:20] [INFO ]   Loading navigation...
[09:46:20] [INFO ]   Loading SEG-Y...
[09:46:20] [INFO ]   Traces: 864  Samples: 2500  dt: 4.000 ms
[09:46:20] [INFO ]   Depth:  0.0 m → 7497.0 m
[09:46:20] [INFO ]   Matching traces to navigation...
[09:46:20] [INFO ]   NAV line matched via translation: 'f287stk06' -> 'F287-6'
[09:46:20] [INFO ]   Matched 863 / 864 traces
[09:46:20] [INFO ]   Bandpass filtering...
[09:46:20] [INFO ]   Computing seismic attributes...
[09:46:21] [INFO ]   Picking seafloor...
[09:46:21] [INFO ]   Seafloor depth: 738–2538 m  (0 shallow traces masked)
[09:46:21] [INFO ]   Picking horizons...
[09:46:21] [INFO ]   Computing NCC coherence (slow)...
[09:46:21] [INFO ]   Saving CNN section image...
[09:46:21] [INFO ]   Saved: f287stk06_section_cnn.png  (2700x1500px)
[09:46:21] [INFO ]   Step 1 complete
[09:46:21] [INFO ] 
[09:46:21] [INFO ] STEP 2 — Fault detection
[09:46:21] [INFO ]   Mode: single SA run (seed=42)
[09:46:22] [INFO ]   Detected 1 high-confidence faults
[09:46:22] [INFO ]     Fault  1 | trace ~  784 | prob=0.780
[09:46:22] [INFO ]   Step 2 complete
[09:46:22] [INFO ] 
[09:46:22] [INFO ] STEP 3 — Bounding boxes
[09:46:22] [INFO ]   Box  1 | [2220, 238, 480w, 141h px]
[09:46:22] [INFO ]   Generated 1 boxes
[09:46:22] [INFO ]   Step 3 complete
[09:46:22] [INFO ] 
[09:46:22] [INFO ] STEP 4 — Dataset building
[09:46:22] [INFO ]   Saving labeled review image...
[09:46:22] [INFO ]   Saved: f287stk06_labeled.png
[09:46:22] [INFO ]   Split: val
[09:46:22] [INFO ]   Added 1 annotations to val.json
[09:46:22] [INFO ]   train.json: 48 images, 32 annotations
[09:46:22] [INFO ]   val.json:   13 images,  6 annotations
[09:46:22] [INFO ]   Step 4 complete
[09:46:22] [INFO ] 
[09:46:22] [INFO ]   DONE  f287stk06  →  val  |  1 faults  |  1 boxes
[09:46:22] [INFO ] 
[09:46:22] [INFO ] ──────────────────────────────────────────────────
[09:46:22] [INFO ]   LINE: f287stk07
[09:46:22] [INFO ] ──────────────────────────────────────────────────
[09:46:22] [INFO ] Dataset  : namss.F-2-87-AA.mcs.airgun
[09:46:22] [INFO ] SGY      : ../../airgun_data/namss.F-2-87-AA.mcs.airgun/Data/f287stk07.sgy
[09:46:22] [INFO ] NAV      : ../../airgun_data/namss.F-2-87-AA.mcs.airgun/Navigation/f-2-87-aa_NAV-WGS84.csv
[09:46:22] [INFO ] SA mode  : single (seed=42)
[09:46:22] [INFO ] 
[09:46:22] [INFO ] STEP 1 — Feature extraction
[09:46:22] [INFO ]   Loading navigation...
[09:46:22] [INFO ]   Loading SEG-Y...
[09:46:22] [INFO ]   Traces: 208  Samples: 2500  dt: 4.000 ms
[09:46:22] [INFO ]   Depth:  0.0 m → 7497.0 m
[09:46:22] [INFO ]   Matching traces to navigation...
[09:46:22] [INFO ]   NAV line matched via translation: 'f287stk07' -> 'F287-7'
[09:46:22] [INFO ]   Matched 207 / 208 traces
[09:46:22] [INFO ]   Bandpass filtering...
[09:46:22] [INFO ]   Computing seismic attributes...
[09:46:22] [INFO ]   Picking seafloor...
[09:46:22] [INFO ]   Seafloor depth: 765–1662 m  (0 shallow traces masked)
[09:46:22] [INFO ]   Picking horizons...
[09:46:22] [INFO ]   Computing NCC coherence (slow)...
[09:46:22] [INFO ]   Saving CNN section image...
[09:46:22] [INFO ]   Saved: f287stk07_section_cnn.png  (2700x1500px)
[09:46:22] [INFO ]   Step 1 complete
[09:46:22] [INFO ] 
[09:46:22] [INFO ] STEP 2 — Fault detection
[09:46:22] [INFO ]   Mode: single SA run (seed=42)
[09:46:23] [INFO ]   Detected 0 high-confidence faults
[09:46:23] [INFO ]   Step 2 complete
[09:46:23] [INFO ] 
[09:46:23] [INFO ] STEP 3 — Bounding boxes
[09:46:23] [INFO ]   Generated 0 boxes
[09:46:23] [INFO ]   Step 3 complete
[09:46:23] [INFO ] 
[09:46:23] [INFO ] STEP 4 — Dataset building
[09:46:23] [INFO ]   Saving labeled review image...
[09:46:23] [INFO ]   Saved: f287stk07_labeled.png
[09:46:23] [INFO ]   Split: train
[09:46:23] [INFO ]   Added 0 annotations to train.json
[09:46:23] [INFO ]   train.json: 49 images, 32 annotations
[09:46:23] [INFO ]   val.json:   13 images,  6 annotations
[09:46:23] [INFO ]   Step 4 complete
[09:46:23] [INFO ] 
[09:46:23] [INFO ]   DONE  f287stk07  →  train  |  0 faults  |  0 boxes
[09:46:23] [INFO ] 
[09:46:23] [INFO ] ──────────────────────────────────────────────────
[09:46:23] [INFO ]   LINE: f287stk08
[09:46:23] [INFO ] ──────────────────────────────────────────────────
[09:46:23] [INFO ] Dataset  : namss.F-2-87-AA.mcs.airgun
[09:46:23] [INFO ] SGY      : ../../airgun_data/namss.F-2-87-AA.mcs.airgun/Data/f287stk08.sgy
[09:46:23] [INFO ] NAV      : ../../airgun_data/namss.F-2-87-AA.mcs.airgun/Navigation/f-2-87-aa_NAV-WGS84.csv
[09:46:23] [INFO ] SA mode  : single (seed=42)
[09:46:23] [INFO ] 
[09:46:23] [INFO ] STEP 1 — Feature extraction
[09:46:23] [INFO ]   Loading navigation...
[09:46:23] [INFO ]   Loading SEG-Y...
[09:46:23] [INFO ]   Traces: 1406  Samples: 2500  dt: 4.000 ms
[09:46:23] [INFO ]   Depth:  0.0 m → 7497.0 m
[09:46:23] [INFO ]   Matching traces to navigation...
[09:46:23] [INFO ]   NAV line matched via translation: 'f287stk08' -> 'F287-8'
[09:46:23] [INFO ]   Matched 1404 / 1406 traces
[09:46:23] [INFO ]   Bandpass filtering...
[09:46:23] [INFO ]   Computing seismic attributes...
[09:46:23] [INFO ]   Picking seafloor...
[09:46:23] [INFO ]   Seafloor depth: 732–2607 m  (0 shallow traces masked)
[09:46:23] [INFO ]   Picking horizons...
[09:46:24] [INFO ]   Computing NCC coherence (slow)...
[09:46:24] [INFO ]   Saving CNN section image...
[09:46:24] [INFO ]   Saved: f287stk08_section_cnn.png  (2700x1500px)
[09:46:24] [INFO ]   Step 1 complete
[09:46:24] [INFO ] 
[09:46:24] [INFO ] STEP 2 — Fault detection
[09:46:24] [INFO ]   Mode: single SA run (seed=42)
[09:46:25] [INFO ]   Detected 0 high-confidence faults
[09:46:25] [INFO ]   Step 2 complete
[09:46:25] [INFO ] 
[09:46:25] [INFO ] STEP 3 — Bounding boxes
[09:46:25] [INFO ]   Generated 0 boxes
[09:46:25] [INFO ]   Step 3 complete
[09:46:25] [INFO ] 
[09:46:25] [INFO ] STEP 4 — Dataset building
[09:46:25] [INFO ]   Saving labeled review image...
[09:46:25] [INFO ]   Saved: f287stk08_labeled.png
[09:46:25] [INFO ]   Split: train
[09:46:25] [INFO ]   Added 0 annotations to train.json
[09:46:25] [INFO ]   train.json: 50 images, 32 annotations
[09:46:25] [INFO ]   val.json:   13 images,  6 annotations
[09:46:25] [INFO ]   Step 4 complete
[09:46:25] [INFO ] 
[09:46:25] [INFO ]   DONE  f287stk08  →  train  |  0 faults  |  0 boxes
[09:46:25] [INFO ] 
[09:46:25] [INFO ] ──────────────────────────────────────────────────
[09:46:25] [INFO ]   LINE: f287stk09
[09:46:25] [INFO ] ──────────────────────────────────────────────────
[09:46:25] [INFO ] Dataset  : namss.F-2-87-AA.mcs.airgun
[09:46:25] [INFO ] SGY      : ../../airgun_data/namss.F-2-87-AA.mcs.airgun/Data/f287stk09.sgy
[09:46:25] [INFO ] NAV      : ../../airgun_data/namss.F-2-87-AA.mcs.airgun/Navigation/f-2-87-aa_NAV-WGS84.csv
[09:46:25] [INFO ] SA mode  : single (seed=42)
[09:46:25] [INFO ] 
[09:46:25] [INFO ] STEP 1 — Feature extraction
[09:46:25] [INFO ]   Loading navigation...
[09:46:25] [INFO ]   Loading SEG-Y...
[09:46:26] [INFO ]   Traces: 679  Samples: 2500  dt: 4.000 ms
[09:46:26] [INFO ]   Depth:  0.0 m → 7497.0 m
[09:46:26] [INFO ]   Matching traces to navigation...
[09:46:26] [INFO ]   NAV line matched via translation: 'f287stk09' -> 'F287-9'
[09:46:26] [INFO ]   Matched 678 / 679 traces
[09:46:26] [INFO ]   Bandpass filtering...
[09:46:26] [INFO ]   Computing seismic attributes...
[09:46:26] [INFO ]   Picking seafloor...
[09:46:26] [INFO ]   Seafloor depth: 975–3078 m  (0 shallow traces masked)
[09:46:26] [INFO ]   Picking horizons...
[09:46:26] [INFO ]   Computing NCC coherence (slow)...
[09:46:26] [INFO ]   Saving CNN section image...
[09:46:26] [INFO ]   Saved: f287stk09_section_cnn.png  (2700x1500px)
[09:46:26] [INFO ]   Step 1 complete
[09:46:26] [INFO ] 
[09:46:26] [INFO ] STEP 2 — Fault detection
[09:46:26] [INFO ]   Mode: single SA run (seed=42)
[09:46:27] [INFO ]   Detected 0 high-confidence faults
[09:46:27] [INFO ]   Step 2 complete
[09:46:27] [INFO ] 
[09:46:27] [INFO ] STEP 3 — Bounding boxes
[09:46:27] [INFO ]   Generated 0 boxes
[09:46:27] [INFO ]   Step 3 complete
[09:46:27] [INFO ] 
[09:46:27] [INFO ] STEP 4 — Dataset building
[09:46:27] [INFO ]   Saving labeled review image...
[09:46:27] [INFO ]   Saved: f287stk09_labeled.png
[09:46:27] [INFO ]   Split: train
[09:46:27] [INFO ]   Added 0 annotations to train.json
[09:46:27] [INFO ]   train.json: 51 images, 32 annotations
[09:46:27] [INFO ]   val.json:   13 images,  6 annotations
[09:46:27] [INFO ]   Step 4 complete
[09:46:27] [INFO ] 
[09:46:27] [INFO ]   DONE  f287stk09  →  train  |  0 faults  |  0 boxes
[09:46:27] [INFO ] 
[09:46:27] [INFO ] ──────────────────────────────────────────────────
[09:46:27] [INFO ]   LINE: f287stk10
[09:46:27] [INFO ] ──────────────────────────────────────────────────
[09:46:27] [INFO ] Dataset  : namss.F-2-87-AA.mcs.airgun
[09:46:27] [INFO ] SGY      : ../../airgun_data/namss.F-2-87-AA.mcs.airgun/Data/f287stk10.sgy
[09:46:27] [INFO ] NAV      : ../../airgun_data/namss.F-2-87-AA.mcs.airgun/Navigation/f-2-87-aa_NAV-WGS84.csv
[09:46:27] [INFO ] SA mode  : single (seed=42)
[09:46:27] [INFO ] 
[09:46:27] [INFO ] STEP 1 — Feature extraction
[09:46:27] [INFO ]   Loading navigation...
[09:46:27] [INFO ]   Loading SEG-Y...
[09:46:27] [INFO ]   Traces: 417  Samples: 2500  dt: 4.000 ms
[09:46:27] [INFO ]   Depth:  0.0 m → 7497.0 m
[09:46:27] [INFO ]   Matching traces to navigation...
[09:46:27] [INFO ]   NAV line matched via translation: 'f287stk10' -> 'F287-10'
[09:46:27] [INFO ]   Matched 416 / 417 traces
[09:46:27] [INFO ]   Bandpass filtering...
[09:46:27] [INFO ]   Computing seismic attributes...
[09:46:27] [INFO ]   Picking seafloor...
[09:46:27] [INFO ]   Seafloor depth: 615–1452 m  (0 shallow traces masked)
[09:46:27] [INFO ]   Picking horizons...
[09:46:27] [INFO ]   Computing NCC coherence (slow)...
[09:46:27] [INFO ]   Saving CNN section image...
[09:46:28] [INFO ]   Saved: f287stk10_section_cnn.png  (2700x1500px)
[09:46:28] [INFO ]   Step 1 complete
[09:46:28] [INFO ] 
[09:46:28] [INFO ] STEP 2 — Fault detection
[09:46:28] [INFO ]   Mode: single SA run (seed=42)
[09:46:28] [INFO ]   Detected 0 high-confidence faults
[09:46:28] [INFO ]   Step 2 complete
[09:46:28] [INFO ] 
[09:46:28] [INFO ] STEP 3 — Bounding boxes
[09:46:28] [INFO ]   Generated 0 boxes
[09:46:28] [INFO ]   Step 3 complete
[09:46:28] [INFO ] 
[09:46:28] [INFO ] STEP 4 — Dataset building
[09:46:28] [INFO ]   Saving labeled review image...
[09:46:28] [INFO ]   Saved: f287stk10_labeled.png
[09:46:28] [INFO ]   Split: train
[09:46:28] [INFO ]   Added 0 annotations to train.json
[09:46:28] [INFO ]   train.json: 52 images, 32 annotations
[09:46:28] [INFO ]   val.json:   13 images,  6 annotations
[09:46:28] [INFO ]   Step 4 complete
[09:46:28] [INFO ] 
[09:46:28] [INFO ]   DONE  f287stk10  →  train  |  0 faults  |  0 boxes
[09:46:28] [INFO ] 
[09:46:28] [INFO ] ──────────────────────────────────────────────────
[09:46:28] [INFO ]   LINE: f287stk11
[09:46:28] [INFO ] ──────────────────────────────────────────────────
[09:46:28] [INFO ] Dataset  : namss.F-2-87-AA.mcs.airgun
[09:46:28] [INFO ] SGY      : ../../airgun_data/namss.F-2-87-AA.mcs.airgun/Data/f287stk11.sgy
[09:46:28] [INFO ] NAV      : ../../airgun_data/namss.F-2-87-AA.mcs.airgun/Navigation/f-2-87-aa_NAV-WGS84.csv
[09:46:28] [INFO ] SA mode  : single (seed=42)
[09:46:28] [INFO ] 
[09:46:28] [INFO ] STEP 1 — Feature extraction
[09:46:28] [INFO ]   Loading navigation...
[09:46:28] [INFO ]   Loading SEG-Y...
[09:46:28] [INFO ]   Traces: 1209  Samples: 2500  dt: 4.000 ms
[09:46:28] [INFO ]   Depth:  0.0 m → 7497.0 m
[09:46:28] [INFO ]   Matching traces to navigation...
[09:46:28] [INFO ]   NAV line matched via translation: 'f287stk11' -> 'F287-11'
[09:46:28] [INFO ]   Matched 1208 / 1209 traces
[09:46:28] [INFO ]   Bandpass filtering...
[09:46:28] [INFO ]   Computing seismic attributes...
[09:46:29] [INFO ]   Picking seafloor...
[09:46:29] [INFO ]   Seafloor depth: 372–921 m  (292 shallow traces masked)
[09:46:29] [INFO ]   Picking horizons...
[09:46:29] [INFO ]   Computing NCC coherence (slow)...
[09:46:29] [INFO ]   Saving CNN section image...
[09:46:29] [INFO ]   Saved: f287stk11_section_cnn.png  (2700x1500px)
[09:46:29] [INFO ]   Step 1 complete
[09:46:29] [INFO ] 
[09:46:29] [INFO ] STEP 2 — Fault detection
[09:46:29] [INFO ]   Mode: single SA run (seed=42)
[09:46:31] [INFO ]   Detected 1 high-confidence faults
[09:46:31] [INFO ]     Fault  1 | trace ~  956 | prob=0.752
[09:46:31] [INFO ]   Step 2 complete
[09:46:31] [INFO ] 
[09:46:31] [INFO ] STEP 3 — Bounding boxes
[09:46:31] [INFO ]   Box  1 | [2010, 166, 251w, 138h px]
[09:46:31] [INFO ]   Generated 1 boxes
[09:46:31] [INFO ]   Step 3 complete
[09:46:31] [INFO ] 
[09:46:31] [INFO ] STEP 4 — Dataset building
[09:46:31] [INFO ]   Saving labeled review image...
[09:46:31] [INFO ]   Saved: f287stk11_labeled.png
[09:46:31] [INFO ]   Split: val
[09:46:31] [INFO ]   Added 1 annotations to val.json
[09:46:31] [INFO ]   train.json: 52 images, 32 annotations
[09:46:31] [INFO ]   val.json:   14 images,  7 annotations
[09:46:31] [INFO ]   Step 4 complete
[09:46:31] [INFO ] 
[09:46:31] [INFO ]   DONE  f287stk11  →  val  |  1 faults  |  1 boxes
[09:46:31] [INFO ] 
[09:46:31] [INFO ] ──────────────────────────────────────────────────
[09:46:31] [INFO ]   LINE: f287stk12
[09:46:31] [INFO ] ──────────────────────────────────────────────────
[09:46:31] [INFO ] Dataset  : namss.F-2-87-AA.mcs.airgun
[09:46:31] [INFO ] SGY      : ../../airgun_data/namss.F-2-87-AA.mcs.airgun/Data/f287stk12.sgy
[09:46:31] [INFO ] NAV      : ../../airgun_data/namss.F-2-87-AA.mcs.airgun/Navigation/f-2-87-aa_NAV-WGS84.csv
[09:46:31] [INFO ] SA mode  : single (seed=42)
[09:46:31] [INFO ] 
[09:46:31] [INFO ] STEP 1 — Feature extraction
[09:46:31] [INFO ]   Loading navigation...
[09:46:31] [INFO ]   Loading SEG-Y...
[09:46:31] [INFO ]   Traces: 1119  Samples: 1500  dt: 4.000 ms
[09:46:31] [INFO ]   Depth:  0.0 m → 4497.0 m
[09:46:31] [INFO ]   Matching traces to navigation...
[09:46:31] [INFO ]   NAV line matched via translation: 'f287stk12' -> 'F287-12'
[09:46:31] [INFO ]   Matched 1118 / 1119 traces
[09:46:31] [INFO ]   Bandpass filtering...
[09:46:31] [INFO ]   Computing seismic attributes...
[09:46:31] [INFO ]   Picking seafloor...
[09:46:31] [INFO ]   Seafloor depth: 0–3993 m  (197 shallow traces masked)
[09:46:31] [INFO ]   Picking horizons...
[09:46:31] [INFO ]   Computing NCC coherence (slow)...
[09:46:31] [INFO ]   Saving CNN section image...
[09:46:32] [INFO ]   Saved: f287stk12_section_cnn.png  (2700x1500px)
[09:46:32] [INFO ]   Step 1 complete
[09:46:32] [INFO ] 
[09:46:32] [INFO ] STEP 2 — Fault detection
[09:46:32] [INFO ]   Mode: single SA run (seed=42)
[09:46:33] [INFO ]   Detected 1 high-confidence faults
[09:46:33] [INFO ]     Fault  1 | trace ~   54 | prob=0.785
[09:46:33] [INFO ]   Step 2 complete
[09:46:33] [INFO ] 
[09:46:33] [INFO ] STEP 3 — Bounding boxes
[09:46:33] [INFO ]   Box  1 | [0, 362, 331w, 229h px]
[09:46:33] [INFO ]   Generated 1 boxes
[09:46:33] [INFO ]   Step 3 complete
[09:46:33] [INFO ] 
[09:46:33] [INFO ] STEP 4 — Dataset building
[09:46:33] [INFO ]   Saving labeled review image...
[09:46:33] [INFO ]   Saved: f287stk12_labeled.png
[09:46:33] [INFO ]   Split: train
[09:46:33] [INFO ]   Added 1 annotations to train.json
[09:46:33] [INFO ]   train.json: 53 images, 33 annotations
[09:46:33] [INFO ]   val.json:   14 images,  7 annotations
[09:46:33] [INFO ]   Step 4 complete
[09:46:33] [INFO ] 
[09:46:33] [INFO ]   DONE  f287stk12  →  train  |  1 faults  |  1 boxes
[09:46:33] [INFO ] 
[09:46:33] [INFO ] ──────────────────────────────────────────────────
[09:46:33] [INFO ]   LINE: f287stk13
[09:46:33] [INFO ] ──────────────────────────────────────────────────
[09:46:33] [INFO ] Dataset  : namss.F-2-87-AA.mcs.airgun
[09:46:33] [INFO ] SGY      : ../../airgun_data/namss.F-2-87-AA.mcs.airgun/Data/f287stk13.sgy
[09:46:33] [INFO ] NAV      : ../../airgun_data/namss.F-2-87-AA.mcs.airgun/Navigation/f-2-87-aa_NAV-WGS84.csv
[09:46:33] [INFO ] SA mode  : single (seed=42)
[09:46:33] [INFO ] 
[09:46:33] [INFO ] STEP 1 — Feature extraction
[09:46:33] [INFO ]   Loading navigation...
[09:46:33] [INFO ]   Loading SEG-Y...
[09:46:33] [INFO ]   Traces: 1429  Samples: 2500  dt: 4.000 ms
[09:46:33] [INFO ]   Depth:  0.0 m → 7497.0 m
[09:46:33] [INFO ]   Matching traces to navigation...
[09:46:33] [INFO ]   NAV line matched via translation: 'f287stk13' -> 'F287-13'
[09:46:33] [INFO ]   Matched 1428 / 1429 traces
[09:46:33] [INFO ]   Bandpass filtering...
[09:46:33] [INFO ]   Computing seismic attributes...
[09:46:33] [INFO ]   Picking seafloor...
[09:46:33] [INFO ]   Seafloor depth: 2319–5202 m  (0 shallow traces masked)
[09:46:33] [INFO ]   Picking horizons...
[09:46:33] [INFO ]   Computing NCC coherence (slow)...
[09:46:34] [INFO ]   Saving CNN section image...
[09:46:34] [INFO ]   Saved: f287stk13_section_cnn.png  (2700x1500px)
[09:46:34] [INFO ]   Step 1 complete
[09:46:34] [INFO ] 
[09:46:34] [INFO ] STEP 2 — Fault detection
[09:46:34] [INFO ]   Mode: single SA run (seed=42)
[09:46:36] [INFO ]   Detected 0 high-confidence faults
[09:46:36] [INFO ]   Step 2 complete
[09:46:36] [INFO ] 
[09:46:36] [INFO ] STEP 3 — Bounding boxes
[09:46:36] [INFO ]   Generated 0 boxes
[09:46:36] [INFO ]   Step 3 complete
[09:46:36] [INFO ] 
[09:46:36] [INFO ] STEP 4 — Dataset building
[09:46:36] [INFO ]   Saving labeled review image...
[09:46:36] [INFO ]   Saved: f287stk13_labeled.png
[09:46:36] [INFO ]   Split: train
[09:46:36] [INFO ]   Added 0 annotations to train.json
[09:46:36] [INFO ]   train.json: 54 images, 33 annotations
[09:46:36] [INFO ]   val.json:   14 images,  7 annotations
[09:46:36] [INFO ]   Step 4 complete
[09:46:36] [INFO ] 
[09:46:36] [INFO ]   DONE  f287stk13  →  train  |  0 faults  |  0 boxes
[09:46:36] [INFO ] 
[09:46:36] [INFO ] ──────────────────────────────────────────────────
[09:46:36] [INFO ]   LINE: f287stk14
[09:46:36] [INFO ] ──────────────────────────────────────────────────
[09:46:36] [INFO ] Dataset  : namss.F-2-87-AA.mcs.airgun
[09:46:36] [INFO ] SGY      : ../../airgun_data/namss.F-2-87-AA.mcs.airgun/Data/f287stk14.sgy
[09:46:36] [INFO ] NAV      : ../../airgun_data/namss.F-2-87-AA.mcs.airgun/Navigation/f-2-87-aa_NAV-WGS84.csv
[09:46:36] [INFO ] SA mode  : single (seed=42)
[09:46:36] [INFO ] 
[09:46:36] [INFO ] STEP 1 — Feature extraction
[09:46:36] [INFO ]   Loading navigation...
[09:46:36] [INFO ]   Loading SEG-Y...
[09:46:36] [INFO ]   Traces: 1211  Samples: 2500  dt: 4.000 ms
[09:46:36] [INFO ]   Depth:  0.0 m → 7497.0 m
[09:46:36] [INFO ]   Matching traces to navigation...
[09:46:36] [INFO ]   NAV line matched via translation: 'f287stk14' -> 'F287-14'
[09:46:36] [INFO ]   Matched 1211 / 1211 traces
[09:46:36] [INFO ]   Bandpass filtering...
[09:46:36] [INFO ]   Computing seismic attributes...
[09:46:36] [INFO ]   Picking seafloor...
[09:46:36] [INFO ]   Seafloor depth: 0–1905 m  (9 shallow traces masked)
[09:46:36] [INFO ]   Picking horizons...
[09:46:36] [INFO ]   Computing NCC coherence (slow)...
[09:46:36] [INFO ]   Saving CNN section image...
[09:46:37] [INFO ]   Saved: f287stk14_section_cnn.png  (2700x1500px)
[09:46:37] [INFO ]   Step 1 complete
[09:46:37] [INFO ] 
[09:46:37] [INFO ] STEP 2 — Fault detection
[09:46:37] [INFO ]   Mode: single SA run (seed=42)
[09:46:38] [INFO ]   Detected 0 high-confidence faults
[09:46:38] [INFO ]   Step 2 complete
[09:46:38] [INFO ] 
[09:46:38] [INFO ] STEP 3 — Bounding boxes
[09:46:38] [INFO ]   Generated 0 boxes
[09:46:38] [INFO ]   Step 3 complete
[09:46:38] [INFO ] 
[09:46:38] [INFO ] STEP 4 — Dataset building
[09:46:38] [INFO ]   Saving labeled review image...
[09:46:38] [INFO ]   Saved: f287stk14_labeled.png
[09:46:38] [INFO ]   Split: train
[09:46:38] [INFO ]   Added 0 annotations to train.json
[09:46:38] [INFO ]   train.json: 55 images, 33 annotations
[09:46:38] [INFO ]   val.json:   14 images,  7 annotations
[09:46:38] [INFO ]   Step 4 complete
[09:46:38] [INFO ] 
[09:46:38] [INFO ]   DONE  f287stk14  →  train  |  0 faults  |  0 boxes
[09:46:38] [INFO ] 
[09:46:38] [INFO ] ──────────────────────────────────────────────────
[09:46:38] [INFO ]   LINE: f287stk14a
[09:46:38] [INFO ] ──────────────────────────────────────────────────
[09:46:38] [INFO ] Dataset  : namss.F-2-87-AA.mcs.airgun
[09:46:38] [INFO ] SGY      : ../../airgun_data/namss.F-2-87-AA.mcs.airgun/Data/f287stk14a.sgy
[09:46:38] [INFO ] NAV      : ../../airgun_data/namss.F-2-87-AA.mcs.airgun/Navigation/f-2-87-aa_NAV-WGS84.csv
[09:46:38] [INFO ] SA mode  : single (seed=42)
[09:46:38] [INFO ] 
[09:46:38] [INFO ] STEP 1 — Feature extraction
[09:46:38] [INFO ]   Loading navigation...
[09:46:38] [INFO ]   Loading SEG-Y...
[09:46:38] [INFO ]   Traces: 780  Samples: 2500  dt: 4.000 ms
[09:46:38] [INFO ]   Depth:  0.0 m → 7497.0 m
[09:46:38] [INFO ]   Matching traces to navigation...
[09:46:38] [INFO ]   NAV line matched via translation: 'f287stk14a' -> 'F287-14A'
[09:46:39] [INFO ]   Matched 779 / 780 traces
[09:46:39] [INFO ]   Bandpass filtering...
[09:46:39] [INFO ]   Computing seismic attributes...
[09:46:39] [INFO ]   Picking seafloor...
[09:46:39] [INFO ]   Seafloor depth: 651–840 m  (0 shallow traces masked)
[09:46:39] [INFO ]   Picking horizons...
[09:46:39] [INFO ]   Computing NCC coherence (slow)...
[09:46:39] [INFO ]   Saving CNN section image...
[09:46:39] [INFO ]   Saved: f287stk14a_section_cnn.png  (2700x1500px)
[09:46:39] [INFO ]   Step 1 complete
[09:46:39] [INFO ] 
[09:46:39] [INFO ] STEP 2 — Fault detection
[09:46:39] [INFO ]   Mode: single SA run (seed=42)
[09:46:40] [INFO ]   Detected 0 high-confidence faults
[09:46:40] [INFO ]   Step 2 complete
[09:46:40] [INFO ] 
[09:46:40] [INFO ] STEP 3 — Bounding boxes
[09:46:40] [INFO ]   Generated 0 boxes
[09:46:40] [INFO ]   Step 3 complete
[09:46:40] [INFO ] 
[09:46:40] [INFO ] STEP 4 — Dataset building
[09:46:40] [INFO ]   Saving labeled review image...
[09:46:40] [INFO ]   Saved: f287stk14a_labeled.png
[09:46:40] [INFO ]   Split: train
[09:46:40] [INFO ]   Added 0 annotations to train.json
[09:46:40] [INFO ]   train.json: 56 images, 33 annotations
[09:46:40] [INFO ]   val.json:   14 images,  7 annotations
[09:46:40] [INFO ]   Step 4 complete
[09:46:40] [INFO ] 
[09:46:40] [INFO ]   DONE  f287stk14a  →  train  |  0 faults  |  0 boxes
[09:46:40] [INFO ] 
[09:46:40] [INFO ] ──────────────────────────────────────────────────
[09:46:40] [INFO ]   LINE: f287stk15
[09:46:40] [INFO ] ──────────────────────────────────────────────────
[09:46:40] [INFO ] Dataset  : namss.F-2-87-AA.mcs.airgun
[09:46:40] [INFO ] SGY      : ../../airgun_data/namss.F-2-87-AA.mcs.airgun/Data/f287stk15.sgy
[09:46:40] [INFO ] NAV      : ../../airgun_data/namss.F-2-87-AA.mcs.airgun/Navigation/f-2-87-aa_NAV-WGS84.csv
[09:46:40] [INFO ] SA mode  : single (seed=42)
[09:46:40] [INFO ] 
[09:46:40] [INFO ] STEP 1 — Feature extraction
[09:46:40] [INFO ]   Loading navigation...
[09:46:40] [INFO ]   Loading SEG-Y...
[09:46:40] [INFO ]   Traces: 168  Samples: 1500  dt: 4.000 ms
[09:46:40] [INFO ]   Depth:  0.0 m → 4497.0 m
[09:46:40] [INFO ]   Matching traces to navigation...
[09:46:40] [INFO ]   NAV line matched via translation: 'f287stk15' -> 'F287-15'
[09:46:40] [INFO ]   Matched 167 / 168 traces
[09:46:40] [INFO ]   Bandpass filtering...
[09:46:40] [INFO ]   Computing seismic attributes...
[09:46:40] [INFO ]   Picking seafloor...
[09:46:40] [INFO ]   Seafloor depth: 582–636 m  (32 shallow traces masked)
[09:46:40] [INFO ]   Picking horizons...
[09:46:40] [INFO ]   Computing NCC coherence (slow)...
[09:46:40] [INFO ]   Saving CNN section image...
[09:46:41] [INFO ]   Saved: f287stk15_section_cnn.png  (2700x1500px)
[09:46:41] [INFO ]   Step 1 complete
[09:46:41] [INFO ] 
[09:46:41] [INFO ] STEP 2 — Fault detection
[09:46:41] [INFO ]   Mode: single SA run (seed=42)
[09:46:41] [INFO ]   Detected 0 high-confidence faults
[09:46:41] [INFO ]   Step 2 complete
[09:46:41] [INFO ] 
[09:46:41] [INFO ] STEP 3 — Bounding boxes
[09:46:41] [INFO ]   Generated 0 boxes
[09:46:41] [INFO ]   Step 3 complete
[09:46:41] [INFO ] 
[09:46:41] [INFO ] STEP 4 — Dataset building
[09:46:41] [INFO ]   Saving labeled review image...
[09:46:41] [INFO ]   Saved: f287stk15_labeled.png
[09:46:41] [INFO ]   Split: val
[09:46:41] [INFO ]   Added 0 annotations to val.json
[09:46:41] [INFO ]   train.json: 56 images, 33 annotations
[09:46:41] [INFO ]   val.json:   15 images,  7 annotations
[09:46:41] [INFO ]   Step 4 complete
[09:46:41] [INFO ] 
[09:46:41] [INFO ]   DONE  f287stk15  →  val  |  0 faults  |  0 boxes
[09:46:41] [INFO ] 
[09:46:41] [INFO ] ──────────────────────────────────────────────────
[09:46:41] [INFO ]   LINE: f287stk16
[09:46:41] [INFO ] ──────────────────────────────────────────────────
[09:46:41] [INFO ] Dataset  : namss.F-2-87-AA.mcs.airgun
[09:46:41] [INFO ] SGY      : ../../airgun_data/namss.F-2-87-AA.mcs.airgun/Data/f287stk16.sgy
[09:46:41] [INFO ] NAV      : ../../airgun_data/namss.F-2-87-AA.mcs.airgun/Navigation/f-2-87-aa_NAV-WGS84.csv
[09:46:41] [INFO ] SA mode  : single (seed=42)
[09:46:41] [INFO ] 
[09:46:41] [INFO ] STEP 1 — Feature extraction
[09:46:41] [INFO ]   Loading navigation...
[09:46:41] [INFO ]   Loading SEG-Y...
[09:46:41] [INFO ]   Traces: 1045  Samples: 1500  dt: 4.000 ms
[09:46:41] [INFO ]   Depth:  0.0 m → 4497.0 m
[09:46:41] [INFO ]   Matching traces to navigation...
[09:46:41] [INFO ]   NAV line matched via translation: 'f287stk16' -> 'F287-16'
[09:46:41] [INFO ]   Matched 1044 / 1045 traces
[09:46:41] [INFO ]   Bandpass filtering...
[09:46:41] [INFO ]   Computing seismic attributes...
[09:46:41] [INFO ]   Picking seafloor...
[09:46:41] [INFO ]   Seafloor depth: 591–858 m  (8 shallow traces masked)
[09:46:41] [INFO ]   Picking horizons...
[09:46:41] [INFO ]   Computing NCC coherence (slow)...
[09:46:41] [INFO ]   Saving CNN section image...
[09:46:42] [INFO ]   Saved: f287stk16_section_cnn.png  (2700x1500px)
[09:46:42] [INFO ]   Step 1 complete
[09:46:42] [INFO ] 
[09:46:42] [INFO ] STEP 2 — Fault detection
[09:46:42] [INFO ]   Mode: single SA run (seed=42)
[09:46:43] [INFO ]   Detected 0 high-confidence faults
[09:46:43] [INFO ]   Step 2 complete
[09:46:43] [INFO ] 
[09:46:43] [INFO ] STEP 3 — Bounding boxes
[09:46:43] [INFO ]   Generated 0 boxes
[09:46:43] [INFO ]   Step 3 complete
[09:46:43] [INFO ] 
[09:46:43] [INFO ] STEP 4 — Dataset building
[09:46:43] [INFO ]   Saving labeled review image...
[09:46:43] [INFO ]   Saved: f287stk16_labeled.png
[09:46:43] [INFO ]   Split: train
[09:46:43] [INFO ]   Added 0 annotations to train.json
[09:46:43] [INFO ]   train.json: 57 images, 33 annotations
[09:46:43] [INFO ]   val.json:   15 images,  7 annotations
[09:46:43] [INFO ]   Step 4 complete
[09:46:43] [INFO ] 
[09:46:43] [INFO ]   DONE  f287stk16  →  train  |  0 faults  |  0 boxes
[09:46:43] [INFO ] 
[09:46:43] [INFO ] ──────────────────────────────────────────────────
[09:46:43] [INFO ]   LINE: f287stk17
[09:46:43] [INFO ] ──────────────────────────────────────────────────
[09:46:43] [INFO ] Dataset  : namss.F-2-87-AA.mcs.airgun
[09:46:43] [INFO ] SGY      : ../../airgun_data/namss.F-2-87-AA.mcs.airgun/Data/f287stk17.sgy
[09:46:43] [INFO ] NAV      : ../../airgun_data/namss.F-2-87-AA.mcs.airgun/Navigation/f-2-87-aa_NAV-WGS84.csv
[09:46:43] [INFO ] SA mode  : single (seed=42)
[09:46:43] [INFO ] 
[09:46:43] [INFO ] STEP 1 — Feature extraction
[09:46:43] [INFO ]   Loading navigation...
[09:46:43] [INFO ]   Loading SEG-Y...
[09:46:43] [INFO ]   Traces: 348  Samples: 1500  dt: 4.000 ms
[09:46:43] [INFO ]   Depth:  0.0 m → 4497.0 m
[09:46:43] [INFO ]   Matching traces to navigation...
[09:46:43] [INFO ]   NAV line matched via translation: 'f287stk17' -> 'F287-17'
[09:46:43] [INFO ]   Matched 347 / 348 traces
[09:46:43] [INFO ]   Bandpass filtering...
[09:46:43] [INFO ]   Computing seismic attributes...
[09:46:43] [INFO ]   Picking seafloor...
[09:46:43] [INFO ]   Seafloor depth: 477–705 m  (159 shallow traces masked)
[09:46:43] [INFO ]   Picking horizons...
[09:46:43] [INFO ]   Computing NCC coherence (slow)...
[09:46:43] [INFO ]   Saving CNN section image...
[09:46:44] [INFO ]   Saved: f287stk17_section_cnn.png  (2700x1500px)
[09:46:44] [INFO ]   Step 1 complete
[09:46:44] [INFO ] 
[09:46:44] [INFO ] STEP 2 — Fault detection
[09:46:44] [INFO ]   Mode: single SA run (seed=42)
[09:46:44] [INFO ]   Detected 1 high-confidence faults
[09:46:44] [INFO ]     Fault  1 | trace ~   44 | prob=0.810
[09:46:44] [INFO ]   Step 2 complete
[09:46:44] [INFO ] 
[09:46:44] [INFO ] STEP 3 — Bounding boxes
[09:46:44] [INFO ]   Box  1 | [0, 213, 1066w, 209h px]
[09:46:44] [INFO ]   Generated 1 boxes
[09:46:44] [INFO ]   Step 3 complete
[09:46:44] [INFO ] 
[09:46:44] [INFO ] STEP 4 — Dataset building
[09:46:44] [INFO ]   Saving labeled review image...
[09:46:44] [INFO ]   Saved: f287stk17_labeled.png
[09:46:44] [INFO ]   Split: train
[09:46:44] [INFO ]   Added 1 annotations to train.json
[09:46:44] [INFO ]   train.json: 58 images, 34 annotations
[09:46:44] [INFO ]   val.json:   15 images,  7 annotations
[09:46:44] [INFO ]   Step 4 complete
[09:46:44] [INFO ] 
[09:46:44] [INFO ]   DONE  f287stk17  →  train  |  1 faults  |  1 boxes
[09:46:44] [INFO ] 
[09:46:44] [INFO ] ──────────────────────────────────────────────────
[09:46:44] [INFO ]   LINE: f287stk18
[09:46:44] [INFO ] ──────────────────────────────────────────────────
[09:46:44] [INFO ] Dataset  : namss.F-2-87-AA.mcs.airgun
[09:46:44] [INFO ] SGY      : ../../airgun_data/namss.F-2-87-AA.mcs.airgun/Data/f287stk18.sgy
[09:46:44] [INFO ] NAV      : ../../airgun_data/namss.F-2-87-AA.mcs.airgun/Navigation/f-2-87-aa_NAV-WGS84.csv
[09:46:44] [INFO ] SA mode  : single (seed=42)
[09:46:44] [INFO ] 
[09:46:44] [INFO ] STEP 1 — Feature extraction
[09:46:44] [INFO ]   Loading navigation...
[09:46:44] [INFO ]   Loading SEG-Y...
[09:46:44] [INFO ]   Traces: 622  Samples: 1500  dt: 4.000 ms
[09:46:44] [INFO ]   Depth:  0.0 m → 4497.0 m
[09:46:44] [INFO ]   Matching traces to navigation...
[09:46:44] [INFO ]   NAV line matched via translation: 'f287stk18' -> 'F287-18'
[09:46:44] [INFO ]   Matched 621 / 622 traces
[09:46:44] [INFO ]   Bandpass filtering...
[09:46:44] [INFO ]   Computing seismic attributes...
[09:46:44] [INFO ]   Picking seafloor...
[09:46:44] [INFO ]   Seafloor depth: 396–1827 m  (279 shallow traces masked)
[09:46:44] [INFO ]   Picking horizons...
[09:46:44] [INFO ]   Computing NCC coherence (slow)...
[09:46:44] [INFO ]   Saving CNN section image...
[09:46:44] [INFO ]   Saved: f287stk18_section_cnn.png  (2700x1500px)
[09:46:44] [INFO ]   Step 1 complete
[09:46:44] [INFO ] 
[09:46:44] [INFO ] STEP 2 — Fault detection
[09:46:44] [INFO ]   Mode: single SA run (seed=42)
[09:46:45] [INFO ]   Detected 1 high-confidence faults
[09:46:45] [INFO ]     Fault  1 | trace ~   97 | prob=0.793
[09:46:45] [INFO ]   Step 2 complete
[09:46:45] [INFO ] 
[09:46:45] [INFO ] STEP 3 — Bounding boxes
[09:46:45] [INFO ]   Box  1 | [0, 144, 912w, 264h px]
[09:46:45] [INFO ]   Generated 1 boxes
[09:46:45] [INFO ]   Step 3 complete
[09:46:45] [INFO ] 
[09:46:45] [INFO ] STEP 4 — Dataset building
[09:46:45] [INFO ]   Saving labeled review image...
[09:46:45] [INFO ]   Saved: f287stk18_labeled.png
[09:46:45] [INFO ]   Split: train
[09:46:45] [INFO ]   Added 1 annotations to train.json
[09:46:45] [INFO ]   train.json: 59 images, 35 annotations
[09:46:45] [INFO ]   val.json:   15 images,  7 annotations
[09:46:45] [INFO ]   Step 4 complete
[09:46:45] [INFO ] 
[09:46:45] [INFO ]   DONE  f287stk18  →  train  |  1 faults  |  1 boxes
[09:46:45] [INFO ] 
[09:46:45] [INFO ] ──────────────────────────────────────────────────
[09:46:45] [INFO ]   LINE: f287stk19
[09:46:45] [INFO ] ──────────────────────────────────────────────────
[09:46:45] [INFO ] Dataset  : namss.F-2-87-AA.mcs.airgun
[09:46:45] [INFO ] SGY      : ../../airgun_data/namss.F-2-87-AA.mcs.airgun/Data/f287stk19.sgy
[09:46:45] [INFO ] NAV      : ../../airgun_data/namss.F-2-87-AA.mcs.airgun/Navigation/f-2-87-aa_NAV-WGS84.csv
[09:46:45] [INFO ] SA mode  : single (seed=42)
[09:46:45] [INFO ] 
[09:46:45] [INFO ] STEP 1 — Feature extraction
[09:46:45] [INFO ]   Loading navigation...
[09:46:45] [INFO ]   Loading SEG-Y...
[09:46:45] [INFO ]   Traces: 1347  Samples: 1500  dt: 4.000 ms
[09:46:45] [INFO ]   Depth:  0.0 m → 4497.0 m
[09:46:45] [INFO ]   Matching traces to navigation...
[09:46:45] [INFO ]   NAV line matched via translation: 'f287stk19' -> 'F287-19'
[09:46:46] [INFO ]   Matched 1345 / 1347 traces
[09:46:46] [INFO ]   Bandpass filtering...
[09:46:46] [INFO ]   Computing seismic attributes...
[09:46:46] [INFO ]   Picking seafloor...
[09:46:46] [INFO ]   Seafloor depth: 597–1485 m  (40 shallow traces masked)
[09:46:46] [INFO ]   Picking horizons...
[09:46:46] [INFO ]   Computing NCC coherence (slow)...
[09:46:46] [INFO ]   Saving CNN section image...
[09:46:46] [INFO ]   Saved: f287stk19_section_cnn.png  (2700x1500px)
[09:46:46] [INFO ]   Step 1 complete
[09:46:46] [INFO ] 
[09:46:46] [INFO ] STEP 2 — Fault detection
[09:46:46] [INFO ]   Mode: single SA run (seed=42)
[09:46:48] [INFO ]   Detected 0 high-confidence faults
[09:46:48] [INFO ]   Step 2 complete
[09:46:48] [INFO ] 
[09:46:48] [INFO ] STEP 3 — Bounding boxes
[09:46:48] [INFO ]   Generated 0 boxes
[09:46:48] [INFO ]   Step 3 complete
[09:46:48] [INFO ] 
[09:46:48] [INFO ] STEP 4 — Dataset building
[09:46:48] [INFO ]   Saving labeled review image...
[09:46:48] [INFO ]   Saved: f287stk19_labeled.png
[09:46:48] [INFO ]   Split: train
[09:46:48] [INFO ]   Added 0 annotations to train.json
[09:46:48] [INFO ]   train.json: 60 images, 35 annotations
[09:46:48] [INFO ]   val.json:   15 images,  7 annotations
[09:46:48] [INFO ]   Step 4 complete
[09:46:48] [INFO ] 
[09:46:48] [INFO ]   DONE  f287stk19  →  train  |  0 faults  |  0 boxes
[09:46:48] [INFO ] 
[09:46:48] [INFO ] ──────────────────────────────────────────────────
[09:46:48] [INFO ]   LINE: f287stk20
[09:46:48] [INFO ] ──────────────────────────────────────────────────
[09:46:48] [INFO ] Dataset  : namss.F-2-87-AA.mcs.airgun
[09:46:48] [INFO ] SGY      : ../../airgun_data/namss.F-2-87-AA.mcs.airgun/Data/f287stk20.sgy
[09:46:48] [INFO ] NAV      : ../../airgun_data/namss.F-2-87-AA.mcs.airgun/Navigation/f-2-87-aa_NAV-WGS84.csv
[09:46:48] [INFO ] SA mode  : single (seed=42)
[09:46:48] [INFO ] 
[09:46:48] [INFO ] STEP 1 — Feature extraction
[09:46:48] [INFO ]   Loading navigation...
[09:46:48] [INFO ]   Loading SEG-Y...
[09:46:48] [INFO ]   Traces: 1823  Samples: 2250  dt: 4.000 ms
[09:46:48] [INFO ]   Depth:  0.0 m → 6747.0 m
[09:46:48] [INFO ]   Matching traces to navigation...
[09:46:48] [INFO ]   NAV line matched via translation: 'f287stk20' -> 'F287-20'
[09:46:48] [INFO ]   Matched 1819 / 1823 traces
[09:46:48] [INFO ]   Bandpass filtering...
[09:46:48] [INFO ]   Computing seismic attributes...
[09:46:49] [INFO ]   Picking seafloor...
[09:46:49] [INFO ]   Seafloor depth: 471–3270 m  (168 shallow traces masked)
[09:46:49] [INFO ]   Picking horizons...
[09:46:49] [INFO ]   Computing NCC coherence (slow)...
[09:46:49] [INFO ]   Saving CNN section image...
[09:46:49] [INFO ]   Saved: f287stk20_section_cnn.png  (2700x1500px)
[09:46:49] [INFO ]   Step 1 complete
[09:46:49] [INFO ] 
[09:46:49] [INFO ] STEP 2 — Fault detection
[09:46:49] [INFO ]   Mode: single SA run (seed=42)
[09:46:51] [INFO ]   Detected 1 high-confidence faults
[09:46:51] [INFO ]     Fault  1 | trace ~  999 | prob=0.778
[09:46:51] [INFO ]   Step 2 complete
[09:46:51] [INFO ] 
[09:46:51] [INFO ] STEP 3 — Bounding boxes
[09:46:51] [INFO ]   Box  1 | [1316, 111, 338w, 177h px]
[09:46:51] [INFO ]   Generated 1 boxes
[09:46:51] [INFO ]   Step 3 complete
[09:46:51] [INFO ] 
[09:46:51] [INFO ] STEP 4 — Dataset building
[09:46:51] [INFO ]   Saving labeled review image...
[09:46:51] [INFO ]   Saved: f287stk20_labeled.png
[09:46:51] [INFO ]   Split: val
[09:46:51] [INFO ]   Added 1 annotations to val.json
[09:46:51] [INFO ]   train.json: 60 images, 35 annotations
[09:46:51] [INFO ]   val.json:   16 images,  8 annotations
[09:46:51] [INFO ]   Step 4 complete
[09:46:51] [INFO ] 
[09:46:51] [INFO ]   DONE  f287stk20  →  val  |  1 faults  |  1 boxes
[09:46:51] [INFO ] 
[09:46:51] [INFO ] ──────────────────────────────────────────────────
[09:46:51] [INFO ]   LINE: f287stk21
[09:46:51] [INFO ] ──────────────────────────────────────────────────
[09:46:51] [INFO ] Dataset  : namss.F-2-87-AA.mcs.airgun
[09:46:51] [INFO ] SGY      : ../../airgun_data/namss.F-2-87-AA.mcs.airgun/Data/f287stk21.sgy
[09:46:51] [INFO ] NAV      : ../../airgun_data/namss.F-2-87-AA.mcs.airgun/Navigation/f-2-87-aa_NAV-WGS84.csv
[09:46:51] [INFO ] SA mode  : single (seed=42)
[09:46:51] [INFO ] 
[09:46:51] [INFO ] STEP 1 — Feature extraction
[09:46:51] [INFO ]   Loading navigation...
[09:46:51] [INFO ]   Loading SEG-Y...
[09:46:51] [INFO ]   Traces: 388  Samples: 2250  dt: 4.000 ms
[09:46:51] [INFO ]   Depth:  0.0 m → 6747.0 m
[09:46:51] [INFO ]   Matching traces to navigation...
[09:46:51] [INFO ]   NAV line matched via translation: 'f287stk21' -> 'F287-21'
[09:46:51] [INFO ]   Matched 387 / 388 traces
[09:46:51] [INFO ]   Bandpass filtering...
[09:46:51] [INFO ]   Computing seismic attributes...
[09:46:51] [INFO ]   Picking seafloor...
[09:46:51] [INFO ]   Seafloor depth: 2544–2955 m  (0 shallow traces masked)
[09:46:51] [INFO ]   Picking horizons...
[09:46:51] [INFO ]   Computing NCC coherence (slow)...
[09:46:51] [INFO ]   Saving CNN section image...
[09:46:52] [INFO ]   Saved: f287stk21_section_cnn.png  (2700x1500px)
[09:46:52] [INFO ]   Step 1 complete
[09:46:52] [INFO ] 
[09:46:52] [INFO ] STEP 2 — Fault detection
[09:46:52] [INFO ]   Mode: single SA run (seed=42)
[09:46:52] [INFO ]   Detected 0 high-confidence faults
[09:46:52] [INFO ]   Step 2 complete
[09:46:52] [INFO ] 
[09:46:52] [INFO ] STEP 3 — Bounding boxes
[09:46:52] [INFO ]   Generated 0 boxes
[09:46:52] [INFO ]   Step 3 complete
[09:46:52] [INFO ] 
[09:46:52] [INFO ] STEP 4 — Dataset building
[09:46:52] [INFO ]   Saving labeled review image...
[09:46:52] [INFO ]   Saved: f287stk21_labeled.png
[09:46:52] [INFO ]   Split: train
[09:46:52] [INFO ]   Added 0 annotations to train.json
[09:46:52] [INFO ]   train.json: 61 images, 35 annotations
[09:46:52] [INFO ]   val.json:   16 images,  8 annotations
[09:46:52] [INFO ]   Step 4 complete
[09:46:52] [INFO ] 
[09:46:52] [INFO ]   DONE  f287stk21  →  train  |  0 faults  |  0 boxes
[09:46:52] [INFO ] 
[09:46:52] [INFO ] ──────────────────────────────────────────────────
[09:46:52] [INFO ]   LINE: f287stk22
[09:46:52] [INFO ] ──────────────────────────────────────────────────
[09:46:52] [INFO ] Dataset  : namss.F-2-87-AA.mcs.airgun
[09:46:52] [INFO ] SGY      : ../../airgun_data/namss.F-2-87-AA.mcs.airgun/Data/f287stk22.sgy
[09:46:52] [INFO ] NAV      : ../../airgun_data/namss.F-2-87-AA.mcs.airgun/Navigation/f-2-87-aa_NAV-WGS84.csv
[09:46:52] [INFO ] SA mode  : single (seed=42)
[09:46:52] [INFO ] 
[09:46:52] [INFO ] STEP 1 — Feature extraction
[09:46:52] [INFO ]   Loading navigation...
[09:46:52] [INFO ]   Loading SEG-Y...
[09:46:52] [INFO ]   Traces: 3505  Samples: 2250  dt: 4.000 ms
[09:46:52] [INFO ]   Depth:  0.0 m → 6747.0 m
[09:46:52] [INFO ]   Matching traces to navigation...
[09:46:52] [INFO ]   NAV line matched via translation: 'f287stk22' -> 'F287-22'
[09:46:53] [INFO ]   Matched 3504 / 3505 traces
[09:46:53] [INFO ]   Bandpass filtering...
[09:46:53] [INFO ]   Computing seismic attributes...
[09:46:53] [INFO ]   Picking seafloor...
[09:46:53] [INFO ]   Seafloor depth: 720–3537 m  (0 shallow traces masked)
[09:46:53] [INFO ]   Picking horizons...
[09:46:54] [INFO ]   Computing NCC coherence (slow)...
[09:46:54] [INFO ]   Saving CNN section image...
[09:46:55] [INFO ]   Saved: f287stk22_section_cnn.png  (2700x1500px)
[09:46:55] [INFO ]   Step 1 complete
[09:46:55] [INFO ] 
[09:46:55] [INFO ] STEP 2 — Fault detection
[09:46:55] [INFO ]   Mode: single SA run (seed=42)
[09:46:58] [INFO ]   Detected 2 high-confidence faults
[09:46:58] [INFO ]     Fault  1 | trace ~ 2207 | prob=0.773
[09:46:58] [INFO ]     Fault  2 | trace ~ 3141 | prob=0.777
[09:46:58] [INFO ]   Step 2 complete
[09:46:58] [INFO ] 
[09:46:58] [INFO ] STEP 3 — Bounding boxes
[09:46:58] [INFO ]   Box  1 | [1618, 372, 178w, 161h px]
[09:46:58] [INFO ]   Box  2 | [2368, 410, 112w, 154h px]
[09:46:58] [INFO ]   Generated 2 boxes
[09:46:58] [INFO ]   Step 3 complete
[09:46:58] [INFO ] 
[09:46:58] [INFO ] STEP 4 — Dataset building
[09:46:58] [INFO ]   Saving labeled review image...
[09:46:58] [INFO ]   Saved: f287stk22_labeled.png
[09:46:58] [INFO ]   Split: train
[09:46:58] [INFO ]   Added 2 annotations to train.json
[09:46:58] [INFO ]   train.json: 62 images, 37 annotations
[09:46:58] [INFO ]   val.json:   16 images,  8 annotations
[09:46:58] [INFO ]   Step 4 complete
[09:46:58] [INFO ] 
[09:46:58] [INFO ]   DONE  f287stk22  →  train  |  2 faults  |  2 boxes
[09:46:58] [INFO ] 
[09:46:58] [INFO ] ──────────────────────────────────────────────────
[09:46:58] [INFO ]   LINE: f287stk23
[09:46:58] [INFO ] ──────────────────────────────────────────────────
[09:46:58] [INFO ] Dataset  : namss.F-2-87-AA.mcs.airgun
[09:46:58] [INFO ] SGY      : ../../airgun_data/namss.F-2-87-AA.mcs.airgun/Data/f287stk23.sgy
[09:46:58] [INFO ] NAV      : ../../airgun_data/namss.F-2-87-AA.mcs.airgun/Navigation/f-2-87-aa_NAV-WGS84.csv
[09:46:58] [INFO ] SA mode  : single (seed=42)
[09:46:58] [INFO ] 
[09:46:58] [INFO ] STEP 1 — Feature extraction
[09:46:58] [INFO ]   Loading navigation...
[09:46:58] [INFO ]   Loading SEG-Y...
[09:46:58] [INFO ]   Traces: 2914  Samples: 2000  dt: 4.000 ms
[09:46:58] [INFO ]   Depth:  0.0 m → 5997.0 m
[09:46:58] [INFO ]   Matching traces to navigation...
[09:46:58] [INFO ]   NAV line matched via translation: 'f287stk23' -> 'F287-23'
[09:46:58] [INFO ]   Matched 2911 / 2914 traces
[09:46:58] [INFO ]   Bandpass filtering...
[09:46:59] [INFO ]   Computing seismic attributes...
[09:46:59] [INFO ]   Picking seafloor...
[09:46:59] [INFO ]   Seafloor depth: 420–3333 m  (146 shallow traces masked)
[09:46:59] [INFO ]   Picking horizons...
[09:46:59] [INFO ]   Computing NCC coherence (slow)...
[09:46:59] [INFO ]   Saving CNN section image...
[09:47:00] [INFO ]   Saved: f287stk23_section_cnn.png  (2700x1500px)
[09:47:00] [INFO ]   Step 1 complete
[09:47:00] [INFO ] 
[09:47:00] [INFO ] STEP 2 — Fault detection
[09:47:00] [INFO ]   Mode: single SA run (seed=42)
[09:47:02] [INFO ]   Detected 1 high-confidence faults
[09:47:02] [INFO ]     Fault  1 | trace ~ 1112 | prob=0.841
[09:47:02] [INFO ]   Step 2 complete
[09:47:02] [INFO ] 
[09:47:02] [INFO ] STEP 3 — Bounding boxes
[09:47:02] [INFO ]   Box  1 | [934, 251, 208w, 167h px]
[09:47:02] [INFO ]   Generated 1 boxes
[09:47:02] [INFO ]   Step 3 complete
[09:47:02] [INFO ] 
[09:47:02] [INFO ] STEP 4 — Dataset building
[09:47:02] [INFO ]   Saving labeled review image...
[09:47:02] [INFO ]   Saved: f287stk23_labeled.png
[09:47:02] [INFO ]   Split: train
[09:47:02] [INFO ]   Added 1 annotations to train.json
[09:47:02] [INFO ]   train.json: 63 images, 38 annotations
[09:47:02] [INFO ]   val.json:   16 images,  8 annotations
[09:47:02] [INFO ]   Step 4 complete
[09:47:02] [INFO ] 
[09:47:02] [INFO ]   DONE  f287stk23  →  train  |  1 faults  |  1 boxes
[09:47:02] [INFO ] 
[09:47:02] [INFO ] ──────────────────────────────────────────────────
[09:47:02] [INFO ]   LINE: f287stk24
[09:47:02] [INFO ] ──────────────────────────────────────────────────
[09:47:02] [INFO ] Dataset  : namss.F-2-87-AA.mcs.airgun
[09:47:02] [INFO ] SGY      : ../../airgun_data/namss.F-2-87-AA.mcs.airgun/Data/f287stk24.sgy
[09:47:02] [INFO ] NAV      : ../../airgun_data/namss.F-2-87-AA.mcs.airgun/Navigation/f-2-87-aa_NAV-WGS84.csv
[09:47:02] [INFO ] SA mode  : single (seed=42)
[09:47:02] [INFO ] 
[09:47:02] [INFO ] STEP 1 — Feature extraction
[09:47:02] [INFO ]   Loading navigation...
[09:47:02] [INFO ]   Loading SEG-Y...
[09:47:02] [INFO ]   Traces: 975  Samples: 1750  dt: 4.000 ms
[09:47:02] [INFO ]   Depth:  0.0 m → 5247.0 m
[09:47:02] [INFO ]   Matching traces to navigation...
[09:47:02] [INFO ]   NAV line matched via translation: 'f287stk24' -> 'F287-24'
[09:47:03] [INFO ]   Matched 974 / 975 traces
[09:47:03] [INFO ]   Bandpass filtering...
[09:47:03] [INFO ]   Computing seismic attributes...
[09:47:03] [INFO ]   Picking seafloor...
[09:47:03] [INFO ]   Seafloor depth: 384–1866 m  (410 shallow traces masked)
[09:47:03] [INFO ]   Picking horizons...
[09:47:03] [INFO ]   Computing NCC coherence (slow)...
[09:47:03] [INFO ]   Saving CNN section image...
[09:47:03] [INFO ]   Saved: f287stk24_section_cnn.png  (2700x1500px)
[09:47:03] [INFO ]   Step 1 complete
[09:47:03] [INFO ] 
[09:47:03] [INFO ] STEP 2 — Fault detection
[09:47:03] [INFO ]   Mode: single SA run (seed=42)
[09:47:04] [INFO ]   Detected 0 high-confidence faults
[09:47:04] [INFO ]   Step 2 complete
[09:47:04] [INFO ] 
[09:47:04] [INFO ] STEP 3 — Bounding boxes
[09:47:04] [INFO ]   Generated 0 boxes
[09:47:04] [INFO ]   Step 3 complete
[09:47:04] [INFO ] 
[09:47:04] [INFO ] STEP 4 — Dataset building
[09:47:04] [INFO ]   Saving labeled review image...
[09:47:04] [INFO ]   Saved: f287stk24_labeled.png
[09:47:04] [INFO ]   Split: train
[09:47:04] [INFO ]   Added 0 annotations to train.json
[09:47:04] [INFO ]   train.json: 64 images, 38 annotations
[09:47:04] [INFO ]   val.json:   16 images,  8 annotations
[09:47:04] [INFO ]   Step 4 complete
[09:47:04] [INFO ] 
[09:47:04] [INFO ]   DONE  f287stk24  →  train  |  0 faults  |  0 boxes
[09:47:04] [INFO ] 
[09:47:04] [INFO ] ──────────────────────────────────────────────────
[09:47:04] [INFO ]   LINE: f287stk25
[09:47:04] [INFO ] ──────────────────────────────────────────────────
[09:47:04] [INFO ] Dataset  : namss.F-2-87-AA.mcs.airgun
[09:47:04] [INFO ] SGY      : ../../airgun_data/namss.F-2-87-AA.mcs.airgun/Data/f287stk25.sgy
[09:47:04] [INFO ] NAV      : ../../airgun_data/namss.F-2-87-AA.mcs.airgun/Navigation/f-2-87-aa_NAV-WGS84.csv
[09:47:04] [INFO ] SA mode  : single (seed=42)
[09:47:04] [INFO ] 
[09:47:04] [INFO ] STEP 1 — Feature extraction
[09:47:04] [INFO ]   Loading navigation...
[09:47:04] [INFO ]   Loading SEG-Y...
[09:47:05] [INFO ]   Traces: 1752  Samples: 2000  dt: 4.000 ms
[09:47:05] [INFO ]   Depth:  0.0 m → 5997.0 m
[09:47:05] [INFO ]   Matching traces to navigation...
[09:47:05] [INFO ]   NAV line matched via translation: 'f287stk25' -> 'F287-25'
[09:47:05] [INFO ]   Matched 1751 / 1752 traces
[09:47:05] [INFO ]   Bandpass filtering...
[09:47:05] [INFO ]   Computing seismic attributes...
[09:47:05] [INFO ]   Picking seafloor...
[09:47:05] [INFO ]   Seafloor depth: 558–2145 m  (10 shallow traces masked)
[09:47:05] [INFO ]   Picking horizons...
[09:47:05] [INFO ]   Computing NCC coherence (slow)...
[09:47:05] [INFO ]   Saving CNN section image...
[09:47:06] [INFO ]   Saved: f287stk25_section_cnn.png  (2700x1500px)
[09:47:06] [INFO ]   Step 1 complete
[09:47:06] [INFO ] 
[09:47:06] [INFO ] STEP 2 — Fault detection
[09:47:06] [INFO ]   Mode: single SA run (seed=42)
[09:47:07] [INFO ]   Detected 0 high-confidence faults
[09:47:07] [INFO ]   Step 2 complete
[09:47:07] [INFO ] 
[09:47:07] [INFO ] STEP 3 — Bounding boxes
[09:47:07] [INFO ]   Generated 0 boxes
[09:47:07] [INFO ]   Step 3 complete
[09:47:07] [INFO ] 
[09:47:07] [INFO ] STEP 4 — Dataset building
[09:47:07] [INFO ]   Saving labeled review image...
[09:47:08] [INFO ]   Saved: f287stk25_labeled.png
[09:47:08] [INFO ]   Split: val
[09:47:08] [INFO ]   Added 0 annotations to val.json
[09:47:08] [INFO ]   train.json: 64 images, 38 annotations
[09:47:08] [INFO ]   val.json:   17 images,  8 annotations
[09:47:08] [INFO ]   Step 4 complete
[09:47:08] [INFO ] 
[09:47:08] [INFO ]   DONE  f287stk25  →  val  |  0 faults  |  0 boxes
[09:47:08] [INFO ] 
[09:47:08] [INFO ] ──────────────────────────────────────────────────
[09:47:08] [INFO ]   LINE: f287stk26
[09:47:08] [INFO ] ──────────────────────────────────────────────────
[09:47:08] [INFO ] Dataset  : namss.F-2-87-AA.mcs.airgun
[09:47:08] [INFO ] SGY      : ../../airgun_data/namss.F-2-87-AA.mcs.airgun/Data/f287stk26.sgy
[09:47:08] [INFO ] NAV      : ../../airgun_data/namss.F-2-87-AA.mcs.airgun/Navigation/f-2-87-aa_NAV-WGS84.csv
[09:47:08] [INFO ] SA mode  : single (seed=42)
[09:47:08] [INFO ] 
[09:47:08] [INFO ] STEP 1 — Feature extraction
[09:47:08] [INFO ]   Loading navigation...
[09:47:08] [INFO ]   Loading SEG-Y...
[09:47:08] [ERROR] SKIPPING f287stk26 (namss.F-2-87-AA.mcs.airgun): Unknown format for file ../../airgun_data/namss.F-2-87-AA.mcs.airgun/Data/f287stk26.sgy
[09:47:08] [ERROR]   Traceback (most recent call last):
[09:47:08] [ERROR]     File "/Users/lennylukach/Personal/School/CS4100/namss/pipeline/src/pipeline.py", line 848, in <module>
[09:47:08] [ERROR]       process_line(line, sgy_path, nav_path, dataset)
[09:47:08] [ERROR]     File "/Users/lennylukach/Personal/School/CS4100/namss/pipeline/src/pipeline.py", line 405, in process_line
[09:47:08] [ERROR]       st = read(sgy_path)
[09:47:08] [ERROR]     File "/Users/lennylukach/Personal/School/CS4100/namss/venv/lib/python3.10/site-packages/decorator.py", line 235, in fun
[09:47:08] [ERROR]       return caller(func, *(extras + args), **kw)
[09:47:08] [ERROR]     File "/Users/lennylukach/Personal/School/CS4100/namss/venv/lib/python3.10/site-packages/obspy/core/util/decorator.py", line 298, in _map_example_filename
[09:47:08] [ERROR]       return func(*args, **kwargs)
[09:47:08] [ERROR]     File "/Users/lennylukach/Personal/School/CS4100/namss/venv/lib/python3.10/site-packages/obspy/core/stream.py", line 210, in read
[09:47:08] [ERROR]       st = _generic_reader(pathname_or_url, _read, **kwargs)
[09:47:08] [ERROR]     File "/Users/lennylukach/Personal/School/CS4100/namss/venv/lib/python3.10/site-packages/obspy/core/util/base.py", line 822, in _generic_reader
[09:47:08] [ERROR]       generic = callback_func(pathnames[0], **kwargs)
[09:47:08] [ERROR]     File "/Users/lennylukach/Personal/School/CS4100/namss/venv/lib/python3.10/site-packages/decorator.py", line 235, in fun
[09:47:08] [ERROR]       return caller(func, *(extras + args), **kw)
[09:47:08] [ERROR]     File "/Users/lennylukach/Personal/School/CS4100/namss/venv/lib/python3.10/site-packages/obspy/core/util/decorator.py", line 209, in uncompress_file
[09:47:08] [ERROR]       result = func(filename, *args, **kwargs)
[09:47:08] [ERROR]     File "/Users/lennylukach/Personal/School/CS4100/namss/venv/lib/python3.10/site-packages/obspy/core/stream.py", line 255, in _read
[09:47:08] [ERROR]       stream, format = _read_from_plugin('waveform', filename, format=format,
[09:47:08] [ERROR]     File "/Users/lennylukach/Personal/School/CS4100/namss/venv/lib/python3.10/site-packages/obspy/core/util/base.py", line 539, in _read_from_plugin
[09:47:08] [ERROR]       raise TypeError('Unknown format for file %s' % filename)
[09:47:08] [ERROR]   TypeError: Unknown format for file ../../airgun_data/namss.F-2-87-AA.mcs.airgun/Data/f287stk26.sgy
[09:47:08] [INFO ] 
[09:47:08] [INFO ] ──────────────────────────────────────────────────
[09:47:08] [INFO ]   LINE: f287stk27
[09:47:08] [INFO ] ──────────────────────────────────────────────────
[09:47:08] [INFO ] Dataset  : namss.F-2-87-AA.mcs.airgun
[09:47:08] [INFO ] SGY      : ../../airgun_data/namss.F-2-87-AA.mcs.airgun/Data/f287stk27.sgy
[09:47:08] [INFO ] NAV      : ../../airgun_data/namss.F-2-87-AA.mcs.airgun/Navigation/f-2-87-aa_NAV-WGS84.csv
[09:47:08] [INFO ] SA mode  : single (seed=42)
[09:47:08] [INFO ] 
[09:47:08] [INFO ] STEP 1 — Feature extraction
[09:47:08] [INFO ]   Loading navigation...
[09:47:08] [INFO ]   Loading SEG-Y...
[09:47:08] [INFO ]   Traces: 710  Samples: 2250  dt: 4.000 ms
[09:47:08] [INFO ]   Depth:  0.0 m → 6747.0 m
[09:47:08] [INFO ]   Matching traces to navigation...
[09:47:08] [INFO ]   NAV line matched via translation: 'f287stk27' -> 'F287-27'
[09:47:08] [INFO ]   Matched 709 / 710 traces
[09:47:08] [INFO ]   Bandpass filtering...
[09:47:08] [INFO ]   Computing seismic attributes...
[09:47:08] [INFO ]   Picking seafloor...
[09:47:08] [INFO ]   Seafloor depth: 1881–3258 m  (0 shallow traces masked)
[09:47:08] [INFO ]   Picking horizons...
[09:47:08] [INFO ]   Computing NCC coherence (slow)...
[09:47:08] [INFO ]   Saving CNN section image...
[09:47:08] [INFO ]   Saved: f287stk27_section_cnn.png  (2700x1500px)
[09:47:08] [INFO ]   Step 1 complete
[09:47:08] [INFO ] 
[09:47:08] [INFO ] STEP 2 — Fault detection
[09:47:08] [INFO ]   Mode: single SA run (seed=42)
[09:47:09] [INFO ]   Detected 0 high-confidence faults
[09:47:09] [INFO ]   Step 2 complete
[09:47:09] [INFO ] 
[09:47:09] [INFO ] STEP 3 — Bounding boxes
[09:47:09] [INFO ]   Generated 0 boxes
[09:47:09] [INFO ]   Step 3 complete
[09:47:09] [INFO ] 
[09:47:09] [INFO ] STEP 4 — Dataset building
[09:47:09] [INFO ]   Saving labeled review image...
[09:47:10] [INFO ]   Saved: f287stk27_labeled.png
[09:47:10] [INFO ]   Split: train
[09:47:10] [INFO ]   Added 0 annotations to train.json
[09:47:10] [INFO ]   train.json: 65 images, 38 annotations
[09:47:10] [INFO ]   val.json:   17 images,  8 annotations
[09:47:10] [INFO ]   Step 4 complete
[09:47:10] [INFO ] 
[09:47:10] [INFO ]   DONE  f287stk27  →  train  |  0 faults  |  0 boxes
[09:47:10] [INFO ] 
[09:47:10] [INFO ] ──────────────────────────────────────────────────
[09:47:10] [INFO ]   LINE: f287stk28
[09:47:10] [INFO ] ──────────────────────────────────────────────────
[09:47:10] [INFO ] Dataset  : namss.F-2-87-AA.mcs.airgun
[09:47:10] [INFO ] SGY      : ../../airgun_data/namss.F-2-87-AA.mcs.airgun/Data/f287stk28.sgy
[09:47:10] [INFO ] NAV      : ../../airgun_data/namss.F-2-87-AA.mcs.airgun/Navigation/f-2-87-aa_NAV-WGS84.csv
[09:47:10] [INFO ] SA mode  : single (seed=42)
[09:47:10] [INFO ] 
[09:47:10] [INFO ] STEP 1 — Feature extraction
[09:47:10] [INFO ]   Loading navigation...
[09:47:10] [INFO ]   Loading SEG-Y...
[09:47:10] [INFO ]   Traces: 643  Samples: 2500  dt: 4.000 ms
[09:47:10] [INFO ]   Depth:  0.0 m → 7497.0 m
[09:47:10] [INFO ]   Matching traces to navigation...
[09:47:10] [INFO ]   NAV line matched via translation: 'f287stk28' -> 'F287-28'
[09:47:10] [INFO ]   Matched 643 / 643 traces
[09:47:10] [INFO ]   Bandpass filtering...
[09:47:10] [INFO ]   Computing seismic attributes...
[09:47:10] [INFO ]   Picking seafloor...
[09:47:10] [INFO ]   Seafloor depth: 0–4377 m  (41 shallow traces masked)
[09:47:10] [INFO ]   Picking horizons...
[09:47:10] [INFO ]   Computing NCC coherence (slow)...
[09:47:10] [INFO ]   Saving CNN section image...
[09:47:10] [INFO ]   Saved: f287stk28_section_cnn.png  (2700x1500px)
[09:47:10] [INFO ]   Step 1 complete
[09:47:10] [INFO ] 
[09:47:10] [INFO ] STEP 2 — Fault detection
[09:47:10] [INFO ]   Mode: single SA run (seed=42)
[09:47:11] [INFO ]   Detected 0 high-confidence faults
[09:47:11] [INFO ]   Step 2 complete
[09:47:11] [INFO ] 
[09:47:11] [INFO ] STEP 3 — Bounding boxes
[09:47:11] [INFO ]   Generated 0 boxes
[09:47:11] [INFO ]   Step 3 complete
[09:47:11] [INFO ] 
[09:47:11] [INFO ] STEP 4 — Dataset building
[09:47:11] [INFO ]   Saving labeled review image...
[09:47:11] [INFO ]   Saved: f287stk28_labeled.png
[09:47:11] [INFO ]   Split: train
[09:47:11] [INFO ]   Added 0 annotations to train.json
[09:47:11] [INFO ]   train.json: 66 images, 38 annotations
[09:47:11] [INFO ]   val.json:   17 images,  8 annotations
[09:47:11] [INFO ]   Step 4 complete
[09:47:11] [INFO ] 
[09:47:11] [INFO ]   DONE  f287stk28  →  train  |  0 faults  |  0 boxes
[09:47:11] [INFO ] 
[09:47:11] [INFO ] ──────────────────────────────────────────────────
[09:47:11] [INFO ]   LINE: f287stk29
[09:47:11] [INFO ] ──────────────────────────────────────────────────
[09:47:11] [INFO ] Dataset  : namss.F-2-87-AA.mcs.airgun
[09:47:11] [INFO ] SGY      : ../../airgun_data/namss.F-2-87-AA.mcs.airgun/Data/f287stk29.sgy
[09:47:11] [INFO ] NAV      : ../../airgun_data/namss.F-2-87-AA.mcs.airgun/Navigation/f-2-87-aa_NAV-WGS84.csv
[09:47:11] [INFO ] SA mode  : single (seed=42)
[09:47:11] [INFO ] 
[09:47:11] [INFO ] STEP 1 — Feature extraction
[09:47:11] [INFO ]   Loading navigation...
[09:47:11] [INFO ]   Loading SEG-Y...
[09:47:12] [INFO ]   Traces: 10162  Samples: 2500  dt: 4.000 ms
[09:47:12] [INFO ]   Depth:  0.0 m → 7497.0 m
[09:47:12] [INFO ]   Matching traces to navigation...
[09:47:12] [INFO ]   NAV line matched via translation: 'f287stk29' -> 'F287-29'
[09:47:13] [INFO ]   Matched 10161 / 10162 traces
[09:47:13] [INFO ]   Bandpass filtering...
[09:47:13] [INFO ]   Computing seismic attributes...
[09:47:14] [INFO ]   Picking seafloor...
[09:47:15] [INFO ]   Seafloor depth: 1104–6717 m  (0 shallow traces masked)
[09:47:15] [INFO ]   Picking horizons...
[09:47:16] [INFO ]   Computing NCC coherence (slow)...
[09:47:16] [INFO ]   Saving CNN section image...
[09:47:18] [INFO ]   Saved: f287stk29_section_cnn.png  (2700x1500px)
[09:47:18] [INFO ]   Step 1 complete
[09:47:18] [INFO ] 
[09:47:18] [INFO ] STEP 2 — Fault detection
[09:47:18] [INFO ]   Mode: single SA run (seed=42)
[09:47:29] [INFO ]   Detected 0 high-confidence faults
[09:47:29] [INFO ]   Step 2 complete
[09:47:29] [INFO ] 
[09:47:29] [INFO ] STEP 3 — Bounding boxes
[09:47:29] [INFO ]   Generated 0 boxes
[09:47:29] [INFO ]   Step 3 complete
[09:47:29] [INFO ] 
[09:47:29] [INFO ] STEP 4 — Dataset building
[09:47:29] [INFO ]   Saving labeled review image...
[09:47:29] [INFO ]   Saved: f287stk29_labeled.png
[09:47:29] [INFO ]   Split: train
[09:47:29] [INFO ]   Added 0 annotations to train.json
[09:47:29] [INFO ]   train.json: 67 images, 38 annotations
[09:47:29] [INFO ]   val.json:   17 images,  8 annotations
[09:47:29] [INFO ]   Step 4 complete
[09:47:29] [INFO ] 
[09:47:29] [INFO ]   DONE  f287stk29  →  train  |  0 faults  |  0 boxes
[09:47:29] [INFO ] 
[09:47:29] [INFO ] ──────────────────────────────────────────────────
[09:47:29] [INFO ]   LINE: f287stk30
[09:47:29] [INFO ] ──────────────────────────────────────────────────
[09:47:29] [INFO ] Dataset  : namss.F-2-87-AA.mcs.airgun
[09:47:29] [INFO ] SGY      : ../../airgun_data/namss.F-2-87-AA.mcs.airgun/Data/f287stk30.sgy
[09:47:29] [INFO ] NAV      : ../../airgun_data/namss.F-2-87-AA.mcs.airgun/Navigation/f-2-87-aa_NAV-WGS84.csv
[09:47:29] [INFO ] SA mode  : single (seed=42)
[09:47:29] [INFO ] 
[09:47:29] [INFO ] STEP 1 — Feature extraction
[09:47:29] [INFO ]   Loading navigation...
[09:47:29] [INFO ]   Loading SEG-Y...
[09:47:29] [INFO ]   Traces: 432  Samples: 2500  dt: 4.000 ms
[09:47:29] [INFO ]   Depth:  0.0 m → 7497.0 m
[09:47:29] [INFO ]   Matching traces to navigation...
[09:47:29] [INFO ]   NAV line matched via translation: 'f287stk30' -> 'F287-30'
[09:47:29] [INFO ]   Matched 431 / 432 traces
[09:47:29] [INFO ]   Bandpass filtering...
[09:47:29] [INFO ]   Computing seismic attributes...
[09:47:29] [INFO ]   Picking seafloor...
[09:47:29] [INFO ]   Seafloor depth: 5325–6696 m  (0 shallow traces masked)
[09:47:29] [INFO ]   Picking horizons...
[09:47:29] [INFO ]   Computing NCC coherence (slow)...
[09:47:29] [INFO ]   Saving CNN section image...
[09:47:29] [INFO ]   Saved: f287stk30_section_cnn.png  (2700x1500px)
[09:47:29] [INFO ]   Step 1 complete
[09:47:29] [INFO ] 
[09:47:29] [INFO ] STEP 2 — Fault detection
[09:47:29] [INFO ]   Mode: single SA run (seed=42)
[09:47:30] [INFO ]   Detected 0 high-confidence faults
[09:47:30] [INFO ]   Step 2 complete
[09:47:30] [INFO ] 
[09:47:30] [INFO ] STEP 3 — Bounding boxes
[09:47:30] [INFO ]   Generated 0 boxes
[09:47:30] [INFO ]   Step 3 complete
[09:47:30] [INFO ] 
[09:47:30] [INFO ] STEP 4 — Dataset building
[09:47:30] [INFO ]   Saving labeled review image...
[09:47:30] [INFO ]   Saved: f287stk30_labeled.png
[09:47:30] [INFO ]   Split: val
[09:47:30] [INFO ]   Added 0 annotations to val.json
[09:47:30] [INFO ]   train.json: 67 images, 38 annotations
[09:47:30] [INFO ]   val.json:   18 images,  8 annotations
[09:47:30] [INFO ]   Step 4 complete
[09:47:30] [INFO ] 
[09:47:30] [INFO ]   DONE  f287stk30  →  val  |  0 faults  |  0 boxes
[09:47:30] [INFO ] 
[09:47:30] [INFO ] ──────────────────────────────────────────────────
[09:47:30] [INFO ]   LINE: f287stk31
[09:47:30] [INFO ] ──────────────────────────────────────────────────
[09:47:30] [INFO ] Dataset  : namss.F-2-87-AA.mcs.airgun
[09:47:30] [INFO ] SGY      : ../../airgun_data/namss.F-2-87-AA.mcs.airgun/Data/f287stk31.sgy
[09:47:30] [INFO ] NAV      : ../../airgun_data/namss.F-2-87-AA.mcs.airgun/Navigation/f-2-87-aa_NAV-WGS84.csv
[09:47:30] [INFO ] SA mode  : single (seed=42)
[09:47:30] [INFO ] 
[09:47:30] [INFO ] STEP 1 — Feature extraction
[09:47:30] [INFO ]   Loading navigation...
[09:47:30] [INFO ]   Loading SEG-Y...
[09:47:30] [ERROR] SKIPPING f287stk31 (namss.F-2-87-AA.mcs.airgun): second must be in 0..59
[09:47:30] [ERROR]   Traceback (most recent call last):
[09:47:30] [ERROR]     File "/Users/lennylukach/Personal/School/CS4100/namss/pipeline/src/pipeline.py", line 848, in <module>
[09:47:30] [ERROR]       process_line(line, sgy_path, nav_path, dataset)
[09:47:30] [ERROR]     File "/Users/lennylukach/Personal/School/CS4100/namss/pipeline/src/pipeline.py", line 405, in process_line
[09:47:30] [ERROR]       st = read(sgy_path)
[09:47:30] [ERROR]     File "/Users/lennylukach/Personal/School/CS4100/namss/venv/lib/python3.10/site-packages/decorator.py", line 235, in fun
[09:47:30] [ERROR]       return caller(func, *(extras + args), **kw)
[09:47:30] [ERROR]     File "/Users/lennylukach/Personal/School/CS4100/namss/venv/lib/python3.10/site-packages/obspy/core/util/decorator.py", line 298, in _map_example_filename
[09:47:30] [ERROR]       return func(*args, **kwargs)
[09:47:30] [ERROR]     File "/Users/lennylukach/Personal/School/CS4100/namss/venv/lib/python3.10/site-packages/obspy/core/stream.py", line 210, in read
[09:47:30] [ERROR]       st = _generic_reader(pathname_or_url, _read, **kwargs)
[09:47:30] [ERROR]     File "/Users/lennylukach/Personal/School/CS4100/namss/venv/lib/python3.10/site-packages/obspy/core/util/base.py", line 822, in _generic_reader
[09:47:30] [ERROR]       generic = callback_func(pathnames[0], **kwargs)
[09:47:30] [ERROR]     File "/Users/lennylukach/Personal/School/CS4100/namss/venv/lib/python3.10/site-packages/decorator.py", line 235, in fun
[09:47:30] [ERROR]       return caller(func, *(extras + args), **kw)
[09:47:30] [ERROR]     File "/Users/lennylukach/Personal/School/CS4100/namss/venv/lib/python3.10/site-packages/obspy/core/util/decorator.py", line 209, in uncompress_file
[09:47:30] [ERROR]       result = func(filename, *args, **kwargs)
[09:47:30] [ERROR]     File "/Users/lennylukach/Personal/School/CS4100/namss/venv/lib/python3.10/site-packages/obspy/core/stream.py", line 255, in _read
[09:47:30] [ERROR]       stream, format = _read_from_plugin('waveform', filename, format=format,
[09:47:30] [ERROR]     File "/Users/lennylukach/Personal/School/CS4100/namss/venv/lib/python3.10/site-packages/obspy/core/util/base.py", line 559, in _read_from_plugin
[09:47:30] [ERROR]       list_obj = read_format(filename, **kwargs)
[09:47:30] [ERROR]     File "/Users/lennylukach/Personal/School/CS4100/namss/venv/lib/python3.10/site-packages/obspy/io/segy/core.py", line 204, in _read_segy
[09:47:30] [ERROR]       stream.append(tr.to_obspy_trace(
[09:47:30] [ERROR]     File "/Users/lennylukach/Personal/School/CS4100/namss/venv/lib/python3.10/site-packages/obspy/io/segy/segy.py", line 775, in to_obspy_trace
[09:47:30] [ERROR]       trace.stats.starttime = UTCDateTime(
[09:47:30] [ERROR]     File "/Users/lennylukach/Personal/School/CS4100/namss/venv/lib/python3.10/site-packages/obspy/core/utcdatetime.py", line 460, in __init__
[09:47:30] [ERROR]       dt = datetime.datetime(*args, **kwargs)
[09:47:30] [ERROR]   ValueError: second must be in 0..59
[09:47:30] [INFO ] 
[09:47:30] [INFO ] ──────────────────────────────────────────────────
[09:47:30] [INFO ]   LINE: f287stk32
[09:47:30] [INFO ] ──────────────────────────────────────────────────
[09:47:30] [INFO ] Dataset  : namss.F-2-87-AA.mcs.airgun
[09:47:30] [INFO ] SGY      : ../../airgun_data/namss.F-2-87-AA.mcs.airgun/Data/f287stk32.sgy
[09:47:30] [INFO ] NAV      : ../../airgun_data/namss.F-2-87-AA.mcs.airgun/Navigation/f-2-87-aa_NAV-WGS84.csv
[09:47:30] [INFO ] SA mode  : single (seed=42)
[09:47:30] [INFO ] 
[09:47:30] [INFO ] STEP 1 — Feature extraction
[09:47:30] [INFO ]   Loading navigation...
[09:47:30] [INFO ]   Loading SEG-Y...
[09:47:30] [INFO ]   Traces: 388  Samples: 2500  dt: 4.000 ms
[09:47:30] [INFO ]   Depth:  0.0 m → 7497.0 m
[09:47:30] [INFO ]   Matching traces to navigation...
[09:47:30] [INFO ]   NAV line matched via translation: 'f287stk32' -> 'F287-32'
[09:47:30] [INFO ]   Matched 387 / 388 traces
[09:47:30] [INFO ]   Bandpass filtering...
[09:47:30] [INFO ]   Computing seismic attributes...
[09:47:30] [INFO ]   Picking seafloor...
[09:47:30] [INFO ]   Seafloor depth: 5499–6471 m  (0 shallow traces masked)
[09:47:30] [INFO ]   Picking horizons...
[09:47:31] [INFO ]   Computing NCC coherence (slow)...
[09:47:31] [INFO ]   Saving CNN section image...
[09:47:31] [INFO ]   Saved: f287stk32_section_cnn.png  (2700x1500px)
[09:47:31] [INFO ]   Step 1 complete
[09:47:31] [INFO ] 
[09:47:31] [INFO ] STEP 2 — Fault detection
[09:47:31] [INFO ]   Mode: single SA run (seed=42)
[09:47:31] [INFO ]   Detected 0 high-confidence faults
[09:47:31] [INFO ]   Step 2 complete
[09:47:31] [INFO ] 
[09:47:31] [INFO ] STEP 3 — Bounding boxes
[09:47:31] [INFO ]   Generated 0 boxes
[09:47:31] [INFO ]   Step 3 complete
[09:47:31] [INFO ] 
[09:47:31] [INFO ] STEP 4 — Dataset building
[09:47:31] [INFO ]   Saving labeled review image...
[09:47:31] [INFO ]   Saved: f287stk32_labeled.png
[09:47:31] [INFO ]   Split: train
[09:47:31] [INFO ]   Added 0 annotations to train.json
[09:47:31] [INFO ]   train.json: 68 images, 38 annotations
[09:47:31] [INFO ]   val.json:   18 images,  8 annotations
[09:47:31] [INFO ]   Step 4 complete
[09:47:31] [INFO ] 
[09:47:31] [INFO ]   DONE  f287stk32  →  train  |  0 faults  |  0 boxes
[09:47:31] [INFO ] 
[09:47:31] [INFO ] ──────────────────────────────────────────────────
[09:47:31] [INFO ]   LINE: f287stk33
[09:47:31] [INFO ] ──────────────────────────────────────────────────
[09:47:31] [INFO ] Dataset  : namss.F-2-87-AA.mcs.airgun
[09:47:31] [INFO ] SGY      : ../../airgun_data/namss.F-2-87-AA.mcs.airgun/Data/f287stk33.sgy
[09:47:31] [INFO ] NAV      : ../../airgun_data/namss.F-2-87-AA.mcs.airgun/Navigation/f-2-87-aa_NAV-WGS84.csv
[09:47:31] [INFO ] SA mode  : single (seed=42)
[09:47:31] [INFO ] 
[09:47:31] [INFO ] STEP 1 — Feature extraction
[09:47:31] [INFO ]   Loading navigation...
[09:47:31] [INFO ]   Loading SEG-Y...
[09:47:32] [INFO ]   Traces: 7862  Samples: 3000  dt: 4.000 ms
[09:47:32] [INFO ]   Depth:  0.0 m → 8997.0 m
[09:47:32] [INFO ]   Matching traces to navigation...
[09:47:32] [INFO ]   NAV line matched via translation: 'f287stk33' -> 'F287-33'
[09:47:32] [INFO ]   Matched 7859 / 7862 traces
[09:47:32] [INFO ]   Bandpass filtering...
[09:47:33] [INFO ]   Computing seismic attributes...
[09:47:34] [INFO ]   Picking seafloor...
[09:47:34] [INFO ]   Seafloor depth: 4329–6636 m  (0 shallow traces masked)
[09:47:34] [INFO ]   Picking horizons...
[09:47:34] [INFO ]   Computing NCC coherence (slow)...
[09:47:35] [INFO ]   Saving CNN section image...
[09:47:37] [INFO ]   Saved: f287stk33_section_cnn.png  (2700x1500px)
[09:47:37] [INFO ]   Step 1 complete
[09:47:37] [INFO ] 
[09:47:37] [INFO ] STEP 2 — Fault detection
[09:47:37] [INFO ]   Mode: single SA run (seed=42)
[09:47:46] [INFO ]   Detected 0 high-confidence faults
[09:47:46] [INFO ]   Step 2 complete
[09:47:46] [INFO ] 
[09:47:46] [INFO ] STEP 3 — Bounding boxes
[09:47:46] [INFO ]   Generated 0 boxes
[09:47:46] [INFO ]   Step 3 complete
[09:47:46] [INFO ] 
[09:47:46] [INFO ] STEP 4 — Dataset building
[09:47:46] [INFO ]   Saving labeled review image...
[09:47:46] [INFO ]   Saved: f287stk33_labeled.png
[09:47:46] [INFO ]   Split: train
[09:47:46] [INFO ]   Added 0 annotations to train.json
[09:47:46] [INFO ]   train.json: 69 images, 38 annotations
[09:47:46] [INFO ]   val.json:   18 images,  8 annotations
[09:47:46] [INFO ]   Step 4 complete
[09:47:46] [INFO ] 
[09:47:46] [INFO ]   DONE  f287stk33  →  train  |  0 faults  |  0 boxes
[09:47:46] [INFO ] 
[09:47:46] [INFO ] ──────────────────────────────────────────────────
[09:47:46] [INFO ]   LINE: f287stk34
[09:47:46] [INFO ] ──────────────────────────────────────────────────
[09:47:46] [INFO ] Dataset  : namss.F-2-87-AA.mcs.airgun
[09:47:46] [INFO ] SGY      : ../../airgun_data/namss.F-2-87-AA.mcs.airgun/Data/f287stk34.sgy
[09:47:46] [INFO ] NAV      : ../../airgun_data/namss.F-2-87-AA.mcs.airgun/Navigation/f-2-87-aa_NAV-WGS84.csv
[09:47:46] [INFO ] SA mode  : single (seed=42)
[09:47:46] [INFO ] 
[09:47:46] [INFO ] STEP 1 — Feature extraction
[09:47:46] [INFO ]   Loading navigation...
[09:47:46] [INFO ]   Loading SEG-Y...
[09:47:46] [INFO ]   Traces: 454  Samples: 3000  dt: 4.000 ms
[09:47:46] [INFO ]   Depth:  0.0 m → 8997.0 m
[09:47:46] [INFO ]   Matching traces to navigation...
[09:47:46] [INFO ]   NAV line matched via translation: 'f287stk34' -> 'F287-34'
[09:47:46] [INFO ]   Matched 453 / 454 traces
[09:47:46] [INFO ]   Bandpass filtering...
[09:47:46] [INFO ]   Computing seismic attributes...
[09:47:46] [INFO ]   Picking seafloor...
[09:47:47] [INFO ]   Seafloor depth: 4512–4776 m  (0 shallow traces masked)
[09:47:47] [INFO ]   Picking horizons...
[09:47:47] [INFO ]   Computing NCC coherence (slow)...
[09:47:47] [INFO ]   Saving CNN section image...
[09:47:47] [INFO ]   Saved: f287stk34_section_cnn.png  (2700x1500px)
[09:47:47] [INFO ]   Step 1 complete
[09:47:47] [INFO ] 
[09:47:47] [INFO ] STEP 2 — Fault detection
[09:47:47] [INFO ]   Mode: single SA run (seed=42)
[09:47:48] [INFO ]   Detected 1 high-confidence faults
[09:47:48] [INFO ]     Fault  1 | trace ~  318 | prob=0.751
[09:47:48] [INFO ]   Step 2 complete
[09:47:48] [INFO ] 
[09:47:48] [INFO ] STEP 3 — Bounding boxes
[09:47:48] [INFO ]   Box  1 | [982, 752, 1718w, 127h px]
[09:47:48] [INFO ]   Generated 1 boxes
[09:47:48] [INFO ]   Step 3 complete
[09:47:48] [INFO ] 
[09:47:48] [INFO ] STEP 4 — Dataset building
[09:47:48] [INFO ]   Saving labeled review image...
[09:47:48] [INFO ]   Saved: f287stk34_labeled.png
[09:47:48] [INFO ]   Split: train
[09:47:48] [INFO ]   Added 1 annotations to train.json
[09:47:48] [INFO ]   train.json: 70 images, 39 annotations
[09:47:48] [INFO ]   val.json:   18 images,  8 annotations
[09:47:48] [INFO ]   Step 4 complete
[09:47:48] [INFO ] 
[09:47:48] [INFO ]   DONE  f287stk34  →  train  |  1 faults  |  1 boxes
[09:47:48] [INFO ] 
[09:47:48] [INFO ] ──────────────────────────────────────────────────
[09:47:48] [INFO ]   LINE: f287stk35
[09:47:48] [INFO ] ──────────────────────────────────────────────────
[09:47:48] [INFO ] Dataset  : namss.F-2-87-AA.mcs.airgun
[09:47:48] [INFO ] SGY      : ../../airgun_data/namss.F-2-87-AA.mcs.airgun/Data/f287stk35.sgy
[09:47:48] [INFO ] NAV      : ../../airgun_data/namss.F-2-87-AA.mcs.airgun/Navigation/f-2-87-aa_NAV-WGS84.csv
[09:47:48] [INFO ] SA mode  : single (seed=42)
[09:47:48] [INFO ] 
[09:47:48] [INFO ] STEP 1 — Feature extraction
[09:47:48] [INFO ]   Loading navigation...
[09:47:48] [INFO ]   Loading SEG-Y...
[09:47:48] [ERROR] SKIPPING f287stk35 (namss.F-2-87-AA.mcs.airgun): 'julday' out of bounds for year 1987: 0
[09:47:48] [ERROR]   Traceback (most recent call last):
[09:47:48] [ERROR]     File "/Users/lennylukach/Personal/School/CS4100/namss/pipeline/src/pipeline.py", line 848, in <module>
[09:47:48] [ERROR]       process_line(line, sgy_path, nav_path, dataset)
[09:47:48] [ERROR]     File "/Users/lennylukach/Personal/School/CS4100/namss/pipeline/src/pipeline.py", line 405, in process_line
[09:47:48] [ERROR]       st = read(sgy_path)
[09:47:48] [ERROR]     File "/Users/lennylukach/Personal/School/CS4100/namss/venv/lib/python3.10/site-packages/decorator.py", line 235, in fun
[09:47:48] [ERROR]       return caller(func, *(extras + args), **kw)
[09:47:48] [ERROR]     File "/Users/lennylukach/Personal/School/CS4100/namss/venv/lib/python3.10/site-packages/obspy/core/util/decorator.py", line 298, in _map_example_filename
[09:47:48] [ERROR]       return func(*args, **kwargs)
[09:47:48] [ERROR]     File "/Users/lennylukach/Personal/School/CS4100/namss/venv/lib/python3.10/site-packages/obspy/core/stream.py", line 210, in read
[09:47:48] [ERROR]       st = _generic_reader(pathname_or_url, _read, **kwargs)
[09:47:48] [ERROR]     File "/Users/lennylukach/Personal/School/CS4100/namss/venv/lib/python3.10/site-packages/obspy/core/util/base.py", line 822, in _generic_reader
[09:47:48] [ERROR]       generic = callback_func(pathnames[0], **kwargs)
[09:47:48] [ERROR]     File "/Users/lennylukach/Personal/School/CS4100/namss/venv/lib/python3.10/site-packages/decorator.py", line 235, in fun
[09:47:48] [ERROR]       return caller(func, *(extras + args), **kw)
[09:47:48] [ERROR]     File "/Users/lennylukach/Personal/School/CS4100/namss/venv/lib/python3.10/site-packages/obspy/core/util/decorator.py", line 209, in uncompress_file
[09:47:48] [ERROR]       result = func(filename, *args, **kwargs)
[09:47:48] [ERROR]     File "/Users/lennylukach/Personal/School/CS4100/namss/venv/lib/python3.10/site-packages/obspy/core/stream.py", line 255, in _read
[09:47:48] [ERROR]       stream, format = _read_from_plugin('waveform', filename, format=format,
[09:47:48] [ERROR]     File "/Users/lennylukach/Personal/School/CS4100/namss/venv/lib/python3.10/site-packages/obspy/core/util/base.py", line 559, in _read_from_plugin
[09:47:48] [ERROR]       list_obj = read_format(filename, **kwargs)
[09:47:48] [ERROR]     File "/Users/lennylukach/Personal/School/CS4100/namss/venv/lib/python3.10/site-packages/obspy/io/segy/core.py", line 204, in _read_segy
[09:47:48] [ERROR]       stream.append(tr.to_obspy_trace(
[09:47:48] [ERROR]     File "/Users/lennylukach/Personal/School/CS4100/namss/venv/lib/python3.10/site-packages/obspy/io/segy/segy.py", line 775, in to_obspy_trace
[09:47:48] [ERROR]       trace.stats.starttime = UTCDateTime(
[09:47:48] [ERROR]     File "/Users/lennylukach/Personal/School/CS4100/namss/venv/lib/python3.10/site-packages/obspy/core/utcdatetime.py", line 440, in __init__
[09:47:48] [ERROR]       raise ValueError(msg)
[09:47:48] [ERROR]   ValueError: 'julday' out of bounds for year 1987: 0
[09:47:48] [INFO ] 
[09:47:48] [INFO ] ──────────────────────────────────────────────────
[09:47:48] [INFO ]   LINE: f287stk36
[09:47:48] [INFO ] ──────────────────────────────────────────────────
[09:47:48] [INFO ] Dataset  : namss.F-2-87-AA.mcs.airgun
[09:47:48] [INFO ] SGY      : ../../airgun_data/namss.F-2-87-AA.mcs.airgun/Data/f287stk36.sgy
[09:47:48] [INFO ] NAV      : ../../airgun_data/namss.F-2-87-AA.mcs.airgun/Navigation/f-2-87-aa_NAV-WGS84.csv
[09:47:48] [INFO ] SA mode  : single (seed=42)
[09:47:48] [INFO ] 
[09:47:48] [INFO ] STEP 1 — Feature extraction
[09:47:48] [INFO ]   Loading navigation...
[09:47:48] [INFO ]   Loading SEG-Y...
[09:47:48] [INFO ]   Traces: 427  Samples: 3000  dt: 4.000 ms
[09:47:48] [INFO ]   Depth:  0.0 m → 8997.0 m
[09:47:48] [INFO ]   Matching traces to navigation...
[09:47:48] [INFO ]   NAV line matched via translation: 'f287stk36' -> 'F287-36'
[09:47:48] [INFO ]   Matched 426 / 427 traces
[09:47:48] [INFO ]   Bandpass filtering...
[09:47:48] [INFO ]   Computing seismic attributes...
[09:47:48] [INFO ]   Picking seafloor...
[09:47:48] [INFO ]   Seafloor depth: 4617–4923 m  (0 shallow traces masked)
[09:47:48] [INFO ]   Picking horizons...
[09:47:48] [INFO ]   Computing NCC coherence (slow)...
[09:47:48] [INFO ]   Saving CNN section image...
[09:47:49] [INFO ]   Saved: f287stk36_section_cnn.png  (2700x1500px)
[09:47:49] [INFO ]   Step 1 complete
[09:47:49] [INFO ] 
[09:47:49] [INFO ] STEP 2 — Fault detection
[09:47:49] [INFO ]   Mode: single SA run (seed=42)
[09:47:49] [INFO ]   Detected 0 high-confidence faults
[09:47:49] [INFO ]   Step 2 complete
[09:47:49] [INFO ] 
[09:47:49] [INFO ] STEP 3 — Bounding boxes
[09:47:49] [INFO ]   Generated 0 boxes
[09:47:49] [INFO ]   Step 3 complete
[09:47:49] [INFO ] 
[09:47:49] [INFO ] STEP 4 — Dataset building
[09:47:49] [INFO ]   Saving labeled review image...
[09:47:49] [INFO ]   Saved: f287stk36_labeled.png
[09:47:49] [INFO ]   Split: train
[09:47:49] [INFO ]   Added 0 annotations to train.json
[09:47:49] [INFO ]   train.json: 71 images, 39 annotations
[09:47:49] [INFO ]   val.json:   18 images,  8 annotations
[09:47:49] [INFO ]   Step 4 complete
[09:47:49] [INFO ] 
[09:47:49] [INFO ]   DONE  f287stk36  →  train  |  0 faults  |  0 boxes
[09:47:49] [INFO ] 
[09:47:49] [INFO ] ──────────────────────────────────────────────────
[09:47:49] [INFO ]   LINE: f287stk37
[09:47:49] [INFO ] ──────────────────────────────────────────────────
[09:47:49] [INFO ] Dataset  : namss.F-2-87-AA.mcs.airgun
[09:47:49] [INFO ] SGY      : ../../airgun_data/namss.F-2-87-AA.mcs.airgun/Data/f287stk37.sgy
[09:47:49] [INFO ] NAV      : ../../airgun_data/namss.F-2-87-AA.mcs.airgun/Navigation/f-2-87-aa_NAV-WGS84.csv
[09:47:49] [INFO ] SA mode  : single (seed=42)
[09:47:49] [INFO ] 
[09:47:49] [INFO ] STEP 1 — Feature extraction
[09:47:49] [INFO ]   Loading navigation...
[09:47:49] [INFO ]   Loading SEG-Y...
[09:47:50] [INFO ]   Traces: 6611  Samples: 3000  dt: 4.000 ms
[09:47:50] [INFO ]   Depth:  0.0 m → 8997.0 m
[09:47:50] [INFO ]   Matching traces to navigation...
[09:47:50] [INFO ]   NAV line matched via translation: 'f287stk37' -> 'F287-37'
[09:47:50] [INFO ]   Matched 6610 / 6611 traces
[09:47:50] [INFO ]   Bandpass filtering...
[09:47:51] [INFO ]   Computing seismic attributes...
[09:47:51] [INFO ]   Picking seafloor...
[09:47:52] [INFO ]   Seafloor depth: 2655–4986 m  (0 shallow traces masked)
[09:47:52] [INFO ]   Picking horizons...
[09:47:52] [INFO ]   Computing NCC coherence (slow)...
[09:47:53] [INFO ]   Saving CNN section image...
[09:47:55] [INFO ]   Saved: f287stk37_section_cnn.png  (2700x1500px)
[09:47:55] [INFO ]   Step 1 complete
[09:47:55] [INFO ] 
[09:47:55] [INFO ] STEP 2 — Fault detection
[09:47:55] [INFO ]   Mode: single SA run (seed=42)
[09:48:03] [INFO ]   Detected 0 high-confidence faults
[09:48:03] [INFO ]   Step 2 complete
[09:48:03] [INFO ] 
[09:48:03] [INFO ] STEP 3 — Bounding boxes
[09:48:03] [INFO ]   Generated 0 boxes
[09:48:03] [INFO ]   Step 3 complete
[09:48:03] [INFO ] 
[09:48:03] [INFO ] STEP 4 — Dataset building
[09:48:03] [INFO ]   Saving labeled review image...
[09:48:03] [INFO ]   Saved: f287stk37_labeled.png
[09:48:03] [INFO ]   Split: train
[09:48:03] [INFO ]   Added 0 annotations to train.json
[09:48:03] [INFO ]   train.json: 72 images, 39 annotations
[09:48:03] [INFO ]   val.json:   18 images,  8 annotations
[09:48:03] [INFO ]   Step 4 complete
[09:48:03] [INFO ] 
[09:48:03] [INFO ]   DONE  f287stk37  →  train  |  0 faults  |  0 boxes
[09:48:03] [INFO ] 
[09:48:03] [INFO ] ──────────────────────────────────────────────────
[09:48:03] [INFO ]   LINE: f287stk38
[09:48:03] [INFO ] ──────────────────────────────────────────────────
[09:48:03] [INFO ] Dataset  : namss.F-2-87-AA.mcs.airgun
[09:48:03] [INFO ] SGY      : ../../airgun_data/namss.F-2-87-AA.mcs.airgun/Data/f287stk38.sgy
[09:48:03] [INFO ] NAV      : ../../airgun_data/namss.F-2-87-AA.mcs.airgun/Navigation/f-2-87-aa_NAV-WGS84.csv
[09:48:03] [INFO ] SA mode  : single (seed=42)
[09:48:03] [INFO ] 
[09:48:03] [INFO ] STEP 1 — Feature extraction
[09:48:03] [INFO ]   Loading navigation...
[09:48:03] [INFO ]   Loading SEG-Y...
[09:48:03] [INFO ]   Traces: 401  Samples: 2750  dt: 4.000 ms
[09:48:03] [INFO ]   Depth:  0.0 m → 8247.0 m
[09:48:03] [INFO ]   Matching traces to navigation...
[09:48:03] [INFO ]   NAV line matched via translation: 'f287stk38' -> 'F287-38'
[09:48:03] [INFO ]   Matched 400 / 401 traces
[09:48:03] [INFO ]   Bandpass filtering...
[09:48:03] [INFO ]   Computing seismic attributes...
[09:48:03] [INFO ]   Picking seafloor...
[09:48:03] [INFO ]   Seafloor depth: 4740–4809 m  (0 shallow traces masked)
[09:48:03] [INFO ]   Picking horizons...
[09:48:03] [INFO ]   Computing NCC coherence (slow)...
[09:48:03] [INFO ]   Saving CNN section image...
[09:48:03] [INFO ]   Saved: f287stk38_section_cnn.png  (2700x1500px)
[09:48:03] [INFO ]   Step 1 complete
[09:48:03] [INFO ] 
[09:48:03] [INFO ] STEP 2 — Fault detection
[09:48:03] [INFO ]   Mode: single SA run (seed=42)
[09:48:04] [INFO ]   Detected 1 high-confidence faults
[09:48:04] [INFO ]     Fault  1 | trace ~  361 | prob=0.751
[09:48:04] [INFO ]   Step 2 complete
[09:48:04] [INFO ] 
[09:48:04] [INFO ] STEP 3 — Bounding boxes
[09:48:04] [INFO ]   Box  1 | [1844, 860, 856w, 130h px]
[09:48:04] [INFO ]   Generated 1 boxes
[09:48:04] [INFO ]   Step 3 complete
[09:48:04] [INFO ] 
[09:48:04] [INFO ] STEP 4 — Dataset building
[09:48:04] [INFO ]   Saving labeled review image...
[09:48:04] [INFO ]   Saved: f287stk38_labeled.png
[09:48:04] [INFO ]   Split: train
[09:48:04] [INFO ]   Added 1 annotations to train.json
[09:48:04] [INFO ]   train.json: 73 images, 40 annotations
[09:48:04] [INFO ]   val.json:   18 images,  8 annotations
[09:48:04] [INFO ]   Step 4 complete
[09:48:04] [INFO ] 
[09:48:04] [INFO ]   DONE  f287stk38  →  train  |  1 faults  |  1 boxes
[09:48:04] [INFO ] 
[09:48:04] [INFO ] ──────────────────────────────────────────────────
[09:48:04] [INFO ]   LINE: f287stk39
[09:48:04] [INFO ] ──────────────────────────────────────────────────
[09:48:04] [INFO ] Dataset  : namss.F-2-87-AA.mcs.airgun
[09:48:04] [INFO ] SGY      : ../../airgun_data/namss.F-2-87-AA.mcs.airgun/Data/f287stk39.sgy
[09:48:04] [INFO ] NAV      : ../../airgun_data/namss.F-2-87-AA.mcs.airgun/Navigation/f-2-87-aa_NAV-WGS84.csv
[09:48:04] [INFO ] SA mode  : single (seed=42)
[09:48:04] [INFO ] 
[09:48:04] [INFO ] STEP 1 — Feature extraction
[09:48:04] [INFO ]   Loading navigation...
[09:48:04] [INFO ]   Loading SEG-Y...
[09:48:04] [INFO ]   Traces: 6265  Samples: 2750  dt: 4.000 ms
[09:48:04] [INFO ]   Depth:  0.0 m → 8247.0 m
[09:48:04] [INFO ]   Matching traces to navigation...
[09:48:05] [INFO ]   NAV line matched via translation: 'f287stk39' -> 'F287-39'
[09:48:05] [INFO ]   Matched 6264 / 6265 traces
[09:48:05] [INFO ]   Bandpass filtering...
[09:48:05] [INFO ]   Computing seismic attributes...
[09:48:06] [INFO ]   Picking seafloor...
[09:48:06] [INFO ]   Seafloor depth: 3480–5577 m  (0 shallow traces masked)
[09:48:06] [INFO ]   Picking horizons...
[09:48:07] [INFO ]   Computing NCC coherence (slow)...
[09:48:07] [INFO ]   Saving CNN section image...
[09:48:09] [INFO ]   Saved: f287stk39_section_cnn.png  (2700x1500px)
[09:48:09] [INFO ]   Step 1 complete
[09:48:09] [INFO ] 
[09:48:09] [INFO ] STEP 2 — Fault detection
[09:48:09] [INFO ]   Mode: single SA run (seed=42)
[09:48:16] [INFO ]   Detected 0 high-confidence faults
[09:48:16] [INFO ]   Step 2 complete
[09:48:16] [INFO ] 
[09:48:16] [INFO ] STEP 3 — Bounding boxes
[09:48:16] [INFO ]   Generated 0 boxes
[09:48:16] [INFO ]   Step 3 complete
[09:48:16] [INFO ] 
[09:48:16] [INFO ] STEP 4 — Dataset building
[09:48:16] [INFO ]   Saving labeled review image...
[09:48:16] [INFO ]   Saved: f287stk39_labeled.png
[09:48:16] [INFO ]   Split: train
[09:48:16] [INFO ]   Added 0 annotations to train.json
[09:48:16] [INFO ]   train.json: 74 images, 40 annotations
[09:48:16] [INFO ]   val.json:   18 images,  8 annotations
[09:48:16] [INFO ]   Step 4 complete
[09:48:16] [INFO ] 
[09:48:16] [INFO ]   DONE  f287stk39  →  train  |  0 faults  |  0 boxes
[09:48:16] [INFO ] 
[09:48:16] [INFO ] ──────────────────────────────────────────────────
[09:48:16] [INFO ]   LINE: f287stk41
[09:48:16] [INFO ] ──────────────────────────────────────────────────
[09:48:16] [INFO ] Dataset  : namss.F-2-87-AA.mcs.airgun
[09:48:16] [INFO ] SGY      : ../../airgun_data/namss.F-2-87-AA.mcs.airgun/Data/f287stk41.sgy
[09:48:16] [INFO ] NAV      : ../../airgun_data/namss.F-2-87-AA.mcs.airgun/Navigation/f-2-87-aa_NAV-WGS84.csv
[09:48:16] [INFO ] SA mode  : single (seed=42)
[09:48:16] [INFO ] 
[09:48:16] [INFO ] STEP 1 — Feature extraction
[09:48:16] [INFO ]   Loading navigation...
[09:48:16] [INFO ]   Loading SEG-Y...
[09:48:16] [INFO ]   Traces: 3911  Samples: 2750  dt: 4.000 ms
[09:48:16] [INFO ]   Depth:  0.0 m → 8247.0 m
[09:48:16] [INFO ]   Matching traces to navigation...
[09:48:16] [INFO ]   NAV line matched via translation: 'f287stk41' -> 'F287-41'
[09:48:16] [INFO ]   Matched 3910 / 3911 traces
[09:48:16] [INFO ]   Bandpass filtering...
[09:48:17] [INFO ]   Computing seismic attributes...
[09:48:17] [INFO ]   Picking seafloor...
[09:48:17] [INFO ]   Seafloor depth: 2349–4305 m  (0 shallow traces masked)
[09:48:17] [INFO ]   Picking horizons...
[09:48:18] [INFO ]   Computing NCC coherence (slow)...
[09:48:18] [INFO ]   Saving CNN section image...
[09:48:19] [INFO ]   Saved: f287stk41_section_cnn.png  (2700x1500px)
[09:48:19] [INFO ]   Step 1 complete
[09:48:19] [INFO ] 
[09:48:19] [INFO ] STEP 2 — Fault detection
[09:48:19] [INFO ]   Mode: single SA run (seed=42)
[09:48:23] [INFO ]   Detected 1 high-confidence faults
[09:48:23] [INFO ]     Fault  1 | trace ~ 3884 | prob=0.815
[09:48:23] [INFO ]   Step 2 complete
[09:48:23] [INFO ] 
[09:48:23] [INFO ] STEP 3 — Bounding boxes
[09:48:23] [INFO ]   Box  1 | [2632, 771, 68w, 122h px]
[09:48:23] [INFO ]   Generated 1 boxes
[09:48:23] [INFO ]   Step 3 complete
[09:48:23] [INFO ] 
[09:48:23] [INFO ] STEP 4 — Dataset building
[09:48:23] [INFO ]   Saving labeled review image...
[09:48:24] [INFO ]   Saved: f287stk41_labeled.png
[09:48:24] [INFO ]   Split: val
[09:48:24] [INFO ]   Added 1 annotations to val.json
[09:48:24] [INFO ]   train.json: 74 images, 40 annotations
[09:48:24] [INFO ]   val.json:   19 images,  9 annotations
[09:48:24] [INFO ]   Step 4 complete
[09:48:24] [INFO ] 
[09:48:24] [INFO ]   DONE  f287stk41  →  val  |  1 faults  |  1 boxes
[09:48:24] [INFO ] 
[09:48:24] [INFO ] ──────────────────────────────────────────────────
[09:48:24] [INFO ]   LINE: f287stk42
[09:48:24] [INFO ] ──────────────────────────────────────────────────
[09:48:24] [INFO ] Dataset  : namss.F-2-87-AA.mcs.airgun
[09:48:24] [INFO ] SGY      : ../../airgun_data/namss.F-2-87-AA.mcs.airgun/Data/f287stk42.sgy
[09:48:24] [INFO ] NAV      : ../../airgun_data/namss.F-2-87-AA.mcs.airgun/Navigation/f-2-87-aa_NAV-WGS84.csv
[09:48:24] [INFO ] SA mode  : single (seed=42)
[09:48:24] [INFO ] 
[09:48:24] [INFO ] STEP 1 — Feature extraction
[09:48:24] [INFO ]   Loading navigation...
[09:48:24] [INFO ]   Loading SEG-Y...
[09:48:24] [INFO ]   Traces: 613  Samples: 2750  dt: 4.000 ms
[09:48:24] [INFO ]   Depth:  0.0 m → 8247.0 m
[09:48:24] [INFO ]   Matching traces to navigation...
[09:48:24] [INFO ]   NAV line matched via translation: 'f287stk42' -> 'F287-42'
[09:48:24] [INFO ]   Matched 612 / 613 traces
[09:48:24] [INFO ]   Bandpass filtering...
[09:48:24] [INFO ]   Computing seismic attributes...
[09:48:24] [INFO ]   Picking seafloor...
[09:48:24] [INFO ]   Seafloor depth: 2895–4590 m  (0 shallow traces masked)
[09:48:24] [INFO ]   Picking horizons...
[09:48:24] [INFO ]   Computing NCC coherence (slow)...
[09:48:24] [INFO ]   Saving CNN section image...
[09:48:24] [INFO ]   Saved: f287stk42_section_cnn.png  (2700x1500px)
[09:48:24] [INFO ]   Step 1 complete
[09:48:24] [INFO ] 
[09:48:24] [INFO ] STEP 2 — Fault detection
[09:48:24] [INFO ]   Mode: single SA run (seed=42)
[09:48:25] [INFO ]   Detected 2 high-confidence faults
[09:48:25] [INFO ]     Fault  1 | trace ~   19 | prob=0.808
[09:48:25] [INFO ]     Fault  2 | trace ~  590 | prob=0.753
[09:48:25] [INFO ]   Step 2 complete
[09:48:25] [INFO ] 
[09:48:25] [INFO ] STEP 3 — Bounding boxes
[09:48:25] [INFO ]   Box  1 | [0, 823, 395w, 119h px]
[09:48:25] [INFO ]   Box  2 | [2418, 522, 282w, 125h px]
[09:48:25] [INFO ]   Generated 2 boxes
[09:48:25] [INFO ]   Step 3 complete
[09:48:25] [INFO ] 
[09:48:25] [INFO ] STEP 4 — Dataset building
[09:48:25] [INFO ]   Saving labeled review image...
[09:48:25] [INFO ]   Saved: f287stk42_labeled.png
[09:48:25] [INFO ]   Split: train
[09:48:25] [INFO ]   Added 2 annotations to train.json
[09:48:25] [INFO ]   train.json: 75 images, 42 annotations
[09:48:25] [INFO ]   val.json:   19 images,  9 annotations
[09:48:25] [INFO ]   Step 4 complete
[09:48:25] [INFO ] 
[09:48:25] [INFO ]   DONE  f287stk42  →  train  |  2 faults  |  2 boxes
[09:48:25] [INFO ] 
[09:48:25] [INFO ] ──────────────────────────────────────────────────
[09:48:25] [INFO ]   LINE: f287stk43
[09:48:25] [INFO ] ──────────────────────────────────────────────────
[09:48:25] [INFO ] Dataset  : namss.F-2-87-AA.mcs.airgun
[09:48:25] [INFO ] SGY      : ../../airgun_data/namss.F-2-87-AA.mcs.airgun/Data/f287stk43.sgy
[09:48:25] [INFO ] NAV      : ../../airgun_data/namss.F-2-87-AA.mcs.airgun/Navigation/f-2-87-aa_NAV-WGS84.csv
[09:48:25] [INFO ] SA mode  : single (seed=42)
[09:48:25] [INFO ] 
[09:48:25] [INFO ] STEP 1 — Feature extraction
[09:48:25] [INFO ]   Loading navigation...
[09:48:26] [INFO ]   Loading SEG-Y...
[09:48:26] [INFO ]   Traces: 4167  Samples: 2500  dt: 4.000 ms
[09:48:26] [INFO ]   Depth:  0.0 m → 7497.0 m
[09:48:26] [INFO ]   Matching traces to navigation...
[09:48:26] [INFO ]   NAV line matched via translation: 'f287stk43' -> 'F287-43'
[09:48:26] [INFO ]   Matched 4166 / 4167 traces
[09:48:26] [INFO ]   Bandpass filtering...
[09:48:26] [INFO ]   Computing seismic attributes...
[09:48:27] [INFO ]   Picking seafloor...
[09:48:27] [INFO ]   Seafloor depth: 2436–3888 m  (0 shallow traces masked)
[09:48:27] [INFO ]   Picking horizons...
[09:48:27] [INFO ]   Computing NCC coherence (slow)...
[09:48:28] [INFO ]   Saving CNN section image...
[09:48:29] [INFO ]   Saved: f287stk43_section_cnn.png  (2700x1500px)
[09:48:29] [INFO ]   Step 1 complete
[09:48:29] [INFO ] 
[09:48:29] [INFO ] STEP 2 — Fault detection
[09:48:29] [INFO ]   Mode: single SA run (seed=42)
[09:48:33] [INFO ]   Detected 1 high-confidence faults
[09:48:33] [INFO ]     Fault  1 | trace ~  423 | prob=0.752
[09:48:33] [INFO ]   Step 2 complete
[09:48:33] [INFO ] 
[09:48:33] [INFO ] STEP 3 — Bounding boxes
[09:48:33] [INFO ]   Box  1 | [222, 534, 112w, 135h px]
[09:48:33] [INFO ]   Generated 1 boxes
[09:48:33] [INFO ]   Step 3 complete
[09:48:33] [INFO ] 
[09:48:33] [INFO ] STEP 4 — Dataset building
[09:48:33] [INFO ]   Saving labeled review image...
[09:48:33] [INFO ]   Saved: f287stk43_labeled.png
[09:48:33] [INFO ]   Split: train
[09:48:33] [INFO ]   Added 1 annotations to train.json
[09:48:33] [INFO ]   train.json: 76 images, 43 annotations
[09:48:33] [INFO ]   val.json:   19 images,  9 annotations
[09:48:33] [INFO ]   Step 4 complete
[09:48:33] [INFO ] 
[09:48:33] [INFO ]   DONE  f287stk43  →  train  |  1 faults  |  1 boxes
[09:48:33] [INFO ] 
[09:48:33] [INFO ] ──────────────────────────────────────────────────
[09:48:33] [INFO ]   LINE: f287stk44
[09:48:33] [INFO ] ──────────────────────────────────────────────────
[09:48:33] [INFO ] Dataset  : namss.F-2-87-AA.mcs.airgun
[09:48:33] [INFO ] SGY      : ../../airgun_data/namss.F-2-87-AA.mcs.airgun/Data/f287stk44.sgy
[09:48:33] [INFO ] NAV      : ../../airgun_data/namss.F-2-87-AA.mcs.airgun/Navigation/f-2-87-aa_NAV-WGS84.csv
[09:48:33] [INFO ] SA mode  : single (seed=42)
[09:48:33] [INFO ] 
[09:48:33] [INFO ] STEP 1 — Feature extraction
[09:48:33] [INFO ]   Loading navigation...
[09:48:34] [INFO ]   Loading SEG-Y...
[09:48:34] [INFO ]   Traces: 664  Samples: 2500  dt: 4.000 ms
[09:48:34] [INFO ]   Depth:  0.0 m → 7497.0 m
[09:48:34] [INFO ]   Matching traces to navigation...
[09:48:34] [INFO ]   NAV line matched via translation: 'f287stk44' -> 'F287-44'
[09:48:34] [INFO ]   Matched 663 / 664 traces
[09:48:34] [INFO ]   Bandpass filtering...
[09:48:34] [INFO ]   Computing seismic attributes...
[09:48:34] [INFO ]   Picking seafloor...
[09:48:34] [INFO ]   Seafloor depth: 3786–4002 m  (0 shallow traces masked)
[09:48:34] [INFO ]   Picking horizons...
[09:48:34] [INFO ]   Computing NCC coherence (slow)...
[09:48:34] [INFO ]   Saving CNN section image...
[09:48:34] [INFO ]   Saved: f287stk44_section_cnn.png  (2700x1500px)
[09:48:34] [INFO ]   Step 1 complete
[09:48:34] [INFO ] 
[09:48:34] [INFO ] STEP 2 — Fault detection
[09:48:34] [INFO ]   Mode: single SA run (seed=42)
[09:48:35] [INFO ]   Detected 2 high-confidence faults
[09:48:35] [INFO ]     Fault  1 | trace ~  373 | prob=0.756
[09:48:35] [INFO ]     Fault  2 | trace ~  637 | prob=0.756
[09:48:35] [INFO ]   Step 2 complete
[09:48:35] [INFO ] 
[09:48:35] [INFO ] STEP 3 — Bounding boxes
[09:48:35] [INFO ]   Box  1 | [1184, 777, 637w, 141h px]
[09:48:35] [INFO ]   Box  2 | [2393, 746, 307w, 135h px]
[09:48:35] [INFO ]   Generated 2 boxes
[09:48:35] [INFO ]   Step 3 complete
[09:48:35] [INFO ] 
[09:48:35] [INFO ] STEP 4 — Dataset building
[09:48:35] [INFO ]   Saving labeled review image...
[09:48:35] [INFO ]   Saved: f287stk44_labeled.png
[09:48:35] [INFO ]   Split: train
[09:48:35] [INFO ]   Added 2 annotations to train.json
[09:48:35] [INFO ]   train.json: 77 images, 45 annotations
[09:48:35] [INFO ]   val.json:   19 images,  9 annotations
[09:48:35] [INFO ]   Step 4 complete
[09:48:35] [INFO ] 
[09:48:35] [INFO ]   DONE  f287stk44  →  train  |  2 faults  |  2 boxes
[09:48:35] [INFO ] 
[09:48:35] [INFO ] ──────────────────────────────────────────────────
[09:48:35] [INFO ]   LINE: f287stk45
[09:48:35] [INFO ] ──────────────────────────────────────────────────
[09:48:35] [INFO ] Dataset  : namss.F-2-87-AA.mcs.airgun
[09:48:35] [INFO ] SGY      : ../../airgun_data/namss.F-2-87-AA.mcs.airgun/Data/f287stk45.sgy
[09:48:35] [INFO ] NAV      : ../../airgun_data/namss.F-2-87-AA.mcs.airgun/Navigation/f-2-87-aa_NAV-WGS84.csv
[09:48:35] [INFO ] SA mode  : single (seed=42)
[09:48:35] [INFO ] 
[09:48:35] [INFO ] STEP 1 — Feature extraction
[09:48:35] [INFO ]   Loading navigation...
[09:48:35] [INFO ]   Loading SEG-Y...
[09:48:35] [INFO ]   Traces: 2461  Samples: 2500  dt: 4.000 ms
[09:48:35] [INFO ]   Depth:  0.0 m → 7497.0 m
[09:48:35] [INFO ]   Matching traces to navigation...
[09:48:35] [INFO ]   NAV line matched via translation: 'f287stk45' -> 'F287-45'
[09:48:36] [INFO ]   Matched 2460 / 2461 traces
[09:48:36] [INFO ]   Bandpass filtering...
[09:48:36] [INFO ]   Computing seismic attributes...
[09:48:36] [INFO ]   Picking seafloor...
[09:48:36] [INFO ]   Seafloor depth: 2577–4245 m  (0 shallow traces masked)
[09:48:36] [INFO ]   Picking horizons...
[09:48:36] [INFO ]   Computing NCC coherence (slow)...
[09:48:37] [INFO ]   Saving CNN section image...
[09:48:37] [INFO ]   Saved: f287stk45_section_cnn.png  (2700x1500px)
[09:48:37] [INFO ]   Step 1 complete
[09:48:37] [INFO ] 
[09:48:37] [INFO ] STEP 2 — Fault detection
[09:48:37] [INFO ]   Mode: single SA run (seed=42)
[09:48:40] [INFO ]   Detected 0 high-confidence faults
[09:48:40] [INFO ]   Step 2 complete
[09:48:40] [INFO ] 
[09:48:40] [INFO ] STEP 3 — Bounding boxes
[09:48:40] [INFO ]   Generated 0 boxes
[09:48:40] [INFO ]   Step 3 complete
[09:48:40] [INFO ] 
[09:48:40] [INFO ] STEP 4 — Dataset building
[09:48:40] [INFO ]   Saving labeled review image...
[09:48:40] [INFO ]   Saved: f287stk45_labeled.png
[09:48:40] [INFO ]   Split: train
[09:48:40] [INFO ]   Added 0 annotations to train.json
[09:48:40] [INFO ]   train.json: 78 images, 45 annotations
[09:48:40] [INFO ]   val.json:   19 images,  9 annotations
[09:48:40] [INFO ]   Step 4 complete
[09:48:40] [INFO ] 
[09:48:40] [INFO ]   DONE  f287stk45  →  train  |  0 faults  |  0 boxes
[09:48:40] [INFO ] 
[09:48:40] [INFO ] ──────────────────────────────────────────────────
[09:48:40] [INFO ]   LINE: f287stk46
[09:48:40] [INFO ] ──────────────────────────────────────────────────
[09:48:40] [INFO ] Dataset  : namss.F-2-87-AA.mcs.airgun
[09:48:40] [INFO ] SGY      : ../../airgun_data/namss.F-2-87-AA.mcs.airgun/Data/f287stk46.sgy
[09:48:40] [INFO ] NAV      : ../../airgun_data/namss.F-2-87-AA.mcs.airgun/Navigation/f-2-87-aa_NAV-WGS84.csv
[09:48:40] [INFO ] SA mode  : single (seed=42)
[09:48:40] [INFO ] 
[09:48:40] [INFO ] STEP 1 — Feature extraction
[09:48:40] [INFO ]   Loading navigation...
[09:48:40] [INFO ]   Loading SEG-Y...
[09:48:40] [INFO ]   Traces: 479  Samples: 2500  dt: 4.000 ms
[09:48:40] [INFO ]   Depth:  0.0 m → 7497.0 m
[09:48:40] [INFO ]   Matching traces to navigation...
[09:48:40] [INFO ]   NAV line matched via translation: 'f287stk46' -> 'F287-46'
[09:48:40] [INFO ]   Matched 478 / 479 traces
[09:48:40] [INFO ]   Bandpass filtering...
[09:48:40] [INFO ]   Computing seismic attributes...
[09:48:40] [INFO ]   Picking seafloor...
[09:48:40] [INFO ]   Seafloor depth: 3753–4290 m  (0 shallow traces masked)
[09:48:40] [INFO ]   Picking horizons...
[09:48:40] [INFO ]   Computing NCC coherence (slow)...
[09:48:40] [INFO ]   Saving CNN section image...
[09:48:41] [INFO ]   Saved: f287stk46_section_cnn.png  (2700x1500px)
[09:48:41] [INFO ]   Step 1 complete
[09:48:41] [INFO ] 
[09:48:41] [INFO ] STEP 2 — Fault detection
[09:48:41] [INFO ]   Mode: single SA run (seed=42)
[09:48:41] [INFO ]   Detected 0 high-confidence faults
[09:48:41] [INFO ]   Step 2 complete
[09:48:41] [INFO ] 
[09:48:41] [INFO ] STEP 3 — Bounding boxes
[09:48:41] [INFO ]   Generated 0 boxes
[09:48:41] [INFO ]   Step 3 complete
[09:48:41] [INFO ] 
[09:48:41] [INFO ] STEP 4 — Dataset building
[09:48:41] [INFO ]   Saving labeled review image...
[09:48:41] [INFO ]   Saved: f287stk46_labeled.png
[09:48:41] [INFO ]   Split: val
[09:48:41] [INFO ]   Added 0 annotations to val.json
[09:48:41] [INFO ]   train.json: 78 images, 45 annotations
[09:48:41] [INFO ]   val.json:   20 images,  9 annotations
[09:48:41] [INFO ]   Step 4 complete
[09:48:41] [INFO ] 
[09:48:41] [INFO ]   DONE  f287stk46  →  val  |  0 faults  |  0 boxes
[09:48:41] [INFO ] 
[09:48:41] [INFO ] ──────────────────────────────────────────────────
[09:48:41] [INFO ]   LINE: f287stk47
[09:48:41] [INFO ] ──────────────────────────────────────────────────
[09:48:41] [INFO ] Dataset  : namss.F-2-87-AA.mcs.airgun
[09:48:41] [INFO ] SGY      : ../../airgun_data/namss.F-2-87-AA.mcs.airgun/Data/f287stk47.sgy
[09:48:41] [INFO ] NAV      : ../../airgun_data/namss.F-2-87-AA.mcs.airgun/Navigation/f-2-87-aa_NAV-WGS84.csv
[09:48:41] [INFO ] SA mode  : single (seed=42)
[09:48:41] [INFO ] 
[09:48:41] [INFO ] STEP 1 — Feature extraction
[09:48:41] [INFO ]   Loading navigation...
[09:48:41] [INFO ]   Loading SEG-Y...
[09:48:41] [INFO ]   Traces: 2632  Samples: 2500  dt: 4.000 ms
[09:48:41] [INFO ]   Depth:  0.0 m → 7497.0 m
[09:48:41] [INFO ]   Matching traces to navigation...
[09:48:41] [INFO ]   NAV line matched via translation: 'f287stk47' -> 'F287-47'
[09:48:42] [INFO ]   Matched 2631 / 2632 traces
[09:48:42] [INFO ]   Bandpass filtering...
[09:48:42] [INFO ]   Computing seismic attributes...
[09:48:42] [INFO ]   Picking seafloor...
[09:48:42] [INFO ]   Seafloor depth: 2736–4647 m  (0 shallow traces masked)
[09:48:42] [INFO ]   Picking horizons...
[09:48:42] [INFO ]   Computing NCC coherence (slow)...
[09:48:43] [INFO ]   Saving CNN section image...
[09:48:43] [INFO ]   Saved: f287stk47_section_cnn.png  (2700x1500px)
[09:48:43] [INFO ]   Step 1 complete
[09:48:43] [INFO ] 
[09:48:43] [INFO ] STEP 2 — Fault detection
[09:48:43] [INFO ]   Mode: single SA run (seed=42)
[09:48:46] [INFO ]   Detected 0 high-confidence faults
[09:48:46] [INFO ]   Step 2 complete
[09:48:46] [INFO ] 
[09:48:46] [INFO ] STEP 3 — Bounding boxes
[09:48:46] [INFO ]   Generated 0 boxes
[09:48:46] [INFO ]   Step 3 complete
[09:48:46] [INFO ] 
[09:48:46] [INFO ] STEP 4 — Dataset building
[09:48:46] [INFO ]   Saving labeled review image...
[09:48:46] [INFO ]   Saved: f287stk47_labeled.png
[09:48:46] [INFO ]   Split: train
[09:48:46] [INFO ]   Added 0 annotations to train.json
[09:48:46] [INFO ]   train.json: 79 images, 45 annotations
[09:48:46] [INFO ]   val.json:   20 images,  9 annotations
[09:48:46] [INFO ]   Step 4 complete
[09:48:46] [INFO ] 
[09:48:46] [INFO ]   DONE  f287stk47  →  train  |  0 faults  |  0 boxes
[09:48:46] [INFO ] 
[09:48:46] [INFO ] ──────────────────────────────────────────────────
[09:48:46] [INFO ]   LINE: f287stk48
[09:48:46] [INFO ] ──────────────────────────────────────────────────
[09:48:46] [INFO ] Dataset  : namss.F-2-87-AA.mcs.airgun
[09:48:46] [INFO ] SGY      : ../../airgun_data/namss.F-2-87-AA.mcs.airgun/Data/f287stk48.sgy
[09:48:46] [INFO ] NAV      : ../../airgun_data/namss.F-2-87-AA.mcs.airgun/Navigation/f-2-87-aa_NAV-WGS84.csv
[09:48:46] [INFO ] SA mode  : single (seed=42)
[09:48:46] [INFO ] 
[09:48:46] [INFO ] STEP 1 — Feature extraction
[09:48:46] [INFO ]   Loading navigation...
[09:48:46] [INFO ]   Loading SEG-Y...
[09:48:46] [INFO ]   Traces: 669  Samples: 2500  dt: 4.000 ms
[09:48:46] [INFO ]   Depth:  0.0 m → 7497.0 m
[09:48:46] [INFO ]   Matching traces to navigation...
[09:48:46] [INFO ]   NAV line matched via translation: 'f287stk48' -> 'F287-48'
[09:48:46] [INFO ]   Matched 668 / 669 traces
[09:48:46] [INFO ]   Bandpass filtering...
[09:48:46] [INFO ]   Computing seismic attributes...
[09:48:46] [INFO ]   Picking seafloor...
[09:48:46] [INFO ]   Seafloor depth: 3639–3930 m  (0 shallow traces masked)
[09:48:46] [INFO ]   Picking horizons...
[09:48:46] [INFO ]   Computing NCC coherence (slow)...
[09:48:46] [INFO ]   Saving CNN section image...
[09:48:47] [INFO ]   Saved: f287stk48_section_cnn.png  (2700x1500px)
[09:48:47] [INFO ]   Step 1 complete
[09:48:47] [INFO ] 
[09:48:47] [INFO ] STEP 2 — Fault detection
[09:48:47] [INFO ]   Mode: single SA run (seed=42)
[09:48:47] [INFO ]   Detected 0 high-confidence faults
[09:48:47] [INFO ]   Step 2 complete
[09:48:47] [INFO ] 
[09:48:47] [INFO ] STEP 3 — Bounding boxes
[09:48:47] [INFO ]   Generated 0 boxes
[09:48:47] [INFO ]   Step 3 complete
[09:48:47] [INFO ] 
[09:48:47] [INFO ] STEP 4 — Dataset building
[09:48:47] [INFO ]   Saving labeled review image...
[09:48:48] [INFO ]   Saved: f287stk48_labeled.png
[09:48:48] [INFO ]   Split: train
[09:48:48] [INFO ]   Added 0 annotations to train.json
[09:48:48] [INFO ]   train.json: 80 images, 45 annotations
[09:48:48] [INFO ]   val.json:   20 images,  9 annotations
[09:48:48] [INFO ]   Step 4 complete
[09:48:48] [INFO ] 
[09:48:48] [INFO ]   DONE  f287stk48  →  train  |  0 faults  |  0 boxes
[09:48:48] [INFO ] 
[09:48:48] [INFO ] ──────────────────────────────────────────────────
[09:48:48] [INFO ]   LINE: f287stk49
[09:48:48] [INFO ] ──────────────────────────────────────────────────
[09:48:48] [INFO ] Dataset  : namss.F-2-87-AA.mcs.airgun
[09:48:48] [INFO ] SGY      : ../../airgun_data/namss.F-2-87-AA.mcs.airgun/Data/f287stk49.sgy
[09:48:48] [INFO ] NAV      : ../../airgun_data/namss.F-2-87-AA.mcs.airgun/Navigation/f-2-87-aa_NAV-WGS84.csv
[09:48:48] [INFO ] SA mode  : single (seed=42)
[09:48:48] [INFO ] 
[09:48:48] [INFO ] STEP 1 — Feature extraction
[09:48:48] [INFO ]   Loading navigation...
[09:48:48] [INFO ]   Loading SEG-Y...
[09:48:48] [INFO ]   Traces: 2978  Samples: 2500  dt: 4.000 ms
[09:48:48] [INFO ]   Depth:  0.0 m → 7497.0 m
[09:48:48] [INFO ]   Matching traces to navigation...
[09:48:48] [INFO ]   NAV line matched via translation: 'f287stk49' -> 'F287-49'
[09:48:48] [INFO ]   Matched 2977 / 2978 traces
[09:48:48] [INFO ]   Bandpass filtering...
[09:48:48] [INFO ]   Computing seismic attributes...
[09:48:48] [INFO ]   Picking seafloor...
[09:48:49] [INFO ]   Seafloor depth: 3555–4704 m  (0 shallow traces masked)
[09:48:49] [INFO ]   Picking horizons...
[09:48:49] [INFO ]   Computing NCC coherence (slow)...
[09:48:49] [INFO ]   Saving CNN section image...
[09:48:50] [INFO ]   Saved: f287stk49_section_cnn.png  (2700x1500px)
[09:48:50] [INFO ]   Step 1 complete
[09:48:50] [INFO ] 
[09:48:50] [INFO ] STEP 2 — Fault detection
[09:48:50] [INFO ]   Mode: single SA run (seed=42)
[09:48:53] [INFO ]   Detected 0 high-confidence faults
[09:48:53] [INFO ]   Step 2 complete
[09:48:53] [INFO ] 
[09:48:53] [INFO ] STEP 3 — Bounding boxes
[09:48:53] [INFO ]   Generated 0 boxes
[09:48:53] [INFO ]   Step 3 complete
[09:48:53] [INFO ] 
[09:48:53] [INFO ] STEP 4 — Dataset building
[09:48:53] [INFO ]   Saving labeled review image...
[09:48:53] [INFO ]   Saved: f287stk49_labeled.png
[09:48:53] [INFO ]   Split: train
[09:48:53] [INFO ]   Added 0 annotations to train.json
[09:48:53] [INFO ]   train.json: 81 images, 45 annotations
[09:48:53] [INFO ]   val.json:   20 images,  9 annotations
[09:48:53] [INFO ]   Step 4 complete
[09:48:53] [INFO ] 
[09:48:53] [INFO ]   DONE  f287stk49  →  train  |  0 faults  |  0 boxes
[09:48:53] [INFO ] 
[09:48:53] [INFO ] ──────────────────────────────────────────────────
[09:48:53] [INFO ]   LINE: f287stk50
[09:48:53] [INFO ] ──────────────────────────────────────────────────
[09:48:53] [INFO ] Dataset  : namss.F-2-87-AA.mcs.airgun
[09:48:53] [INFO ] SGY      : ../../airgun_data/namss.F-2-87-AA.mcs.airgun/Data/f287stk50.sgy
[09:48:53] [INFO ] NAV      : ../../airgun_data/namss.F-2-87-AA.mcs.airgun/Navigation/f-2-87-aa_NAV-WGS84.csv
[09:48:53] [INFO ] SA mode  : single (seed=42)
[09:48:53] [INFO ] 
[09:48:53] [INFO ] STEP 1 — Feature extraction
[09:48:53] [INFO ]   Loading navigation...
[09:48:53] [INFO ]   Loading SEG-Y...
[09:48:53] [INFO ]   Traces: 368  Samples: 2750  dt: 4.000 ms
[09:48:53] [INFO ]   Depth:  0.0 m → 8247.0 m
[09:48:53] [INFO ]   Matching traces to navigation...
[09:48:53] [INFO ]   NAV line matched via translation: 'f287stk50' -> 'F287-50'
[09:48:53] [INFO ]   Matched 367 / 368 traces
[09:48:53] [INFO ]   Bandpass filtering...
[09:48:53] [INFO ]   Computing seismic attributes...
[09:48:53] [INFO ]   Picking seafloor...
[09:48:53] [INFO ]   Seafloor depth: 4782–5031 m  (0 shallow traces masked)
[09:48:53] [INFO ]   Picking horizons...
[09:48:53] [INFO ]   Computing NCC coherence (slow)...
[09:48:53] [INFO ]   Saving CNN section image...
[09:48:53] [INFO ]   Saved: f287stk50_section_cnn.png  (2700x1500px)
[09:48:53] [INFO ]   Step 1 complete
[09:48:53] [INFO ] 
[09:48:53] [INFO ] STEP 2 — Fault detection
[09:48:53] [INFO ]   Mode: single SA run (seed=42)
[09:48:54] [INFO ]   Detected 0 high-confidence faults
[09:48:54] [INFO ]   Step 2 complete
[09:48:54] [INFO ] 
[09:48:54] [INFO ] STEP 3 — Bounding boxes
[09:48:54] [INFO ]   Generated 0 boxes
[09:48:54] [INFO ]   Step 3 complete
[09:48:54] [INFO ] 
[09:48:54] [INFO ] STEP 4 — Dataset building
[09:48:54] [INFO ]   Saving labeled review image...
[09:48:54] [INFO ]   Saved: f287stk50_labeled.png
[09:48:54] [INFO ]   Split: train
[09:48:54] [INFO ]   Added 0 annotations to train.json
[09:48:54] [INFO ]   train.json: 82 images, 45 annotations
[09:48:54] [INFO ]   val.json:   20 images,  9 annotations
[09:48:54] [INFO ]   Step 4 complete
[09:48:54] [INFO ] 
[09:48:54] [INFO ]   DONE  f287stk50  →  train  |  0 faults  |  0 boxes
[09:48:54] [INFO ] 
[09:48:54] [INFO ] ──────────────────────────────────────────────────
[09:48:54] [INFO ]   LINE: f287stk51
[09:48:54] [INFO ] ──────────────────────────────────────────────────
[09:48:54] [INFO ] Dataset  : namss.F-2-87-AA.mcs.airgun
[09:48:54] [INFO ] SGY      : ../../airgun_data/namss.F-2-87-AA.mcs.airgun/Data/f287stk51.sgy
[09:48:54] [INFO ] NAV      : ../../airgun_data/namss.F-2-87-AA.mcs.airgun/Navigation/f-2-87-aa_NAV-WGS84.csv
[09:48:54] [INFO ] SA mode  : single (seed=42)
[09:48:54] [INFO ] 
[09:48:54] [INFO ] STEP 1 — Feature extraction
[09:48:54] [INFO ]   Loading navigation...
[09:48:54] [INFO ]   Loading SEG-Y...
[09:48:54] [INFO ]   Traces: 3016  Samples: 2750  dt: 4.000 ms
[09:48:54] [INFO ]   Depth:  0.0 m → 8247.0 m
[09:48:54] [INFO ]   Matching traces to navigation...
[09:48:54] [INFO ]   NAV line matched via translation: 'f287stk51' -> 'F287-51'
[09:48:54] [INFO ]   Matched 3015 / 3016 traces
[09:48:54] [INFO ]   Bandpass filtering...
[09:48:55] [INFO ]   Computing seismic attributes...
[09:48:55] [INFO ]   Picking seafloor...
[09:48:55] [INFO ]   Seafloor depth: 3015–4875 m  (0 shallow traces masked)
[09:48:55] [INFO ]   Picking horizons...
[09:48:55] [INFO ]   Computing NCC coherence (slow)...
[09:48:56] [INFO ]   Saving CNN section image...
[09:48:56] [INFO ]   Saved: f287stk51_section_cnn.png  (2700x1500px)
[09:48:56] [INFO ]   Step 1 complete
[09:48:56] [INFO ] 
[09:48:56] [INFO ] STEP 2 — Fault detection
[09:48:56] [INFO ]   Mode: single SA run (seed=42)
[09:49:00] [INFO ]   Detected 0 high-confidence faults
[09:49:00] [INFO ]   Step 2 complete
[09:49:00] [INFO ] 
[09:49:00] [INFO ] STEP 3 — Bounding boxes
[09:49:00] [INFO ]   Generated 0 boxes
[09:49:00] [INFO ]   Step 3 complete
[09:49:00] [INFO ] 
[09:49:00] [INFO ] STEP 4 — Dataset building
[09:49:00] [INFO ]   Saving labeled review image...
[09:49:00] [INFO ]   Saved: f287stk51_labeled.png
[09:49:00] [INFO ]   Split: val
[09:49:00] [INFO ]   Added 0 annotations to val.json
[09:49:00] [INFO ]   train.json: 82 images, 45 annotations
[09:49:00] [INFO ]   val.json:   21 images,  9 annotations
[09:49:00] [INFO ]   Step 4 complete
[09:49:00] [INFO ] 
[09:49:00] [INFO ]   DONE  f287stk51  →  val  |  0 faults  |  0 boxes
[09:49:00] [INFO ] 
[09:49:00] [INFO ] ──────────────────────────────────────────────────
[09:49:00] [INFO ]   LINE: f287stk52
[09:49:00] [INFO ] ──────────────────────────────────────────────────
[09:49:00] [INFO ] Dataset  : namss.F-2-87-AA.mcs.airgun
[09:49:00] [INFO ] SGY      : ../../airgun_data/namss.F-2-87-AA.mcs.airgun/Data/f287stk52.sgy
[09:49:00] [INFO ] NAV      : ../../airgun_data/namss.F-2-87-AA.mcs.airgun/Navigation/f-2-87-aa_NAV-WGS84.csv
[09:49:00] [INFO ] SA mode  : single (seed=42)
[09:49:00] [INFO ] 
[09:49:00] [INFO ] STEP 1 — Feature extraction
[09:49:00] [INFO ]   Loading navigation...
[09:49:00] [INFO ]   Loading SEG-Y...
[09:49:00] [INFO ]   Traces: 663  Samples: 2750  dt: 4.000 ms
[09:49:00] [INFO ]   Depth:  0.0 m → 8247.0 m
[09:49:00] [INFO ]   Matching traces to navigation...
[09:49:00] [INFO ]   NAV line matched via translation: 'f287stk52' -> 'F287-52'
[09:49:00] [INFO ]   Matched 662 / 663 traces
[09:49:00] [INFO ]   Bandpass filtering...
[09:49:00] [INFO ]   Computing seismic attributes...
[09:49:00] [INFO ]   Picking seafloor...
[09:49:01] [INFO ]   Seafloor depth: 3435–4494 m  (0 shallow traces masked)
[09:49:01] [INFO ]   Picking horizons...
[09:49:01] [INFO ]   Computing NCC coherence (slow)...
[09:49:01] [INFO ]   Saving CNN section image...
[09:49:01] [INFO ]   Saved: f287stk52_section_cnn.png  (2700x1500px)
[09:49:01] [INFO ]   Step 1 complete
[09:49:01] [INFO ] 
[09:49:01] [INFO ] STEP 2 — Fault detection
[09:49:01] [INFO ]   Mode: single SA run (seed=42)
[09:49:02] [INFO ]   Detected 0 high-confidence faults
[09:49:02] [INFO ]   Step 2 complete
[09:49:02] [INFO ] 
[09:49:02] [INFO ] STEP 3 — Bounding boxes
[09:49:02] [INFO ]   Generated 0 boxes
[09:49:02] [INFO ]   Step 3 complete
[09:49:02] [INFO ] 
[09:49:02] [INFO ] STEP 4 — Dataset building
[09:49:02] [INFO ]   Saving labeled review image...
[09:49:02] [INFO ]   Saved: f287stk52_labeled.png
[09:49:02] [INFO ]   Split: train
[09:49:02] [INFO ]   Added 0 annotations to train.json
[09:49:02] [INFO ]   train.json: 83 images, 45 annotations
[09:49:02] [INFO ]   val.json:   21 images,  9 annotations
[09:49:02] [INFO ]   Step 4 complete
[09:49:02] [INFO ] 
[09:49:02] [INFO ]   DONE  f287stk52  →  train  |  0 faults  |  0 boxes
[09:49:02] [INFO ] 
[09:49:02] [INFO ] ──────────────────────────────────────────────────
[09:49:02] [INFO ]   LINE: f287stk53
[09:49:02] [INFO ] ──────────────────────────────────────────────────
[09:49:02] [INFO ] Dataset  : namss.F-2-87-AA.mcs.airgun
[09:49:02] [INFO ] SGY      : ../../airgun_data/namss.F-2-87-AA.mcs.airgun/Data/f287stk53.sgy
[09:49:02] [INFO ] NAV      : ../../airgun_data/namss.F-2-87-AA.mcs.airgun/Navigation/f-2-87-aa_NAV-WGS84.csv
[09:49:02] [INFO ] SA mode  : single (seed=42)
[09:49:02] [INFO ] 
[09:49:02] [INFO ] STEP 1 — Feature extraction
[09:49:02] [INFO ]   Loading navigation...
[09:49:02] [INFO ]   Loading SEG-Y...
[09:49:02] [INFO ]   Traces: 1673  Samples: 2750  dt: 4.000 ms
[09:49:02] [INFO ]   Depth:  0.0 m → 8247.0 m
[09:49:02] [INFO ]   Matching traces to navigation...
[09:49:02] [INFO ]   NAV line matched via translation: 'f287stk53' -> 'F287-53'
[09:49:02] [INFO ]   Matched 1672 / 1673 traces
[09:49:02] [INFO ]   Bandpass filtering...
[09:49:02] [INFO ]   Computing seismic attributes...
[09:49:02] [INFO ]   Picking seafloor...
[09:49:02] [INFO ]   Seafloor depth: 3852–4941 m  (0 shallow traces masked)
[09:49:02] [INFO ]   Picking horizons...
[09:49:03] [INFO ]   Computing NCC coherence (slow)...
[09:49:03] [INFO ]   Saving CNN section image...
[09:49:03] [INFO ]   Saved: f287stk53_section_cnn.png  (2700x1500px)
[09:49:03] [INFO ]   Step 1 complete
[09:49:03] [INFO ] 
[09:49:03] [INFO ] STEP 2 — Fault detection
[09:49:03] [INFO ]   Mode: single SA run (seed=42)
[09:49:05] [INFO ]   Detected 0 high-confidence faults
[09:49:05] [INFO ]   Step 2 complete
[09:49:05] [INFO ] 
[09:49:05] [INFO ] STEP 3 — Bounding boxes
[09:49:05] [INFO ]   Generated 0 boxes
[09:49:05] [INFO ]   Step 3 complete
[09:49:05] [INFO ] 
[09:49:05] [INFO ] STEP 4 — Dataset building
[09:49:05] [INFO ]   Saving labeled review image...
[09:49:05] [INFO ]   Saved: f287stk53_labeled.png
[09:49:05] [INFO ]   Split: train
[09:49:05] [INFO ]   Added 0 annotations to train.json
[09:49:05] [INFO ]   train.json: 84 images, 45 annotations
[09:49:05] [INFO ]   val.json:   21 images,  9 annotations
[09:49:05] [INFO ]   Step 4 complete
[09:49:05] [INFO ] 
[09:49:05] [INFO ]   DONE  f287stk53  →  train  |  0 faults  |  0 boxes
[09:49:05] [INFO ] 
[09:49:05] [INFO ] ──────────────────────────────────────────────────
[09:49:05] [INFO ]   LINE: f287stk54
[09:49:05] [INFO ] ──────────────────────────────────────────────────
[09:49:05] [INFO ] Dataset  : namss.F-2-87-AA.mcs.airgun
[09:49:05] [INFO ] SGY      : ../../airgun_data/namss.F-2-87-AA.mcs.airgun/Data/f287stk54.sgy
[09:49:05] [INFO ] NAV      : ../../airgun_data/namss.F-2-87-AA.mcs.airgun/Navigation/f-2-87-aa_NAV-WGS84.csv
[09:49:05] [INFO ] SA mode  : single (seed=42)
[09:49:05] [INFO ] 
[09:49:05] [INFO ] STEP 1 — Feature extraction
[09:49:05] [INFO ]   Loading navigation...
[09:49:05] [INFO ]   Loading SEG-Y...
[09:49:05] [INFO ]   Traces: 646  Samples: 2750  dt: 4.000 ms
[09:49:05] [INFO ]   Depth:  0.0 m → 8247.0 m
[09:49:05] [INFO ]   Matching traces to navigation...
[09:49:05] [INFO ]   NAV line matched via translation: 'f287stk54' -> 'F287-54'
[09:49:05] [INFO ]   Matched 645 / 646 traces
[09:49:05] [INFO ]   Bandpass filtering...
[09:49:05] [INFO ]   Computing seismic attributes...
[09:49:05] [INFO ]   Picking seafloor...
[09:49:06] [INFO ]   Seafloor depth: 4350–4872 m  (0 shallow traces masked)
[09:49:06] [INFO ]   Picking horizons...
[09:49:06] [INFO ]   Computing NCC coherence (slow)...
[09:49:06] [INFO ]   Saving CNN section image...
[09:49:06] [INFO ]   Saved: f287stk54_section_cnn.png  (2700x1500px)
[09:49:06] [INFO ]   Step 1 complete
[09:49:06] [INFO ] 
[09:49:06] [INFO ] STEP 2 — Fault detection
[09:49:06] [INFO ]   Mode: single SA run (seed=42)
[09:49:07] [INFO ]   Detected 0 high-confidence faults
[09:49:07] [INFO ]   Step 2 complete
[09:49:07] [INFO ] 
[09:49:07] [INFO ] STEP 3 — Bounding boxes
[09:49:07] [INFO ]   Generated 0 boxes
[09:49:07] [INFO ]   Step 3 complete
[09:49:07] [INFO ] 
[09:49:07] [INFO ] STEP 4 — Dataset building
[09:49:07] [INFO ]   Saving labeled review image...
[09:49:07] [INFO ]   Saved: f287stk54_labeled.png
[09:49:07] [INFO ]   Split: train
[09:49:07] [INFO ]   Added 0 annotations to train.json
[09:49:07] [INFO ]   train.json: 85 images, 45 annotations
[09:49:07] [INFO ]   val.json:   21 images,  9 annotations
[09:49:07] [INFO ]   Step 4 complete
[09:49:07] [INFO ] 
[09:49:07] [INFO ]   DONE  f287stk54  →  train  |  0 faults  |  0 boxes
[09:49:07] [INFO ] 
[09:49:07] [INFO ] ──────────────────────────────────────────────────
[09:49:07] [INFO ]   LINE: f287stk55
[09:49:07] [INFO ] ──────────────────────────────────────────────────
[09:49:07] [INFO ] Dataset  : namss.F-2-87-AA.mcs.airgun
[09:49:07] [INFO ] SGY      : ../../airgun_data/namss.F-2-87-AA.mcs.airgun/Data/f287stk55.sgy
[09:49:07] [INFO ] NAV      : ../../airgun_data/namss.F-2-87-AA.mcs.airgun/Navigation/f-2-87-aa_NAV-WGS84.csv
[09:49:07] [INFO ] SA mode  : single (seed=42)
[09:49:07] [INFO ] 
[09:49:07] [INFO ] STEP 1 — Feature extraction
[09:49:07] [INFO ]   Loading navigation...
[09:49:07] [INFO ]   Loading SEG-Y...
[09:49:07] [INFO ]   Traces: 1127  Samples: 2750  dt: 4.000 ms
[09:49:07] [INFO ]   Depth:  0.0 m → 8247.0 m
[09:49:07] [INFO ]   Matching traces to navigation...
[09:49:07] [INFO ]   NAV line matched via translation: 'f287stk55' -> 'F287-55'
[09:49:07] [INFO ]   Matched 1126 / 1127 traces
[09:49:07] [INFO ]   Bandpass filtering...
[09:49:07] [INFO ]   Computing seismic attributes...
[09:49:07] [INFO ]   Picking seafloor...
[09:49:07] [INFO ]   Seafloor depth: 3669–4608 m  (0 shallow traces masked)
[09:49:07] [INFO ]   Picking horizons...
[09:49:07] [INFO ]   Computing NCC coherence (slow)...
[09:49:07] [INFO ]   Saving CNN section image...
[09:49:08] [INFO ]   Saved: f287stk55_section_cnn.png  (2700x1500px)
[09:49:08] [INFO ]   Step 1 complete
[09:49:08] [INFO ] 
[09:49:08] [INFO ] STEP 2 — Fault detection
[09:49:08] [INFO ]   Mode: single SA run (seed=42)
[09:49:09] [INFO ]   Detected 0 high-confidence faults
[09:49:09] [INFO ]   Step 2 complete
[09:49:09] [INFO ] 
[09:49:09] [INFO ] STEP 3 — Bounding boxes
[09:49:09] [INFO ]   Generated 0 boxes
[09:49:09] [INFO ]   Step 3 complete
[09:49:09] [INFO ] 
[09:49:09] [INFO ] STEP 4 — Dataset building
[09:49:09] [INFO ]   Saving labeled review image...
[09:49:09] [INFO ]   Saved: f287stk55_labeled.png
[09:49:09] [INFO ]   Split: train
[09:49:09] [INFO ]   Added 0 annotations to train.json
[09:49:09] [INFO ]   train.json: 86 images, 45 annotations
[09:49:09] [INFO ]   val.json:   21 images,  9 annotations
[09:49:09] [INFO ]   Step 4 complete
[09:49:09] [INFO ] 
[09:49:09] [INFO ]   DONE  f287stk55  →  train  |  0 faults  |  0 boxes
[09:49:09] [INFO ] 
[09:49:09] [INFO ] ──────────────────────────────────────────────────
[09:49:09] [INFO ]   LINE: f287stk56
[09:49:09] [INFO ] ──────────────────────────────────────────────────
[09:49:09] [INFO ] Dataset  : namss.F-2-87-AA.mcs.airgun
[09:49:09] [INFO ] SGY      : ../../airgun_data/namss.F-2-87-AA.mcs.airgun/Data/f287stk56.sgy
[09:49:09] [INFO ] NAV      : ../../airgun_data/namss.F-2-87-AA.mcs.airgun/Navigation/f-2-87-aa_NAV-WGS84.csv
[09:49:09] [INFO ] SA mode  : single (seed=42)
[09:49:09] [INFO ] 
[09:49:09] [INFO ] STEP 1 — Feature extraction
[09:49:09] [INFO ]   Loading navigation...
[09:49:09] [INFO ]   Loading SEG-Y...
[09:49:10] [INFO ]   Traces: 4870  Samples: 3000  dt: 4.000 ms
[09:49:10] [INFO ]   Depth:  0.0 m → 8997.0 m
[09:49:10] [INFO ]   Matching traces to navigation...
[09:49:10] [INFO ]   NAV line matched via translation: 'f287stk56' -> 'F287-56'
[09:49:10] [INFO ]   Matched 4870 / 4870 traces
[09:49:10] [INFO ]   Bandpass filtering...
[09:49:10] [INFO ]   Computing seismic attributes...
[09:49:11] [INFO ]   Picking seafloor...
[09:49:11] [INFO ]   Seafloor depth: 0–5289 m  (637 shallow traces masked)
[09:49:11] [INFO ]   Picking horizons...
[09:49:11] [INFO ]   Computing NCC coherence (slow)...
[09:49:12] [INFO ]   Saving CNN section image...
[09:49:13] [INFO ]   Saved: f287stk56_section_cnn.png  (2700x1500px)
[09:49:13] [INFO ]   Step 1 complete
[09:49:13] [INFO ] 
[09:49:13] [INFO ] STEP 2 — Fault detection
[09:49:13] [INFO ]   Mode: single SA run (seed=42)
[09:49:19] [INFO ]   Detected 0 high-confidence faults
[09:49:19] [INFO ]   Step 2 complete
[09:49:19] [INFO ] 
[09:49:19] [INFO ] STEP 3 — Bounding boxes
[09:49:19] [INFO ]   Generated 0 boxes
[09:49:19] [INFO ]   Step 3 complete
[09:49:19] [INFO ] 
[09:49:19] [INFO ] STEP 4 — Dataset building
[09:49:19] [INFO ]   Saving labeled review image...
[09:49:19] [INFO ]   Saved: f287stk56_labeled.png
[09:49:19] [INFO ]   Split: val
[09:49:19] [INFO ]   Added 0 annotations to val.json
[09:49:19] [INFO ]   train.json: 86 images, 45 annotations
[09:49:19] [INFO ]   val.json:   22 images,  9 annotations
[09:49:19] [INFO ]   Step 4 complete
[09:49:19] [INFO ] 
[09:49:19] [INFO ]   DONE  f287stk56  →  val  |  0 faults  |  0 boxes
[09:49:19] [INFO ] 
[09:49:19] [INFO ] ──────────────────────────────────────────────────
[09:49:19] [INFO ]   LINE: f287stk57
[09:49:19] [INFO ] ──────────────────────────────────────────────────
[09:49:19] [INFO ] Dataset  : namss.F-2-87-AA.mcs.airgun
[09:49:19] [INFO ] SGY      : ../../airgun_data/namss.F-2-87-AA.mcs.airgun/Data/f287stk57.sgy
[09:49:19] [INFO ] NAV      : ../../airgun_data/namss.F-2-87-AA.mcs.airgun/Navigation/f-2-87-aa_NAV-WGS84.csv
[09:49:19] [INFO ] SA mode  : single (seed=42)
[09:49:19] [INFO ] 
[09:49:19] [INFO ] STEP 1 — Feature extraction
[09:49:19] [INFO ]   Loading navigation...
[09:49:19] [INFO ]   Loading SEG-Y...
[09:49:19] [INFO ]   Traces: 2276  Samples: 3000  dt: 4.000 ms
[09:49:19] [INFO ]   Depth:  0.0 m → 8997.0 m
[09:49:19] [INFO ]   Matching traces to navigation...
[09:49:19] [INFO ]   NAV line matched via translation: 'f287stk57' -> 'F287-57'
[09:49:19] [INFO ]   Matched 2275 / 2276 traces
[09:49:19] [INFO ]   Bandpass filtering...
[09:49:19] [INFO ]   Computing seismic attributes...
[09:49:20] [INFO ]   Picking seafloor...
[09:49:20] [INFO ]   Seafloor depth: 4482–4968 m  (0 shallow traces masked)
[09:49:20] [INFO ]   Picking horizons...
[09:49:20] [INFO ]   Computing NCC coherence (slow)...
[09:49:20] [INFO ]   Saving CNN section image...
[09:49:21] [INFO ]   Saved: f287stk57_section_cnn.png  (2700x1500px)
[09:49:21] [INFO ]   Step 1 complete
[09:49:21] [INFO ] 
[09:49:21] [INFO ] STEP 2 — Fault detection
[09:49:21] [INFO ]   Mode: single SA run (seed=42)
[09:49:24] [INFO ]   Detected 0 high-confidence faults
[09:49:24] [INFO ]   Step 2 complete
[09:49:24] [INFO ] 
[09:49:24] [INFO ] STEP 3 — Bounding boxes
[09:49:24] [INFO ]   Generated 0 boxes
[09:49:24] [INFO ]   Step 3 complete
[09:49:24] [INFO ] 
[09:49:24] [INFO ] STEP 4 — Dataset building
[09:49:24] [INFO ]   Saving labeled review image...
[09:49:24] [INFO ]   Saved: f287stk57_labeled.png
[09:49:24] [INFO ]   Split: train
[09:49:24] [INFO ]   Added 0 annotations to train.json
[09:49:24] [INFO ]   train.json: 87 images, 45 annotations
[09:49:24] [INFO ]   val.json:   22 images,  9 annotations
[09:49:24] [INFO ]   Step 4 complete
[09:49:24] [INFO ] 
[09:49:24] [INFO ]   DONE  f287stk57  →  train  |  0 faults  |  0 boxes
[09:49:24] [INFO ] 
[09:49:24] [INFO ] ──────────────────────────────────────────────────
[09:49:24] [INFO ]   LINE: f287stk58
[09:49:24] [INFO ] ──────────────────────────────────────────────────
[09:49:24] [INFO ] Dataset  : namss.F-2-87-AA.mcs.airgun
[09:49:24] [INFO ] SGY      : ../../airgun_data/namss.F-2-87-AA.mcs.airgun/Data/f287stk58.sgy
[09:49:24] [INFO ] NAV      : ../../airgun_data/namss.F-2-87-AA.mcs.airgun/Navigation/f-2-87-aa_NAV-WGS84.csv
[09:49:24] [INFO ] SA mode  : single (seed=42)
[09:49:24] [INFO ] 
[09:49:24] [INFO ] STEP 1 — Feature extraction
[09:49:24] [INFO ]   Loading navigation...
[09:49:24] [INFO ]   Loading SEG-Y...
[09:49:24] [INFO ]   Traces: 2000  Samples: 3750  dt: 4.000 ms
[09:49:24] [INFO ]   Depth:  0.0 m → 11247.0 m
[09:49:24] [INFO ]   Matching traces to navigation...
[09:49:24] [INFO ]   NAV line matched via translation: 'f287stk58' -> 'F287-58'
[09:49:24] [INFO ]   Matched 1999 / 2000 traces
[09:49:24] [INFO ]   Bandpass filtering...
[09:49:24] [INFO ]   Computing seismic attributes...
[09:49:24] [INFO ]   Picking seafloor...
[09:49:25] [INFO ]   Seafloor depth: 4701–6753 m  (0 shallow traces masked)
[09:49:25] [INFO ]   Picking horizons...
[09:49:25] [INFO ]   Computing NCC coherence (slow)...
[09:49:25] [INFO ]   Saving CNN section image...
[09:49:25] [INFO ]   Saved: f287stk58_section_cnn.png  (2700x1500px)
[09:49:25] [INFO ]   Step 1 complete
[09:49:25] [INFO ] 
[09:49:25] [INFO ] STEP 2 — Fault detection
[09:49:25] [INFO ]   Mode: single SA run (seed=42)
[09:49:27] [INFO ]   Detected 1 high-confidence faults
[09:49:27] [INFO ]     Fault  1 | trace ~ 1952 | prob=0.779
[09:49:27] [INFO ]   Step 2 complete
[09:49:27] [INFO ] 
[09:49:27] [INFO ] STEP 3 — Bounding boxes
[09:49:27] [INFO ]   Box  1 | [2548, 620, 152w, 100h px]
[09:49:27] [INFO ]   Generated 1 boxes
[09:49:27] [INFO ]   Step 3 complete
[09:49:27] [INFO ] 
[09:49:27] [INFO ] STEP 4 — Dataset building
[09:49:27] [INFO ]   Saving labeled review image...
[09:49:27] [INFO ]   Saved: f287stk58_labeled.png
[09:49:27] [INFO ]   Split: train
[09:49:27] [INFO ]   Added 1 annotations to train.json
[09:49:27] [INFO ]   train.json: 88 images, 46 annotations
[09:49:27] [INFO ]   val.json:   22 images,  9 annotations
[09:49:27] [INFO ]   Step 4 complete
[09:49:27] [INFO ] 
[09:49:27] [INFO ]   DONE  f287stk58  →  train  |  1 faults  |  1 boxes
[09:49:27] [INFO ] 
[09:49:27] [INFO ] ──────────────────────────────────────────────────
[09:49:27] [INFO ]   LINE: f287stk59
[09:49:27] [INFO ] ──────────────────────────────────────────────────
[09:49:27] [INFO ] Dataset  : namss.F-2-87-AA.mcs.airgun
[09:49:27] [INFO ] SGY      : ../../airgun_data/namss.F-2-87-AA.mcs.airgun/Data/f287stk59.sgy
[09:49:27] [INFO ] NAV      : ../../airgun_data/namss.F-2-87-AA.mcs.airgun/Navigation/f-2-87-aa_NAV-WGS84.csv
[09:49:27] [INFO ] SA mode  : single (seed=42)
[09:49:27] [INFO ] 
[09:49:27] [INFO ] STEP 1 — Feature extraction
[09:49:27] [INFO ]   Loading navigation...
[09:49:27] [INFO ]   Loading SEG-Y...
[09:49:27] [INFO ]   Traces: 2515  Samples: 3000  dt: 4.000 ms
[09:49:27] [INFO ]   Depth:  0.0 m → 8997.0 m
[09:49:27] [INFO ]   Matching traces to navigation...
[09:49:27] [INFO ]   NAV line matched via translation: 'f287stk59' -> 'F287-59'
[09:49:27] [INFO ]   Matched 2514 / 2515 traces
[09:49:28] [INFO ]   Bandpass filtering...
[09:49:28] [INFO ]   Computing seismic attributes...
[09:49:28] [INFO ]   Picking seafloor...
[09:49:28] [INFO ]   Seafloor depth: 3813–5499 m  (0 shallow traces masked)
[09:49:28] [INFO ]   Picking horizons...
[09:49:28] [INFO ]   Computing NCC coherence (slow)...
[09:49:28] [INFO ]   Saving CNN section image...
[09:49:29] [INFO ]   Saved: f287stk59_section_cnn.png  (2700x1500px)
[09:49:29] [INFO ]   Step 1 complete
[09:49:29] [INFO ] 
[09:49:29] [INFO ] STEP 2 — Fault detection
[09:49:29] [INFO ]   Mode: single SA run (seed=42)
[09:49:32] [INFO ]   Detected 0 high-confidence faults
[09:49:32] [INFO ]   Step 2 complete
[09:49:32] [INFO ] 
[09:49:32] [INFO ] STEP 3 — Bounding boxes
[09:49:32] [INFO ]   Generated 0 boxes
[09:49:32] [INFO ]   Step 3 complete
[09:49:32] [INFO ] 
[09:49:32] [INFO ] STEP 4 — Dataset building
[09:49:32] [INFO ]   Saving labeled review image...
[09:49:32] [INFO ]   Saved: f287stk59_labeled.png
[09:49:32] [INFO ]   Split: train
[09:49:32] [INFO ]   Added 0 annotations to train.json
[09:49:32] [INFO ]   train.json: 89 images, 46 annotations
[09:49:32] [INFO ]   val.json:   22 images,  9 annotations
[09:49:32] [INFO ]   Step 4 complete
[09:49:32] [INFO ] 
[09:49:32] [INFO ]   DONE  f287stk59  →  train  |  0 faults  |  0 boxes
[09:49:32] [INFO ] 
[09:49:32] [INFO ] ──────────────────────────────────────────────────
[09:49:32] [INFO ]   LINE: f287stk60
[09:49:32] [INFO ] ──────────────────────────────────────────────────
[09:49:32] [INFO ] Dataset  : namss.F-2-87-AA.mcs.airgun
[09:49:32] [INFO ] SGY      : ../../airgun_data/namss.F-2-87-AA.mcs.airgun/Data/f287stk60.sgy
[09:49:32] [INFO ] NAV      : ../../airgun_data/namss.F-2-87-AA.mcs.airgun/Navigation/f-2-87-aa_NAV-WGS84.csv
[09:49:32] [INFO ] SA mode  : single (seed=42)
[09:49:32] [INFO ] 
[09:49:32] [INFO ] STEP 1 — Feature extraction
[09:49:32] [INFO ]   Loading navigation...
[09:49:32] [INFO ]   Loading SEG-Y...
[09:49:32] [INFO ]   Traces: 1586  Samples: 3750  dt: 4.000 ms
[09:49:32] [INFO ]   Depth:  0.0 m → 11247.0 m
[09:49:32] [INFO ]   Matching traces to navigation...
[09:49:32] [INFO ]   NAV line matched via translation: 'f287stk60' -> 'F287-60'
[09:49:32] [INFO ]   Matched 1584 / 1586 traces
[09:49:32] [INFO ]   Bandpass filtering...
[09:49:33] [INFO ]   Computing seismic attributes...
[09:49:33] [INFO ]   Picking seafloor...
[09:49:33] [INFO ]   Seafloor depth: 0–6753 m  (1 shallow traces masked)
[09:49:33] [INFO ]   Picking horizons...
[09:49:33] [INFO ]   Computing NCC coherence (slow)...
[09:49:33] [INFO ]   Saving CNN section image...
[09:49:34] [INFO ]   Saved: f287stk60_section_cnn.png  (2700x1500px)
[09:49:34] [INFO ]   Step 1 complete
[09:49:34] [INFO ] 
[09:49:34] [INFO ] STEP 2 — Fault detection
[09:49:34] [INFO ]   Mode: single SA run (seed=42)
[09:49:35] [INFO ]   Detected 1 high-confidence faults
[09:49:35] [INFO ]     Fault  1 | trace ~   56 | prob=0.771
[09:49:35] [INFO ]   Step 2 complete
[09:49:35] [INFO ] 
[09:49:35] [INFO ] STEP 3 — Bounding boxes
[09:49:35] [INFO ]   Box  1 | [15, 885, 180w, 100h px]
[09:49:35] [INFO ]   Generated 1 boxes
[09:49:35] [INFO ]   Step 3 complete
[09:49:35] [INFO ] 
[09:49:35] [INFO ] STEP 4 — Dataset building
[09:49:35] [INFO ]   Saving labeled review image...
[09:49:35] [INFO ]   Saved: f287stk60_labeled.png
[09:49:35] [INFO ]   Split: train
[09:49:35] [INFO ]   Added 1 annotations to train.json
[09:49:35] [INFO ]   train.json: 90 images, 47 annotations
[09:49:35] [INFO ]   val.json:   22 images,  9 annotations
[09:49:35] [INFO ]   Step 4 complete
[09:49:35] [INFO ] 
[09:49:35] [INFO ]   DONE  f287stk60  →  train  |  1 faults  |  1 boxes
[09:49:35] [INFO ] 
[09:49:35] [INFO ] ──────────────────────────────────────────────────
[09:49:35] [INFO ]   LINE: f287stks1
[09:49:35] [INFO ] ──────────────────────────────────────────────────
[09:49:35] [INFO ] Dataset  : namss.F-2-87-AA.mcs.airgun
[09:49:35] [INFO ] SGY      : ../../airgun_data/namss.F-2-87-AA.mcs.airgun/Data/f287stks1.sgy
[09:49:35] [INFO ] NAV      : ../../airgun_data/namss.F-2-87-AA.mcs.airgun/Navigation/f-2-87-aa_NAV-WGS84.csv
[09:49:35] [INFO ] SA mode  : single (seed=42)
[09:49:35] [INFO ] 
[09:49:35] [INFO ] STEP 1 — Feature extraction
[09:49:35] [INFO ]   Loading navigation...
[09:49:36] [INFO ]   Loading SEG-Y...
[09:49:36] [ERROR] SKIPPING f287stks1 (namss.F-2-87-AA.mcs.airgun): hour must be in 0..23
[09:49:36] [ERROR]   Traceback (most recent call last):
[09:49:36] [ERROR]     File "/Users/lennylukach/Personal/School/CS4100/namss/pipeline/src/pipeline.py", line 848, in <module>
[09:49:36] [ERROR]       process_line(line, sgy_path, nav_path, dataset)
[09:49:36] [ERROR]     File "/Users/lennylukach/Personal/School/CS4100/namss/pipeline/src/pipeline.py", line 405, in process_line
[09:49:36] [ERROR]       st = read(sgy_path)
[09:49:36] [ERROR]     File "/Users/lennylukach/Personal/School/CS4100/namss/venv/lib/python3.10/site-packages/decorator.py", line 235, in fun
[09:49:36] [ERROR]       return caller(func, *(extras + args), **kw)
[09:49:36] [ERROR]     File "/Users/lennylukach/Personal/School/CS4100/namss/venv/lib/python3.10/site-packages/obspy/core/util/decorator.py", line 298, in _map_example_filename
[09:49:36] [ERROR]       return func(*args, **kwargs)
[09:49:36] [ERROR]     File "/Users/lennylukach/Personal/School/CS4100/namss/venv/lib/python3.10/site-packages/obspy/core/stream.py", line 210, in read
[09:49:36] [ERROR]       st = _generic_reader(pathname_or_url, _read, **kwargs)
[09:49:36] [ERROR]     File "/Users/lennylukach/Personal/School/CS4100/namss/venv/lib/python3.10/site-packages/obspy/core/util/base.py", line 822, in _generic_reader
[09:49:36] [ERROR]       generic = callback_func(pathnames[0], **kwargs)
[09:49:36] [ERROR]     File "/Users/lennylukach/Personal/School/CS4100/namss/venv/lib/python3.10/site-packages/decorator.py", line 235, in fun
[09:49:36] [ERROR]       return caller(func, *(extras + args), **kw)
[09:49:36] [ERROR]     File "/Users/lennylukach/Personal/School/CS4100/namss/venv/lib/python3.10/site-packages/obspy/core/util/decorator.py", line 209, in uncompress_file
[09:49:36] [ERROR]       result = func(filename, *args, **kwargs)
[09:49:36] [ERROR]     File "/Users/lennylukach/Personal/School/CS4100/namss/venv/lib/python3.10/site-packages/obspy/core/stream.py", line 255, in _read
[09:49:36] [ERROR]       stream, format = _read_from_plugin('waveform', filename, format=format,
[09:49:36] [ERROR]     File "/Users/lennylukach/Personal/School/CS4100/namss/venv/lib/python3.10/site-packages/obspy/core/util/base.py", line 559, in _read_from_plugin
[09:49:36] [ERROR]       list_obj = read_format(filename, **kwargs)
[09:49:36] [ERROR]     File "/Users/lennylukach/Personal/School/CS4100/namss/venv/lib/python3.10/site-packages/obspy/io/segy/core.py", line 204, in _read_segy
[09:49:36] [ERROR]       stream.append(tr.to_obspy_trace(
[09:49:36] [ERROR]     File "/Users/lennylukach/Personal/School/CS4100/namss/venv/lib/python3.10/site-packages/obspy/io/segy/segy.py", line 775, in to_obspy_trace
[09:49:36] [ERROR]       trace.stats.starttime = UTCDateTime(
[09:49:36] [ERROR]     File "/Users/lennylukach/Personal/School/CS4100/namss/venv/lib/python3.10/site-packages/obspy/core/utcdatetime.py", line 460, in __init__
[09:49:36] [ERROR]       dt = datetime.datetime(*args, **kwargs)
[09:49:36] [ERROR]   ValueError: hour must be in 0..23
[09:49:36] [INFO ] 
[09:49:36] [INFO ] ──────────────────────────────────────────────────
[09:49:36] [INFO ]   LINE: f287stks10
[09:49:36] [INFO ] ──────────────────────────────────────────────────
[09:49:36] [INFO ] Dataset  : namss.F-2-87-AA.mcs.airgun
[09:49:36] [INFO ] SGY      : ../../airgun_data/namss.F-2-87-AA.mcs.airgun/Data/f287stks10.sgy
[09:49:36] [INFO ] NAV      : ../../airgun_data/namss.F-2-87-AA.mcs.airgun/Navigation/f-2-87-aa_NAV-WGS84.csv
[09:49:36] [INFO ] SA mode  : single (seed=42)
[09:49:36] [INFO ] 
[09:49:36] [INFO ] STEP 1 — Feature extraction
[09:49:36] [INFO ]   Loading navigation...
[09:49:36] [INFO ]   Loading SEG-Y...
[09:49:36] [INFO ]   Traces: 713  Samples: 2500  dt: 4.000 ms
[09:49:36] [INFO ]   Depth:  0.0 m → 7497.0 m
[09:49:36] [INFO ]   Matching traces to navigation...
[09:49:36] [INFO ]   NAV line matched via translation: 'f287stks10' -> 'F287-S10'
[09:49:36] [INFO ]   Matched 712 / 713 traces
[09:49:36] [INFO ]   Bandpass filtering...
[09:49:36] [INFO ]   Computing seismic attributes...
[09:49:36] [INFO ]   Picking seafloor...
[09:49:36] [INFO ]   Seafloor depth: 1131–2136 m  (0 shallow traces masked)
[09:49:36] [INFO ]   Picking horizons...
[09:49:36] [INFO ]   Computing NCC coherence (slow)...
[09:49:36] [INFO ]   Saving CNN section image...
[09:49:36] [INFO ]   Saved: f287stks10_section_cnn.png  (2700x1500px)
[09:49:36] [INFO ]   Step 1 complete
[09:49:36] [INFO ] 
[09:49:36] [INFO ] STEP 2 — Fault detection
[09:49:36] [INFO ]   Mode: single SA run (seed=42)
[09:49:37] [INFO ]   Detected 0 high-confidence faults
[09:49:37] [INFO ]   Step 2 complete
[09:49:37] [INFO ] 
[09:49:37] [INFO ] STEP 3 — Bounding boxes
[09:49:37] [INFO ]   Generated 0 boxes
[09:49:37] [INFO ]   Step 3 complete
[09:49:37] [INFO ] 
[09:49:37] [INFO ] STEP 4 — Dataset building
[09:49:37] [INFO ]   Saving labeled review image...
[09:49:37] [INFO ]   Saved: f287stks10_labeled.png
[09:49:37] [INFO ]   Split: train
[09:49:37] [INFO ]   Added 0 annotations to train.json
[09:49:37] [INFO ]   train.json: 91 images, 47 annotations
[09:49:37] [INFO ]   val.json:   22 images,  9 annotations
[09:49:37] [INFO ]   Step 4 complete
[09:49:37] [INFO ] 
[09:49:37] [INFO ]   DONE  f287stks10  →  train  |  0 faults  |  0 boxes
[09:49:37] [INFO ] 
[09:49:37] [INFO ] ──────────────────────────────────────────────────
[09:49:37] [INFO ]   LINE: f287stks2
[09:49:37] [INFO ] ──────────────────────────────────────────────────
[09:49:37] [INFO ] Dataset  : namss.F-2-87-AA.mcs.airgun
[09:49:37] [INFO ] SGY      : ../../airgun_data/namss.F-2-87-AA.mcs.airgun/Data/f287stks2.sgy
[09:49:37] [INFO ] NAV      : ../../airgun_data/namss.F-2-87-AA.mcs.airgun/Navigation/f-2-87-aa_NAV-WGS84.csv
[09:49:37] [INFO ] SA mode  : single (seed=42)
[09:49:37] [INFO ] 
[09:49:37] [INFO ] STEP 1 — Feature extraction
[09:49:37] [INFO ]   Loading navigation...
[09:49:37] [INFO ]   Loading SEG-Y...
[09:49:37] [INFO ]   Traces: 1804  Samples: 2500  dt: 4.000 ms
[09:49:37] [INFO ]   Depth:  0.0 m → 7497.0 m
[09:49:37] [INFO ]   Matching traces to navigation...
[09:49:37] [INFO ]   NAV line matched via translation: 'f287stks2' -> 'F287-S2'
[09:49:38] [INFO ]   Matched 1803 / 1804 traces
[09:49:38] [INFO ]   Bandpass filtering...
[09:49:38] [INFO ]   Computing seismic attributes...
[09:49:38] [INFO ]   Picking seafloor...
[09:49:38] [INFO ]   Seafloor depth: 4896–6702 m  (0 shallow traces masked)
[09:49:38] [INFO ]   Picking horizons...
[09:49:38] [INFO ]   Computing NCC coherence (slow)...
[09:49:38] [INFO ]   Saving CNN section image...
[09:49:39] [INFO ]   Saved: f287stks2_section_cnn.png  (2700x1500px)
[09:49:39] [INFO ]   Step 1 complete
[09:49:39] [INFO ] 
[09:49:39] [INFO ] STEP 2 — Fault detection
[09:49:39] [INFO ]   Mode: single SA run (seed=42)
[09:49:41] [INFO ]   Detected 1 high-confidence faults
[09:49:41] [INFO ]     Fault  1 | trace ~  671 | prob=0.804
[09:49:41] [INFO ]   Step 2 complete
[09:49:41] [INFO ] 
[09:49:41] [INFO ] STEP 3 — Bounding boxes
[09:49:41] [INFO ]   Box  1 | [857, 1327, 275w, 156h px]
[09:49:41] [INFO ]   Generated 1 boxes
[09:49:41] [INFO ]   Step 3 complete
[09:49:41] [INFO ] 
[09:49:41] [INFO ] STEP 4 — Dataset building
[09:49:41] [INFO ]   Saving labeled review image...
[09:49:41] [INFO ]   Saved: f287stks2_labeled.png
[09:49:41] [INFO ]   Split: train
[09:49:41] [INFO ]   Added 1 annotations to train.json
[09:49:41] [INFO ]   train.json: 92 images, 48 annotations
[09:49:41] [INFO ]   val.json:   22 images,  9 annotations
[09:49:41] [INFO ]   Step 4 complete
[09:49:41] [INFO ] 
[09:49:41] [INFO ]   DONE  f287stks2  →  train  |  1 faults  |  1 boxes
[09:49:41] [INFO ] 
[09:49:41] [INFO ] ──────────────────────────────────────────────────
[09:49:41] [INFO ]   LINE: f287stks3
[09:49:41] [INFO ] ──────────────────────────────────────────────────
[09:49:41] [INFO ] Dataset  : namss.F-2-87-AA.mcs.airgun
[09:49:41] [INFO ] SGY      : ../../airgun_data/namss.F-2-87-AA.mcs.airgun/Data/f287stks3.sgy
[09:49:41] [INFO ] NAV      : ../../airgun_data/namss.F-2-87-AA.mcs.airgun/Navigation/f-2-87-aa_NAV-WGS84.csv
[09:49:41] [INFO ] SA mode  : single (seed=42)
[09:49:41] [INFO ] 
[09:49:41] [INFO ] STEP 1 — Feature extraction
[09:49:41] [INFO ]   Loading navigation...
[09:49:41] [INFO ]   Loading SEG-Y...
[09:49:41] [INFO ]   Traces: 1135  Samples: 2500  dt: 4.000 ms
[09:49:41] [INFO ]   Depth:  0.0 m → 7497.0 m
[09:49:41] [INFO ]   Matching traces to navigation...
[09:49:41] [INFO ]   NAV line matched via translation: 'f287stks3' -> 'F287-S3'
[09:49:41] [INFO ]   Matched 1133 / 1135 traces
[09:49:41] [INFO ]   Bandpass filtering...
[09:49:41] [INFO ]   Computing seismic attributes...
[09:49:41] [INFO ]   Picking seafloor...
[09:49:41] [INFO ]   Seafloor depth: 5340–6711 m  (0 shallow traces masked)
[09:49:41] [INFO ]   Picking horizons...
[09:49:41] [INFO ]   Computing NCC coherence (slow)...
[09:49:41] [INFO ]   Saving CNN section image...
[09:49:42] [INFO ]   Saved: f287stks3_section_cnn.png  (2700x1500px)
[09:49:42] [INFO ]   Step 1 complete
[09:49:42] [INFO ] 
[09:49:42] [INFO ] STEP 2 — Fault detection
[09:49:42] [INFO ]   Mode: single SA run (seed=42)
[09:49:43] [INFO ]   Detected 1 high-confidence faults
[09:49:43] [INFO ]     Fault  1 | trace ~  101 | prob=0.770
[09:49:43] [INFO ]   Step 2 complete
[09:49:43] [INFO ] 
[09:49:43] [INFO ] STEP 3 — Bounding boxes
[09:49:43] [INFO ]   Box  1 | [76, 1065, 332w, 141h px]
[09:49:43] [INFO ]   Generated 1 boxes
[09:49:43] [INFO ]   Step 3 complete
[09:49:43] [INFO ] 
[09:49:43] [INFO ] STEP 4 — Dataset building
[09:49:43] [INFO ]   Saving labeled review image...
[09:49:43] [INFO ]   Saved: f287stks3_labeled.png
[09:49:43] [INFO ]   Split: train
[09:49:43] [INFO ]   Added 1 annotations to train.json
[09:49:43] [INFO ]   train.json: 93 images, 49 annotations
[09:49:43] [INFO ]   val.json:   22 images,  9 annotations
[09:49:43] [INFO ]   Step 4 complete
[09:49:43] [INFO ] 
[09:49:43] [INFO ]   DONE  f287stks3  →  train  |  1 faults  |  1 boxes
[09:49:43] [INFO ] 
[09:49:43] [INFO ] ──────────────────────────────────────────────────
[09:49:43] [INFO ]   LINE: f287stks4
[09:49:43] [INFO ] ──────────────────────────────────────────────────
[09:49:43] [INFO ] Dataset  : namss.F-2-87-AA.mcs.airgun
[09:49:43] [INFO ] SGY      : ../../airgun_data/namss.F-2-87-AA.mcs.airgun/Data/f287stks4.sgy
[09:49:43] [INFO ] NAV      : ../../airgun_data/namss.F-2-87-AA.mcs.airgun/Navigation/f-2-87-aa_NAV-WGS84.csv
[09:49:43] [INFO ] SA mode  : single (seed=42)
[09:49:43] [INFO ] 
[09:49:43] [INFO ] STEP 1 — Feature extraction
[09:49:43] [INFO ]   Loading navigation...
[09:49:43] [INFO ]   Loading SEG-Y...
[09:49:43] [INFO ]   Traces: 653  Samples: 3500  dt: 4.000 ms
[09:49:43] [INFO ]   Depth:  0.0 m → 10497.0 m
[09:49:43] [INFO ]   Matching traces to navigation...
[09:49:43] [INFO ]   NAV line matched via translation: 'f287stks4' -> 'F287-S4'
[09:49:43] [INFO ]   Matched 652 / 653 traces
[09:49:43] [INFO ]   Bandpass filtering...
[09:49:43] [INFO ]   Computing seismic attributes...
[09:49:43] [INFO ]   Picking seafloor...
[09:49:43] [INFO ]   Seafloor depth: 5598–7125 m  (0 shallow traces masked)
[09:49:43] [INFO ]   Picking horizons...
[09:49:43] [INFO ]   Computing NCC coherence (slow)...
[09:49:43] [INFO ]   Saving CNN section image...
[09:49:44] [INFO ]   Saved: f287stks4_section_cnn.png  (2700x1500px)
[09:49:44] [INFO ]   Step 1 complete
[09:49:44] [INFO ] 
[09:49:44] [INFO ] STEP 2 — Fault detection
[09:49:44] [INFO ]   Mode: single SA run (seed=42)
[09:49:45] [INFO ]   Detected 0 high-confidence faults
[09:49:45] [INFO ]   Step 2 complete
[09:49:45] [INFO ] 
[09:49:45] [INFO ] STEP 3 — Bounding boxes
[09:49:45] [INFO ]   Generated 0 boxes
[09:49:45] [INFO ]   Step 3 complete
[09:49:45] [INFO ] 
[09:49:45] [INFO ] STEP 4 — Dataset building
[09:49:45] [INFO ]   Saving labeled review image...
[09:49:45] [INFO ]   Saved: f287stks4_labeled.png
[09:49:45] [INFO ]   Split: train
[09:49:45] [INFO ]   Added 0 annotations to train.json
[09:49:45] [INFO ]   train.json: 94 images, 49 annotations
[09:49:45] [INFO ]   val.json:   22 images,  9 annotations
[09:49:45] [INFO ]   Step 4 complete
[09:49:45] [INFO ] 
[09:49:45] [INFO ]   DONE  f287stks4  →  train  |  0 faults  |  0 boxes
[09:49:45] [INFO ] 
[09:49:45] [INFO ] ──────────────────────────────────────────────────
[09:49:45] [INFO ]   LINE: f287stks5
[09:49:45] [INFO ] ──────────────────────────────────────────────────
[09:49:45] [INFO ] Dataset  : namss.F-2-87-AA.mcs.airgun
[09:49:45] [INFO ] SGY      : ../../airgun_data/namss.F-2-87-AA.mcs.airgun/Data/f287stks5.sgy
[09:49:45] [INFO ] NAV      : ../../airgun_data/namss.F-2-87-AA.mcs.airgun/Navigation/f-2-87-aa_NAV-WGS84.csv
[09:49:45] [INFO ] SA mode  : single (seed=42)
[09:49:45] [INFO ] 
[09:49:45] [INFO ] STEP 1 — Feature extraction
[09:49:45] [INFO ]   Loading navigation...
[09:49:45] [INFO ]   Loading SEG-Y...
[09:49:45] [INFO ]   Traces: 573  Samples: 3500  dt: 4.000 ms
[09:49:45] [INFO ]   Depth:  0.0 m → 10497.0 m
[09:49:45] [INFO ]   Matching traces to navigation...
[09:49:45] [INFO ]   NAV line matched via translation: 'f287stks5' -> 'F287-S5'
[09:49:45] [INFO ]   Matched 572 / 573 traces
[09:49:45] [INFO ]   Bandpass filtering...
[09:49:45] [INFO ]   Computing seismic attributes...
[09:49:45] [INFO ]   Picking seafloor...
[09:49:45] [INFO ]   Seafloor depth: 6615–7008 m  (0 shallow traces masked)
[09:49:45] [INFO ]   Picking horizons...
[09:49:45] [INFO ]   Computing NCC coherence (slow)...
[09:49:45] [INFO ]   Saving CNN section image...
[09:49:46] [INFO ]   Saved: f287stks5_section_cnn.png  (2700x1500px)
[09:49:46] [INFO ]   Step 1 complete
[09:49:46] [INFO ] 
[09:49:46] [INFO ] STEP 2 — Fault detection
[09:49:46] [INFO ]   Mode: single SA run (seed=42)
[09:49:46] [INFO ]   Detected 0 high-confidence faults
[09:49:46] [INFO ]   Step 2 complete
[09:49:46] [INFO ] 
[09:49:46] [INFO ] STEP 3 — Bounding boxes
[09:49:46] [INFO ]   Generated 0 boxes
[09:49:46] [INFO ]   Step 3 complete
[09:49:46] [INFO ] 
[09:49:46] [INFO ] STEP 4 — Dataset building
[09:49:46] [INFO ]   Saving labeled review image...
[09:49:46] [INFO ]   Saved: f287stks5_labeled.png
[09:49:46] [INFO ]   Split: val
[09:49:46] [INFO ]   Added 0 annotations to val.json
[09:49:46] [INFO ]   train.json: 94 images, 49 annotations
[09:49:46] [INFO ]   val.json:   23 images,  9 annotations
[09:49:46] [INFO ]   Step 4 complete
[09:49:46] [INFO ] 
[09:49:46] [INFO ]   DONE  f287stks5  →  val  |  0 faults  |  0 boxes
[09:49:46] [INFO ] 
[09:49:46] [INFO ] ──────────────────────────────────────────────────
[09:49:46] [INFO ]   LINE: f287stks7
[09:49:46] [INFO ] ──────────────────────────────────────────────────
[09:49:46] [INFO ] Dataset  : namss.F-2-87-AA.mcs.airgun
[09:49:46] [INFO ] SGY      : ../../airgun_data/namss.F-2-87-AA.mcs.airgun/Data/f287stks7.sgy
[09:49:46] [INFO ] NAV      : ../../airgun_data/namss.F-2-87-AA.mcs.airgun/Navigation/f-2-87-aa_NAV-WGS84.csv
[09:49:46] [INFO ] SA mode  : single (seed=42)
[09:49:46] [INFO ] 
[09:49:46] [INFO ] STEP 1 — Feature extraction
[09:49:46] [INFO ]   Loading navigation...
[09:49:46] [INFO ]   Loading SEG-Y...
[09:49:46] [INFO ]   Traces: 487  Samples: 3250  dt: 4.000 ms
[09:49:46] [INFO ]   Depth:  0.0 m → 9747.0 m
[09:49:46] [INFO ]   Matching traces to navigation...
[09:49:46] [INFO ]   NAV line matched via translation: 'f287stks7' -> 'F287-S7'
[09:49:46] [INFO ]   Matched 486 / 487 traces
[09:49:46] [INFO ]   Bandpass filtering...
[09:49:46] [INFO ]   Computing seismic attributes...
[09:49:46] [INFO ]   Picking seafloor...
[09:49:46] [INFO ]   Seafloor depth: 5322–6249 m  (0 shallow traces masked)
[09:49:46] [INFO ]   Picking horizons...
[09:49:46] [INFO ]   Computing NCC coherence (slow)...
[09:49:47] [INFO ]   Saving CNN section image...
[09:49:47] [INFO ]   Saved: f287stks7_section_cnn.png  (2700x1500px)
[09:49:47] [INFO ]   Step 1 complete
[09:49:47] [INFO ] 
[09:49:47] [INFO ] STEP 2 — Fault detection
[09:49:47] [INFO ]   Mode: single SA run (seed=42)
[09:49:48] [INFO ]   Detected 1 high-confidence faults
[09:49:48] [INFO ]     Fault  1 | trace ~  291 | prob=0.760
[09:49:48] [INFO ]   Step 2 complete
[09:49:48] [INFO ] 
[09:49:48] [INFO ] STEP 3 — Bounding boxes
[09:49:48] [INFO ]   Box  1 | [1130, 815, 1001w, 119h px]
[09:49:48] [INFO ]   Generated 1 boxes
[09:49:48] [INFO ]   Step 3 complete
[09:49:48] [INFO ] 
[09:49:48] [INFO ] STEP 4 — Dataset building
[09:49:48] [INFO ]   Saving labeled review image...
[09:49:48] [INFO ]   Saved: f287stks7_labeled.png
[09:49:48] [INFO ]   Split: train
[09:49:48] [INFO ]   Added 1 annotations to train.json
[09:49:48] [INFO ]   train.json: 95 images, 50 annotations
[09:49:48] [INFO ]   val.json:   23 images,  9 annotations
[09:49:48] [INFO ]   Step 4 complete
[09:49:48] [INFO ] 
[09:49:48] [INFO ]   DONE  f287stks7  →  train  |  1 faults  |  1 boxes
[09:49:48] [INFO ] 
[09:49:48] [INFO ] ──────────────────────────────────────────────────
[09:49:48] [INFO ]   LINE: f287stks8
[09:49:48] [INFO ] ──────────────────────────────────────────────────
[09:49:48] [INFO ] Dataset  : namss.F-2-87-AA.mcs.airgun
[09:49:48] [INFO ] SGY      : ../../airgun_data/namss.F-2-87-AA.mcs.airgun/Data/f287stks8.sgy
[09:49:48] [INFO ] NAV      : ../../airgun_data/namss.F-2-87-AA.mcs.airgun/Navigation/f-2-87-aa_NAV-WGS84.csv
[09:49:48] [INFO ] SA mode  : single (seed=42)
[09:49:48] [INFO ] 
[09:49:48] [INFO ] STEP 1 — Feature extraction
[09:49:48] [INFO ]   Loading navigation...
[09:49:48] [INFO ]   Loading SEG-Y...
[09:49:48] [INFO ]   Traces: 292  Samples: 3000  dt: 4.000 ms
[09:49:48] [INFO ]   Depth:  0.0 m → 8997.0 m
[09:49:48] [INFO ]   Matching traces to navigation...
[09:49:48] [INFO ]   NAV line matched via translation: 'f287stks8' -> 'F287-S8'
[09:49:48] [INFO ]   Matched 291 / 292 traces
[09:49:48] [INFO ]   Bandpass filtering...
[09:49:48] [INFO ]   Computing seismic attributes...
[09:49:48] [INFO ]   Picking seafloor...
[09:49:48] [INFO ]   Seafloor depth: 4236–5043 m  (0 shallow traces masked)
[09:49:48] [INFO ]   Picking horizons...
[09:49:48] [INFO ]   Computing NCC coherence (slow)...
[09:49:48] [INFO ]   Saving CNN section image...
[09:49:48] [INFO ]   Saved: f287stks8_section_cnn.png  (2700x1500px)
[09:49:48] [INFO ]   Step 1 complete
[09:49:48] [INFO ] 
[09:49:48] [INFO ] STEP 2 — Fault detection
[09:49:48] [INFO ]   Mode: single SA run (seed=42)
[09:49:49] [INFO ]   Detected 0 high-confidence faults
[09:49:49] [INFO ]   Step 2 complete
[09:49:49] [INFO ] 
[09:49:49] [INFO ] STEP 3 — Bounding boxes
[09:49:49] [INFO ]   Generated 0 boxes
[09:49:49] [INFO ]   Step 3 complete
[09:49:49] [INFO ] 
[09:49:49] [INFO ] STEP 4 — Dataset building
[09:49:49] [INFO ]   Saving labeled review image...
[09:49:49] [INFO ]   Saved: f287stks8_labeled.png
[09:49:49] [INFO ]   Split: train
[09:49:49] [INFO ]   Added 0 annotations to train.json
[09:49:49] [INFO ]   train.json: 96 images, 50 annotations
[09:49:49] [INFO ]   val.json:   23 images,  9 annotations
[09:49:49] [INFO ]   Step 4 complete
[09:49:49] [INFO ] 
[09:49:49] [INFO ]   DONE  f287stks8  →  train  |  0 faults  |  0 boxes
[09:49:49] [INFO ] 
[09:49:49] [INFO ] ──────────────────────────────────────────────────
[09:49:49] [INFO ]   LINE: f287stks9
[09:49:49] [INFO ] ──────────────────────────────────────────────────
[09:49:49] [INFO ] Dataset  : namss.F-2-87-AA.mcs.airgun
[09:49:49] [INFO ] SGY      : ../../airgun_data/namss.F-2-87-AA.mcs.airgun/Data/f287stks9.sgy
[09:49:49] [INFO ] NAV      : ../../airgun_data/namss.F-2-87-AA.mcs.airgun/Navigation/f-2-87-aa_NAV-WGS84.csv
[09:49:49] [INFO ] SA mode  : single (seed=42)
[09:49:49] [INFO ] 
[09:49:49] [INFO ] STEP 1 — Feature extraction
[09:49:49] [INFO ]   Loading navigation...
[09:49:49] [INFO ]   Loading SEG-Y...
[09:49:49] [INFO ]   Traces: 1519  Samples: 2500  dt: 4.000 ms
[09:49:49] [INFO ]   Depth:  0.0 m → 7497.0 m
[09:49:49] [INFO ]   Matching traces to navigation...
[09:49:49] [INFO ]   NAV line matched via translation: 'f287stks9' -> 'F287-S9'
[09:49:49] [INFO ]   Matched 1518 / 1519 traces
[09:49:49] [INFO ]   Bandpass filtering...
[09:49:49] [INFO ]   Computing seismic attributes...
[09:49:49] [INFO ]   Picking seafloor...
[09:49:49] [INFO ]   Seafloor depth: 1077–6678 m  (0 shallow traces masked)
[09:49:49] [INFO ]   Picking horizons...
[09:49:49] [INFO ]   Computing NCC coherence (slow)...
[09:49:49] [INFO ]   Saving CNN section image...
[09:49:50] [INFO ]   Saved: f287stks9_section_cnn.png  (2700x1500px)
[09:49:50] [INFO ]   Step 1 complete
[09:49:50] [INFO ] 
[09:49:50] [INFO ] STEP 2 — Fault detection
[09:49:50] [INFO ]   Mode: single SA run (seed=42)
[09:49:51] [INFO ]   Detected 1 high-confidence faults
[09:49:51] [INFO ]     Fault  1 | trace ~ 1398 | prob=0.757
[09:49:51] [INFO ]   Step 2 complete
[09:49:51] [INFO ] 
[09:49:51] [INFO ] STEP 3 — Bounding boxes
[09:49:51] [INFO ]   Box  1 | [2325, 379, 327w, 132h px]
[09:49:51] [INFO ]   Generated 1 boxes
[09:49:51] [INFO ]   Step 3 complete
[09:49:51] [INFO ] 
[09:49:51] [INFO ] STEP 4 — Dataset building
[09:49:51] [INFO ]   Saving labeled review image...
[09:49:51] [INFO ]   Saved: f287stks9_labeled.png
[09:49:51] [INFO ]   Split: train
[09:49:51] [INFO ]   Added 1 annotations to train.json
[09:49:51] [INFO ]   train.json: 97 images, 51 annotations
[09:49:51] [INFO ]   val.json:   23 images,  9 annotations
[09:49:51] [INFO ]   Step 4 complete
[09:49:51] [INFO ] 
[09:49:51] [INFO ]   DONE  f287stks9  →  train  |  1 faults  |  1 boxes
[09:49:51] [INFO ] 
[09:49:51] [INFO ] ──────────────────────────────────────────────────
[09:49:51] [INFO ]   LINE: f387stk01
[09:49:51] [INFO ] ──────────────────────────────────────────────────
[09:49:51] [INFO ] Dataset  : namss.F-3-87-AA.mcs.airgun
[09:49:51] [INFO ] SGY      : ../../airgun_data/namss.F-3-87-AA.mcs.airgun/Data/f387stk01.sgy
[09:49:51] [INFO ] NAV      : ../../airgun_data/namss.F-3-87-AA.mcs.airgun/Navigation/f-3-87-aa_NAV-WGS84.csv
[09:49:51] [INFO ] SA mode  : single (seed=42)
[09:49:51] [INFO ] 
[09:49:51] [INFO ] STEP 1 — Feature extraction
[09:49:51] [INFO ]   Loading navigation...
[09:49:51] [INFO ]   Loading SEG-Y...
[09:49:51] [INFO ]   Traces: 3149  Samples: 3000  dt: 4.000 ms
[09:49:51] [INFO ]   Depth:  0.0 m → 8997.0 m
[09:49:51] [INFO ]   Matching traces to navigation...
[09:49:51] [INFO ]   NAV line matched via translation: 'f387stk01' -> 'F387-1'
[09:49:52] [INFO ]   Matched 3147 / 3149 traces
[09:49:52] [INFO ]   Bandpass filtering...
[09:49:52] [INFO ]   Computing seismic attributes...
[09:49:52] [INFO ]   Picking seafloor...
[09:49:52] [INFO ]   Seafloor depth: 0–5880 m  (268 shallow traces masked)
[09:49:52] [INFO ]   Picking horizons...
[09:49:53] [INFO ]   Computing NCC coherence (slow)...
[09:49:53] [INFO ]   Saving CNN section image...
[09:49:53] [INFO ]   Saved: f387stk01_section_cnn.png  (2700x1500px)
[09:49:53] [INFO ]   Step 1 complete
[09:49:53] [INFO ] 
[09:49:53] [INFO ] STEP 2 — Fault detection
[09:49:53] [INFO ]   Mode: single SA run (seed=42)
[09:49:57] [INFO ]   Detected 0 high-confidence faults
[09:49:57] [INFO ]   Step 2 complete
[09:49:57] [INFO ] 
[09:49:57] [INFO ] STEP 3 — Bounding boxes
[09:49:57] [INFO ]   Generated 0 boxes
[09:49:57] [INFO ]   Step 3 complete
[09:49:57] [INFO ] 
[09:49:57] [INFO ] STEP 4 — Dataset building
[09:49:57] [INFO ]   Saving labeled review image...
[09:49:57] [INFO ]   Saved: f387stk01_labeled.png
[09:49:57] [INFO ]   Split: train
[09:49:57] [INFO ]   Added 0 annotations to train.json
[09:49:57] [INFO ]   train.json: 98 images, 51 annotations
[09:49:57] [INFO ]   val.json:   23 images,  9 annotations
[09:49:57] [INFO ]   Step 4 complete
[09:49:57] [INFO ] 
[09:49:57] [INFO ]   DONE  f387stk01  →  train  |  0 faults  |  0 boxes
[09:49:57] [INFO ] 
[09:49:57] [INFO ] ──────────────────────────────────────────────────
[09:49:57] [INFO ]   LINE: f387stk02
[09:49:57] [INFO ] ──────────────────────────────────────────────────
[09:49:57] [INFO ] Dataset  : namss.F-3-87-AA.mcs.airgun
[09:49:57] [INFO ] SGY      : ../../airgun_data/namss.F-3-87-AA.mcs.airgun/Data/f387stk02.sgy
[09:49:57] [INFO ] NAV      : ../../airgun_data/namss.F-3-87-AA.mcs.airgun/Navigation/f-3-87-aa_NAV-WGS84.csv
[09:49:57] [INFO ] SA mode  : single (seed=42)
[09:49:57] [INFO ] 
[09:49:57] [INFO ] STEP 1 — Feature extraction
[09:49:57] [INFO ]   Loading navigation...
[09:49:57] [INFO ]   Loading SEG-Y...
[09:49:57] [INFO ]   Traces: 372  Samples: 3000  dt: 4.000 ms
[09:49:57] [INFO ]   Depth:  0.0 m → 8997.0 m
[09:49:57] [INFO ]   Matching traces to navigation...
[09:49:57] [INFO ]   NAV line matched via translation: 'f387stk02' -> 'F387-2'
[09:49:57] [INFO ]   Matched 371 / 372 traces
[09:49:57] [INFO ]   Bandpass filtering...
[09:49:57] [INFO ]   Computing seismic attributes...
[09:49:57] [INFO ]   Picking seafloor...
[09:49:57] [INFO ]   Seafloor depth: 3444–4041 m  (0 shallow traces masked)
[09:49:57] [INFO ]   Picking horizons...
[09:49:57] [INFO ]   Computing NCC coherence (slow)...
[09:49:57] [INFO ]   Saving CNN section image...
[09:49:58] [INFO ]   Saved: f387stk02_section_cnn.png  (2700x1500px)
[09:49:58] [INFO ]   Step 1 complete
[09:49:58] [INFO ] 
[09:49:58] [INFO ] STEP 2 — Fault detection
[09:49:58] [INFO ]   Mode: single SA run (seed=42)
[09:49:58] [INFO ]   Detected 1 high-confidence faults
[09:49:58] [INFO ]     Fault  1 | trace ~   40 | prob=0.804
[09:49:58] [INFO ]   Step 2 complete
[09:49:58] [INFO ] 
[09:49:58] [INFO ] STEP 3 — Bounding boxes
[09:49:58] [INFO ]   Box  1 | [0, 644, 801w, 117h px]
[09:49:58] [INFO ]   Generated 1 boxes
[09:49:58] [INFO ]   Step 3 complete
[09:49:58] [INFO ] 
[09:49:58] [INFO ] STEP 4 — Dataset building
[09:49:58] [INFO ]   Saving labeled review image...
[09:49:58] [INFO ]   Saved: f387stk02_labeled.png
[09:49:58] [INFO ]   Split: val
[09:49:58] [INFO ]   Added 1 annotations to val.json
[09:49:58] [INFO ]   train.json: 98 images, 51 annotations
[09:49:58] [INFO ]   val.json:   24 images,  10 annotations
[09:49:58] [INFO ]   Step 4 complete
[09:49:58] [INFO ] 
[09:49:58] [INFO ]   DONE  f387stk02  →  val  |  1 faults  |  1 boxes
[09:49:58] [INFO ] 
[09:49:58] [INFO ] ──────────────────────────────────────────────────
[09:49:58] [INFO ]   LINE: f387stk03
[09:49:58] [INFO ] ──────────────────────────────────────────────────
[09:49:58] [INFO ] Dataset  : namss.F-3-87-AA.mcs.airgun
[09:49:58] [INFO ] SGY      : ../../airgun_data/namss.F-3-87-AA.mcs.airgun/Data/f387stk03.sgy
[09:49:58] [INFO ] NAV      : ../../airgun_data/namss.F-3-87-AA.mcs.airgun/Navigation/f-3-87-aa_NAV-WGS84.csv
[09:49:58] [INFO ] SA mode  : single (seed=42)
[09:49:58] [INFO ] 
[09:49:58] [INFO ] STEP 1 — Feature extraction
[09:49:58] [INFO ]   Loading navigation...
[09:49:58] [INFO ]   Loading SEG-Y...
[09:49:59] [INFO ]   Traces: 3956  Samples: 3000  dt: 4.000 ms
[09:49:59] [INFO ]   Depth:  0.0 m → 8997.0 m
[09:49:59] [INFO ]   Matching traces to navigation...
[09:49:59] [INFO ]   NAV line matched via translation: 'f387stk03' -> 'F387-3'
[09:49:59] [INFO ]   Matched 3954 / 3956 traces
[09:49:59] [INFO ]   Bandpass filtering...
[09:49:59] [INFO ]   Computing seismic attributes...
[09:50:00] [INFO ]   Picking seafloor...
[09:50:00] [INFO ]   Seafloor depth: 4068–5721 m  (0 shallow traces masked)
[09:50:00] [INFO ]   Picking horizons...
[09:50:00] [INFO ]   Computing NCC coherence (slow)...
[09:50:00] [INFO ]   Saving CNN section image...
[09:50:01] [INFO ]   Saved: f387stk03_section_cnn.png  (2700x1500px)
[09:50:01] [INFO ]   Step 1 complete
[09:50:01] [INFO ] 
[09:50:01] [INFO ] STEP 2 — Fault detection
[09:50:01] [INFO ]   Mode: single SA run (seed=42)
[09:50:07] [INFO ]   Detected 0 high-confidence faults
[09:50:07] [INFO ]   Step 2 complete
[09:50:07] [INFO ] 
[09:50:07] [INFO ] STEP 3 — Bounding boxes
[09:50:07] [INFO ]   Generated 0 boxes
[09:50:07] [INFO ]   Step 3 complete
[09:50:07] [INFO ] 
[09:50:07] [INFO ] STEP 4 — Dataset building
[09:50:07] [INFO ]   Saving labeled review image...
[09:50:07] [INFO ]   Saved: f387stk03_labeled.png
[09:50:07] [INFO ]   Split: train
[09:50:07] [INFO ]   Added 0 annotations to train.json
[09:50:07] [INFO ]   train.json: 99 images, 51 annotations
[09:50:07] [INFO ]   val.json:   24 images,  10 annotations
[09:50:07] [INFO ]   Step 4 complete
[09:50:07] [INFO ] 
[09:50:07] [INFO ]   DONE  f387stk03  →  train  |  0 faults  |  0 boxes
[09:50:07] [INFO ] 
[09:50:07] [INFO ] ──────────────────────────────────────────────────
[09:50:07] [INFO ]   LINE: f387stk04
[09:50:07] [INFO ] ──────────────────────────────────────────────────
[09:50:07] [INFO ] Dataset  : namss.F-3-87-AA.mcs.airgun
[09:50:07] [INFO ] SGY      : ../../airgun_data/namss.F-3-87-AA.mcs.airgun/Data/f387stk04.sgy
[09:50:07] [INFO ] NAV      : ../../airgun_data/namss.F-3-87-AA.mcs.airgun/Navigation/f-3-87-aa_NAV-WGS84.csv
[09:50:07] [INFO ] SA mode  : single (seed=42)
[09:50:07] [INFO ] 
[09:50:07] [INFO ] STEP 1 — Feature extraction
[09:50:07] [INFO ]   Loading navigation...
[09:50:07] [INFO ]   Loading SEG-Y...
[09:50:07] [INFO ]   Traces: 702  Samples: 3000  dt: 4.000 ms
[09:50:07] [INFO ]   Depth:  0.0 m → 8997.0 m
[09:50:07] [INFO ]   Matching traces to navigation...
[09:50:07] [INFO ]   NAV line matched via translation: 'f387stk04' -> 'F387-4'
[09:50:07] [INFO ]   Matched 701 / 702 traces
[09:50:07] [INFO ]   Bandpass filtering...
[09:50:07] [INFO ]   Computing seismic attributes...
[09:50:07] [INFO ]   Picking seafloor...
[09:50:07] [INFO ]   Seafloor depth: 4551–5088 m  (0 shallow traces masked)
[09:50:07] [INFO ]   Picking horizons...
[09:50:07] [INFO ]   Computing NCC coherence (slow)...
[09:50:07] [INFO ]   Saving CNN section image...
[09:50:07] [INFO ]   Saved: f387stk04_section_cnn.png  (2700x1500px)
[09:50:07] [INFO ]   Step 1 complete
[09:50:07] [INFO ] 
[09:50:07] [INFO ] STEP 2 — Fault detection
[09:50:07] [INFO ]   Mode: single SA run (seed=42)
[09:50:08] [INFO ]   Detected 0 high-confidence faults
[09:50:08] [INFO ]   Step 2 complete
[09:50:08] [INFO ] 
[09:50:08] [INFO ] STEP 3 — Bounding boxes
[09:50:08] [INFO ]   Generated 0 boxes
[09:50:08] [INFO ]   Step 3 complete
[09:50:08] [INFO ] 
[09:50:08] [INFO ] STEP 4 — Dataset building
[09:50:08] [INFO ]   Saving labeled review image...
[09:50:09] [INFO ]   Saved: f387stk04_labeled.png
[09:50:09] [INFO ]   Split: train
[09:50:09] [INFO ]   Added 0 annotations to train.json
[09:50:09] [INFO ]   train.json: 100 images, 51 annotations
[09:50:09] [INFO ]   val.json:   24 images,  10 annotations
[09:50:09] [INFO ]   Step 4 complete
[09:50:09] [INFO ] 
[09:50:09] [INFO ]   DONE  f387stk04  →  train  |  0 faults  |  0 boxes
[09:50:09] [INFO ] 
[09:50:09] [INFO ] ──────────────────────────────────────────────────
[09:50:09] [INFO ]   LINE: f387stk05
[09:50:09] [INFO ] ──────────────────────────────────────────────────
[09:50:09] [INFO ] Dataset  : namss.F-3-87-AA.mcs.airgun
[09:50:09] [INFO ] SGY      : ../../airgun_data/namss.F-3-87-AA.mcs.airgun/Data/f387stk05.sgy
[09:50:09] [INFO ] NAV      : ../../airgun_data/namss.F-3-87-AA.mcs.airgun/Navigation/f-3-87-aa_NAV-WGS84.csv
[09:50:09] [INFO ] SA mode  : single (seed=42)
[09:50:09] [INFO ] 
[09:50:09] [INFO ] STEP 1 — Feature extraction
[09:50:09] [INFO ]   Loading navigation...
[09:50:09] [INFO ]   Loading SEG-Y...
[09:50:09] [INFO ]   Traces: 2998  Samples: 3000  dt: 4.000 ms
[09:50:09] [INFO ]   Depth:  0.0 m → 8997.0 m
[09:50:09] [INFO ]   Matching traces to navigation...
[09:50:09] [INFO ]   NAV line matched via translation: 'f387stk05' -> 'F387-5'
[09:50:09] [INFO ]   Matched 2995 / 2998 traces
[09:50:09] [INFO ]   Bandpass filtering...
[09:50:09] [INFO ]   Computing seismic attributes...
[09:50:10] [INFO ]   Picking seafloor...
[09:50:10] [INFO ]   Seafloor depth: 0–3864 m  (350 shallow traces masked)
[09:50:10] [INFO ]   Picking horizons...
[09:50:10] [INFO ]   Computing NCC coherence (slow)...
[09:50:10] [INFO ]   Saving CNN section image...
[09:50:11] [INFO ]   Saved: f387stk05_section_cnn.png  (2700x1500px)
[09:50:11] [INFO ]   Step 1 complete
[09:50:11] [INFO ] 
[09:50:11] [INFO ] STEP 2 — Fault detection
[09:50:11] [INFO ]   Mode: single SA run (seed=42)
[09:50:14] [INFO ]   Detected 0 high-confidence faults
[09:50:14] [INFO ]   Step 2 complete
[09:50:14] [INFO ] 
[09:50:14] [INFO ] STEP 3 — Bounding boxes
[09:50:14] [INFO ]   Generated 0 boxes
[09:50:14] [INFO ]   Step 3 complete
[09:50:14] [INFO ] 
[09:50:14] [INFO ] STEP 4 — Dataset building
[09:50:14] [INFO ]   Saving labeled review image...
[09:50:14] [INFO ]   Saved: f387stk05_labeled.png
[09:50:14] [INFO ]   Split: train
[09:50:14] [INFO ]   Added 0 annotations to train.json
[09:50:14] [INFO ]   train.json: 101 images, 51 annotations
[09:50:14] [INFO ]   val.json:   24 images,  10 annotations
[09:50:14] [INFO ]   Step 4 complete
[09:50:14] [INFO ] 
[09:50:14] [INFO ]   DONE  f387stk05  →  train  |  0 faults  |  0 boxes
[09:50:14] [INFO ] 
[09:50:14] [INFO ] ──────────────────────────────────────────────────
[09:50:14] [INFO ]   LINE: f387stk06
[09:50:14] [INFO ] ──────────────────────────────────────────────────
[09:50:14] [INFO ] Dataset  : namss.F-3-87-AA.mcs.airgun
[09:50:14] [INFO ] SGY      : ../../airgun_data/namss.F-3-87-AA.mcs.airgun/Data/f387stk06.sgy
[09:50:14] [INFO ] NAV      : ../../airgun_data/namss.F-3-87-AA.mcs.airgun/Navigation/f-3-87-aa_NAV-WGS84.csv
[09:50:14] [INFO ] SA mode  : single (seed=42)
[09:50:14] [INFO ] 
[09:50:14] [INFO ] STEP 1 — Feature extraction
[09:50:14] [INFO ]   Loading navigation...
[09:50:14] [INFO ]   Loading SEG-Y...
[09:50:14] [INFO ]   Traces: 813  Samples: 3000  dt: 4.000 ms
[09:50:14] [INFO ]   Depth:  0.0 m → 8997.0 m
[09:50:14] [INFO ]   Matching traces to navigation...
[09:50:14] [INFO ]   NAV line matched via translation: 'f387stk06' -> 'F387-6'
[09:50:15] [INFO ]   Matched 812 / 813 traces
[09:50:15] [INFO ]   Bandpass filtering...
[09:50:15] [INFO ]   Computing seismic attributes...
[09:50:15] [INFO ]   Picking seafloor...
[09:50:15] [INFO ]   Seafloor depth: 3645–4962 m  (0 shallow traces masked)
[09:50:15] [INFO ]   Picking horizons...
[09:50:15] [INFO ]   Computing NCC coherence (slow)...
[09:50:15] [INFO ]   Saving CNN section image...
[09:50:15] [INFO ]   Saved: f387stk06_section_cnn.png  (2700x1500px)
[09:50:15] [INFO ]   Step 1 complete
[09:50:15] [INFO ] 
[09:50:15] [INFO ] STEP 2 — Fault detection
[09:50:15] [INFO ]   Mode: single SA run (seed=42)
[09:50:16] [INFO ]   Detected 3 high-confidence faults
[09:50:16] [INFO ]     Fault  1 | trace ~   24 | prob=0.762
[09:50:16] [INFO ]     Fault  2 | trace ~  376 | prob=0.777
[09:50:16] [INFO ]     Fault  3 | trace ~  672 | prob=0.801
[09:50:16] [INFO ]   Step 2 complete
[09:50:16] [INFO ] 
[09:50:16] [INFO ] STEP 3 — Bounding boxes
[09:50:16] [INFO ]   Box  1 | [0, 810, 276w, 117h px]
[09:50:16] [INFO ]   Box  2 | [910, 759, 701w, 119h px]
[09:50:16] [INFO ]   Box  3 | [1980, 739, 475w, 119h px]
[09:50:16] [INFO ]   Generated 3 boxes
[09:50:16] [INFO ]   Step 3 complete
[09:50:16] [INFO ] 
[09:50:16] [INFO ] STEP 4 — Dataset building
[09:50:16] [INFO ]   Saving labeled review image...
[09:50:16] [INFO ]   Saved: f387stk06_labeled.png
[09:50:16] [INFO ]   Split: train
[09:50:16] [INFO ]   Added 3 annotations to train.json
[09:50:16] [INFO ]   train.json: 102 images, 54 annotations
[09:50:16] [INFO ]   val.json:   24 images,  10 annotations
[09:50:16] [INFO ]   Step 4 complete
[09:50:16] [INFO ] 
[09:50:16] [INFO ]   DONE  f387stk06  →  train  |  3 faults  |  3 boxes
[09:50:16] [INFO ] 
[09:50:16] [INFO ] ──────────────────────────────────────────────────
[09:50:16] [INFO ]   LINE: f387stk07
[09:50:16] [INFO ] ──────────────────────────────────────────────────
[09:50:16] [INFO ] Dataset  : namss.F-3-87-AA.mcs.airgun
[09:50:16] [INFO ] SGY      : ../../airgun_data/namss.F-3-87-AA.mcs.airgun/Data/f387stk07.sgy
[09:50:16] [INFO ] NAV      : ../../airgun_data/namss.F-3-87-AA.mcs.airgun/Navigation/f-3-87-aa_NAV-WGS84.csv
[09:50:16] [INFO ] SA mode  : single (seed=42)
[09:50:16] [INFO ] 
[09:50:16] [INFO ] STEP 1 — Feature extraction
[09:50:16] [INFO ]   Loading navigation...
[09:50:16] [INFO ]   Loading SEG-Y...
[09:50:17] [INFO ]   Traces: 6280  Samples: 3000  dt: 4.000 ms
[09:50:17] [INFO ]   Depth:  0.0 m → 8997.0 m
[09:50:17] [INFO ]   Matching traces to navigation...
[09:50:17] [INFO ]   NAV line matched via translation: 'f387stk07' -> 'F387-7'
[09:50:17] [INFO ]   Matched 6210 / 6280 traces
[09:50:17] [INFO ]   Bandpass filtering...
[09:50:18] [INFO ]   Computing seismic attributes...
[09:50:18] [INFO ]   Picking seafloor...
[09:50:19] [INFO ]   Seafloor depth: 3000–4527 m  (0 shallow traces masked)
[09:50:19] [INFO ]   Picking horizons...
[09:50:19] [INFO ]   Computing NCC coherence (slow)...
[09:50:20] [INFO ]   Saving CNN section image...
[09:50:21] [INFO ]   Saved: f387stk07_section_cnn.png  (2700x1500px)
[09:50:21] [INFO ]   Step 1 complete
[09:50:21] [INFO ] 
[09:50:21] [INFO ] STEP 2 — Fault detection
[09:50:21] [INFO ]   Mode: single SA run (seed=42)
[09:50:29] [INFO ]   Detected 0 high-confidence faults
[09:50:29] [INFO ]   Step 2 complete
[09:50:29] [INFO ] 
[09:50:29] [INFO ] STEP 3 — Bounding boxes
[09:50:29] [INFO ]   Generated 0 boxes
[09:50:29] [INFO ]   Step 3 complete
[09:50:29] [INFO ] 
[09:50:29] [INFO ] STEP 4 — Dataset building
[09:50:29] [INFO ]   Saving labeled review image...
[09:50:29] [INFO ]   Saved: f387stk07_labeled.png
[09:50:29] [INFO ]   Split: val
[09:50:29] [INFO ]   Added 0 annotations to val.json
[09:50:29] [INFO ]   train.json: 102 images, 54 annotations
[09:50:29] [INFO ]   val.json:   25 images,  10 annotations
[09:50:29] [INFO ]   Step 4 complete
[09:50:29] [INFO ] 
[09:50:29] [INFO ]   DONE  f387stk07  →  val  |  0 faults  |  0 boxes
[09:50:29] [INFO ] 
[09:50:29] [INFO ] ──────────────────────────────────────────────────
[09:50:29] [INFO ]   LINE: f387stk07_3150
[09:50:29] [INFO ] ──────────────────────────────────────────────────
[09:50:29] [INFO ] Dataset  : namss.F-3-87-AA.mcs.airgun
[09:50:29] [INFO ] SGY      : ../../airgun_data/namss.F-3-87-AA.mcs.airgun/Data/f387stk07_3150.sgy
[09:50:29] [INFO ] NAV      : ../../airgun_data/namss.F-3-87-AA.mcs.airgun/Navigation/f-3-87-aa_NAV-WGS84.csv
[09:50:29] [INFO ] SA mode  : single (seed=42)
[09:50:29] [INFO ] 
[09:50:29] [INFO ] STEP 1 — Feature extraction
[09:50:29] [INFO ]   Loading navigation...
[09:50:29] [INFO ]   Loading SEG-Y...
[09:50:29] [INFO ]   Traces: 6279  Samples: 3000  dt: 4.000 ms
[09:50:29] [INFO ]   Depth:  0.0 m → 8997.0 m
[09:50:29] [INFO ]   Matching traces to navigation...
[09:50:29] [WARN ]   NAV match failed for 'f387stk07_3150'. Tried: ['f387stk07_3150', 'F387-7_3150', 'f387stk07']. Available: ['F387-1', 'F387-10', 'F387-11', 'F387-12', 'F387-13', 'F387-14', 'F387-15', 'F387-16', 'F387-17', 'F387-18', 'F387-19', 'F387-2', 'F387-20', 'F387-21', 'F387-22', 'F387-23', 'F387-24', 'F387-25', 'F387-26', 'F387-27', 'F387-28', 'F387-29', 'F387-3', 'F387-30', 'F387-31', 'F387-32', 'F387-33', 'F387-34', 'F387-35', 'F387-4', 'F387-5', 'F387-6', 'F387-7', 'F387-8', 'F387-9']
[09:50:29] [ERROR] SKIPPING f387stk07_3150 (namss.F-3-87-AA.mcs.airgun): No NAV line matched 'f387stk07_3150'. Tried: ['f387stk07_3150', 'F387-7_3150', 'f387stk07'].
[09:50:29] [ERROR]   Traceback (most recent call last):
[09:50:29] [ERROR]     File "/Users/lennylukach/Personal/School/CS4100/namss/pipeline/src/pipeline.py", line 848, in <module>
[09:50:29] [ERROR]       process_line(line, sgy_path, nav_path, dataset)
[09:50:29] [ERROR]     File "/Users/lennylukach/Personal/School/CS4100/namss/pipeline/src/pipeline.py", line 415, in process_line
[09:50:29] [ERROR]       line_nav = resolve_nav_line(line, nav, log_fn=log)
[09:50:29] [ERROR]     File "/Users/lennylukach/Personal/School/CS4100/namss/pipeline/src/pipeline.py", line 230, in resolve_nav_line
[09:50:29] [ERROR]       raise RuntimeError(
[09:50:29] [ERROR]   RuntimeError: No NAV line matched 'f387stk07_3150'. Tried: ['f387stk07_3150', 'F387-7_3150', 'f387stk07'].
[09:50:29] [INFO ] 
[09:50:29] [INFO ] ──────────────────────────────────────────────────
[09:50:29] [INFO ]   LINE: f387stk08
[09:50:29] [INFO ] ──────────────────────────────────────────────────
[09:50:29] [INFO ] Dataset  : namss.F-3-87-AA.mcs.airgun
[09:50:29] [INFO ] SGY      : ../../airgun_data/namss.F-3-87-AA.mcs.airgun/Data/f387stk08.sgy
[09:50:29] [INFO ] NAV      : ../../airgun_data/namss.F-3-87-AA.mcs.airgun/Navigation/f-3-87-aa_NAV-WGS84.csv
[09:50:29] [INFO ] SA mode  : single (seed=42)
[09:50:29] [INFO ] 
[09:50:29] [INFO ] STEP 1 — Feature extraction
[09:50:29] [INFO ]   Loading navigation...
[09:50:29] [INFO ]   Loading SEG-Y...
[09:50:29] [INFO ]   Traces: 734  Samples: 3000  dt: 4.000 ms
[09:50:29] [INFO ]   Depth:  0.0 m → 8997.0 m
[09:50:29] [INFO ]   Matching traces to navigation...
[09:50:29] [INFO ]   NAV line matched via translation: 'f387stk08' -> 'F387-8'
[09:50:29] [INFO ]   Matched 732 / 734 traces
[09:50:29] [INFO ]   Bandpass filtering...
[09:50:29] [INFO ]   Computing seismic attributes...
[09:50:30] [INFO ]   Picking seafloor...
[09:50:30] [INFO ]   Seafloor depth: 4500–4554 m  (0 shallow traces masked)
[09:50:30] [INFO ]   Picking horizons...
[09:50:30] [INFO ]   Computing NCC coherence (slow)...
[09:50:30] [INFO ]   Saving CNN section image...
[09:50:30] [INFO ]   Saved: f387stk08_section_cnn.png  (2700x1500px)
[09:50:30] [INFO ]   Step 1 complete
[09:50:30] [INFO ] 
[09:50:30] [INFO ] STEP 2 — Fault detection
[09:50:30] [INFO ]   Mode: single SA run (seed=42)
[09:50:31] [INFO ]   Detected 0 high-confidence faults
[09:50:31] [INFO ]   Step 2 complete
[09:50:31] [INFO ] 
[09:50:31] [INFO ] STEP 3 — Bounding boxes
[09:50:31] [INFO ]   Generated 0 boxes
[09:50:31] [INFO ]   Step 3 complete
[09:50:31] [INFO ] 
[09:50:31] [INFO ] STEP 4 — Dataset building
[09:50:31] [INFO ]   Saving labeled review image...
[09:50:31] [INFO ]   Saved: f387stk08_labeled.png
[09:50:31] [INFO ]   Split: train
[09:50:31] [INFO ]   Added 0 annotations to train.json
[09:50:31] [INFO ]   train.json: 103 images, 54 annotations
[09:50:31] [INFO ]   val.json:   25 images,  10 annotations
[09:50:31] [INFO ]   Step 4 complete
[09:50:31] [INFO ] 
[09:50:31] [INFO ]   DONE  f387stk08  →  train  |  0 faults  |  0 boxes
[09:50:31] [INFO ] 
[09:50:31] [INFO ] ──────────────────────────────────────────────────
[09:50:31] [INFO ]   LINE: f387stk09
[09:50:31] [INFO ] ──────────────────────────────────────────────────
[09:50:31] [INFO ] Dataset  : namss.F-3-87-AA.mcs.airgun
[09:50:31] [INFO ] SGY      : ../../airgun_data/namss.F-3-87-AA.mcs.airgun/Data/f387stk09.sgy
[09:50:31] [INFO ] NAV      : ../../airgun_data/namss.F-3-87-AA.mcs.airgun/Navigation/f-3-87-aa_NAV-WGS84.csv
[09:50:31] [INFO ] SA mode  : single (seed=42)
[09:50:31] [INFO ] 
[09:50:31] [INFO ] STEP 1 — Feature extraction
[09:50:31] [INFO ]   Loading navigation...
[09:50:31] [INFO ]   Loading SEG-Y...
[09:50:32] [INFO ]   Traces: 7811  Samples: 3000  dt: 4.000 ms
[09:50:32] [INFO ]   Depth:  0.0 m → 8997.0 m
[09:50:32] [INFO ]   Matching traces to navigation...
[09:50:32] [INFO ]   NAV line matched via translation: 'f387stk09' -> 'F387-9'
[09:50:32] [INFO ]   Matched 7810 / 7811 traces
[09:50:32] [INFO ]   Bandpass filtering...
[09:50:33] [INFO ]   Computing seismic attributes...
[09:50:34] [INFO ]   Picking seafloor...
[09:50:34] [INFO ]   Seafloor depth: 2517–5985 m  (0 shallow traces masked)
[09:50:34] [INFO ]   Picking horizons...
[09:50:35] [INFO ]   Computing NCC coherence (slow)...
[09:50:35] [INFO ]   Saving CNN section image...
[09:58:55] [INFO ]   Saved: f387stk09_section_cnn.png  (2700x1500px)
[09:58:55] [INFO ]   Step 1 complete
[09:58:55] [INFO ] 
[09:58:55] [INFO ] STEP 2 — Fault detection
[09:58:55] [INFO ]   Mode: single SA run (seed=42)
[09:59:04] [INFO ]   Detected 0 high-confidence faults
[09:59:04] [INFO ]   Step 2 complete
[09:59:04] [INFO ] 
[09:59:04] [INFO ] STEP 3 — Bounding boxes
[09:59:04] [INFO ]   Generated 0 boxes
[09:59:04] [INFO ]   Step 3 complete
[09:59:04] [INFO ] 
[09:59:04] [INFO ] STEP 4 — Dataset building
[09:59:04] [INFO ]   Saving labeled review image...
[09:59:04] [INFO ]   Saved: f387stk09_labeled.png
[09:59:04] [INFO ]   Split: train
[09:59:04] [INFO ]   Added 0 annotations to train.json
[09:59:04] [INFO ]   train.json: 104 images, 54 annotations
[09:59:04] [INFO ]   val.json:   25 images,  10 annotations
[09:59:04] [INFO ]   Step 4 complete
[09:59:04] [INFO ] 
[09:59:04] [INFO ]   DONE  f387stk09  →  train  |  0 faults  |  0 boxes
[09:59:04] [INFO ] 
[09:59:04] [INFO ] ──────────────────────────────────────────────────
[09:59:04] [INFO ]   LINE: f387stk10
[09:59:04] [INFO ] ──────────────────────────────────────────────────
[09:59:04] [INFO ] Dataset  : namss.F-3-87-AA.mcs.airgun
[09:59:04] [INFO ] SGY      : ../../airgun_data/namss.F-3-87-AA.mcs.airgun/Data/f387stk10.sgy
[09:59:04] [INFO ] NAV      : ../../airgun_data/namss.F-3-87-AA.mcs.airgun/Navigation/f-3-87-aa_NAV-WGS84.csv
[09:59:04] [INFO ] SA mode  : single (seed=42)
[09:59:04] [INFO ] 
[09:59:04] [INFO ] STEP 1 — Feature extraction
[09:59:04] [INFO ]   Loading navigation...
[09:59:04] [INFO ]   Loading SEG-Y...
[09:59:05] [ERROR] SKIPPING f387stk10 (namss.F-3-87-AA.mcs.airgun): 'julday' out of bounds for year 1987: 1986
[09:59:05] [ERROR]   Traceback (most recent call last):
[09:59:05] [ERROR]     File "/Users/lennylukach/Personal/School/CS4100/namss/pipeline/src/pipeline.py", line 848, in <module>
[09:59:05] [ERROR]       process_line(line, sgy_path, nav_path, dataset)
[09:59:05] [ERROR]     File "/Users/lennylukach/Personal/School/CS4100/namss/pipeline/src/pipeline.py", line 405, in process_line
[09:59:05] [ERROR]       st = read(sgy_path)
[09:59:05] [ERROR]     File "/Users/lennylukach/Personal/School/CS4100/namss/venv/lib/python3.10/site-packages/decorator.py", line 235, in fun
[09:59:05] [ERROR]       return caller(func, *(extras + args), **kw)
[09:59:05] [ERROR]     File "/Users/lennylukach/Personal/School/CS4100/namss/venv/lib/python3.10/site-packages/obspy/core/util/decorator.py", line 298, in _map_example_filename
[09:59:05] [ERROR]       return func(*args, **kwargs)
[09:59:05] [ERROR]     File "/Users/lennylukach/Personal/School/CS4100/namss/venv/lib/python3.10/site-packages/obspy/core/stream.py", line 210, in read
[09:59:05] [ERROR]       st = _generic_reader(pathname_or_url, _read, **kwargs)
[09:59:05] [ERROR]     File "/Users/lennylukach/Personal/School/CS4100/namss/venv/lib/python3.10/site-packages/obspy/core/util/base.py", line 822, in _generic_reader
[09:59:05] [ERROR]       generic = callback_func(pathnames[0], **kwargs)
[09:59:05] [ERROR]     File "/Users/lennylukach/Personal/School/CS4100/namss/venv/lib/python3.10/site-packages/decorator.py", line 235, in fun
[09:59:05] [ERROR]       return caller(func, *(extras + args), **kw)
[09:59:05] [ERROR]     File "/Users/lennylukach/Personal/School/CS4100/namss/venv/lib/python3.10/site-packages/obspy/core/util/decorator.py", line 209, in uncompress_file
[09:59:05] [ERROR]       result = func(filename, *args, **kwargs)
[09:59:05] [ERROR]     File "/Users/lennylukach/Personal/School/CS4100/namss/venv/lib/python3.10/site-packages/obspy/core/stream.py", line 255, in _read
[09:59:05] [ERROR]       stream, format = _read_from_plugin('waveform', filename, format=format,
[09:59:05] [ERROR]     File "/Users/lennylukach/Personal/School/CS4100/namss/venv/lib/python3.10/site-packages/obspy/core/util/base.py", line 559, in _read_from_plugin
[09:59:05] [ERROR]       list_obj = read_format(filename, **kwargs)
[09:59:05] [ERROR]     File "/Users/lennylukach/Personal/School/CS4100/namss/venv/lib/python3.10/site-packages/obspy/io/segy/core.py", line 204, in _read_segy
[09:59:05] [ERROR]       stream.append(tr.to_obspy_trace(
[09:59:05] [ERROR]     File "/Users/lennylukach/Personal/School/CS4100/namss/venv/lib/python3.10/site-packages/obspy/io/segy/segy.py", line 775, in to_obspy_trace
[09:59:05] [ERROR]       trace.stats.starttime = UTCDateTime(
[09:59:05] [ERROR]     File "/Users/lennylukach/Personal/School/CS4100/namss/venv/lib/python3.10/site-packages/obspy/core/utcdatetime.py", line 440, in __init__
[09:59:05] [ERROR]       raise ValueError(msg)
[09:59:05] [ERROR]   ValueError: 'julday' out of bounds for year 1987: 1986
[09:59:05] [INFO ] 
[09:59:05] [INFO ] ──────────────────────────────────────────────────
[09:59:05] [INFO ]   LINE: f387stk11
[09:59:05] [INFO ] ──────────────────────────────────────────────────
[09:59:05] [INFO ] Dataset  : namss.F-3-87-AA.mcs.airgun
[09:59:05] [INFO ] SGY      : ../../airgun_data/namss.F-3-87-AA.mcs.airgun/Data/f387stk11.sgy
[09:59:05] [INFO ] NAV      : ../../airgun_data/namss.F-3-87-AA.mcs.airgun/Navigation/f-3-87-aa_NAV-WGS84.csv
[09:59:05] [INFO ] SA mode  : single (seed=42)
[09:59:05] [INFO ] 
[09:59:05] [INFO ] STEP 1 — Feature extraction
[09:59:05] [INFO ]   Loading navigation...
[09:59:05] [INFO ]   Loading SEG-Y...
[09:59:05] [INFO ]   Traces: 3600  Samples: 3000  dt: 4.000 ms
[09:59:05] [INFO ]   Depth:  0.0 m → 8997.0 m
[09:59:05] [INFO ]   Matching traces to navigation...
[09:59:05] [INFO ]   NAV line matched via translation: 'f387stk11' -> 'F387-11'
[09:59:05] [INFO ]   Matched 3599 / 3600 traces
[09:59:05] [INFO ]   Bandpass filtering...
[09:59:05] [INFO ]   Computing seismic attributes...
[09:59:06] [INFO ]   Picking seafloor...
[09:59:06] [INFO ]   Seafloor depth: 1569–4524 m  (0 shallow traces masked)
[09:59:06] [INFO ]   Picking horizons...
[09:59:06] [INFO ]   Computing NCC coherence (slow)...
[09:59:06] [INFO ]   Saving CNN section image...
[09:59:07] [INFO ]   Saved: f387stk11_section_cnn.png  (2700x1500px)
[09:59:07] [INFO ]   Step 1 complete
[09:59:07] [INFO ] 
[09:59:07] [INFO ] STEP 2 — Fault detection
[09:59:07] [INFO ]   Mode: single SA run (seed=42)
[09:59:12] [INFO ]   Detected 1 high-confidence faults
[09:59:12] [INFO ]     Fault  1 | trace ~  634 | prob=0.751
[09:59:12] [INFO ]   Step 2 complete
[09:59:12] [INFO ] 
[09:59:12] [INFO ] STEP 3 — Bounding boxes
[09:59:12] [INFO ]   Box  1 | [418, 619, 115w, 122h px]
[09:59:12] [INFO ]   Generated 1 boxes
[09:59:12] [INFO ]   Step 3 complete
[09:59:12] [INFO ] 
[09:59:12] [INFO ] STEP 4 — Dataset building
[09:59:12] [INFO ]   Saving labeled review image...
[09:59:12] [INFO ]   Saved: f387stk11_labeled.png
[09:59:12] [INFO ]   Split: val
[09:59:12] [INFO ]   Added 1 annotations to val.json
[09:59:12] [INFO ]   train.json: 104 images, 54 annotations
[09:59:12] [INFO ]   val.json:   26 images,  11 annotations
[09:59:12] [INFO ]   Step 4 complete
[09:59:12] [INFO ] 
[09:59:12] [INFO ]   DONE  f387stk11  →  val  |  1 faults  |  1 boxes
[09:59:12] [INFO ] 
[09:59:12] [INFO ] ──────────────────────────────────────────────────
[09:59:12] [INFO ]   LINE: f387stk12
[09:59:12] [INFO ] ──────────────────────────────────────────────────
[09:59:12] [INFO ] Dataset  : namss.F-3-87-AA.mcs.airgun
[09:59:12] [INFO ] SGY      : ../../airgun_data/namss.F-3-87-AA.mcs.airgun/Data/f387stk12.sgy
[09:59:12] [INFO ] NAV      : ../../airgun_data/namss.F-3-87-AA.mcs.airgun/Navigation/f-3-87-aa_NAV-WGS84.csv
[09:59:12] [INFO ] SA mode  : single (seed=42)
[09:59:12] [INFO ] 
[09:59:12] [INFO ] STEP 1 — Feature extraction
[09:59:12] [INFO ]   Loading navigation...
[09:59:12] [INFO ]   Loading SEG-Y...
[09:59:12] [INFO ]   Traces: 267  Samples: 3000  dt: 4.000 ms
[09:59:12] [INFO ]   Depth:  0.0 m → 8997.0 m
[09:59:12] [INFO ]   Matching traces to navigation...
[09:59:12] [INFO ]   NAV line matched via translation: 'f387stk12' -> 'F387-12'
[09:59:12] [INFO ]   Matched 266 / 267 traces
[09:59:12] [INFO ]   Bandpass filtering...
[09:59:12] [INFO ]   Computing seismic attributes...
[09:59:12] [INFO ]   Picking seafloor...
[09:59:12] [INFO ]   Seafloor depth: 3750–3777 m  (0 shallow traces masked)
[09:59:12] [INFO ]   Picking horizons...
[09:59:12] [INFO ]   Computing NCC coherence (slow)...
[09:59:12] [INFO ]   Saving CNN section image...
[09:59:13] [INFO ]   Saved: f387stk12_section_cnn.png  (2700x1500px)
[09:59:13] [INFO ]   Step 1 complete
[09:59:13] [INFO ] 
[09:59:13] [INFO ] STEP 2 — Fault detection
[09:59:13] [INFO ]   Mode: single SA run (seed=42)
[09:59:13] [INFO ]   Detected 1 high-confidence faults
[09:59:13] [INFO ]     Fault  1 | trace ~  195 | prob=0.762
[09:59:13] [INFO ]   Step 2 complete
[09:59:13] [INFO ] 
[09:59:13] [INFO ] STEP 3 — Bounding boxes
[09:59:13] [INFO ]   Box  1 | [1153, 617, 1547w, 122h px]
[09:59:13] [INFO ]   Generated 1 boxes
[09:59:13] [INFO ]   Step 3 complete
[09:59:13] [INFO ] 
[09:59:13] [INFO ] STEP 4 — Dataset building
[09:59:13] [INFO ]   Saving labeled review image...
[09:59:13] [INFO ]   Saved: f387stk12_labeled.png
[09:59:13] [INFO ]   Split: train
[09:59:13] [INFO ]   Added 1 annotations to train.json
[09:59:13] [INFO ]   train.json: 105 images, 55 annotations
[09:59:13] [INFO ]   val.json:   26 images,  11 annotations
[09:59:13] [INFO ]   Step 4 complete
[09:59:13] [INFO ] 
[09:59:13] [INFO ]   DONE  f387stk12  →  train  |  1 faults  |  1 boxes
[09:59:13] [INFO ] 
[09:59:13] [INFO ] ──────────────────────────────────────────────────
[09:59:13] [INFO ]   LINE: f387stk13
[09:59:13] [INFO ] ──────────────────────────────────────────────────
[09:59:13] [INFO ] Dataset  : namss.F-3-87-AA.mcs.airgun
[09:59:13] [INFO ] SGY      : ../../airgun_data/namss.F-3-87-AA.mcs.airgun/Data/f387stk13.sgy
[09:59:13] [INFO ] NAV      : ../../airgun_data/namss.F-3-87-AA.mcs.airgun/Navigation/f-3-87-aa_NAV-WGS84.csv
[09:59:13] [INFO ] SA mode  : single (seed=42)
[09:59:13] [INFO ] 
[09:59:13] [INFO ] STEP 1 — Feature extraction
[09:59:13] [INFO ]   Loading navigation...
[09:59:13] [INFO ]   Loading SEG-Y...
[09:59:13] [INFO ]   Traces: 2848  Samples: 3000  dt: 4.000 ms
[09:59:13] [INFO ]   Depth:  0.0 m → 8997.0 m
[09:59:13] [INFO ]   Matching traces to navigation...
[09:59:13] [INFO ]   NAV line matched via translation: 'f387stk13' -> 'F387-13'
[09:59:13] [INFO ]   Matched 2846 / 2848 traces
[09:59:13] [INFO ]   Bandpass filtering...
[09:59:14] [INFO ]   Computing seismic attributes...
[09:59:14] [INFO ]   Picking seafloor...
[09:59:14] [INFO ]   Seafloor depth: 3045–4524 m  (0 shallow traces masked)
[09:59:14] [INFO ]   Picking horizons...
[09:59:14] [INFO ]   Computing NCC coherence (slow)...
[09:59:15] [INFO ]   Saving CNN section image...
[09:59:15] [INFO ]   Saved: f387stk13_section_cnn.png  (2700x1500px)
[09:59:15] [INFO ]   Step 1 complete
[09:59:15] [INFO ] 
[09:59:15] [INFO ] STEP 2 — Fault detection
[09:59:15] [INFO ]   Mode: single SA run (seed=42)
[09:59:18] [INFO ]   Detected 0 high-confidence faults
[09:59:18] [INFO ]   Step 2 complete
[09:59:18] [INFO ] 
[09:59:18] [INFO ] STEP 3 — Bounding boxes
[09:59:18] [INFO ]   Generated 0 boxes
[09:59:18] [INFO ]   Step 3 complete
[09:59:18] [INFO ] 
[09:59:18] [INFO ] STEP 4 — Dataset building
[09:59:18] [INFO ]   Saving labeled review image...
[09:59:18] [INFO ]   Saved: f387stk13_labeled.png
[09:59:18] [INFO ]   Split: train
[09:59:19] [INFO ]   Added 0 annotations to train.json
[09:59:19] [INFO ]   train.json: 106 images, 55 annotations
[09:59:19] [INFO ]   val.json:   26 images,  11 annotations
[09:59:19] [INFO ]   Step 4 complete
[09:59:19] [INFO ] 
[09:59:19] [INFO ]   DONE  f387stk13  →  train  |  0 faults  |  0 boxes
[09:59:19] [INFO ] 
[09:59:19] [INFO ] ──────────────────────────────────────────────────
[09:59:19] [INFO ]   LINE: f387stk14
[09:59:19] [INFO ] ──────────────────────────────────────────────────
[09:59:19] [INFO ] Dataset  : namss.F-3-87-AA.mcs.airgun
[09:59:19] [INFO ] SGY      : ../../airgun_data/namss.F-3-87-AA.mcs.airgun/Data/f387stk14.sgy
[09:59:19] [INFO ] NAV      : ../../airgun_data/namss.F-3-87-AA.mcs.airgun/Navigation/f-3-87-aa_NAV-WGS84.csv
[09:59:19] [INFO ] SA mode  : single (seed=42)
[09:59:19] [INFO ] 
[09:59:19] [INFO ] STEP 1 — Feature extraction
[09:59:19] [INFO ]   Loading navigation...
[09:59:19] [INFO ]   Loading SEG-Y...
[09:59:19] [INFO ]   Traces: 404  Samples: 3000  dt: 4.000 ms
[09:59:19] [INFO ]   Depth:  0.0 m → 8997.0 m
[09:59:19] [INFO ]   Matching traces to navigation...
[09:59:19] [INFO ]   NAV line matched via translation: 'f387stk14' -> 'F387-14'
[09:59:19] [INFO ]   Matched 403 / 404 traces
[09:59:19] [INFO ]   Bandpass filtering...
[09:59:19] [INFO ]   Computing seismic attributes...
[09:59:19] [INFO ]   Picking seafloor...
[09:59:19] [INFO ]   Seafloor depth: 4626–4884 m  (0 shallow traces masked)
[09:59:19] [INFO ]   Picking horizons...
[09:59:19] [INFO ]   Computing NCC coherence (slow)...
[09:59:19] [INFO ]   Saving CNN section image...
[09:59:19] [INFO ]   Saved: f387stk14_section_cnn.png  (2700x1500px)
[09:59:19] [INFO ]   Step 1 complete
[09:59:19] [INFO ] 
[09:59:19] [INFO ] STEP 2 — Fault detection
[09:59:19] [INFO ]   Mode: single SA run (seed=42)
[09:59:20] [INFO ]   Detected 2 high-confidence faults
[09:59:20] [INFO ]     Fault  1 | trace ~  113 | prob=0.754
[09:59:20] [INFO ]     Fault  2 | trace ~  364 | prob=0.774
[09:59:20] [INFO ]   Step 2 complete
[09:59:20] [INFO ] 
[09:59:20] [INFO ] STEP 3 — Bounding boxes
[09:59:20] [INFO ]   Box  1 | [301, 796, 911w, 117h px]
[09:59:20] [INFO ]   Box  2 | [2084, 762, 616w, 122h px]
[09:59:20] [INFO ]   Generated 2 boxes
[09:59:20] [INFO ]   Step 3 complete
[09:59:20] [INFO ] 
[09:59:20] [INFO ] STEP 4 — Dataset building
[09:59:20] [INFO ]   Saving labeled review image...
[09:59:20] [INFO ]   Saved: f387stk14_labeled.png
[09:59:20] [INFO ]   Split: train
[09:59:20] [INFO ]   Added 2 annotations to train.json
[09:59:20] [INFO ]   train.json: 107 images, 57 annotations
[09:59:20] [INFO ]   val.json:   26 images,  11 annotations
[09:59:20] [INFO ]   Step 4 complete
[09:59:20] [INFO ] 
[09:59:20] [INFO ]   DONE  f387stk14  →  train  |  2 faults  |  2 boxes
[09:59:20] [INFO ] 
[09:59:20] [INFO ] ──────────────────────────────────────────────────
[09:59:20] [INFO ]   LINE: f387stk15
[09:59:20] [INFO ] ──────────────────────────────────────────────────
[09:59:20] [INFO ] Dataset  : namss.F-3-87-AA.mcs.airgun
[09:59:20] [INFO ] SGY      : ../../airgun_data/namss.F-3-87-AA.mcs.airgun/Data/f387stk15.sgy
[09:59:20] [INFO ] NAV      : ../../airgun_data/namss.F-3-87-AA.mcs.airgun/Navigation/f-3-87-aa_NAV-WGS84.csv
[09:59:20] [INFO ] SA mode  : single (seed=42)
[09:59:20] [INFO ] 
[09:59:20] [INFO ] STEP 1 — Feature extraction
[09:59:20] [INFO ]   Loading navigation...
[09:59:20] [INFO ]   Loading SEG-Y...
[09:59:20] [INFO ]   Traces: 5240  Samples: 3000  dt: 4.000 ms
[09:59:20] [INFO ]   Depth:  0.0 m → 8997.0 m
[09:59:20] [INFO ]   Matching traces to navigation...
[09:59:20] [INFO ]   NAV line matched via translation: 'f387stk15' -> 'F387-15'
[09:59:20] [INFO ]   Matched 5239 / 5240 traces
[09:59:20] [INFO ]   Bandpass filtering...
[09:59:21] [INFO ]   Computing seismic attributes...
[09:59:21] [INFO ]   Picking seafloor...
[09:59:22] [INFO ]   Seafloor depth: 3555–5808 m  (0 shallow traces masked)
[09:59:22] [INFO ]   Picking horizons...
[09:59:22] [INFO ]   Computing NCC coherence (slow)...
[09:59:22] [INFO ]   Saving CNN section image...
[09:59:24] [INFO ]   Saved: f387stk15_section_cnn.png  (2700x1500px)
[09:59:24] [INFO ]   Step 1 complete
[09:59:24] [INFO ] 
[09:59:24] [INFO ] STEP 2 — Fault detection
[09:59:24] [INFO ]   Mode: single SA run (seed=42)
[09:59:29] [INFO ]   Detected 0 high-confidence faults
[09:59:29] [INFO ]   Step 2 complete
[09:59:29] [INFO ] 
[09:59:29] [INFO ] STEP 3 — Bounding boxes
[09:59:29] [INFO ]   Generated 0 boxes
[09:59:29] [INFO ]   Step 3 complete
[09:59:29] [INFO ] 
[09:59:29] [INFO ] STEP 4 — Dataset building
[09:59:29] [INFO ]   Saving labeled review image...
[09:59:30] [INFO ]   Saved: f387stk15_labeled.png
[09:59:30] [INFO ]   Split: train
[09:59:30] [INFO ]   Added 0 annotations to train.json
[09:59:30] [INFO ]   train.json: 108 images, 57 annotations
[09:59:30] [INFO ]   val.json:   26 images,  11 annotations
[09:59:30] [INFO ]   Step 4 complete
[09:59:30] [INFO ] 
[09:59:30] [INFO ]   DONE  f387stk15  →  train  |  0 faults  |  0 boxes
[09:59:30] [INFO ] 
[09:59:30] [INFO ] ──────────────────────────────────────────────────
[09:59:30] [INFO ]   LINE: f387stk16
[09:59:30] [INFO ] ──────────────────────────────────────────────────
[09:59:30] [INFO ] Dataset  : namss.F-3-87-AA.mcs.airgun
[09:59:30] [INFO ] SGY      : ../../airgun_data/namss.F-3-87-AA.mcs.airgun/Data/f387stk16.sgy
[09:59:30] [INFO ] NAV      : ../../airgun_data/namss.F-3-87-AA.mcs.airgun/Navigation/f-3-87-aa_NAV-WGS84.csv
[09:59:30] [INFO ] SA mode  : single (seed=42)
[09:59:30] [INFO ] 
[09:59:30] [INFO ] STEP 1 — Feature extraction
[09:59:30] [INFO ]   Loading navigation...
[09:59:30] [INFO ]   Loading SEG-Y...
[09:59:30] [INFO ]   Traces: 409  Samples: 3000  dt: 4.000 ms
[09:59:30] [INFO ]   Depth:  0.0 m → 8997.0 m
[09:59:30] [INFO ]   Matching traces to navigation...
[09:59:30] [INFO ]   NAV line matched via translation: 'f387stk16' -> 'F387-16'
[09:59:30] [INFO ]   Matched 408 / 409 traces
[09:59:30] [INFO ]   Bandpass filtering...
[09:59:30] [INFO ]   Computing seismic attributes...
[09:59:30] [INFO ]   Picking seafloor...
[09:59:30] [INFO ]   Seafloor depth: 4782–5331 m  (0 shallow traces masked)
[09:59:30] [INFO ]   Picking horizons...
[09:59:30] [INFO ]   Computing NCC coherence (slow)...
[09:59:30] [INFO ]   Saving CNN section image...
[09:59:30] [INFO ]   Saved: f387stk16_section_cnn.png  (2700x1500px)
[09:59:30] [INFO ]   Step 1 complete
[09:59:30] [INFO ] 
[09:59:30] [INFO ] STEP 2 — Fault detection
[09:59:30] [INFO ]   Mode: single SA run (seed=42)
[09:59:30] [INFO ]   Detected 0 high-confidence faults
[09:59:30] [INFO ]   Step 2 complete
[09:59:30] [INFO ] 
[09:59:30] [INFO ] STEP 3 — Bounding boxes
[09:59:30] [INFO ]   Generated 0 boxes
[09:59:30] [INFO ]   Step 3 complete
[09:59:30] [INFO ] 
[09:59:30] [INFO ] STEP 4 — Dataset building
[09:59:30] [INFO ]   Saving labeled review image...
[09:59:31] [INFO ]   Saved: f387stk16_labeled.png
[09:59:31] [INFO ]   Split: val
[09:59:31] [INFO ]   Added 0 annotations to val.json
[09:59:31] [INFO ]   train.json: 108 images, 57 annotations
[09:59:31] [INFO ]   val.json:   27 images,  11 annotations
[09:59:31] [INFO ]   Step 4 complete
[09:59:31] [INFO ] 
[09:59:31] [INFO ]   DONE  f387stk16  →  val  |  0 faults  |  0 boxes
[09:59:31] [INFO ] 
[09:59:31] [INFO ] ──────────────────────────────────────────────────
[09:59:31] [INFO ]   LINE: f387stk17
[09:59:31] [INFO ] ──────────────────────────────────────────────────
[09:59:31] [INFO ] Dataset  : namss.F-3-87-AA.mcs.airgun
[09:59:31] [INFO ] SGY      : ../../airgun_data/namss.F-3-87-AA.mcs.airgun/Data/f387stk17.sgy
[09:59:31] [INFO ] NAV      : ../../airgun_data/namss.F-3-87-AA.mcs.airgun/Navigation/f-3-87-aa_NAV-WGS84.csv
[09:59:31] [INFO ] SA mode  : single (seed=42)
[09:59:31] [INFO ] 
[09:59:31] [INFO ] STEP 1 — Feature extraction
[09:59:31] [INFO ]   Loading navigation...
[09:59:31] [INFO ]   Loading SEG-Y...
[09:59:31] [INFO ]   Traces: 4669  Samples: 3000  dt: 4.000 ms
[09:59:31] [INFO ]   Depth:  0.0 m → 8997.0 m
[09:59:31] [INFO ]   Matching traces to navigation...
[09:59:31] [INFO ]   NAV line matched via translation: 'f387stk17' -> 'F387-17'
[09:59:31] [INFO ]   Matched 4668 / 4669 traces
[09:59:31] [INFO ]   Bandpass filtering...
[09:59:31] [INFO ]   Computing seismic attributes...
[09:59:32] [INFO ]   Picking seafloor...
[09:59:32] [INFO ]   Seafloor depth: 4266–5430 m  (0 shallow traces masked)
[09:59:32] [INFO ]   Picking horizons...
[09:59:33] [INFO ]   Computing NCC coherence (slow)...
[09:59:33] [INFO ]   Saving CNN section image...
[09:59:34] [INFO ]   Saved: f387stk17_section_cnn.png  (2700x1500px)
[09:59:34] [INFO ]   Step 1 complete
[09:59:34] [INFO ] 
[09:59:34] [INFO ] STEP 2 — Fault detection
[09:59:34] [INFO ]   Mode: single SA run (seed=42)
[09:59:40] [INFO ]   Detected 2 high-confidence faults
[09:59:40] [INFO ]     Fault  1 | trace ~  875 | prob=0.766
[09:59:40] [INFO ]     Fault  2 | trace ~ 1469 | prob=0.750
[09:59:40] [INFO ]   Step 2 complete
[09:59:40] [INFO ] 
[09:59:40] [INFO ] STEP 3 — Bounding boxes
[09:59:40] [INFO ]   Box  1 | [431, 793, 149w, 122h px]
[09:59:40] [INFO ]   Box  2 | [796, 781, 108w, 124h px]
[09:59:40] [INFO ]   Generated 2 boxes
[09:59:40] [INFO ]   Step 3 complete
[09:59:40] [INFO ] 
[09:59:40] [INFO ] STEP 4 — Dataset building
[09:59:40] [INFO ]   Saving labeled review image...
[09:59:40] [INFO ]   Saved: f387stk17_labeled.png
[09:59:40] [INFO ]   Split: train
[09:59:40] [INFO ]   Added 2 annotations to train.json
[09:59:40] [INFO ]   train.json: 109 images, 59 annotations
[09:59:40] [INFO ]   val.json:   27 images,  11 annotations
[09:59:40] [INFO ]   Step 4 complete
[09:59:40] [INFO ] 
[09:59:40] [INFO ]   DONE  f387stk17  →  train  |  2 faults  |  2 boxes
[09:59:40] [INFO ] 
[09:59:40] [INFO ] ──────────────────────────────────────────────────
[09:59:40] [INFO ]   LINE: f387stk18
[09:59:40] [INFO ] ──────────────────────────────────────────────────
[09:59:40] [INFO ] Dataset  : namss.F-3-87-AA.mcs.airgun
[09:59:40] [INFO ] SGY      : ../../airgun_data/namss.F-3-87-AA.mcs.airgun/Data/f387stk18.sgy
[09:59:40] [INFO ] NAV      : ../../airgun_data/namss.F-3-87-AA.mcs.airgun/Navigation/f-3-87-aa_NAV-WGS84.csv
[09:59:40] [INFO ] SA mode  : single (seed=42)
[09:59:40] [INFO ] 
[09:59:40] [INFO ] STEP 1 — Feature extraction
[09:59:40] [INFO ]   Loading navigation...
[09:59:40] [INFO ]   Loading SEG-Y...
[09:59:40] [INFO ]   Traces: 430  Samples: 3000  dt: 4.000 ms
[09:59:40] [INFO ]   Depth:  0.0 m → 8997.0 m
[09:59:40] [INFO ]   Matching traces to navigation...
[09:59:40] [INFO ]   NAV line matched via translation: 'f387stk18' -> 'F387-18'
[09:59:40] [INFO ]   Matched 429 / 430 traces
[09:59:40] [INFO ]   Bandpass filtering...
[09:59:40] [INFO ]   Computing seismic attributes...
[09:59:40] [INFO ]   Picking seafloor...
[09:59:40] [INFO ]   Seafloor depth: 4689–5604 m  (0 shallow traces masked)
[09:59:40] [INFO ]   Picking horizons...
[09:59:40] [INFO ]   Computing NCC coherence (slow)...
[09:59:40] [INFO ]   Saving CNN section image...
[10:00:14] [INFO ]   Saved: f387stk18_section_cnn.png  (2700x1500px)
[10:00:14] [INFO ]   Step 1 complete
[10:00:14] [INFO ] 
[10:00:14] [INFO ] STEP 2 — Fault detection
[10:00:14] [INFO ]   Mode: single SA run (seed=42)
[10:00:14] [INFO ]   Detected 0 high-confidence faults
[10:00:14] [INFO ]   Step 2 complete
[10:00:14] [INFO ] 
[10:00:14] [INFO ] STEP 3 — Bounding boxes
[10:00:14] [INFO ]   Generated 0 boxes
[10:00:14] [INFO ]   Step 3 complete
[10:00:14] [INFO ] 
[10:00:14] [INFO ] STEP 4 — Dataset building
[10:00:14] [INFO ]   Saving labeled review image...
[10:00:14] [INFO ]   Saved: f387stk18_labeled.png
[10:00:14] [INFO ]   Split: train
[10:00:14] [INFO ]   Added 0 annotations to train.json
[10:00:14] [INFO ]   train.json: 110 images, 59 annotations
[10:00:14] [INFO ]   val.json:   27 images,  11 annotations
[10:00:14] [INFO ]   Step 4 complete
[10:00:14] [INFO ] 
[10:00:14] [INFO ]   DONE  f387stk18  →  train  |  0 faults  |  0 boxes
[10:00:14] [INFO ] 
[10:00:14] [INFO ] ──────────────────────────────────────────────────
[10:00:14] [INFO ]   LINE: f387stk19
[10:00:14] [INFO ] ──────────────────────────────────────────────────
[10:00:14] [INFO ] Dataset  : namss.F-3-87-AA.mcs.airgun
[10:00:14] [INFO ] SGY      : ../../airgun_data/namss.F-3-87-AA.mcs.airgun/Data/f387stk19.sgy
[10:00:14] [INFO ] NAV      : ../../airgun_data/namss.F-3-87-AA.mcs.airgun/Navigation/f-3-87-aa_NAV-WGS84.csv
[10:00:14] [INFO ] SA mode  : single (seed=42)
[10:00:14] [INFO ] 
[10:00:14] [INFO ] STEP 1 — Feature extraction
[10:00:14] [INFO ]   Loading navigation...
[10:00:14] [INFO ]   Loading SEG-Y...
[10:00:15] [INFO ]   Traces: 4431  Samples: 3000  dt: 4.000 ms
[10:00:15] [INFO ]   Depth:  0.0 m → 8997.0 m
[10:00:15] [INFO ]   Matching traces to navigation...
[10:00:15] [INFO ]   NAV line matched via translation: 'f387stk19' -> 'F387-19'
[10:00:15] [INFO ]   Matched 4430 / 4431 traces
[10:00:15] [INFO ]   Bandpass filtering...
[10:00:15] [INFO ]   Computing seismic attributes...
[10:00:16] [INFO ]   Picking seafloor...
[10:00:16] [INFO ]   Seafloor depth: 3675–5667 m  (0 shallow traces masked)
[10:00:16] [INFO ]   Picking horizons...
[10:00:16] [INFO ]   Computing NCC coherence (slow)...
[10:00:16] [INFO ]   Saving CNN section image...
[10:00:18] [INFO ]   Saved: f387stk19_section_cnn.png  (2700x1500px)
[10:00:18] [INFO ]   Step 1 complete
[10:00:18] [INFO ] 
[10:00:18] [INFO ] STEP 2 — Fault detection
[10:00:18] [INFO ]   Mode: single SA run (seed=42)
[10:00:23] [INFO ]   Detected 1 high-confidence faults
[10:00:23] [INFO ]     Fault  1 | trace ~ 3371 | prob=0.760
[10:00:23] [INFO ]   Step 2 complete
[10:00:23] [INFO ] 
[10:00:23] [INFO ] STEP 3 — Bounding boxes
[10:00:23] [INFO ]   Box  1 | [1999, 780, 120w, 122h px]
[10:00:23] [INFO ]   Generated 1 boxes
[10:00:23] [INFO ]   Step 3 complete
[10:00:23] [INFO ] 
[10:00:23] [INFO ] STEP 4 — Dataset building
[10:00:23] [INFO ]   Saving labeled review image...
[10:00:23] [INFO ]   Saved: f387stk19_labeled.png
[10:00:23] [INFO ]   Split: train
[10:00:23] [INFO ]   Added 1 annotations to train.json
[10:00:23] [INFO ]   train.json: 111 images, 60 annotations
[10:00:23] [INFO ]   val.json:   27 images,  11 annotations
[10:00:23] [INFO ]   Step 4 complete
[10:00:23] [INFO ] 
[10:00:23] [INFO ]   DONE  f387stk19  →  train  |  1 faults  |  1 boxes
[10:00:23] [INFO ] 
[10:00:23] [INFO ] ──────────────────────────────────────────────────
[10:00:23] [INFO ]   LINE: f387stk20
[10:00:23] [INFO ] ──────────────────────────────────────────────────
[10:00:23] [INFO ] Dataset  : namss.F-3-87-AA.mcs.airgun
[10:00:23] [INFO ] SGY      : ../../airgun_data/namss.F-3-87-AA.mcs.airgun/Data/f387stk20.sgy
[10:00:23] [INFO ] NAV      : ../../airgun_data/namss.F-3-87-AA.mcs.airgun/Navigation/f-3-87-aa_NAV-WGS84.csv
[10:00:23] [INFO ] SA mode  : single (seed=42)
[10:00:23] [INFO ] 
[10:00:23] [INFO ] STEP 1 — Feature extraction
[10:00:23] [INFO ]   Loading navigation...
[10:00:23] [INFO ]   Loading SEG-Y...
[10:00:23] [INFO ]   Traces: 518  Samples: 3000  dt: 4.000 ms
[10:00:23] [INFO ]   Depth:  0.0 m → 8997.0 m
[10:00:23] [INFO ]   Matching traces to navigation...
[10:00:23] [INFO ]   NAV line matched via translation: 'f387stk20' -> 'F387-20'
[10:00:23] [INFO ]   Matched 517 / 518 traces
[10:00:23] [INFO ]   Bandpass filtering...
[10:00:23] [INFO ]   Computing seismic attributes...
[10:00:23] [INFO ]   Picking seafloor...
[10:00:23] [INFO ]   Seafloor depth: 4314–4857 m  (0 shallow traces masked)
[10:00:23] [INFO ]   Picking horizons...
[10:00:23] [INFO ]   Computing NCC coherence (slow)...
[10:00:23] [INFO ]   Saving CNN section image...
[10:00:23] [INFO ]   Saved: f387stk20_section_cnn.png  (2700x1500px)
[10:00:23] [INFO ]   Step 1 complete
[10:00:23] [INFO ] 
[10:00:23] [INFO ] STEP 2 — Fault detection
[10:00:23] [INFO ]   Mode: single SA run (seed=42)
[10:00:24] [INFO ]   Detected 0 high-confidence faults
[10:00:24] [INFO ]   Step 2 complete
[10:00:24] [INFO ] 
[10:00:24] [INFO ] STEP 3 — Bounding boxes
[10:00:24] [INFO ]   Generated 0 boxes
[10:00:24] [INFO ]   Step 3 complete
[10:00:24] [INFO ] 
[10:00:24] [INFO ] STEP 4 — Dataset building
[10:00:24] [INFO ]   Saving labeled review image...
[10:00:24] [INFO ]   Saved: f387stk20_labeled.png
[10:00:24] [INFO ]   Split: train
[10:00:24] [INFO ]   Added 0 annotations to train.json
[10:00:24] [INFO ]   train.json: 112 images, 60 annotations
[10:00:24] [INFO ]   val.json:   27 images,  11 annotations
[10:00:24] [INFO ]   Step 4 complete
[10:00:24] [INFO ] 
[10:00:24] [INFO ]   DONE  f387stk20  →  train  |  0 faults  |  0 boxes
[10:00:24] [INFO ] 
[10:00:24] [INFO ] ──────────────────────────────────────────────────
[10:00:24] [INFO ]   LINE: f387stk21
[10:00:24] [INFO ] ──────────────────────────────────────────────────
[10:00:24] [INFO ] Dataset  : namss.F-3-87-AA.mcs.airgun
[10:00:24] [INFO ] SGY      : ../../airgun_data/namss.F-3-87-AA.mcs.airgun/Data/f387stk21.sgy
[10:00:24] [INFO ] NAV      : ../../airgun_data/namss.F-3-87-AA.mcs.airgun/Navigation/f-3-87-aa_NAV-WGS84.csv
[10:00:24] [INFO ] SA mode  : single (seed=42)
[10:00:24] [INFO ] 
[10:00:24] [INFO ] STEP 1 — Feature extraction
[10:00:24] [INFO ]   Loading navigation...
[10:00:24] [INFO ]   Loading SEG-Y...
[10:00:24] [INFO ]   Traces: 4409  Samples: 3000  dt: 4.000 ms
[10:00:24] [INFO ]   Depth:  0.0 m → 8997.0 m
[10:00:24] [INFO ]   Matching traces to navigation...
[10:00:24] [INFO ]   NAV line matched via translation: 'f387stk21' -> 'F387-21'
[10:00:25] [INFO ]   Matched 4342 / 4409 traces
[10:00:25] [INFO ]   Bandpass filtering...
[10:00:25] [INFO ]   Computing seismic attributes...
[10:00:25] [INFO ]   Picking seafloor...
[10:00:26] [INFO ]   Seafloor depth: 4359–6915 m  (0 shallow traces masked)
[10:00:26] [INFO ]   Picking horizons...
[10:00:26] [INFO ]   Computing NCC coherence (slow)...
[10:00:26] [INFO ]   Saving CNN section image...
[10:00:28] [INFO ]   Saved: f387stk21_section_cnn.png  (2700x1500px)
[10:00:28] [INFO ]   Step 1 complete
[10:00:28] [INFO ] 
[10:00:28] [INFO ] STEP 2 — Fault detection
[10:00:28] [INFO ]   Mode: single SA run (seed=42)
[10:00:33] [INFO ]   Detected 2 high-confidence faults
[10:00:33] [INFO ]     Fault  1 | trace ~  746 | prob=0.763
[10:00:33] [INFO ]     Fault  2 | trace ~ 3439 | prob=0.774
[10:00:33] [INFO ]   Step 2 complete
[10:00:33] [INFO ] 
[10:00:33] [INFO ] STEP 3 — Bounding boxes
[10:00:33] [INFO ]   Box  1 | [379, 775, 159w, 124h px]
[10:00:33] [INFO ]   Box  2 | [2078, 1128, 137w, 114h px]
[10:00:33] [INFO ]   Generated 2 boxes
[10:00:33] [INFO ]   Step 3 complete
[10:00:33] [INFO ] 
[10:00:33] [INFO ] STEP 4 — Dataset building
[10:00:33] [INFO ]   Saving labeled review image...
[10:00:33] [INFO ]   Saved: f387stk21_labeled.png
[10:00:33] [INFO ]   Split: val
[10:00:33] [INFO ]   Added 2 annotations to val.json
[10:00:33] [INFO ]   train.json: 112 images, 60 annotations
[10:00:33] [INFO ]   val.json:   28 images,  13 annotations
[10:00:33] [INFO ]   Step 4 complete
[10:00:33] [INFO ] 
[10:00:33] [INFO ]   DONE  f387stk21  →  val  |  2 faults  |  2 boxes
[10:00:33] [INFO ] 
[10:00:33] [INFO ] ──────────────────────────────────────────────────
[10:00:33] [INFO ]   LINE: f387stk22
[10:00:33] [INFO ] ──────────────────────────────────────────────────
[10:00:33] [INFO ] Dataset  : namss.F-3-87-AA.mcs.airgun
[10:00:33] [INFO ] SGY      : ../../airgun_data/namss.F-3-87-AA.mcs.airgun/Data/f387stk22.sgy
[10:00:33] [INFO ] NAV      : ../../airgun_data/namss.F-3-87-AA.mcs.airgun/Navigation/f-3-87-aa_NAV-WGS84.csv
[10:00:33] [INFO ] SA mode  : single (seed=42)
[10:00:33] [INFO ] 
[10:00:33] [INFO ] STEP 1 — Feature extraction
[10:00:33] [INFO ]   Loading navigation...
[10:00:33] [INFO ]   Loading SEG-Y...
[10:00:33] [INFO ]   Traces: 451  Samples: 3000  dt: 4.000 ms
[10:00:33] [INFO ]   Depth:  0.0 m → 8997.0 m
[10:00:33] [INFO ]   Matching traces to navigation...
[10:00:33] [INFO ]   NAV line matched via translation: 'f387stk22' -> 'F387-22'
[10:00:33] [INFO ]   Matched 450 / 451 traces
[10:00:33] [INFO ]   Bandpass filtering...
[10:00:33] [INFO ]   Computing seismic attributes...
[10:00:33] [INFO ]   Picking seafloor...
[10:00:33] [INFO ]   Seafloor depth: 5208–7197 m  (0 shallow traces masked)
[10:00:33] [INFO ]   Picking horizons...
[10:00:33] [INFO ]   Computing NCC coherence (slow)...
[10:00:33] [INFO ]   Saving CNN section image...
[10:00:34] [INFO ]   Saved: f387stk22_section_cnn.png  (2700x1500px)
[10:00:34] [INFO ]   Step 1 complete
[10:00:34] [INFO ] 
[10:00:34] [INFO ] STEP 2 — Fault detection
[10:00:34] [INFO ]   Mode: single SA run (seed=42)
[10:00:34] [INFO ]   Detected 0 high-confidence faults
[10:00:34] [INFO ]   Step 2 complete
[10:00:34] [INFO ] 
[10:00:34] [INFO ] STEP 3 — Bounding boxes
[10:00:34] [INFO ]   Generated 0 boxes
[10:00:34] [INFO ]   Step 3 complete
[10:00:34] [INFO ] 
[10:00:34] [INFO ] STEP 4 — Dataset building
[10:00:34] [INFO ]   Saving labeled review image...
[10:00:34] [INFO ]   Saved: f387stk22_labeled.png
[10:00:34] [INFO ]   Split: train
[10:00:34] [INFO ]   Added 0 annotations to train.json
[10:00:34] [INFO ]   train.json: 113 images, 60 annotations
[10:00:34] [INFO ]   val.json:   28 images,  13 annotations
[10:00:34] [INFO ]   Step 4 complete
[10:00:34] [INFO ] 
[10:00:34] [INFO ]   DONE  f387stk22  →  train  |  0 faults  |  0 boxes
[10:00:34] [INFO ] 
[10:00:34] [INFO ] ──────────────────────────────────────────────────
[10:00:34] [INFO ]   LINE: f387stk23
[10:00:34] [INFO ] ──────────────────────────────────────────────────
[10:00:34] [INFO ] Dataset  : namss.F-3-87-AA.mcs.airgun
[10:00:34] [INFO ] SGY      : ../../airgun_data/namss.F-3-87-AA.mcs.airgun/Data/f387stk23.sgy
[10:00:34] [INFO ] NAV      : ../../airgun_data/namss.F-3-87-AA.mcs.airgun/Navigation/f-3-87-aa_NAV-WGS84.csv
[10:00:34] [INFO ] SA mode  : single (seed=42)
[10:00:34] [INFO ] 
[10:00:34] [INFO ] STEP 1 — Feature extraction
[10:00:34] [INFO ]   Loading navigation...
[10:00:34] [INFO ]   Loading SEG-Y...
[10:00:35] [INFO ]   Traces: 4048  Samples: 3000  dt: 4.000 ms
[10:00:35] [INFO ]   Depth:  0.0 m → 8997.0 m
[10:00:35] [INFO ]   Matching traces to navigation...
[10:00:35] [INFO ]   NAV line matched via translation: 'f387stk23' -> 'F387-23'
[10:00:35] [INFO ]   Matched 4047 / 4048 traces
[10:00:35] [INFO ]   Bandpass filtering...
[10:00:35] [INFO ]   Computing seismic attributes...
[10:00:36] [INFO ]   Picking seafloor...
[10:00:36] [INFO ]   Seafloor depth: 4350–6894 m  (0 shallow traces masked)
[10:00:36] [INFO ]   Picking horizons...
[10:00:36] [INFO ]   Computing NCC coherence (slow)...
[10:00:36] [INFO ]   Saving CNN section image...
[10:00:37] [INFO ]   Saved: f387stk23_section_cnn.png  (2700x1500px)
[10:00:37] [INFO ]   Step 1 complete
[10:00:37] [INFO ] 
[10:00:37] [INFO ] STEP 2 — Fault detection
[10:00:37] [INFO ]   Mode: single SA run (seed=42)
[10:00:42] [INFO ]   Detected 0 high-confidence faults
[10:00:42] [INFO ]   Step 2 complete
[10:00:42] [INFO ] 
[10:00:42] [INFO ] STEP 3 — Bounding boxes
[10:00:42] [INFO ]   Generated 0 boxes
[10:00:42] [INFO ]   Step 3 complete
[10:00:42] [INFO ] 
[10:00:42] [INFO ] STEP 4 — Dataset building
[10:00:42] [INFO ]   Saving labeled review image...
[10:00:42] [INFO ]   Saved: f387stk23_labeled.png
[10:00:42] [INFO ]   Split: train
[10:00:42] [INFO ]   Added 0 annotations to train.json
[10:00:42] [INFO ]   train.json: 114 images, 60 annotations
[10:00:42] [INFO ]   val.json:   28 images,  13 annotations
[10:00:42] [INFO ]   Step 4 complete
[10:00:42] [INFO ] 
[10:00:42] [INFO ]   DONE  f387stk23  →  train  |  0 faults  |  0 boxes
[10:00:42] [INFO ] 
[10:00:42] [INFO ] ──────────────────────────────────────────────────
[10:00:42] [INFO ]   LINE: f387stk24
[10:00:42] [INFO ] ──────────────────────────────────────────────────
[10:00:42] [INFO ] Dataset  : namss.F-3-87-AA.mcs.airgun
[10:00:42] [INFO ] SGY      : ../../airgun_data/namss.F-3-87-AA.mcs.airgun/Data/f387stk24.sgy
[10:00:42] [INFO ] NAV      : ../../airgun_data/namss.F-3-87-AA.mcs.airgun/Navigation/f-3-87-aa_NAV-WGS84.csv
[10:00:42] [INFO ] SA mode  : single (seed=42)
[10:00:42] [INFO ] 
[10:00:42] [INFO ] STEP 1 — Feature extraction
[10:00:42] [INFO ]   Loading navigation...
[10:00:42] [INFO ]   Loading SEG-Y...
[10:00:42] [INFO ]   Traces: 2569  Samples: 3000  dt: 4.000 ms
[10:00:42] [INFO ]   Depth:  0.0 m → 8997.0 m
[10:00:42] [INFO ]   Matching traces to navigation...
[10:00:42] [INFO ]   NAV line matched via translation: 'f387stk24' -> 'F387-24'
[10:00:42] [INFO ]   Matched 2568 / 2569 traces
[10:00:42] [INFO ]   Bandpass filtering...
[10:00:42] [INFO ]   Computing seismic attributes...
[10:00:42] [INFO ]   Picking seafloor...
[10:00:43] [INFO ]   Seafloor depth: 750–6864 m  (0 shallow traces masked)
[10:00:43] [INFO ]   Picking horizons...
[10:00:43] [INFO ]   Computing NCC coherence (slow)...
[10:00:43] [INFO ]   Saving CNN section image...
[10:00:43] [INFO ]   Saved: f387stk24_section_cnn.png  (2700x1500px)
[10:00:43] [INFO ]   Step 1 complete
[10:00:43] [INFO ] 
[10:00:43] [INFO ] STEP 2 — Fault detection
[10:00:43] [INFO ]   Mode: single SA run (seed=42)
[10:00:45] [INFO ]   Detected 0 high-confidence faults
[10:00:45] [INFO ]   Step 2 complete
[10:00:45] [INFO ] 
[10:00:45] [INFO ] STEP 3 — Bounding boxes
[10:00:45] [INFO ]   Generated 0 boxes
[10:00:45] [INFO ]   Step 3 complete
[10:00:45] [INFO ] 
[10:00:45] [INFO ] STEP 4 — Dataset building
[10:00:45] [INFO ]   Saving labeled review image...
[10:00:45] [INFO ]   Saved: f387stk24_labeled.png
[10:00:45] [INFO ]   Split: train
[10:00:45] [INFO ]   Added 0 annotations to train.json
[10:00:45] [INFO ]   train.json: 115 images, 60 annotations
[10:00:45] [INFO ]   val.json:   28 images,  13 annotations
[10:00:45] [INFO ]   Step 4 complete
[10:00:45] [INFO ] 
[10:00:45] [INFO ]   DONE  f387stk24  →  train  |  0 faults  |  0 boxes
[10:00:45] [INFO ] 
[10:00:45] [INFO ] ──────────────────────────────────────────────────
[10:00:45] [INFO ]   LINE: f387stk25
[10:00:45] [INFO ] ──────────────────────────────────────────────────
[10:00:45] [INFO ] Dataset  : namss.F-3-87-AA.mcs.airgun
[10:00:45] [INFO ] SGY      : ../../airgun_data/namss.F-3-87-AA.mcs.airgun/Data/f387stk25.sgy
[10:00:45] [INFO ] NAV      : ../../airgun_data/namss.F-3-87-AA.mcs.airgun/Navigation/f-3-87-aa_NAV-WGS84.csv
[10:00:45] [INFO ] SA mode  : single (seed=42)
[10:00:45] [INFO ] 
[10:00:45] [INFO ] STEP 1 — Feature extraction
[10:00:45] [INFO ]   Loading navigation...
[10:00:45] [INFO ]   Loading SEG-Y...
[10:00:45] [INFO ]   Traces: 1874  Samples: 3000  dt: 4.000 ms
[10:00:45] [INFO ]   Depth:  0.0 m → 8997.0 m
[10:00:45] [INFO ]   Matching traces to navigation...
[10:00:45] [INFO ]   NAV line matched via translation: 'f387stk25' -> 'F387-25'
[10:00:45] [INFO ]   Matched 1873 / 1874 traces
[10:00:45] [INFO ]   Bandpass filtering...
[10:00:46] [INFO ]   Computing seismic attributes...
[10:00:46] [INFO ]   Picking seafloor...
[10:00:46] [INFO ]   Seafloor depth: 510–1725 m  (368 shallow traces masked)
[10:00:46] [INFO ]   Picking horizons...
[10:00:46] [INFO ]   Computing NCC coherence (slow)...
[10:00:46] [INFO ]   Saving CNN section image...
[10:00:47] [INFO ]   Saved: f387stk25_section_cnn.png  (2700x1500px)
[10:00:47] [INFO ]   Step 1 complete
[10:00:47] [INFO ] 
[10:00:47] [INFO ] STEP 2 — Fault detection
[10:00:47] [INFO ]   Mode: single SA run (seed=42)
[10:00:49] [INFO ]   Detected 1 high-confidence faults
[10:00:49] [INFO ]     Fault  1 | trace ~   73 | prob=0.759
[10:00:49] [INFO ]   Step 2 complete
[10:00:49] [INFO ] 
[10:00:49] [INFO ] STEP 3 — Bounding boxes
[10:00:49] [INFO ]   Box  1 | [0, 106, 230w, 114h px]
[10:00:49] [INFO ]   Generated 1 boxes
[10:00:49] [INFO ]   Step 3 complete
[10:00:49] [INFO ] 
[10:00:49] [INFO ] STEP 4 — Dataset building
[10:00:49] [INFO ]   Saving labeled review image...
[10:00:49] [INFO ]   Saved: f387stk25_labeled.png
[10:00:49] [INFO ]   Split: train
[10:00:49] [INFO ]   Added 1 annotations to train.json
[10:00:49] [INFO ]   train.json: 116 images, 61 annotations
[10:00:49] [INFO ]   val.json:   28 images,  13 annotations
[10:00:49] [INFO ]   Step 4 complete
[10:00:49] [INFO ] 
[10:00:49] [INFO ]   DONE  f387stk25  →  train  |  1 faults  |  1 boxes
[10:00:49] [INFO ] 
[10:00:49] [INFO ] ──────────────────────────────────────────────────
[10:00:49] [INFO ]   LINE: f387stk26
[10:00:49] [INFO ] ──────────────────────────────────────────────────
[10:00:49] [INFO ] Dataset  : namss.F-3-87-AA.mcs.airgun
[10:00:49] [INFO ] SGY      : ../../airgun_data/namss.F-3-87-AA.mcs.airgun/Data/f387stk26.sgy
[10:00:49] [INFO ] NAV      : ../../airgun_data/namss.F-3-87-AA.mcs.airgun/Navigation/f-3-87-aa_NAV-WGS84.csv
[10:00:49] [INFO ] SA mode  : single (seed=42)
[10:00:49] [INFO ] 
[10:00:49] [INFO ] STEP 1 — Feature extraction
[10:00:49] [INFO ]   Loading navigation...
[10:00:49] [INFO ]   Loading SEG-Y...
[10:00:49] [INFO ]   Traces: 179  Samples: 3000  dt: 4.000 ms
[10:00:49] [INFO ]   Depth:  0.0 m → 8997.0 m
[10:00:49] [INFO ]   Matching traces to navigation...
[10:00:49] [INFO ]   NAV line matched via translation: 'f387stk26' -> 'F387-26'
[10:00:49] [INFO ]   Matched 178 / 179 traces
[10:00:49] [INFO ]   Bandpass filtering...
[10:00:49] [INFO ]   Computing seismic attributes...
[10:00:49] [INFO ]   Picking seafloor...
[10:00:49] [INFO ]   Seafloor depth: 1197–1854 m  (0 shallow traces masked)
[10:00:49] [INFO ]   Picking horizons...
[10:00:49] [INFO ]   Computing NCC coherence (slow)...
[10:00:49] [INFO ]   Saving CNN section image...
[10:00:49] [INFO ]   Saved: f387stk26_section_cnn.png  (2700x1500px)
[10:00:49] [INFO ]   Step 1 complete
[10:00:49] [INFO ] 
[10:00:49] [INFO ] STEP 2 — Fault detection
[10:00:49] [INFO ]   Mode: single SA run (seed=42)
[10:00:50] [INFO ]   Detected 0 high-confidence faults
[10:00:50] [INFO ]   Step 2 complete
[10:00:50] [INFO ] 
[10:00:50] [INFO ] STEP 3 — Bounding boxes
[10:00:50] [INFO ]   Generated 0 boxes
[10:00:50] [INFO ]   Step 3 complete
[10:00:50] [INFO ] 
[10:00:50] [INFO ] STEP 4 — Dataset building
[10:00:50] [INFO ]   Saving labeled review image...
[10:00:50] [INFO ]   Saved: f387stk26_labeled.png
[10:00:50] [INFO ]   Split: val
[10:00:50] [INFO ]   Added 0 annotations to val.json
[10:00:50] [INFO ]   train.json: 116 images, 61 annotations
[10:00:50] [INFO ]   val.json:   29 images,  13 annotations
[10:00:50] [INFO ]   Step 4 complete
[10:00:50] [INFO ] 
[10:00:50] [INFO ]   DONE  f387stk26  →  val  |  0 faults  |  0 boxes
[10:00:50] [INFO ] 
[10:00:50] [INFO ] ──────────────────────────────────────────────────
[10:00:50] [INFO ]   LINE: f387stk27
[10:00:50] [INFO ] ──────────────────────────────────────────────────
[10:00:50] [INFO ] Dataset  : namss.F-3-87-AA.mcs.airgun
[10:00:50] [INFO ] SGY      : ../../airgun_data/namss.F-3-87-AA.mcs.airgun/Data/f387stk27.sgy
[10:00:50] [INFO ] NAV      : ../../airgun_data/namss.F-3-87-AA.mcs.airgun/Navigation/f-3-87-aa_NAV-WGS84.csv
[10:00:50] [INFO ] SA mode  : single (seed=42)
[10:00:50] [INFO ] 
[10:00:50] [INFO ] STEP 1 — Feature extraction
[10:00:50] [INFO ]   Loading navigation...
[10:00:50] [INFO ]   Loading SEG-Y...
[10:00:50] [INFO ]   Traces: 1494  Samples: 3000  dt: 4.000 ms
[10:00:50] [INFO ]   Depth:  0.0 m → 8997.0 m
[10:00:50] [INFO ]   Matching traces to navigation...
[10:00:50] [INFO ]   NAV line matched via translation: 'f387stk27' -> 'F387-27'
[10:00:50] [INFO ]   Matched 1493 / 1494 traces
[10:00:50] [INFO ]   Bandpass filtering...
[10:00:50] [INFO ]   Computing seismic attributes...
[10:00:50] [INFO ]   Picking seafloor...
[10:00:50] [INFO ]   Seafloor depth: 1155–3450 m  (0 shallow traces masked)
[10:00:50] [INFO ]   Picking horizons...
[10:00:50] [INFO ]   Computing NCC coherence (slow)...
[10:00:50] [INFO ]   Saving CNN section image...
[10:00:51] [INFO ]   Saved: f387stk27_section_cnn.png  (2700x1500px)
[10:00:51] [INFO ]   Step 1 complete
[10:00:51] [INFO ] 
[10:00:51] [INFO ] STEP 2 — Fault detection
[10:00:51] [INFO ]   Mode: single SA run (seed=42)
[10:00:53] [INFO ]   Detected 0 high-confidence faults
[10:00:53] [INFO ]   Step 2 complete
[10:00:53] [INFO ] 
[10:00:53] [INFO ] STEP 3 — Bounding boxes
[10:00:53] [INFO ]   Generated 0 boxes
[10:00:53] [INFO ]   Step 3 complete
[10:00:53] [INFO ] 
[10:00:53] [INFO ] STEP 4 — Dataset building
[10:00:53] [INFO ]   Saving labeled review image...
[10:00:53] [INFO ]   Saved: f387stk27_labeled.png
[10:00:53] [INFO ]   Split: train
[10:00:53] [INFO ]   Added 0 annotations to train.json
[10:00:53] [INFO ]   train.json: 117 images, 61 annotations
[10:00:53] [INFO ]   val.json:   29 images,  13 annotations
[10:00:53] [INFO ]   Step 4 complete
[10:00:53] [INFO ] 
[10:00:53] [INFO ]   DONE  f387stk27  →  train  |  0 faults  |  0 boxes
[10:00:53] [INFO ] 
[10:00:53] [INFO ] ──────────────────────────────────────────────────
[10:00:53] [INFO ]   LINE: f387stk28
[10:00:53] [INFO ] ──────────────────────────────────────────────────
[10:00:53] [INFO ] Dataset  : namss.F-3-87-AA.mcs.airgun
[10:00:53] [INFO ] SGY      : ../../airgun_data/namss.F-3-87-AA.mcs.airgun/Data/f387stk28.sgy
[10:00:53] [INFO ] NAV      : ../../airgun_data/namss.F-3-87-AA.mcs.airgun/Navigation/f-3-87-aa_NAV-WGS84.csv
[10:00:53] [INFO ] SA mode  : single (seed=42)
[10:00:53] [INFO ] 
[10:00:53] [INFO ] STEP 1 — Feature extraction
[10:00:53] [INFO ]   Loading navigation...
[10:00:53] [INFO ]   Loading SEG-Y...
[10:00:53] [INFO ]   Traces: 453  Samples: 3000  dt: 4.000 ms
[10:00:53] [INFO ]   Depth:  0.0 m → 8997.0 m
[10:00:53] [INFO ]   Matching traces to navigation...
[10:00:53] [INFO ]   NAV line matched via translation: 'f387stk28' -> 'F387-28'
[10:00:53] [INFO ]   Matched 452 / 453 traces
[10:00:53] [INFO ]   Bandpass filtering...
[10:00:53] [INFO ]   Computing seismic attributes...
[10:00:53] [INFO ]   Picking seafloor...
[10:00:53] [INFO ]   Seafloor depth: 987–2508 m  (0 shallow traces masked)
[10:00:53] [INFO ]   Picking horizons...
[10:00:53] [INFO ]   Computing NCC coherence (slow)...
[10:00:53] [INFO ]   Saving CNN section image...
[10:00:54] [INFO ]   Saved: f387stk28_section_cnn.png  (2700x1500px)
[10:00:54] [INFO ]   Step 1 complete
[10:00:54] [INFO ] 
[10:00:54] [INFO ] STEP 2 — Fault detection
[10:00:54] [INFO ]   Mode: single SA run (seed=42)
[10:00:54] [INFO ]   Detected 0 high-confidence faults
[10:00:54] [INFO ]   Step 2 complete
[10:00:54] [INFO ] 
[10:00:54] [INFO ] STEP 3 — Bounding boxes
[10:00:54] [INFO ]   Generated 0 boxes
[10:00:54] [INFO ]   Step 3 complete
[10:00:54] [INFO ] 
[10:00:54] [INFO ] STEP 4 — Dataset building
[10:00:54] [INFO ]   Saving labeled review image...
[10:00:54] [INFO ]   Saved: f387stk28_labeled.png
[10:00:54] [INFO ]   Split: train
[10:00:54] [INFO ]   Added 0 annotations to train.json
[10:00:54] [INFO ]   train.json: 118 images, 61 annotations
[10:00:54] [INFO ]   val.json:   29 images,  13 annotations
[10:00:54] [INFO ]   Step 4 complete
[10:00:54] [INFO ] 
[10:00:54] [INFO ]   DONE  f387stk28  →  train  |  0 faults  |  0 boxes
[10:00:54] [INFO ] 
[10:00:54] [INFO ] ──────────────────────────────────────────────────
[10:00:54] [INFO ]   LINE: f387stk29
[10:00:54] [INFO ] ──────────────────────────────────────────────────
[10:00:54] [INFO ] Dataset  : namss.F-3-87-AA.mcs.airgun
[10:00:54] [INFO ] SGY      : ../../airgun_data/namss.F-3-87-AA.mcs.airgun/Data/f387stk29.sgy
[10:00:54] [INFO ] NAV      : ../../airgun_data/namss.F-3-87-AA.mcs.airgun/Navigation/f-3-87-aa_NAV-WGS84.csv
[10:00:54] [INFO ] SA mode  : single (seed=42)
[10:00:54] [INFO ] 
[10:00:54] [INFO ] STEP 1 — Feature extraction
[10:00:54] [INFO ]   Loading navigation...
[10:00:54] [INFO ]   Loading SEG-Y...
[10:00:54] [INFO ]   Traces: 5257  Samples: 3000  dt: 4.000 ms
[10:00:54] [INFO ]   Depth:  0.0 m → 8997.0 m
[10:00:54] [INFO ]   Matching traces to navigation...
[10:00:54] [INFO ]   NAV line matched via translation: 'f387stk29' -> 'F387-29'
[10:00:55] [INFO ]   Matched 5256 / 5257 traces
[10:00:55] [INFO ]   Bandpass filtering...
[10:00:55] [INFO ]   Computing seismic attributes...
[10:00:56] [INFO ]   Picking seafloor...
[10:00:56] [INFO ]   Seafloor depth: 591–4941 m  (112 shallow traces masked)
[10:00:56] [INFO ]   Picking horizons...
[10:00:56] [INFO ]   Computing NCC coherence (slow)...
[10:00:57] [INFO ]   Saving CNN section image...
[10:00:58] [INFO ]   Saved: f387stk29_section_cnn.png  (2700x1500px)
[10:00:58] [INFO ]   Step 1 complete
[10:00:58] [INFO ] 
[10:00:58] [INFO ] STEP 2 — Fault detection
[10:00:58] [INFO ]   Mode: single SA run (seed=42)
[10:01:12] [INFO ]   Detected 0 high-confidence faults
[10:01:12] [INFO ]   Step 2 complete
[10:01:12] [INFO ] 
[10:01:12] [INFO ] STEP 3 — Bounding boxes
[10:01:12] [INFO ]   Generated 0 boxes
[10:01:12] [INFO ]   Step 3 complete
[10:01:12] [INFO ] 
[10:01:12] [INFO ] STEP 4 — Dataset building
[10:01:12] [INFO ]   Saving labeled review image...
[10:01:12] [INFO ]   Saved: f387stk29_labeled.png
[10:01:12] [INFO ]   Split: train
[10:01:12] [INFO ]   Added 0 annotations to train.json
[10:01:12] [INFO ]   train.json: 119 images, 61 annotations
[10:01:12] [INFO ]   val.json:   29 images,  13 annotations
[10:01:12] [INFO ]   Step 4 complete
[10:01:12] [INFO ] 
[10:01:12] [INFO ]   DONE  f387stk29  →  train  |  0 faults  |  0 boxes
[10:01:12] [INFO ] 
[10:01:12] [INFO ] ──────────────────────────────────────────────────
[10:01:12] [INFO ]   LINE: f387stk30
[10:01:12] [INFO ] ──────────────────────────────────────────────────
[10:01:12] [INFO ] Dataset  : namss.F-3-87-AA.mcs.airgun
[10:01:12] [INFO ] SGY      : ../../airgun_data/namss.F-3-87-AA.mcs.airgun/Data/f387stk30.sgy
[10:01:12] [INFO ] NAV      : ../../airgun_data/namss.F-3-87-AA.mcs.airgun/Navigation/f-3-87-aa_NAV-WGS84.csv
[10:01:12] [INFO ] SA mode  : single (seed=42)
[10:01:12] [INFO ] 
[10:01:12] [INFO ] STEP 1 — Feature extraction
[10:01:12] [INFO ]   Loading navigation...
[10:01:12] [INFO ]   Loading SEG-Y...
[10:01:12] [INFO ]   Traces: 363  Samples: 3000  dt: 4.000 ms
[10:01:12] [INFO ]   Depth:  0.0 m → 8997.0 m
[10:01:12] [INFO ]   Matching traces to navigation...
[10:01:12] [INFO ]   NAV line matched via translation: 'f387stk30' -> 'F387-30'
[10:01:12] [INFO ]   Matched 362 / 363 traces
[10:01:12] [INFO ]   Bandpass filtering...
[10:01:12] [INFO ]   Computing seismic attributes...
[10:01:12] [INFO ]   Picking seafloor...
[10:01:12] [INFO ]   Seafloor depth: 324–795 m  (146 shallow traces masked)
[10:01:12] [INFO ]   Picking horizons...
[10:01:12] [INFO ]   Computing NCC coherence (slow)...
[10:01:12] [INFO ]   Saving CNN section image...
[10:01:13] [INFO ]   Saved: f387stk30_section_cnn.png  (2700x1500px)
[10:01:13] [INFO ]   Step 1 complete
[10:01:13] [INFO ] 
[10:01:13] [INFO ] STEP 2 — Fault detection
[10:01:13] [INFO ]   Mode: single SA run (seed=42)
[10:01:13] [INFO ]   Detected 1 high-confidence faults
[10:01:13] [INFO ]     Fault  1 | trace ~  122 | prob=0.785
[10:01:13] [INFO ]   Step 2 complete
[10:01:13] [INFO ] 
[10:01:13] [INFO ] STEP 3 — Bounding boxes
[10:01:13] [INFO ]   Box  1 | [110, 67, 1547w, 129h px]
[10:01:13] [INFO ]   Generated 1 boxes
[10:01:13] [INFO ]   Step 3 complete
[10:01:13] [INFO ] 
[10:01:13] [INFO ] STEP 4 — Dataset building
[10:01:13] [INFO ]   Saving labeled review image...
[10:01:13] [INFO ]   Saved: f387stk30_labeled.png
[10:01:13] [INFO ]   Split: train
[10:01:13] [INFO ]   Added 1 annotations to train.json
[10:01:13] [INFO ]   train.json: 120 images, 62 annotations
[10:01:13] [INFO ]   val.json:   29 images,  13 annotations
[10:01:13] [INFO ]   Step 4 complete
[10:01:13] [INFO ] 
[10:01:13] [INFO ]   DONE  f387stk30  →  train  |  1 faults  |  1 boxes
[10:01:13] [INFO ] 
[10:01:13] [INFO ] ──────────────────────────────────────────────────
[10:01:13] [INFO ]   LINE: f387stk31
[10:01:13] [INFO ] ──────────────────────────────────────────────────
[10:01:13] [INFO ] Dataset  : namss.F-3-87-AA.mcs.airgun
[10:01:13] [INFO ] SGY      : ../../airgun_data/namss.F-3-87-AA.mcs.airgun/Data/f387stk31.sgy
[10:01:13] [INFO ] NAV      : ../../airgun_data/namss.F-3-87-AA.mcs.airgun/Navigation/f-3-87-aa_NAV-WGS84.csv
[10:01:13] [INFO ] SA mode  : single (seed=42)
[10:01:13] [INFO ] 
[10:01:13] [INFO ] STEP 1 — Feature extraction
[10:01:13] [INFO ]   Loading navigation...
[10:01:13] [INFO ]   Loading SEG-Y...
[10:01:13] [INFO ]   Traces: 1751  Samples: 3000  dt: 4.000 ms
[10:01:13] [INFO ]   Depth:  0.0 m → 8997.0 m
[10:01:13] [INFO ]   Matching traces to navigation...
[10:01:13] [INFO ]   NAV line matched via translation: 'f387stk31' -> 'F387-31'
[10:01:14] [INFO ]   Matched 1750 / 1751 traces
[10:01:14] [INFO ]   Bandpass filtering...
[10:01:14] [INFO ]   Computing seismic attributes...
[10:01:14] [INFO ]   Picking seafloor...
[10:01:14] [INFO ]   Seafloor depth: 885–2931 m  (0 shallow traces masked)
[10:01:14] [INFO ]   Picking horizons...
[10:01:14] [INFO ]   Computing NCC coherence (slow)...
[10:01:14] [INFO ]   Saving CNN section image...
[10:01:15] [INFO ]   Saved: f387stk31_section_cnn.png  (2700x1500px)
[10:01:15] [INFO ]   Step 1 complete
[10:01:15] [INFO ] 
[10:01:15] [INFO ] STEP 2 — Fault detection
[10:01:15] [INFO ]   Mode: single SA run (seed=42)
[10:01:17] [INFO ]   Detected 0 high-confidence faults
[10:01:17] [INFO ]   Step 2 complete
[10:01:17] [INFO ] 
[10:01:17] [INFO ] STEP 3 — Bounding boxes
[10:01:17] [INFO ]   Generated 0 boxes
[10:01:17] [INFO ]   Step 3 complete
[10:01:17] [INFO ] 
[10:01:17] [INFO ] STEP 4 — Dataset building
[10:01:17] [INFO ]   Saving labeled review image...
[10:01:17] [INFO ]   Saved: f387stk31_labeled.png
[10:01:17] [INFO ]   Split: val
[10:01:17] [INFO ]   Added 0 annotations to val.json
[10:01:17] [INFO ]   train.json: 120 images, 62 annotations
[10:01:17] [INFO ]   val.json:   30 images,  13 annotations
[10:01:17] [INFO ]   Step 4 complete
[10:01:17] [INFO ] 
[10:01:17] [INFO ]   DONE  f387stk31  →  val  |  0 faults  |  0 boxes
[10:01:17] [INFO ] 
[10:01:17] [INFO ] ──────────────────────────────────────────────────
[10:01:17] [INFO ]   LINE: f387stk32
[10:01:17] [INFO ] ──────────────────────────────────────────────────
[10:01:17] [INFO ] Dataset  : namss.F-3-87-AA.mcs.airgun
[10:01:17] [INFO ] SGY      : ../../airgun_data/namss.F-3-87-AA.mcs.airgun/Data/f387stk32.sgy
[10:01:17] [INFO ] NAV      : ../../airgun_data/namss.F-3-87-AA.mcs.airgun/Navigation/f-3-87-aa_NAV-WGS84.csv
[10:01:17] [INFO ] SA mode  : single (seed=42)
[10:01:17] [INFO ] 
[10:01:17] [INFO ] STEP 1 — Feature extraction
[10:01:17] [INFO ]   Loading navigation...
[10:01:17] [INFO ]   Loading SEG-Y...
[10:01:17] [ERROR] SKIPPING f387stk32 (namss.F-3-87-AA.mcs.airgun): 'julday' out of bounds for year 1987: 0
[10:01:17] [ERROR]   Traceback (most recent call last):
[10:01:17] [ERROR]     File "/Users/lennylukach/Personal/School/CS4100/namss/pipeline/src/pipeline.py", line 848, in <module>
[10:01:17] [ERROR]       process_line(line, sgy_path, nav_path, dataset)
[10:01:17] [ERROR]     File "/Users/lennylukach/Personal/School/CS4100/namss/pipeline/src/pipeline.py", line 405, in process_line
[10:01:17] [ERROR]       st = read(sgy_path)
[10:01:17] [ERROR]     File "/Users/lennylukach/Personal/School/CS4100/namss/venv/lib/python3.10/site-packages/decorator.py", line 235, in fun
[10:01:17] [ERROR]       return caller(func, *(extras + args), **kw)
[10:01:17] [ERROR]     File "/Users/lennylukach/Personal/School/CS4100/namss/venv/lib/python3.10/site-packages/obspy/core/util/decorator.py", line 298, in _map_example_filename
[10:01:17] [ERROR]       return func(*args, **kwargs)
[10:01:17] [ERROR]     File "/Users/lennylukach/Personal/School/CS4100/namss/venv/lib/python3.10/site-packages/obspy/core/stream.py", line 210, in read
[10:01:17] [ERROR]       st = _generic_reader(pathname_or_url, _read, **kwargs)
[10:01:17] [ERROR]     File "/Users/lennylukach/Personal/School/CS4100/namss/venv/lib/python3.10/site-packages/obspy/core/util/base.py", line 822, in _generic_reader
[10:01:17] [ERROR]       generic = callback_func(pathnames[0], **kwargs)
[10:01:17] [ERROR]     File "/Users/lennylukach/Personal/School/CS4100/namss/venv/lib/python3.10/site-packages/decorator.py", line 235, in fun
[10:01:17] [ERROR]       return caller(func, *(extras + args), **kw)
[10:01:17] [ERROR]     File "/Users/lennylukach/Personal/School/CS4100/namss/venv/lib/python3.10/site-packages/obspy/core/util/decorator.py", line 209, in uncompress_file
[10:01:17] [ERROR]       result = func(filename, *args, **kwargs)
[10:01:17] [ERROR]     File "/Users/lennylukach/Personal/School/CS4100/namss/venv/lib/python3.10/site-packages/obspy/core/stream.py", line 255, in _read
[10:01:17] [ERROR]       stream, format = _read_from_plugin('waveform', filename, format=format,
[10:01:17] [ERROR]     File "/Users/lennylukach/Personal/School/CS4100/namss/venv/lib/python3.10/site-packages/obspy/core/util/base.py", line 559, in _read_from_plugin
[10:01:17] [ERROR]       list_obj = read_format(filename, **kwargs)
[10:01:17] [ERROR]     File "/Users/lennylukach/Personal/School/CS4100/namss/venv/lib/python3.10/site-packages/obspy/io/segy/core.py", line 204, in _read_segy
[10:01:17] [ERROR]       stream.append(tr.to_obspy_trace(
[10:01:17] [ERROR]     File "/Users/lennylukach/Personal/School/CS4100/namss/venv/lib/python3.10/site-packages/obspy/io/segy/segy.py", line 775, in to_obspy_trace
[10:01:17] [ERROR]       trace.stats.starttime = UTCDateTime(
[10:01:17] [ERROR]     File "/Users/lennylukach/Personal/School/CS4100/namss/venv/lib/python3.10/site-packages/obspy/core/utcdatetime.py", line 440, in __init__
[10:01:17] [ERROR]       raise ValueError(msg)
[10:01:17] [ERROR]   ValueError: 'julday' out of bounds for year 1987: 0
[10:01:17] [INFO ] 
[10:01:17] [INFO ] ──────────────────────────────────────────────────
[10:01:17] [INFO ]   LINE: f387stk33
[10:01:17] [INFO ] ──────────────────────────────────────────────────
[10:01:17] [INFO ] Dataset  : namss.F-3-87-AA.mcs.airgun
[10:01:17] [INFO ] SGY      : ../../airgun_data/namss.F-3-87-AA.mcs.airgun/Data/f387stk33.sgy
[10:01:17] [INFO ] NAV      : ../../airgun_data/namss.F-3-87-AA.mcs.airgun/Navigation/f-3-87-aa_NAV-WGS84.csv
[10:01:17] [INFO ] SA mode  : single (seed=42)
[10:01:17] [INFO ] 
[10:01:17] [INFO ] STEP 1 — Feature extraction
[10:01:17] [INFO ]   Loading navigation...
[10:01:18] [INFO ]   Loading SEG-Y...
[10:01:18] [INFO ]   Traces: 2772  Samples: 3000  dt: 4.000 ms
[10:01:18] [INFO ]   Depth:  0.0 m → 8997.0 m
[10:01:18] [INFO ]   Matching traces to navigation...
[10:01:18] [INFO ]   NAV line matched via translation: 'f387stk33' -> 'F387-33'
[10:01:18] [INFO ]   Matched 2771 / 2772 traces
[10:01:18] [INFO ]   Bandpass filtering...
[10:01:18] [INFO ]   Computing seismic attributes...
[10:01:18] [INFO ]   Picking seafloor...
[10:01:19] [INFO ]   Seafloor depth: 1959–6825 m  (0 shallow traces masked)
[10:01:19] [INFO ]   Picking horizons...
[10:01:19] [INFO ]   Computing NCC coherence (slow)...
[10:01:19] [INFO ]   Saving CNN section image...
[10:01:19] [INFO ]   Saved: f387stk33_section_cnn.png  (2700x1500px)
[10:01:19] [INFO ]   Step 1 complete
[10:01:19] [INFO ] 
[10:01:19] [INFO ] STEP 2 — Fault detection
[10:01:19] [INFO ]   Mode: single SA run (seed=42)
[10:01:21] [INFO ]   Detected 0 high-confidence faults
[10:01:21] [INFO ]   Step 2 complete
[10:01:21] [INFO ] 
[10:01:21] [INFO ] STEP 3 — Bounding boxes
[10:01:21] [INFO ]   Generated 0 boxes
[10:01:21] [INFO ]   Step 3 complete
[10:01:21] [INFO ] 
[10:01:21] [INFO ] STEP 4 — Dataset building
[10:01:21] [INFO ]   Saving labeled review image...
[10:01:21] [INFO ]   Saved: f387stk33_labeled.png
[10:01:21] [INFO ]   Split: train
[10:01:21] [INFO ]   Added 0 annotations to train.json
[10:01:21] [INFO ]   train.json: 121 images, 62 annotations
[10:01:21] [INFO ]   val.json:   30 images,  13 annotations
[10:01:21] [INFO ]   Step 4 complete
[10:01:21] [INFO ] 
[10:01:21] [INFO ]   DONE  f387stk33  →  train  |  0 faults  |  0 boxes
[10:01:21] [INFO ] 
[10:01:21] [INFO ] ──────────────────────────────────────────────────
[10:01:21] [INFO ]   LINE: f387stk34
[10:01:21] [INFO ] ──────────────────────────────────────────────────
[10:01:21] [INFO ] Dataset  : namss.F-3-87-AA.mcs.airgun
[10:01:21] [INFO ] SGY      : ../../airgun_data/namss.F-3-87-AA.mcs.airgun/Data/f387stk34.sgy
[10:01:21] [INFO ] NAV      : ../../airgun_data/namss.F-3-87-AA.mcs.airgun/Navigation/f-3-87-aa_NAV-WGS84.csv
[10:01:21] [INFO ] SA mode  : single (seed=42)
[10:01:21] [INFO ] 
[10:01:21] [INFO ] STEP 1 — Feature extraction
[10:01:21] [INFO ]   Loading navigation...
[10:01:21] [INFO ]   Loading SEG-Y...
[10:01:21] [INFO ]   Traces: 5976  Samples: 3000  dt: 4.000 ms
[10:01:21] [INFO ]   Depth:  0.0 m → 8997.0 m
[10:01:21] [INFO ]   Matching traces to navigation...
[10:01:21] [INFO ]   NAV line matched via translation: 'f387stk34' -> 'F387-34'
[10:01:22] [INFO ]   Matched 5975 / 5976 traces
[10:01:22] [INFO ]   Bandpass filtering...
[10:01:22] [INFO ]   Computing seismic attributes...
[10:01:23] [INFO ]   Picking seafloor...
[10:01:23] [INFO ]   Seafloor depth: 3372–5532 m  (0 shallow traces masked)
[10:01:23] [INFO ]   Picking horizons...
[10:01:24] [INFO ]   Computing NCC coherence (slow)...
[10:01:24] [INFO ]   Saving CNN section image...
[10:01:26] [INFO ]   Saved: f387stk34_section_cnn.png  (2700x1500px)
[10:01:26] [INFO ]   Step 1 complete
[10:01:26] [INFO ] 
[10:01:26] [INFO ] STEP 2 — Fault detection
[10:01:26] [INFO ]   Mode: single SA run (seed=42)
[10:01:32] [INFO ]   Detected 0 high-confidence faults
[10:01:32] [INFO ]   Step 2 complete
[10:01:32] [INFO ] 
[10:01:32] [INFO ] STEP 3 — Bounding boxes
[10:01:32] [INFO ]   Generated 0 boxes
[10:01:32] [INFO ]   Step 3 complete
[10:01:32] [INFO ] 
[10:01:32] [INFO ] STEP 4 — Dataset building
[10:01:32] [INFO ]   Saving labeled review image...
[10:01:32] [INFO ]   Saved: f387stk34_labeled.png
[10:01:32] [INFO ]   Split: train
[10:01:32] [INFO ]   Added 0 annotations to train.json
[10:01:32] [INFO ]   train.json: 122 images, 62 annotations
[10:01:32] [INFO ]   val.json:   30 images,  13 annotations
[10:01:32] [INFO ]   Step 4 complete
[10:01:32] [INFO ] 
[10:01:32] [INFO ]   DONE  f387stk34  →  train  |  0 faults  |  0 boxes
[10:01:32] [INFO ] 
[10:01:32] [INFO ] ──────────────────────────────────────────────────
[10:01:32] [INFO ]   LINE: f387stk35
[10:01:32] [INFO ] ──────────────────────────────────────────────────
[10:01:32] [INFO ] Dataset  : namss.F-3-87-AA.mcs.airgun
[10:01:32] [INFO ] SGY      : ../../airgun_data/namss.F-3-87-AA.mcs.airgun/Data/f387stk35.sgy
[10:01:32] [INFO ] NAV      : ../../airgun_data/namss.F-3-87-AA.mcs.airgun/Navigation/f-3-87-aa_NAV-WGS84.csv
[10:01:32] [INFO ] SA mode  : single (seed=42)
[10:01:32] [INFO ] 
[10:01:32] [INFO ] STEP 1 — Feature extraction
[10:01:32] [INFO ]   Loading navigation...
[10:01:32] [INFO ]   Loading SEG-Y...
[10:01:32] [INFO ]   Traces: 4705  Samples: 3000  dt: 4.000 ms
[10:01:32] [INFO ]   Depth:  0.0 m → 8997.0 m
[10:01:32] [INFO ]   Matching traces to navigation...
[10:01:32] [INFO ]   NAV line matched via translation: 'f387stk35' -> 'F387-35'
[10:01:33] [INFO ]   Matched 4703 / 4705 traces
[10:01:33] [INFO ]   Bandpass filtering...
[10:01:33] [INFO ]   Computing seismic attributes...
[10:01:33] [INFO ]   Picking seafloor...
[10:01:34] [INFO ]   Seafloor depth: 3300–5271 m  (0 shallow traces masked)
[10:01:34] [INFO ]   Picking horizons...
[10:01:34] [INFO ]   Computing NCC coherence (slow)...
[10:01:34] [INFO ]   Saving CNN section image...
[10:01:35] [INFO ]   Saved: f387stk35_section_cnn.png  (2700x1500px)
[10:01:35] [INFO ]   Step 1 complete
[10:01:35] [INFO ] 
[10:01:35] [INFO ] STEP 2 — Fault detection
[10:01:35] [INFO ]   Mode: single SA run (seed=42)
[10:01:41] [INFO ]   Detected 0 high-confidence faults
[10:01:41] [INFO ]   Step 2 complete
[10:01:41] [INFO ] 
[10:01:41] [INFO ] STEP 3 — Bounding boxes
[10:01:41] [INFO ]   Generated 0 boxes
[10:01:41] [INFO ]   Step 3 complete
[10:01:41] [INFO ] 
[10:01:41] [INFO ] STEP 4 — Dataset building
[10:01:41] [INFO ]   Saving labeled review image...
[10:01:41] [INFO ]   Saved: f387stk35_labeled.png
[10:01:41] [INFO ]   Split: train
[10:01:41] [INFO ]   Added 0 annotations to train.json
[10:01:41] [INFO ]   train.json: 123 images, 62 annotations
[10:01:41] [INFO ]   val.json:   30 images,  13 annotations
[10:01:41] [INFO ]   Step 4 complete
[10:01:41] [INFO ] 
[10:01:41] [INFO ]   DONE  f387stk35  →  train  |  0 faults  |  0 boxes
[10:01:41] [INFO ] 
[10:01:41] [INFO ] ──────────────────────────────────────────────────
[10:01:41] [INFO ]   LINE: f688stk01
[10:01:41] [INFO ] ──────────────────────────────────────────────────
[10:01:41] [INFO ] Dataset  : namss.F-6-88-HW.mcs.airgun
[10:01:41] [INFO ] SGY      : ../../airgun_data/namss.F-6-88-HW.mcs.airgun/Data/f688stk01.sgy
[10:01:41] [INFO ] NAV      : ../../airgun_data/namss.F-6-88-HW.mcs.airgun/Navigation/f-6-88-hw_NAV-WGS84.csv
[10:01:41] [INFO ] SA mode  : single (seed=42)
[10:01:41] [INFO ] 
[10:01:41] [INFO ] STEP 1 — Feature extraction
[10:01:41] [INFO ]   Loading navigation...
[10:01:41] [INFO ]   Loading SEG-Y...
[10:01:41] [INFO ]   Traces: 3265  Samples: 2750  dt: 4.000 ms
[10:01:41] [INFO ]   Depth:  0.0 m → 8247.0 m
[10:01:41] [INFO ]   Matching traces to navigation...
[10:01:41] [INFO ]   NAV line matched via translation: 'f688stk01' -> '1'
[10:01:41] [INFO ]   Matched 3265 / 3265 traces
[10:01:41] [INFO ]   Bandpass filtering...
[10:01:41] [INFO ]   Computing seismic attributes...
[10:01:42] [INFO ]   Picking seafloor...
[10:01:42] [INFO ]   Seafloor depth: 1053–4581 m  (0 shallow traces masked)
[10:01:42] [INFO ]   Picking horizons...
[10:01:42] [INFO ]   Computing NCC coherence (slow)...
[10:01:42] [INFO ]   Saving CNN section image...
[10:06:42] [INFO ]   Saved: f688stk01_section_cnn.png  (2700x1500px)
[10:06:42] [INFO ]   Step 1 complete
[10:06:42] [INFO ] 
[10:06:42] [INFO ] STEP 2 — Fault detection
[10:06:42] [INFO ]   Mode: single SA run (seed=42)
[10:06:45] [INFO ]   Detected 0 high-confidence faults
[10:06:45] [INFO ]   Step 2 complete
[10:06:45] [INFO ] 
[10:06:45] [INFO ] STEP 3 — Bounding boxes
[10:06:45] [INFO ]   Generated 0 boxes
[10:06:45] [INFO ]   Step 3 complete
[10:06:45] [INFO ] 
[10:06:45] [INFO ] STEP 4 — Dataset building
[10:06:45] [INFO ]   Saving labeled review image...
[10:06:45] [INFO ]   Saved: f688stk01_labeled.png
[10:06:45] [INFO ]   Split: val
[10:06:45] [INFO ]   Added 0 annotations to val.json
[10:06:45] [INFO ]   train.json: 123 images, 62 annotations
[10:06:45] [INFO ]   val.json:   31 images,  13 annotations
[10:06:45] [INFO ]   Step 4 complete
[10:06:45] [INFO ] 
[10:06:45] [INFO ]   DONE  f688stk01  →  val  |  0 faults  |  0 boxes
[10:06:45] [INFO ] 
[10:06:45] [INFO ] ──────────────────────────────────────────────────
[10:06:45] [INFO ]   LINE: f688stk02
[10:06:45] [INFO ] ──────────────────────────────────────────────────
[10:06:45] [INFO ] Dataset  : namss.F-6-88-HW.mcs.airgun
[10:06:45] [INFO ] SGY      : ../../airgun_data/namss.F-6-88-HW.mcs.airgun/Data/f688stk02.sgy
[10:06:45] [INFO ] NAV      : ../../airgun_data/namss.F-6-88-HW.mcs.airgun/Navigation/f-6-88-hw_NAV-WGS84.csv
[10:06:45] [INFO ] SA mode  : single (seed=42)
[10:06:45] [INFO ] 
[10:06:45] [INFO ] STEP 1 — Feature extraction
[10:06:45] [INFO ]   Loading navigation...
[10:06:45] [INFO ]   Loading SEG-Y...
[10:06:45] [INFO ]   Traces: 2348  Samples: 2250  dt: 4.000 ms
[10:06:45] [INFO ]   Depth:  0.0 m → 6747.0 m
[10:06:45] [INFO ]   Matching traces to navigation...
[10:06:45] [INFO ]   NAV line matched via translation: 'f688stk02' -> '2'
[10:06:45] [INFO ]   Matched 2348 / 2348 traces
[10:06:45] [INFO ]   Bandpass filtering...
[10:06:46] [INFO ]   Computing seismic attributes...
[10:06:46] [INFO ]   Picking seafloor...
[10:06:46] [INFO ]   Seafloor depth: 0–3087 m  (331 shallow traces masked)
[10:06:46] [INFO ]   Picking horizons...
[10:06:46] [INFO ]   Computing NCC coherence (slow)...
[10:06:46] [INFO ]   Saving CNN section image...
[10:06:47] [INFO ]   Saved: f688stk02_section_cnn.png  (2700x1500px)
[10:06:47] [INFO ]   Step 1 complete
[10:06:47] [INFO ] 
[10:06:47] [INFO ] STEP 2 — Fault detection
[10:06:47] [INFO ]   Mode: single SA run (seed=42)
[10:06:49] [INFO ]   Detected 1 high-confidence faults
[10:06:49] [INFO ]     Fault  1 | trace ~ 2304 | prob=0.753
[10:06:49] [INFO ]   Step 2 complete
[10:06:49] [INFO ] 
[10:06:49] [INFO ] STEP 3 — Bounding boxes
[10:06:49] [INFO ]   Box  1 | [2553, 161, 147w, 151h px]
[10:06:49] [INFO ]   Generated 1 boxes
[10:06:49] [INFO ]   Step 3 complete
[10:06:49] [INFO ] 
[10:06:49] [INFO ] STEP 4 — Dataset building
[10:06:49] [INFO ]   Saving labeled review image...
[10:06:49] [INFO ]   Saved: f688stk02_labeled.png
[10:06:49] [INFO ]   Split: train
[10:06:49] [INFO ]   Added 1 annotations to train.json
[10:06:49] [INFO ]   train.json: 124 images, 63 annotations
[10:06:49] [INFO ]   val.json:   31 images,  13 annotations
[10:06:49] [INFO ]   Step 4 complete
[10:06:49] [INFO ] 
[10:06:49] [INFO ]   DONE  f688stk02  →  train  |  1 faults  |  1 boxes
[10:06:49] [INFO ] 
[10:06:49] [INFO ] ──────────────────────────────────────────────────
[10:06:49] [INFO ]   LINE: f688stk02a
[10:06:49] [INFO ] ──────────────────────────────────────────────────
[10:06:49] [INFO ] Dataset  : namss.F-6-88-HW.mcs.airgun
[10:06:49] [INFO ] SGY      : ../../airgun_data/namss.F-6-88-HW.mcs.airgun/Data/f688stk02a.sgy
[10:06:49] [INFO ] NAV      : ../../airgun_data/namss.F-6-88-HW.mcs.airgun/Navigation/f-6-88-hw_NAV-WGS84.csv
[10:06:49] [INFO ] SA mode  : single (seed=42)
[10:06:49] [INFO ] 
[10:06:49] [INFO ] STEP 1 — Feature extraction
[10:06:49] [INFO ]   Loading navigation...
[10:06:49] [INFO ]   Loading SEG-Y...
[10:06:49] [INFO ]   Traces: 768  Samples: 2000  dt: 4.000 ms
[10:06:49] [INFO ]   Depth:  0.0 m → 5997.0 m
[10:06:49] [INFO ]   Matching traces to navigation...
[10:06:49] [INFO ]   NAV line matched via translation: 'f688stk02a' -> '2A'
[10:06:49] [INFO ]   Matched 768 / 768 traces
[10:06:49] [INFO ]   Bandpass filtering...
[10:06:49] [INFO ]   Computing seismic attributes...
[10:06:49] [INFO ]   Picking seafloor...
[10:06:49] [INFO ]   Seafloor depth: 645–2694 m  (0 shallow traces masked)
[10:06:49] [INFO ]   Picking horizons...
[10:06:49] [INFO ]   Computing NCC coherence (slow)...
[10:06:49] [INFO ]   Saving CNN section image...
[10:06:49] [INFO ]   Saved: f688stk02a_section_cnn.png  (2700x1500px)
[10:06:49] [INFO ]   Step 1 complete
[10:06:49] [INFO ] 
[10:06:49] [INFO ] STEP 2 — Fault detection
[10:06:49] [INFO ]   Mode: single SA run (seed=42)
[10:06:50] [INFO ]   Detected 0 high-confidence faults
[10:06:50] [INFO ]   Step 2 complete
[10:06:50] [INFO ] 
[10:06:50] [INFO ] STEP 3 — Bounding boxes
[10:06:50] [INFO ]   Generated 0 boxes
[10:06:50] [INFO ]   Step 3 complete
[10:06:50] [INFO ] 
[10:06:50] [INFO ] STEP 4 — Dataset building
[10:06:50] [INFO ]   Saving labeled review image...
[10:06:50] [INFO ]   Saved: f688stk02a_labeled.png
[10:06:50] [INFO ]   Split: train
[10:06:50] [INFO ]   Added 0 annotations to train.json
[10:06:50] [INFO ]   train.json: 125 images, 63 annotations
[10:06:50] [INFO ]   val.json:   31 images,  13 annotations
[10:06:50] [INFO ]   Step 4 complete
[10:06:50] [INFO ] 
[10:06:50] [INFO ]   DONE  f688stk02a  →  train  |  0 faults  |  0 boxes
[10:06:50] [INFO ] 
[10:06:50] [INFO ] ──────────────────────────────────────────────────
[10:06:50] [INFO ]   LINE: f688stk03
[10:06:50] [INFO ] ──────────────────────────────────────────────────
[10:06:50] [INFO ] Dataset  : namss.F-6-88-HW.mcs.airgun
[10:06:50] [INFO ] SGY      : ../../airgun_data/namss.F-6-88-HW.mcs.airgun/Data/f688stk03.sgy
[10:06:50] [INFO ] NAV      : ../../airgun_data/namss.F-6-88-HW.mcs.airgun/Navigation/f-6-88-hw_NAV-WGS84.csv
[10:06:50] [INFO ] SA mode  : single (seed=42)
[10:06:50] [INFO ] 
[10:06:50] [INFO ] STEP 1 — Feature extraction
[10:06:50] [INFO ]   Loading navigation...
[10:06:50] [INFO ]   Loading SEG-Y...
[10:06:51] [INFO ]   Traces: 9737  Samples: 2750  dt: 4.000 ms
[10:06:51] [INFO ]   Depth:  0.0 m → 8247.0 m
[10:06:51] [INFO ]   Matching traces to navigation...
[10:06:51] [INFO ]   NAV line matched via translation: 'f688stk03' -> '3'
[10:06:51] [INFO ]   Matched 9737 / 9737 traces
[10:06:51] [INFO ]   Bandpass filtering...
[10:06:52] [INFO ]   Computing seismic attributes...
[10:06:53] [INFO ]   Picking seafloor...
[10:06:54] [INFO ]   Seafloor depth: 648–4755 m  (0 shallow traces masked)
[10:06:54] [INFO ]   Picking horizons...
[10:06:54] [INFO ]   Computing NCC coherence (slow)...
[10:06:55] [INFO ]   Saving CNN section image...
[10:06:57] [INFO ]   Saved: f688stk03_section_cnn.png  (2700x1500px)
[10:06:57] [INFO ]   Step 1 complete
[10:06:57] [INFO ] 
[10:06:57] [INFO ] STEP 2 — Fault detection
[10:06:57] [INFO ]   Mode: single SA run (seed=42)
[10:07:06] [INFO ]   Detected 0 high-confidence faults
[10:07:06] [INFO ]   Step 2 complete
[10:07:06] [INFO ] 
[10:07:06] [INFO ] STEP 3 — Bounding boxes
[10:07:06] [INFO ]   Generated 0 boxes
[10:07:06] [INFO ]   Step 3 complete
[10:07:06] [INFO ] 
[10:07:06] [INFO ] STEP 4 — Dataset building
[10:07:06] [INFO ]   Saving labeled review image...
[10:07:06] [INFO ]   Saved: f688stk03_labeled.png
[10:07:06] [INFO ]   Split: train
[10:07:06] [INFO ]   Added 0 annotations to train.json
[10:07:06] [INFO ]   train.json: 126 images, 63 annotations
[10:07:06] [INFO ]   val.json:   31 images,  13 annotations
[10:07:06] [INFO ]   Step 4 complete
[10:07:06] [INFO ] 
[10:07:06] [INFO ]   DONE  f688stk03  →  train  |  0 faults  |  0 boxes
[10:07:06] [INFO ] 
[10:07:06] [INFO ] ──────────────────────────────────────────────────
[10:07:06] [INFO ]   LINE: f688stk03a
[10:07:06] [INFO ] ──────────────────────────────────────────────────
[10:07:06] [INFO ] Dataset  : namss.F-6-88-HW.mcs.airgun
[10:07:06] [INFO ] SGY      : ../../airgun_data/namss.F-6-88-HW.mcs.airgun/Data/f688stk03a.sgy
[10:07:06] [INFO ] NAV      : ../../airgun_data/namss.F-6-88-HW.mcs.airgun/Navigation/f-6-88-hw_NAV-WGS84.csv
[10:07:06] [INFO ] SA mode  : single (seed=42)
[10:07:06] [INFO ] 
[10:07:06] [INFO ] STEP 1 — Feature extraction
[10:07:06] [INFO ]   Loading navigation...
[10:07:06] [INFO ]   Loading SEG-Y...
[10:07:06] [INFO ]   Traces: 579  Samples: 2000  dt: 4.000 ms
[10:07:06] [INFO ]   Depth:  0.0 m → 5997.0 m
[10:07:06] [INFO ]   Matching traces to navigation...
[10:07:06] [INFO ]   NAV line matched via translation: 'f688stk03a' -> '3A'
[10:07:06] [INFO ]   Matched 579 / 579 traces
[10:07:06] [INFO ]   Bandpass filtering...
[10:07:06] [INFO ]   Computing seismic attributes...
[10:07:06] [INFO ]   Picking seafloor...
[10:07:06] [INFO ]   Seafloor depth: 1320–2382 m  (0 shallow traces masked)
[10:07:06] [INFO ]   Picking horizons...
[10:07:06] [INFO ]   Computing NCC coherence (slow)...
[10:07:06] [INFO ]   Saving CNN section image...
[10:07:07] [INFO ]   Saved: f688stk03a_section_cnn.png  (2700x1500px)
[10:07:07] [INFO ]   Step 1 complete
[10:07:07] [INFO ] 
[10:07:07] [INFO ] STEP 2 — Fault detection
[10:07:07] [INFO ]   Mode: single SA run (seed=42)
[10:07:08] [INFO ]   Detected 1 high-confidence faults
[10:07:08] [INFO ]     Fault  1 | trace ~  544 | prob=0.777
[10:07:08] [INFO ]   Step 2 complete
[10:07:08] [INFO ] 
[10:07:08] [INFO ] STEP 3 — Bounding boxes
[10:07:08] [INFO ]   Box  1 | [2211, 584, 489w, 163h px]
[10:07:08] [INFO ]   Generated 1 boxes
[10:07:08] [INFO ]   Step 3 complete
[10:07:08] [INFO ] 
[10:07:08] [INFO ] STEP 4 — Dataset building
[10:07:08] [INFO ]   Saving labeled review image...
[10:07:08] [INFO ]   Saved: f688stk03a_labeled.png
[10:07:08] [INFO ]   Split: train
[10:07:08] [INFO ]   Added 1 annotations to train.json
[10:07:08] [INFO ]   train.json: 127 images, 64 annotations
[10:07:08] [INFO ]   val.json:   31 images,  13 annotations
[10:07:08] [INFO ]   Step 4 complete
[10:07:08] [INFO ] 
[10:07:08] [INFO ]   DONE  f688stk03a  →  train  |  1 faults  |  1 boxes
[10:07:08] [INFO ] 
[10:07:08] [INFO ] ──────────────────────────────────────────────────
[10:07:08] [INFO ]   LINE: f688stk04
[10:07:08] [INFO ] ──────────────────────────────────────────────────
[10:07:08] [INFO ] Dataset  : namss.F-6-88-HW.mcs.airgun
[10:07:08] [INFO ] SGY      : ../../airgun_data/namss.F-6-88-HW.mcs.airgun/Data/f688stk04.sgy
[10:07:08] [INFO ] NAV      : ../../airgun_data/namss.F-6-88-HW.mcs.airgun/Navigation/f-6-88-hw_NAV-WGS84.csv
[10:07:08] [INFO ] SA mode  : single (seed=42)
[10:07:08] [INFO ] 
[10:07:08] [INFO ] STEP 1 — Feature extraction
[10:07:08] [INFO ]   Loading navigation...
[10:07:08] [INFO ]   Loading SEG-Y...
[10:07:08] [INFO ]   Traces: 5221  Samples: 2750  dt: 4.000 ms
[10:07:08] [INFO ]   Depth:  0.0 m → 8247.0 m
[10:07:08] [INFO ]   Matching traces to navigation...
[10:07:08] [INFO ]   NAV line matched via translation: 'f688stk04' -> '4'
[10:07:08] [INFO ]   Matched 5221 / 5221 traces
[10:07:08] [INFO ]   Bandpass filtering...
[10:07:09] [INFO ]   Computing seismic attributes...
[10:07:09] [INFO ]   Picking seafloor...
[10:07:10] [INFO ]   Seafloor depth: 1068–4482 m  (0 shallow traces masked)
[10:07:10] [INFO ]   Picking horizons...
[10:07:10] [INFO ]   Computing NCC coherence (slow)...
[10:07:10] [INFO ]   Saving CNN section image...
[10:07:11] [INFO ]   Saved: f688stk04_section_cnn.png  (2700x1500px)
[10:07:11] [INFO ]   Step 1 complete
[10:07:11] [INFO ] 
[10:07:11] [INFO ] STEP 2 — Fault detection
[10:07:11] [INFO ]   Mode: single SA run (seed=42)
[10:07:16] [INFO ]   Detected 1 high-confidence faults
[10:07:16] [INFO ]     Fault  1 | trace ~ 1774 | prob=0.784
[10:07:16] [INFO ]   Step 2 complete
[10:07:16] [INFO ] 
[10:07:16] [INFO ] STEP 3 — Bounding boxes
[10:07:16] [INFO ]   Box  1 | [862, 283, 112w, 128h px]
[10:07:16] [INFO ]   Generated 1 boxes
[10:07:16] [INFO ]   Step 3 complete
[10:07:16] [INFO ] 
[10:07:16] [INFO ] STEP 4 — Dataset building
[10:07:16] [INFO ]   Saving labeled review image...
[10:07:17] [INFO ]   Saved: f688stk04_labeled.png
[10:07:17] [INFO ]   Split: val
[10:07:17] [INFO ]   Added 1 annotations to val.json
[10:07:17] [INFO ]   train.json: 127 images, 64 annotations
[10:07:17] [INFO ]   val.json:   32 images,  14 annotations
[10:07:17] [INFO ]   Step 4 complete
[10:07:17] [INFO ] 
[10:07:17] [INFO ]   DONE  f688stk04  →  val  |  1 faults  |  1 boxes
[10:07:17] [INFO ] 
[10:07:17] [INFO ] ──────────────────────────────────────────────────
[10:07:17] [INFO ]   LINE: f688stk04a
[10:07:17] [INFO ] ──────────────────────────────────────────────────
[10:07:17] [INFO ] Dataset  : namss.F-6-88-HW.mcs.airgun
[10:07:17] [INFO ] SGY      : ../../airgun_data/namss.F-6-88-HW.mcs.airgun/Data/f688stk04a.sgy
[10:07:17] [INFO ] NAV      : ../../airgun_data/namss.F-6-88-HW.mcs.airgun/Navigation/f-6-88-hw_NAV-WGS84.csv
[10:07:17] [INFO ] SA mode  : single (seed=42)
[10:07:17] [INFO ] 
[10:07:17] [INFO ] STEP 1 — Feature extraction
[10:07:17] [INFO ]   Loading navigation...
[10:07:17] [INFO ]   Loading SEG-Y...
[10:07:17] [INFO ]   Traces: 533  Samples: 1750  dt: 4.000 ms
[10:07:17] [INFO ]   Depth:  0.0 m → 5247.0 m
[10:07:17] [INFO ]   Matching traces to navigation...
[10:07:17] [INFO ]   NAV line matched via translation: 'f688stk04a' -> '4A'
[10:07:17] [INFO ]   Matched 0 / 533 traces
[10:07:17] [ERROR] SKIPPING f688stk04a (namss.F-6-88-HW.mcs.airgun): No traces matched navigation — check line name vs NAV file.
[10:07:17] [ERROR]   Traceback (most recent call last):
[10:07:17] [ERROR]     File "/Users/lennylukach/Personal/School/CS4100/namss/pipeline/src/pipeline.py", line 848, in <module>
[10:07:17] [ERROR]       process_line(line, sgy_path, nav_path, dataset)
[10:07:17] [ERROR]     File "/Users/lennylukach/Personal/School/CS4100/namss/pipeline/src/pipeline.py", line 431, in process_line
[10:07:17] [ERROR]       raise RuntimeError(
[10:07:17] [ERROR]   RuntimeError: No traces matched navigation — check line name vs NAV file.
[10:07:17] [INFO ] 
[10:07:17] [INFO ] ──────────────────────────────────────────────────
[10:07:17] [INFO ]   LINE: f688stk05
[10:07:17] [INFO ] ──────────────────────────────────────────────────
[10:07:17] [INFO ] Dataset  : namss.F-6-88-HW.mcs.airgun
[10:07:17] [INFO ] SGY      : ../../airgun_data/namss.F-6-88-HW.mcs.airgun/Data/f688stk05.sgy
[10:07:17] [INFO ] NAV      : ../../airgun_data/namss.F-6-88-HW.mcs.airgun/Navigation/f-6-88-hw_NAV-WGS84.csv
[10:07:17] [INFO ] SA mode  : single (seed=42)
[10:07:17] [INFO ] 
[10:07:17] [INFO ] STEP 1 — Feature extraction
[10:07:17] [INFO ]   Loading navigation...
[10:07:17] [INFO ]   Loading SEG-Y...
[10:07:17] [INFO ]   Traces: 6716  Samples: 2750  dt: 4.000 ms
[10:07:17] [INFO ]   Depth:  0.0 m → 8247.0 m
[10:07:17] [INFO ]   Matching traces to navigation...
[10:07:17] [INFO ]   NAV line matched via translation: 'f688stk05' -> '5'
[10:07:18] [INFO ]   Matched 6716 / 6716 traces
[10:07:18] [INFO ]   Bandpass filtering...
[10:07:18] [INFO ]   Computing seismic attributes...
[10:07:18] [INFO ]   Picking seafloor...
[10:07:19] [INFO ]   Seafloor depth: 0–4425 m  (739 shallow traces masked)
[10:07:19] [INFO ]   Picking horizons...
[10:07:19] [INFO ]   Computing NCC coherence (slow)...
[10:07:20] [INFO ]   Saving CNN section image...
[10:07:21] [INFO ]   Saved: f688stk05_section_cnn.png  (2700x1500px)
[10:07:21] [INFO ]   Step 1 complete
[10:07:21] [INFO ] 
[10:07:21] [INFO ] STEP 2 — Fault detection
[10:07:21] [INFO ]   Mode: single SA run (seed=42)
[10:07:27] [INFO ]   Detected 0 high-confidence faults
[10:07:27] [INFO ]   Step 2 complete
[10:07:27] [INFO ] 
[10:07:27] [INFO ] STEP 3 — Bounding boxes
[10:07:27] [INFO ]   Generated 0 boxes
[10:07:27] [INFO ]   Step 3 complete
[10:07:27] [INFO ] 
[10:07:27] [INFO ] STEP 4 — Dataset building
[10:07:27] [INFO ]   Saving labeled review image...
[10:07:27] [INFO ]   Saved: f688stk05_labeled.png
[10:07:27] [INFO ]   Split: train
[10:07:27] [INFO ]   Added 0 annotations to train.json
[10:07:27] [INFO ]   train.json: 128 images, 64 annotations
[10:07:27] [INFO ]   val.json:   32 images,  14 annotations
[10:07:27] [INFO ]   Step 4 complete
[10:07:27] [INFO ] 
[10:07:27] [INFO ]   DONE  f688stk05  →  train  |  0 faults  |  0 boxes
[10:07:27] [INFO ] 
[10:07:27] [INFO ] ──────────────────────────────────────────────────
[10:07:27] [INFO ]   LINE: f688stk05a
[10:07:27] [INFO ] ──────────────────────────────────────────────────
[10:07:27] [INFO ] Dataset  : namss.F-6-88-HW.mcs.airgun
[10:07:27] [INFO ] SGY      : ../../airgun_data/namss.F-6-88-HW.mcs.airgun/Data/f688stk05a.sgy
[10:07:27] [INFO ] NAV      : ../../airgun_data/namss.F-6-88-HW.mcs.airgun/Navigation/f-6-88-hw_NAV-WGS84.csv
[10:07:27] [INFO ] SA mode  : single (seed=42)
[10:07:27] [INFO ] 
[10:07:27] [INFO ] STEP 1 — Feature extraction
[10:07:27] [INFO ]   Loading navigation...
[10:07:27] [INFO ]   Loading SEG-Y...
[10:07:27] [INFO ]   Traces: 1467  Samples: 2500  dt: 4.000 ms
[10:07:27] [INFO ]   Depth:  0.0 m → 7497.0 m
[10:07:27] [INFO ]   Matching traces to navigation...
[10:07:27] [INFO ]   NAV line matched via translation: 'f688stk05a' -> '5A'
[10:07:27] [INFO ]   Matched 416 / 1467 traces
[10:07:27] [INFO ]   Bandpass filtering...
[10:07:27] [INFO ]   Computing seismic attributes...
[10:07:27] [INFO ]   Picking seafloor...
[10:07:27] [INFO ]   Seafloor depth: 1980–2868 m  (0 shallow traces masked)
[10:07:27] [INFO ]   Picking horizons...
[10:07:27] [INFO ]   Computing NCC coherence (slow)...
[10:07:27] [INFO ]   Saving CNN section image...
[10:07:28] [INFO ]   Saved: f688stk05a_section_cnn.png  (2700x1500px)
[10:07:28] [INFO ]   Step 1 complete
[10:07:28] [INFO ] 
[10:07:28] [INFO ] STEP 2 — Fault detection
[10:07:28] [INFO ]   Mode: single SA run (seed=42)
[10:07:28] [INFO ]   Detected 0 high-confidence faults
[10:07:28] [INFO ]   Step 2 complete
[10:07:28] [INFO ] 
[10:07:28] [INFO ] STEP 3 — Bounding boxes
[10:07:28] [INFO ]   Generated 0 boxes
[10:07:28] [INFO ]   Step 3 complete
[10:07:28] [INFO ] 
[10:07:28] [INFO ] STEP 4 — Dataset building
[10:07:28] [INFO ]   Saving labeled review image...
[10:07:28] [INFO ]   Saved: f688stk05a_labeled.png
[10:07:28] [INFO ]   Split: train
[10:07:28] [INFO ]   Added 0 annotations to train.json
[10:07:28] [INFO ]   train.json: 129 images, 64 annotations
[10:07:28] [INFO ]   val.json:   32 images,  14 annotations
[10:07:28] [INFO ]   Step 4 complete
[10:07:28] [INFO ] 
[10:07:28] [INFO ]   DONE  f688stk05a  →  train  |  0 faults  |  0 boxes
[10:07:28] [INFO ] 
[10:07:28] [INFO ] ──────────────────────────────────────────────────
[10:07:28] [INFO ]   LINE: f688stk06
[10:07:28] [INFO ] ──────────────────────────────────────────────────
[10:07:28] [INFO ] Dataset  : namss.F-6-88-HW.mcs.airgun
[10:07:28] [INFO ] SGY      : ../../airgun_data/namss.F-6-88-HW.mcs.airgun/Data/f688stk06.sgy
[10:07:28] [INFO ] NAV      : ../../airgun_data/namss.F-6-88-HW.mcs.airgun/Navigation/f-6-88-hw_NAV-WGS84.csv
[10:07:28] [INFO ] SA mode  : single (seed=42)
[10:07:28] [INFO ] 
[10:07:28] [INFO ] STEP 1 — Feature extraction
[10:07:28] [INFO ]   Loading navigation...
[10:07:28] [INFO ]   Loading SEG-Y...
[10:09:56] [INFO ]   Traces: 10540  Samples: 2750  dt: 4.000 ms
[10:09:56] [INFO ]   Depth:  0.0 m → 8247.0 m
[10:09:56] [INFO ]   Matching traces to navigation...
[10:09:56] [INFO ]   NAV line matched via translation: 'f688stk06' -> '6'
[10:09:57] [INFO ]   Matched 10540 / 10540 traces
[10:09:57] [INFO ]   Bandpass filtering...
[10:09:57] [INFO ]   Computing seismic attributes...
[10:09:59] [INFO ]   Picking seafloor...
[10:09:59] [INFO ]   Seafloor depth: 0–4821 m  (1 shallow traces masked)
[10:09:59] [INFO ]   Picking horizons...
[10:10:00] [INFO ]   Computing NCC coherence (slow)...
[10:10:01] [INFO ]   Saving CNN section image...
[10:10:03] [INFO ]   Saved: f688stk06_section_cnn.png  (2700x1500px)
[10:10:03] [INFO ]   Step 1 complete
[10:10:03] [INFO ] 
[10:10:03] [INFO ] STEP 2 — Fault detection
[10:10:03] [INFO ]   Mode: single SA run (seed=42)
[10:10:15] [INFO ]   Detected 0 high-confidence faults
[10:10:15] [INFO ]   Step 2 complete
[10:10:15] [INFO ] 
[10:10:15] [INFO ] STEP 3 — Bounding boxes
[10:10:15] [INFO ]   Generated 0 boxes
[10:10:15] [INFO ]   Step 3 complete
[10:10:15] [INFO ] 
[10:10:15] [INFO ] STEP 4 — Dataset building
[10:10:15] [INFO ]   Saving labeled review image...
[10:10:15] [INFO ]   Saved: f688stk06_labeled.png
[10:10:15] [INFO ]   Split: train
[10:10:15] [INFO ]   Added 0 annotations to train.json
[10:10:15] [INFO ]   train.json: 130 images, 64 annotations
[10:10:15] [INFO ]   val.json:   32 images,  14 annotations
[10:10:15] [INFO ]   Step 4 complete
[10:10:15] [INFO ] 
[10:10:15] [INFO ]   DONE  f688stk06  →  train  |  0 faults  |  0 boxes
[10:10:15] [INFO ] 
[10:10:15] [INFO ] ──────────────────────────────────────────────────
[10:10:15] [INFO ]   LINE: f688stk06a
[10:10:15] [INFO ] ──────────────────────────────────────────────────
[10:10:15] [INFO ] Dataset  : namss.F-6-88-HW.mcs.airgun
[10:10:15] [INFO ] SGY      : ../../airgun_data/namss.F-6-88-HW.mcs.airgun/Data/f688stk06a.sgy
[10:10:15] [INFO ] NAV      : ../../airgun_data/namss.F-6-88-HW.mcs.airgun/Navigation/f-6-88-hw_NAV-WGS84.csv
[10:10:15] [INFO ] SA mode  : single (seed=42)
[10:10:15] [INFO ] 
[10:10:15] [INFO ] STEP 1 — Feature extraction
[10:10:15] [INFO ]   Loading navigation...
[10:10:15] [INFO ]   Loading SEG-Y...
[10:10:15] [INFO ]   Traces: 530  Samples: 3000  dt: 4.000 ms
[10:10:15] [INFO ]   Depth:  0.0 m → 8997.0 m
[10:10:15] [INFO ]   Matching traces to navigation...
[10:10:15] [INFO ]   NAV line matched via translation: 'f688stk06a' -> '6A'
[10:10:15] [INFO ]   Matched 353 / 530 traces
[10:10:15] [INFO ]   Bandpass filtering...
[10:10:15] [INFO ]   Computing seismic attributes...
[10:10:15] [INFO ]   Picking seafloor...
[10:10:16] [INFO ]   Seafloor depth: 4755–4890 m  (0 shallow traces masked)
[10:10:16] [INFO ]   Picking horizons...
[10:10:16] [INFO ]   Computing NCC coherence (slow)...
[10:10:16] [INFO ]   Saving CNN section image...
[10:10:16] [INFO ]   Saved: f688stk06a_section_cnn.png  (2700x1500px)
[10:10:16] [INFO ]   Step 1 complete
[10:10:16] [INFO ] 
[10:10:16] [INFO ] STEP 2 — Fault detection
[10:10:16] [INFO ]   Mode: single SA run (seed=42)
[10:10:16] [INFO ]   Detected 2 high-confidence faults
[10:10:16] [INFO ]     Fault  1 | trace ~   37 | prob=0.755
[10:10:16] [INFO ]     Fault  2 | trace ~  325 | prob=0.784
[10:10:16] [INFO ]   Step 2 complete
[10:10:16] [INFO ] 
[10:10:16] [INFO ] STEP 3 — Bounding boxes
[10:10:16] [INFO ]   Box  1 | [0, 784, 1247w, 119h px]
[10:10:16] [INFO ]   Box  2 | [2068, 803, 632w, 117h px]
[10:10:16] [INFO ]   Generated 2 boxes
[10:10:16] [INFO ]   Step 3 complete
[10:10:16] [INFO ] 
[10:10:16] [INFO ] STEP 4 — Dataset building
[10:10:16] [INFO ]   Saving labeled review image...
[10:10:17] [INFO ]   Saved: f688stk06a_labeled.png
[10:10:17] [INFO ]   Split: val
[10:10:17] [INFO ]   Added 2 annotations to val.json
[10:10:17] [INFO ]   train.json: 130 images, 64 annotations
[10:10:17] [INFO ]   val.json:   33 images,  16 annotations
[10:10:17] [INFO ]   Step 4 complete
[10:10:17] [INFO ] 
[10:10:17] [INFO ]   DONE  f688stk06a  →  val  |  2 faults  |  2 boxes
[10:10:17] [INFO ] 
[10:10:17] [INFO ] ──────────────────────────────────────────────────
[10:10:17] [INFO ]   LINE: f688stk07
[10:10:17] [INFO ] ──────────────────────────────────────────────────
[10:10:17] [INFO ] Dataset  : namss.F-6-88-HW.mcs.airgun
[10:10:17] [INFO ] SGY      : ../../airgun_data/namss.F-6-88-HW.mcs.airgun/Data/f688stk07.sgy
[10:10:17] [INFO ] NAV      : ../../airgun_data/namss.F-6-88-HW.mcs.airgun/Navigation/f-6-88-hw_NAV-WGS84.csv
[10:10:17] [INFO ] SA mode  : single (seed=42)
[10:10:17] [INFO ] 
[10:10:17] [INFO ] STEP 1 — Feature extraction
[10:10:17] [INFO ]   Loading navigation...
[10:10:17] [INFO ]   Loading SEG-Y...
[10:10:17] [INFO ]   Traces: 10306  Samples: 2750  dt: 4.000 ms
[10:10:17] [INFO ]   Depth:  0.0 m → 8247.0 m
[10:10:17] [INFO ]   Matching traces to navigation...
[10:10:17] [INFO ]   NAV line matched via translation: 'f688stk07' -> '7'
[10:10:18] [INFO ]   Matched 10306 / 10306 traces
[10:10:18] [INFO ]   Bandpass filtering...
[10:10:18] [INFO ]   Computing seismic attributes...
[10:10:20] [INFO ]   Picking seafloor...
[10:10:20] [INFO ]   Seafloor depth: 3411–4878 m  (0 shallow traces masked)
[10:10:20] [INFO ]   Picking horizons...
[10:10:21] [INFO ]   Computing NCC coherence (slow)...
[10:10:22] [INFO ]   Saving CNN section image...
[10:10:23] [INFO ]   Saved: f688stk07_section_cnn.png  (2700x1500px)
[10:10:23] [INFO ]   Step 1 complete
[10:10:23] [INFO ] 
[10:10:23] [INFO ] STEP 2 — Fault detection
[10:10:23] [INFO ]   Mode: single SA run (seed=42)
[10:10:34] [INFO ]   Detected 0 high-confidence faults
[10:10:34] [INFO ]   Step 2 complete
[10:10:34] [INFO ] 
[10:10:34] [INFO ] STEP 3 — Bounding boxes
[10:10:34] [INFO ]   Generated 0 boxes
[10:10:34] [INFO ]   Step 3 complete
[10:10:34] [INFO ] 
[10:10:34] [INFO ] STEP 4 — Dataset building
[10:10:34] [INFO ]   Saving labeled review image...
[10:10:34] [INFO ]   Saved: f688stk07_labeled.png
[10:10:34] [INFO ]   Split: train
[10:10:34] [INFO ]   Added 0 annotations to train.json
[10:10:34] [INFO ]   train.json: 131 images, 64 annotations
[10:10:34] [INFO ]   val.json:   33 images,  16 annotations
[10:10:34] [INFO ]   Step 4 complete
[10:10:34] [INFO ] 
[10:10:34] [INFO ]   DONE  f688stk07  →  train  |  0 faults  |  0 boxes
[10:10:34] [INFO ] 
[10:10:34] [INFO ] ──────────────────────────────────────────────────
[10:10:34] [INFO ]   LINE: f688stk07a
[10:10:34] [INFO ] ──────────────────────────────────────────────────
[10:10:34] [INFO ] Dataset  : namss.F-6-88-HW.mcs.airgun
[10:10:34] [INFO ] SGY      : ../../airgun_data/namss.F-6-88-HW.mcs.airgun/Data/f688stk07a.sgy
[10:10:34] [INFO ] NAV      : ../../airgun_data/namss.F-6-88-HW.mcs.airgun/Navigation/f-6-88-hw_NAV-WGS84.csv
[10:10:34] [INFO ] SA mode  : single (seed=42)
[10:10:34] [INFO ] 
[10:10:34] [INFO ] STEP 1 — Feature extraction
[10:10:34] [INFO ]   Loading navigation...
[10:10:34] [INFO ]   Loading SEG-Y...
[10:10:34] [INFO ]   Traces: 616  Samples: 2750  dt: 4.000 ms
[10:10:34] [INFO ]   Depth:  0.0 m → 8247.0 m
[10:10:34] [INFO ]   Matching traces to navigation...
[10:10:34] [INFO ]   NAV line matched via translation: 'f688stk07a' -> '7A'
[10:10:34] [INFO ]   Matched 0 / 616 traces
[10:10:34] [ERROR] SKIPPING f688stk07a (namss.F-6-88-HW.mcs.airgun): No traces matched navigation — check line name vs NAV file.
[10:10:34] [ERROR]   Traceback (most recent call last):
[10:10:34] [ERROR]     File "/Users/lennylukach/Personal/School/CS4100/namss/pipeline/src/pipeline.py", line 848, in <module>
[10:10:34] [ERROR]       process_line(line, sgy_path, nav_path, dataset)
[10:10:34] [ERROR]     File "/Users/lennylukach/Personal/School/CS4100/namss/pipeline/src/pipeline.py", line 431, in process_line
[10:10:34] [ERROR]       raise RuntimeError(
[10:10:34] [ERROR]   RuntimeError: No traces matched navigation — check line name vs NAV file.
[10:10:34] [INFO ] 
[10:10:34] [INFO ] ──────────────────────────────────────────────────
[10:10:34] [INFO ]   LINE: f688stk08
[10:10:34] [INFO ] ──────────────────────────────────────────────────
[10:10:34] [INFO ] Dataset  : namss.F-6-88-HW.mcs.airgun
[10:10:34] [INFO ] SGY      : ../../airgun_data/namss.F-6-88-HW.mcs.airgun/Data/f688stk08.sgy
[10:10:34] [INFO ] NAV      : ../../airgun_data/namss.F-6-88-HW.mcs.airgun/Navigation/f-6-88-hw_NAV-WGS84.csv
[10:10:34] [INFO ] SA mode  : single (seed=42)
[10:10:34] [INFO ] 
[10:10:34] [INFO ] STEP 1 — Feature extraction
[10:10:34] [INFO ]   Loading navigation...
[10:10:35] [INFO ]   Loading SEG-Y...
[10:10:35] [INFO ]   Traces: 10030  Samples: 2750  dt: 4.000 ms
[10:10:35] [INFO ]   Depth:  0.0 m → 8247.0 m
[10:10:35] [INFO ]   Matching traces to navigation...
[10:10:35] [INFO ]   NAV line matched via translation: 'f688stk08' -> '8'
[10:10:36] [INFO ]   Matched 10030 / 10030 traces
[10:10:36] [INFO ]   Bandpass filtering...
[10:10:36] [INFO ]   Computing seismic attributes...
[10:10:37] [INFO ]   Picking seafloor...
[10:10:38] [INFO ]   Seafloor depth: 4269–4875 m  (0 shallow traces masked)
[10:10:38] [INFO ]   Picking horizons...
[10:10:38] [INFO ]   Computing NCC coherence (slow)...
[10:10:39] [INFO ]   Saving CNN section image...
[10:10:41] [INFO ]   Saved: f688stk08_section_cnn.png  (2700x1500px)
[10:10:41] [INFO ]   Step 1 complete
[10:10:41] [INFO ] 
[10:10:41] [INFO ] STEP 2 — Fault detection
[10:10:41] [INFO ]   Mode: single SA run (seed=42)
[10:12:12] [INFO ]   Detected 4 high-confidence faults
[10:12:12] [INFO ]     Fault  1 | trace ~  575 | prob=0.752
[10:12:12] [INFO ]     Fault  2 | trace ~ 5763 | prob=0.788
[10:12:12] [INFO ]     Fault  3 | trace ~ 8199 | prob=0.764
[10:12:12] [INFO ]     Fault  4 | trace ~ 9055 | prob=0.767
[10:12:12] [INFO ]   Step 2 complete
[10:12:12] [INFO ] 
[10:12:12] [INFO ] STEP 3 — Bounding boxes
[10:12:12] [INFO ]   Box  1 | [107, 786, 94w, 125h px]
[10:12:12] [INFO ]   Box  2 | [1507, 871, 93w, 130h px]
[10:12:12] [INFO ]   Box  3 | [2158, 814, 95w, 128h px]
[10:12:12] [INFO ]   Box  4 | [2389, 810, 93w, 125h px]
[10:12:12] [INFO ]   Generated 4 boxes
[10:12:12] [INFO ]   Step 3 complete
[10:12:12] [INFO ] 
[10:12:12] [INFO ] STEP 4 — Dataset building
[10:12:12] [INFO ]   Saving labeled review image...
[10:12:12] [INFO ]   Saved: f688stk08_labeled.png
[10:12:12] [INFO ]   Split: train
[10:12:12] [INFO ]   Added 4 annotations to train.json
[10:12:12] [INFO ]   train.json: 132 images, 68 annotations
[10:12:12] [INFO ]   val.json:   33 images,  16 annotations
[10:12:12] [INFO ]   Step 4 complete
[10:12:12] [INFO ] 
[10:12:12] [INFO ]   DONE  f688stk08  →  train  |  4 faults  |  4 boxes
[10:12:12] [INFO ] 
[10:12:12] [INFO ] ──────────────────────────────────────────────────
[10:12:12] [INFO ]   LINE: f688stk09
[10:12:12] [INFO ] ──────────────────────────────────────────────────
[10:12:12] [INFO ] Dataset  : namss.F-6-88-HW.mcs.airgun
[10:12:12] [INFO ] SGY      : ../../airgun_data/namss.F-6-88-HW.mcs.airgun/Data/f688stk09.sgy
[10:12:12] [INFO ] NAV      : ../../airgun_data/namss.F-6-88-HW.mcs.airgun/Navigation/f-6-88-hw_NAV-WGS84.csv
[10:12:12] [INFO ] SA mode  : single (seed=42)
[10:12:12] [INFO ] 
[10:12:12] [INFO ] STEP 1 — Feature extraction
[10:12:12] [INFO ]   Loading navigation...
[10:12:12] [INFO ]   Loading SEG-Y...
[10:12:13] [INFO ]   Traces: 10142  Samples: 2750  dt: 4.000 ms
[10:12:13] [INFO ]   Depth:  0.0 m → 8247.0 m
[10:12:13] [INFO ]   Matching traces to navigation...
[10:12:13] [INFO ]   NAV line matched via translation: 'f688stk09' -> '9'
[10:12:14] [INFO ]   Matched 10142 / 10142 traces
[10:12:14] [INFO ]   Bandpass filtering...
[10:12:14] [INFO ]   Computing seismic attributes...
[10:12:15] [INFO ]   Picking seafloor...
[10:12:16] [INFO ]   Seafloor depth: 0–4851 m  (172 shallow traces masked)
[10:12:16] [INFO ]   Picking horizons...
[10:12:16] [INFO ]   Computing NCC coherence (slow)...
[10:12:17] [INFO ]   Saving CNN section image...
[10:12:19] [INFO ]   Saved: f688stk09_section_cnn.png  (2700x1500px)
[10:12:19] [INFO ]   Step 1 complete
[10:12:19] [INFO ] 
[10:12:19] [INFO ] STEP 2 — Fault detection
[10:12:19] [INFO ]   Mode: single SA run (seed=42)
[10:12:30] [INFO ]   Detected 0 high-confidence faults
[10:12:30] [INFO ]   Step 2 complete
[10:12:30] [INFO ] 
[10:12:30] [INFO ] STEP 3 — Bounding boxes
[10:12:30] [INFO ]   Generated 0 boxes
[10:12:30] [INFO ]   Step 3 complete
[10:12:30] [INFO ] 
[10:12:30] [INFO ] STEP 4 — Dataset building
[10:12:30] [INFO ]   Saving labeled review image...
[10:12:30] [INFO ]   Saved: f688stk09_labeled.png
[10:12:30] [INFO ]   Split: train
[10:12:30] [INFO ]   Added 0 annotations to train.json
[10:12:30] [INFO ]   train.json: 133 images, 68 annotations
[10:12:30] [INFO ]   val.json:   33 images,  16 annotations
[10:12:30] [INFO ]   Step 4 complete
[10:12:30] [INFO ] 
[10:12:30] [INFO ]   DONE  f688stk09  →  train  |  0 faults  |  0 boxes
[10:12:30] [INFO ] 
[10:12:30] [INFO ] ──────────────────────────────────────────────────
[10:12:30] [INFO ]   LINE: f688stk09a
[10:12:30] [INFO ] ──────────────────────────────────────────────────
[10:12:30] [INFO ] Dataset  : namss.F-6-88-HW.mcs.airgun
[10:12:30] [INFO ] SGY      : ../../airgun_data/namss.F-6-88-HW.mcs.airgun/Data/f688stk09a.sgy
[10:12:30] [INFO ] NAV      : ../../airgun_data/namss.F-6-88-HW.mcs.airgun/Navigation/f-6-88-hw_NAV-WGS84.csv
[10:12:30] [INFO ] SA mode  : single (seed=42)
[10:12:30] [INFO ] 
[10:12:30] [INFO ] STEP 1 — Feature extraction
[10:12:30] [INFO ]   Loading navigation...
[10:12:30] [INFO ]   Loading SEG-Y...
[10:12:30] [INFO ]   Traces: 736  Samples: 2750  dt: 4.000 ms
[10:12:30] [INFO ]   Depth:  0.0 m → 8247.0 m
[10:12:30] [INFO ]   Matching traces to navigation...
[10:12:30] [INFO ]   NAV line matched via translation: 'f688stk09a' -> '9A'
[10:12:30] [INFO ]   Matched 0 / 736 traces
[10:12:30] [ERROR] SKIPPING f688stk09a (namss.F-6-88-HW.mcs.airgun): No traces matched navigation — check line name vs NAV file.
[10:12:30] [ERROR]   Traceback (most recent call last):
[10:12:30] [ERROR]     File "/Users/lennylukach/Personal/School/CS4100/namss/pipeline/src/pipeline.py", line 848, in <module>
[10:12:30] [ERROR]       process_line(line, sgy_path, nav_path, dataset)
[10:12:30] [ERROR]     File "/Users/lennylukach/Personal/School/CS4100/namss/pipeline/src/pipeline.py", line 431, in process_line
[10:12:30] [ERROR]       raise RuntimeError(
[10:12:30] [ERROR]   RuntimeError: No traces matched navigation — check line name vs NAV file.
[10:12:30] [INFO ] 
[10:12:30] [INFO ] ──────────────────────────────────────────────────
[10:12:30] [INFO ]   LINE: f688stk10
[10:12:30] [INFO ] ──────────────────────────────────────────────────
[10:12:30] [INFO ] Dataset  : namss.F-6-88-HW.mcs.airgun
[10:12:30] [INFO ] SGY      : ../../airgun_data/namss.F-6-88-HW.mcs.airgun/Data/f688stk10.sgy
[10:12:30] [INFO ] NAV      : ../../airgun_data/namss.F-6-88-HW.mcs.airgun/Navigation/f-6-88-hw_NAV-WGS84.csv
[10:12:30] [INFO ] SA mode  : single (seed=42)
[10:12:30] [INFO ] 
[10:12:30] [INFO ] STEP 1 — Feature extraction
[10:12:30] [INFO ]   Loading navigation...
[10:12:30] [INFO ]   Loading SEG-Y...
[10:12:31] [INFO ]   Traces: 10183  Samples: 2750  dt: 4.000 ms
[10:12:31] [INFO ]   Depth:  0.0 m → 8247.0 m
[10:12:31] [INFO ]   Matching traces to navigation...
[10:12:31] [INFO ]   NAV line matched via translation: 'f688stk10' -> '10'
[10:12:32] [INFO ]   Matched 10183 / 10183 traces
[10:12:32] [INFO ]   Bandpass filtering...
[10:12:32] [INFO ]   Computing seismic attributes...
[10:12:33] [INFO ]   Picking seafloor...
[10:12:34] [INFO ]   Seafloor depth: 3495–4818 m  (0 shallow traces masked)
[10:12:34] [INFO ]   Picking horizons...
[10:12:34] [INFO ]   Computing NCC coherence (slow)...
[10:12:35] [INFO ]   Saving CNN section image...
[10:12:37] [INFO ]   Saved: f688stk10_section_cnn.png  (2700x1500px)
[10:12:37] [INFO ]   Step 1 complete
[10:12:37] [INFO ] 
[10:12:37] [INFO ] STEP 2 — Fault detection
[10:12:37] [INFO ]   Mode: single SA run (seed=42)
[10:12:48] [INFO ]   Detected 0 high-confidence faults
[10:12:48] [INFO ]   Step 2 complete
[10:12:48] [INFO ] 
[10:12:48] [INFO ] STEP 3 — Bounding boxes
[10:12:48] [INFO ]   Generated 0 boxes
[10:12:48] [INFO ]   Step 3 complete
[10:12:48] [INFO ] 
[10:12:48] [INFO ] STEP 4 — Dataset building
[10:12:48] [INFO ]   Saving labeled review image...
[10:12:48] [INFO ]   Saved: f688stk10_labeled.png
[10:12:48] [INFO ]   Split: train
[10:12:48] [INFO ]   Added 0 annotations to train.json
[10:12:48] [INFO ]   train.json: 134 images, 68 annotations
[10:12:48] [INFO ]   val.json:   33 images,  16 annotations
[10:12:48] [INFO ]   Step 4 complete
[10:12:48] [INFO ] 
[10:12:48] [INFO ]   DONE  f688stk10  →  train  |  0 faults  |  0 boxes
[10:12:48] [INFO ] 
[10:12:48] [INFO ] ──────────────────────────────────────────────────
[10:12:48] [INFO ]   LINE: f688stk10a
[10:12:48] [INFO ] ──────────────────────────────────────────────────
[10:12:48] [INFO ] Dataset  : namss.F-6-88-HW.mcs.airgun
[10:12:48] [INFO ] SGY      : ../../airgun_data/namss.F-6-88-HW.mcs.airgun/Data/f688stk10a.sgy
[10:12:48] [INFO ] NAV      : ../../airgun_data/namss.F-6-88-HW.mcs.airgun/Navigation/f-6-88-hw_NAV-WGS84.csv
[10:12:48] [INFO ] SA mode  : single (seed=42)
[10:12:48] [INFO ] 
[10:12:48] [INFO ] STEP 1 — Feature extraction
[10:12:48] [INFO ]   Loading navigation...
[10:12:48] [INFO ]   Loading SEG-Y...
[10:12:48] [INFO ]   Traces: 648  Samples: 2750  dt: 4.000 ms
[10:12:48] [INFO ]   Depth:  0.0 m → 8247.0 m
[10:12:48] [INFO ]   Matching traces to navigation...
[10:12:48] [INFO ]   NAV line matched via translation: 'f688stk10a' -> '10A'
[10:12:48] [INFO ]   Matched 0 / 648 traces
[10:12:48] [ERROR] SKIPPING f688stk10a (namss.F-6-88-HW.mcs.airgun): No traces matched navigation — check line name vs NAV file.
[10:12:48] [ERROR]   Traceback (most recent call last):
[10:12:48] [ERROR]     File "/Users/lennylukach/Personal/School/CS4100/namss/pipeline/src/pipeline.py", line 848, in <module>
[10:12:48] [ERROR]       process_line(line, sgy_path, nav_path, dataset)
[10:12:48] [ERROR]     File "/Users/lennylukach/Personal/School/CS4100/namss/pipeline/src/pipeline.py", line 431, in process_line
[10:12:48] [ERROR]       raise RuntimeError(
[10:12:48] [ERROR]   RuntimeError: No traces matched navigation — check line name vs NAV file.
[10:12:48] [INFO ] 
[10:12:48] [INFO ] ──────────────────────────────────────────────────
[10:12:48] [INFO ]   LINE: f688stk11
[10:12:48] [INFO ] ──────────────────────────────────────────────────
[10:12:48] [INFO ] Dataset  : namss.F-6-88-HW.mcs.airgun
[10:12:48] [INFO ] SGY      : ../../airgun_data/namss.F-6-88-HW.mcs.airgun/Data/f688stk11.sgy
[10:12:48] [INFO ] NAV      : ../../airgun_data/namss.F-6-88-HW.mcs.airgun/Navigation/f-6-88-hw_NAV-WGS84.csv
[10:12:48] [INFO ] SA mode  : single (seed=42)
[10:12:48] [INFO ] 
[10:12:48] [INFO ] STEP 1 — Feature extraction
[10:12:48] [INFO ]   Loading navigation...
[10:12:48] [INFO ]   Loading SEG-Y...
[10:12:48] [INFO ]   Traces: 10647  Samples: 2750  dt: 4.000 ms
[10:12:48] [INFO ]   Depth:  0.0 m → 8247.0 m
[10:12:48] [INFO ]   Matching traces to navigation...
[10:12:48] [INFO ]   NAV line matched via translation: 'f688stk11' -> '11'
[10:12:49] [INFO ]   Matched 10647 / 10647 traces
[10:12:49] [INFO ]   Bandpass filtering...
[10:12:50] [INFO ]   Computing seismic attributes...
[10:12:51] [INFO ]   Picking seafloor...
[10:12:52] [INFO ]   Seafloor depth: 0–4938 m  (218 shallow traces masked)
[10:12:52] [INFO ]   Picking horizons...
[10:12:53] [INFO ]   Computing NCC coherence (slow)...
[10:12:54] [INFO ]   Saving CNN section image...
[10:12:56] [INFO ]   Saved: f688stk11_section_cnn.png  (2700x1500px)
[10:12:56] [INFO ]   Step 1 complete
[10:12:56] [INFO ] 
[10:12:56] [INFO ] STEP 2 — Fault detection
[10:12:56] [INFO ]   Mode: single SA run (seed=42)
[10:13:08] [INFO ]   Detected 0 high-confidence faults
[10:13:08] [INFO ]   Step 2 complete
[10:13:08] [INFO ] 
[10:13:08] [INFO ] STEP 3 — Bounding boxes
[10:13:08] [INFO ]   Generated 0 boxes
[10:13:08] [INFO ]   Step 3 complete
[10:13:08] [INFO ] 
[10:13:08] [INFO ] STEP 4 — Dataset building
[10:13:08] [INFO ]   Saving labeled review image...
[10:13:08] [INFO ]   Saved: f688stk11_labeled.png
[10:13:08] [INFO ]   Split: train
[10:13:08] [INFO ]   Added 0 annotations to train.json
[10:13:08] [INFO ]   train.json: 135 images, 68 annotations
[10:13:08] [INFO ]   val.json:   33 images,  16 annotations
[10:13:08] [INFO ]   Step 4 complete
[10:13:08] [INFO ] 
[10:13:08] [INFO ]   DONE  f688stk11  →  train  |  0 faults  |  0 boxes
[10:13:08] [INFO ] 
[10:13:08] [INFO ] ──────────────────────────────────────────────────
[10:13:08] [INFO ]   LINE: f688stk11a
[10:13:08] [INFO ] ──────────────────────────────────────────────────
[10:13:08] [INFO ] Dataset  : namss.F-6-88-HW.mcs.airgun
[10:13:08] [INFO ] SGY      : ../../airgun_data/namss.F-6-88-HW.mcs.airgun/Data/f688stk11a.sgy
[10:13:08] [INFO ] NAV      : ../../airgun_data/namss.F-6-88-HW.mcs.airgun/Navigation/f-6-88-hw_NAV-WGS84.csv
[10:13:08] [INFO ] SA mode  : single (seed=42)
[10:13:08] [INFO ] 
[10:13:08] [INFO ] STEP 1 — Feature extraction
[10:13:08] [INFO ]   Loading navigation...
[10:13:08] [INFO ]   Loading SEG-Y...
[10:13:08] [INFO ]   Traces: 807  Samples: 2750  dt: 4.000 ms
[10:13:08] [INFO ]   Depth:  0.0 m → 8247.0 m
[10:13:08] [INFO ]   Matching traces to navigation...
[10:13:08] [INFO ]   NAV line matched via translation: 'f688stk11a' -> '11A'
[10:13:09] [INFO ]   Matched 0 / 807 traces
[10:13:09] [ERROR] SKIPPING f688stk11a (namss.F-6-88-HW.mcs.airgun): No traces matched navigation — check line name vs NAV file.
[10:13:09] [ERROR]   Traceback (most recent call last):
[10:13:09] [ERROR]     File "/Users/lennylukach/Personal/School/CS4100/namss/pipeline/src/pipeline.py", line 848, in <module>
[10:13:09] [ERROR]       process_line(line, sgy_path, nav_path, dataset)
[10:13:09] [ERROR]     File "/Users/lennylukach/Personal/School/CS4100/namss/pipeline/src/pipeline.py", line 431, in process_line
[10:13:09] [ERROR]       raise RuntimeError(
[10:13:09] [ERROR]   RuntimeError: No traces matched navigation — check line name vs NAV file.
[10:13:09] [INFO ] 
[10:13:09] [INFO ] ──────────────────────────────────────────────────
[10:13:09] [INFO ]   LINE: f688stk12
[10:13:09] [INFO ] ──────────────────────────────────────────────────
[10:13:09] [INFO ] Dataset  : namss.F-6-88-HW.mcs.airgun
[10:13:09] [INFO ] SGY      : ../../airgun_data/namss.F-6-88-HW.mcs.airgun/Data/f688stk12.sgy
[10:13:09] [INFO ] NAV      : ../../airgun_data/namss.F-6-88-HW.mcs.airgun/Navigation/f-6-88-hw_NAV-WGS84.csv
[10:13:09] [INFO ] SA mode  : single (seed=42)
[10:13:09] [INFO ] 
[10:13:09] [INFO ] STEP 1 — Feature extraction
[10:13:09] [INFO ]   Loading navigation...
[10:13:09] [INFO ]   Loading SEG-Y...
[10:13:09] [INFO ]   Traces: 12678  Samples: 2750  dt: 4.000 ms
[10:13:09] [INFO ]   Depth:  0.0 m → 8247.0 m
[10:13:09] [INFO ]   Matching traces to navigation...
[10:13:09] [INFO ]   NAV line matched via translation: 'f688stk12' -> '12'
[10:13:10] [INFO ]   Matched 12678 / 12678 traces
[10:13:10] [INFO ]   Bandpass filtering...
[10:13:11] [INFO ]   Computing seismic attributes...
[10:13:12] [INFO ]   Picking seafloor...
[10:13:13] [INFO ]   Seafloor depth: 2868–4911 m  (0 shallow traces masked)
[10:13:13] [INFO ]   Picking horizons...
[10:13:14] [INFO ]   Computing NCC coherence (slow)...
[10:13:15] [INFO ]   Saving CNN section image...
[10:13:18] [INFO ]   Saved: f688stk12_section_cnn.png  (2700x1500px)
[10:13:18] [INFO ]   Step 1 complete
[10:13:18] [INFO ] 
[10:13:18] [INFO ] STEP 2 — Fault detection
[10:13:18] [INFO ]   Mode: single SA run (seed=42)
[10:13:31] [INFO ]   Detected 0 high-confidence faults
[10:13:31] [INFO ]   Step 2 complete
[10:13:31] [INFO ] 
[10:13:31] [INFO ] STEP 3 — Bounding boxes
[10:13:31] [INFO ]   Generated 0 boxes
[10:13:31] [INFO ]   Step 3 complete
[10:13:31] [INFO ] 
[10:13:31] [INFO ] STEP 4 — Dataset building
[10:13:31] [INFO ]   Saving labeled review image...
[10:13:31] [INFO ]   Saved: f688stk12_labeled.png
[10:13:31] [INFO ]   Split: val
[10:13:31] [INFO ]   Added 0 annotations to val.json
[10:13:31] [INFO ]   train.json: 135 images, 68 annotations
[10:13:31] [INFO ]   val.json:   34 images,  16 annotations
[10:13:31] [INFO ]   Step 4 complete
[10:13:31] [INFO ] 
[10:13:31] [INFO ]   DONE  f688stk12  →  val  |  0 faults  |  0 boxes
[10:13:31] [INFO ] 
[10:13:31] [INFO ] ──────────────────────────────────────────────────
[10:13:31] [INFO ]   LINE: f688stk12a
[10:13:31] [INFO ] ──────────────────────────────────────────────────
[10:13:31] [INFO ] Dataset  : namss.F-6-88-HW.mcs.airgun
[10:13:31] [INFO ] SGY      : ../../airgun_data/namss.F-6-88-HW.mcs.airgun/Data/f688stk12a.sgy
[10:13:31] [INFO ] NAV      : ../../airgun_data/namss.F-6-88-HW.mcs.airgun/Navigation/f-6-88-hw_NAV-WGS84.csv
[10:13:31] [INFO ] SA mode  : single (seed=42)
[10:13:31] [INFO ] 
[10:13:31] [INFO ] STEP 1 — Feature extraction
[10:13:31] [INFO ]   Loading navigation...
[10:13:31] [INFO ]   Loading SEG-Y...
[10:13:31] [INFO ]   Traces: 665  Samples: 2750  dt: 4.000 ms
[10:13:31] [INFO ]   Depth:  0.0 m → 8247.0 m
[10:13:31] [INFO ]   Matching traces to navigation...
[10:13:32] [INFO ]   NAV line matched via translation: 'f688stk12a' -> '12A'
[10:13:32] [INFO ]   Matched 0 / 665 traces
[10:13:32] [ERROR] SKIPPING f688stk12a (namss.F-6-88-HW.mcs.airgun): No traces matched navigation — check line name vs NAV file.
[10:13:32] [ERROR]   Traceback (most recent call last):
[10:13:32] [ERROR]     File "/Users/lennylukach/Personal/School/CS4100/namss/pipeline/src/pipeline.py", line 848, in <module>
[10:13:32] [ERROR]       process_line(line, sgy_path, nav_path, dataset)
[10:13:32] [ERROR]     File "/Users/lennylukach/Personal/School/CS4100/namss/pipeline/src/pipeline.py", line 431, in process_line
[10:13:32] [ERROR]       raise RuntimeError(
[10:13:32] [ERROR]   RuntimeError: No traces matched navigation — check line name vs NAV file.
[10:13:32] [INFO ] 
[10:13:32] [INFO ] ──────────────────────────────────────────────────
[10:13:32] [INFO ]   LINE: f688stk13
[10:13:32] [INFO ] ──────────────────────────────────────────────────
[10:13:32] [INFO ] Dataset  : namss.F-6-88-HW.mcs.airgun
[10:13:32] [INFO ] SGY      : ../../airgun_data/namss.F-6-88-HW.mcs.airgun/Data/f688stk13.sgy
[10:13:32] [INFO ] NAV      : ../../airgun_data/namss.F-6-88-HW.mcs.airgun/Navigation/f-6-88-hw_NAV-WGS84.csv
[10:13:32] [INFO ] SA mode  : single (seed=42)
[10:13:32] [INFO ] 
[10:13:32] [INFO ] STEP 1 — Feature extraction
[10:13:32] [INFO ]   Loading navigation...
[10:13:32] [INFO ]   Loading SEG-Y...
[10:13:32] [INFO ]   Traces: 10743  Samples: 2750  dt: 4.000 ms
[10:13:32] [INFO ]   Depth:  0.0 m → 8247.0 m
[10:13:32] [INFO ]   Matching traces to navigation...
[10:13:32] [INFO ]   NAV line matched via translation: 'f688stk13' -> '13'
[10:13:33] [INFO ]   Matched 10743 / 10743 traces
[10:13:33] [INFO ]   Bandpass filtering...
[10:13:33] [INFO ]   Computing seismic attributes...
[10:13:35] [INFO ]   Picking seafloor...
[10:13:35] [INFO ]   Seafloor depth: 0–4962 m  (167 shallow traces masked)
[10:13:35] [INFO ]   Picking horizons...
[10:13:36] [INFO ]   Computing NCC coherence (slow)...
[10:13:37] [INFO ]   Saving CNN section image...
[10:13:41] [INFO ]   Saved: f688stk13_section_cnn.png  (2700x1500px)
[10:13:41] [INFO ]   Step 1 complete
[10:13:41] [INFO ] 
[10:13:41] [INFO ] STEP 2 — Fault detection
[10:13:41] [INFO ]   Mode: single SA run (seed=42)
[10:13:58] [INFO ]   Detected 0 high-confidence faults
[10:13:58] [INFO ]   Step 2 complete
[10:13:58] [INFO ] 
[10:13:58] [INFO ] STEP 3 — Bounding boxes
[10:13:58] [INFO ]   Generated 0 boxes
[10:13:58] [INFO ]   Step 3 complete
[10:13:58] [INFO ] 
[10:13:58] [INFO ] STEP 4 — Dataset building
[10:13:58] [INFO ]   Saving labeled review image...
[10:13:58] [INFO ]   Saved: f688stk13_labeled.png
[10:13:58] [INFO ]   Split: train
[10:13:58] [INFO ]   Added 0 annotations to train.json
[10:13:58] [INFO ]   train.json: 136 images, 68 annotations
[10:13:58] [INFO ]   val.json:   34 images,  16 annotations
[10:13:58] [INFO ]   Step 4 complete
[10:13:58] [INFO ] 
[10:13:58] [INFO ]   DONE  f688stk13  →  train  |  0 faults  |  0 boxes
[10:13:58] [INFO ] 
[10:13:58] [INFO ] ──────────────────────────────────────────────────
[10:13:58] [INFO ]   LINE: f688stk14
[10:13:58] [INFO ] ──────────────────────────────────────────────────
[10:13:58] [INFO ] Dataset  : namss.F-6-88-HW.mcs.airgun
[10:13:58] [INFO ] SGY      : ../../airgun_data/namss.F-6-88-HW.mcs.airgun/Data/f688stk14.sgy
[10:13:58] [INFO ] NAV      : ../../airgun_data/namss.F-6-88-HW.mcs.airgun/Navigation/f-6-88-hw_NAV-WGS84.csv
[10:13:58] [INFO ] SA mode  : single (seed=42)
[10:13:58] [INFO ] 
[10:13:58] [INFO ] STEP 1 — Feature extraction
[10:13:58] [INFO ]   Loading navigation...
[10:13:58] [INFO ]   Loading SEG-Y...
[10:13:59] [INFO ]   Traces: 10761  Samples: 2750  dt: 4.000 ms
[10:13:59] [INFO ]   Depth:  0.0 m → 8247.0 m
[10:13:59] [INFO ]   Matching traces to navigation...
[10:13:59] [INFO ]   NAV line matched via translation: 'f688stk14' -> '14'
[10:14:00] [INFO ]   Matched 10761 / 10761 traces
[10:14:00] [INFO ]   Bandpass filtering...
[10:14:00] [INFO ]   Computing seismic attributes...
[10:14:01] [INFO ]   Picking seafloor...
[10:14:02] [INFO ]   Seafloor depth: 4062–5001 m  (0 shallow traces masked)
[10:14:02] [INFO ]   Picking horizons...
[10:14:02] [INFO ]   Computing NCC coherence (slow)...
[10:14:03] [INFO ]   Saving CNN section image...
[10:14:06] [INFO ]   Saved: f688stk14_section_cnn.png  (2700x1500px)
[10:14:06] [INFO ]   Step 1 complete
[10:14:06] [INFO ] 
[10:14:06] [INFO ] STEP 2 — Fault detection
[10:14:06] [INFO ]   Mode: single SA run (seed=42)
[10:14:18] [INFO ]   Detected 0 high-confidence faults
[10:14:18] [INFO ]   Step 2 complete
[10:14:18] [INFO ] 
[10:14:18] [INFO ] STEP 3 — Bounding boxes
[10:14:18] [INFO ]   Generated 0 boxes
[10:14:18] [INFO ]   Step 3 complete
[10:14:18] [INFO ] 
[10:14:18] [INFO ] STEP 4 — Dataset building
[10:14:18] [INFO ]   Saving labeled review image...
[10:14:18] [INFO ]   Saved: f688stk14_labeled.png
[10:14:18] [INFO ]   Split: train
[10:14:18] [INFO ]   Added 0 annotations to train.json
[10:14:18] [INFO ]   train.json: 137 images, 68 annotations
[10:14:18] [INFO ]   val.json:   34 images,  16 annotations
[10:14:18] [INFO ]   Step 4 complete
[10:14:18] [INFO ] 
[10:14:18] [INFO ]   DONE  f688stk14  →  train  |  0 faults  |  0 boxes
[10:14:18] [INFO ] 
[10:14:18] [INFO ] ──────────────────────────────────────────────────
[10:14:18] [INFO ]   LINE: f688stk14a
[10:14:18] [INFO ] ──────────────────────────────────────────────────
[10:14:18] [INFO ] Dataset  : namss.F-6-88-HW.mcs.airgun
[10:14:18] [INFO ] SGY      : ../../airgun_data/namss.F-6-88-HW.mcs.airgun/Data/f688stk14a.sgy
[10:14:18] [INFO ] NAV      : ../../airgun_data/namss.F-6-88-HW.mcs.airgun/Navigation/f-6-88-hw_NAV-WGS84.csv
[10:14:18] [INFO ] SA mode  : single (seed=42)
[10:14:18] [INFO ] 
[10:14:18] [INFO ] STEP 1 — Feature extraction
[10:14:18] [INFO ]   Loading navigation...
[10:14:18] [INFO ]   Loading SEG-Y...
[10:14:18] [INFO ]   Traces: 684  Samples: 2750  dt: 4.000 ms
[10:14:18] [INFO ]   Depth:  0.0 m → 8247.0 m
[10:14:18] [INFO ]   Matching traces to navigation...
[10:14:18] [INFO ]   NAV line matched via translation: 'f688stk14a' -> '14A'
[10:14:19] [INFO ]   Matched 0 / 684 traces
[10:14:19] [ERROR] SKIPPING f688stk14a (namss.F-6-88-HW.mcs.airgun): No traces matched navigation — check line name vs NAV file.
[10:14:19] [ERROR]   Traceback (most recent call last):
[10:14:19] [ERROR]     File "/Users/lennylukach/Personal/School/CS4100/namss/pipeline/src/pipeline.py", line 848, in <module>
[10:14:19] [ERROR]       process_line(line, sgy_path, nav_path, dataset)
[10:14:19] [ERROR]     File "/Users/lennylukach/Personal/School/CS4100/namss/pipeline/src/pipeline.py", line 431, in process_line
[10:14:19] [ERROR]       raise RuntimeError(
[10:14:19] [ERROR]   RuntimeError: No traces matched navigation — check line name vs NAV file.
[10:14:19] [INFO ] 
[10:14:19] [INFO ] ──────────────────────────────────────────────────
[10:14:19] [INFO ]   LINE: f688stk15
[10:14:19] [INFO ] ──────────────────────────────────────────────────
[10:14:19] [INFO ] Dataset  : namss.F-6-88-HW.mcs.airgun
[10:14:19] [INFO ] SGY      : ../../airgun_data/namss.F-6-88-HW.mcs.airgun/Data/f688stk15.sgy
[10:14:19] [INFO ] NAV      : ../../airgun_data/namss.F-6-88-HW.mcs.airgun/Navigation/f-6-88-hw_NAV-WGS84.csv
[10:14:19] [INFO ] SA mode  : single (seed=42)
[10:14:19] [INFO ] 
[10:14:19] [INFO ] STEP 1 — Feature extraction
[10:14:19] [INFO ]   Loading navigation...
[10:14:19] [INFO ]   Loading SEG-Y...
[10:14:19] [INFO ]   Traces: 10196  Samples: 2750  dt: 4.000 ms
[10:14:19] [INFO ]   Depth:  0.0 m → 8247.0 m
[10:14:19] [INFO ]   Matching traces to navigation...
[10:14:19] [INFO ]   NAV line matched via translation: 'f688stk15' -> '15'
[10:14:20] [INFO ]   Matched 10196 / 10196 traces
[10:14:20] [INFO ]   Bandpass filtering...
[10:14:20] [INFO ]   Computing seismic attributes...
[10:14:21] [INFO ]   Picking seafloor...
[10:14:22] [INFO ]   Seafloor depth: 4173–5016 m  (0 shallow traces masked)
[10:14:22] [INFO ]   Picking horizons...
[10:14:22] [INFO ]   Computing NCC coherence (slow)...
[10:14:23] [INFO ]   Saving CNN section image...
[10:14:25] [INFO ]   Saved: f688stk15_section_cnn.png  (2700x1500px)
[10:14:25] [INFO ]   Step 1 complete
[10:14:25] [INFO ] 
[10:14:25] [INFO ] STEP 2 — Fault detection
[10:14:25] [INFO ]   Mode: single SA run (seed=42)
[10:20:02] [INFO ]   Detected 1 high-confidence faults
[10:20:02] [INFO ]     Fault  1 | trace ~ 9988 | prob=0.763
[10:20:02] [INFO ]   Step 2 complete
[10:20:02] [INFO ] 
[10:20:02] [INFO ] STEP 3 — Bounding boxes
[10:20:02] [INFO ]   Box  1 | [2599, 871, 93w, 128h px]
[10:20:02] [INFO ]   Generated 1 boxes
[10:20:02] [INFO ]   Step 3 complete
[10:20:02] [INFO ] 
[10:20:02] [INFO ] STEP 4 — Dataset building
[10:20:02] [INFO ]   Saving labeled review image...
[10:20:03] [INFO ]   Saved: f688stk15_labeled.png
[10:20:03] [INFO ]   Split: val
[10:20:03] [INFO ]   Added 1 annotations to val.json
[10:20:03] [INFO ]   train.json: 137 images, 68 annotations
[10:20:03] [INFO ]   val.json:   35 images,  17 annotations
[10:20:03] [INFO ]   Step 4 complete
[10:20:03] [INFO ] 
[10:20:03] [INFO ]   DONE  f688stk15  →  val  |  1 faults  |  1 boxes
[10:20:03] [INFO ] 
[10:20:03] [INFO ] ──────────────────────────────────────────────────
[10:20:03] [INFO ]   LINE: f688stk16
[10:20:03] [INFO ] ──────────────────────────────────────────────────
[10:20:03] [INFO ] Dataset  : namss.F-6-88-HW.mcs.airgun
[10:20:03] [INFO ] SGY      : ../../airgun_data/namss.F-6-88-HW.mcs.airgun/Data/f688stk16.sgy
[10:20:03] [INFO ] NAV      : ../../airgun_data/namss.F-6-88-HW.mcs.airgun/Navigation/f-6-88-hw_NAV-WGS84.csv
[10:20:03] [INFO ] SA mode  : single (seed=42)
[10:20:03] [INFO ] 
[10:20:03] [INFO ] STEP 1 — Feature extraction
[10:20:03] [INFO ]   Loading navigation...
[10:20:03] [INFO ]   Loading SEG-Y...
[10:20:03] [INFO ]   Traces: 10764  Samples: 2750  dt: 4.000 ms
[10:20:03] [INFO ]   Depth:  0.0 m → 8247.0 m
[10:20:03] [INFO ]   Matching traces to navigation...
[10:20:03] [INFO ]   NAV line matched via translation: 'f688stk16' -> '16'
[10:20:04] [INFO ]   Matched 10764 / 10764 traces
[10:20:04] [INFO ]   Bandpass filtering...
[10:20:04] [INFO ]   Computing seismic attributes...
[10:20:05] [INFO ]   Picking seafloor...
[10:20:06] [INFO ]   Seafloor depth: 2712–5073 m  (0 shallow traces masked)
[10:20:06] [INFO ]   Picking horizons...
[10:20:07] [INFO ]   Computing NCC coherence (slow)...
[10:20:08] [INFO ]   Saving CNN section image...
[10:20:10] [INFO ]   Saved: f688stk16_section_cnn.png  (2700x1500px)
[10:20:10] [INFO ]   Step 1 complete
[10:20:10] [INFO ] 
[10:20:10] [INFO ] STEP 2 — Fault detection
[10:20:10] [INFO ]   Mode: single SA run (seed=42)
[10:20:21] [INFO ]   Detected 0 high-confidence faults
[10:20:21] [INFO ]   Step 2 complete
[10:20:21] [INFO ] 
[10:20:21] [INFO ] STEP 3 — Bounding boxes
[10:20:21] [INFO ]   Generated 0 boxes
[10:20:21] [INFO ]   Step 3 complete
[10:20:21] [INFO ] 
[10:20:21] [INFO ] STEP 4 — Dataset building
[10:20:21] [INFO ]   Saving labeled review image...
[10:20:21] [INFO ]   Saved: f688stk16_labeled.png
[10:20:21] [INFO ]   Split: train
[10:20:21] [INFO ]   Added 0 annotations to train.json
[10:20:21] [INFO ]   train.json: 138 images, 68 annotations
[10:20:21] [INFO ]   val.json:   35 images,  17 annotations
[10:20:21] [INFO ]   Step 4 complete
[10:20:21] [INFO ] 
[10:20:21] [INFO ]   DONE  f688stk16  →  train  |  0 faults  |  0 boxes
[10:20:21] [INFO ] 
[10:20:21] [INFO ] ──────────────────────────────────────────────────
[10:20:21] [INFO ]   LINE: f688stk16a
[10:20:21] [INFO ] ──────────────────────────────────────────────────
[10:20:21] [INFO ] Dataset  : namss.F-6-88-HW.mcs.airgun
[10:20:21] [INFO ] SGY      : ../../airgun_data/namss.F-6-88-HW.mcs.airgun/Data/f688stk16a.sgy
[10:20:21] [INFO ] NAV      : ../../airgun_data/namss.F-6-88-HW.mcs.airgun/Navigation/f-6-88-hw_NAV-WGS84.csv
[10:20:21] [INFO ] SA mode  : single (seed=42)
[10:20:21] [INFO ] 
[10:20:21] [INFO ] STEP 1 — Feature extraction
[10:20:21] [INFO ]   Loading navigation...
[10:20:21] [INFO ]   Loading SEG-Y...
[10:20:21] [INFO ]   Traces: 703  Samples: 2750  dt: 4.000 ms
[10:20:21] [INFO ]   Depth:  0.0 m → 8247.0 m
[10:20:21] [INFO ]   Matching traces to navigation...
[10:20:21] [INFO ]   NAV line matched via translation: 'f688stk16a' -> '16A'
[10:20:21] [INFO ]   Matched 0 / 703 traces
[10:20:21] [ERROR] SKIPPING f688stk16a (namss.F-6-88-HW.mcs.airgun): No traces matched navigation — check line name vs NAV file.
[10:20:21] [ERROR]   Traceback (most recent call last):
[10:20:21] [ERROR]     File "/Users/lennylukach/Personal/School/CS4100/namss/pipeline/src/pipeline.py", line 848, in <module>
[10:20:21] [ERROR]       process_line(line, sgy_path, nav_path, dataset)
[10:20:21] [ERROR]     File "/Users/lennylukach/Personal/School/CS4100/namss/pipeline/src/pipeline.py", line 431, in process_line
[10:20:21] [ERROR]       raise RuntimeError(
[10:20:21] [ERROR]   RuntimeError: No traces matched navigation — check line name vs NAV file.
[10:20:21] [INFO ] 
[10:20:21] [INFO ] ──────────────────────────────────────────────────
[10:20:21] [INFO ]   LINE: f688stk17
[10:20:21] [INFO ] ──────────────────────────────────────────────────
[10:20:21] [INFO ] Dataset  : namss.F-6-88-HW.mcs.airgun
[10:20:21] [INFO ] SGY      : ../../airgun_data/namss.F-6-88-HW.mcs.airgun/Data/f688stk17.sgy
[10:20:21] [INFO ] NAV      : ../../airgun_data/namss.F-6-88-HW.mcs.airgun/Navigation/f-6-88-hw_NAV-WGS84.csv
[10:20:21] [INFO ] SA mode  : single (seed=42)
[10:20:21] [INFO ] 
[10:20:21] [INFO ] STEP 1 — Feature extraction
[10:20:21] [INFO ]   Loading navigation...
[10:20:21] [INFO ]   Loading SEG-Y...
[10:20:22] [INFO ]   Traces: 10831  Samples: 2750  dt: 4.000 ms
[10:20:22] [INFO ]   Depth:  0.0 m → 8247.0 m
[10:20:22] [INFO ]   Matching traces to navigation...
[10:20:22] [INFO ]   NAV line matched via translation: 'f688stk17' -> '17'
[10:20:23] [INFO ]   Matched 10831 / 10831 traces
[10:20:23] [INFO ]   Bandpass filtering...
[10:20:23] [INFO ]   Computing seismic attributes...
[10:20:24] [INFO ]   Picking seafloor...
[10:20:25] [INFO ]   Seafloor depth: 0–5091 m  (235 shallow traces masked)
[10:20:25] [INFO ]   Picking horizons...
[10:20:25] [INFO ]   Computing NCC coherence (slow)...
[10:20:26] [INFO ]   Saving CNN section image...
[10:20:28] [INFO ]   Saved: f688stk17_section_cnn.png  (2700x1500px)
[10:20:28] [INFO ]   Step 1 complete
[10:20:28] [INFO ] 
[10:20:28] [INFO ] STEP 2 — Fault detection
[10:20:28] [INFO ]   Mode: single SA run (seed=42)
[10:20:39] [INFO ]   Detected 0 high-confidence faults
[10:20:39] [INFO ]   Step 2 complete
[10:20:39] [INFO ] 
[10:20:39] [INFO ] STEP 3 — Bounding boxes
[10:20:39] [INFO ]   Generated 0 boxes
[10:20:39] [INFO ]   Step 3 complete
[10:20:39] [INFO ] 
[10:20:39] [INFO ] STEP 4 — Dataset building
[10:20:39] [INFO ]   Saving labeled review image...
[10:20:39] [INFO ]   Saved: f688stk17_labeled.png
[10:20:39] [INFO ]   Split: train
[10:20:39] [INFO ]   Added 0 annotations to train.json
[10:20:39] [INFO ]   train.json: 139 images, 68 annotations
[10:20:39] [INFO ]   val.json:   35 images,  17 annotations
[10:20:39] [INFO ]   Step 4 complete
[10:20:39] [INFO ] 
[10:20:39] [INFO ]   DONE  f688stk17  →  train  |  0 faults  |  0 boxes
[10:20:39] [INFO ] 
[10:20:39] [INFO ] ──────────────────────────────────────────────────
[10:20:39] [INFO ]   LINE: 201wg82stk
[10:20:39] [INFO ] ──────────────────────────────────────────────────
[10:20:39] [INFO ] Dataset  : namss.L-12-82-WG.mcs.airgun
[10:20:39] [INFO ] SGY      : ../../airgun_data/namss.L-12-82-WG.mcs.airgun/Data/201wg82stk.sgy
[10:20:39] [INFO ] NAV      : ../../airgun_data/namss.L-12-82-WG.mcs.airgun/Navigation/l-12-82-wg_NAV-WGS84.csv
[10:20:39] [INFO ] SA mode  : single (seed=42)
[10:20:39] [INFO ] 
[10:20:39] [INFO ] STEP 1 — Feature extraction
[10:20:39] [INFO ]   Loading navigation...
[10:20:39] [INFO ]   Loading SEG-Y...
[10:20:39] [INFO ]   Traces: 3304  Samples: 3500  dt: 4.000 ms
[10:20:39] [INFO ]   Depth:  0.0 m → 10497.0 m
[10:20:39] [INFO ]   Matching traces to navigation...
[10:20:39] [INFO ]   NAV line matched via translation: '201wg82stk' -> '201'
[10:20:40] [INFO ]   Matched 2556 / 3304 traces
[10:20:40] [INFO ]   Bandpass filtering...
[10:20:40] [INFO ]   Computing seismic attributes...
[10:20:40] [INFO ]   Picking seafloor...
[10:20:40] [INFO ]   Seafloor depth: 33–6957 m  (782 shallow traces masked)
[10:20:40] [INFO ]   Picking horizons...
[10:20:41] [INFO ]   Computing NCC coherence (slow)...
[10:20:41] [INFO ]   Saving CNN section image...
[10:20:41] [INFO ]   Saved: 201wg82stk_section_cnn.png  (2700x1500px)
[10:20:41] [INFO ]   Step 1 complete
[10:20:41] [INFO ] 
[10:20:41] [INFO ] STEP 2 — Fault detection
[10:20:41] [INFO ]   Mode: single SA run (seed=42)
[10:20:44] [INFO ]   Detected 2 high-confidence faults
[10:20:44] [INFO ]     Fault  1 | trace ~  751 | prob=0.827
[10:20:44] [INFO ]     Fault  2 | trace ~ 1230 | prob=0.753
[10:20:44] [INFO ]   Step 2 complete
[10:20:44] [INFO ] 
[10:20:44] [INFO ] STEP 3 — Bounding boxes
[10:20:44] [INFO ]   Box  1 | [645, 51, 316w, 153h px]
[10:20:44] [INFO ]   Box  2 | [1185, 383, 230w, 101h px]
[10:20:44] [INFO ]   Generated 2 boxes
[10:20:44] [INFO ]   Step 3 complete
[10:20:44] [INFO ] 
[10:20:44] [INFO ] STEP 4 — Dataset building
[10:20:44] [INFO ]   Saving labeled review image...
[10:20:44] [INFO ]   Saved: 201wg82stk_labeled.png
[10:20:44] [INFO ]   Split: train
[10:20:44] [INFO ]   Added 2 annotations to train.json
[10:20:44] [INFO ]   train.json: 140 images, 70 annotations
[10:20:44] [INFO ]   val.json:   35 images,  17 annotations
[10:20:44] [INFO ]   Step 4 complete
[10:20:44] [INFO ] 
[10:20:44] [INFO ]   DONE  201wg82stk  →  train  |  2 faults  |  2 boxes
[10:20:44] [INFO ] 
[10:20:44] [INFO ] ──────────────────────────────────────────────────
[10:20:44] [INFO ]   LINE: 202wg82stk
[10:20:44] [INFO ] ──────────────────────────────────────────────────
[10:20:44] [INFO ] Dataset  : namss.L-12-82-WG.mcs.airgun
[10:20:44] [INFO ] SGY      : ../../airgun_data/namss.L-12-82-WG.mcs.airgun/Data/202wg82stk.sgy
[10:20:44] [INFO ] NAV      : ../../airgun_data/namss.L-12-82-WG.mcs.airgun/Navigation/l-12-82-wg_NAV-WGS84.csv
[10:20:44] [INFO ] SA mode  : single (seed=42)
[10:20:44] [INFO ] 
[10:20:44] [INFO ] STEP 1 — Feature extraction
[10:20:44] [INFO ]   Loading navigation...
[10:20:44] [INFO ]   Loading SEG-Y...
[10:20:44] [INFO ]   Traces: 1287  Samples: 4000  dt: 4.000 ms
[10:20:44] [INFO ]   Depth:  0.0 m → 11997.0 m
[10:20:44] [INFO ]   Matching traces to navigation...
[10:20:44] [INFO ]   NAV line matched via translation: '202wg82stk' -> '202'
[10:20:44] [INFO ]   Matched 1285 / 1287 traces
[10:20:44] [INFO ]   Bandpass filtering...
[10:20:44] [INFO ]   Computing seismic attributes...
[10:20:44] [INFO ]   Picking seafloor...
[10:20:44] [INFO ]   Seafloor depth: 5535–6888 m  (0 shallow traces masked)
[10:20:44] [INFO ]   Picking horizons...
[10:20:44] [INFO ]   Computing NCC coherence (slow)...
[10:20:45] [INFO ]   Saving CNN section image...
[10:20:45] [INFO ]   Saved: 202wg82stk_section_cnn.png  (2700x1500px)
[10:20:45] [INFO ]   Step 1 complete
[10:20:45] [INFO ] 
[10:20:45] [INFO ] STEP 2 — Fault detection
[10:20:45] [INFO ]   Mode: single SA run (seed=42)
[10:20:47] [INFO ]   Detected 0 high-confidence faults
[10:20:47] [INFO ]   Step 2 complete
[10:20:47] [INFO ] 
[10:20:47] [INFO ] STEP 3 — Bounding boxes
[10:20:47] [INFO ]   Generated 0 boxes
[10:20:47] [INFO ]   Step 3 complete
[10:20:47] [INFO ] 
[10:20:47] [INFO ] STEP 4 — Dataset building
[10:20:47] [INFO ]   Saving labeled review image...
[10:20:47] [INFO ]   Saved: 202wg82stk_labeled.png
[10:20:47] [INFO ]   Split: val
[10:20:47] [INFO ]   Added 0 annotations to val.json
[10:20:47] [INFO ]   train.json: 140 images, 70 annotations
[10:20:47] [INFO ]   val.json:   36 images,  17 annotations
[10:20:47] [INFO ]   Step 4 complete
[10:20:47] [INFO ] 
[10:20:47] [INFO ]   DONE  202wg82stk  →  val  |  0 faults  |  0 boxes
[10:20:47] [INFO ] 
[10:20:47] [INFO ] ──────────────────────────────────────────────────
[10:20:47] [INFO ]   LINE: 203wg82stk
[10:20:47] [INFO ] ──────────────────────────────────────────────────
[10:20:47] [INFO ] Dataset  : namss.L-12-82-WG.mcs.airgun
[10:20:47] [INFO ] SGY      : ../../airgun_data/namss.L-12-82-WG.mcs.airgun/Data/203wg82stk.sgy
[10:20:47] [INFO ] NAV      : ../../airgun_data/namss.L-12-82-WG.mcs.airgun/Navigation/l-12-82-wg_NAV-WGS84.csv
[10:20:47] [INFO ] SA mode  : single (seed=42)
[10:20:47] [INFO ] 
[10:20:47] [INFO ] STEP 1 — Feature extraction
[10:20:47] [INFO ]   Loading navigation...
[10:20:47] [INFO ]   Loading SEG-Y...
[10:20:47] [INFO ]   Traces: 3497  Samples: 4000  dt: 4.000 ms
[10:20:47] [INFO ]   Depth:  0.0 m → 11997.0 m
[10:20:47] [INFO ]   Matching traces to navigation...
[10:20:47] [INFO ]   NAV line matched via translation: '203wg82stk' -> '203'
[10:20:48] [INFO ]   Matched 3373 / 3497 traces
[10:20:48] [INFO ]   Bandpass filtering...
[10:35:48] [INFO ]   Computing seismic attributes...
[10:35:48] [INFO ]   Picking seafloor...
[10:35:49] [INFO ]   Seafloor depth: 3–6666 m  (1586 shallow traces masked)
[10:35:49] [INFO ]   Picking horizons...
[10:35:49] [INFO ]   Computing NCC coherence (slow)...
[10:35:49] [INFO ]   Saving CNN section image...
[10:35:50] [INFO ]   Saved: 203wg82stk_section_cnn.png  (2700x1500px)
[10:35:50] [INFO ]   Step 1 complete
[10:35:50] [INFO ] 
[10:35:50] [INFO ] STEP 2 — Fault detection
[10:35:50] [INFO ]   Mode: single SA run (seed=42)
[10:35:54] [INFO ]   Detected 0 high-confidence faults
[10:35:54] [INFO ]   Step 2 complete
[10:35:54] [INFO ] 
[10:35:54] [INFO ] STEP 3 — Bounding boxes
[10:35:54] [INFO ]   Generated 0 boxes
[10:35:54] [INFO ]   Step 3 complete
[10:35:54] [INFO ] 
[10:35:54] [INFO ] STEP 4 — Dataset building
[10:35:54] [INFO ]   Saving labeled review image...
[10:35:54] [INFO ]   Saved: 203wg82stk_labeled.png
[10:35:54] [INFO ]   Split: train
[10:35:54] [INFO ]   Added 0 annotations to train.json
[10:35:54] [INFO ]   train.json: 141 images, 70 annotations
[10:35:54] [INFO ]   val.json:   36 images,  17 annotations
[10:35:54] [INFO ]   Step 4 complete
[10:35:54] [INFO ] 
[10:35:54] [INFO ]   DONE  203wg82stk  →  train  |  0 faults  |  0 boxes
[10:35:54] [INFO ] 
[10:35:54] [INFO ] ──────────────────────────────────────────────────
[10:35:54] [INFO ]   LINE: 204wg82stk
[10:35:54] [INFO ] ──────────────────────────────────────────────────
[10:35:54] [INFO ] Dataset  : namss.L-12-82-WG.mcs.airgun
[10:35:54] [INFO ] SGY      : ../../airgun_data/namss.L-12-82-WG.mcs.airgun/Data/204wg82stk.sgy
[10:35:54] [INFO ] NAV      : ../../airgun_data/namss.L-12-82-WG.mcs.airgun/Navigation/l-12-82-wg_NAV-WGS84.csv
[10:35:54] [INFO ] SA mode  : single (seed=42)
[10:35:54] [INFO ] 
[10:35:54] [INFO ] STEP 1 — Feature extraction
[10:35:54] [INFO ]   Loading navigation...
[10:35:54] [INFO ]   Loading SEG-Y...
[10:35:54] [INFO ]   Traces: 712  Samples: 2500  dt: 4.000 ms
[10:35:54] [INFO ]   Depth:  0.0 m → 7497.0 m
[10:35:54] [INFO ]   Matching traces to navigation...
[10:35:54] [INFO ]   NAV line matched via translation: '204wg82stk' -> '204'
[10:35:55] [INFO ]   Matched 638 / 712 traces
[10:35:55] [INFO ]   Bandpass filtering...
[10:35:55] [INFO ]   Computing seismic attributes...
[10:35:55] [INFO ]   Picking seafloor...
[10:35:55] [INFO ]   Seafloor depth: 6–42 m  (638 shallow traces masked)
[10:35:55] [INFO ]   Picking horizons...
[10:35:55] [INFO ]   Computing NCC coherence (slow)...
[10:35:55] [INFO ]   Saving CNN section image...
[10:35:55] [INFO ]   Saved: 204wg82stk_section_cnn.png  (2700x1500px)
[10:35:55] [INFO ]   Step 1 complete
[10:35:55] [INFO ] 
[10:35:55] [INFO ] STEP 2 — Fault detection
[10:35:55] [INFO ]   Mode: single SA run (seed=42)
[10:35:55] [INFO ]   Detected 0 high-confidence faults
[10:35:55] [INFO ]   Step 2 complete
[10:35:55] [INFO ] 
[10:35:55] [INFO ] STEP 3 — Bounding boxes
[10:35:55] [INFO ]   Generated 0 boxes
[10:35:55] [INFO ]   Step 3 complete
[10:35:55] [INFO ] 
[10:35:55] [INFO ] STEP 4 — Dataset building
[10:35:55] [INFO ]   Saving labeled review image...
[10:35:56] [INFO ]   Saved: 204wg82stk_labeled.png
[10:35:56] [INFO ]   Split: train
[10:35:56] [INFO ]   Added 0 annotations to train.json
[10:35:56] [INFO ]   train.json: 142 images, 70 annotations
[10:35:56] [INFO ]   val.json:   36 images,  17 annotations
[10:35:56] [INFO ]   Step 4 complete
[10:35:56] [INFO ] 
[10:35:56] [INFO ]   DONE  204wg82stk  →  train  |  0 faults  |  0 boxes
[10:35:56] [INFO ] 
[10:35:56] [INFO ] ──────────────────────────────────────────────────
[10:35:56] [INFO ]   LINE: 205wg82stk
[10:35:56] [INFO ] ──────────────────────────────────────────────────
[10:35:56] [INFO ] Dataset  : namss.L-12-82-WG.mcs.airgun
[10:35:56] [INFO ] SGY      : ../../airgun_data/namss.L-12-82-WG.mcs.airgun/Data/205wg82stk.sgy
[10:35:56] [INFO ] NAV      : ../../airgun_data/namss.L-12-82-WG.mcs.airgun/Navigation/l-12-82-wg_NAV-WGS84.csv
[10:35:56] [INFO ] SA mode  : single (seed=42)
[10:35:56] [INFO ] 
[10:35:56] [INFO ] STEP 1 — Feature extraction
[10:35:56] [INFO ]   Loading navigation...
[10:35:56] [INFO ]   Loading SEG-Y...
[10:35:56] [INFO ]   Traces: 3314  Samples: 3500  dt: 4.000 ms
[10:35:56] [INFO ]   Depth:  0.0 m → 10497.0 m
[10:35:56] [INFO ]   Matching traces to navigation...
[10:35:56] [INFO ]   NAV line matched via translation: '205wg82stk' -> '205'
[10:35:56] [INFO ]   Matched 2865 / 3314 traces
[10:35:56] [INFO ]   Bandpass filtering...
[10:35:56] [INFO ]   Computing seismic attributes...
[10:35:56] [INFO ]   Picking seafloor...
[10:35:57] [INFO ]   Seafloor depth: 3–6828 m  (1060 shallow traces masked)
[10:35:57] [INFO ]   Picking horizons...
[10:35:57] [INFO ]   Computing NCC coherence (slow)...
[10:35:57] [INFO ]   Saving CNN section image...
[10:35:58] [INFO ]   Saved: 205wg82stk_section_cnn.png  (2700x1500px)
[10:35:58] [INFO ]   Step 1 complete
[10:35:58] [INFO ] 
[10:35:58] [INFO ] STEP 2 — Fault detection
[10:35:58] [INFO ]   Mode: single SA run (seed=42)
[10:36:01] [INFO ]   Detected 0 high-confidence faults
[10:36:01] [INFO ]   Step 2 complete
[10:36:01] [INFO ] 
[10:36:01] [INFO ] STEP 3 — Bounding boxes
[10:36:01] [INFO ]   Generated 0 boxes
[10:36:01] [INFO ]   Step 3 complete
[10:36:01] [INFO ] 
[10:36:01] [INFO ] STEP 4 — Dataset building
[10:36:01] [INFO ]   Saving labeled review image...
[10:36:01] [INFO ]   Saved: 205wg82stk_labeled.png
[10:36:01] [INFO ]   Split: train
[10:36:01] [INFO ]   Added 0 annotations to train.json
[10:36:01] [INFO ]   train.json: 143 images, 70 annotations
[10:36:01] [INFO ]   val.json:   36 images,  17 annotations
[10:36:01] [INFO ]   Step 4 complete
[10:36:01] [INFO ] 
[10:36:01] [INFO ]   DONE  205wg82stk  →  train  |  0 faults  |  0 boxes
[10:36:01] [INFO ] 
[10:36:01] [INFO ] ──────────────────────────────────────────────────
[10:36:01] [INFO ]   LINE: 208wg82stk
[10:36:01] [INFO ] ──────────────────────────────────────────────────
[10:36:01] [INFO ] Dataset  : namss.L-12-82-WG.mcs.airgun
[10:36:01] [INFO ] SGY      : ../../airgun_data/namss.L-12-82-WG.mcs.airgun/Data/208wg82stk.sgy
[10:36:01] [INFO ] NAV      : ../../airgun_data/namss.L-12-82-WG.mcs.airgun/Navigation/l-12-82-wg_NAV-WGS84.csv
[10:36:01] [INFO ] SA mode  : single (seed=42)
[10:36:01] [INFO ] 
[10:36:01] [INFO ] STEP 1 — Feature extraction
[10:36:01] [INFO ]   Loading navigation...
[10:36:01] [INFO ]   Loading SEG-Y...
[10:36:01] [INFO ]   Traces: 2368  Samples: 2500  dt: 4.000 ms
[10:36:01] [INFO ]   Depth:  0.0 m → 7497.0 m
[10:36:01] [INFO ]   Matching traces to navigation...
[10:36:01] [INFO ]   NAV line matched via translation: '208wg82stk' -> '208'
[10:36:01] [INFO ]   Matched 2368 / 2368 traces
[10:36:01] [INFO ]   Bandpass filtering...
[10:36:01] [INFO ]   Computing seismic attributes...
[10:36:02] [INFO ]   Picking seafloor...
[10:36:02] [INFO ]   Seafloor depth: 3–414 m  (2368 shallow traces masked)
[10:36:02] [INFO ]   Picking horizons...
[10:36:02] [INFO ]   Computing NCC coherence (slow)...
[10:36:02] [INFO ]   Saving CNN section image...
[10:36:03] [INFO ]   Saved: 208wg82stk_section_cnn.png  (2700x1500px)
[10:36:03] [INFO ]   Step 1 complete
[10:36:03] [INFO ] 
[10:36:03] [INFO ] STEP 2 — Fault detection
[10:36:03] [INFO ]   Mode: single SA run (seed=42)
[10:36:03] [INFO ]   Detected 0 high-confidence faults
[10:36:03] [INFO ]   Step 2 complete
[10:36:03] [INFO ] 
[10:36:03] [INFO ] STEP 3 — Bounding boxes
[10:36:03] [INFO ]   Generated 0 boxes
[10:36:03] [INFO ]   Step 3 complete
[10:36:03] [INFO ] 
[10:36:03] [INFO ] STEP 4 — Dataset building
[10:36:03] [INFO ]   Saving labeled review image...
[10:36:04] [INFO ]   Saved: 208wg82stk_labeled.png
[10:36:04] [INFO ]   Split: train
[10:36:04] [INFO ]   Added 0 annotations to train.json
[10:36:04] [INFO ]   train.json: 144 images, 70 annotations
[10:36:04] [INFO ]   val.json:   36 images,  17 annotations
[10:36:04] [INFO ]   Step 4 complete
[10:36:04] [INFO ] 
[10:36:04] [INFO ]   DONE  208wg82stk  →  train  |  0 faults  |  0 boxes
[10:36:04] [INFO ] 
[10:36:04] [INFO ] ──────────────────────────────────────────────────
[10:36:04] [INFO ]   LINE: 209wg82stk
[10:36:04] [INFO ] ──────────────────────────────────────────────────
[10:36:04] [INFO ] Dataset  : namss.L-12-82-WG.mcs.airgun
[10:36:04] [INFO ] SGY      : ../../airgun_data/namss.L-12-82-WG.mcs.airgun/Data/209wg82stk.sgy
[10:36:04] [INFO ] NAV      : ../../airgun_data/namss.L-12-82-WG.mcs.airgun/Navigation/l-12-82-wg_NAV-WGS84.csv
[10:36:04] [INFO ] SA mode  : single (seed=42)
[10:36:04] [INFO ] 
[10:36:04] [INFO ] STEP 1 — Feature extraction
[10:36:04] [INFO ]   Loading navigation...
[10:36:04] [INFO ]   Loading SEG-Y...
[10:36:04] [INFO ]   Traces: 906  Samples: 2500  dt: 2.000 ms
[10:36:04] [INFO ]   Depth:  0.0 m → 3748.5 m
[10:36:04] [INFO ]   Matching traces to navigation...
[10:36:04] [INFO ]   NAV line matched via translation: '209wg82stk' -> '209'
[10:36:04] [INFO ]   Matched 0 / 906 traces
[10:36:04] [ERROR] SKIPPING 209wg82stk (namss.L-12-82-WG.mcs.airgun): No traces matched navigation — check line name vs NAV file.
[10:36:04] [ERROR]   Traceback (most recent call last):
[10:36:04] [ERROR]     File "/Users/lennylukach/Personal/School/CS4100/namss/pipeline/src/pipeline.py", line 848, in <module>
[10:36:04] [ERROR]       process_line(line, sgy_path, nav_path, dataset)
[10:36:04] [ERROR]     File "/Users/lennylukach/Personal/School/CS4100/namss/pipeline/src/pipeline.py", line 431, in process_line
[10:36:04] [ERROR]       raise RuntimeError(
[10:36:04] [ERROR]   RuntimeError: No traces matched navigation — check line name vs NAV file.
[10:36:04] [INFO ] 
[10:36:04] [INFO ] ──────────────────────────────────────────────────
[10:36:04] [INFO ]   LINE: 211wg82stk
[10:36:04] [INFO ] ──────────────────────────────────────────────────
[10:36:04] [INFO ] Dataset  : namss.L-12-82-WG.mcs.airgun
[10:36:04] [INFO ] SGY      : ../../airgun_data/namss.L-12-82-WG.mcs.airgun/Data/211wg82stk.sgy
[10:36:04] [INFO ] NAV      : ../../airgun_data/namss.L-12-82-WG.mcs.airgun/Navigation/l-12-82-wg_NAV-WGS84.csv
[10:36:04] [INFO ] SA mode  : single (seed=42)
[10:36:04] [INFO ] 
[10:36:04] [INFO ] STEP 1 — Feature extraction
[10:36:04] [INFO ]   Loading navigation...
[10:36:04] [INFO ]   Loading SEG-Y...
[10:36:04] [INFO ]   Traces: 2285  Samples: 2500  dt: 4.000 ms
[10:36:04] [INFO ]   Depth:  0.0 m → 7497.0 m
[10:36:04] [INFO ]   Matching traces to navigation...
[10:36:04] [INFO ]   NAV line matched via translation: '211wg82stk' -> '211'
[10:36:04] [INFO ]   Matched 2275 / 2285 traces
[10:36:04] [INFO ]   Bandpass filtering...
[10:36:04] [INFO ]   Computing seismic attributes...
[10:36:04] [INFO ]   Picking seafloor...
[10:36:04] [INFO ]   Seafloor depth: 66–159 m  (2275 shallow traces masked)
[10:36:04] [INFO ]   Picking horizons...
[10:36:04] [INFO ]   Computing NCC coherence (slow)...
[10:36:05] [INFO ]   Saving CNN section image...
[10:36:05] [INFO ]   Saved: 211wg82stk_section_cnn.png  (2700x1500px)
[10:36:05] [INFO ]   Step 1 complete
[10:36:05] [INFO ] 
[10:36:05] [INFO ] STEP 2 — Fault detection
[10:36:05] [INFO ]   Mode: single SA run (seed=42)
[10:36:06] [INFO ]   Detected 0 high-confidence faults
[10:36:06] [INFO ]   Step 2 complete
[10:36:06] [INFO ] 
[10:36:06] [INFO ] STEP 3 — Bounding boxes
[10:36:06] [INFO ]   Generated 0 boxes
[10:36:06] [INFO ]   Step 3 complete
[10:36:06] [INFO ] 
[10:36:06] [INFO ] STEP 4 — Dataset building
[10:36:06] [INFO ]   Saving labeled review image...
[10:36:06] [INFO ]   Saved: 211wg82stk_labeled.png
[10:36:06] [INFO ]   Split: train
[10:36:06] [INFO ]   Added 0 annotations to train.json
[10:36:06] [INFO ]   train.json: 145 images, 70 annotations
[10:36:06] [INFO ]   val.json:   36 images,  17 annotations
[10:36:06] [INFO ]   Step 4 complete
[10:36:06] [INFO ] 
[10:36:06] [INFO ]   DONE  211wg82stk  →  train  |  0 faults  |  0 boxes
[10:36:06] [INFO ] 
[10:36:06] [INFO ] ──────────────────────────────────────────────────
[10:36:06] [INFO ]   LINE: 212wg82stk
[10:36:06] [INFO ] ──────────────────────────────────────────────────
[10:36:06] [INFO ] Dataset  : namss.L-12-82-WG.mcs.airgun
[10:36:06] [INFO ] SGY      : ../../airgun_data/namss.L-12-82-WG.mcs.airgun/Data/212wg82stk.sgy
[10:36:06] [INFO ] NAV      : ../../airgun_data/namss.L-12-82-WG.mcs.airgun/Navigation/l-12-82-wg_NAV-WGS84.csv
[10:36:06] [INFO ] SA mode  : single (seed=42)
[10:36:06] [INFO ] 
[10:36:06] [INFO ] STEP 1 — Feature extraction
[10:36:06] [INFO ]   Loading navigation...
[10:36:06] [INFO ]   Loading SEG-Y...
[10:36:06] [INFO ]   Traces: 664  Samples: 2500  dt: 4.000 ms
[10:36:06] [INFO ]   Depth:  0.0 m → 7497.0 m
[10:36:06] [INFO ]   Matching traces to navigation...
[10:36:06] [INFO ]   NAV line matched via translation: '212wg82stk' -> '212'
[10:36:06] [INFO ]   Matched 664 / 664 traces
[10:36:06] [INFO ]   Bandpass filtering...
[10:36:06] [INFO ]   Computing seismic attributes...
[10:36:06] [INFO ]   Picking seafloor...
[10:36:07] [INFO ]   Seafloor depth: 6–57 m  (664 shallow traces masked)
[10:36:07] [INFO ]   Picking horizons...
[10:36:07] [INFO ]   Computing NCC coherence (slow)...
[10:36:07] [INFO ]   Saving CNN section image...
[10:36:07] [INFO ]   Saved: 212wg82stk_section_cnn.png  (2700x1500px)
[10:36:07] [INFO ]   Step 1 complete
[10:36:07] [INFO ] 
[10:36:07] [INFO ] STEP 2 — Fault detection
[10:36:07] [INFO ]   Mode: single SA run (seed=42)
[10:36:07] [INFO ]   Detected 0 high-confidence faults
[10:36:07] [INFO ]   Step 2 complete
[10:36:07] [INFO ] 
[10:36:07] [INFO ] STEP 3 — Bounding boxes
[10:36:07] [INFO ]   Generated 0 boxes
[10:36:07] [INFO ]   Step 3 complete
[10:36:07] [INFO ] 
[10:36:07] [INFO ] STEP 4 — Dataset building
[10:36:07] [INFO ]   Saving labeled review image...
[10:36:07] [INFO ]   Saved: 212wg82stk_labeled.png
[10:36:07] [INFO ]   Split: train
[10:36:07] [INFO ]   Added 0 annotations to train.json
[10:36:07] [INFO ]   train.json: 146 images, 70 annotations
[10:36:07] [INFO ]   val.json:   36 images,  17 annotations
[10:36:07] [INFO ]   Step 4 complete
[10:36:07] [INFO ] 
[10:36:07] [INFO ]   DONE  212wg82stk  →  train  |  0 faults  |  0 boxes
[10:36:07] [INFO ] 
[10:36:07] [INFO ] ──────────────────────────────────────────────────
[10:36:07] [INFO ]   LINE: 213wg82stk
[10:36:07] [INFO ] ──────────────────────────────────────────────────
[10:36:07] [INFO ] Dataset  : namss.L-12-82-WG.mcs.airgun
[10:36:07] [INFO ] SGY      : ../../airgun_data/namss.L-12-82-WG.mcs.airgun/Data/213wg82stk.sgy
[10:36:07] [INFO ] NAV      : ../../airgun_data/namss.L-12-82-WG.mcs.airgun/Navigation/l-12-82-wg_NAV-WGS84.csv
[10:36:07] [INFO ] SA mode  : single (seed=42)
[10:36:07] [INFO ] 
[10:36:07] [INFO ] STEP 1 — Feature extraction
[10:36:07] [INFO ]   Loading navigation...
[10:36:07] [INFO ]   Loading SEG-Y...
[10:36:07] [INFO ]   Traces: 1491  Samples: 3000  dt: 4.000 ms
[10:36:07] [INFO ]   Depth:  0.0 m → 8997.0 m
[10:36:07] [INFO ]   Matching traces to navigation...
[10:36:07] [INFO ]   NAV line matched via translation: '213wg82stk' -> '213'
[10:36:08] [INFO ]   Matched 1491 / 1491 traces
[10:36:08] [INFO ]   Bandpass filtering...
[10:36:08] [INFO ]   Computing seismic attributes...
[10:36:08] [INFO ]   Picking seafloor...
[10:36:08] [INFO ]   Seafloor depth: 33–2409 m  (974 shallow traces masked)
[10:36:08] [INFO ]   Picking horizons...
[10:36:08] [INFO ]   Computing NCC coherence (slow)...
[10:36:08] [INFO ]   Saving CNN section image...
[10:36:09] [INFO ]   Saved: 213wg82stk_section_cnn.png  (2700x1500px)
[10:36:09] [INFO ]   Step 1 complete
[10:36:09] [INFO ] 
[10:36:09] [INFO ] STEP 2 — Fault detection
[10:36:09] [INFO ]   Mode: single SA run (seed=42)
[10:36:10] [INFO ]   Detected 0 high-confidence faults
[10:36:10] [INFO ]   Step 2 complete
[10:36:10] [INFO ] 
[10:36:10] [INFO ] STEP 3 — Bounding boxes
[10:36:10] [INFO ]   Generated 0 boxes
[10:36:10] [INFO ]   Step 3 complete
[10:36:10] [INFO ] 
[10:36:10] [INFO ] STEP 4 — Dataset building
[10:36:10] [INFO ]   Saving labeled review image...
[10:36:10] [INFO ]   Saved: 213wg82stk_labeled.png
[10:36:10] [INFO ]   Split: train
[10:36:10] [INFO ]   Added 0 annotations to train.json
[10:36:10] [INFO ]   train.json: 147 images, 70 annotations
[10:36:10] [INFO ]   val.json:   36 images,  17 annotations
[10:36:10] [INFO ]   Step 4 complete
[10:36:10] [INFO ] 
[10:36:10] [INFO ]   DONE  213wg82stk  →  train  |  0 faults  |  0 boxes
[10:36:10] [INFO ] 
[10:36:10] [INFO ] ──────────────────────────────────────────────────
[10:36:10] [INFO ]   LINE: 215wg82stk
[10:36:10] [INFO ] ──────────────────────────────────────────────────
[10:36:10] [INFO ] Dataset  : namss.L-12-82-WG.mcs.airgun
[10:36:10] [INFO ] SGY      : ../../airgun_data/namss.L-12-82-WG.mcs.airgun/Data/215wg82stk.sgy
[10:36:10] [INFO ] NAV      : ../../airgun_data/namss.L-12-82-WG.mcs.airgun/Navigation/l-12-82-wg_NAV-WGS84.csv
[10:36:10] [INFO ] SA mode  : single (seed=42)
[10:36:10] [INFO ] 
[10:36:10] [INFO ] STEP 1 — Feature extraction
[10:36:10] [INFO ]   Loading navigation...
[10:36:10] [INFO ]   Loading SEG-Y...
[10:36:10] [INFO ]   Traces: 1448  Samples: 3250  dt: 4.000 ms
[10:36:10] [INFO ]   Depth:  0.0 m → 9747.0 m
[10:36:10] [INFO ]   Matching traces to navigation...
[10:36:10] [INFO ]   NAV line matched via translation: '215wg82stk' -> '215'
[10:36:10] [INFO ]   Matched 1448 / 1448 traces
[10:36:10] [INFO ]   Bandpass filtering...
[10:36:10] [INFO ]   Computing seismic attributes...
[10:36:11] [INFO ]   Picking seafloor...
[10:36:11] [INFO ]   Seafloor depth: 78–2802 m  (917 shallow traces masked)
[10:36:11] [INFO ]   Picking horizons...
[10:36:11] [INFO ]   Computing NCC coherence (slow)...
[10:36:11] [INFO ]   Saving CNN section image...
[10:36:11] [INFO ]   Saved: 215wg82stk_section_cnn.png  (2700x1500px)
[10:36:11] [INFO ]   Step 1 complete
[10:36:11] [INFO ] 
[10:36:11] [INFO ] STEP 2 — Fault detection
[10:36:11] [INFO ]   Mode: single SA run (seed=42)
[10:36:12] [INFO ]   Detected 0 high-confidence faults
[10:36:12] [INFO ]   Step 2 complete
[10:36:12] [INFO ] 
[10:36:12] [INFO ] STEP 3 — Bounding boxes
[10:36:12] [INFO ]   Generated 0 boxes
[10:36:12] [INFO ]   Step 3 complete
[10:36:12] [INFO ] 
[10:36:12] [INFO ] STEP 4 — Dataset building
[10:36:12] [INFO ]   Saving labeled review image...
[10:36:13] [INFO ]   Saved: 215wg82stk_labeled.png
[10:36:13] [INFO ]   Split: train
[10:36:13] [INFO ]   Added 0 annotations to train.json
[10:36:13] [INFO ]   train.json: 148 images, 70 annotations
[10:36:13] [INFO ]   val.json:   36 images,  17 annotations
[10:36:13] [INFO ]   Step 4 complete
[10:36:13] [INFO ] 
[10:36:13] [INFO ]   DONE  215wg82stk  →  train  |  0 faults  |  0 boxes
[10:36:13] [INFO ] 
[10:36:13] [INFO ] ──────────────────────────────────────────────────
[10:36:13] [INFO ]   LINE: 217wg82stk
[10:36:13] [INFO ] ──────────────────────────────────────────────────
[10:36:13] [INFO ] Dataset  : namss.L-12-82-WG.mcs.airgun
[10:36:13] [INFO ] SGY      : ../../airgun_data/namss.L-12-82-WG.mcs.airgun/Data/217wg82stk.sgy
[10:36:13] [INFO ] NAV      : ../../airgun_data/namss.L-12-82-WG.mcs.airgun/Navigation/l-12-82-wg_NAV-WGS84.csv
[10:36:13] [INFO ] SA mode  : single (seed=42)
[10:36:13] [INFO ] 
[10:36:13] [INFO ] STEP 1 — Feature extraction
[10:36:13] [INFO ]   Loading navigation...
[10:36:13] [INFO ]   Loading SEG-Y...
[10:36:13] [INFO ]   Traces: 2969  Samples: 4000  dt: 4.000 ms
[10:36:13] [INFO ]   Depth:  0.0 m → 11997.0 m
[10:36:13] [INFO ]   Matching traces to navigation...
[10:36:13] [INFO ]   NAV line matched via translation: '217wg82stk' -> '217'
[10:36:13] [INFO ]   Matched 2969 / 2969 traces
[10:36:13] [INFO ]   Bandpass filtering...
[10:36:13] [INFO ]   Computing seismic attributes...
[10:36:14] [INFO ]   Picking seafloor...
[10:36:14] [INFO ]   Seafloor depth: 132–6489 m  (1345 shallow traces masked)
[10:36:14] [INFO ]   Picking horizons...
[10:36:14] [INFO ]   Computing NCC coherence (slow)...
[10:36:14] [INFO ]   Saving CNN section image...
[10:36:15] [INFO ]   Saved: 217wg82stk_section_cnn.png  (2700x1500px)
[10:36:15] [INFO ]   Step 1 complete
[10:36:15] [INFO ] 
[10:36:15] [INFO ] STEP 2 — Fault detection
[10:36:15] [INFO ]   Mode: single SA run (seed=42)
[10:36:19] [INFO ]   Detected 0 high-confidence faults
[10:36:19] [INFO ]   Step 2 complete
[10:36:19] [INFO ] 
[10:36:19] [INFO ] STEP 3 — Bounding boxes
[10:36:19] [INFO ]   Generated 0 boxes
[10:36:19] [INFO ]   Step 3 complete
[10:36:19] [INFO ] 
[10:36:19] [INFO ] STEP 4 — Dataset building
[10:36:19] [INFO ]   Saving labeled review image...
[10:36:19] [INFO ]   Saved: 217wg82stk_labeled.png
[10:36:19] [INFO ]   Split: val
[10:36:19] [INFO ]   Added 0 annotations to val.json
[10:36:19] [INFO ]   train.json: 148 images, 70 annotations
[10:36:19] [INFO ]   val.json:   37 images,  17 annotations
[10:36:19] [INFO ]   Step 4 complete
[10:36:19] [INFO ] 
[10:36:19] [INFO ]   DONE  217wg82stk  →  val  |  0 faults  |  0 boxes
[10:36:19] [INFO ] 
[10:36:19] [INFO ] ──────────────────────────────────────────────────
[10:36:19] [INFO ]   LINE: 219wg82stk
[10:36:19] [INFO ] ──────────────────────────────────────────────────
[10:36:19] [INFO ] Dataset  : namss.L-12-82-WG.mcs.airgun
[10:36:19] [INFO ] SGY      : ../../airgun_data/namss.L-12-82-WG.mcs.airgun/Data/219wg82stk.sgy
[10:36:19] [INFO ] NAV      : ../../airgun_data/namss.L-12-82-WG.mcs.airgun/Navigation/l-12-82-wg_NAV-WGS84.csv
[10:36:19] [INFO ] SA mode  : single (seed=42)
[10:36:19] [INFO ] 
[10:36:19] [INFO ] STEP 1 — Feature extraction
[10:36:19] [INFO ]   Loading navigation...
[10:36:19] [INFO ]   Loading SEG-Y...
[10:36:19] [INFO ]   Traces: 1118  Samples: 4250  dt: 4.000 ms
[10:36:19] [INFO ]   Depth:  0.0 m → 12747.0 m
[10:36:19] [INFO ]   Matching traces to navigation...
[10:36:19] [INFO ]   NAV line matched via translation: '219wg82stk' -> '219'
[10:36:19] [INFO ]   Matched 1117 / 1118 traces
[10:36:19] [INFO ]   Bandpass filtering...
[10:36:20] [INFO ]   Computing seismic attributes...
[10:36:20] [INFO ]   Picking seafloor...
[10:36:20] [INFO ]   Seafloor depth: 2379–6375 m  (0 shallow traces masked)
[10:36:20] [INFO ]   Picking horizons...
[10:36:20] [INFO ]   Computing NCC coherence (slow)...
[10:36:20] [INFO ]   Saving CNN section image...
[10:36:21] [INFO ]   Saved: 219wg82stk_section_cnn.png  (2700x1500px)
[10:36:21] [INFO ]   Step 1 complete
[10:36:21] [INFO ] 
[10:36:21] [INFO ] STEP 2 — Fault detection
[10:36:21] [INFO ]   Mode: single SA run (seed=42)
[10:36:22] [INFO ]   Detected 0 high-confidence faults
[10:36:22] [INFO ]   Step 2 complete
[10:36:22] [INFO ] 
[10:36:22] [INFO ] STEP 3 — Bounding boxes
[10:36:22] [INFO ]   Generated 0 boxes
[10:36:22] [INFO ]   Step 3 complete
[10:36:22] [INFO ] 
[10:36:22] [INFO ] STEP 4 — Dataset building
[10:36:22] [INFO ]   Saving labeled review image...
[10:36:22] [INFO ]   Saved: 219wg82stk_labeled.png
[10:36:22] [INFO ]   Split: train
[10:36:22] [INFO ]   Added 0 annotations to train.json
[10:36:22] [INFO ]   train.json: 149 images, 70 annotations
[10:36:22] [INFO ]   val.json:   37 images,  17 annotations
[10:36:22] [INFO ]   Step 4 complete
[10:36:22] [INFO ] 
[10:36:22] [INFO ]   DONE  219wg82stk  →  train  |  0 faults  |  0 boxes
[10:36:22] [INFO ] 
[10:36:22] [INFO ] ──────────────────────────────────────────────────
[10:36:22] [INFO ]   LINE: 221wg82stk
[10:36:22] [INFO ] ──────────────────────────────────────────────────
[10:36:22] [INFO ] Dataset  : namss.L-12-82-WG.mcs.airgun
[10:36:22] [INFO ] SGY      : ../../airgun_data/namss.L-12-82-WG.mcs.airgun/Data/221wg82stk.sgy
[10:36:22] [INFO ] NAV      : ../../airgun_data/namss.L-12-82-WG.mcs.airgun/Navigation/l-12-82-wg_NAV-WGS84.csv
[10:36:22] [INFO ] SA mode  : single (seed=42)
[10:36:22] [INFO ] 
[10:36:22] [INFO ] STEP 1 — Feature extraction
[10:36:22] [INFO ]   Loading navigation...
[10:36:22] [INFO ]   Loading SEG-Y...
[10:36:22] [INFO ]   Traces: 3316  Samples: 2750  dt: 4.000 ms
[10:36:22] [INFO ]   Depth:  0.0 m → 8247.0 m
[10:36:22] [INFO ]   Matching traces to navigation...
[10:36:22] [INFO ]   NAV line matched via translation: '221wg82stk' -> '221'
[10:36:22] [INFO ]   Matched 3310 / 3316 traces
[10:36:22] [INFO ]   Bandpass filtering...
[10:36:22] [INFO ]   Computing seismic attributes...
[10:36:23] [INFO ]   Picking seafloor...
[10:36:23] [INFO ]   Seafloor depth: 21–1443 m  (1658 shallow traces masked)
[10:36:23] [INFO ]   Picking horizons...
[10:36:23] [INFO ]   Computing NCC coherence (slow)...
[10:36:23] [INFO ]   Saving CNN section image...
[10:36:24] [INFO ]   Saved: 221wg82stk_section_cnn.png  (2700x1500px)
[10:36:24] [INFO ]   Step 1 complete
[10:36:24] [INFO ] 
[10:36:24] [INFO ] STEP 2 — Fault detection
[10:36:24] [INFO ]   Mode: single SA run (seed=42)
[10:36:28] [INFO ]   Detected 0 high-confidence faults
[10:36:28] [INFO ]   Step 2 complete
[10:36:28] [INFO ] 
[10:36:28] [INFO ] STEP 3 — Bounding boxes
[10:36:28] [INFO ]   Generated 0 boxes
[10:36:28] [INFO ]   Step 3 complete
[10:36:28] [INFO ] 
[10:36:28] [INFO ] STEP 4 — Dataset building
[10:36:28] [INFO ]   Saving labeled review image...
[10:36:28] [INFO ]   Saved: 221wg82stk_labeled.png
[10:36:28] [INFO ]   Split: train
[10:36:28] [INFO ]   Added 0 annotations to train.json
[10:36:28] [INFO ]   train.json: 150 images, 70 annotations
[10:36:28] [INFO ]   val.json:   37 images,  17 annotations
[10:36:28] [INFO ]   Step 4 complete
[10:36:28] [INFO ] 
[10:36:28] [INFO ]   DONE  221wg82stk  →  train  |  0 faults  |  0 boxes
[10:36:28] [INFO ] 
[10:36:28] [INFO ] ──────────────────────────────────────────────────
[10:36:28] [INFO ]   LINE: 222wg82stk
[10:36:28] [INFO ] ──────────────────────────────────────────────────
[10:36:28] [INFO ] Dataset  : namss.L-12-82-WG.mcs.airgun
[10:36:28] [INFO ] SGY      : ../../airgun_data/namss.L-12-82-WG.mcs.airgun/Data/222wg82stk.sgy
[10:36:28] [INFO ] NAV      : ../../airgun_data/namss.L-12-82-WG.mcs.airgun/Navigation/l-12-82-wg_NAV-WGS84.csv
[10:36:28] [INFO ] SA mode  : single (seed=42)
[10:36:28] [INFO ] 
[10:36:28] [INFO ] STEP 1 — Feature extraction
[10:36:28] [INFO ]   Loading navigation...
[10:36:28] [INFO ]   Loading SEG-Y...
[10:36:28] [INFO ]   Traces: 2190  Samples: 3500  dt: 4.000 ms
[10:36:28] [INFO ]   Depth:  0.0 m → 10497.0 m
[10:36:28] [INFO ]   Matching traces to navigation...
[10:36:28] [INFO ]   NAV line matched via translation: '222wg82stk' -> '222'
[10:36:29] [INFO ]   Matched 2189 / 2190 traces
[10:36:29] [INFO ]   Bandpass filtering...
[10:36:29] [INFO ]   Computing seismic attributes...
[10:36:29] [INFO ]   Picking seafloor...
[10:36:29] [INFO ]   Seafloor depth: 6–6480 m  (439 shallow traces masked)
[10:36:29] [INFO ]   Picking horizons...
[10:36:29] [INFO ]   Computing NCC coherence (slow)...
[10:36:29] [INFO ]   Saving CNN section image...
[10:36:30] [INFO ]   Saved: 222wg82stk_section_cnn.png  (2700x1500px)
[10:36:30] [INFO ]   Step 1 complete
[10:36:30] [INFO ] 
[10:36:30] [INFO ] STEP 2 — Fault detection
[10:36:30] [INFO ]   Mode: single SA run (seed=42)
[10:36:33] [INFO ]   Detected 0 high-confidence faults
[10:36:33] [INFO ]   Step 2 complete
[10:36:33] [INFO ] 
[10:36:33] [INFO ] STEP 3 — Bounding boxes
[10:36:33] [INFO ]   Generated 0 boxes
[10:36:33] [INFO ]   Step 3 complete
[10:36:33] [INFO ] 
[10:36:33] [INFO ] STEP 4 — Dataset building
[10:36:33] [INFO ]   Saving labeled review image...
[10:36:33] [INFO ]   Saved: 222wg82stk_labeled.png
[10:36:33] [INFO ]   Split: train
[10:36:33] [INFO ]   Added 0 annotations to train.json
[10:36:33] [INFO ]   train.json: 151 images, 70 annotations
[10:36:33] [INFO ]   val.json:   37 images,  17 annotations
[10:36:33] [INFO ]   Step 4 complete
[10:36:33] [INFO ] 
[10:36:33] [INFO ]   DONE  222wg82stk  →  train  |  0 faults  |  0 boxes
[10:36:33] [INFO ] 
[10:36:33] [INFO ] ──────────────────────────────────────────────────
[10:36:33] [INFO ]   LINE: 226wg82stk
[10:36:33] [INFO ] ──────────────────────────────────────────────────
[10:36:33] [INFO ] Dataset  : namss.L-12-82-WG.mcs.airgun
[10:36:33] [INFO ] SGY      : ../../airgun_data/namss.L-12-82-WG.mcs.airgun/Data/226wg82stk.sgy
[10:36:33] [INFO ] NAV      : ../../airgun_data/namss.L-12-82-WG.mcs.airgun/Navigation/l-12-82-wg_NAV-WGS84.csv
[10:36:33] [INFO ] SA mode  : single (seed=42)
[10:36:33] [INFO ] 
[10:36:33] [INFO ] STEP 1 — Feature extraction
[10:36:33] [INFO ]   Loading navigation...
[10:36:33] [INFO ]   Loading SEG-Y...
[10:36:33] [INFO ]   Traces: 254  Samples: 4000  dt: 2.000 ms
[10:36:33] [INFO ]   Depth:  0.0 m → 5998.5 m
[10:36:33] [INFO ]   Matching traces to navigation...
[10:36:33] [INFO ]   NAV line matched via translation: '226wg82stk' -> '226'
[10:36:33] [INFO ]   Matched 0 / 254 traces
[10:36:33] [ERROR] SKIPPING 226wg82stk (namss.L-12-82-WG.mcs.airgun): No traces matched navigation — check line name vs NAV file.
[10:36:33] [ERROR]   Traceback (most recent call last):
[10:36:33] [ERROR]     File "/Users/lennylukach/Personal/School/CS4100/namss/pipeline/src/pipeline.py", line 848, in <module>
[10:36:33] [ERROR]       process_line(line, sgy_path, nav_path, dataset)
[10:36:33] [ERROR]     File "/Users/lennylukach/Personal/School/CS4100/namss/pipeline/src/pipeline.py", line 431, in process_line
[10:36:33] [ERROR]       raise RuntimeError(
[10:36:33] [ERROR]   RuntimeError: No traces matched navigation — check line name vs NAV file.
[10:36:33] [INFO ] 
[10:36:33] [INFO ] ──────────────────────────────────────────────────
[10:36:33] [INFO ]   LINE: 100_1204
[10:36:33] [INFO ] ──────────────────────────────────────────────────
[10:36:33] [INFO ] Dataset  : namss.L-8-81-WG.mcs.airgun
[10:36:33] [INFO ] SGY      : ../../airgun_data/namss.L-8-81-WG.mcs.airgun/Data/100_1204.sgy
[10:36:33] [INFO ] NAV      : ../../airgun_data/namss.L-8-81-WG.mcs.airgun/Navigation/l-8-81-wg_NAV-WGS84.csv
[10:36:33] [INFO ] SA mode  : single (seed=42)
[10:36:33] [INFO ] 
[10:36:33] [INFO ] STEP 1 — Feature extraction
[10:36:33] [INFO ]   Loading navigation...
[10:36:33] [INFO ]   Loading SEG-Y...
[10:36:33] [INFO ]   Traces: 2195  Samples: 2000  dt: 4.000 ms
[10:36:33] [INFO ]   Depth:  0.0 m → 5997.0 m
[10:36:33] [INFO ]   Matching traces to navigation...
[10:36:33] [INFO ]   NAV line matched via translation: '100_1204' -> '100'
[10:36:33] [INFO ]   Matched 0 / 2195 traces
[10:36:33] [ERROR] SKIPPING 100_1204 (namss.L-8-81-WG.mcs.airgun): No traces matched navigation — check line name vs NAV file.
[10:36:33] [ERROR]   Traceback (most recent call last):
[10:36:33] [ERROR]     File "/Users/lennylukach/Personal/School/CS4100/namss/pipeline/src/pipeline.py", line 848, in <module>
[10:36:33] [ERROR]       process_line(line, sgy_path, nav_path, dataset)
[10:36:33] [ERROR]     File "/Users/lennylukach/Personal/School/CS4100/namss/pipeline/src/pipeline.py", line 431, in process_line
[10:36:33] [ERROR]       raise RuntimeError(
[10:36:33] [ERROR]   RuntimeError: No traces matched navigation — check line name vs NAV file.
[10:36:33] [INFO ] 
[10:36:33] [INFO ] ──────────────────────────────────────────────────
[10:36:33] [INFO ]   LINE: 101_1205
[10:36:33] [INFO ] ──────────────────────────────────────────────────
[10:36:33] [INFO ] Dataset  : namss.L-8-81-WG.mcs.airgun
[10:36:33] [INFO ] SGY      : ../../airgun_data/namss.L-8-81-WG.mcs.airgun/Data/101_1205.sgy
[10:36:33] [INFO ] NAV      : ../../airgun_data/namss.L-8-81-WG.mcs.airgun/Navigation/l-8-81-wg_NAV-WGS84.csv
[10:36:33] [INFO ] SA mode  : single (seed=42)
[10:36:33] [INFO ] 
[10:36:33] [INFO ] STEP 1 — Feature extraction
[10:36:33] [INFO ]   Loading navigation...
[10:36:33] [INFO ]   Loading SEG-Y...
[10:36:33] [INFO ]   Traces: 613  Samples: 2000  dt: 4.000 ms
[10:36:33] [INFO ]   Depth:  0.0 m → 5997.0 m
[10:36:33] [INFO ]   Matching traces to navigation...
[10:36:33] [INFO ]   NAV line matched via translation: '101_1205' -> '101'
[10:36:33] [INFO ]   Matched 0 / 613 traces
[10:36:33] [ERROR] SKIPPING 101_1205 (namss.L-8-81-WG.mcs.airgun): No traces matched navigation — check line name vs NAV file.
[10:36:33] [ERROR]   Traceback (most recent call last):
[10:36:33] [ERROR]     File "/Users/lennylukach/Personal/School/CS4100/namss/pipeline/src/pipeline.py", line 848, in <module>
[10:36:33] [ERROR]       process_line(line, sgy_path, nav_path, dataset)
[10:36:33] [ERROR]     File "/Users/lennylukach/Personal/School/CS4100/namss/pipeline/src/pipeline.py", line 431, in process_line
[10:36:33] [ERROR]       raise RuntimeError(
[10:36:33] [ERROR]   RuntimeError: No traces matched navigation — check line name vs NAV file.
[10:36:33] [INFO ] 
[10:36:33] [INFO ] ──────────────────────────────────────────────────
[10:36:33] [INFO ]   LINE: 102_1206
[10:36:33] [INFO ] ──────────────────────────────────────────────────
[10:36:33] [INFO ] Dataset  : namss.L-8-81-WG.mcs.airgun
[10:36:33] [INFO ] SGY      : ../../airgun_data/namss.L-8-81-WG.mcs.airgun/Data/102_1206.sgy
[10:36:33] [INFO ] NAV      : ../../airgun_data/namss.L-8-81-WG.mcs.airgun/Navigation/l-8-81-wg_NAV-WGS84.csv
[10:36:33] [INFO ] SA mode  : single (seed=42)
[10:36:33] [INFO ] 
[10:36:33] [INFO ] STEP 1 — Feature extraction
[10:36:33] [INFO ]   Loading navigation...
[10:36:33] [INFO ]   Loading SEG-Y...
[10:36:33] [INFO ]   Traces: 2796  Samples: 3500  dt: 4.000 ms
[10:36:33] [INFO ]   Depth:  0.0 m → 10497.0 m
[10:36:33] [INFO ]   Matching traces to navigation...
[10:36:33] [INFO ]   NAV line matched via translation: '102_1206' -> '102'
[10:36:33] [INFO ]   Matched 0 / 2796 traces
[10:36:33] [ERROR] SKIPPING 102_1206 (namss.L-8-81-WG.mcs.airgun): No traces matched navigation — check line name vs NAV file.
[10:36:33] [ERROR]   Traceback (most recent call last):
[10:36:33] [ERROR]     File "/Users/lennylukach/Personal/School/CS4100/namss/pipeline/src/pipeline.py", line 848, in <module>
[10:36:33] [ERROR]       process_line(line, sgy_path, nav_path, dataset)
[10:36:33] [ERROR]     File "/Users/lennylukach/Personal/School/CS4100/namss/pipeline/src/pipeline.py", line 431, in process_line
[10:36:33] [ERROR]       raise RuntimeError(
[10:36:33] [ERROR]   RuntimeError: No traces matched navigation — check line name vs NAV file.
[10:36:33] [INFO ] 
[10:36:33] [INFO ] ──────────────────────────────────────────────────
[10:36:33] [INFO ]   LINE: 103_1207
[10:36:33] [INFO ] ──────────────────────────────────────────────────
[10:36:33] [INFO ] Dataset  : namss.L-8-81-WG.mcs.airgun
[10:36:33] [INFO ] SGY      : ../../airgun_data/namss.L-8-81-WG.mcs.airgun/Data/103_1207.sgy
[10:36:33] [INFO ] NAV      : ../../airgun_data/namss.L-8-81-WG.mcs.airgun/Navigation/l-8-81-wg_NAV-WGS84.csv
[10:36:33] [INFO ] SA mode  : single (seed=42)
[10:36:33] [INFO ] 
[10:36:33] [INFO ] STEP 1 — Feature extraction
[10:36:33] [INFO ]   Loading navigation...
[10:36:33] [INFO ]   Loading SEG-Y...
[10:36:33] [INFO ]   Traces: 747  Samples: 3500  dt: 4.000 ms
[10:36:33] [INFO ]   Depth:  0.0 m → 10497.0 m
[10:36:33] [INFO ]   Matching traces to navigation...
[10:36:33] [INFO ]   NAV line matched via translation: '103_1207' -> '103'
[10:36:33] [INFO ]   Matched 0 / 747 traces
[10:36:33] [ERROR] SKIPPING 103_1207 (namss.L-8-81-WG.mcs.airgun): No traces matched navigation — check line name vs NAV file.
[10:36:33] [ERROR]   Traceback (most recent call last):
[10:36:33] [ERROR]     File "/Users/lennylukach/Personal/School/CS4100/namss/pipeline/src/pipeline.py", line 848, in <module>
[10:36:33] [ERROR]       process_line(line, sgy_path, nav_path, dataset)
[10:36:33] [ERROR]     File "/Users/lennylukach/Personal/School/CS4100/namss/pipeline/src/pipeline.py", line 431, in process_line
[10:36:33] [ERROR]       raise RuntimeError(
[10:36:33] [ERROR]   RuntimeError: No traces matched navigation — check line name vs NAV file.
[10:36:33] [INFO ] 
[10:36:33] [INFO ] ──────────────────────────────────────────────────
[10:36:33] [INFO ]   LINE: 104_1208
[10:36:33] [INFO ] ──────────────────────────────────────────────────
[10:36:33] [INFO ] Dataset  : namss.L-8-81-WG.mcs.airgun
[10:36:33] [INFO ] SGY      : ../../airgun_data/namss.L-8-81-WG.mcs.airgun/Data/104_1208.sgy
[10:36:33] [INFO ] NAV      : ../../airgun_data/namss.L-8-81-WG.mcs.airgun/Navigation/l-8-81-wg_NAV-WGS84.csv
[10:36:33] [INFO ] SA mode  : single (seed=42)
[10:36:33] [INFO ] 
[10:36:33] [INFO ] STEP 1 — Feature extraction
[10:36:33] [INFO ]   Loading navigation...
[10:36:33] [INFO ]   Loading SEG-Y...
[10:36:34] [INFO ]   Traces: 4238  Samples: 3750  dt: 4.000 ms
[10:36:34] [INFO ]   Depth:  0.0 m → 11247.0 m
[10:36:34] [INFO ]   Matching traces to navigation...
[10:36:34] [INFO ]   NAV line matched via translation: '104_1208' -> '104'
[10:36:34] [INFO ]   Matched 0 / 4238 traces
[10:36:34] [ERROR] SKIPPING 104_1208 (namss.L-8-81-WG.mcs.airgun): No traces matched navigation — check line name vs NAV file.
[10:36:34] [ERROR]   Traceback (most recent call last):
[10:36:34] [ERROR]     File "/Users/lennylukach/Personal/School/CS4100/namss/pipeline/src/pipeline.py", line 848, in <module>
[10:36:34] [ERROR]       process_line(line, sgy_path, nav_path, dataset)
[10:36:34] [ERROR]     File "/Users/lennylukach/Personal/School/CS4100/namss/pipeline/src/pipeline.py", line 431, in process_line
[10:36:34] [ERROR]       raise RuntimeError(
[10:36:34] [ERROR]   RuntimeError: No traces matched navigation — check line name vs NAV file.
[10:36:34] [INFO ] 
[10:36:34] [INFO ] ──────────────────────────────────────────────────
[10:36:34] [INFO ]   LINE: 105_1209
[10:36:34] [INFO ] ──────────────────────────────────────────────────
[10:36:34] [INFO ] Dataset  : namss.L-8-81-WG.mcs.airgun
[10:36:34] [INFO ] SGY      : ../../airgun_data/namss.L-8-81-WG.mcs.airgun/Data/105_1209.sgy
[10:36:34] [INFO ] NAV      : ../../airgun_data/namss.L-8-81-WG.mcs.airgun/Navigation/l-8-81-wg_NAV-WGS84.csv
[10:36:34] [INFO ] SA mode  : single (seed=42)
[10:36:34] [INFO ] 
[10:36:34] [INFO ] STEP 1 — Feature extraction
[10:36:34] [INFO ]   Loading navigation...
[10:36:34] [INFO ]   Loading SEG-Y...
[10:36:34] [INFO ]   Traces: 545  Samples: 2000  dt: 4.000 ms
[10:36:34] [INFO ]   Depth:  0.0 m → 5997.0 m
[10:36:34] [INFO ]   Matching traces to navigation...
[10:36:34] [INFO ]   NAV line matched via translation: '105_1209' -> '105'
[10:36:34] [INFO ]   Matched 0 / 545 traces
[10:36:34] [ERROR] SKIPPING 105_1209 (namss.L-8-81-WG.mcs.airgun): No traces matched navigation — check line name vs NAV file.
[10:36:34] [ERROR]   Traceback (most recent call last):
[10:36:34] [ERROR]     File "/Users/lennylukach/Personal/School/CS4100/namss/pipeline/src/pipeline.py", line 848, in <module>
[10:36:34] [ERROR]       process_line(line, sgy_path, nav_path, dataset)
[10:36:34] [ERROR]     File "/Users/lennylukach/Personal/School/CS4100/namss/pipeline/src/pipeline.py", line 431, in process_line
[10:36:34] [ERROR]       raise RuntimeError(
[10:36:34] [ERROR]   RuntimeError: No traces matched navigation — check line name vs NAV file.
[10:36:34] [INFO ] 
[10:36:34] [INFO ] ──────────────────────────────────────────────────
[10:36:34] [INFO ]   LINE: 106_1210
[10:36:34] [INFO ] ──────────────────────────────────────────────────
[10:36:34] [INFO ] Dataset  : namss.L-8-81-WG.mcs.airgun
[10:36:34] [INFO ] SGY      : ../../airgun_data/namss.L-8-81-WG.mcs.airgun/Data/106_1210.sgy
[10:36:34] [INFO ] NAV      : ../../airgun_data/namss.L-8-81-WG.mcs.airgun/Navigation/l-8-81-wg_NAV-WGS84.csv
[10:36:34] [INFO ] SA mode  : single (seed=42)
[10:36:34] [INFO ] 
[10:36:34] [INFO ] STEP 1 — Feature extraction
[10:36:34] [INFO ]   Loading navigation...
[10:36:34] [INFO ]   Loading SEG-Y...
[10:36:34] [INFO ]   Traces: 2436  Samples: 2250  dt: 4.000 ms
[10:36:34] [INFO ]   Depth:  0.0 m → 6747.0 m
[10:36:34] [INFO ]   Matching traces to navigation...
[10:36:34] [INFO ]   NAV line matched via translation: '106_1210' -> '106'
[10:36:34] [INFO ]   Matched 0 / 2436 traces
[10:36:34] [ERROR] SKIPPING 106_1210 (namss.L-8-81-WG.mcs.airgun): No traces matched navigation — check line name vs NAV file.
[10:36:34] [ERROR]   Traceback (most recent call last):
[10:36:34] [ERROR]     File "/Users/lennylukach/Personal/School/CS4100/namss/pipeline/src/pipeline.py", line 848, in <module>
[10:36:34] [ERROR]       process_line(line, sgy_path, nav_path, dataset)
[10:36:34] [ERROR]     File "/Users/lennylukach/Personal/School/CS4100/namss/pipeline/src/pipeline.py", line 431, in process_line
[10:36:34] [ERROR]       raise RuntimeError(
[10:36:34] [ERROR]   RuntimeError: No traces matched navigation — check line name vs NAV file.
[10:36:34] [INFO ] 
[10:36:34] [INFO ] ──────────────────────────────────────────────────
[10:36:34] [INFO ]   LINE: 107_1211
[10:36:34] [INFO ] ──────────────────────────────────────────────────
[10:36:34] [INFO ] Dataset  : namss.L-8-81-WG.mcs.airgun
[10:36:34] [INFO ] SGY      : ../../airgun_data/namss.L-8-81-WG.mcs.airgun/Data/107_1211.sgy
[10:36:34] [INFO ] NAV      : ../../airgun_data/namss.L-8-81-WG.mcs.airgun/Navigation/l-8-81-wg_NAV-WGS84.csv
[10:36:34] [INFO ] SA mode  : single (seed=42)
[10:36:34] [INFO ] 
[10:36:34] [INFO ] STEP 1 — Feature extraction
[10:36:34] [INFO ]   Loading navigation...
[10:36:34] [INFO ]   Loading SEG-Y...
[10:36:34] [INFO ]   Traces: 564  Samples: 2250  dt: 4.000 ms
[10:36:34] [INFO ]   Depth:  0.0 m → 6747.0 m
[10:36:34] [INFO ]   Matching traces to navigation...
[10:36:34] [INFO ]   NAV line matched via translation: '107_1211' -> '107'
[10:36:34] [INFO ]   Matched 0 / 564 traces
[10:36:34] [ERROR] SKIPPING 107_1211 (namss.L-8-81-WG.mcs.airgun): No traces matched navigation — check line name vs NAV file.
[10:36:34] [ERROR]   Traceback (most recent call last):
[10:36:34] [ERROR]     File "/Users/lennylukach/Personal/School/CS4100/namss/pipeline/src/pipeline.py", line 848, in <module>
[10:36:34] [ERROR]       process_line(line, sgy_path, nav_path, dataset)
[10:36:34] [ERROR]     File "/Users/lennylukach/Personal/School/CS4100/namss/pipeline/src/pipeline.py", line 431, in process_line
[10:36:34] [ERROR]       raise RuntimeError(
[10:36:34] [ERROR]   RuntimeError: No traces matched navigation — check line name vs NAV file.
[10:36:34] [INFO ] 
[10:36:34] [INFO ] ──────────────────────────────────────────────────
[10:36:34] [INFO ]   LINE: 108_1212
[10:36:34] [INFO ] ──────────────────────────────────────────────────
[10:36:34] [INFO ] Dataset  : namss.L-8-81-WG.mcs.airgun
[10:36:34] [INFO ] SGY      : ../../airgun_data/namss.L-8-81-WG.mcs.airgun/Data/108_1212.sgy
[10:36:34] [INFO ] NAV      : ../../airgun_data/namss.L-8-81-WG.mcs.airgun/Navigation/l-8-81-wg_NAV-WGS84.csv
[10:36:34] [INFO ] SA mode  : single (seed=42)
[10:36:34] [INFO ] 
[10:36:34] [INFO ] STEP 1 — Feature extraction
[10:36:34] [INFO ]   Loading navigation...
[10:36:34] [INFO ]   Loading SEG-Y...
[10:36:34] [INFO ]   Traces: 1378  Samples: 2000  dt: 4.000 ms
[10:36:34] [INFO ]   Depth:  0.0 m → 5997.0 m
[10:36:34] [INFO ]   Matching traces to navigation...
[10:36:34] [INFO ]   NAV line matched via translation: '108_1212' -> '108'
[10:36:34] [INFO ]   Matched 0 / 1378 traces
[10:36:34] [ERROR] SKIPPING 108_1212 (namss.L-8-81-WG.mcs.airgun): No traces matched navigation — check line name vs NAV file.
[10:36:34] [ERROR]   Traceback (most recent call last):
[10:36:34] [ERROR]     File "/Users/lennylukach/Personal/School/CS4100/namss/pipeline/src/pipeline.py", line 848, in <module>
[10:36:34] [ERROR]       process_line(line, sgy_path, nav_path, dataset)
[10:36:34] [ERROR]     File "/Users/lennylukach/Personal/School/CS4100/namss/pipeline/src/pipeline.py", line 431, in process_line
[10:36:34] [ERROR]       raise RuntimeError(
[10:36:34] [ERROR]   RuntimeError: No traces matched navigation — check line name vs NAV file.
[10:36:34] [INFO ] 
[10:36:34] [INFO ] ──────────────────────────────────────────────────
[10:36:34] [INFO ]   LINE: 109_1213
[10:36:34] [INFO ] ──────────────────────────────────────────────────
[10:36:34] [INFO ] Dataset  : namss.L-8-81-WG.mcs.airgun
[10:36:34] [INFO ] SGY      : ../../airgun_data/namss.L-8-81-WG.mcs.airgun/Data/109_1213.sgy
[10:36:34] [INFO ] NAV      : ../../airgun_data/namss.L-8-81-WG.mcs.airgun/Navigation/l-8-81-wg_NAV-WGS84.csv
[10:36:34] [INFO ] SA mode  : single (seed=42)
[10:36:34] [INFO ] 
[10:36:34] [INFO ] STEP 1 — Feature extraction
[10:36:34] [INFO ]   Loading navigation...
[10:36:34] [INFO ]   Loading SEG-Y...
[10:36:34] [INFO ]   Traces: 2029  Samples: 2250  dt: 4.000 ms
[10:36:34] [INFO ]   Depth:  0.0 m → 6747.0 m
[10:36:34] [INFO ]   Matching traces to navigation...
[10:36:34] [INFO ]   NAV line matched via translation: '109_1213' -> '109'
[10:36:34] [INFO ]   Matched 0 / 2029 traces
[10:36:34] [ERROR] SKIPPING 109_1213 (namss.L-8-81-WG.mcs.airgun): No traces matched navigation — check line name vs NAV file.
[10:36:34] [ERROR]   Traceback (most recent call last):
[10:36:34] [ERROR]     File "/Users/lennylukach/Personal/School/CS4100/namss/pipeline/src/pipeline.py", line 848, in <module>
[10:36:34] [ERROR]       process_line(line, sgy_path, nav_path, dataset)
[10:36:34] [ERROR]     File "/Users/lennylukach/Personal/School/CS4100/namss/pipeline/src/pipeline.py", line 431, in process_line
[10:36:34] [ERROR]       raise RuntimeError(
[10:36:34] [ERROR]   RuntimeError: No traces matched navigation — check line name vs NAV file.
[10:36:34] [INFO ] 
[10:36:34] [INFO ] ──────────────────────────────────────────────────
[10:36:34] [INFO ]   LINE: 110_1214
[10:36:34] [INFO ] ──────────────────────────────────────────────────
[10:36:34] [INFO ] Dataset  : namss.L-8-81-WG.mcs.airgun
[10:36:34] [INFO ] SGY      : ../../airgun_data/namss.L-8-81-WG.mcs.airgun/Data/110_1214.sgy
[10:36:34] [INFO ] NAV      : ../../airgun_data/namss.L-8-81-WG.mcs.airgun/Navigation/l-8-81-wg_NAV-WGS84.csv
[10:36:34] [INFO ] SA mode  : single (seed=42)
[10:36:34] [INFO ] 
[10:36:34] [INFO ] STEP 1 — Feature extraction
[10:36:34] [INFO ]   Loading navigation...
[10:36:34] [INFO ]   Loading SEG-Y...
[10:36:34] [INFO ]   Traces: 314  Samples: 2000  dt: 4.000 ms
[10:36:34] [INFO ]   Depth:  0.0 m → 5997.0 m
[10:36:34] [INFO ]   Matching traces to navigation...
[10:36:34] [INFO ]   NAV line matched via translation: '110_1214' -> '110'
[10:36:34] [INFO ]   Matched 0 / 314 traces
[10:36:34] [ERROR] SKIPPING 110_1214 (namss.L-8-81-WG.mcs.airgun): No traces matched navigation — check line name vs NAV file.
[10:36:34] [ERROR]   Traceback (most recent call last):
[10:36:34] [ERROR]     File "/Users/lennylukach/Personal/School/CS4100/namss/pipeline/src/pipeline.py", line 848, in <module>
[10:36:34] [ERROR]       process_line(line, sgy_path, nav_path, dataset)
[10:36:34] [ERROR]     File "/Users/lennylukach/Personal/School/CS4100/namss/pipeline/src/pipeline.py", line 431, in process_line
[10:36:34] [ERROR]       raise RuntimeError(
[10:36:34] [ERROR]   RuntimeError: No traces matched navigation — check line name vs NAV file.
[10:36:34] [INFO ] 
[10:36:34] [INFO ] ──────────────────────────────────────────────────
[10:36:34] [INFO ]   LINE: 111_1215
[10:36:34] [INFO ] ──────────────────────────────────────────────────
[10:36:34] [INFO ] Dataset  : namss.L-8-81-WG.mcs.airgun
[10:36:34] [INFO ] SGY      : ../../airgun_data/namss.L-8-81-WG.mcs.airgun/Data/111_1215.sgy
[10:36:34] [INFO ] NAV      : ../../airgun_data/namss.L-8-81-WG.mcs.airgun/Navigation/l-8-81-wg_NAV-WGS84.csv
[10:36:34] [INFO ] SA mode  : single (seed=42)
[10:36:34] [INFO ] 
[10:36:34] [INFO ] STEP 1 — Feature extraction
[10:36:34] [INFO ]   Loading navigation...
[10:36:34] [INFO ]   Loading SEG-Y...
[10:36:34] [INFO ]   Traces: 2421  Samples: 3750  dt: 4.000 ms
[10:36:34] [INFO ]   Depth:  0.0 m → 11247.0 m
[10:36:34] [INFO ]   Matching traces to navigation...
[10:36:34] [INFO ]   NAV line matched via translation: '111_1215' -> '111'
[10:36:35] [INFO ]   Matched 0 / 2421 traces
[10:36:35] [ERROR] SKIPPING 111_1215 (namss.L-8-81-WG.mcs.airgun): No traces matched navigation — check line name vs NAV file.
[10:36:35] [ERROR]   Traceback (most recent call last):
[10:36:35] [ERROR]     File "/Users/lennylukach/Personal/School/CS4100/namss/pipeline/src/pipeline.py", line 848, in <module>
[10:36:35] [ERROR]       process_line(line, sgy_path, nav_path, dataset)
[10:36:35] [ERROR]     File "/Users/lennylukach/Personal/School/CS4100/namss/pipeline/src/pipeline.py", line 431, in process_line
[10:36:35] [ERROR]       raise RuntimeError(
[10:36:35] [ERROR]   RuntimeError: No traces matched navigation — check line name vs NAV file.
[10:36:35] [INFO ] 
[10:36:35] [INFO ] ──────────────────────────────────────────────────
[10:36:35] [INFO ]   LINE: 112_1216
[10:36:35] [INFO ] ──────────────────────────────────────────────────
[10:36:35] [INFO ] Dataset  : namss.L-8-81-WG.mcs.airgun
[10:36:35] [INFO ] SGY      : ../../airgun_data/namss.L-8-81-WG.mcs.airgun/Data/112_1216.sgy
[10:36:35] [INFO ] NAV      : ../../airgun_data/namss.L-8-81-WG.mcs.airgun/Navigation/l-8-81-wg_NAV-WGS84.csv
[10:36:35] [INFO ] SA mode  : single (seed=42)
[10:36:35] [INFO ] 
[10:36:35] [INFO ] STEP 1 — Feature extraction
[10:36:35] [INFO ]   Loading navigation...
[10:36:35] [INFO ]   Loading SEG-Y...
[10:36:35] [INFO ]   Traces: 524  Samples: 3750  dt: 4.000 ms
[10:36:35] [INFO ]   Depth:  0.0 m → 11247.0 m
[10:36:35] [INFO ]   Matching traces to navigation...
[10:36:35] [INFO ]   NAV line matched via translation: '112_1216' -> '112'
[10:36:35] [INFO ]   Matched 0 / 524 traces
[10:36:35] [ERROR] SKIPPING 112_1216 (namss.L-8-81-WG.mcs.airgun): No traces matched navigation — check line name vs NAV file.
[10:36:35] [ERROR]   Traceback (most recent call last):
[10:36:35] [ERROR]     File "/Users/lennylukach/Personal/School/CS4100/namss/pipeline/src/pipeline.py", line 848, in <module>
[10:36:35] [ERROR]       process_line(line, sgy_path, nav_path, dataset)
[10:36:35] [ERROR]     File "/Users/lennylukach/Personal/School/CS4100/namss/pipeline/src/pipeline.py", line 431, in process_line
[10:36:35] [ERROR]       raise RuntimeError(
[10:36:35] [ERROR]   RuntimeError: No traces matched navigation — check line name vs NAV file.
[10:36:35] [INFO ] 
[10:36:35] [INFO ] ──────────────────────────────────────────────────
[10:36:35] [INFO ]   LINE: 113_1217
[10:36:35] [INFO ] ──────────────────────────────────────────────────
[10:36:35] [INFO ] Dataset  : namss.L-8-81-WG.mcs.airgun
[10:36:35] [INFO ] SGY      : ../../airgun_data/namss.L-8-81-WG.mcs.airgun/Data/113_1217.sgy
[10:36:35] [INFO ] NAV      : ../../airgun_data/namss.L-8-81-WG.mcs.airgun/Navigation/l-8-81-wg_NAV-WGS84.csv
[10:36:35] [INFO ] SA mode  : single (seed=42)
[10:36:35] [INFO ] 
[10:36:35] [INFO ] STEP 1 — Feature extraction
[10:36:35] [INFO ]   Loading navigation...
[10:36:35] [INFO ]   Loading SEG-Y...
[10:42:47] [INFO ]   Traces: 1735  Samples: 4000  dt: 4.000 ms
[10:42:47] [INFO ]   Depth:  0.0 m → 11997.0 m
[10:42:47] [INFO ]   Matching traces to navigation...
[10:42:47] [INFO ]   NAV line matched via translation: '113_1217' -> '113'
[10:42:47] [INFO ]   Matched 0 / 1735 traces
[10:42:47] [ERROR] SKIPPING 113_1217 (namss.L-8-81-WG.mcs.airgun): No traces matched navigation — check line name vs NAV file.
[10:42:47] [ERROR]   Traceback (most recent call last):
[10:42:47] [ERROR]     File "/Users/lennylukach/Personal/School/CS4100/namss/pipeline/src/pipeline.py", line 848, in <module>
[10:42:47] [ERROR]       process_line(line, sgy_path, nav_path, dataset)
[10:42:47] [ERROR]     File "/Users/lennylukach/Personal/School/CS4100/namss/pipeline/src/pipeline.py", line 431, in process_line
[10:42:47] [ERROR]       raise RuntimeError(
[10:42:47] [ERROR]   RuntimeError: No traces matched navigation — check line name vs NAV file.
[10:42:47] [INFO ] 
[10:42:47] [INFO ] ──────────────────────────────────────────────────
[10:42:47] [INFO ]   LINE: 114_1218
[10:42:47] [INFO ] ──────────────────────────────────────────────────
[10:42:47] [INFO ] Dataset  : namss.L-8-81-WG.mcs.airgun
[10:42:47] [INFO ] SGY      : ../../airgun_data/namss.L-8-81-WG.mcs.airgun/Data/114_1218.sgy
[10:42:47] [INFO ] NAV      : ../../airgun_data/namss.L-8-81-WG.mcs.airgun/Navigation/l-8-81-wg_NAV-WGS84.csv
[10:42:47] [INFO ] SA mode  : single (seed=42)
[10:42:47] [INFO ] 
[10:42:47] [INFO ] STEP 1 — Feature extraction
[10:42:47] [INFO ]   Loading navigation...
[10:42:47] [INFO ]   Loading SEG-Y...
[10:42:47] [INFO ]   Traces: 845  Samples: 2000  dt: 4.000 ms
[10:42:47] [INFO ]   Depth:  0.0 m → 5997.0 m
[10:42:47] [INFO ]   Matching traces to navigation...
[10:42:47] [INFO ]   NAV line matched via translation: '114_1218' -> '114'
[10:42:47] [INFO ]   Matched 0 / 845 traces
[10:42:47] [ERROR] SKIPPING 114_1218 (namss.L-8-81-WG.mcs.airgun): No traces matched navigation — check line name vs NAV file.
[10:42:47] [ERROR]   Traceback (most recent call last):
[10:42:47] [ERROR]     File "/Users/lennylukach/Personal/School/CS4100/namss/pipeline/src/pipeline.py", line 848, in <module>
[10:42:47] [ERROR]       process_line(line, sgy_path, nav_path, dataset)
[10:42:47] [ERROR]     File "/Users/lennylukach/Personal/School/CS4100/namss/pipeline/src/pipeline.py", line 431, in process_line
[10:42:47] [ERROR]       raise RuntimeError(
[10:42:47] [ERROR]   RuntimeError: No traces matched navigation — check line name vs NAV file.
[10:42:47] [INFO ] 
[10:42:47] [INFO ] ──────────────────────────────────────────────────
[10:42:47] [INFO ]   LINE: 115_1219
[10:42:47] [INFO ] ──────────────────────────────────────────────────
[10:42:47] [INFO ] Dataset  : namss.L-8-81-WG.mcs.airgun
[10:42:47] [INFO ] SGY      : ../../airgun_data/namss.L-8-81-WG.mcs.airgun/Data/115_1219.sgy
[10:42:47] [INFO ] NAV      : ../../airgun_data/namss.L-8-81-WG.mcs.airgun/Navigation/l-8-81-wg_NAV-WGS84.csv
[10:42:47] [INFO ] SA mode  : single (seed=42)
[10:42:47] [INFO ] 
[10:42:47] [INFO ] STEP 1 — Feature extraction
[10:42:47] [INFO ]   Loading navigation...
[10:42:47] [INFO ]   Loading SEG-Y...
[10:42:47] [INFO ]   Traces: 345  Samples: 2000  dt: 4.000 ms
[10:42:47] [INFO ]   Depth:  0.0 m → 5997.0 m
[10:42:47] [INFO ]   Matching traces to navigation...
[10:42:47] [INFO ]   NAV line matched via translation: '115_1219' -> '115'
[10:42:47] [INFO ]   Matched 0 / 345 traces
[10:42:47] [ERROR] SKIPPING 115_1219 (namss.L-8-81-WG.mcs.airgun): No traces matched navigation — check line name vs NAV file.
[10:42:47] [ERROR]   Traceback (most recent call last):
[10:42:47] [ERROR]     File "/Users/lennylukach/Personal/School/CS4100/namss/pipeline/src/pipeline.py", line 848, in <module>
[10:42:47] [ERROR]       process_line(line, sgy_path, nav_path, dataset)
[10:42:47] [ERROR]     File "/Users/lennylukach/Personal/School/CS4100/namss/pipeline/src/pipeline.py", line 431, in process_line
[10:42:47] [ERROR]       raise RuntimeError(
[10:42:47] [ERROR]   RuntimeError: No traces matched navigation — check line name vs NAV file.
[10:42:47] [INFO ] 
[10:42:47] [INFO ] ──────────────────────────────────────────────────
[10:42:47] [INFO ]   LINE: 116_1220
[10:42:47] [INFO ] ──────────────────────────────────────────────────
[10:42:47] [INFO ] Dataset  : namss.L-8-81-WG.mcs.airgun
[10:42:47] [INFO ] SGY      : ../../airgun_data/namss.L-8-81-WG.mcs.airgun/Data/116_1220.sgy
[10:42:47] [INFO ] NAV      : ../../airgun_data/namss.L-8-81-WG.mcs.airgun/Navigation/l-8-81-wg_NAV-WGS84.csv
[10:42:47] [INFO ] SA mode  : single (seed=42)
[10:42:47] [INFO ] 
[10:42:47] [INFO ] STEP 1 — Feature extraction
[10:42:47] [INFO ]   Loading navigation...
[10:42:47] [INFO ]   Loading SEG-Y...
[10:42:47] [INFO ]   Traces: 1168  Samples: 2000  dt: 4.000 ms
[10:42:47] [INFO ]   Depth:  0.0 m → 5997.0 m
[10:42:47] [INFO ]   Matching traces to navigation...
[10:42:47] [INFO ]   NAV line matched via translation: '116_1220' -> '116'
[10:42:47] [INFO ]   Matched 0 / 1168 traces
[10:42:47] [ERROR] SKIPPING 116_1220 (namss.L-8-81-WG.mcs.airgun): No traces matched navigation — check line name vs NAV file.
[10:42:47] [ERROR]   Traceback (most recent call last):
[10:42:47] [ERROR]     File "/Users/lennylukach/Personal/School/CS4100/namss/pipeline/src/pipeline.py", line 848, in <module>
[10:42:47] [ERROR]       process_line(line, sgy_path, nav_path, dataset)
[10:42:47] [ERROR]     File "/Users/lennylukach/Personal/School/CS4100/namss/pipeline/src/pipeline.py", line 431, in process_line
[10:42:47] [ERROR]       raise RuntimeError(
[10:42:47] [ERROR]   RuntimeError: No traces matched navigation — check line name vs NAV file.
[10:42:47] [INFO ] 
[10:42:47] [INFO ] ──────────────────────────────────────────────────
[10:42:47] [INFO ]   LINE: 117_1221
[10:42:47] [INFO ] ──────────────────────────────────────────────────
[10:42:47] [INFO ] Dataset  : namss.L-8-81-WG.mcs.airgun
[10:42:47] [INFO ] SGY      : ../../airgun_data/namss.L-8-81-WG.mcs.airgun/Data/117_1221.sgy
[10:42:47] [INFO ] NAV      : ../../airgun_data/namss.L-8-81-WG.mcs.airgun/Navigation/l-8-81-wg_NAV-WGS84.csv
[10:42:47] [INFO ] SA mode  : single (seed=42)
[10:42:47] [INFO ] 
[10:42:47] [INFO ] STEP 1 — Feature extraction
[10:42:47] [INFO ]   Loading navigation...
[10:42:47] [INFO ]   Loading SEG-Y...
[10:42:47] [INFO ]   Traces: 666  Samples: 2500  dt: 4.000 ms
[10:42:47] [INFO ]   Depth:  0.0 m → 7497.0 m
[10:42:47] [INFO ]   Matching traces to navigation...
[10:42:47] [INFO ]   NAV line matched via translation: '117_1221' -> '117'
[10:42:47] [INFO ]   Matched 0 / 666 traces
[10:42:47] [ERROR] SKIPPING 117_1221 (namss.L-8-81-WG.mcs.airgun): No traces matched navigation — check line name vs NAV file.
[10:42:47] [ERROR]   Traceback (most recent call last):
[10:42:47] [ERROR]     File "/Users/lennylukach/Personal/School/CS4100/namss/pipeline/src/pipeline.py", line 848, in <module>
[10:42:47] [ERROR]       process_line(line, sgy_path, nav_path, dataset)
[10:42:47] [ERROR]     File "/Users/lennylukach/Personal/School/CS4100/namss/pipeline/src/pipeline.py", line 431, in process_line
[10:42:47] [ERROR]       raise RuntimeError(
[10:42:47] [ERROR]   RuntimeError: No traces matched navigation — check line name vs NAV file.
[10:42:47] [INFO ] 
[10:42:47] [INFO ] ──────────────────────────────────────────────────
[10:42:47] [INFO ]   LINE: T2010.100.mig.1500
[10:42:47] [INFO ] ──────────────────────────────────────────────────
[10:42:47] [INFO ] Dataset  : namss.T-21-10-AT.mcs.airgun
[10:42:47] [INFO ] SGY      : ../../airgun_data/namss.T-21-10-AT.mcs.airgun/Data/T2010.100.mig.1500.sgy
[10:42:47] [INFO ] NAV      : ../../airgun_data/namss.T-21-10-AT.mcs.airgun/Navigation/T-21-10-AT_NAV-WGS84.csv
[10:42:47] [INFO ] SA mode  : single (seed=42)
[10:42:47] [INFO ] 
[10:42:47] [INFO ] STEP 1 — Feature extraction
[10:42:47] [INFO ]   Loading navigation...
[10:42:47] [INFO ]   Loading SEG-Y...
[10:42:48] [INFO ]   Traces: 4506  Samples: 5441  dt: 1.000 ms
[10:42:48] [INFO ]   Depth:  0.0 m → 4080.0 m
[10:42:48] [INFO ]   Matching traces to navigation...
[10:42:48] [INFO ]   Matched 4506 / 4506 traces
[10:42:48] [INFO ]   Bandpass filtering...
[10:42:48] [INFO ]   Computing seismic attributes...
[10:42:50] [INFO ]   Picking seafloor...
[10:42:51] [INFO ]   Seafloor depth: 179–695 m  (3619 shallow traces masked)
[10:42:51] [INFO ]   Picking horizons...
[10:42:51] [INFO ]   Computing NCC coherence (slow)...
[10:42:51] [INFO ]   Saving CNN section image...
[10:42:53] [INFO ]   Saved: T2010.100.mig.1500_section_cnn.png  (2700x1500px)
[10:42:53] [INFO ]   Step 1 complete
[10:42:53] [INFO ] 
[10:42:53] [INFO ] STEP 2 — Fault detection
[10:42:53] [INFO ]   Mode: single SA run (seed=42)
[10:43:02] [INFO ]   Detected 0 high-confidence faults
[10:43:02] [INFO ]   Step 2 complete
[10:43:02] [INFO ] 
[10:43:02] [INFO ] STEP 3 — Bounding boxes
[10:43:02] [INFO ]   Generated 0 boxes
[10:43:02] [INFO ]   Step 3 complete
[10:43:02] [INFO ] 
[10:43:02] [INFO ] STEP 4 — Dataset building
[10:43:02] [INFO ]   Saving labeled review image...
[10:43:02] [INFO ]   Saved: T2010.100.mig.1500_labeled.png
[10:43:02] [INFO ]   Split: train
[10:43:02] [INFO ]   Added 0 annotations to train.json
[10:43:02] [INFO ]   train.json: 152 images, 70 annotations
[10:43:02] [INFO ]   val.json:   37 images,  17 annotations
[10:43:02] [INFO ]   Step 4 complete
[10:43:02] [INFO ] 
[10:43:02] [INFO ]   DONE  T2010.100.mig.1500  →  train  |  0 faults  |  0 boxes
[10:43:02] [INFO ] 
[10:43:02] [INFO ] ──────────────────────────────────────────────────
[10:43:02] [INFO ]   LINE: T2010.101.mig.1500
[10:43:02] [INFO ] ──────────────────────────────────────────────────
[10:43:02] [INFO ] Dataset  : namss.T-21-10-AT.mcs.airgun
[10:43:02] [INFO ] SGY      : ../../airgun_data/namss.T-21-10-AT.mcs.airgun/Data/T2010.101.mig.1500.sgy
[10:43:02] [INFO ] NAV      : ../../airgun_data/namss.T-21-10-AT.mcs.airgun/Navigation/T-21-10-AT_NAV-WGS84.csv
[10:43:02] [INFO ] SA mode  : single (seed=42)
[10:43:02] [INFO ] 
[10:43:02] [INFO ] STEP 1 — Feature extraction
[10:43:02] [INFO ]   Loading navigation...
[10:43:02] [INFO ]   Loading SEG-Y...
[10:43:03] [INFO ]   Traces: 17977  Samples: 5421  dt: 1.000 ms
[10:43:03] [INFO ]   Depth:  0.0 m → 4065.0 m
[10:43:03] [INFO ]   Matching traces to navigation...
[10:43:05] [INFO ]   Matched 17977 / 17977 traces
[10:43:05] [INFO ]   Bandpass filtering...
[10:43:06] [INFO ]   Computing seismic attributes...
[10:43:13] [INFO ]   Picking seafloor...
[10:43:15] [INFO ]   Seafloor depth: 2288–2746 m  (0 shallow traces masked)
[10:43:15] [INFO ]   Picking horizons...
[10:43:16] [INFO ]   Computing NCC coherence (slow)...
[10:43:18] [INFO ]   Saving CNN section image...
[10:43:27] [INFO ]   Saved: T2010.101.mig.1500_section_cnn.png  (2700x1500px)
[10:43:27] [INFO ]   Step 1 complete
[10:43:27] [INFO ] 
[10:43:27] [INFO ] STEP 2 — Fault detection
[10:43:27] [INFO ]   Mode: single SA run (seed=42)
[10:51:13] [INFO ]   Detected 0 high-confidence faults
[10:51:13] [INFO ]   Step 2 complete
[10:51:13] [INFO ] 
[10:51:13] [INFO ] STEP 3 — Bounding boxes
[10:51:13] [INFO ]   Generated 0 boxes
[10:51:13] [INFO ]   Step 3 complete
[10:51:13] [INFO ] 
[10:51:13] [INFO ] STEP 4 — Dataset building
[10:51:13] [INFO ]   Saving labeled review image...
[10:51:13] [INFO ]   Saved: T2010.101.mig.1500_labeled.png
[10:51:13] [INFO ]   Split: train
[10:51:13] [INFO ]   Added 0 annotations to train.json
[10:51:13] [INFO ]   train.json: 153 images, 70 annotations
[10:51:13] [INFO ]   val.json:   37 images,  17 annotations
[10:51:13] [INFO ]   Step 4 complete
[10:51:13] [INFO ] 
[10:51:13] [INFO ]   DONE  T2010.101.mig.1500  →  train  |  0 faults  |  0 boxes
[10:51:15] [INFO ] 
[10:51:15] [INFO ] ──────────────────────────────────────────────────
[10:51:15] [INFO ]   LINE: T2010.102.mig.1500
[10:51:15] [INFO ] ──────────────────────────────────────────────────
[10:51:15] [INFO ] Dataset  : namss.T-21-10-AT.mcs.airgun
[10:51:15] [INFO ] SGY      : ../../airgun_data/namss.T-21-10-AT.mcs.airgun/Data/T2010.102.mig.1500.sgy
[10:51:15] [INFO ] NAV      : ../../airgun_data/namss.T-21-10-AT.mcs.airgun/Navigation/T-21-10-AT_NAV-WGS84.csv
[10:51:15] [INFO ] SA mode  : single (seed=42)
[10:51:15] [INFO ] 
[10:51:15] [INFO ] STEP 1 — Feature extraction
[10:51:15] [INFO ]   Loading navigation...
[10:51:15] [INFO ]   Loading SEG-Y...
[10:51:15] [INFO ]   Traces: 3605  Samples: 5441  dt: 1.000 ms
[10:51:15] [INFO ]   Depth:  0.0 m → 4080.0 m
[10:51:15] [INFO ]   Matching traces to navigation...
[10:51:15] [INFO ]   Matched 3605 / 3605 traces
[10:51:15] [INFO ]   Bandpass filtering...
[10:51:16] [INFO ]   Computing seismic attributes...
[10:51:18] [INFO ]   Picking seafloor...
[10:51:18] [INFO ]   Seafloor depth: 288–596 m  (3605 shallow traces masked)
[10:51:18] [INFO ]   Picking horizons...
[10:51:18] [INFO ]   Computing NCC coherence (slow)...
[10:51:19] [INFO ]   Saving CNN section image...
[10:51:20] [INFO ]   Saved: T2010.102.mig.1500_section_cnn.png  (2700x1500px)
[10:51:20] [INFO ]   Step 1 complete
[10:51:20] [INFO ] 
[10:51:20] [INFO ] STEP 2 — Fault detection
[10:51:20] [INFO ]   Mode: single SA run (seed=42)
[10:51:24] [INFO ]   Detected 0 high-confidence faults
[10:51:24] [INFO ]   Step 2 complete
[10:51:24] [INFO ] 
[10:51:24] [INFO ] STEP 3 — Bounding boxes
[10:51:24] [INFO ]   Generated 0 boxes
[10:51:24] [INFO ]   Step 3 complete
[10:51:24] [INFO ] 
[10:51:24] [INFO ] STEP 4 — Dataset building
[10:51:24] [INFO ]   Saving labeled review image...
[10:51:25] [INFO ]   Saved: T2010.102.mig.1500_labeled.png
[10:51:25] [INFO ]   Split: train
[10:51:25] [INFO ]   Added 0 annotations to train.json
[10:51:25] [INFO ]   train.json: 154 images, 70 annotations
[10:51:25] [INFO ]   val.json:   37 images,  17 annotations
[10:51:25] [INFO ]   Step 4 complete
[10:51:25] [INFO ] 
[10:51:25] [INFO ]   DONE  T2010.102.mig.1500  →  train  |  0 faults  |  0 boxes
[10:51:25] [INFO ] 
[10:51:25] [INFO ] ──────────────────────────────────────────────────
[10:51:25] [INFO ]   LINE: T2010.103.mig.1500
[10:51:25] [INFO ] ──────────────────────────────────────────────────
[10:51:25] [INFO ] Dataset  : namss.T-21-10-AT.mcs.airgun
[10:51:25] [INFO ] SGY      : ../../airgun_data/namss.T-21-10-AT.mcs.airgun/Data/T2010.103.mig.1500.sgy
[10:51:25] [INFO ] NAV      : ../../airgun_data/namss.T-21-10-AT.mcs.airgun/Navigation/T-21-10-AT_NAV-WGS84.csv
[10:51:25] [INFO ] SA mode  : single (seed=42)
[10:51:25] [INFO ] 
[10:51:25] [INFO ] STEP 1 — Feature extraction
[10:51:25] [INFO ]   Loading navigation...
[10:51:25] [INFO ]   Loading SEG-Y...
[10:51:26] [INFO ]   Traces: 19161  Samples: 5441  dt: 1.000 ms
[10:51:26] [INFO ]   Depth:  0.0 m → 4080.0 m
[10:51:26] [INFO ]   Matching traces to navigation...
[10:51:27] [INFO ]   Matched 19056 / 19161 traces
[10:51:27] [INFO ]   Bandpass filtering...
[10:51:29] [INFO ]   Computing seismic attributes...
[10:51:38] [INFO ]   Picking seafloor...
[10:51:40] [INFO ]   Seafloor depth: 1320–2653 m  (0 shallow traces masked)
[10:51:40] [INFO ]   Picking horizons...
[10:51:41] [INFO ]   Computing NCC coherence (slow)...
[10:51:45] [INFO ]   Saving CNN section image...
[10:51:55] [INFO ]   Saved: T2010.103.mig.1500_section_cnn.png  (2700x1500px)
[10:51:55] [INFO ]   Step 1 complete
[10:51:55] [INFO ] 
[10:51:55] [INFO ] STEP 2 — Fault detection
[10:51:55] [INFO ]   Mode: single SA run (seed=42)
[10:52:27] [INFO ]   Detected 1 high-confidence faults
[10:52:27] [INFO ]     Fault  1 | trace ~19025 | prob=0.804
[10:52:27] [INFO ]   Step 2 complete
[10:52:27] [INFO ] 
[10:52:27] [INFO ] STEP 3 — Bounding boxes
[10:52:27] [INFO ]   Box  1 | [2651, 468, 49w, 100h px]
[10:52:27] [INFO ]   Generated 1 boxes
[10:52:27] [INFO ]   Step 3 complete
[10:52:27] [INFO ] 
[10:52:27] [INFO ] STEP 4 — Dataset building
[10:52:27] [INFO ]   Saving labeled review image...
[10:52:27] [INFO ]   Saved: T2010.103.mig.1500_labeled.png
[10:52:27] [INFO ]   Split: val
[10:52:27] [INFO ]   Added 1 annotations to val.json
[10:52:27] [INFO ]   train.json: 154 images, 70 annotations
[10:52:27] [INFO ]   val.json:   38 images,  18 annotations
[10:52:27] [INFO ]   Step 4 complete
[10:52:27] [INFO ] 
[10:52:27] [INFO ]   DONE  T2010.103.mig.1500  →  val  |  1 faults  |  1 boxes
[10:52:28] [INFO ] 
[10:52:28] [INFO ] ──────────────────────────────────────────────────
[10:52:28] [INFO ]   LINE: T2010.104.mig.1500
[10:52:28] [INFO ] ──────────────────────────────────────────────────
[10:52:28] [INFO ] Dataset  : namss.T-21-10-AT.mcs.airgun
[10:52:28] [INFO ] SGY      : ../../airgun_data/namss.T-21-10-AT.mcs.airgun/Data/T2010.104.mig.1500.sgy
[10:52:28] [INFO ] NAV      : ../../airgun_data/namss.T-21-10-AT.mcs.airgun/Navigation/T-21-10-AT_NAV-WGS84.csv
[10:52:28] [INFO ] SA mode  : single (seed=42)
[10:52:28] [INFO ] 
[10:52:28] [INFO ] STEP 1 — Feature extraction
[10:52:28] [INFO ]   Loading navigation...
[10:52:28] [INFO ]   Loading SEG-Y...
[10:52:29] [INFO ]   Traces: 5555  Samples: 4441  dt: 1.000 ms
[10:52:29] [INFO ]   Depth:  0.0 m → 3330.0 m
[10:52:29] [INFO ]   Matching traces to navigation...
[10:52:29] [INFO ]   Matched 5555 / 5555 traces
[10:52:29] [INFO ]   Bandpass filtering...
[10:52:29] [INFO ]   Computing seismic attributes...
[10:52:32] [INFO ]   Picking seafloor...
[10:52:32] [INFO ]   Seafloor depth: 248–849 m  (4047 shallow traces masked)
[10:52:32] [INFO ]   Picking horizons...
[10:52:32] [INFO ]   Computing NCC coherence (slow)...
[10:52:33] [INFO ]   Saving CNN section image...
[10:52:35] [INFO ]   Saved: T2010.104.mig.1500_section_cnn.png  (2700x1500px)
[10:52:35] [INFO ]   Step 1 complete
[10:52:35] [INFO ] 
[10:52:35] [INFO ] STEP 2 — Fault detection
[10:52:35] [INFO ]   Mode: single SA run (seed=42)
[10:52:45] [INFO ]   Detected 0 high-confidence faults
[10:52:45] [INFO ]   Step 2 complete
[10:52:45] [INFO ] 
[10:52:45] [INFO ] STEP 3 — Bounding boxes
[10:52:45] [INFO ]   Generated 0 boxes
[10:52:45] [INFO ]   Step 3 complete
[10:52:45] [INFO ] 
[10:52:45] [INFO ] STEP 4 — Dataset building
[10:52:45] [INFO ]   Saving labeled review image...
[10:52:45] [INFO ]   Saved: T2010.104.mig.1500_labeled.png
[10:52:45] [INFO ]   Split: train
[10:52:45] [INFO ]   Added 0 annotations to train.json
[10:52:45] [INFO ]   train.json: 155 images, 70 annotations
[10:52:45] [INFO ]   val.json:   38 images,  18 annotations
[10:52:45] [INFO ]   Step 4 complete
[10:52:45] [INFO ] 
[10:52:45] [INFO ]   DONE  T2010.104.mig.1500  →  train  |  0 faults  |  0 boxes
[10:52:45] [INFO ] 
[10:52:45] [INFO ] ──────────────────────────────────────────────────
[10:52:45] [INFO ]   LINE: T2010.105.mig.1500
[10:52:45] [INFO ] ──────────────────────────────────────────────────
[10:52:45] [INFO ] Dataset  : namss.T-21-10-AT.mcs.airgun
[10:52:45] [INFO ] SGY      : ../../airgun_data/namss.T-21-10-AT.mcs.airgun/Data/T2010.105.mig.1500.sgy
[10:52:45] [INFO ] NAV      : ../../airgun_data/namss.T-21-10-AT.mcs.airgun/Navigation/T-21-10-AT_NAV-WGS84.csv
[10:52:45] [INFO ] SA mode  : single (seed=42)
[10:52:45] [INFO ] 
[10:52:45] [INFO ] STEP 1 — Feature extraction
[10:52:45] [INFO ]   Loading navigation...
[10:52:45] [INFO ]   Loading SEG-Y...
[10:52:45] [INFO ]   Traces: 4292  Samples: 4441  dt: 1.000 ms
[10:52:45] [INFO ]   Depth:  0.0 m → 3330.0 m
[10:52:45] [INFO ]   Matching traces to navigation...
[10:52:45] [INFO ]   Matched 4292 / 4292 traces
[10:52:45] [INFO ]   Bandpass filtering...
[10:52:46] [INFO ]   Computing seismic attributes...
[10:52:47] [INFO ]   Picking seafloor...
[10:52:47] [INFO ]   Seafloor depth: 2169–2395 m  (0 shallow traces masked)
[10:52:47] [INFO ]   Picking horizons...
[10:52:47] [INFO ]   Computing NCC coherence (slow)...
[10:52:48] [INFO ]   Saving CNN section image...
[10:52:49] [INFO ]   Saved: T2010.105.mig.1500_section_cnn.png  (2700x1500px)
[10:52:49] [INFO ]   Step 1 complete
[10:52:49] [INFO ] 
[10:52:49] [INFO ] STEP 2 — Fault detection
[10:52:49] [INFO ]   Mode: single SA run (seed=42)
[10:52:54] [INFO ]   Detected 0 high-confidence faults
[10:52:54] [INFO ]   Step 2 complete
[10:52:54] [INFO ] 
[10:52:54] [INFO ] STEP 3 — Bounding boxes
[10:52:54] [INFO ]   Generated 0 boxes
[10:52:54] [INFO ]   Step 3 complete
[10:52:54] [INFO ] 
[10:52:54] [INFO ] STEP 4 — Dataset building
[10:52:54] [INFO ]   Saving labeled review image...
[10:52:54] [INFO ]   Saved: T2010.105.mig.1500_labeled.png
[10:52:54] [INFO ]   Split: train
[10:52:54] [INFO ]   Added 0 annotations to train.json
[10:52:54] [INFO ]   train.json: 156 images, 70 annotations
[10:52:54] [INFO ]   val.json:   38 images,  18 annotations
[10:52:54] [INFO ]   Step 4 complete
[10:52:54] [INFO ] 
[10:52:54] [INFO ]   DONE  T2010.105.mig.1500  →  train  |  0 faults  |  0 boxes
[10:52:54] [INFO ] 
[10:52:54] [INFO ] ──────────────────────────────────────────────────
[10:52:54] [INFO ]   LINE: T2010.106.mig.1500
[10:52:54] [INFO ] ──────────────────────────────────────────────────
[10:52:54] [INFO ] Dataset  : namss.T-21-10-AT.mcs.airgun
[10:52:54] [INFO ] SGY      : ../../airgun_data/namss.T-21-10-AT.mcs.airgun/Data/T2010.106.mig.1500.sgy
[10:52:54] [INFO ] NAV      : ../../airgun_data/namss.T-21-10-AT.mcs.airgun/Navigation/T-21-10-AT_NAV-WGS84.csv
[10:52:54] [INFO ] SA mode  : single (seed=42)
[10:52:54] [INFO ] 
[10:52:54] [INFO ] STEP 1 — Feature extraction
[10:52:54] [INFO ]   Loading navigation...
[10:52:54] [INFO ]   Loading SEG-Y...
[10:52:55] [INFO ]   Traces: 16503  Samples: 4441  dt: 1.000 ms
[10:52:55] [INFO ]   Depth:  0.0 m → 3330.0 m
[10:52:55] [INFO ]   Matching traces to navigation...
[10:52:56] [INFO ]   Matched 16503 / 16503 traces
[10:52:56] [INFO ]   Bandpass filtering...
[10:52:57] [INFO ]   Computing seismic attributes...
[10:53:02] [INFO ]   Picking seafloor...
[10:53:03] [INFO ]   Seafloor depth: 1566–2173 m  (0 shallow traces masked)
[10:53:03] [INFO ]   Picking horizons...
[10:53:04] [INFO ]   Computing NCC coherence (slow)...
[10:53:06] [INFO ]   Saving CNN section image...
[10:53:11] [INFO ]   Saved: T2010.106.mig.1500_section_cnn.png  (2700x1500px)
[10:53:11] [INFO ]   Step 1 complete
[10:53:11] [INFO ] 
[10:53:11] [INFO ] STEP 2 — Fault detection
[10:53:11] [INFO ]   Mode: single SA run (seed=42)
[10:53:34] [INFO ]   Detected 0 high-confidence faults
[10:53:34] [INFO ]   Step 2 complete
[10:53:34] [INFO ] 
[10:53:34] [INFO ] STEP 3 — Bounding boxes
[10:53:34] [INFO ]   Generated 0 boxes
[10:53:34] [INFO ]   Step 3 complete
[10:53:34] [INFO ] 
[10:53:34] [INFO ] STEP 4 — Dataset building
[10:53:34] [INFO ]   Saving labeled review image...
[10:53:34] [INFO ]   Saved: T2010.106.mig.1500_labeled.png
[10:53:34] [INFO ]   Split: train
[10:53:34] [INFO ]   Added 0 annotations to train.json
[10:53:34] [INFO ]   train.json: 157 images, 70 annotations
[10:53:34] [INFO ]   val.json:   38 images,  18 annotations
[10:53:34] [INFO ]   Step 4 complete
[10:53:34] [INFO ] 
[10:53:34] [INFO ]   DONE  T2010.106.mig.1500  →  train  |  0 faults  |  0 boxes
[10:53:34] [INFO ] 
[10:53:34] [INFO ] ──────────────────────────────────────────────────
[10:53:34] [INFO ]   LINE: T2010.107.mig.1500
[10:53:34] [INFO ] ──────────────────────────────────────────────────
[10:53:34] [INFO ] Dataset  : namss.T-21-10-AT.mcs.airgun
[10:53:34] [INFO ] SGY      : ../../airgun_data/namss.T-21-10-AT.mcs.airgun/Data/T2010.107.mig.1500.sgy
[10:53:34] [INFO ] NAV      : ../../airgun_data/namss.T-21-10-AT.mcs.airgun/Navigation/T-21-10-AT_NAV-WGS84.csv
[10:53:34] [INFO ] SA mode  : single (seed=42)
[10:53:34] [INFO ] 
[10:53:34] [INFO ] STEP 1 — Feature extraction
[10:53:34] [INFO ]   Loading navigation...
[10:53:34] [INFO ]   Loading SEG-Y...
[10:53:35] [INFO ]   Traces: 16428  Samples: 4441  dt: 1.000 ms
[10:53:35] [INFO ]   Depth:  0.0 m → 3330.0 m
[10:53:35] [INFO ]   Matching traces to navigation...
[10:53:36] [INFO ]   Matched 16428 / 16428 traces
[10:53:36] [INFO ]   Bandpass filtering...
[10:53:37] [INFO ]   Computing seismic attributes...
[10:53:44] [INFO ]   Picking seafloor...
[10:53:45] [INFO ]   Seafloor depth: 1560–2044 m  (0 shallow traces masked)
[10:53:45] [INFO ]   Picking horizons...
[10:53:46] [INFO ]   Computing NCC coherence (slow)...
[10:53:49] [INFO ]   Saving CNN section image...
[10:53:53] [INFO ]   Saved: T2010.107.mig.1500_section_cnn.png  (2700x1500px)
[10:53:53] [INFO ]   Step 1 complete
[10:53:53] [INFO ] 
[10:53:53] [INFO ] STEP 2 — Fault detection
[10:53:53] [INFO ]   Mode: single SA run (seed=42)
[10:54:13] [INFO ]   Detected 2 high-confidence faults
[10:54:13] [INFO ]     Fault  1 | trace ~13255 | prob=0.781
[10:54:13] [INFO ]     Fault  2 | trace ~14801 | prob=0.825
[10:54:13] [INFO ]   Step 2 complete
[10:54:13] [INFO ] 
[10:54:13] [INFO ] STEP 3 — Bounding boxes
[10:54:13] [INFO ]   Box  1 | [2135, 763, 90w, 100h px]
[10:54:13] [INFO ]   Box  2 | [2388, 728, 93w, 100h px]
[10:54:13] [INFO ]   Generated 2 boxes
[10:54:13] [INFO ]   Step 3 complete
[10:54:13] [INFO ] 
[10:54:13] [INFO ] STEP 4 — Dataset building
[10:54:13] [INFO ]   Saving labeled review image...
[10:54:14] [INFO ]   Saved: T2010.107.mig.1500_labeled.png
[10:54:14] [INFO ]   Split: train
[10:54:14] [INFO ]   Added 2 annotations to train.json
[10:54:14] [INFO ]   train.json: 158 images, 72 annotations
[10:54:14] [INFO ]   val.json:   38 images,  18 annotations
[10:54:14] [INFO ]   Step 4 complete
[10:54:14] [INFO ] 
[10:54:14] [INFO ]   DONE  T2010.107.mig.1500  →  train  |  2 faults  |  2 boxes
[10:54:14] [INFO ] 
[10:54:14] [INFO ] ──────────────────────────────────────────────────
[10:54:14] [INFO ]   LINE: T2010.108.mig.1500
[10:54:14] [INFO ] ──────────────────────────────────────────────────
[10:54:14] [INFO ] Dataset  : namss.T-21-10-AT.mcs.airgun
[10:54:14] [INFO ] SGY      : ../../airgun_data/namss.T-21-10-AT.mcs.airgun/Data/T2010.108.mig.1500.sgy
[10:54:14] [INFO ] NAV      : ../../airgun_data/namss.T-21-10-AT.mcs.airgun/Navigation/T-21-10-AT_NAV-WGS84.csv
[10:54:14] [INFO ] SA mode  : single (seed=42)
[10:54:14] [INFO ] 
[10:54:14] [INFO ] STEP 1 — Feature extraction
[10:54:14] [INFO ]   Loading navigation...
[10:54:14] [INFO ]   Loading SEG-Y...
[10:54:14] [INFO ]   Traces: 18283  Samples: 4441  dt: 1.000 ms
[10:54:14] [INFO ]   Depth:  0.0 m → 3330.0 m
[10:54:14] [INFO ]   Matching traces to navigation...
[10:54:16] [INFO ]   Matched 18283 / 18283 traces
[10:54:16] [INFO ]   Bandpass filtering...
[10:54:18] [INFO ]   Computing seismic attributes...
[10:54:23] [INFO ]   Picking seafloor...
[10:54:25] [INFO ]   Seafloor depth: 1187–1872 m  (0 shallow traces masked)
[10:54:25] [INFO ]   Picking horizons...
[10:54:26] [INFO ]   Computing NCC coherence (slow)...
[10:54:29] [INFO ]   Saving CNN section image...
[10:54:36] [INFO ]   Saved: T2010.108.mig.1500_section_cnn.png  (2700x1500px)
[10:54:36] [INFO ]   Step 1 complete
[10:54:36] [INFO ] 
[10:54:36] [INFO ] STEP 2 — Fault detection
[10:54:36] [INFO ]   Mode: single SA run (seed=42)
[10:54:59] [INFO ]   Detected 2 high-confidence faults
[10:54:59] [INFO ]     Fault  1 | trace ~ 1439 | prob=0.765
[10:54:59] [INFO ]     Fault  2 | trace ~ 7828 | prob=0.786
[10:54:59] [INFO ]   Step 2 complete
[10:54:59] [INFO ] 
[10:54:59] [INFO ] STEP 3 — Bounding boxes
[10:54:59] [INFO ]   Box  1 | [170, 660, 86w, 100h px]
[10:54:59] [INFO ]   Box  2 | [1108, 756, 91w, 100h px]
[10:54:59] [INFO ]   Generated 2 boxes
[10:54:59] [INFO ]   Step 3 complete
[10:54:59] [INFO ] 
[10:54:59] [INFO ] STEP 4 — Dataset building
[10:54:59] [INFO ]   Saving labeled review image...
[10:54:59] [INFO ]   Saved: T2010.108.mig.1500_labeled.png
[10:54:59] [INFO ]   Split: val
[10:54:59] [INFO ]   Added 2 annotations to val.json
[10:54:59] [INFO ]   train.json: 158 images, 72 annotations
[10:54:59] [INFO ]   val.json:   39 images,  20 annotations
[10:54:59] [INFO ]   Step 4 complete
[10:54:59] [INFO ] 
[10:54:59] [INFO ]   DONE  T2010.108.mig.1500  →  val  |  2 faults  |  2 boxes
[10:54:59] [INFO ] 
[10:54:59] [INFO ] ──────────────────────────────────────────────────
[10:54:59] [INFO ]   LINE: T2010.109.mig.1500
[10:54:59] [INFO ] ──────────────────────────────────────────────────
[10:54:59] [INFO ] Dataset  : namss.T-21-10-AT.mcs.airgun
[10:54:59] [INFO ] SGY      : ../../airgun_data/namss.T-21-10-AT.mcs.airgun/Data/T2010.109.mig.1500.sgy
[10:54:59] [INFO ] NAV      : ../../airgun_data/namss.T-21-10-AT.mcs.airgun/Navigation/T-21-10-AT_NAV-WGS84.csv
[10:54:59] [INFO ] SA mode  : single (seed=42)
[10:54:59] [INFO ] 
[10:54:59] [INFO ] STEP 1 — Feature extraction
[10:54:59] [INFO ]   Loading navigation...
[10:54:59] [INFO ]   Loading SEG-Y...
[10:55:00] [INFO ]   Traces: 20764  Samples: 4441  dt: 1.000 ms
[10:55:00] [INFO ]   Depth:  0.0 m → 3330.0 m
[10:55:00] [INFO ]   Matching traces to navigation...
[10:55:02] [INFO ]   Matched 20764 / 20764 traces
[10:55:02] [INFO ]   Bandpass filtering...
[10:55:05] [INFO ]   Computing seismic attributes...
[10:55:12] [INFO ]   Picking seafloor...
[10:55:14] [INFO ]   Seafloor depth: 1227–2043 m  (0 shallow traces masked)
[10:55:14] [INFO ]   Picking horizons...
[10:55:15] [INFO ]   Computing NCC coherence (slow)...
[10:55:19] [INFO ]   Saving CNN section image...
[10:55:27] [INFO ]   Saved: T2010.109.mig.1500_section_cnn.png  (2700x1500px)
[10:55:27] [INFO ]   Step 1 complete
[10:55:27] [INFO ] 
[10:55:27] [INFO ] STEP 2 — Fault detection
[10:55:27] [INFO ]   Mode: single SA run (seed=42)
[10:55:57] [INFO ]   Detected 0 high-confidence faults
[10:55:57] [INFO ]   Step 2 complete
[10:55:57] [INFO ] 
[10:55:57] [INFO ] STEP 3 — Bounding boxes
[10:55:57] [INFO ]   Generated 0 boxes
[10:55:57] [INFO ]   Step 3 complete
[10:55:57] [INFO ] 
[10:55:57] [INFO ] STEP 4 — Dataset building
[10:55:57] [INFO ]   Saving labeled review image...
[10:55:57] [INFO ]   Saved: T2010.109.mig.1500_labeled.png
[10:55:57] [INFO ]   Split: train
[10:55:57] [INFO ]   Added 0 annotations to train.json
[10:55:57] [INFO ]   train.json: 159 images, 72 annotations
[10:55:57] [INFO ]   val.json:   39 images,  20 annotations
[10:55:57] [INFO ]   Step 4 complete
[10:55:57] [INFO ] 
[10:55:57] [INFO ]   DONE  T2010.109.mig.1500  →  train  |  0 faults  |  0 boxes
[10:55:59] [INFO ] 
[10:55:59] [INFO ] ──────────────────────────────────────────────────
[10:55:59] [INFO ]   LINE: T2010.110.mig.1500
[10:55:59] [INFO ] ──────────────────────────────────────────────────
[10:55:59] [INFO ] Dataset  : namss.T-21-10-AT.mcs.airgun
[10:55:59] [INFO ] SGY      : ../../airgun_data/namss.T-21-10-AT.mcs.airgun/Data/T2010.110.mig.1500.sgy
[10:55:59] [INFO ] NAV      : ../../airgun_data/namss.T-21-10-AT.mcs.airgun/Navigation/T-21-10-AT_NAV-WGS84.csv
[10:55:59] [INFO ] SA mode  : single (seed=42)
[10:55:59] [INFO ] 
[10:55:59] [INFO ] STEP 1 — Feature extraction
[10:55:59] [INFO ]   Loading navigation...
[10:55:59] [INFO ]   Loading SEG-Y...
[10:56:00] [INFO ]   Traces: 20175  Samples: 4441  dt: 1.000 ms
[10:56:00] [INFO ]   Depth:  0.0 m → 3330.0 m
[10:56:00] [INFO ]   Matching traces to navigation...
[10:56:02] [INFO ]   Matched 20175 / 20175 traces
[10:56:02] [INFO ]   Bandpass filtering...
[10:56:04] [INFO ]   Computing seismic attributes...
[10:56:11] [INFO ]   Picking seafloor...
[10:56:13] [INFO ]   Seafloor depth: 657–953 m  (0 shallow traces masked)
[10:56:13] [INFO ]   Picking horizons...
[10:56:14] [INFO ]   Computing NCC coherence (slow)...
[10:56:17] [INFO ]   Saving CNN section image...
[10:56:23] [INFO ]   Saved: T2010.110.mig.1500_section_cnn.png  (2700x1500px)
[10:56:23] [INFO ]   Step 1 complete
[10:56:23] [INFO ] 
[10:56:23] [INFO ] STEP 2 — Fault detection
[10:56:23] [INFO ]   Mode: single SA run (seed=42)
[10:56:49] [INFO ]   Detected 1 high-confidence faults
[10:56:49] [INFO ]     Fault  1 | trace ~17493 | prob=0.756
[10:56:49] [INFO ]   Step 2 complete
[10:56:49] [INFO ] 
[10:56:49] [INFO ] STEP 3 — Bounding boxes
[10:56:49] [INFO ]   Box  1 | [2298, 307, 87w, 100h px]
[10:56:49] [INFO ]   Generated 1 boxes
[10:56:49] [INFO ]   Step 3 complete
[10:56:49] [INFO ] 
[10:56:49] [INFO ] STEP 4 — Dataset building
[10:56:49] [INFO ]   Saving labeled review image...
[10:56:50] [INFO ]   Saved: T2010.110.mig.1500_labeled.png
[10:56:50] [INFO ]   Split: train
[10:56:50] [INFO ]   Added 1 annotations to train.json
[10:56:50] [INFO ]   train.json: 160 images, 73 annotations
[10:56:50] [INFO ]   val.json:   39 images,  20 annotations
[10:56:50] [INFO ]   Step 4 complete
[10:56:50] [INFO ] 
[10:56:50] [INFO ]   DONE  T2010.110.mig.1500  →  train  |  1 faults  |  1 boxes
[10:56:51] [INFO ] 
[10:56:51] [INFO ] ──────────────────────────────────────────────────
[10:56:51] [INFO ]   LINE: T2010.1100.mig.1500
[10:56:51] [INFO ] ──────────────────────────────────────────────────
[10:56:51] [INFO ] Dataset  : namss.T-21-10-AT.mcs.airgun
[10:56:51] [INFO ] SGY      : ../../airgun_data/namss.T-21-10-AT.mcs.airgun/Data/T2010.1100.mig.1500.sgy
[10:56:51] [INFO ] NAV      : ../../airgun_data/namss.T-21-10-AT.mcs.airgun/Navigation/T-21-10-AT_NAV-WGS84.csv
[10:56:51] [INFO ] SA mode  : single (seed=42)
[10:56:51] [INFO ] 
[10:56:51] [INFO ] STEP 1 — Feature extraction
[10:56:51] [INFO ]   Loading navigation...
[10:56:51] [INFO ]   Loading SEG-Y...
[10:56:51] [INFO ]   Traces: 1949  Samples: 5441  dt: 1.000 ms
[10:56:51] [INFO ]   Depth:  0.0 m → 4080.0 m
[10:56:51] [INFO ]   Matching traces to navigation...
[10:56:51] [INFO ]   Matched 1949 / 1949 traces
[10:56:51] [INFO ]   Bandpass filtering...
[10:56:52] [INFO ]   Computing seismic attributes...
[10:56:52] [INFO ]   Picking seafloor...
[10:56:53] [INFO ]   Seafloor depth: 725–998 m  (0 shallow traces masked)
[10:56:53] [INFO ]   Picking horizons...
[10:56:53] [INFO ]   Computing NCC coherence (slow)...
[10:56:53] [INFO ]   Saving CNN section image...
[10:56:56] [INFO ]   Saved: T2010.1100.mig.1500_section_cnn.png  (2700x1500px)
[10:56:56] [INFO ]   Step 1 complete
[10:56:56] [INFO ] 
[10:56:56] [INFO ] STEP 2 — Fault detection
[10:56:56] [INFO ]   Mode: single SA run (seed=42)
[10:56:59] [INFO ]   Detected 0 high-confidence faults
[10:56:59] [INFO ]   Step 2 complete
[10:56:59] [INFO ] 
[10:56:59] [INFO ] STEP 3 — Bounding boxes
[10:56:59] [INFO ]   Generated 0 boxes
[10:56:59] [INFO ]   Step 3 complete
[10:56:59] [INFO ] 
[10:56:59] [INFO ] STEP 4 — Dataset building
[10:56:59] [INFO ]   Saving labeled review image...
[10:56:59] [INFO ]   Saved: T2010.1100.mig.1500_labeled.png
[10:56:59] [INFO ]   Split: train
[10:56:59] [INFO ]   Added 0 annotations to train.json
[10:56:59] [INFO ]   train.json: 161 images, 73 annotations
[10:56:59] [INFO ]   val.json:   39 images,  20 annotations
[10:56:59] [INFO ]   Step 4 complete
[10:56:59] [INFO ] 
[10:56:59] [INFO ]   DONE  T2010.1100.mig.1500  →  train  |  0 faults  |  0 boxes
[10:56:59] [INFO ] 
[10:56:59] [INFO ] ──────────────────────────────────────────────────
[10:56:59] [INFO ]   LINE: T2010.1101.mig.1500
[10:56:59] [INFO ] ──────────────────────────────────────────────────
[10:56:59] [INFO ] Dataset  : namss.T-21-10-AT.mcs.airgun
[10:56:59] [INFO ] SGY      : ../../airgun_data/namss.T-21-10-AT.mcs.airgun/Data/T2010.1101.mig.1500.sgy
[10:56:59] [INFO ] NAV      : ../../airgun_data/namss.T-21-10-AT.mcs.airgun/Navigation/T-21-10-AT_NAV-WGS84.csv
[10:56:59] [INFO ] SA mode  : single (seed=42)
[10:56:59] [INFO ] 
[10:56:59] [INFO ] STEP 1 — Feature extraction
[10:56:59] [INFO ]   Loading navigation...
[10:56:59] [INFO ]   Loading SEG-Y...
[10:57:00] [INFO ]   Traces: 13676  Samples: 5441  dt: 1.000 ms
[10:57:00] [INFO ]   Depth:  0.0 m → 4080.0 m
[10:57:00] [INFO ]   Matching traces to navigation...
[10:57:01] [INFO ]   Matched 13676 / 13676 traces
[10:57:02] [INFO ]   Bandpass filtering...
[10:57:03] [INFO ]   Computing seismic attributes...
[10:57:29] [INFO ]   Picking seafloor...
[10:57:30] [INFO ]   Seafloor depth: 180–2232 m  (3355 shallow traces masked)
[10:57:30] [INFO ]   Picking horizons...
[10:57:31] [INFO ]   Computing NCC coherence (slow)...
[10:57:33] [INFO ]   Saving CNN section image...
[10:57:39] [INFO ]   Saved: T2010.1101.mig.1500_section_cnn.png  (2700x1500px)
[10:57:39] [INFO ]   Step 1 complete
[10:57:39] [INFO ] 
[10:57:39] [INFO ] STEP 2 — Fault detection
[10:57:39] [INFO ]   Mode: single SA run (seed=42)
[10:59:43] [INFO ]   Detected 0 high-confidence faults
[10:59:43] [INFO ]   Step 2 complete
[10:59:43] [INFO ] 
[10:59:43] [INFO ] STEP 3 — Bounding boxes
[10:59:43] [INFO ]   Generated 0 boxes
[10:59:43] [INFO ]   Step 3 complete
[10:59:43] [INFO ] 
[10:59:43] [INFO ] STEP 4 — Dataset building
[10:59:43] [INFO ]   Saving labeled review image...
[10:59:43] [INFO ]   Saved: T2010.1101.mig.1500_labeled.png
[10:59:43] [INFO ]   Split: train
[10:59:43] [INFO ]   Added 0 annotations to train.json
[10:59:43] [INFO ]   train.json: 162 images, 73 annotations
[10:59:43] [INFO ]   val.json:   39 images,  20 annotations
[10:59:43] [INFO ]   Step 4 complete
[10:59:43] [INFO ] 
[10:59:43] [INFO ]   DONE  T2010.1101.mig.1500  →  train  |  0 faults  |  0 boxes
[10:59:43] [INFO ] 
[10:59:43] [INFO ] ──────────────────────────────────────────────────
[10:59:43] [INFO ]   LINE: T2010.1103.mig.1500
[10:59:43] [INFO ] ──────────────────────────────────────────────────
[10:59:43] [INFO ] Dataset  : namss.T-21-10-AT.mcs.airgun
[10:59:43] [INFO ] SGY      : ../../airgun_data/namss.T-21-10-AT.mcs.airgun/Data/T2010.1103.mig.1500.sgy
[10:59:43] [INFO ] NAV      : ../../airgun_data/namss.T-21-10-AT.mcs.airgun/Navigation/T-21-10-AT_NAV-WGS84.csv
[10:59:43] [INFO ] SA mode  : single (seed=42)
[10:59:43] [INFO ] 
[10:59:43] [INFO ] STEP 1 — Feature extraction
[10:59:43] [INFO ]   Loading navigation...
[10:59:44] [INFO ]   Loading SEG-Y...
[10:59:44] [INFO ]   Traces: 7078  Samples: 5441  dt: 1.000 ms
[10:59:44] [INFO ]   Depth:  0.0 m → 4080.0 m
[10:59:44] [INFO ]   Matching traces to navigation...
[10:59:44] [INFO ]   Matched 7078 / 7078 traces
[10:59:45] [INFO ]   Bandpass filtering...
[10:59:45] [INFO ]   Computing seismic attributes...
[10:59:48] [INFO ]   Picking seafloor...
[10:59:49] [INFO ]   Seafloor depth: 279–1231 m  (3427 shallow traces masked)
[10:59:49] [INFO ]   Picking horizons...
[10:59:49] [INFO ]   Computing NCC coherence (slow)...
[10:59:50] [INFO ]   Saving CNN section image...
[10:59:54] [INFO ]   Saved: T2010.1103.mig.1500_section_cnn.png  (2700x1500px)
[10:59:54] [INFO ]   Step 1 complete
[10:59:54] [INFO ] 
[10:59:54] [INFO ] STEP 2 — Fault detection
[10:59:54] [INFO ]   Mode: single SA run (seed=42)
[11:00:03] [INFO ]   Detected 2 high-confidence faults
[11:00:03] [INFO ]     Fault  1 | trace ~  177 | prob=0.771
[11:00:03] [INFO ]     Fault  2 | trace ~  399 | prob=0.756
[11:00:03] [INFO ]   Step 2 complete
[11:00:03] [INFO ] 
[11:00:03] [INFO ] STEP 3 — Bounding boxes
[11:00:03] [INFO ]   Box  1 | [15, 421, 99w, 100h px]
[11:00:03] [INFO ]   Box  2 | [105, 397, 98w, 100h px]
[11:00:03] [INFO ]   Generated 2 boxes
[11:00:03] [INFO ]   Step 3 complete
[11:00:03] [INFO ] 
[11:00:03] [INFO ] STEP 4 — Dataset building
[11:00:03] [INFO ]   Saving labeled review image...
[11:00:03] [INFO ]   Saved: T2010.1103.mig.1500_labeled.png
[11:00:03] [INFO ]   Split: val
[11:00:03] [INFO ]   Added 2 annotations to val.json
[11:00:03] [INFO ]   train.json: 162 images, 73 annotations
[11:00:03] [INFO ]   val.json:   40 images,  22 annotations
[11:00:03] [INFO ]   Step 4 complete
[11:00:03] [INFO ] 
[11:00:03] [INFO ]   DONE  T2010.1103.mig.1500  →  val  |  2 faults  |  2 boxes
[11:00:03] [INFO ] 
[11:00:03] [INFO ] ──────────────────────────────────────────────────
[11:00:03] [INFO ]   LINE: T2010.1104.mig.1500
[11:00:03] [INFO ] ──────────────────────────────────────────────────
[11:00:03] [INFO ] Dataset  : namss.T-21-10-AT.mcs.airgun
[11:00:03] [INFO ] SGY      : ../../airgun_data/namss.T-21-10-AT.mcs.airgun/Data/T2010.1104.mig.1500.sgy
[11:00:03] [INFO ] NAV      : ../../airgun_data/namss.T-21-10-AT.mcs.airgun/Navigation/T-21-10-AT_NAV-WGS84.csv
[11:00:03] [INFO ] SA mode  : single (seed=42)
[11:00:03] [INFO ] 
[11:00:03] [INFO ] STEP 1 — Feature extraction
[11:00:03] [INFO ]   Loading navigation...
[11:00:03] [INFO ]   Loading SEG-Y...
[11:00:03] [INFO ]   Traces: 10591  Samples: 4441  dt: 1.000 ms
[11:00:03] [INFO ]   Depth:  0.0 m → 3330.0 m
[11:00:03] [INFO ]   Matching traces to navigation...
[11:00:04] [INFO ]   Matched 10591 / 10591 traces
[11:00:04] [INFO ]   Bandpass filtering...
[11:00:05] [INFO ]   Computing seismic attributes...
[11:00:09] [INFO ]   Picking seafloor...
[11:00:09] [INFO ]   Seafloor depth: 862–2392 m  (0 shallow traces masked)
[11:00:09] [INFO ]   Picking horizons...
[11:00:10] [INFO ]   Computing NCC coherence (slow)...
[11:00:11] [INFO ]   Saving CNN section image...
[11:02:18] [INFO ]   Saved: T2010.1104.mig.1500_section_cnn.png  (2700x1500px)
[11:02:18] [INFO ]   Step 1 complete
[11:02:18] [INFO ] 
[11:02:18] [INFO ] STEP 2 — Fault detection
[11:02:18] [INFO ]   Mode: single SA run (seed=42)
[11:02:30] [INFO ]   Detected 2 high-confidence faults
[11:02:30] [INFO ]     Fault  1 | trace ~ 1555 | prob=0.787
[11:02:30] [INFO ]     Fault  2 | trace ~ 2434 | prob=0.815
[11:02:30] [INFO ]   Step 2 complete
[11:02:30] [INFO ] 
[11:02:30] [INFO ] STEP 3 — Bounding boxes
[11:02:30] [INFO ]   Box  1 | [352, 510, 94w, 100h px]
[11:02:30] [INFO ]   Box  2 | [570, 664, 98w, 100h px]
[11:02:30] [INFO ]   Generated 2 boxes
[11:02:30] [INFO ]   Step 3 complete
[11:02:30] [INFO ] 
[11:02:30] [INFO ] STEP 4 — Dataset building
[11:02:30] [INFO ]   Saving labeled review image...
[11:02:30] [INFO ]   Saved: T2010.1104.mig.1500_labeled.png
[11:02:30] [INFO ]   Split: train
[11:02:30] [INFO ]   Added 2 annotations to train.json
[11:02:30] [INFO ]   train.json: 163 images, 75 annotations
[11:02:30] [INFO ]   val.json:   40 images,  22 annotations
[11:02:30] [INFO ]   Step 4 complete
[11:02:30] [INFO ] 
[11:02:30] [INFO ]   DONE  T2010.1104.mig.1500  →  train  |  2 faults  |  2 boxes
[11:02:30] [INFO ] 
[11:02:30] [INFO ] ──────────────────────────────────────────────────
[11:02:30] [INFO ]   LINE: T2010.111.mig.1500
[11:02:30] [INFO ] ──────────────────────────────────────────────────
[11:02:30] [INFO ] Dataset  : namss.T-21-10-AT.mcs.airgun
[11:02:30] [INFO ] SGY      : ../../airgun_data/namss.T-21-10-AT.mcs.airgun/Data/T2010.111.mig.1500.sgy
[11:02:30] [INFO ] NAV      : ../../airgun_data/namss.T-21-10-AT.mcs.airgun/Navigation/T-21-10-AT_NAV-WGS84.csv
[11:02:30] [INFO ] SA mode  : single (seed=42)
[11:02:30] [INFO ] 
[11:02:30] [INFO ] STEP 1 — Feature extraction
[11:02:30] [INFO ]   Loading navigation...
[11:02:30] [INFO ]   Loading SEG-Y...
[11:02:31] [INFO ]   Traces: 5706  Samples: 4441  dt: 1.000 ms
[11:02:31] [INFO ]   Depth:  0.0 m → 3330.0 m
[11:02:31] [INFO ]   Matching traces to navigation...
[11:02:31] [INFO ]   Matched 5706 / 5706 traces
[11:02:31] [INFO ]   Bandpass filtering...
[11:02:32] [INFO ]   Computing seismic attributes...
[11:02:33] [INFO ]   Picking seafloor...
[11:02:34] [INFO ]   Seafloor depth: 656–715 m  (0 shallow traces masked)
[11:02:34] [INFO ]   Picking horizons...
[11:02:34] [INFO ]   Computing NCC coherence (slow)...
[11:02:35] [INFO ]   Saving CNN section image...
[11:02:37] [INFO ]   Saved: T2010.111.mig.1500_section_cnn.png  (2700x1500px)
[11:02:37] [INFO ]   Step 1 complete
[11:02:37] [INFO ] 
[11:02:37] [INFO ] STEP 2 — Fault detection
[11:02:37] [INFO ]   Mode: single SA run (seed=42)
[11:02:44] [INFO ]   Detected 0 high-confidence faults
[11:02:44] [INFO ]   Step 2 complete
[11:02:44] [INFO ] 
[11:02:44] [INFO ] STEP 3 — Bounding boxes
[11:02:44] [INFO ]   Generated 0 boxes
[11:02:44] [INFO ]   Step 3 complete
[11:02:44] [INFO ] 
[11:02:44] [INFO ] STEP 4 — Dataset building
[11:02:44] [INFO ]   Saving labeled review image...
[11:02:44] [INFO ]   Saved: T2010.111.mig.1500_labeled.png
[11:02:44] [INFO ]   Split: train
[11:02:44] [INFO ]   Added 0 annotations to train.json
[11:02:44] [INFO ]   train.json: 164 images, 75 annotations
[11:02:44] [INFO ]   val.json:   40 images,  22 annotations
[11:02:44] [INFO ]   Step 4 complete
[11:02:44] [INFO ] 
[11:02:44] [INFO ]   DONE  T2010.111.mig.1500  →  train  |  0 faults  |  0 boxes
[11:02:45] [INFO ] 
[11:02:45] [INFO ] ──────────────────────────────────────────────────
[11:02:45] [INFO ]   LINE: T2010.112.mig.1500
[11:02:45] [INFO ] ──────────────────────────────────────────────────
[11:02:45] [INFO ] Dataset  : namss.T-21-10-AT.mcs.airgun
[11:02:45] [INFO ] SGY      : ../../airgun_data/namss.T-21-10-AT.mcs.airgun/Data/T2010.112.mig.1500.sgy
[11:02:45] [INFO ] NAV      : ../../airgun_data/namss.T-21-10-AT.mcs.airgun/Navigation/T-21-10-AT_NAV-WGS84.csv
[11:02:45] [INFO ] SA mode  : single (seed=42)
[11:02:45] [INFO ] 
[11:02:45] [INFO ] STEP 1 — Feature extraction
[11:02:45] [INFO ]   Loading navigation...
[11:02:45] [INFO ]   Loading SEG-Y...
[11:02:46] [INFO ]   Traces: 28321  Samples: 4441  dt: 1.000 ms
[11:02:46] [INFO ]   Depth:  0.0 m → 3330.0 m
[11:02:46] [INFO ]   Matching traces to navigation...
[11:02:48] [INFO ]   Matched 28317 / 28321 traces
[11:02:48] [INFO ]   Bandpass filtering...
[11:02:50] [INFO ]   Computing seismic attributes...
[11:03:01] [INFO ]   Picking seafloor...
[11:03:04] [INFO ]   Seafloor depth: 604–1730 m  (0 shallow traces masked)
[11:03:04] [INFO ]   Picking horizons...
[11:03:05] [INFO ]   Computing NCC coherence (slow)...
[11:03:09] [INFO ]   Saving CNN section image...
[11:03:27] [INFO ]   Saved: T2010.112.mig.1500_section_cnn.png  (2700x1500px)
[11:03:27] [INFO ]   Step 1 complete
[11:03:27] [INFO ] 
[11:03:27] [INFO ] STEP 2 — Fault detection
[11:03:27] [INFO ]   Mode: single SA run (seed=42)
[11:04:05] [INFO ]   Detected 5 high-confidence faults
[11:04:05] [INFO ]     Fault  1 | trace ~ 9129 | prob=0.810
[11:04:05] [INFO ]     Fault  2 | trace ~14037 | prob=0.761
[11:04:05] [INFO ]     Fault  3 | trace ~15729 | prob=0.785
[11:04:05] [INFO ]     Fault  4 | trace ~21621 | prob=0.818
[11:04:05] [INFO ]     Fault  5 | trace ~21831 | prob=0.785
[11:04:05] [INFO ]   Step 2 complete
[11:04:05] [INFO ] 
[11:04:05] [INFO ] STEP 3 — Bounding boxes
[11:04:05] [INFO ]   Box  1 | [828, 457, 86w, 100h px]
[11:04:05] [INFO ]   Box  2 | [1296, 409, 84w, 100h px]
[11:04:05] [INFO ]   Box  3 | [1456, 377, 85w, 100h px]
[11:04:05] [INFO ]   Box  4 | [2020, 402, 85w, 100h px]
[11:04:05] [INFO ]   Box  5 | [2039, 326, 88w, 100h px]
[11:04:05] [INFO ]   Generated 5 boxes
[11:04:05] [INFO ]   Step 3 complete
[11:04:05] [INFO ] 
[11:04:05] [INFO ] STEP 4 — Dataset building
[11:04:05] [INFO ]   Saving labeled review image...
[11:04:05] [INFO ]   Saved: T2010.112.mig.1500_labeled.png
[11:04:05] [INFO ]   Split: train
[11:04:06] [INFO ]   Added 5 annotations to train.json
[11:04:06] [INFO ]   train.json: 165 images, 80 annotations
[11:04:06] [INFO ]   val.json:   40 images,  22 annotations
[11:04:06] [INFO ]   Step 4 complete
[11:04:06] [INFO ] 
[11:04:06] [INFO ]   DONE  T2010.112.mig.1500  →  train  |  5 faults  |  5 boxes
[11:04:08] [INFO ] 
[11:04:08] [INFO ] ──────────────────────────────────────────────────
[11:04:08] [INFO ]   LINE: T2010.2100.mig.1500
[11:04:08] [INFO ] ──────────────────────────────────────────────────
[11:04:08] [INFO ] Dataset  : namss.T-21-10-AT.mcs.airgun
[11:04:08] [INFO ] SGY      : ../../airgun_data/namss.T-21-10-AT.mcs.airgun/Data/T2010.2100.mig.1500.sgy
[11:04:08] [INFO ] NAV      : ../../airgun_data/namss.T-21-10-AT.mcs.airgun/Navigation/T-21-10-AT_NAV-WGS84.csv
[11:04:08] [INFO ] SA mode  : single (seed=42)
[11:04:08] [INFO ] 
[11:04:08] [INFO ] STEP 1 — Feature extraction
[11:04:08] [INFO ]   Loading navigation...
[11:04:08] [INFO ]   Loading SEG-Y...
[11:04:09] [INFO ]   Traces: 6690  Samples: 5441  dt: 1.000 ms
[11:04:09] [INFO ]   Depth:  0.0 m → 4080.0 m
[11:04:09] [INFO ]   Matching traces to navigation...
[11:04:09] [INFO ]   Matched 6690 / 6690 traces
[11:04:09] [INFO ]   Bandpass filtering...
[11:04:10] [INFO ]   Computing seismic attributes...
[11:06:05] [INFO ]   Picking seafloor...
[11:06:05] [INFO ]   Seafloor depth: 1025–2032 m  (0 shallow traces masked)
[11:06:05] [INFO ]   Picking horizons...
[11:06:06] [INFO ]   Computing NCC coherence (slow)...
[11:06:07] [INFO ]   Saving CNN section image...
[11:06:15] [INFO ]   Saved: T2010.2100.mig.1500_section_cnn.png  (2700x1500px)
[11:06:15] [INFO ]   Step 1 complete
[11:06:15] [INFO ] 
[11:06:15] [INFO ] STEP 2 — Fault detection
[11:06:15] [INFO ]   Mode: single SA run (seed=42)
[11:06:24] [INFO ]   Detected 1 high-confidence faults
[11:06:24] [INFO ]     Fault  1 | trace ~ 3430 | prob=0.752
[11:06:24] [INFO ]   Step 2 complete
[11:06:24] [INFO ] 
[11:06:24] [INFO ] STEP 3 — Bounding boxes
[11:06:24] [INFO ]   Box  1 | [1337, 572, 93w, 100h px]
[11:06:24] [INFO ]   Generated 1 boxes
[11:06:24] [INFO ]   Step 3 complete
[11:06:24] [INFO ] 
[11:06:24] [INFO ] STEP 4 — Dataset building
[11:06:24] [INFO ]   Saving labeled review image...
[11:06:25] [INFO ]   Saved: T2010.2100.mig.1500_labeled.png
[11:06:25] [INFO ]   Split: train
[11:06:25] [INFO ]   Added 1 annotations to train.json
[11:06:25] [INFO ]   train.json: 166 images, 81 annotations
[11:06:25] [INFO ]   val.json:   40 images,  22 annotations
[11:06:25] [INFO ]   Step 4 complete
[11:06:25] [INFO ] 
[11:06:25] [INFO ]   DONE  T2010.2100.mig.1500  →  train  |  1 faults  |  1 boxes
[11:06:25] [INFO ] 
[11:06:25] [INFO ] ──────────────────────────────────────────────────
[11:06:25] [INFO ]   LINE: T2010.2102.mig.1500
[11:06:25] [INFO ] ──────────────────────────────────────────────────
[11:06:25] [INFO ] Dataset  : namss.T-21-10-AT.mcs.airgun
[11:06:25] [INFO ] SGY      : ../../airgun_data/namss.T-21-10-AT.mcs.airgun/Data/T2010.2102.mig.1500.sgy
[11:06:25] [INFO ] NAV      : ../../airgun_data/namss.T-21-10-AT.mcs.airgun/Navigation/T-21-10-AT_NAV-WGS84.csv
[11:06:25] [INFO ] SA mode  : single (seed=42)
[11:06:25] [INFO ] 
[11:06:25] [INFO ] STEP 1 — Feature extraction
[11:06:25] [INFO ]   Loading navigation...
[11:06:25] [INFO ]   Loading SEG-Y...
[11:06:26] [INFO ]   Traces: 22568  Samples: 5441  dt: 1.000 ms
[11:06:26] [INFO ]   Depth:  0.0 m → 4080.0 m
[11:06:26] [INFO ]   Matching traces to navigation...
[11:06:28] [INFO ]   Matched 22568 / 22568 traces
[11:06:28] [INFO ]   Bandpass filtering...
[11:06:29] [INFO ]   Computing seismic attributes...
[11:06:38] [INFO ]   Picking seafloor...
[11:06:40] [INFO ]   Seafloor depth: 598–2658 m  (7 shallow traces masked)
[11:06:40] [INFO ]   Picking horizons...
[11:06:41] [INFO ]   Computing NCC coherence (slow)...
[11:06:45] [INFO ]   Saving CNN section image...
[11:22:01] [INFO ]   Saved: T2010.2102.mig.1500_section_cnn.png  (2700x1500px)
[11:22:01] [INFO ]   Step 1 complete
[11:22:01] [INFO ] 
[11:22:01] [INFO ] STEP 2 — Fault detection
[11:22:01] [INFO ]   Mode: single SA run (seed=42)
[11:22:54] [INFO ]   Detected 1 high-confidence faults
[11:22:54] [INFO ]     Fault  1 | trace ~ 3738 | prob=0.764
[11:22:54] [INFO ]   Step 2 complete
[11:22:54] [INFO ] 
[11:22:54] [INFO ] STEP 3 — Bounding boxes
[11:22:54] [INFO ]   Box  1 | [405, 478, 86w, 100h px]
[11:22:54] [INFO ]   Generated 1 boxes
[11:22:54] [INFO ]   Step 3 complete
[11:22:54] [INFO ] 
[11:22:54] [INFO ] STEP 4 — Dataset building
[11:22:54] [INFO ]   Saving labeled review image...
[11:22:54] [INFO ]   Saved: T2010.2102.mig.1500_labeled.png
[11:22:54] [INFO ]   Split: val
[11:22:54] [INFO ]   Added 1 annotations to val.json
[11:22:54] [INFO ]   train.json: 166 images, 81 annotations
[11:22:54] [INFO ]   val.json:   41 images,  23 annotations
[11:22:54] [INFO ]   Step 4 complete
[11:22:54] [INFO ] 
[11:22:54] [INFO ]   DONE  T2010.2102.mig.1500  →  val  |  1 faults  |  1 boxes
[11:22:55] [INFO ] 
[11:22:55] [INFO ] ──────────────────────────────────────────────────
[11:22:55] [INFO ]   LINE: T2010.3100.mig.1500
[11:22:55] [INFO ] ──────────────────────────────────────────────────
[11:22:55] [INFO ] Dataset  : namss.T-21-10-AT.mcs.airgun
[11:22:55] [INFO ] SGY      : ../../airgun_data/namss.T-21-10-AT.mcs.airgun/Data/T2010.3100.mig.1500.sgy
[11:22:55] [INFO ] NAV      : ../../airgun_data/namss.T-21-10-AT.mcs.airgun/Navigation/T-21-10-AT_NAV-WGS84.csv
[11:22:55] [INFO ] SA mode  : single (seed=42)
[11:22:55] [INFO ] 
[11:22:55] [INFO ] STEP 1 — Feature extraction
[11:22:55] [INFO ]   Loading navigation...
[11:22:55] [INFO ]   Loading SEG-Y...
[11:22:55] [INFO ]   Traces: 1228  Samples: 5441  dt: 1.000 ms
[11:22:55] [INFO ]   Depth:  0.0 m → 4080.0 m
[11:22:55] [INFO ]   Matching traces to navigation...
[11:22:55] [INFO ]   Matched 1228 / 1228 traces
[11:22:55] [INFO ]   Bandpass filtering...
[11:22:55] [INFO ]   Computing seismic attributes...
[11:22:56] [INFO ]   Picking seafloor...
[11:22:56] [INFO ]   Seafloor depth: 2013–2108 m  (0 shallow traces masked)
[11:22:56] [INFO ]   Picking horizons...
[11:22:56] [INFO ]   Computing NCC coherence (slow)...
[11:22:56] [INFO ]   Saving CNN section image...
[11:22:57] [INFO ]   Saved: T2010.3100.mig.1500_section_cnn.png  (2700x1500px)
[11:22:57] [INFO ]   Step 1 complete
[11:22:57] [INFO ] 
[11:22:57] [INFO ] STEP 2 — Fault detection
[11:22:57] [INFO ]   Mode: single SA run (seed=42)
[11:22:58] [INFO ]   Detected 1 high-confidence faults
[11:22:58] [INFO ]     Fault  1 | trace ~  888 | prob=0.755
[11:22:58] [INFO ]   Step 2 complete
[11:22:58] [INFO ] 
[11:22:58] [INFO ] STEP 3 — Bounding boxes
[11:22:58] [INFO ]   Box  1 | [1749, 743, 396w, 100h px]
[11:22:58] [INFO ]   Generated 1 boxes
[11:22:58] [INFO ]   Step 3 complete
[11:22:58] [INFO ] 
[11:22:58] [INFO ] STEP 4 — Dataset building
[11:22:58] [INFO ]   Saving labeled review image...
[11:22:58] [INFO ]   Saved: T2010.3100.mig.1500_labeled.png
[11:22:58] [INFO ]   Split: train
[11:22:58] [INFO ]   Added 1 annotations to train.json
[11:22:58] [INFO ]   train.json: 167 images, 82 annotations
[11:22:58] [INFO ]   val.json:   41 images,  23 annotations
[11:22:58] [INFO ]   Step 4 complete
[11:22:58] [INFO ] 
[11:22:58] [INFO ]   DONE  T2010.3100.mig.1500  →  train  |  1 faults  |  1 boxes
[11:22:58] [INFO ] 
[11:22:58] [INFO ] ──────────────────────────────────────────────────
[11:22:58] [INFO ]   LINE: T2010.4100.mig.1500
[11:22:58] [INFO ] ──────────────────────────────────────────────────
[11:22:58] [INFO ] Dataset  : namss.T-21-10-AT.mcs.airgun
[11:22:58] [INFO ] SGY      : ../../airgun_data/namss.T-21-10-AT.mcs.airgun/Data/T2010.4100.mig.1500.sgy
[11:22:58] [INFO ] NAV      : ../../airgun_data/namss.T-21-10-AT.mcs.airgun/Navigation/T-21-10-AT_NAV-WGS84.csv
[11:22:58] [INFO ] SA mode  : single (seed=42)
[11:22:58] [INFO ] 
[11:22:58] [INFO ] STEP 1 — Feature extraction
[11:22:58] [INFO ]   Loading navigation...
[11:22:58] [INFO ]   Loading SEG-Y...
[11:22:59] [INFO ]   Traces: 16973  Samples: 5441  dt: 1.000 ms
[11:22:59] [INFO ]   Depth:  0.0 m → 4080.0 m
[11:22:59] [INFO ]   Matching traces to navigation...
[11:23:01] [INFO ]   Matched 16973 / 16973 traces
[11:23:01] [INFO ]   Bandpass filtering...
[11:23:03] [INFO ]   Computing seismic attributes...
[11:23:17] [INFO ]   Picking seafloor...
[11:23:18] [INFO ]   Seafloor depth: 2154–2786 m  (0 shallow traces masked)
[11:23:18] [INFO ]   Picking horizons...
[11:23:19] [INFO ]   Computing NCC coherence (slow)...
[11:23:22] [INFO ]   Saving CNN section image...
[11:23:31] [INFO ]   Saved: T2010.4100.mig.1500_section_cnn.png  (2700x1500px)
[11:23:31] [INFO ]   Step 1 complete
[11:23:31] [INFO ] 
[11:23:31] [INFO ] STEP 2 — Fault detection
[11:23:31] [INFO ]   Mode: single SA run (seed=42)
[11:38:59] [INFO ]   Detected 0 high-confidence faults
[11:38:59] [INFO ]   Step 2 complete
[11:38:59] [INFO ] 
[11:38:59] [INFO ] STEP 3 — Bounding boxes
[11:38:59] [INFO ]   Generated 0 boxes
[11:38:59] [INFO ]   Step 3 complete
[11:38:59] [INFO ] 
[11:38:59] [INFO ] STEP 4 — Dataset building
[11:38:59] [INFO ]   Saving labeled review image...
[11:38:59] [INFO ]   Saved: T2010.4100.mig.1500_labeled.png
[11:38:59] [INFO ]   Split: train
[11:38:59] [INFO ]   Added 0 annotations to train.json
[11:38:59] [INFO ]   train.json: 168 images, 82 annotations
[11:38:59] [INFO ]   val.json:   41 images,  23 annotations
[11:38:59] [INFO ]   Step 4 complete
[11:38:59] [INFO ] 
[11:38:59] [INFO ]   DONE  T2010.4100.mig.1500  →  train  |  0 faults  |  0 boxes
[11:38:59] [INFO ] 
[11:38:59] [INFO ] ──────────────────────────────────────────────────
[11:38:59] [INFO ]   LINE: 85-026_15189
[11:38:59] [INFO ] ──────────────────────────────────────────────────
[11:38:59] [INFO ] Dataset  : namss.W-3-69-BS.mcs.airgun
[11:38:59] [INFO ] SGY      : ../../airgun_data/namss.W-3-69-BS.mcs.airgun/Data/85-026_15189.sgy
[11:38:59] [INFO ] NAV      : ../../airgun_data/namss.W-3-69-BS.mcs.airgun/Navigation/w-3-69-bs_NAV-WGS84.csv
[11:38:59] [INFO ] SA mode  : single (seed=42)
[11:38:59] [INFO ] 
[11:38:59] [INFO ] STEP 1 — Feature extraction
[11:38:59] [INFO ]   Loading navigation...
[11:38:59] [INFO ]   Loading SEG-Y...
[11:38:59] [INFO ]   Traces: 3192  Samples: 1250  dt: 4.000 ms
[11:38:59] [INFO ]   Depth:  0.0 m → 3747.0 m
[11:38:59] [INFO ]   Matching traces to navigation...
[11:38:59] [WARN ]   NAV match failed for '85-026_15189'. Tried: ['85-026_15189', '85-026']. Available: ['G', 'G_1', 'H', 'H_1', 'I', 'J', 'J_1', 'K', 'K_1', 'L', 'M', 'O', 'O_1', 'O_2', 'P', 'P_1', 'Q', 'QEXT', 'QEXT_1', 'R', 'REXT', 'R_1', 'S', 'WA-002', 'WA-003', 'WA-003A', 'WA-011', 'WA-012', 'WA-020', 'WA-023', 'WA-024', 'WA-025']
[11:38:59] [ERROR] SKIPPING 85-026_15189 (namss.W-3-69-BS.mcs.airgun): No NAV line matched '85-026_15189'. Tried: ['85-026_15189', '85-026'].
[11:38:59] [ERROR]   Traceback (most recent call last):
[11:38:59] [ERROR]     File "/Users/lennylukach/Personal/School/CS4100/namss/pipeline/src/pipeline.py", line 848, in <module>
[11:38:59] [ERROR]       process_line(line, sgy_path, nav_path, dataset)
[11:38:59] [ERROR]     File "/Users/lennylukach/Personal/School/CS4100/namss/pipeline/src/pipeline.py", line 415, in process_line
[11:38:59] [ERROR]       line_nav = resolve_nav_line(line, nav, log_fn=log)
[11:38:59] [ERROR]     File "/Users/lennylukach/Personal/School/CS4100/namss/pipeline/src/pipeline.py", line 230, in resolve_nav_line
[11:38:59] [ERROR]       raise RuntimeError(
[11:38:59] [ERROR]   RuntimeError: No NAV line matched '85-026_15189'. Tried: ['85-026_15189', '85-026'].
[11:38:59] [INFO ] 
[11:38:59] [INFO ] ──────────────────────────────────────────────────
[11:38:59] [INFO ]   LINE: 85-027_25715
[11:38:59] [INFO ] ──────────────────────────────────────────────────
[11:38:59] [INFO ] Dataset  : namss.W-3-69-BS.mcs.airgun
[11:38:59] [INFO ] SGY      : ../../airgun_data/namss.W-3-69-BS.mcs.airgun/Data/85-027_25715.sgy
[11:38:59] [INFO ] NAV      : ../../airgun_data/namss.W-3-69-BS.mcs.airgun/Navigation/w-3-69-bs_NAV-WGS84.csv
[11:38:59] [INFO ] SA mode  : single (seed=42)
[11:38:59] [INFO ] 
[11:38:59] [INFO ] STEP 1 — Feature extraction
[11:38:59] [INFO ]   Loading navigation...
[11:38:59] [INFO ]   Loading SEG-Y...
[11:38:59] [INFO ]   Traces: 4898  Samples: 1250  dt: 4.000 ms
[11:38:59] [INFO ]   Depth:  0.0 m → 3747.0 m
[11:38:59] [INFO ]   Matching traces to navigation...
[11:38:59] [WARN ]   NAV match failed for '85-027_25715'. Tried: ['85-027_25715', '85-027']. Available: ['G', 'G_1', 'H', 'H_1', 'I', 'J', 'J_1', 'K', 'K_1', 'L', 'M', 'O', 'O_1', 'O_2', 'P', 'P_1', 'Q', 'QEXT', 'QEXT_1', 'R', 'REXT', 'R_1', 'S', 'WA-002', 'WA-003', 'WA-003A', 'WA-011', 'WA-012', 'WA-020', 'WA-023', 'WA-024', 'WA-025']
[11:38:59] [ERROR] SKIPPING 85-027_25715 (namss.W-3-69-BS.mcs.airgun): No NAV line matched '85-027_25715'. Tried: ['85-027_25715', '85-027'].
[11:38:59] [ERROR]   Traceback (most recent call last):
[11:38:59] [ERROR]     File "/Users/lennylukach/Personal/School/CS4100/namss/pipeline/src/pipeline.py", line 848, in <module>
[11:38:59] [ERROR]       process_line(line, sgy_path, nav_path, dataset)
[11:38:59] [ERROR]     File "/Users/lennylukach/Personal/School/CS4100/namss/pipeline/src/pipeline.py", line 415, in process_line
[11:38:59] [ERROR]       line_nav = resolve_nav_line(line, nav, log_fn=log)
[11:38:59] [ERROR]     File "/Users/lennylukach/Personal/School/CS4100/namss/pipeline/src/pipeline.py", line 230, in resolve_nav_line
[11:38:59] [ERROR]       raise RuntimeError(
[11:38:59] [ERROR]   RuntimeError: No NAV line matched '85-027_25715'. Tried: ['85-027_25715', '85-027'].
[11:38:59] [INFO ] 
[11:38:59] [INFO ] ──────────────────────────────────────────────────
[11:38:59] [INFO ]   LINE: G_17558
[11:38:59] [INFO ] ──────────────────────────────────────────────────
[11:38:59] [INFO ] Dataset  : namss.W-3-69-BS.mcs.airgun
[11:38:59] [INFO ] SGY      : ../../airgun_data/namss.W-3-69-BS.mcs.airgun/Data/G_17558.sgy
[11:38:59] [INFO ] NAV      : ../../airgun_data/namss.W-3-69-BS.mcs.airgun/Navigation/w-3-69-bs_NAV-WGS84.csv
[11:38:59] [INFO ] SA mode  : single (seed=42)
[11:38:59] [INFO ] 
[11:38:59] [INFO ] STEP 1 — Feature extraction
[11:38:59] [INFO ]   Loading navigation...
[11:38:59] [INFO ]   Loading SEG-Y...
[11:38:59] [INFO ]   Traces: 984  Samples: 1250  dt: 4.000 ms
[11:38:59] [INFO ]   Depth:  0.0 m → 3747.0 m
[11:38:59] [INFO ]   Matching traces to navigation...
[11:38:59] [INFO ]   NAV line matched via translation: 'G_17558' -> 'G'
[11:38:59] [INFO ]   Matched 0 / 984 traces
[11:38:59] [ERROR] SKIPPING G_17558 (namss.W-3-69-BS.mcs.airgun): No traces matched navigation — check line name vs NAV file.
[11:38:59] [ERROR]   Traceback (most recent call last):
[11:38:59] [ERROR]     File "/Users/lennylukach/Personal/School/CS4100/namss/pipeline/src/pipeline.py", line 848, in <module>
[11:38:59] [ERROR]       process_line(line, sgy_path, nav_path, dataset)
[11:38:59] [ERROR]     File "/Users/lennylukach/Personal/School/CS4100/namss/pipeline/src/pipeline.py", line 431, in process_line
[11:38:59] [ERROR]       raise RuntimeError(
[11:38:59] [ERROR]   RuntimeError: No traces matched navigation — check line name vs NAV file.
[11:38:59] [INFO ] 
[11:38:59] [INFO ] ──────────────────────────────────────────────────
[11:38:59] [INFO ]   LINE: G_1_408
[11:38:59] [INFO ] ──────────────────────────────────────────────────
[11:38:59] [INFO ] Dataset  : namss.W-3-69-BS.mcs.airgun
[11:38:59] [INFO ] SGY      : ../../airgun_data/namss.W-3-69-BS.mcs.airgun/Data/G_1_408.sgy
[11:38:59] [INFO ] NAV      : ../../airgun_data/namss.W-3-69-BS.mcs.airgun/Navigation/w-3-69-bs_NAV-WGS84.csv
[11:38:59] [INFO ] SA mode  : single (seed=42)
[11:38:59] [INFO ] 
[11:38:59] [INFO ] STEP 1 — Feature extraction
[11:38:59] [INFO ]   Loading navigation...
[11:38:59] [INFO ]   Loading SEG-Y...
[11:38:59] [INFO ]   Traces: 266  Samples: 1250  dt: 4.000 ms
[11:38:59] [INFO ]   Depth:  0.0 m → 3747.0 m
[11:38:59] [INFO ]   Matching traces to navigation...
[11:38:59] [INFO ]   NAV line matched via translation: 'G_1_408' -> 'G_1'
[11:38:59] [INFO ]   Matched 0 / 266 traces
[11:38:59] [ERROR] SKIPPING G_1_408 (namss.W-3-69-BS.mcs.airgun): No traces matched navigation — check line name vs NAV file.
[11:38:59] [ERROR]   Traceback (most recent call last):
[11:38:59] [ERROR]     File "/Users/lennylukach/Personal/School/CS4100/namss/pipeline/src/pipeline.py", line 848, in <module>
[11:38:59] [ERROR]       process_line(line, sgy_path, nav_path, dataset)
[11:38:59] [ERROR]     File "/Users/lennylukach/Personal/School/CS4100/namss/pipeline/src/pipeline.py", line 431, in process_line
[11:38:59] [ERROR]       raise RuntimeError(
[11:38:59] [ERROR]   RuntimeError: No traces matched navigation — check line name vs NAV file.
[11:38:59] [INFO ] 
[11:38:59] [INFO ] ──────────────────────────────────────────────────
[11:38:59] [INFO ]   LINE: H_1_10416
[11:38:59] [INFO ] ──────────────────────────────────────────────────
[11:38:59] [INFO ] Dataset  : namss.W-3-69-BS.mcs.airgun
[11:38:59] [INFO ] SGY      : ../../airgun_data/namss.W-3-69-BS.mcs.airgun/Data/H_1_10416.sgy
[11:38:59] [INFO ] NAV      : ../../airgun_data/namss.W-3-69-BS.mcs.airgun/Navigation/w-3-69-bs_NAV-WGS84.csv
[11:38:59] [INFO ] SA mode  : single (seed=42)
[11:38:59] [INFO ] 
[11:38:59] [INFO ] STEP 1 — Feature extraction
[11:38:59] [INFO ]   Loading navigation...
[11:38:59] [INFO ]   Loading SEG-Y...
[11:39:00] [INFO ]   Traces: 1224  Samples: 1250  dt: 4.000 ms
[11:39:00] [INFO ]   Depth:  0.0 m → 3747.0 m
[11:39:00] [INFO ]   Matching traces to navigation...
[11:39:00] [INFO ]   NAV line matched via translation: 'H_1_10416' -> 'H_1'
[11:39:00] [INFO ]   Matched 0 / 1224 traces
[11:39:00] [ERROR] SKIPPING H_1_10416 (namss.W-3-69-BS.mcs.airgun): No traces matched navigation — check line name vs NAV file.
[11:39:00] [ERROR]   Traceback (most recent call last):
[11:39:00] [ERROR]     File "/Users/lennylukach/Personal/School/CS4100/namss/pipeline/src/pipeline.py", line 848, in <module>
[11:39:00] [ERROR]       process_line(line, sgy_path, nav_path, dataset)
[11:39:00] [ERROR]     File "/Users/lennylukach/Personal/School/CS4100/namss/pipeline/src/pipeline.py", line 431, in process_line
[11:39:00] [ERROR]       raise RuntimeError(
[11:39:00] [ERROR]   RuntimeError: No traces matched navigation — check line name vs NAV file.
[11:39:00] [INFO ] 
[11:39:00] [INFO ] ──────────────────────────────────────────────────
[11:39:00] [INFO ]   LINE: H_2987
[11:39:00] [INFO ] ──────────────────────────────────────────────────
[11:39:00] [INFO ] Dataset  : namss.W-3-69-BS.mcs.airgun
[11:39:00] [INFO ] SGY      : ../../airgun_data/namss.W-3-69-BS.mcs.airgun/Data/H_2987.sgy
[11:39:00] [INFO ] NAV      : ../../airgun_data/namss.W-3-69-BS.mcs.airgun/Navigation/w-3-69-bs_NAV-WGS84.csv
[11:39:00] [INFO ] SA mode  : single (seed=42)
[11:39:00] [INFO ] 
[11:39:00] [INFO ] STEP 1 — Feature extraction
[11:39:00] [INFO ]   Loading navigation...
[11:39:00] [INFO ]   Loading SEG-Y...
[11:39:00] [INFO ]   Traces: 504  Samples: 1300  dt: 4.000 ms
[11:39:00] [INFO ]   Depth:  0.0 m → 3897.0 m
[11:39:00] [INFO ]   Matching traces to navigation...
[11:39:00] [INFO ]   NAV line matched via translation: 'H_2987' -> 'H'
[11:39:00] [INFO ]   Matched 0 / 504 traces
[11:39:00] [ERROR] SKIPPING H_2987 (namss.W-3-69-BS.mcs.airgun): No traces matched navigation — check line name vs NAV file.
[11:39:00] [ERROR]   Traceback (most recent call last):
[11:39:00] [ERROR]     File "/Users/lennylukach/Personal/School/CS4100/namss/pipeline/src/pipeline.py", line 848, in <module>
[11:39:00] [ERROR]       process_line(line, sgy_path, nav_path, dataset)
[11:39:00] [ERROR]     File "/Users/lennylukach/Personal/School/CS4100/namss/pipeline/src/pipeline.py", line 431, in process_line
[11:39:00] [ERROR]       raise RuntimeError(
[11:39:00] [ERROR]   RuntimeError: No traces matched navigation — check line name vs NAV file.
[11:39:00] [INFO ] 
[11:39:00] [INFO ] ──────────────────────────────────────────────────
[11:39:00] [INFO ]   LINE: I_12552
[11:39:00] [INFO ] ──────────────────────────────────────────────────
[11:39:00] [INFO ] Dataset  : namss.W-3-69-BS.mcs.airgun
[11:39:00] [INFO ] SGY      : ../../airgun_data/namss.W-3-69-BS.mcs.airgun/Data/I_12552.sgy
[11:39:00] [INFO ] NAV      : ../../airgun_data/namss.W-3-69-BS.mcs.airgun/Navigation/w-3-69-bs_NAV-WGS84.csv
[11:39:00] [INFO ] SA mode  : single (seed=42)
[11:39:00] [INFO ] 
[11:39:00] [INFO ] STEP 1 — Feature extraction
[11:39:00] [INFO ]   Loading navigation...
[11:39:00] [INFO ]   Loading SEG-Y...
[11:39:00] [INFO ]   Traces: 720  Samples: 1250  dt: 4.000 ms
[11:39:00] [INFO ]   Depth:  0.0 m → 3747.0 m
[11:39:00] [INFO ]   Matching traces to navigation...
[11:39:00] [INFO ]   NAV line matched via translation: 'I_12552' -> 'I'
[11:39:00] [INFO ]   Matched 0 / 720 traces
[11:39:00] [ERROR] SKIPPING I_12552 (namss.W-3-69-BS.mcs.airgun): No traces matched navigation — check line name vs NAV file.
[11:39:00] [ERROR]   Traceback (most recent call last):
[11:39:00] [ERROR]     File "/Users/lennylukach/Personal/School/CS4100/namss/pipeline/src/pipeline.py", line 848, in <module>
[11:39:00] [ERROR]       process_line(line, sgy_path, nav_path, dataset)
[11:39:00] [ERROR]     File "/Users/lennylukach/Personal/School/CS4100/namss/pipeline/src/pipeline.py", line 431, in process_line
[11:39:00] [ERROR]       raise RuntimeError(
[11:39:00] [ERROR]   RuntimeError: No traces matched navigation — check line name vs NAV file.
[11:39:00] [INFO ] 
[11:39:00] [INFO ] ──────────────────────────────────────────────────
[11:39:00] [INFO ]   LINE: J_11795
[11:39:00] [INFO ] ──────────────────────────────────────────────────
[11:39:00] [INFO ] Dataset  : namss.W-3-69-BS.mcs.airgun
[11:39:00] [INFO ] SGY      : ../../airgun_data/namss.W-3-69-BS.mcs.airgun/Data/J_11795.sgy
[11:39:00] [INFO ] NAV      : ../../airgun_data/namss.W-3-69-BS.mcs.airgun/Navigation/w-3-69-bs_NAV-WGS84.csv
[11:39:00] [INFO ] SA mode  : single (seed=42)
[11:39:00] [INFO ] 
[11:39:00] [INFO ] STEP 1 — Feature extraction
[11:39:00] [INFO ]   Loading navigation...
[11:39:00] [INFO ]   Loading SEG-Y...
[11:39:00] [INFO ]   Traces: 1608  Samples: 1250  dt: 4.000 ms
[11:39:00] [INFO ]   Depth:  0.0 m → 3747.0 m
[11:39:00] [INFO ]   Matching traces to navigation...
[11:39:00] [INFO ]   NAV line matched via translation: 'J_11795' -> 'J'
[11:39:00] [INFO ]   Matched 0 / 1608 traces
[11:39:00] [ERROR] SKIPPING J_11795 (namss.W-3-69-BS.mcs.airgun): No traces matched navigation — check line name vs NAV file.
[11:39:00] [ERROR]   Traceback (most recent call last):
[11:39:00] [ERROR]     File "/Users/lennylukach/Personal/School/CS4100/namss/pipeline/src/pipeline.py", line 848, in <module>
[11:39:00] [ERROR]       process_line(line, sgy_path, nav_path, dataset)
[11:39:00] [ERROR]     File "/Users/lennylukach/Personal/School/CS4100/namss/pipeline/src/pipeline.py", line 431, in process_line
[11:39:00] [ERROR]       raise RuntimeError(
[11:39:00] [ERROR]   RuntimeError: No traces matched navigation — check line name vs NAV file.
[11:39:00] [INFO ] 
[11:39:00] [INFO ] ──────────────────────────────────────────────────
[11:39:00] [INFO ]   LINE: J_1_16452
[11:39:00] [INFO ] ──────────────────────────────────────────────────
[11:39:00] [INFO ] Dataset  : namss.W-3-69-BS.mcs.airgun
[11:39:00] [INFO ] SGY      : ../../airgun_data/namss.W-3-69-BS.mcs.airgun/Data/J_1_16452.sgy
[11:39:00] [INFO ] NAV      : ../../airgun_data/namss.W-3-69-BS.mcs.airgun/Navigation/w-3-69-bs_NAV-WGS84.csv
[11:39:00] [INFO ] SA mode  : single (seed=42)
[11:39:00] [INFO ] 
[11:39:00] [INFO ] STEP 1 — Feature extraction
[11:39:00] [INFO ]   Loading navigation...
[11:39:00] [INFO ]   Loading SEG-Y...
[11:39:00] [INFO ]   Traces: 336  Samples: 1250  dt: 4.000 ms
[11:39:00] [INFO ]   Depth:  0.0 m → 3747.0 m
[11:39:00] [INFO ]   Matching traces to navigation...
[11:39:00] [INFO ]   NAV line matched via translation: 'J_1_16452' -> 'J_1'
[11:39:00] [INFO ]   Matched 0 / 336 traces
[11:39:00] [ERROR] SKIPPING J_1_16452 (namss.W-3-69-BS.mcs.airgun): No traces matched navigation — check line name vs NAV file.
[11:39:00] [ERROR]   Traceback (most recent call last):
[11:39:00] [ERROR]     File "/Users/lennylukach/Personal/School/CS4100/namss/pipeline/src/pipeline.py", line 848, in <module>
[11:39:00] [ERROR]       process_line(line, sgy_path, nav_path, dataset)
[11:39:00] [ERROR]     File "/Users/lennylukach/Personal/School/CS4100/namss/pipeline/src/pipeline.py", line 431, in process_line
[11:39:00] [ERROR]       raise RuntimeError(
[11:39:00] [ERROR]   RuntimeError: No traces matched navigation — check line name vs NAV file.
[11:39:00] [INFO ] 
[11:39:00] [INFO ] ──────────────────────────────────────────────────
[11:39:00] [INFO ]   LINE: K_16989
[11:39:00] [INFO ] ──────────────────────────────────────────────────
[11:39:00] [INFO ] Dataset  : namss.W-3-69-BS.mcs.airgun
[11:39:00] [INFO ] SGY      : ../../airgun_data/namss.W-3-69-BS.mcs.airgun/Data/K_16989.sgy
[11:39:00] [INFO ] NAV      : ../../airgun_data/namss.W-3-69-BS.mcs.airgun/Navigation/w-3-69-bs_NAV-WGS84.csv
[11:39:00] [INFO ] SA mode  : single (seed=42)
[11:39:00] [INFO ] 
[11:39:00] [INFO ] STEP 1 — Feature extraction
[11:39:00] [INFO ]   Loading navigation...
[11:39:00] [INFO ]   Loading SEG-Y...
[11:39:00] [INFO ]   Traces: 3194  Samples: 1250  dt: 4.000 ms
[11:39:00] [INFO ]   Depth:  0.0 m → 3747.0 m
[11:39:00] [INFO ]   Matching traces to navigation...
[11:39:00] [INFO ]   NAV line matched via translation: 'K_16989' -> 'K'
[11:39:00] [INFO ]   Matched 0 / 3194 traces
[11:39:00] [ERROR] SKIPPING K_16989 (namss.W-3-69-BS.mcs.airgun): No traces matched navigation — check line name vs NAV file.
[11:39:00] [ERROR]   Traceback (most recent call last):
[11:39:00] [ERROR]     File "/Users/lennylukach/Personal/School/CS4100/namss/pipeline/src/pipeline.py", line 848, in <module>
[11:39:00] [ERROR]       process_line(line, sgy_path, nav_path, dataset)
[11:39:00] [ERROR]     File "/Users/lennylukach/Personal/School/CS4100/namss/pipeline/src/pipeline.py", line 431, in process_line
[11:39:00] [ERROR]       raise RuntimeError(
[11:39:00] [ERROR]   RuntimeError: No traces matched navigation — check line name vs NAV file.
[11:39:00] [INFO ] 
[11:39:00] [INFO ] ──────────────────────────────────────────────────
[11:39:00] [INFO ]   LINE: L_13905
[11:39:00] [INFO ] ──────────────────────────────────────────────────
[11:39:00] [INFO ] Dataset  : namss.W-3-69-BS.mcs.airgun
[11:39:00] [INFO ] SGY      : ../../airgun_data/namss.W-3-69-BS.mcs.airgun/Data/L_13905.sgy
[11:39:00] [INFO ] NAV      : ../../airgun_data/namss.W-3-69-BS.mcs.airgun/Navigation/w-3-69-bs_NAV-WGS84.csv
[11:39:00] [INFO ] SA mode  : single (seed=42)
[11:39:00] [INFO ] 
[11:39:00] [INFO ] STEP 1 — Feature extraction
[11:39:00] [INFO ]   Loading navigation...
[11:39:00] [INFO ]   Loading SEG-Y...
[11:39:00] [INFO ]   Traces: 792  Samples: 1250  dt: 4.000 ms
[11:39:00] [INFO ]   Depth:  0.0 m → 3747.0 m
[11:39:00] [INFO ]   Matching traces to navigation...
[11:39:00] [INFO ]   NAV line matched via translation: 'L_13905' -> 'L'
[11:39:00] [INFO ]   Matched 0 / 792 traces
[11:39:00] [ERROR] SKIPPING L_13905 (namss.W-3-69-BS.mcs.airgun): No traces matched navigation — check line name vs NAV file.
[11:39:00] [ERROR]   Traceback (most recent call last):
[11:39:00] [ERROR]     File "/Users/lennylukach/Personal/School/CS4100/namss/pipeline/src/pipeline.py", line 848, in <module>
[11:39:00] [ERROR]       process_line(line, sgy_path, nav_path, dataset)
[11:39:00] [ERROR]     File "/Users/lennylukach/Personal/School/CS4100/namss/pipeline/src/pipeline.py", line 431, in process_line
[11:39:00] [ERROR]       raise RuntimeError(
[11:39:00] [ERROR]   RuntimeError: No traces matched navigation — check line name vs NAV file.
[11:39:00] [INFO ] 
[11:39:00] [INFO ] ──────────────────────────────────────────────────
[11:39:00] [INFO ]   LINE: O_1_45871
[11:39:00] [INFO ] ──────────────────────────────────────────────────
[11:39:00] [INFO ] Dataset  : namss.W-3-69-BS.mcs.airgun
[11:39:00] [INFO ] SGY      : ../../airgun_data/namss.W-3-69-BS.mcs.airgun/Data/O_1_45871.sgy
[11:39:00] [INFO ] NAV      : ../../airgun_data/namss.W-3-69-BS.mcs.airgun/Navigation/w-3-69-bs_NAV-WGS84.csv
[11:39:00] [INFO ] SA mode  : single (seed=42)
[11:39:00] [INFO ] 
[11:39:00] [INFO ] STEP 1 — Feature extraction
[11:39:00] [INFO ]   Loading navigation...
[11:39:00] [INFO ]   Loading SEG-Y...
[11:39:00] [INFO ]   Traces: 528  Samples: 1250  dt: 4.000 ms
[11:39:00] [INFO ]   Depth:  0.0 m → 3747.0 m
[11:39:00] [INFO ]   Matching traces to navigation...
[11:39:00] [INFO ]   NAV line matched via translation: 'O_1_45871' -> 'O_1'
[11:39:00] [INFO ]   Matched 0 / 528 traces
[11:39:00] [ERROR] SKIPPING O_1_45871 (namss.W-3-69-BS.mcs.airgun): No traces matched navigation — check line name vs NAV file.
[11:39:00] [ERROR]   Traceback (most recent call last):
[11:39:00] [ERROR]     File "/Users/lennylukach/Personal/School/CS4100/namss/pipeline/src/pipeline.py", line 848, in <module>
[11:39:00] [ERROR]       process_line(line, sgy_path, nav_path, dataset)
[11:39:00] [ERROR]     File "/Users/lennylukach/Personal/School/CS4100/namss/pipeline/src/pipeline.py", line 431, in process_line
[11:39:00] [ERROR]       raise RuntimeError(
[11:39:00] [ERROR]   RuntimeError: No traces matched navigation — check line name vs NAV file.
[11:39:00] [INFO ] 
[11:39:00] [INFO ] ──────────────────────────────────────────────────
[11:39:00] [INFO ]   LINE: O_2_48619
[11:39:00] [INFO ] ──────────────────────────────────────────────────
[11:39:00] [INFO ] Dataset  : namss.W-3-69-BS.mcs.airgun
[11:39:00] [INFO ] SGY      : ../../airgun_data/namss.W-3-69-BS.mcs.airgun/Data/O_2_48619.sgy
[11:39:00] [INFO ] NAV      : ../../airgun_data/namss.W-3-69-BS.mcs.airgun/Navigation/w-3-69-bs_NAV-WGS84.csv
[11:39:00] [INFO ] SA mode  : single (seed=42)
[11:39:00] [INFO ] 
[11:39:00] [INFO ] STEP 1 — Feature extraction
[11:39:00] [INFO ]   Loading navigation...
[11:39:01] [INFO ]   Loading SEG-Y...
[11:39:01] [INFO ]   Traces: 2064  Samples: 1250  dt: 4.000 ms
[11:39:01] [INFO ]   Depth:  0.0 m → 3747.0 m
[11:39:01] [INFO ]   Matching traces to navigation...
[11:39:01] [INFO ]   NAV line matched via translation: 'O_2_48619' -> 'O_2'
[11:39:01] [INFO ]   Matched 0 / 2064 traces
[11:39:01] [ERROR] SKIPPING O_2_48619 (namss.W-3-69-BS.mcs.airgun): No traces matched navigation — check line name vs NAV file.
[11:39:01] [ERROR]   Traceback (most recent call last):
[11:39:01] [ERROR]     File "/Users/lennylukach/Personal/School/CS4100/namss/pipeline/src/pipeline.py", line 848, in <module>
[11:39:01] [ERROR]       process_line(line, sgy_path, nav_path, dataset)
[11:39:01] [ERROR]     File "/Users/lennylukach/Personal/School/CS4100/namss/pipeline/src/pipeline.py", line 431, in process_line
[11:39:01] [ERROR]       raise RuntimeError(
[11:39:01] [ERROR]   RuntimeError: No traces matched navigation — check line name vs NAV file.
[11:39:01] [INFO ] 
[11:39:01] [INFO ] ──────────────────────────────────────────────────
[11:39:01] [INFO ]   LINE: O_48354
[11:39:01] [INFO ] ──────────────────────────────────────────────────
[11:39:01] [INFO ] Dataset  : namss.W-3-69-BS.mcs.airgun
[11:39:01] [INFO ] SGY      : ../../airgun_data/namss.W-3-69-BS.mcs.airgun/Data/O_48354.sgy
[11:39:01] [INFO ] NAV      : ../../airgun_data/namss.W-3-69-BS.mcs.airgun/Navigation/w-3-69-bs_NAV-WGS84.csv
[11:39:01] [INFO ] SA mode  : single (seed=42)
[11:39:01] [INFO ] 
[11:39:01] [INFO ] STEP 1 — Feature extraction
[11:39:01] [INFO ]   Loading navigation...
[11:39:01] [INFO ]   Loading SEG-Y...
[11:39:01] [INFO ]   Traces: 2640  Samples: 1300  dt: 4.000 ms
[11:39:01] [INFO ]   Depth:  0.0 m → 3897.0 m
[11:39:01] [INFO ]   Matching traces to navigation...
[11:39:01] [INFO ]   NAV line matched via translation: 'O_48354' -> 'O'
[11:39:01] [INFO ]   Matched 0 / 2640 traces
[11:39:01] [ERROR] SKIPPING O_48354 (namss.W-3-69-BS.mcs.airgun): No traces matched navigation — check line name vs NAV file.
[11:39:01] [ERROR]   Traceback (most recent call last):
[11:39:01] [ERROR]     File "/Users/lennylukach/Personal/School/CS4100/namss/pipeline/src/pipeline.py", line 848, in <module>
[11:39:01] [ERROR]       process_line(line, sgy_path, nav_path, dataset)
[11:39:01] [ERROR]     File "/Users/lennylukach/Personal/School/CS4100/namss/pipeline/src/pipeline.py", line 431, in process_line
[11:39:01] [ERROR]       raise RuntimeError(
[11:39:01] [ERROR]   RuntimeError: No traces matched navigation — check line name vs NAV file.
[11:39:01] [INFO ] 
[11:39:01] [INFO ] ──────────────────────────────────────────────────
[11:39:01] [INFO ]   LINE: P_1_49149
[11:39:01] [INFO ] ──────────────────────────────────────────────────
[11:39:01] [INFO ] Dataset  : namss.W-3-69-BS.mcs.airgun
[11:39:01] [INFO ] SGY      : ../../airgun_data/namss.W-3-69-BS.mcs.airgun/Data/P_1_49149.sgy
[11:39:01] [INFO ] NAV      : ../../airgun_data/namss.W-3-69-BS.mcs.airgun/Navigation/w-3-69-bs_NAV-WGS84.csv
[11:39:01] [INFO ] SA mode  : single (seed=42)
[11:39:01] [INFO ] 
[11:39:01] [INFO ] STEP 1 — Feature extraction
[11:39:01] [INFO ]   Loading navigation...
[11:39:01] [INFO ]   Loading SEG-Y...
[11:39:01] [INFO ]   Traces: 1416  Samples: 1300  dt: 4.000 ms
[11:39:01] [INFO ]   Depth:  0.0 m → 3897.0 m
[11:39:01] [INFO ]   Matching traces to navigation...
[11:39:01] [INFO ]   NAV line matched via translation: 'P_1_49149' -> 'P_1'
[11:39:01] [INFO ]   Matched 0 / 1416 traces
[11:39:01] [ERROR] SKIPPING P_1_49149 (namss.W-3-69-BS.mcs.airgun): No traces matched navigation — check line name vs NAV file.
[11:39:01] [ERROR]   Traceback (most recent call last):
[11:39:01] [ERROR]     File "/Users/lennylukach/Personal/School/CS4100/namss/pipeline/src/pipeline.py", line 848, in <module>
[11:39:01] [ERROR]       process_line(line, sgy_path, nav_path, dataset)
[11:39:01] [ERROR]     File "/Users/lennylukach/Personal/School/CS4100/namss/pipeline/src/pipeline.py", line 431, in process_line
[11:39:01] [ERROR]       raise RuntimeError(
[11:39:01] [ERROR]   RuntimeError: No traces matched navigation — check line name vs NAV file.
[11:39:01] [INFO ] 
[11:39:01] [INFO ] ──────────────────────────────────────────────────
[11:39:01] [INFO ]   LINE: P_43033
[11:39:01] [INFO ] ──────────────────────────────────────────────────
[11:39:01] [INFO ] Dataset  : namss.W-3-69-BS.mcs.airgun
[11:39:01] [INFO ] SGY      : ../../airgun_data/namss.W-3-69-BS.mcs.airgun/Data/P_43033.sgy
[11:39:01] [INFO ] NAV      : ../../airgun_data/namss.W-3-69-BS.mcs.airgun/Navigation/w-3-69-bs_NAV-WGS84.csv
[11:39:01] [INFO ] SA mode  : single (seed=42)
[11:39:01] [INFO ] 
[11:39:01] [INFO ] STEP 1 — Feature extraction
[11:39:01] [INFO ]   Loading navigation...
[11:39:01] [INFO ]   Loading SEG-Y...
[11:39:01] [INFO ]   Traces: 4296  Samples: 1300  dt: 4.000 ms
[11:39:01] [INFO ]   Depth:  0.0 m → 3897.0 m
[11:39:01] [INFO ]   Matching traces to navigation...
[11:39:01] [INFO ]   NAV line matched via translation: 'P_43033' -> 'P'
[11:39:01] [INFO ]   Matched 0 / 4296 traces
[11:39:01] [ERROR] SKIPPING P_43033 (namss.W-3-69-BS.mcs.airgun): No traces matched navigation — check line name vs NAV file.
[11:39:01] [ERROR]   Traceback (most recent call last):
[11:39:01] [ERROR]     File "/Users/lennylukach/Personal/School/CS4100/namss/pipeline/src/pipeline.py", line 848, in <module>
[11:39:01] [ERROR]       process_line(line, sgy_path, nav_path, dataset)
[11:39:01] [ERROR]     File "/Users/lennylukach/Personal/School/CS4100/namss/pipeline/src/pipeline.py", line 431, in process_line
[11:39:01] [ERROR]       raise RuntimeError(
[11:39:01] [ERROR]   RuntimeError: No traces matched navigation — check line name vs NAV file.
[11:39:01] [INFO ] 
[11:39:01] [INFO ] ──────────────────────────────────────────────────
[11:39:01] [INFO ]   LINE: Q-EXT_45287
[11:39:01] [INFO ] ──────────────────────────────────────────────────
[11:39:01] [INFO ] Dataset  : namss.W-3-69-BS.mcs.airgun
[11:39:01] [INFO ] SGY      : ../../airgun_data/namss.W-3-69-BS.mcs.airgun/Data/Q-EXT_45287.sgy
[11:39:01] [INFO ] NAV      : ../../airgun_data/namss.W-3-69-BS.mcs.airgun/Navigation/w-3-69-bs_NAV-WGS84.csv
[11:39:01] [INFO ] SA mode  : single (seed=42)
[11:39:01] [INFO ] 
[11:39:01] [INFO ] STEP 1 — Feature extraction
[11:39:01] [INFO ]   Loading navigation...
[11:39:02] [INFO ]   Loading SEG-Y...
[11:39:02] [INFO ]   Traces: 6600  Samples: 1250  dt: 4.000 ms
[11:39:02] [INFO ]   Depth:  0.0 m → 3747.0 m
[11:39:02] [INFO ]   Matching traces to navigation...
[11:39:02] [INFO ]   NAV line matched via translation: 'Q-EXT_45287' -> 'QEXT'
[11:39:02] [INFO ]   Matched 0 / 6600 traces
[11:39:02] [ERROR] SKIPPING Q-EXT_45287 (namss.W-3-69-BS.mcs.airgun): No traces matched navigation — check line name vs NAV file.
[11:39:02] [ERROR]   Traceback (most recent call last):
[11:39:02] [ERROR]     File "/Users/lennylukach/Personal/School/CS4100/namss/pipeline/src/pipeline.py", line 848, in <module>
[11:39:02] [ERROR]       process_line(line, sgy_path, nav_path, dataset)
[11:39:02] [ERROR]     File "/Users/lennylukach/Personal/School/CS4100/namss/pipeline/src/pipeline.py", line 431, in process_line
[11:39:02] [ERROR]       raise RuntimeError(
[11:39:02] [ERROR]   RuntimeError: No traces matched navigation — check line name vs NAV file.
[11:39:02] [INFO ] 
[11:39:02] [INFO ] ──────────────────────────────────────────────────
[11:39:02] [INFO ]   LINE: Q_39795
[11:39:02] [INFO ] ──────────────────────────────────────────────────
[11:39:02] [INFO ] Dataset  : namss.W-3-69-BS.mcs.airgun
[11:39:02] [INFO ] SGY      : ../../airgun_data/namss.W-3-69-BS.mcs.airgun/Data/Q_39795.sgy
[11:39:02] [INFO ] NAV      : ../../airgun_data/namss.W-3-69-BS.mcs.airgun/Navigation/w-3-69-bs_NAV-WGS84.csv
[11:39:02] [INFO ] SA mode  : single (seed=42)
[11:39:02] [INFO ] 
[11:39:02] [INFO ] STEP 1 — Feature extraction
[11:39:02] [INFO ]   Loading navigation...
[11:39:02] [INFO ]   Loading SEG-Y...
[11:39:02] [INFO ]   Traces: 4992  Samples: 1250  dt: 4.000 ms
[11:39:02] [INFO ]   Depth:  0.0 m → 3747.0 m
[11:39:02] [INFO ]   Matching traces to navigation...
[11:39:02] [INFO ]   NAV line matched via translation: 'Q_39795' -> 'Q'
[11:39:02] [INFO ]   Matched 0 / 4992 traces
[11:39:02] [ERROR] SKIPPING Q_39795 (namss.W-3-69-BS.mcs.airgun): No traces matched navigation — check line name vs NAV file.
[11:39:02] [ERROR]   Traceback (most recent call last):
[11:39:02] [ERROR]     File "/Users/lennylukach/Personal/School/CS4100/namss/pipeline/src/pipeline.py", line 848, in <module>
[11:39:02] [ERROR]       process_line(line, sgy_path, nav_path, dataset)
[11:39:02] [ERROR]     File "/Users/lennylukach/Personal/School/CS4100/namss/pipeline/src/pipeline.py", line 431, in process_line
[11:39:02] [ERROR]       raise RuntimeError(
[11:39:02] [ERROR]   RuntimeError: No traces matched navigation — check line name vs NAV file.
[11:39:02] [INFO ] 
[11:39:02] [INFO ] ──────────────────────────────────────────────────
[11:39:02] [INFO ]   LINE: R-EXT_49224
[11:39:02] [INFO ] ──────────────────────────────────────────────────
[11:39:02] [INFO ] Dataset  : namss.W-3-69-BS.mcs.airgun
[11:39:02] [INFO ] SGY      : ../../airgun_data/namss.W-3-69-BS.mcs.airgun/Data/R-EXT_49224.sgy
[11:39:02] [INFO ] NAV      : ../../airgun_data/namss.W-3-69-BS.mcs.airgun/Navigation/w-3-69-bs_NAV-WGS84.csv
[11:39:02] [INFO ] SA mode  : single (seed=42)
[11:39:02] [INFO ] 
[11:39:02] [INFO ] STEP 1 — Feature extraction
[11:39:02] [INFO ]   Loading navigation...
[11:39:02] [INFO ]   Loading SEG-Y...
[11:39:03] [INFO ]   Traces: 3504  Samples: 1250  dt: 4.000 ms
[11:39:03] [INFO ]   Depth:  0.0 m → 3747.0 m
[11:39:03] [INFO ]   Matching traces to navigation...
[11:39:03] [INFO ]   NAV line matched via translation: 'R-EXT_49224' -> 'REXT'
[11:39:03] [INFO ]   Matched 0 / 3504 traces
[11:39:03] [ERROR] SKIPPING R-EXT_49224 (namss.W-3-69-BS.mcs.airgun): No traces matched navigation — check line name vs NAV file.
[11:39:03] [ERROR]   Traceback (most recent call last):
[11:39:03] [ERROR]     File "/Users/lennylukach/Personal/School/CS4100/namss/pipeline/src/pipeline.py", line 848, in <module>
[11:39:03] [ERROR]       process_line(line, sgy_path, nav_path, dataset)
[11:39:03] [ERROR]     File "/Users/lennylukach/Personal/School/CS4100/namss/pipeline/src/pipeline.py", line 431, in process_line
[11:39:03] [ERROR]       raise RuntimeError(
[11:39:03] [ERROR]   RuntimeError: No traces matched navigation — check line name vs NAV file.
[11:39:03] [INFO ] 
[11:39:03] [INFO ] ──────────────────────────────────────────────────
[11:39:03] [INFO ]   LINE: R_1_43206
[11:39:03] [INFO ] ──────────────────────────────────────────────────
[11:39:03] [INFO ] Dataset  : namss.W-3-69-BS.mcs.airgun
[11:39:03] [INFO ] SGY      : ../../airgun_data/namss.W-3-69-BS.mcs.airgun/Data/R_1_43206.sgy
[11:39:03] [INFO ] NAV      : ../../airgun_data/namss.W-3-69-BS.mcs.airgun/Navigation/w-3-69-bs_NAV-WGS84.csv
[11:39:03] [INFO ] SA mode  : single (seed=42)
[11:39:03] [INFO ] 
[11:39:03] [INFO ] STEP 1 — Feature extraction
[11:39:03] [INFO ]   Loading navigation...
[11:39:03] [INFO ]   Loading SEG-Y...
[11:39:03] [INFO ]   Traces: 6216  Samples: 1250  dt: 4.000 ms
[11:39:03] [INFO ]   Depth:  0.0 m → 3747.0 m
[11:39:03] [INFO ]   Matching traces to navigation...
[11:39:03] [INFO ]   NAV line matched via translation: 'R_1_43206' -> 'R_1'
[11:39:03] [INFO ]   Matched 0 / 6216 traces
[11:39:03] [ERROR] SKIPPING R_1_43206 (namss.W-3-69-BS.mcs.airgun): No traces matched navigation — check line name vs NAV file.
[11:39:03] [ERROR]   Traceback (most recent call last):
[11:39:03] [ERROR]     File "/Users/lennylukach/Personal/School/CS4100/namss/pipeline/src/pipeline.py", line 848, in <module>
[11:39:03] [ERROR]       process_line(line, sgy_path, nav_path, dataset)
[11:39:03] [ERROR]     File "/Users/lennylukach/Personal/School/CS4100/namss/pipeline/src/pipeline.py", line 431, in process_line
[11:39:03] [ERROR]       raise RuntimeError(
[11:39:03] [ERROR]   RuntimeError: No traces matched navigation — check line name vs NAV file.
[11:39:03] [INFO ] 
[11:39:03] [INFO ] ──────────────────────────────────────────────────
[11:39:03] [INFO ]   LINE: R_49017
[11:39:03] [INFO ] ──────────────────────────────────────────────────
[11:39:03] [INFO ] Dataset  : namss.W-3-69-BS.mcs.airgun
[11:39:03] [INFO ] SGY      : ../../airgun_data/namss.W-3-69-BS.mcs.airgun/Data/R_49017.sgy
[11:39:03] [INFO ] NAV      : ../../airgun_data/namss.W-3-69-BS.mcs.airgun/Navigation/w-3-69-bs_NAV-WGS84.csv
[11:39:03] [INFO ] SA mode  : single (seed=42)
[11:39:03] [INFO ] 
[11:39:03] [INFO ] STEP 1 — Feature extraction
[11:39:03] [INFO ]   Loading navigation...
[11:39:03] [INFO ]   Loading SEG-Y...
[11:39:03] [INFO ]   Traces: 600  Samples: 1250  dt: 4.000 ms
[11:39:03] [INFO ]   Depth:  0.0 m → 3747.0 m
[11:39:03] [INFO ]   Matching traces to navigation...
[11:39:03] [INFO ]   NAV line matched via translation: 'R_49017' -> 'R'
[11:39:03] [INFO ]   Matched 0 / 600 traces
[11:39:03] [ERROR] SKIPPING R_49017 (namss.W-3-69-BS.mcs.airgun): No traces matched navigation — check line name vs NAV file.
[11:39:03] [ERROR]   Traceback (most recent call last):
[11:39:03] [ERROR]     File "/Users/lennylukach/Personal/School/CS4100/namss/pipeline/src/pipeline.py", line 848, in <module>
[11:39:03] [ERROR]       process_line(line, sgy_path, nav_path, dataset)
[11:39:03] [ERROR]     File "/Users/lennylukach/Personal/School/CS4100/namss/pipeline/src/pipeline.py", line 431, in process_line
[11:39:03] [ERROR]       raise RuntimeError(
[11:39:03] [ERROR]   RuntimeError: No traces matched navigation — check line name vs NAV file.
[11:39:03] [INFO ] 
[11:39:03] [INFO ] ──────────────────────────────────────────────────
[11:39:03] [INFO ]   LINE: S_44822
[11:39:03] [INFO ] ──────────────────────────────────────────────────
[11:39:03] [INFO ] Dataset  : namss.W-3-69-BS.mcs.airgun
[11:39:03] [INFO ] SGY      : ../../airgun_data/namss.W-3-69-BS.mcs.airgun/Data/S_44822.sgy
[11:39:03] [INFO ] NAV      : ../../airgun_data/namss.W-3-69-BS.mcs.airgun/Navigation/w-3-69-bs_NAV-WGS84.csv
[11:39:03] [INFO ] SA mode  : single (seed=42)
[11:39:03] [INFO ] 
[11:39:03] [INFO ] STEP 1 — Feature extraction
[11:39:03] [INFO ]   Loading navigation...
[11:39:03] [INFO ]   Loading SEG-Y...
[11:39:03] [INFO ]   Traces: 2280  Samples: 1250  dt: 4.000 ms
[11:39:03] [INFO ]   Depth:  0.0 m → 3747.0 m
[11:39:03] [INFO ]   Matching traces to navigation...
[11:39:03] [INFO ]   NAV line matched via translation: 'S_44822' -> 'S'
[11:39:03] [INFO ]   Matched 0 / 2280 traces
[11:39:03] [ERROR] SKIPPING S_44822 (namss.W-3-69-BS.mcs.airgun): No traces matched navigation — check line name vs NAV file.
[11:39:03] [ERROR]   Traceback (most recent call last):
[11:39:03] [ERROR]     File "/Users/lennylukach/Personal/School/CS4100/namss/pipeline/src/pipeline.py", line 848, in <module>
[11:39:03] [ERROR]       process_line(line, sgy_path, nav_path, dataset)
[11:39:03] [ERROR]     File "/Users/lennylukach/Personal/School/CS4100/namss/pipeline/src/pipeline.py", line 431, in process_line
[11:39:03] [ERROR]       raise RuntimeError(
[11:39:03] [ERROR]   RuntimeError: No traces matched navigation — check line name vs NAV file.
[11:39:03] [INFO ] 
[11:39:03] [INFO ] ──────────────────────────────────────────────────
[11:39:03] [INFO ]   LINE: WA-024_1187
[11:39:03] [INFO ] ──────────────────────────────────────────────────
[11:39:03] [INFO ] Dataset  : namss.W-3-69-BS.mcs.airgun
[11:39:03] [INFO ] SGY      : ../../airgun_data/namss.W-3-69-BS.mcs.airgun/Data/WA-024_1187.sgy
[11:39:03] [INFO ] NAV      : ../../airgun_data/namss.W-3-69-BS.mcs.airgun/Navigation/w-3-69-bs_NAV-WGS84.csv
[11:39:03] [INFO ] SA mode  : single (seed=42)
[11:39:03] [INFO ] 
[11:39:03] [INFO ] STEP 1 — Feature extraction
[11:39:03] [INFO ]   Loading navigation...
[11:39:03] [INFO ]   Loading SEG-Y...
[11:39:04] [INFO ]   Traces: 5873  Samples: 1456  dt: 4.000 ms
[11:39:04] [INFO ]   Depth:  0.0 m → 4365.0 m
[11:39:04] [INFO ]   Matching traces to navigation...
[11:39:04] [INFO ]   NAV line matched via translation: 'WA-024_1187' -> 'WA-024'
[11:39:04] [INFO ]   Matched 0 / 5873 traces
[11:39:04] [ERROR] SKIPPING WA-024_1187 (namss.W-3-69-BS.mcs.airgun): No traces matched navigation — check line name vs NAV file.
[11:39:04] [ERROR]   Traceback (most recent call last):
[11:39:04] [ERROR]     File "/Users/lennylukach/Personal/School/CS4100/namss/pipeline/src/pipeline.py", line 848, in <module>
[11:39:04] [ERROR]       process_line(line, sgy_path, nav_path, dataset)
[11:39:04] [ERROR]     File "/Users/lennylukach/Personal/School/CS4100/namss/pipeline/src/pipeline.py", line 431, in process_line
[11:39:04] [ERROR]       raise RuntimeError(
[11:39:04] [ERROR]   RuntimeError: No traces matched navigation — check line name vs NAV file.
[11:39:04] [INFO ] 
[11:39:04] [INFO ] ──────────────────────────────────────────────────
[11:39:04] [INFO ]   LINE: WA-025_15564
[11:39:04] [INFO ] ──────────────────────────────────────────────────
[11:39:04] [INFO ] Dataset  : namss.W-3-69-BS.mcs.airgun
[11:39:04] [INFO ] SGY      : ../../airgun_data/namss.W-3-69-BS.mcs.airgun/Data/WA-025_15564.sgy
[11:39:04] [INFO ] NAV      : ../../airgun_data/namss.W-3-69-BS.mcs.airgun/Navigation/w-3-69-bs_NAV-WGS84.csv
[11:39:04] [INFO ] SA mode  : single (seed=42)
[11:39:04] [INFO ] 
[11:39:04] [INFO ] STEP 1 — Feature extraction
[11:39:04] [INFO ]   Loading navigation...
[11:39:04] [INFO ]   Loading SEG-Y...
[11:39:04] [INFO ]   Traces: 5569  Samples: 1456  dt: 4.000 ms
[11:39:04] [INFO ]   Depth:  0.0 m → 4365.0 m
[11:39:04] [INFO ]   Matching traces to navigation...
[11:39:04] [INFO ]   NAV line matched via translation: 'WA-025_15564' -> 'WA-025'
[11:39:04] [INFO ]   Matched 0 / 5569 traces
[11:39:04] [ERROR] SKIPPING WA-025_15564 (namss.W-3-69-BS.mcs.airgun): No traces matched navigation — check line name vs NAV file.
[11:39:04] [ERROR]   Traceback (most recent call last):
[11:39:04] [ERROR]     File "/Users/lennylukach/Personal/School/CS4100/namss/pipeline/src/pipeline.py", line 848, in <module>
[11:39:04] [ERROR]       process_line(line, sgy_path, nav_path, dataset)
[11:39:04] [ERROR]     File "/Users/lennylukach/Personal/School/CS4100/namss/pipeline/src/pipeline.py", line 431, in process_line
[11:39:04] [ERROR]       raise RuntimeError(
[11:39:04] [ERROR]   RuntimeError: No traces matched navigation — check line name vs NAV file.
[11:39:04] [INFO ] 
[11:39:04] [INFO ] ============================================================
[11:39:04] [INFO ]   FINAL SUMMARY
[11:39:04] [INFO ] ============================================================
[11:39:04] [INFO ]   Completed : 209 / 278
[11:39:04] [INFO ]   Failed    : 69
[11:39:04] [INFO ] 
[11:39:04] [INFO ]   Failed lines:
[11:39:04] [ERROR]     f1289stk03                                FAILED: No traces matched navigation — check line name vs NAV file.
[11:39:04] [ERROR]     f1289stk07                                FAILED: No traces matched navigation — check line name vs NAV file.
[11:39:04] [ERROR]     f1289stk09                                FAILED: No traces matched navigation — check line name vs NAV file.
[11:39:04] [ERROR]     f1289stk11                                FAILED: No traces matched navigation — check line name vs NAV file.
[11:39:04] [ERROR]     f1289stk13                                FAILED: No traces matched navigation — check line name vs NAV file.
[11:39:04] [ERROR]     f1289stk15                                FAILED: No traces matched navigation — check line name vs NAV file.
[11:39:04] [ERROR]     f1289stk17                                FAILED: 'julday' out of bounds for year 1986: 0
[11:39:04] [ERROR]     f1289stk19                                FAILED: No traces matched navigation — check line name vs NAV file.
[11:39:04] [ERROR]     f1289stk23                                FAILED: No traces matched navigation — check line name vs NAV file.
[11:39:04] [ERROR]     f1289stk29                                FAILED: No traces matched navigation — check line name vs NAV file.
[11:39:04] [ERROR]     f287stk26                                 FAILED: Unknown format for file ../../airgun_data/namss.F-2-87-AA.mcs.airgun/Data/f287stk26.sgy
[11:39:04] [ERROR]     f287stk31                                 FAILED: second must be in 0..59
[11:39:04] [ERROR]     f287stk35                                 FAILED: 'julday' out of bounds for year 1987: 0
[11:39:04] [ERROR]     f287stks1                                 FAILED: hour must be in 0..23
[11:39:04] [ERROR]     f387stk07_3150                            FAILED: No NAV line matched 'f387stk07_3150'. Tried: ['f387stk07_3150', 'F387-7_3150', 'f387stk07'].
[11:39:04] [ERROR]     f387stk10                                 FAILED: 'julday' out of bounds for year 1987: 1986
[11:39:04] [ERROR]     f387stk32                                 FAILED: 'julday' out of bounds for year 1987: 0
[11:39:04] [ERROR]     f688stk04a                                FAILED: No traces matched navigation — check line name vs NAV file.
[11:39:04] [ERROR]     f688stk07a                                FAILED: No traces matched navigation — check line name vs NAV file.
[11:39:04] [ERROR]     f688stk09a                                FAILED: No traces matched navigation — check line name vs NAV file.
[11:39:04] [ERROR]     f688stk10a                                FAILED: No traces matched navigation — check line name vs NAV file.
[11:39:04] [ERROR]     f688stk11a                                FAILED: No traces matched navigation — check line name vs NAV file.
[11:39:04] [ERROR]     f688stk12a                                FAILED: No traces matched navigation — check line name vs NAV file.
[11:39:04] [ERROR]     f688stk14a                                FAILED: No traces matched navigation — check line name vs NAV file.
[11:39:04] [ERROR]     f688stk16a                                FAILED: No traces matched navigation — check line name vs NAV file.
[11:39:04] [ERROR]     209wg82stk                                FAILED: No traces matched navigation — check line name vs NAV file.
[11:39:04] [ERROR]     226wg82stk                                FAILED: No traces matched navigation — check line name vs NAV file.
[11:39:04] [ERROR]     100_1204                                  FAILED: No traces matched navigation — check line name vs NAV file.
[11:39:04] [ERROR]     101_1205                                  FAILED: No traces matched navigation — check line name vs NAV file.
[11:39:04] [ERROR]     102_1206                                  FAILED: No traces matched navigation — check line name vs NAV file.
[11:39:04] [ERROR]     103_1207                                  FAILED: No traces matched navigation — check line name vs NAV file.
[11:39:04] [ERROR]     104_1208                                  FAILED: No traces matched navigation — check line name vs NAV file.
[11:39:04] [ERROR]     105_1209                                  FAILED: No traces matched navigation — check line name vs NAV file.
[11:39:04] [ERROR]     106_1210                                  FAILED: No traces matched navigation — check line name vs NAV file.
[11:39:04] [ERROR]     107_1211                                  FAILED: No traces matched navigation — check line name vs NAV file.
[11:39:04] [ERROR]     108_1212                                  FAILED: No traces matched navigation — check line name vs NAV file.
[11:39:04] [ERROR]     109_1213                                  FAILED: No traces matched navigation — check line name vs NAV file.
[11:39:04] [ERROR]     110_1214                                  FAILED: No traces matched navigation — check line name vs NAV file.
[11:39:04] [ERROR]     111_1215                                  FAILED: No traces matched navigation — check line name vs NAV file.
[11:39:04] [ERROR]     112_1216                                  FAILED: No traces matched navigation — check line name vs NAV file.
[11:39:04] [ERROR]     113_1217                                  FAILED: No traces matched navigation — check line name vs NAV file.
[11:39:04] [ERROR]     114_1218                                  FAILED: No traces matched navigation — check line name vs NAV file.
[11:39:04] [ERROR]     115_1219                                  FAILED: No traces matched navigation — check line name vs NAV file.
[11:39:04] [ERROR]     116_1220                                  FAILED: No traces matched navigation — check line name vs NAV file.
[11:39:04] [ERROR]     117_1221                                  FAILED: No traces matched navigation — check line name vs NAV file.
[11:39:04] [ERROR]     85-026_15189                              FAILED: No NAV line matched '85-026_15189'. Tried: ['85-026_15189', '85-026'].
[11:39:04] [ERROR]     85-027_25715                              FAILED: No NAV line matched '85-027_25715'. Tried: ['85-027_25715', '85-027'].
[11:39:04] [ERROR]     G_17558                                   FAILED: No traces matched navigation — check line name vs NAV file.
[11:39:04] [ERROR]     G_1_408                                   FAILED: No traces matched navigation — check line name vs NAV file.
[11:39:04] [ERROR]     H_1_10416                                 FAILED: No traces matched navigation — check line name vs NAV file.
[11:39:04] [ERROR]     H_2987                                    FAILED: No traces matched navigation — check line name vs NAV file.
[11:39:04] [ERROR]     I_12552                                   FAILED: No traces matched navigation — check line name vs NAV file.
[11:39:04] [ERROR]     J_11795                                   FAILED: No traces matched navigation — check line name vs NAV file.
[11:39:04] [ERROR]     J_1_16452                                 FAILED: No traces matched navigation — check line name vs NAV file.
[11:39:04] [ERROR]     K_16989                                   FAILED: No traces matched navigation — check line name vs NAV file.
[11:39:04] [ERROR]     L_13905                                   FAILED: No traces matched navigation — check line name vs NAV file.
[11:39:04] [ERROR]     O_1_45871                                 FAILED: No traces matched navigation — check line name vs NAV file.
[11:39:04] [ERROR]     O_2_48619                                 FAILED: No traces matched navigation — check line name vs NAV file.
[11:39:04] [ERROR]     O_48354                                   FAILED: No traces matched navigation — check line name vs NAV file.
[11:39:04] [ERROR]     P_1_49149                                 FAILED: No traces matched navigation — check line name vs NAV file.
[11:39:04] [ERROR]     P_43033                                   FAILED: No traces matched navigation — check line name vs NAV file.
[11:39:04] [ERROR]     Q-EXT_45287                               FAILED: No traces matched navigation — check line name vs NAV file.
[11:39:04] [ERROR]     Q_39795                                   FAILED: No traces matched navigation — check line name vs NAV file.
[11:39:04] [ERROR]     R-EXT_49224                               FAILED: No traces matched navigation — check line name vs NAV file.
[11:39:04] [ERROR]     R_1_43206                                 FAILED: No traces matched navigation — check line name vs NAV file.
[11:39:04] [ERROR]     R_49017                                   FAILED: No traces matched navigation — check line name vs NAV file.
[11:39:04] [ERROR]     S_44822                                   FAILED: No traces matched navigation — check line name vs NAV file.
[11:39:04] [ERROR]     WA-024_1187                               FAILED: No traces matched navigation — check line name vs NAV file.
[11:39:04] [ERROR]     WA-025_15564                              FAILED: No traces matched navigation — check line name vs NAV file.
[11:39:04] [INFO ] 
[11:39:04] [INFO ]   Finished: 2026-04-03 11:39:04
[11:39:04] [INFO ]   Run dir : /Users/lennylukach/Personal/School/CS4100/namss/pipeline/results/run_20260403_093551
