[13:18:23] [INFO ] ============================================================
[13:18:23] [INFO ]   NAMSS Seismic Fault Pipeline v2
[13:18:23] [INFO ]   Started : 2026-04-03 13:18:23
[13:18:23] [INFO ]   Run dir : /Users/lennylukach/Personal/School/CS4100/namss/pipeline/results/run_20260403_131823
[13:18:23] [INFO ]   SA mode : averaged 5x 
[13:18:23] [INFO ] ============================================================
[13:18:23] [INFO ] 
Discovered 278 unique lines across all datasets
[13:18:23] [INFO ] Val lines (every 5th): ['104_1208', '109_1213', '114_1218', '202wg82stk', '209wg82stk', '217wg82stk', '85-026_15189', 'H_2987', 'L_13905', 'P_43033', 'R_49017', 'T2010.103.mig.1500', 'T2010.108.mig.1500', 'T2010.1103.mig.1500', 'T2010.2102.mig.1500', 'f1088stk01', 'f1088stk06', 'f1088stk11', 'f1088stk16', 'f1088stk21', 'f1088stk26', 'f1088stk31', 'f1289stk02', 'f1289stk07', 'f1289stk12', 'f1289stk17', 'f1289stk22', 'f1289stk27', 'f287stk01', 'f287stk06', 'f287stk11', 'f287stk15', 'f287stk20', 'f287stk25', 'f287stk30', 'f287stk35', 'f287stk41', 'f287stk46', 'f287stk51', 'f287stk56', 'f287stks1', 'f287stks5', 'f387stk02', 'f387stk07', 'f387stk11', 'f387stk16', 'f387stk21', 'f387stk26', 'f387stk31', 'f688stk01', 'f688stk04', 'f688stk06a', 'f688stk09a', 'f688stk12', 'f688stk15']
[13:18:23] [INFO ] 
Processing 278 SGY files across all datasets in ../../airgun_data
[13:18:23] [INFO ]   namss.F-10-88-HW.mcs.airgun               f1088stk01
[13:18:23] [INFO ]   namss.F-10-88-HW.mcs.airgun               f1088stk02
[13:18:23] [INFO ]   namss.F-10-88-HW.mcs.airgun               f1088stk03
[13:18:23] [INFO ]   namss.F-10-88-HW.mcs.airgun               f1088stk04
[13:18:23] [INFO ]   namss.F-10-88-HW.mcs.airgun               f1088stk05
[13:18:23] [INFO ]   namss.F-10-88-HW.mcs.airgun               f1088stk06
[13:18:23] [INFO ]   namss.F-10-88-HW.mcs.airgun               f1088stk07
[13:18:23] [INFO ]   namss.F-10-88-HW.mcs.airgun               f1088stk08
[13:18:23] [INFO ]   namss.F-10-88-HW.mcs.airgun               f1088stk09
[13:18:23] [INFO ]   namss.F-10-88-HW.mcs.airgun               f1088stk10
[13:18:23] [INFO ]   namss.F-10-88-HW.mcs.airgun               f1088stk11
[13:18:23] [INFO ]   namss.F-10-88-HW.mcs.airgun               f1088stk12
[13:18:23] [INFO ]   namss.F-10-88-HW.mcs.airgun               f1088stk13
[13:18:23] [INFO ]   namss.F-10-88-HW.mcs.airgun               f1088stk14
[13:18:23] [INFO ]   namss.F-10-88-HW.mcs.airgun               f1088stk15
[13:18:23] [INFO ]   namss.F-10-88-HW.mcs.airgun               f1088stk16
[13:18:23] [INFO ]   namss.F-10-88-HW.mcs.airgun               f1088stk17
[13:18:23] [INFO ]   namss.F-10-88-HW.mcs.airgun               f1088stk18
[13:18:23] [INFO ]   namss.F-10-88-HW.mcs.airgun               f1088stk19
[13:18:23] [INFO ]   namss.F-10-88-HW.mcs.airgun               f1088stk20
[13:18:23] [INFO ]   namss.F-10-88-HW.mcs.airgun               f1088stk21
[13:18:23] [INFO ]   namss.F-10-88-HW.mcs.airgun               f1088stk22
[13:18:23] [INFO ]   namss.F-10-88-HW.mcs.airgun               f1088stk23
[13:18:23] [INFO ]   namss.F-10-88-HW.mcs.airgun               f1088stk24
[13:18:23] [INFO ]   namss.F-10-88-HW.mcs.airgun               f1088stk25
[13:18:23] [INFO ]   namss.F-10-88-HW.mcs.airgun               f1088stk26
[13:18:23] [INFO ]   namss.F-10-88-HW.mcs.airgun               f1088stk27
[13:18:23] [INFO ]   namss.F-10-88-HW.mcs.airgun               f1088stk28
[13:18:23] [INFO ]   namss.F-10-88-HW.mcs.airgun               f1088stk29
[13:18:23] [INFO ]   namss.F-10-88-HW.mcs.airgun               f1088stk30
[13:18:23] [INFO ]   namss.F-10-88-HW.mcs.airgun               f1088stk31
[13:18:23] [INFO ]   namss.F-10-88-HW.mcs.airgun               f1088stk32
[13:18:23] [INFO ]   namss.F-10-88-HW.mcs.airgun               f1088stk33
[13:18:23] [INFO ]   namss.F-10-88-HW.mcs.airgun               f1088stk34
[13:18:23] [INFO ]   namss.F-12-89-HW.mcs.airgun               f1289stk01
[13:18:23] [INFO ]   namss.F-12-89-HW.mcs.airgun               f1289stk02
[13:18:23] [INFO ]   namss.F-12-89-HW.mcs.airgun               f1289stk03
[13:18:23] [INFO ]   namss.F-12-89-HW.mcs.airgun               f1289stk04
[13:18:23] [INFO ]   namss.F-12-89-HW.mcs.airgun               f1289stk05
[13:18:23] [INFO ]   namss.F-12-89-HW.mcs.airgun               f1289stk06
[13:18:23] [INFO ]   namss.F-12-89-HW.mcs.airgun               f1289stk07
[13:18:23] [INFO ]   namss.F-12-89-HW.mcs.airgun               f1289stk08
[13:18:23] [INFO ]   namss.F-12-89-HW.mcs.airgun               f1289stk09
[13:18:23] [INFO ]   namss.F-12-89-HW.mcs.airgun               f1289stk10
[13:18:23] [INFO ]   namss.F-12-89-HW.mcs.airgun               f1289stk11
[13:18:23] [INFO ]   namss.F-12-89-HW.mcs.airgun               f1289stk12
[13:18:23] [INFO ]   namss.F-12-89-HW.mcs.airgun               f1289stk13
[13:18:23] [INFO ]   namss.F-12-89-HW.mcs.airgun               f1289stk14
[13:18:23] [INFO ]   namss.F-12-89-HW.mcs.airgun               f1289stk15
[13:18:23] [INFO ]   namss.F-12-89-HW.mcs.airgun               f1289stk16
[13:18:23] [INFO ]   namss.F-12-89-HW.mcs.airgun               f1289stk17
[13:18:23] [INFO ]   namss.F-12-89-HW.mcs.airgun               f1289stk18
[13:18:23] [INFO ]   namss.F-12-89-HW.mcs.airgun               f1289stk19
[13:18:23] [INFO ]   namss.F-12-89-HW.mcs.airgun               f1289stk20
[13:18:23] [INFO ]   namss.F-12-89-HW.mcs.airgun               f1289stk21
[13:18:23] [INFO ]   namss.F-12-89-HW.mcs.airgun               f1289stk22
[13:18:23] [INFO ]   namss.F-12-89-HW.mcs.airgun               f1289stk23
[13:18:23] [INFO ]   namss.F-12-89-HW.mcs.airgun               f1289stk24
[13:18:23] [INFO ]   namss.F-12-89-HW.mcs.airgun               f1289stk25
[13:18:23] [INFO ]   namss.F-12-89-HW.mcs.airgun               f1289stk26
[13:18:23] [INFO ]   namss.F-12-89-HW.mcs.airgun               f1289stk27
[13:18:23] [INFO ]   namss.F-12-89-HW.mcs.airgun               f1289stk28
[13:18:23] [INFO ]   namss.F-12-89-HW.mcs.airgun               f1289stk29
[13:18:23] [INFO ]   namss.F-12-89-HW.mcs.airgun               f1289stk30
[13:18:23] [INFO ]   namss.F-12-89-HW.mcs.airgun               f1289stk32
[13:18:23] [INFO ]   namss.F-2-87-AA.mcs.airgun                f287stk01
[13:18:23] [INFO ]   namss.F-2-87-AA.mcs.airgun                f287stk02
[13:18:23] [INFO ]   namss.F-2-87-AA.mcs.airgun                f287stk03
[13:18:23] [INFO ]   namss.F-2-87-AA.mcs.airgun                f287stk04
[13:18:23] [INFO ]   namss.F-2-87-AA.mcs.airgun                f287stk05
[13:18:23] [INFO ]   namss.F-2-87-AA.mcs.airgun                f287stk06
[13:18:23] [INFO ]   namss.F-2-87-AA.mcs.airgun                f287stk07
[13:18:23] [INFO ]   namss.F-2-87-AA.mcs.airgun                f287stk08
[13:18:23] [INFO ]   namss.F-2-87-AA.mcs.airgun                f287stk09
[13:18:23] [INFO ]   namss.F-2-87-AA.mcs.airgun                f287stk10
[13:18:23] [INFO ]   namss.F-2-87-AA.mcs.airgun                f287stk11
[13:18:23] [INFO ]   namss.F-2-87-AA.mcs.airgun                f287stk12
[13:18:23] [INFO ]   namss.F-2-87-AA.mcs.airgun                f287stk13
[13:18:23] [INFO ]   namss.F-2-87-AA.mcs.airgun                f287stk14
[13:18:23] [INFO ]   namss.F-2-87-AA.mcs.airgun                f287stk14a
[13:18:23] [INFO ]   namss.F-2-87-AA.mcs.airgun                f287stk15
[13:18:23] [INFO ]   namss.F-2-87-AA.mcs.airgun                f287stk16
[13:18:23] [INFO ]   namss.F-2-87-AA.mcs.airgun                f287stk17
[13:18:23] [INFO ]   namss.F-2-87-AA.mcs.airgun                f287stk18
[13:18:23] [INFO ]   namss.F-2-87-AA.mcs.airgun                f287stk19
[13:18:23] [INFO ]   namss.F-2-87-AA.mcs.airgun                f287stk20
[13:18:23] [INFO ]   namss.F-2-87-AA.mcs.airgun                f287stk21
[13:18:23] [INFO ]   namss.F-2-87-AA.mcs.airgun                f287stk22
[13:18:23] [INFO ]   namss.F-2-87-AA.mcs.airgun                f287stk23
[13:18:23] [INFO ]   namss.F-2-87-AA.mcs.airgun                f287stk24
[13:18:23] [INFO ]   namss.F-2-87-AA.mcs.airgun                f287stk25
[13:18:23] [INFO ]   namss.F-2-87-AA.mcs.airgun                f287stk26
[13:18:23] [INFO ]   namss.F-2-87-AA.mcs.airgun                f287stk27
[13:18:23] [INFO ]   namss.F-2-87-AA.mcs.airgun                f287stk28
[13:18:23] [INFO ]   namss.F-2-87-AA.mcs.airgun                f287stk29
[13:18:23] [INFO ]   namss.F-2-87-AA.mcs.airgun                f287stk30
[13:18:23] [INFO ]   namss.F-2-87-AA.mcs.airgun                f287stk31
[13:18:23] [INFO ]   namss.F-2-87-AA.mcs.airgun                f287stk32
[13:18:23] [INFO ]   namss.F-2-87-AA.mcs.airgun                f287stk33
[13:18:23] [INFO ]   namss.F-2-87-AA.mcs.airgun                f287stk34
[13:18:23] [INFO ]   namss.F-2-87-AA.mcs.airgun                f287stk35
[13:18:23] [INFO ]   namss.F-2-87-AA.mcs.airgun                f287stk36
[13:18:23] [INFO ]   namss.F-2-87-AA.mcs.airgun                f287stk37
[13:18:23] [INFO ]   namss.F-2-87-AA.mcs.airgun                f287stk38
[13:18:23] [INFO ]   namss.F-2-87-AA.mcs.airgun                f287stk39
[13:18:23] [INFO ]   namss.F-2-87-AA.mcs.airgun                f287stk41
[13:18:23] [INFO ]   namss.F-2-87-AA.mcs.airgun                f287stk42
[13:18:23] [INFO ]   namss.F-2-87-AA.mcs.airgun                f287stk43
[13:18:23] [INFO ]   namss.F-2-87-AA.mcs.airgun                f287stk44
[13:18:23] [INFO ]   namss.F-2-87-AA.mcs.airgun                f287stk45
[13:18:23] [INFO ]   namss.F-2-87-AA.mcs.airgun                f287stk46
[13:18:23] [INFO ]   namss.F-2-87-AA.mcs.airgun                f287stk47
[13:18:23] [INFO ]   namss.F-2-87-AA.mcs.airgun                f287stk48
[13:18:23] [INFO ]   namss.F-2-87-AA.mcs.airgun                f287stk49
[13:18:23] [INFO ]   namss.F-2-87-AA.mcs.airgun                f287stk50
[13:18:23] [INFO ]   namss.F-2-87-AA.mcs.airgun                f287stk51
[13:18:23] [INFO ]   namss.F-2-87-AA.mcs.airgun                f287stk52
[13:18:23] [INFO ]   namss.F-2-87-AA.mcs.airgun                f287stk53
[13:18:23] [INFO ]   namss.F-2-87-AA.mcs.airgun                f287stk54
[13:18:23] [INFO ]   namss.F-2-87-AA.mcs.airgun                f287stk55
[13:18:23] [INFO ]   namss.F-2-87-AA.mcs.airgun                f287stk56
[13:18:23] [INFO ]   namss.F-2-87-AA.mcs.airgun                f287stk57
[13:18:23] [INFO ]   namss.F-2-87-AA.mcs.airgun                f287stk58
[13:18:23] [INFO ]   namss.F-2-87-AA.mcs.airgun                f287stk59
[13:18:23] [INFO ]   namss.F-2-87-AA.mcs.airgun                f287stk60
[13:18:23] [INFO ]   namss.F-2-87-AA.mcs.airgun                f287stks1
[13:18:23] [INFO ]   namss.F-2-87-AA.mcs.airgun                f287stks10
[13:18:23] [INFO ]   namss.F-2-87-AA.mcs.airgun                f287stks2
[13:18:23] [INFO ]   namss.F-2-87-AA.mcs.airgun                f287stks3
[13:18:23] [INFO ]   namss.F-2-87-AA.mcs.airgun                f287stks4
[13:18:23] [INFO ]   namss.F-2-87-AA.mcs.airgun                f287stks5
[13:18:23] [INFO ]   namss.F-2-87-AA.mcs.airgun                f287stks7
[13:18:23] [INFO ]   namss.F-2-87-AA.mcs.airgun                f287stks8
[13:18:23] [INFO ]   namss.F-2-87-AA.mcs.airgun                f287stks9
[13:18:23] [INFO ]   namss.F-3-87-AA.mcs.airgun                f387stk01
[13:18:23] [INFO ]   namss.F-3-87-AA.mcs.airgun                f387stk02
[13:18:23] [INFO ]   namss.F-3-87-AA.mcs.airgun                f387stk03
[13:18:23] [INFO ]   namss.F-3-87-AA.mcs.airgun                f387stk04
[13:18:23] [INFO ]   namss.F-3-87-AA.mcs.airgun                f387stk05
[13:18:23] [INFO ]   namss.F-3-87-AA.mcs.airgun                f387stk06
[13:18:23] [INFO ]   namss.F-3-87-AA.mcs.airgun                f387stk07
[13:18:23] [INFO ]   namss.F-3-87-AA.mcs.airgun                f387stk07_3150
[13:18:23] [INFO ]   namss.F-3-87-AA.mcs.airgun                f387stk08
[13:18:23] [INFO ]   namss.F-3-87-AA.mcs.airgun                f387stk09
[13:18:23] [INFO ]   namss.F-3-87-AA.mcs.airgun                f387stk10
[13:18:23] [INFO ]   namss.F-3-87-AA.mcs.airgun                f387stk11
[13:18:23] [INFO ]   namss.F-3-87-AA.mcs.airgun                f387stk12
[13:18:23] [INFO ]   namss.F-3-87-AA.mcs.airgun                f387stk13
[13:18:23] [INFO ]   namss.F-3-87-AA.mcs.airgun                f387stk14
[13:18:23] [INFO ]   namss.F-3-87-AA.mcs.airgun                f387stk15
[13:18:23] [INFO ]   namss.F-3-87-AA.mcs.airgun                f387stk16
[13:18:23] [INFO ]   namss.F-3-87-AA.mcs.airgun                f387stk17
[13:18:23] [INFO ]   namss.F-3-87-AA.mcs.airgun                f387stk18
[13:18:23] [INFO ]   namss.F-3-87-AA.mcs.airgun                f387stk19
[13:18:23] [INFO ]   namss.F-3-87-AA.mcs.airgun                f387stk20
[13:18:23] [INFO ]   namss.F-3-87-AA.mcs.airgun                f387stk21
[13:18:23] [INFO ]   namss.F-3-87-AA.mcs.airgun                f387stk22
[13:18:23] [INFO ]   namss.F-3-87-AA.mcs.airgun                f387stk23
[13:18:23] [INFO ]   namss.F-3-87-AA.mcs.airgun                f387stk24
[13:18:23] [INFO ]   namss.F-3-87-AA.mcs.airgun                f387stk25
[13:18:23] [INFO ]   namss.F-3-87-AA.mcs.airgun                f387stk26
[13:18:23] [INFO ]   namss.F-3-87-AA.mcs.airgun                f387stk27
[13:18:23] [INFO ]   namss.F-3-87-AA.mcs.airgun                f387stk28
[13:18:23] [INFO ]   namss.F-3-87-AA.mcs.airgun                f387stk29
[13:18:23] [INFO ]   namss.F-3-87-AA.mcs.airgun                f387stk30
[13:18:23] [INFO ]   namss.F-3-87-AA.mcs.airgun                f387stk31
[13:18:23] [INFO ]   namss.F-3-87-AA.mcs.airgun                f387stk32
[13:18:23] [INFO ]   namss.F-3-87-AA.mcs.airgun                f387stk33
[13:18:23] [INFO ]   namss.F-3-87-AA.mcs.airgun                f387stk34
[13:18:23] [INFO ]   namss.F-3-87-AA.mcs.airgun                f387stk35
[13:18:23] [INFO ]   namss.F-6-88-HW.mcs.airgun                f688stk01
[13:18:23] [INFO ]   namss.F-6-88-HW.mcs.airgun                f688stk02
[13:18:23] [INFO ]   namss.F-6-88-HW.mcs.airgun                f688stk02a
[13:18:23] [INFO ]   namss.F-6-88-HW.mcs.airgun                f688stk03
[13:18:23] [INFO ]   namss.F-6-88-HW.mcs.airgun                f688stk03a
[13:18:23] [INFO ]   namss.F-6-88-HW.mcs.airgun                f688stk04
[13:18:23] [INFO ]   namss.F-6-88-HW.mcs.airgun                f688stk04a
[13:18:23] [INFO ]   namss.F-6-88-HW.mcs.airgun                f688stk05
[13:18:23] [INFO ]   namss.F-6-88-HW.mcs.airgun                f688stk05a
[13:18:23] [INFO ]   namss.F-6-88-HW.mcs.airgun                f688stk06
[13:18:23] [INFO ]   namss.F-6-88-HW.mcs.airgun                f688stk06a
[13:18:23] [INFO ]   namss.F-6-88-HW.mcs.airgun                f688stk07
[13:18:23] [INFO ]   namss.F-6-88-HW.mcs.airgun                f688stk07a
[13:18:23] [INFO ]   namss.F-6-88-HW.mcs.airgun                f688stk08
[13:18:23] [INFO ]   namss.F-6-88-HW.mcs.airgun                f688stk09
[13:18:23] [INFO ]   namss.F-6-88-HW.mcs.airgun                f688stk09a
[13:18:23] [INFO ]   namss.F-6-88-HW.mcs.airgun                f688stk10
[13:18:23] [INFO ]   namss.F-6-88-HW.mcs.airgun                f688stk10a
[13:18:23] [INFO ]   namss.F-6-88-HW.mcs.airgun                f688stk11
[13:18:23] [INFO ]   namss.F-6-88-HW.mcs.airgun                f688stk11a
[13:18:23] [INFO ]   namss.F-6-88-HW.mcs.airgun                f688stk12
[13:18:23] [INFO ]   namss.F-6-88-HW.mcs.airgun                f688stk12a
[13:18:23] [INFO ]   namss.F-6-88-HW.mcs.airgun                f688stk13
[13:18:23] [INFO ]   namss.F-6-88-HW.mcs.airgun                f688stk14
[13:18:23] [INFO ]   namss.F-6-88-HW.mcs.airgun                f688stk14a
[13:18:23] [INFO ]   namss.F-6-88-HW.mcs.airgun                f688stk15
[13:18:23] [INFO ]   namss.F-6-88-HW.mcs.airgun                f688stk16
[13:18:23] [INFO ]   namss.F-6-88-HW.mcs.airgun                f688stk16a
[13:18:23] [INFO ]   namss.F-6-88-HW.mcs.airgun                f688stk17
[13:18:23] [INFO ]   namss.L-12-82-WG.mcs.airgun               201wg82stk
[13:18:23] [INFO ]   namss.L-12-82-WG.mcs.airgun               202wg82stk
[13:18:23] [INFO ]   namss.L-12-82-WG.mcs.airgun               203wg82stk
[13:18:23] [INFO ]   namss.L-12-82-WG.mcs.airgun               204wg82stk
[13:18:23] [INFO ]   namss.L-12-82-WG.mcs.airgun               205wg82stk
[13:18:23] [INFO ]   namss.L-12-82-WG.mcs.airgun               208wg82stk
[13:18:23] [INFO ]   namss.L-12-82-WG.mcs.airgun               209wg82stk
[13:18:23] [INFO ]   namss.L-12-82-WG.mcs.airgun               211wg82stk
[13:18:23] [INFO ]   namss.L-12-82-WG.mcs.airgun               212wg82stk
[13:18:23] [INFO ]   namss.L-12-82-WG.mcs.airgun               213wg82stk
[13:18:23] [INFO ]   namss.L-12-82-WG.mcs.airgun               215wg82stk
[13:18:23] [INFO ]   namss.L-12-82-WG.mcs.airgun               217wg82stk
[13:18:23] [INFO ]   namss.L-12-82-WG.mcs.airgun               219wg82stk
[13:18:23] [INFO ]   namss.L-12-82-WG.mcs.airgun               221wg82stk
[13:18:23] [INFO ]   namss.L-12-82-WG.mcs.airgun               222wg82stk
[13:18:23] [INFO ]   namss.L-12-82-WG.mcs.airgun               226wg82stk
[13:18:23] [INFO ]   namss.L-8-81-WG.mcs.airgun                100_1204
[13:18:23] [INFO ]   namss.L-8-81-WG.mcs.airgun                101_1205
[13:18:23] [INFO ]   namss.L-8-81-WG.mcs.airgun                102_1206
[13:18:23] [INFO ]   namss.L-8-81-WG.mcs.airgun                103_1207
[13:18:23] [INFO ]   namss.L-8-81-WG.mcs.airgun                104_1208
[13:18:23] [INFO ]   namss.L-8-81-WG.mcs.airgun                105_1209
[13:18:23] [INFO ]   namss.L-8-81-WG.mcs.airgun                106_1210
[13:18:23] [INFO ]   namss.L-8-81-WG.mcs.airgun                107_1211
[13:18:23] [INFO ]   namss.L-8-81-WG.mcs.airgun                108_1212
[13:18:23] [INFO ]   namss.L-8-81-WG.mcs.airgun                109_1213
[13:18:23] [INFO ]   namss.L-8-81-WG.mcs.airgun                110_1214
[13:18:23] [INFO ]   namss.L-8-81-WG.mcs.airgun                111_1215
[13:18:23] [INFO ]   namss.L-8-81-WG.mcs.airgun                112_1216
[13:18:23] [INFO ]   namss.L-8-81-WG.mcs.airgun                113_1217
[13:18:23] [INFO ]   namss.L-8-81-WG.mcs.airgun                114_1218
[13:18:23] [INFO ]   namss.L-8-81-WG.mcs.airgun                115_1219
[13:18:23] [INFO ]   namss.L-8-81-WG.mcs.airgun                116_1220
[13:18:23] [INFO ]   namss.L-8-81-WG.mcs.airgun                117_1221
[13:18:23] [INFO ]   namss.T-21-10-AT.mcs.airgun               T2010.100.mig.1500
[13:18:23] [INFO ]   namss.T-21-10-AT.mcs.airgun               T2010.101.mig.1500
[13:18:23] [INFO ]   namss.T-21-10-AT.mcs.airgun               T2010.102.mig.1500
[13:18:23] [INFO ]   namss.T-21-10-AT.mcs.airgun               T2010.103.mig.1500
[13:18:23] [INFO ]   namss.T-21-10-AT.mcs.airgun               T2010.104.mig.1500
[13:18:23] [INFO ]   namss.T-21-10-AT.mcs.airgun               T2010.105.mig.1500
[13:18:23] [INFO ]   namss.T-21-10-AT.mcs.airgun               T2010.106.mig.1500
[13:18:23] [INFO ]   namss.T-21-10-AT.mcs.airgun               T2010.107.mig.1500
[13:18:23] [INFO ]   namss.T-21-10-AT.mcs.airgun               T2010.108.mig.1500
[13:18:23] [INFO ]   namss.T-21-10-AT.mcs.airgun               T2010.109.mig.1500
[13:18:23] [INFO ]   namss.T-21-10-AT.mcs.airgun               T2010.110.mig.1500
[13:18:23] [INFO ]   namss.T-21-10-AT.mcs.airgun               T2010.1100.mig.1500
[13:18:23] [INFO ]   namss.T-21-10-AT.mcs.airgun               T2010.1101.mig.1500
[13:18:23] [INFO ]   namss.T-21-10-AT.mcs.airgun               T2010.1103.mig.1500
[13:18:23] [INFO ]   namss.T-21-10-AT.mcs.airgun               T2010.1104.mig.1500
[13:18:23] [INFO ]   namss.T-21-10-AT.mcs.airgun               T2010.111.mig.1500
[13:18:23] [INFO ]   namss.T-21-10-AT.mcs.airgun               T2010.112.mig.1500
[13:18:23] [INFO ]   namss.T-21-10-AT.mcs.airgun               T2010.2100.mig.1500
[13:18:23] [INFO ]   namss.T-21-10-AT.mcs.airgun               T2010.2102.mig.1500
[13:18:23] [INFO ]   namss.T-21-10-AT.mcs.airgun               T2010.3100.mig.1500
[13:18:23] [INFO ]   namss.T-21-10-AT.mcs.airgun               T2010.4100.mig.1500
[13:18:23] [INFO ]   namss.W-3-69-BS.mcs.airgun                85-026_15189
[13:18:23] [INFO ]   namss.W-3-69-BS.mcs.airgun                85-027_25715
[13:18:23] [INFO ]   namss.W-3-69-BS.mcs.airgun                G_17558
[13:18:23] [INFO ]   namss.W-3-69-BS.mcs.airgun                G_1_408
[13:18:23] [INFO ]   namss.W-3-69-BS.mcs.airgun                H_1_10416
[13:18:23] [INFO ]   namss.W-3-69-BS.mcs.airgun                H_2987
[13:18:23] [INFO ]   namss.W-3-69-BS.mcs.airgun                I_12552
[13:18:23] [INFO ]   namss.W-3-69-BS.mcs.airgun                J_11795
[13:18:23] [INFO ]   namss.W-3-69-BS.mcs.airgun                J_1_16452
[13:18:23] [INFO ]   namss.W-3-69-BS.mcs.airgun                K_16989
[13:18:23] [INFO ]   namss.W-3-69-BS.mcs.airgun                L_13905
[13:18:23] [INFO ]   namss.W-3-69-BS.mcs.airgun                O_1_45871
[13:18:23] [INFO ]   namss.W-3-69-BS.mcs.airgun                O_2_48619
[13:18:23] [INFO ]   namss.W-3-69-BS.mcs.airgun                O_48354
[13:18:23] [INFO ]   namss.W-3-69-BS.mcs.airgun                P_1_49149
[13:18:23] [INFO ]   namss.W-3-69-BS.mcs.airgun                P_43033
[13:18:23] [INFO ]   namss.W-3-69-BS.mcs.airgun                Q-EXT_45287
[13:18:23] [INFO ]   namss.W-3-69-BS.mcs.airgun                Q_39795
[13:18:23] [INFO ]   namss.W-3-69-BS.mcs.airgun                R-EXT_49224
[13:18:23] [INFO ]   namss.W-3-69-BS.mcs.airgun                R_1_43206
[13:18:23] [INFO ]   namss.W-3-69-BS.mcs.airgun                R_49017
[13:18:23] [INFO ]   namss.W-3-69-BS.mcs.airgun                S_44822
[13:18:23] [INFO ]   namss.W-3-69-BS.mcs.airgun                WA-024_1187
[13:18:23] [INFO ]   namss.W-3-69-BS.mcs.airgun                WA-025_15564
[13:18:23] [INFO ] 
[13:18:23] [INFO ] ──────────────────────────────────────────────────
[13:18:23] [INFO ]   LINE: f1088stk01
[13:18:23] [INFO ] ──────────────────────────────────────────────────
[13:18:23] [INFO ] Dataset  : namss.F-10-88-HW.mcs.airgun
[13:18:23] [INFO ] SGY      : ../../airgun_data/namss.F-10-88-HW.mcs.airgun/Data/f1088stk01.sgy
[13:18:23] [INFO ] NAV      : ../../airgun_data/namss.F-10-88-HW.mcs.airgun/Navigation/f-10-88-hw_NAV-WGS84.csv
[13:18:23] [INFO ] SA mode  : averaged 5x 
[13:18:23] [INFO ] 
[13:18:23] [INFO ] STEP 1 — Feature extraction
[13:18:23] [INFO ]   Loading navigation...
[13:18:23] [INFO ]   Loading SEG-Y...
[13:18:23] [INFO ]   Traces: 10893  Samples: 3000  dt: 4.000 ms
[13:18:23] [INFO ]   Depth:  0.0 m → 8997.0 m
[13:18:23] [INFO ]   Matching traces to navigation...
[13:18:23] [INFO ]   NAV line matched via translation: 'f1088stk01' -> '1'
[13:18:24] [INFO ]   Matched 10893 / 10893 traces
[13:18:24] [INFO ]   Bandpass filtering...
[13:18:25] [INFO ]   Computing seismic attributes...
[13:18:26] [INFO ]   Picking seafloor...
[13:18:27] [INFO ]   Seafloor depth: 0–5229 m  (112 shallow traces masked)
[13:18:27] [INFO ]   Picking horizons...
[13:18:28] [INFO ]   Computing NCC coherence (slow)...
[13:18:29] [INFO ]   Saving CNN section image...
[13:18:31] [INFO ]   Saved: f1088stk01_section_cnn.png  (2700x1500px)
[13:18:31] [INFO ]   Step 1 complete
[13:18:31] [INFO ] 
[13:18:31] [INFO ] STEP 2 — Fault detection
[13:18:31] [INFO ]   Mode: averaged SA (5 runs per seed)
[13:18:37] [INFO ]   Averaging SA over 5 runs per seed (30 seeds)
[13:18:38] [INFO ]     Seed 1/30 trace 2128: avg_prob=0.706 [PASS]
[13:18:39] [INFO ]     Seed 2/30 trace 339: avg_prob=0.679 [PASS]
[13:18:40] [INFO ]     Seed 3/30 trace 4216: avg_prob=0.694 [PASS]
[13:18:42] [INFO ]     Seed 4/30 trace 3363: avg_prob=0.658 [PASS]
[13:18:43] [INFO ]     Seed 5/30 trace 10847: avg_prob=0.681 [PASS]
[13:18:44] [INFO ]     Seed 6/30 trace 933: avg_prob=0.651 [PASS]
[13:18:45] [INFO ]     Seed 7/30 trace 2647: avg_prob=0.672 [PASS]
[13:18:47] [INFO ]     Seed 8/30 trace 9370: avg_prob=0.671 [PASS]
[13:18:48] [INFO ]     Seed 9/30 trace 8981: avg_prob=0.674 [PASS]
[13:18:49] [INFO ]     Seed 10/30 trace 8104: avg_prob=0.589 [PASS]
[13:18:50] [INFO ]     Seed 11/30 trace 8438: avg_prob=0.686 [PASS]
[13:18:51] [INFO ]     Seed 12/30 trace 3086: avg_prob=0.689 [PASS]
[13:18:53] [INFO ]     Seed 13/30 trace 6605: avg_prob=0.694 [PASS]
[13:18:54] [INFO ]     Seed 14/30 trace 9657: avg_prob=0.672 [PASS]
[13:18:55] [INFO ]     Seed 15/30 trace 3934: avg_prob=0.690 [PASS]
[13:18:56] [INFO ]     Seed 16/30 trace 5245: avg_prob=0.667 [PASS]
[13:18:58] [INFO ]     Seed 17/30 trace 7320: avg_prob=0.657 [PASS]
[13:18:59] [INFO ]     Seed 18/30 trace 6251: avg_prob=0.667 [PASS]
[13:19:00] [INFO ]     Seed 19/30 trace 7793: avg_prob=0.621 [PASS]
[13:19:01] [INFO ]     Seed 20/30 trace 4733: avg_prob=0.683 [PASS]
[13:19:03] [INFO ]     Seed 21/30 trace 2868: avg_prob=0.600 [PASS]
[13:19:04] [INFO ]     Seed 22/30 trace 6970: avg_prob=0.658 [PASS]
[13:19:05] [INFO ]     Seed 23/30 trace 687: avg_prob=0.649 [PASS]
[13:19:07] [INFO ]     Seed 24/30 trace 5628: avg_prob=0.656 [PASS]
[13:19:08] [INFO ]     Seed 25/30 trace 4950: avg_prob=0.655 [PASS]
[13:19:09] [INFO ]     Seed 26/30 trace 3638: avg_prob=0.648 [PASS]
[13:19:10] [INFO ]     Seed 27/30 trace 10234: avg_prob=0.623 [PASS]
[13:19:12] [INFO ]     Seed 28/30 trace 9982: avg_prob=0.625 [PASS]
[13:19:13] [INFO ]     Seed 29/30 trace 7548: avg_prob=0.646 [PASS]
[13:19:14] [INFO ]     Seed 30/30 trace 68: avg_prob=0.628 [PASS]
[13:19:14] [INFO ]   Detected 0 high-confidence faults
[13:19:14] [INFO ]   Step 2 complete
[13:19:14] [INFO ] 
[13:19:14] [INFO ] STEP 3 — Bounding boxes
[13:19:14] [INFO ]   Generated 0 boxes
[13:19:14] [INFO ]   Step 3 complete
[13:19:14] [INFO ] 
[13:19:14] [INFO ] STEP 4 — Dataset building
[13:19:14] [INFO ]   Saving labeled review image...
[13:19:14] [INFO ]   Saved: f1088stk01_labeled.png
[13:19:14] [INFO ]   Split: val
[13:19:14] [INFO ]   Added 0 annotations to val.json
[13:19:14] [INFO ]   train.json: 0 images, 0 annotations
[13:19:14] [INFO ]   val.json:   1 images,  0 annotations
[13:19:14] [INFO ]   Step 4 complete
[13:19:14] [INFO ] 
[13:19:14] [INFO ]   DONE  f1088stk01  →  val  |  0 faults  |  0 boxes
[13:19:14] [INFO ] 
[13:19:14] [INFO ] ──────────────────────────────────────────────────
[13:19:14] [INFO ]   LINE: f1088stk02
[13:19:14] [INFO ] ──────────────────────────────────────────────────
[13:19:14] [INFO ] Dataset  : namss.F-10-88-HW.mcs.airgun
[13:19:14] [INFO ] SGY      : ../../airgun_data/namss.F-10-88-HW.mcs.airgun/Data/f1088stk02.sgy
[13:19:14] [INFO ] NAV      : ../../airgun_data/namss.F-10-88-HW.mcs.airgun/Navigation/f-10-88-hw_NAV-WGS84.csv
[13:19:14] [INFO ] SA mode  : averaged 5x 
[13:19:14] [INFO ] 
[13:19:14] [INFO ] STEP 1 — Feature extraction
[13:19:14] [INFO ]   Loading navigation...
[13:19:14] [INFO ]   Loading SEG-Y...
[13:19:14] [INFO ]   Traces: 678  Samples: 2750  dt: 4.000 ms
[13:19:14] [INFO ]   Depth:  0.0 m → 8247.0 m
[13:19:14] [INFO ]   Matching traces to navigation...
[13:19:14] [INFO ]   NAV line matched via translation: 'f1088stk02' -> '2'
[13:19:14] [INFO ]   Matched 678 / 678 traces
[13:19:14] [INFO ]   Bandpass filtering...
[13:19:15] [INFO ]   Computing seismic attributes...
[13:19:15] [INFO ]   Picking seafloor...
[13:19:15] [INFO ]   Seafloor depth: 4509–4674 m  (0 shallow traces masked)
[13:19:15] [INFO ]   Picking horizons...
[13:19:15] [INFO ]   Computing NCC coherence (slow)...
[13:19:15] [INFO ]   Saving CNN section image...
[13:19:15] [INFO ]   Saved: f1088stk02_section_cnn.png  (2700x1500px)
[13:19:15] [INFO ]   Step 1 complete
[13:19:15] [INFO ] 
[13:19:15] [INFO ] STEP 2 — Fault detection
[13:19:15] [INFO ]   Mode: averaged SA (5 runs per seed)
[13:19:15] [INFO ]   Averaging SA over 5 runs per seed (3 seeds)
[13:19:17] [INFO ]     Seed 1/3 trace 313: avg_prob=0.727 [PASS]
[13:19:18] [INFO ]     Seed 2/3 trace 590: avg_prob=0.729 [PASS]
[13:19:19] [INFO ]     Seed 3/3 trace 12: avg_prob=0.684 [PASS]
[13:19:19] [INFO ]   Detected 0 high-confidence faults
[13:19:19] [INFO ]   Step 2 complete
[13:19:19] [INFO ] 
[13:19:19] [INFO ] STEP 3 — Bounding boxes
[13:19:19] [INFO ]   Generated 0 boxes
[13:19:19] [INFO ]   Step 3 complete
[13:19:19] [INFO ] 
[13:19:19] [INFO ] STEP 4 — Dataset building
[13:19:19] [INFO ]   Saving labeled review image...
[13:19:19] [INFO ]   Saved: f1088stk02_labeled.png
[13:19:19] [INFO ]   Split: train
[13:19:19] [INFO ]   Added 0 annotations to train.json
[13:19:19] [INFO ]   train.json: 1 images, 0 annotations
[13:19:19] [INFO ]   val.json:   1 images,  0 annotations
[13:19:19] [INFO ]   Step 4 complete
[13:19:19] [INFO ] 
[13:19:19] [INFO ]   DONE  f1088stk02  →  train  |  0 faults  |  0 boxes
[13:19:19] [INFO ] 
[13:19:19] [INFO ] ──────────────────────────────────────────────────
[13:19:19] [INFO ]   LINE: f1088stk03
[13:19:19] [INFO ] ──────────────────────────────────────────────────
[13:19:19] [INFO ] Dataset  : namss.F-10-88-HW.mcs.airgun
[13:19:19] [INFO ] SGY      : ../../airgun_data/namss.F-10-88-HW.mcs.airgun/Data/f1088stk03.sgy
[13:19:19] [INFO ] NAV      : ../../airgun_data/namss.F-10-88-HW.mcs.airgun/Navigation/f-10-88-hw_NAV-WGS84.csv
[13:19:19] [INFO ] SA mode  : averaged 5x 
[13:19:19] [INFO ] 
[13:19:19] [INFO ] STEP 1 — Feature extraction
[13:19:19] [INFO ]   Loading navigation...
[13:19:19] [INFO ]   Loading SEG-Y...
[13:19:19] [INFO ]   Traces: 4688  Samples: 2750  dt: 4.000 ms
[13:19:19] [INFO ]   Depth:  0.0 m → 8247.0 m
[13:19:19] [INFO ]   Matching traces to navigation...
[13:19:19] [INFO ]   NAV line matched via translation: 'f1088stk03' -> '3'
[13:19:20] [INFO ]   Matched 4688 / 4688 traces
[13:19:20] [INFO ]   Bandpass filtering...
[13:19:20] [INFO ]   Computing seismic attributes...
[13:19:21] [INFO ]   Picking seafloor...
[13:19:21] [INFO ]   Seafloor depth: 0–5025 m  (62 shallow traces masked)
[13:19:21] [INFO ]   Picking horizons...
[13:19:21] [INFO ]   Computing NCC coherence (slow)...
[13:19:22] [INFO ]   Saving CNN section image...
[13:19:23] [INFO ]   Saved: f1088stk03_section_cnn.png  (2700x1500px)
[13:19:23] [INFO ]   Step 1 complete
[13:19:23] [INFO ] 
[13:19:23] [INFO ] STEP 2 — Fault detection
[13:19:23] [INFO ]   Mode: averaged SA (5 runs per seed)
[13:19:25] [INFO ]   Averaging SA over 5 runs per seed (12 seeds)
[13:19:26] [INFO ]     Seed 1/12 trace 79: avg_prob=0.709 [PASS]
[13:19:28] [INFO ]     Seed 2/12 trace 1417: avg_prob=0.679 [PASS]
[13:19:29] [INFO ]     Seed 3/12 trace 1932: avg_prob=0.594 [PASS]
[13:19:30] [INFO ]     Seed 4/12 trace 485: avg_prob=0.703 [PASS]
[13:19:32] [INFO ]     Seed 5/12 trace 943: avg_prob=0.690 [PASS]
[13:19:33] [INFO ]     Seed 6/12 trace 2174: avg_prob=0.687 [PASS]
[13:19:34] [INFO ]     Seed 7/12 trace 2655: avg_prob=0.670 [PASS]
[13:19:36] [INFO ]     Seed 8/12 trace 4508: avg_prob=0.671 [PASS]
[13:19:37] [INFO ]     Seed 9/12 trace 1694: avg_prob=0.643 [PASS]
[13:19:38] [INFO ]     Seed 10/12 trace 2963: avg_prob=0.651 [PASS]
[13:19:39] [INFO ]     Seed 11/12 trace 4043: avg_prob=0.655 [PASS]
[13:19:41] [INFO ]     Seed 12/12 trace 3717: avg_prob=0.648 [PASS]
[13:19:41] [INFO ]   Detected 0 high-confidence faults
[13:19:41] [INFO ]   Step 2 complete
[13:19:41] [INFO ] 
[13:19:41] [INFO ] STEP 3 — Bounding boxes
[13:19:41] [INFO ]   Generated 0 boxes
[13:19:41] [INFO ]   Step 3 complete
[13:19:41] [INFO ] 
[13:19:41] [INFO ] STEP 4 — Dataset building
[13:19:41] [INFO ]   Saving labeled review image...
[13:19:41] [INFO ]   Saved: f1088stk03_labeled.png
[13:19:41] [INFO ]   Split: train
[13:19:41] [INFO ]   Added 0 annotations to train.json
[13:19:41] [INFO ]   train.json: 2 images, 0 annotations
[13:19:41] [INFO ]   val.json:   1 images,  0 annotations
[13:19:41] [INFO ]   Step 4 complete
[13:19:41] [INFO ] 
[13:19:41] [INFO ]   DONE  f1088stk03  →  train  |  0 faults  |  0 boxes
[13:19:41] [INFO ] 
[13:19:41] [INFO ] ──────────────────────────────────────────────────
[13:19:41] [INFO ]   LINE: f1088stk04
[13:19:41] [INFO ] ──────────────────────────────────────────────────
[13:19:41] [INFO ] Dataset  : namss.F-10-88-HW.mcs.airgun
[13:19:41] [INFO ] SGY      : ../../airgun_data/namss.F-10-88-HW.mcs.airgun/Data/f1088stk04.sgy
[13:19:41] [INFO ] NAV      : ../../airgun_data/namss.F-10-88-HW.mcs.airgun/Navigation/f-10-88-hw_NAV-WGS84.csv
[13:19:41] [INFO ] SA mode  : averaged 5x 
[13:19:41] [INFO ] 
[13:19:41] [INFO ] STEP 1 — Feature extraction
[13:19:41] [INFO ]   Loading navigation...
[13:19:41] [INFO ]   Loading SEG-Y...
[13:19:41] [INFO ]   Traces: 572  Samples: 2750  dt: 4.000 ms
[13:19:41] [INFO ]   Depth:  0.0 m → 8247.0 m
[13:19:41] [INFO ]   Matching traces to navigation...
[13:19:41] [INFO ]   NAV line matched via translation: 'f1088stk04' -> '4'
[13:19:41] [INFO ]   Matched 572 / 572 traces
[13:19:41] [INFO ]   Bandpass filtering...
[13:19:41] [INFO ]   Computing seismic attributes...
[13:19:41] [INFO ]   Picking seafloor...
[13:19:41] [INFO ]   Seafloor depth: 4854–5061 m  (0 shallow traces masked)
[13:19:41] [INFO ]   Picking horizons...
[13:19:41] [INFO ]   Computing NCC coherence (slow)...
[13:19:41] [INFO ]   Saving CNN section image...
[13:19:41] [INFO ]   Saved: f1088stk04_section_cnn.png  (2700x1500px)
[13:19:41] [INFO ]   Step 1 complete
[13:19:41] [INFO ] 
[13:19:41] [INFO ] STEP 2 — Fault detection
[13:19:41] [INFO ]   Mode: averaged SA (5 runs per seed)
[13:19:42] [INFO ]   Averaging SA over 5 runs per seed (2 seeds)
[13:19:43] [INFO ]     Seed 1/2 trace 420: avg_prob=0.726 [PASS]
[13:19:44] [INFO ]     Seed 2/2 trace 186: avg_prob=0.742 [PASS]
[13:19:44] [INFO ]   Detected 0 high-confidence faults
[13:19:44] [INFO ]   Step 2 complete
[13:19:44] [INFO ] 
[13:19:44] [INFO ] STEP 3 — Bounding boxes
[13:19:44] [INFO ]   Generated 0 boxes
[13:19:44] [INFO ]   Step 3 complete
[13:19:44] [INFO ] 
[13:19:44] [INFO ] STEP 4 — Dataset building
[13:19:44] [INFO ]   Saving labeled review image...
[13:19:44] [INFO ]   Saved: f1088stk04_labeled.png
[13:19:44] [INFO ]   Split: train
[13:19:44] [INFO ]   Added 0 annotations to train.json
[13:19:44] [INFO ]   train.json: 3 images, 0 annotations
[13:19:44] [INFO ]   val.json:   1 images,  0 annotations
[13:19:44] [INFO ]   Step 4 complete
[13:19:44] [INFO ] 
[13:19:44] [INFO ]   DONE  f1088stk04  →  train  |  0 faults  |  0 boxes
[13:19:44] [INFO ] 
[13:19:44] [INFO ] ──────────────────────────────────────────────────
[13:19:44] [INFO ]   LINE: f1088stk05
[13:19:44] [INFO ] ──────────────────────────────────────────────────
[13:19:44] [INFO ] Dataset  : namss.F-10-88-HW.mcs.airgun
[13:19:44] [INFO ] SGY      : ../../airgun_data/namss.F-10-88-HW.mcs.airgun/Data/f1088stk05.sgy
[13:19:44] [INFO ] NAV      : ../../airgun_data/namss.F-10-88-HW.mcs.airgun/Navigation/f-10-88-hw_NAV-WGS84.csv
[13:19:44] [INFO ] SA mode  : averaged 5x 
[13:19:44] [INFO ] 
[13:19:44] [INFO ] STEP 1 — Feature extraction
[13:19:44] [INFO ]   Loading navigation...
[13:19:44] [INFO ]   Loading SEG-Y...
[13:19:45] [INFO ]   Traces: 4317  Samples: 2750  dt: 4.000 ms
[13:19:45] [INFO ]   Depth:  0.0 m → 8247.0 m
[13:19:45] [INFO ]   Matching traces to navigation...
[13:19:45] [INFO ]   NAV line matched via translation: 'f1088stk05' -> '5'
[13:19:45] [INFO ]   Matched 4317 / 4317 traces
[13:19:45] [INFO ]   Bandpass filtering...
[13:19:45] [INFO ]   Computing seismic attributes...
[13:19:46] [INFO ]   Picking seafloor...
[13:19:46] [INFO ]   Seafloor depth: 0–5139 m  (120 shallow traces masked)
[13:19:46] [INFO ]   Picking horizons...
[13:19:46] [INFO ]   Computing NCC coherence (slow)...
[13:19:47] [INFO ]   Saving CNN section image...
[13:19:47] [INFO ]   Saved: f1088stk05_section_cnn.png  (2700x1500px)
[13:19:47] [INFO ]   Step 1 complete
[13:19:47] [INFO ] 
[13:19:47] [INFO ] STEP 2 — Fault detection
[13:19:47] [INFO ]   Mode: averaged SA (5 runs per seed)
[13:19:50] [INFO ]   Averaging SA over 5 runs per seed (13 seeds)
[13:19:51] [INFO ]     Seed 1/13 trace 1151: avg_prob=0.706 [PASS]
[13:19:52] [INFO ]     Seed 2/13 trace 3589: avg_prob=0.627 [PASS]
[13:19:53] [INFO ]     Seed 3/13 trace 3215: avg_prob=0.724 [PASS]
[13:19:55] [INFO ]     Seed 4/13 trace 1581: avg_prob=0.656 [PASS]
[13:19:56] [INFO ]     Seed 5/13 trace 4280: avg_prob=0.657 [PASS]
[13:19:57] [INFO ]     Seed 6/13 trace 2401: avg_prob=0.700 [PASS]
[13:19:58] [INFO ]     Seed 7/13 trace 3822: avg_prob=0.697 [PASS]
[13:20:00] [INFO ]     Seed 8/13 trace 2140: avg_prob=0.669 [PASS]
[13:20:01] [INFO ]     Seed 9/13 trace 1365: avg_prob=0.688 [PASS]
[13:20:02] [INFO ]     Seed 10/13 trace 2992: avg_prob=0.670 [PASS]
[13:20:03] [INFO ]     Seed 11/13 trace 385: avg_prob=0.663 [PASS]
[13:20:05] [INFO ]     Seed 12/13 trace 150: avg_prob=0.699 [PASS]
[13:20:06] [INFO ]     Seed 13/13 trace 640: avg_prob=0.663 [PASS]
[13:20:06] [INFO ]   Detected 0 high-confidence faults
[13:20:06] [INFO ]   Step 2 complete
[13:20:06] [INFO ] 
[13:20:06] [INFO ] STEP 3 — Bounding boxes
[13:20:06] [INFO ]   Generated 0 boxes
[13:20:06] [INFO ]   Step 3 complete
[13:20:06] [INFO ] 
[13:20:06] [INFO ] STEP 4 — Dataset building
[13:20:06] [INFO ]   Saving labeled review image...
[13:20:06] [INFO ]   Saved: f1088stk05_labeled.png
[13:20:06] [INFO ]   Split: train
[13:20:06] [INFO ]   Added 0 annotations to train.json
[13:20:06] [INFO ]   train.json: 4 images, 0 annotations
[13:20:06] [INFO ]   val.json:   1 images,  0 annotations
[13:20:06] [INFO ]   Step 4 complete
[13:20:06] [INFO ] 
[13:20:06] [INFO ]   DONE  f1088stk05  →  train  |  0 faults  |  0 boxes
[13:20:06] [INFO ] 
[13:20:06] [INFO ] ──────────────────────────────────────────────────
[13:20:06] [INFO ]   LINE: f1088stk06
[13:20:06] [INFO ] ──────────────────────────────────────────────────
[13:20:06] [INFO ] Dataset  : namss.F-10-88-HW.mcs.airgun
[13:20:06] [INFO ] SGY      : ../../airgun_data/namss.F-10-88-HW.mcs.airgun/Data/f1088stk06.sgy
[13:20:06] [INFO ] NAV      : ../../airgun_data/namss.F-10-88-HW.mcs.airgun/Navigation/f-10-88-hw_NAV-WGS84.csv
[13:20:06] [INFO ] SA mode  : averaged 5x 
[13:20:06] [INFO ] 
[13:20:06] [INFO ] STEP 1 — Feature extraction
[13:20:06] [INFO ]   Loading navigation...
[13:20:06] [INFO ]   Loading SEG-Y...
[13:20:06] [INFO ]   Traces: 2473  Samples: 2750  dt: 4.000 ms
[13:20:06] [INFO ]   Depth:  0.0 m → 8247.0 m
[13:20:06] [INFO ]   Matching traces to navigation...
[13:20:06] [INFO ]   NAV line matched via translation: 'f1088stk06' -> '6'
[13:20:07] [INFO ]   Matched 2473 / 2473 traces
[13:20:07] [INFO ]   Bandpass filtering...
[13:20:07] [INFO ]   Computing seismic attributes...
[13:20:07] [INFO ]   Picking seafloor...
[13:20:07] [INFO ]   Seafloor depth: 0–4830 m  (874 shallow traces masked)
[13:20:07] [INFO ]   Picking horizons...
[13:20:07] [INFO ]   Computing NCC coherence (slow)...
[13:20:07] [INFO ]   Saving CNN section image...
[13:20:08] [INFO ]   Saved: f1088stk06_section_cnn.png  (2700x1500px)
[13:20:08] [INFO ]   Step 1 complete
[13:20:08] [INFO ] 
[13:20:08] [INFO ] STEP 2 — Fault detection
[13:20:08] [INFO ]   Mode: averaged SA (5 runs per seed)
[13:20:09] [INFO ]   Averaging SA over 5 runs per seed (6 seeds)
[13:20:10] [INFO ]     Seed 1/6 trace 1365: avg_prob=0.696 [PASS]
[13:20:11] [INFO ]     Seed 2/6 trace 36: avg_prob=0.704 [PASS]
[13:20:12] [INFO ]     Seed 3/6 trace 490: avg_prob=0.719 [PASS]
[13:20:13] [INFO ]     Seed 4/6 trace 1761: avg_prob=0.726 [PASS]
[13:20:15] [INFO ]     Seed 5/6 trace 269: avg_prob=0.713 [PASS]
[13:20:16] [INFO ]     Seed 6/6 trace 2145: avg_prob=0.674 [PASS]
[13:20:16] [INFO ]   Detected 0 high-confidence faults
[13:20:16] [INFO ]   Step 2 complete
[13:20:16] [INFO ] 
[13:20:16] [INFO ] STEP 3 — Bounding boxes
[13:20:16] [INFO ]   Generated 0 boxes
[13:20:16] [INFO ]   Step 3 complete
[13:20:16] [INFO ] 
[13:20:16] [INFO ] STEP 4 — Dataset building
[13:20:16] [INFO ]   Saving labeled review image...
[13:20:16] [INFO ]   Saved: f1088stk06_labeled.png
[13:20:16] [INFO ]   Split: val
[13:20:16] [INFO ]   Added 0 annotations to val.json
[13:20:16] [INFO ]   train.json: 4 images, 0 annotations
[13:20:16] [INFO ]   val.json:   2 images,  0 annotations
[13:20:16] [INFO ]   Step 4 complete
[13:20:16] [INFO ] 
[13:20:16] [INFO ]   DONE  f1088stk06  →  val  |  0 faults  |  0 boxes
[13:20:16] [INFO ] 
[13:20:16] [INFO ] ──────────────────────────────────────────────────
[13:20:16] [INFO ]   LINE: f1088stk07
[13:20:16] [INFO ] ──────────────────────────────────────────────────
[13:20:16] [INFO ] Dataset  : namss.F-10-88-HW.mcs.airgun
[13:20:16] [INFO ] SGY      : ../../airgun_data/namss.F-10-88-HW.mcs.airgun/Data/f1088stk07.sgy
[13:20:16] [INFO ] NAV      : ../../airgun_data/namss.F-10-88-HW.mcs.airgun/Navigation/f-10-88-hw_NAV-WGS84.csv
[13:20:16] [INFO ] SA mode  : averaged 5x 
[13:20:16] [INFO ] 
[13:20:16] [INFO ] STEP 1 — Feature extraction
[13:20:16] [INFO ]   Loading navigation...
[13:20:16] [INFO ]   Loading SEG-Y...
[13:20:17] [INFO ]   Traces: 12754  Samples: 2750  dt: 4.000 ms
[13:20:17] [INFO ]   Depth:  0.0 m → 8247.0 m
[13:20:17] [INFO ]   Matching traces to navigation...
[13:20:17] [INFO ]   NAV line matched via translation: 'f1088stk07' -> '7'
[13:20:18] [INFO ]   Matched 12754 / 12754 traces
[13:20:18] [INFO ]   Bandpass filtering...
[13:20:18] [INFO ]   Computing seismic attributes...
[13:20:20] [INFO ]   Picking seafloor...
[13:20:21] [INFO ]   Seafloor depth: 3414–5475 m  (0 shallow traces masked)
[13:20:21] [INFO ]   Picking horizons...
[13:20:22] [INFO ]   Computing NCC coherence (slow)...
[13:20:23] [INFO ]   Saving CNN section image...
[13:20:25] [INFO ]   Saved: f1088stk07_section_cnn.png  (2700x1500px)
[13:20:25] [INFO ]   Step 1 complete
[13:20:25] [INFO ] 
[13:20:25] [INFO ] STEP 2 — Fault detection
[13:20:25] [INFO ]   Mode: averaged SA (5 runs per seed)
[13:20:33] [INFO ]   Averaging SA over 5 runs per seed (33 seeds)
[13:20:34] [INFO ]     Seed 1/33 trace 1419: avg_prob=0.738 [PASS]
[13:20:35] [INFO ]     Seed 2/33 trace 1961: avg_prob=0.695 [PASS]
[13:20:36] [INFO ]     Seed 3/33 trace 5347: avg_prob=0.708 [PASS]
[13:20:38] [INFO ]     Seed 4/33 trace 3395: avg_prob=0.635 [PASS]
[13:20:39] [INFO ]     Seed 5/33 trace 9787: avg_prob=0.707 [PASS]
[13:20:40] [INFO ]     Seed 6/33 trace 4210: avg_prob=0.693 [PASS]
[13:20:41] [INFO ]     Seed 7/33 trace 3724: avg_prob=0.681 [PASS]
[13:20:43] [INFO ]     Seed 8/33 trace 7732: avg_prob=0.727 [PASS]
[13:20:44] [INFO ]     Seed 9/33 trace 8051: avg_prob=0.687 [PASS]
[13:20:45] [INFO ]     Seed 10/33 trace 11898: avg_prob=0.663 [PASS]
[13:20:46] [INFO ]     Seed 11/33 trace 12331: avg_prob=0.707 [PASS]
[13:20:48] [INFO ]     Seed 12/33 trace 5047: avg_prob=0.702 [PASS]
[13:20:49] [INFO ]     Seed 13/33 trace 989: avg_prob=0.683 [PASS]
[13:20:50] [INFO ]     Seed 14/33 trace 4716: avg_prob=0.697 [PASS]
[13:20:51] [INFO ]     Seed 15/33 trace 12635: avg_prob=0.689 [PASS]
[13:20:53] [INFO ]     Seed 16/33 trace 695: avg_prob=0.702 [PASS]
[13:20:54] [INFO ]     Seed 17/33 trace 10396: avg_prob=0.719 [PASS]
[13:20:55] [INFO ]     Seed 18/33 trace 8377: avg_prob=0.710 [PASS]
[13:20:56] [INFO ]     Seed 19/33 trace 7356: avg_prob=0.713 [PASS]
[13:20:57] [INFO ]     Seed 20/33 trace 10074: avg_prob=0.680 [PASS]
[13:20:59] [INFO ]     Seed 21/33 trace 2795: avg_prob=0.680 [PASS]
[13:21:00] [INFO ]     Seed 22/33 trace 300: avg_prob=0.694 [PASS]
[13:21:01] [INFO ]     Seed 23/33 trace 9447: avg_prob=0.666 [PASS]
[13:21:02] [INFO ]     Seed 24/33 trace 2303: avg_prob=0.720 [PASS]
[13:21:04] [INFO ]     Seed 25/33 trace 5663: avg_prob=0.683 [PASS]
[13:21:05] [INFO ]     Seed 26/33 trace 7094: avg_prob=0.699 [PASS]
[13:21:06] [INFO ]     Seed 27/33 trace 10873: avg_prob=0.674 [PASS]
[13:21:07] [INFO ]     Seed 28/33 trace 8581: avg_prob=0.697 [PASS]
[13:21:08] [INFO ]     Seed 29/33 trace 6341: avg_prob=0.644 [PASS]
[13:21:10] [INFO ]     Seed 30/33 trace 11174: avg_prob=0.659 [PASS]
[13:21:11] [INFO ]     Seed 31/33 trace 4511: avg_prob=0.645 [PASS]
[13:21:12] [INFO ]     Seed 32/33 trace 6723: avg_prob=0.648 [PASS]
[13:21:13] [INFO ]     Seed 33/33 trace 11697: avg_prob=0.681 [PASS]
[13:21:13] [INFO ]   Detected 0 high-confidence faults
[13:21:13] [INFO ]   Step 2 complete
[13:21:13] [INFO ] 
[13:21:13] [INFO ] STEP 3 — Bounding boxes
[13:21:13] [INFO ]   Generated 0 boxes
[13:21:13] [INFO ]   Step 3 complete
[13:21:13] [INFO ] 
[13:21:13] [INFO ] STEP 4 — Dataset building
[13:21:13] [INFO ]   Saving labeled review image...
[13:21:14] [INFO ]   Saved: f1088stk07_labeled.png
[13:21:14] [INFO ]   Split: train
[13:21:14] [INFO ]   Added 0 annotations to train.json
[13:21:14] [INFO ]   train.json: 5 images, 0 annotations
[13:21:14] [INFO ]   val.json:   2 images,  0 annotations
[13:21:14] [INFO ]   Step 4 complete
[13:21:14] [INFO ] 
[13:21:14] [INFO ]   DONE  f1088stk07  →  train  |  0 faults  |  0 boxes
[13:21:14] [INFO ] 
[13:21:14] [INFO ] ──────────────────────────────────────────────────
[13:21:14] [INFO ]   LINE: f1088stk08
[13:21:14] [INFO ] ──────────────────────────────────────────────────
[13:21:14] [INFO ] Dataset  : namss.F-10-88-HW.mcs.airgun
[13:21:14] [INFO ] SGY      : ../../airgun_data/namss.F-10-88-HW.mcs.airgun/Data/f1088stk08.sgy
[13:21:14] [INFO ] NAV      : ../../airgun_data/namss.F-10-88-HW.mcs.airgun/Navigation/f-10-88-hw_NAV-WGS84.csv
[13:21:14] [INFO ] SA mode  : averaged 5x 
[13:21:14] [INFO ] 
[13:21:14] [INFO ] STEP 1 — Feature extraction
[13:21:14] [INFO ]   Loading navigation...
[13:21:14] [INFO ]   Loading SEG-Y...
[13:21:14] [INFO ]   Traces: 892  Samples: 2750  dt: 4.000 ms
[13:21:14] [INFO ]   Depth:  0.0 m → 8247.0 m
[13:21:14] [INFO ]   Matching traces to navigation...
[13:21:14] [INFO ]   NAV line matched via translation: 'f1088stk08' -> '8'
[13:21:14] [INFO ]   Matched 892 / 892 traces
[13:21:14] [INFO ]   Bandpass filtering...
[13:21:14] [INFO ]   Computing seismic attributes...
[13:21:14] [INFO ]   Picking seafloor...
[13:21:14] [INFO ]   Seafloor depth: 3534–5127 m  (0 shallow traces masked)
[13:21:14] [INFO ]   Picking horizons...
[13:21:14] [INFO ]   Computing NCC coherence (slow)...
[13:21:14] [INFO ]   Saving CNN section image...
[13:21:15] [INFO ]   Saved: f1088stk08_section_cnn.png  (2700x1500px)
[13:21:15] [INFO ]   Step 1 complete
[13:21:15] [INFO ] 
[13:21:15] [INFO ] STEP 2 — Fault detection
[13:21:15] [INFO ]   Mode: averaged SA (5 runs per seed)
[13:21:15] [INFO ]   Averaging SA over 5 runs per seed (3 seeds)
[13:21:16] [INFO ]     Seed 1/3 trace 855: avg_prob=0.745 [PASS]
[13:21:17] [INFO ]     Seed 2/3 trace 85: avg_prob=0.712 [PASS]
[13:21:19] [INFO ]     Seed 3/3 trace 452: avg_prob=0.686 [PASS]
[13:21:19] [INFO ]   Detected 0 high-confidence faults
[13:21:19] [INFO ]   Step 2 complete
[13:21:19] [INFO ] 
[13:21:19] [INFO ] STEP 3 — Bounding boxes
[13:21:19] [INFO ]   Generated 0 boxes
[13:21:19] [INFO ]   Step 3 complete
[13:21:19] [INFO ] 
[13:21:19] [INFO ] STEP 4 — Dataset building
[13:21:19] [INFO ]   Saving labeled review image...
[13:21:19] [INFO ]   Saved: f1088stk08_labeled.png
[13:21:19] [INFO ]   Split: train
[13:21:19] [INFO ]   Added 0 annotations to train.json
[13:21:19] [INFO ]   train.json: 6 images, 0 annotations
[13:21:19] [INFO ]   val.json:   2 images,  0 annotations
[13:21:19] [INFO ]   Step 4 complete
[13:21:19] [INFO ] 
[13:21:19] [INFO ]   DONE  f1088stk08  →  train  |  0 faults  |  0 boxes
[13:21:19] [INFO ] 
[13:21:19] [INFO ] ──────────────────────────────────────────────────
[13:21:19] [INFO ]   LINE: f1088stk09
[13:21:19] [INFO ] ──────────────────────────────────────────────────
[13:21:19] [INFO ] Dataset  : namss.F-10-88-HW.mcs.airgun
[13:21:19] [INFO ] SGY      : ../../airgun_data/namss.F-10-88-HW.mcs.airgun/Data/f1088stk09.sgy
[13:21:19] [INFO ] NAV      : ../../airgun_data/namss.F-10-88-HW.mcs.airgun/Navigation/f-10-88-hw_NAV-WGS84.csv
[13:21:19] [INFO ] SA mode  : averaged 5x 
[13:21:19] [INFO ] 
[13:21:19] [INFO ] STEP 1 — Feature extraction
[13:21:19] [INFO ]   Loading navigation...
[13:21:19] [INFO ]   Loading SEG-Y...
[13:21:19] [INFO ]   Traces: 13225  Samples: 2750  dt: 4.000 ms
[13:21:19] [INFO ]   Depth:  0.0 m → 8247.0 m
[13:21:19] [INFO ]   Matching traces to navigation...
[13:21:19] [INFO ]   NAV line matched via translation: 'f1088stk09' -> '9'
[13:21:20] [INFO ]   Matched 13225 / 13225 traces
[13:21:20] [INFO ]   Bandpass filtering...
[13:21:21] [INFO ]   Computing seismic attributes...
[13:21:23] [INFO ]   Picking seafloor...
[13:21:23] [INFO ]   Seafloor depth: 3246–5439 m  (0 shallow traces masked)
[13:21:23] [INFO ]   Picking horizons...
[13:21:24] [INFO ]   Computing NCC coherence (slow)...
[13:21:25] [INFO ]   Saving CNN section image...
[13:21:28] [INFO ]   Saved: f1088stk09_section_cnn.png  (2700x1500px)
[13:21:28] [INFO ]   Step 1 complete
[13:21:28] [INFO ] 
[13:21:28] [INFO ] STEP 2 — Fault detection
[13:21:28] [INFO ]   Mode: averaged SA (5 runs per seed)
[13:21:36] [INFO ]   Averaging SA over 5 runs per seed (36 seeds)
[13:21:37] [INFO ]     Seed 1/36 trace 12942: avg_prob=0.737 [PASS]
[13:21:39] [INFO ]     Seed 2/36 trace 9091: avg_prob=0.707 [PASS]
[13:21:40] [INFO ]     Seed 3/36 trace 821: avg_prob=0.660 [PASS]
[13:21:41] [INFO ]     Seed 4/36 trace 4839: avg_prob=0.723 [PASS]
[13:21:42] [INFO ]     Seed 5/36 trace 12088: avg_prob=0.688 [PASS]
[13:21:44] [INFO ]     Seed 6/36 trace 4265: avg_prob=0.702 [PASS]
[13:21:45] [INFO ]     Seed 7/36 trace 1889: avg_prob=0.703 [PASS]
[13:21:46] [INFO ]     Seed 8/36 trace 187: avg_prob=0.710 [PASS]
[13:21:47] [INFO ]     Seed 9/36 trace 7486: avg_prob=0.697 [PASS]
[13:21:49] [INFO ]     Seed 10/36 trace 9369: avg_prob=0.667 [PASS]
[13:21:50] [INFO ]     Seed 11/36 trace 8658: avg_prob=0.703 [PASS]
[13:21:51] [INFO ]     Seed 12/36 trace 3083: avg_prob=0.698 [PASS]
[13:21:52] [INFO ]     Seed 13/36 trace 595: avg_prob=0.717 [PASS]
[13:21:54] [INFO ]     Seed 14/36 trace 10834: avg_prob=0.688 [PASS]
[13:21:55] [INFO ]     Seed 15/36 trace 3407: avg_prob=0.694 [PASS]
[13:21:56] [INFO ]     Seed 16/36 trace 4054: avg_prob=0.683 [PASS]
[13:21:57] [INFO ]     Seed 17/36 trace 1456: avg_prob=0.706 [PASS]
[13:21:59] [INFO ]     Seed 18/36 trace 8119: avg_prob=0.707 [PASS]
[13:22:00] [INFO ]     Seed 19/36 trace 12398: avg_prob=0.647 [PASS]
[13:22:01] [INFO ]     Seed 20/36 trace 5119: avg_prob=0.695 [PASS]
[13:22:02] [INFO ]     Seed 21/36 trace 7797: avg_prob=0.696 [PASS]
[13:22:04] [INFO ]     Seed 22/36 trace 5385: avg_prob=0.680 [PASS]
[13:22:05] [INFO ]     Seed 23/36 trace 392: avg_prob=0.712 [PASS]
[13:22:06] [INFO ]     Seed 24/36 trace 3645: avg_prob=0.652 [PASS]
[13:22:07] [INFO ]     Seed 25/36 trace 1068: avg_prob=0.705 [PASS]
[13:22:09] [INFO ]     Seed 26/36 trace 11291: avg_prob=0.658 [PASS]
[13:22:10] [INFO ]     Seed 27/36 trace 2286: avg_prob=0.673 [PASS]
[13:22:11] [INFO ]     Seed 28/36 trace 2738: avg_prob=0.693 [PASS]
[13:22:12] [INFO ]     Seed 29/36 trace 11798: avg_prob=0.673 [PASS]
[13:22:14] [INFO ]     Seed 30/36 trace 11522: avg_prob=0.676 [PASS]
[13:22:15] [INFO ]     Seed 31/36 trace 5611: avg_prob=0.668 [PASS]
[13:22:16] [INFO ]     Seed 32/36 trace 6690: avg_prob=0.680 [PASS]
[13:22:17] [INFO ]     Seed 33/36 trace 6257: avg_prob=0.691 [PASS]
[13:22:19] [INFO ]     Seed 34/36 trace 4551: avg_prob=0.662 [PASS]
[13:22:20] [INFO ]     Seed 35/36 trace 7225: avg_prob=0.692 [PASS]
[13:22:21] [INFO ]     Seed 36/36 trace 5855: avg_prob=0.677 [PASS]
[13:22:21] [INFO ]   Detected 0 high-confidence faults
[13:22:21] [INFO ]   Step 2 complete
[13:22:21] [INFO ] 
[13:22:21] [INFO ] STEP 3 — Bounding boxes
[13:22:21] [INFO ]   Generated 0 boxes
[13:22:21] [INFO ]   Step 3 complete
[13:22:21] [INFO ] 
[13:22:21] [INFO ] STEP 4 — Dataset building
[13:22:21] [INFO ]   Saving labeled review image...
[13:22:21] [INFO ]   Saved: f1088stk09_labeled.png
[13:22:21] [INFO ]   Split: train
[13:22:21] [INFO ]   Added 0 annotations to train.json
[13:22:21] [INFO ]   train.json: 7 images, 0 annotations
[13:22:21] [INFO ]   val.json:   2 images,  0 annotations
[13:22:21] [INFO ]   Step 4 complete
[13:22:21] [INFO ] 
[13:22:21] [INFO ]   DONE  f1088stk09  →  train  |  0 faults  |  0 boxes
[13:22:21] [INFO ] 
[13:22:21] [INFO ] ──────────────────────────────────────────────────
[13:22:21] [INFO ]   LINE: f1088stk10
[13:22:21] [INFO ] ──────────────────────────────────────────────────
[13:22:21] [INFO ] Dataset  : namss.F-10-88-HW.mcs.airgun
[13:22:21] [INFO ] SGY      : ../../airgun_data/namss.F-10-88-HW.mcs.airgun/Data/f1088stk10.sgy
[13:22:21] [INFO ] NAV      : ../../airgun_data/namss.F-10-88-HW.mcs.airgun/Navigation/f-10-88-hw_NAV-WGS84.csv
[13:22:21] [INFO ] SA mode  : averaged 5x 
[13:22:21] [INFO ] 
[13:22:21] [INFO ] STEP 1 — Feature extraction
[13:22:21] [INFO ]   Loading navigation...
[13:22:21] [INFO ]   Loading SEG-Y...
[13:22:21] [INFO ]   Traces: 392  Samples: 2750  dt: 4.000 ms
[13:22:21] [INFO ]   Depth:  0.0 m → 8247.0 m
[13:22:21] [INFO ]   Matching traces to navigation...
[13:22:21] [INFO ]   NAV line matched via translation: 'f1088stk10' -> '10'
[13:22:21] [INFO ]   Matched 392 / 392 traces
[13:22:21] [INFO ]   Bandpass filtering...
[13:22:21] [INFO ]   Computing seismic attributes...
[13:22:21] [INFO ]   Picking seafloor...
[13:22:21] [INFO ]   Seafloor depth: 4014–4698 m  (0 shallow traces masked)
[13:22:21] [INFO ]   Picking horizons...
[13:22:22] [INFO ]   Computing NCC coherence (slow)...
[13:22:22] [INFO ]   Saving CNN section image...
[13:22:22] [INFO ]   Saved: f1088stk10_section_cnn.png  (2700x1500px)
[13:22:22] [INFO ]   Step 1 complete
[13:22:22] [INFO ] 
[13:22:22] [INFO ] STEP 2 — Fault detection
[13:22:22] [INFO ]   Mode: averaged SA (5 runs per seed)
[13:22:22] [INFO ]   Averaging SA over 5 runs per seed (1 seeds)
[13:22:23] [INFO ]     Seed 1/1 trace 47: avg_prob=0.723 [PASS]
[13:22:23] [INFO ]   Detected 0 high-confidence faults
[13:22:23] [INFO ]   Step 2 complete
[13:22:23] [INFO ] 
[13:22:23] [INFO ] STEP 3 — Bounding boxes
[13:22:23] [INFO ]   Generated 0 boxes
[13:22:23] [INFO ]   Step 3 complete
[13:22:23] [INFO ] 
[13:22:23] [INFO ] STEP 4 — Dataset building
[13:22:23] [INFO ]   Saving labeled review image...
[13:22:23] [INFO ]   Saved: f1088stk10_labeled.png
[13:22:23] [INFO ]   Split: train
[13:22:23] [INFO ]   Added 0 annotations to train.json
[13:22:23] [INFO ]   train.json: 8 images, 0 annotations
[13:22:23] [INFO ]   val.json:   2 images,  0 annotations
[13:22:23] [INFO ]   Step 4 complete
[13:22:23] [INFO ] 
[13:22:23] [INFO ]   DONE  f1088stk10  →  train  |  0 faults  |  0 boxes
[13:22:23] [INFO ] 
[13:22:23] [INFO ] ──────────────────────────────────────────────────
[13:22:23] [INFO ]   LINE: f1088stk11
[13:22:23] [INFO ] ──────────────────────────────────────────────────
[13:22:23] [INFO ] Dataset  : namss.F-10-88-HW.mcs.airgun
[13:22:23] [INFO ] SGY      : ../../airgun_data/namss.F-10-88-HW.mcs.airgun/Data/f1088stk11.sgy
[13:22:23] [INFO ] NAV      : ../../airgun_data/namss.F-10-88-HW.mcs.airgun/Navigation/f-10-88-hw_NAV-WGS84.csv
[13:22:23] [INFO ] SA mode  : averaged 5x 
[13:22:23] [INFO ] 
[13:22:23] [INFO ] STEP 1 — Feature extraction
[13:22:23] [INFO ]   Loading navigation...
[13:22:24] [INFO ]   Loading SEG-Y...
[13:22:24] [INFO ]   Traces: 13529  Samples: 2750  dt: 4.000 ms
[13:22:24] [INFO ]   Depth:  0.0 m → 8247.0 m
[13:22:24] [INFO ]   Matching traces to navigation...
[13:22:24] [INFO ]   NAV line matched via translation: 'f1088stk11' -> '11'
[13:22:25] [INFO ]   Matched 13529 / 13529 traces
[13:22:25] [INFO ]   Bandpass filtering...
[13:22:26] [INFO ]   Computing seismic attributes...
[13:22:27] [INFO ]   Picking seafloor...
[13:22:28] [INFO ]   Seafloor depth: 3417–5313 m  (0 shallow traces masked)
[13:22:28] [INFO ]   Picking horizons...
[13:22:29] [INFO ]   Computing NCC coherence (slow)...
[13:22:30] [INFO ]   Saving CNN section image...
[13:22:33] [INFO ]   Saved: f1088stk11_section_cnn.png  (2700x1500px)
[13:22:33] [INFO ]   Step 1 complete
[13:22:33] [INFO ] 
[13:22:33] [INFO ] STEP 2 — Fault detection
[13:22:33] [INFO ]   Mode: averaged SA (5 runs per seed)
[13:22:41] [INFO ]   Averaging SA over 5 runs per seed (40 seeds)
[13:22:42] [INFO ]     Seed 1/40 trace 6676: avg_prob=0.729 [PASS]
[13:22:43] [INFO ]     Seed 2/40 trace 5664: avg_prob=0.600 [PASS]
[13:22:44] [INFO ]     Seed 3/40 trace 2827: avg_prob=0.714 [PASS]
[13:22:45] [INFO ]     Seed 4/40 trace 11129: avg_prob=0.694 [PASS]
[13:22:47] [INFO ]     Seed 5/40 trace 4602: avg_prob=0.653 [PASS]
[13:22:48] [INFO ]     Seed 6/40 trace 2621: avg_prob=0.686 [PASS]
[13:22:49] [INFO ]     Seed 7/40 trace 1052: avg_prob=0.708 [PASS]
[13:22:50] [INFO ]     Seed 8/40 trace 2237: avg_prob=0.666 [PASS]
[13:22:52] [INFO ]     Seed 9/40 trace 8697: avg_prob=0.690 [PASS]
[13:22:53] [INFO ]     Seed 10/40 trace 13260: avg_prob=0.708 [PASS]
[13:22:54] [INFO ]     Seed 11/40 trace 4850: avg_prob=0.636 [PASS]
[13:22:55] [INFO ]     Seed 12/40 trace 5061: avg_prob=0.686 [PASS]
[13:22:56] [INFO ]     Seed 13/40 trace 9152: avg_prob=0.651 [PASS]
[13:22:58] [INFO ]     Seed 14/40 trace 6017: avg_prob=0.674 [PASS]
[13:22:59] [INFO ]     Seed 15/40 trace 4242: avg_prob=0.676 [PASS]
[13:23:00] [INFO ]     Seed 16/40 trace 9768: avg_prob=0.675 [PASS]
[13:23:01] [INFO ]     Seed 17/40 trace 10829: avg_prob=0.693 [PASS]
[13:23:03] [INFO ]     Seed 18/40 trace 10236: avg_prob=0.617 [PASS]
[13:23:04] [INFO ]     Seed 19/40 trace 1370: avg_prob=0.682 [PASS]
[13:23:05] [INFO ]     Seed 20/40 trace 10588: avg_prob=0.664 [PASS]
[13:23:06] [INFO ]     Seed 21/40 trace 9409: avg_prob=0.668 [PASS]
[13:23:08] [INFO ]     Seed 22/40 trace 8940: avg_prob=0.675 [PASS]
[13:23:09] [INFO ]     Seed 23/40 trace 10016: avg_prob=0.681 [PASS]
[13:23:10] [INFO ]     Seed 24/40 trace 12253: avg_prob=0.658 [PASS]
[13:23:11] [INFO ]     Seed 25/40 trace 7050: avg_prob=0.664 [PASS]
[13:23:13] [INFO ]     Seed 26/40 trace 692: avg_prob=0.624 [PASS]
[13:23:14] [INFO ]     Seed 27/40 trace 2004: avg_prob=0.645 [PASS]
[13:23:15] [INFO ]     Seed 28/40 trace 11934: avg_prob=0.658 [PASS]
[13:23:16] [INFO ]     Seed 29/40 trace 8232: avg_prob=0.654 [PASS]
[13:23:18] [INFO ]     Seed 30/40 trace 6232: avg_prob=0.669 [PASS]
[13:23:19] [INFO ]     Seed 31/40 trace 7645: avg_prob=0.661 [PASS]
[13:23:20] [INFO ]     Seed 32/40 trace 7398: avg_prob=0.664 [PASS]
[13:23:21] [INFO ]     Seed 33/40 trace 1761: avg_prob=0.644 [PASS]
[13:23:22] [INFO ]     Seed 34/40 trace 12991: avg_prob=0.661 [PASS]
[13:23:24] [INFO ]     Seed 35/40 trace 7989: avg_prob=0.667 [PASS]
[13:23:25] [INFO ]     Seed 36/40 trace 8460: avg_prob=0.646 [PASS]
[13:23:26] [INFO ]     Seed 37/40 trace 5425: avg_prob=0.651 [PASS]
[13:23:27] [INFO ]     Seed 38/40 trace 3085: avg_prob=0.632 [PASS]
[13:23:29] [INFO ]     Seed 39/40 trace 13480: avg_prob=0.632 [PASS]
[13:23:30] [INFO ]     Seed 40/40 trace 11385: avg_prob=0.635 [PASS]
[13:23:30] [INFO ]   Detected 0 high-confidence faults
[13:23:30] [INFO ]   Step 2 complete
[13:23:30] [INFO ] 
[13:23:30] [INFO ] STEP 3 — Bounding boxes
[13:23:30] [INFO ]   Generated 0 boxes
[13:23:30] [INFO ]   Step 3 complete
[13:23:30] [INFO ] 
[13:23:30] [INFO ] STEP 4 — Dataset building
[13:23:30] [INFO ]   Saving labeled review image...
[13:23:30] [INFO ]   Saved: f1088stk11_labeled.png
[13:23:30] [INFO ]   Split: val
[13:23:30] [INFO ]   Added 0 annotations to val.json
[13:23:30] [INFO ]   train.json: 8 images, 0 annotations
[13:23:30] [INFO ]   val.json:   3 images,  0 annotations
[13:23:30] [INFO ]   Step 4 complete
[13:23:30] [INFO ] 
[13:23:30] [INFO ]   DONE  f1088stk11  →  val  |  0 faults  |  0 boxes
[13:23:30] [INFO ] 
[13:23:30] [INFO ] ──────────────────────────────────────────────────
[13:23:30] [INFO ]   LINE: f1088stk12
[13:23:30] [INFO ] ──────────────────────────────────────────────────
[13:23:30] [INFO ] Dataset  : namss.F-10-88-HW.mcs.airgun
[13:23:30] [INFO ] SGY      : ../../airgun_data/namss.F-10-88-HW.mcs.airgun/Data/f1088stk12.sgy
[13:23:30] [INFO ] NAV      : ../../airgun_data/namss.F-10-88-HW.mcs.airgun/Navigation/f-10-88-hw_NAV-WGS84.csv
[13:23:30] [INFO ] SA mode  : averaged 5x 
[13:23:30] [INFO ] 
[13:23:30] [INFO ] STEP 1 — Feature extraction
[13:23:30] [INFO ]   Loading navigation...
[13:23:30] [INFO ]   Loading SEG-Y...
[13:23:31] [INFO ]   Traces: 13248  Samples: 2750  dt: 4.000 ms
[13:23:31] [INFO ]   Depth:  0.0 m → 8247.0 m
[13:23:31] [INFO ]   Matching traces to navigation...
[13:23:31] [INFO ]   NAV line matched via translation: 'f1088stk12' -> '12'
[13:23:31] [INFO ]   Matched 698 / 13248 traces
[13:23:31] [INFO ]   Bandpass filtering...
[13:23:31] [INFO ]   Computing seismic attributes...
[13:23:31] [INFO ]   Picking seafloor...
[13:23:32] [INFO ]   Seafloor depth: 4746–4866 m  (0 shallow traces masked)
[13:23:32] [INFO ]   Picking horizons...
[13:23:32] [INFO ]   Computing NCC coherence (slow)...
[13:23:32] [INFO ]   Saving CNN section image...
[13:23:32] [INFO ]   Saved: f1088stk12_section_cnn.png  (2700x1500px)
[13:23:32] [INFO ]   Step 1 complete
[13:23:32] [INFO ] 
[13:23:32] [INFO ] STEP 2 — Fault detection
[13:23:32] [INFO ]   Mode: averaged SA (5 runs per seed)
[13:23:32] [INFO ]   Averaging SA over 5 runs per seed (4 seeds)
[13:23:33] [INFO ]     Seed 1/4 trace 449: avg_prob=0.755 [PASS]
[13:23:35] [INFO ]     Seed 2/4 trace 235: avg_prob=0.718 [PASS]
[13:23:36] [INFO ]     Seed 3/4 trace 11: avg_prob=0.689 [PASS]
[13:23:37] [INFO ]     Seed 4/4 trace 665: avg_prob=0.719 [PASS]
[13:23:37] [INFO ]   Detected 1 high-confidence faults
[13:23:37] [INFO ]     Fault  1 | trace ~  453 | prob=0.755
[13:23:37] [INFO ]   Step 2 complete
[13:23:37] [INFO ] 
[13:23:37] [INFO ] STEP 3 — Bounding boxes
[13:23:37] [INFO ]   Box  1 | [1395, 868, 684w, 128h px]
[13:23:37] [INFO ]   Generated 1 boxes
[13:23:37] [INFO ]   Step 3 complete
[13:23:37] [INFO ] 
[13:23:37] [INFO ] STEP 4 — Dataset building
[13:23:37] [INFO ]   Saving labeled review image...
[13:23:37] [INFO ]   Saved: f1088stk12_labeled.png
[13:23:37] [INFO ]   Split: train
[13:23:37] [INFO ]   Added 1 annotations to train.json
[13:23:37] [INFO ]   train.json: 9 images, 1 annotations
[13:23:37] [INFO ]   val.json:   3 images,  0 annotations
[13:23:37] [INFO ]   Step 4 complete
[13:23:37] [INFO ] 
[13:23:37] [INFO ]   DONE  f1088stk12  →  train  |  1 faults  |  1 boxes
[13:23:37] [INFO ] 
[13:23:37] [INFO ] ──────────────────────────────────────────────────
[13:23:37] [INFO ]   LINE: f1088stk13
[13:23:37] [INFO ] ──────────────────────────────────────────────────
[13:23:37] [INFO ] Dataset  : namss.F-10-88-HW.mcs.airgun
[13:23:37] [INFO ] SGY      : ../../airgun_data/namss.F-10-88-HW.mcs.airgun/Data/f1088stk13.sgy
[13:23:37] [INFO ] NAV      : ../../airgun_data/namss.F-10-88-HW.mcs.airgun/Navigation/f-10-88-hw_NAV-WGS84.csv
[13:23:37] [INFO ] SA mode  : averaged 5x 
[13:23:37] [INFO ] 
[13:23:37] [INFO ] STEP 1 — Feature extraction
[13:23:37] [INFO ]   Loading navigation...
[13:23:37] [INFO ]   Loading SEG-Y...
[13:23:38] [INFO ]   Traces: 13529  Samples: 2750  dt: 4.000 ms
[13:23:38] [INFO ]   Depth:  0.0 m → 8247.0 m
[13:23:38] [INFO ]   Matching traces to navigation...
[13:23:38] [INFO ]   NAV line matched via translation: 'f1088stk13' -> '13'
[13:23:39] [INFO ]   Matched 13248 / 13529 traces
[13:23:39] [INFO ]   Bandpass filtering...
[13:23:39] [INFO ]   Computing seismic attributes...
[13:23:41] [INFO ]   Picking seafloor...
[13:23:42] [INFO ]   Seafloor depth: 3924–4920 m  (0 shallow traces masked)
[13:23:42] [INFO ]   Picking horizons...
[13:23:43] [INFO ]   Computing NCC coherence (slow)...
[13:23:44] [INFO ]   Saving CNN section image...
[13:23:46] [INFO ]   Saved: f1088stk13_section_cnn.png  (2700x1500px)
[13:23:46] [INFO ]   Step 1 complete
[13:23:46] [INFO ] 
[13:23:46] [INFO ] STEP 2 — Fault detection
[13:23:46] [INFO ]   Mode: averaged SA (5 runs per seed)
[13:23:53] [INFO ]   Averaging SA over 5 runs per seed (37 seeds)
[13:23:54] [INFO ]     Seed 1/37 trace 449: avg_prob=0.727 [PASS]
[13:23:55] [INFO ]     Seed 2/37 trace 11128: avg_prob=0.730 [PASS]
[13:23:56] [INFO ]     Seed 3/37 trace 2257: avg_prob=0.720 [PASS]
[13:23:58] [INFO ]     Seed 4/37 trace 9909: avg_prob=0.708 [PASS]
[13:23:59] [INFO ]     Seed 5/37 trace 8434: avg_prob=0.727 [PASS]
[13:24:00] [INFO ]     Seed 6/37 trace 9698: avg_prob=0.722 [PASS]
[13:24:01] [INFO ]     Seed 7/37 trace 8078: avg_prob=0.668 [PASS]
[13:24:03] [INFO ]     Seed 8/37 trace 13067: avg_prob=0.729 [PASS]
[13:24:04] [INFO ]     Seed 9/37 trace 965: avg_prob=0.716 [PASS]
[13:24:05] [INFO ]     Seed 10/37 trace 3481: avg_prob=0.732 [PASS]
[13:24:06] [INFO ]     Seed 11/37 trace 10828: avg_prob=0.719 [PASS]
[13:24:08] [INFO ]     Seed 12/37 trace 3092: avg_prob=0.714 [PASS]
[13:24:09] [INFO ]     Seed 13/37 trace 3814: avg_prob=0.636 [PASS]
[13:24:10] [INFO ]     Seed 14/37 trace 10112: avg_prob=0.717 [PASS]
[13:24:11] [INFO ]     Seed 15/37 trace 1974: avg_prob=0.723 [PASS]
[13:24:12] [INFO ]     Seed 16/37 trace 235: avg_prob=0.680 [PASS]
[13:24:14] [INFO ]     Seed 17/37 trace 2859: avg_prob=0.723 [PASS]
[13:24:15] [INFO ]     Seed 18/37 trace 4067: avg_prob=0.700 [PASS]
[13:24:16] [INFO ]     Seed 19/37 trace 10454: avg_prob=0.698 [PASS]
[13:24:17] [INFO ]     Seed 20/37 trace 11943: avg_prob=0.708 [PASS]
[13:24:19] [INFO ]     Seed 21/37 trace 11383: avg_prob=0.658 [PASS]
[13:24:20] [INFO ]     Seed 22/37 trace 11: avg_prob=0.681 [PASS]
[13:24:21] [INFO ]     Seed 23/37 trace 1351: avg_prob=0.686 [PASS]
[13:24:22] [INFO ]     Seed 24/37 trace 12847: avg_prob=0.686 [PASS]
[13:24:23] [INFO ]     Seed 25/37 trace 4886: avg_prob=0.687 [PASS]
[13:24:25] [INFO ]     Seed 26/37 trace 5907: avg_prob=0.682 [PASS]
[13:24:26] [INFO ]     Seed 27/37 trace 11654: avg_prob=0.699 [PASS]
[13:24:27] [INFO ]     Seed 28/37 trace 6592: avg_prob=0.679 [PASS]
[13:24:28] [INFO ]     Seed 29/37 trace 6808: avg_prob=0.706 [PASS]
[13:24:30] [INFO ]     Seed 30/37 trace 665: avg_prob=0.695 [PASS]
[13:24:31] [INFO ]     Seed 31/37 trace 4484: avg_prob=0.680 [PASS]
[13:24:32] [INFO ]     Seed 32/37 trace 8953: avg_prob=0.690 [PASS]
[13:24:33] [INFO ]     Seed 33/37 trace 12254: avg_prob=0.673 [PASS]
[13:24:34] [INFO ]     Seed 34/37 trace 7379: avg_prob=0.678 [PASS]
[13:24:36] [INFO ]     Seed 35/37 trace 5163: avg_prob=0.672 [PASS]
[13:24:37] [INFO ]     Seed 36/37 trace 6230: avg_prob=0.696 [PASS]
[13:24:38] [INFO ]     Seed 37/37 trace 9279: avg_prob=0.700 [PASS]
[13:24:38] [INFO ]   Detected 0 high-confidence faults
[13:24:38] [INFO ]   Step 2 complete
[13:24:38] [INFO ] 
[13:24:38] [INFO ] STEP 3 — Bounding boxes
[13:24:38] [INFO ]   Generated 0 boxes
[13:24:38] [INFO ]   Step 3 complete
[13:24:38] [INFO ] 
[13:24:38] [INFO ] STEP 4 — Dataset building
[13:24:38] [INFO ]   Saving labeled review image...
[13:24:38] [INFO ]   Saved: f1088stk13_labeled.png
[13:24:38] [INFO ]   Split: train
[13:24:38] [INFO ]   Added 0 annotations to train.json
[13:24:38] [INFO ]   train.json: 10 images, 1 annotations
[13:24:38] [INFO ]   val.json:   3 images,  0 annotations
[13:24:38] [INFO ]   Step 4 complete
[13:24:38] [INFO ] 
[13:24:38] [INFO ]   DONE  f1088stk13  →  train  |  0 faults  |  0 boxes
[13:24:38] [INFO ] 
[13:24:38] [INFO ] ──────────────────────────────────────────────────
[13:24:38] [INFO ]   LINE: f1088stk14
[13:24:38] [INFO ] ──────────────────────────────────────────────────
[13:24:38] [INFO ] Dataset  : namss.F-10-88-HW.mcs.airgun
[13:24:38] [INFO ] SGY      : ../../airgun_data/namss.F-10-88-HW.mcs.airgun/Data/f1088stk14.sgy
[13:24:38] [INFO ] NAV      : ../../airgun_data/namss.F-10-88-HW.mcs.airgun/Navigation/f-10-88-hw_NAV-WGS84.csv
[13:24:38] [INFO ] SA mode  : averaged 5x 
[13:24:38] [INFO ] 
[13:24:38] [INFO ] STEP 1 — Feature extraction
[13:24:38] [INFO ]   Loading navigation...
[13:24:38] [INFO ]   Loading SEG-Y...
[13:24:38] [INFO ]   Traces: 634  Samples: 2750  dt: 4.000 ms
[13:24:38] [INFO ]   Depth:  0.0 m → 8247.0 m
[13:24:38] [INFO ]   Matching traces to navigation...
[13:24:38] [INFO ]   NAV line matched via translation: 'f1088stk14' -> '14'
[13:24:38] [INFO ]   Matched 634 / 634 traces
[13:24:38] [INFO ]   Bandpass filtering...
[13:24:38] [INFO ]   Computing seismic attributes...
[13:24:39] [INFO ]   Picking seafloor...
[13:24:39] [INFO ]   Seafloor depth: 4686–4716 m  (0 shallow traces masked)
[13:24:39] [INFO ]   Picking horizons...
[13:24:39] [INFO ]   Computing NCC coherence (slow)...
[13:24:39] [INFO ]   Saving CNN section image...
[13:24:39] [INFO ]   Saved: f1088stk14_section_cnn.png  (2700x1500px)
[13:24:39] [INFO ]   Step 1 complete
[13:24:39] [INFO ] 
[13:24:39] [INFO ] STEP 2 — Fault detection
[13:24:39] [INFO ]   Mode: averaged SA (5 runs per seed)
[13:24:39] [INFO ]   Averaging SA over 5 runs per seed (1 seeds)
[13:24:40] [INFO ]     Seed 1/1 trace 137: avg_prob=0.634 [PASS]
[13:24:40] [INFO ]   Detected 0 high-confidence faults
[13:24:40] [INFO ]   Step 2 complete
[13:24:40] [INFO ] 
[13:24:40] [INFO ] STEP 3 — Bounding boxes
[13:24:40] [INFO ]   Generated 0 boxes
[13:24:40] [INFO ]   Step 3 complete
[13:24:40] [INFO ] 
[13:24:40] [INFO ] STEP 4 — Dataset building
[13:24:40] [INFO ]   Saving labeled review image...
[13:24:41] [INFO ]   Saved: f1088stk14_labeled.png
[13:24:41] [INFO ]   Split: train
[13:24:41] [INFO ]   Added 0 annotations to train.json
[13:24:41] [INFO ]   train.json: 11 images, 1 annotations
[13:24:41] [INFO ]   val.json:   3 images,  0 annotations
[13:24:41] [INFO ]   Step 4 complete
[13:24:41] [INFO ] 
[13:24:41] [INFO ]   DONE  f1088stk14  →  train  |  0 faults  |  0 boxes
[13:24:41] [INFO ] 
[13:24:41] [INFO ] ──────────────────────────────────────────────────
[13:24:41] [INFO ]   LINE: f1088stk15
[13:24:41] [INFO ] ──────────────────────────────────────────────────
[13:24:41] [INFO ] Dataset  : namss.F-10-88-HW.mcs.airgun
[13:24:41] [INFO ] SGY      : ../../airgun_data/namss.F-10-88-HW.mcs.airgun/Data/f1088stk15.sgy
[13:24:41] [INFO ] NAV      : ../../airgun_data/namss.F-10-88-HW.mcs.airgun/Navigation/f-10-88-hw_NAV-WGS84.csv
[13:24:41] [INFO ] SA mode  : averaged 5x 
[13:24:41] [INFO ] 
[13:24:41] [INFO ] STEP 1 — Feature extraction
[13:24:41] [INFO ]   Loading navigation...
[13:24:41] [INFO ]   Loading SEG-Y...
[13:24:41] [INFO ]   Traces: 10746  Samples: 2750  dt: 4.000 ms
[13:24:41] [INFO ]   Depth:  0.0 m → 8247.0 m
[13:24:41] [INFO ]   Matching traces to navigation...
[13:24:41] [INFO ]   NAV line matched via translation: 'f1088stk15' -> '15'
[13:24:42] [INFO ]   Matched 10746 / 10746 traces
[13:24:42] [INFO ]   Bandpass filtering...
[13:24:42] [INFO ]   Computing seismic attributes...
[13:24:44] [INFO ]   Picking seafloor...
[13:24:44] [INFO ]   Seafloor depth: 3684–4863 m  (0 shallow traces masked)
[13:24:44] [INFO ]   Picking horizons...
[13:24:45] [INFO ]   Computing NCC coherence (slow)...
[13:24:46] [INFO ]   Saving CNN section image...
[13:24:48] [INFO ]   Saved: f1088stk15_section_cnn.png  (2700x1500px)
[13:24:48] [INFO ]   Step 1 complete
[13:24:48] [INFO ] 
[13:24:48] [INFO ] STEP 2 — Fault detection
[13:24:48] [INFO ]   Mode: averaged SA (5 runs per seed)
[13:24:53] [INFO ]   Averaging SA over 5 runs per seed (29 seeds)
[13:24:55] [INFO ]     Seed 1/29 trace 3899: avg_prob=0.631 [PASS]
[13:24:56] [INFO ]     Seed 2/29 trace 1322: avg_prob=0.724 [PASS]
[13:24:57] [INFO ]     Seed 3/29 trace 3695: avg_prob=0.659 [PASS]
[13:24:58] [INFO ]     Seed 4/29 trace 10097: avg_prob=0.738 [PASS]
[13:24:59] [INFO ]     Seed 5/29 trace 5917: avg_prob=0.724 [PASS]
[13:25:01] [INFO ]     Seed 6/29 trace 7776: avg_prob=0.707 [PASS]
[13:25:02] [INFO ]     Seed 7/29 trace 1017: avg_prob=0.700 [PASS]
[13:25:03] [INFO ]     Seed 8/29 trace 1931: avg_prob=0.689 [PASS]
[13:25:04] [INFO ]     Seed 9/29 trace 10305: avg_prob=0.702 [PASS]
[13:25:06] [INFO ]     Seed 10/29 trace 5166: avg_prob=0.693 [PASS]
[13:25:07] [INFO ]     Seed 11/29 trace 9436: avg_prob=0.686 [PASS]
[13:25:08] [INFO ]     Seed 12/29 trace 10690: avg_prob=0.685 [PASS]
[13:25:09] [INFO ]     Seed 13/29 trace 6136: avg_prob=0.711 [PASS]
[13:25:11] [INFO ]     Seed 14/29 trace 6476: avg_prob=0.694 [PASS]
[13:25:12] [INFO ]     Seed 15/29 trace 6784: avg_prob=0.675 [PASS]
[13:25:13] [INFO ]     Seed 16/29 trace 7102: avg_prob=0.686 [PASS]
[13:25:14] [INFO ]     Seed 17/29 trace 7334: avg_prob=0.693 [PASS]
[13:25:16] [INFO ]     Seed 18/29 trace 3368: avg_prob=0.701 [PASS]
[13:25:17] [INFO ]     Seed 19/29 trace 8685: avg_prob=0.668 [PASS]
[13:25:18] [INFO ]     Seed 20/29 trace 4965: avg_prob=0.680 [PASS]
[13:25:19] [INFO ]     Seed 21/29 trace 9882: avg_prob=0.683 [PASS]
[13:25:20] [INFO ]     Seed 22/29 trace 9657: avg_prob=0.696 [PASS]
[13:25:22] [INFO ]     Seed 23/29 trace 7554: avg_prob=0.702 [PASS]
[13:25:23] [INFO ]     Seed 24/29 trace 8089: avg_prob=0.672 [PASS]
[13:25:24] [INFO ]     Seed 25/29 trace 4730: avg_prob=0.682 [PASS]
[13:25:25] [INFO ]     Seed 26/29 trace 8468: avg_prob=0.676 [PASS]
[13:25:27] [INFO ]     Seed 27/29 trace 2745: avg_prob=0.663 [PASS]
[13:25:28] [INFO ]     Seed 28/29 trace 5481: avg_prob=0.675 [PASS]
[13:25:29] [INFO ]     Seed 29/29 trace 1642: avg_prob=0.670 [PASS]
[13:25:29] [INFO ]   Detected 0 high-confidence faults
[13:25:29] [INFO ]   Step 2 complete
[13:25:29] [INFO ] 
[13:25:29] [INFO ] STEP 3 — Bounding boxes
[13:25:29] [INFO ]   Generated 0 boxes
[13:25:29] [INFO ]   Step 3 complete
[13:25:29] [INFO ] 
[13:25:29] [INFO ] STEP 4 — Dataset building
[13:25:29] [INFO ]   Saving labeled review image...
[13:25:29] [INFO ]   Saved: f1088stk15_labeled.png
[13:25:29] [INFO ]   Split: train
[13:25:29] [INFO ]   Added 0 annotations to train.json
[13:25:29] [INFO ]   train.json: 12 images, 1 annotations
[13:25:29] [INFO ]   val.json:   3 images,  0 annotations
[13:25:29] [INFO ]   Step 4 complete
[13:25:29] [INFO ] 
[13:25:29] [INFO ]   DONE  f1088stk15  →  train  |  0 faults  |  0 boxes
[13:25:29] [INFO ] 
[13:25:29] [INFO ] ──────────────────────────────────────────────────
[13:25:29] [INFO ]   LINE: f1088stk16
[13:25:29] [INFO ] ──────────────────────────────────────────────────
[13:25:29] [INFO ] Dataset  : namss.F-10-88-HW.mcs.airgun
[13:25:29] [INFO ] SGY      : ../../airgun_data/namss.F-10-88-HW.mcs.airgun/Data/f1088stk16.sgy
[13:25:29] [INFO ] NAV      : ../../airgun_data/namss.F-10-88-HW.mcs.airgun/Navigation/f-10-88-hw_NAV-WGS84.csv
[13:25:29] [INFO ] SA mode  : averaged 5x 
[13:25:29] [INFO ] 
[13:25:29] [INFO ] STEP 1 — Feature extraction
[13:25:29] [INFO ]   Loading navigation...
[13:25:29] [INFO ]   Loading SEG-Y...
[13:25:29] [INFO ]   Traces: 393  Samples: 2750  dt: 4.000 ms
[13:25:29] [INFO ]   Depth:  0.0 m → 8247.0 m
[13:25:29] [INFO ]   Matching traces to navigation...
[13:25:29] [INFO ]   NAV line matched via translation: 'f1088stk16' -> '16'
[13:25:29] [INFO ]   Matched 393 / 393 traces
[13:25:29] [INFO ]   Bandpass filtering...
[13:25:29] [INFO ]   Computing seismic attributes...
[13:25:29] [INFO ]   Picking seafloor...
[13:25:30] [INFO ]   Seafloor depth: 4401–4623 m  (0 shallow traces masked)
[13:25:30] [INFO ]   Picking horizons...
[13:25:30] [INFO ]   Computing NCC coherence (slow)...
[13:25:30] [INFO ]   Saving CNN section image...
[13:25:30] [INFO ]   Saved: f1088stk16_section_cnn.png  (2700x1500px)
[13:25:30] [INFO ]   Step 1 complete
[13:25:30] [INFO ] 
[13:25:30] [INFO ] STEP 2 — Fault detection
[13:25:30] [INFO ]   Mode: averaged SA (5 runs per seed)
[13:25:30] [INFO ]   Averaging SA over 5 runs per seed (2 seeds)
[13:25:31] [INFO ]     Seed 1/2 trace 169: avg_prob=0.757 [PASS]
[13:25:32] [INFO ]     Seed 2/2 trace 377: avg_prob=0.664 [PASS]
[13:25:32] [INFO ]   Detected 1 high-confidence faults
[13:25:32] [INFO ]     Fault  1 | trace ~  168 | prob=0.757
[13:25:32] [INFO ]   Step 2 complete
[13:25:32] [INFO ] 
[13:25:32] [INFO ] STEP 3 — Bounding boxes
[13:25:32] [INFO ]   Box  1 | [624, 802, 1074w, 128h px]
[13:25:32] [INFO ]   Generated 1 boxes
[13:25:32] [INFO ]   Step 3 complete
[13:25:32] [INFO ] 
[13:25:32] [INFO ] STEP 4 — Dataset building
[13:25:32] [INFO ]   Saving labeled review image...
[13:25:33] [INFO ]   Saved: f1088stk16_labeled.png
[13:25:33] [INFO ]   Split: val
[13:25:33] [INFO ]   Added 1 annotations to val.json
[13:25:33] [INFO ]   train.json: 12 images, 1 annotations
[13:25:33] [INFO ]   val.json:   4 images,  1 annotations
[13:25:33] [INFO ]   Step 4 complete
[13:25:33] [INFO ] 
[13:25:33] [INFO ]   DONE  f1088stk16  →  val  |  1 faults  |  1 boxes
[13:25:33] [INFO ] 
[13:25:33] [INFO ] ──────────────────────────────────────────────────
[13:25:33] [INFO ]   LINE: f1088stk17
[13:25:33] [INFO ] ──────────────────────────────────────────────────
[13:25:33] [INFO ] Dataset  : namss.F-10-88-HW.mcs.airgun
[13:25:33] [INFO ] SGY      : ../../airgun_data/namss.F-10-88-HW.mcs.airgun/Data/f1088stk17.sgy
[13:25:33] [INFO ] NAV      : ../../airgun_data/namss.F-10-88-HW.mcs.airgun/Navigation/f-10-88-hw_NAV-WGS84.csv
[13:25:33] [INFO ] SA mode  : averaged 5x 
[13:25:33] [INFO ] 
[13:25:33] [INFO ] STEP 1 — Feature extraction
[13:25:33] [INFO ]   Loading navigation...
[13:25:33] [INFO ]   Loading SEG-Y...
[13:25:33] [INFO ]   Traces: 10681  Samples: 2750  dt: 4.000 ms
[13:25:33] [INFO ]   Depth:  0.0 m → 8247.0 m
[13:25:33] [INFO ]   Matching traces to navigation...
[13:25:33] [INFO ]   NAV line matched via translation: 'f1088stk17' -> '17'
[13:25:34] [INFO ]   Matched 10681 / 10681 traces
[13:25:34] [INFO ]   Bandpass filtering...
[13:25:34] [INFO ]   Computing seismic attributes...
[13:25:36] [INFO ]   Picking seafloor...
[13:25:36] [INFO ]   Seafloor depth: 3531–4809 m  (0 shallow traces masked)
[13:25:36] [INFO ]   Picking horizons...
[13:25:37] [INFO ]   Computing NCC coherence (slow)...
[13:25:38] [INFO ]   Saving CNN section image...
[13:25:40] [INFO ]   Saved: f1088stk17_section_cnn.png  (2700x1500px)
[13:25:40] [INFO ]   Step 1 complete
[13:25:40] [INFO ] 
[13:25:40] [INFO ] STEP 2 — Fault detection
[13:25:40] [INFO ]   Mode: averaged SA (5 runs per seed)
[13:25:45] [INFO ]   Averaging SA over 5 runs per seed (22 seeds)
[13:25:46] [INFO ]     Seed 1/22 trace 2383: avg_prob=0.746 [PASS]
[13:25:48] [INFO ]     Seed 2/22 trace 3363: avg_prob=0.749 [PASS]
[13:25:49] [INFO ]     Seed 3/22 trace 2160: avg_prob=0.724 [PASS]
[13:25:50] [INFO ]     Seed 4/22 trace 6104: avg_prob=0.724 [PASS]
[13:25:51] [INFO ]     Seed 5/22 trace 2776: avg_prob=0.736 [PASS]
[13:25:53] [INFO ]     Seed 6/22 trace 8865: avg_prob=0.740 [PASS]
[13:25:54] [INFO ]     Seed 7/22 trace 559: avg_prob=0.733 [PASS]
[13:25:55] [INFO ]     Seed 8/22 trace 8341: avg_prob=0.719 [PASS]
[13:25:56] [INFO ]     Seed 9/22 trace 9559: avg_prob=0.724 [PASS]
[13:25:57] [INFO ]     Seed 10/22 trace 3605: avg_prob=0.712 [PASS]
[13:25:59] [INFO ]     Seed 11/22 trace 1105: avg_prob=0.699 [PASS]
[13:26:00] [INFO ]     Seed 12/22 trace 819: avg_prob=0.715 [PASS]
[13:26:01] [INFO ]     Seed 13/22 trace 9077: avg_prob=0.668 [PASS]
[13:26:02] [INFO ]     Seed 14/22 trace 1895: avg_prob=0.706 [PASS]
[13:26:04] [INFO ]     Seed 15/22 trace 10602: avg_prob=0.683 [PASS]
[13:26:05] [INFO ]     Seed 16/22 trace 146: avg_prob=0.695 [PASS]
[13:26:06] [INFO ]     Seed 17/22 trace 6526: avg_prob=0.696 [PASS]
[13:26:07] [INFO ]     Seed 18/22 trace 8087: avg_prob=0.675 [PASS]
[13:26:08] [INFO ]     Seed 19/22 trace 7606: avg_prob=0.693 [PASS]
[13:26:10] [INFO ]     Seed 20/22 trace 4827: avg_prob=0.665 [PASS]
[13:26:11] [INFO ]     Seed 21/22 trace 6326: avg_prob=0.687 [PASS]
[13:26:12] [INFO ]     Seed 22/22 trace 10265: avg_prob=0.673 [PASS]
[13:26:12] [INFO ]   Detected 0 high-confidence faults
[13:26:12] [INFO ]   Step 2 complete
[13:26:12] [INFO ] 
[13:26:12] [INFO ] STEP 3 — Bounding boxes
[13:26:12] [INFO ]   Generated 0 boxes
[13:26:12] [INFO ]   Step 3 complete
[13:26:12] [INFO ] 
[13:26:12] [INFO ] STEP 4 — Dataset building
[13:26:12] [INFO ]   Saving labeled review image...
[13:26:12] [INFO ]   Saved: f1088stk17_labeled.png
[13:26:12] [INFO ]   Split: train
[13:26:12] [INFO ]   Added 0 annotations to train.json
[13:26:12] [INFO ]   train.json: 13 images, 1 annotations
[13:26:12] [INFO ]   val.json:   4 images,  1 annotations
[13:26:12] [INFO ]   Step 4 complete
[13:26:12] [INFO ] 
[13:26:12] [INFO ]   DONE  f1088stk17  →  train  |  0 faults  |  0 boxes
[13:26:12] [INFO ] 
[13:26:12] [INFO ] ──────────────────────────────────────────────────
[13:26:12] [INFO ]   LINE: f1088stk18
[13:26:12] [INFO ] ──────────────────────────────────────────────────
[13:26:12] [INFO ] Dataset  : namss.F-10-88-HW.mcs.airgun
[13:26:12] [INFO ] SGY      : ../../airgun_data/namss.F-10-88-HW.mcs.airgun/Data/f1088stk18.sgy
[13:26:12] [INFO ] NAV      : ../../airgun_data/namss.F-10-88-HW.mcs.airgun/Navigation/f-10-88-hw_NAV-WGS84.csv
[13:26:12] [INFO ] SA mode  : averaged 5x 
[13:26:12] [INFO ] 
[13:26:12] [INFO ] STEP 1 — Feature extraction
[13:26:12] [INFO ]   Loading navigation...
[13:26:12] [INFO ]   Loading SEG-Y...
[13:26:12] [INFO ]   Traces: 639  Samples: 2750  dt: 4.000 ms
[13:26:12] [INFO ]   Depth:  0.0 m → 8247.0 m
[13:26:12] [INFO ]   Matching traces to navigation...
[13:26:12] [INFO ]   NAV line matched via translation: 'f1088stk18' -> '18'
[13:26:12] [INFO ]   Matched 639 / 639 traces
[13:26:12] [INFO ]   Bandpass filtering...
[13:26:12] [INFO ]   Computing seismic attributes...
[13:26:13] [INFO ]   Picking seafloor...
[13:26:13] [INFO ]   Seafloor depth: 4689–4737 m  (0 shallow traces masked)
[13:26:13] [INFO ]   Picking horizons...
[13:26:13] [INFO ]   Computing NCC coherence (slow)...
[13:26:13] [INFO ]   Saving CNN section image...
[13:26:13] [INFO ]   Saved: f1088stk18_section_cnn.png  (2700x1500px)
[13:26:13] [INFO ]   Step 1 complete
[13:26:13] [INFO ] 
[13:26:13] [INFO ] STEP 2 — Fault detection
[13:26:13] [INFO ]   Mode: averaged SA (5 runs per seed)
[13:26:13] [INFO ]   Averaging SA over 5 runs per seed (2 seeds)
[13:26:15] [INFO ]     Seed 1/2 trace 143: avg_prob=0.704 [PASS]
[13:26:16] [INFO ]     Seed 2/2 trace 560: avg_prob=0.673 [PASS]
[13:26:16] [INFO ]   Detected 0 high-confidence faults
[13:26:16] [INFO ]   Step 2 complete
[13:26:16] [INFO ] 
[13:26:16] [INFO ] STEP 3 — Bounding boxes
[13:26:16] [INFO ]   Generated 0 boxes
[13:26:16] [INFO ]   Step 3 complete
[13:26:16] [INFO ] 
[13:26:16] [INFO ] STEP 4 — Dataset building
[13:26:16] [INFO ]   Saving labeled review image...
[13:26:16] [INFO ]   Saved: f1088stk18_labeled.png
[13:26:16] [INFO ]   Split: train
[13:26:16] [INFO ]   Added 0 annotations to train.json
[13:26:16] [INFO ]   train.json: 14 images, 1 annotations
[13:26:16] [INFO ]   val.json:   4 images,  1 annotations
[13:26:16] [INFO ]   Step 4 complete
[13:26:16] [INFO ] 
[13:26:16] [INFO ]   DONE  f1088stk18  →  train  |  0 faults  |  0 boxes
[13:26:16] [INFO ] 
[13:26:16] [INFO ] ──────────────────────────────────────────────────
[13:26:16] [INFO ]   LINE: f1088stk19
[13:26:16] [INFO ] ──────────────────────────────────────────────────
[13:26:16] [INFO ] Dataset  : namss.F-10-88-HW.mcs.airgun
[13:26:16] [INFO ] SGY      : ../../airgun_data/namss.F-10-88-HW.mcs.airgun/Data/f1088stk19.sgy
[13:26:16] [INFO ] NAV      : ../../airgun_data/namss.F-10-88-HW.mcs.airgun/Navigation/f-10-88-hw_NAV-WGS84.csv
[13:26:16] [INFO ] SA mode  : averaged 5x 
[13:26:16] [INFO ] 
[13:26:16] [INFO ] STEP 1 — Feature extraction
[13:26:16] [INFO ]   Loading navigation...
[13:26:16] [INFO ]   Loading SEG-Y...
[13:26:16] [INFO ]   Traces: 13891  Samples: 2750  dt: 4.000 ms
[13:26:16] [INFO ]   Depth:  0.0 m → 8247.0 m
[13:26:16] [INFO ]   Matching traces to navigation...
[13:26:16] [INFO ]   NAV line matched via translation: 'f1088stk19' -> '19'
[13:26:18] [INFO ]   Matched 13891 / 13891 traces
[13:26:18] [INFO ]   Bandpass filtering...
[13:26:18] [INFO ]   Computing seismic attributes...
[13:26:20] [INFO ]   Picking seafloor...
[13:26:21] [INFO ]   Seafloor depth: 3540–4779 m  (0 shallow traces masked)
[13:26:21] [INFO ]   Picking horizons...
[13:26:22] [INFO ]   Computing NCC coherence (slow)...
[13:26:23] [INFO ]   Saving CNN section image...
[13:26:25] [INFO ]   Saved: f1088stk19_section_cnn.png  (2700x1500px)
[13:26:25] [INFO ]   Step 1 complete
[13:26:25] [INFO ] 
[13:26:25] [INFO ] STEP 2 — Fault detection
[13:26:25] [INFO ]   Mode: averaged SA (5 runs per seed)
[13:26:33] [INFO ]   Averaging SA over 5 runs per seed (30 seeds)
[13:26:35] [INFO ]     Seed 1/30 trace 5324: avg_prob=0.771 [PASS]
[13:26:36] [INFO ]     Seed 2/30 trace 5542: avg_prob=0.733 [PASS]
[13:26:37] [INFO ]     Seed 3/30 trace 10586: avg_prob=0.718 [PASS]
[13:26:38] [INFO ]     Seed 4/30 trace 6922: avg_prob=0.712 [PASS]
[13:26:40] [INFO ]     Seed 5/30 trace 6174: avg_prob=0.753 [PASS]
[13:26:41] [INFO ]     Seed 6/30 trace 11077: avg_prob=0.633 [PASS]
[13:26:42] [INFO ]     Seed 7/30 trace 3945: avg_prob=0.705 [PASS]
[13:26:43] [INFO ]     Seed 8/30 trace 11966: avg_prob=0.698 [PASS]
[13:26:45] [INFO ]     Seed 9/30 trace 430: avg_prob=0.689 [PASS]
[13:26:46] [INFO ]     Seed 10/30 trace 10806: avg_prob=0.730 [PASS]
[13:26:47] [INFO ]     Seed 11/30 trace 6427: avg_prob=0.700 [PASS]
[13:26:48] [INFO ]     Seed 12/30 trace 1031: avg_prob=0.640 [PASS]
[13:26:50] [INFO ]     Seed 13/30 trace 3363: avg_prob=0.684 [PASS]
[13:26:51] [INFO ]     Seed 14/30 trace 7152: avg_prob=0.689 [PASS]
[13:26:52] [INFO ]     Seed 15/30 trace 12243: avg_prob=0.704 [PASS]
[13:26:53] [INFO ]     Seed 16/30 trace 8148: avg_prob=0.685 [PASS]
[13:26:55] [INFO ]     Seed 17/30 trace 11555: avg_prob=0.691 [PASS]
[13:26:56] [INFO ]     Seed 18/30 trace 7840: avg_prob=0.679 [PASS]
[13:26:57] [INFO ]     Seed 19/30 trace 13168: avg_prob=0.663 [PASS]
[13:26:58] [INFO ]     Seed 20/30 trace 2239: avg_prob=0.650 [PASS]
[13:26:59] [INFO ]     Seed 21/30 trace 9870: avg_prob=0.641 [PASS]
[13:27:01] [INFO ]     Seed 22/30 trace 4543: avg_prob=0.675 [PASS]
[13:27:02] [INFO ]     Seed 23/30 trace 5761: avg_prob=0.677 [PASS]
[13:27:03] [INFO ]     Seed 24/30 trace 3713: avg_prob=0.647 [PASS]
[13:27:04] [INFO ]     Seed 25/30 trace 8950: avg_prob=0.660 [PASS]
[13:27:06] [INFO ]     Seed 26/30 trace 5122: avg_prob=0.677 [PASS]
[13:27:07] [INFO ]     Seed 27/30 trace 8349: avg_prob=0.659 [PASS]
[13:27:08] [INFO ]     Seed 28/30 trace 2930: avg_prob=0.659 [PASS]
[13:27:09] [INFO ]     Seed 29/30 trace 67: avg_prob=0.647 [PASS]
[13:27:11] [INFO ]     Seed 30/30 trace 9498: avg_prob=0.651 [PASS]
[13:27:11] [INFO ]   Detected 2 high-confidence faults
[13:27:11] [INFO ]     Fault  1 | trace ~ 5334 | prob=0.771
[13:27:11] [INFO ]     Fault  2 | trace ~ 6177 | prob=0.753
[13:27:11] [INFO ]   Step 2 complete
[13:27:11] [INFO ] 
[13:27:11] [INFO ] STEP 3 — Bounding boxes
[13:27:11] [INFO ]   Box  1 | [994, 807, 87w, 130h px]
[13:27:11] [INFO ]   Box  2 | [1157, 809, 87w, 141h px]
[13:27:11] [INFO ]   Generated 2 boxes
[13:27:11] [INFO ]   Step 3 complete
[13:27:11] [INFO ] 
[13:27:11] [INFO ] STEP 4 — Dataset building
[13:27:11] [INFO ]   Saving labeled review image...
[13:27:11] [INFO ]   Saved: f1088stk19_labeled.png
[13:27:11] [INFO ]   Split: train
[13:27:11] [INFO ]   Added 2 annotations to train.json
[13:27:11] [INFO ]   train.json: 15 images, 3 annotations
[13:27:11] [INFO ]   val.json:   4 images,  1 annotations
[13:27:11] [INFO ]   Step 4 complete
[13:27:11] [INFO ] 
[13:27:11] [INFO ]   DONE  f1088stk19  →  train  |  2 faults  |  2 boxes
[13:27:11] [INFO ] 
[13:27:11] [INFO ] ──────────────────────────────────────────────────
[13:27:11] [INFO ]   LINE: f1088stk20
[13:27:11] [INFO ] ──────────────────────────────────────────────────
[13:27:11] [INFO ] Dataset  : namss.F-10-88-HW.mcs.airgun
[13:27:11] [INFO ] SGY      : ../../airgun_data/namss.F-10-88-HW.mcs.airgun/Data/f1088stk20.sgy
[13:27:11] [INFO ] NAV      : ../../airgun_data/namss.F-10-88-HW.mcs.airgun/Navigation/f-10-88-hw_NAV-WGS84.csv
[13:27:11] [INFO ] SA mode  : averaged 5x 
[13:27:11] [INFO ] 
[13:27:11] [INFO ] STEP 1 — Feature extraction
[13:27:11] [INFO ]   Loading navigation...
[13:27:11] [INFO ]   Loading SEG-Y...
[13:27:11] [INFO ]   Traces: 586  Samples: 2750  dt: 4.000 ms
[13:27:11] [INFO ]   Depth:  0.0 m → 8247.0 m
[13:27:11] [INFO ]   Matching traces to navigation...
[13:27:11] [INFO ]   NAV line matched via translation: 'f1088stk20' -> '20'
[13:27:11] [INFO ]   Matched 586 / 586 traces
[13:27:11] [INFO ]   Bandpass filtering...
[13:27:11] [INFO ]   Computing seismic attributes...
[13:27:11] [INFO ]   Picking seafloor...
[13:27:11] [INFO ]   Seafloor depth: 4629–4650 m  (0 shallow traces masked)
[13:27:11] [INFO ]   Picking horizons...
[13:27:11] [INFO ]   Computing NCC coherence (slow)...
[13:27:11] [INFO ]   Saving CNN section image...
[13:27:12] [INFO ]   Saved: f1088stk20_section_cnn.png  (2700x1500px)
[13:27:12] [INFO ]   Step 1 complete
[13:27:12] [INFO ] 
[13:27:12] [INFO ] STEP 2 — Fault detection
[13:27:12] [INFO ]   Mode: averaged SA (5 runs per seed)
[13:27:12] [INFO ]   Averaging SA over 5 runs per seed (3 seeds)
[13:27:13] [INFO ]     Seed 1/3 trace 229: avg_prob=0.652 [PASS]
[13:27:14] [INFO ]     Seed 2/3 trace 17: avg_prob=0.648 [PASS]
[13:27:16] [INFO ]     Seed 3/3 trace 458: avg_prob=0.668 [PASS]
[13:27:16] [INFO ]   Detected 0 high-confidence faults
[13:27:16] [INFO ]   Step 2 complete
[13:27:16] [INFO ] 
[13:27:16] [INFO ] STEP 3 — Bounding boxes
[13:27:16] [INFO ]   Generated 0 boxes
[13:27:16] [INFO ]   Step 3 complete
[13:27:16] [INFO ] 
[13:27:16] [INFO ] STEP 4 — Dataset building
[13:27:16] [INFO ]   Saving labeled review image...
[13:27:16] [INFO ]   Saved: f1088stk20_labeled.png
[13:27:16] [INFO ]   Split: train
[13:27:16] [INFO ]   Added 0 annotations to train.json
[13:27:16] [INFO ]   train.json: 16 images, 3 annotations
[13:27:16] [INFO ]   val.json:   4 images,  1 annotations
[13:27:16] [INFO ]   Step 4 complete
[13:27:16] [INFO ] 
[13:27:16] [INFO ]   DONE  f1088stk20  →  train  |  0 faults  |  0 boxes
[13:27:16] [INFO ] 
[13:27:16] [INFO ] ──────────────────────────────────────────────────
[13:27:16] [INFO ]   LINE: f1088stk21
[13:27:16] [INFO ] ──────────────────────────────────────────────────
[13:27:16] [INFO ] Dataset  : namss.F-10-88-HW.mcs.airgun
[13:27:16] [INFO ] SGY      : ../../airgun_data/namss.F-10-88-HW.mcs.airgun/Data/f1088stk21.sgy
[13:27:16] [INFO ] NAV      : ../../airgun_data/namss.F-10-88-HW.mcs.airgun/Navigation/f-10-88-hw_NAV-WGS84.csv
[13:27:16] [INFO ] SA mode  : averaged 5x 
[13:27:16] [INFO ] 
[13:27:16] [INFO ] STEP 1 — Feature extraction
[13:27:16] [INFO ]   Loading navigation...
[13:27:16] [INFO ]   Loading SEG-Y...
[13:27:16] [INFO ]   Traces: 12916  Samples: 2750  dt: 4.000 ms
[13:27:16] [INFO ]   Depth:  0.0 m → 8247.0 m
[13:27:16] [INFO ]   Matching traces to navigation...
[13:27:16] [INFO ]   NAV line matched via translation: 'f1088stk21' -> '21'
[13:27:17] [INFO ]   Matched 12916 / 12916 traces
[13:27:17] [INFO ]   Bandpass filtering...
[13:27:18] [INFO ]   Computing seismic attributes...
[13:27:20] [INFO ]   Picking seafloor...
[13:27:21] [INFO ]   Seafloor depth: 3462–4743 m  (0 shallow traces masked)
[13:27:21] [INFO ]   Picking horizons...
[13:27:21] [INFO ]   Computing NCC coherence (slow)...
[13:27:22] [INFO ]   Saving CNN section image...
[13:27:25] [INFO ]   Saved: f1088stk21_section_cnn.png  (2700x1500px)
[13:27:25] [INFO ]   Step 1 complete
[13:27:25] [INFO ] 
[13:27:25] [INFO ] STEP 2 — Fault detection
[13:27:25] [INFO ]   Mode: averaged SA (5 runs per seed)
[13:27:32] [INFO ]   Averaging SA over 5 runs per seed (32 seeds)
[13:27:34] [INFO ]     Seed 1/32 trace 4936: avg_prob=0.762 [PASS]
[13:27:35] [INFO ]     Seed 2/32 trace 12149: avg_prob=0.767 [PASS]
[13:27:36] [INFO ]     Seed 3/32 trace 4540: avg_prob=0.651 [PASS]
[13:27:37] [INFO ]     Seed 4/32 trace 9381: avg_prob=0.723 [PASS]
[13:27:39] [INFO ]     Seed 5/32 trace 9125: avg_prob=0.718 [PASS]
[13:27:40] [INFO ]     Seed 6/32 trace 2069: avg_prob=0.723 [PASS]
[13:27:41] [INFO ]     Seed 7/32 trace 11356: avg_prob=0.718 [PASS]
[13:27:42] [INFO ]     Seed 8/32 trace 11576: avg_prob=0.723 [PASS]
[13:27:44] [INFO ]     Seed 9/32 trace 12455: avg_prob=0.724 [PASS]
[13:27:45] [INFO ]     Seed 10/32 trace 12691: avg_prob=0.719 [PASS]
[13:27:46] [INFO ]     Seed 11/32 trace 5179: avg_prob=0.732 [PASS]
[13:27:47] [INFO ]     Seed 12/32 trace 8136: avg_prob=0.724 [PASS]
[13:27:48] [INFO ]     Seed 13/32 trace 11099: avg_prob=0.729 [PASS]
[13:27:50] [INFO ]     Seed 14/32 trace 11918: avg_prob=0.696 [PASS]
[13:27:51] [INFO ]     Seed 15/32 trace 2275: avg_prob=0.699 [PASS]
[13:27:52] [INFO ]     Seed 16/32 trace 8905: avg_prob=0.711 [PASS]
[13:27:53] [INFO ]     Seed 17/32 trace 12903: avg_prob=0.702 [PASS]
[13:27:55] [INFO ]     Seed 18/32 trace 930: avg_prob=0.662 [PASS]
[13:27:56] [INFO ]     Seed 19/32 trace 9611: avg_prob=0.698 [PASS]
[13:27:57] [INFO ]     Seed 20/32 trace 8361: avg_prob=0.703 [PASS]
[13:27:58] [INFO ]     Seed 21/32 trace 5485: avg_prob=0.683 [PASS]
[13:27:59] [INFO ]     Seed 22/32 trace 1859: avg_prob=0.689 [PASS]
[13:28:01] [INFO ]     Seed 23/32 trace 10019: avg_prob=0.689 [PASS]
[13:28:02] [INFO ]     Seed 24/32 trace 7404: avg_prob=0.678 [PASS]
[13:28:03] [INFO ]     Seed 25/32 trace 284: avg_prob=0.668 [PASS]
[13:28:04] [INFO ]     Seed 26/32 trace 3895: avg_prob=0.678 [PASS]
[13:28:06] [INFO ]     Seed 27/32 trace 10681: avg_prob=0.666 [PASS]
[13:28:07] [INFO ]     Seed 28/32 trace 54: avg_prob=0.647 [PASS]
[13:28:08] [INFO ]     Seed 29/32 trace 10429: avg_prob=0.672 [PASS]
[13:28:09] [INFO ]     Seed 30/32 trace 3387: avg_prob=0.670 [PASS]
[13:28:10] [INFO ]     Seed 31/32 trace 8663: avg_prob=0.655 [PASS]
[13:28:12] [INFO ]     Seed 32/32 trace 7850: avg_prob=0.663 [PASS]
[13:28:12] [INFO ]   Detected 2 high-confidence faults
[13:28:12] [INFO ]     Fault  1 | trace ~ 4925 | prob=0.762
[13:28:12] [INFO ]     Fault  2 | trace ~12136 | prob=0.767
[13:28:12] [INFO ]   Step 2 complete
[13:28:12] [INFO ] 
[13:28:12] [INFO ] STEP 3 — Bounding boxes
[13:28:12] [INFO ]   Box  1 | [987, 828, 85w, 122h px]
[13:28:12] [INFO ]   Box  2 | [2493, 815, 87w, 130h px]
[13:28:12] [INFO ]   Generated 2 boxes
[13:28:12] [INFO ]   Step 3 complete
[13:28:12] [INFO ] 
[13:28:12] [INFO ] STEP 4 — Dataset building
[13:28:12] [INFO ]   Saving labeled review image...
[13:28:12] [INFO ]   Saved: f1088stk21_labeled.png
[13:28:12] [INFO ]   Split: val
[13:28:12] [INFO ]   Added 2 annotations to val.json
[13:28:12] [INFO ]   train.json: 16 images, 3 annotations
[13:28:12] [INFO ]   val.json:   5 images,  3 annotations
[13:28:12] [INFO ]   Step 4 complete
[13:28:12] [INFO ] 
[13:28:12] [INFO ]   DONE  f1088stk21  →  val  |  2 faults  |  2 boxes
[13:28:12] [INFO ] 
[13:28:12] [INFO ] ──────────────────────────────────────────────────
[13:28:12] [INFO ]   LINE: f1088stk22
[13:28:12] [INFO ] ──────────────────────────────────────────────────
[13:28:12] [INFO ] Dataset  : namss.F-10-88-HW.mcs.airgun
[13:28:12] [INFO ] SGY      : ../../airgun_data/namss.F-10-88-HW.mcs.airgun/Data/f1088stk22.sgy
[13:28:12] [INFO ] NAV      : ../../airgun_data/namss.F-10-88-HW.mcs.airgun/Navigation/f-10-88-hw_NAV-WGS84.csv
[13:28:12] [INFO ] SA mode  : averaged 5x 
[13:28:12] [INFO ] 
[13:28:12] [INFO ] STEP 1 — Feature extraction
[13:28:12] [INFO ]   Loading navigation...
[13:28:12] [INFO ]   Loading SEG-Y...
[13:28:12] [INFO ]   Traces: 3345  Samples: 2750  dt: 4.000 ms
[13:28:12] [INFO ]   Depth:  0.0 m → 8247.0 m
[13:28:12] [INFO ]   Matching traces to navigation...
[13:28:12] [INFO ]   NAV line matched via translation: 'f1088stk22' -> '22'
[13:28:12] [INFO ]   Matched 3345 / 3345 traces
[13:28:12] [INFO ]   Bandpass filtering...
[13:28:13] [INFO ]   Computing seismic attributes...
[13:28:13] [INFO ]   Picking seafloor...
[13:28:13] [INFO ]   Seafloor depth: 4440–4749 m  (0 shallow traces masked)
[13:28:13] [INFO ]   Picking horizons...
[13:28:13] [INFO ]   Computing NCC coherence (slow)...
[13:28:14] [INFO ]   Saving CNN section image...
[13:28:14] [INFO ]   Saved: f1088stk22_section_cnn.png  (2700x1500px)
[13:28:14] [INFO ]   Step 1 complete
[13:28:14] [INFO ] 
[13:28:14] [INFO ] STEP 2 — Fault detection
[13:28:14] [INFO ]   Mode: averaged SA (5 runs per seed)
[13:28:16] [INFO ]   Averaging SA over 5 runs per seed (7 seeds)
[13:28:17] [INFO ]     Seed 1/7 trace 109: avg_prob=0.772 [PASS]
[13:28:18] [INFO ]     Seed 2/7 trace 1191: avg_prob=0.626 [PASS]
[13:28:20] [INFO ]     Seed 3/7 trace 563: avg_prob=0.666 [PASS]
[13:28:21] [INFO ]     Seed 4/7 trace 314: avg_prob=0.683 [PASS]
[13:28:22] [INFO ]     Seed 5/7 trace 2597: avg_prob=0.664 [PASS]
[13:28:23] [INFO ]     Seed 6/7 trace 3320: avg_prob=0.658 [PASS]
[13:28:25] [INFO ]     Seed 7/7 trace 2920: avg_prob=0.622 [PASS]
[13:28:25] [INFO ]   Detected 1 high-confidence faults
[13:28:25] [INFO ]     Fault  1 | trace ~  110 | prob=0.772
[13:28:25] [INFO ]   Step 2 complete
[13:28:25] [INFO ] 
[13:28:25] [INFO ] STEP 3 — Bounding boxes
[13:28:25] [INFO ]   Box  1 | [15, 808, 151w, 128h px]
[13:28:25] [INFO ]   Generated 1 boxes
[13:28:25] [INFO ]   Step 3 complete
[13:28:25] [INFO ] 
[13:28:25] [INFO ] STEP 4 — Dataset building
[13:28:25] [INFO ]   Saving labeled review image...
[13:28:25] [INFO ]   Saved: f1088stk22_labeled.png
[13:28:25] [INFO ]   Split: train
[13:28:25] [INFO ]   Added 1 annotations to train.json
[13:28:25] [INFO ]   train.json: 17 images, 4 annotations
[13:28:25] [INFO ]   val.json:   5 images,  3 annotations
[13:28:25] [INFO ]   Step 4 complete
[13:28:25] [INFO ] 
[13:28:25] [INFO ]   DONE  f1088stk22  →  train  |  1 faults  |  1 boxes
[13:28:25] [INFO ] 
[13:28:25] [INFO ] ──────────────────────────────────────────────────
[13:28:25] [INFO ]   LINE: f1088stk23
[13:28:25] [INFO ] ──────────────────────────────────────────────────
[13:28:25] [INFO ] Dataset  : namss.F-10-88-HW.mcs.airgun
[13:28:25] [INFO ] SGY      : ../../airgun_data/namss.F-10-88-HW.mcs.airgun/Data/f1088stk23.sgy
[13:28:25] [INFO ] NAV      : ../../airgun_data/namss.F-10-88-HW.mcs.airgun/Navigation/f-10-88-hw_NAV-WGS84.csv
[13:28:25] [INFO ] SA mode  : averaged 5x 
[13:28:25] [INFO ] 
[13:28:25] [INFO ] STEP 1 — Feature extraction
[13:28:25] [INFO ]   Loading navigation...
[13:28:25] [INFO ]   Loading SEG-Y...
[13:28:25] [INFO ]   Traces: 403  Samples: 2500  dt: 4.000 ms
[13:28:25] [INFO ]   Depth:  0.0 m → 7497.0 m
[13:28:25] [INFO ]   Matching traces to navigation...
[13:28:25] [INFO ]   NAV line matched via translation: 'f1088stk23' -> '23'
[13:28:25] [INFO ]   Matched 403 / 403 traces
[13:28:25] [INFO ]   Bandpass filtering...
[13:28:25] [INFO ]   Computing seismic attributes...
[13:28:25] [INFO ]   Picking seafloor...
[13:28:25] [INFO ]   Seafloor depth: 1953–3336 m  (0 shallow traces masked)
[13:28:25] [INFO ]   Picking horizons...
[13:28:25] [INFO ]   Computing NCC coherence (slow)...
[13:28:25] [INFO ]   Saving CNN section image...
[13:28:25] [INFO ]   Saved: f1088stk23_section_cnn.png  (2700x1500px)
[13:28:25] [INFO ]   Step 1 complete
[13:28:25] [INFO ] 
[13:28:25] [INFO ] STEP 2 — Fault detection
[13:28:25] [INFO ]   Mode: averaged SA (5 runs per seed)
[13:28:26] [INFO ]   Averaging SA over 5 runs per seed (1 seeds)
[13:28:27] [INFO ]     Seed 1/1 trace 107: avg_prob=0.711 [PASS]
[13:28:27] [INFO ]   Detected 0 high-confidence faults
[13:28:27] [INFO ]   Step 2 complete
[13:28:27] [INFO ] 
[13:28:27] [INFO ] STEP 3 — Bounding boxes
[13:28:27] [INFO ]   Generated 0 boxes
[13:28:27] [INFO ]   Step 3 complete
[13:28:27] [INFO ] 
[13:28:27] [INFO ] STEP 4 — Dataset building
[13:28:27] [INFO ]   Saving labeled review image...
[13:28:27] [INFO ]   Saved: f1088stk23_labeled.png
[13:28:27] [INFO ]   Split: train
[13:28:27] [INFO ]   Added 0 annotations to train.json
[13:28:27] [INFO ]   train.json: 18 images, 4 annotations
[13:28:27] [INFO ]   val.json:   5 images,  3 annotations
[13:28:27] [INFO ]   Step 4 complete
[13:28:27] [INFO ] 
[13:28:27] [INFO ]   DONE  f1088stk23  →  train  |  0 faults  |  0 boxes
[13:28:27] [INFO ] 
[13:28:27] [INFO ] ──────────────────────────────────────────────────
[13:28:27] [INFO ]   LINE: f1088stk24
[13:28:27] [INFO ] ──────────────────────────────────────────────────
[13:28:27] [INFO ] Dataset  : namss.F-10-88-HW.mcs.airgun
[13:28:27] [INFO ] SGY      : ../../airgun_data/namss.F-10-88-HW.mcs.airgun/Data/f1088stk24.sgy
[13:28:27] [INFO ] NAV      : ../../airgun_data/namss.F-10-88-HW.mcs.airgun/Navigation/f-10-88-hw_NAV-WGS84.csv
[13:28:27] [INFO ] SA mode  : averaged 5x 
[13:28:27] [INFO ] 
[13:28:27] [INFO ] STEP 1 — Feature extraction
[13:28:27] [INFO ]   Loading navigation...
[13:28:27] [INFO ]   Loading SEG-Y...
[13:28:27] [INFO ]   Traces: 4191  Samples: 2500  dt: 4.000 ms
[13:28:27] [INFO ]   Depth:  0.0 m → 7497.0 m
[13:28:27] [INFO ]   Matching traces to navigation...
[13:28:27] [INFO ]   NAV line matched via translation: 'f1088stk24' -> '24'
[13:28:27] [INFO ]   Matched 4191 / 4191 traces
[13:28:27] [INFO ]   Bandpass filtering...
[13:28:28] [INFO ]   Computing seismic attributes...
[13:28:28] [INFO ]   Picking seafloor...
[13:28:28] [INFO ]   Seafloor depth: 3978–4587 m  (0 shallow traces masked)
[13:28:28] [INFO ]   Picking horizons...
[13:28:29] [INFO ]   Computing NCC coherence (slow)...
[13:28:29] [INFO ]   Saving CNN section image...
[13:28:30] [INFO ]   Saved: f1088stk24_section_cnn.png  (2700x1500px)
[13:28:30] [INFO ]   Step 1 complete
[13:28:30] [INFO ] 
[13:28:30] [INFO ] STEP 2 — Fault detection
[13:28:30] [INFO ]   Mode: averaged SA (5 runs per seed)
[13:28:32] [INFO ]   Averaging SA over 5 runs per seed (14 seeds)
[13:28:33] [INFO ]     Seed 1/14 trace 1390: avg_prob=0.772 [PASS]
[13:28:34] [INFO ]     Seed 2/14 trace 4120: avg_prob=0.751 [PASS]
[13:28:35] [INFO ]     Seed 3/14 trace 620: avg_prob=0.752 [PASS]
[13:28:36] [INFO ]     Seed 4/14 trace 149: avg_prob=0.722 [PASS]
[13:28:38] [INFO ]     Seed 5/14 trace 1592: avg_prob=0.728 [PASS]
[13:28:39] [INFO ]     Seed 6/14 trace 1096: avg_prob=0.720 [PASS]
[13:28:40] [INFO ]     Seed 7/14 trace 3696: avg_prob=0.720 [PASS]
[13:28:41] [INFO ]     Seed 8/14 trace 3911: avg_prob=0.714 [PASS]
[13:28:42] [INFO ]     Seed 9/14 trace 416: avg_prob=0.681 [PASS]
[13:28:44] [INFO ]     Seed 10/14 trace 2495: avg_prob=0.701 [PASS]
[13:28:45] [INFO ]     Seed 11/14 trace 2206: avg_prob=0.720 [PASS]
[13:28:46] [INFO ]     Seed 12/14 trace 864: avg_prob=0.689 [PASS]
[13:28:47] [INFO ]     Seed 13/14 trace 2935: avg_prob=0.709 [PASS]
[13:28:48] [INFO ]     Seed 14/14 trace 3425: avg_prob=0.712 [PASS]
[13:28:48] [INFO ]   Detected 3 high-confidence faults
[13:28:48] [INFO ]     Fault  1 | trace ~  621 | prob=0.752
[13:28:48] [INFO ]     Fault  2 | trace ~ 1396 | prob=0.772
[13:28:48] [INFO ]     Fault  3 | trace ~ 4126 | prob=0.751
[13:28:48] [INFO ]   Step 2 complete
[13:28:48] [INFO ] 
[13:28:48] [INFO ] STEP 3 — Bounding boxes
[13:28:48] [INFO ]   Box  1 | [348, 891, 104w, 135h px]
[13:28:48] [INFO ]   Box  2 | [852, 833, 101w, 132h px]
[13:28:48] [INFO ]   Box  3 | [2600, 818, 100w, 141h px]
[13:28:48] [INFO ]   Generated 3 boxes
[13:28:48] [INFO ]   Step 3 complete
[13:28:48] [INFO ] 
[13:28:48] [INFO ] STEP 4 — Dataset building
[13:28:48] [INFO ]   Saving labeled review image...
[13:28:49] [INFO ]   Saved: f1088stk24_labeled.png
[13:28:49] [INFO ]   Split: train
[13:28:49] [INFO ]   Added 3 annotations to train.json
[13:28:49] [INFO ]   train.json: 19 images, 7 annotations
[13:28:49] [INFO ]   val.json:   5 images,  3 annotations
[13:28:49] [INFO ]   Step 4 complete
[13:28:49] [INFO ] 
[13:28:49] [INFO ]   DONE  f1088stk24  →  train  |  3 faults  |  3 boxes
[13:28:49] [INFO ] 
[13:28:49] [INFO ] ──────────────────────────────────────────────────
[13:28:49] [INFO ]   LINE: f1088stk25
[13:28:49] [INFO ] ──────────────────────────────────────────────────
[13:28:49] [INFO ] Dataset  : namss.F-10-88-HW.mcs.airgun
[13:28:49] [INFO ] SGY      : ../../airgun_data/namss.F-10-88-HW.mcs.airgun/Data/f1088stk25.sgy
[13:28:49] [INFO ] NAV      : ../../airgun_data/namss.F-10-88-HW.mcs.airgun/Navigation/f-10-88-hw_NAV-WGS84.csv
[13:28:49] [INFO ] SA mode  : averaged 5x 
[13:28:49] [INFO ] 
[13:28:49] [INFO ] STEP 1 — Feature extraction
[13:28:49] [INFO ]   Loading navigation...
[13:28:49] [INFO ]   Loading SEG-Y...
[13:28:49] [INFO ]   Traces: 13336  Samples: 2750  dt: 4.000 ms
[13:28:49] [INFO ]   Depth:  0.0 m → 8247.0 m
[13:28:49] [INFO ]   Matching traces to navigation...
[13:28:49] [INFO ]   NAV line matched via translation: 'f1088stk25' -> '25'
[13:28:50] [INFO ]   Matched 13336 / 13336 traces
[13:28:50] [INFO ]   Bandpass filtering...
[13:28:51] [INFO ]   Computing seismic attributes...
[13:28:52] [INFO ]   Picking seafloor...
[13:28:53] [INFO ]   Seafloor depth: 2874–4722 m  (0 shallow traces masked)
[13:28:53] [INFO ]   Picking horizons...
[13:28:54] [INFO ]   Computing NCC coherence (slow)...
[13:28:55] [INFO ]   Saving CNN section image...
[13:28:58] [INFO ]   Saved: f1088stk25_section_cnn.png  (2700x1500px)
[13:28:58] [INFO ]   Step 1 complete
[13:28:58] [INFO ] 
[13:28:58] [INFO ] STEP 2 — Fault detection
[13:28:58] [INFO ]   Mode: averaged SA (5 runs per seed)
[13:29:05] [INFO ]   Averaging SA over 5 runs per seed (28 seeds)
[13:29:06] [INFO ]     Seed 1/28 trace 1702: avg_prob=0.722 [PASS]
[13:29:08] [INFO ]     Seed 2/28 trace 3402: avg_prob=0.747 [PASS]
[13:29:09] [INFO ]     Seed 3/28 trace 717: avg_prob=0.738 [PASS]
[13:29:10] [INFO ]     Seed 4/28 trace 12137: avg_prob=0.754 [PASS]
[13:29:11] [INFO ]     Seed 5/28 trace 3984: avg_prob=0.714 [PASS]
[13:29:13] [INFO ]     Seed 6/28 trace 2165: avg_prob=0.724 [PASS]
[13:29:14] [INFO ]     Seed 7/28 trace 260: avg_prob=0.717 [PASS]
[13:29:15] [INFO ]     Seed 8/28 trace 2549: avg_prob=0.726 [PASS]
[13:29:17] [INFO ]     Seed 9/28 trace 11931: avg_prob=0.696 [PASS]
[13:29:18] [INFO ]     Seed 10/28 trace 1346: avg_prob=0.724 [PASS]
[13:29:19] [INFO ]     Seed 11/28 trace 8273: avg_prob=0.627 [PASS]
[13:29:20] [INFO ]     Seed 12/28 trace 1026: avg_prob=0.729 [PASS]
[13:29:21] [INFO ]     Seed 13/28 trace 500: avg_prob=0.724 [PASS]
[13:29:23] [INFO ]     Seed 14/28 trace 8492: avg_prob=0.687 [PASS]
[13:29:24] [INFO ]     Seed 15/28 trace 2899: avg_prob=0.711 [PASS]
[13:29:25] [INFO ]     Seed 16/28 trace 11601: avg_prob=0.697 [PASS]
[13:29:26] [INFO ]     Seed 17/28 trace 6851: avg_prob=0.695 [PASS]
[13:29:28] [INFO ]     Seed 18/28 trace 5368: avg_prob=0.707 [PASS]
[13:29:29] [INFO ]     Seed 19/28 trace 7896: avg_prob=0.715 [PASS]
[13:29:30] [INFO ]     Seed 20/28 trace 5937: avg_prob=0.676 [PASS]
[13:29:31] [INFO ]     Seed 21/28 trace 4973: avg_prob=0.697 [PASS]
[13:29:33] [INFO ]     Seed 22/28 trace 5636: avg_prob=0.630 [PASS]
[13:29:34] [INFO ]     Seed 23/28 trace 28: avg_prob=0.723 [PASS]
[13:29:35] [INFO ]     Seed 24/28 trace 4280: avg_prob=0.683 [PASS]
[13:29:36] [INFO ]     Seed 25/28 trace 1918: avg_prob=0.661 [PASS]
[13:29:38] [INFO ]     Seed 26/28 trace 3732: avg_prob=0.698 [PASS]
[13:29:39] [INFO ]     Seed 27/28 trace 11071: avg_prob=0.684 [PASS]
[13:29:40] [INFO ]     Seed 28/28 trace 8732: avg_prob=0.681 [PASS]
[13:29:40] [INFO ]   Detected 1 high-confidence faults
[13:29:40] [INFO ]     Fault  1 | trace ~12146 | prob=0.754
[13:29:40] [INFO ]   Step 2 complete
[13:29:40] [INFO ] 
[13:29:40] [INFO ] STEP 3 — Bounding boxes
[13:29:40] [INFO ]   Box  1 | [2413, 836, 92w, 128h px]
[13:29:40] [INFO ]   Generated 1 boxes
[13:29:40] [INFO ]   Step 3 complete
[13:29:40] [INFO ] 
[13:29:40] [INFO ] STEP 4 — Dataset building
[13:29:40] [INFO ]   Saving labeled review image...
[13:29:40] [INFO ]   Saved: f1088stk25_labeled.png
[13:29:40] [INFO ]   Split: train
[13:29:40] [INFO ]   Added 1 annotations to train.json
[13:29:40] [INFO ]   train.json: 20 images, 8 annotations
[13:29:40] [INFO ]   val.json:   5 images,  3 annotations
[13:29:40] [INFO ]   Step 4 complete
[13:29:40] [INFO ] 
[13:29:40] [INFO ]   DONE  f1088stk25  →  train  |  1 faults  |  1 boxes
[13:29:40] [INFO ] 
[13:29:40] [INFO ] ──────────────────────────────────────────────────
[13:29:40] [INFO ]   LINE: f1088stk26
[13:29:40] [INFO ] ──────────────────────────────────────────────────
[13:29:40] [INFO ] Dataset  : namss.F-10-88-HW.mcs.airgun
[13:29:40] [INFO ] SGY      : ../../airgun_data/namss.F-10-88-HW.mcs.airgun/Data/f1088stk26.sgy
[13:29:40] [INFO ] NAV      : ../../airgun_data/namss.F-10-88-HW.mcs.airgun/Navigation/f-10-88-hw_NAV-WGS84.csv
[13:29:40] [INFO ] SA mode  : averaged 5x 
[13:29:40] [INFO ] 
[13:29:40] [INFO ] STEP 1 — Feature extraction
[13:29:40] [INFO ]   Loading navigation...
[13:29:40] [INFO ]   Loading SEG-Y...
[13:29:40] [INFO ]   Traces: 613  Samples: 2750  dt: 4.000 ms
[13:29:40] [INFO ]   Depth:  0.0 m → 8247.0 m
[13:29:40] [INFO ]   Matching traces to navigation...
[13:29:40] [INFO ]   NAV line matched via translation: 'f1088stk26' -> '26'
[13:29:40] [INFO ]   Matched 613 / 613 traces
[13:29:40] [INFO ]   Bandpass filtering...
[13:29:40] [INFO ]   Computing seismic attributes...
[13:29:41] [INFO ]   Picking seafloor...
[13:29:41] [INFO ]   Seafloor depth: 4629–4665 m  (0 shallow traces masked)
[13:29:41] [INFO ]   Picking horizons...
[13:29:41] [INFO ]   Computing NCC coherence (slow)...
[13:29:41] [INFO ]   Saving CNN section image...
[13:29:41] [INFO ]   Saved: f1088stk26_section_cnn.png  (2700x1500px)
[13:29:41] [INFO ]   Step 1 complete
[13:29:41] [INFO ] 
[13:29:41] [INFO ] STEP 2 — Fault detection
[13:29:41] [INFO ]   Mode: averaged SA (5 runs per seed)
[13:29:41] [INFO ]   Averaging SA over 5 runs per seed (3 seeds)
[13:29:42] [INFO ]     Seed 1/3 trace 60: avg_prob=0.656 [PASS]
[13:29:44] [INFO ]     Seed 2/3 trace 491: avg_prob=0.631 [PASS]
[13:29:45] [INFO ]     Seed 3/3 trace 288: avg_prob=0.630 [PASS]
[13:29:45] [INFO ]   Detected 0 high-confidence faults
[13:29:45] [INFO ]   Step 2 complete
[13:29:45] [INFO ] 
[13:29:45] [INFO ] STEP 3 — Bounding boxes
[13:29:45] [INFO ]   Generated 0 boxes
[13:29:45] [INFO ]   Step 3 complete
[13:29:45] [INFO ] 
[13:29:45] [INFO ] STEP 4 — Dataset building
[13:29:45] [INFO ]   Saving labeled review image...
[13:29:45] [INFO ]   Saved: f1088stk26_labeled.png
[13:29:45] [INFO ]   Split: val
[13:29:45] [INFO ]   Added 0 annotations to val.json
[13:29:45] [INFO ]   train.json: 20 images, 8 annotations
[13:29:45] [INFO ]   val.json:   6 images,  3 annotations
[13:29:45] [INFO ]   Step 4 complete
[13:29:45] [INFO ] 
[13:29:45] [INFO ]   DONE  f1088stk26  →  val  |  0 faults  |  0 boxes
[13:29:45] [INFO ] 
[13:29:45] [INFO ] ──────────────────────────────────────────────────
[13:29:45] [INFO ]   LINE: f1088stk27
[13:29:45] [INFO ] ──────────────────────────────────────────────────
[13:29:45] [INFO ] Dataset  : namss.F-10-88-HW.mcs.airgun
[13:29:45] [INFO ] SGY      : ../../airgun_data/namss.F-10-88-HW.mcs.airgun/Data/f1088stk27.sgy
[13:29:45] [INFO ] NAV      : ../../airgun_data/namss.F-10-88-HW.mcs.airgun/Navigation/f-10-88-hw_NAV-WGS84.csv
[13:29:45] [INFO ] SA mode  : averaged 5x 
[13:29:45] [INFO ] 
[13:29:45] [INFO ] STEP 1 — Feature extraction
[13:29:45] [INFO ]   Loading navigation...
[13:29:45] [INFO ]   Loading SEG-Y...
[13:29:45] [INFO ]   Traces: 10391  Samples: 2750  dt: 4.000 ms
[13:29:45] [INFO ]   Depth:  0.0 m → 8247.0 m
[13:29:45] [INFO ]   Matching traces to navigation...
[13:29:45] [INFO ]   NAV line matched via translation: 'f1088stk27' -> '27'
[13:29:46] [INFO ]   Matched 10391 / 10391 traces
[13:29:46] [INFO ]   Bandpass filtering...
[13:29:47] [INFO ]   Computing seismic attributes...
[13:29:48] [INFO ]   Picking seafloor...
[13:29:49] [INFO ]   Seafloor depth: 2097–4659 m  (0 shallow traces masked)
[13:29:49] [INFO ]   Picking horizons...
[13:29:50] [INFO ]   Computing NCC coherence (slow)...
[13:29:50] [INFO ]   Saving CNN section image...
[13:29:52] [INFO ]   Saved: f1088stk27_section_cnn.png  (2700x1500px)
[13:29:52] [INFO ]   Step 1 complete
[13:29:52] [INFO ] 
[13:29:52] [INFO ] STEP 2 — Fault detection
[13:29:52] [INFO ]   Mode: averaged SA (5 runs per seed)
[13:29:58] [INFO ]   Averaging SA over 5 runs per seed (27 seeds)
[13:29:59] [INFO ]     Seed 1/27 trace 6306: avg_prob=0.710 [PASS]
[13:30:00] [INFO ]     Seed 2/27 trace 1345: avg_prob=0.753 [PASS]
[13:30:01] [INFO ]     Seed 3/27 trace 2032: avg_prob=0.746 [PASS]
[13:30:02] [INFO ]     Seed 4/27 trace 2368: avg_prob=0.723 [PASS]
[13:30:04] [INFO ]     Seed 5/27 trace 9575: avg_prob=0.716 [PASS]
[13:30:05] [INFO ]     Seed 6/27 trace 1827: avg_prob=0.721 [PASS]
[13:30:06] [INFO ]     Seed 7/27 trace 9127: avg_prob=0.742 [PASS]
[13:30:07] [INFO ]     Seed 8/27 trace 10317: avg_prob=0.741 [PASS]
[13:30:09] [INFO ]     Seed 9/27 trace 693: avg_prob=0.746 [PASS]
[13:30:10] [INFO ]     Seed 10/27 trace 6105: avg_prob=0.581 [PASS]
[13:30:11] [INFO ]     Seed 11/27 trace 9364: avg_prob=0.726 [PASS]
[13:30:12] [INFO ]     Seed 12/27 trace 8341: avg_prob=0.681 [PASS]
[13:30:13] [INFO ]     Seed 13/27 trace 7211: avg_prob=0.701 [PASS]
[13:30:15] [INFO ]     Seed 14/27 trace 10093: avg_prob=0.705 [PASS]
[13:30:16] [INFO ]     Seed 15/27 trace 269: avg_prob=0.714 [PASS]
[13:30:17] [INFO ]     Seed 16/27 trace 1037: avg_prob=0.708 [PASS]
[13:30:18] [INFO ]     Seed 17/27 trace 6532: avg_prob=0.683 [PASS]
[13:30:20] [INFO ]     Seed 18/27 trace 8785: avg_prob=0.682 [PASS]
[13:30:21] [INFO ]     Seed 19/27 trace 6945: avg_prob=0.722 [PASS]
[13:30:22] [INFO ]     Seed 20/27 trace 7721: avg_prob=0.698 [PASS]
[13:30:23] [INFO ]     Seed 21/27 trace 1622: avg_prob=0.689 [PASS]
[13:30:24] [INFO ]     Seed 22/27 trace 5631: avg_prob=0.686 [PASS]
[13:30:26] [INFO ]     Seed 23/27 trace 3541: avg_prob=0.679 [PASS]
[13:30:27] [INFO ]     Seed 24/27 trace 5905: avg_prob=0.644 [PASS]
[13:30:28] [INFO ]     Seed 25/27 trace 9887: avg_prob=0.709 [PASS]
[13:30:29] [INFO ]     Seed 26/27 trace 8555: avg_prob=0.683 [PASS]
[13:30:31] [INFO ]     Seed 27/27 trace 7516: avg_prob=0.662 [PASS]
[13:30:31] [INFO ]   Detected 1 high-confidence faults
[13:30:31] [INFO ]     Fault  1 | trace ~ 1342 | prob=0.753
[13:30:31] [INFO ]   Step 2 complete
[13:30:31] [INFO ] 
[13:30:31] [INFO ] STEP 3 — Bounding boxes
[13:30:31] [INFO ]   Box  1 | [303, 774, 97w, 128h px]
[13:30:31] [INFO ]   Generated 1 boxes
[13:30:31] [INFO ]   Step 3 complete
[13:30:31] [INFO ] 
[13:30:31] [INFO ] STEP 4 — Dataset building
[13:30:31] [INFO ]   Saving labeled review image...
[13:30:31] [INFO ]   Saved: f1088stk27_labeled.png
[13:30:31] [INFO ]   Split: train
[13:30:31] [INFO ]   Added 1 annotations to train.json
[13:30:31] [INFO ]   train.json: 21 images, 9 annotations
[13:30:31] [INFO ]   val.json:   6 images,  3 annotations
[13:30:31] [INFO ]   Step 4 complete
[13:30:31] [INFO ] 
[13:30:31] [INFO ]   DONE  f1088stk27  →  train  |  1 faults  |  1 boxes
[13:30:31] [INFO ] 
[13:30:31] [INFO ] ──────────────────────────────────────────────────
[13:30:31] [INFO ]   LINE: f1088stk28
[13:30:31] [INFO ] ──────────────────────────────────────────────────
[13:30:31] [INFO ] Dataset  : namss.F-10-88-HW.mcs.airgun
[13:30:31] [INFO ] SGY      : ../../airgun_data/namss.F-10-88-HW.mcs.airgun/Data/f1088stk28.sgy
[13:30:31] [INFO ] NAV      : ../../airgun_data/namss.F-10-88-HW.mcs.airgun/Navigation/f-10-88-hw_NAV-WGS84.csv
[13:30:31] [INFO ] SA mode  : averaged 5x 
[13:30:31] [INFO ] 
[13:30:31] [INFO ] STEP 1 — Feature extraction
[13:30:31] [INFO ]   Loading navigation...
[13:30:31] [INFO ]   Loading SEG-Y...
[13:30:31] [INFO ]   Traces: 707  Samples: 2750  dt: 4.000 ms
[13:30:31] [INFO ]   Depth:  0.0 m → 8247.0 m
[13:30:31] [INFO ]   Matching traces to navigation...
[13:30:31] [INFO ]   NAV line matched via translation: 'f1088stk28' -> '28'
[13:30:31] [INFO ]   Matched 707 / 707 traces
[13:30:31] [INFO ]   Bandpass filtering...
[13:30:31] [INFO ]   Computing seismic attributes...
[13:30:31] [INFO ]   Picking seafloor...
[13:30:31] [INFO ]   Seafloor depth: 2046–4077 m  (0 shallow traces masked)
[13:30:31] [INFO ]   Picking horizons...
[13:30:31] [INFO ]   Computing NCC coherence (slow)...
[13:30:31] [INFO ]   Saving CNN section image...
[13:30:32] [INFO ]   Saved: f1088stk28_section_cnn.png  (2700x1500px)
[13:30:32] [INFO ]   Step 1 complete
[13:30:32] [INFO ] 
[13:30:32] [INFO ] STEP 2 — Fault detection
[13:30:32] [INFO ]   Mode: averaged SA (5 runs per seed)
[13:30:32] [INFO ]   Averaging SA over 5 runs per seed (3 seeds)
[13:30:33] [INFO ]     Seed 1/3 trace 509: avg_prob=0.763 [PASS]
[13:30:34] [INFO ]     Seed 2/3 trace 286: avg_prob=0.756 [PASS]
[13:30:36] [INFO ]     Seed 3/3 trace 39: avg_prob=0.735 [PASS]
[13:30:36] [INFO ]   Detected 2 high-confidence faults
[13:30:36] [INFO ]     Fault  1 | trace ~  277 | prob=0.756
[13:30:36] [INFO ]     Fault  2 | trace ~  513 | prob=0.763
[13:30:36] [INFO ]   Step 2 complete
[13:30:36] [INFO ] 
[13:30:36] [INFO ] STEP 3 — Bounding boxes
[13:30:36] [INFO ]   Box  1 | [817, 360, 454w, 136h px]
[13:30:36] [INFO ]   Box  2 | [1673, 704, 571w, 128h px]
[13:30:36] [INFO ]   Generated 2 boxes
[13:30:36] [INFO ]   Step 3 complete
[13:30:36] [INFO ] 
[13:30:36] [INFO ] STEP 4 — Dataset building
[13:30:36] [INFO ]   Saving labeled review image...
[13:30:36] [INFO ]   Saved: f1088stk28_labeled.png
[13:30:36] [INFO ]   Split: train
[13:30:36] [INFO ]   Added 2 annotations to train.json
[13:30:36] [INFO ]   train.json: 22 images, 11 annotations
[13:30:36] [INFO ]   val.json:   6 images,  3 annotations
[13:30:36] [INFO ]   Step 4 complete
[13:30:36] [INFO ] 
[13:30:36] [INFO ]   DONE  f1088stk28  →  train  |  2 faults  |  2 boxes
[13:30:36] [INFO ] 
[13:30:36] [INFO ] ──────────────────────────────────────────────────
[13:30:36] [INFO ]   LINE: f1088stk29
[13:30:36] [INFO ] ──────────────────────────────────────────────────
[13:30:36] [INFO ] Dataset  : namss.F-10-88-HW.mcs.airgun
[13:30:36] [INFO ] SGY      : ../../airgun_data/namss.F-10-88-HW.mcs.airgun/Data/f1088stk29.sgy
[13:30:36] [INFO ] NAV      : ../../airgun_data/namss.F-10-88-HW.mcs.airgun/Navigation/f-10-88-hw_NAV-WGS84.csv
[13:30:36] [INFO ] SA mode  : averaged 5x 
[13:30:36] [INFO ] 
[13:30:36] [INFO ] STEP 1 — Feature extraction
[13:30:36] [INFO ]   Loading navigation...
[13:30:36] [INFO ]   Loading SEG-Y...
[13:30:36] [INFO ]   Traces: 8948  Samples: 2750  dt: 4.000 ms
[13:30:36] [INFO ]   Depth:  0.0 m → 8247.0 m
[13:30:36] [INFO ]   Matching traces to navigation...
[13:30:36] [INFO ]   NAV line matched via translation: 'f1088stk29' -> '29'
[13:30:37] [INFO ]   Matched 8948 / 8948 traces
[13:30:37] [INFO ]   Bandpass filtering...
[13:30:37] [INFO ]   Computing seismic attributes...
[13:30:38] [INFO ]   Picking seafloor...
[13:30:39] [INFO ]   Seafloor depth: 0–4584 m  (88 shallow traces masked)
[13:30:39] [INFO ]   Picking horizons...
[13:30:39] [INFO ]   Computing NCC coherence (slow)...
[13:30:40] [INFO ]   Saving CNN section image...
[13:30:42] [INFO ]   Saved: f1088stk29_section_cnn.png  (2700x1500px)
[13:30:42] [INFO ]   Step 1 complete
[13:30:42] [INFO ] 
[13:30:42] [INFO ] STEP 2 — Fault detection
[13:30:42] [INFO ]   Mode: averaged SA (5 runs per seed)
[13:30:46] [INFO ]   Averaging SA over 5 runs per seed (23 seeds)
[13:30:47] [INFO ]     Seed 1/23 trace 8753: avg_prob=0.749 [PASS]
[13:30:49] [INFO ]     Seed 2/23 trace 1874: avg_prob=0.692 [PASS]
[13:30:50] [INFO ]     Seed 3/23 trace 8511: avg_prob=0.732 [PASS]
[13:30:51] [INFO ]     Seed 4/23 trace 740: avg_prob=0.736 [PASS]
[13:30:52] [INFO ]     Seed 5/23 trace 3513: avg_prob=0.679 [PASS]
[13:30:53] [INFO ]     Seed 6/23 trace 8263: avg_prob=0.696 [PASS]
[13:30:55] [INFO ]     Seed 7/23 trace 2093: avg_prob=0.691 [PASS]
[13:30:56] [INFO ]     Seed 8/23 trace 1523: avg_prob=0.713 [PASS]
[13:30:57] [INFO ]     Seed 9/23 trace 374: avg_prob=0.716 [PASS]
[13:30:58] [INFO ]     Seed 10/23 trace 3734: avg_prob=0.708 [PASS]
[13:30:59] [INFO ]     Seed 11/23 trace 8061: avg_prob=0.691 [PASS]
[13:31:01] [INFO ]     Seed 12/23 trace 7626: avg_prob=0.677 [PASS]
[13:31:02] [INFO ]     Seed 13/23 trace 1058: avg_prob=0.704 [PASS]
[13:31:03] [INFO ]     Seed 14/23 trace 2968: avg_prob=0.663 [PASS]
[13:31:04] [INFO ]     Seed 15/23 trace 4009: avg_prob=0.676 [PASS]
[13:31:06] [INFO ]     Seed 16/23 trace 1301: avg_prob=0.691 [PASS]
[13:31:07] [INFO ]     Seed 17/23 trace 7828: avg_prob=0.660 [PASS]
[13:31:08] [INFO ]     Seed 18/23 trace 5358: avg_prob=0.669 [PASS]
[13:31:09] [INFO ]     Seed 19/23 trace 4268: avg_prob=0.677 [PASS]
[13:31:10] [INFO ]     Seed 20/23 trace 3202: avg_prob=0.661 [PASS]
[13:31:12] [INFO ]     Seed 21/23 trace 5072: avg_prob=0.670 [PASS]
[13:31:13] [INFO ]     Seed 22/23 trace 7320: avg_prob=0.639 [PASS]
[13:31:14] [INFO ]     Seed 23/23 trace 2751: avg_prob=0.680 [PASS]
[13:31:14] [INFO ]   Detected 0 high-confidence faults
[13:31:14] [INFO ]   Step 2 complete
[13:31:14] [INFO ] 
[13:31:14] [INFO ] STEP 3 — Bounding boxes
[13:31:14] [INFO ]   Generated 0 boxes
[13:31:14] [INFO ]   Step 3 complete
[13:31:14] [INFO ] 
[13:31:14] [INFO ] STEP 4 — Dataset building
[13:31:14] [INFO ]   Saving labeled review image...
[13:31:14] [INFO ]   Saved: f1088stk29_labeled.png
[13:31:14] [INFO ]   Split: train
[13:31:14] [INFO ]   Added 0 annotations to train.json
[13:31:14] [INFO ]   train.json: 23 images, 11 annotations
[13:31:14] [INFO ]   val.json:   6 images,  3 annotations
[13:31:14] [INFO ]   Step 4 complete
[13:31:14] [INFO ] 
[13:31:14] [INFO ]   DONE  f1088stk29  →  train  |  0 faults  |  0 boxes
[13:31:14] [INFO ] 
[13:31:14] [INFO ] ──────────────────────────────────────────────────
[13:31:14] [INFO ]   LINE: f1088stk30
[13:31:14] [INFO ] ──────────────────────────────────────────────────
[13:31:14] [INFO ] Dataset  : namss.F-10-88-HW.mcs.airgun
[13:31:14] [INFO ] SGY      : ../../airgun_data/namss.F-10-88-HW.mcs.airgun/Data/f1088stk30.sgy
[13:31:14] [INFO ] NAV      : ../../airgun_data/namss.F-10-88-HW.mcs.airgun/Navigation/f-10-88-hw_NAV-WGS84.csv
[13:31:14] [INFO ] SA mode  : averaged 5x 
[13:31:14] [INFO ] 
[13:31:14] [INFO ] STEP 1 — Feature extraction
[13:31:14] [INFO ]   Loading navigation...
[13:31:14] [INFO ]   Loading SEG-Y...
[13:31:14] [INFO ]   Traces: 1693  Samples: 2500  dt: 4.000 ms
[13:31:14] [INFO ]   Depth:  0.0 m → 7497.0 m
[13:31:14] [INFO ]   Matching traces to navigation...
[13:31:15] [INFO ]   NAV line matched via translation: 'f1088stk30' -> '30'
[13:31:15] [INFO ]   Matched 1693 / 1693 traces
[13:31:15] [INFO ]   Bandpass filtering...
[13:31:15] [INFO ]   Computing seismic attributes...
[13:31:15] [INFO ]   Picking seafloor...
[13:31:15] [INFO ]   Seafloor depth: 660–4338 m  (0 shallow traces masked)
[13:31:15] [INFO ]   Picking horizons...
[13:31:15] [INFO ]   Computing NCC coherence (slow)...
[13:31:15] [INFO ]   Saving CNN section image...
[13:31:16] [INFO ]   Saved: f1088stk30_section_cnn.png  (2700x1500px)
[13:31:16] [INFO ]   Step 1 complete
[13:31:16] [INFO ] 
[13:31:16] [INFO ] STEP 2 — Fault detection
[13:31:16] [INFO ]   Mode: averaged SA (5 runs per seed)
[13:31:16] [INFO ]   Averaging SA over 5 runs per seed (5 seeds)
[13:31:17] [INFO ]     Seed 1/5 trace 1223: avg_prob=0.689 [PASS]
[13:31:19] [INFO ]     Seed 2/5 trace 1653: avg_prob=0.746 [PASS]
[13:31:20] [INFO ]     Seed 3/5 trace 1429: avg_prob=0.670 [PASS]
[13:31:21] [INFO ]     Seed 4/5 trace 804: avg_prob=0.733 [PASS]
[13:31:22] [INFO ]     Seed 5/5 trace 298: avg_prob=0.623 [PASS]
[13:31:22] [INFO ]   Detected 0 high-confidence faults
[13:31:22] [INFO ]   Step 2 complete
[13:31:22] [INFO ] 
[13:31:22] [INFO ] STEP 3 — Bounding boxes
[13:31:22] [INFO ]   Generated 0 boxes
[13:31:22] [INFO ]   Step 3 complete
[13:31:22] [INFO ] 
[13:31:22] [INFO ] STEP 4 — Dataset building
[13:31:22] [INFO ]   Saving labeled review image...
[13:31:22] [INFO ]   Saved: f1088stk30_labeled.png
[13:31:22] [INFO ]   Split: train
[13:31:22] [INFO ]   Added 0 annotations to train.json
[13:31:22] [INFO ]   train.json: 24 images, 11 annotations
[13:31:22] [INFO ]   val.json:   6 images,  3 annotations
[13:31:22] [INFO ]   Step 4 complete
[13:31:22] [INFO ] 
[13:31:22] [INFO ]   DONE  f1088stk30  →  train  |  0 faults  |  0 boxes
[13:31:22] [INFO ] 
[13:31:22] [INFO ] ──────────────────────────────────────────────────
[13:31:22] [INFO ]   LINE: f1088stk31
[13:31:22] [INFO ] ──────────────────────────────────────────────────
[13:31:22] [INFO ] Dataset  : namss.F-10-88-HW.mcs.airgun
[13:31:22] [INFO ] SGY      : ../../airgun_data/namss.F-10-88-HW.mcs.airgun/Data/f1088stk31.sgy
[13:31:22] [INFO ] NAV      : ../../airgun_data/namss.F-10-88-HW.mcs.airgun/Navigation/f-10-88-hw_NAV-WGS84.csv
[13:31:22] [INFO ] SA mode  : averaged 5x 
[13:31:22] [INFO ] 
[13:31:22] [INFO ] STEP 1 — Feature extraction
[13:31:22] [INFO ]   Loading navigation...
[13:31:22] [INFO ]   Loading SEG-Y...
[13:31:22] [INFO ]   Traces: 1416  Samples: 2250  dt: 4.000 ms
[13:31:22] [INFO ]   Depth:  0.0 m → 6747.0 m
[13:31:22] [INFO ]   Matching traces to navigation...
[13:31:22] [INFO ]   NAV line matched via translation: 'f1088stk31' -> '31'
[13:31:23] [INFO ]   Matched 1416 / 1416 traces
[13:31:23] [INFO ]   Bandpass filtering...
[13:31:23] [INFO ]   Computing seismic attributes...
[13:31:23] [INFO ]   Picking seafloor...
[13:31:23] [INFO ]   Seafloor depth: 798–3618 m  (0 shallow traces masked)
[13:31:23] [INFO ]   Picking horizons...
[13:31:23] [INFO ]   Computing NCC coherence (slow)...
[13:31:23] [INFO ]   Saving CNN section image...
[13:31:23] [INFO ]   Saved: f1088stk31_section_cnn.png  (2700x1500px)
[13:31:23] [INFO ]   Step 1 complete
[13:31:23] [INFO ] 
[13:31:23] [INFO ] STEP 2 — Fault detection
[13:31:23] [INFO ]   Mode: averaged SA (5 runs per seed)
[13:31:24] [INFO ]   Averaging SA over 5 runs per seed (5 seeds)
[13:31:25] [INFO ]     Seed 1/5 trace 879: avg_prob=0.612 [PASS]
[13:31:27] [INFO ]     Seed 2/5 trace 353: avg_prob=0.678 [PASS]
[13:31:28] [INFO ]     Seed 3/5 trace 95: avg_prob=0.662 [PASS]
[13:31:29] [INFO ]     Seed 4/5 trace 1153: avg_prob=0.621 [PASS]
[13:31:30] [INFO ]     Seed 5/5 trace 578: avg_prob=0.691 [PASS]
[13:31:30] [INFO ]   Detected 0 high-confidence faults
[13:31:30] [INFO ]   Step 2 complete
[13:31:30] [INFO ] 
[13:31:30] [INFO ] STEP 3 — Bounding boxes
[13:31:30] [INFO ]   Generated 0 boxes
[13:31:30] [INFO ]   Step 3 complete
[13:31:30] [INFO ] 
[13:31:30] [INFO ] STEP 4 — Dataset building
[13:31:30] [INFO ]   Saving labeled review image...
[13:31:30] [INFO ]   Saved: f1088stk31_labeled.png
[13:31:30] [INFO ]   Split: val
[13:31:30] [INFO ]   Added 0 annotations to val.json
[13:31:30] [INFO ]   train.json: 24 images, 11 annotations
[13:31:30] [INFO ]   val.json:   7 images,  3 annotations
[13:31:30] [INFO ]   Step 4 complete
[13:31:30] [INFO ] 
[13:31:30] [INFO ]   DONE  f1088stk31  →  val  |  0 faults  |  0 boxes
[13:31:30] [INFO ] 
[13:31:30] [INFO ] ──────────────────────────────────────────────────
[13:31:30] [INFO ]   LINE: f1088stk32
[13:31:30] [INFO ] ──────────────────────────────────────────────────
[13:31:30] [INFO ] Dataset  : namss.F-10-88-HW.mcs.airgun
[13:31:30] [INFO ] SGY      : ../../airgun_data/namss.F-10-88-HW.mcs.airgun/Data/f1088stk32.sgy
[13:31:30] [INFO ] NAV      : ../../airgun_data/namss.F-10-88-HW.mcs.airgun/Navigation/f-10-88-hw_NAV-WGS84.csv
[13:31:30] [INFO ] SA mode  : averaged 5x 
[13:31:30] [INFO ] 
[13:31:30] [INFO ] STEP 1 — Feature extraction
[13:31:30] [INFO ]   Loading navigation...
[13:31:30] [INFO ]   Loading SEG-Y...
[13:31:30] [INFO ]   Traces: 3591  Samples: 2750  dt: 4.000 ms
[13:31:30] [INFO ]   Depth:  0.0 m → 8247.0 m
[13:31:30] [INFO ]   Matching traces to navigation...
[13:31:30] [INFO ]   NAV line matched via translation: 'f1088stk32' -> '32'
[13:31:31] [INFO ]   Matched 3591 / 3591 traces
[13:31:31] [INFO ]   Bandpass filtering...
[13:31:31] [INFO ]   Computing seismic attributes...
[13:31:31] [INFO ]   Picking seafloor...
[13:31:32] [INFO ]   Seafloor depth: 3009–4569 m  (0 shallow traces masked)
[13:31:32] [INFO ]   Picking horizons...
[13:31:32] [INFO ]   Computing NCC coherence (slow)...
[13:31:32] [INFO ]   Saving CNN section image...
[13:31:33] [INFO ]   Saved: f1088stk32_section_cnn.png  (2700x1500px)
[13:31:33] [INFO ]   Step 1 complete
[13:31:33] [INFO ] 
[13:31:33] [INFO ] STEP 2 — Fault detection
[13:31:33] [INFO ]   Mode: averaged SA (5 runs per seed)
[13:31:35] [INFO ]   Averaging SA over 5 runs per seed (7 seeds)
[13:31:36] [INFO ]     Seed 1/7 trace 19: avg_prob=0.740 [PASS]
[13:31:37] [INFO ]     Seed 2/7 trace 896: avg_prob=0.706 [PASS]
[13:31:38] [INFO ]     Seed 3/7 trace 537: avg_prob=0.753 [PASS]
[13:31:40] [INFO ]     Seed 4/7 trace 3370: avg_prob=0.723 [PASS]
[13:31:41] [INFO ]     Seed 5/7 trace 1143: avg_prob=0.715 [PASS]
[13:31:42] [INFO ]     Seed 6/7 trace 294: avg_prob=0.721 [PASS]
[13:31:43] [INFO ]     Seed 7/7 trace 3115: avg_prob=0.690 [PASS]
[13:31:43] [INFO ]   Detected 1 high-confidence faults
[13:31:43] [INFO ]     Fault  1 | trace ~  539 | prob=0.753
[13:31:43] [INFO ]   Step 2 complete
[13:31:43] [INFO ] 
[13:31:43] [INFO ] STEP 3 — Bounding boxes
[13:31:43] [INFO ]   Box  1 | [355, 668, 103w, 128h px]
[13:31:43] [INFO ]   Generated 1 boxes
[13:31:43] [INFO ]   Step 3 complete
[13:31:43] [INFO ] 
[13:31:43] [INFO ] STEP 4 — Dataset building
[13:31:43] [INFO ]   Saving labeled review image...
[13:31:44] [INFO ]   Saved: f1088stk32_labeled.png
[13:31:44] [INFO ]   Split: train
[13:31:44] [INFO ]   Added 1 annotations to train.json
[13:31:44] [INFO ]   train.json: 25 images, 12 annotations
[13:31:44] [INFO ]   val.json:   7 images,  3 annotations
[13:31:44] [INFO ]   Step 4 complete
[13:31:44] [INFO ] 
[13:31:44] [INFO ]   DONE  f1088stk32  →  train  |  1 faults  |  1 boxes
[13:31:44] [INFO ] 
[13:31:44] [INFO ] ──────────────────────────────────────────────────
[13:31:44] [INFO ]   LINE: f1088stk33
[13:31:44] [INFO ] ──────────────────────────────────────────────────
[13:31:44] [INFO ] Dataset  : namss.F-10-88-HW.mcs.airgun
[13:31:44] [INFO ] SGY      : ../../airgun_data/namss.F-10-88-HW.mcs.airgun/Data/f1088stk33.sgy
[13:31:44] [INFO ] NAV      : ../../airgun_data/namss.F-10-88-HW.mcs.airgun/Navigation/f-10-88-hw_NAV-WGS84.csv
[13:31:44] [INFO ] SA mode  : averaged 5x 
[13:31:44] [INFO ] 
[13:31:44] [INFO ] STEP 1 — Feature extraction
[13:31:44] [INFO ]   Loading navigation...
[13:31:44] [INFO ]   Loading SEG-Y...
[13:31:44] [INFO ]   Traces: 891  Samples: 2750  dt: 4.000 ms
[13:31:44] [INFO ]   Depth:  0.0 m → 8247.0 m
[13:31:44] [INFO ]   Matching traces to navigation...
[13:31:44] [INFO ]   NAV line matched via translation: 'f1088stk33' -> '33'
[13:31:44] [INFO ]   Matched 891 / 891 traces
[13:31:44] [INFO ]   Bandpass filtering...
[13:31:44] [INFO ]   Computing seismic attributes...
[13:31:44] [INFO ]   Picking seafloor...
[13:31:44] [INFO ]   Seafloor depth: 4248–4422 m  (0 shallow traces masked)
[13:31:44] [INFO ]   Picking horizons...
[13:31:44] [INFO ]   Computing NCC coherence (slow)...
[13:31:44] [INFO ]   Saving CNN section image...
[13:31:44] [INFO ]   Saved: f1088stk33_section_cnn.png  (2700x1500px)
[13:31:44] [INFO ]   Step 1 complete
[13:31:44] [INFO ] 
[13:31:44] [INFO ] STEP 2 — Fault detection
[13:31:44] [INFO ]   Mode: averaged SA (5 runs per seed)
[13:31:45] [INFO ]   Averaging SA over 5 runs per seed (3 seeds)
[13:31:46] [INFO ]     Seed 1/3 trace 469: avg_prob=0.685 [PASS]
[13:31:47] [INFO ]     Seed 2/3 trace 732: avg_prob=0.665 [PASS]
[13:31:49] [INFO ]     Seed 3/3 trace 248: avg_prob=0.643 [PASS]
[13:31:49] [INFO ]   Detected 0 high-confidence faults
[13:31:49] [INFO ]   Step 2 complete
[13:31:49] [INFO ] 
[13:31:49] [INFO ] STEP 3 — Bounding boxes
[13:31:49] [INFO ]   Generated 0 boxes
[13:31:49] [INFO ]   Step 3 complete
[13:31:49] [INFO ] 
[13:31:49] [INFO ] STEP 4 — Dataset building
[13:31:49] [INFO ]   Saving labeled review image...
[13:31:49] [INFO ]   Saved: f1088stk33_labeled.png
[13:31:49] [INFO ]   Split: train
[13:31:49] [INFO ]   Added 0 annotations to train.json
[13:31:49] [INFO ]   train.json: 26 images, 12 annotations
[13:31:49] [INFO ]   val.json:   7 images,  3 annotations
[13:31:49] [INFO ]   Step 4 complete
[13:31:49] [INFO ] 
[13:31:49] [INFO ]   DONE  f1088stk33  →  train  |  0 faults  |  0 boxes
[13:31:49] [INFO ] 
[13:31:49] [INFO ] ──────────────────────────────────────────────────
[13:31:49] [INFO ]   LINE: f1088stk34
[13:31:49] [INFO ] ──────────────────────────────────────────────────
[13:31:49] [INFO ] Dataset  : namss.F-10-88-HW.mcs.airgun
[13:31:49] [INFO ] SGY      : ../../airgun_data/namss.F-10-88-HW.mcs.airgun/Data/f1088stk34.sgy
[13:31:49] [INFO ] NAV      : ../../airgun_data/namss.F-10-88-HW.mcs.airgun/Navigation/f-10-88-hw_NAV-WGS84.csv
[13:31:49] [INFO ] SA mode  : averaged 5x 
[13:31:49] [INFO ] 
[13:31:49] [INFO ] STEP 1 — Feature extraction
[13:31:49] [INFO ]   Loading navigation...
[13:31:49] [INFO ]   Loading SEG-Y...
[13:31:49] [INFO ]   Traces: 2521  Samples: 2750  dt: 4.000 ms
[13:31:49] [INFO ]   Depth:  0.0 m → 8247.0 m
[13:31:49] [INFO ]   Matching traces to navigation...
[13:31:49] [INFO ]   NAV line matched via translation: 'f1088stk34' -> '34'
[13:31:49] [INFO ]   Matched 2521 / 2521 traces
[13:31:49] [INFO ]   Bandpass filtering...
[13:31:49] [INFO ]   Computing seismic attributes...
[13:31:49] [INFO ]   Picking seafloor...
[13:31:50] [INFO ]   Seafloor depth: 3624–4557 m  (0 shallow traces masked)
[13:31:50] [INFO ]   Picking horizons...
[13:31:50] [INFO ]   Computing NCC coherence (slow)...
[13:31:50] [INFO ]   Saving CNN section image...
[13:31:51] [INFO ]   Saved: f1088stk34_section_cnn.png  (2700x1500px)
[13:31:51] [INFO ]   Step 1 complete
[13:31:51] [INFO ] 
[13:31:51] [INFO ] STEP 2 — Fault detection
[13:31:51] [INFO ]   Mode: averaged SA (5 runs per seed)
[13:31:51] [INFO ]   Averaging SA over 5 runs per seed (5 seeds)
[13:31:53] [INFO ]     Seed 1/5 trace 2498: avg_prob=0.754 [PASS]
[13:31:54] [INFO ]     Seed 2/5 trace 2262: avg_prob=0.739 [PASS]
[13:31:55] [INFO ]     Seed 3/5 trace 659: avg_prob=0.717 [PASS]
[13:31:56] [INFO ]     Seed 4/5 trace 188: avg_prob=0.725 [PASS]
[13:31:58] [INFO ]     Seed 5/5 trace 1267: avg_prob=0.696 [PASS]
[13:31:58] [INFO ]   Detected 1 high-confidence faults
[13:31:58] [INFO ]     Fault  1 | trace ~ 2496 | prob=0.754
[13:31:58] [INFO ]   Step 2 complete
[13:31:58] [INFO ] 
[13:31:58] [INFO ] STEP 3 — Bounding boxes
[13:31:58] [INFO ]   Box  1 | [2608, 653, 92w, 122h px]
[13:31:58] [INFO ]   Generated 1 boxes
[13:31:58] [INFO ]   Step 3 complete
[13:31:58] [INFO ] 
[13:31:58] [INFO ] STEP 4 — Dataset building
[13:31:58] [INFO ]   Saving labeled review image...
[13:31:58] [INFO ]   Saved: f1088stk34_labeled.png
[13:31:58] [INFO ]   Split: train
[13:31:58] [INFO ]   Added 1 annotations to train.json
[13:31:58] [INFO ]   train.json: 27 images, 13 annotations
[13:31:58] [INFO ]   val.json:   7 images,  3 annotations
[13:31:58] [INFO ]   Step 4 complete
[13:31:58] [INFO ] 
[13:31:58] [INFO ]   DONE  f1088stk34  →  train  |  1 faults  |  1 boxes
[13:31:58] [INFO ] 
[13:31:58] [INFO ] ──────────────────────────────────────────────────
[13:31:58] [INFO ]   LINE: f1289stk01
[13:31:58] [INFO ] ──────────────────────────────────────────────────
[13:31:58] [INFO ] Dataset  : namss.F-12-89-HW.mcs.airgun
[13:31:58] [INFO ] SGY      : ../../airgun_data/namss.F-12-89-HW.mcs.airgun/Data/f1289stk01.sgy
[13:31:58] [INFO ] NAV      : ../../airgun_data/namss.F-12-89-HW.mcs.airgun/Navigation/f-12-89-hw_NAV-WGS84.csv
[13:31:58] [INFO ] SA mode  : averaged 5x 
[13:31:58] [INFO ] 
[13:31:58] [INFO ] STEP 1 — Feature extraction
[13:31:58] [INFO ]   Loading navigation...
[13:31:58] [INFO ]   Loading SEG-Y...
[13:31:58] [INFO ]   Traces: 6864  Samples: 2750  dt: 4.000 ms
[13:31:58] [INFO ]   Depth:  0.0 m → 8247.0 m
[13:31:58] [INFO ]   Matching traces to navigation...
[13:31:58] [INFO ]   NAV line matched via translation: 'f1289stk01' -> '1'
[13:31:59] [INFO ]   Matched 6864 / 6864 traces
[13:31:59] [INFO ]   Bandpass filtering...
[13:31:59] [INFO ]   Computing seismic attributes...
[13:32:00] [INFO ]   Picking seafloor...
[13:32:00] [INFO ]   Seafloor depth: 345–4365 m  (237 shallow traces masked)
[13:32:00] [INFO ]   Picking horizons...
[13:32:01] [INFO ]   Computing NCC coherence (slow)...
[13:32:01] [INFO ]   Saving CNN section image...
[13:32:03] [INFO ]   Saved: f1289stk01_section_cnn.png  (2700x1500px)
[13:32:03] [INFO ]   Step 1 complete
[13:32:03] [INFO ] 
[13:32:03] [INFO ] STEP 2 — Fault detection
[13:32:03] [INFO ]   Mode: averaged SA (5 runs per seed)
[13:32:06] [INFO ]   Averaging SA over 5 runs per seed (14 seeds)
[13:32:08] [INFO ]     Seed 1/14 trace 4895: avg_prob=0.747 [PASS]
[13:32:09] [INFO ]     Seed 2/14 trace 3647: avg_prob=0.579 [PASS]
[13:32:10] [INFO ]     Seed 3/14 trace 6768: avg_prob=0.679 [PASS]
[13:32:11] [INFO ]     Seed 4/14 trace 5133: avg_prob=0.667 [PASS]
[13:32:13] [INFO ]     Seed 5/14 trace 6101: avg_prob=0.620 [PASS]
[13:32:14] [INFO ]     Seed 6/14 trace 4664: avg_prob=0.558 [PASS]
[13:32:15] [INFO ]     Seed 7/14 trace 3941: avg_prob=0.659 [PASS]
[13:32:16] [INFO ]     Seed 8/14 trace 6548: avg_prob=0.573 [PASS]
[13:32:17] [INFO ]     Seed 9/14 trace 3192: avg_prob=0.631 [PASS]
[13:32:19] [INFO ]     Seed 10/14 trace 5385: avg_prob=0.577 [PASS]
[13:32:20] [INFO ]     Seed 11/14 trace 5727: avg_prob=0.653 [PASS]
[13:32:21] [INFO ]     Seed 12/14 trace 4409: avg_prob=0.645 [PASS]
[13:32:22] [INFO ]     Seed 13/14 trace 421: avg_prob=0.615 [PASS]
[13:32:24] [INFO ]     Seed 14/14 trace 1989: avg_prob=0.614 [PASS]
[13:32:24] [INFO ]   Detected 0 high-confidence faults
[13:32:24] [INFO ]   Step 2 complete
[13:32:24] [INFO ] 
[13:32:24] [INFO ] STEP 3 — Bounding boxes
[13:32:24] [INFO ]   Generated 0 boxes
[13:32:24] [INFO ]   Step 3 complete
[13:32:24] [INFO ] 
[13:32:24] [INFO ] STEP 4 — Dataset building
[13:32:24] [INFO ]   Saving labeled review image...
[13:32:24] [INFO ]   Saved: f1289stk01_labeled.png
[13:32:24] [INFO ]   Split: train
[13:32:24] [INFO ]   Added 0 annotations to train.json
[13:32:24] [INFO ]   train.json: 28 images, 13 annotations
[13:32:24] [INFO ]   val.json:   7 images,  3 annotations
[13:32:24] [INFO ]   Step 4 complete
[13:32:24] [INFO ] 
[13:32:24] [INFO ]   DONE  f1289stk01  →  train  |  0 faults  |  0 boxes
[13:32:24] [INFO ] 
[13:32:24] [INFO ] ──────────────────────────────────────────────────
[13:32:24] [INFO ]   LINE: f1289stk02
[13:32:24] [INFO ] ──────────────────────────────────────────────────
[13:32:24] [INFO ] Dataset  : namss.F-12-89-HW.mcs.airgun
[13:32:24] [INFO ] SGY      : ../../airgun_data/namss.F-12-89-HW.mcs.airgun/Data/f1289stk02.sgy
[13:32:24] [INFO ] NAV      : ../../airgun_data/namss.F-12-89-HW.mcs.airgun/Navigation/f-12-89-hw_NAV-WGS84.csv
[13:32:24] [INFO ] SA mode  : averaged 5x 
[13:32:24] [INFO ] 
[13:32:24] [INFO ] STEP 1 — Feature extraction
[13:32:24] [INFO ]   Loading navigation...
[13:32:24] [INFO ]   Loading SEG-Y...
[13:32:24] [INFO ]   Traces: 730  Samples: 1750  dt: 4.000 ms
[13:32:24] [INFO ]   Depth:  0.0 m → 5247.0 m
[13:32:24] [INFO ]   Matching traces to navigation...
[13:32:24] [INFO ]   NAV line matched via translation: 'f1289stk02' -> '2'
[13:32:24] [INFO ]   Matched 730 / 730 traces
[13:32:24] [INFO ]   Bandpass filtering...
[13:32:24] [INFO ]   Computing seismic attributes...
[13:32:24] [INFO ]   Picking seafloor...
[13:32:24] [INFO ]   Seafloor depth: 891–1149 m  (0 shallow traces masked)
[13:32:24] [INFO ]   Picking horizons...
[13:32:24] [INFO ]   Computing NCC coherence (slow)...
[13:32:24] [INFO ]   Saving CNN section image...
[13:32:25] [INFO ]   Saved: f1289stk02_section_cnn.png  (2700x1500px)
[13:32:25] [INFO ]   Step 1 complete
[13:32:25] [INFO ] 
[13:32:25] [INFO ] STEP 2 — Fault detection
[13:32:25] [INFO ]   Mode: averaged SA (5 runs per seed)
[13:32:25] [INFO ]   Averaging SA over 5 runs per seed (3 seeds)
[13:35:05] [INFO ]     Seed 1/3 trace 157: avg_prob=0.713 [PASS]
[13:35:06] [INFO ]     Seed 2/3 trace 683: avg_prob=0.711 [PASS]
[13:35:07] [INFO ]     Seed 3/3 trace 452: avg_prob=0.707 [PASS]
[13:35:07] [INFO ]   Detected 0 high-confidence faults
[13:35:07] [INFO ]   Step 2 complete
[13:35:07] [INFO ] 
[13:35:07] [INFO ] STEP 3 — Bounding boxes
[13:35:07] [INFO ]   Generated 0 boxes
[13:35:07] [INFO ]   Step 3 complete
[13:35:07] [INFO ] 
[13:35:07] [INFO ] STEP 4 — Dataset building
[13:35:07] [INFO ]   Saving labeled review image...
[13:35:07] [INFO ]   Saved: f1289stk02_labeled.png
[13:35:07] [INFO ]   Split: val
[13:35:07] [INFO ]   Added 0 annotations to val.json
[13:35:07] [INFO ]   train.json: 28 images, 13 annotations
[13:35:07] [INFO ]   val.json:   8 images,  3 annotations
[13:35:07] [INFO ]   Step 4 complete
[13:35:07] [INFO ] 
[13:35:07] [INFO ]   DONE  f1289stk02  →  val  |  0 faults  |  0 boxes
[13:35:07] [INFO ] 
[13:35:07] [INFO ] ──────────────────────────────────────────────────
[13:35:07] [INFO ]   LINE: f1289stk03
[13:35:07] [INFO ] ──────────────────────────────────────────────────
[13:35:07] [INFO ] Dataset  : namss.F-12-89-HW.mcs.airgun
[13:35:07] [INFO ] SGY      : ../../airgun_data/namss.F-12-89-HW.mcs.airgun/Data/f1289stk03.sgy
[13:35:07] [INFO ] NAV      : ../../airgun_data/namss.F-12-89-HW.mcs.airgun/Navigation/f-12-89-hw_NAV-WGS84.csv
[13:35:07] [INFO ] SA mode  : averaged 5x 
[13:35:07] [INFO ] 
[13:35:07] [INFO ] STEP 1 — Feature extraction
[13:35:07] [INFO ]   Loading navigation...
[13:35:07] [INFO ]   Loading SEG-Y...
[13:35:07] [INFO ]   Traces: 715  Samples: 2750  dt: 4.000 ms
[13:35:07] [INFO ]   Depth:  0.0 m → 8247.0 m
[13:35:07] [INFO ]   Matching traces to navigation...
[13:35:07] [INFO ]   NAV line matched via translation: 'f1289stk03' -> '3'
[13:35:07] [INFO ]   Matched 0 / 715 traces
[13:35:07] [ERROR] SKIPPING f1289stk03 (namss.F-12-89-HW.mcs.airgun): No traces matched navigation — check line name vs NAV file.
[13:35:07] [ERROR]   Traceback (most recent call last):
[13:35:07] [ERROR]     File "/Users/lennylukach/Personal/School/CS4100/namss/pipeline/src/pipeline.py", line 848, in <module>
[13:35:07] [ERROR]       process_line(line, sgy_path, nav_path, dataset)
[13:35:07] [ERROR]     File "/Users/lennylukach/Personal/School/CS4100/namss/pipeline/src/pipeline.py", line 431, in process_line
[13:35:07] [ERROR]       raise RuntimeError(
[13:35:07] [ERROR]   RuntimeError: No traces matched navigation — check line name vs NAV file.
[13:35:07] [INFO ] 
[13:35:07] [INFO ] ──────────────────────────────────────────────────
[13:35:07] [INFO ]   LINE: f1289stk04
[13:35:07] [INFO ] ──────────────────────────────────────────────────
[13:35:07] [INFO ] Dataset  : namss.F-12-89-HW.mcs.airgun
[13:35:07] [INFO ] SGY      : ../../airgun_data/namss.F-12-89-HW.mcs.airgun/Data/f1289stk04.sgy
[13:35:07] [INFO ] NAV      : ../../airgun_data/namss.F-12-89-HW.mcs.airgun/Navigation/f-12-89-hw_NAV-WGS84.csv
[13:35:07] [INFO ] SA mode  : averaged 5x 
[13:35:07] [INFO ] 
[13:35:07] [INFO ] STEP 1 — Feature extraction
[13:35:07] [INFO ]   Loading navigation...
[13:35:07] [INFO ]   Loading SEG-Y...
[13:35:07] [INFO ]   Traces: 5992  Samples: 2500  dt: 4.000 ms
[13:35:07] [INFO ]   Depth:  0.0 m → 7497.0 m
[13:35:07] [INFO ]   Matching traces to navigation...
[13:35:07] [INFO ]   NAV line matched via translation: 'f1289stk04' -> '4'
[13:35:08] [INFO ]   Matched 5992 / 5992 traces
[13:35:08] [INFO ]   Bandpass filtering...
[13:35:08] [INFO ]   Computing seismic attributes...
[13:35:09] [INFO ]   Picking seafloor...
[13:35:09] [INFO ]   Seafloor depth: 0–4122 m  (10 shallow traces masked)
[13:35:09] [INFO ]   Picking horizons...
[13:35:10] [INFO ]   Computing NCC coherence (slow)...
[13:35:11] [INFO ]   Saving CNN section image...
[13:35:12] [INFO ]   Saved: f1289stk04_section_cnn.png  (2700x1500px)
[13:35:12] [INFO ]   Step 1 complete
[13:35:12] [INFO ] 
[13:35:12] [INFO ] STEP 2 — Fault detection
[13:35:12] [INFO ]   Mode: averaged SA (5 runs per seed)
[13:43:15] [INFO ]   Averaging SA over 5 runs per seed (13 seeds)
[13:43:17] [INFO ]     Seed 1/13 trace 5832: avg_prob=0.744 [PASS]
[13:43:18] [INFO ]     Seed 2/13 trace 2122: avg_prob=0.699 [PASS]
[13:43:19] [INFO ]     Seed 3/13 trace 5159: avg_prob=0.673 [PASS]
[13:43:20] [INFO ]     Seed 4/13 trace 1606: avg_prob=0.670 [PASS]
[13:43:21] [INFO ]     Seed 5/13 trace 5364: avg_prob=0.648 [PASS]
[13:43:22] [INFO ]     Seed 6/13 trace 2440: avg_prob=0.649 [PASS]
[13:43:24] [INFO ]     Seed 7/13 trace 2875: avg_prob=0.635 [PASS]
[13:43:25] [INFO ]     Seed 8/13 trace 3615: avg_prob=0.623 [PASS]
[13:43:26] [INFO ]     Seed 9/13 trace 1854: avg_prob=0.659 [PASS]
[13:43:27] [INFO ]     Seed 10/13 trace 66: avg_prob=0.623 [PASS]
[13:43:28] [INFO ]     Seed 11/13 trace 3361: avg_prob=0.591 [PASS]
[13:43:30] [INFO ]     Seed 12/13 trace 2651: avg_prob=0.641 [PASS]
[13:43:31] [INFO ]     Seed 13/13 trace 465: avg_prob=0.603 [PASS]
[13:43:31] [INFO ]   Detected 0 high-confidence faults
[13:43:31] [INFO ]   Step 2 complete
[13:43:31] [INFO ] 
[13:43:31] [INFO ] STEP 3 — Bounding boxes
[13:43:31] [INFO ]   Generated 0 boxes
[13:43:31] [INFO ]   Step 3 complete
[13:43:31] [INFO ] 
[13:43:31] [INFO ] STEP 4 — Dataset building
[13:43:31] [INFO ]   Saving labeled review image...
[13:43:31] [INFO ]   Saved: f1289stk04_labeled.png
[13:43:31] [INFO ]   Split: train
[13:43:31] [INFO ]   Added 0 annotations to train.json
[13:43:31] [INFO ]   train.json: 29 images, 13 annotations
[13:43:31] [INFO ]   val.json:   8 images,  3 annotations
[13:43:31] [INFO ]   Step 4 complete
[13:43:31] [INFO ] 
[13:43:31] [INFO ]   DONE  f1289stk04  →  train  |  0 faults  |  0 boxes
[13:43:31] [INFO ] 
[13:43:31] [INFO ] ──────────────────────────────────────────────────
[13:43:31] [INFO ]   LINE: f1289stk05
[13:43:31] [INFO ] ──────────────────────────────────────────────────
[13:43:31] [INFO ] Dataset  : namss.F-12-89-HW.mcs.airgun
[13:43:31] [INFO ] SGY      : ../../airgun_data/namss.F-12-89-HW.mcs.airgun/Data/f1289stk05.sgy
[13:43:31] [INFO ] NAV      : ../../airgun_data/namss.F-12-89-HW.mcs.airgun/Navigation/f-12-89-hw_NAV-WGS84.csv
[13:43:31] [INFO ] SA mode  : averaged 5x 
[13:43:31] [INFO ] 
[13:43:31] [INFO ] STEP 1 — Feature extraction
[13:43:31] [INFO ]   Loading navigation...
[13:43:31] [INFO ]   Loading SEG-Y...
[13:43:31] [INFO ]   Traces: 855  Samples: 1500  dt: 4.000 ms
[13:43:31] [INFO ]   Depth:  0.0 m → 4497.0 m
[13:43:31] [INFO ]   Matching traces to navigation...
[13:43:31] [INFO ]   NAV line matched via translation: 'f1289stk05' -> '5'
[13:43:31] [INFO ]   Matched 660 / 855 traces
[13:43:31] [INFO ]   Bandpass filtering...
[13:43:31] [INFO ]   Computing seismic attributes...
[13:43:31] [INFO ]   Picking seafloor...
[13:43:31] [INFO ]   Seafloor depth: 636–840 m  (0 shallow traces masked)
[13:43:31] [INFO ]   Picking horizons...
[13:43:31] [INFO ]   Computing NCC coherence (slow)...
[13:43:31] [INFO ]   Saving CNN section image...
[13:43:32] [INFO ]   Saved: f1289stk05_section_cnn.png  (2700x1500px)
[13:43:32] [INFO ]   Step 1 complete
[13:43:32] [INFO ] 
[13:43:32] [INFO ] STEP 2 — Fault detection
[13:43:32] [INFO ]   Mode: averaged SA (5 runs per seed)
[13:43:32] [INFO ]   Averaging SA over 5 runs per seed (3 seeds)
[13:43:33] [INFO ]     Seed 1/3 trace 10: avg_prob=0.641 [PASS]
[13:43:34] [INFO ]     Seed 2/3 trace 612: avg_prob=0.704 [PASS]
[13:43:35] [INFO ]     Seed 3/3 trace 225: avg_prob=0.667 [PASS]
[13:43:35] [INFO ]   Detected 0 high-confidence faults
[13:43:35] [INFO ]   Step 2 complete
[13:43:35] [INFO ] 
[13:43:35] [INFO ] STEP 3 — Bounding boxes
[13:43:35] [INFO ]   Generated 0 boxes
[13:43:35] [INFO ]   Step 3 complete
[13:43:35] [INFO ] 
[13:43:35] [INFO ] STEP 4 — Dataset building
[13:43:35] [INFO ]   Saving labeled review image...
[13:43:36] [INFO ]   Saved: f1289stk05_labeled.png
[13:43:36] [INFO ]   Split: train
[13:43:36] [INFO ]   Added 0 annotations to train.json
[13:43:36] [INFO ]   train.json: 30 images, 13 annotations
[13:43:36] [INFO ]   val.json:   8 images,  3 annotations
[13:43:36] [INFO ]   Step 4 complete
[13:43:36] [INFO ] 
[13:43:36] [INFO ]   DONE  f1289stk05  →  train  |  0 faults  |  0 boxes
[13:43:36] [INFO ] 
[13:43:36] [INFO ] ──────────────────────────────────────────────────
[13:43:36] [INFO ]   LINE: f1289stk06
[13:43:36] [INFO ] ──────────────────────────────────────────────────
[13:43:36] [INFO ] Dataset  : namss.F-12-89-HW.mcs.airgun
[13:43:36] [INFO ] SGY      : ../../airgun_data/namss.F-12-89-HW.mcs.airgun/Data/f1289stk06.sgy
[13:43:36] [INFO ] NAV      : ../../airgun_data/namss.F-12-89-HW.mcs.airgun/Navigation/f-12-89-hw_NAV-WGS84.csv
[13:43:36] [INFO ] SA mode  : averaged 5x 
[13:43:36] [INFO ] 
[13:43:36] [INFO ] STEP 1 — Feature extraction
[13:43:36] [INFO ]   Loading navigation...
[13:43:36] [INFO ]   Loading SEG-Y...
[13:43:36] [INFO ]   Traces: 12610  Samples: 2750  dt: 4.000 ms
[13:43:36] [INFO ]   Depth:  0.0 m → 8247.0 m
[13:43:36] [INFO ]   Matching traces to navigation...
[13:43:36] [INFO ]   NAV line matched via translation: 'f1289stk06' -> '6'
[13:43:37] [INFO ]   Matched 3892 / 12610 traces
[13:43:37] [INFO ]   Bandpass filtering...
[13:43:37] [INFO ]   Computing seismic attributes...
[13:43:37] [INFO ]   Picking seafloor...
[13:43:38] [INFO ]   Seafloor depth: 579–5151 m  (94 shallow traces masked)
[13:43:38] [INFO ]   Picking horizons...
[13:43:38] [INFO ]   Computing NCC coherence (slow)...
[13:43:38] [INFO ]   Saving CNN section image...
[13:43:39] [INFO ]   Saved: f1289stk06_section_cnn.png  (2700x1500px)
[13:43:39] [INFO ]   Step 1 complete
[13:43:39] [INFO ] 
[13:43:39] [INFO ] STEP 2 — Fault detection
[13:43:39] [INFO ]   Mode: averaged SA (5 runs per seed)
[13:43:41] [INFO ]   Averaging SA over 5 runs per seed (7 seeds)
[13:43:42] [INFO ]     Seed 1/7 trace 3512: avg_prob=0.692 [PASS]
[13:43:43] [INFO ]     Seed 2/7 trace 86: avg_prob=0.711 [PASS]
[13:43:45] [INFO ]     Seed 3/7 trace 3157: avg_prob=0.650 [PASS]
[13:43:46] [INFO ]     Seed 4/7 trace 399: avg_prob=0.652 [PASS]
[13:43:47] [INFO ]     Seed 5/7 trace 2326: avg_prob=0.619 [PASS]
[13:43:48] [INFO ]     Seed 6/7 trace 928: avg_prob=0.619 [PASS]
[13:43:49] [INFO ]     Seed 7/7 trace 644: avg_prob=0.611 [PASS]
[13:43:49] [INFO ]   Detected 0 high-confidence faults
[13:43:49] [INFO ]   Step 2 complete
[13:43:49] [INFO ] 
[13:43:49] [INFO ] STEP 3 — Bounding boxes
[13:43:49] [INFO ]   Generated 0 boxes
[13:43:49] [INFO ]   Step 3 complete
[13:43:49] [INFO ] 
[13:43:49] [INFO ] STEP 4 — Dataset building
[13:43:49] [INFO ]   Saving labeled review image...
[13:43:50] [INFO ]   Saved: f1289stk06_labeled.png
[13:43:50] [INFO ]   Split: train
[13:43:50] [INFO ]   Added 0 annotations to train.json
[13:43:50] [INFO ]   train.json: 31 images, 13 annotations
[13:43:50] [INFO ]   val.json:   8 images,  3 annotations
[13:43:50] [INFO ]   Step 4 complete
[13:43:50] [INFO ] 
[13:43:50] [INFO ]   DONE  f1289stk06  →  train  |  0 faults  |  0 boxes
[13:43:50] [INFO ] 
[13:43:50] [INFO ] ──────────────────────────────────────────────────
[13:43:50] [INFO ]   LINE: f1289stk07
[13:43:50] [INFO ] ──────────────────────────────────────────────────
[13:43:50] [INFO ] Dataset  : namss.F-12-89-HW.mcs.airgun
[13:43:50] [INFO ] SGY      : ../../airgun_data/namss.F-12-89-HW.mcs.airgun/Data/f1289stk07.sgy
[13:43:50] [INFO ] NAV      : ../../airgun_data/namss.F-12-89-HW.mcs.airgun/Navigation/f-12-89-hw_NAV-WGS84.csv
[13:43:50] [INFO ] SA mode  : averaged 5x 
[13:43:50] [INFO ] 
[13:43:50] [INFO ] STEP 1 — Feature extraction
[13:43:50] [INFO ]   Loading navigation...
[13:43:50] [INFO ]   Loading SEG-Y...
[13:43:50] [INFO ]   Traces: 598  Samples: 2250  dt: 4.000 ms
[13:43:50] [INFO ]   Depth:  0.0 m → 6747.0 m
[13:43:50] [INFO ]   Matching traces to navigation...
[13:43:50] [INFO ]   NAV line matched via translation: 'f1289stk07' -> '7'
[13:43:50] [INFO ]   Matched 0 / 598 traces
[13:43:50] [ERROR] SKIPPING f1289stk07 (namss.F-12-89-HW.mcs.airgun): No traces matched navigation — check line name vs NAV file.
[13:43:50] [ERROR]   Traceback (most recent call last):
[13:43:50] [ERROR]     File "/Users/lennylukach/Personal/School/CS4100/namss/pipeline/src/pipeline.py", line 848, in <module>
[13:43:50] [ERROR]       process_line(line, sgy_path, nav_path, dataset)
[13:43:50] [ERROR]     File "/Users/lennylukach/Personal/School/CS4100/namss/pipeline/src/pipeline.py", line 431, in process_line
[13:43:50] [ERROR]       raise RuntimeError(
[13:43:50] [ERROR]   RuntimeError: No traces matched navigation — check line name vs NAV file.
[13:43:50] [INFO ] 
[13:43:50] [INFO ] ──────────────────────────────────────────────────
[13:43:50] [INFO ]   LINE: f1289stk08
[13:43:50] [INFO ] ──────────────────────────────────────────────────
[13:43:50] [INFO ] Dataset  : namss.F-12-89-HW.mcs.airgun
[13:43:50] [INFO ] SGY      : ../../airgun_data/namss.F-12-89-HW.mcs.airgun/Data/f1289stk08.sgy
[13:43:50] [INFO ] NAV      : ../../airgun_data/namss.F-12-89-HW.mcs.airgun/Navigation/f-12-89-hw_NAV-WGS84.csv
[13:43:50] [INFO ] SA mode  : averaged 5x 
[13:43:50] [INFO ] 
[13:43:50] [INFO ] STEP 1 — Feature extraction
[13:43:50] [INFO ]   Loading navigation...
[13:43:50] [INFO ]   Loading SEG-Y...
[13:43:50] [INFO ]   Traces: 12723  Samples: 2750  dt: 4.000 ms
[13:43:50] [INFO ]   Depth:  0.0 m → 8247.0 m
[13:43:50] [INFO ]   Matching traces to navigation...
[13:43:50] [INFO ]   NAV line matched via translation: 'f1289stk08' -> '8'
[13:43:51] [INFO ]   Matched 12723 / 12723 traces
[13:43:51] [INFO ]   Bandpass filtering...
[13:43:52] [INFO ]   Computing seismic attributes...
[13:43:53] [INFO ]   Picking seafloor...
[13:43:54] [INFO ]   Seafloor depth: 735–5142 m  (0 shallow traces masked)
[13:43:54] [INFO ]   Picking horizons...
[13:43:55] [INFO ]   Computing NCC coherence (slow)...
[13:43:56] [INFO ]   Saving CNN section image...
[13:43:59] [INFO ]   Saved: f1289stk08_section_cnn.png  (2700x1500px)
[13:43:59] [INFO ]   Step 1 complete
[13:43:59] [INFO ] 
[13:43:59] [INFO ] STEP 2 — Fault detection
[13:43:59] [INFO ]   Mode: averaged SA (5 runs per seed)
[13:44:05] [INFO ]   Averaging SA over 5 runs per seed (32 seeds)
[13:44:07] [INFO ]     Seed 1/32 trace 12611: avg_prob=0.745 [PASS]
[13:44:08] [INFO ]     Seed 2/32 trace 2949: avg_prob=0.668 [PASS]
[13:44:09] [INFO ]     Seed 3/32 trace 327: avg_prob=0.669 [PASS]
[13:44:10] [INFO ]     Seed 4/32 trace 785: avg_prob=0.674 [PASS]
[13:44:11] [INFO ]     Seed 5/32 trace 125: avg_prob=0.660 [PASS]
[13:44:13] [INFO ]     Seed 6/32 trace 12165: avg_prob=0.601 [PASS]
[13:44:14] [INFO ]     Seed 7/32 trace 2463: avg_prob=0.654 [PASS]
[13:44:15] [INFO ]     Seed 8/32 trace 2692: avg_prob=0.630 [PASS]
[13:44:16] [INFO ]     Seed 9/32 trace 1099: avg_prob=0.679 [PASS]
[13:44:18] [INFO ]     Seed 10/32 trace 12365: avg_prob=0.640 [PASS]
[13:44:19] [INFO ]     Seed 11/32 trace 1669: avg_prob=0.644 [PASS]
[13:44:20] [INFO ]     Seed 12/32 trace 11850: avg_prob=0.652 [PASS]
[13:44:21] [INFO ]     Seed 13/32 trace 9102: avg_prob=0.635 [PASS]
[13:44:22] [INFO ]     Seed 14/32 trace 7246: avg_prob=0.661 [PASS]
[13:44:24] [INFO ]     Seed 15/32 trace 1899: avg_prob=0.651 [PASS]
[13:44:25] [INFO ]     Seed 16/32 trace 1366: avg_prob=0.658 [PASS]
[13:44:26] [INFO ]     Seed 17/32 trace 585: avg_prob=0.634 [PASS]
[13:44:27] [INFO ]     Seed 18/32 trace 6131: avg_prob=0.640 [PASS]
[13:44:28] [INFO ]     Seed 19/32 trace 4255: avg_prob=0.637 [PASS]
[13:44:30] [INFO ]     Seed 20/32 trace 3340: avg_prob=0.636 [PASS]
[13:44:31] [INFO ]     Seed 21/32 trace 5603: avg_prob=0.640 [PASS]
[13:44:32] [INFO ]     Seed 22/32 trace 8366: avg_prob=0.630 [PASS]
[13:44:33] [INFO ]     Seed 23/32 trace 3543: avg_prob=0.604 [PASS]
[13:44:35] [INFO ]     Seed 24/32 trace 8818: avg_prob=0.623 [PASS]
[13:44:36] [INFO ]     Seed 25/32 trace 5338: avg_prob=0.643 [PASS]
[13:44:37] [INFO ]     Seed 26/32 trace 6820: avg_prob=0.654 [PASS]
[13:44:38] [INFO ]     Seed 27/32 trace 6425: avg_prob=0.653 [PASS]
[13:44:40] [INFO ]     Seed 28/32 trace 9334: avg_prob=0.625 [PASS]
[13:44:41] [INFO ]     Seed 29/32 trace 2126: avg_prob=0.647 [PASS]
[13:44:42] [INFO ]     Seed 30/32 trace 8070: avg_prob=0.639 [PASS]
[13:44:43] [INFO ]     Seed 31/32 trace 3779: avg_prob=0.624 [PASS]
[13:44:44] [INFO ]     Seed 32/32 trace 5050: avg_prob=0.625 [PASS]
[13:44:44] [INFO ]   Detected 0 high-confidence faults
[13:44:44] [INFO ]   Step 2 complete
[13:44:44] [INFO ] 
[13:44:44] [INFO ] STEP 3 — Bounding boxes
[13:44:44] [INFO ]   Generated 0 boxes
[13:44:44] [INFO ]   Step 3 complete
[13:44:44] [INFO ] 
[13:44:44] [INFO ] STEP 4 — Dataset building
[13:44:44] [INFO ]   Saving labeled review image...
[13:44:45] [INFO ]   Saved: f1289stk08_labeled.png
[13:44:45] [INFO ]   Split: train
[13:44:45] [INFO ]   Added 0 annotations to train.json
[13:44:45] [INFO ]   train.json: 32 images, 13 annotations
[13:44:45] [INFO ]   val.json:   8 images,  3 annotations
[13:44:45] [INFO ]   Step 4 complete
[13:44:45] [INFO ] 
[13:44:45] [INFO ]   DONE  f1289stk08  →  train  |  0 faults  |  0 boxes
[13:44:45] [INFO ] 
[13:44:45] [INFO ] ──────────────────────────────────────────────────
[13:44:45] [INFO ]   LINE: f1289stk09
[13:44:45] [INFO ] ──────────────────────────────────────────────────
[13:44:45] [INFO ] Dataset  : namss.F-12-89-HW.mcs.airgun
[13:44:45] [INFO ] SGY      : ../../airgun_data/namss.F-12-89-HW.mcs.airgun/Data/f1289stk09.sgy
[13:44:45] [INFO ] NAV      : ../../airgun_data/namss.F-12-89-HW.mcs.airgun/Navigation/f-12-89-hw_NAV-WGS84.csv
[13:44:45] [INFO ] SA mode  : averaged 5x 
[13:44:45] [INFO ] 
[13:44:45] [INFO ] STEP 1 — Feature extraction
[13:44:45] [INFO ]   Loading navigation...
[13:44:45] [INFO ]   Loading SEG-Y...
[13:44:45] [INFO ]   Traces: 354  Samples: 1750  dt: 4.000 ms
[13:44:45] [INFO ]   Depth:  0.0 m → 5247.0 m
[13:44:45] [INFO ]   Matching traces to navigation...
[13:44:45] [INFO ]   NAV line matched via translation: 'f1289stk09' -> '9'
[13:44:45] [INFO ]   Matched 0 / 354 traces
[13:44:45] [ERROR] SKIPPING f1289stk09 (namss.F-12-89-HW.mcs.airgun): No traces matched navigation — check line name vs NAV file.
[13:44:45] [ERROR]   Traceback (most recent call last):
[13:44:45] [ERROR]     File "/Users/lennylukach/Personal/School/CS4100/namss/pipeline/src/pipeline.py", line 848, in <module>
[13:44:45] [ERROR]       process_line(line, sgy_path, nav_path, dataset)
[13:44:45] [ERROR]     File "/Users/lennylukach/Personal/School/CS4100/namss/pipeline/src/pipeline.py", line 431, in process_line
[13:44:45] [ERROR]       raise RuntimeError(
[13:44:45] [ERROR]   RuntimeError: No traces matched navigation — check line name vs NAV file.
[13:44:45] [INFO ] 
[13:44:45] [INFO ] ──────────────────────────────────────────────────
[13:44:45] [INFO ]   LINE: f1289stk10
[13:44:45] [INFO ] ──────────────────────────────────────────────────
[13:44:45] [INFO ] Dataset  : namss.F-12-89-HW.mcs.airgun
[13:44:45] [INFO ] SGY      : ../../airgun_data/namss.F-12-89-HW.mcs.airgun/Data/f1289stk10.sgy
[13:44:45] [INFO ] NAV      : ../../airgun_data/namss.F-12-89-HW.mcs.airgun/Navigation/f-12-89-hw_NAV-WGS84.csv
[13:44:45] [INFO ] SA mode  : averaged 5x 
[13:44:45] [INFO ] 
[13:44:45] [INFO ] STEP 1 — Feature extraction
[13:44:45] [INFO ]   Loading navigation...
[13:44:45] [INFO ]   Loading SEG-Y...
[13:44:45] [INFO ]   Traces: 11635  Samples: 2750  dt: 4.000 ms
[13:44:45] [INFO ]   Depth:  0.0 m → 8247.0 m
[13:44:45] [INFO ]   Matching traces to navigation...
[13:44:45] [INFO ]   NAV line matched via translation: 'f1289stk10' -> '10'
[13:44:46] [INFO ]   Matched 11635 / 11635 traces
[13:44:46] [INFO ]   Bandpass filtering...
[13:44:47] [INFO ]   Computing seismic attributes...
[13:44:48] [INFO ]   Picking seafloor...
[13:44:49] [INFO ]   Seafloor depth: 1683–5082 m  (0 shallow traces masked)
[13:44:49] [INFO ]   Picking horizons...
[13:44:50] [INFO ]   Computing NCC coherence (slow)...
[13:44:51] [INFO ]   Saving CNN section image...
[13:44:53] [INFO ]   Saved: f1289stk10_section_cnn.png  (2700x1500px)
[13:44:53] [INFO ]   Step 1 complete
[13:44:53] [INFO ] 
[13:44:53] [INFO ] STEP 2 — Fault detection
[13:44:53] [INFO ]   Mode: averaged SA (5 runs per seed)
[13:44:59] [INFO ]   Averaging SA over 5 runs per seed (23 seeds)
[13:45:00] [INFO ]     Seed 1/23 trace 132: avg_prob=0.706 [PASS]
[13:45:01] [INFO ]     Seed 2/23 trace 627: avg_prob=0.579 [PASS]
[13:45:03] [INFO ]     Seed 3/23 trace 8181: avg_prob=0.680 [PASS]
[13:45:04] [INFO ]     Seed 4/23 trace 9064: avg_prob=0.695 [PASS]
[13:45:05] [INFO ]     Seed 5/23 trace 9976: avg_prob=0.684 [PASS]
[13:45:06] [INFO ]     Seed 6/23 trace 11618: avg_prob=0.662 [PASS]
[13:45:07] [INFO ]     Seed 7/23 trace 362: avg_prob=0.690 [PASS]
[13:45:09] [INFO ]     Seed 8/23 trace 10277: avg_prob=0.693 [PASS]
[13:45:10] [INFO ]     Seed 9/23 trace 9339: avg_prob=0.687 [PASS]
[13:45:11] [INFO ]     Seed 10/23 trace 6164: avg_prob=0.685 [PASS]
[13:45:12] [INFO ]     Seed 11/23 trace 7828: avg_prob=0.653 [PASS]
[13:45:13] [INFO ]     Seed 12/23 trace 11372: avg_prob=0.670 [PASS]
[13:45:15] [INFO ]     Seed 13/23 trace 7580: avg_prob=0.661 [PASS]
[13:45:16] [INFO ]     Seed 14/23 trace 10552: avg_prob=0.679 [PASS]
[13:45:17] [INFO ]     Seed 15/23 trace 5688: avg_prob=0.668 [PASS]
[13:45:18] [INFO ]     Seed 16/23 trace 9693: avg_prob=0.638 [PASS]
[13:45:20] [INFO ]     Seed 17/23 trace 2765: avg_prob=0.655 [PASS]
[13:45:21] [INFO ]     Seed 18/23 trace 4694: avg_prob=0.659 [PASS]
[13:45:22] [INFO ]     Seed 19/23 trace 7056: avg_prob=0.635 [PASS]
[13:45:23] [INFO ]     Seed 20/23 trace 8778: avg_prob=0.637 [PASS]
[13:45:25] [INFO ]     Seed 21/23 trace 3237: avg_prob=0.635 [PASS]
[13:45:26] [INFO ]     Seed 22/23 trace 6742: avg_prob=0.650 [PASS]
[13:45:27] [INFO ]     Seed 23/23 trace 1131: avg_prob=0.609 [PASS]
[13:45:27] [INFO ]   Detected 0 high-confidence faults
[13:45:27] [INFO ]   Step 2 complete
[13:45:27] [INFO ] 
[13:45:27] [INFO ] STEP 3 — Bounding boxes
[13:45:27] [INFO ]   Generated 0 boxes
[13:45:27] [INFO ]   Step 3 complete
[13:45:27] [INFO ] 
[13:45:27] [INFO ] STEP 4 — Dataset building
[13:45:27] [INFO ]   Saving labeled review image...
[13:45:27] [INFO ]   Saved: f1289stk10_labeled.png
[13:45:27] [INFO ]   Split: train
[13:45:27] [INFO ]   Added 0 annotations to train.json
[13:45:27] [INFO ]   train.json: 33 images, 13 annotations
[13:45:27] [INFO ]   val.json:   8 images,  3 annotations
[13:45:27] [INFO ]   Step 4 complete
[13:45:27] [INFO ] 
[13:45:27] [INFO ]   DONE  f1289stk10  →  train  |  0 faults  |  0 boxes
[13:45:27] [INFO ] 
[13:45:27] [INFO ] ──────────────────────────────────────────────────
[13:45:27] [INFO ]   LINE: f1289stk11
[13:45:27] [INFO ] ──────────────────────────────────────────────────
[13:45:27] [INFO ] Dataset  : namss.F-12-89-HW.mcs.airgun
[13:45:27] [INFO ] SGY      : ../../airgun_data/namss.F-12-89-HW.mcs.airgun/Data/f1289stk11.sgy
[13:45:27] [INFO ] NAV      : ../../airgun_data/namss.F-12-89-HW.mcs.airgun/Navigation/f-12-89-hw_NAV-WGS84.csv
[13:45:27] [INFO ] SA mode  : averaged 5x 
[13:45:27] [INFO ] 
[13:45:27] [INFO ] STEP 1 — Feature extraction
[13:45:27] [INFO ]   Loading navigation...
[13:45:27] [INFO ]   Loading SEG-Y...
[13:45:27] [INFO ]   Traces: 604  Samples: 2750  dt: 4.000 ms
[13:45:27] [INFO ]   Depth:  0.0 m → 8247.0 m
[13:45:27] [INFO ]   Matching traces to navigation...
[13:45:27] [INFO ]   NAV line matched via translation: 'f1289stk11' -> '11'
[13:45:27] [INFO ]   Matched 0 / 604 traces
[13:45:27] [ERROR] SKIPPING f1289stk11 (namss.F-12-89-HW.mcs.airgun): No traces matched navigation — check line name vs NAV file.
[13:45:27] [ERROR]   Traceback (most recent call last):
[13:45:27] [ERROR]     File "/Users/lennylukach/Personal/School/CS4100/namss/pipeline/src/pipeline.py", line 848, in <module>
[13:45:27] [ERROR]       process_line(line, sgy_path, nav_path, dataset)
[13:45:27] [ERROR]     File "/Users/lennylukach/Personal/School/CS4100/namss/pipeline/src/pipeline.py", line 431, in process_line
[13:45:27] [ERROR]       raise RuntimeError(
[13:45:27] [ERROR]   RuntimeError: No traces matched navigation — check line name vs NAV file.
[13:45:27] [INFO ] 
[13:45:27] [INFO ] ──────────────────────────────────────────────────
[13:45:27] [INFO ]   LINE: f1289stk12
[13:45:27] [INFO ] ──────────────────────────────────────────────────
[13:45:27] [INFO ] Dataset  : namss.F-12-89-HW.mcs.airgun
[13:45:27] [INFO ] SGY      : ../../airgun_data/namss.F-12-89-HW.mcs.airgun/Data/f1289stk12.sgy
[13:45:27] [INFO ] NAV      : ../../airgun_data/namss.F-12-89-HW.mcs.airgun/Navigation/f-12-89-hw_NAV-WGS84.csv
[13:45:27] [INFO ] SA mode  : averaged 5x 
[13:45:27] [INFO ] 
[13:45:27] [INFO ] STEP 1 — Feature extraction
[13:45:27] [INFO ]   Loading navigation...
[13:45:27] [INFO ]   Loading SEG-Y...
[13:45:27] [INFO ]   Traces: 2418  Samples: 2750  dt: 4.000 ms
[13:45:27] [INFO ]   Depth:  0.0 m → 8247.0 m
[13:45:27] [INFO ]   Matching traces to navigation...
[13:45:27] [INFO ]   NAV line matched via translation: 'f1289stk12' -> '12'
[13:45:28] [INFO ]   Matched 2418 / 2418 traces
[13:45:28] [INFO ]   Bandpass filtering...
[13:45:28] [INFO ]   Computing seismic attributes...
[13:45:28] [INFO ]   Picking seafloor...
[13:45:28] [INFO ]   Seafloor depth: 2730–5016 m  (0 shallow traces masked)
[13:45:28] [INFO ]   Picking horizons...
[13:45:28] [INFO ]   Computing NCC coherence (slow)...
[13:45:29] [INFO ]   Saving CNN section image...
[13:45:29] [INFO ]   Saved: f1289stk12_section_cnn.png  (2700x1500px)
[13:45:29] [INFO ]   Step 1 complete
[13:45:29] [INFO ] 
[13:45:29] [INFO ] STEP 2 — Fault detection
[13:45:29] [INFO ]   Mode: averaged SA (5 runs per seed)
[13:45:30] [INFO ]   Averaging SA over 5 runs per seed (6 seeds)
[13:45:31] [INFO ]     Seed 1/6 trace 1414: avg_prob=0.710 [PASS]
[13:45:32] [INFO ]     Seed 2/6 trace 2407: avg_prob=0.725 [PASS]
[13:45:34] [INFO ]     Seed 3/6 trace 2203: avg_prob=0.620 [PASS]
[13:45:35] [INFO ]     Seed 4/6 trace 1107: avg_prob=0.743 [PASS]
[13:45:36] [INFO ]     Seed 5/6 trace 1683: avg_prob=0.749 [PASS]
[13:45:37] [INFO ]     Seed 6/6 trace 1958: avg_prob=0.672 [PASS]
[13:45:37] [INFO ]   Detected 0 high-confidence faults
[13:45:37] [INFO ]   Step 2 complete
[13:45:37] [INFO ] 
[13:45:37] [INFO ] STEP 3 — Bounding boxes
[13:45:37] [INFO ]   Generated 0 boxes
[13:45:37] [INFO ]   Step 3 complete
[13:45:37] [INFO ] 
[13:45:37] [INFO ] STEP 4 — Dataset building
[13:45:37] [INFO ]   Saving labeled review image...
[13:45:37] [INFO ]   Saved: f1289stk12_labeled.png
[13:45:37] [INFO ]   Split: val
[13:45:37] [INFO ]   Added 0 annotations to val.json
[13:45:37] [INFO ]   train.json: 33 images, 13 annotations
[13:45:37] [INFO ]   val.json:   9 images,  3 annotations
[13:45:37] [INFO ]   Step 4 complete
[13:45:37] [INFO ] 
[13:45:37] [INFO ]   DONE  f1289stk12  →  val  |  0 faults  |  0 boxes
[13:45:37] [INFO ] 
[13:45:37] [INFO ] ──────────────────────────────────────────────────
[13:45:37] [INFO ]   LINE: f1289stk13
[13:45:37] [INFO ] ──────────────────────────────────────────────────
[13:45:37] [INFO ] Dataset  : namss.F-12-89-HW.mcs.airgun
[13:45:37] [INFO ] SGY      : ../../airgun_data/namss.F-12-89-HW.mcs.airgun/Data/f1289stk13.sgy
[13:45:37] [INFO ] NAV      : ../../airgun_data/namss.F-12-89-HW.mcs.airgun/Navigation/f-12-89-hw_NAV-WGS84.csv
[13:45:37] [INFO ] SA mode  : averaged 5x 
[13:45:37] [INFO ] 
[13:45:37] [INFO ] STEP 1 — Feature extraction
[13:45:37] [INFO ]   Loading navigation...
[13:45:38] [INFO ]   Loading SEG-Y...
[13:45:38] [INFO ]   Traces: 633  Samples: 2750  dt: 4.000 ms
[13:45:38] [INFO ]   Depth:  0.0 m → 8247.0 m
[13:45:38] [INFO ]   Matching traces to navigation...
[13:45:38] [INFO ]   NAV line matched via translation: 'f1289stk13' -> '13'
[13:45:38] [INFO ]   Matched 0 / 633 traces
[13:45:38] [ERROR] SKIPPING f1289stk13 (namss.F-12-89-HW.mcs.airgun): No traces matched navigation — check line name vs NAV file.
[13:45:38] [ERROR]   Traceback (most recent call last):
[13:45:38] [ERROR]     File "/Users/lennylukach/Personal/School/CS4100/namss/pipeline/src/pipeline.py", line 848, in <module>
[13:45:38] [ERROR]       process_line(line, sgy_path, nav_path, dataset)
[13:45:38] [ERROR]     File "/Users/lennylukach/Personal/School/CS4100/namss/pipeline/src/pipeline.py", line 431, in process_line
[13:45:38] [ERROR]       raise RuntimeError(
[13:45:38] [ERROR]   RuntimeError: No traces matched navigation — check line name vs NAV file.
[13:45:38] [INFO ] 
[13:45:38] [INFO ] ──────────────────────────────────────────────────
[13:45:38] [INFO ]   LINE: f1289stk14
[13:45:38] [INFO ] ──────────────────────────────────────────────────
[13:45:38] [INFO ] Dataset  : namss.F-12-89-HW.mcs.airgun
[13:45:38] [INFO ] SGY      : ../../airgun_data/namss.F-12-89-HW.mcs.airgun/Data/f1289stk14.sgy
[13:45:38] [INFO ] NAV      : ../../airgun_data/namss.F-12-89-HW.mcs.airgun/Navigation/f-12-89-hw_NAV-WGS84.csv
[13:45:38] [INFO ] SA mode  : averaged 5x 
[13:45:38] [INFO ] 
[13:45:38] [INFO ] STEP 1 — Feature extraction
[13:45:38] [INFO ]   Loading navigation...
[13:45:38] [INFO ]   Loading SEG-Y...
[13:45:38] [INFO ]   Traces: 4559  Samples: 2750  dt: 4.000 ms
[13:45:38] [INFO ]   Depth:  0.0 m → 8247.0 m
[13:45:38] [INFO ]   Matching traces to navigation...
[13:45:38] [INFO ]   NAV line matched via translation: 'f1289stk14' -> '14'
[13:45:38] [INFO ]   Matched 4559 / 4559 traces
[13:45:38] [INFO ]   Bandpass filtering...
[13:45:38] [INFO ]   Computing seismic attributes...
[13:45:39] [INFO ]   Picking seafloor...
[13:45:39] [INFO ]   Seafloor depth: 4080–4941 m  (0 shallow traces masked)
[13:45:39] [INFO ]   Picking horizons...
[13:45:39] [INFO ]   Computing NCC coherence (slow)...
[13:45:40] [INFO ]   Saving CNN section image...
[13:45:41] [INFO ]   Saved: f1289stk14_section_cnn.png  (2700x1500px)
[13:45:41] [INFO ]   Step 1 complete
[13:45:41] [INFO ] 
[13:45:41] [INFO ] STEP 2 — Fault detection
[13:45:41] [INFO ]   Mode: averaged SA (5 runs per seed)
[13:45:43] [INFO ]   Averaging SA over 5 runs per seed (8 seeds)
[13:45:44] [INFO ]     Seed 1/8 trace 4454: avg_prob=0.639 [PASS]
[13:45:46] [INFO ]     Seed 2/8 trace 2088: avg_prob=0.749 [PASS]
[13:45:47] [INFO ]     Seed 3/8 trace 3783: avg_prob=0.691 [PASS]
[13:45:48] [INFO ]     Seed 4/8 trace 2387: avg_prob=0.715 [PASS]
[13:45:49] [INFO ]     Seed 5/8 trace 1738: avg_prob=0.706 [PASS]
[13:45:50] [INFO ]     Seed 6/8 trace 1452: avg_prob=0.709 [PASS]
[13:45:52] [INFO ]     Seed 7/8 trace 2728: avg_prob=0.671 [PASS]
[13:45:53] [INFO ]     Seed 8/8 trace 4028: avg_prob=0.678 [PASS]
[13:45:53] [INFO ]   Detected 0 high-confidence faults
[13:45:53] [INFO ]   Step 2 complete
[13:45:53] [INFO ] 
[13:45:53] [INFO ] STEP 3 — Bounding boxes
[13:45:53] [INFO ]   Generated 0 boxes
[13:45:53] [INFO ]   Step 3 complete
[13:45:53] [INFO ] 
[13:45:53] [INFO ] STEP 4 — Dataset building
[13:45:53] [INFO ]   Saving labeled review image...
[13:45:53] [INFO ]   Saved: f1289stk14_labeled.png
[13:45:53] [INFO ]   Split: train
[13:45:53] [INFO ]   Added 0 annotations to train.json
[13:45:53] [INFO ]   train.json: 34 images, 13 annotations
[13:45:53] [INFO ]   val.json:   9 images,  3 annotations
[13:45:53] [INFO ]   Step 4 complete
[13:45:53] [INFO ] 
[13:45:53] [INFO ]   DONE  f1289stk14  →  train  |  0 faults  |  0 boxes
[13:45:53] [INFO ] 
[13:45:53] [INFO ] ──────────────────────────────────────────────────
[13:45:53] [INFO ]   LINE: f1289stk15
[13:45:53] [INFO ] ──────────────────────────────────────────────────
[13:45:53] [INFO ] Dataset  : namss.F-12-89-HW.mcs.airgun
[13:45:53] [INFO ] SGY      : ../../airgun_data/namss.F-12-89-HW.mcs.airgun/Data/f1289stk15.sgy
[13:45:53] [INFO ] NAV      : ../../airgun_data/namss.F-12-89-HW.mcs.airgun/Navigation/f-12-89-hw_NAV-WGS84.csv
[13:45:53] [INFO ] SA mode  : averaged 5x 
[13:45:53] [INFO ] 
[13:45:53] [INFO ] STEP 1 — Feature extraction
[13:45:53] [INFO ]   Loading navigation...
[13:45:53] [INFO ]   Loading SEG-Y...
[13:45:53] [INFO ]   Traces: 578  Samples: 2750  dt: 4.000 ms
[13:45:53] [INFO ]   Depth:  0.0 m → 8247.0 m
[13:45:53] [INFO ]   Matching traces to navigation...
[13:45:53] [INFO ]   NAV line matched via translation: 'f1289stk15' -> '15'
[13:45:53] [INFO ]   Matched 0 / 578 traces
[13:45:53] [ERROR] SKIPPING f1289stk15 (namss.F-12-89-HW.mcs.airgun): No traces matched navigation — check line name vs NAV file.
[13:45:53] [ERROR]   Traceback (most recent call last):
[13:45:53] [ERROR]     File "/Users/lennylukach/Personal/School/CS4100/namss/pipeline/src/pipeline.py", line 848, in <module>
[13:45:53] [ERROR]       process_line(line, sgy_path, nav_path, dataset)
[13:45:53] [ERROR]     File "/Users/lennylukach/Personal/School/CS4100/namss/pipeline/src/pipeline.py", line 431, in process_line
[13:45:53] [ERROR]       raise RuntimeError(
[13:45:53] [ERROR]   RuntimeError: No traces matched navigation — check line name vs NAV file.
[13:45:53] [INFO ] 
[13:45:53] [INFO ] ──────────────────────────────────────────────────
[13:45:53] [INFO ]   LINE: f1289stk16
[13:45:53] [INFO ] ──────────────────────────────────────────────────
[13:45:53] [INFO ] Dataset  : namss.F-12-89-HW.mcs.airgun
[13:45:53] [INFO ] SGY      : ../../airgun_data/namss.F-12-89-HW.mcs.airgun/Data/f1289stk16.sgy
[13:45:53] [INFO ] NAV      : ../../airgun_data/namss.F-12-89-HW.mcs.airgun/Navigation/f-12-89-hw_NAV-WGS84.csv
[13:45:53] [INFO ] SA mode  : averaged 5x 
[13:45:53] [INFO ] 
[13:45:53] [INFO ] STEP 1 — Feature extraction
[13:45:53] [INFO ]   Loading navigation...
[13:45:53] [INFO ]   Loading SEG-Y...
[13:45:54] [INFO ]   Traces: 14021  Samples: 2750  dt: 4.000 ms
[13:45:54] [INFO ]   Depth:  0.0 m → 8247.0 m
[13:45:54] [INFO ]   Matching traces to navigation...
[13:45:54] [INFO ]   NAV line matched via translation: 'f1289stk16' -> '16'
[13:45:55] [INFO ]   Matched 14021 / 14021 traces
[13:45:55] [INFO ]   Bandpass filtering...
[13:45:55] [INFO ]   Computing seismic attributes...
[13:45:57] [INFO ]   Picking seafloor...
[13:45:58] [INFO ]   Seafloor depth: 0–4977 m  (2198 shallow traces masked)
[13:45:58] [INFO ]   Picking horizons...
[13:45:59] [INFO ]   Computing NCC coherence (slow)...
[13:46:00] [INFO ]   Saving CNN section image...
[13:46:02] [INFO ]   Saved: f1289stk16_section_cnn.png  (2700x1500px)
[13:46:02] [INFO ]   Step 1 complete
[13:46:02] [INFO ] 
[13:46:02] [INFO ] STEP 2 — Fault detection
[13:46:02] [INFO ]   Mode: averaged SA (5 runs per seed)
[13:46:09] [INFO ]   Averaging SA over 5 runs per seed (37 seeds)
[13:46:11] [INFO ]     Seed 1/37 trace 12525: avg_prob=0.676 [PASS]
[13:46:12] [INFO ]     Seed 2/37 trace 10326: avg_prob=0.614 [PASS]
[13:46:13] [INFO ]     Seed 3/37 trace 9586: avg_prob=0.746 [PASS]
[13:46:14] [INFO ]     Seed 4/37 trace 9807: avg_prob=0.708 [PASS]
[13:46:16] [INFO ]     Seed 5/37 trace 9209: avg_prob=0.641 [PASS]
[13:46:17] [INFO ]     Seed 6/37 trace 96: avg_prob=0.677 [PASS]
[13:46:18] [INFO ]     Seed 7/37 trace 820: avg_prob=0.680 [PASS]
[13:46:19] [INFO ]     Seed 8/37 trace 6996: avg_prob=0.679 [PASS]
[13:46:21] [INFO ]     Seed 9/37 trace 12753: avg_prob=0.664 [PASS]
[13:46:22] [INFO ]     Seed 10/37 trace 10039: avg_prob=0.673 [PASS]
[13:46:23] [INFO ]     Seed 11/37 trace 6489: avg_prob=0.670 [PASS]
[13:46:24] [INFO ]     Seed 12/37 trace 6789: avg_prob=0.655 [PASS]
[13:46:25] [INFO ]     Seed 13/37 trace 8982: avg_prob=0.678 [PASS]
[13:46:27] [INFO ]     Seed 14/37 trace 1121: avg_prob=0.671 [PASS]
[13:46:28] [INFO ]     Seed 15/37 trace 8290: avg_prob=0.662 [PASS]
[13:46:29] [INFO ]     Seed 16/37 trace 7272: avg_prob=0.672 [PASS]
[13:46:30] [INFO ]     Seed 17/37 trace 5354: avg_prob=0.652 [PASS]
[13:46:32] [INFO ]     Seed 18/37 trace 7714: avg_prob=0.669 [PASS]
[13:46:33] [INFO ]     Seed 19/37 trace 8052: avg_prob=0.672 [PASS]
[13:46:34] [INFO ]     Seed 20/37 trace 2433: avg_prob=0.633 [PASS]
[13:46:35] [INFO ]     Seed 21/37 trace 13591: avg_prob=0.679 [PASS]
[13:46:36] [INFO ]     Seed 22/37 trace 13936: avg_prob=0.659 [PASS]
[13:46:38] [INFO ]     Seed 23/37 trace 2130: avg_prob=0.650 [PASS]
[13:46:39] [INFO ]     Seed 24/37 trace 8700: avg_prob=0.656 [PASS]
[13:46:40] [INFO ]     Seed 25/37 trace 5828: avg_prob=0.654 [PASS]
[13:46:41] [INFO ]     Seed 26/37 trace 3719: avg_prob=0.647 [PASS]
[13:46:42] [INFO ]     Seed 27/37 trace 13199: avg_prob=0.659 [PASS]
[13:46:44] [INFO ]     Seed 28/37 trace 5120: avg_prob=0.637 [PASS]
[13:46:45] [INFO ]     Seed 29/37 trace 1473: avg_prob=0.646 [PASS]
[13:46:46] [INFO ]     Seed 30/37 trace 6200: avg_prob=0.643 [PASS]
[13:46:47] [INFO ]     Seed 31/37 trace 1835: avg_prob=0.652 [PASS]
[13:46:48] [INFO ]     Seed 32/37 trace 2838: avg_prob=0.658 [PASS]
[13:46:50] [INFO ]     Seed 33/37 trace 598: avg_prob=0.642 [PASS]
[13:46:51] [INFO ]     Seed 34/37 trace 7499: avg_prob=0.654 [PASS]
[13:46:52] [INFO ]     Seed 35/37 trace 374: avg_prob=0.603 [PASS]
[13:46:53] [INFO ]     Seed 36/37 trace 4753: avg_prob=0.645 [PASS]
[13:46:55] [INFO ]     Seed 37/37 trace 3921: avg_prob=0.661 [PASS]
[13:46:55] [INFO ]   Detected 0 high-confidence faults
[13:46:55] [INFO ]   Step 2 complete
[13:46:55] [INFO ] 
[13:46:55] [INFO ] STEP 3 — Bounding boxes
[13:46:55] [INFO ]   Generated 0 boxes
[13:46:55] [INFO ]   Step 3 complete
[13:46:55] [INFO ] 
[13:46:55] [INFO ] STEP 4 — Dataset building
[13:46:55] [INFO ]   Saving labeled review image...
[13:46:55] [INFO ]   Saved: f1289stk16_labeled.png
[13:46:55] [INFO ]   Split: train
[13:46:55] [INFO ]   Added 0 annotations to train.json
[13:46:55] [INFO ]   train.json: 35 images, 13 annotations
[13:46:55] [INFO ]   val.json:   9 images,  3 annotations
[13:46:55] [INFO ]   Step 4 complete
[13:46:55] [INFO ] 
[13:46:55] [INFO ]   DONE  f1289stk16  →  train  |  0 faults  |  0 boxes
[13:46:55] [INFO ] 
[13:46:55] [INFO ] ──────────────────────────────────────────────────
[13:46:55] [INFO ]   LINE: f1289stk17
[13:46:55] [INFO ] ──────────────────────────────────────────────────
[13:46:55] [INFO ] Dataset  : namss.F-12-89-HW.mcs.airgun
[13:46:55] [INFO ] SGY      : ../../airgun_data/namss.F-12-89-HW.mcs.airgun/Data/f1289stk17.sgy
[13:46:55] [INFO ] NAV      : ../../airgun_data/namss.F-12-89-HW.mcs.airgun/Navigation/f-12-89-hw_NAV-WGS84.csv
[13:46:55] [INFO ] SA mode  : averaged 5x 
[13:46:55] [INFO ] 
[13:46:55] [INFO ] STEP 1 — Feature extraction
[13:46:55] [INFO ]   Loading navigation...
[13:46:55] [INFO ]   Loading SEG-Y...
[13:46:55] [ERROR] SKIPPING f1289stk17 (namss.F-12-89-HW.mcs.airgun): 'julday' out of bounds for year 1986: 0
[13:46:55] [ERROR]   Traceback (most recent call last):
[13:46:55] [ERROR]     File "/Users/lennylukach/Personal/School/CS4100/namss/pipeline/src/pipeline.py", line 848, in <module>
[13:46:55] [ERROR]       process_line(line, sgy_path, nav_path, dataset)
[13:46:55] [ERROR]     File "/Users/lennylukach/Personal/School/CS4100/namss/pipeline/src/pipeline.py", line 405, in process_line
[13:46:55] [ERROR]       st = read(sgy_path)
[13:46:55] [ERROR]     File "/Users/lennylukach/Personal/School/CS4100/namss/venv/lib/python3.10/site-packages/decorator.py", line 235, in fun
[13:46:55] [ERROR]       return caller(func, *(extras + args), **kw)
[13:46:55] [ERROR]     File "/Users/lennylukach/Personal/School/CS4100/namss/venv/lib/python3.10/site-packages/obspy/core/util/decorator.py", line 298, in _map_example_filename
[13:46:55] [ERROR]       return func(*args, **kwargs)
[13:46:55] [ERROR]     File "/Users/lennylukach/Personal/School/CS4100/namss/venv/lib/python3.10/site-packages/obspy/core/stream.py", line 210, in read
[13:46:55] [ERROR]       st = _generic_reader(pathname_or_url, _read, **kwargs)
[13:46:55] [ERROR]     File "/Users/lennylukach/Personal/School/CS4100/namss/venv/lib/python3.10/site-packages/obspy/core/util/base.py", line 822, in _generic_reader
[13:46:55] [ERROR]       generic = callback_func(pathnames[0], **kwargs)
[13:46:55] [ERROR]     File "/Users/lennylukach/Personal/School/CS4100/namss/venv/lib/python3.10/site-packages/decorator.py", line 235, in fun
[13:46:55] [ERROR]       return caller(func, *(extras + args), **kw)
[13:46:55] [ERROR]     File "/Users/lennylukach/Personal/School/CS4100/namss/venv/lib/python3.10/site-packages/obspy/core/util/decorator.py", line 209, in uncompress_file
[13:46:55] [ERROR]       result = func(filename, *args, **kwargs)
[13:46:55] [ERROR]     File "/Users/lennylukach/Personal/School/CS4100/namss/venv/lib/python3.10/site-packages/obspy/core/stream.py", line 255, in _read
[13:46:55] [ERROR]       stream, format = _read_from_plugin('waveform', filename, format=format,
[13:46:55] [ERROR]     File "/Users/lennylukach/Personal/School/CS4100/namss/venv/lib/python3.10/site-packages/obspy/core/util/base.py", line 559, in _read_from_plugin
[13:46:55] [ERROR]       list_obj = read_format(filename, **kwargs)
[13:46:55] [ERROR]     File "/Users/lennylukach/Personal/School/CS4100/namss/venv/lib/python3.10/site-packages/obspy/io/segy/core.py", line 204, in _read_segy
[13:46:55] [ERROR]       stream.append(tr.to_obspy_trace(
[13:46:55] [ERROR]     File "/Users/lennylukach/Personal/School/CS4100/namss/venv/lib/python3.10/site-packages/obspy/io/segy/segy.py", line 775, in to_obspy_trace
[13:46:55] [ERROR]       trace.stats.starttime = UTCDateTime(
[13:46:55] [ERROR]     File "/Users/lennylukach/Personal/School/CS4100/namss/venv/lib/python3.10/site-packages/obspy/core/utcdatetime.py", line 440, in __init__
[13:46:55] [ERROR]       raise ValueError(msg)
[13:46:55] [ERROR]   ValueError: 'julday' out of bounds for year 1986: 0
[13:46:55] [INFO ] 
[13:46:55] [INFO ] ──────────────────────────────────────────────────
[13:46:55] [INFO ]   LINE: f1289stk18
[13:46:55] [INFO ] ──────────────────────────────────────────────────
[13:46:55] [INFO ] Dataset  : namss.F-12-89-HW.mcs.airgun
[13:46:55] [INFO ] SGY      : ../../airgun_data/namss.F-12-89-HW.mcs.airgun/Data/f1289stk18.sgy
[13:46:55] [INFO ] NAV      : ../../airgun_data/namss.F-12-89-HW.mcs.airgun/Navigation/f-12-89-hw_NAV-WGS84.csv
[13:46:55] [INFO ] SA mode  : averaged 5x 
[13:46:55] [INFO ] 
[13:46:55] [INFO ] STEP 1 — Feature extraction
[13:46:55] [INFO ]   Loading navigation...
[13:46:55] [INFO ]   Loading SEG-Y...
[13:46:55] [INFO ]   Traces: 10874  Samples: 2750  dt: 4.000 ms
[13:46:55] [INFO ]   Depth:  0.0 m → 8247.0 m
[13:46:55] [INFO ]   Matching traces to navigation...
[13:46:55] [INFO ]   NAV line matched via translation: 'f1289stk18' -> '18'
[13:46:56] [INFO ]   Matched 10874 / 10874 traces
[13:46:56] [INFO ]   Bandpass filtering...
[13:46:57] [INFO ]   Computing seismic attributes...
[13:46:58] [INFO ]   Picking seafloor...
[13:46:59] [INFO ]   Seafloor depth: 2631–4989 m  (0 shallow traces masked)
[13:46:59] [INFO ]   Picking horizons...
[13:46:59] [INFO ]   Computing NCC coherence (slow)...
[13:47:00] [INFO ]   Saving CNN section image...
[13:47:02] [INFO ]   Saved: f1289stk18_section_cnn.png  (2700x1500px)
[13:47:02] [INFO ]   Step 1 complete
[13:47:02] [INFO ] 
[13:47:02] [INFO ] STEP 2 — Fault detection
[13:47:02] [INFO ]   Mode: averaged SA (5 runs per seed)
[13:47:08] [INFO ]   Averaging SA over 5 runs per seed (30 seeds)
[13:47:09] [INFO ]     Seed 1/30 trace 7647: avg_prob=0.745 [PASS]
[13:47:10] [INFO ]     Seed 2/30 trace 984: avg_prob=0.728 [PASS]
[13:47:11] [INFO ]     Seed 3/30 trace 7273: avg_prob=0.581 [PASS]
[13:47:13] [INFO ]     Seed 4/30 trace 4837: avg_prob=0.752 [PASS]
[13:47:14] [INFO ]     Seed 5/30 trace 6759: avg_prob=0.679 [PASS]
[13:47:15] [INFO ]     Seed 6/30 trace 1859: avg_prob=0.715 [PASS]
[13:47:16] [INFO ]     Seed 7/30 trace 7066: avg_prob=0.686 [PASS]
[13:47:17] [INFO ]     Seed 8/30 trace 3182: avg_prob=0.727 [PASS]
[13:47:19] [INFO ]     Seed 9/30 trace 8618: avg_prob=0.671 [PASS]
[13:47:20] [INFO ]     Seed 10/30 trace 5591: avg_prob=0.669 [PASS]
[13:47:21] [INFO ]     Seed 11/30 trace 8266: avg_prob=0.702 [PASS]
[13:47:22] [INFO ]     Seed 12/30 trace 4451: avg_prob=0.722 [PASS]
[13:47:23] [INFO ]     Seed 13/30 trace 9010: avg_prob=0.693 [PASS]
[13:47:25] [INFO ]     Seed 14/30 trace 10372: avg_prob=0.720 [PASS]
[13:47:26] [INFO ]     Seed 15/30 trace 3542: avg_prob=0.718 [PASS]
[13:47:27] [INFO ]     Seed 16/30 trace 125: avg_prob=0.719 [PASS]
[13:47:28] [INFO ]     Seed 17/30 trace 2740: avg_prob=0.698 [PASS]
[13:47:29] [INFO ]     Seed 18/30 trace 6048: avg_prob=0.621 [PASS]
[13:47:31] [INFO ]     Seed 19/30 trace 3776: avg_prob=0.731 [PASS]
[13:47:32] [INFO ]     Seed 20/30 trace 1282: avg_prob=0.705 [PASS]
[13:47:33] [INFO ]     Seed 21/30 trace 6368: avg_prob=0.654 [PASS]
[13:47:34] [INFO ]     Seed 22/30 trace 503: avg_prob=0.707 [PASS]
[13:47:35] [INFO ]     Seed 23/30 trace 5102: avg_prob=0.714 [PASS]
[13:47:37] [INFO ]     Seed 24/30 trace 10045: avg_prob=0.699 [PASS]
[13:47:38] [INFO ]     Seed 25/30 trace 9395: avg_prob=0.685 [PASS]
[13:47:39] [INFO ]     Seed 26/30 trace 1636: avg_prob=0.721 [PASS]
[13:47:40] [INFO ]     Seed 27/30 trace 757: avg_prob=0.703 [PASS]
[13:47:41] [INFO ]     Seed 28/30 trace 4098: avg_prob=0.723 [PASS]
[13:47:43] [INFO ]     Seed 29/30 trace 2193: avg_prob=0.709 [PASS]
[13:47:44] [INFO ]     Seed 30/30 trace 2972: avg_prob=0.676 [PASS]
[13:47:44] [INFO ]   Detected 1 high-confidence faults
[13:47:44] [INFO ]     Fault  1 | trace ~ 4844 | prob=0.752
[13:47:44] [INFO ]   Step 2 complete
[13:47:44] [INFO ] 
[13:47:44] [INFO ] STEP 3 — Bounding boxes
[13:47:44] [INFO ]   Box  1 | [1159, 850, 88w, 128h px]
[13:47:44] [INFO ]   Generated 1 boxes
[13:47:44] [INFO ]   Step 3 complete
[13:47:44] [INFO ] 
[13:47:44] [INFO ] STEP 4 — Dataset building
[13:47:44] [INFO ]   Saving labeled review image...
[13:47:44] [INFO ]   Saved: f1289stk18_labeled.png
[13:47:44] [INFO ]   Split: train
[13:47:44] [INFO ]   Added 1 annotations to train.json
[13:47:44] [INFO ]   train.json: 36 images, 14 annotations
[13:47:44] [INFO ]   val.json:   9 images,  3 annotations
[13:47:44] [INFO ]   Step 4 complete
[13:47:44] [INFO ] 
[13:47:44] [INFO ]   DONE  f1289stk18  →  train  |  1 faults  |  1 boxes
[13:47:44] [INFO ] 
[13:47:44] [INFO ] ──────────────────────────────────────────────────
[13:47:44] [INFO ]   LINE: f1289stk19
[13:47:44] [INFO ] ──────────────────────────────────────────────────
[13:47:44] [INFO ] Dataset  : namss.F-12-89-HW.mcs.airgun
[13:47:44] [INFO ] SGY      : ../../airgun_data/namss.F-12-89-HW.mcs.airgun/Data/f1289stk19.sgy
[13:47:44] [INFO ] NAV      : ../../airgun_data/namss.F-12-89-HW.mcs.airgun/Navigation/f-12-89-hw_NAV-WGS84.csv
[13:47:44] [INFO ] SA mode  : averaged 5x 
[13:47:44] [INFO ] 
[13:47:44] [INFO ] STEP 1 — Feature extraction
[13:47:44] [INFO ]   Loading navigation...
[13:47:44] [INFO ]   Loading SEG-Y...
[13:47:44] [INFO ]   Traces: 700  Samples: 2750  dt: 4.000 ms
[13:47:44] [INFO ]   Depth:  0.0 m → 8247.0 m
[13:47:44] [INFO ]   Matching traces to navigation...
[13:47:44] [INFO ]   NAV line matched via translation: 'f1289stk19' -> '19'
[13:47:44] [INFO ]   Matched 0 / 700 traces
[13:47:44] [ERROR] SKIPPING f1289stk19 (namss.F-12-89-HW.mcs.airgun): No traces matched navigation — check line name vs NAV file.
[13:47:44] [ERROR]   Traceback (most recent call last):
[13:47:44] [ERROR]     File "/Users/lennylukach/Personal/School/CS4100/namss/pipeline/src/pipeline.py", line 848, in <module>
[13:47:44] [ERROR]       process_line(line, sgy_path, nav_path, dataset)
[13:47:44] [ERROR]     File "/Users/lennylukach/Personal/School/CS4100/namss/pipeline/src/pipeline.py", line 431, in process_line
[13:47:44] [ERROR]       raise RuntimeError(
[13:47:44] [ERROR]   RuntimeError: No traces matched navigation — check line name vs NAV file.
[13:47:44] [INFO ] 
[13:47:44] [INFO ] ──────────────────────────────────────────────────
[13:47:44] [INFO ]   LINE: f1289stk20
[13:47:44] [INFO ] ──────────────────────────────────────────────────
[13:47:44] [INFO ] Dataset  : namss.F-12-89-HW.mcs.airgun
[13:47:44] [INFO ] SGY      : ../../airgun_data/namss.F-12-89-HW.mcs.airgun/Data/f1289stk20.sgy
[13:47:44] [INFO ] NAV      : ../../airgun_data/namss.F-12-89-HW.mcs.airgun/Navigation/f-12-89-hw_NAV-WGS84.csv
[13:47:44] [INFO ] SA mode  : averaged 5x 
[13:47:44] [INFO ] 
[13:47:44] [INFO ] STEP 1 — Feature extraction
[13:47:44] [INFO ]   Loading navigation...
[13:47:44] [INFO ]   Loading SEG-Y...
[13:47:45] [INFO ]   Traces: 10675  Samples: 2750  dt: 4.000 ms
[13:47:45] [INFO ]   Depth:  0.0 m → 8247.0 m
[13:47:45] [INFO ]   Matching traces to navigation...
[13:47:45] [INFO ]   NAV line matched via translation: 'f1289stk20' -> '20'
[13:47:46] [INFO ]   Matched 10675 / 10675 traces
[13:47:46] [INFO ]   Bandpass filtering...
[13:47:46] [INFO ]   Computing seismic attributes...
[13:47:47] [INFO ]   Picking seafloor...
[13:47:48] [INFO ]   Seafloor depth: 2298–5001 m  (0 shallow traces masked)
[13:47:48] [INFO ]   Picking horizons...
[13:47:48] [INFO ]   Computing NCC coherence (slow)...
[13:47:49] [INFO ]   Saving CNN section image...
[13:47:52] [INFO ]   Saved: f1289stk20_section_cnn.png  (2700x1500px)
[13:47:52] [INFO ]   Step 1 complete
[13:47:52] [INFO ] 
[13:47:52] [INFO ] STEP 2 — Fault detection
[13:47:52] [INFO ]   Mode: averaged SA (5 runs per seed)
[13:47:57] [INFO ]   Averaging SA over 5 runs per seed (34 seeds)
[13:47:58] [INFO ]     Seed 1/34 trace 6851: avg_prob=0.740 [PASS]
[13:47:59] [INFO ]     Seed 2/34 trace 9227: avg_prob=0.710 [PASS]
[13:48:00] [INFO ]     Seed 3/34 trace 3433: avg_prob=0.729 [PASS]
[13:48:02] [INFO ]     Seed 4/34 trace 9736: avg_prob=0.743 [PASS]
[13:48:03] [INFO ]     Seed 5/34 trace 5733: avg_prob=0.641 [PASS]
[13:48:04] [INFO ]     Seed 6/34 trace 5324: avg_prob=0.720 [PASS]
[13:48:05] [INFO ]     Seed 7/34 trace 10582: avg_prob=0.699 [PASS]
[13:48:07] [INFO ]     Seed 8/34 trace 7305: avg_prob=0.733 [PASS]
[13:48:08] [INFO ]     Seed 9/34 trace 8331: avg_prob=0.724 [PASS]
[13:48:09] [INFO ]     Seed 10/34 trace 9455: avg_prob=0.733 [PASS]
[13:48:10] [INFO ]     Seed 11/34 trace 8601: avg_prob=0.732 [PASS]
[13:48:12] [INFO ]     Seed 12/34 trace 6166: avg_prob=0.717 [PASS]
[13:48:13] [INFO ]     Seed 13/34 trace 8020: avg_prob=0.733 [PASS]
[13:48:14] [INFO ]     Seed 14/34 trace 5958: avg_prob=0.726 [PASS]
[13:48:15] [INFO ]     Seed 15/34 trace 1357: avg_prob=0.735 [PASS]
[13:48:16] [INFO ]     Seed 16/34 trace 2552: avg_prob=0.719 [PASS]
[13:48:18] [INFO ]     Seed 17/34 trace 10139: avg_prob=0.721 [PASS]
[13:48:19] [INFO ]     Seed 18/34 trace 10341: avg_prob=0.731 [PASS]
[13:48:20] [INFO ]     Seed 19/34 trace 8842: avg_prob=0.712 [PASS]
[13:48:21] [INFO ]     Seed 20/34 trace 1725: avg_prob=0.707 [PASS]
[13:48:23] [INFO ]     Seed 21/34 trace 4118: avg_prob=0.711 [PASS]
[13:48:24] [INFO ]     Seed 22/34 trace 7748: avg_prob=0.710 [PASS]
[13:48:25] [INFO ]     Seed 23/34 trace 3655: avg_prob=0.672 [PASS]
[13:48:26] [INFO ]     Seed 24/34 trace 6397: avg_prob=0.717 [PASS]
[13:48:28] [INFO ]     Seed 25/34 trace 2140: avg_prob=0.704 [PASS]
[13:48:29] [INFO ]     Seed 26/34 trace 2924: avg_prob=0.705 [PASS]
[13:48:30] [INFO ]     Seed 27/34 trace 5076: avg_prob=0.714 [PASS]
[13:48:31] [INFO ]     Seed 28/34 trace 4850: avg_prob=0.698 [PASS]
[13:48:32] [INFO ]     Seed 29/34 trace 4485: avg_prob=0.713 [PASS]
[13:48:34] [INFO ]     Seed 30/34 trace 7056: avg_prob=0.700 [PASS]
[13:48:35] [INFO ]     Seed 31/34 trace 3865: avg_prob=0.708 [PASS]
[13:48:36] [INFO ]     Seed 32/34 trace 857: avg_prob=0.687 [PASS]
[13:48:37] [INFO ]     Seed 33/34 trace 485: avg_prob=0.701 [PASS]
[13:48:38] [INFO ]     Seed 34/34 trace 25: avg_prob=0.667 [PASS]
[13:48:38] [INFO ]   Detected 0 high-confidence faults
[13:48:38] [INFO ]   Step 2 complete
[13:48:38] [INFO ] 
[13:48:38] [INFO ] STEP 3 — Bounding boxes
[13:48:38] [INFO ]   Generated 0 boxes
[13:48:38] [INFO ]   Step 3 complete
[13:48:38] [INFO ] 
[13:48:38] [INFO ] STEP 4 — Dataset building
[13:48:38] [INFO ]   Saving labeled review image...
[13:48:39] [INFO ]   Saved: f1289stk20_labeled.png
[13:48:39] [INFO ]   Split: train
[13:48:39] [INFO ]   Added 0 annotations to train.json
[13:48:39] [INFO ]   train.json: 37 images, 14 annotations
[13:48:39] [INFO ]   val.json:   9 images,  3 annotations
[13:48:39] [INFO ]   Step 4 complete
[13:48:39] [INFO ] 
[13:48:39] [INFO ]   DONE  f1289stk20  →  train  |  0 faults  |  0 boxes
[13:48:39] [INFO ] 
[13:48:39] [INFO ] ──────────────────────────────────────────────────
[13:48:39] [INFO ]   LINE: f1289stk21
[13:48:39] [INFO ] ──────────────────────────────────────────────────
[13:48:39] [INFO ] Dataset  : namss.F-12-89-HW.mcs.airgun
[13:48:39] [INFO ] SGY      : ../../airgun_data/namss.F-12-89-HW.mcs.airgun/Data/f1289stk21.sgy
[13:48:39] [INFO ] NAV      : ../../airgun_data/namss.F-12-89-HW.mcs.airgun/Navigation/f-12-89-hw_NAV-WGS84.csv
[13:48:39] [INFO ] SA mode  : averaged 5x 
[13:48:39] [INFO ] 
[13:48:39] [INFO ] STEP 1 — Feature extraction
[13:48:39] [INFO ]   Loading navigation...
[13:48:39] [INFO ]   Loading SEG-Y...
[13:48:39] [INFO ]   Traces: 653  Samples: 2750  dt: 4.000 ms
[13:48:39] [INFO ]   Depth:  0.0 m → 8247.0 m
[13:48:39] [INFO ]   Matching traces to navigation...
[13:48:39] [INFO ]   NAV line matched via translation: 'f1289stk21' -> '21'
[13:48:39] [INFO ]   Matched 653 / 653 traces
[13:48:39] [INFO ]   Bandpass filtering...
[13:48:39] [INFO ]   Computing seismic attributes...
[13:48:39] [INFO ]   Picking seafloor...
[13:48:39] [INFO ]   Seafloor depth: 3141–4536 m  (0 shallow traces masked)
[13:48:39] [INFO ]   Picking horizons...
[13:48:39] [INFO ]   Computing NCC coherence (slow)...
[13:48:39] [INFO ]   Saving CNN section image...
[13:48:39] [INFO ]   Saved: f1289stk21_section_cnn.png  (2700x1500px)
[13:48:39] [INFO ]   Step 1 complete
[13:48:39] [INFO ] 
[13:48:39] [INFO ] STEP 2 — Fault detection
[13:48:39] [INFO ]   Mode: averaged SA (5 runs per seed)
[13:48:40] [INFO ]   Averaging SA over 5 runs per seed (2 seeds)
[13:48:41] [INFO ]     Seed 1/2 trace 139: avg_prob=0.697 [PASS]
[13:48:42] [INFO ]     Seed 2/2 trace 346: avg_prob=0.757 [PASS]
[13:48:42] [INFO ]   Detected 1 high-confidence faults
[13:48:42] [INFO ]     Fault  1 | trace ~  335 | prob=0.757
[13:48:42] [INFO ]   Step 2 complete
[13:48:42] [INFO ] 
[13:48:42] [INFO ] STEP 3 — Bounding boxes
[13:48:42] [INFO ]   Box  1 | [1144, 746, 506w, 133h px]
[13:48:42] [INFO ]   Generated 1 boxes
[13:48:42] [INFO ]   Step 3 complete
[13:48:42] [INFO ] 
[13:48:42] [INFO ] STEP 4 — Dataset building
[13:48:42] [INFO ]   Saving labeled review image...
[13:48:42] [INFO ]   Saved: f1289stk21_labeled.png
[13:48:42] [INFO ]   Split: train
[13:48:42] [INFO ]   Added 1 annotations to train.json
[13:48:42] [INFO ]   train.json: 38 images, 15 annotations
[13:48:42] [INFO ]   val.json:   9 images,  3 annotations
[13:48:42] [INFO ]   Step 4 complete
[13:48:42] [INFO ] 
[13:48:42] [INFO ]   DONE  f1289stk21  →  train  |  1 faults  |  1 boxes
[13:48:42] [INFO ] 
[13:48:42] [INFO ] ──────────────────────────────────────────────────
[13:48:42] [INFO ]   LINE: f1289stk22
[13:48:42] [INFO ] ──────────────────────────────────────────────────
[13:48:42] [INFO ] Dataset  : namss.F-12-89-HW.mcs.airgun
[13:48:42] [INFO ] SGY      : ../../airgun_data/namss.F-12-89-HW.mcs.airgun/Data/f1289stk22.sgy
[13:48:42] [INFO ] NAV      : ../../airgun_data/namss.F-12-89-HW.mcs.airgun/Navigation/f-12-89-hw_NAV-WGS84.csv
[13:48:42] [INFO ] SA mode  : averaged 5x 
[13:48:42] [INFO ] 
[13:48:42] [INFO ] STEP 1 — Feature extraction
[13:48:42] [INFO ]   Loading navigation...
[13:48:42] [INFO ]   Loading SEG-Y...
[13:48:43] [INFO ]   Traces: 11180  Samples: 2750  dt: 4.000 ms
[13:48:43] [INFO ]   Depth:  0.0 m → 8247.0 m
[13:48:43] [INFO ]   Matching traces to navigation...
[13:48:43] [INFO ]   NAV line matched via translation: 'f1289stk22' -> '22'
[13:48:44] [INFO ]   Matched 11180 / 11180 traces
[13:48:44] [INFO ]   Bandpass filtering...
[13:48:44] [INFO ]   Computing seismic attributes...
[13:48:45] [INFO ]   Picking seafloor...
[13:48:46] [INFO ]   Seafloor depth: 0–4998 m  (265 shallow traces masked)
[13:48:46] [INFO ]   Picking horizons...
[13:48:47] [INFO ]   Computing NCC coherence (slow)...
[13:48:48] [INFO ]   Saving CNN section image...
[13:48:50] [INFO ]   Saved: f1289stk22_section_cnn.png  (2700x1500px)
[13:48:50] [INFO ]   Step 1 complete
[13:48:50] [INFO ] 
[13:48:50] [INFO ] STEP 2 — Fault detection
[13:48:50] [INFO ]   Mode: averaged SA (5 runs per seed)
[13:48:55] [INFO ]   Averaging SA over 5 runs per seed (33 seeds)
[13:48:56] [INFO ]     Seed 1/33 trace 7060: avg_prob=0.711 [PASS]
[13:48:57] [INFO ]     Seed 2/33 trace 6794: avg_prob=0.682 [PASS]
[13:48:59] [INFO ]     Seed 3/33 trace 3512: avg_prob=0.677 [PASS]
[13:49:00] [INFO ]     Seed 4/33 trace 6024: avg_prob=0.713 [PASS]
[13:49:01] [INFO ]     Seed 5/33 trace 484: avg_prob=0.694 [PASS]
[13:49:02] [INFO ]     Seed 6/33 trace 5108: avg_prob=0.689 [PASS]
[13:49:03] [INFO ]     Seed 7/33 trace 4385: avg_prob=0.668 [PASS]
[13:49:05] [INFO ]     Seed 8/33 trace 3238: avg_prob=0.660 [PASS]
[13:49:06] [INFO ]     Seed 9/33 trace 5677: avg_prob=0.683 [PASS]
[13:49:07] [INFO ]     Seed 10/33 trace 2463: avg_prob=0.686 [PASS]
[13:49:08] [INFO ]     Seed 11/33 trace 3014: avg_prob=0.697 [PASS]
[13:49:11] [INFO ]     Seed 12/33 trace 6347: avg_prob=0.690 [PASS]
[13:49:13] [INFO ]     Seed 13/33 trace 9366: avg_prob=0.703 [PASS]
[13:49:14] [INFO ]     Seed 14/33 trace 7854: avg_prob=0.681 [PASS]
[13:49:15] [INFO ]     Seed 15/33 trace 821: avg_prob=0.690 [PASS]
[13:49:16] [INFO ]     Seed 16/33 trace 7466: avg_prob=0.680 [PASS]
[13:49:17] [INFO ]     Seed 17/33 trace 1037: avg_prob=0.652 [PASS]
[13:49:19] [INFO ]     Seed 18/33 trace 2258: avg_prob=0.692 [PASS]
[13:49:20] [INFO ]     Seed 19/33 trace 10527: avg_prob=0.680 [PASS]
[13:49:21] [INFO ]     Seed 20/33 trace 8143: avg_prob=0.686 [PASS]
[13:49:22] [INFO ]     Seed 21/33 trace 10841: avg_prob=0.681 [PASS]
[13:49:24] [INFO ]     Seed 22/33 trace 10270: avg_prob=0.679 [PASS]
[13:49:25] [INFO ]     Seed 23/33 trace 9998: avg_prob=0.675 [PASS]
[13:49:26] [INFO ]     Seed 24/33 trace 134: avg_prob=0.664 [PASS]
[13:49:27] [INFO ]     Seed 25/33 trace 9102: avg_prob=0.690 [PASS]
[13:51:38] [INFO ]     Seed 26/33 trace 2702: avg_prob=0.668 [PASS]
[13:51:39] [INFO ]     Seed 27/33 trace 9709: avg_prob=0.661 [PASS]
[13:51:40] [INFO ]     Seed 28/33 trace 1839: avg_prob=0.673 [PASS]
[13:51:42] [INFO ]     Seed 29/33 trace 4763: avg_prob=0.658 [PASS]
[13:51:43] [INFO ]     Seed 30/33 trace 3721: avg_prob=0.644 [PASS]
[13:51:44] [INFO ]     Seed 31/33 trace 8555: avg_prob=0.661 [PASS]
[13:51:45] [INFO ]     Seed 32/33 trace 5443: avg_prob=0.649 [PASS]
[13:52:34] [INFO ]     Seed 33/33 trace 6582: avg_prob=0.680 [PASS]
[13:52:34] [INFO ]   Detected 0 high-confidence faults
[13:52:34] [INFO ]   Step 2 complete
[13:52:34] [INFO ] 
[13:52:34] [INFO ] STEP 3 — Bounding boxes
[13:52:34] [INFO ]   Generated 0 boxes
[13:52:34] [INFO ]   Step 3 complete
[13:52:34] [INFO ] 
[13:52:34] [INFO ] STEP 4 — Dataset building
[13:52:34] [INFO ]   Saving labeled review image...
[13:52:34] [INFO ]   Saved: f1289stk22_labeled.png
[13:52:34] [INFO ]   Split: val
[13:52:34] [INFO ]   Added 0 annotations to val.json
[13:52:34] [INFO ]   train.json: 38 images, 15 annotations
[13:52:34] [INFO ]   val.json:   10 images,  3 annotations
[13:52:34] [INFO ]   Step 4 complete
[13:52:34] [INFO ] 
[13:52:34] [INFO ]   DONE  f1289stk22  →  val  |  0 faults  |  0 boxes
[13:52:34] [INFO ] 
[13:52:34] [INFO ] ──────────────────────────────────────────────────
[13:52:34] [INFO ]   LINE: f1289stk23
[13:52:34] [INFO ] ──────────────────────────────────────────────────
[13:52:34] [INFO ] Dataset  : namss.F-12-89-HW.mcs.airgun
[13:52:34] [INFO ] SGY      : ../../airgun_data/namss.F-12-89-HW.mcs.airgun/Data/f1289stk23.sgy
[13:52:34] [INFO ] NAV      : ../../airgun_data/namss.F-12-89-HW.mcs.airgun/Navigation/f-12-89-hw_NAV-WGS84.csv
[13:52:34] [INFO ] SA mode  : averaged 5x 
[13:52:34] [INFO ] 
[13:52:34] [INFO ] STEP 1 — Feature extraction
[13:52:34] [INFO ]   Loading navigation...
[13:52:34] [INFO ]   Loading SEG-Y...
[13:52:34] [INFO ]   Traces: 388  Samples: 2750  dt: 4.000 ms
[13:52:34] [INFO ]   Depth:  0.0 m → 8247.0 m
[13:52:34] [INFO ]   Matching traces to navigation...
[13:52:34] [INFO ]   NAV line matched via translation: 'f1289stk23' -> '23'
[13:52:34] [INFO ]   Matched 0 / 388 traces
[13:52:34] [ERROR] SKIPPING f1289stk23 (namss.F-12-89-HW.mcs.airgun): No traces matched navigation — check line name vs NAV file.
[13:52:34] [ERROR]   Traceback (most recent call last):
[13:52:34] [ERROR]     File "/Users/lennylukach/Personal/School/CS4100/namss/pipeline/src/pipeline.py", line 848, in <module>
[13:52:34] [ERROR]       process_line(line, sgy_path, nav_path, dataset)
[13:52:34] [ERROR]     File "/Users/lennylukach/Personal/School/CS4100/namss/pipeline/src/pipeline.py", line 431, in process_line
[13:52:34] [ERROR]       raise RuntimeError(
[13:52:34] [ERROR]   RuntimeError: No traces matched navigation — check line name vs NAV file.
[13:52:34] [INFO ] 
[13:52:34] [INFO ] ──────────────────────────────────────────────────
[13:52:34] [INFO ]   LINE: f1289stk24
[13:52:34] [INFO ] ──────────────────────────────────────────────────
[13:52:34] [INFO ] Dataset  : namss.F-12-89-HW.mcs.airgun
[13:52:34] [INFO ] SGY      : ../../airgun_data/namss.F-12-89-HW.mcs.airgun/Data/f1289stk24.sgy
[13:52:34] [INFO ] NAV      : ../../airgun_data/namss.F-12-89-HW.mcs.airgun/Navigation/f-12-89-hw_NAV-WGS84.csv
[13:52:34] [INFO ] SA mode  : averaged 5x 
[13:52:34] [INFO ] 
[13:52:34] [INFO ] STEP 1 — Feature extraction
[13:52:34] [INFO ]   Loading navigation...
[13:52:34] [INFO ]   Loading SEG-Y...
[13:52:34] [INFO ]   Traces: 11704  Samples: 2750  dt: 4.000 ms
[13:52:34] [INFO ]   Depth:  0.0 m → 8247.0 m
[13:52:34] [INFO ]   Matching traces to navigation...
[13:52:34] [INFO ]   NAV line matched via translation: 'f1289stk24' -> '24'
[13:52:35] [INFO ]   Matched 11704 / 11704 traces
[13:52:35] [INFO ]   Bandpass filtering...
[13:52:36] [INFO ]   Computing seismic attributes...
[13:52:37] [INFO ]   Picking seafloor...
[13:52:38] [INFO ]   Seafloor depth: 4392–5010 m  (0 shallow traces masked)
[13:52:38] [INFO ]   Picking horizons...
[13:52:38] [INFO ]   Computing NCC coherence (slow)...
[13:52:39] [INFO ]   Saving CNN section image...
[13:52:58] [INFO ]   Saved: f1289stk24_section_cnn.png  (2700x1500px)
[13:52:58] [INFO ]   Step 1 complete
[13:52:58] [INFO ] 
[13:52:58] [INFO ] STEP 2 — Fault detection
[13:52:58] [INFO ]   Mode: averaged SA (5 runs per seed)
[13:54:26] [INFO ]   Averaging SA over 5 runs per seed (39 seeds)
[13:54:27] [INFO ]     Seed 1/39 trace 10966: avg_prob=0.730 [PASS]
[13:54:28] [INFO ]     Seed 2/39 trace 7611: avg_prob=0.695 [PASS]
[13:54:30] [INFO ]     Seed 3/39 trace 7036: avg_prob=0.683 [PASS]
[13:54:31] [INFO ]     Seed 4/39 trace 2579: avg_prob=0.705 [PASS]
[13:54:32] [INFO ]     Seed 5/39 trace 7903: avg_prob=0.688 [PASS]
[13:54:33] [INFO ]     Seed 6/39 trace 4950: avg_prob=0.689 [PASS]
[13:57:50] [INFO ]     Seed 7/39 trace 6722: avg_prob=0.690 [PASS]
[13:57:51] [INFO ]     Seed 8/39 trace 762: avg_prob=0.698 [PASS]
[13:57:52] [INFO ]     Seed 9/39 trace 1131: avg_prob=0.707 [PASS]
[13:57:53] [INFO ]     Seed 10/39 trace 1374: avg_prob=0.679 [PASS]
[13:57:54] [INFO ]     Seed 11/39 trace 4185: avg_prob=0.687 [PASS]
[13:57:55] [INFO ]     Seed 12/39 trace 3926: avg_prob=0.701 [PASS]
[13:57:56] [INFO ]     Seed 13/39 trace 11613: avg_prob=0.690 [PASS]
[14:05:31] [INFO ]     Seed 14/39 trace 4425: avg_prob=0.691 [PASS]
[14:05:32] [INFO ]     Seed 15/39 trace 9342: avg_prob=0.662 [PASS]
[14:05:33] [INFO ]     Seed 16/39 trace 6482: avg_prob=0.668 [PASS]
[14:05:35] [INFO ]     Seed 17/39 trace 2122: avg_prob=0.691 [PASS]
[14:05:36] [INFO ]     Seed 18/39 trace 2893: avg_prob=0.683 [PASS]
[14:05:37] [INFO ]     Seed 19/39 trace 10642: avg_prob=0.666 [PASS]
[14:05:38] [INFO ]     Seed 20/39 trace 1860: avg_prob=0.677 [PASS]
[14:05:40] [INFO ]     Seed 21/39 trace 10331: avg_prob=0.662 [PASS]
[14:05:41] [INFO ]     Seed 22/39 trace 9613: avg_prob=0.679 [PASS]
[14:05:42] [INFO ]     Seed 23/39 trace 11178: avg_prob=0.652 [PASS]
[14:05:43] [INFO ]     Seed 24/39 trace 5850: avg_prob=0.681 [PASS]
[14:05:44] [INFO ]     Seed 25/39 trace 5256: avg_prob=0.663 [PASS]
[14:05:46] [INFO ]     Seed 26/39 trace 3650: avg_prob=0.694 [PASS]
[14:05:47] [INFO ]     Seed 27/39 trace 10033: avg_prob=0.648 [PASS]
[14:05:52] [INFO ]     Seed 28/39 trace 3280: avg_prob=0.696 [PASS]
[14:05:53] [INFO ]     Seed 29/39 trace 7240: avg_prob=0.680 [PASS]
[14:05:55] [INFO ]     Seed 30/39 trace 2354: avg_prob=0.686 [PASS]
[14:05:56] [INFO ]     Seed 31/39 trace 5574: avg_prob=0.658 [PASS]
[14:05:57] [INFO ]     Seed 32/39 trace 445: avg_prob=0.691 [PASS]
[14:05:58] [INFO ]     Seed 33/39 trace 8442: avg_prob=0.649 [PASS]
[14:10:25] [INFO ]     Seed 34/39 trace 4652: avg_prob=0.659 [PASS]
[14:10:26] [INFO ]     Seed 35/39 trace 132: avg_prob=0.679 [PASS]
[14:10:27] [INFO ]     Seed 36/39 trace 6272: avg_prob=0.631 [PASS]
[14:10:28] [INFO ]     Seed 37/39 trace 1618: avg_prob=0.655 [PASS]
[14:10:30] [INFO ]     Seed 38/39 trace 8196: avg_prob=0.625 [PASS]
[14:10:31] [INFO ]     Seed 39/39 trace 8687: avg_prob=0.647 [PASS]
[14:10:31] [INFO ]   Detected 0 high-confidence faults
[14:10:31] [INFO ]   Step 2 complete
[14:10:31] [INFO ] 
[14:10:31] [INFO ] STEP 3 — Bounding boxes
[14:10:31] [INFO ]   Generated 0 boxes
[14:10:31] [INFO ]   Step 3 complete
[14:10:31] [INFO ] 
[14:10:31] [INFO ] STEP 4 — Dataset building
[14:10:31] [INFO ]   Saving labeled review image...
[14:10:31] [INFO ]   Saved: f1289stk24_labeled.png
[14:10:31] [INFO ]   Split: train
[14:10:31] [INFO ]   Added 0 annotations to train.json
[14:10:31] [INFO ]   train.json: 39 images, 15 annotations
[14:10:31] [INFO ]   val.json:   10 images,  3 annotations
[14:10:31] [INFO ]   Step 4 complete
[14:10:31] [INFO ] 
[14:10:31] [INFO ]   DONE  f1289stk24  →  train  |  0 faults  |  0 boxes
[14:10:31] [INFO ] 
[14:10:31] [INFO ] ──────────────────────────────────────────────────
[14:10:31] [INFO ]   LINE: f1289stk25
[14:10:31] [INFO ] ──────────────────────────────────────────────────
[14:10:31] [INFO ] Dataset  : namss.F-12-89-HW.mcs.airgun
[14:10:31] [INFO ] SGY      : ../../airgun_data/namss.F-12-89-HW.mcs.airgun/Data/f1289stk25.sgy
[14:10:31] [INFO ] NAV      : ../../airgun_data/namss.F-12-89-HW.mcs.airgun/Navigation/f-12-89-hw_NAV-WGS84.csv
[14:10:31] [INFO ] SA mode  : averaged 5x 
[14:10:31] [INFO ] 
[14:10:31] [INFO ] STEP 1 — Feature extraction
[14:10:31] [INFO ]   Loading navigation...
[14:10:31] [INFO ]   Loading SEG-Y...
[14:10:31] [INFO ]   Traces: 446  Samples: 2750  dt: 4.000 ms
[14:10:31] [INFO ]   Depth:  0.0 m → 8247.0 m
[14:10:31] [INFO ]   Matching traces to navigation...
[14:10:31] [INFO ]   NAV line matched via translation: 'f1289stk25' -> '25'
[14:10:31] [INFO ]   Matched 446 / 446 traces
[14:10:31] [INFO ]   Bandpass filtering...
[14:10:31] [INFO ]   Computing seismic attributes...
[14:10:31] [INFO ]   Picking seafloor...
[14:10:31] [INFO ]   Seafloor depth: 4611–4659 m  (0 shallow traces masked)
[14:10:31] [INFO ]   Picking horizons...
[14:10:31] [INFO ]   Computing NCC coherence (slow)...
[14:10:31] [INFO ]   Saving CNN section image...
[14:10:31] [INFO ]   Saved: f1289stk25_section_cnn.png  (2700x1500px)
[14:10:31] [INFO ]   Step 1 complete
[14:10:31] [INFO ] 
[14:10:31] [INFO ] STEP 2 — Fault detection
[14:10:31] [INFO ]   Mode: averaged SA (5 runs per seed)
[14:10:32] [INFO ]   Averaging SA over 5 runs per seed (2 seeds)
[14:10:42] [INFO ]     Seed 1/2 trace 275: avg_prob=0.799 [PASS]
[14:10:43] [INFO ]     Seed 2/2 trace 48: avg_prob=0.735 [PASS]
[14:10:43] [INFO ]   Detected 1 high-confidence faults
[14:10:43] [INFO ]     Fault  1 | trace ~  272 | prob=0.799
[14:10:43] [INFO ]   Step 2 complete
[14:10:43] [INFO ] 
[14:10:43] [INFO ] STEP 3 — Bounding boxes
[14:10:43] [INFO ]   Box  1 | [1108, 833, 1235w, 130h px]
[14:10:43] [INFO ]   Generated 1 boxes
[14:10:43] [INFO ]   Step 3 complete
[14:10:43] [INFO ] 
[14:10:43] [INFO ] STEP 4 — Dataset building
[14:10:43] [INFO ]   Saving labeled review image...
[14:10:43] [INFO ]   Saved: f1289stk25_labeled.png
[14:10:43] [INFO ]   Split: train
[14:10:43] [INFO ]   Added 1 annotations to train.json
[14:10:43] [INFO ]   train.json: 40 images, 16 annotations
[14:10:43] [INFO ]   val.json:   10 images,  3 annotations
[14:10:43] [INFO ]   Step 4 complete
[14:10:43] [INFO ] 
[14:10:43] [INFO ]   DONE  f1289stk25  →  train  |  1 faults  |  1 boxes
[14:10:43] [INFO ] 
[14:10:43] [INFO ] ──────────────────────────────────────────────────
[14:10:43] [INFO ]   LINE: f1289stk26
[14:10:43] [INFO ] ──────────────────────────────────────────────────
[14:10:43] [INFO ] Dataset  : namss.F-12-89-HW.mcs.airgun
[14:10:43] [INFO ] SGY      : ../../airgun_data/namss.F-12-89-HW.mcs.airgun/Data/f1289stk26.sgy
[14:10:43] [INFO ] NAV      : ../../airgun_data/namss.F-12-89-HW.mcs.airgun/Navigation/f-12-89-hw_NAV-WGS84.csv
[14:10:43] [INFO ] SA mode  : averaged 5x 
[14:10:43] [INFO ] 
[14:10:43] [INFO ] STEP 1 — Feature extraction
[14:10:43] [INFO ]   Loading navigation...
[14:10:43] [INFO ]   Loading SEG-Y...
[14:10:44] [INFO ]   Traces: 13925  Samples: 2750  dt: 4.000 ms
[14:10:44] [INFO ]   Depth:  0.0 m → 8247.0 m
[14:10:44] [INFO ]   Matching traces to navigation...
[14:10:44] [INFO ]   NAV line matched via translation: 'f1289stk26' -> '26'
[14:10:45] [INFO ]   Matched 13925 / 13925 traces
[14:10:45] [INFO ]   Bandpass filtering...
[14:10:45] [INFO ]   Computing seismic attributes...
[14:10:47] [INFO ]   Picking seafloor...
[14:10:48] [INFO ]   Seafloor depth: 0–5193 m  (426 shallow traces masked)
[14:10:48] [INFO ]   Picking horizons...
[14:10:49] [INFO ]   Computing NCC coherence (slow)...
[14:21:58] [INFO ]   Saving CNN section image...
[14:22:01] [INFO ]   Saved: f1289stk26_section_cnn.png  (2700x1500px)
[14:22:01] [INFO ]   Step 1 complete
[14:22:01] [INFO ] 
[14:22:01] [INFO ] STEP 2 — Fault detection
[14:22:01] [INFO ]   Mode: averaged SA (5 runs per seed)
[14:22:09] [INFO ]   Averaging SA over 5 runs per seed (42 seeds)
[14:22:10] [INFO ]     Seed 1/42 trace 4162: avg_prob=0.729 [PASS]
[14:22:11] [INFO ]     Seed 2/42 trace 12302: avg_prob=0.694 [PASS]
[14:22:12] [INFO ]     Seed 3/42 trace 12729: avg_prob=0.677 [PASS]
[14:22:13] [INFO ]     Seed 4/42 trace 9049: avg_prob=0.694 [PASS]
[14:22:15] [INFO ]     Seed 5/42 trace 10358: avg_prob=0.659 [PASS]
[14:22:16] [INFO ]     Seed 6/42 trace 3034: avg_prob=0.638 [PASS]
[14:22:17] [INFO ]     Seed 7/42 trace 7181: avg_prob=0.686 [PASS]
[14:22:18] [INFO ]     Seed 8/42 trace 5808: avg_prob=0.664 [PASS]
[14:22:19] [INFO ]     Seed 9/42 trace 6909: avg_prob=0.662 [PASS]
[14:22:20] [INFO ]     Seed 10/42 trace 3256: avg_prob=0.681 [PASS]
[14:22:22] [INFO ]     Seed 11/42 trace 7810: avg_prob=0.681 [PASS]
[14:22:23] [INFO ]     Seed 12/42 trace 1621: avg_prob=0.628 [PASS]
[14:22:24] [INFO ]     Seed 13/42 trace 3838: avg_prob=0.562 [PASS]
[14:22:25] [INFO ]     Seed 14/42 trace 8406: avg_prob=0.673 [PASS]
[14:22:26] [INFO ]     Seed 15/42 trace 932: avg_prob=0.669 [PASS]
[14:22:27] [INFO ]     Seed 16/42 trace 13522: avg_prob=0.683 [PASS]
[14:22:28] [INFO ]     Seed 17/42 trace 11808: avg_prob=0.661 [PASS]
[14:22:30] [INFO ]     Seed 18/42 trace 7559: avg_prob=0.661 [PASS]
[14:22:31] [INFO ]     Seed 19/42 trace 8697: avg_prob=0.671 [PASS]
[14:22:32] [INFO ]     Seed 20/42 trace 10745: avg_prob=0.694 [PASS]
[14:22:33] [INFO ]     Seed 21/42 trace 5510: avg_prob=0.655 [PASS]
[14:22:34] [INFO ]     Seed 22/42 trace 9783: avg_prob=0.635 [PASS]
[14:22:35] [INFO ]     Seed 23/42 trace 6539: avg_prob=0.665 [PASS]
[14:22:37] [INFO ]     Seed 24/42 trace 2435: avg_prob=0.633 [PASS]
[14:22:38] [INFO ]     Seed 25/42 trace 2792: avg_prob=0.640 [PASS]
[14:22:39] [INFO ]     Seed 26/42 trace 653: avg_prob=0.632 [PASS]
[14:22:40] [INFO ]     Seed 27/42 trace 5205: avg_prob=0.651 [PASS]
[14:22:41] [INFO ]     Seed 28/42 trace 9385: avg_prob=0.690 [PASS]
[14:22:42] [INFO ]     Seed 29/42 trace 6148: avg_prob=0.642 [PASS]
[14:22:44] [INFO ]     Seed 30/42 trace 12087: avg_prob=0.678 [PASS]
[14:22:45] [INFO ]     Seed 31/42 trace 3627: avg_prob=0.665 [PASS]
[14:22:46] [INFO ]     Seed 32/42 trace 11174: avg_prob=0.673 [PASS]
[14:22:47] [INFO ]     Seed 33/42 trace 8124: avg_prob=0.646 [PASS]
[14:22:48] [INFO ]     Seed 34/42 trace 4996: avg_prob=0.652 [PASS]
[14:22:49] [INFO ]     Seed 35/42 trace 11500: avg_prob=0.628 [PASS]
[14:22:50] [INFO ]     Seed 36/42 trace 10101: avg_prob=0.659 [PASS]
[14:22:52] [INFO ]     Seed 37/42 trace 13756: avg_prob=0.652 [PASS]
[14:22:53] [INFO ]     Seed 38/42 trace 4450: avg_prob=0.641 [PASS]
[14:22:54] [INFO ]     Seed 39/42 trace 2051: avg_prob=0.640 [PASS]
[14:22:55] [INFO ]     Seed 40/42 trace 10955: avg_prob=0.644 [PASS]
[14:22:56] [INFO ]     Seed 41/42 trace 4714: avg_prob=0.641 [PASS]
[14:22:57] [INFO ]     Seed 42/42 trace 1271: avg_prob=0.611 [PASS]
[14:22:57] [INFO ]   Detected 0 high-confidence faults
[14:22:57] [INFO ]   Step 2 complete
[14:22:57] [INFO ] 
[14:22:57] [INFO ] STEP 3 — Bounding boxes
[14:22:57] [INFO ]   Generated 0 boxes
[14:22:57] [INFO ]   Step 3 complete
[14:22:57] [INFO ] 
[14:22:57] [INFO ] STEP 4 — Dataset building
[14:22:57] [INFO ]   Saving labeled review image...
[14:22:58] [INFO ]   Saved: f1289stk26_labeled.png
[14:22:58] [INFO ]   Split: train
[14:22:58] [INFO ]   Added 0 annotations to train.json
[14:22:58] [INFO ]   train.json: 41 images, 16 annotations
[14:22:58] [INFO ]   val.json:   10 images,  3 annotations
[14:22:58] [INFO ]   Step 4 complete
[14:22:58] [INFO ] 
[14:22:58] [INFO ]   DONE  f1289stk26  →  train  |  0 faults  |  0 boxes
[14:22:58] [INFO ] 
[14:22:58] [INFO ] ──────────────────────────────────────────────────
[14:22:58] [INFO ]   LINE: f1289stk27
[14:22:58] [INFO ] ──────────────────────────────────────────────────
[14:22:58] [INFO ] Dataset  : namss.F-12-89-HW.mcs.airgun
[14:22:58] [INFO ] SGY      : ../../airgun_data/namss.F-12-89-HW.mcs.airgun/Data/f1289stk27.sgy
[14:22:58] [INFO ] NAV      : ../../airgun_data/namss.F-12-89-HW.mcs.airgun/Navigation/f-12-89-hw_NAV-WGS84.csv
[14:22:58] [INFO ] SA mode  : averaged 5x 
[14:22:58] [INFO ] 
[14:22:58] [INFO ] STEP 1 — Feature extraction
[14:22:58] [INFO ]   Loading navigation...
[14:22:58] [INFO ]   Loading SEG-Y...
[14:22:58] [INFO ]   Traces: 531  Samples: 2750  dt: 4.000 ms
[14:22:58] [INFO ]   Depth:  0.0 m → 8247.0 m
[14:22:58] [INFO ]   Matching traces to navigation...
[14:22:58] [INFO ]   NAV line matched via translation: 'f1289stk27' -> '27'
[14:22:58] [INFO ]   Matched 531 / 531 traces
[14:22:58] [INFO ]   Bandpass filtering...
[14:22:58] [INFO ]   Computing seismic attributes...
[14:22:58] [INFO ]   Picking seafloor...
[14:22:58] [INFO ]   Seafloor depth: 4776–4971 m  (0 shallow traces masked)
[14:22:58] [INFO ]   Picking horizons...
[14:22:58] [INFO ]   Computing NCC coherence (slow)...
[14:22:58] [INFO ]   Saving CNN section image...
[14:22:58] [INFO ]   Saved: f1289stk27_section_cnn.png  (2700x1500px)
[14:22:58] [INFO ]   Step 1 complete
[14:22:58] [INFO ] 
[14:22:58] [INFO ] STEP 2 — Fault detection
[14:22:58] [INFO ]   Mode: averaged SA (5 runs per seed)
[14:22:59] [INFO ]   Averaging SA over 5 runs per seed (2 seeds)
[14:23:00] [INFO ]     Seed 1/2 trace 86: avg_prob=0.756 [PASS]
[14:23:01] [INFO ]     Seed 2/2 trace 433: avg_prob=0.735 [PASS]
[14:23:01] [INFO ]   Detected 1 high-confidence faults
[14:23:01] [INFO ]     Fault  1 | trace ~   96 | prob=0.756
[14:23:01] [INFO ]   Step 2 complete
[14:23:01] [INFO ] 
[14:23:01] [INFO ] STEP 3 — Bounding boxes
[14:23:01] [INFO ]   Box  1 | [25, 876, 951w, 125h px]
[14:23:01] [INFO ]   Generated 1 boxes
[14:23:01] [INFO ]   Step 3 complete
[14:23:01] [INFO ] 
[14:23:01] [INFO ] STEP 4 — Dataset building
[14:23:01] [INFO ]   Saving labeled review image...
[14:23:01] [INFO ]   Saved: f1289stk27_labeled.png
[14:23:01] [INFO ]   Split: val
[14:23:01] [INFO ]   Added 1 annotations to val.json
[14:23:01] [INFO ]   train.json: 41 images, 16 annotations
[14:23:01] [INFO ]   val.json:   11 images,  4 annotations
[14:23:01] [INFO ]   Step 4 complete
[14:23:01] [INFO ] 
[14:23:01] [INFO ]   DONE  f1289stk27  →  val  |  1 faults  |  1 boxes
[14:23:01] [INFO ] 
[14:23:01] [INFO ] ──────────────────────────────────────────────────
[14:23:01] [INFO ]   LINE: f1289stk28
[14:23:01] [INFO ] ──────────────────────────────────────────────────
[14:23:01] [INFO ] Dataset  : namss.F-12-89-HW.mcs.airgun
[14:23:01] [INFO ] SGY      : ../../airgun_data/namss.F-12-89-HW.mcs.airgun/Data/f1289stk28.sgy
[14:23:01] [INFO ] NAV      : ../../airgun_data/namss.F-12-89-HW.mcs.airgun/Navigation/f-12-89-hw_NAV-WGS84.csv
[14:23:01] [INFO ] SA mode  : averaged 5x 
[14:23:01] [INFO ] 
[14:23:01] [INFO ] STEP 1 — Feature extraction
[14:23:01] [INFO ]   Loading navigation...
[14:23:01] [INFO ]   Loading SEG-Y...
[14:23:01] [INFO ]   Traces: 4375  Samples: 2750  dt: 4.000 ms
[14:23:01] [INFO ]   Depth:  0.0 m → 8247.0 m
[14:23:01] [INFO ]   Matching traces to navigation...
[14:23:01] [INFO ]   NAV line matched via translation: 'f1289stk28' -> '28'
[14:23:02] [INFO ]   Matched 4375 / 4375 traces
[14:23:02] [INFO ]   Bandpass filtering...
[14:23:02] [INFO ]   Computing seismic attributes...
[14:23:02] [INFO ]   Picking seafloor...
[14:23:02] [INFO ]   Seafloor depth: 2535–5214 m  (0 shallow traces masked)
[14:23:02] [INFO ]   Picking horizons...
[14:23:03] [INFO ]   Computing NCC coherence (slow)...
[14:23:03] [INFO ]   Saving CNN section image...
[14:23:04] [INFO ]   Saved: f1289stk28_section_cnn.png  (2700x1500px)
[14:23:04] [INFO ]   Step 1 complete
[14:23:04] [INFO ] 
[14:23:04] [INFO ] STEP 2 — Fault detection
[14:23:04] [INFO ]   Mode: averaged SA (5 runs per seed)
[14:23:06] [INFO ]   Averaging SA over 5 runs per seed (14 seeds)
[14:23:08] [INFO ]     Seed 1/14 trace 2107: avg_prob=0.760 [PASS]
[14:23:09] [INFO ]     Seed 2/14 trace 1634: avg_prob=0.730 [PASS]
[14:23:10] [INFO ]     Seed 3/14 trace 4227: avg_prob=0.744 [PASS]
[14:23:11] [INFO ]     Seed 4/14 trace 1901: avg_prob=0.634 [PASS]
[14:23:12] [INFO ]     Seed 5/14 trace 1133: avg_prob=0.728 [PASS]
[14:23:13] [INFO ]     Seed 6/14 trace 418: avg_prob=0.700 [PASS]
[14:23:15] [INFO ]     Seed 7/14 trace 3421: avg_prob=0.683 [PASS]
[14:23:16] [INFO ]     Seed 8/14 trace 2571: avg_prob=0.651 [PASS]
[14:23:17] [INFO ]     Seed 9/14 trace 1337: avg_prob=0.619 [PASS]
[14:23:18] [INFO ]     Seed 10/14 trace 711: avg_prob=0.680 [PASS]
[14:23:19] [INFO ]     Seed 11/14 trace 3884: avg_prob=0.701 [PASS]
[14:23:20] [INFO ]     Seed 12/14 trace 2936: avg_prob=0.687 [PASS]
[14:23:22] [INFO ]     Seed 13/14 trace 3159: avg_prob=0.700 [PASS]
[14:23:23] [INFO ]     Seed 14/14 trace 3665: avg_prob=0.674 [PASS]
[14:23:23] [INFO ]   Detected 1 high-confidence faults
[14:23:23] [INFO ]     Fault  1 | trace ~ 2097 | prob=0.760
[14:23:23] [INFO ]   Step 2 complete
[14:23:23] [INFO ] 
[14:23:23] [INFO ] STEP 3 — Bounding boxes
[14:23:23] [INFO ]   Box  1 | [1239, 653, 110w, 128h px]
[14:23:23] [INFO ]   Generated 1 boxes
[14:23:23] [INFO ]   Step 3 complete
[14:23:23] [INFO ] 
[14:23:23] [INFO ] STEP 4 — Dataset building
[14:23:23] [INFO ]   Saving labeled review image...
[14:23:23] [INFO ]   Saved: f1289stk28_labeled.png
[14:23:23] [INFO ]   Split: train
[14:23:23] [INFO ]   Added 1 annotations to train.json
[14:23:23] [INFO ]   train.json: 42 images, 17 annotations
[14:23:23] [INFO ]   val.json:   11 images,  4 annotations
[14:23:23] [INFO ]   Step 4 complete
[14:23:23] [INFO ] 
[14:23:23] [INFO ]   DONE  f1289stk28  →  train  |  1 faults  |  1 boxes
[14:23:23] [INFO ] 
[14:23:23] [INFO ] ──────────────────────────────────────────────────
[14:23:23] [INFO ]   LINE: f1289stk29
[14:23:23] [INFO ] ──────────────────────────────────────────────────
[14:23:23] [INFO ] Dataset  : namss.F-12-89-HW.mcs.airgun
[14:23:23] [INFO ] SGY      : ../../airgun_data/namss.F-12-89-HW.mcs.airgun/Data/f1289stk29.sgy
[14:23:23] [INFO ] NAV      : ../../airgun_data/namss.F-12-89-HW.mcs.airgun/Navigation/f-12-89-hw_NAV-WGS84.csv
[14:23:23] [INFO ] SA mode  : averaged 5x 
[14:23:23] [INFO ] 
[14:23:23] [INFO ] STEP 1 — Feature extraction
[14:23:23] [INFO ]   Loading navigation...
[14:23:23] [INFO ]   Loading SEG-Y...
[14:23:23] [INFO ]   Traces: 621  Samples: 2750  dt: 4.000 ms
[14:23:23] [INFO ]   Depth:  0.0 m → 8247.0 m
[14:23:23] [INFO ]   Matching traces to navigation...
[14:23:23] [INFO ]   NAV line matched via translation: 'f1289stk29' -> '29'
[14:23:23] [INFO ]   Matched 0 / 621 traces
[14:23:23] [ERROR] SKIPPING f1289stk29 (namss.F-12-89-HW.mcs.airgun): No traces matched navigation — check line name vs NAV file.
[14:23:23] [ERROR]   Traceback (most recent call last):
[14:23:23] [ERROR]     File "/Users/lennylukach/Personal/School/CS4100/namss/pipeline/src/pipeline.py", line 848, in <module>
[14:23:23] [ERROR]       process_line(line, sgy_path, nav_path, dataset)
[14:23:23] [ERROR]     File "/Users/lennylukach/Personal/School/CS4100/namss/pipeline/src/pipeline.py", line 431, in process_line
[14:23:23] [ERROR]       raise RuntimeError(
[14:23:23] [ERROR]   RuntimeError: No traces matched navigation — check line name vs NAV file.
[14:23:23] [INFO ] 
[14:23:23] [INFO ] ──────────────────────────────────────────────────
[14:23:23] [INFO ]   LINE: f1289stk30
[14:23:23] [INFO ] ──────────────────────────────────────────────────
[14:23:23] [INFO ] Dataset  : namss.F-12-89-HW.mcs.airgun
[14:23:23] [INFO ] SGY      : ../../airgun_data/namss.F-12-89-HW.mcs.airgun/Data/f1289stk30.sgy
[14:23:23] [INFO ] NAV      : ../../airgun_data/namss.F-12-89-HW.mcs.airgun/Navigation/f-12-89-hw_NAV-WGS84.csv
[14:23:23] [INFO ] SA mode  : averaged 5x 
[14:23:23] [INFO ] 
[14:23:23] [INFO ] STEP 1 — Feature extraction
[14:23:23] [INFO ]   Loading navigation...
[14:23:23] [INFO ]   Loading SEG-Y...
[14:23:23] [INFO ]   Traces: 4785  Samples: 2750  dt: 4.000 ms
[14:23:23] [INFO ]   Depth:  0.0 m → 8247.0 m
[14:23:23] [INFO ]   Matching traces to navigation...
[14:23:23] [INFO ]   NAV line matched via translation: 'f1289stk30' -> '30'
[14:23:24] [INFO ]   Matched 4785 / 4785 traces
[14:23:24] [INFO ]   Bandpass filtering...
[14:23:24] [INFO ]   Computing seismic attributes...
[14:23:24] [INFO ]   Picking seafloor...
[14:23:25] [INFO ]   Seafloor depth: 4542–5214 m  (0 shallow traces masked)
[14:23:25] [INFO ]   Picking horizons...
[14:23:25] [INFO ]   Computing NCC coherence (slow)...
[14:23:25] [INFO ]   Saving CNN section image...
[14:23:26] [INFO ]   Saved: f1289stk30_section_cnn.png  (2700x1500px)
[14:23:26] [INFO ]   Step 1 complete
[14:23:26] [INFO ] 
[14:23:26] [INFO ] STEP 2 — Fault detection
[14:23:26] [INFO ]   Mode: averaged SA (5 runs per seed)
[14:23:29] [INFO ]   Averaging SA over 5 runs per seed (16 seeds)
[14:23:30] [INFO ]     Seed 1/16 trace 1320: avg_prob=0.730 [PASS]
[14:23:31] [INFO ]     Seed 2/16 trace 1103: avg_prob=0.766 [PASS]
[14:23:32] [INFO ]     Seed 3/16 trace 577: avg_prob=0.768 [PASS]
[14:23:33] [INFO ]     Seed 4/16 trace 25: avg_prob=0.752 [PASS]
[14:23:34] [INFO ]     Seed 5/16 trace 1731: avg_prob=0.769 [PASS]
[14:23:36] [INFO ]     Seed 6/16 trace 358: avg_prob=0.736 [PASS]
[14:23:37] [INFO ]     Seed 7/16 trace 3761: avg_prob=0.701 [PASS]
[14:23:38] [INFO ]     Seed 8/16 trace 4751: avg_prob=0.744 [PASS]
[14:23:39] [INFO ]     Seed 9/16 trace 3008: avg_prob=0.711 [PASS]
[14:23:40] [INFO ]     Seed 10/16 trace 3356: avg_prob=0.722 [PASS]
[14:23:41] [INFO ]     Seed 11/16 trace 4444: avg_prob=0.745 [PASS]
[14:23:42] [INFO ]     Seed 12/16 trace 2776: avg_prob=0.657 [PASS]
[14:23:44] [INFO ]     Seed 13/16 trace 863: avg_prob=0.715 [PASS]
[14:23:45] [INFO ]     Seed 14/16 trace 4228: avg_prob=0.711 [PASS]
[14:23:46] [INFO ]     Seed 15/16 trace 2461: avg_prob=0.725 [PASS]
[14:23:47] [INFO ]     Seed 16/16 trace 4000: avg_prob=0.732 [PASS]
[14:23:47] [INFO ]   Detected 4 high-confidence faults
[14:23:47] [INFO ]     Fault  1 | trace ~   25 | prob=0.752
[14:23:47] [INFO ]     Fault  2 | trace ~  587 | prob=0.768
[14:23:47] [INFO ]     Fault  3 | trace ~ 1099 | prob=0.766
[14:23:47] [INFO ]     Fault  4 | trace ~ 1723 | prob=0.769
[14:23:47] [INFO ]   Step 2 complete
[14:23:47] [INFO ] 
[14:23:47] [INFO ] STEP 3 — Bounding boxes
[14:23:47] [INFO ]   Box  1 | [0, 924, 61w, 125h px]
[14:23:47] [INFO ]   Box  2 | [281, 915, 104w, 128h px]
[14:23:47] [INFO ]   Box  3 | [574, 900, 96w, 130h px]
[14:23:47] [INFO ]   Box  4 | [903, 928, 132w, 128h px]
[14:23:47] [INFO ]   Generated 4 boxes
[14:23:47] [INFO ]   Step 3 complete
[14:23:47] [INFO ] 
[14:23:47] [INFO ] STEP 4 — Dataset building
[14:23:47] [INFO ]   Saving labeled review image...
[14:23:47] [INFO ]   Saved: f1289stk30_labeled.png
[14:23:47] [INFO ]   Split: train
[14:23:47] [INFO ]   Added 4 annotations to train.json
[14:23:47] [INFO ]   train.json: 43 images, 21 annotations
[14:23:47] [INFO ]   val.json:   11 images,  4 annotations
[14:23:47] [INFO ]   Step 4 complete
[14:23:47] [INFO ] 
[14:23:47] [INFO ]   DONE  f1289stk30  →  train  |  4 faults  |  4 boxes
[14:23:47] [INFO ] 
[14:23:47] [INFO ] ──────────────────────────────────────────────────
[14:23:47] [INFO ]   LINE: f1289stk32
[14:23:47] [INFO ] ──────────────────────────────────────────────────
[14:23:47] [INFO ] Dataset  : namss.F-12-89-HW.mcs.airgun
[14:23:47] [INFO ] SGY      : ../../airgun_data/namss.F-12-89-HW.mcs.airgun/Data/f1289stk32.sgy
[14:23:47] [INFO ] NAV      : ../../airgun_data/namss.F-12-89-HW.mcs.airgun/Navigation/f-12-89-hw_NAV-WGS84.csv
[14:23:47] [INFO ] SA mode  : averaged 5x 
[14:23:47] [INFO ] 
[14:23:47] [INFO ] STEP 1 — Feature extraction
[14:23:47] [INFO ]   Loading navigation...
[14:23:47] [INFO ]   Loading SEG-Y...
[14:23:47] [INFO ]   Traces: 2803  Samples: 2750  dt: 4.000 ms
[14:23:47] [INFO ]   Depth:  0.0 m → 8247.0 m
[14:23:47] [INFO ]   Matching traces to navigation...
[14:23:47] [INFO ]   NAV line matched via translation: 'f1289stk32' -> '32'
[14:23:48] [INFO ]   Matched 2803 / 2803 traces
[14:23:48] [INFO ]   Bandpass filtering...
[14:23:48] [INFO ]   Computing seismic attributes...
[14:23:48] [INFO ]   Picking seafloor...
[14:23:48] [INFO ]   Seafloor depth: 12–4812 m  (166 shallow traces masked)
[14:23:48] [INFO ]   Picking horizons...
[14:23:48] [INFO ]   Computing NCC coherence (slow)...
[14:23:49] [INFO ]   Saving CNN section image...
[14:23:49] [INFO ]   Saved: f1289stk32_section_cnn.png  (2700x1500px)
[14:23:49] [INFO ]   Step 1 complete
[14:23:49] [INFO ] 
[14:23:49] [INFO ] STEP 2 — Fault detection
[14:23:49] [INFO ]   Mode: averaged SA (5 runs per seed)
[14:23:50] [INFO ]   Averaging SA over 5 runs per seed (7 seeds)
[14:23:51] [INFO ]     Seed 1/7 trace 2627: avg_prob=0.799 [PASS]
[14:23:53] [INFO ]     Seed 2/7 trace 2329: avg_prob=0.674 [PASS]
[14:23:54] [INFO ]     Seed 3/7 trace 800: avg_prob=0.587 [PASS]
[14:23:55] [INFO ]     Seed 4/7 trace 1030: avg_prob=0.575 [PASS]
[14:23:56] [INFO ]     Seed 5/7 trace 1840: avg_prob=0.623 [PASS]
[14:23:57] [INFO ]     Seed 6/7 trace 2092: avg_prob=0.572 [PASS]
[14:23:59] [INFO ]     Seed 7/7 trace 1383: avg_prob=0.592 [PASS]
[14:23:59] [INFO ]   Detected 1 high-confidence faults
[14:23:59] [INFO ]     Fault  1 | trace ~ 2629 | prob=0.799
[14:23:59] [INFO ]   Step 2 complete
[14:23:59] [INFO ] 
[14:23:59] [INFO ] STEP 3 — Bounding boxes
[14:23:59] [INFO ]   Box  1 | [2474, 102, 128w, 125h px]
[14:23:59] [INFO ]   Generated 1 boxes
[14:23:59] [INFO ]   Step 3 complete
[14:23:59] [INFO ] 
[14:23:59] [INFO ] STEP 4 — Dataset building
[14:23:59] [INFO ]   Saving labeled review image...
[14:23:59] [INFO ]   Saved: f1289stk32_labeled.png
[14:23:59] [INFO ]   Split: train
[14:23:59] [INFO ]   Added 1 annotations to train.json
[14:23:59] [INFO ]   train.json: 44 images, 22 annotations
[14:23:59] [INFO ]   val.json:   11 images,  4 annotations
[14:23:59] [INFO ]   Step 4 complete
[14:23:59] [INFO ] 
[14:23:59] [INFO ]   DONE  f1289stk32  →  train  |  1 faults  |  1 boxes
[14:23:59] [INFO ] 
[14:23:59] [INFO ] ──────────────────────────────────────────────────
[14:23:59] [INFO ]   LINE: f287stk01
[14:23:59] [INFO ] ──────────────────────────────────────────────────
[14:23:59] [INFO ] Dataset  : namss.F-2-87-AA.mcs.airgun
[14:23:59] [INFO ] SGY      : ../../airgun_data/namss.F-2-87-AA.mcs.airgun/Data/f287stk01.sgy
[14:23:59] [INFO ] NAV      : ../../airgun_data/namss.F-2-87-AA.mcs.airgun/Navigation/f-2-87-aa_NAV-WGS84.csv
[14:23:59] [INFO ] SA mode  : averaged 5x 
[14:23:59] [INFO ] 
[14:23:59] [INFO ] STEP 1 — Feature extraction
[14:23:59] [INFO ]   Loading navigation...
[14:23:59] [INFO ]   Loading SEG-Y...
[14:23:59] [INFO ]   Traces: 3097  Samples: 1750  dt: 4.000 ms
[14:23:59] [INFO ]   Depth:  0.0 m → 5247.0 m
[14:23:59] [INFO ]   Matching traces to navigation...
[14:23:59] [INFO ]   NAV line matched via translation: 'f287stk01' -> 'F287-1'
[14:23:59] [INFO ]   Matched 3096 / 3097 traces
[14:23:59] [INFO ]   Bandpass filtering...
[14:23:59] [INFO ]   Computing seismic attributes...
[14:24:00] [INFO ]   Picking seafloor...
[14:24:00] [INFO ]   Seafloor depth: 465–1392 m  (616 shallow traces masked)
[14:24:00] [INFO ]   Picking horizons...
[14:24:00] [INFO ]   Computing NCC coherence (slow)...
[14:24:00] [INFO ]   Saving CNN section image...
[14:24:01] [INFO ]   Saved: f287stk01_section_cnn.png  (2700x1500px)
[14:24:01] [INFO ]   Step 1 complete
[14:24:01] [INFO ] 
[14:24:01] [INFO ] STEP 2 — Fault detection
[14:24:01] [INFO ]   Mode: averaged SA (5 runs per seed)
[14:24:01] [INFO ]   Averaging SA over 5 runs per seed (7 seeds)
[14:24:02] [INFO ]     Seed 1/7 trace 422: avg_prob=0.732 [PASS]
[14:24:04] [INFO ]     Seed 2/7 trace 1732: avg_prob=0.667 [PASS]
[14:24:05] [INFO ]     Seed 3/7 trace 2483: avg_prob=0.682 [PASS]
[14:24:06] [INFO ]     Seed 4/7 trace 976: avg_prob=0.692 [PASS]
[14:24:07] [INFO ]     Seed 5/7 trace 11: avg_prob=0.578 [PASS]
[14:24:08] [INFO ]     Seed 6/7 trace 1494: avg_prob=0.651 [PASS]
[14:24:09] [INFO ]     Seed 7/7 trace 669: avg_prob=0.598 [PASS]
[14:24:09] [INFO ]   Detected 0 high-confidence faults
[14:24:09] [INFO ]   Step 2 complete
[14:24:09] [INFO ] 
[14:24:09] [INFO ] STEP 3 — Bounding boxes
[14:24:09] [INFO ]   Generated 0 boxes
[14:24:09] [INFO ]   Step 3 complete
[14:24:09] [INFO ] 
[14:24:09] [INFO ] STEP 4 — Dataset building
[14:24:09] [INFO ]   Saving labeled review image...
[14:24:10] [INFO ]   Saved: f287stk01_labeled.png
[14:24:10] [INFO ]   Split: val
[14:24:10] [INFO ]   Added 0 annotations to val.json
[14:24:10] [INFO ]   train.json: 44 images, 22 annotations
[14:24:10] [INFO ]   val.json:   12 images,  4 annotations
[14:24:10] [INFO ]   Step 4 complete
[14:24:10] [INFO ] 
[14:24:10] [INFO ]   DONE  f287stk01  →  val  |  0 faults  |  0 boxes
[14:24:10] [INFO ] 
[14:24:10] [INFO ] ──────────────────────────────────────────────────
[14:24:10] [INFO ]   LINE: f287stk02
[14:24:10] [INFO ] ──────────────────────────────────────────────────
[14:24:10] [INFO ] Dataset  : namss.F-2-87-AA.mcs.airgun
[14:24:10] [INFO ] SGY      : ../../airgun_data/namss.F-2-87-AA.mcs.airgun/Data/f287stk02.sgy
[14:24:10] [INFO ] NAV      : ../../airgun_data/namss.F-2-87-AA.mcs.airgun/Navigation/f-2-87-aa_NAV-WGS84.csv
[14:24:10] [INFO ] SA mode  : averaged 5x 
[14:24:10] [INFO ] 
[14:24:10] [INFO ] STEP 1 — Feature extraction
[14:24:10] [INFO ]   Loading navigation...
[14:24:10] [INFO ]   Loading SEG-Y...
[14:24:10] [INFO ]   Traces: 547  Samples: 1750  dt: 4.000 ms
[14:24:10] [INFO ]   Depth:  0.0 m → 5247.0 m
[14:24:10] [INFO ]   Matching traces to navigation...
[14:24:10] [INFO ]   NAV line matched via translation: 'f287stk02' -> 'F287-2'
[14:24:10] [INFO ]   Matched 546 / 547 traces
[14:24:10] [INFO ]   Bandpass filtering...
[14:24:10] [INFO ]   Computing seismic attributes...
[14:24:10] [INFO ]   Picking seafloor...
[14:24:10] [INFO ]   Seafloor depth: 0–483 m  (546 shallow traces masked)
[14:24:10] [INFO ]   Picking horizons...
[14:24:10] [INFO ]   Computing NCC coherence (slow)...
[14:24:10] [INFO ]   Saving CNN section image...
[14:24:10] [INFO ]   Saved: f287stk02_section_cnn.png  (2700x1500px)
[14:24:10] [INFO ]   Step 1 complete
[14:24:10] [INFO ] 
[14:24:10] [INFO ] STEP 2 — Fault detection
[14:24:10] [INFO ]   Mode: averaged SA (5 runs per seed)
[14:24:10] [INFO ]   Averaging SA over 5 runs per seed (0 seeds)
[14:24:10] [INFO ]   Detected 0 high-confidence faults
[14:24:10] [INFO ]   Step 2 complete
[14:24:10] [INFO ] 
[14:24:10] [INFO ] STEP 3 — Bounding boxes
[14:24:10] [INFO ]   Generated 0 boxes
[14:24:10] [INFO ]   Step 3 complete
[14:24:10] [INFO ] 
[14:24:10] [INFO ] STEP 4 — Dataset building
[14:24:10] [INFO ]   Saving labeled review image...
[14:24:10] [INFO ]   Saved: f287stk02_labeled.png
[14:24:10] [INFO ]   Split: train
[14:24:10] [INFO ]   Added 0 annotations to train.json
[14:24:10] [INFO ]   train.json: 45 images, 22 annotations
[14:24:10] [INFO ]   val.json:   12 images,  4 annotations
[14:24:10] [INFO ]   Step 4 complete
[14:24:10] [INFO ] 
[14:24:10] [INFO ]   DONE  f287stk02  →  train  |  0 faults  |  0 boxes
[14:24:10] [INFO ] 
[14:24:10] [INFO ] ──────────────────────────────────────────────────
[14:24:10] [INFO ]   LINE: f287stk03
[14:24:10] [INFO ] ──────────────────────────────────────────────────
[14:24:10] [INFO ] Dataset  : namss.F-2-87-AA.mcs.airgun
[14:24:10] [INFO ] SGY      : ../../airgun_data/namss.F-2-87-AA.mcs.airgun/Data/f287stk03.sgy
[14:24:10] [INFO ] NAV      : ../../airgun_data/namss.F-2-87-AA.mcs.airgun/Navigation/f-2-87-aa_NAV-WGS84.csv
[14:24:10] [INFO ] SA mode  : averaged 5x 
[14:24:10] [INFO ] 
[14:24:10] [INFO ] STEP 1 — Feature extraction
[14:24:10] [INFO ]   Loading navigation...
[14:24:10] [INFO ]   Loading SEG-Y...
[14:24:10] [INFO ]   Traces: 4162  Samples: 2250  dt: 4.000 ms
[14:24:10] [INFO ]   Depth:  0.0 m → 6747.0 m
[14:24:10] [INFO ]   Matching traces to navigation...
[14:24:10] [INFO ]   NAV line matched via translation: 'f287stk03' -> 'F287-3'
[14:24:11] [INFO ]   Matched 4157 / 4162 traces
[14:24:11] [INFO ]   Bandpass filtering...
[14:24:11] [INFO ]   Computing seismic attributes...
[14:24:11] [INFO ]   Picking seafloor...
[14:24:12] [INFO ]   Seafloor depth: 891–3174 m  (0 shallow traces masked)
[14:24:12] [INFO ]   Picking horizons...
[14:24:12] [INFO ]   Computing NCC coherence (slow)...
[14:24:12] [INFO ]   Saving CNN section image...
[14:24:13] [INFO ]   Saved: f287stk03_section_cnn.png  (2700x1500px)
[14:24:13] [INFO ]   Step 1 complete
[14:24:13] [INFO ] 
[14:24:13] [INFO ] STEP 2 — Fault detection
[14:24:13] [INFO ]   Mode: averaged SA (5 runs per seed)
[14:24:15] [INFO ]   Averaging SA over 5 runs per seed (12 seeds)
[14:24:16] [INFO ]     Seed 1/12 trace 40: avg_prob=0.771 [PASS]
[14:24:17] [INFO ]     Seed 2/12 trace 2713: avg_prob=0.590 [PASS]
[14:24:18] [INFO ]     Seed 3/12 trace 2055: avg_prob=0.697 [PASS]
[14:24:20] [INFO ]     Seed 4/12 trace 3613: avg_prob=0.673 [PASS]
[14:24:21] [INFO ]     Seed 5/12 trace 1169: avg_prob=0.651 [PASS]
[14:24:22] [INFO ]     Seed 6/12 trace 443: avg_prob=0.652 [PASS]
[14:24:23] [INFO ]     Seed 7/12 trace 1462: avg_prob=0.690 [PASS]
[14:24:24] [INFO ]     Seed 8/12 trace 2961: avg_prob=0.538 [PASS]
[14:24:25] [INFO ]     Seed 9/12 trace 2331: avg_prob=0.662 [PASS]
[14:24:27] [INFO ]     Seed 10/12 trace 4117: avg_prob=0.609 [PASS]
[14:24:28] [INFO ]     Seed 11/12 trace 691: avg_prob=0.566 [PASS]
[14:24:29] [INFO ]     Seed 12/12 trace 1808: avg_prob=0.611 [PASS]
[14:24:29] [INFO ]   Detected 1 high-confidence faults
[14:24:29] [INFO ]     Fault  1 | trace ~   37 | prob=0.771
[14:24:29] [INFO ]   Step 2 complete
[14:24:29] [INFO ] 
[14:24:29] [INFO ] STEP 3 — Bounding boxes
[14:24:29] [INFO ]   Box  1 | [0, 215, 82w, 147h px]
[14:24:29] [INFO ]   Generated 1 boxes
[14:24:29] [INFO ]   Step 3 complete
[14:24:29] [INFO ] 
[14:24:29] [INFO ] STEP 4 — Dataset building
[14:24:29] [INFO ]   Saving labeled review image...
[14:24:29] [INFO ]   Saved: f287stk03_labeled.png
[14:24:29] [INFO ]   Split: train
[14:24:29] [INFO ]   Added 1 annotations to train.json
[14:24:29] [INFO ]   train.json: 46 images, 23 annotations
[14:24:29] [INFO ]   val.json:   12 images,  4 annotations
[14:24:29] [INFO ]   Step 4 complete
[14:24:29] [INFO ] 
[14:24:29] [INFO ]   DONE  f287stk03  →  train  |  1 faults  |  1 boxes
[14:24:29] [INFO ] 
[14:24:29] [INFO ] ──────────────────────────────────────────────────
[14:24:29] [INFO ]   LINE: f287stk04
[14:24:29] [INFO ] ──────────────────────────────────────────────────
[14:24:29] [INFO ] Dataset  : namss.F-2-87-AA.mcs.airgun
[14:24:29] [INFO ] SGY      : ../../airgun_data/namss.F-2-87-AA.mcs.airgun/Data/f287stk04.sgy
[14:24:29] [INFO ] NAV      : ../../airgun_data/namss.F-2-87-AA.mcs.airgun/Navigation/f-2-87-aa_NAV-WGS84.csv
[14:24:29] [INFO ] SA mode  : averaged 5x 
[14:24:29] [INFO ] 
[14:24:29] [INFO ] STEP 1 — Feature extraction
[14:24:29] [INFO ]   Loading navigation...
[14:24:29] [INFO ]   Loading SEG-Y...
[14:24:29] [INFO ]   Traces: 628  Samples: 2500  dt: 4.000 ms
[14:24:29] [INFO ]   Depth:  0.0 m → 7497.0 m
[14:24:29] [INFO ]   Matching traces to navigation...
[14:24:29] [INFO ]   NAV line matched via translation: 'f287stk04' -> 'F287-4'
[14:24:29] [INFO ]   Matched 627 / 628 traces
[14:24:29] [INFO ]   Bandpass filtering...
[14:24:29] [INFO ]   Computing seismic attributes...
[14:24:29] [INFO ]   Picking seafloor...
[14:24:29] [INFO ]   Seafloor depth: 3417–4545 m  (0 shallow traces masked)
[14:24:29] [INFO ]   Picking horizons...
[14:24:29] [INFO ]   Computing NCC coherence (slow)...
[14:24:30] [INFO ]   Saving CNN section image...
[14:24:30] [INFO ]   Saved: f287stk04_section_cnn.png  (2700x1500px)
[14:24:30] [INFO ]   Step 1 complete
[14:24:30] [INFO ] 
[14:24:30] [INFO ] STEP 2 — Fault detection
[14:24:30] [INFO ]   Mode: averaged SA (5 runs per seed)
[14:24:30] [INFO ]   Averaging SA over 5 runs per seed (2 seeds)
[14:24:31] [INFO ]     Seed 1/2 trace 215: avg_prob=0.729 [PASS]
[14:24:32] [INFO ]     Seed 2/2 trace 9: avg_prob=0.688 [PASS]
[14:24:32] [INFO ]   Detected 0 high-confidence faults
[14:24:32] [INFO ]   Step 2 complete
[14:24:32] [INFO ] 
[14:24:32] [INFO ] STEP 3 — Bounding boxes
[14:24:32] [INFO ]   Generated 0 boxes
[14:24:32] [INFO ]   Step 3 complete
[14:24:32] [INFO ] 
[14:24:32] [INFO ] STEP 4 — Dataset building
[14:24:32] [INFO ]   Saving labeled review image...
[14:24:33] [INFO ]   Saved: f287stk04_labeled.png
[14:24:33] [INFO ]   Split: train
[14:24:33] [INFO ]   Added 0 annotations to train.json
[14:24:33] [INFO ]   train.json: 47 images, 23 annotations
[14:24:33] [INFO ]   val.json:   12 images,  4 annotations
[14:24:33] [INFO ]   Step 4 complete
[14:24:33] [INFO ] 
[14:24:33] [INFO ]   DONE  f287stk04  →  train  |  0 faults  |  0 boxes
[14:24:33] [INFO ] 
[14:24:33] [INFO ] ──────────────────────────────────────────────────
[14:24:33] [INFO ]   LINE: f287stk05
[14:24:33] [INFO ] ──────────────────────────────────────────────────
[14:24:33] [INFO ] Dataset  : namss.F-2-87-AA.mcs.airgun
[14:24:33] [INFO ] SGY      : ../../airgun_data/namss.F-2-87-AA.mcs.airgun/Data/f287stk05.sgy
[14:24:33] [INFO ] NAV      : ../../airgun_data/namss.F-2-87-AA.mcs.airgun/Navigation/f-2-87-aa_NAV-WGS84.csv
[14:24:33] [INFO ] SA mode  : averaged 5x 
[14:24:33] [INFO ] 
[14:24:33] [INFO ] STEP 1 — Feature extraction
[14:24:33] [INFO ]   Loading navigation...
[14:24:33] [INFO ]   Loading SEG-Y...
[14:24:33] [INFO ]   Traces: 4145  Samples: 2500  dt: 4.000 ms
[14:24:33] [INFO ]   Depth:  0.0 m → 7497.0 m
[14:24:33] [INFO ]   Matching traces to navigation...
[14:24:33] [INFO ]   NAV line matched via translation: 'f287stk05' -> 'F287-5'
[14:24:33] [INFO ]   Matched 4144 / 4145 traces
[14:24:33] [INFO ]   Bandpass filtering...
[14:24:33] [INFO ]   Computing seismic attributes...
[14:24:34] [INFO ]   Picking seafloor...
[14:24:34] [INFO ]   Seafloor depth: 915–4770 m  (0 shallow traces masked)
[14:24:34] [INFO ]   Picking horizons...
[14:24:34] [INFO ]   Computing NCC coherence (slow)...
[14:24:34] [INFO ]   Saving CNN section image...
[14:24:35] [INFO ]   Saved: f287stk05_section_cnn.png  (2700x1500px)
[14:24:35] [INFO ]   Step 1 complete
[14:24:35] [INFO ] 
[14:24:35] [INFO ] STEP 2 — Fault detection
[14:24:35] [INFO ]   Mode: averaged SA (5 runs per seed)
[14:24:37] [INFO ]   Averaging SA over 5 runs per seed (7 seeds)
[14:24:38] [INFO ]     Seed 1/7 trace 3987: avg_prob=0.764 [PASS]
[14:24:40] [INFO ]     Seed 2/7 trace 3059: avg_prob=0.595 [PASS]
[14:24:41] [INFO ]     Seed 3/7 trace 3261: avg_prob=0.632 [PASS]
[14:24:42] [INFO ]     Seed 4/7 trace 3757: avg_prob=0.683 [PASS]
[14:24:43] [INFO ]     Seed 5/7 trace 2380: avg_prob=0.602 [PASS]
[14:24:44] [INFO ]     Seed 6/7 trace 3534: avg_prob=0.521 [PASS]
[14:24:46] [INFO ]     Seed 7/7 trace 1346: avg_prob=0.624 [PASS]
[14:24:46] [INFO ]   Detected 1 high-confidence faults
[14:24:46] [INFO ]     Fault  1 | trace ~ 3982 | prob=0.764
[14:24:46] [INFO ]   Step 2 complete
[14:24:46] [INFO ] 
[14:24:46] [INFO ] STEP 3 — Bounding boxes
[14:24:46] [INFO ]   Box  1 | [2541, 242, 107w, 147h px]
[14:24:46] [INFO ]   Generated 1 boxes
[14:24:46] [INFO ]   Step 3 complete
[14:24:46] [INFO ] 
[14:24:46] [INFO ] STEP 4 — Dataset building
[14:24:46] [INFO ]   Saving labeled review image...
[14:24:46] [INFO ]   Saved: f287stk05_labeled.png
[14:24:46] [INFO ]   Split: train
[14:24:46] [INFO ]   Added 1 annotations to train.json
[14:24:46] [INFO ]   train.json: 48 images, 24 annotations
[14:24:46] [INFO ]   val.json:   12 images,  4 annotations
[14:24:46] [INFO ]   Step 4 complete
[14:24:46] [INFO ] 
[14:24:46] [INFO ]   DONE  f287stk05  →  train  |  1 faults  |  1 boxes
[14:24:46] [INFO ] 
[14:24:46] [INFO ] ──────────────────────────────────────────────────
[14:24:46] [INFO ]   LINE: f287stk06
[14:24:46] [INFO ] ──────────────────────────────────────────────────
[14:24:46] [INFO ] Dataset  : namss.F-2-87-AA.mcs.airgun
[14:24:46] [INFO ] SGY      : ../../airgun_data/namss.F-2-87-AA.mcs.airgun/Data/f287stk06.sgy
[14:24:46] [INFO ] NAV      : ../../airgun_data/namss.F-2-87-AA.mcs.airgun/Navigation/f-2-87-aa_NAV-WGS84.csv
[14:24:46] [INFO ] SA mode  : averaged 5x 
[14:24:46] [INFO ] 
[14:24:46] [INFO ] STEP 1 — Feature extraction
[14:24:46] [INFO ]   Loading navigation...
[14:24:46] [INFO ]   Loading SEG-Y...
[14:24:46] [INFO ]   Traces: 864  Samples: 2500  dt: 4.000 ms
[14:24:46] [INFO ]   Depth:  0.0 m → 7497.0 m
[14:24:46] [INFO ]   Matching traces to navigation...
[14:24:46] [INFO ]   NAV line matched via translation: 'f287stk06' -> 'F287-6'
[14:24:46] [INFO ]   Matched 863 / 864 traces
[14:24:46] [INFO ]   Bandpass filtering...
[14:24:46] [INFO ]   Computing seismic attributes...
[14:24:46] [INFO ]   Picking seafloor...
[14:24:46] [INFO ]   Seafloor depth: 738–2538 m  (0 shallow traces masked)
[14:24:46] [INFO ]   Picking horizons...
[14:24:46] [INFO ]   Computing NCC coherence (slow)...
[14:24:46] [INFO ]   Saving CNN section image...
[14:24:47] [INFO ]   Saved: f287stk06_section_cnn.png  (2700x1500px)
[14:24:47] [INFO ]   Step 1 complete
[14:24:47] [INFO ] 
[14:24:47] [INFO ] STEP 2 — Fault detection
[14:24:47] [INFO ]   Mode: averaged SA (5 runs per seed)
[14:24:47] [INFO ]   Averaging SA over 5 runs per seed (2 seeds)
[14:24:48] [INFO ]     Seed 1/2 trace 428: avg_prob=0.713 [PASS]
[14:24:49] [INFO ]     Seed 2/2 trace 776: avg_prob=0.708 [PASS]
[14:24:49] [INFO ]   Detected 0 high-confidence faults
[14:24:49] [INFO ]   Step 2 complete
[14:24:49] [INFO ] 
[14:24:49] [INFO ] STEP 3 — Bounding boxes
[14:24:49] [INFO ]   Generated 0 boxes
[14:24:49] [INFO ]   Step 3 complete
[14:24:49] [INFO ] 
[14:24:49] [INFO ] STEP 4 — Dataset building
[14:24:49] [INFO ]   Saving labeled review image...
[14:24:49] [INFO ]   Saved: f287stk06_labeled.png
[14:24:49] [INFO ]   Split: val
[14:24:49] [INFO ]   Added 0 annotations to val.json
[14:24:49] [INFO ]   train.json: 48 images, 24 annotations
[14:24:49] [INFO ]   val.json:   13 images,  4 annotations
[14:24:49] [INFO ]   Step 4 complete
[14:24:49] [INFO ] 
[14:24:49] [INFO ]   DONE  f287stk06  →  val  |  0 faults  |  0 boxes
[14:24:49] [INFO ] 
[14:24:49] [INFO ] ──────────────────────────────────────────────────
[14:24:49] [INFO ]   LINE: f287stk07
[14:24:49] [INFO ] ──────────────────────────────────────────────────
[14:24:49] [INFO ] Dataset  : namss.F-2-87-AA.mcs.airgun
[14:24:49] [INFO ] SGY      : ../../airgun_data/namss.F-2-87-AA.mcs.airgun/Data/f287stk07.sgy
[14:24:49] [INFO ] NAV      : ../../airgun_data/namss.F-2-87-AA.mcs.airgun/Navigation/f-2-87-aa_NAV-WGS84.csv
[14:24:49] [INFO ] SA mode  : averaged 5x 
[14:24:49] [INFO ] 
[14:24:49] [INFO ] STEP 1 — Feature extraction
[14:24:49] [INFO ]   Loading navigation...
[14:24:50] [INFO ]   Loading SEG-Y...
[14:24:50] [INFO ]   Traces: 208  Samples: 2500  dt: 4.000 ms
[14:24:50] [INFO ]   Depth:  0.0 m → 7497.0 m
[14:24:50] [INFO ]   Matching traces to navigation...
[14:24:50] [INFO ]   NAV line matched via translation: 'f287stk07' -> 'F287-7'
[14:24:50] [INFO ]   Matched 207 / 208 traces
[14:24:50] [INFO ]   Bandpass filtering...
[14:24:50] [INFO ]   Computing seismic attributes...
[14:24:50] [INFO ]   Picking seafloor...
[14:24:50] [INFO ]   Seafloor depth: 765–1662 m  (0 shallow traces masked)
[14:24:50] [INFO ]   Picking horizons...
[14:24:50] [INFO ]   Computing NCC coherence (slow)...
[14:24:50] [INFO ]   Saving CNN section image...
[14:24:50] [INFO ]   Saved: f287stk07_section_cnn.png  (2700x1500px)
[14:24:50] [INFO ]   Step 1 complete
[14:24:50] [INFO ] 
[14:24:50] [INFO ] STEP 2 — Fault detection
[14:24:50] [INFO ]   Mode: averaged SA (5 runs per seed)
[14:24:50] [INFO ]   Averaging SA over 5 runs per seed (1 seeds)
[14:24:51] [INFO ]     Seed 1/1 trace 76: avg_prob=0.622 [PASS]
[14:24:51] [INFO ]   Detected 0 high-confidence faults
[14:24:51] [INFO ]   Step 2 complete
[14:24:51] [INFO ] 
[14:24:51] [INFO ] STEP 3 — Bounding boxes
[14:24:51] [INFO ]   Generated 0 boxes
[14:24:51] [INFO ]   Step 3 complete
[14:24:51] [INFO ] 
[14:24:51] [INFO ] STEP 4 — Dataset building
[14:24:51] [INFO ]   Saving labeled review image...
[14:24:51] [INFO ]   Saved: f287stk07_labeled.png
[14:24:51] [INFO ]   Split: train
[14:24:51] [INFO ]   Added 0 annotations to train.json
[14:24:51] [INFO ]   train.json: 49 images, 24 annotations
[14:24:51] [INFO ]   val.json:   13 images,  4 annotations
[14:24:51] [INFO ]   Step 4 complete
[14:24:51] [INFO ] 
[14:24:51] [INFO ]   DONE  f287stk07  →  train  |  0 faults  |  0 boxes
[14:24:51] [INFO ] 
[14:24:51] [INFO ] ──────────────────────────────────────────────────
[14:24:51] [INFO ]   LINE: f287stk08
[14:24:51] [INFO ] ──────────────────────────────────────────────────
[14:24:51] [INFO ] Dataset  : namss.F-2-87-AA.mcs.airgun
[14:24:51] [INFO ] SGY      : ../../airgun_data/namss.F-2-87-AA.mcs.airgun/Data/f287stk08.sgy
[14:24:51] [INFO ] NAV      : ../../airgun_data/namss.F-2-87-AA.mcs.airgun/Navigation/f-2-87-aa_NAV-WGS84.csv
[14:24:51] [INFO ] SA mode  : averaged 5x 
[14:24:51] [INFO ] 
[14:24:51] [INFO ] STEP 1 — Feature extraction
[14:24:51] [INFO ]   Loading navigation...
[14:24:51] [INFO ]   Loading SEG-Y...
[14:24:51] [INFO ]   Traces: 1406  Samples: 2500  dt: 4.000 ms
[14:24:51] [INFO ]   Depth:  0.0 m → 7497.0 m
[14:24:51] [INFO ]   Matching traces to navigation...
[14:24:51] [INFO ]   NAV line matched via translation: 'f287stk08' -> 'F287-8'
[14:24:51] [INFO ]   Matched 1404 / 1406 traces
[14:24:51] [INFO ]   Bandpass filtering...
[14:24:52] [INFO ]   Computing seismic attributes...
[14:24:52] [INFO ]   Picking seafloor...
[14:24:52] [INFO ]   Seafloor depth: 732–2607 m  (0 shallow traces masked)
[14:24:52] [INFO ]   Picking horizons...
[14:24:52] [INFO ]   Computing NCC coherence (slow)...
[14:24:52] [INFO ]   Saving CNN section image...
[14:24:52] [INFO ]   Saved: f287stk08_section_cnn.png  (2700x1500px)
[14:24:52] [INFO ]   Step 1 complete
[14:24:52] [INFO ] 
[14:24:52] [INFO ] STEP 2 — Fault detection
[14:24:52] [INFO ]   Mode: averaged SA (5 runs per seed)
[14:24:53] [INFO ]   Averaging SA over 5 runs per seed (3 seeds)
[14:24:54] [INFO ]     Seed 1/3 trace 230: avg_prob=0.748 [PASS]
[14:24:55] [INFO ]     Seed 2/3 trace 476: avg_prob=0.711 [PASS]
[14:24:56] [INFO ]     Seed 3/3 trace 748: avg_prob=0.640 [PASS]
[14:24:56] [INFO ]   Detected 0 high-confidence faults
[14:24:56] [INFO ]   Step 2 complete
[14:24:56] [INFO ] 
[14:24:56] [INFO ] STEP 3 — Bounding boxes
[14:24:56] [INFO ]   Generated 0 boxes
[14:24:56] [INFO ]   Step 3 complete
[14:24:56] [INFO ] 
[14:24:56] [INFO ] STEP 4 — Dataset building
[14:24:56] [INFO ]   Saving labeled review image...
[14:24:56] [INFO ]   Saved: f287stk08_labeled.png
[14:24:56] [INFO ]   Split: train
[14:24:56] [INFO ]   Added 0 annotations to train.json
[14:24:56] [INFO ]   train.json: 50 images, 24 annotations
[14:24:56] [INFO ]   val.json:   13 images,  4 annotations
[14:24:56] [INFO ]   Step 4 complete
[14:24:56] [INFO ] 
[14:24:56] [INFO ]   DONE  f287stk08  →  train  |  0 faults  |  0 boxes
[14:24:56] [INFO ] 
[14:24:56] [INFO ] ──────────────────────────────────────────────────
[14:24:56] [INFO ]   LINE: f287stk09
[14:24:56] [INFO ] ──────────────────────────────────────────────────
[14:24:56] [INFO ] Dataset  : namss.F-2-87-AA.mcs.airgun
[14:24:56] [INFO ] SGY      : ../../airgun_data/namss.F-2-87-AA.mcs.airgun/Data/f287stk09.sgy
[14:24:56] [INFO ] NAV      : ../../airgun_data/namss.F-2-87-AA.mcs.airgun/Navigation/f-2-87-aa_NAV-WGS84.csv
[14:24:56] [INFO ] SA mode  : averaged 5x 
[14:24:56] [INFO ] 
[14:24:56] [INFO ] STEP 1 — Feature extraction
[14:24:56] [INFO ]   Loading navigation...
[14:24:56] [INFO ]   Loading SEG-Y...
[14:24:57] [INFO ]   Traces: 679  Samples: 2500  dt: 4.000 ms
[14:24:57] [INFO ]   Depth:  0.0 m → 7497.0 m
[14:24:57] [INFO ]   Matching traces to navigation...
[14:24:57] [INFO ]   NAV line matched via translation: 'f287stk09' -> 'F287-9'
[14:24:57] [INFO ]   Matched 678 / 679 traces
[14:24:57] [INFO ]   Bandpass filtering...
[14:24:57] [INFO ]   Computing seismic attributes...
[14:24:57] [INFO ]   Picking seafloor...
[14:24:57] [INFO ]   Seafloor depth: 975–3078 m  (0 shallow traces masked)
[14:24:57] [INFO ]   Picking horizons...
[14:24:57] [INFO ]   Computing NCC coherence (slow)...
[14:24:57] [INFO ]   Saving CNN section image...
[14:24:57] [INFO ]   Saved: f287stk09_section_cnn.png  (2700x1500px)
[14:24:57] [INFO ]   Step 1 complete
[14:24:57] [INFO ] 
[14:24:57] [INFO ] STEP 2 — Fault detection
[14:24:57] [INFO ]   Mode: averaged SA (5 runs per seed)
[14:24:57] [INFO ]   Averaging SA over 5 runs per seed (2 seeds)
[14:24:59] [INFO ]     Seed 1/2 trace 579: avg_prob=0.721 [PASS]
[14:25:00] [INFO ]     Seed 2/2 trace 291: avg_prob=0.674 [PASS]
[14:25:00] [INFO ]   Detected 0 high-confidence faults
[14:25:00] [INFO ]   Step 2 complete
[14:25:00] [INFO ] 
[14:25:00] [INFO ] STEP 3 — Bounding boxes
[14:25:00] [INFO ]   Generated 0 boxes
[14:25:00] [INFO ]   Step 3 complete
[14:25:00] [INFO ] 
[14:25:00] [INFO ] STEP 4 — Dataset building
[14:25:00] [INFO ]   Saving labeled review image...
[14:25:00] [INFO ]   Saved: f287stk09_labeled.png
[14:25:00] [INFO ]   Split: train
[14:25:00] [INFO ]   Added 0 annotations to train.json
[14:25:00] [INFO ]   train.json: 51 images, 24 annotations
[14:25:00] [INFO ]   val.json:   13 images,  4 annotations
[14:25:00] [INFO ]   Step 4 complete
[14:25:00] [INFO ] 
[14:25:00] [INFO ]   DONE  f287stk09  →  train  |  0 faults  |  0 boxes
[14:25:00] [INFO ] 
[14:25:00] [INFO ] ──────────────────────────────────────────────────
[14:25:00] [INFO ]   LINE: f287stk10
[14:25:00] [INFO ] ──────────────────────────────────────────────────
[14:25:00] [INFO ] Dataset  : namss.F-2-87-AA.mcs.airgun
[14:25:00] [INFO ] SGY      : ../../airgun_data/namss.F-2-87-AA.mcs.airgun/Data/f287stk10.sgy
[14:25:00] [INFO ] NAV      : ../../airgun_data/namss.F-2-87-AA.mcs.airgun/Navigation/f-2-87-aa_NAV-WGS84.csv
[14:25:00] [INFO ] SA mode  : averaged 5x 
[14:25:00] [INFO ] 
[14:25:00] [INFO ] STEP 1 — Feature extraction
[14:25:00] [INFO ]   Loading navigation...
[14:25:00] [INFO ]   Loading SEG-Y...
[14:25:00] [INFO ]   Traces: 417  Samples: 2500  dt: 4.000 ms
[14:25:00] [INFO ]   Depth:  0.0 m → 7497.0 m
[14:25:00] [INFO ]   Matching traces to navigation...
[14:25:00] [INFO ]   NAV line matched via translation: 'f287stk10' -> 'F287-10'
[14:25:00] [INFO ]   Matched 416 / 417 traces
[14:25:00] [INFO ]   Bandpass filtering...
[14:25:00] [INFO ]   Computing seismic attributes...
[14:25:00] [INFO ]   Picking seafloor...
[14:25:00] [INFO ]   Seafloor depth: 615–1452 m  (0 shallow traces masked)
[14:25:00] [INFO ]   Picking horizons...
[14:25:00] [INFO ]   Computing NCC coherence (slow)...
[14:25:00] [INFO ]   Saving CNN section image...
[14:25:01] [INFO ]   Saved: f287stk10_section_cnn.png  (2700x1500px)
[14:25:01] [INFO ]   Step 1 complete
[14:25:01] [INFO ] 
[14:25:01] [INFO ] STEP 2 — Fault detection
[14:25:01] [INFO ]   Mode: averaged SA (5 runs per seed)
[14:25:01] [INFO ]   Averaging SA over 5 runs per seed (1 seeds)
[14:25:02] [INFO ]     Seed 1/1 trace 222: avg_prob=0.744 [PASS]
[14:25:02] [INFO ]   Detected 0 high-confidence faults
[14:25:02] [INFO ]   Step 2 complete
[14:25:02] [INFO ] 
[14:25:02] [INFO ] STEP 3 — Bounding boxes
[14:25:02] [INFO ]   Generated 0 boxes
[14:25:02] [INFO ]   Step 3 complete
[14:25:02] [INFO ] 
[14:25:02] [INFO ] STEP 4 — Dataset building
[14:25:02] [INFO ]   Saving labeled review image...
[14:25:02] [INFO ]   Saved: f287stk10_labeled.png
[14:25:02] [INFO ]   Split: train
[14:25:02] [INFO ]   Added 0 annotations to train.json
[14:25:02] [INFO ]   train.json: 52 images, 24 annotations
[14:25:02] [INFO ]   val.json:   13 images,  4 annotations
[14:25:02] [INFO ]   Step 4 complete
[14:25:02] [INFO ] 
[14:25:02] [INFO ]   DONE  f287stk10  →  train  |  0 faults  |  0 boxes
[14:25:02] [INFO ] 
[14:25:02] [INFO ] ──────────────────────────────────────────────────
[14:25:02] [INFO ]   LINE: f287stk11
[14:25:02] [INFO ] ──────────────────────────────────────────────────
[14:25:02] [INFO ] Dataset  : namss.F-2-87-AA.mcs.airgun
[14:25:02] [INFO ] SGY      : ../../airgun_data/namss.F-2-87-AA.mcs.airgun/Data/f287stk11.sgy
[14:25:02] [INFO ] NAV      : ../../airgun_data/namss.F-2-87-AA.mcs.airgun/Navigation/f-2-87-aa_NAV-WGS84.csv
[14:25:02] [INFO ] SA mode  : averaged 5x 
[14:25:02] [INFO ] 
[14:25:02] [INFO ] STEP 1 — Feature extraction
[14:25:02] [INFO ]   Loading navigation...
[14:25:02] [INFO ]   Loading SEG-Y...
[14:25:02] [INFO ]   Traces: 1209  Samples: 2500  dt: 4.000 ms
[14:25:02] [INFO ]   Depth:  0.0 m → 7497.0 m
[14:25:02] [INFO ]   Matching traces to navigation...
[14:25:02] [INFO ]   NAV line matched via translation: 'f287stk11' -> 'F287-11'
[14:25:02] [INFO ]   Matched 1208 / 1209 traces
[14:25:02] [INFO ]   Bandpass filtering...
[14:25:02] [INFO ]   Computing seismic attributes...
[14:25:02] [INFO ]   Picking seafloor...
[14:25:03] [INFO ]   Seafloor depth: 372–921 m  (292 shallow traces masked)
[14:25:03] [INFO ]   Picking horizons...
[14:25:03] [INFO ]   Computing NCC coherence (slow)...
[14:25:03] [INFO ]   Saving CNN section image...
[14:25:03] [INFO ]   Saved: f287stk11_section_cnn.png  (2700x1500px)
[14:25:03] [INFO ]   Step 1 complete
[14:25:03] [INFO ] 
[14:25:03] [INFO ] STEP 2 — Fault detection
[14:25:03] [INFO ]   Mode: averaged SA (5 runs per seed)
[14:25:03] [INFO ]   Averaging SA over 5 runs per seed (4 seeds)
[14:25:05] [INFO ]     Seed 1/4 trace 416: avg_prob=0.713 [PASS]
[14:25:06] [INFO ]     Seed 2/4 trace 957: avg_prob=0.689 [PASS]
[14:25:07] [INFO ]     Seed 3/4 trace 633: avg_prob=0.716 [PASS]
[14:25:08] [INFO ]     Seed 4/4 trace 125: avg_prob=0.654 [PASS]
[14:25:08] [INFO ]   Detected 0 high-confidence faults
[14:25:08] [INFO ]   Step 2 complete
[14:25:08] [INFO ] 
[14:25:08] [INFO ] STEP 3 — Bounding boxes
[14:25:08] [INFO ]   Generated 0 boxes
[14:25:08] [INFO ]   Step 3 complete
[14:25:08] [INFO ] 
[14:25:08] [INFO ] STEP 4 — Dataset building
[14:25:08] [INFO ]   Saving labeled review image...
[14:25:09] [INFO ]   Saved: f287stk11_labeled.png
[14:25:09] [INFO ]   Split: val
[14:25:09] [INFO ]   Added 0 annotations to val.json
[14:25:09] [INFO ]   train.json: 52 images, 24 annotations
[14:25:09] [INFO ]   val.json:   14 images,  4 annotations
[14:25:09] [INFO ]   Step 4 complete
[14:25:09] [INFO ] 
[14:25:09] [INFO ]   DONE  f287stk11  →  val  |  0 faults  |  0 boxes
[14:25:09] [INFO ] 
[14:25:09] [INFO ] ──────────────────────────────────────────────────
[14:25:09] [INFO ]   LINE: f287stk12
[14:25:09] [INFO ] ──────────────────────────────────────────────────
[14:25:09] [INFO ] Dataset  : namss.F-2-87-AA.mcs.airgun
[14:25:09] [INFO ] SGY      : ../../airgun_data/namss.F-2-87-AA.mcs.airgun/Data/f287stk12.sgy
[14:25:09] [INFO ] NAV      : ../../airgun_data/namss.F-2-87-AA.mcs.airgun/Navigation/f-2-87-aa_NAV-WGS84.csv
[14:25:09] [INFO ] SA mode  : averaged 5x 
[14:25:09] [INFO ] 
[14:25:09] [INFO ] STEP 1 — Feature extraction
[14:25:09] [INFO ]   Loading navigation...
[14:25:09] [INFO ]   Loading SEG-Y...
[14:25:09] [INFO ]   Traces: 1119  Samples: 1500  dt: 4.000 ms
[14:25:09] [INFO ]   Depth:  0.0 m → 4497.0 m
[14:25:09] [INFO ]   Matching traces to navigation...
[14:25:09] [INFO ]   NAV line matched via translation: 'f287stk12' -> 'F287-12'
[14:25:09] [INFO ]   Matched 1118 / 1119 traces
[14:25:09] [INFO ]   Bandpass filtering...
[14:25:09] [INFO ]   Computing seismic attributes...
[14:25:09] [INFO ]   Picking seafloor...
[14:25:09] [INFO ]   Seafloor depth: 0–3993 m  (197 shallow traces masked)
[14:25:09] [INFO ]   Picking horizons...
[14:25:09] [INFO ]   Computing NCC coherence (slow)...
[14:25:09] [INFO ]   Saving CNN section image...
[14:25:09] [INFO ]   Saved: f287stk12_section_cnn.png  (2700x1500px)
[14:25:09] [INFO ]   Step 1 complete
[14:25:09] [INFO ] 
[14:25:09] [INFO ] STEP 2 — Fault detection
[14:25:09] [INFO ]   Mode: averaged SA (5 runs per seed)
[14:25:09] [INFO ]   Averaging SA over 5 runs per seed (4 seeds)
[14:25:11] [INFO ]     Seed 1/4 trace 49: avg_prob=0.734 [PASS]
[14:25:12] [INFO ]     Seed 2/4 trace 568: avg_prob=0.694 [PASS]
[14:25:13] [INFO ]     Seed 3/4 trace 894: avg_prob=0.626 [PASS]
[14:25:14] [INFO ]     Seed 4/4 trace 270: avg_prob=0.563 [PASS]
[14:25:14] [INFO ]   Detected 0 high-confidence faults
[14:25:14] [INFO ]   Step 2 complete
[14:25:14] [INFO ] 
[14:25:14] [INFO ] STEP 3 — Bounding boxes
[14:25:14] [INFO ]   Generated 0 boxes
[14:25:14] [INFO ]   Step 3 complete
[14:25:14] [INFO ] 
[14:25:14] [INFO ] STEP 4 — Dataset building
[14:25:14] [INFO ]   Saving labeled review image...
[14:25:14] [INFO ]   Saved: f287stk12_labeled.png
[14:25:14] [INFO ]   Split: train
[14:25:14] [INFO ]   Added 0 annotations to train.json
[14:25:14] [INFO ]   train.json: 53 images, 24 annotations
[14:25:14] [INFO ]   val.json:   14 images,  4 annotations
[14:25:14] [INFO ]   Step 4 complete
[14:25:14] [INFO ] 
[14:25:14] [INFO ]   DONE  f287stk12  →  train  |  0 faults  |  0 boxes
[14:25:14] [INFO ] 
[14:25:14] [INFO ] ──────────────────────────────────────────────────
[14:25:14] [INFO ]   LINE: f287stk13
[14:25:14] [INFO ] ──────────────────────────────────────────────────
[14:25:14] [INFO ] Dataset  : namss.F-2-87-AA.mcs.airgun
[14:25:14] [INFO ] SGY      : ../../airgun_data/namss.F-2-87-AA.mcs.airgun/Data/f287stk13.sgy
[14:25:14] [INFO ] NAV      : ../../airgun_data/namss.F-2-87-AA.mcs.airgun/Navigation/f-2-87-aa_NAV-WGS84.csv
[14:25:14] [INFO ] SA mode  : averaged 5x 
[14:25:14] [INFO ] 
[14:25:14] [INFO ] STEP 1 — Feature extraction
[14:25:14] [INFO ]   Loading navigation...
[14:25:14] [INFO ]   Loading SEG-Y...
[14:25:14] [INFO ]   Traces: 1429  Samples: 2500  dt: 4.000 ms
[14:25:14] [INFO ]   Depth:  0.0 m → 7497.0 m
[14:25:14] [INFO ]   Matching traces to navigation...
[14:25:14] [INFO ]   NAV line matched via translation: 'f287stk13' -> 'F287-13'
[14:25:14] [INFO ]   Matched 1428 / 1429 traces
[14:25:14] [INFO ]   Bandpass filtering...
[14:25:14] [INFO ]   Computing seismic attributes...
[14:25:15] [INFO ]   Picking seafloor...
[14:25:15] [INFO ]   Seafloor depth: 2319–5202 m  (0 shallow traces masked)
[14:25:15] [INFO ]   Picking horizons...
[14:25:15] [INFO ]   Computing NCC coherence (slow)...
[14:25:15] [INFO ]   Saving CNN section image...
[14:25:15] [INFO ]   Saved: f287stk13_section_cnn.png  (2700x1500px)
[14:25:15] [INFO ]   Step 1 complete
[14:25:15] [INFO ] 
[14:25:15] [INFO ] STEP 2 — Fault detection
[14:25:15] [INFO ]   Mode: averaged SA (5 runs per seed)
[14:25:16] [INFO ]   Averaging SA over 5 runs per seed (5 seeds)
[14:25:17] [INFO ]     Seed 1/5 trace 1160: avg_prob=0.742 [PASS]
[14:25:18] [INFO ]     Seed 2/5 trace 139: avg_prob=0.670 [PASS]
[14:25:20] [INFO ]     Seed 3/5 trace 958: avg_prob=0.726 [PASS]
[14:25:21] [INFO ]     Seed 4/5 trace 651: avg_prob=0.706 [PASS]
[14:25:22] [INFO ]     Seed 5/5 trace 1371: avg_prob=0.706 [PASS]
[14:25:22] [INFO ]   Detected 0 high-confidence faults
[14:25:22] [INFO ]   Step 2 complete
[14:25:22] [INFO ] 
[14:25:22] [INFO ] STEP 3 — Bounding boxes
[14:25:22] [INFO ]   Generated 0 boxes
[14:25:22] [INFO ]   Step 3 complete
[14:25:22] [INFO ] 
[14:25:22] [INFO ] STEP 4 — Dataset building
[14:25:22] [INFO ]   Saving labeled review image...
[14:25:22] [INFO ]   Saved: f287stk13_labeled.png
[14:25:22] [INFO ]   Split: train
[14:25:22] [INFO ]   Added 0 annotations to train.json
[14:25:22] [INFO ]   train.json: 54 images, 24 annotations
[14:25:22] [INFO ]   val.json:   14 images,  4 annotations
[14:25:22] [INFO ]   Step 4 complete
[14:25:22] [INFO ] 
[14:25:22] [INFO ]   DONE  f287stk13  →  train  |  0 faults  |  0 boxes
[14:25:22] [INFO ] 
[14:25:22] [INFO ] ──────────────────────────────────────────────────
[14:25:22] [INFO ]   LINE: f287stk14
[14:25:22] [INFO ] ──────────────────────────────────────────────────
[14:25:22] [INFO ] Dataset  : namss.F-2-87-AA.mcs.airgun
[14:25:22] [INFO ] SGY      : ../../airgun_data/namss.F-2-87-AA.mcs.airgun/Data/f287stk14.sgy
[14:25:22] [INFO ] NAV      : ../../airgun_data/namss.F-2-87-AA.mcs.airgun/Navigation/f-2-87-aa_NAV-WGS84.csv
[14:25:22] [INFO ] SA mode  : averaged 5x 
[14:25:22] [INFO ] 
[14:25:22] [INFO ] STEP 1 — Feature extraction
[14:25:22] [INFO ]   Loading navigation...
[14:25:22] [INFO ]   Loading SEG-Y...
[14:25:22] [INFO ]   Traces: 1211  Samples: 2500  dt: 4.000 ms
[14:25:22] [INFO ]   Depth:  0.0 m → 7497.0 m
[14:25:22] [INFO ]   Matching traces to navigation...
[14:25:22] [INFO ]   NAV line matched via translation: 'f287stk14' -> 'F287-14'
[14:25:22] [INFO ]   Matched 1211 / 1211 traces
[14:25:22] [INFO ]   Bandpass filtering...
[14:25:22] [INFO ]   Computing seismic attributes...
[14:25:22] [INFO ]   Picking seafloor...
[14:25:23] [INFO ]   Seafloor depth: 0–1905 m  (9 shallow traces masked)
[14:25:23] [INFO ]   Picking horizons...
[14:25:23] [INFO ]   Computing NCC coherence (slow)...
[14:25:23] [INFO ]   Saving CNN section image...
[14:25:23] [INFO ]   Saved: f287stk14_section_cnn.png  (2700x1500px)
[14:25:23] [INFO ]   Step 1 complete
[14:25:23] [INFO ] 
[14:25:23] [INFO ] STEP 2 — Fault detection
[14:25:23] [INFO ]   Mode: averaged SA (5 runs per seed)
[14:25:23] [INFO ]   Averaging SA over 5 runs per seed (4 seeds)
[14:25:25] [INFO ]     Seed 1/4 trace 622: avg_prob=0.771 [PASS]
[14:25:26] [INFO ]     Seed 2/4 trace 72: avg_prob=0.650 [PASS]
[14:25:27] [INFO ]     Seed 3/4 trace 1199: avg_prob=0.628 [PASS]
[14:25:28] [INFO ]     Seed 4/4 trace 355: avg_prob=0.652 [PASS]
[14:25:28] [INFO ]   Detected 1 high-confidence faults
[14:25:28] [INFO ]     Fault  1 | trace ~  622 | prob=0.771
[14:25:28] [INFO ]   Step 2 complete
[14:25:28] [INFO ] 
[14:25:28] [INFO ] STEP 3 — Bounding boxes
[14:25:28] [INFO ]   Box  1 | [1051, 120, 599w, 141h px]
[14:25:28] [INFO ]   Generated 1 boxes
[14:25:28] [INFO ]   Step 3 complete
[14:25:28] [INFO ] 
[14:25:28] [INFO ] STEP 4 — Dataset building
[14:25:28] [INFO ]   Saving labeled review image...
[14:25:28] [INFO ]   Saved: f287stk14_labeled.png
[14:25:28] [INFO ]   Split: train
[14:25:28] [INFO ]   Added 1 annotations to train.json
[14:25:28] [INFO ]   train.json: 55 images, 25 annotations
[14:25:28] [INFO ]   val.json:   14 images,  4 annotations
[14:25:28] [INFO ]   Step 4 complete
[14:25:28] [INFO ] 
[14:25:28] [INFO ]   DONE  f287stk14  →  train  |  1 faults  |  1 boxes
[14:25:28] [INFO ] 
[14:25:28] [INFO ] ──────────────────────────────────────────────────
[14:25:28] [INFO ]   LINE: f287stk14a
[14:25:28] [INFO ] ──────────────────────────────────────────────────
[14:25:28] [INFO ] Dataset  : namss.F-2-87-AA.mcs.airgun
[14:25:28] [INFO ] SGY      : ../../airgun_data/namss.F-2-87-AA.mcs.airgun/Data/f287stk14a.sgy
[14:25:28] [INFO ] NAV      : ../../airgun_data/namss.F-2-87-AA.mcs.airgun/Navigation/f-2-87-aa_NAV-WGS84.csv
[14:25:28] [INFO ] SA mode  : averaged 5x 
[14:25:28] [INFO ] 
[14:25:28] [INFO ] STEP 1 — Feature extraction
[14:25:28] [INFO ]   Loading navigation...
[14:25:28] [INFO ]   Loading SEG-Y...
[14:25:28] [INFO ]   Traces: 780  Samples: 2500  dt: 4.000 ms
[14:25:28] [INFO ]   Depth:  0.0 m → 7497.0 m
[14:25:28] [INFO ]   Matching traces to navigation...
[14:25:28] [INFO ]   NAV line matched via translation: 'f287stk14a' -> 'F287-14A'
[14:25:28] [INFO ]   Matched 779 / 780 traces
[14:25:28] [INFO ]   Bandpass filtering...
[14:25:28] [INFO ]   Computing seismic attributes...
[14:25:29] [INFO ]   Picking seafloor...
[14:25:29] [INFO ]   Seafloor depth: 651–840 m  (0 shallow traces masked)
[14:25:29] [INFO ]   Picking horizons...
[14:25:29] [INFO ]   Computing NCC coherence (slow)...
[14:25:29] [INFO ]   Saving CNN section image...
[14:25:29] [INFO ]   Saved: f287stk14a_section_cnn.png  (2700x1500px)
[14:25:29] [INFO ]   Step 1 complete
[14:25:29] [INFO ] 
[14:25:29] [INFO ] STEP 2 — Fault detection
[14:25:29] [INFO ]   Mode: averaged SA (5 runs per seed)
[14:25:29] [INFO ]   Averaging SA over 5 runs per seed (3 seeds)
[14:25:30] [INFO ]     Seed 1/3 trace 52: avg_prob=0.664 [PASS]
[14:25:32] [INFO ]     Seed 2/3 trace 546: avg_prob=0.624 [PASS]
[14:25:33] [INFO ]     Seed 3/3 trace 346: avg_prob=0.675 [PASS]
[14:25:33] [INFO ]   Detected 0 high-confidence faults
[14:25:33] [INFO ]   Step 2 complete
[14:25:33] [INFO ] 
[14:25:33] [INFO ] STEP 3 — Bounding boxes
[14:25:33] [INFO ]   Generated 0 boxes
[14:25:33] [INFO ]   Step 3 complete
[14:25:33] [INFO ] 
[14:25:33] [INFO ] STEP 4 — Dataset building
[14:25:33] [INFO ]   Saving labeled review image...
[14:25:33] [INFO ]   Saved: f287stk14a_labeled.png
[14:25:33] [INFO ]   Split: train
[14:25:33] [INFO ]   Added 0 annotations to train.json
[14:25:33] [INFO ]   train.json: 56 images, 25 annotations
[14:25:33] [INFO ]   val.json:   14 images,  4 annotations
[14:25:33] [INFO ]   Step 4 complete
[14:25:33] [INFO ] 
[14:25:33] [INFO ]   DONE  f287stk14a  →  train  |  0 faults  |  0 boxes
[14:25:33] [INFO ] 
[14:25:33] [INFO ] ──────────────────────────────────────────────────
[14:25:33] [INFO ]   LINE: f287stk15
[14:25:33] [INFO ] ──────────────────────────────────────────────────
[14:25:33] [INFO ] Dataset  : namss.F-2-87-AA.mcs.airgun
[14:25:33] [INFO ] SGY      : ../../airgun_data/namss.F-2-87-AA.mcs.airgun/Data/f287stk15.sgy
[14:25:33] [INFO ] NAV      : ../../airgun_data/namss.F-2-87-AA.mcs.airgun/Navigation/f-2-87-aa_NAV-WGS84.csv
[14:25:33] [INFO ] SA mode  : averaged 5x 
[14:25:33] [INFO ] 
[14:25:33] [INFO ] STEP 1 — Feature extraction
[14:25:33] [INFO ]   Loading navigation...
[14:25:33] [INFO ]   Loading SEG-Y...
[14:25:33] [INFO ]   Traces: 168  Samples: 1500  dt: 4.000 ms
[14:25:33] [INFO ]   Depth:  0.0 m → 4497.0 m
[14:25:33] [INFO ]   Matching traces to navigation...
[14:25:33] [INFO ]   NAV line matched via translation: 'f287stk15' -> 'F287-15'
[14:25:33] [INFO ]   Matched 167 / 168 traces
[14:25:33] [INFO ]   Bandpass filtering...
[14:25:33] [INFO ]   Computing seismic attributes...
[14:25:33] [INFO ]   Picking seafloor...
[14:25:33] [INFO ]   Seafloor depth: 582–636 m  (32 shallow traces masked)
[14:25:33] [INFO ]   Picking horizons...
[14:25:33] [INFO ]   Computing NCC coherence (slow)...
[14:25:33] [INFO ]   Saving CNN section image...
[14:25:33] [INFO ]   Saved: f287stk15_section_cnn.png  (2700x1500px)
[14:25:33] [INFO ]   Step 1 complete
[14:25:33] [INFO ] 
[14:25:33] [INFO ] STEP 2 — Fault detection
[14:25:33] [INFO ]   Mode: averaged SA (5 runs per seed)
[14:25:33] [INFO ]   Averaging SA over 5 runs per seed (1 seeds)
[14:25:35] [INFO ]     Seed 1/1 trace 132: avg_prob=0.625 [PASS]
[14:25:35] [INFO ]   Detected 0 high-confidence faults
[14:25:35] [INFO ]   Step 2 complete
[14:25:35] [INFO ] 
[14:25:35] [INFO ] STEP 3 — Bounding boxes
[14:25:35] [INFO ]   Generated 0 boxes
[14:25:35] [INFO ]   Step 3 complete
[14:25:35] [INFO ] 
[14:25:35] [INFO ] STEP 4 — Dataset building
[14:25:35] [INFO ]   Saving labeled review image...
[14:25:35] [INFO ]   Saved: f287stk15_labeled.png
[14:25:35] [INFO ]   Split: val
[14:25:35] [INFO ]   Added 0 annotations to val.json
[14:25:35] [INFO ]   train.json: 56 images, 25 annotations
[14:25:35] [INFO ]   val.json:   15 images,  4 annotations
[14:25:35] [INFO ]   Step 4 complete
[14:25:35] [INFO ] 
[14:25:35] [INFO ]   DONE  f287stk15  →  val  |  0 faults  |  0 boxes
[14:25:35] [INFO ] 
[14:25:35] [INFO ] ──────────────────────────────────────────────────
[14:25:35] [INFO ]   LINE: f287stk16
[14:25:35] [INFO ] ──────────────────────────────────────────────────
[14:25:35] [INFO ] Dataset  : namss.F-2-87-AA.mcs.airgun
[14:25:35] [INFO ] SGY      : ../../airgun_data/namss.F-2-87-AA.mcs.airgun/Data/f287stk16.sgy
[14:25:35] [INFO ] NAV      : ../../airgun_data/namss.F-2-87-AA.mcs.airgun/Navigation/f-2-87-aa_NAV-WGS84.csv
[14:25:35] [INFO ] SA mode  : averaged 5x 
[14:25:35] [INFO ] 
[14:25:35] [INFO ] STEP 1 — Feature extraction
[14:25:35] [INFO ]   Loading navigation...
[14:25:35] [INFO ]   Loading SEG-Y...
[14:25:35] [INFO ]   Traces: 1045  Samples: 1500  dt: 4.000 ms
[14:25:35] [INFO ]   Depth:  0.0 m → 4497.0 m
[14:25:35] [INFO ]   Matching traces to navigation...
[14:25:35] [INFO ]   NAV line matched via translation: 'f287stk16' -> 'F287-16'
[14:25:35] [INFO ]   Matched 1044 / 1045 traces
[14:25:35] [INFO ]   Bandpass filtering...
[14:25:35] [INFO ]   Computing seismic attributes...
[14:25:35] [INFO ]   Picking seafloor...
[14:25:35] [INFO ]   Seafloor depth: 591–858 m  (8 shallow traces masked)
[14:25:35] [INFO ]   Picking horizons...
[14:25:35] [INFO ]   Computing NCC coherence (slow)...
[14:25:35] [INFO ]   Saving CNN section image...
[14:25:36] [INFO ]   Saved: f287stk16_section_cnn.png  (2700x1500px)
[14:25:36] [INFO ]   Step 1 complete
[14:25:36] [INFO ] 
[14:25:36] [INFO ] STEP 2 — Fault detection
[14:25:36] [INFO ]   Mode: averaged SA (5 runs per seed)
[14:25:36] [INFO ]   Averaging SA over 5 runs per seed (4 seeds)
[14:25:37] [INFO ]     Seed 1/4 trace 839: avg_prob=0.650 [PASS]
[14:25:38] [INFO ]     Seed 2/4 trace 48: avg_prob=0.700 [PASS]
[14:25:40] [INFO ]     Seed 3/4 trace 393: avg_prob=0.674 [PASS]
[14:25:41] [INFO ]     Seed 4/4 trace 621: avg_prob=0.662 [PASS]
[14:25:41] [INFO ]   Detected 0 high-confidence faults
[14:25:41] [INFO ]   Step 2 complete
[14:25:41] [INFO ] 
[14:25:41] [INFO ] STEP 3 — Bounding boxes
[14:25:41] [INFO ]   Generated 0 boxes
[14:25:41] [INFO ]   Step 3 complete
[14:25:41] [INFO ] 
[14:25:41] [INFO ] STEP 4 — Dataset building
[14:25:41] [INFO ]   Saving labeled review image...
[14:25:41] [INFO ]   Saved: f287stk16_labeled.png
[14:25:41] [INFO ]   Split: train
[14:25:41] [INFO ]   Added 0 annotations to train.json
[14:25:41] [INFO ]   train.json: 57 images, 25 annotations
[14:25:41] [INFO ]   val.json:   15 images,  4 annotations
[14:25:41] [INFO ]   Step 4 complete
[14:25:41] [INFO ] 
[14:25:41] [INFO ]   DONE  f287stk16  →  train  |  0 faults  |  0 boxes
[14:25:41] [INFO ] 
[14:25:41] [INFO ] ──────────────────────────────────────────────────
[14:25:41] [INFO ]   LINE: f287stk17
[14:25:41] [INFO ] ──────────────────────────────────────────────────
[14:25:41] [INFO ] Dataset  : namss.F-2-87-AA.mcs.airgun
[14:25:41] [INFO ] SGY      : ../../airgun_data/namss.F-2-87-AA.mcs.airgun/Data/f287stk17.sgy
[14:25:41] [INFO ] NAV      : ../../airgun_data/namss.F-2-87-AA.mcs.airgun/Navigation/f-2-87-aa_NAV-WGS84.csv
[14:25:41] [INFO ] SA mode  : averaged 5x 
[14:25:41] [INFO ] 
[14:25:41] [INFO ] STEP 1 — Feature extraction
[14:25:41] [INFO ]   Loading navigation...
[14:25:41] [INFO ]   Loading SEG-Y...
[14:25:41] [INFO ]   Traces: 348  Samples: 1500  dt: 4.000 ms
[14:25:41] [INFO ]   Depth:  0.0 m → 4497.0 m
[14:25:41] [INFO ]   Matching traces to navigation...
[14:25:41] [INFO ]   NAV line matched via translation: 'f287stk17' -> 'F287-17'
[14:25:41] [INFO ]   Matched 347 / 348 traces
[14:25:41] [INFO ]   Bandpass filtering...
[14:25:41] [INFO ]   Computing seismic attributes...
[14:25:41] [INFO ]   Picking seafloor...
[14:25:41] [INFO ]   Seafloor depth: 477–705 m  (159 shallow traces masked)
[14:25:41] [INFO ]   Picking horizons...
[14:25:41] [INFO ]   Computing NCC coherence (slow)...
[14:25:41] [INFO ]   Saving CNN section image...
[14:25:41] [INFO ]   Saved: f287stk17_section_cnn.png  (2700x1500px)
[14:25:41] [INFO ]   Step 1 complete
[14:25:41] [INFO ] 
[14:25:41] [INFO ] STEP 2 — Fault detection
[14:25:41] [INFO ]   Mode: averaged SA (5 runs per seed)
[14:25:41] [INFO ]   Averaging SA over 5 runs per seed (1 seeds)
[14:25:43] [INFO ]     Seed 1/1 trace 52: avg_prob=0.797 [PASS]
[14:25:43] [INFO ]   Detected 1 high-confidence faults
[14:25:43] [INFO ]     Fault  1 | trace ~   52 | prob=0.797
[14:25:43] [INFO ]   Step 2 complete
[14:25:43] [INFO ] 
[14:25:43] [INFO ] STEP 3 — Bounding boxes
[14:25:43] [INFO ]   Box  1 | [0, 213, 952w, 209h px]
[14:25:43] [INFO ]   Generated 1 boxes
[14:25:43] [INFO ]   Step 3 complete
[14:25:43] [INFO ] 
[14:25:43] [INFO ] STEP 4 — Dataset building
[14:25:43] [INFO ]   Saving labeled review image...
[14:25:43] [INFO ]   Saved: f287stk17_labeled.png
[14:25:43] [INFO ]   Split: train
[14:25:43] [INFO ]   Added 1 annotations to train.json
[14:25:43] [INFO ]   train.json: 58 images, 26 annotations
[14:25:43] [INFO ]   val.json:   15 images,  4 annotations
[14:25:43] [INFO ]   Step 4 complete
[14:25:43] [INFO ] 
[14:25:43] [INFO ]   DONE  f287stk17  →  train  |  1 faults  |  1 boxes
[14:25:43] [INFO ] 
[14:25:43] [INFO ] ──────────────────────────────────────────────────
[14:25:43] [INFO ]   LINE: f287stk18
[14:25:43] [INFO ] ──────────────────────────────────────────────────
[14:25:43] [INFO ] Dataset  : namss.F-2-87-AA.mcs.airgun
[14:25:43] [INFO ] SGY      : ../../airgun_data/namss.F-2-87-AA.mcs.airgun/Data/f287stk18.sgy
[14:25:43] [INFO ] NAV      : ../../airgun_data/namss.F-2-87-AA.mcs.airgun/Navigation/f-2-87-aa_NAV-WGS84.csv
[14:25:43] [INFO ] SA mode  : averaged 5x 
[14:25:43] [INFO ] 
[14:25:43] [INFO ] STEP 1 — Feature extraction
[14:25:43] [INFO ]   Loading navigation...
[14:25:43] [INFO ]   Loading SEG-Y...
[14:25:43] [INFO ]   Traces: 622  Samples: 1500  dt: 4.000 ms
[14:25:43] [INFO ]   Depth:  0.0 m → 4497.0 m
[14:25:43] [INFO ]   Matching traces to navigation...
[14:25:43] [INFO ]   NAV line matched via translation: 'f287stk18' -> 'F287-18'
[14:25:43] [INFO ]   Matched 621 / 622 traces
[14:25:43] [INFO ]   Bandpass filtering...
[14:25:43] [INFO ]   Computing seismic attributes...
[14:25:43] [INFO ]   Picking seafloor...
[14:25:43] [INFO ]   Seafloor depth: 396–1827 m  (279 shallow traces masked)
[14:25:43] [INFO ]   Picking horizons...
[14:25:43] [INFO ]   Computing NCC coherence (slow)...
[14:25:43] [INFO ]   Saving CNN section image...
[14:25:43] [INFO ]   Saved: f287stk18_section_cnn.png  (2700x1500px)
[14:25:43] [INFO ]   Step 1 complete
[14:25:43] [INFO ] 
[14:25:43] [INFO ] STEP 2 — Fault detection
[14:25:43] [INFO ]   Mode: averaged SA (5 runs per seed)
[14:25:43] [INFO ]   Averaging SA over 5 runs per seed (2 seeds)
[14:25:45] [INFO ]     Seed 1/2 trace 93: avg_prob=0.759 [PASS]
[14:25:46] [INFO ]     Seed 2/2 trace 603: avg_prob=0.663 [PASS]
[14:25:46] [INFO ]   Detected 1 high-confidence faults
[14:25:46] [INFO ]     Fault  1 | trace ~  103 | prob=0.759
[14:25:46] [INFO ]   Step 2 complete
[14:25:46] [INFO ] 
[14:25:46] [INFO ] STEP 3 — Bounding boxes
[14:25:46] [INFO ]   Box  1 | [29, 144, 917w, 264h px]
[14:25:46] [INFO ]   Generated 1 boxes
[14:25:46] [INFO ]   Step 3 complete
[14:25:46] [INFO ] 
[14:25:46] [INFO ] STEP 4 — Dataset building
[14:25:46] [INFO ]   Saving labeled review image...
[14:25:46] [INFO ]   Saved: f287stk18_labeled.png
[14:25:46] [INFO ]   Split: train
[14:25:46] [INFO ]   Added 1 annotations to train.json
[14:25:46] [INFO ]   train.json: 59 images, 27 annotations
[14:25:46] [INFO ]   val.json:   15 images,  4 annotations
[14:25:46] [INFO ]   Step 4 complete
[14:25:46] [INFO ] 
[14:25:46] [INFO ]   DONE  f287stk18  →  train  |  1 faults  |  1 boxes
[14:25:46] [INFO ] 
[14:25:46] [INFO ] ──────────────────────────────────────────────────
[14:25:46] [INFO ]   LINE: f287stk19
[14:25:46] [INFO ] ──────────────────────────────────────────────────
[14:25:46] [INFO ] Dataset  : namss.F-2-87-AA.mcs.airgun
[14:25:46] [INFO ] SGY      : ../../airgun_data/namss.F-2-87-AA.mcs.airgun/Data/f287stk19.sgy
[14:25:46] [INFO ] NAV      : ../../airgun_data/namss.F-2-87-AA.mcs.airgun/Navigation/f-2-87-aa_NAV-WGS84.csv
[14:25:46] [INFO ] SA mode  : averaged 5x 
[14:25:46] [INFO ] 
[14:25:46] [INFO ] STEP 1 — Feature extraction
[14:25:46] [INFO ]   Loading navigation...
[14:25:46] [INFO ]   Loading SEG-Y...
[14:25:46] [INFO ]   Traces: 1347  Samples: 1500  dt: 4.000 ms
[14:25:46] [INFO ]   Depth:  0.0 m → 4497.0 m
[14:25:46] [INFO ]   Matching traces to navigation...
[14:25:46] [INFO ]   NAV line matched via translation: 'f287stk19' -> 'F287-19'
[14:25:46] [INFO ]   Matched 1345 / 1347 traces
[14:25:46] [INFO ]   Bandpass filtering...
[14:25:46] [INFO ]   Computing seismic attributes...
[14:25:47] [INFO ]   Picking seafloor...
[14:25:47] [INFO ]   Seafloor depth: 597–1485 m  (40 shallow traces masked)
[14:25:47] [INFO ]   Picking horizons...
[14:25:47] [INFO ]   Computing NCC coherence (slow)...
[14:25:47] [INFO ]   Saving CNN section image...
[14:25:47] [INFO ]   Saved: f287stk19_section_cnn.png  (2700x1500px)
[14:25:47] [INFO ]   Step 1 complete
[14:25:47] [INFO ] 
[14:25:47] [INFO ] STEP 2 — Fault detection
[14:25:47] [INFO ]   Mode: averaged SA (5 runs per seed)
[14:25:47] [INFO ]   Averaging SA over 5 runs per seed (5 seeds)
[14:25:49] [INFO ]     Seed 1/5 trace 1094: avg_prob=0.737 [PASS]
[14:25:50] [INFO ]     Seed 2/5 trace 696: avg_prob=0.707 [PASS]
[14:25:51] [INFO ]     Seed 3/5 trace 267: avg_prob=0.714 [PASS]
[14:25:52] [INFO ]     Seed 4/5 trace 34: avg_prob=0.722 [PASS]
[14:25:53] [INFO ]     Seed 5/5 trace 1317: avg_prob=0.694 [PASS]
[14:25:53] [INFO ]   Detected 0 high-confidence faults
[14:25:53] [INFO ]   Step 2 complete
[14:25:53] [INFO ] 
[14:25:53] [INFO ] STEP 3 — Bounding boxes
[14:25:53] [INFO ]   Generated 0 boxes
[14:25:53] [INFO ]   Step 3 complete
[14:25:53] [INFO ] 
[14:25:53] [INFO ] STEP 4 — Dataset building
[14:25:53] [INFO ]   Saving labeled review image...
[14:25:54] [INFO ]   Saved: f287stk19_labeled.png
[14:25:54] [INFO ]   Split: train
[14:25:54] [INFO ]   Added 0 annotations to train.json
[14:25:54] [INFO ]   train.json: 60 images, 27 annotations
[14:25:54] [INFO ]   val.json:   15 images,  4 annotations
[14:25:54] [INFO ]   Step 4 complete
[14:25:54] [INFO ] 
[14:25:54] [INFO ]   DONE  f287stk19  →  train  |  0 faults  |  0 boxes
[14:25:54] [INFO ] 
[14:25:54] [INFO ] ──────────────────────────────────────────────────
[14:25:54] [INFO ]   LINE: f287stk20
[14:25:54] [INFO ] ──────────────────────────────────────────────────
[14:25:54] [INFO ] Dataset  : namss.F-2-87-AA.mcs.airgun
[14:25:54] [INFO ] SGY      : ../../airgun_data/namss.F-2-87-AA.mcs.airgun/Data/f287stk20.sgy
[14:25:54] [INFO ] NAV      : ../../airgun_data/namss.F-2-87-AA.mcs.airgun/Navigation/f-2-87-aa_NAV-WGS84.csv
[14:25:54] [INFO ] SA mode  : averaged 5x 
[14:25:54] [INFO ] 
[14:25:54] [INFO ] STEP 1 — Feature extraction
[14:25:54] [INFO ]   Loading navigation...
[14:25:54] [INFO ]   Loading SEG-Y...
[14:25:54] [INFO ]   Traces: 1823  Samples: 2250  dt: 4.000 ms
[14:25:54] [INFO ]   Depth:  0.0 m → 6747.0 m
[14:25:54] [INFO ]   Matching traces to navigation...
[14:25:54] [INFO ]   NAV line matched via translation: 'f287stk20' -> 'F287-20'
[14:25:54] [INFO ]   Matched 1819 / 1823 traces
[14:25:54] [INFO ]   Bandpass filtering...
[14:25:54] [INFO ]   Computing seismic attributes...
[14:25:54] [INFO ]   Picking seafloor...
[14:25:54] [INFO ]   Seafloor depth: 471–3270 m  (168 shallow traces masked)
[14:25:54] [INFO ]   Picking horizons...
[14:25:54] [INFO ]   Computing NCC coherence (slow)...
[14:25:55] [INFO ]   Saving CNN section image...
[14:25:55] [INFO ]   Saved: f287stk20_section_cnn.png  (2700x1500px)
[14:25:55] [INFO ]   Step 1 complete
[14:25:55] [INFO ] 
[14:25:55] [INFO ] STEP 2 — Fault detection
[14:25:55] [INFO ]   Mode: averaged SA (5 runs per seed)
[14:25:56] [INFO ]   Averaging SA over 5 runs per seed (4 seeds)
[14:25:57] [INFO ]     Seed 1/4 trace 995: avg_prob=0.784 [PASS]
[14:25:58] [INFO ]     Seed 2/4 trace 1296: avg_prob=0.711 [PASS]
[14:26:00] [INFO ]     Seed 3/4 trace 154: avg_prob=0.661 [PASS]
[14:26:01] [INFO ]     Seed 4/4 trace 618: avg_prob=0.659 [PASS]
[14:26:01] [INFO ]   Detected 1 high-confidence faults
[14:26:01] [INFO ]     Fault  1 | trace ~  993 | prob=0.784
[14:26:01] [INFO ]   Step 2 complete
[14:26:01] [INFO ] 
[14:26:01] [INFO ] STEP 3 — Bounding boxes
[14:26:01] [INFO ]   Box  1 | [1285, 111, 363w, 177h px]
[14:26:01] [INFO ]   Generated 1 boxes
[14:26:01] [INFO ]   Step 3 complete
[14:26:01] [INFO ] 
[14:26:01] [INFO ] STEP 4 — Dataset building
[14:26:01] [INFO ]   Saving labeled review image...
[14:26:01] [INFO ]   Saved: f287stk20_labeled.png
[14:26:01] [INFO ]   Split: val
[14:26:01] [INFO ]   Added 1 annotations to val.json
[14:26:01] [INFO ]   train.json: 60 images, 27 annotations
[14:26:01] [INFO ]   val.json:   16 images,  5 annotations
[14:26:01] [INFO ]   Step 4 complete
[14:26:01] [INFO ] 
[14:26:01] [INFO ]   DONE  f287stk20  →  val  |  1 faults  |  1 boxes
[14:26:01] [INFO ] 
[14:26:01] [INFO ] ──────────────────────────────────────────────────
[14:26:01] [INFO ]   LINE: f287stk21
[14:26:01] [INFO ] ──────────────────────────────────────────────────
[14:26:01] [INFO ] Dataset  : namss.F-2-87-AA.mcs.airgun
[14:26:01] [INFO ] SGY      : ../../airgun_data/namss.F-2-87-AA.mcs.airgun/Data/f287stk21.sgy
[14:26:01] [INFO ] NAV      : ../../airgun_data/namss.F-2-87-AA.mcs.airgun/Navigation/f-2-87-aa_NAV-WGS84.csv
[14:26:01] [INFO ] SA mode  : averaged 5x 
[14:26:01] [INFO ] 
[14:26:01] [INFO ] STEP 1 — Feature extraction
[14:26:01] [INFO ]   Loading navigation...
[14:26:01] [INFO ]   Loading SEG-Y...
[14:26:01] [INFO ]   Traces: 388  Samples: 2250  dt: 4.000 ms
[14:26:01] [INFO ]   Depth:  0.0 m → 6747.0 m
[14:26:01] [INFO ]   Matching traces to navigation...
[14:26:01] [INFO ]   NAV line matched via translation: 'f287stk21' -> 'F287-21'
[14:26:01] [INFO ]   Matched 387 / 388 traces
[14:26:01] [INFO ]   Bandpass filtering...
[14:26:01] [INFO ]   Computing seismic attributes...
[14:26:01] [INFO ]   Picking seafloor...
[14:26:01] [INFO ]   Seafloor depth: 2544–2955 m  (0 shallow traces masked)
[14:26:01] [INFO ]   Picking horizons...
[14:26:01] [INFO ]   Computing NCC coherence (slow)...
[14:26:01] [INFO ]   Saving CNN section image...
[14:26:01] [INFO ]   Saved: f287stk21_section_cnn.png  (2700x1500px)
[14:26:01] [INFO ]   Step 1 complete
[14:26:01] [INFO ] 
[14:26:01] [INFO ] STEP 2 — Fault detection
[14:26:01] [INFO ]   Mode: averaged SA (5 runs per seed)
[14:26:02] [INFO ]   Averaging SA over 5 runs per seed (1 seeds)
[14:26:03] [INFO ]     Seed 1/1 trace 105: avg_prob=0.733 [PASS]
[14:26:03] [INFO ]   Detected 0 high-confidence faults
[14:26:03] [INFO ]   Step 2 complete
[14:26:03] [INFO ] 
[14:26:03] [INFO ] STEP 3 — Bounding boxes
[14:26:03] [INFO ]   Generated 0 boxes
[14:26:03] [INFO ]   Step 3 complete
[14:26:03] [INFO ] 
[14:26:03] [INFO ] STEP 4 — Dataset building
[14:26:03] [INFO ]   Saving labeled review image...
[14:26:03] [INFO ]   Saved: f287stk21_labeled.png
[14:26:03] [INFO ]   Split: train
[14:26:03] [INFO ]   Added 0 annotations to train.json
[14:26:03] [INFO ]   train.json: 61 images, 27 annotations
[14:26:03] [INFO ]   val.json:   16 images,  5 annotations
[14:26:03] [INFO ]   Step 4 complete
[14:26:03] [INFO ] 
[14:26:03] [INFO ]   DONE  f287stk21  →  train  |  0 faults  |  0 boxes
[14:26:03] [INFO ] 
[14:26:03] [INFO ] ──────────────────────────────────────────────────
[14:26:03] [INFO ]   LINE: f287stk22
[14:26:03] [INFO ] ──────────────────────────────────────────────────
[14:26:03] [INFO ] Dataset  : namss.F-2-87-AA.mcs.airgun
[14:26:03] [INFO ] SGY      : ../../airgun_data/namss.F-2-87-AA.mcs.airgun/Data/f287stk22.sgy
[14:26:03] [INFO ] NAV      : ../../airgun_data/namss.F-2-87-AA.mcs.airgun/Navigation/f-2-87-aa_NAV-WGS84.csv
[14:26:03] [INFO ] SA mode  : averaged 5x 
[14:26:03] [INFO ] 
[14:26:03] [INFO ] STEP 1 — Feature extraction
[14:26:03] [INFO ]   Loading navigation...
[14:26:03] [INFO ]   Loading SEG-Y...
[14:26:03] [INFO ]   Traces: 3505  Samples: 2250  dt: 4.000 ms
[14:26:03] [INFO ]   Depth:  0.0 m → 6747.0 m
[14:26:03] [INFO ]   Matching traces to navigation...
[14:26:03] [INFO ]   NAV line matched via translation: 'f287stk22' -> 'F287-22'
[14:26:03] [INFO ]   Matched 3504 / 3505 traces
[14:26:03] [INFO ]   Bandpass filtering...
[14:26:04] [INFO ]   Computing seismic attributes...
[14:26:04] [INFO ]   Picking seafloor...
[14:26:04] [INFO ]   Seafloor depth: 720–3537 m  (0 shallow traces masked)
[14:26:04] [INFO ]   Picking horizons...
[14:26:04] [INFO ]   Computing NCC coherence (slow)...
[14:26:05] [INFO ]   Saving CNN section image...
[14:26:05] [INFO ]   Saved: f287stk22_section_cnn.png  (2700x1500px)
[14:26:05] [INFO ]   Step 1 complete
[14:26:05] [INFO ] 
[14:26:05] [INFO ] STEP 2 — Fault detection
[14:26:05] [INFO ]   Mode: averaged SA (5 runs per seed)
[14:26:07] [INFO ]   Averaging SA over 5 runs per seed (7 seeds)
[14:26:08] [INFO ]     Seed 1/7 trace 2200: avg_prob=0.784 [PASS]
[14:26:09] [INFO ]     Seed 2/7 trace 2807: avg_prob=0.742 [PASS]
[14:26:11] [INFO ]     Seed 3/7 trace 3381: avg_prob=0.748 [PASS]
[14:26:12] [INFO ]     Seed 4/7 trace 3133: avg_prob=0.747 [PASS]
[14:26:13] [INFO ]     Seed 5/7 trace 506: avg_prob=0.682 [PASS]
[14:26:14] [INFO ]     Seed 6/7 trace 1627: avg_prob=0.664 [PASS]
[14:26:16] [INFO ]     Seed 7/7 trace 2506: avg_prob=0.662 [PASS]
[14:26:16] [INFO ]   Detected 1 high-confidence faults
[14:26:16] [INFO ]     Fault  1 | trace ~ 2198 | prob=0.784
[14:26:16] [INFO ]   Step 2 complete
[14:26:16] [INFO ] 
[14:26:16] [INFO ] STEP 3 — Bounding boxes
[14:26:16] [INFO ]   Box  1 | [1616, 372, 144w, 161h px]
[14:26:16] [INFO ]   Generated 1 boxes
[14:26:16] [INFO ]   Step 3 complete
[14:26:16] [INFO ] 
[14:26:16] [INFO ] STEP 4 — Dataset building
[14:26:16] [INFO ]   Saving labeled review image...
[14:26:16] [INFO ]   Saved: f287stk22_labeled.png
[14:26:16] [INFO ]   Split: train
[14:26:16] [INFO ]   Added 1 annotations to train.json
[14:26:16] [INFO ]   train.json: 62 images, 28 annotations
[14:26:16] [INFO ]   val.json:   16 images,  5 annotations
[14:26:16] [INFO ]   Step 4 complete
[14:26:16] [INFO ] 
[14:26:16] [INFO ]   DONE  f287stk22  →  train  |  1 faults  |  1 boxes
[14:26:16] [INFO ] 
[14:26:16] [INFO ] ──────────────────────────────────────────────────
[14:26:16] [INFO ]   LINE: f287stk23
[14:26:16] [INFO ] ──────────────────────────────────────────────────
[14:26:16] [INFO ] Dataset  : namss.F-2-87-AA.mcs.airgun
[14:26:16] [INFO ] SGY      : ../../airgun_data/namss.F-2-87-AA.mcs.airgun/Data/f287stk23.sgy
[14:26:16] [INFO ] NAV      : ../../airgun_data/namss.F-2-87-AA.mcs.airgun/Navigation/f-2-87-aa_NAV-WGS84.csv
[14:26:16] [INFO ] SA mode  : averaged 5x 
[14:26:16] [INFO ] 
[14:26:16] [INFO ] STEP 1 — Feature extraction
[14:26:16] [INFO ]   Loading navigation...
[14:26:16] [INFO ]   Loading SEG-Y...
[14:26:16] [INFO ]   Traces: 2914  Samples: 2000  dt: 4.000 ms
[14:26:16] [INFO ]   Depth:  0.0 m → 5997.0 m
[14:26:16] [INFO ]   Matching traces to navigation...
[14:26:16] [INFO ]   NAV line matched via translation: 'f287stk23' -> 'F287-23'
[14:26:16] [INFO ]   Matched 2911 / 2914 traces
[14:26:16] [INFO ]   Bandpass filtering...
[14:26:16] [INFO ]   Computing seismic attributes...
[14:26:17] [INFO ]   Picking seafloor...
[14:26:17] [INFO ]   Seafloor depth: 420–3333 m  (146 shallow traces masked)
[14:26:17] [INFO ]   Picking horizons...
[14:26:17] [INFO ]   Computing NCC coherence (slow)...
[14:26:17] [INFO ]   Saving CNN section image...
[14:26:18] [INFO ]   Saved: f287stk23_section_cnn.png  (2700x1500px)
[14:26:18] [INFO ]   Step 1 complete
[14:26:18] [INFO ] 
[14:26:18] [INFO ] STEP 2 — Fault detection
[14:26:18] [INFO ]   Mode: averaged SA (5 runs per seed)
[14:26:18] [INFO ]   Averaging SA over 5 runs per seed (6 seeds)
[14:26:20] [INFO ]     Seed 1/6 trace 1114: avg_prob=0.787 [PASS]
[14:26:21] [INFO ]     Seed 2/6 trace 136: avg_prob=0.667 [PASS]
[14:26:22] [INFO ]     Seed 3/6 trace 2307: avg_prob=0.661 [PASS]
[14:26:23] [INFO ]     Seed 4/6 trace 900: avg_prob=0.689 [PASS]
[14:26:24] [INFO ]     Seed 5/6 trace 2563: avg_prob=0.675 [PASS]
[14:26:26] [INFO ]     Seed 6/6 trace 1587: avg_prob=0.598 [PASS]
[14:26:26] [INFO ]   Detected 1 high-confidence faults
[14:26:26] [INFO ]     Fault  1 | trace ~ 1106 | prob=0.787
[14:26:26] [INFO ]   Step 2 complete
[14:26:26] [INFO ] 
[14:26:26] [INFO ] STEP 3 — Bounding boxes
[14:26:26] [INFO ]   Box  1 | [913, 251, 211w, 167h px]
[14:26:26] [INFO ]   Generated 1 boxes
[14:26:26] [INFO ]   Step 3 complete
[14:26:26] [INFO ] 
[14:26:26] [INFO ] STEP 4 — Dataset building
[14:26:26] [INFO ]   Saving labeled review image...
[14:26:26] [INFO ]   Saved: f287stk23_labeled.png
[14:26:26] [INFO ]   Split: train
[14:26:26] [INFO ]   Added 1 annotations to train.json
[14:26:26] [INFO ]   train.json: 63 images, 29 annotations
[14:26:26] [INFO ]   val.json:   16 images,  5 annotations
[14:26:26] [INFO ]   Step 4 complete
[14:26:26] [INFO ] 
[14:26:26] [INFO ]   DONE  f287stk23  →  train  |  1 faults  |  1 boxes
[14:26:26] [INFO ] 
[14:26:26] [INFO ] ──────────────────────────────────────────────────
[14:26:26] [INFO ]   LINE: f287stk24
[14:26:26] [INFO ] ──────────────────────────────────────────────────
[14:26:26] [INFO ] Dataset  : namss.F-2-87-AA.mcs.airgun
[14:26:26] [INFO ] SGY      : ../../airgun_data/namss.F-2-87-AA.mcs.airgun/Data/f287stk24.sgy
[14:26:26] [INFO ] NAV      : ../../airgun_data/namss.F-2-87-AA.mcs.airgun/Navigation/f-2-87-aa_NAV-WGS84.csv
[14:26:26] [INFO ] SA mode  : averaged 5x 
[14:26:26] [INFO ] 
[14:26:26] [INFO ] STEP 1 — Feature extraction
[14:26:26] [INFO ]   Loading navigation...
[14:26:26] [INFO ]   Loading SEG-Y...
[14:26:26] [INFO ]   Traces: 975  Samples: 1750  dt: 4.000 ms
[14:26:26] [INFO ]   Depth:  0.0 m → 5247.0 m
[14:26:26] [INFO ]   Matching traces to navigation...
[14:26:26] [INFO ]   NAV line matched via translation: 'f287stk24' -> 'F287-24'
[14:26:26] [INFO ]   Matched 974 / 975 traces
[14:26:26] [INFO ]   Bandpass filtering...
[14:26:26] [INFO ]   Computing seismic attributes...
[14:26:26] [INFO ]   Picking seafloor...
[14:26:26] [INFO ]   Seafloor depth: 384–1866 m  (410 shallow traces masked)
[14:26:26] [INFO ]   Picking horizons...
[14:26:26] [INFO ]   Computing NCC coherence (slow)...
[14:26:26] [INFO ]   Saving CNN section image...
[14:26:27] [INFO ]   Saved: f287stk24_section_cnn.png  (2700x1500px)
[14:26:27] [INFO ]   Step 1 complete
[14:26:27] [INFO ] 
[14:26:27] [INFO ] STEP 2 — Fault detection
[14:26:27] [INFO ]   Mode: averaged SA (5 runs per seed)
[14:26:27] [INFO ]   Averaging SA over 5 runs per seed (3 seeds)
[14:26:28] [INFO ]     Seed 1/3 trace 753: avg_prob=0.700 [PASS]
[14:26:30] [INFO ]     Seed 2/3 trace 161: avg_prob=0.659 [PASS]
[14:26:31] [INFO ]     Seed 3/3 trace 494: avg_prob=0.577 [PASS]
[14:26:31] [INFO ]   Detected 0 high-confidence faults
[14:26:31] [INFO ]   Step 2 complete
[14:26:31] [INFO ] 
[14:26:31] [INFO ] STEP 3 — Bounding boxes
[14:26:31] [INFO ]   Generated 0 boxes
[14:26:31] [INFO ]   Step 3 complete
[14:26:31] [INFO ] 
[14:26:31] [INFO ] STEP 4 — Dataset building
[14:26:31] [INFO ]   Saving labeled review image...
[14:26:31] [INFO ]   Saved: f287stk24_labeled.png
[14:26:31] [INFO ]   Split: train
[14:26:31] [INFO ]   Added 0 annotations to train.json
[14:26:31] [INFO ]   train.json: 64 images, 29 annotations
[14:26:31] [INFO ]   val.json:   16 images,  5 annotations
[14:26:31] [INFO ]   Step 4 complete
[14:26:31] [INFO ] 
[14:26:31] [INFO ]   DONE  f287stk24  →  train  |  0 faults  |  0 boxes
[14:26:31] [INFO ] 
[14:26:31] [INFO ] ──────────────────────────────────────────────────
[14:26:31] [INFO ]   LINE: f287stk25
[14:26:31] [INFO ] ──────────────────────────────────────────────────
[14:26:31] [INFO ] Dataset  : namss.F-2-87-AA.mcs.airgun
[14:26:31] [INFO ] SGY      : ../../airgun_data/namss.F-2-87-AA.mcs.airgun/Data/f287stk25.sgy
[14:26:31] [INFO ] NAV      : ../../airgun_data/namss.F-2-87-AA.mcs.airgun/Navigation/f-2-87-aa_NAV-WGS84.csv
[14:26:31] [INFO ] SA mode  : averaged 5x 
[14:26:31] [INFO ] 
[14:26:31] [INFO ] STEP 1 — Feature extraction
[14:26:31] [INFO ]   Loading navigation...
[14:26:31] [INFO ]   Loading SEG-Y...
[14:26:31] [INFO ]   Traces: 1752  Samples: 2000  dt: 4.000 ms
[14:26:31] [INFO ]   Depth:  0.0 m → 5997.0 m
[14:26:31] [INFO ]   Matching traces to navigation...
[14:26:31] [INFO ]   NAV line matched via translation: 'f287stk25' -> 'F287-25'
[14:26:31] [INFO ]   Matched 1751 / 1752 traces
[14:26:31] [INFO ]   Bandpass filtering...
[14:26:31] [INFO ]   Computing seismic attributes...
[14:26:32] [INFO ]   Picking seafloor...
[14:26:32] [INFO ]   Seafloor depth: 558–2145 m  (10 shallow traces masked)
[14:26:32] [INFO ]   Picking horizons...
[14:26:32] [INFO ]   Computing NCC coherence (slow)...
[14:26:32] [INFO ]   Saving CNN section image...
[14:26:32] [INFO ]   Saved: f287stk25_section_cnn.png  (2700x1500px)
[14:26:32] [INFO ]   Step 1 complete
[14:26:32] [INFO ] 
[14:26:32] [INFO ] STEP 2 — Fault detection
[14:26:32] [INFO ]   Mode: averaged SA (5 runs per seed)
[14:26:33] [INFO ]   Averaging SA over 5 runs per seed (5 seeds)
[14:26:34] [INFO ]     Seed 1/5 trace 1230: avg_prob=0.658 [PASS]
[14:26:35] [INFO ]     Seed 2/5 trace 540: avg_prob=0.649 [PASS]
[14:26:37] [INFO ]     Seed 3/5 trace 959: avg_prob=0.672 [PASS]
[14:26:38] [INFO ]     Seed 4/5 trace 155: avg_prob=0.623 [PASS]
[14:26:39] [INFO ]     Seed 5/5 trace 1546: avg_prob=0.681 [PASS]
[14:26:39] [INFO ]   Detected 0 high-confidence faults
[14:26:39] [INFO ]   Step 2 complete
[14:26:39] [INFO ] 
[14:26:39] [INFO ] STEP 3 — Bounding boxes
[14:26:39] [INFO ]   Generated 0 boxes
[14:26:39] [INFO ]   Step 3 complete
[14:26:39] [INFO ] 
[14:26:39] [INFO ] STEP 4 — Dataset building
[14:26:39] [INFO ]   Saving labeled review image...
[14:26:39] [INFO ]   Saved: f287stk25_labeled.png
[14:26:39] [INFO ]   Split: val
[14:26:39] [INFO ]   Added 0 annotations to val.json
[14:26:39] [INFO ]   train.json: 64 images, 29 annotations
[14:26:39] [INFO ]   val.json:   17 images,  5 annotations
[14:26:39] [INFO ]   Step 4 complete
[14:26:39] [INFO ] 
[14:26:39] [INFO ]   DONE  f287stk25  →  val  |  0 faults  |  0 boxes
[14:26:39] [INFO ] 
[14:26:39] [INFO ] ──────────────────────────────────────────────────
[14:26:39] [INFO ]   LINE: f287stk26
[14:26:39] [INFO ] ──────────────────────────────────────────────────
[14:26:39] [INFO ] Dataset  : namss.F-2-87-AA.mcs.airgun
[14:26:39] [INFO ] SGY      : ../../airgun_data/namss.F-2-87-AA.mcs.airgun/Data/f287stk26.sgy
[14:26:39] [INFO ] NAV      : ../../airgun_data/namss.F-2-87-AA.mcs.airgun/Navigation/f-2-87-aa_NAV-WGS84.csv
[14:26:39] [INFO ] SA mode  : averaged 5x 
[14:26:39] [INFO ] 
[14:26:39] [INFO ] STEP 1 — Feature extraction
[14:26:39] [INFO ]   Loading navigation...
[14:26:39] [INFO ]   Loading SEG-Y...
[14:26:39] [ERROR] SKIPPING f287stk26 (namss.F-2-87-AA.mcs.airgun): Unknown format for file ../../airgun_data/namss.F-2-87-AA.mcs.airgun/Data/f287stk26.sgy
[14:26:39] [ERROR]   Traceback (most recent call last):
[14:26:39] [ERROR]     File "/Users/lennylukach/Personal/School/CS4100/namss/pipeline/src/pipeline.py", line 848, in <module>
[14:26:39] [ERROR]       process_line(line, sgy_path, nav_path, dataset)
[14:26:39] [ERROR]     File "/Users/lennylukach/Personal/School/CS4100/namss/pipeline/src/pipeline.py", line 405, in process_line
[14:26:39] [ERROR]       st = read(sgy_path)
[14:26:39] [ERROR]     File "/Users/lennylukach/Personal/School/CS4100/namss/venv/lib/python3.10/site-packages/decorator.py", line 235, in fun
[14:26:39] [ERROR]       return caller(func, *(extras + args), **kw)
[14:26:39] [ERROR]     File "/Users/lennylukach/Personal/School/CS4100/namss/venv/lib/python3.10/site-packages/obspy/core/util/decorator.py", line 298, in _map_example_filename
[14:26:39] [ERROR]       return func(*args, **kwargs)
[14:26:39] [ERROR]     File "/Users/lennylukach/Personal/School/CS4100/namss/venv/lib/python3.10/site-packages/obspy/core/stream.py", line 210, in read
[14:26:39] [ERROR]       st = _generic_reader(pathname_or_url, _read, **kwargs)
[14:26:39] [ERROR]     File "/Users/lennylukach/Personal/School/CS4100/namss/venv/lib/python3.10/site-packages/obspy/core/util/base.py", line 822, in _generic_reader
[14:26:39] [ERROR]       generic = callback_func(pathnames[0], **kwargs)
[14:26:39] [ERROR]     File "/Users/lennylukach/Personal/School/CS4100/namss/venv/lib/python3.10/site-packages/decorator.py", line 235, in fun
[14:26:39] [ERROR]       return caller(func, *(extras + args), **kw)
[14:26:39] [ERROR]     File "/Users/lennylukach/Personal/School/CS4100/namss/venv/lib/python3.10/site-packages/obspy/core/util/decorator.py", line 209, in uncompress_file
[14:26:39] [ERROR]       result = func(filename, *args, **kwargs)
[14:26:39] [ERROR]     File "/Users/lennylukach/Personal/School/CS4100/namss/venv/lib/python3.10/site-packages/obspy/core/stream.py", line 255, in _read
[14:26:39] [ERROR]       stream, format = _read_from_plugin('waveform', filename, format=format,
[14:26:39] [ERROR]     File "/Users/lennylukach/Personal/School/CS4100/namss/venv/lib/python3.10/site-packages/obspy/core/util/base.py", line 539, in _read_from_plugin
[14:26:39] [ERROR]       raise TypeError('Unknown format for file %s' % filename)
[14:26:39] [ERROR]   TypeError: Unknown format for file ../../airgun_data/namss.F-2-87-AA.mcs.airgun/Data/f287stk26.sgy
[14:26:39] [INFO ] 
[14:26:39] [INFO ] ──────────────────────────────────────────────────
[14:26:39] [INFO ]   LINE: f287stk27
[14:26:39] [INFO ] ──────────────────────────────────────────────────
[14:26:39] [INFO ] Dataset  : namss.F-2-87-AA.mcs.airgun
[14:26:39] [INFO ] SGY      : ../../airgun_data/namss.F-2-87-AA.mcs.airgun/Data/f287stk27.sgy
[14:26:39] [INFO ] NAV      : ../../airgun_data/namss.F-2-87-AA.mcs.airgun/Navigation/f-2-87-aa_NAV-WGS84.csv
[14:26:39] [INFO ] SA mode  : averaged 5x 
[14:26:39] [INFO ] 
[14:26:39] [INFO ] STEP 1 — Feature extraction
[14:26:39] [INFO ]   Loading navigation...
[14:26:39] [INFO ]   Loading SEG-Y...
[14:26:40] [INFO ]   Traces: 710  Samples: 2250  dt: 4.000 ms
[14:26:40] [INFO ]   Depth:  0.0 m → 6747.0 m
[14:26:40] [INFO ]   Matching traces to navigation...
[14:26:40] [INFO ]   NAV line matched via translation: 'f287stk27' -> 'F287-27'
[14:26:40] [INFO ]   Matched 709 / 710 traces
[14:26:40] [INFO ]   Bandpass filtering...
[14:26:40] [INFO ]   Computing seismic attributes...
[14:26:40] [INFO ]   Picking seafloor...
[14:26:40] [INFO ]   Seafloor depth: 1881–3258 m  (0 shallow traces masked)
[14:26:40] [INFO ]   Picking horizons...
[14:26:40] [INFO ]   Computing NCC coherence (slow)...
[14:26:40] [INFO ]   Saving CNN section image...
[14:26:40] [INFO ]   Saved: f287stk27_section_cnn.png  (2700x1500px)
[14:26:40] [INFO ]   Step 1 complete
[14:26:40] [INFO ] 
[14:26:40] [INFO ] STEP 2 — Fault detection
[14:26:40] [INFO ]   Mode: averaged SA (5 runs per seed)
[14:26:40] [INFO ]   Averaging SA over 5 runs per seed (3 seeds)
[14:26:42] [INFO ]     Seed 1/3 trace 338: avg_prob=0.713 [PASS]
[14:26:43] [INFO ]     Seed 2/3 trace 696: avg_prob=0.619 [PASS]
[14:26:44] [INFO ]     Seed 3/3 trace 74: avg_prob=0.612 [PASS]
[14:26:44] [INFO ]   Detected 0 high-confidence faults
[14:26:44] [INFO ]   Step 2 complete
[14:26:44] [INFO ] 
[14:26:44] [INFO ] STEP 3 — Bounding boxes
[14:26:44] [INFO ]   Generated 0 boxes
[14:26:44] [INFO ]   Step 3 complete
[14:26:44] [INFO ] 
[14:26:44] [INFO ] STEP 4 — Dataset building
[14:26:44] [INFO ]   Saving labeled review image...
[14:26:44] [INFO ]   Saved: f287stk27_labeled.png
[14:26:44] [INFO ]   Split: train
[14:26:44] [INFO ]   Added 0 annotations to train.json
[14:26:44] [INFO ]   train.json: 65 images, 29 annotations
[14:26:44] [INFO ]   val.json:   17 images,  5 annotations
[14:26:44] [INFO ]   Step 4 complete
[14:26:44] [INFO ] 
[14:26:44] [INFO ]   DONE  f287stk27  →  train  |  0 faults  |  0 boxes
[14:26:44] [INFO ] 
[14:26:44] [INFO ] ──────────────────────────────────────────────────
[14:26:44] [INFO ]   LINE: f287stk28
[14:26:44] [INFO ] ──────────────────────────────────────────────────
[14:26:44] [INFO ] Dataset  : namss.F-2-87-AA.mcs.airgun
[14:26:44] [INFO ] SGY      : ../../airgun_data/namss.F-2-87-AA.mcs.airgun/Data/f287stk28.sgy
[14:26:44] [INFO ] NAV      : ../../airgun_data/namss.F-2-87-AA.mcs.airgun/Navigation/f-2-87-aa_NAV-WGS84.csv
[14:26:44] [INFO ] SA mode  : averaged 5x 
[14:26:44] [INFO ] 
[14:26:44] [INFO ] STEP 1 — Feature extraction
[14:26:44] [INFO ]   Loading navigation...
[14:26:44] [INFO ]   Loading SEG-Y...
[14:26:44] [INFO ]   Traces: 643  Samples: 2500  dt: 4.000 ms
[14:26:44] [INFO ]   Depth:  0.0 m → 7497.0 m
[14:26:44] [INFO ]   Matching traces to navigation...
[14:26:44] [INFO ]   NAV line matched via translation: 'f287stk28' -> 'F287-28'
[14:26:44] [INFO ]   Matched 643 / 643 traces
[14:26:44] [INFO ]   Bandpass filtering...
[14:26:44] [INFO ]   Computing seismic attributes...
[14:26:45] [INFO ]   Picking seafloor...
[14:26:45] [INFO ]   Seafloor depth: 0–4377 m  (41 shallow traces masked)
[14:26:45] [INFO ]   Picking horizons...
[14:26:45] [INFO ]   Computing NCC coherence (slow)...
[14:26:45] [INFO ]   Saving CNN section image...
[14:26:45] [INFO ]   Saved: f287stk28_section_cnn.png  (2700x1500px)
[14:26:45] [INFO ]   Step 1 complete
[14:26:45] [INFO ] 
[14:26:45] [INFO ] STEP 2 — Fault detection
[14:26:45] [INFO ]   Mode: averaged SA (5 runs per seed)
[14:26:45] [INFO ]   Averaging SA over 5 runs per seed (3 seeds)
[14:26:46] [INFO ]     Seed 1/3 trace 57: avg_prob=0.711 [PASS]
[14:26:48] [INFO ]     Seed 2/3 trace 601: avg_prob=0.688 [PASS]
[14:26:49] [INFO ]     Seed 3/3 trace 285: avg_prob=0.598 [PASS]
[14:26:49] [INFO ]   Detected 0 high-confidence faults
[14:26:49] [INFO ]   Step 2 complete
[14:26:49] [INFO ] 
[14:26:49] [INFO ] STEP 3 — Bounding boxes
[14:26:49] [INFO ]   Generated 0 boxes
[14:26:49] [INFO ]   Step 3 complete
[14:26:49] [INFO ] 
[14:26:49] [INFO ] STEP 4 — Dataset building
[14:26:49] [INFO ]   Saving labeled review image...
[14:26:49] [INFO ]   Saved: f287stk28_labeled.png
[14:26:49] [INFO ]   Split: train
[14:26:49] [INFO ]   Added 0 annotations to train.json
[14:26:49] [INFO ]   train.json: 66 images, 29 annotations
[14:26:49] [INFO ]   val.json:   17 images,  5 annotations
[14:26:49] [INFO ]   Step 4 complete
[14:26:49] [INFO ] 
[14:26:49] [INFO ]   DONE  f287stk28  →  train  |  0 faults  |  0 boxes
[14:26:49] [INFO ] 
[14:26:49] [INFO ] ──────────────────────────────────────────────────
[14:26:49] [INFO ]   LINE: f287stk29
[14:26:49] [INFO ] ──────────────────────────────────────────────────
[14:26:49] [INFO ] Dataset  : namss.F-2-87-AA.mcs.airgun
[14:26:49] [INFO ] SGY      : ../../airgun_data/namss.F-2-87-AA.mcs.airgun/Data/f287stk29.sgy
[14:26:49] [INFO ] NAV      : ../../airgun_data/namss.F-2-87-AA.mcs.airgun/Navigation/f-2-87-aa_NAV-WGS84.csv
[14:26:49] [INFO ] SA mode  : averaged 5x 
[14:26:49] [INFO ] 
[14:26:49] [INFO ] STEP 1 — Feature extraction
[14:26:49] [INFO ]   Loading navigation...
[14:26:49] [INFO ]   Loading SEG-Y...
[14:26:50] [INFO ]   Traces: 10162  Samples: 2500  dt: 4.000 ms
[14:26:50] [INFO ]   Depth:  0.0 m → 7497.0 m
[14:26:50] [INFO ]   Matching traces to navigation...
[14:26:50] [INFO ]   NAV line matched via translation: 'f287stk29' -> 'F287-29'
[14:26:51] [INFO ]   Matched 10161 / 10162 traces
[14:26:51] [INFO ]   Bandpass filtering...
[14:26:51] [INFO ]   Computing seismic attributes...
[14:26:52] [INFO ]   Picking seafloor...
[14:26:53] [INFO ]   Seafloor depth: 1104–6717 m  (0 shallow traces masked)
[14:26:53] [INFO ]   Picking horizons...
[14:26:53] [INFO ]   Computing NCC coherence (slow)...
[14:26:54] [INFO ]   Saving CNN section image...
[14:26:56] [INFO ]   Saved: f287stk29_section_cnn.png  (2700x1500px)
[14:26:56] [INFO ]   Step 1 complete
[14:26:56] [INFO ] 
[14:26:56] [INFO ] STEP 2 — Fault detection
[14:26:56] [INFO ]   Mode: averaged SA (5 runs per seed)
[14:27:01] [INFO ]   Averaging SA over 5 runs per seed (24 seeds)
[14:27:02] [INFO ]     Seed 1/24 trace 550: avg_prob=0.714 [PASS]
[14:27:03] [INFO ]     Seed 2/24 trace 5870: avg_prob=0.660 [PASS]
[14:27:04] [INFO ]     Seed 3/24 trace 1130: avg_prob=0.632 [PASS]
[14:27:06] [INFO ]     Seed 4/24 trace 844: avg_prob=0.717 [PASS]
[14:27:07] [INFO ]     Seed 5/24 trace 2218: avg_prob=0.623 [PASS]
[14:27:08] [INFO ]     Seed 6/24 trace 4076: avg_prob=0.569 [PASS]
[14:27:09] [INFO ]     Seed 7/24 trace 2743: avg_prob=0.668 [PASS]
[14:27:11] [INFO ]     Seed 8/24 trace 5243: avg_prob=0.633 [PASS]
[14:27:12] [INFO ]     Seed 9/24 trace 1440: avg_prob=0.652 [PASS]
[14:27:13] [INFO ]     Seed 10/24 trace 9794: avg_prob=0.621 [PASS]
[14:27:14] [INFO ]     Seed 11/24 trace 4783: avg_prob=0.632 [PASS]
[14:27:16] [INFO ]     Seed 12/24 trace 125: avg_prob=0.651 [PASS]
[14:27:17] [INFO ]     Seed 13/24 trace 6939: avg_prob=0.616 [PASS]
[14:27:18] [INFO ]     Seed 14/24 trace 3839: avg_prob=0.615 [PASS]
[14:27:19] [INFO ]     Seed 15/24 trace 1657: avg_prob=0.601 [PASS]
[14:27:20] [INFO ]     Seed 16/24 trace 5488: avg_prob=0.606 [PASS]
[14:27:22] [INFO ]     Seed 17/24 trace 4565: avg_prob=0.627 [PASS]
[14:27:23] [INFO ]     Seed 18/24 trace 2442: avg_prob=0.569 [PASS]
[14:27:24] [INFO ]     Seed 19/24 trace 6288: avg_prob=0.635 [PASS]
[14:27:25] [INFO ]     Seed 20/24 trace 7431: avg_prob=0.606 [PASS]
[14:27:27] [INFO ]     Seed 21/24 trace 3635: avg_prob=0.591 [PASS]
[14:27:28] [INFO ]     Seed 22/24 trace 3234: avg_prob=0.560 [PASS]
[14:27:29] [INFO ]     Seed 23/24 trace 6541: avg_prob=0.620 [PASS]
[14:27:30] [INFO ]     Seed 24/24 trace 347: avg_prob=0.628 [PASS]
[14:27:30] [INFO ]   Detected 0 high-confidence faults
[14:27:30] [INFO ]   Step 2 complete
[14:27:30] [INFO ] 
[14:27:30] [INFO ] STEP 3 — Bounding boxes
[14:27:30] [INFO ]   Generated 0 boxes
[14:27:30] [INFO ]   Step 3 complete
[14:27:30] [INFO ] 
[14:27:30] [INFO ] STEP 4 — Dataset building
[14:27:30] [INFO ]   Saving labeled review image...
[14:27:30] [INFO ]   Saved: f287stk29_labeled.png
[14:27:30] [INFO ]   Split: train
[14:27:30] [INFO ]   Added 0 annotations to train.json
[14:27:30] [INFO ]   train.json: 67 images, 29 annotations
[14:27:30] [INFO ]   val.json:   17 images,  5 annotations
[14:27:30] [INFO ]   Step 4 complete
[14:27:30] [INFO ] 
[14:27:30] [INFO ]   DONE  f287stk29  →  train  |  0 faults  |  0 boxes
[14:27:30] [INFO ] 
[14:27:30] [INFO ] ──────────────────────────────────────────────────
[14:27:30] [INFO ]   LINE: f287stk30
[14:27:30] [INFO ] ──────────────────────────────────────────────────
[14:27:30] [INFO ] Dataset  : namss.F-2-87-AA.mcs.airgun
[14:27:30] [INFO ] SGY      : ../../airgun_data/namss.F-2-87-AA.mcs.airgun/Data/f287stk30.sgy
[14:27:30] [INFO ] NAV      : ../../airgun_data/namss.F-2-87-AA.mcs.airgun/Navigation/f-2-87-aa_NAV-WGS84.csv
[14:27:30] [INFO ] SA mode  : averaged 5x 
[14:27:30] [INFO ] 
[14:27:30] [INFO ] STEP 1 — Feature extraction
[14:27:30] [INFO ]   Loading navigation...
[14:27:30] [INFO ]   Loading SEG-Y...
[14:27:30] [INFO ]   Traces: 432  Samples: 2500  dt: 4.000 ms
[14:27:30] [INFO ]   Depth:  0.0 m → 7497.0 m
[14:27:30] [INFO ]   Matching traces to navigation...
[14:27:30] [INFO ]   NAV line matched via translation: 'f287stk30' -> 'F287-30'
[14:27:31] [INFO ]   Matched 431 / 432 traces
[14:27:31] [INFO ]   Bandpass filtering...
[14:27:31] [INFO ]   Computing seismic attributes...
[14:27:31] [INFO ]   Picking seafloor...
[14:27:31] [INFO ]   Seafloor depth: 5325–6696 m  (0 shallow traces masked)
[14:27:31] [INFO ]   Picking horizons...
[14:27:31] [INFO ]   Computing NCC coherence (slow)...
[14:27:31] [INFO ]   Saving CNN section image...
[14:27:31] [INFO ]   Saved: f287stk30_section_cnn.png  (2700x1500px)
[14:27:31] [INFO ]   Step 1 complete
[14:27:31] [INFO ] 
[14:27:31] [INFO ] STEP 2 — Fault detection
[14:27:31] [INFO ]   Mode: averaged SA (5 runs per seed)
[14:27:31] [INFO ]   Averaging SA over 5 runs per seed (1 seeds)
[14:27:32] [INFO ]     Seed 1/1 trace 220: avg_prob=0.663 [PASS]
[14:27:32] [INFO ]   Detected 0 high-confidence faults
[14:27:32] [INFO ]   Step 2 complete
[14:27:32] [INFO ] 
[14:27:32] [INFO ] STEP 3 — Bounding boxes
[14:27:32] [INFO ]   Generated 0 boxes
[14:27:32] [INFO ]   Step 3 complete
[14:27:32] [INFO ] 
[14:27:32] [INFO ] STEP 4 — Dataset building
[14:27:32] [INFO ]   Saving labeled review image...
[14:27:32] [INFO ]   Saved: f287stk30_labeled.png
[14:27:32] [INFO ]   Split: val
[14:27:32] [INFO ]   Added 0 annotations to val.json
[14:27:32] [INFO ]   train.json: 67 images, 29 annotations
[14:27:32] [INFO ]   val.json:   18 images,  5 annotations
[14:27:32] [INFO ]   Step 4 complete
[14:27:32] [INFO ] 
[14:27:32] [INFO ]   DONE  f287stk30  →  val  |  0 faults  |  0 boxes
[14:27:32] [INFO ] 
[14:27:32] [INFO ] ──────────────────────────────────────────────────
[14:27:32] [INFO ]   LINE: f287stk31
[14:27:32] [INFO ] ──────────────────────────────────────────────────
[14:27:32] [INFO ] Dataset  : namss.F-2-87-AA.mcs.airgun
[14:27:32] [INFO ] SGY      : ../../airgun_data/namss.F-2-87-AA.mcs.airgun/Data/f287stk31.sgy
[14:27:32] [INFO ] NAV      : ../../airgun_data/namss.F-2-87-AA.mcs.airgun/Navigation/f-2-87-aa_NAV-WGS84.csv
[14:27:32] [INFO ] SA mode  : averaged 5x 
[14:27:32] [INFO ] 
[14:27:32] [INFO ] STEP 1 — Feature extraction
[14:27:32] [INFO ]   Loading navigation...
[14:27:32] [INFO ]   Loading SEG-Y...
[14:27:33] [ERROR] SKIPPING f287stk31 (namss.F-2-87-AA.mcs.airgun): second must be in 0..59
[14:27:33] [ERROR]   Traceback (most recent call last):
[14:27:33] [ERROR]     File "/Users/lennylukach/Personal/School/CS4100/namss/pipeline/src/pipeline.py", line 848, in <module>
[14:27:33] [ERROR]       process_line(line, sgy_path, nav_path, dataset)
[14:27:33] [ERROR]     File "/Users/lennylukach/Personal/School/CS4100/namss/pipeline/src/pipeline.py", line 405, in process_line
[14:27:33] [ERROR]       st = read(sgy_path)
[14:27:33] [ERROR]     File "/Users/lennylukach/Personal/School/CS4100/namss/venv/lib/python3.10/site-packages/decorator.py", line 235, in fun
[14:27:33] [ERROR]       return caller(func, *(extras + args), **kw)
[14:27:33] [ERROR]     File "/Users/lennylukach/Personal/School/CS4100/namss/venv/lib/python3.10/site-packages/obspy/core/util/decorator.py", line 298, in _map_example_filename
[14:27:33] [ERROR]       return func(*args, **kwargs)
[14:27:33] [ERROR]     File "/Users/lennylukach/Personal/School/CS4100/namss/venv/lib/python3.10/site-packages/obspy/core/stream.py", line 210, in read
[14:27:33] [ERROR]       st = _generic_reader(pathname_or_url, _read, **kwargs)
[14:27:33] [ERROR]     File "/Users/lennylukach/Personal/School/CS4100/namss/venv/lib/python3.10/site-packages/obspy/core/util/base.py", line 822, in _generic_reader
[14:27:33] [ERROR]       generic = callback_func(pathnames[0], **kwargs)
[14:27:33] [ERROR]     File "/Users/lennylukach/Personal/School/CS4100/namss/venv/lib/python3.10/site-packages/decorator.py", line 235, in fun
[14:27:33] [ERROR]       return caller(func, *(extras + args), **kw)
[14:27:33] [ERROR]     File "/Users/lennylukach/Personal/School/CS4100/namss/venv/lib/python3.10/site-packages/obspy/core/util/decorator.py", line 209, in uncompress_file
[14:27:33] [ERROR]       result = func(filename, *args, **kwargs)
[14:27:33] [ERROR]     File "/Users/lennylukach/Personal/School/CS4100/namss/venv/lib/python3.10/site-packages/obspy/core/stream.py", line 255, in _read
[14:27:33] [ERROR]       stream, format = _read_from_plugin('waveform', filename, format=format,
[14:27:33] [ERROR]     File "/Users/lennylukach/Personal/School/CS4100/namss/venv/lib/python3.10/site-packages/obspy/core/util/base.py", line 559, in _read_from_plugin
[14:27:33] [ERROR]       list_obj = read_format(filename, **kwargs)
[14:27:33] [ERROR]     File "/Users/lennylukach/Personal/School/CS4100/namss/venv/lib/python3.10/site-packages/obspy/io/segy/core.py", line 204, in _read_segy
[14:27:33] [ERROR]       stream.append(tr.to_obspy_trace(
[14:27:33] [ERROR]     File "/Users/lennylukach/Personal/School/CS4100/namss/venv/lib/python3.10/site-packages/obspy/io/segy/segy.py", line 775, in to_obspy_trace
[14:27:33] [ERROR]       trace.stats.starttime = UTCDateTime(
[14:27:33] [ERROR]     File "/Users/lennylukach/Personal/School/CS4100/namss/venv/lib/python3.10/site-packages/obspy/core/utcdatetime.py", line 460, in __init__
[14:27:33] [ERROR]       dt = datetime.datetime(*args, **kwargs)
[14:27:33] [ERROR]   ValueError: second must be in 0..59
[14:27:33] [INFO ] 
[14:27:33] [INFO ] ──────────────────────────────────────────────────
[14:27:33] [INFO ]   LINE: f287stk32
[14:27:33] [INFO ] ──────────────────────────────────────────────────
[14:27:33] [INFO ] Dataset  : namss.F-2-87-AA.mcs.airgun
[14:27:33] [INFO ] SGY      : ../../airgun_data/namss.F-2-87-AA.mcs.airgun/Data/f287stk32.sgy
[14:27:33] [INFO ] NAV      : ../../airgun_data/namss.F-2-87-AA.mcs.airgun/Navigation/f-2-87-aa_NAV-WGS84.csv
[14:27:33] [INFO ] SA mode  : averaged 5x 
[14:27:33] [INFO ] 
[14:27:33] [INFO ] STEP 1 — Feature extraction
[14:27:33] [INFO ]   Loading navigation...
[14:27:33] [INFO ]   Loading SEG-Y...
[14:27:33] [INFO ]   Traces: 388  Samples: 2500  dt: 4.000 ms
[14:27:33] [INFO ]   Depth:  0.0 m → 7497.0 m
[14:27:33] [INFO ]   Matching traces to navigation...
[14:27:33] [INFO ]   NAV line matched via translation: 'f287stk32' -> 'F287-32'
[14:27:33] [INFO ]   Matched 387 / 388 traces
[14:27:33] [INFO ]   Bandpass filtering...
[14:27:33] [INFO ]   Computing seismic attributes...
[14:27:33] [INFO ]   Picking seafloor...
[14:27:33] [INFO ]   Seafloor depth: 5499–6471 m  (0 shallow traces masked)
[14:27:33] [INFO ]   Picking horizons...
[14:27:33] [INFO ]   Computing NCC coherence (slow)...
[14:27:33] [INFO ]   Saving CNN section image...
[14:27:33] [INFO ]   Saved: f287stk32_section_cnn.png  (2700x1500px)
[14:27:33] [INFO ]   Step 1 complete
[14:27:33] [INFO ] 
[14:27:33] [INFO ] STEP 2 — Fault detection
[14:27:33] [INFO ]   Mode: averaged SA (5 runs per seed)
[14:27:33] [INFO ]   Averaging SA over 5 runs per seed (1 seeds)
[14:27:34] [INFO ]     Seed 1/1 trace 282: avg_prob=0.724 [PASS]
[14:27:34] [INFO ]   Detected 0 high-confidence faults
[14:27:34] [INFO ]   Step 2 complete
[14:27:34] [INFO ] 
[14:27:34] [INFO ] STEP 3 — Bounding boxes
[14:27:34] [INFO ]   Generated 0 boxes
[14:27:34] [INFO ]   Step 3 complete
[14:27:34] [INFO ] 
[14:27:34] [INFO ] STEP 4 — Dataset building
[14:27:34] [INFO ]   Saving labeled review image...
[14:27:35] [INFO ]   Saved: f287stk32_labeled.png
[14:27:35] [INFO ]   Split: train
[14:27:35] [INFO ]   Added 0 annotations to train.json
[14:27:35] [INFO ]   train.json: 68 images, 29 annotations
[14:27:35] [INFO ]   val.json:   18 images,  5 annotations
[14:27:35] [INFO ]   Step 4 complete
[14:27:35] [INFO ] 
[14:27:35] [INFO ]   DONE  f287stk32  →  train  |  0 faults  |  0 boxes
[14:27:35] [INFO ] 
[14:27:35] [INFO ] ──────────────────────────────────────────────────
[14:27:35] [INFO ]   LINE: f287stk33
[14:27:35] [INFO ] ──────────────────────────────────────────────────
[14:27:35] [INFO ] Dataset  : namss.F-2-87-AA.mcs.airgun
[14:27:35] [INFO ] SGY      : ../../airgun_data/namss.F-2-87-AA.mcs.airgun/Data/f287stk33.sgy
[14:27:35] [INFO ] NAV      : ../../airgun_data/namss.F-2-87-AA.mcs.airgun/Navigation/f-2-87-aa_NAV-WGS84.csv
[14:27:35] [INFO ] SA mode  : averaged 5x 
[14:27:35] [INFO ] 
[14:27:35] [INFO ] STEP 1 — Feature extraction
[14:27:35] [INFO ]   Loading navigation...
[14:27:35] [INFO ]   Loading SEG-Y...
[14:27:35] [INFO ]   Traces: 7862  Samples: 3000  dt: 4.000 ms
[14:27:35] [INFO ]   Depth:  0.0 m → 8997.0 m
[14:27:35] [INFO ]   Matching traces to navigation...
[14:27:35] [INFO ]   NAV line matched via translation: 'f287stk33' -> 'F287-33'
[14:27:36] [INFO ]   Matched 7859 / 7862 traces
[14:27:36] [INFO ]   Bandpass filtering...
[14:27:36] [INFO ]   Computing seismic attributes...
[14:27:37] [INFO ]   Picking seafloor...
[14:27:37] [INFO ]   Seafloor depth: 4329–6636 m  (0 shallow traces masked)
[14:27:37] [INFO ]   Picking horizons...
[14:27:38] [INFO ]   Computing NCC coherence (slow)...
[14:27:39] [INFO ]   Saving CNN section image...
[14:27:40] [INFO ]   Saved: f287stk33_section_cnn.png  (2700x1500px)
[14:27:40] [INFO ]   Step 1 complete
[14:27:40] [INFO ] 
[14:27:40] [INFO ] STEP 2 — Fault detection
[14:27:40] [INFO ]   Mode: averaged SA (5 runs per seed)
[14:27:44] [INFO ]   Averaging SA over 5 runs per seed (21 seeds)
[14:27:46] [INFO ]     Seed 1/21 trace 5414: avg_prob=0.593 [PASS]
[14:27:47] [INFO ]     Seed 2/21 trace 5987: avg_prob=0.443 [FAIL]
[14:27:48] [INFO ]     Seed 3/21 trace 5637: avg_prob=0.445 [FAIL]
[14:27:49] [INFO ]     Seed 4/21 trace 304: avg_prob=0.339 [FAIL]
[14:27:51] [INFO ]     Seed 5/21 trace 4940: avg_prob=0.374 [FAIL]
[14:27:52] [INFO ]     Seed 6/21 trace 743: avg_prob=0.392 [FAIL]
[14:27:53] [INFO ]     Seed 7/21 trace 1746: avg_prob=0.379 [FAIL]
[14:27:54] [INFO ]     Seed 8/21 trace 6646: avg_prob=0.411 [FAIL]
[14:27:55] [INFO ]     Seed 9/21 trace 3269: avg_prob=0.375 [FAIL]
[14:27:57] [INFO ]     Seed 10/21 trace 2073: avg_prob=0.385 [FAIL]
[14:27:58] [INFO ]     Seed 11/21 trace 3789: avg_prob=0.382 [FAIL]
[14:27:59] [INFO ]     Seed 12/21 trace 4606: avg_prob=0.385 [FAIL]
[14:28:00] [INFO ]     Seed 13/21 trace 7448: avg_prob=0.355 [FAIL]
[14:28:02] [INFO ]     Seed 14/21 trace 6415: avg_prob=0.346 [FAIL]
[14:28:03] [INFO ]     Seed 15/21 trace 7048: avg_prob=0.363 [FAIL]
[14:28:04] [INFO ]     Seed 16/21 trace 2791: avg_prob=0.379 [FAIL]
[14:28:05] [INFO ]     Seed 17/21 trace 2411: avg_prob=0.362 [FAIL]
[14:28:07] [INFO ]     Seed 18/21 trace 4336: avg_prob=0.375 [FAIL]
[14:28:08] [INFO ]     Seed 19/21 trace 7680: avg_prob=0.374 [FAIL]
[14:28:09] [INFO ]     Seed 20/21 trace 1128: avg_prob=0.371 [FAIL]
[14:28:10] [INFO ]     Seed 21/21 trace 3520: avg_prob=0.369 [FAIL]
[14:28:10] [INFO ]   Detected 0 high-confidence faults
[14:28:10] [INFO ]   Step 2 complete
[14:28:10] [INFO ] 
[14:28:10] [INFO ] STEP 3 — Bounding boxes
[14:28:10] [INFO ]   Generated 0 boxes
[14:28:10] [INFO ]   Step 3 complete
[14:28:10] [INFO ] 
[14:28:10] [INFO ] STEP 4 — Dataset building
[14:28:10] [INFO ]   Saving labeled review image...
[14:28:10] [INFO ]   Saved: f287stk33_labeled.png
[14:28:10] [INFO ]   Split: train
[14:28:10] [INFO ]   Added 0 annotations to train.json
[14:28:10] [INFO ]   train.json: 69 images, 29 annotations
[14:28:10] [INFO ]   val.json:   18 images,  5 annotations
[14:28:10] [INFO ]   Step 4 complete
[14:28:10] [INFO ] 
[14:28:10] [INFO ]   DONE  f287stk33  →  train  |  0 faults  |  0 boxes
[14:28:10] [INFO ] 
[14:28:10] [INFO ] ──────────────────────────────────────────────────
[14:28:10] [INFO ]   LINE: f287stk34
[14:28:10] [INFO ] ──────────────────────────────────────────────────
[14:28:10] [INFO ] Dataset  : namss.F-2-87-AA.mcs.airgun
[14:28:10] [INFO ] SGY      : ../../airgun_data/namss.F-2-87-AA.mcs.airgun/Data/f287stk34.sgy
[14:28:10] [INFO ] NAV      : ../../airgun_data/namss.F-2-87-AA.mcs.airgun/Navigation/f-2-87-aa_NAV-WGS84.csv
[14:28:10] [INFO ] SA mode  : averaged 5x 
[14:28:10] [INFO ] 
[14:28:10] [INFO ] STEP 1 — Feature extraction
[14:28:10] [INFO ]   Loading navigation...
[14:28:10] [INFO ]   Loading SEG-Y...
[14:28:10] [INFO ]   Traces: 454  Samples: 3000  dt: 4.000 ms
[14:28:10] [INFO ]   Depth:  0.0 m → 8997.0 m
[14:28:10] [INFO ]   Matching traces to navigation...
[14:28:10] [INFO ]   NAV line matched via translation: 'f287stk34' -> 'F287-34'
[14:28:10] [INFO ]   Matched 453 / 454 traces
[14:28:10] [INFO ]   Bandpass filtering...
[14:28:10] [INFO ]   Computing seismic attributes...
[14:28:10] [INFO ]   Picking seafloor...
[14:28:10] [INFO ]   Seafloor depth: 4512–4776 m  (0 shallow traces masked)
[14:28:10] [INFO ]   Picking horizons...
[14:28:10] [INFO ]   Computing NCC coherence (slow)...
[14:28:10] [INFO ]   Saving CNN section image...
[14:28:11] [INFO ]   Saved: f287stk34_section_cnn.png  (2700x1500px)
[14:28:11] [INFO ]   Step 1 complete
[14:28:11] [INFO ] 
[14:28:11] [INFO ] STEP 2 — Fault detection
[14:28:11] [INFO ]   Mode: averaged SA (5 runs per seed)
[14:28:11] [INFO ]   Averaging SA over 5 runs per seed (2 seeds)
[14:28:12] [INFO ]     Seed 1/2 trace 98: avg_prob=0.721 [PASS]
[14:28:13] [INFO ]     Seed 2/2 trace 306: avg_prob=0.757 [PASS]
[14:28:13] [INFO ]   Detected 1 high-confidence faults
[14:28:13] [INFO ]     Fault  1 | trace ~  311 | prob=0.757
[14:28:13] [INFO ]   Step 2 complete
[14:28:13] [INFO ] 
[14:28:13] [INFO ] STEP 3 — Bounding boxes
[14:28:14] [INFO ]   Box  1 | [1442, 752, 811w, 127h px]
[14:28:14] [INFO ]   Generated 1 boxes
[14:28:14] [INFO ]   Step 3 complete
[14:28:14] [INFO ] 
[14:28:14] [INFO ] STEP 4 — Dataset building
[14:28:14] [INFO ]   Saving labeled review image...
[14:28:14] [INFO ]   Saved: f287stk34_labeled.png
[14:28:14] [INFO ]   Split: train
[14:28:14] [INFO ]   Added 1 annotations to train.json
[14:28:14] [INFO ]   train.json: 70 images, 30 annotations
[14:28:14] [INFO ]   val.json:   18 images,  5 annotations
[14:28:14] [INFO ]   Step 4 complete
[14:28:14] [INFO ] 
[14:28:14] [INFO ]   DONE  f287stk34  →  train  |  1 faults  |  1 boxes
[14:28:14] [INFO ] 
[14:28:14] [INFO ] ──────────────────────────────────────────────────
[14:28:14] [INFO ]   LINE: f287stk35
[14:28:14] [INFO ] ──────────────────────────────────────────────────
[14:28:14] [INFO ] Dataset  : namss.F-2-87-AA.mcs.airgun
[14:28:14] [INFO ] SGY      : ../../airgun_data/namss.F-2-87-AA.mcs.airgun/Data/f287stk35.sgy
[14:28:14] [INFO ] NAV      : ../../airgun_data/namss.F-2-87-AA.mcs.airgun/Navigation/f-2-87-aa_NAV-WGS84.csv
[14:28:14] [INFO ] SA mode  : averaged 5x 
[14:28:14] [INFO ] 
[14:28:14] [INFO ] STEP 1 — Feature extraction
[14:28:14] [INFO ]   Loading navigation...
[14:28:14] [INFO ]   Loading SEG-Y...
[14:28:14] [ERROR] SKIPPING f287stk35 (namss.F-2-87-AA.mcs.airgun): 'julday' out of bounds for year 1987: 0
[14:28:14] [ERROR]   Traceback (most recent call last):
[14:28:14] [ERROR]     File "/Users/lennylukach/Personal/School/CS4100/namss/pipeline/src/pipeline.py", line 848, in <module>
[14:28:14] [ERROR]       process_line(line, sgy_path, nav_path, dataset)
[14:28:14] [ERROR]     File "/Users/lennylukach/Personal/School/CS4100/namss/pipeline/src/pipeline.py", line 405, in process_line
[14:28:14] [ERROR]       st = read(sgy_path)
[14:28:14] [ERROR]     File "/Users/lennylukach/Personal/School/CS4100/namss/venv/lib/python3.10/site-packages/decorator.py", line 235, in fun
[14:28:14] [ERROR]       return caller(func, *(extras + args), **kw)
[14:28:14] [ERROR]     File "/Users/lennylukach/Personal/School/CS4100/namss/venv/lib/python3.10/site-packages/obspy/core/util/decorator.py", line 298, in _map_example_filename
[14:28:14] [ERROR]       return func(*args, **kwargs)
[14:28:14] [ERROR]     File "/Users/lennylukach/Personal/School/CS4100/namss/venv/lib/python3.10/site-packages/obspy/core/stream.py", line 210, in read
[14:28:14] [ERROR]       st = _generic_reader(pathname_or_url, _read, **kwargs)
[14:28:14] [ERROR]     File "/Users/lennylukach/Personal/School/CS4100/namss/venv/lib/python3.10/site-packages/obspy/core/util/base.py", line 822, in _generic_reader
[14:28:14] [ERROR]       generic = callback_func(pathnames[0], **kwargs)
[14:28:14] [ERROR]     File "/Users/lennylukach/Personal/School/CS4100/namss/venv/lib/python3.10/site-packages/decorator.py", line 235, in fun
[14:28:14] [ERROR]       return caller(func, *(extras + args), **kw)
[14:28:14] [ERROR]     File "/Users/lennylukach/Personal/School/CS4100/namss/venv/lib/python3.10/site-packages/obspy/core/util/decorator.py", line 209, in uncompress_file
[14:28:14] [ERROR]       result = func(filename, *args, **kwargs)
[14:28:14] [ERROR]     File "/Users/lennylukach/Personal/School/CS4100/namss/venv/lib/python3.10/site-packages/obspy/core/stream.py", line 255, in _read
[14:28:14] [ERROR]       stream, format = _read_from_plugin('waveform', filename, format=format,
[14:28:14] [ERROR]     File "/Users/lennylukach/Personal/School/CS4100/namss/venv/lib/python3.10/site-packages/obspy/core/util/base.py", line 559, in _read_from_plugin
[14:28:14] [ERROR]       list_obj = read_format(filename, **kwargs)
[14:28:14] [ERROR]     File "/Users/lennylukach/Personal/School/CS4100/namss/venv/lib/python3.10/site-packages/obspy/io/segy/core.py", line 204, in _read_segy
[14:28:14] [ERROR]       stream.append(tr.to_obspy_trace(
[14:28:14] [ERROR]     File "/Users/lennylukach/Personal/School/CS4100/namss/venv/lib/python3.10/site-packages/obspy/io/segy/segy.py", line 775, in to_obspy_trace
[14:28:14] [ERROR]       trace.stats.starttime = UTCDateTime(
[14:28:14] [ERROR]     File "/Users/lennylukach/Personal/School/CS4100/namss/venv/lib/python3.10/site-packages/obspy/core/utcdatetime.py", line 440, in __init__
[14:28:14] [ERROR]       raise ValueError(msg)
[14:28:14] [ERROR]   ValueError: 'julday' out of bounds for year 1987: 0
[14:28:14] [INFO ] 
[14:28:14] [INFO ] ──────────────────────────────────────────────────
[14:28:14] [INFO ]   LINE: f287stk36
[14:28:14] [INFO ] ──────────────────────────────────────────────────
[14:28:14] [INFO ] Dataset  : namss.F-2-87-AA.mcs.airgun
[14:28:14] [INFO ] SGY      : ../../airgun_data/namss.F-2-87-AA.mcs.airgun/Data/f287stk36.sgy
[14:28:14] [INFO ] NAV      : ../../airgun_data/namss.F-2-87-AA.mcs.airgun/Navigation/f-2-87-aa_NAV-WGS84.csv
[14:28:14] [INFO ] SA mode  : averaged 5x 
[14:28:14] [INFO ] 
[14:28:14] [INFO ] STEP 1 — Feature extraction
[14:28:14] [INFO ]   Loading navigation...
[14:28:14] [INFO ]   Loading SEG-Y...
[14:28:14] [INFO ]   Traces: 427  Samples: 3000  dt: 4.000 ms
[14:28:14] [INFO ]   Depth:  0.0 m → 8997.0 m
[14:28:14] [INFO ]   Matching traces to navigation...
[14:28:14] [INFO ]   NAV line matched via translation: 'f287stk36' -> 'F287-36'
[14:28:14] [INFO ]   Matched 426 / 427 traces
[14:28:14] [INFO ]   Bandpass filtering...
[14:28:14] [INFO ]   Computing seismic attributes...
[14:28:14] [INFO ]   Picking seafloor...
[14:28:14] [INFO ]   Seafloor depth: 4617–4923 m  (0 shallow traces masked)
[14:28:14] [INFO ]   Picking horizons...
[14:28:14] [INFO ]   Computing NCC coherence (slow)...
[14:28:14] [INFO ]   Saving CNN section image...
[14:28:15] [INFO ]   Saved: f287stk36_section_cnn.png  (2700x1500px)
[14:28:15] [INFO ]   Step 1 complete
[14:28:15] [INFO ] 
[14:28:15] [INFO ] STEP 2 — Fault detection
[14:28:15] [INFO ]   Mode: averaged SA (5 runs per seed)
[14:28:15] [INFO ]   Averaging SA over 5 runs per seed (2 seeds)
[14:28:16] [INFO ]     Seed 1/2 trace 337: avg_prob=0.749 [PASS]
[14:28:17] [INFO ]     Seed 2/2 trace 108: avg_prob=0.703 [PASS]
[14:28:17] [INFO ]   Detected 0 high-confidence faults
[14:28:17] [INFO ]   Step 2 complete
[14:28:17] [INFO ] 
[14:28:17] [INFO ] STEP 3 — Bounding boxes
[14:28:17] [INFO ]   Generated 0 boxes
[14:28:17] [INFO ]   Step 3 complete
[14:28:17] [INFO ] 
[14:28:17] [INFO ] STEP 4 — Dataset building
[14:28:17] [INFO ]   Saving labeled review image...
[14:28:17] [INFO ]   Saved: f287stk36_labeled.png
[14:28:17] [INFO ]   Split: train
[14:28:17] [INFO ]   Added 0 annotations to train.json
[14:28:17] [INFO ]   train.json: 71 images, 30 annotations
[14:28:17] [INFO ]   val.json:   18 images,  5 annotations
[14:28:17] [INFO ]   Step 4 complete
[14:28:17] [INFO ] 
[14:28:17] [INFO ]   DONE  f287stk36  →  train  |  0 faults  |  0 boxes
[14:28:17] [INFO ] 
[14:28:17] [INFO ] ──────────────────────────────────────────────────
[14:28:17] [INFO ]   LINE: f287stk37
[14:28:17] [INFO ] ──────────────────────────────────────────────────
[14:28:17] [INFO ] Dataset  : namss.F-2-87-AA.mcs.airgun
[14:28:17] [INFO ] SGY      : ../../airgun_data/namss.F-2-87-AA.mcs.airgun/Data/f287stk37.sgy
[14:28:17] [INFO ] NAV      : ../../airgun_data/namss.F-2-87-AA.mcs.airgun/Navigation/f-2-87-aa_NAV-WGS84.csv
[14:28:17] [INFO ] SA mode  : averaged 5x 
[14:28:17] [INFO ] 
[14:28:17] [INFO ] STEP 1 — Feature extraction
[14:28:17] [INFO ]   Loading navigation...
[14:28:17] [INFO ]   Loading SEG-Y...
[14:28:18] [INFO ]   Traces: 6611  Samples: 3000  dt: 4.000 ms
[14:28:18] [INFO ]   Depth:  0.0 m → 8997.0 m
[14:28:18] [INFO ]   Matching traces to navigation...
[14:28:18] [INFO ]   NAV line matched via translation: 'f287stk37' -> 'F287-37'
[14:28:18] [INFO ]   Matched 6610 / 6611 traces
[14:28:18] [INFO ]   Bandpass filtering...
[14:28:18] [INFO ]   Computing seismic attributes...
[14:28:19] [INFO ]   Picking seafloor...
[14:28:20] [INFO ]   Seafloor depth: 2655–4986 m  (0 shallow traces masked)
[14:28:20] [INFO ]   Picking horizons...
[14:28:20] [INFO ]   Computing NCC coherence (slow)...
[14:28:21] [INFO ]   Saving CNN section image...
[14:28:22] [INFO ]   Saved: f287stk37_section_cnn.png  (2700x1500px)
[14:28:22] [INFO ]   Step 1 complete
[14:28:22] [INFO ] 
[14:28:22] [INFO ] STEP 2 — Fault detection
[14:28:22] [INFO ]   Mode: averaged SA (5 runs per seed)
[14:28:26] [INFO ]   Averaging SA over 5 runs per seed (19 seeds)
[14:28:27] [INFO ]     Seed 1/19 trace 27: avg_prob=0.630 [PASS]
[14:28:28] [INFO ]     Seed 2/19 trace 2465: avg_prob=0.695 [PASS]
[14:28:29] [INFO ]     Seed 3/19 trace 4071: avg_prob=0.643 [PASS]
[14:28:31] [INFO ]     Seed 4/19 trace 3056: avg_prob=0.589 [PASS]
[14:28:32] [INFO ]     Seed 5/19 trace 3372: avg_prob=0.653 [PASS]
[14:28:33] [INFO ]     Seed 6/19 trace 6518: avg_prob=0.636 [PASS]
[14:28:34] [INFO ]     Seed 7/19 trace 5830: avg_prob=0.646 [PASS]
[14:28:36] [INFO ]     Seed 8/19 trace 3727: avg_prob=0.645 [PASS]
[14:28:37] [INFO ]     Seed 9/19 trace 4345: avg_prob=0.634 [PASS]
[14:28:38] [INFO ]     Seed 10/19 trace 5422: avg_prob=0.612 [PASS]
[14:28:39] [INFO ]     Seed 11/19 trace 2751: avg_prob=0.634 [PASS]
[14:28:41] [INFO ]     Seed 12/19 trace 4758: avg_prob=0.581 [PASS]
[14:28:42] [INFO ]     Seed 13/19 trace 6247: avg_prob=0.606 [PASS]
[14:28:43] [INFO ]     Seed 14/19 trace 446: avg_prob=0.584 [PASS]
[14:28:44] [INFO ]     Seed 15/19 trace 5201: avg_prob=0.598 [PASS]
[14:28:45] [INFO ]     Seed 16/19 trace 1053: avg_prob=0.597 [PASS]
[14:28:47] [INFO ]     Seed 17/19 trace 1886: avg_prob=0.617 [PASS]
[14:28:48] [INFO ]     Seed 18/19 trace 4985: avg_prob=0.582 [PASS]
[14:28:49] [INFO ]     Seed 19/19 trace 2191: avg_prob=0.600 [PASS]
[14:28:49] [INFO ]   Detected 0 high-confidence faults
[14:28:49] [INFO ]   Step 2 complete
[14:28:49] [INFO ] 
[14:28:49] [INFO ] STEP 3 — Bounding boxes
[14:28:49] [INFO ]   Generated 0 boxes
[14:28:49] [INFO ]   Step 3 complete
[14:28:49] [INFO ] 
[14:28:49] [INFO ] STEP 4 — Dataset building
[14:28:49] [INFO ]   Saving labeled review image...
[14:28:49] [INFO ]   Saved: f287stk37_labeled.png
[14:28:49] [INFO ]   Split: train
[14:28:49] [INFO ]   Added 0 annotations to train.json
[14:28:49] [INFO ]   train.json: 72 images, 30 annotations
[14:28:49] [INFO ]   val.json:   18 images,  5 annotations
[14:28:49] [INFO ]   Step 4 complete
[14:28:49] [INFO ] 
[14:28:49] [INFO ]   DONE  f287stk37  →  train  |  0 faults  |  0 boxes
[14:28:49] [INFO ] 
[14:28:49] [INFO ] ──────────────────────────────────────────────────
[14:28:49] [INFO ]   LINE: f287stk38
[14:28:49] [INFO ] ──────────────────────────────────────────────────
[14:28:49] [INFO ] Dataset  : namss.F-2-87-AA.mcs.airgun
[14:28:49] [INFO ] SGY      : ../../airgun_data/namss.F-2-87-AA.mcs.airgun/Data/f287stk38.sgy
[14:28:49] [INFO ] NAV      : ../../airgun_data/namss.F-2-87-AA.mcs.airgun/Navigation/f-2-87-aa_NAV-WGS84.csv
[14:28:49] [INFO ] SA mode  : averaged 5x 
[14:28:49] [INFO ] 
[14:28:49] [INFO ] STEP 1 — Feature extraction
[14:28:49] [INFO ]   Loading navigation...
[14:28:49] [INFO ]   Loading SEG-Y...
[14:28:49] [INFO ]   Traces: 401  Samples: 2750  dt: 4.000 ms
[14:28:49] [INFO ]   Depth:  0.0 m → 8247.0 m
[14:28:49] [INFO ]   Matching traces to navigation...
[14:28:49] [INFO ]   NAV line matched via translation: 'f287stk38' -> 'F287-38'
[14:28:49] [INFO ]   Matched 400 / 401 traces
[14:28:49] [INFO ]   Bandpass filtering...
[14:28:50] [INFO ]   Computing seismic attributes...
[14:28:50] [INFO ]   Picking seafloor...
[14:28:50] [INFO ]   Seafloor depth: 4740–4809 m  (0 shallow traces masked)
[14:28:50] [INFO ]   Picking horizons...
[14:28:50] [INFO ]   Computing NCC coherence (slow)...
[14:28:50] [INFO ]   Saving CNN section image...
[14:28:50] [INFO ]   Saved: f287stk38_section_cnn.png  (2700x1500px)
[14:28:50] [INFO ]   Step 1 complete
[14:28:50] [INFO ] 
[14:28:50] [INFO ] STEP 2 — Fault detection
[14:28:50] [INFO ]   Mode: averaged SA (5 runs per seed)
[14:28:50] [INFO ]   Averaging SA over 5 runs per seed (2 seeds)
[14:28:51] [INFO ]     Seed 1/2 trace 363: avg_prob=0.735 [PASS]
[14:28:53] [INFO ]     Seed 2/2 trace 156: avg_prob=0.743 [PASS]
[14:28:53] [INFO ]   Detected 0 high-confidence faults
[14:28:53] [INFO ]   Step 2 complete
[14:28:53] [INFO ] 
[14:28:53] [INFO ] STEP 3 — Bounding boxes
[14:28:53] [INFO ]   Generated 0 boxes
[14:28:53] [INFO ]   Step 3 complete
[14:28:53] [INFO ] 
[14:28:53] [INFO ] STEP 4 — Dataset building
[14:28:53] [INFO ]   Saving labeled review image...
[14:28:53] [INFO ]   Saved: f287stk38_labeled.png
[14:28:53] [INFO ]   Split: train
[14:28:53] [INFO ]   Added 0 annotations to train.json
[14:28:53] [INFO ]   train.json: 73 images, 30 annotations
[14:28:53] [INFO ]   val.json:   18 images,  5 annotations
[14:28:53] [INFO ]   Step 4 complete
[14:28:53] [INFO ] 
[14:28:53] [INFO ]   DONE  f287stk38  →  train  |  0 faults  |  0 boxes
[14:28:53] [INFO ] 
[14:28:53] [INFO ] ──────────────────────────────────────────────────
[14:28:53] [INFO ]   LINE: f287stk39
[14:28:53] [INFO ] ──────────────────────────────────────────────────
[14:28:53] [INFO ] Dataset  : namss.F-2-87-AA.mcs.airgun
[14:28:53] [INFO ] SGY      : ../../airgun_data/namss.F-2-87-AA.mcs.airgun/Data/f287stk39.sgy
[14:28:53] [INFO ] NAV      : ../../airgun_data/namss.F-2-87-AA.mcs.airgun/Navigation/f-2-87-aa_NAV-WGS84.csv
[14:28:53] [INFO ] SA mode  : averaged 5x 
[14:28:53] [INFO ] 
[14:28:53] [INFO ] STEP 1 — Feature extraction
[14:28:53] [INFO ]   Loading navigation...
[14:28:53] [INFO ]   Loading SEG-Y...
[14:28:53] [INFO ]   Traces: 6265  Samples: 2750  dt: 4.000 ms
[14:28:53] [INFO ]   Depth:  0.0 m → 8247.0 m
[14:28:53] [INFO ]   Matching traces to navigation...
[14:28:53] [INFO ]   NAV line matched via translation: 'f287stk39' -> 'F287-39'
[14:28:54] [INFO ]   Matched 6264 / 6265 traces
[14:28:54] [INFO ]   Bandpass filtering...
[14:28:54] [INFO ]   Computing seismic attributes...
[14:28:55] [INFO ]   Picking seafloor...
[14:28:55] [INFO ]   Seafloor depth: 3480–5577 m  (0 shallow traces masked)
[14:28:55] [INFO ]   Picking horizons...
[14:28:55] [INFO ]   Computing NCC coherence (slow)...
[14:28:56] [INFO ]   Saving CNN section image...
[14:28:57] [INFO ]   Saved: f287stk39_section_cnn.png  (2700x1500px)
[14:28:57] [INFO ]   Step 1 complete
[14:28:57] [INFO ] 
[14:28:57] [INFO ] STEP 2 — Fault detection
[14:28:57] [INFO ]   Mode: averaged SA (5 runs per seed)
[14:29:00] [INFO ]   Averaging SA over 5 runs per seed (16 seeds)
[14:29:01] [INFO ]     Seed 1/16 trace 6249: avg_prob=0.669 [PASS]
[14:29:03] [INFO ]     Seed 2/16 trace 4513: avg_prob=0.602 [PASS]
[14:29:04] [INFO ]     Seed 3/16 trace 5242: avg_prob=0.572 [PASS]
[14:29:05] [INFO ]     Seed 4/16 trace 133: avg_prob=0.587 [PASS]
[14:29:06] [INFO ]     Seed 5/16 trace 874: avg_prob=0.605 [PASS]
[14:29:08] [INFO ]     Seed 6/16 trace 3507: avg_prob=0.589 [PASS]
[14:29:09] [INFO ]     Seed 7/16 trace 5513: avg_prob=0.572 [PASS]
[14:29:10] [INFO ]     Seed 8/16 trace 5977: avg_prob=0.566 [PASS]
[14:29:11] [INFO ]     Seed 9/16 trace 4887: avg_prob=0.573 [PASS]
[14:29:13] [INFO ]     Seed 10/16 trace 3749: avg_prob=0.584 [PASS]
[14:29:14] [INFO ]     Seed 11/16 trace 609: avg_prob=0.557 [PASS]
[14:29:15] [INFO ]     Seed 12/16 trace 1463: avg_prob=0.561 [PASS]
[14:29:16] [INFO ]     Seed 13/16 trace 2572: avg_prob=0.579 [PASS]
[14:29:17] [INFO ]     Seed 14/16 trace 4286: avg_prob=0.532 [PASS]
[14:29:19] [INFO ]     Seed 15/16 trace 2321: avg_prob=0.549 [PASS]
[14:29:20] [INFO ]     Seed 16/16 trace 2966: avg_prob=0.538 [PASS]
[14:29:20] [INFO ]   Detected 0 high-confidence faults
[14:29:20] [INFO ]   Step 2 complete
[14:29:20] [INFO ] 
[14:29:20] [INFO ] STEP 3 — Bounding boxes
[14:29:20] [INFO ]   Generated 0 boxes
[14:29:20] [INFO ]   Step 3 complete
[14:29:20] [INFO ] 
[14:29:20] [INFO ] STEP 4 — Dataset building
[14:29:20] [INFO ]   Saving labeled review image...
[14:29:20] [INFO ]   Saved: f287stk39_labeled.png
[14:29:20] [INFO ]   Split: train
[14:29:20] [INFO ]   Added 0 annotations to train.json
[14:29:20] [INFO ]   train.json: 74 images, 30 annotations
[14:29:20] [INFO ]   val.json:   18 images,  5 annotations
[14:29:20] [INFO ]   Step 4 complete
[14:29:20] [INFO ] 
[14:29:20] [INFO ]   DONE  f287stk39  →  train  |  0 faults  |  0 boxes
[14:29:20] [INFO ] 
[14:29:20] [INFO ] ──────────────────────────────────────────────────
[14:29:20] [INFO ]   LINE: f287stk41
[14:29:20] [INFO ] ──────────────────────────────────────────────────
[14:29:20] [INFO ] Dataset  : namss.F-2-87-AA.mcs.airgun
[14:29:20] [INFO ] SGY      : ../../airgun_data/namss.F-2-87-AA.mcs.airgun/Data/f287stk41.sgy
[14:29:20] [INFO ] NAV      : ../../airgun_data/namss.F-2-87-AA.mcs.airgun/Navigation/f-2-87-aa_NAV-WGS84.csv
[14:29:20] [INFO ] SA mode  : averaged 5x 
[14:29:20] [INFO ] 
[14:29:20] [INFO ] STEP 1 — Feature extraction
[14:29:20] [INFO ]   Loading navigation...
[14:29:20] [INFO ]   Loading SEG-Y...
[14:29:20] [INFO ]   Traces: 3911  Samples: 2750  dt: 4.000 ms
[14:29:20] [INFO ]   Depth:  0.0 m → 8247.0 m
[14:29:20] [INFO ]   Matching traces to navigation...
[14:29:20] [INFO ]   NAV line matched via translation: 'f287stk41' -> 'F287-41'
[14:29:21] [INFO ]   Matched 3910 / 3911 traces
[14:29:21] [INFO ]   Bandpass filtering...
[14:29:21] [INFO ]   Computing seismic attributes...
[14:29:21] [INFO ]   Picking seafloor...
[14:29:22] [INFO ]   Seafloor depth: 2349–4305 m  (0 shallow traces masked)
[14:29:22] [INFO ]   Picking horizons...
[14:29:22] [INFO ]   Computing NCC coherence (slow)...
[14:29:22] [INFO ]   Saving CNN section image...
[14:29:23] [INFO ]   Saved: f287stk41_section_cnn.png  (2700x1500px)
[14:29:23] [INFO ]   Step 1 complete
[14:29:23] [INFO ] 
[14:29:23] [INFO ] STEP 2 — Fault detection
[14:29:23] [INFO ]   Mode: averaged SA (5 runs per seed)
[14:29:25] [INFO ]   Averaging SA over 5 runs per seed (11 seeds)
[14:29:26] [INFO ]     Seed 1/11 trace 3892: avg_prob=0.824 [PASS]
[14:29:27] [INFO ]     Seed 2/11 trace 986: avg_prob=0.725 [PASS]
[14:29:29] [INFO ]     Seed 3/11 trace 3610: avg_prob=0.685 [PASS]
[14:29:30] [INFO ]     Seed 4/11 trace 1315: avg_prob=0.676 [PASS]
[14:29:31] [INFO ]     Seed 5/11 trace 3180: avg_prob=0.674 [PASS]
[14:29:32] [INFO ]     Seed 6/11 trace 2472: avg_prob=0.660 [PASS]
[14:29:34] [INFO ]     Seed 7/11 trace 1544: avg_prob=0.632 [PASS]
[14:29:35] [INFO ]     Seed 8/11 trace 98: avg_prob=0.667 [PASS]
[14:29:36] [INFO ]     Seed 9/11 trace 786: avg_prob=0.686 [PASS]
[14:29:38] [INFO ]     Seed 10/11 trace 2925: avg_prob=0.673 [PASS]
[14:29:39] [INFO ]     Seed 11/11 trace 2127: avg_prob=0.688 [PASS]
[14:29:39] [INFO ]   Detected 1 high-confidence faults
[14:29:39] [INFO ]     Fault  1 | trace ~ 3880 | prob=0.824
[14:29:39] [INFO ]   Step 2 complete
[14:29:39] [INFO ] 
[14:29:39] [INFO ] STEP 3 — Bounding boxes
[14:29:39] [INFO ]   Box  1 | [2632, 771, 68w, 122h px]
[14:29:39] [INFO ]   Generated 1 boxes
[14:29:39] [INFO ]   Step 3 complete
[14:29:39] [INFO ] 
[14:29:39] [INFO ] STEP 4 — Dataset building
[14:29:39] [INFO ]   Saving labeled review image...
[14:29:39] [INFO ]   Saved: f287stk41_labeled.png
[14:29:39] [INFO ]   Split: val
[14:29:39] [INFO ]   Added 1 annotations to val.json
[14:29:39] [INFO ]   train.json: 74 images, 30 annotations
[14:29:39] [INFO ]   val.json:   19 images,  6 annotations
[14:29:39] [INFO ]   Step 4 complete
[14:29:39] [INFO ] 
[14:29:39] [INFO ]   DONE  f287stk41  →  val  |  1 faults  |  1 boxes
[14:29:39] [INFO ] 
[14:29:39] [INFO ] ──────────────────────────────────────────────────
[14:29:39] [INFO ]   LINE: f287stk42
[14:29:39] [INFO ] ──────────────────────────────────────────────────
[14:29:39] [INFO ] Dataset  : namss.F-2-87-AA.mcs.airgun
[14:29:39] [INFO ] SGY      : ../../airgun_data/namss.F-2-87-AA.mcs.airgun/Data/f287stk42.sgy
[14:29:39] [INFO ] NAV      : ../../airgun_data/namss.F-2-87-AA.mcs.airgun/Navigation/f-2-87-aa_NAV-WGS84.csv
[14:29:39] [INFO ] SA mode  : averaged 5x 
[14:29:39] [INFO ] 
[14:29:39] [INFO ] STEP 1 — Feature extraction
[14:29:39] [INFO ]   Loading navigation...
[14:29:39] [INFO ]   Loading SEG-Y...
[14:29:39] [INFO ]   Traces: 613  Samples: 2750  dt: 4.000 ms
[14:29:39] [INFO ]   Depth:  0.0 m → 8247.0 m
[14:29:39] [INFO ]   Matching traces to navigation...
[14:29:39] [INFO ]   NAV line matched via translation: 'f287stk42' -> 'F287-42'
[14:29:39] [INFO ]   Matched 612 / 613 traces
[14:29:39] [INFO ]   Bandpass filtering...
[14:29:39] [INFO ]   Computing seismic attributes...
[14:29:39] [INFO ]   Picking seafloor...
[14:29:39] [INFO ]   Seafloor depth: 2895–4590 m  (0 shallow traces masked)
[14:29:39] [INFO ]   Picking horizons...
[14:29:39] [INFO ]   Computing NCC coherence (slow)...
[14:29:39] [INFO ]   Saving CNN section image...
[14:29:40] [INFO ]   Saved: f287stk42_section_cnn.png  (2700x1500px)
[14:29:40] [INFO ]   Step 1 complete
[14:29:40] [INFO ] 
[14:29:40] [INFO ] STEP 2 — Fault detection
[14:29:40] [INFO ]   Mode: averaged SA (5 runs per seed)
[14:29:40] [INFO ]   Averaging SA over 5 runs per seed (3 seeds)
[14:29:41] [INFO ]     Seed 1/3 trace 15: avg_prob=0.768 [PASS]
[14:29:42] [INFO ]     Seed 2/3 trace 591: avg_prob=0.710 [PASS]
[14:29:43] [INFO ]     Seed 3/3 trace 344: avg_prob=0.678 [PASS]
[14:29:43] [INFO ]   Detected 1 high-confidence faults
[14:29:43] [INFO ]     Fault  1 | trace ~   29 | prob=0.768
[14:29:43] [INFO ]   Step 2 complete
[14:29:43] [INFO ] 
[14:29:43] [INFO ] STEP 3 — Bounding boxes
[14:29:43] [INFO ]   Box  1 | [0, 823, 291w, 119h px]
[14:29:43] [INFO ]   Generated 1 boxes
[14:29:43] [INFO ]   Step 3 complete
[14:29:43] [INFO ] 
[14:29:43] [INFO ] STEP 4 — Dataset building
[14:29:43] [INFO ]   Saving labeled review image...
[14:29:44] [INFO ]   Saved: f287stk42_labeled.png
[14:29:44] [INFO ]   Split: train
[14:29:44] [INFO ]   Added 1 annotations to train.json
[14:29:44] [INFO ]   train.json: 75 images, 31 annotations
[14:29:44] [INFO ]   val.json:   19 images,  6 annotations
[14:29:44] [INFO ]   Step 4 complete
[14:29:44] [INFO ] 
[14:29:44] [INFO ]   DONE  f287stk42  →  train  |  1 faults  |  1 boxes
[14:29:44] [INFO ] 
[14:29:44] [INFO ] ──────────────────────────────────────────────────
[14:29:44] [INFO ]   LINE: f287stk43
[14:29:44] [INFO ] ──────────────────────────────────────────────────
[14:29:44] [INFO ] Dataset  : namss.F-2-87-AA.mcs.airgun
[14:29:44] [INFO ] SGY      : ../../airgun_data/namss.F-2-87-AA.mcs.airgun/Data/f287stk43.sgy
[14:29:44] [INFO ] NAV      : ../../airgun_data/namss.F-2-87-AA.mcs.airgun/Navigation/f-2-87-aa_NAV-WGS84.csv
[14:29:44] [INFO ] SA mode  : averaged 5x 
[14:29:44] [INFO ] 
[14:29:44] [INFO ] STEP 1 — Feature extraction
[14:29:44] [INFO ]   Loading navigation...
[14:29:44] [INFO ]   Loading SEG-Y...
[14:29:44] [INFO ]   Traces: 4167  Samples: 2500  dt: 4.000 ms
[14:29:44] [INFO ]   Depth:  0.0 m → 7497.0 m
[14:29:44] [INFO ]   Matching traces to navigation...
[14:29:44] [INFO ]   NAV line matched via translation: 'f287stk43' -> 'F287-43'
[14:29:44] [INFO ]   Matched 4166 / 4167 traces
[14:29:44] [INFO ]   Bandpass filtering...
[14:29:44] [INFO ]   Computing seismic attributes...
[14:29:45] [INFO ]   Picking seafloor...
[14:29:45] [INFO ]   Seafloor depth: 2436–3888 m  (0 shallow traces masked)
[14:29:45] [INFO ]   Picking horizons...
[14:29:45] [INFO ]   Computing NCC coherence (slow)...
[14:29:46] [INFO ]   Saving CNN section image...
[14:29:47] [INFO ]   Saved: f287stk43_section_cnn.png  (2700x1500px)
[14:29:47] [INFO ]   Step 1 complete
[14:29:47] [INFO ] 
[14:29:47] [INFO ] STEP 2 — Fault detection
[14:29:47] [INFO ]   Mode: averaged SA (5 runs per seed)
[14:29:48] [INFO ]   Averaging SA over 5 runs per seed (10 seeds)
[14:29:50] [INFO ]     Seed 1/10 trace 425: avg_prob=0.721 [PASS]
[14:29:51] [INFO ]     Seed 2/10 trace 990: avg_prob=0.705 [PASS]
[14:29:52] [INFO ]     Seed 3/10 trace 1401: avg_prob=0.708 [PASS]
[14:29:53] [INFO ]     Seed 4/10 trace 1618: avg_prob=0.669 [PASS]
[14:29:55] [INFO ]     Seed 5/10 trace 2369: avg_prob=0.678 [PASS]
[14:29:56] [INFO ]     Seed 6/10 trace 3550: avg_prob=0.663 [PASS]
[14:29:57] [INFO ]     Seed 7/10 trace 640: avg_prob=0.646 [PASS]
[14:29:58] [INFO ]     Seed 8/10 trace 59: avg_prob=0.674 [PASS]
[14:29:59] [INFO ]     Seed 9/10 trace 2073: avg_prob=0.654 [PASS]
[14:30:01] [INFO ]     Seed 10/10 trace 4037: avg_prob=0.619 [PASS]
[14:30:01] [INFO ]   Detected 0 high-confidence faults
[14:30:01] [INFO ]   Step 2 complete
[14:30:01] [INFO ] 
[14:30:01] [INFO ] STEP 3 — Bounding boxes
[14:30:01] [INFO ]   Generated 0 boxes
[14:30:01] [INFO ]   Step 3 complete
[14:30:01] [INFO ] 
[14:30:01] [INFO ] STEP 4 — Dataset building
[14:30:01] [INFO ]   Saving labeled review image...
[14:30:01] [INFO ]   Saved: f287stk43_labeled.png
[14:30:01] [INFO ]   Split: train
[14:30:01] [INFO ]   Added 0 annotations to train.json
[14:30:01] [INFO ]   train.json: 76 images, 31 annotations
[14:30:01] [INFO ]   val.json:   19 images,  6 annotations
[14:30:01] [INFO ]   Step 4 complete
[14:30:01] [INFO ] 
[14:30:01] [INFO ]   DONE  f287stk43  →  train  |  0 faults  |  0 boxes
[14:30:01] [INFO ] 
[14:30:01] [INFO ] ──────────────────────────────────────────────────
[14:30:01] [INFO ]   LINE: f287stk44
[14:30:01] [INFO ] ──────────────────────────────────────────────────
[14:30:01] [INFO ] Dataset  : namss.F-2-87-AA.mcs.airgun
[14:30:01] [INFO ] SGY      : ../../airgun_data/namss.F-2-87-AA.mcs.airgun/Data/f287stk44.sgy
[14:30:01] [INFO ] NAV      : ../../airgun_data/namss.F-2-87-AA.mcs.airgun/Navigation/f-2-87-aa_NAV-WGS84.csv
[14:30:01] [INFO ] SA mode  : averaged 5x 
[14:30:01] [INFO ] 
[14:30:01] [INFO ] STEP 1 — Feature extraction
[14:30:01] [INFO ]   Loading navigation...
[14:30:01] [INFO ]   Loading SEG-Y...
[14:30:01] [INFO ]   Traces: 664  Samples: 2500  dt: 4.000 ms
[14:30:01] [INFO ]   Depth:  0.0 m → 7497.0 m
[14:30:01] [INFO ]   Matching traces to navigation...
[14:30:01] [INFO ]   NAV line matched via translation: 'f287stk44' -> 'F287-44'
[14:30:01] [INFO ]   Matched 663 / 664 traces
[14:30:01] [INFO ]   Bandpass filtering...
[14:30:01] [INFO ]   Computing seismic attributes...
[14:30:01] [INFO ]   Picking seafloor...
[14:30:01] [INFO ]   Seafloor depth: 3786–4002 m  (0 shallow traces masked)
[14:30:01] [INFO ]   Picking horizons...
[14:30:01] [INFO ]   Computing NCC coherence (slow)...
[14:30:01] [INFO ]   Saving CNN section image...
[14:30:01] [INFO ]   Saved: f287stk44_section_cnn.png  (2700x1500px)
[14:30:01] [INFO ]   Step 1 complete
[14:30:01] [INFO ] 
[14:30:01] [INFO ] STEP 2 — Fault detection
[14:30:01] [INFO ]   Mode: averaged SA (5 runs per seed)
[14:30:02] [INFO ]   Averaging SA over 5 runs per seed (3 seeds)
[14:30:03] [INFO ]     Seed 1/3 trace 38: avg_prob=0.752 [PASS]
[14:30:04] [INFO ]     Seed 2/3 trace 646: avg_prob=0.705 [PASS]
[14:30:05] [INFO ]     Seed 3/3 trace 373: avg_prob=0.714 [PASS]
[14:30:05] [INFO ]   Detected 1 high-confidence faults
[14:30:05] [INFO ]     Fault  1 | trace ~   42 | prob=0.752
[14:30:05] [INFO ]   Step 2 complete
[14:30:05] [INFO ] 
[14:30:05] [INFO ] STEP 3 — Bounding boxes
[14:30:05] [INFO ]   Box  1 | [0, 774, 380w, 135h px]
[14:30:05] [INFO ]   Generated 1 boxes
[14:30:05] [INFO ]   Step 3 complete
[14:30:05] [INFO ] 
[14:30:05] [INFO ] STEP 4 — Dataset building
[14:30:05] [INFO ]   Saving labeled review image...
[14:30:05] [INFO ]   Saved: f287stk44_labeled.png
[14:30:05] [INFO ]   Split: train
[14:30:05] [INFO ]   Added 1 annotations to train.json
[14:30:05] [INFO ]   train.json: 77 images, 32 annotations
[14:30:05] [INFO ]   val.json:   19 images,  6 annotations
[14:30:05] [INFO ]   Step 4 complete
[14:30:05] [INFO ] 
[14:30:05] [INFO ]   DONE  f287stk44  →  train  |  1 faults  |  1 boxes
[14:30:05] [INFO ] 
[14:30:05] [INFO ] ──────────────────────────────────────────────────
[14:30:05] [INFO ]   LINE: f287stk45
[14:30:05] [INFO ] ──────────────────────────────────────────────────
[14:30:05] [INFO ] Dataset  : namss.F-2-87-AA.mcs.airgun
[14:30:05] [INFO ] SGY      : ../../airgun_data/namss.F-2-87-AA.mcs.airgun/Data/f287stk45.sgy
[14:30:05] [INFO ] NAV      : ../../airgun_data/namss.F-2-87-AA.mcs.airgun/Navigation/f-2-87-aa_NAV-WGS84.csv
[14:30:05] [INFO ] SA mode  : averaged 5x 
[14:30:05] [INFO ] 
[14:30:05] [INFO ] STEP 1 — Feature extraction
[14:30:05] [INFO ]   Loading navigation...
[14:30:06] [INFO ]   Loading SEG-Y...
[14:30:06] [INFO ]   Traces: 2461  Samples: 2500  dt: 4.000 ms
[14:30:06] [INFO ]   Depth:  0.0 m → 7497.0 m
[14:30:06] [INFO ]   Matching traces to navigation...
[14:30:06] [INFO ]   NAV line matched via translation: 'f287stk45' -> 'F287-45'
[14:30:06] [INFO ]   Matched 2460 / 2461 traces
[14:30:06] [INFO ]   Bandpass filtering...
[14:30:06] [INFO ]   Computing seismic attributes...
[14:30:06] [INFO ]   Picking seafloor...
[14:30:06] [INFO ]   Seafloor depth: 2577–4245 m  (0 shallow traces masked)
[14:30:06] [INFO ]   Picking horizons...
[14:30:07] [INFO ]   Computing NCC coherence (slow)...
[14:30:07] [INFO ]   Saving CNN section image...
[14:30:07] [INFO ]   Saved: f287stk45_section_cnn.png  (2700x1500px)
[14:30:07] [INFO ]   Step 1 complete
[14:30:07] [INFO ] 
[14:30:07] [INFO ] STEP 2 — Fault detection
[14:30:07] [INFO ]   Mode: averaged SA (5 runs per seed)
[14:30:08] [INFO ]   Averaging SA over 5 runs per seed (8 seeds)
[14:30:09] [INFO ]     Seed 1/8 trace 737: avg_prob=0.658 [PASS]
[14:30:11] [INFO ]     Seed 2/8 trace 509: avg_prob=0.723 [PASS]
[14:30:12] [INFO ]     Seed 3/8 trace 195: avg_prob=0.668 [PASS]
[14:30:13] [INFO ]     Seed 4/8 trace 1714: avg_prob=0.665 [PASS]
[14:30:14] [INFO ]     Seed 5/8 trace 2446: avg_prob=0.649 [PASS]
[14:30:15] [INFO ]     Seed 6/8 trace 1454: avg_prob=0.672 [PASS]
[14:30:16] [INFO ]     Seed 7/8 trace 2003: avg_prob=0.654 [PASS]
[14:30:18] [INFO ]     Seed 8/8 trace 1179: avg_prob=0.660 [PASS]
[14:30:18] [INFO ]   Detected 0 high-confidence faults
[14:30:18] [INFO ]   Step 2 complete
[14:30:18] [INFO ] 
[14:30:18] [INFO ] STEP 3 — Bounding boxes
[14:30:18] [INFO ]   Generated 0 boxes
[14:30:18] [INFO ]   Step 3 complete
[14:30:18] [INFO ] 
[14:30:18] [INFO ] STEP 4 — Dataset building
[14:30:18] [INFO ]   Saving labeled review image...
[14:30:18] [INFO ]   Saved: f287stk45_labeled.png
[14:30:18] [INFO ]   Split: train
[14:30:18] [INFO ]   Added 0 annotations to train.json
[14:30:18] [INFO ]   train.json: 78 images, 32 annotations
[14:30:18] [INFO ]   val.json:   19 images,  6 annotations
[14:30:18] [INFO ]   Step 4 complete
[14:30:18] [INFO ] 
[14:30:18] [INFO ]   DONE  f287stk45  →  train  |  0 faults  |  0 boxes
[14:30:18] [INFO ] 
[14:30:18] [INFO ] ──────────────────────────────────────────────────
[14:30:18] [INFO ]   LINE: f287stk46
[14:30:18] [INFO ] ──────────────────────────────────────────────────
[14:30:18] [INFO ] Dataset  : namss.F-2-87-AA.mcs.airgun
[14:30:18] [INFO ] SGY      : ../../airgun_data/namss.F-2-87-AA.mcs.airgun/Data/f287stk46.sgy
[14:30:18] [INFO ] NAV      : ../../airgun_data/namss.F-2-87-AA.mcs.airgun/Navigation/f-2-87-aa_NAV-WGS84.csv
[14:30:18] [INFO ] SA mode  : averaged 5x 
[14:30:18] [INFO ] 
[14:30:18] [INFO ] STEP 1 — Feature extraction
[14:30:18] [INFO ]   Loading navigation...
[14:30:18] [INFO ]   Loading SEG-Y...
[14:30:18] [INFO ]   Traces: 479  Samples: 2500  dt: 4.000 ms
[14:30:18] [INFO ]   Depth:  0.0 m → 7497.0 m
[14:30:18] [INFO ]   Matching traces to navigation...
[14:30:18] [INFO ]   NAV line matched via translation: 'f287stk46' -> 'F287-46'
[14:30:18] [INFO ]   Matched 478 / 479 traces
[14:30:18] [INFO ]   Bandpass filtering...
[14:30:18] [INFO ]   Computing seismic attributes...
[14:30:18] [INFO ]   Picking seafloor...
[14:30:18] [INFO ]   Seafloor depth: 3753–4290 m  (0 shallow traces masked)
[14:30:18] [INFO ]   Picking horizons...
[14:30:18] [INFO ]   Computing NCC coherence (slow)...
[14:30:18] [INFO ]   Saving CNN section image...
[14:30:18] [INFO ]   Saved: f287stk46_section_cnn.png  (2700x1500px)
[14:30:18] [INFO ]   Step 1 complete
[14:30:18] [INFO ] 
[14:30:18] [INFO ] STEP 2 — Fault detection
[14:30:18] [INFO ]   Mode: averaged SA (5 runs per seed)
[14:30:19] [INFO ]   Averaging SA over 5 runs per seed (2 seeds)
[14:30:20] [INFO ]     Seed 1/2 trace 28: avg_prob=0.710 [PASS]
[14:30:21] [INFO ]     Seed 2/2 trace 288: avg_prob=0.720 [PASS]
[14:30:21] [INFO ]   Detected 0 high-confidence faults
[14:30:21] [INFO ]   Step 2 complete
[14:30:21] [INFO ] 
[14:30:21] [INFO ] STEP 3 — Bounding boxes
[14:30:21] [INFO ]   Generated 0 boxes
[14:30:21] [INFO ]   Step 3 complete
[14:30:21] [INFO ] 
[14:30:21] [INFO ] STEP 4 — Dataset building
[14:30:21] [INFO ]   Saving labeled review image...
[14:30:21] [INFO ]   Saved: f287stk46_labeled.png
[14:30:21] [INFO ]   Split: val
[14:30:21] [INFO ]   Added 0 annotations to val.json
[14:30:21] [INFO ]   train.json: 78 images, 32 annotations
[14:30:21] [INFO ]   val.json:   20 images,  6 annotations
[14:30:21] [INFO ]   Step 4 complete
[14:30:21] [INFO ] 
[14:30:21] [INFO ]   DONE  f287stk46  →  val  |  0 faults  |  0 boxes
[14:30:21] [INFO ] 
[14:30:21] [INFO ] ──────────────────────────────────────────────────
[14:30:21] [INFO ]   LINE: f287stk47
[14:30:21] [INFO ] ──────────────────────────────────────────────────
[14:30:21] [INFO ] Dataset  : namss.F-2-87-AA.mcs.airgun
[14:30:21] [INFO ] SGY      : ../../airgun_data/namss.F-2-87-AA.mcs.airgun/Data/f287stk47.sgy
[14:30:21] [INFO ] NAV      : ../../airgun_data/namss.F-2-87-AA.mcs.airgun/Navigation/f-2-87-aa_NAV-WGS84.csv
[14:30:21] [INFO ] SA mode  : averaged 5x 
[14:30:21] [INFO ] 
[14:30:21] [INFO ] STEP 1 — Feature extraction
[14:30:21] [INFO ]   Loading navigation...
[14:30:21] [INFO ]   Loading SEG-Y...
[14:30:21] [INFO ]   Traces: 2632  Samples: 2500  dt: 4.000 ms
[14:30:21] [INFO ]   Depth:  0.0 m → 7497.0 m
[14:30:21] [INFO ]   Matching traces to navigation...
[14:30:21] [INFO ]   NAV line matched via translation: 'f287stk47' -> 'F287-47'
[14:30:22] [INFO ]   Matched 2631 / 2632 traces
[14:30:22] [INFO ]   Bandpass filtering...
[14:30:22] [INFO ]   Computing seismic attributes...
[14:30:22] [INFO ]   Picking seafloor...
[14:30:22] [INFO ]   Seafloor depth: 2736–4647 m  (0 shallow traces masked)
[14:30:22] [INFO ]   Picking horizons...
[14:30:22] [INFO ]   Computing NCC coherence (slow)...
[14:30:22] [INFO ]   Saving CNN section image...
[14:30:23] [INFO ]   Saved: f287stk47_section_cnn.png  (2700x1500px)
[14:30:23] [INFO ]   Step 1 complete
[14:30:23] [INFO ] 
[14:30:23] [INFO ] STEP 2 — Fault detection
[14:30:23] [INFO ]   Mode: averaged SA (5 runs per seed)
[14:30:24] [INFO ]   Averaging SA over 5 runs per seed (7 seeds)
[14:30:25] [INFO ]     Seed 1/7 trace 1028: avg_prob=0.687 [PASS]
[14:30:26] [INFO ]     Seed 2/7 trace 684: avg_prob=0.709 [PASS]
[14:30:28] [INFO ]     Seed 3/7 trace 2526: avg_prob=0.679 [PASS]
[14:30:29] [INFO ]     Seed 4/7 trace 325: avg_prob=0.659 [PASS]
[14:30:30] [INFO ]     Seed 5/7 trace 1357: avg_prob=0.689 [PASS]
[14:30:31] [INFO ]     Seed 6/7 trace 2231: avg_prob=0.662 [PASS]
[14:30:32] [INFO ]     Seed 7/7 trace 58: avg_prob=0.671 [PASS]
[14:30:32] [INFO ]   Detected 0 high-confidence faults
[14:30:32] [INFO ]   Step 2 complete
[14:30:32] [INFO ] 
[14:30:32] [INFO ] STEP 3 — Bounding boxes
[14:30:32] [INFO ]   Generated 0 boxes
[14:30:32] [INFO ]   Step 3 complete
[14:30:32] [INFO ] 
[14:30:32] [INFO ] STEP 4 — Dataset building
[14:30:32] [INFO ]   Saving labeled review image...
[14:30:33] [INFO ]   Saved: f287stk47_labeled.png
[14:30:33] [INFO ]   Split: train
[14:30:33] [INFO ]   Added 0 annotations to train.json
[14:30:33] [INFO ]   train.json: 79 images, 32 annotations
[14:30:33] [INFO ]   val.json:   20 images,  6 annotations
[14:30:33] [INFO ]   Step 4 complete
[14:30:33] [INFO ] 
[14:30:33] [INFO ]   DONE  f287stk47  →  train  |  0 faults  |  0 boxes
[14:30:33] [INFO ] 
[14:30:33] [INFO ] ──────────────────────────────────────────────────
[14:30:33] [INFO ]   LINE: f287stk48
[14:30:33] [INFO ] ──────────────────────────────────────────────────
[14:30:33] [INFO ] Dataset  : namss.F-2-87-AA.mcs.airgun
[14:30:33] [INFO ] SGY      : ../../airgun_data/namss.F-2-87-AA.mcs.airgun/Data/f287stk48.sgy
[14:30:33] [INFO ] NAV      : ../../airgun_data/namss.F-2-87-AA.mcs.airgun/Navigation/f-2-87-aa_NAV-WGS84.csv
[14:30:33] [INFO ] SA mode  : averaged 5x 
[14:30:33] [INFO ] 
[14:30:33] [INFO ] STEP 1 — Feature extraction
[14:30:33] [INFO ]   Loading navigation...
[14:30:33] [INFO ]   Loading SEG-Y...
[14:30:33] [INFO ]   Traces: 669  Samples: 2500  dt: 4.000 ms
[14:30:33] [INFO ]   Depth:  0.0 m → 7497.0 m
[14:30:33] [INFO ]   Matching traces to navigation...
[14:30:33] [INFO ]   NAV line matched via translation: 'f287stk48' -> 'F287-48'
[14:30:33] [INFO ]   Matched 668 / 669 traces
[14:30:33] [INFO ]   Bandpass filtering...
[14:30:33] [INFO ]   Computing seismic attributes...
[14:30:33] [INFO ]   Picking seafloor...
[14:30:33] [INFO ]   Seafloor depth: 3639–3930 m  (0 shallow traces masked)
[14:30:33] [INFO ]   Picking horizons...
[14:30:33] [INFO ]   Computing NCC coherence (slow)...
[14:30:33] [INFO ]   Saving CNN section image...
[14:30:33] [INFO ]   Saved: f287stk48_section_cnn.png  (2700x1500px)
[14:30:33] [INFO ]   Step 1 complete
[14:30:33] [INFO ] 
[14:30:33] [INFO ] STEP 2 — Fault detection
[14:30:33] [INFO ]   Mode: averaged SA (5 runs per seed)
[14:30:34] [INFO ]   Averaging SA over 5 runs per seed (2 seeds)
[14:30:35] [INFO ]     Seed 1/2 trace 243: avg_prob=0.731 [PASS]
[14:30:36] [INFO ]     Seed 2/2 trace 541: avg_prob=0.702 [PASS]
[14:30:36] [INFO ]   Detected 0 high-confidence faults
[14:30:36] [INFO ]   Step 2 complete
[14:30:36] [INFO ] 
[14:30:36] [INFO ] STEP 3 — Bounding boxes
[14:30:36] [INFO ]   Generated 0 boxes
[14:30:36] [INFO ]   Step 3 complete
[14:30:36] [INFO ] 
[14:30:36] [INFO ] STEP 4 — Dataset building
[14:30:36] [INFO ]   Saving labeled review image...
[14:30:36] [INFO ]   Saved: f287stk48_labeled.png
[14:30:36] [INFO ]   Split: train
[14:30:36] [INFO ]   Added 0 annotations to train.json
[14:30:36] [INFO ]   train.json: 80 images, 32 annotations
[14:30:36] [INFO ]   val.json:   20 images,  6 annotations
[14:30:36] [INFO ]   Step 4 complete
[14:30:36] [INFO ] 
[14:30:36] [INFO ]   DONE  f287stk48  →  train  |  0 faults  |  0 boxes
[14:30:36] [INFO ] 
[14:30:36] [INFO ] ──────────────────────────────────────────────────
[14:30:36] [INFO ]   LINE: f287stk49
[14:30:36] [INFO ] ──────────────────────────────────────────────────
[14:30:36] [INFO ] Dataset  : namss.F-2-87-AA.mcs.airgun
[14:30:36] [INFO ] SGY      : ../../airgun_data/namss.F-2-87-AA.mcs.airgun/Data/f287stk49.sgy
[14:30:36] [INFO ] NAV      : ../../airgun_data/namss.F-2-87-AA.mcs.airgun/Navigation/f-2-87-aa_NAV-WGS84.csv
[14:30:36] [INFO ] SA mode  : averaged 5x 
[14:30:36] [INFO ] 
[14:30:36] [INFO ] STEP 1 — Feature extraction
[14:30:36] [INFO ]   Loading navigation...
[14:30:36] [INFO ]   Loading SEG-Y...
[14:30:36] [INFO ]   Traces: 2978  Samples: 2500  dt: 4.000 ms
[14:30:36] [INFO ]   Depth:  0.0 m → 7497.0 m
[14:30:36] [INFO ]   Matching traces to navigation...
[14:30:36] [INFO ]   NAV line matched via translation: 'f287stk49' -> 'F287-49'
[14:30:37] [INFO ]   Matched 2977 / 2978 traces
[14:30:37] [INFO ]   Bandpass filtering...
[14:30:37] [INFO ]   Computing seismic attributes...
[14:30:37] [INFO ]   Picking seafloor...
[14:30:37] [INFO ]   Seafloor depth: 3555–4704 m  (0 shallow traces masked)
[14:30:37] [INFO ]   Picking horizons...
[14:30:37] [INFO ]   Computing NCC coherence (slow)...
[14:30:38] [INFO ]   Saving CNN section image...
[14:30:38] [INFO ]   Saved: f287stk49_section_cnn.png  (2700x1500px)
[14:30:38] [INFO ]   Step 1 complete
[14:30:38] [INFO ] 
[14:30:38] [INFO ] STEP 2 — Fault detection
[14:30:38] [INFO ]   Mode: averaged SA (5 runs per seed)
[14:30:39] [INFO ]   Averaging SA over 5 runs per seed (8 seeds)
[14:30:41] [INFO ]     Seed 1/8 trace 514: avg_prob=0.656 [PASS]
[14:30:42] [INFO ]     Seed 2/8 trace 2107: avg_prob=0.595 [PASS]
[14:30:43] [INFO ]     Seed 3/8 trace 908: avg_prob=0.636 [PASS]
[14:30:44] [INFO ]     Seed 4/8 trace 2897: avg_prob=0.565 [PASS]
[14:30:46] [INFO ]     Seed 5/8 trace 206: avg_prob=0.626 [PASS]
[14:30:47] [INFO ]     Seed 6/8 trace 1219: avg_prob=0.625 [PASS]
[14:30:48] [INFO ]     Seed 7/8 trace 1742: avg_prob=0.601 [PASS]
[14:30:49] [INFO ]     Seed 8/8 trace 2572: avg_prob=0.542 [PASS]
[14:30:49] [INFO ]   Detected 0 high-confidence faults
[14:30:49] [INFO ]   Step 2 complete
[14:30:49] [INFO ] 
[14:30:49] [INFO ] STEP 3 — Bounding boxes
[14:30:49] [INFO ]   Generated 0 boxes
[14:30:49] [INFO ]   Step 3 complete
[14:30:49] [INFO ] 
[14:30:49] [INFO ] STEP 4 — Dataset building
[14:30:49] [INFO ]   Saving labeled review image...
[14:30:49] [INFO ]   Saved: f287stk49_labeled.png
[14:30:49] [INFO ]   Split: train
[14:30:49] [INFO ]   Added 0 annotations to train.json
[14:30:49] [INFO ]   train.json: 81 images, 32 annotations
[14:30:49] [INFO ]   val.json:   20 images,  6 annotations
[14:30:49] [INFO ]   Step 4 complete
[14:30:49] [INFO ] 
[14:30:49] [INFO ]   DONE  f287stk49  →  train  |  0 faults  |  0 boxes
[14:30:49] [INFO ] 
[14:30:49] [INFO ] ──────────────────────────────────────────────────
[14:30:49] [INFO ]   LINE: f287stk50
[14:30:49] [INFO ] ──────────────────────────────────────────────────
[14:30:49] [INFO ] Dataset  : namss.F-2-87-AA.mcs.airgun
[14:30:49] [INFO ] SGY      : ../../airgun_data/namss.F-2-87-AA.mcs.airgun/Data/f287stk50.sgy
[14:30:49] [INFO ] NAV      : ../../airgun_data/namss.F-2-87-AA.mcs.airgun/Navigation/f-2-87-aa_NAV-WGS84.csv
[14:30:49] [INFO ] SA mode  : averaged 5x 
[14:30:49] [INFO ] 
[14:30:49] [INFO ] STEP 1 — Feature extraction
[14:30:49] [INFO ]   Loading navigation...
[14:30:49] [INFO ]   Loading SEG-Y...
[14:30:49] [INFO ]   Traces: 368  Samples: 2750  dt: 4.000 ms
[14:30:49] [INFO ]   Depth:  0.0 m → 8247.0 m
[14:30:49] [INFO ]   Matching traces to navigation...
[14:30:49] [INFO ]   NAV line matched via translation: 'f287stk50' -> 'F287-50'
[14:30:50] [INFO ]   Matched 367 / 368 traces
[14:30:50] [INFO ]   Bandpass filtering...
[14:30:50] [INFO ]   Computing seismic attributes...
[14:30:50] [INFO ]   Picking seafloor...
[14:30:50] [INFO ]   Seafloor depth: 4782–5031 m  (0 shallow traces masked)
[14:30:50] [INFO ]   Picking horizons...
[14:30:50] [INFO ]   Computing NCC coherence (slow)...
[14:30:50] [INFO ]   Saving CNN section image...
[14:30:50] [INFO ]   Saved: f287stk50_section_cnn.png  (2700x1500px)
[14:30:50] [INFO ]   Step 1 complete
[14:30:50] [INFO ] 
[14:30:50] [INFO ] STEP 2 — Fault detection
[14:30:50] [INFO ]   Mode: averaged SA (5 runs per seed)
[14:30:50] [INFO ]   Averaging SA over 5 runs per seed (1 seeds)
[14:30:51] [INFO ]     Seed 1/1 trace 44: avg_prob=0.746 [PASS]
[14:30:51] [INFO ]   Detected 0 high-confidence faults
[14:30:51] [INFO ]   Step 2 complete
[14:30:51] [INFO ] 
[14:30:51] [INFO ] STEP 3 — Bounding boxes
[14:30:51] [INFO ]   Generated 0 boxes
[14:30:51] [INFO ]   Step 3 complete
[14:30:51] [INFO ] 
[14:30:51] [INFO ] STEP 4 — Dataset building
[14:30:51] [INFO ]   Saving labeled review image...
[14:30:51] [INFO ]   Saved: f287stk50_labeled.png
[14:30:51] [INFO ]   Split: train
[14:30:51] [INFO ]   Added 0 annotations to train.json
[14:30:51] [INFO ]   train.json: 82 images, 32 annotations
[14:30:51] [INFO ]   val.json:   20 images,  6 annotations
[14:30:51] [INFO ]   Step 4 complete
[14:30:51] [INFO ] 
[14:30:51] [INFO ]   DONE  f287stk50  →  train  |  0 faults  |  0 boxes
[14:30:51] [INFO ] 
[14:30:51] [INFO ] ──────────────────────────────────────────────────
[14:30:51] [INFO ]   LINE: f287stk51
[14:30:51] [INFO ] ──────────────────────────────────────────────────
[14:30:51] [INFO ] Dataset  : namss.F-2-87-AA.mcs.airgun
[14:30:51] [INFO ] SGY      : ../../airgun_data/namss.F-2-87-AA.mcs.airgun/Data/f287stk51.sgy
[14:30:51] [INFO ] NAV      : ../../airgun_data/namss.F-2-87-AA.mcs.airgun/Navigation/f-2-87-aa_NAV-WGS84.csv
[14:30:51] [INFO ] SA mode  : averaged 5x 
[14:30:51] [INFO ] 
[14:30:51] [INFO ] STEP 1 — Feature extraction
[14:30:51] [INFO ]   Loading navigation...
[14:30:51] [INFO ]   Loading SEG-Y...
[14:30:52] [INFO ]   Traces: 3016  Samples: 2750  dt: 4.000 ms
[14:30:52] [INFO ]   Depth:  0.0 m → 8247.0 m
[14:30:52] [INFO ]   Matching traces to navigation...
[14:30:52] [INFO ]   NAV line matched via translation: 'f287stk51' -> 'F287-51'
[14:30:52] [INFO ]   Matched 3015 / 3016 traces
[14:30:52] [INFO ]   Bandpass filtering...
[14:30:52] [INFO ]   Computing seismic attributes...
[14:30:52] [INFO ]   Picking seafloor...
[14:30:53] [INFO ]   Seafloor depth: 3015–4875 m  (0 shallow traces masked)
[14:30:53] [INFO ]   Picking horizons...
[14:30:53] [INFO ]   Computing NCC coherence (slow)...
[14:30:53] [INFO ]   Saving CNN section image...
[14:30:54] [INFO ]   Saved: f287stk51_section_cnn.png  (2700x1500px)
[14:30:54] [INFO ]   Step 1 complete
[14:30:54] [INFO ] 
[14:30:54] [INFO ] STEP 2 — Fault detection
[14:30:54] [INFO ]   Mode: averaged SA (5 runs per seed)
[14:30:55] [INFO ]   Averaging SA over 5 runs per seed (10 seeds)
[14:30:56] [INFO ]     Seed 1/10 trace 2977: avg_prob=0.701 [PASS]
[14:30:57] [INFO ]     Seed 2/10 trace 10: avg_prob=0.663 [PASS]
[14:30:58] [INFO ]     Seed 3/10 trace 1539: avg_prob=0.655 [PASS]
[14:31:00] [INFO ]     Seed 4/10 trace 2332: avg_prob=0.678 [PASS]
[14:31:01] [INFO ]     Seed 5/10 trace 2125: avg_prob=0.696 [PASS]
[14:31:02] [INFO ]     Seed 6/10 trace 284: avg_prob=0.632 [PASS]
[14:31:03] [INFO ]     Seed 7/10 trace 814: avg_prob=0.657 [PASS]
[14:31:05] [INFO ]     Seed 8/10 trace 1311: avg_prob=0.675 [PASS]
[14:31:06] [INFO ]     Seed 9/10 trace 1818: avg_prob=0.660 [PASS]
[14:31:07] [INFO ]     Seed 10/10 trace 523: avg_prob=0.686 [PASS]
[14:31:07] [INFO ]   Detected 0 high-confidence faults
[14:31:07] [INFO ]   Step 2 complete
[14:31:07] [INFO ] 
[14:31:07] [INFO ] STEP 3 — Bounding boxes
[14:31:07] [INFO ]   Generated 0 boxes
[14:31:07] [INFO ]   Step 3 complete
[14:31:07] [INFO ] 
[14:31:07] [INFO ] STEP 4 — Dataset building
[14:31:07] [INFO ]   Saving labeled review image...
[14:31:07] [INFO ]   Saved: f287stk51_labeled.png
[14:31:07] [INFO ]   Split: val
[14:31:07] [INFO ]   Added 0 annotations to val.json
[14:31:07] [INFO ]   train.json: 82 images, 32 annotations
[14:31:07] [INFO ]   val.json:   21 images,  6 annotations
[14:31:07] [INFO ]   Step 4 complete
[14:31:07] [INFO ] 
[14:31:07] [INFO ]   DONE  f287stk51  →  val  |  0 faults  |  0 boxes
[14:31:07] [INFO ] 
[14:31:07] [INFO ] ──────────────────────────────────────────────────
[14:31:07] [INFO ]   LINE: f287stk52
[14:31:07] [INFO ] ──────────────────────────────────────────────────
[14:31:07] [INFO ] Dataset  : namss.F-2-87-AA.mcs.airgun
[14:31:07] [INFO ] SGY      : ../../airgun_data/namss.F-2-87-AA.mcs.airgun/Data/f287stk52.sgy
[14:31:07] [INFO ] NAV      : ../../airgun_data/namss.F-2-87-AA.mcs.airgun/Navigation/f-2-87-aa_NAV-WGS84.csv
[14:31:07] [INFO ] SA mode  : averaged 5x 
[14:31:07] [INFO ] 
[14:31:07] [INFO ] STEP 1 — Feature extraction
[14:31:07] [INFO ]   Loading navigation...
[14:31:07] [INFO ]   Loading SEG-Y...
[14:31:07] [INFO ]   Traces: 663  Samples: 2750  dt: 4.000 ms
[14:31:07] [INFO ]   Depth:  0.0 m → 8247.0 m
[14:31:07] [INFO ]   Matching traces to navigation...
[14:31:07] [INFO ]   NAV line matched via translation: 'f287stk52' -> 'F287-52'
[14:31:07] [INFO ]   Matched 662 / 663 traces
[14:31:07] [INFO ]   Bandpass filtering...
[14:31:07] [INFO ]   Computing seismic attributes...
[14:31:07] [INFO ]   Picking seafloor...
[14:31:07] [INFO ]   Seafloor depth: 3435–4494 m  (0 shallow traces masked)
[14:31:07] [INFO ]   Picking horizons...
[14:31:07] [INFO ]   Computing NCC coherence (slow)...
[14:31:08] [INFO ]   Saving CNN section image...
[14:31:08] [INFO ]   Saved: f287stk52_section_cnn.png  (2700x1500px)
[14:31:08] [INFO ]   Step 1 complete
[14:31:08] [INFO ] 
[14:31:08] [INFO ] STEP 2 — Fault detection
[14:31:08] [INFO ]   Mode: averaged SA (5 runs per seed)
[14:31:08] [INFO ]   Averaging SA over 5 runs per seed (2 seeds)
[14:31:09] [INFO ]     Seed 1/2 trace 144: avg_prob=0.673 [PASS]
[14:31:11] [INFO ]     Seed 2/2 trace 378: avg_prob=0.684 [PASS]
[14:31:11] [INFO ]   Detected 0 high-confidence faults
[14:31:11] [INFO ]   Step 2 complete
[14:31:11] [INFO ] 
[14:31:11] [INFO ] STEP 3 — Bounding boxes
[14:31:11] [INFO ]   Generated 0 boxes
[14:31:11] [INFO ]   Step 3 complete
[14:31:11] [INFO ] 
[14:31:11] [INFO ] STEP 4 — Dataset building
[14:31:11] [INFO ]   Saving labeled review image...
[14:31:11] [INFO ]   Saved: f287stk52_labeled.png
[14:31:11] [INFO ]   Split: train
[14:31:11] [INFO ]   Added 0 annotations to train.json
[14:31:11] [INFO ]   train.json: 83 images, 32 annotations
[14:31:11] [INFO ]   val.json:   21 images,  6 annotations
[14:31:11] [INFO ]   Step 4 complete
[14:31:11] [INFO ] 
[14:31:11] [INFO ]   DONE  f287stk52  →  train  |  0 faults  |  0 boxes
[14:31:11] [INFO ] 
[14:31:11] [INFO ] ──────────────────────────────────────────────────
[14:31:11] [INFO ]   LINE: f287stk53
[14:31:11] [INFO ] ──────────────────────────────────────────────────
[14:31:11] [INFO ] Dataset  : namss.F-2-87-AA.mcs.airgun
[14:31:11] [INFO ] SGY      : ../../airgun_data/namss.F-2-87-AA.mcs.airgun/Data/f287stk53.sgy
[14:31:11] [INFO ] NAV      : ../../airgun_data/namss.F-2-87-AA.mcs.airgun/Navigation/f-2-87-aa_NAV-WGS84.csv
[14:31:11] [INFO ] SA mode  : averaged 5x 
[14:31:11] [INFO ] 
[14:31:11] [INFO ] STEP 1 — Feature extraction
[14:31:11] [INFO ]   Loading navigation...
[14:31:11] [INFO ]   Loading SEG-Y...
[14:31:11] [INFO ]   Traces: 1673  Samples: 2750  dt: 4.000 ms
[14:31:11] [INFO ]   Depth:  0.0 m → 8247.0 m
[14:31:11] [INFO ]   Matching traces to navigation...
[14:31:11] [INFO ]   NAV line matched via translation: 'f287stk53' -> 'F287-53'
[14:31:11] [INFO ]   Matched 1672 / 1673 traces
[14:31:11] [INFO ]   Bandpass filtering...
[14:31:11] [INFO ]   Computing seismic attributes...
[14:31:11] [INFO ]   Picking seafloor...
[14:31:11] [INFO ]   Seafloor depth: 3852–4941 m  (0 shallow traces masked)
[14:31:11] [INFO ]   Picking horizons...
[14:31:12] [INFO ]   Computing NCC coherence (slow)...
[14:31:12] [INFO ]   Saving CNN section image...
[14:31:12] [INFO ]   Saved: f287stk53_section_cnn.png  (2700x1500px)
[14:31:12] [INFO ]   Step 1 complete
[14:31:12] [INFO ] 
[14:31:12] [INFO ] STEP 2 — Fault detection
[14:31:12] [INFO ]   Mode: averaged SA (5 runs per seed)
[14:31:13] [INFO ]   Averaging SA over 5 runs per seed (5 seeds)
[14:31:14] [INFO ]     Seed 1/5 trace 1652: avg_prob=0.641 [PASS]
[14:31:15] [INFO ]     Seed 2/5 trace 940: avg_prob=0.470 [PASS]
[14:31:17] [INFO ]     Seed 3/5 trace 45: avg_prob=0.485 [PASS]
[14:31:18] [INFO ]     Seed 4/5 trace 367: avg_prob=0.483 [PASS]
[14:31:19] [INFO ]     Seed 5/5 trace 1291: avg_prob=0.358 [FAIL]
[14:31:19] [INFO ]   Detected 0 high-confidence faults
[14:31:19] [INFO ]   Step 2 complete
[14:31:19] [INFO ] 
[14:31:19] [INFO ] STEP 3 — Bounding boxes
[14:31:19] [INFO ]   Generated 0 boxes
[14:31:19] [INFO ]   Step 3 complete
[14:31:19] [INFO ] 
[14:31:19] [INFO ] STEP 4 — Dataset building
[14:31:19] [INFO ]   Saving labeled review image...
[14:31:19] [INFO ]   Saved: f287stk53_labeled.png
[14:31:19] [INFO ]   Split: train
[14:31:19] [INFO ]   Added 0 annotations to train.json
[14:31:19] [INFO ]   train.json: 84 images, 32 annotations
[14:31:19] [INFO ]   val.json:   21 images,  6 annotations
[14:31:19] [INFO ]   Step 4 complete
[14:31:19] [INFO ] 
[14:31:19] [INFO ]   DONE  f287stk53  →  train  |  0 faults  |  0 boxes
[14:31:19] [INFO ] 
[14:31:19] [INFO ] ──────────────────────────────────────────────────
[14:31:19] [INFO ]   LINE: f287stk54
[14:31:19] [INFO ] ──────────────────────────────────────────────────
[14:31:19] [INFO ] Dataset  : namss.F-2-87-AA.mcs.airgun
[14:31:19] [INFO ] SGY      : ../../airgun_data/namss.F-2-87-AA.mcs.airgun/Data/f287stk54.sgy
[14:31:19] [INFO ] NAV      : ../../airgun_data/namss.F-2-87-AA.mcs.airgun/Navigation/f-2-87-aa_NAV-WGS84.csv
[14:31:19] [INFO ] SA mode  : averaged 5x 
[14:31:19] [INFO ] 
[14:31:19] [INFO ] STEP 1 — Feature extraction
[14:31:19] [INFO ]   Loading navigation...
[14:31:19] [INFO ]   Loading SEG-Y...
[14:31:19] [INFO ]   Traces: 646  Samples: 2750  dt: 4.000 ms
[14:31:19] [INFO ]   Depth:  0.0 m → 8247.0 m
[14:31:19] [INFO ]   Matching traces to navigation...
[14:31:19] [INFO ]   NAV line matched via translation: 'f287stk54' -> 'F287-54'
[14:31:19] [INFO ]   Matched 645 / 646 traces
[14:31:19] [INFO ]   Bandpass filtering...
[14:31:19] [INFO ]   Computing seismic attributes...
[14:31:19] [INFO ]   Picking seafloor...
[14:31:19] [INFO ]   Seafloor depth: 4350–4872 m  (0 shallow traces masked)
[14:31:19] [INFO ]   Picking horizons...
[14:31:20] [INFO ]   Computing NCC coherence (slow)...
[14:31:20] [INFO ]   Saving CNN section image...
[14:31:20] [INFO ]   Saved: f287stk54_section_cnn.png  (2700x1500px)
[14:31:20] [INFO ]   Step 1 complete
[14:31:20] [INFO ] 
[14:31:20] [INFO ] STEP 2 — Fault detection
[14:31:20] [INFO ]   Mode: averaged SA (5 runs per seed)
[14:31:20] [INFO ]   Averaging SA over 5 runs per seed (2 seeds)
[14:31:21] [INFO ]     Seed 1/2 trace 475: avg_prob=0.663 [PASS]
[14:31:23] [INFO ]     Seed 2/2 trace 254: avg_prob=0.640 [PASS]
[14:31:23] [INFO ]   Detected 0 high-confidence faults
[14:31:23] [INFO ]   Step 2 complete
[14:31:23] [INFO ] 
[14:31:23] [INFO ] STEP 3 — Bounding boxes
[14:31:23] [INFO ]   Generated 0 boxes
[14:31:23] [INFO ]   Step 3 complete
[14:31:23] [INFO ] 
[14:31:23] [INFO ] STEP 4 — Dataset building
[14:31:23] [INFO ]   Saving labeled review image...
[14:31:23] [INFO ]   Saved: f287stk54_labeled.png
[14:31:23] [INFO ]   Split: train
[14:31:23] [INFO ]   Added 0 annotations to train.json
[14:31:23] [INFO ]   train.json: 85 images, 32 annotations
[14:31:23] [INFO ]   val.json:   21 images,  6 annotations
[14:31:23] [INFO ]   Step 4 complete
[14:31:23] [INFO ] 
[14:31:23] [INFO ]   DONE  f287stk54  →  train  |  0 faults  |  0 boxes
[14:31:23] [INFO ] 
[14:31:23] [INFO ] ──────────────────────────────────────────────────
[14:31:23] [INFO ]   LINE: f287stk55
[14:31:23] [INFO ] ──────────────────────────────────────────────────
[14:31:23] [INFO ] Dataset  : namss.F-2-87-AA.mcs.airgun
[14:31:23] [INFO ] SGY      : ../../airgun_data/namss.F-2-87-AA.mcs.airgun/Data/f287stk55.sgy
[14:31:23] [INFO ] NAV      : ../../airgun_data/namss.F-2-87-AA.mcs.airgun/Navigation/f-2-87-aa_NAV-WGS84.csv
[14:31:23] [INFO ] SA mode  : averaged 5x 
[14:31:23] [INFO ] 
[14:31:23] [INFO ] STEP 1 — Feature extraction
[14:31:23] [INFO ]   Loading navigation...
[14:31:23] [INFO ]   Loading SEG-Y...
[14:31:23] [INFO ]   Traces: 1127  Samples: 2750  dt: 4.000 ms
[14:31:23] [INFO ]   Depth:  0.0 m → 8247.0 m
[14:31:23] [INFO ]   Matching traces to navigation...
[14:31:23] [INFO ]   NAV line matched via translation: 'f287stk55' -> 'F287-55'
[14:31:23] [INFO ]   Matched 1126 / 1127 traces
[14:31:23] [INFO ]   Bandpass filtering...
[14:31:23] [INFO ]   Computing seismic attributes...
[14:31:23] [INFO ]   Picking seafloor...
[14:31:23] [INFO ]   Seafloor depth: 3669–4608 m  (0 shallow traces masked)
[14:31:23] [INFO ]   Picking horizons...
[14:31:23] [INFO ]   Computing NCC coherence (slow)...
[14:31:23] [INFO ]   Saving CNN section image...
[14:31:24] [INFO ]   Saved: f287stk55_section_cnn.png  (2700x1500px)
[14:31:24] [INFO ]   Step 1 complete
[14:31:24] [INFO ] 
[14:31:24] [INFO ] STEP 2 — Fault detection
[14:31:24] [INFO ]   Mode: averaged SA (5 runs per seed)
[14:31:24] [INFO ]   Averaging SA over 5 runs per seed (4 seeds)
[14:31:25] [INFO ]     Seed 1/4 trace 416: avg_prob=0.624 [PASS]
[14:31:27] [INFO ]     Seed 2/4 trace 773: avg_prob=0.641 [PASS]
[14:31:28] [INFO ]     Seed 3/4 trace 85: avg_prob=0.628 [PASS]
[14:31:29] [INFO ]     Seed 4/4 trace 1101: avg_prob=0.572 [PASS]
[14:31:29] [INFO ]   Detected 0 high-confidence faults
[14:31:29] [INFO ]   Step 2 complete
[14:31:29] [INFO ] 
[14:31:29] [INFO ] STEP 3 — Bounding boxes
[14:31:29] [INFO ]   Generated 0 boxes
[14:31:29] [INFO ]   Step 3 complete
[14:31:29] [INFO ] 
[14:31:29] [INFO ] STEP 4 — Dataset building
[14:31:29] [INFO ]   Saving labeled review image...
[14:31:29] [INFO ]   Saved: f287stk55_labeled.png
[14:31:29] [INFO ]   Split: train
[14:31:29] [INFO ]   Added 0 annotations to train.json
[14:31:29] [INFO ]   train.json: 86 images, 32 annotations
[14:31:29] [INFO ]   val.json:   21 images,  6 annotations
[14:31:29] [INFO ]   Step 4 complete
[14:31:29] [INFO ] 
[14:31:29] [INFO ]   DONE  f287stk55  →  train  |  0 faults  |  0 boxes
[14:31:29] [INFO ] 
[14:31:29] [INFO ] ──────────────────────────────────────────────────
[14:31:29] [INFO ]   LINE: f287stk56
[14:31:29] [INFO ] ──────────────────────────────────────────────────
[14:31:29] [INFO ] Dataset  : namss.F-2-87-AA.mcs.airgun
[14:31:29] [INFO ] SGY      : ../../airgun_data/namss.F-2-87-AA.mcs.airgun/Data/f287stk56.sgy
[14:31:29] [INFO ] NAV      : ../../airgun_data/namss.F-2-87-AA.mcs.airgun/Navigation/f-2-87-aa_NAV-WGS84.csv
[14:31:29] [INFO ] SA mode  : averaged 5x 
[14:31:29] [INFO ] 
[14:31:29] [INFO ] STEP 1 — Feature extraction
[14:31:29] [INFO ]   Loading navigation...
[14:31:29] [INFO ]   Loading SEG-Y...
[14:31:30] [INFO ]   Traces: 4870  Samples: 3000  dt: 4.000 ms
[14:31:30] [INFO ]   Depth:  0.0 m → 8997.0 m
[14:31:30] [INFO ]   Matching traces to navigation...
[14:31:30] [INFO ]   NAV line matched via translation: 'f287stk56' -> 'F287-56'
[14:31:30] [INFO ]   Matched 4870 / 4870 traces
[14:31:30] [INFO ]   Bandpass filtering...
[14:31:30] [INFO ]   Computing seismic attributes...
[14:31:31] [INFO ]   Picking seafloor...
[14:31:31] [INFO ]   Seafloor depth: 0–5289 m  (637 shallow traces masked)
[14:31:31] [INFO ]   Picking horizons...
[14:31:31] [INFO ]   Computing NCC coherence (slow)...
[14:31:32] [INFO ]   Saving CNN section image...
[14:31:33] [INFO ]   Saved: f287stk56_section_cnn.png  (2700x1500px)
[14:31:33] [INFO ]   Step 1 complete
[14:31:33] [INFO ] 
[14:31:33] [INFO ] STEP 2 — Fault detection
[14:31:33] [INFO ]   Mode: averaged SA (5 runs per seed)
[14:31:35] [INFO ]   Averaging SA over 5 runs per seed (14 seeds)
[14:31:37] [INFO ]     Seed 1/14 trace 1479: avg_prob=0.727 [PASS]
[14:31:38] [INFO ]     Seed 2/14 trace 2954: avg_prob=0.724 [PASS]
[14:31:39] [INFO ]     Seed 3/14 trace 3975: avg_prob=0.695 [PASS]
[14:31:40] [INFO ]     Seed 4/14 trace 2316: avg_prob=0.629 [PASS]
[14:31:42] [INFO ]     Seed 5/14 trace 3738: avg_prob=0.703 [PASS]
[14:31:43] [INFO ]     Seed 6/14 trace 277: avg_prob=0.680 [PASS]
[14:31:44] [INFO ]     Seed 7/14 trace 3421: avg_prob=0.658 [PASS]
[14:31:45] [INFO ]     Seed 8/14 trace 4190: avg_prob=0.636 [PASS]
[14:31:47] [INFO ]     Seed 9/14 trace 1756: avg_prob=0.644 [PASS]
[14:31:48] [INFO ]     Seed 10/14 trace 4447: avg_prob=0.654 [PASS]
[14:31:49] [INFO ]     Seed 11/14 trace 4813: avg_prob=0.663 [PASS]
[14:31:50] [INFO ]     Seed 12/14 trace 875: avg_prob=0.611 [PASS]
[14:31:51] [INFO ]     Seed 13/14 trace 528: avg_prob=0.632 [PASS]
[14:31:52] [INFO ]     Seed 14/14 trace 3210: avg_prob=0.607 [PASS]
[14:31:52] [INFO ]   Detected 0 high-confidence faults
[14:31:52] [INFO ]   Step 2 complete
[14:31:52] [INFO ] 
[14:31:52] [INFO ] STEP 3 — Bounding boxes
[14:31:52] [INFO ]   Generated 0 boxes
[14:31:52] [INFO ]   Step 3 complete
[14:31:52] [INFO ] 
[14:31:52] [INFO ] STEP 4 — Dataset building
[14:31:52] [INFO ]   Saving labeled review image...
[14:31:52] [INFO ]   Saved: f287stk56_labeled.png
[14:31:52] [INFO ]   Split: val
[14:31:52] [INFO ]   Added 0 annotations to val.json
[14:31:52] [INFO ]   train.json: 86 images, 32 annotations
[14:31:52] [INFO ]   val.json:   22 images,  6 annotations
[14:31:52] [INFO ]   Step 4 complete
[14:31:52] [INFO ] 
[14:31:52] [INFO ]   DONE  f287stk56  →  val  |  0 faults  |  0 boxes
[14:31:52] [INFO ] 
[14:31:52] [INFO ] ──────────────────────────────────────────────────
[14:31:52] [INFO ]   LINE: f287stk57
[14:31:52] [INFO ] ──────────────────────────────────────────────────
[14:31:52] [INFO ] Dataset  : namss.F-2-87-AA.mcs.airgun
[14:31:52] [INFO ] SGY      : ../../airgun_data/namss.F-2-87-AA.mcs.airgun/Data/f287stk57.sgy
[14:31:52] [INFO ] NAV      : ../../airgun_data/namss.F-2-87-AA.mcs.airgun/Navigation/f-2-87-aa_NAV-WGS84.csv
[14:31:52] [INFO ] SA mode  : averaged 5x 
[14:31:52] [INFO ] 
[14:31:52] [INFO ] STEP 1 — Feature extraction
[14:31:52] [INFO ]   Loading navigation...
[14:31:53] [INFO ]   Loading SEG-Y...
[14:31:53] [INFO ]   Traces: 2276  Samples: 3000  dt: 4.000 ms
[14:31:53] [INFO ]   Depth:  0.0 m → 8997.0 m
[14:31:53] [INFO ]   Matching traces to navigation...
[14:31:53] [INFO ]   NAV line matched via translation: 'f287stk57' -> 'F287-57'
[14:31:53] [INFO ]   Matched 2275 / 2276 traces
[14:31:53] [INFO ]   Bandpass filtering...
[14:31:53] [INFO ]   Computing seismic attributes...
[14:31:53] [INFO ]   Picking seafloor...
[14:31:53] [INFO ]   Seafloor depth: 4482–4968 m  (0 shallow traces masked)
[14:31:53] [INFO ]   Picking horizons...
[14:31:53] [INFO ]   Computing NCC coherence (slow)...
[14:31:54] [INFO ]   Saving CNN section image...
[14:31:54] [INFO ]   Saved: f287stk57_section_cnn.png  (2700x1500px)
[14:31:54] [INFO ]   Step 1 complete
[14:31:54] [INFO ] 
[14:31:54] [INFO ] STEP 2 — Fault detection
[14:31:54] [INFO ]   Mode: averaged SA (5 runs per seed)
[14:31:55] [INFO ]   Averaging SA over 5 runs per seed (8 seeds)
[14:31:56] [INFO ]     Seed 1/8 trace 45: avg_prob=0.719 [PASS]
[14:31:58] [INFO ]     Seed 2/8 trace 1232: avg_prob=0.711 [PASS]
[14:31:59] [INFO ]     Seed 3/8 trace 1538: avg_prob=0.662 [PASS]
[14:32:00] [INFO ]     Seed 4/8 trace 710: avg_prob=0.679 [PASS]
[14:32:01] [INFO ]     Seed 5/8 trace 2036: avg_prob=0.666 [PASS]
[14:32:03] [INFO ]     Seed 6/8 trace 412: avg_prob=0.613 [PASS]
[14:32:04] [INFO ]     Seed 7/8 trace 2261: avg_prob=0.656 [PASS]
[14:32:05] [INFO ]     Seed 8/8 trace 974: avg_prob=0.653 [PASS]
[14:32:05] [INFO ]   Detected 0 high-confidence faults
[14:32:05] [INFO ]   Step 2 complete
[14:32:05] [INFO ] 
[14:32:05] [INFO ] STEP 3 — Bounding boxes
[14:32:05] [INFO ]   Generated 0 boxes
[14:32:05] [INFO ]   Step 3 complete
[14:32:05] [INFO ] 
[14:32:05] [INFO ] STEP 4 — Dataset building
[14:32:05] [INFO ]   Saving labeled review image...
[14:32:05] [INFO ]   Saved: f287stk57_labeled.png
[14:32:05] [INFO ]   Split: train
[14:32:05] [INFO ]   Added 0 annotations to train.json
[14:32:05] [INFO ]   train.json: 87 images, 32 annotations
[14:32:05] [INFO ]   val.json:   22 images,  6 annotations
[14:32:05] [INFO ]   Step 4 complete
[14:32:05] [INFO ] 
[14:32:05] [INFO ]   DONE  f287stk57  →  train  |  0 faults  |  0 boxes
[14:32:05] [INFO ] 
[14:32:05] [INFO ] ──────────────────────────────────────────────────
[14:32:05] [INFO ]   LINE: f287stk58
[14:32:05] [INFO ] ──────────────────────────────────────────────────
[14:32:05] [INFO ] Dataset  : namss.F-2-87-AA.mcs.airgun
[14:32:05] [INFO ] SGY      : ../../airgun_data/namss.F-2-87-AA.mcs.airgun/Data/f287stk58.sgy
[14:32:05] [INFO ] NAV      : ../../airgun_data/namss.F-2-87-AA.mcs.airgun/Navigation/f-2-87-aa_NAV-WGS84.csv
[14:32:05] [INFO ] SA mode  : averaged 5x 
[14:32:05] [INFO ] 
[14:32:05] [INFO ] STEP 1 — Feature extraction
[14:32:05] [INFO ]   Loading navigation...
[14:32:05] [INFO ]   Loading SEG-Y...
[14:32:05] [INFO ]   Traces: 2000  Samples: 3750  dt: 4.000 ms
[14:32:05] [INFO ]   Depth:  0.0 m → 11247.0 m
[14:32:05] [INFO ]   Matching traces to navigation...
[14:32:05] [INFO ]   NAV line matched via translation: 'f287stk58' -> 'F287-58'
[14:32:05] [INFO ]   Matched 1999 / 2000 traces
[14:32:05] [INFO ]   Bandpass filtering...
[14:32:06] [INFO ]   Computing seismic attributes...
[14:32:06] [INFO ]   Picking seafloor...
[14:32:06] [INFO ]   Seafloor depth: 4701–6753 m  (0 shallow traces masked)
[14:32:06] [INFO ]   Picking horizons...
[14:32:06] [INFO ]   Computing NCC coherence (slow)...
[14:32:06] [INFO ]   Saving CNN section image...
[14:32:07] [INFO ]   Saved: f287stk58_section_cnn.png  (2700x1500px)
[14:32:07] [INFO ]   Step 1 complete
[14:32:07] [INFO ] 
[14:32:07] [INFO ] STEP 2 — Fault detection
[14:32:07] [INFO ]   Mode: averaged SA (5 runs per seed)
[14:32:08] [INFO ]   Averaging SA over 5 runs per seed (3 seeds)
[14:32:09] [INFO ]     Seed 1/3 trace 1954: avg_prob=0.761 [PASS]
[14:32:10] [INFO ]     Seed 2/3 trace 1689: avg_prob=0.641 [PASS]
[14:32:14] [INFO ]     Seed 3/3 trace 1000: avg_prob=0.677 [PASS]
[14:32:14] [INFO ]   Detected 1 high-confidence faults
[14:32:14] [INFO ]     Fault  1 | trace ~ 1954 | prob=0.761
[14:32:14] [INFO ]   Step 2 complete
[14:32:14] [INFO ] 
[14:32:14] [INFO ] STEP 3 — Bounding boxes
[14:32:14] [INFO ]   Box  1 | [2563, 620, 137w, 100h px]
[14:32:14] [INFO ]   Generated 1 boxes
[14:32:14] [INFO ]   Step 3 complete
[14:32:14] [INFO ] 
[14:32:14] [INFO ] STEP 4 — Dataset building
[14:32:14] [INFO ]   Saving labeled review image...
[14:32:14] [INFO ]   Saved: f287stk58_labeled.png
[14:32:14] [INFO ]   Split: train
[14:32:14] [INFO ]   Added 1 annotations to train.json
[14:32:14] [INFO ]   train.json: 88 images, 33 annotations
[14:32:14] [INFO ]   val.json:   22 images,  6 annotations
[14:32:14] [INFO ]   Step 4 complete
[14:32:14] [INFO ] 
[14:32:14] [INFO ]   DONE  f287stk58  →  train  |  1 faults  |  1 boxes
[14:32:14] [INFO ] 
[14:32:14] [INFO ] ──────────────────────────────────────────────────
[14:32:14] [INFO ]   LINE: f287stk59
[14:32:14] [INFO ] ──────────────────────────────────────────────────
[14:32:14] [INFO ] Dataset  : namss.F-2-87-AA.mcs.airgun
[14:32:14] [INFO ] SGY      : ../../airgun_data/namss.F-2-87-AA.mcs.airgun/Data/f287stk59.sgy
[14:32:14] [INFO ] NAV      : ../../airgun_data/namss.F-2-87-AA.mcs.airgun/Navigation/f-2-87-aa_NAV-WGS84.csv
[14:32:14] [INFO ] SA mode  : averaged 5x 
[14:32:14] [INFO ] 
[14:32:14] [INFO ] STEP 1 — Feature extraction
[14:32:14] [INFO ]   Loading navigation...
[14:32:14] [INFO ]   Loading SEG-Y...
[14:32:14] [INFO ]   Traces: 2515  Samples: 3000  dt: 4.000 ms
[14:32:14] [INFO ]   Depth:  0.0 m → 8997.0 m
[14:32:14] [INFO ]   Matching traces to navigation...
[14:32:14] [INFO ]   NAV line matched via translation: 'f287stk59' -> 'F287-59'
[14:32:15] [INFO ]   Matched 2514 / 2515 traces
[14:32:15] [INFO ]   Bandpass filtering...
[14:32:15] [INFO ]   Computing seismic attributes...
[14:32:15] [INFO ]   Picking seafloor...
[14:32:15] [INFO ]   Seafloor depth: 3813–5499 m  (0 shallow traces masked)
[14:32:15] [INFO ]   Picking horizons...
[14:32:15] [INFO ]   Computing NCC coherence (slow)...
[14:32:15] [INFO ]   Saving CNN section image...
[14:32:16] [INFO ]   Saved: f287stk59_section_cnn.png  (2700x1500px)
[14:32:16] [INFO ]   Step 1 complete
[14:32:16] [INFO ] 
[14:32:16] [INFO ] STEP 2 — Fault detection
[14:32:16] [INFO ]   Mode: averaged SA (5 runs per seed)
[14:32:17] [INFO ]   Averaging SA over 5 runs per seed (8 seeds)
[14:32:18] [INFO ]     Seed 1/8 trace 1220: avg_prob=0.688 [PASS]
[14:32:20] [INFO ]     Seed 2/8 trace 250: avg_prob=0.690 [PASS]
[14:32:21] [INFO ]     Seed 3/8 trace 1765: avg_prob=0.637 [PASS]
[14:32:22] [INFO ]     Seed 4/8 trace 748: avg_prob=0.648 [PASS]
[14:32:23] [INFO ]     Seed 5/8 trace 40: avg_prob=0.667 [PASS]
[14:32:25] [INFO ]     Seed 6/8 trace 2141: avg_prob=0.615 [PASS]
[14:32:26] [INFO ]     Seed 7/8 trace 475: avg_prob=0.642 [PASS]
[14:32:27] [INFO ]     Seed 8/8 trace 1532: avg_prob=0.584 [PASS]
[14:32:27] [INFO ]   Detected 0 high-confidence faults
[14:32:27] [INFO ]   Step 2 complete
[14:32:27] [INFO ] 
[14:32:27] [INFO ] STEP 3 — Bounding boxes
[14:32:27] [INFO ]   Generated 0 boxes
[14:32:27] [INFO ]   Step 3 complete
[14:32:27] [INFO ] 
[14:32:27] [INFO ] STEP 4 — Dataset building
[14:32:27] [INFO ]   Saving labeled review image...
[14:32:27] [INFO ]   Saved: f287stk59_labeled.png
[14:32:27] [INFO ]   Split: train
[14:32:27] [INFO ]   Added 0 annotations to train.json
[14:32:27] [INFO ]   train.json: 89 images, 33 annotations
[14:32:27] [INFO ]   val.json:   22 images,  6 annotations
[14:32:27] [INFO ]   Step 4 complete
[14:32:27] [INFO ] 
[14:32:27] [INFO ]   DONE  f287stk59  →  train  |  0 faults  |  0 boxes
[14:32:27] [INFO ] 
[14:32:27] [INFO ] ──────────────────────────────────────────────────
[14:32:27] [INFO ]   LINE: f287stk60
[14:32:27] [INFO ] ──────────────────────────────────────────────────
[14:32:27] [INFO ] Dataset  : namss.F-2-87-AA.mcs.airgun
[14:32:27] [INFO ] SGY      : ../../airgun_data/namss.F-2-87-AA.mcs.airgun/Data/f287stk60.sgy
[14:32:27] [INFO ] NAV      : ../../airgun_data/namss.F-2-87-AA.mcs.airgun/Navigation/f-2-87-aa_NAV-WGS84.csv
[14:32:27] [INFO ] SA mode  : averaged 5x 
[14:32:27] [INFO ] 
[14:32:27] [INFO ] STEP 1 — Feature extraction
[14:32:27] [INFO ]   Loading navigation...
[14:32:27] [INFO ]   Loading SEG-Y...
[14:32:27] [INFO ]   Traces: 1586  Samples: 3750  dt: 4.000 ms
[14:32:27] [INFO ]   Depth:  0.0 m → 11247.0 m
[14:32:27] [INFO ]   Matching traces to navigation...
[14:32:27] [INFO ]   NAV line matched via translation: 'f287stk60' -> 'F287-60'
[14:32:27] [INFO ]   Matched 1584 / 1586 traces
[14:32:27] [INFO ]   Bandpass filtering...
[14:32:28] [INFO ]   Computing seismic attributes...
[14:32:28] [INFO ]   Picking seafloor...
[14:32:28] [INFO ]   Seafloor depth: 0–6753 m  (1 shallow traces masked)
[14:32:28] [INFO ]   Picking horizons...
[14:32:37] [INFO ]   Computing NCC coherence (slow)...
[14:32:37] [INFO ]   Saving CNN section image...
[14:32:37] [INFO ]   Saved: f287stk60_section_cnn.png  (2700x1500px)
[14:32:37] [INFO ]   Step 1 complete
[14:32:37] [INFO ] 
[14:32:37] [INFO ] STEP 2 — Fault detection
[14:32:37] [INFO ]   Mode: averaged SA (5 runs per seed)
[14:32:38] [INFO ]   Averaging SA over 5 runs per seed (4 seeds)
[14:32:40] [INFO ]     Seed 1/4 trace 625: avg_prob=0.740 [PASS]
[14:32:41] [INFO ]     Seed 2/4 trace 49: avg_prob=0.766 [PASS]
[14:32:42] [INFO ]     Seed 3/4 trace 1488: avg_prob=0.643 [PASS]
[14:32:43] [INFO ]     Seed 4/4 trace 1063: avg_prob=0.648 [PASS]
[14:32:43] [INFO ]   Detected 1 high-confidence faults
[14:32:43] [INFO ]     Fault  1 | trace ~   54 | prob=0.766
[14:32:43] [INFO ]   Step 2 complete
[14:32:43] [INFO ] 
[14:32:43] [INFO ] STEP 3 — Bounding boxes
[14:32:43] [INFO ]   Box  1 | [0, 885, 205w, 100h px]
[14:32:43] [INFO ]   Generated 1 boxes
[14:32:43] [INFO ]   Step 3 complete
[14:32:43] [INFO ] 
[14:32:43] [INFO ] STEP 4 — Dataset building
[14:32:43] [INFO ]   Saving labeled review image...
[14:32:43] [INFO ]   Saved: f287stk60_labeled.png
[14:32:43] [INFO ]   Split: train
[14:32:43] [INFO ]   Added 1 annotations to train.json
[14:32:43] [INFO ]   train.json: 90 images, 34 annotations
[14:32:43] [INFO ]   val.json:   22 images,  6 annotations
[14:32:43] [INFO ]   Step 4 complete
[14:32:43] [INFO ] 
[14:32:43] [INFO ]   DONE  f287stk60  →  train  |  1 faults  |  1 boxes
[14:32:43] [INFO ] 
[14:32:43] [INFO ] ──────────────────────────────────────────────────
[14:32:43] [INFO ]   LINE: f287stks1
[14:32:43] [INFO ] ──────────────────────────────────────────────────
[14:32:43] [INFO ] Dataset  : namss.F-2-87-AA.mcs.airgun
[14:32:43] [INFO ] SGY      : ../../airgun_data/namss.F-2-87-AA.mcs.airgun/Data/f287stks1.sgy
[14:32:43] [INFO ] NAV      : ../../airgun_data/namss.F-2-87-AA.mcs.airgun/Navigation/f-2-87-aa_NAV-WGS84.csv
[14:32:43] [INFO ] SA mode  : averaged 5x 
[14:32:43] [INFO ] 
[14:32:43] [INFO ] STEP 1 — Feature extraction
[14:32:43] [INFO ]   Loading navigation...
[14:32:43] [INFO ]   Loading SEG-Y...
[14:32:43] [ERROR] SKIPPING f287stks1 (namss.F-2-87-AA.mcs.airgun): hour must be in 0..23
[14:32:43] [ERROR]   Traceback (most recent call last):
[14:32:43] [ERROR]     File "/Users/lennylukach/Personal/School/CS4100/namss/pipeline/src/pipeline.py", line 848, in <module>
[14:32:43] [ERROR]       process_line(line, sgy_path, nav_path, dataset)
[14:32:43] [ERROR]     File "/Users/lennylukach/Personal/School/CS4100/namss/pipeline/src/pipeline.py", line 405, in process_line
[14:32:43] [ERROR]       st = read(sgy_path)
[14:32:43] [ERROR]     File "/Users/lennylukach/Personal/School/CS4100/namss/venv/lib/python3.10/site-packages/decorator.py", line 235, in fun
[14:32:43] [ERROR]       return caller(func, *(extras + args), **kw)
[14:32:43] [ERROR]     File "/Users/lennylukach/Personal/School/CS4100/namss/venv/lib/python3.10/site-packages/obspy/core/util/decorator.py", line 298, in _map_example_filename
[14:32:43] [ERROR]       return func(*args, **kwargs)
[14:32:43] [ERROR]     File "/Users/lennylukach/Personal/School/CS4100/namss/venv/lib/python3.10/site-packages/obspy/core/stream.py", line 210, in read
[14:32:43] [ERROR]       st = _generic_reader(pathname_or_url, _read, **kwargs)
[14:32:43] [ERROR]     File "/Users/lennylukach/Personal/School/CS4100/namss/venv/lib/python3.10/site-packages/obspy/core/util/base.py", line 822, in _generic_reader
[14:32:43] [ERROR]       generic = callback_func(pathnames[0], **kwargs)
[14:32:43] [ERROR]     File "/Users/lennylukach/Personal/School/CS4100/namss/venv/lib/python3.10/site-packages/decorator.py", line 235, in fun
[14:32:43] [ERROR]       return caller(func, *(extras + args), **kw)
[14:32:43] [ERROR]     File "/Users/lennylukach/Personal/School/CS4100/namss/venv/lib/python3.10/site-packages/obspy/core/util/decorator.py", line 209, in uncompress_file
[14:32:43] [ERROR]       result = func(filename, *args, **kwargs)
[14:32:43] [ERROR]     File "/Users/lennylukach/Personal/School/CS4100/namss/venv/lib/python3.10/site-packages/obspy/core/stream.py", line 255, in _read
[14:32:43] [ERROR]       stream, format = _read_from_plugin('waveform', filename, format=format,
[14:32:43] [ERROR]     File "/Users/lennylukach/Personal/School/CS4100/namss/venv/lib/python3.10/site-packages/obspy/core/util/base.py", line 559, in _read_from_plugin
[14:32:43] [ERROR]       list_obj = read_format(filename, **kwargs)
[14:32:43] [ERROR]     File "/Users/lennylukach/Personal/School/CS4100/namss/venv/lib/python3.10/site-packages/obspy/io/segy/core.py", line 204, in _read_segy
[14:32:43] [ERROR]       stream.append(tr.to_obspy_trace(
[14:32:43] [ERROR]     File "/Users/lennylukach/Personal/School/CS4100/namss/venv/lib/python3.10/site-packages/obspy/io/segy/segy.py", line 775, in to_obspy_trace
[14:32:43] [ERROR]       trace.stats.starttime = UTCDateTime(
[14:32:43] [ERROR]     File "/Users/lennylukach/Personal/School/CS4100/namss/venv/lib/python3.10/site-packages/obspy/core/utcdatetime.py", line 460, in __init__
[14:32:43] [ERROR]       dt = datetime.datetime(*args, **kwargs)
[14:32:43] [ERROR]   ValueError: hour must be in 0..23
[14:32:43] [INFO ] 
[14:32:43] [INFO ] ──────────────────────────────────────────────────
[14:32:43] [INFO ]   LINE: f287stks10
[14:32:43] [INFO ] ──────────────────────────────────────────────────
[14:32:43] [INFO ] Dataset  : namss.F-2-87-AA.mcs.airgun
[14:32:43] [INFO ] SGY      : ../../airgun_data/namss.F-2-87-AA.mcs.airgun/Data/f287stks10.sgy
[14:32:43] [INFO ] NAV      : ../../airgun_data/namss.F-2-87-AA.mcs.airgun/Navigation/f-2-87-aa_NAV-WGS84.csv
[14:32:43] [INFO ] SA mode  : averaged 5x 
[14:32:43] [INFO ] 
[14:32:43] [INFO ] STEP 1 — Feature extraction
[14:32:43] [INFO ]   Loading navigation...
[14:32:43] [INFO ]   Loading SEG-Y...
[14:32:43] [INFO ]   Traces: 713  Samples: 2500  dt: 4.000 ms
[14:32:43] [INFO ]   Depth:  0.0 m → 7497.0 m
[14:32:43] [INFO ]   Matching traces to navigation...
[14:32:43] [INFO ]   NAV line matched via translation: 'f287stks10' -> 'F287-S10'
[14:32:43] [INFO ]   Matched 712 / 713 traces
[14:32:43] [INFO ]   Bandpass filtering...
[14:32:43] [INFO ]   Computing seismic attributes...
[14:32:44] [INFO ]   Picking seafloor...
[14:32:44] [INFO ]   Seafloor depth: 1131–2136 m  (0 shallow traces masked)
[14:32:44] [INFO ]   Picking horizons...
[14:32:44] [INFO ]   Computing NCC coherence (slow)...
[14:32:44] [INFO ]   Saving CNN section image...
[14:32:44] [INFO ]   Saved: f287stks10_section_cnn.png  (2700x1500px)
[14:32:44] [INFO ]   Step 1 complete
[14:32:44] [INFO ] 
[14:32:44] [INFO ] STEP 2 — Fault detection
[14:32:44] [INFO ]   Mode: averaged SA (5 runs per seed)
[14:32:44] [INFO ]   Averaging SA over 5 runs per seed (2 seeds)
[14:32:46] [INFO ]     Seed 1/2 trace 158: avg_prob=0.615 [PASS]
[14:32:49] [INFO ]     Seed 2/2 trace 435: avg_prob=0.655 [PASS]
[14:32:49] [INFO ]   Detected 0 high-confidence faults
[14:32:49] [INFO ]   Step 2 complete
[14:32:49] [INFO ] 
[14:32:49] [INFO ] STEP 3 — Bounding boxes
[14:32:49] [INFO ]   Generated 0 boxes
[14:32:49] [INFO ]   Step 3 complete
[14:32:49] [INFO ] 
[14:32:49] [INFO ] STEP 4 — Dataset building
[14:32:49] [INFO ]   Saving labeled review image...
[14:32:49] [INFO ]   Saved: f287stks10_labeled.png
[14:32:49] [INFO ]   Split: train
[14:32:49] [INFO ]   Added 0 annotations to train.json
[14:32:49] [INFO ]   train.json: 91 images, 34 annotations
[14:32:49] [INFO ]   val.json:   22 images,  6 annotations
[14:32:49] [INFO ]   Step 4 complete
[14:32:49] [INFO ] 
[14:32:49] [INFO ]   DONE  f287stks10  →  train  |  0 faults  |  0 boxes
[14:32:49] [INFO ] 
[14:32:49] [INFO ] ──────────────────────────────────────────────────
[14:32:49] [INFO ]   LINE: f287stks2
[14:32:49] [INFO ] ──────────────────────────────────────────────────
[14:32:49] [INFO ] Dataset  : namss.F-2-87-AA.mcs.airgun
[14:32:49] [INFO ] SGY      : ../../airgun_data/namss.F-2-87-AA.mcs.airgun/Data/f287stks2.sgy
[14:32:49] [INFO ] NAV      : ../../airgun_data/namss.F-2-87-AA.mcs.airgun/Navigation/f-2-87-aa_NAV-WGS84.csv
[14:32:49] [INFO ] SA mode  : averaged 5x 
[14:32:49] [INFO ] 
[14:32:49] [INFO ] STEP 1 — Feature extraction
[14:32:49] [INFO ]   Loading navigation...
[14:32:49] [INFO ]   Loading SEG-Y...
[14:32:49] [INFO ]   Traces: 1804  Samples: 2500  dt: 4.000 ms
[14:32:49] [INFO ]   Depth:  0.0 m → 7497.0 m
[14:32:49] [INFO ]   Matching traces to navigation...
[14:32:49] [INFO ]   NAV line matched via translation: 'f287stks2' -> 'F287-S2'
[14:32:49] [INFO ]   Matched 1803 / 1804 traces
[14:32:49] [INFO ]   Bandpass filtering...
[14:32:49] [INFO ]   Computing seismic attributes...
[14:32:49] [INFO ]   Picking seafloor...
[14:32:49] [INFO ]   Seafloor depth: 4896–6702 m  (0 shallow traces masked)
[14:32:49] [INFO ]   Picking horizons...
[14:32:49] [INFO ]   Computing NCC coherence (slow)...
[14:32:50] [INFO ]   Saving CNN section image...
[14:32:50] [INFO ]   Saved: f287stks2_section_cnn.png  (2700x1500px)
[14:32:50] [INFO ]   Step 1 complete
[14:32:50] [INFO ] 
[14:32:50] [INFO ] STEP 2 — Fault detection
[14:32:50] [INFO ]   Mode: averaged SA (5 runs per seed)
[14:32:50] [INFO ]   Averaging SA over 5 runs per seed (6 seeds)
[14:32:52] [INFO ]     Seed 1/6 trace 1670: avg_prob=0.688 [PASS]
[14:32:53] [INFO ]     Seed 2/6 trace 676: avg_prob=0.716 [PASS]
[14:32:54] [INFO ]     Seed 3/6 trace 1056: avg_prob=0.717 [PASS]
[14:32:56] [INFO ]     Seed 4/6 trace 99: avg_prob=0.654 [PASS]
[14:32:57] [INFO ]     Seed 5/6 trace 1377: avg_prob=0.653 [PASS]
[14:32:58] [INFO ]     Seed 6/6 trace 420: avg_prob=0.641 [PASS]
[14:32:58] [INFO ]   Detected 0 high-confidence faults
[14:32:58] [INFO ]   Step 2 complete
[14:32:58] [INFO ] 
[14:32:58] [INFO ] STEP 3 — Bounding boxes
[14:32:58] [INFO ]   Generated 0 boxes
[14:32:58] [INFO ]   Step 3 complete
[14:32:58] [INFO ] 
[14:32:58] [INFO ] STEP 4 — Dataset building
[14:32:58] [INFO ]   Saving labeled review image...
[14:32:58] [INFO ]   Saved: f287stks2_labeled.png
[14:32:58] [INFO ]   Split: train
[14:32:58] [INFO ]   Added 0 annotations to train.json
[14:32:58] [INFO ]   train.json: 92 images, 34 annotations
[14:32:58] [INFO ]   val.json:   22 images,  6 annotations
[14:32:58] [INFO ]   Step 4 complete
[14:32:58] [INFO ] 
[14:32:58] [INFO ]   DONE  f287stks2  →  train  |  0 faults  |  0 boxes
[14:32:58] [INFO ] 
[14:32:58] [INFO ] ──────────────────────────────────────────────────
[14:32:58] [INFO ]   LINE: f287stks3
[14:32:58] [INFO ] ──────────────────────────────────────────────────
[14:32:58] [INFO ] Dataset  : namss.F-2-87-AA.mcs.airgun
[14:32:58] [INFO ] SGY      : ../../airgun_data/namss.F-2-87-AA.mcs.airgun/Data/f287stks3.sgy
[14:32:58] [INFO ] NAV      : ../../airgun_data/namss.F-2-87-AA.mcs.airgun/Navigation/f-2-87-aa_NAV-WGS84.csv
[14:32:58] [INFO ] SA mode  : averaged 5x 
[14:32:58] [INFO ] 
[14:32:58] [INFO ] STEP 1 — Feature extraction
[14:32:58] [INFO ]   Loading navigation...
[14:33:05] [INFO ]   Loading SEG-Y...
[14:33:05] [INFO ]   Traces: 1135  Samples: 2500  dt: 4.000 ms
[14:33:05] [INFO ]   Depth:  0.0 m → 7497.0 m
[14:33:05] [INFO ]   Matching traces to navigation...
[14:33:05] [INFO ]   NAV line matched via translation: 'f287stks3' -> 'F287-S3'
[14:33:05] [INFO ]   Matched 1133 / 1135 traces
[14:33:05] [INFO ]   Bandpass filtering...
[14:33:05] [INFO ]   Computing seismic attributes...
[14:33:05] [INFO ]   Picking seafloor...
[14:33:05] [INFO ]   Seafloor depth: 5340–6711 m  (0 shallow traces masked)
[14:33:05] [INFO ]   Picking horizons...
[14:33:05] [INFO ]   Computing NCC coherence (slow)...
[14:33:05] [INFO ]   Saving CNN section image...
[14:33:05] [INFO ]   Saved: f287stks3_section_cnn.png  (2700x1500px)
[14:33:05] [INFO ]   Step 1 complete
[14:33:05] [INFO ] 
[14:33:05] [INFO ] STEP 2 — Fault detection
[14:33:05] [INFO ]   Mode: averaged SA (5 runs per seed)
[14:33:06] [INFO ]   Averaging SA over 5 runs per seed (4 seeds)
[14:33:07] [INFO ]     Seed 1/4 trace 102: avg_prob=0.731 [PASS]
[14:33:08] [INFO ]     Seed 2/4 trace 1095: avg_prob=0.678 [PASS]
[14:33:09] [INFO ]     Seed 3/4 trace 858: avg_prob=0.635 [PASS]
[14:33:11] [INFO ]     Seed 4/4 trace 351: avg_prob=0.674 [PASS]
[14:33:11] [INFO ]   Detected 0 high-confidence faults
[14:33:11] [INFO ]   Step 2 complete
[14:33:11] [INFO ] 
[14:33:11] [INFO ] STEP 3 — Bounding boxes
[14:33:11] [INFO ]   Generated 0 boxes
[14:33:11] [INFO ]   Step 3 complete
[14:33:11] [INFO ] 
[14:33:11] [INFO ] STEP 4 — Dataset building
[14:33:11] [INFO ]   Saving labeled review image...
[14:33:11] [INFO ]   Saved: f287stks3_labeled.png
[14:33:11] [INFO ]   Split: train
[14:33:11] [INFO ]   Added 0 annotations to train.json
[14:33:11] [INFO ]   train.json: 93 images, 34 annotations
[14:33:11] [INFO ]   val.json:   22 images,  6 annotations
[14:33:11] [INFO ]   Step 4 complete
[14:33:11] [INFO ] 
[14:33:11] [INFO ]   DONE  f287stks3  →  train  |  0 faults  |  0 boxes
[14:33:11] [INFO ] 
[14:33:11] [INFO ] ──────────────────────────────────────────────────
[14:33:11] [INFO ]   LINE: f287stks4
[14:33:11] [INFO ] ──────────────────────────────────────────────────
[14:33:11] [INFO ] Dataset  : namss.F-2-87-AA.mcs.airgun
[14:33:11] [INFO ] SGY      : ../../airgun_data/namss.F-2-87-AA.mcs.airgun/Data/f287stks4.sgy
[14:33:11] [INFO ] NAV      : ../../airgun_data/namss.F-2-87-AA.mcs.airgun/Navigation/f-2-87-aa_NAV-WGS84.csv
[14:33:11] [INFO ] SA mode  : averaged 5x 
[14:33:11] [INFO ] 
[14:33:11] [INFO ] STEP 1 — Feature extraction
[14:33:11] [INFO ]   Loading navigation...
[14:33:11] [INFO ]   Loading SEG-Y...
[14:33:11] [INFO ]   Traces: 653  Samples: 3500  dt: 4.000 ms
[14:33:11] [INFO ]   Depth:  0.0 m → 10497.0 m
[14:33:11] [INFO ]   Matching traces to navigation...
[14:33:11] [INFO ]   NAV line matched via translation: 'f287stks4' -> 'F287-S4'
[14:33:11] [INFO ]   Matched 652 / 653 traces
[14:33:11] [INFO ]   Bandpass filtering...
[14:33:11] [INFO ]   Computing seismic attributes...
[14:33:11] [INFO ]   Picking seafloor...
[14:33:11] [INFO ]   Seafloor depth: 5598–7125 m  (0 shallow traces masked)
[14:33:11] [INFO ]   Picking horizons...
[14:33:11] [INFO ]   Computing NCC coherence (slow)...
[14:33:11] [INFO ]   Saving CNN section image...
[14:33:11] [INFO ]   Saved: f287stks4_section_cnn.png  (2700x1500px)
[14:33:11] [INFO ]   Step 1 complete
[14:33:11] [INFO ] 
[14:33:11] [INFO ] STEP 2 — Fault detection
[14:33:11] [INFO ]   Mode: averaged SA (5 runs per seed)
[14:33:12] [INFO ]   Averaging SA over 5 runs per seed (3 seeds)
[14:33:17] [INFO ]     Seed 1/3 trace 21: avg_prob=0.720 [PASS]
[14:33:19] [INFO ]     Seed 2/3 trace 594: avg_prob=0.628 [PASS]
[14:33:20] [INFO ]     Seed 3/3 trace 296: avg_prob=0.605 [PASS]
[14:33:20] [INFO ]   Detected 0 high-confidence faults
[14:33:20] [INFO ]   Step 2 complete
[14:33:20] [INFO ] 
[14:33:20] [INFO ] STEP 3 — Bounding boxes
[14:33:20] [INFO ]   Generated 0 boxes
[14:33:20] [INFO ]   Step 3 complete
[14:33:20] [INFO ] 
[14:33:20] [INFO ] STEP 4 — Dataset building
[14:33:20] [INFO ]   Saving labeled review image...
[14:33:20] [INFO ]   Saved: f287stks4_labeled.png
[14:33:20] [INFO ]   Split: train
[14:33:20] [INFO ]   Added 0 annotations to train.json
[14:33:20] [INFO ]   train.json: 94 images, 34 annotations
[14:33:20] [INFO ]   val.json:   22 images,  6 annotations
[14:33:20] [INFO ]   Step 4 complete
[14:33:20] [INFO ] 
[14:33:20] [INFO ]   DONE  f287stks4  →  train  |  0 faults  |  0 boxes
[14:33:20] [INFO ] 
[14:33:20] [INFO ] ──────────────────────────────────────────────────
[14:33:20] [INFO ]   LINE: f287stks5
[14:33:20] [INFO ] ──────────────────────────────────────────────────
[14:33:20] [INFO ] Dataset  : namss.F-2-87-AA.mcs.airgun
[14:33:20] [INFO ] SGY      : ../../airgun_data/namss.F-2-87-AA.mcs.airgun/Data/f287stks5.sgy
[14:33:20] [INFO ] NAV      : ../../airgun_data/namss.F-2-87-AA.mcs.airgun/Navigation/f-2-87-aa_NAV-WGS84.csv
[14:33:20] [INFO ] SA mode  : averaged 5x 
[14:33:20] [INFO ] 
[14:33:20] [INFO ] STEP 1 — Feature extraction
[14:33:20] [INFO ]   Loading navigation...
[14:33:20] [INFO ]   Loading SEG-Y...
[14:33:20] [INFO ]   Traces: 573  Samples: 3500  dt: 4.000 ms
[14:33:20] [INFO ]   Depth:  0.0 m → 10497.0 m
[14:33:20] [INFO ]   Matching traces to navigation...
[14:33:20] [INFO ]   NAV line matched via translation: 'f287stks5' -> 'F287-S5'
[14:33:20] [INFO ]   Matched 572 / 573 traces
[14:33:20] [INFO ]   Bandpass filtering...
[14:33:20] [INFO ]   Computing seismic attributes...
[14:33:20] [INFO ]   Picking seafloor...
[14:33:20] [INFO ]   Seafloor depth: 6615–7008 m  (0 shallow traces masked)
[14:33:20] [INFO ]   Picking horizons...
[14:33:20] [INFO ]   Computing NCC coherence (slow)...
[14:33:20] [INFO ]   Saving CNN section image...
[14:33:21] [INFO ]   Saved: f287stks5_section_cnn.png  (2700x1500px)
[14:33:21] [INFO ]   Step 1 complete
[14:33:21] [INFO ] 
[14:33:21] [INFO ] STEP 2 — Fault detection
[14:33:21] [INFO ]   Mode: averaged SA (5 runs per seed)
[14:33:21] [INFO ]   Averaging SA over 5 runs per seed (1 seeds)
[14:33:22] [INFO ]     Seed 1/1 trace 56: avg_prob=0.692 [PASS]
[14:33:22] [INFO ]   Detected 0 high-confidence faults
[14:33:22] [INFO ]   Step 2 complete
[14:33:22] [INFO ] 
[14:33:22] [INFO ] STEP 3 — Bounding boxes
[14:33:22] [INFO ]   Generated 0 boxes
[14:33:22] [INFO ]   Step 3 complete
[14:33:22] [INFO ] 
[14:33:22] [INFO ] STEP 4 — Dataset building
[14:33:22] [INFO ]   Saving labeled review image...
[14:33:22] [INFO ]   Saved: f287stks5_labeled.png
[14:33:22] [INFO ]   Split: val
[14:33:22] [INFO ]   Added 0 annotations to val.json
[14:33:22] [INFO ]   train.json: 94 images, 34 annotations
[14:33:22] [INFO ]   val.json:   23 images,  6 annotations
[14:33:22] [INFO ]   Step 4 complete
[14:33:22] [INFO ] 
[14:33:22] [INFO ]   DONE  f287stks5  →  val  |  0 faults  |  0 boxes
[14:33:22] [INFO ] 
[14:33:22] [INFO ] ──────────────────────────────────────────────────
[14:33:22] [INFO ]   LINE: f287stks7
[14:33:22] [INFO ] ──────────────────────────────────────────────────
[14:33:22] [INFO ] Dataset  : namss.F-2-87-AA.mcs.airgun
[14:33:22] [INFO ] SGY      : ../../airgun_data/namss.F-2-87-AA.mcs.airgun/Data/f287stks7.sgy
[14:33:22] [INFO ] NAV      : ../../airgun_data/namss.F-2-87-AA.mcs.airgun/Navigation/f-2-87-aa_NAV-WGS84.csv
[14:33:22] [INFO ] SA mode  : averaged 5x 
[14:33:22] [INFO ] 
[14:33:22] [INFO ] STEP 1 — Feature extraction
[14:33:22] [INFO ]   Loading navigation...
[14:33:22] [INFO ]   Loading SEG-Y...
[14:33:22] [INFO ]   Traces: 487  Samples: 3250  dt: 4.000 ms
[14:33:22] [INFO ]   Depth:  0.0 m → 9747.0 m
[14:33:22] [INFO ]   Matching traces to navigation...
[14:33:22] [INFO ]   NAV line matched via translation: 'f287stks7' -> 'F287-S7'
[14:33:22] [INFO ]   Matched 486 / 487 traces
[14:33:22] [INFO ]   Bandpass filtering...
[14:33:22] [INFO ]   Computing seismic attributes...
[14:33:22] [INFO ]   Picking seafloor...
[14:33:22] [INFO ]   Seafloor depth: 5322–6249 m  (0 shallow traces masked)
[14:33:22] [INFO ]   Picking horizons...
[14:33:23] [INFO ]   Computing NCC coherence (slow)...
[14:33:23] [INFO ]   Saving CNN section image...
[14:33:23] [INFO ]   Saved: f287stks7_section_cnn.png  (2700x1500px)
[14:33:23] [INFO ]   Step 1 complete
[14:33:23] [INFO ] 
[14:33:23] [INFO ] STEP 2 — Fault detection
[14:33:23] [INFO ]   Mode: averaged SA (5 runs per seed)
[14:33:23] [INFO ]   Averaging SA over 5 runs per seed (2 seeds)
[14:33:24] [INFO ]     Seed 1/2 trace 286: avg_prob=0.709 [PASS]
[14:33:26] [INFO ]     Seed 2/2 trace 49: avg_prob=0.648 [PASS]
[14:33:26] [INFO ]   Detected 0 high-confidence faults
[14:33:26] [INFO ]   Step 2 complete
[14:33:26] [INFO ] 
[14:33:26] [INFO ] STEP 3 — Bounding boxes
[14:33:26] [INFO ]   Generated 0 boxes
[14:33:26] [INFO ]   Step 3 complete
[14:33:26] [INFO ] 
[14:33:26] [INFO ] STEP 4 — Dataset building
[14:33:26] [INFO ]   Saving labeled review image...
[14:33:26] [INFO ]   Saved: f287stks7_labeled.png
[14:33:26] [INFO ]   Split: train
[14:33:26] [INFO ]   Added 0 annotations to train.json
[14:33:26] [INFO ]   train.json: 95 images, 34 annotations
[14:33:26] [INFO ]   val.json:   23 images,  6 annotations
[14:33:26] [INFO ]   Step 4 complete
[14:33:26] [INFO ] 
[14:33:26] [INFO ]   DONE  f287stks7  →  train  |  0 faults  |  0 boxes
[14:33:26] [INFO ] 
[14:33:26] [INFO ] ──────────────────────────────────────────────────
[14:33:26] [INFO ]   LINE: f287stks8
[14:33:26] [INFO ] ──────────────────────────────────────────────────
[14:33:26] [INFO ] Dataset  : namss.F-2-87-AA.mcs.airgun
[14:33:26] [INFO ] SGY      : ../../airgun_data/namss.F-2-87-AA.mcs.airgun/Data/f287stks8.sgy
[14:33:26] [INFO ] NAV      : ../../airgun_data/namss.F-2-87-AA.mcs.airgun/Navigation/f-2-87-aa_NAV-WGS84.csv
[14:33:26] [INFO ] SA mode  : averaged 5x 
[14:33:26] [INFO ] 
[14:33:26] [INFO ] STEP 1 — Feature extraction
[14:33:26] [INFO ]   Loading navigation...
[14:33:26] [INFO ]   Loading SEG-Y...
[14:33:26] [INFO ]   Traces: 292  Samples: 3000  dt: 4.000 ms
[14:33:26] [INFO ]   Depth:  0.0 m → 8997.0 m
[14:33:26] [INFO ]   Matching traces to navigation...
[14:33:26] [INFO ]   NAV line matched via translation: 'f287stks8' -> 'F287-S8'
[14:33:26] [INFO ]   Matched 291 / 292 traces
[14:33:26] [INFO ]   Bandpass filtering...
[14:33:26] [INFO ]   Computing seismic attributes...
[14:33:26] [INFO ]   Picking seafloor...
[14:33:26] [INFO ]   Seafloor depth: 4236–5043 m  (0 shallow traces masked)
[14:33:26] [INFO ]   Picking horizons...
[14:33:26] [INFO ]   Computing NCC coherence (slow)...
[14:33:26] [INFO ]   Saving CNN section image...
[14:33:26] [INFO ]   Saved: f287stks8_section_cnn.png  (2700x1500px)
[14:33:26] [INFO ]   Step 1 complete
[14:33:26] [INFO ] 
[14:33:26] [INFO ] STEP 2 — Fault detection
[14:33:26] [INFO ]   Mode: averaged SA (5 runs per seed)
[14:33:26] [INFO ]   Averaging SA over 5 runs per seed (1 seeds)
[14:33:29] [INFO ]     Seed 1/1 trace 154: avg_prob=0.617 [PASS]
[14:33:29] [INFO ]   Detected 0 high-confidence faults
[14:33:29] [INFO ]   Step 2 complete
[14:33:29] [INFO ] 
[14:33:29] [INFO ] STEP 3 — Bounding boxes
[14:33:29] [INFO ]   Generated 0 boxes
[14:33:29] [INFO ]   Step 3 complete
[14:33:29] [INFO ] 
[14:33:29] [INFO ] STEP 4 — Dataset building
[14:33:29] [INFO ]   Saving labeled review image...
[14:33:29] [INFO ]   Saved: f287stks8_labeled.png
[14:33:29] [INFO ]   Split: train
[14:33:29] [INFO ]   Added 0 annotations to train.json
[14:33:29] [INFO ]   train.json: 96 images, 34 annotations
[14:33:29] [INFO ]   val.json:   23 images,  6 annotations
[14:33:29] [INFO ]   Step 4 complete
[14:33:29] [INFO ] 
[14:33:29] [INFO ]   DONE  f287stks8  →  train  |  0 faults  |  0 boxes
[14:33:29] [INFO ] 
[14:33:29] [INFO ] ──────────────────────────────────────────────────
[14:33:29] [INFO ]   LINE: f287stks9
[14:33:29] [INFO ] ──────────────────────────────────────────────────
[14:33:29] [INFO ] Dataset  : namss.F-2-87-AA.mcs.airgun
[14:33:29] [INFO ] SGY      : ../../airgun_data/namss.F-2-87-AA.mcs.airgun/Data/f287stks9.sgy
[14:33:29] [INFO ] NAV      : ../../airgun_data/namss.F-2-87-AA.mcs.airgun/Navigation/f-2-87-aa_NAV-WGS84.csv
[14:33:29] [INFO ] SA mode  : averaged 5x 
[14:33:29] [INFO ] 
[14:33:29] [INFO ] STEP 1 — Feature extraction
[14:33:29] [INFO ]   Loading navigation...
[14:33:29] [INFO ]   Loading SEG-Y...
[14:33:29] [INFO ]   Traces: 1519  Samples: 2500  dt: 4.000 ms
[14:33:29] [INFO ]   Depth:  0.0 m → 7497.0 m
[14:33:29] [INFO ]   Matching traces to navigation...
[14:33:29] [INFO ]   NAV line matched via translation: 'f287stks9' -> 'F287-S9'
[14:33:30] [INFO ]   Matched 1518 / 1519 traces
[14:33:30] [INFO ]   Bandpass filtering...
[14:33:30] [INFO ]   Computing seismic attributes...
[14:33:30] [INFO ]   Picking seafloor...
[14:33:30] [INFO ]   Seafloor depth: 1077–6678 m  (0 shallow traces masked)
[14:33:30] [INFO ]   Picking horizons...
[14:33:30] [INFO ]   Computing NCC coherence (slow)...
[14:33:30] [INFO ]   Saving CNN section image...
[14:33:31] [INFO ]   Saved: f287stks9_section_cnn.png  (2700x1500px)
[14:33:31] [INFO ]   Step 1 complete
[14:33:31] [INFO ] 
[14:33:31] [INFO ] STEP 2 — Fault detection
[14:33:31] [INFO ]   Mode: averaged SA (5 runs per seed)
[14:33:31] [INFO ]   Averaging SA over 5 runs per seed (3 seeds)
[14:33:32] [INFO ]     Seed 1/3 trace 1403: avg_prob=0.750 [PASS]
[14:33:33] [INFO ]     Seed 2/3 trace 815: avg_prob=0.651 [PASS]
[14:33:35] [INFO ]     Seed 3/3 trace 1105: avg_prob=0.660 [PASS]
[14:33:35] [INFO ]   Detected 1 high-confidence faults
[14:33:35] [INFO ]     Fault  1 | trace ~ 1400 | prob=0.750
[14:33:35] [INFO ]   Step 2 complete
[14:33:35] [INFO ] 
[14:33:35] [INFO ] STEP 3 — Bounding boxes
[14:33:35] [INFO ]   Box  1 | [2324, 379, 314w, 132h px]
[14:33:35] [INFO ]   Generated 1 boxes
[14:33:35] [INFO ]   Step 3 complete
[14:33:35] [INFO ] 
[14:33:35] [INFO ] STEP 4 — Dataset building
[14:33:35] [INFO ]   Saving labeled review image...
[14:33:35] [INFO ]   Saved: f287stks9_labeled.png
[14:33:35] [INFO ]   Split: train
[14:33:35] [INFO ]   Added 1 annotations to train.json
[14:33:35] [INFO ]   train.json: 97 images, 35 annotations
[14:33:35] [INFO ]   val.json:   23 images,  6 annotations
[14:33:35] [INFO ]   Step 4 complete
[14:33:35] [INFO ] 
[14:33:35] [INFO ]   DONE  f287stks9  →  train  |  1 faults  |  1 boxes
[14:33:35] [INFO ] 
[14:33:35] [INFO ] ──────────────────────────────────────────────────
[14:33:35] [INFO ]   LINE: f387stk01
[14:33:35] [INFO ] ──────────────────────────────────────────────────
[14:33:35] [INFO ] Dataset  : namss.F-3-87-AA.mcs.airgun
[14:33:35] [INFO ] SGY      : ../../airgun_data/namss.F-3-87-AA.mcs.airgun/Data/f387stk01.sgy
[14:33:35] [INFO ] NAV      : ../../airgun_data/namss.F-3-87-AA.mcs.airgun/Navigation/f-3-87-aa_NAV-WGS84.csv
[14:33:35] [INFO ] SA mode  : averaged 5x 
[14:33:35] [INFO ] 
[14:33:35] [INFO ] STEP 1 — Feature extraction
[14:33:35] [INFO ]   Loading navigation...
[14:33:35] [INFO ]   Loading SEG-Y...
[14:33:35] [INFO ]   Traces: 3149  Samples: 3000  dt: 4.000 ms
[14:33:35] [INFO ]   Depth:  0.0 m → 8997.0 m
[14:33:35] [INFO ]   Matching traces to navigation...
[14:33:35] [INFO ]   NAV line matched via translation: 'f387stk01' -> 'F387-1'
[14:33:35] [INFO ]   Matched 3147 / 3149 traces
[14:33:35] [INFO ]   Bandpass filtering...
[14:33:35] [INFO ]   Computing seismic attributes...
[14:33:36] [INFO ]   Picking seafloor...
[14:33:36] [INFO ]   Seafloor depth: 0–5880 m  (268 shallow traces masked)
[14:33:36] [INFO ]   Picking horizons...
[14:33:36] [INFO ]   Computing NCC coherence (slow)...
[14:33:36] [INFO ]   Saving CNN section image...
[14:33:37] [INFO ]   Saved: f387stk01_section_cnn.png  (2700x1500px)
[14:33:37] [INFO ]   Step 1 complete
[14:33:37] [INFO ] 
[14:33:37] [INFO ] STEP 2 — Fault detection
[14:33:37] [INFO ]   Mode: averaged SA (5 runs per seed)
[14:33:38] [INFO ]   Averaging SA over 5 runs per seed (9 seeds)
[14:33:40] [INFO ]     Seed 1/9 trace 1949: avg_prob=0.630 [PASS]
[14:33:41] [INFO ]     Seed 2/9 trace 1071: avg_prob=0.686 [PASS]
[14:33:42] [INFO ]     Seed 3/9 trace 13: avg_prob=0.639 [PASS]
[14:33:43] [INFO ]     Seed 4/9 trace 3084: avg_prob=0.681 [PASS]
[14:33:44] [INFO ]     Seed 5/9 trace 2366: avg_prob=0.655 [PASS]
[14:33:46] [INFO ]     Seed 6/9 trace 284: avg_prob=0.632 [PASS]
[14:33:47] [INFO ]     Seed 7/9 trace 1340: avg_prob=0.684 [PASS]
[14:33:48] [INFO ]     Seed 8/9 trace 802: avg_prob=0.617 [PASS]
[14:33:49] [INFO ]     Seed 9/9 trace 2691: avg_prob=0.634 [PASS]
[14:33:49] [INFO ]   Detected 0 high-confidence faults
[14:33:49] [INFO ]   Step 2 complete
[14:33:49] [INFO ] 
[14:33:49] [INFO ] STEP 3 — Bounding boxes
[14:33:49] [INFO ]   Generated 0 boxes
[14:33:49] [INFO ]   Step 3 complete
[14:33:49] [INFO ] 
[14:33:49] [INFO ] STEP 4 — Dataset building
[14:33:49] [INFO ]   Saving labeled review image...
[14:33:49] [INFO ]   Saved: f387stk01_labeled.png
[14:33:49] [INFO ]   Split: train
[14:33:49] [INFO ]   Added 0 annotations to train.json
[14:33:49] [INFO ]   train.json: 98 images, 35 annotations
[14:33:49] [INFO ]   val.json:   23 images,  6 annotations
[14:33:49] [INFO ]   Step 4 complete
[14:33:49] [INFO ] 
[14:33:49] [INFO ]   DONE  f387stk01  →  train  |  0 faults  |  0 boxes
[14:33:49] [INFO ] 
[14:33:49] [INFO ] ──────────────────────────────────────────────────
[14:33:49] [INFO ]   LINE: f387stk02
[14:33:49] [INFO ] ──────────────────────────────────────────────────
[14:33:49] [INFO ] Dataset  : namss.F-3-87-AA.mcs.airgun
[14:33:49] [INFO ] SGY      : ../../airgun_data/namss.F-3-87-AA.mcs.airgun/Data/f387stk02.sgy
[14:33:49] [INFO ] NAV      : ../../airgun_data/namss.F-3-87-AA.mcs.airgun/Navigation/f-3-87-aa_NAV-WGS84.csv
[14:33:49] [INFO ] SA mode  : averaged 5x 
[14:33:49] [INFO ] 
[14:33:49] [INFO ] STEP 1 — Feature extraction
[14:33:49] [INFO ]   Loading navigation...
[14:33:49] [INFO ]   Loading SEG-Y...
[14:33:49] [INFO ]   Traces: 372  Samples: 3000  dt: 4.000 ms
[14:33:49] [INFO ]   Depth:  0.0 m → 8997.0 m
[14:33:49] [INFO ]   Matching traces to navigation...
[14:33:49] [INFO ]   NAV line matched via translation: 'f387stk02' -> 'F387-2'
[14:33:49] [INFO ]   Matched 371 / 372 traces
[14:33:49] [INFO ]   Bandpass filtering...
[14:33:49] [INFO ]   Computing seismic attributes...
[14:33:49] [INFO ]   Picking seafloor...
[14:33:49] [INFO ]   Seafloor depth: 3444–4041 m  (0 shallow traces masked)
[14:33:49] [INFO ]   Picking horizons...
[14:33:49] [INFO ]   Computing NCC coherence (slow)...
[14:33:50] [INFO ]   Saving CNN section image...
[14:33:50] [INFO ]   Saved: f387stk02_section_cnn.png  (2700x1500px)
[14:33:50] [INFO ]   Step 1 complete
[14:33:50] [INFO ] 
[14:33:50] [INFO ] STEP 2 — Fault detection
[14:33:50] [INFO ]   Mode: averaged SA (5 runs per seed)
[14:33:50] [INFO ]   Averaging SA over 5 runs per seed (2 seeds)
[14:33:51] [INFO ]     Seed 1/2 trace 30: avg_prob=0.794 [PASS]
[14:33:52] [INFO ]     Seed 2/2 trace 353: avg_prob=0.759 [PASS]
[14:33:52] [INFO ]   Detected 2 high-confidence faults
[14:33:52] [INFO ]     Fault  1 | trace ~   21 | prob=0.794
[14:33:52] [INFO ]     Fault  2 | trace ~  339 | prob=0.759
[14:33:52] [INFO ]   Step 2 complete
[14:33:52] [INFO ] 
[14:33:52] [INFO ] STEP 3 — Bounding boxes
[14:33:52] [INFO ]   Box  1 | [0, 644, 735w, 117h px]
[14:33:52] [INFO ]   Box  2 | [1974, 662, 726w, 114h px]
[14:33:52] [INFO ]   Generated 2 boxes
[14:33:52] [INFO ]   Step 3 complete
[14:33:52] [INFO ] 
[14:33:52] [INFO ] STEP 4 — Dataset building
[14:33:52] [INFO ]   Saving labeled review image...
[14:33:52] [INFO ]   Saved: f387stk02_labeled.png
[14:33:52] [INFO ]   Split: val
[14:33:52] [INFO ]   Added 2 annotations to val.json
[14:33:52] [INFO ]   train.json: 98 images, 35 annotations
[14:33:52] [INFO ]   val.json:   24 images,  8 annotations
[14:33:52] [INFO ]   Step 4 complete
[14:33:52] [INFO ] 
[14:33:52] [INFO ]   DONE  f387stk02  →  val  |  2 faults  |  2 boxes
[14:33:52] [INFO ] 
[14:33:52] [INFO ] ──────────────────────────────────────────────────
[14:33:52] [INFO ]   LINE: f387stk03
[14:33:52] [INFO ] ──────────────────────────────────────────────────
[14:33:52] [INFO ] Dataset  : namss.F-3-87-AA.mcs.airgun
[14:33:52] [INFO ] SGY      : ../../airgun_data/namss.F-3-87-AA.mcs.airgun/Data/f387stk03.sgy
[14:33:52] [INFO ] NAV      : ../../airgun_data/namss.F-3-87-AA.mcs.airgun/Navigation/f-3-87-aa_NAV-WGS84.csv
[14:33:52] [INFO ] SA mode  : averaged 5x 
[14:33:52] [INFO ] 
[14:33:52] [INFO ] STEP 1 — Feature extraction
[14:33:52] [INFO ]   Loading navigation...
[14:33:53] [INFO ]   Loading SEG-Y...
[14:33:53] [INFO ]   Traces: 3956  Samples: 3000  dt: 4.000 ms
[14:33:53] [INFO ]   Depth:  0.0 m → 8997.0 m
[14:33:53] [INFO ]   Matching traces to navigation...
[14:33:53] [INFO ]   NAV line matched via translation: 'f387stk03' -> 'F387-3'
[14:33:53] [INFO ]   Matched 3954 / 3956 traces
[14:33:53] [INFO ]   Bandpass filtering...
[14:33:53] [INFO ]   Computing seismic attributes...
[14:33:54] [INFO ]   Picking seafloor...
[14:33:54] [INFO ]   Seafloor depth: 4068–5721 m  (0 shallow traces masked)
[14:33:54] [INFO ]   Picking horizons...
[14:33:54] [INFO ]   Computing NCC coherence (slow)...
[14:33:55] [INFO ]   Saving CNN section image...
[14:34:09] [INFO ]   Saved: f387stk03_section_cnn.png  (2700x1500px)
[14:34:09] [INFO ]   Step 1 complete
[14:34:09] [INFO ] 
[14:34:09] [INFO ] STEP 2 — Fault detection
[14:34:09] [INFO ]   Mode: averaged SA (5 runs per seed)
[14:34:11] [INFO ]   Averaging SA over 5 runs per seed (12 seeds)
[14:34:12] [INFO ]     Seed 1/12 trace 707: avg_prob=0.707 [PASS]
[14:34:13] [INFO ]     Seed 2/12 trace 361: avg_prob=0.696 [PASS]
[14:34:15] [INFO ]     Seed 3/12 trace 3487: avg_prob=0.701 [PASS]
[14:34:16] [INFO ]     Seed 4/12 trace 2143: avg_prob=0.690 [PASS]
[14:34:29] [INFO ]     Seed 5/12 trace 1341: avg_prob=0.676 [PASS]
[14:34:30] [INFO ]     Seed 6/12 trace 920: avg_prob=0.695 [PASS]
[14:34:31] [INFO ]     Seed 7/12 trace 1802: avg_prob=0.646 [PASS]
[14:34:32] [INFO ]     Seed 8/12 trace 156: avg_prob=0.694 [PASS]
[14:34:34] [INFO ]     Seed 9/12 trace 3094: avg_prob=0.676 [PASS]
[14:34:35] [INFO ]     Seed 10/12 trace 1552: avg_prob=0.653 [PASS]
[14:34:36] [INFO ]     Seed 11/12 trace 2445: avg_prob=0.674 [PASS]
[14:34:37] [INFO ]     Seed 12/12 trace 3914: avg_prob=0.677 [PASS]
[14:34:37] [INFO ]   Detected 0 high-confidence faults
[14:34:37] [INFO ]   Step 2 complete
[14:34:37] [INFO ] 
[14:34:37] [INFO ] STEP 3 — Bounding boxes
[14:34:37] [INFO ]   Generated 0 boxes
[14:34:37] [INFO ]   Step 3 complete
[14:34:37] [INFO ] 
[14:34:37] [INFO ] STEP 4 — Dataset building
[14:34:37] [INFO ]   Saving labeled review image...
[14:34:37] [INFO ]   Saved: f387stk03_labeled.png
[14:34:37] [INFO ]   Split: train
[14:34:37] [INFO ]   Added 0 annotations to train.json
[14:34:37] [INFO ]   train.json: 99 images, 35 annotations
[14:34:37] [INFO ]   val.json:   24 images,  8 annotations
[14:34:37] [INFO ]   Step 4 complete
[14:34:37] [INFO ] 
[14:34:37] [INFO ]   DONE  f387stk03  →  train  |  0 faults  |  0 boxes
[14:34:37] [INFO ] 
[14:34:37] [INFO ] ──────────────────────────────────────────────────
[14:34:37] [INFO ]   LINE: f387stk04
[14:34:37] [INFO ] ──────────────────────────────────────────────────
[14:34:37] [INFO ] Dataset  : namss.F-3-87-AA.mcs.airgun
[14:34:37] [INFO ] SGY      : ../../airgun_data/namss.F-3-87-AA.mcs.airgun/Data/f387stk04.sgy
[14:34:37] [INFO ] NAV      : ../../airgun_data/namss.F-3-87-AA.mcs.airgun/Navigation/f-3-87-aa_NAV-WGS84.csv
[14:34:37] [INFO ] SA mode  : averaged 5x 
[14:34:37] [INFO ] 
[14:34:37] [INFO ] STEP 1 — Feature extraction
[14:34:37] [INFO ]   Loading navigation...
[14:34:37] [INFO ]   Loading SEG-Y...
[14:34:37] [INFO ]   Traces: 702  Samples: 3000  dt: 4.000 ms
[14:34:37] [INFO ]   Depth:  0.0 m → 8997.0 m
[14:34:37] [INFO ]   Matching traces to navigation...
[14:34:37] [INFO ]   NAV line matched via translation: 'f387stk04' -> 'F387-4'
[14:34:37] [INFO ]   Matched 701 / 702 traces
[14:34:37] [INFO ]   Bandpass filtering...
[14:34:38] [INFO ]   Computing seismic attributes...
[14:34:38] [INFO ]   Picking seafloor...
[14:34:38] [INFO ]   Seafloor depth: 4551–5088 m  (0 shallow traces masked)
[14:34:38] [INFO ]   Picking horizons...
[14:34:38] [INFO ]   Computing NCC coherence (slow)...
[14:34:38] [INFO ]   Saving CNN section image...
[14:34:38] [INFO ]   Saved: f387stk04_section_cnn.png  (2700x1500px)
[14:34:38] [INFO ]   Step 1 complete
[14:34:38] [INFO ] 
[14:34:38] [INFO ] STEP 2 — Fault detection
[14:34:38] [INFO ]   Mode: averaged SA (5 runs per seed)
[14:34:38] [INFO ]   Averaging SA over 5 runs per seed (3 seeds)
[14:34:40] [INFO ]     Seed 1/3 trace 389: avg_prob=0.692 [PASS]
[14:34:44] [INFO ]     Seed 2/3 trace 633: avg_prob=0.704 [PASS]
[14:34:46] [INFO ]     Seed 3/3 trace 146: avg_prob=0.724 [PASS]
[14:34:46] [INFO ]   Detected 0 high-confidence faults
[14:34:46] [INFO ]   Step 2 complete
[14:34:46] [INFO ] 
[14:34:46] [INFO ] STEP 3 — Bounding boxes
[14:34:46] [INFO ]   Generated 0 boxes
[14:34:46] [INFO ]   Step 3 complete
[14:34:46] [INFO ] 
[14:34:46] [INFO ] STEP 4 — Dataset building
[14:34:46] [INFO ]   Saving labeled review image...
[14:34:46] [INFO ]   Saved: f387stk04_labeled.png
[14:34:46] [INFO ]   Split: train
[14:34:46] [INFO ]   Added 0 annotations to train.json
[14:34:46] [INFO ]   train.json: 100 images, 35 annotations
[14:34:46] [INFO ]   val.json:   24 images,  8 annotations
[14:34:46] [INFO ]   Step 4 complete
[14:34:46] [INFO ] 
[14:34:46] [INFO ]   DONE  f387stk04  →  train  |  0 faults  |  0 boxes
[14:34:46] [INFO ] 
[14:34:46] [INFO ] ──────────────────────────────────────────────────
[14:34:46] [INFO ]   LINE: f387stk05
[14:34:46] [INFO ] ──────────────────────────────────────────────────
[14:34:46] [INFO ] Dataset  : namss.F-3-87-AA.mcs.airgun
[14:34:46] [INFO ] SGY      : ../../airgun_data/namss.F-3-87-AA.mcs.airgun/Data/f387stk05.sgy
[14:34:46] [INFO ] NAV      : ../../airgun_data/namss.F-3-87-AA.mcs.airgun/Navigation/f-3-87-aa_NAV-WGS84.csv
[14:34:46] [INFO ] SA mode  : averaged 5x 
[14:34:46] [INFO ] 
[14:34:46] [INFO ] STEP 1 — Feature extraction
[14:34:46] [INFO ]   Loading navigation...
[14:34:46] [INFO ]   Loading SEG-Y...
[14:34:46] [INFO ]   Traces: 2998  Samples: 3000  dt: 4.000 ms
[14:34:46] [INFO ]   Depth:  0.0 m → 8997.0 m
[14:34:46] [INFO ]   Matching traces to navigation...
[14:34:46] [INFO ]   NAV line matched via translation: 'f387stk05' -> 'F387-5'
[14:34:46] [INFO ]   Matched 2995 / 2998 traces
[14:34:46] [INFO ]   Bandpass filtering...
[14:34:46] [INFO ]   Computing seismic attributes...
[14:34:47] [INFO ]   Picking seafloor...
[14:34:47] [INFO ]   Seafloor depth: 0–3864 m  (350 shallow traces masked)
[14:34:47] [INFO ]   Picking horizons...
[14:34:47] [INFO ]   Computing NCC coherence (slow)...
[14:34:47] [INFO ]   Saving CNN section image...
[14:34:48] [INFO ]   Saved: f387stk05_section_cnn.png  (2700x1500px)
[14:34:48] [INFO ]   Step 1 complete
[14:34:48] [INFO ] 
[14:34:48] [INFO ] STEP 2 — Fault detection
[14:34:48] [INFO ]   Mode: averaged SA (5 runs per seed)
[14:34:49] [INFO ]   Averaging SA over 5 runs per seed (9 seeds)
[14:34:50] [INFO ]     Seed 1/9 trace 2473: avg_prob=0.668 [PASS]
[14:34:52] [INFO ]     Seed 2/9 trace 98: avg_prob=0.662 [PASS]
[14:35:03] [INFO ]     Seed 3/9 trace 2123: avg_prob=0.648 [PASS]
[14:35:04] [INFO ]     Seed 4/9 trace 1591: avg_prob=0.497 [PASS]
[14:35:05] [INFO ]     Seed 5/9 trace 1805: avg_prob=0.636 [PASS]
[14:35:06] [INFO ]     Seed 6/9 trace 618: avg_prob=0.649 [PASS]
[14:35:08] [INFO ]     Seed 7/9 trace 1247: avg_prob=0.665 [PASS]
[14:35:09] [INFO ]     Seed 8/9 trace 2932: avg_prob=0.636 [PASS]
[14:35:10] [INFO ]     Seed 9/9 trace 2713: avg_prob=0.643 [PASS]
[14:35:10] [INFO ]   Detected 0 high-confidence faults
[14:35:10] [INFO ]   Step 2 complete
[14:35:10] [INFO ] 
[14:35:10] [INFO ] STEP 3 — Bounding boxes
[14:35:10] [INFO ]   Generated 0 boxes
[14:35:10] [INFO ]   Step 3 complete
[14:35:10] [INFO ] 
[14:35:10] [INFO ] STEP 4 — Dataset building
[14:35:10] [INFO ]   Saving labeled review image...
[14:35:10] [INFO ]   Saved: f387stk05_labeled.png
[14:35:10] [INFO ]   Split: train
[14:35:10] [INFO ]   Added 0 annotations to train.json
[14:35:10] [INFO ]   train.json: 101 images, 35 annotations
[14:35:10] [INFO ]   val.json:   24 images,  8 annotations
[14:35:10] [INFO ]   Step 4 complete
[14:35:10] [INFO ] 
[14:35:10] [INFO ]   DONE  f387stk05  →  train  |  0 faults  |  0 boxes
[14:35:10] [INFO ] 
[14:35:10] [INFO ] ──────────────────────────────────────────────────
[14:35:10] [INFO ]   LINE: f387stk06
[14:35:10] [INFO ] ──────────────────────────────────────────────────
[14:35:10] [INFO ] Dataset  : namss.F-3-87-AA.mcs.airgun
[14:35:10] [INFO ] SGY      : ../../airgun_data/namss.F-3-87-AA.mcs.airgun/Data/f387stk06.sgy
[14:35:10] [INFO ] NAV      : ../../airgun_data/namss.F-3-87-AA.mcs.airgun/Navigation/f-3-87-aa_NAV-WGS84.csv
[14:35:10] [INFO ] SA mode  : averaged 5x 
[14:35:10] [INFO ] 
[14:35:10] [INFO ] STEP 1 — Feature extraction
[14:35:10] [INFO ]   Loading navigation...
[14:35:10] [INFO ]   Loading SEG-Y...
[14:35:10] [INFO ]   Traces: 813  Samples: 3000  dt: 4.000 ms
[14:35:10] [INFO ]   Depth:  0.0 m → 8997.0 m
[14:35:10] [INFO ]   Matching traces to navigation...
[14:35:10] [INFO ]   NAV line matched via translation: 'f387stk06' -> 'F387-6'
[14:35:10] [INFO ]   Matched 812 / 813 traces
[14:35:10] [INFO ]   Bandpass filtering...
[14:35:10] [INFO ]   Computing seismic attributes...
[14:35:10] [INFO ]   Picking seafloor...
[14:35:11] [INFO ]   Seafloor depth: 3645–4962 m  (0 shallow traces masked)
[14:35:11] [INFO ]   Picking horizons...
[14:35:11] [INFO ]   Computing NCC coherence (slow)...
[14:35:11] [INFO ]   Saving CNN section image...
[14:35:11] [INFO ]   Saved: f387stk06_section_cnn.png  (2700x1500px)
[14:35:11] [INFO ]   Step 1 complete
[14:35:11] [INFO ] 
[14:35:11] [INFO ] STEP 2 — Fault detection
[14:35:11] [INFO ]   Mode: averaged SA (5 runs per seed)
[14:35:11] [INFO ]   Averaging SA over 5 runs per seed (3 seeds)
[14:35:13] [INFO ]     Seed 1/3 trace 379: avg_prob=0.752 [PASS]
[14:35:14] [INFO ]     Seed 2/3 trace 670: avg_prob=0.771 [PASS]
[14:35:24] [INFO ]     Seed 3/3 trace 26: avg_prob=0.750 [PASS]
[14:35:24] [INFO ]   Detected 2 high-confidence faults
[14:35:24] [INFO ]     Fault  1 | trace ~  377 | prob=0.752
[14:35:24] [INFO ]     Fault  2 | trace ~  671 | prob=0.771
[14:35:24] [INFO ]   Step 2 complete
[14:35:24] [INFO ] 
[14:35:24] [INFO ] STEP 3 — Bounding boxes
[14:35:24] [INFO ]   Box  1 | [955, 759, 610w, 119h px]
[14:35:24] [INFO ]   Box  2 | [2046, 739, 373w, 119h px]
[14:35:24] [INFO ]   Generated 2 boxes
[14:35:24] [INFO ]   Step 3 complete
[14:35:24] [INFO ] 
[14:35:24] [INFO ] STEP 4 — Dataset building
[14:35:24] [INFO ]   Saving labeled review image...
[14:35:24] [INFO ]   Saved: f387stk06_labeled.png
[14:35:24] [INFO ]   Split: train
[14:35:24] [INFO ]   Added 2 annotations to train.json
[14:35:24] [INFO ]   train.json: 102 images, 37 annotations
[14:35:24] [INFO ]   val.json:   24 images,  8 annotations
[14:35:24] [INFO ]   Step 4 complete
[14:35:24] [INFO ] 
[14:35:24] [INFO ]   DONE  f387stk06  →  train  |  2 faults  |  2 boxes
[14:35:24] [INFO ] 
[14:35:24] [INFO ] ──────────────────────────────────────────────────
[14:35:24] [INFO ]   LINE: f387stk07
[14:35:24] [INFO ] ──────────────────────────────────────────────────
[14:35:24] [INFO ] Dataset  : namss.F-3-87-AA.mcs.airgun
[14:35:24] [INFO ] SGY      : ../../airgun_data/namss.F-3-87-AA.mcs.airgun/Data/f387stk07.sgy
[14:35:24] [INFO ] NAV      : ../../airgun_data/namss.F-3-87-AA.mcs.airgun/Navigation/f-3-87-aa_NAV-WGS84.csv
[14:35:24] [INFO ] SA mode  : averaged 5x 
[14:35:24] [INFO ] 
[14:35:24] [INFO ] STEP 1 — Feature extraction
[14:35:24] [INFO ]   Loading navigation...
[14:35:24] [INFO ]   Loading SEG-Y...
[14:35:24] [INFO ]   Traces: 6280  Samples: 3000  dt: 4.000 ms
[14:35:24] [INFO ]   Depth:  0.0 m → 8997.0 m
[14:35:24] [INFO ]   Matching traces to navigation...
[14:35:24] [INFO ]   NAV line matched via translation: 'f387stk07' -> 'F387-7'
[14:35:25] [INFO ]   Matched 6210 / 6280 traces
[14:35:25] [INFO ]   Bandpass filtering...
[14:35:25] [INFO ]   Computing seismic attributes...
[14:35:26] [INFO ]   Picking seafloor...
[14:35:27] [INFO ]   Seafloor depth: 3000–4527 m  (0 shallow traces masked)
[14:35:27] [INFO ]   Picking horizons...
[14:35:27] [INFO ]   Computing NCC coherence (slow)...
[14:35:27] [INFO ]   Saving CNN section image...
[14:35:29] [INFO ]   Saved: f387stk07_section_cnn.png  (2700x1500px)
[14:35:29] [INFO ]   Step 1 complete
[14:35:29] [INFO ] 
[14:35:29] [INFO ] STEP 2 — Fault detection
[14:35:29] [INFO ]   Mode: averaged SA (5 runs per seed)
[14:35:51] [INFO ]   Averaging SA over 5 runs per seed (17 seeds)
[14:35:52] [INFO ]     Seed 1/17 trace 6132: avg_prob=0.662 [PASS]
[14:35:53] [INFO ]     Seed 2/17 trace 4243: avg_prob=0.558 [PASS]
[14:35:54] [INFO ]     Seed 3/17 trace 1721: avg_prob=0.320 [FAIL]
[14:35:56] [INFO ]     Seed 4/17 trace 618: avg_prob=0.560 [PASS]
[14:35:57] [INFO ]     Seed 5/17 trace 3559: avg_prob=0.556 [PASS]
[14:35:58] [INFO ]     Seed 6/17 trace 3218: avg_prob=0.547 [PASS]
[14:35:59] [INFO ]     Seed 7/17 trace 984: avg_prob=0.568 [PASS]
[14:36:01] [INFO ]     Seed 8/17 trace 4697: avg_prob=0.244 [FAIL]
[14:36:12] [INFO ]     Seed 9/17 trace 5597: avg_prob=0.286 [FAIL]
[14:36:14] [INFO ]     Seed 10/17 trace 367: avg_prob=0.549 [PASS]
[14:36:15] [INFO ]     Seed 11/17 trace 1301: avg_prob=0.537 [PASS]
[14:36:16] [INFO ]     Seed 12/17 trace 2705: avg_prob=0.531 [PASS]
[14:36:17] [INFO ]     Seed 13/17 trace 129: avg_prob=0.539 [PASS]
[14:36:19] [INFO ]     Seed 14/17 trace 2958: avg_prob=0.526 [PASS]
[14:36:20] [INFO ]     Seed 15/17 trace 2344: avg_prob=0.514 [PASS]
[14:36:21] [INFO ]     Seed 16/17 trace 4021: avg_prob=0.518 [PASS]
[14:36:22] [INFO ]     Seed 17/17 trace 3786: avg_prob=0.512 [PASS]
[14:36:22] [INFO ]   Detected 0 high-confidence faults
[14:36:22] [INFO ]   Step 2 complete
[14:36:22] [INFO ] 
[14:36:22] [INFO ] STEP 3 — Bounding boxes
[14:36:22] [INFO ]   Generated 0 boxes
[14:36:22] [INFO ]   Step 3 complete
[14:36:22] [INFO ] 
[14:36:22] [INFO ] STEP 4 — Dataset building
[14:36:22] [INFO ]   Saving labeled review image...
[14:36:22] [INFO ]   Saved: f387stk07_labeled.png
[14:36:22] [INFO ]   Split: val
[14:36:22] [INFO ]   Added 0 annotations to val.json
[14:36:22] [INFO ]   train.json: 102 images, 37 annotations
[14:36:22] [INFO ]   val.json:   25 images,  8 annotations
[14:36:22] [INFO ]   Step 4 complete
[14:36:22] [INFO ] 
[14:36:22] [INFO ]   DONE  f387stk07  →  val  |  0 faults  |  0 boxes
[14:36:22] [INFO ] 
[14:36:22] [INFO ] ──────────────────────────────────────────────────
[14:36:22] [INFO ]   LINE: f387stk07_3150
[14:36:22] [INFO ] ──────────────────────────────────────────────────
[14:36:22] [INFO ] Dataset  : namss.F-3-87-AA.mcs.airgun
[14:36:22] [INFO ] SGY      : ../../airgun_data/namss.F-3-87-AA.mcs.airgun/Data/f387stk07_3150.sgy
[14:36:22] [INFO ] NAV      : ../../airgun_data/namss.F-3-87-AA.mcs.airgun/Navigation/f-3-87-aa_NAV-WGS84.csv
[14:36:22] [INFO ] SA mode  : averaged 5x 
[14:36:22] [INFO ] 
[14:36:22] [INFO ] STEP 1 — Feature extraction
[14:36:22] [INFO ]   Loading navigation...
[14:36:22] [INFO ]   Loading SEG-Y...
[14:36:23] [INFO ]   Traces: 6279  Samples: 3000  dt: 4.000 ms
[14:36:23] [INFO ]   Depth:  0.0 m → 8997.0 m
[14:36:23] [INFO ]   Matching traces to navigation...
[14:36:23] [WARN ]   NAV match failed for 'f387stk07_3150'. Tried: ['f387stk07_3150', 'F387-7_3150', 'f387stk07']. Available: ['F387-1', 'F387-10', 'F387-11', 'F387-12', 'F387-13', 'F387-14', 'F387-15', 'F387-16', 'F387-17', 'F387-18', 'F387-19', 'F387-2', 'F387-20', 'F387-21', 'F387-22', 'F387-23', 'F387-24', 'F387-25', 'F387-26', 'F387-27', 'F387-28', 'F387-29', 'F387-3', 'F387-30', 'F387-31', 'F387-32', 'F387-33', 'F387-34', 'F387-35', 'F387-4', 'F387-5', 'F387-6', 'F387-7', 'F387-8', 'F387-9']
[14:36:23] [ERROR] SKIPPING f387stk07_3150 (namss.F-3-87-AA.mcs.airgun): No NAV line matched 'f387stk07_3150'. Tried: ['f387stk07_3150', 'F387-7_3150', 'f387stk07'].
[14:36:23] [ERROR]   Traceback (most recent call last):
[14:36:23] [ERROR]     File "/Users/lennylukach/Personal/School/CS4100/namss/pipeline/src/pipeline.py", line 848, in <module>
[14:36:23] [ERROR]       process_line(line, sgy_path, nav_path, dataset)
[14:36:23] [ERROR]     File "/Users/lennylukach/Personal/School/CS4100/namss/pipeline/src/pipeline.py", line 415, in process_line
[14:36:23] [ERROR]       line_nav = resolve_nav_line(line, nav, log_fn=log)
[14:36:23] [ERROR]     File "/Users/lennylukach/Personal/School/CS4100/namss/pipeline/src/pipeline.py", line 230, in resolve_nav_line
[14:36:23] [ERROR]       raise RuntimeError(
[14:36:23] [ERROR]   RuntimeError: No NAV line matched 'f387stk07_3150'. Tried: ['f387stk07_3150', 'F387-7_3150', 'f387stk07'].
[14:36:23] [INFO ] 
[14:36:23] [INFO ] ──────────────────────────────────────────────────
[14:36:23] [INFO ]   LINE: f387stk08
[14:36:23] [INFO ] ──────────────────────────────────────────────────
[14:36:23] [INFO ] Dataset  : namss.F-3-87-AA.mcs.airgun
[14:36:23] [INFO ] SGY      : ../../airgun_data/namss.F-3-87-AA.mcs.airgun/Data/f387stk08.sgy
[14:36:23] [INFO ] NAV      : ../../airgun_data/namss.F-3-87-AA.mcs.airgun/Navigation/f-3-87-aa_NAV-WGS84.csv
[14:36:23] [INFO ] SA mode  : averaged 5x 
[14:36:23] [INFO ] 
[14:36:23] [INFO ] STEP 1 — Feature extraction
[14:36:23] [INFO ]   Loading navigation...
[14:36:23] [INFO ]   Loading SEG-Y...
[14:36:23] [INFO ]   Traces: 734  Samples: 3000  dt: 4.000 ms
[14:36:23] [INFO ]   Depth:  0.0 m → 8997.0 m
[14:36:23] [INFO ]   Matching traces to navigation...
[14:36:23] [INFO ]   NAV line matched via translation: 'f387stk08' -> 'F387-8'
[14:36:23] [INFO ]   Matched 732 / 734 traces
[14:36:23] [INFO ]   Bandpass filtering...
[14:36:23] [INFO ]   Computing seismic attributes...
[14:36:23] [INFO ]   Picking seafloor...
[14:36:23] [INFO ]   Seafloor depth: 4500–4554 m  (0 shallow traces masked)
[14:36:23] [INFO ]   Picking horizons...
[14:36:23] [INFO ]   Computing NCC coherence (slow)...
[14:36:23] [INFO ]   Saving CNN section image...
[14:36:23] [INFO ]   Saved: f387stk08_section_cnn.png  (2700x1500px)
[14:36:23] [INFO ]   Step 1 complete
[14:36:23] [INFO ] 
[14:36:23] [INFO ] STEP 2 — Fault detection
[14:36:23] [INFO ]   Mode: averaged SA (5 runs per seed)
[14:36:24] [INFO ]   Averaging SA over 5 runs per seed (3 seeds)
[14:36:25] [INFO ]     Seed 1/3 trace 402: avg_prob=0.730 [PASS]
[14:36:30] [INFO ]     Seed 2/3 trace 44: avg_prob=0.710 [PASS]
[14:36:32] [INFO ]     Seed 3/3 trace 664: avg_prob=0.699 [PASS]
[14:36:32] [INFO ]   Detected 0 high-confidence faults
[14:36:32] [INFO ]   Step 2 complete
[14:36:32] [INFO ] 
[14:36:32] [INFO ] STEP 3 — Bounding boxes
[14:36:32] [INFO ]   Generated 0 boxes
[14:36:32] [INFO ]   Step 3 complete
[14:36:32] [INFO ] 
[14:36:32] [INFO ] STEP 4 — Dataset building
[14:36:32] [INFO ]   Saving labeled review image...
[14:36:32] [INFO ]   Saved: f387stk08_labeled.png
[14:36:32] [INFO ]   Split: train
[14:36:32] [INFO ]   Added 0 annotations to train.json
[14:36:32] [INFO ]   train.json: 103 images, 37 annotations
[14:36:32] [INFO ]   val.json:   25 images,  8 annotations
[14:36:32] [INFO ]   Step 4 complete
[14:36:32] [INFO ] 
[14:36:32] [INFO ]   DONE  f387stk08  →  train  |  0 faults  |  0 boxes
[14:36:32] [INFO ] 
[14:36:32] [INFO ] ──────────────────────────────────────────────────
[14:36:32] [INFO ]   LINE: f387stk09
[14:36:32] [INFO ] ──────────────────────────────────────────────────
[14:36:32] [INFO ] Dataset  : namss.F-3-87-AA.mcs.airgun
[14:36:32] [INFO ] SGY      : ../../airgun_data/namss.F-3-87-AA.mcs.airgun/Data/f387stk09.sgy
[14:36:32] [INFO ] NAV      : ../../airgun_data/namss.F-3-87-AA.mcs.airgun/Navigation/f-3-87-aa_NAV-WGS84.csv
[14:36:32] [INFO ] SA mode  : averaged 5x 
[14:36:32] [INFO ] 
[14:36:32] [INFO ] STEP 1 — Feature extraction
[14:36:32] [INFO ]   Loading navigation...
[14:36:32] [INFO ]   Loading SEG-Y...
[14:36:32] [INFO ]   Traces: 7811  Samples: 3000  dt: 4.000 ms
[14:36:32] [INFO ]   Depth:  0.0 m → 8997.0 m
[14:36:32] [INFO ]   Matching traces to navigation...
[14:36:32] [INFO ]   NAV line matched via translation: 'f387stk09' -> 'F387-9'
[14:36:33] [INFO ]   Matched 7810 / 7811 traces
[14:36:33] [INFO ]   Bandpass filtering...
[14:36:33] [INFO ]   Computing seismic attributes...
[14:36:34] [INFO ]   Picking seafloor...
[14:36:35] [INFO ]   Seafloor depth: 2517–5985 m  (0 shallow traces masked)
[14:36:35] [INFO ]   Picking horizons...
[14:36:35] [INFO ]   Computing NCC coherence (slow)...
[14:36:36] [INFO ]   Saving CNN section image...
[14:36:38] [INFO ]   Saved: f387stk09_section_cnn.png  (2700x1500px)
[14:36:38] [INFO ]   Step 1 complete
[14:36:38] [INFO ] 
[14:36:38] [INFO ] STEP 2 — Fault detection
[14:36:38] [INFO ]   Mode: averaged SA (5 runs per seed)
[14:36:44] [INFO ]   Averaging SA over 5 runs per seed (22 seeds)
[14:36:46] [INFO ]     Seed 1/22 trace 5689: avg_prob=0.657 [PASS]
[14:36:47] [INFO ]     Seed 2/22 trace 496: avg_prob=0.737 [PASS]
[14:36:48] [INFO ]     Seed 3/22 trace 7082: avg_prob=0.659 [PASS]
[14:36:49] [INFO ]     Seed 4/22 trace 68: avg_prob=0.664 [PASS]
[14:36:50] [INFO ]     Seed 5/22 trace 6398: avg_prob=0.700 [PASS]
[14:36:52] [INFO ]     Seed 6/22 trace 4910: avg_prob=0.708 [PASS]
[14:36:53] [INFO ]     Seed 7/22 trace 3749: avg_prob=0.580 [PASS]
[14:36:54] [INFO ]     Seed 8/22 trace 4013: avg_prob=0.632 [PASS]
[14:36:55] [INFO ]     Seed 9/22 trace 1750: avg_prob=0.643 [PASS]
[14:36:57] [INFO ]     Seed 10/22 trace 7570: avg_prob=0.636 [PASS]
[14:36:58] [INFO ]     Seed 11/22 trace 6844: avg_prob=0.651 [PASS]
[14:36:59] [INFO ]     Seed 12/22 trace 2993: avg_prob=0.638 [PASS]
[14:37:00] [INFO ]     Seed 13/22 trace 7302: avg_prob=0.634 [PASS]
[14:37:02] [INFO ]     Seed 14/22 trace 4305: avg_prob=0.577 [PASS]
[14:37:24] [INFO ]     Seed 15/22 trace 291: avg_prob=0.664 [PASS]
[14:37:25] [INFO ]     Seed 16/22 trace 5319: avg_prob=0.643 [PASS]
[14:37:26] [INFO ]     Seed 17/22 trace 731: avg_prob=0.636 [PASS]
[14:37:28] [INFO ]     Seed 18/22 trace 3524: avg_prob=0.632 [PASS]
[14:37:29] [INFO ]     Seed 19/22 trace 1051: avg_prob=0.460 [PASS]
[14:37:30] [INFO ]     Seed 20/22 trace 2331: avg_prob=0.606 [PASS]
[14:37:37] [INFO ]     Seed 21/22 trace 2547: avg_prob=0.640 [PASS]
[14:37:39] [INFO ]     Seed 22/22 trace 1979: avg_prob=0.627 [PASS]
[14:37:39] [INFO ]   Detected 0 high-confidence faults
[14:37:39] [INFO ]   Step 2 complete
[14:37:39] [INFO ] 
[14:37:39] [INFO ] STEP 3 — Bounding boxes
[14:37:39] [INFO ]   Generated 0 boxes
[14:37:39] [INFO ]   Step 3 complete
[14:37:39] [INFO ] 
[14:37:39] [INFO ] STEP 4 — Dataset building
[14:37:39] [INFO ]   Saving labeled review image...
[14:37:39] [INFO ]   Saved: f387stk09_labeled.png
[14:37:39] [INFO ]   Split: train
[14:37:39] [INFO ]   Added 0 annotations to train.json
[14:37:39] [INFO ]   train.json: 104 images, 37 annotations
[14:37:39] [INFO ]   val.json:   25 images,  8 annotations
[14:37:39] [INFO ]   Step 4 complete
[14:37:39] [INFO ] 
[14:37:39] [INFO ]   DONE  f387stk09  →  train  |  0 faults  |  0 boxes
[14:37:39] [INFO ] 
[14:37:39] [INFO ] ──────────────────────────────────────────────────
[14:37:39] [INFO ]   LINE: f387stk10
[14:37:39] [INFO ] ──────────────────────────────────────────────────
[14:37:39] [INFO ] Dataset  : namss.F-3-87-AA.mcs.airgun
[14:37:39] [INFO ] SGY      : ../../airgun_data/namss.F-3-87-AA.mcs.airgun/Data/f387stk10.sgy
[14:37:39] [INFO ] NAV      : ../../airgun_data/namss.F-3-87-AA.mcs.airgun/Navigation/f-3-87-aa_NAV-WGS84.csv
[14:37:39] [INFO ] SA mode  : averaged 5x 
[14:37:39] [INFO ] 
[14:37:39] [INFO ] STEP 1 — Feature extraction
[14:37:39] [INFO ]   Loading navigation...
[14:37:39] [INFO ]   Loading SEG-Y...
[14:37:39] [ERROR] SKIPPING f387stk10 (namss.F-3-87-AA.mcs.airgun): 'julday' out of bounds for year 1987: 1986
[14:37:39] [ERROR]   Traceback (most recent call last):
[14:37:39] [ERROR]     File "/Users/lennylukach/Personal/School/CS4100/namss/pipeline/src/pipeline.py", line 848, in <module>
[14:37:39] [ERROR]       process_line(line, sgy_path, nav_path, dataset)
[14:37:39] [ERROR]     File "/Users/lennylukach/Personal/School/CS4100/namss/pipeline/src/pipeline.py", line 405, in process_line
[14:37:39] [ERROR]       st = read(sgy_path)
[14:37:39] [ERROR]     File "/Users/lennylukach/Personal/School/CS4100/namss/venv/lib/python3.10/site-packages/decorator.py", line 235, in fun
[14:37:39] [ERROR]       return caller(func, *(extras + args), **kw)
[14:37:39] [ERROR]     File "/Users/lennylukach/Personal/School/CS4100/namss/venv/lib/python3.10/site-packages/obspy/core/util/decorator.py", line 298, in _map_example_filename
[14:37:39] [ERROR]       return func(*args, **kwargs)
[14:37:39] [ERROR]     File "/Users/lennylukach/Personal/School/CS4100/namss/venv/lib/python3.10/site-packages/obspy/core/stream.py", line 210, in read
[14:37:39] [ERROR]       st = _generic_reader(pathname_or_url, _read, **kwargs)
[14:37:39] [ERROR]     File "/Users/lennylukach/Personal/School/CS4100/namss/venv/lib/python3.10/site-packages/obspy/core/util/base.py", line 822, in _generic_reader
[14:37:39] [ERROR]       generic = callback_func(pathnames[0], **kwargs)
[14:37:39] [ERROR]     File "/Users/lennylukach/Personal/School/CS4100/namss/venv/lib/python3.10/site-packages/decorator.py", line 235, in fun
[14:37:39] [ERROR]       return caller(func, *(extras + args), **kw)
[14:37:39] [ERROR]     File "/Users/lennylukach/Personal/School/CS4100/namss/venv/lib/python3.10/site-packages/obspy/core/util/decorator.py", line 209, in uncompress_file
[14:37:39] [ERROR]       result = func(filename, *args, **kwargs)
[14:37:39] [ERROR]     File "/Users/lennylukach/Personal/School/CS4100/namss/venv/lib/python3.10/site-packages/obspy/core/stream.py", line 255, in _read
[14:37:39] [ERROR]       stream, format = _read_from_plugin('waveform', filename, format=format,
[14:37:39] [ERROR]     File "/Users/lennylukach/Personal/School/CS4100/namss/venv/lib/python3.10/site-packages/obspy/core/util/base.py", line 559, in _read_from_plugin
[14:37:39] [ERROR]       list_obj = read_format(filename, **kwargs)
[14:37:39] [ERROR]     File "/Users/lennylukach/Personal/School/CS4100/namss/venv/lib/python3.10/site-packages/obspy/io/segy/core.py", line 204, in _read_segy
[14:37:39] [ERROR]       stream.append(tr.to_obspy_trace(
[14:37:39] [ERROR]     File "/Users/lennylukach/Personal/School/CS4100/namss/venv/lib/python3.10/site-packages/obspy/io/segy/segy.py", line 775, in to_obspy_trace
[14:37:39] [ERROR]       trace.stats.starttime = UTCDateTime(
[14:37:39] [ERROR]     File "/Users/lennylukach/Personal/School/CS4100/namss/venv/lib/python3.10/site-packages/obspy/core/utcdatetime.py", line 440, in __init__
[14:37:39] [ERROR]       raise ValueError(msg)
[14:37:39] [ERROR]   ValueError: 'julday' out of bounds for year 1987: 1986
[14:37:39] [INFO ] 
[14:37:39] [INFO ] ──────────────────────────────────────────────────
[14:37:39] [INFO ]   LINE: f387stk11
[14:37:39] [INFO ] ──────────────────────────────────────────────────
[14:37:39] [INFO ] Dataset  : namss.F-3-87-AA.mcs.airgun
[14:37:39] [INFO ] SGY      : ../../airgun_data/namss.F-3-87-AA.mcs.airgun/Data/f387stk11.sgy
[14:37:39] [INFO ] NAV      : ../../airgun_data/namss.F-3-87-AA.mcs.airgun/Navigation/f-3-87-aa_NAV-WGS84.csv
[14:37:39] [INFO ] SA mode  : averaged 5x 
[14:37:39] [INFO ] 
[14:37:39] [INFO ] STEP 1 — Feature extraction
[14:37:39] [INFO ]   Loading navigation...
[14:37:39] [INFO ]   Loading SEG-Y...
[14:37:39] [INFO ]   Traces: 3600  Samples: 3000  dt: 4.000 ms
[14:37:39] [INFO ]   Depth:  0.0 m → 8997.0 m
[14:37:39] [INFO ]   Matching traces to navigation...
[14:37:39] [INFO ]   NAV line matched via translation: 'f387stk11' -> 'F387-11'
[14:37:39] [INFO ]   Matched 3599 / 3600 traces
[14:37:39] [INFO ]   Bandpass filtering...
[14:37:40] [INFO ]   Computing seismic attributes...
[14:37:40] [INFO ]   Picking seafloor...
[14:37:40] [INFO ]   Seafloor depth: 1569–4524 m  (0 shallow traces masked)
[14:37:40] [INFO ]   Picking horizons...
[14:37:41] [INFO ]   Computing NCC coherence (slow)...
[14:37:41] [INFO ]   Saving CNN section image...
[14:37:42] [INFO ]   Saved: f387stk11_section_cnn.png  (2700x1500px)
[14:37:42] [INFO ]   Step 1 complete
[14:37:42] [INFO ] 
[14:37:42] [INFO ] STEP 2 — Fault detection
[14:37:42] [INFO ]   Mode: averaged SA (5 runs per seed)
[14:37:44] [INFO ]   Averaging SA over 5 runs per seed (12 seeds)
[14:37:45] [INFO ]     Seed 1/12 trace 862: avg_prob=0.260 [FAIL]
[14:37:57] [INFO ]     Seed 2/12 trace 3431: avg_prob=0.727 [PASS]
[14:37:58] [INFO ]     Seed 3/12 trace 622: avg_prob=0.740 [PASS]
[14:38:00] [INFO ]     Seed 4/12 trace 2376: avg_prob=0.718 [PASS]
[14:38:01] [INFO ]     Seed 5/12 trace 394: avg_prob=0.709 [PASS]
[14:38:02] [INFO ]     Seed 6/12 trace 2612: avg_prob=0.440 [FAIL]
[14:38:03] [INFO ]     Seed 7/12 trace 1148: avg_prob=0.722 [PASS]
[14:38:06] [INFO ]     Seed 8/12 trace 1527: avg_prob=0.717 [PASS]
[14:38:07] [INFO ]     Seed 9/12 trace 12: avg_prob=0.656 [PASS]
[14:38:08] [INFO ]     Seed 10/12 trace 1792: avg_prob=0.695 [PASS]
[14:38:09] [INFO ]     Seed 11/12 trace 2174: avg_prob=0.699 [PASS]
[14:38:11] [INFO ]     Seed 12/12 trace 2854: avg_prob=0.717 [PASS]
[14:38:11] [INFO ]   Detected 0 high-confidence faults
[14:38:11] [INFO ]   Step 2 complete
[14:38:11] [INFO ] 
[14:38:11] [INFO ] STEP 3 — Bounding boxes
[14:38:11] [INFO ]   Generated 0 boxes
[14:38:11] [INFO ]   Step 3 complete
[14:38:11] [INFO ] 
[14:38:11] [INFO ] STEP 4 — Dataset building
[14:38:11] [INFO ]   Saving labeled review image...
[14:38:11] [INFO ]   Saved: f387stk11_labeled.png
[14:38:11] [INFO ]   Split: val
[14:38:11] [INFO ]   Added 0 annotations to val.json
[14:38:11] [INFO ]   train.json: 104 images, 37 annotations
[14:38:11] [INFO ]   val.json:   26 images,  8 annotations
[14:38:11] [INFO ]   Step 4 complete
[14:38:11] [INFO ] 
[14:38:11] [INFO ]   DONE  f387stk11  →  val  |  0 faults  |  0 boxes
[14:38:11] [INFO ] 
[14:38:11] [INFO ] ──────────────────────────────────────────────────
[14:38:11] [INFO ]   LINE: f387stk12
[14:38:11] [INFO ] ──────────────────────────────────────────────────
[14:38:11] [INFO ] Dataset  : namss.F-3-87-AA.mcs.airgun
[14:38:11] [INFO ] SGY      : ../../airgun_data/namss.F-3-87-AA.mcs.airgun/Data/f387stk12.sgy
[14:38:11] [INFO ] NAV      : ../../airgun_data/namss.F-3-87-AA.mcs.airgun/Navigation/f-3-87-aa_NAV-WGS84.csv
[14:38:11] [INFO ] SA mode  : averaged 5x 
[14:38:11] [INFO ] 
[14:38:11] [INFO ] STEP 1 — Feature extraction
[14:38:11] [INFO ]   Loading navigation...
[14:38:11] [INFO ]   Loading SEG-Y...
[14:38:11] [INFO ]   Traces: 267  Samples: 3000  dt: 4.000 ms
[14:38:11] [INFO ]   Depth:  0.0 m → 8997.0 m
[14:38:11] [INFO ]   Matching traces to navigation...
[14:38:11] [INFO ]   NAV line matched via translation: 'f387stk12' -> 'F387-12'
[14:38:11] [INFO ]   Matched 266 / 267 traces
[14:38:11] [INFO ]   Bandpass filtering...
[14:38:11] [INFO ]   Computing seismic attributes...
[14:38:11] [INFO ]   Picking seafloor...
[14:38:11] [INFO ]   Seafloor depth: 3750–3777 m  (0 shallow traces masked)
[14:38:11] [INFO ]   Picking horizons...
[14:38:11] [INFO ]   Computing NCC coherence (slow)...
[14:38:11] [INFO ]   Saving CNN section image...
[14:38:11] [INFO ]   Saved: f387stk12_section_cnn.png  (2700x1500px)
[14:38:11] [INFO ]   Step 1 complete
[14:38:11] [INFO ] 
[14:38:11] [INFO ] STEP 2 — Fault detection
[14:38:11] [INFO ]   Mode: averaged SA (5 runs per seed)
[14:38:11] [INFO ]   Averaging SA over 5 runs per seed (1 seeds)
[14:38:13] [INFO ]     Seed 1/1 trace 199: avg_prob=0.743 [PASS]
[14:38:13] [INFO ]   Detected 0 high-confidence faults
[14:38:13] [INFO ]   Step 2 complete
[14:38:13] [INFO ] 
[14:38:13] [INFO ] STEP 3 — Bounding boxes
[14:38:13] [INFO ]   Generated 0 boxes
[14:38:13] [INFO ]   Step 3 complete
[14:38:13] [INFO ] 
[14:38:13] [INFO ] STEP 4 — Dataset building
[14:38:13] [INFO ]   Saving labeled review image...
[14:38:13] [INFO ]   Saved: f387stk12_labeled.png
[14:38:13] [INFO ]   Split: train
[14:38:13] [INFO ]   Added 0 annotations to train.json
[14:38:13] [INFO ]   train.json: 105 images, 37 annotations
[14:38:13] [INFO ]   val.json:   26 images,  8 annotations
[14:38:13] [INFO ]   Step 4 complete
[14:38:13] [INFO ] 
[14:38:13] [INFO ]   DONE  f387stk12  →  train  |  0 faults  |  0 boxes
[14:38:13] [INFO ] 
[14:38:13] [INFO ] ──────────────────────────────────────────────────
[14:38:13] [INFO ]   LINE: f387stk13
[14:38:13] [INFO ] ──────────────────────────────────────────────────
[14:38:13] [INFO ] Dataset  : namss.F-3-87-AA.mcs.airgun
[14:38:13] [INFO ] SGY      : ../../airgun_data/namss.F-3-87-AA.mcs.airgun/Data/f387stk13.sgy
[14:38:13] [INFO ] NAV      : ../../airgun_data/namss.F-3-87-AA.mcs.airgun/Navigation/f-3-87-aa_NAV-WGS84.csv
[14:38:13] [INFO ] SA mode  : averaged 5x 
[14:38:13] [INFO ] 
[14:38:13] [INFO ] STEP 1 — Feature extraction
[14:38:13] [INFO ]   Loading navigation...
[14:38:13] [INFO ]   Loading SEG-Y...
[14:38:13] [INFO ]   Traces: 2848  Samples: 3000  dt: 4.000 ms
[14:38:13] [INFO ]   Depth:  0.0 m → 8997.0 m
[14:38:13] [INFO ]   Matching traces to navigation...
[14:38:13] [INFO ]   NAV line matched via translation: 'f387stk13' -> 'F387-13'
[14:38:13] [INFO ]   Matched 2846 / 2848 traces
[14:38:13] [INFO ]   Bandpass filtering...
[14:38:13] [INFO ]   Computing seismic attributes...
[14:38:14] [INFO ]   Picking seafloor...
[14:38:23] [INFO ]   Seafloor depth: 3045–4524 m  (0 shallow traces masked)
[14:38:23] [INFO ]   Picking horizons...
[14:38:23] [INFO ]   Computing NCC coherence (slow)...
[14:38:23] [INFO ]   Saving CNN section image...
[14:38:24] [INFO ]   Saved: f387stk13_section_cnn.png  (2700x1500px)
[14:38:24] [INFO ]   Step 1 complete
[14:38:24] [INFO ] 
[14:38:24] [INFO ] STEP 2 — Fault detection
[14:38:24] [INFO ]   Mode: averaged SA (5 runs per seed)
[14:38:25] [INFO ]   Averaging SA over 5 runs per seed (9 seeds)
[14:38:26] [INFO ]     Seed 1/9 trace 2410: avg_prob=0.710 [PASS]
[14:38:27] [INFO ]     Seed 2/9 trace 1291: avg_prob=0.365 [FAIL]
[14:38:29] [INFO ]     Seed 3/9 trace 1733: avg_prob=0.445 [FAIL]
[14:38:30] [INFO ]     Seed 4/9 trace 2752: avg_prob=0.706 [PASS]
[14:38:42] [INFO ]     Seed 5/9 trace 571: avg_prob=0.281 [FAIL]
[14:38:44] [INFO ]     Seed 6/9 trace 968: avg_prob=0.273 [FAIL]
[14:38:45] [INFO ]     Seed 7/9 trace 30: avg_prob=0.672 [PASS]
[14:38:46] [INFO ]     Seed 8/9 trace 2153: avg_prob=0.666 [PASS]
[14:38:47] [INFO ]     Seed 9/9 trace 266: avg_prob=0.679 [PASS]
[14:38:47] [INFO ]   Detected 0 high-confidence faults
[14:38:47] [INFO ]   Step 2 complete
[14:38:47] [INFO ] 
[14:38:47] [INFO ] STEP 3 — Bounding boxes
[14:38:47] [INFO ]   Generated 0 boxes
[14:38:47] [INFO ]   Step 3 complete
[14:38:47] [INFO ] 
[14:38:47] [INFO ] STEP 4 — Dataset building
[14:38:47] [INFO ]   Saving labeled review image...
[14:38:47] [INFO ]   Saved: f387stk13_labeled.png
[14:38:47] [INFO ]   Split: train
[14:38:47] [INFO ]   Added 0 annotations to train.json
[14:38:47] [INFO ]   train.json: 106 images, 37 annotations
[14:38:47] [INFO ]   val.json:   26 images,  8 annotations
[14:38:47] [INFO ]   Step 4 complete
[14:38:47] [INFO ] 
[14:38:47] [INFO ]   DONE  f387stk13  →  train  |  0 faults  |  0 boxes
[14:38:47] [INFO ] 
[14:38:47] [INFO ] ──────────────────────────────────────────────────
[14:38:47] [INFO ]   LINE: f387stk14
[14:38:47] [INFO ] ──────────────────────────────────────────────────
[14:38:47] [INFO ] Dataset  : namss.F-3-87-AA.mcs.airgun
[14:38:47] [INFO ] SGY      : ../../airgun_data/namss.F-3-87-AA.mcs.airgun/Data/f387stk14.sgy
[14:38:47] [INFO ] NAV      : ../../airgun_data/namss.F-3-87-AA.mcs.airgun/Navigation/f-3-87-aa_NAV-WGS84.csv
[14:38:47] [INFO ] SA mode  : averaged 5x 
[14:38:47] [INFO ] 
[14:38:47] [INFO ] STEP 1 — Feature extraction
[14:38:47] [INFO ]   Loading navigation...
[14:38:47] [INFO ]   Loading SEG-Y...
[14:38:47] [INFO ]   Traces: 404  Samples: 3000  dt: 4.000 ms
[14:38:47] [INFO ]   Depth:  0.0 m → 8997.0 m
[14:38:47] [INFO ]   Matching traces to navigation...
[14:38:47] [INFO ]   NAV line matched via translation: 'f387stk14' -> 'F387-14'
[14:38:47] [INFO ]   Matched 403 / 404 traces
[14:38:47] [INFO ]   Bandpass filtering...
[14:38:47] [INFO ]   Computing seismic attributes...
[14:38:47] [INFO ]   Picking seafloor...
[14:38:48] [INFO ]   Seafloor depth: 4626–4884 m  (0 shallow traces masked)
[14:38:48] [INFO ]   Picking horizons...
[14:38:48] [INFO ]   Computing NCC coherence (slow)...
[14:38:48] [INFO ]   Saving CNN section image...
[14:38:48] [INFO ]   Saved: f387stk14_section_cnn.png  (2700x1500px)
[14:38:48] [INFO ]   Step 1 complete
[14:38:48] [INFO ] 
[14:38:48] [INFO ] STEP 2 — Fault detection
[14:38:48] [INFO ]   Mode: averaged SA (5 runs per seed)
[14:38:48] [INFO ]   Averaging SA over 5 runs per seed (2 seeds)
[14:38:58] [INFO ]     Seed 1/2 trace 371: avg_prob=0.737 [PASS]
[14:38:59] [INFO ]     Seed 2/2 trace 106: avg_prob=0.765 [PASS]
[14:38:59] [INFO ]   Detected 1 high-confidence faults
[14:38:59] [INFO ]     Fault  1 | trace ~  109 | prob=0.765
[14:38:59] [INFO ]   Step 2 complete
[14:38:59] [INFO ] 
[14:38:59] [INFO ] STEP 3 — Bounding boxes
[14:38:59] [INFO ]   Box  1 | [310, 796, 888w, 117h px]
[14:38:59] [INFO ]   Generated 1 boxes
[14:38:59] [INFO ]   Step 3 complete
[14:38:59] [INFO ] 
[14:38:59] [INFO ] STEP 4 — Dataset building
[14:38:59] [INFO ]   Saving labeled review image...
[14:39:00] [INFO ]   Saved: f387stk14_labeled.png
[14:39:00] [INFO ]   Split: train
[14:39:00] [INFO ]   Added 1 annotations to train.json
[14:39:00] [INFO ]   train.json: 107 images, 38 annotations
[14:39:00] [INFO ]   val.json:   26 images,  8 annotations
[14:39:00] [INFO ]   Step 4 complete
[14:39:00] [INFO ] 
[14:39:00] [INFO ]   DONE  f387stk14  →  train  |  1 faults  |  1 boxes
[14:39:00] [INFO ] 
[14:39:00] [INFO ] ──────────────────────────────────────────────────
[14:39:00] [INFO ]   LINE: f387stk15
[14:39:00] [INFO ] ──────────────────────────────────────────────────
[14:39:00] [INFO ] Dataset  : namss.F-3-87-AA.mcs.airgun
[14:39:00] [INFO ] SGY      : ../../airgun_data/namss.F-3-87-AA.mcs.airgun/Data/f387stk15.sgy
[14:39:00] [INFO ] NAV      : ../../airgun_data/namss.F-3-87-AA.mcs.airgun/Navigation/f-3-87-aa_NAV-WGS84.csv
[14:39:00] [INFO ] SA mode  : averaged 5x 
[14:39:00] [INFO ] 
[14:39:00] [INFO ] STEP 1 — Feature extraction
[14:39:00] [INFO ]   Loading navigation...
[14:39:00] [INFO ]   Loading SEG-Y...
[14:39:00] [INFO ]   Traces: 5240  Samples: 3000  dt: 4.000 ms
[14:39:00] [INFO ]   Depth:  0.0 m → 8997.0 m
[14:39:00] [INFO ]   Matching traces to navigation...
[14:39:00] [INFO ]   NAV line matched via translation: 'f387stk15' -> 'F387-15'
[14:39:00] [INFO ]   Matched 5239 / 5240 traces
[14:39:00] [INFO ]   Bandpass filtering...
[14:39:00] [INFO ]   Computing seismic attributes...
[14:39:01] [INFO ]   Picking seafloor...
[14:39:01] [INFO ]   Seafloor depth: 3555–5808 m  (0 shallow traces masked)
[14:39:01] [INFO ]   Picking horizons...
[14:39:02] [INFO ]   Computing NCC coherence (slow)...
[14:39:02] [INFO ]   Saving CNN section image...
[14:39:03] [INFO ]   Saved: f387stk15_section_cnn.png  (2700x1500px)
[14:39:03] [INFO ]   Step 1 complete
[14:39:03] [INFO ] 
[14:39:03] [INFO ] STEP 2 — Fault detection
[14:39:03] [INFO ]   Mode: averaged SA (5 runs per seed)
[14:39:06] [INFO ]   Averaging SA over 5 runs per seed (13 seeds)
[14:39:07] [INFO ]     Seed 1/13 trace 2990: avg_prob=0.694 [PASS]
[14:39:11] [INFO ]     Seed 2/13 trace 3333: avg_prob=0.642 [PASS]
[14:39:13] [INFO ]     Seed 3/13 trace 504: avg_prob=0.723 [PASS]
[14:39:14] [INFO ]     Seed 4/13 trace 3654: avg_prob=0.695 [PASS]
[14:39:15] [INFO ]     Seed 5/13 trace 1271: avg_prob=0.677 [PASS]
[14:39:16] [INFO ]     Seed 6/13 trace 4767: avg_prob=0.681 [PASS]
[14:39:17] [INFO ]     Seed 7/13 trace 2737: avg_prob=0.635 [PASS]
[14:39:35] [INFO ]     Seed 8/13 trace 219: avg_prob=0.672 [PASS]
[14:39:36] [INFO ]     Seed 9/13 trace 1039: avg_prob=0.680 [PASS]
[14:39:37] [INFO ]     Seed 10/13 trace 2447: avg_prob=0.459 [PASS]
[14:39:39] [INFO ]     Seed 11/13 trace 798: avg_prob=0.654 [PASS]
[14:39:40] [INFO ]     Seed 12/13 trace 16: avg_prob=0.603 [PASS]
[14:39:41] [INFO ]     Seed 13/13 trace 3981: avg_prob=0.618 [PASS]
[14:39:41] [INFO ]   Detected 0 high-confidence faults
[14:39:41] [INFO ]   Step 2 complete
[14:39:41] [INFO ] 
[14:39:41] [INFO ] STEP 3 — Bounding boxes
[14:39:41] [INFO ]   Generated 0 boxes
[14:39:41] [INFO ]   Step 3 complete
[14:39:41] [INFO ] 
[14:39:41] [INFO ] STEP 4 — Dataset building
[14:39:41] [INFO ]   Saving labeled review image...
[14:39:41] [INFO ]   Saved: f387stk15_labeled.png
[14:39:41] [INFO ]   Split: train
[14:39:41] [INFO ]   Added 0 annotations to train.json
[14:39:41] [INFO ]   train.json: 108 images, 38 annotations
[14:39:41] [INFO ]   val.json:   26 images,  8 annotations
[14:39:41] [INFO ]   Step 4 complete
[14:39:41] [INFO ] 
[14:39:41] [INFO ]   DONE  f387stk15  →  train  |  0 faults  |  0 boxes
[14:39:41] [INFO ] 
[14:39:41] [INFO ] ──────────────────────────────────────────────────
[14:39:41] [INFO ]   LINE: f387stk16
[14:39:41] [INFO ] ──────────────────────────────────────────────────
[14:39:41] [INFO ] Dataset  : namss.F-3-87-AA.mcs.airgun
[14:39:41] [INFO ] SGY      : ../../airgun_data/namss.F-3-87-AA.mcs.airgun/Data/f387stk16.sgy
[14:39:41] [INFO ] NAV      : ../../airgun_data/namss.F-3-87-AA.mcs.airgun/Navigation/f-3-87-aa_NAV-WGS84.csv
[14:39:41] [INFO ] SA mode  : averaged 5x 
[14:39:41] [INFO ] 
[14:39:41] [INFO ] STEP 1 — Feature extraction
[14:39:41] [INFO ]   Loading navigation...
[14:39:41] [INFO ]   Loading SEG-Y...
[14:39:41] [INFO ]   Traces: 409  Samples: 3000  dt: 4.000 ms
[14:39:41] [INFO ]   Depth:  0.0 m → 8997.0 m
[14:39:41] [INFO ]   Matching traces to navigation...
[14:39:41] [INFO ]   NAV line matched via translation: 'f387stk16' -> 'F387-16'
[14:39:41] [INFO ]   Matched 408 / 409 traces
[14:39:41] [INFO ]   Bandpass filtering...
[14:39:41] [INFO ]   Computing seismic attributes...
[14:39:41] [INFO ]   Picking seafloor...
[14:39:41] [INFO ]   Seafloor depth: 4782–5331 m  (0 shallow traces masked)
[14:39:41] [INFO ]   Picking horizons...
[14:39:41] [INFO ]   Computing NCC coherence (slow)...
[14:39:41] [INFO ]   Saving CNN section image...
[14:39:42] [INFO ]   Saved: f387stk16_section_cnn.png  (2700x1500px)
[14:39:42] [INFO ]   Step 1 complete
[14:39:42] [INFO ] 
[14:39:42] [INFO ] STEP 2 — Fault detection
[14:39:42] [INFO ]   Mode: averaged SA (5 runs per seed)
[14:39:42] [INFO ]   Averaging SA over 5 runs per seed (1 seeds)
[14:39:46] [INFO ]     Seed 1/1 trace 213: avg_prob=0.727 [PASS]
[14:39:46] [INFO ]   Detected 0 high-confidence faults
[14:39:46] [INFO ]   Step 2 complete
[14:39:46] [INFO ] 
[14:39:46] [INFO ] STEP 3 — Bounding boxes
[14:39:46] [INFO ]   Generated 0 boxes
[14:39:46] [INFO ]   Step 3 complete
[14:39:46] [INFO ] 
[14:39:46] [INFO ] STEP 4 — Dataset building
[14:39:46] [INFO ]   Saving labeled review image...
[14:39:46] [INFO ]   Saved: f387stk16_labeled.png
[14:39:46] [INFO ]   Split: val
[14:39:46] [INFO ]   Added 0 annotations to val.json
[14:39:46] [INFO ]   train.json: 108 images, 38 annotations
[14:39:46] [INFO ]   val.json:   27 images,  8 annotations
[14:39:46] [INFO ]   Step 4 complete
[14:39:46] [INFO ] 
[14:39:46] [INFO ]   DONE  f387stk16  →  val  |  0 faults  |  0 boxes
[14:39:46] [INFO ] 
[14:39:46] [INFO ] ──────────────────────────────────────────────────
[14:39:46] [INFO ]   LINE: f387stk17
[14:39:46] [INFO ] ──────────────────────────────────────────────────
[14:39:46] [INFO ] Dataset  : namss.F-3-87-AA.mcs.airgun
[14:39:46] [INFO ] SGY      : ../../airgun_data/namss.F-3-87-AA.mcs.airgun/Data/f387stk17.sgy
[14:39:46] [INFO ] NAV      : ../../airgun_data/namss.F-3-87-AA.mcs.airgun/Navigation/f-3-87-aa_NAV-WGS84.csv
[14:39:46] [INFO ] SA mode  : averaged 5x 
[14:39:46] [INFO ] 
[14:39:46] [INFO ] STEP 1 — Feature extraction
[14:39:46] [INFO ]   Loading navigation...
[14:39:46] [INFO ]   Loading SEG-Y...
[14:39:47] [INFO ]   Traces: 4669  Samples: 3000  dt: 4.000 ms
[14:39:47] [INFO ]   Depth:  0.0 m → 8997.0 m
[14:39:47] [INFO ]   Matching traces to navigation...
[14:39:47] [INFO ]   NAV line matched via translation: 'f387stk17' -> 'F387-17'
[14:39:47] [INFO ]   Matched 4668 / 4669 traces
[14:39:47] [INFO ]   Bandpass filtering...
[14:39:47] [INFO ]   Computing seismic attributes...
[14:39:48] [INFO ]   Picking seafloor...
[14:39:48] [INFO ]   Seafloor depth: 4266–5430 m  (0 shallow traces masked)
[14:39:48] [INFO ]   Picking horizons...
[14:39:48] [INFO ]   Computing NCC coherence (slow)...
[14:39:49] [INFO ]   Saving CNN section image...
[14:39:50] [INFO ]   Saved: f387stk17_section_cnn.png  (2700x1500px)
[14:39:50] [INFO ]   Step 1 complete
[14:39:50] [INFO ] 
[14:39:50] [INFO ] STEP 2 — Fault detection
[14:39:50] [INFO ]   Mode: averaged SA (5 runs per seed)
[14:39:52] [INFO ]   Averaging SA over 5 runs per seed (15 seeds)
[14:39:53] [INFO ]     Seed 1/15 trace 3633: avg_prob=0.712 [PASS]
[14:39:57] [INFO ]     Seed 2/15 trace 871: avg_prob=0.733 [PASS]
[14:39:59] [INFO ]     Seed 3/15 trace 2485: avg_prob=0.679 [PASS]
[14:40:00] [INFO ]     Seed 4/15 trace 1468: avg_prob=0.703 [PASS]
[14:40:01] [INFO ]     Seed 5/15 trace 4483: avg_prob=0.680 [PASS]
[14:40:02] [INFO ]     Seed 6/15 trace 616: avg_prob=0.687 [PASS]
[14:40:03] [INFO ]     Seed 7/15 trace 1923: avg_prob=0.705 [PASS]
[14:40:07] [INFO ]     Seed 8/15 trace 3053: avg_prob=0.698 [PASS]
[14:40:09] [INFO ]     Seed 9/15 trace 3292: avg_prob=0.705 [PASS]
[14:40:10] [INFO ]     Seed 10/15 trace 3896: avg_prob=0.673 [PASS]
[14:40:11] [INFO ]     Seed 11/15 trace 1673: avg_prob=0.678 [PASS]
[14:40:12] [INFO ]     Seed 12/15 trace 1198: avg_prob=0.662 [PASS]
[14:40:13] [INFO ]     Seed 13/15 trace 214: avg_prob=0.622 [PASS]
[14:40:15] [INFO ]     Seed 14/15 trace 4220: avg_prob=0.652 [PASS]
[14:40:16] [INFO ]     Seed 15/15 trace 2711: avg_prob=0.647 [PASS]
[14:40:16] [INFO ]   Detected 0 high-confidence faults
[14:40:16] [INFO ]   Step 2 complete
[14:40:16] [INFO ] 
[14:40:16] [INFO ] STEP 3 — Bounding boxes
[14:40:16] [INFO ]   Generated 0 boxes
[14:40:16] [INFO ]   Step 3 complete
[14:40:16] [INFO ] 
[14:40:16] [INFO ] STEP 4 — Dataset building
[14:40:16] [INFO ]   Saving labeled review image...
[14:40:16] [INFO ]   Saved: f387stk17_labeled.png
[14:40:16] [INFO ]   Split: train
[14:40:16] [INFO ]   Added 0 annotations to train.json
[14:40:16] [INFO ]   train.json: 109 images, 38 annotations
[14:40:16] [INFO ]   val.json:   27 images,  8 annotations
[14:40:16] [INFO ]   Step 4 complete
[14:40:16] [INFO ] 
[14:40:16] [INFO ]   DONE  f387stk17  →  train  |  0 faults  |  0 boxes
[14:40:16] [INFO ] 
[14:40:16] [INFO ] ──────────────────────────────────────────────────
[14:40:16] [INFO ]   LINE: f387stk18
[14:40:16] [INFO ] ──────────────────────────────────────────────────
[14:40:16] [INFO ] Dataset  : namss.F-3-87-AA.mcs.airgun
[14:40:16] [INFO ] SGY      : ../../airgun_data/namss.F-3-87-AA.mcs.airgun/Data/f387stk18.sgy
[14:40:16] [INFO ] NAV      : ../../airgun_data/namss.F-3-87-AA.mcs.airgun/Navigation/f-3-87-aa_NAV-WGS84.csv
[14:40:16] [INFO ] SA mode  : averaged 5x 
[14:40:16] [INFO ] 
[14:40:16] [INFO ] STEP 1 — Feature extraction
[14:40:16] [INFO ]   Loading navigation...
[14:40:16] [INFO ]   Loading SEG-Y...
[14:40:16] [INFO ]   Traces: 430  Samples: 3000  dt: 4.000 ms
[14:40:16] [INFO ]   Depth:  0.0 m → 8997.0 m
[14:40:16] [INFO ]   Matching traces to navigation...
[14:40:16] [INFO ]   NAV line matched via translation: 'f387stk18' -> 'F387-18'
[14:40:16] [INFO ]   Matched 429 / 430 traces
[14:40:16] [INFO ]   Bandpass filtering...
[14:40:16] [INFO ]   Computing seismic attributes...
[14:40:16] [INFO ]   Picking seafloor...
[14:40:16] [INFO ]   Seafloor depth: 4689–5604 m  (0 shallow traces masked)
[14:40:16] [INFO ]   Picking horizons...
[14:40:16] [INFO ]   Computing NCC coherence (slow)...
[14:40:16] [INFO ]   Saving CNN section image...
[14:40:16] [INFO ]   Saved: f387stk18_section_cnn.png  (2700x1500px)
[14:40:16] [INFO ]   Step 1 complete
[14:40:16] [INFO ] 
[14:40:16] [INFO ] STEP 2 — Fault detection
[14:40:16] [INFO ]   Mode: averaged SA (5 runs per seed)
[14:40:17] [INFO ]   Averaging SA over 5 runs per seed (2 seeds)
[14:40:18] [INFO ]     Seed 1/2 trace 266: avg_prob=0.666 [PASS]
[14:40:31] [INFO ]     Seed 2/2 trace 11: avg_prob=0.671 [PASS]
[14:40:31] [INFO ]   Detected 0 high-confidence faults
[14:40:31] [INFO ]   Step 2 complete
[14:40:31] [INFO ] 
[14:40:31] [INFO ] STEP 3 — Bounding boxes
[14:40:31] [INFO ]   Generated 0 boxes
[14:40:31] [INFO ]   Step 3 complete
[14:40:31] [INFO ] 
[14:40:31] [INFO ] STEP 4 — Dataset building
[14:40:31] [INFO ]   Saving labeled review image...
[14:40:31] [INFO ]   Saved: f387stk18_labeled.png
[14:40:31] [INFO ]   Split: train
[14:40:31] [INFO ]   Added 0 annotations to train.json
[14:40:31] [INFO ]   train.json: 110 images, 38 annotations
[14:40:31] [INFO ]   val.json:   27 images,  8 annotations
[14:40:31] [INFO ]   Step 4 complete
[14:40:31] [INFO ] 
[14:40:31] [INFO ]   DONE  f387stk18  →  train  |  0 faults  |  0 boxes
[14:40:31] [INFO ] 
[14:40:31] [INFO ] ──────────────────────────────────────────────────
[14:40:31] [INFO ]   LINE: f387stk19
[14:40:31] [INFO ] ──────────────────────────────────────────────────
[14:40:31] [INFO ] Dataset  : namss.F-3-87-AA.mcs.airgun
[14:40:31] [INFO ] SGY      : ../../airgun_data/namss.F-3-87-AA.mcs.airgun/Data/f387stk19.sgy
[14:40:31] [INFO ] NAV      : ../../airgun_data/namss.F-3-87-AA.mcs.airgun/Navigation/f-3-87-aa_NAV-WGS84.csv
[14:40:31] [INFO ] SA mode  : averaged 5x 
[14:40:31] [INFO ] 
[14:40:31] [INFO ] STEP 1 — Feature extraction
[14:40:31] [INFO ]   Loading navigation...
[14:40:32] [INFO ]   Loading SEG-Y...
[14:40:32] [INFO ]   Traces: 4431  Samples: 3000  dt: 4.000 ms
[14:40:32] [INFO ]   Depth:  0.0 m → 8997.0 m
[14:40:32] [INFO ]   Matching traces to navigation...
[14:40:32] [INFO ]   NAV line matched via translation: 'f387stk19' -> 'F387-19'
[14:40:32] [INFO ]   Matched 4430 / 4431 traces
[14:40:32] [INFO ]   Bandpass filtering...
[14:40:32] [INFO ]   Computing seismic attributes...
[14:40:33] [INFO ]   Picking seafloor...
[14:40:33] [INFO ]   Seafloor depth: 3675–5667 m  (0 shallow traces masked)
[14:40:33] [INFO ]   Picking horizons...
[14:40:33] [INFO ]   Computing NCC coherence (slow)...
[14:40:34] [INFO ]   Saving CNN section image...
[14:40:35] [INFO ]   Saved: f387stk19_section_cnn.png  (2700x1500px)
[14:40:35] [INFO ]   Step 1 complete
[14:40:35] [INFO ] 
[14:40:35] [INFO ] STEP 2 — Fault detection
[14:40:35] [INFO ]   Mode: averaged SA (5 runs per seed)
[14:40:37] [INFO ]   Averaging SA over 5 runs per seed (13 seeds)
[14:40:38] [INFO ]     Seed 1/13 trace 3372: avg_prob=0.734 [PASS]
[14:40:39] [INFO ]     Seed 2/13 trace 3128: avg_prob=0.702 [PASS]
[14:40:41] [INFO ]     Seed 3/13 trace 4226: avg_prob=0.707 [PASS]
[14:40:48] [INFO ]     Seed 4/13 trace 2582: avg_prob=0.730 [PASS]
[14:40:49] [INFO ]     Seed 5/13 trace 573: avg_prob=0.617 [PASS]
[14:40:50] [INFO ]     Seed 6/13 trace 1888: avg_prob=0.700 [PASS]
[14:40:52] [INFO ]     Seed 7/13 trace 1423: avg_prob=0.680 [PASS]
[14:40:53] [INFO ]     Seed 8/13 trace 3770: avg_prob=0.648 [PASS]
[14:40:54] [INFO ]     Seed 9/13 trace 925: avg_prob=0.646 [PASS]
[14:40:55] [INFO ]     Seed 10/13 trace 2846: avg_prob=0.689 [PASS]
[14:40:56] [INFO ]     Seed 11/13 trace 4001: avg_prob=0.682 [PASS]
[14:40:58] [INFO ]     Seed 12/13 trace 1191: avg_prob=0.667 [PASS]
[14:40:59] [INFO ]     Seed 13/13 trace 2345: avg_prob=0.623 [PASS]
[14:40:59] [INFO ]   Detected 0 high-confidence faults
[14:40:59] [INFO ]   Step 2 complete
[14:40:59] [INFO ] 
[14:40:59] [INFO ] STEP 3 — Bounding boxes
[14:40:59] [INFO ]   Generated 0 boxes
[14:40:59] [INFO ]   Step 3 complete
[14:40:59] [INFO ] 
[14:40:59] [INFO ] STEP 4 — Dataset building
[14:40:59] [INFO ]   Saving labeled review image...
[14:40:59] [INFO ]   Saved: f387stk19_labeled.png
[14:40:59] [INFO ]   Split: train
[14:40:59] [INFO ]   Added 0 annotations to train.json
[14:40:59] [INFO ]   train.json: 111 images, 38 annotations
[14:40:59] [INFO ]   val.json:   27 images,  8 annotations
[14:40:59] [INFO ]   Step 4 complete
[14:40:59] [INFO ] 
[14:40:59] [INFO ]   DONE  f387stk19  →  train  |  0 faults  |  0 boxes
[14:40:59] [INFO ] 
[14:40:59] [INFO ] ──────────────────────────────────────────────────
[14:40:59] [INFO ]   LINE: f387stk20
[14:40:59] [INFO ] ──────────────────────────────────────────────────
[14:40:59] [INFO ] Dataset  : namss.F-3-87-AA.mcs.airgun
[14:40:59] [INFO ] SGY      : ../../airgun_data/namss.F-3-87-AA.mcs.airgun/Data/f387stk20.sgy
[14:40:59] [INFO ] NAV      : ../../airgun_data/namss.F-3-87-AA.mcs.airgun/Navigation/f-3-87-aa_NAV-WGS84.csv
[14:40:59] [INFO ] SA mode  : averaged 5x 
[14:40:59] [INFO ] 
[14:40:59] [INFO ] STEP 1 — Feature extraction
[14:40:59] [INFO ]   Loading navigation...
[14:40:59] [INFO ]   Loading SEG-Y...
[14:40:59] [INFO ]   Traces: 518  Samples: 3000  dt: 4.000 ms
[14:40:59] [INFO ]   Depth:  0.0 m → 8997.0 m
[14:40:59] [INFO ]   Matching traces to navigation...
[14:40:59] [INFO ]   NAV line matched via translation: 'f387stk20' -> 'F387-20'
[14:40:59] [INFO ]   Matched 517 / 518 traces
[14:40:59] [INFO ]   Bandpass filtering...
[14:40:59] [INFO ]   Computing seismic attributes...
[14:40:59] [INFO ]   Picking seafloor...
[14:40:59] [INFO ]   Seafloor depth: 4314–4857 m  (0 shallow traces masked)
[14:40:59] [INFO ]   Picking horizons...
[14:40:59] [INFO ]   Computing NCC coherence (slow)...
[14:40:59] [INFO ]   Saving CNN section image...
[14:40:59] [INFO ]   Saved: f387stk20_section_cnn.png  (2700x1500px)
[14:40:59] [INFO ]   Step 1 complete
[14:40:59] [INFO ] 
[14:40:59] [INFO ] STEP 2 — Fault detection
[14:40:59] [INFO ]   Mode: averaged SA (5 runs per seed)
[14:41:00] [INFO ]   Averaging SA over 5 runs per seed (2 seeds)
[14:41:01] [INFO ]     Seed 1/2 trace 186: avg_prob=0.702 [PASS]
[14:41:02] [INFO ]     Seed 2/2 trace 416: avg_prob=0.714 [PASS]
[14:41:02] [INFO ]   Detected 0 high-confidence faults
[14:41:02] [INFO ]   Step 2 complete
[14:41:02] [INFO ] 
[14:41:02] [INFO ] STEP 3 — Bounding boxes
[14:41:02] [INFO ]   Generated 0 boxes
[14:41:02] [INFO ]   Step 3 complete
[14:41:02] [INFO ] 
[14:41:02] [INFO ] STEP 4 — Dataset building
[14:41:02] [INFO ]   Saving labeled review image...
[14:41:02] [INFO ]   Saved: f387stk20_labeled.png
[14:41:02] [INFO ]   Split: train
[14:41:02] [INFO ]   Added 0 annotations to train.json
[14:41:02] [INFO ]   train.json: 112 images, 38 annotations
[14:41:02] [INFO ]   val.json:   27 images,  8 annotations
[14:41:02] [INFO ]   Step 4 complete
[14:41:02] [INFO ] 
[14:41:02] [INFO ]   DONE  f387stk20  →  train  |  0 faults  |  0 boxes
[14:41:02] [INFO ] 
[14:41:02] [INFO ] ──────────────────────────────────────────────────
[14:41:02] [INFO ]   LINE: f387stk21
[14:41:02] [INFO ] ──────────────────────────────────────────────────
[14:41:02] [INFO ] Dataset  : namss.F-3-87-AA.mcs.airgun
[14:41:02] [INFO ] SGY      : ../../airgun_data/namss.F-3-87-AA.mcs.airgun/Data/f387stk21.sgy
[14:41:02] [INFO ] NAV      : ../../airgun_data/namss.F-3-87-AA.mcs.airgun/Navigation/f-3-87-aa_NAV-WGS84.csv
[14:41:02] [INFO ] SA mode  : averaged 5x 
[14:41:02] [INFO ] 
[14:41:02] [INFO ] STEP 1 — Feature extraction
[14:41:02] [INFO ]   Loading navigation...
[14:41:02] [INFO ]   Loading SEG-Y...
[14:41:02] [INFO ]   Traces: 4409  Samples: 3000  dt: 4.000 ms
[14:41:02] [INFO ]   Depth:  0.0 m → 8997.0 m
[14:41:02] [INFO ]   Matching traces to navigation...
[14:41:02] [INFO ]   NAV line matched via translation: 'f387stk21' -> 'F387-21'
[14:41:03] [INFO ]   Matched 4342 / 4409 traces
[14:41:03] [INFO ]   Bandpass filtering...
[14:41:03] [INFO ]   Computing seismic attributes...
[14:41:03] [INFO ]   Picking seafloor...
[14:41:04] [INFO ]   Seafloor depth: 4359–6915 m  (0 shallow traces masked)
[14:41:04] [INFO ]   Picking horizons...
[14:41:04] [INFO ]   Computing NCC coherence (slow)...
[14:41:04] [INFO ]   Saving CNN section image...
[14:41:05] [INFO ]   Saved: f387stk21_section_cnn.png  (2700x1500px)
[14:41:05] [INFO ]   Step 1 complete
[14:41:05] [INFO ] 
[14:41:05] [INFO ] STEP 2 — Fault detection
[14:41:05] [INFO ]   Mode: averaged SA (5 runs per seed)
[14:41:08] [INFO ]   Averaging SA over 5 runs per seed (14 seeds)
[14:41:09] [INFO ]     Seed 1/14 trace 747: avg_prob=0.737 [PASS]
[14:41:10] [INFO ]     Seed 2/14 trace 471: avg_prob=0.738 [PASS]
[14:41:11] [INFO ]     Seed 3/14 trace 3440: avg_prob=0.735 [PASS]
[14:41:12] [INFO ]     Seed 4/14 trace 1888: avg_prob=0.708 [PASS]
[14:41:14] [INFO ]     Seed 5/14 trace 210: avg_prob=0.723 [PASS]
[14:41:15] [INFO ]     Seed 6/14 trace 3667: avg_prob=0.704 [PASS]
[14:41:16] [INFO ]     Seed 7/14 trace 959: avg_prob=0.703 [PASS]
[14:41:17] [INFO ]     Seed 8/14 trace 3999: avg_prob=0.653 [PASS]
[14:41:18] [INFO ]     Seed 9/14 trace 1272: avg_prob=0.641 [PASS]
[14:41:20] [INFO ]     Seed 10/14 trace 1612: avg_prob=0.662 [PASS]
[14:41:21] [INFO ]     Seed 11/14 trace 3237: avg_prob=0.668 [PASS]
[14:41:22] [INFO ]     Seed 12/14 trace 2518: avg_prob=0.648 [PASS]
[14:41:23] [INFO ]     Seed 13/14 trace 2814: avg_prob=0.657 [PASS]
[14:41:27] [INFO ]     Seed 14/14 trace 2271: avg_prob=0.677 [PASS]
[14:41:27] [INFO ]   Detected 0 high-confidence faults
[14:41:27] [INFO ]   Step 2 complete
[14:41:27] [INFO ] 
[14:41:27] [INFO ] STEP 3 — Bounding boxes
[14:41:27] [INFO ]   Generated 0 boxes
[14:41:27] [INFO ]   Step 3 complete
[14:41:27] [INFO ] 
[14:41:27] [INFO ] STEP 4 — Dataset building
[14:41:27] [INFO ]   Saving labeled review image...
[14:41:27] [INFO ]   Saved: f387stk21_labeled.png
[14:41:27] [INFO ]   Split: val
[14:41:27] [INFO ]   Added 0 annotations to val.json
[14:41:27] [INFO ]   train.json: 112 images, 38 annotations
[14:41:27] [INFO ]   val.json:   28 images,  8 annotations
[14:41:27] [INFO ]   Step 4 complete
[14:41:27] [INFO ] 
[14:41:27] [INFO ]   DONE  f387stk21  →  val  |  0 faults  |  0 boxes
[14:41:27] [INFO ] 
[14:41:27] [INFO ] ──────────────────────────────────────────────────
[14:41:27] [INFO ]   LINE: f387stk22
[14:41:27] [INFO ] ──────────────────────────────────────────────────
[14:41:27] [INFO ] Dataset  : namss.F-3-87-AA.mcs.airgun
[14:41:27] [INFO ] SGY      : ../../airgun_data/namss.F-3-87-AA.mcs.airgun/Data/f387stk22.sgy
[14:41:27] [INFO ] NAV      : ../../airgun_data/namss.F-3-87-AA.mcs.airgun/Navigation/f-3-87-aa_NAV-WGS84.csv
[14:41:27] [INFO ] SA mode  : averaged 5x 
[14:41:27] [INFO ] 
[14:41:27] [INFO ] STEP 1 — Feature extraction
[14:41:27] [INFO ]   Loading navigation...
[14:41:27] [INFO ]   Loading SEG-Y...
[14:41:27] [INFO ]   Traces: 451  Samples: 3000  dt: 4.000 ms
[14:41:27] [INFO ]   Depth:  0.0 m → 8997.0 m
[14:41:27] [INFO ]   Matching traces to navigation...
[14:41:27] [INFO ]   NAV line matched via translation: 'f387stk22' -> 'F387-22'
[14:41:27] [INFO ]   Matched 450 / 451 traces
[14:41:27] [INFO ]   Bandpass filtering...
[14:41:27] [INFO ]   Computing seismic attributes...
[14:41:28] [INFO ]   Picking seafloor...
[14:41:28] [INFO ]   Seafloor depth: 5208–7197 m  (0 shallow traces masked)
[14:41:28] [INFO ]   Picking horizons...
[14:41:28] [INFO ]   Computing NCC coherence (slow)...
[14:41:28] [INFO ]   Saving CNN section image...
[14:41:28] [INFO ]   Saved: f387stk22_section_cnn.png  (2700x1500px)
[14:41:28] [INFO ]   Step 1 complete
[14:41:28] [INFO ] 
[14:41:28] [INFO ] STEP 2 — Fault detection
[14:41:28] [INFO ]   Mode: averaged SA (5 runs per seed)
[14:41:28] [INFO ]   Averaging SA over 5 runs per seed (2 seeds)
[14:41:29] [INFO ]     Seed 1/2 trace 437: avg_prob=0.662 [PASS]
[14:41:31] [INFO ]     Seed 2/2 trace 141: avg_prob=0.628 [PASS]
[14:41:31] [INFO ]   Detected 0 high-confidence faults
[14:41:31] [INFO ]   Step 2 complete
[14:41:31] [INFO ] 
[14:41:31] [INFO ] STEP 3 — Bounding boxes
[14:41:31] [INFO ]   Generated 0 boxes
[14:41:31] [INFO ]   Step 3 complete
[14:41:31] [INFO ] 
[14:41:31] [INFO ] STEP 4 — Dataset building
[14:41:31] [INFO ]   Saving labeled review image...
[14:41:31] [INFO ]   Saved: f387stk22_labeled.png
[14:41:31] [INFO ]   Split: train
[14:41:31] [INFO ]   Added 0 annotations to train.json
[14:41:31] [INFO ]   train.json: 113 images, 38 annotations
[14:41:31] [INFO ]   val.json:   28 images,  8 annotations
[14:41:31] [INFO ]   Step 4 complete
[14:41:31] [INFO ] 
[14:41:31] [INFO ]   DONE  f387stk22  →  train  |  0 faults  |  0 boxes
[14:41:31] [INFO ] 
[14:41:31] [INFO ] ──────────────────────────────────────────────────
[14:41:31] [INFO ]   LINE: f387stk23
[14:41:31] [INFO ] ──────────────────────────────────────────────────
[14:41:31] [INFO ] Dataset  : namss.F-3-87-AA.mcs.airgun
[14:41:31] [INFO ] SGY      : ../../airgun_data/namss.F-3-87-AA.mcs.airgun/Data/f387stk23.sgy
[14:41:31] [INFO ] NAV      : ../../airgun_data/namss.F-3-87-AA.mcs.airgun/Navigation/f-3-87-aa_NAV-WGS84.csv
[14:41:31] [INFO ] SA mode  : averaged 5x 
[14:41:31] [INFO ] 
[14:41:31] [INFO ] STEP 1 — Feature extraction
[14:41:31] [INFO ]   Loading navigation...
[14:41:31] [INFO ]   Loading SEG-Y...
[14:41:31] [INFO ]   Traces: 4048  Samples: 3000  dt: 4.000 ms
[14:41:31] [INFO ]   Depth:  0.0 m → 8997.0 m
[14:41:31] [INFO ]   Matching traces to navigation...
[14:41:31] [INFO ]   NAV line matched via translation: 'f387stk23' -> 'F387-23'
[14:41:31] [INFO ]   Matched 4047 / 4048 traces
[14:41:31] [INFO ]   Bandpass filtering...
[14:41:31] [INFO ]   Computing seismic attributes...
[14:41:32] [INFO ]   Picking seafloor...
[14:41:32] [INFO ]   Seafloor depth: 4350–6894 m  (0 shallow traces masked)
[14:41:32] [INFO ]   Picking horizons...
[14:41:32] [INFO ]   Computing NCC coherence (slow)...
[14:41:33] [INFO ]   Saving CNN section image...
[14:41:34] [INFO ]   Saved: f387stk23_section_cnn.png  (2700x1500px)
[14:41:34] [INFO ]   Step 1 complete
[14:41:34] [INFO ] 
[14:41:34] [INFO ] STEP 2 — Fault detection
[14:41:34] [INFO ]   Mode: averaged SA (5 runs per seed)
[14:41:40] [INFO ]   Averaging SA over 5 runs per seed (10 seeds)
[14:41:41] [INFO ]     Seed 1/10 trace 3848: avg_prob=0.710 [PASS]
[14:41:42] [INFO ]     Seed 2/10 trace 279: avg_prob=0.696 [PASS]
[14:41:43] [INFO ]     Seed 3/10 trace 2037: avg_prob=0.730 [PASS]
[14:41:45] [INFO ]     Seed 4/10 trace 3011: avg_prob=0.702 [PASS]
[14:41:46] [INFO ]     Seed 5/10 trace 3630: avg_prob=0.640 [PASS]
[14:41:47] [INFO ]     Seed 6/10 trace 1409: avg_prob=0.648 [PASS]
[14:41:48] [INFO ]     Seed 7/10 trace 908: avg_prob=0.649 [PASS]
[14:41:50] [INFO ]     Seed 8/10 trace 52: avg_prob=0.695 [PASS]
[14:41:51] [INFO ]     Seed 9/10 trace 665: avg_prob=0.694 [PASS]
[14:41:52] [INFO ]     Seed 10/10 trace 3273: avg_prob=0.635 [PASS]
[14:41:52] [INFO ]   Detected 0 high-confidence faults
[14:41:52] [INFO ]   Step 2 complete
[14:41:52] [INFO ] 
[14:41:52] [INFO ] STEP 3 — Bounding boxes
[14:41:52] [INFO ]   Generated 0 boxes
[14:41:52] [INFO ]   Step 3 complete
[14:41:52] [INFO ] 
[14:41:52] [INFO ] STEP 4 — Dataset building
[14:41:52] [INFO ]   Saving labeled review image...
[14:41:52] [INFO ]   Saved: f387stk23_labeled.png
[14:41:52] [INFO ]   Split: train
[14:41:52] [INFO ]   Added 0 annotations to train.json
[14:41:52] [INFO ]   train.json: 114 images, 38 annotations
[14:41:52] [INFO ]   val.json:   28 images,  8 annotations
[14:41:52] [INFO ]   Step 4 complete
[14:41:52] [INFO ] 
[14:41:52] [INFO ]   DONE  f387stk23  →  train  |  0 faults  |  0 boxes
[14:41:52] [INFO ] 
[14:41:52] [INFO ] ──────────────────────────────────────────────────
[14:41:52] [INFO ]   LINE: f387stk24
[14:41:52] [INFO ] ──────────────────────────────────────────────────
[14:41:52] [INFO ] Dataset  : namss.F-3-87-AA.mcs.airgun
[14:41:52] [INFO ] SGY      : ../../airgun_data/namss.F-3-87-AA.mcs.airgun/Data/f387stk24.sgy
[14:41:52] [INFO ] NAV      : ../../airgun_data/namss.F-3-87-AA.mcs.airgun/Navigation/f-3-87-aa_NAV-WGS84.csv
[14:41:52] [INFO ] SA mode  : averaged 5x 
[14:41:52] [INFO ] 
[14:41:52] [INFO ] STEP 1 — Feature extraction
[14:41:52] [INFO ]   Loading navigation...
[14:41:52] [INFO ]   Loading SEG-Y...
[14:41:52] [INFO ]   Traces: 2569  Samples: 3000  dt: 4.000 ms
[14:41:52] [INFO ]   Depth:  0.0 m → 8997.0 m
[14:41:52] [INFO ]   Matching traces to navigation...
[14:41:52] [INFO ]   NAV line matched via translation: 'f387stk24' -> 'F387-24'
[14:41:52] [INFO ]   Matched 2568 / 2569 traces
[14:41:52] [INFO ]   Bandpass filtering...
[14:41:53] [INFO ]   Computing seismic attributes...
[14:41:53] [INFO ]   Picking seafloor...
[14:42:10] [INFO ]   Seafloor depth: 750–6864 m  (0 shallow traces masked)
[14:42:10] [INFO ]   Picking horizons...
[14:42:10] [INFO ]   Computing NCC coherence (slow)...
[14:42:11] [INFO ]   Saving CNN section image...
[14:42:11] [INFO ]   Saved: f387stk24_section_cnn.png  (2700x1500px)
[14:42:11] [INFO ]   Step 1 complete
[14:42:11] [INFO ] 
[14:42:11] [INFO ] STEP 2 — Fault detection
[14:42:11] [INFO ]   Mode: averaged SA (5 runs per seed)
[14:42:12] [INFO ]   Averaging SA over 5 runs per seed (3 seeds)
[14:42:13] [INFO ]     Seed 1/3 trace 2173: avg_prob=0.754 [PASS]
[14:42:15] [INFO ]     Seed 2/3 trace 2514: avg_prob=0.754 [PASS]
[14:42:16] [INFO ]     Seed 3/3 trace 1717: avg_prob=0.646 [PASS]
[14:42:16] [INFO ]   Detected 2 high-confidence faults
[14:42:16] [INFO ]     Fault  1 | trace ~ 2171 | prob=0.754
[14:42:16] [INFO ]     Fault  2 | trace ~ 2512 | prob=0.754
[14:42:16] [INFO ]   Step 2 complete
[14:42:16] [INFO ] 
[14:42:16] [INFO ] STEP 3 — Bounding boxes
[14:42:16] [INFO ]   Box  1 | [2217, 170, 139w, 117h px]
[14:42:16] [INFO ]   Box  2 | [2552, 138, 148w, 122h px]
[14:42:16] [INFO ]   Generated 2 boxes
[14:42:16] [INFO ]   Step 3 complete
[14:42:16] [INFO ] 
[14:42:16] [INFO ] STEP 4 — Dataset building
[14:42:16] [INFO ]   Saving labeled review image...
[14:42:16] [INFO ]   Saved: f387stk24_labeled.png
[14:42:16] [INFO ]   Split: train
[14:42:16] [INFO ]   Added 2 annotations to train.json
[14:42:16] [INFO ]   train.json: 115 images, 40 annotations
[14:42:16] [INFO ]   val.json:   28 images,  8 annotations
[14:42:16] [INFO ]   Step 4 complete
[14:42:16] [INFO ] 
[14:42:16] [INFO ]   DONE  f387stk24  →  train  |  2 faults  |  2 boxes
[14:42:16] [INFO ] 
[14:42:16] [INFO ] ──────────────────────────────────────────────────
[14:42:16] [INFO ]   LINE: f387stk25
[14:42:16] [INFO ] ──────────────────────────────────────────────────
[14:42:16] [INFO ] Dataset  : namss.F-3-87-AA.mcs.airgun
[14:42:16] [INFO ] SGY      : ../../airgun_data/namss.F-3-87-AA.mcs.airgun/Data/f387stk25.sgy
[14:42:16] [INFO ] NAV      : ../../airgun_data/namss.F-3-87-AA.mcs.airgun/Navigation/f-3-87-aa_NAV-WGS84.csv
[14:42:16] [INFO ] SA mode  : averaged 5x 
[14:42:16] [INFO ] 
[14:42:16] [INFO ] STEP 1 — Feature extraction
[14:42:16] [INFO ]   Loading navigation...
[14:42:16] [INFO ]   Loading SEG-Y...
[14:42:16] [INFO ]   Traces: 1874  Samples: 3000  dt: 4.000 ms
[14:42:16] [INFO ]   Depth:  0.0 m → 8997.0 m
[14:42:16] [INFO ]   Matching traces to navigation...
[14:42:16] [INFO ]   NAV line matched via translation: 'f387stk25' -> 'F387-25'
[14:42:16] [INFO ]   Matched 1873 / 1874 traces
[14:42:16] [INFO ]   Bandpass filtering...
[14:42:16] [INFO ]   Computing seismic attributes...
[14:42:17] [INFO ]   Picking seafloor...
[14:42:17] [INFO ]   Seafloor depth: 510–1725 m  (368 shallow traces masked)
[14:42:17] [INFO ]   Picking horizons...
[14:42:17] [INFO ]   Computing NCC coherence (slow)...
[14:42:17] [INFO ]   Saving CNN section image...
[14:42:17] [INFO ]   Saved: f387stk25_section_cnn.png  (2700x1500px)
[14:42:17] [INFO ]   Step 1 complete
[14:42:17] [INFO ] 
[14:42:17] [INFO ] STEP 2 — Fault detection
[14:42:17] [INFO ]   Mode: averaged SA (5 runs per seed)
[14:42:19] [INFO ]   Averaging SA over 5 runs per seed (4 seeds)
[14:42:20] [INFO ]     Seed 1/4 trace 72: avg_prob=0.714 [PASS]
[14:42:21] [INFO ]     Seed 2/4 trace 782: avg_prob=0.708 [PASS]
[14:42:22] [INFO ]     Seed 3/4 trace 1534: avg_prob=0.655 [PASS]
[14:42:24] [INFO ]     Seed 4/4 trace 437: avg_prob=0.578 [PASS]
[14:42:24] [INFO ]   Detected 0 high-confidence faults
[14:42:24] [INFO ]   Step 2 complete
[14:42:24] [INFO ] 
[14:42:24] [INFO ] STEP 3 — Bounding boxes
[14:42:24] [INFO ]   Generated 0 boxes
[14:42:24] [INFO ]   Step 3 complete
[14:42:24] [INFO ] 
[14:42:24] [INFO ] STEP 4 — Dataset building
[14:42:24] [INFO ]   Saving labeled review image...
[14:42:24] [INFO ]   Saved: f387stk25_labeled.png
[14:42:24] [INFO ]   Split: train
[14:42:24] [INFO ]   Added 0 annotations to train.json
[14:42:24] [INFO ]   train.json: 116 images, 40 annotations
[14:42:24] [INFO ]   val.json:   28 images,  8 annotations
[14:42:24] [INFO ]   Step 4 complete
[14:42:24] [INFO ] 
[14:42:24] [INFO ]   DONE  f387stk25  →  train  |  0 faults  |  0 boxes
[14:42:24] [INFO ] 
[14:42:24] [INFO ] ──────────────────────────────────────────────────
[14:42:24] [INFO ]   LINE: f387stk26
[14:42:24] [INFO ] ──────────────────────────────────────────────────
[14:42:24] [INFO ] Dataset  : namss.F-3-87-AA.mcs.airgun
[14:42:24] [INFO ] SGY      : ../../airgun_data/namss.F-3-87-AA.mcs.airgun/Data/f387stk26.sgy
[14:42:24] [INFO ] NAV      : ../../airgun_data/namss.F-3-87-AA.mcs.airgun/Navigation/f-3-87-aa_NAV-WGS84.csv
[14:42:24] [INFO ] SA mode  : averaged 5x 
[14:42:24] [INFO ] 
[14:42:24] [INFO ] STEP 1 — Feature extraction
[14:42:24] [INFO ]   Loading navigation...
[14:42:24] [INFO ]   Loading SEG-Y...
[14:42:24] [INFO ]   Traces: 179  Samples: 3000  dt: 4.000 ms
[14:42:24] [INFO ]   Depth:  0.0 m → 8997.0 m
[14:42:24] [INFO ]   Matching traces to navigation...
[14:42:24] [INFO ]   NAV line matched via translation: 'f387stk26' -> 'F387-26'
[14:42:24] [INFO ]   Matched 178 / 179 traces
[14:42:24] [INFO ]   Bandpass filtering...
[14:42:24] [INFO ]   Computing seismic attributes...
[14:42:24] [INFO ]   Picking seafloor...
[14:42:24] [INFO ]   Seafloor depth: 1197–1854 m  (0 shallow traces masked)
[14:42:24] [INFO ]   Picking horizons...
[14:42:24] [INFO ]   Computing NCC coherence (slow)...
[14:42:24] [INFO ]   Saving CNN section image...
[14:42:24] [INFO ]   Saved: f387stk26_section_cnn.png  (2700x1500px)
[14:42:24] [INFO ]   Step 1 complete
[14:42:24] [INFO ] 
[14:42:24] [INFO ] STEP 2 — Fault detection
[14:42:24] [INFO ]   Mode: averaged SA (5 runs per seed)
[14:42:24] [INFO ]   Averaging SA over 5 runs per seed (1 seeds)
[14:42:25] [INFO ]     Seed 1/1 trace 64: avg_prob=0.695 [PASS]
[14:42:25] [INFO ]   Detected 0 high-confidence faults
[14:42:25] [INFO ]   Step 2 complete
[14:42:25] [INFO ] 
[14:42:25] [INFO ] STEP 3 — Bounding boxes
[14:42:25] [INFO ]   Generated 0 boxes
[14:42:25] [INFO ]   Step 3 complete
[14:42:25] [INFO ] 
[14:42:25] [INFO ] STEP 4 — Dataset building
[14:42:25] [INFO ]   Saving labeled review image...
[14:42:26] [INFO ]   Saved: f387stk26_labeled.png
[14:42:26] [INFO ]   Split: val
[14:42:26] [INFO ]   Added 0 annotations to val.json
[14:42:26] [INFO ]   train.json: 116 images, 40 annotations
[14:42:26] [INFO ]   val.json:   29 images,  8 annotations
[14:42:26] [INFO ]   Step 4 complete
[14:42:26] [INFO ] 
[14:42:26] [INFO ]   DONE  f387stk26  →  val  |  0 faults  |  0 boxes
[14:42:26] [INFO ] 
[14:42:26] [INFO ] ──────────────────────────────────────────────────
[14:42:26] [INFO ]   LINE: f387stk27
[14:42:26] [INFO ] ──────────────────────────────────────────────────
[14:42:26] [INFO ] Dataset  : namss.F-3-87-AA.mcs.airgun
[14:42:26] [INFO ] SGY      : ../../airgun_data/namss.F-3-87-AA.mcs.airgun/Data/f387stk27.sgy
[14:42:26] [INFO ] NAV      : ../../airgun_data/namss.F-3-87-AA.mcs.airgun/Navigation/f-3-87-aa_NAV-WGS84.csv
[14:42:26] [INFO ] SA mode  : averaged 5x 
[14:42:26] [INFO ] 
[14:42:26] [INFO ] STEP 1 — Feature extraction
[14:42:26] [INFO ]   Loading navigation...
[14:42:26] [INFO ]   Loading SEG-Y...
[14:42:26] [INFO ]   Traces: 1494  Samples: 3000  dt: 4.000 ms
[14:42:26] [INFO ]   Depth:  0.0 m → 8997.0 m
[14:42:26] [INFO ]   Matching traces to navigation...
[14:42:26] [INFO ]   NAV line matched via translation: 'f387stk27' -> 'F387-27'
[14:42:26] [INFO ]   Matched 1493 / 1494 traces
[14:42:26] [INFO ]   Bandpass filtering...
[14:42:26] [INFO ]   Computing seismic attributes...
[14:42:26] [INFO ]   Picking seafloor...
[14:42:26] [INFO ]   Seafloor depth: 1155–3450 m  (0 shallow traces masked)
[14:42:26] [INFO ]   Picking horizons...
[14:42:26] [INFO ]   Computing NCC coherence (slow)...
[14:42:26] [INFO ]   Saving CNN section image...
[14:42:27] [INFO ]   Saved: f387stk27_section_cnn.png  (2700x1500px)
[14:42:27] [INFO ]   Step 1 complete
[14:42:27] [INFO ] 
[14:42:27] [INFO ] STEP 2 — Fault detection
[14:42:27] [INFO ]   Mode: averaged SA (5 runs per seed)
[14:42:27] [INFO ]   Averaging SA over 5 runs per seed (6 seeds)
[14:42:29] [INFO ]     Seed 1/6 trace 143: avg_prob=0.524 [PASS]
[14:42:30] [INFO ]     Seed 2/6 trace 1014: avg_prob=0.372 [FAIL]
[14:42:36] [INFO ]     Seed 3/6 trace 1238: avg_prob=0.439 [FAIL]
[14:42:37] [INFO ]     Seed 4/6 trace 1445: avg_prob=0.377 [FAIL]
[14:42:38] [INFO ]     Seed 5/6 trace 453: avg_prob=0.419 [FAIL]
[14:42:39] [INFO ]     Seed 6/6 trace 704: avg_prob=0.395 [FAIL]
[14:42:39] [INFO ]   Detected 0 high-confidence faults
[14:42:39] [INFO ]   Step 2 complete
[14:42:39] [INFO ] 
[14:42:39] [INFO ] STEP 3 — Bounding boxes
[14:42:39] [INFO ]   Generated 0 boxes
[14:42:39] [INFO ]   Step 3 complete
[14:42:39] [INFO ] 
[14:42:39] [INFO ] STEP 4 — Dataset building
[14:42:39] [INFO ]   Saving labeled review image...
[14:42:39] [INFO ]   Saved: f387stk27_labeled.png
[14:42:39] [INFO ]   Split: train
[14:42:39] [INFO ]   Added 0 annotations to train.json
[14:42:39] [INFO ]   train.json: 117 images, 40 annotations
[14:42:39] [INFO ]   val.json:   29 images,  8 annotations
[14:42:39] [INFO ]   Step 4 complete
[14:42:39] [INFO ] 
[14:42:39] [INFO ]   DONE  f387stk27  →  train  |  0 faults  |  0 boxes
[14:42:39] [INFO ] 
[14:42:39] [INFO ] ──────────────────────────────────────────────────
[14:42:39] [INFO ]   LINE: f387stk28
[14:42:39] [INFO ] ──────────────────────────────────────────────────
[14:42:39] [INFO ] Dataset  : namss.F-3-87-AA.mcs.airgun
[14:42:39] [INFO ] SGY      : ../../airgun_data/namss.F-3-87-AA.mcs.airgun/Data/f387stk28.sgy
[14:42:39] [INFO ] NAV      : ../../airgun_data/namss.F-3-87-AA.mcs.airgun/Navigation/f-3-87-aa_NAV-WGS84.csv
[14:42:39] [INFO ] SA mode  : averaged 5x 
[14:42:39] [INFO ] 
[14:42:39] [INFO ] STEP 1 — Feature extraction
[14:42:39] [INFO ]   Loading navigation...
[14:42:39] [INFO ]   Loading SEG-Y...
[14:42:39] [INFO ]   Traces: 453  Samples: 3000  dt: 4.000 ms
[14:42:39] [INFO ]   Depth:  0.0 m → 8997.0 m
[14:42:39] [INFO ]   Matching traces to navigation...
[14:42:39] [INFO ]   NAV line matched via translation: 'f387stk28' -> 'F387-28'
[14:42:39] [INFO ]   Matched 452 / 453 traces
[14:42:39] [INFO ]   Bandpass filtering...
[14:42:40] [INFO ]   Computing seismic attributes...
[14:42:40] [INFO ]   Picking seafloor...
[14:42:40] [INFO ]   Seafloor depth: 987–2508 m  (0 shallow traces masked)
[14:42:40] [INFO ]   Picking horizons...
[14:42:40] [INFO ]   Computing NCC coherence (slow)...
[14:42:40] [INFO ]   Saving CNN section image...
[14:42:40] [INFO ]   Saved: f387stk28_section_cnn.png  (2700x1500px)
[14:42:40] [INFO ]   Step 1 complete
[14:42:40] [INFO ] 
[14:42:40] [INFO ] STEP 2 — Fault detection
[14:42:40] [INFO ]   Mode: averaged SA (5 runs per seed)
[14:42:40] [INFO ]   Averaging SA over 5 runs per seed (1 seeds)
[14:42:41] [INFO ]     Seed 1/1 trace 83: avg_prob=0.725 [PASS]
[14:42:41] [INFO ]   Detected 0 high-confidence faults
[14:42:41] [INFO ]   Step 2 complete
[14:42:41] [INFO ] 
[14:42:41] [INFO ] STEP 3 — Bounding boxes
[14:42:41] [INFO ]   Generated 0 boxes
[14:42:41] [INFO ]   Step 3 complete
[14:42:41] [INFO ] 
[14:42:41] [INFO ] STEP 4 — Dataset building
[14:42:41] [INFO ]   Saving labeled review image...
[14:42:41] [INFO ]   Saved: f387stk28_labeled.png
[14:42:41] [INFO ]   Split: train
[14:42:41] [INFO ]   Added 0 annotations to train.json
[14:42:41] [INFO ]   train.json: 118 images, 40 annotations
[14:42:41] [INFO ]   val.json:   29 images,  8 annotations
[14:42:41] [INFO ]   Step 4 complete
[14:42:41] [INFO ] 
[14:42:41] [INFO ]   DONE  f387stk28  →  train  |  0 faults  |  0 boxes
[14:42:41] [INFO ] 
[14:42:41] [INFO ] ──────────────────────────────────────────────────
[14:42:41] [INFO ]   LINE: f387stk29
[14:42:41] [INFO ] ──────────────────────────────────────────────────
[14:42:41] [INFO ] Dataset  : namss.F-3-87-AA.mcs.airgun
[14:42:41] [INFO ] SGY      : ../../airgun_data/namss.F-3-87-AA.mcs.airgun/Data/f387stk29.sgy
[14:42:41] [INFO ] NAV      : ../../airgun_data/namss.F-3-87-AA.mcs.airgun/Navigation/f-3-87-aa_NAV-WGS84.csv
[14:42:41] [INFO ] SA mode  : averaged 5x 
[14:42:41] [INFO ] 
[14:42:41] [INFO ] STEP 1 — Feature extraction
[14:42:41] [INFO ]   Loading navigation...
[14:42:42] [INFO ]   Loading SEG-Y...
[14:42:42] [INFO ]   Traces: 5257  Samples: 3000  dt: 4.000 ms
[14:42:42] [INFO ]   Depth:  0.0 m → 8997.0 m
[14:42:42] [INFO ]   Matching traces to navigation...
[14:42:42] [INFO ]   NAV line matched via translation: 'f387stk29' -> 'F387-29'
[14:42:42] [INFO ]   Matched 5256 / 5257 traces
[14:42:42] [INFO ]   Bandpass filtering...
[14:42:42] [INFO ]   Computing seismic attributes...
[14:42:43] [INFO ]   Picking seafloor...
[14:42:43] [INFO ]   Seafloor depth: 591–4941 m  (112 shallow traces masked)
[14:42:43] [INFO ]   Picking horizons...
[14:42:44] [INFO ]   Computing NCC coherence (slow)...
[14:42:44] [INFO ]   Saving CNN section image...
[14:42:49] [INFO ]   Saved: f387stk29_section_cnn.png  (2700x1500px)
[14:42:49] [INFO ]   Step 1 complete
[14:42:49] [INFO ] 
[14:42:49] [INFO ] STEP 2 — Fault detection
[14:42:49] [INFO ]   Mode: averaged SA (5 runs per seed)
[14:42:52] [INFO ]   Averaging SA over 5 runs per seed (11 seeds)
[14:42:53] [INFO ]     Seed 1/11 trace 1717: avg_prob=0.679 [PASS]
[14:42:54] [INFO ]     Seed 2/11 trace 2346: avg_prob=0.682 [PASS]
[14:42:56] [INFO ]     Seed 3/11 trace 5086: avg_prob=0.597 [PASS]
[14:42:57] [INFO ]     Seed 4/11 trace 4246: avg_prob=0.669 [PASS]
[14:42:58] [INFO ]     Seed 5/11 trace 3940: avg_prob=0.688 [PASS]
[14:42:59] [INFO ]     Seed 6/11 trace 3639: avg_prob=0.687 [PASS]
[14:43:01] [INFO ]     Seed 7/11 trace 2140: avg_prob=0.644 [PASS]
[14:43:02] [INFO ]     Seed 8/11 trace 2794: avg_prob=0.659 [PASS]
[14:43:03] [INFO ]     Seed 9/11 trace 4879: avg_prob=0.686 [PASS]
[14:43:04] [INFO ]     Seed 10/11 trace 4605: avg_prob=0.616 [PASS]
[14:43:05] [INFO ]     Seed 11/11 trace 1936: avg_prob=0.630 [PASS]
[14:43:05] [INFO ]   Detected 0 high-confidence faults
[14:43:05] [INFO ]   Step 2 complete
[14:43:05] [INFO ] 
[14:43:05] [INFO ] STEP 3 — Bounding boxes
[14:43:05] [INFO ]   Generated 0 boxes
[14:43:05] [INFO ]   Step 3 complete
[14:43:05] [INFO ] 
[14:43:05] [INFO ] STEP 4 — Dataset building
[14:43:05] [INFO ]   Saving labeled review image...
[14:43:05] [INFO ]   Saved: f387stk29_labeled.png
[14:43:05] [INFO ]   Split: train
[14:43:05] [INFO ]   Added 0 annotations to train.json
[14:43:05] [INFO ]   train.json: 119 images, 40 annotations
[14:43:05] [INFO ]   val.json:   29 images,  8 annotations
[14:43:05] [INFO ]   Step 4 complete
[14:43:05] [INFO ] 
[14:43:05] [INFO ]   DONE  f387stk29  →  train  |  0 faults  |  0 boxes
[14:43:05] [INFO ] 
[14:43:05] [INFO ] ──────────────────────────────────────────────────
[14:43:05] [INFO ]   LINE: f387stk30
[14:43:05] [INFO ] ──────────────────────────────────────────────────
[14:43:05] [INFO ] Dataset  : namss.F-3-87-AA.mcs.airgun
[14:43:05] [INFO ] SGY      : ../../airgun_data/namss.F-3-87-AA.mcs.airgun/Data/f387stk30.sgy
[14:43:05] [INFO ] NAV      : ../../airgun_data/namss.F-3-87-AA.mcs.airgun/Navigation/f-3-87-aa_NAV-WGS84.csv
[14:43:05] [INFO ] SA mode  : averaged 5x 
[14:43:05] [INFO ] 
[14:43:05] [INFO ] STEP 1 — Feature extraction
[14:43:05] [INFO ]   Loading navigation...
[14:43:05] [INFO ]   Loading SEG-Y...
[14:43:05] [INFO ]   Traces: 363  Samples: 3000  dt: 4.000 ms
[14:43:05] [INFO ]   Depth:  0.0 m → 8997.0 m
[14:43:05] [INFO ]   Matching traces to navigation...
[14:43:05] [INFO ]   NAV line matched via translation: 'f387stk30' -> 'F387-30'
[14:43:06] [INFO ]   Matched 362 / 363 traces
[14:43:06] [INFO ]   Bandpass filtering...
[14:43:06] [INFO ]   Computing seismic attributes...
[14:43:06] [INFO ]   Picking seafloor...
[14:43:06] [INFO ]   Seafloor depth: 324–795 m  (146 shallow traces masked)
[14:43:06] [INFO ]   Picking horizons...
[14:43:06] [INFO ]   Computing NCC coherence (slow)...
[14:43:06] [INFO ]   Saving CNN section image...
[14:43:06] [INFO ]   Saved: f387stk30_section_cnn.png  (2700x1500px)
[14:43:06] [INFO ]   Step 1 complete
[14:43:06] [INFO ] 
[14:43:06] [INFO ] STEP 2 — Fault detection
[14:43:06] [INFO ]   Mode: averaged SA (5 runs per seed)
[14:43:06] [INFO ]   Averaging SA over 5 runs per seed (2 seeds)
[14:43:10] [INFO ]     Seed 1/2 trace 113: avg_prob=0.807 [PASS]
[14:43:11] [INFO ]     Seed 2/2 trace 339: avg_prob=0.704 [PASS]
[14:43:11] [INFO ]   Detected 1 high-confidence faults
[14:43:11] [INFO ]     Fault  1 | trace ~  120 | prob=0.807
[14:43:11] [INFO ]   Step 2 complete
[14:43:11] [INFO ] 
[14:43:11] [INFO ] STEP 3 — Bounding boxes
[14:43:11] [INFO ]   Box  1 | [325, 67, 1192w, 129h px]
[14:43:11] [INFO ]   Generated 1 boxes
[14:43:11] [INFO ]   Step 3 complete
[14:43:11] [INFO ] 
[14:43:11] [INFO ] STEP 4 — Dataset building
[14:43:11] [INFO ]   Saving labeled review image...
[14:43:11] [INFO ]   Saved: f387stk30_labeled.png
[14:43:11] [INFO ]   Split: train
[14:43:11] [INFO ]   Added 1 annotations to train.json
[14:43:11] [INFO ]   train.json: 120 images, 41 annotations
[14:43:11] [INFO ]   val.json:   29 images,  8 annotations
[14:43:11] [INFO ]   Step 4 complete
[14:43:11] [INFO ] 
[14:43:11] [INFO ]   DONE  f387stk30  →  train  |  1 faults  |  1 boxes
[14:43:11] [INFO ] 
[14:43:11] [INFO ] ──────────────────────────────────────────────────
[14:43:11] [INFO ]   LINE: f387stk31
[14:43:11] [INFO ] ──────────────────────────────────────────────────
[14:43:11] [INFO ] Dataset  : namss.F-3-87-AA.mcs.airgun
[14:43:11] [INFO ] SGY      : ../../airgun_data/namss.F-3-87-AA.mcs.airgun/Data/f387stk31.sgy
[14:43:11] [INFO ] NAV      : ../../airgun_data/namss.F-3-87-AA.mcs.airgun/Navigation/f-3-87-aa_NAV-WGS84.csv
[14:43:11] [INFO ] SA mode  : averaged 5x 
[14:43:11] [INFO ] 
[14:43:11] [INFO ] STEP 1 — Feature extraction
[14:43:11] [INFO ]   Loading navigation...
[14:43:11] [INFO ]   Loading SEG-Y...
[14:43:11] [INFO ]   Traces: 1751  Samples: 3000  dt: 4.000 ms
[14:43:11] [INFO ]   Depth:  0.0 m → 8997.0 m
[14:43:11] [INFO ]   Matching traces to navigation...
[14:43:11] [INFO ]   NAV line matched via translation: 'f387stk31' -> 'F387-31'
[14:43:12] [INFO ]   Matched 1750 / 1751 traces
[14:43:12] [INFO ]   Bandpass filtering...
[14:43:12] [INFO ]   Computing seismic attributes...
[14:43:12] [INFO ]   Picking seafloor...
[14:43:12] [INFO ]   Seafloor depth: 885–2931 m  (0 shallow traces masked)
[14:43:12] [INFO ]   Picking horizons...
[14:43:12] [INFO ]   Computing NCC coherence (slow)...
[14:43:12] [INFO ]   Saving CNN section image...
[14:43:13] [INFO ]   Saved: f387stk31_section_cnn.png  (2700x1500px)
[14:43:13] [INFO ]   Step 1 complete
[14:43:13] [INFO ] 
[14:43:13] [INFO ] STEP 2 — Fault detection
[14:43:13] [INFO ]   Mode: averaged SA (5 runs per seed)
[14:43:13] [INFO ]   Averaging SA over 5 runs per seed (7 seeds)
[14:43:15] [INFO ]     Seed 1/7 trace 440: avg_prob=0.646 [PASS]
[14:43:16] [INFO ]     Seed 2/7 trace 1278: avg_prob=0.702 [PASS]
[14:43:17] [INFO ]     Seed 3/7 trace 640: avg_prob=0.668 [PASS]
[14:43:18] [INFO ]     Seed 4/7 trace 40: avg_prob=0.487 [PASS]
[14:43:19] [INFO ]     Seed 5/7 trace 1715: avg_prob=0.640 [PASS]
[14:43:21] [INFO ]     Seed 6/7 trace 1029: avg_prob=0.623 [PASS]
[14:43:22] [INFO ]     Seed 7/7 trace 1483: avg_prob=0.642 [PASS]
[14:43:22] [INFO ]   Detected 0 high-confidence faults
[14:43:22] [INFO ]   Step 2 complete
[14:43:22] [INFO ] 
[14:43:22] [INFO ] STEP 3 — Bounding boxes
[14:43:22] [INFO ]   Generated 0 boxes
[14:43:22] [INFO ]   Step 3 complete
[14:43:22] [INFO ] 
[14:43:22] [INFO ] STEP 4 — Dataset building
[14:43:22] [INFO ]   Saving labeled review image...
[14:43:22] [INFO ]   Saved: f387stk31_labeled.png
[14:43:22] [INFO ]   Split: val
[14:43:22] [INFO ]   Added 0 annotations to val.json
[14:43:22] [INFO ]   train.json: 120 images, 41 annotations
[14:43:22] [INFO ]   val.json:   30 images,  8 annotations
[14:43:22] [INFO ]   Step 4 complete
[14:43:22] [INFO ] 
[14:43:22] [INFO ]   DONE  f387stk31  →  val  |  0 faults  |  0 boxes
[14:43:22] [INFO ] 
[14:43:22] [INFO ] ──────────────────────────────────────────────────
[14:43:22] [INFO ]   LINE: f387stk32
[14:43:22] [INFO ] ──────────────────────────────────────────────────
[14:43:22] [INFO ] Dataset  : namss.F-3-87-AA.mcs.airgun
[14:43:22] [INFO ] SGY      : ../../airgun_data/namss.F-3-87-AA.mcs.airgun/Data/f387stk32.sgy
[14:43:22] [INFO ] NAV      : ../../airgun_data/namss.F-3-87-AA.mcs.airgun/Navigation/f-3-87-aa_NAV-WGS84.csv
[14:43:22] [INFO ] SA mode  : averaged 5x 
[14:43:22] [INFO ] 
[14:43:22] [INFO ] STEP 1 — Feature extraction
[14:43:22] [INFO ]   Loading navigation...
[14:43:22] [INFO ]   Loading SEG-Y...
[14:43:22] [ERROR] SKIPPING f387stk32 (namss.F-3-87-AA.mcs.airgun): 'julday' out of bounds for year 1987: 0
[14:43:22] [ERROR]   Traceback (most recent call last):
[14:43:22] [ERROR]     File "/Users/lennylukach/Personal/School/CS4100/namss/pipeline/src/pipeline.py", line 848, in <module>
[14:43:22] [ERROR]       process_line(line, sgy_path, nav_path, dataset)
[14:43:22] [ERROR]     File "/Users/lennylukach/Personal/School/CS4100/namss/pipeline/src/pipeline.py", line 405, in process_line
[14:43:22] [ERROR]       st = read(sgy_path)
[14:43:22] [ERROR]     File "/Users/lennylukach/Personal/School/CS4100/namss/venv/lib/python3.10/site-packages/decorator.py", line 235, in fun
[14:43:22] [ERROR]       return caller(func, *(extras + args), **kw)
[14:43:22] [ERROR]     File "/Users/lennylukach/Personal/School/CS4100/namss/venv/lib/python3.10/site-packages/obspy/core/util/decorator.py", line 298, in _map_example_filename
[14:43:22] [ERROR]       return func(*args, **kwargs)
[14:43:22] [ERROR]     File "/Users/lennylukach/Personal/School/CS4100/namss/venv/lib/python3.10/site-packages/obspy/core/stream.py", line 210, in read
[14:43:22] [ERROR]       st = _generic_reader(pathname_or_url, _read, **kwargs)
[14:43:22] [ERROR]     File "/Users/lennylukach/Personal/School/CS4100/namss/venv/lib/python3.10/site-packages/obspy/core/util/base.py", line 822, in _generic_reader
[14:43:22] [ERROR]       generic = callback_func(pathnames[0], **kwargs)
[14:43:22] [ERROR]     File "/Users/lennylukach/Personal/School/CS4100/namss/venv/lib/python3.10/site-packages/decorator.py", line 235, in fun
[14:43:22] [ERROR]       return caller(func, *(extras + args), **kw)
[14:43:22] [ERROR]     File "/Users/lennylukach/Personal/School/CS4100/namss/venv/lib/python3.10/site-packages/obspy/core/util/decorator.py", line 209, in uncompress_file
[14:43:22] [ERROR]       result = func(filename, *args, **kwargs)
[14:43:22] [ERROR]     File "/Users/lennylukach/Personal/School/CS4100/namss/venv/lib/python3.10/site-packages/obspy/core/stream.py", line 255, in _read
[14:43:22] [ERROR]       stream, format = _read_from_plugin('waveform', filename, format=format,
[14:43:22] [ERROR]     File "/Users/lennylukach/Personal/School/CS4100/namss/venv/lib/python3.10/site-packages/obspy/core/util/base.py", line 559, in _read_from_plugin
[14:43:22] [ERROR]       list_obj = read_format(filename, **kwargs)
[14:43:22] [ERROR]     File "/Users/lennylukach/Personal/School/CS4100/namss/venv/lib/python3.10/site-packages/obspy/io/segy/core.py", line 204, in _read_segy
[14:43:22] [ERROR]       stream.append(tr.to_obspy_trace(
[14:43:22] [ERROR]     File "/Users/lennylukach/Personal/School/CS4100/namss/venv/lib/python3.10/site-packages/obspy/io/segy/segy.py", line 775, in to_obspy_trace
[14:43:22] [ERROR]       trace.stats.starttime = UTCDateTime(
[14:43:22] [ERROR]     File "/Users/lennylukach/Personal/School/CS4100/namss/venv/lib/python3.10/site-packages/obspy/core/utcdatetime.py", line 440, in __init__
[14:43:22] [ERROR]       raise ValueError(msg)
[14:43:22] [ERROR]   ValueError: 'julday' out of bounds for year 1987: 0
[14:43:22] [INFO ] 
[14:43:22] [INFO ] ──────────────────────────────────────────────────
[14:43:22] [INFO ]   LINE: f387stk33
[14:43:22] [INFO ] ──────────────────────────────────────────────────
[14:43:22] [INFO ] Dataset  : namss.F-3-87-AA.mcs.airgun
[14:43:22] [INFO ] SGY      : ../../airgun_data/namss.F-3-87-AA.mcs.airgun/Data/f387stk33.sgy
[14:43:22] [INFO ] NAV      : ../../airgun_data/namss.F-3-87-AA.mcs.airgun/Navigation/f-3-87-aa_NAV-WGS84.csv
[14:43:22] [INFO ] SA mode  : averaged 5x 
[14:43:22] [INFO ] 
[14:43:22] [INFO ] STEP 1 — Feature extraction
[14:43:22] [INFO ]   Loading navigation...
[14:43:22] [INFO ]   Loading SEG-Y...
[14:43:23] [INFO ]   Traces: 2772  Samples: 3000  dt: 4.000 ms
[14:43:23] [INFO ]   Depth:  0.0 m → 8997.0 m
[14:43:23] [INFO ]   Matching traces to navigation...
[14:43:23] [INFO ]   NAV line matched via translation: 'f387stk33' -> 'F387-33'
[14:43:23] [INFO ]   Matched 2771 / 2772 traces
[14:43:23] [INFO ]   Bandpass filtering...
[14:43:23] [INFO ]   Computing seismic attributes...
[14:43:23] [INFO ]   Picking seafloor...
[14:43:23] [INFO ]   Seafloor depth: 1959–6825 m  (0 shallow traces masked)
[14:43:23] [INFO ]   Picking horizons...
[14:43:24] [INFO ]   Computing NCC coherence (slow)...
[14:43:24] [INFO ]   Saving CNN section image...
[14:43:25] [INFO ]   Saved: f387stk33_section_cnn.png  (2700x1500px)
[14:43:25] [INFO ]   Step 1 complete
[14:43:25] [INFO ] 
[14:43:25] [INFO ] STEP 2 — Fault detection
[14:43:25] [INFO ]   Mode: averaged SA (5 runs per seed)
[14:43:26] [INFO ]   Averaging SA over 5 runs per seed (2 seeds)
[14:43:29] [INFO ]     Seed 1/2 trace 182: avg_prob=0.680 [PASS]
[14:43:30] [INFO ]     Seed 2/2 trace 440: avg_prob=0.698 [PASS]
[14:43:30] [INFO ]   Detected 0 high-confidence faults
[14:43:30] [INFO ]   Step 2 complete
[14:43:30] [INFO ] 
[14:43:30] [INFO ] STEP 3 — Bounding boxes
[14:43:30] [INFO ]   Generated 0 boxes
[14:43:30] [INFO ]   Step 3 complete
[14:43:30] [INFO ] 
[14:43:30] [INFO ] STEP 4 — Dataset building
[14:43:30] [INFO ]   Saving labeled review image...
[14:43:30] [INFO ]   Saved: f387stk33_labeled.png
[14:43:30] [INFO ]   Split: train
[14:43:30] [INFO ]   Added 0 annotations to train.json
[14:43:30] [INFO ]   train.json: 121 images, 41 annotations
[14:43:30] [INFO ]   val.json:   30 images,  8 annotations
[14:43:30] [INFO ]   Step 4 complete
[14:43:30] [INFO ] 
[14:43:30] [INFO ]   DONE  f387stk33  →  train  |  0 faults  |  0 boxes
[14:43:30] [INFO ] 
[14:43:30] [INFO ] ──────────────────────────────────────────────────
[14:43:30] [INFO ]   LINE: f387stk34
[14:43:30] [INFO ] ──────────────────────────────────────────────────
[14:43:30] [INFO ] Dataset  : namss.F-3-87-AA.mcs.airgun
[14:43:30] [INFO ] SGY      : ../../airgun_data/namss.F-3-87-AA.mcs.airgun/Data/f387stk34.sgy
[14:43:30] [INFO ] NAV      : ../../airgun_data/namss.F-3-87-AA.mcs.airgun/Navigation/f-3-87-aa_NAV-WGS84.csv
[14:43:30] [INFO ] SA mode  : averaged 5x 
[14:43:30] [INFO ] 
[14:43:30] [INFO ] STEP 1 — Feature extraction
[14:43:30] [INFO ]   Loading navigation...
[14:43:30] [INFO ]   Loading SEG-Y...
[14:43:30] [INFO ]   Traces: 5976  Samples: 3000  dt: 4.000 ms
[14:43:30] [INFO ]   Depth:  0.0 m → 8997.0 m
[14:43:30] [INFO ]   Matching traces to navigation...
[14:43:30] [INFO ]   NAV line matched via translation: 'f387stk34' -> 'F387-34'
[14:43:31] [INFO ]   Matched 5975 / 5976 traces
[14:43:31] [INFO ]   Bandpass filtering...
[14:43:31] [INFO ]   Computing seismic attributes...
[14:43:32] [INFO ]   Picking seafloor...
[14:43:32] [INFO ]   Seafloor depth: 3372–5532 m  (0 shallow traces masked)
[14:43:32] [INFO ]   Picking horizons...
[14:43:32] [INFO ]   Computing NCC coherence (slow)...
[14:43:33] [INFO ]   Saving CNN section image...
[14:43:34] [INFO ]   Saved: f387stk34_section_cnn.png  (2700x1500px)
[14:43:34] [INFO ]   Step 1 complete
[14:43:34] [INFO ] 
[14:43:34] [INFO ] STEP 2 — Fault detection
[14:43:34] [INFO ]   Mode: averaged SA (5 runs per seed)
[14:43:39] [INFO ]   Averaging SA over 5 runs per seed (13 seeds)
[14:43:40] [INFO ]     Seed 1/13 trace 273: avg_prob=0.580 [PASS]
[14:43:41] [INFO ]     Seed 2/13 trace 73: avg_prob=0.563 [PASS]
[14:43:42] [INFO ]     Seed 3/13 trace 5756: avg_prob=0.604 [PASS]
[14:43:43] [INFO ]     Seed 4/13 trace 5061: avg_prob=0.601 [PASS]
[14:43:44] [INFO ]     Seed 5/13 trace 4407: avg_prob=0.587 [PASS]
[14:43:46] [INFO ]     Seed 6/13 trace 2870: avg_prob=0.592 [PASS]
[14:43:47] [INFO ]     Seed 7/13 trace 3173: avg_prob=0.537 [PASS]
[14:43:48] [INFO ]     Seed 8/13 trace 3603: avg_prob=0.588 [PASS]
[14:43:49] [INFO ]     Seed 9/13 trace 5502: avg_prob=0.552 [PASS]
[14:44:00] [INFO ]     Seed 10/13 trace 4134: avg_prob=0.556 [PASS]
[14:44:01] [INFO ]     Seed 11/13 trace 3933: avg_prob=0.506 [PASS]
[14:44:02] [INFO ]     Seed 12/13 trace 4686: avg_prob=0.513 [PASS]
[14:44:03] [INFO ]     Seed 13/13 trace 2449: avg_prob=0.520 [PASS]
[14:44:03] [INFO ]   Detected 0 high-confidence faults
[14:44:03] [INFO ]   Step 2 complete
[14:44:03] [INFO ] 
[14:44:03] [INFO ] STEP 3 — Bounding boxes
[14:44:03] [INFO ]   Generated 0 boxes
[14:44:03] [INFO ]   Step 3 complete
[14:44:03] [INFO ] 
[14:44:03] [INFO ] STEP 4 — Dataset building
[14:44:03] [INFO ]   Saving labeled review image...
[14:44:04] [INFO ]   Saved: f387stk34_labeled.png
[14:44:04] [INFO ]   Split: train
[14:44:04] [INFO ]   Added 0 annotations to train.json
[14:44:04] [INFO ]   train.json: 122 images, 41 annotations
[14:44:04] [INFO ]   val.json:   30 images,  8 annotations
[14:44:04] [INFO ]   Step 4 complete
[14:44:04] [INFO ] 
[14:44:04] [INFO ]   DONE  f387stk34  →  train  |  0 faults  |  0 boxes
[14:44:04] [INFO ] 
[14:44:04] [INFO ] ──────────────────────────────────────────────────
[14:44:04] [INFO ]   LINE: f387stk35
[14:44:04] [INFO ] ──────────────────────────────────────────────────
[14:44:04] [INFO ] Dataset  : namss.F-3-87-AA.mcs.airgun
[14:44:04] [INFO ] SGY      : ../../airgun_data/namss.F-3-87-AA.mcs.airgun/Data/f387stk35.sgy
[14:44:04] [INFO ] NAV      : ../../airgun_data/namss.F-3-87-AA.mcs.airgun/Navigation/f-3-87-aa_NAV-WGS84.csv
[14:44:04] [INFO ] SA mode  : averaged 5x 
[14:44:04] [INFO ] 
[14:44:04] [INFO ] STEP 1 — Feature extraction
[14:44:04] [INFO ]   Loading navigation...
[14:44:04] [INFO ]   Loading SEG-Y...
[14:44:04] [INFO ]   Traces: 4705  Samples: 3000  dt: 4.000 ms
[14:44:04] [INFO ]   Depth:  0.0 m → 8997.0 m
[14:44:04] [INFO ]   Matching traces to navigation...
[14:44:04] [INFO ]   NAV line matched via translation: 'f387stk35' -> 'F387-35'
[14:44:04] [INFO ]   Matched 4703 / 4705 traces
[14:44:04] [INFO ]   Bandpass filtering...
[14:44:04] [INFO ]   Computing seismic attributes...
[14:44:05] [INFO ]   Picking seafloor...
[14:44:05] [INFO ]   Seafloor depth: 3300–5271 m  (0 shallow traces masked)
[14:44:05] [INFO ]   Picking horizons...
[14:44:06] [INFO ]   Computing NCC coherence (slow)...
[14:44:06] [INFO ]   Saving CNN section image...
[14:44:07] [INFO ]   Saved: f387stk35_section_cnn.png  (2700x1500px)
[14:44:07] [INFO ]   Step 1 complete
[14:44:07] [INFO ] 
[14:44:07] [INFO ] STEP 2 — Fault detection
[14:44:07] [INFO ]   Mode: averaged SA (5 runs per seed)
[14:44:21] [INFO ]   Averaging SA over 5 runs per seed (12 seeds)
[14:44:22] [INFO ]     Seed 1/12 trace 2641: avg_prob=0.707 [PASS]
[14:44:23] [INFO ]     Seed 2/12 trace 2328: avg_prob=0.674 [PASS]
[14:44:24] [INFO ]     Seed 3/12 trace 3462: avg_prob=0.680 [PASS]
[14:44:25] [INFO ]     Seed 4/12 trace 4500: avg_prob=0.688 [PASS]
[14:44:31] [INFO ]     Seed 5/12 trace 3048: avg_prob=0.720 [PASS]
[14:44:32] [INFO ]     Seed 6/12 trace 3846: avg_prob=0.654 [PASS]
[14:44:34] [INFO ]     Seed 7/12 trace 3260: avg_prob=0.675 [PASS]
[14:44:35] [INFO ]     Seed 8/12 trace 362: avg_prob=0.668 [PASS]
[14:44:36] [INFO ]     Seed 9/12 trace 1636: avg_prob=0.658 [PASS]
[14:44:37] [INFO ]     Seed 10/12 trace 1084: avg_prob=0.665 [PASS]
[14:44:38] [INFO ]     Seed 11/12 trace 4247: avg_prob=0.666 [PASS]
[14:44:40] [INFO ]     Seed 12/12 trace 1932: avg_prob=0.659 [PASS]
[14:44:40] [INFO ]   Detected 0 high-confidence faults
[14:44:40] [INFO ]   Step 2 complete
[14:44:40] [INFO ] 
[14:44:40] [INFO ] STEP 3 — Bounding boxes
[14:44:40] [INFO ]   Generated 0 boxes
[14:44:40] [INFO ]   Step 3 complete
[14:44:40] [INFO ] 
[14:44:40] [INFO ] STEP 4 — Dataset building
[14:44:40] [INFO ]   Saving labeled review image...
[14:44:40] [INFO ]   Saved: f387stk35_labeled.png
[14:44:40] [INFO ]   Split: train
[14:44:40] [INFO ]   Added 0 annotations to train.json
[14:44:40] [INFO ]   train.json: 123 images, 41 annotations
[14:44:40] [INFO ]   val.json:   30 images,  8 annotations
[14:44:40] [INFO ]   Step 4 complete
[14:44:40] [INFO ] 
[14:44:40] [INFO ]   DONE  f387stk35  →  train  |  0 faults  |  0 boxes
[14:44:40] [INFO ] 
[14:44:40] [INFO ] ──────────────────────────────────────────────────
[14:44:40] [INFO ]   LINE: f688stk01
[14:44:40] [INFO ] ──────────────────────────────────────────────────
[14:44:40] [INFO ] Dataset  : namss.F-6-88-HW.mcs.airgun
[14:44:40] [INFO ] SGY      : ../../airgun_data/namss.F-6-88-HW.mcs.airgun/Data/f688stk01.sgy
[14:44:40] [INFO ] NAV      : ../../airgun_data/namss.F-6-88-HW.mcs.airgun/Navigation/f-6-88-hw_NAV-WGS84.csv
[14:44:40] [INFO ] SA mode  : averaged 5x 
[14:44:40] [INFO ] 
[14:44:40] [INFO ] STEP 1 — Feature extraction
[14:44:40] [INFO ]   Loading navigation...
[14:44:40] [INFO ]   Loading SEG-Y...
[14:44:40] [INFO ]   Traces: 3265  Samples: 2750  dt: 4.000 ms
[14:44:40] [INFO ]   Depth:  0.0 m → 8247.0 m
[14:44:40] [INFO ]   Matching traces to navigation...
[14:44:40] [INFO ]   NAV line matched via translation: 'f688stk01' -> '1'
[14:44:40] [INFO ]   Matched 3265 / 3265 traces
[14:44:40] [INFO ]   Bandpass filtering...
[14:44:40] [INFO ]   Computing seismic attributes...
[14:44:41] [INFO ]   Picking seafloor...
[14:44:41] [INFO ]   Seafloor depth: 1053–4581 m  (0 shallow traces masked)
[14:44:41] [INFO ]   Picking horizons...
[14:44:41] [INFO ]   Computing NCC coherence (slow)...
[14:44:41] [INFO ]   Saving CNN section image...
[14:44:42] [INFO ]   Saved: f688stk01_section_cnn.png  (2700x1500px)
[14:44:42] [INFO ]   Step 1 complete
[14:44:42] [INFO ] 
[14:44:42] [INFO ] STEP 2 — Fault detection
[14:44:42] [INFO ]   Mode: averaged SA (5 runs per seed)
[14:45:02] [INFO ]   Averaging SA over 5 runs per seed (8 seeds)
[14:45:03] [INFO ]     Seed 1/8 trace 3177: avg_prob=0.717 [PASS]
[14:45:05] [INFO ]     Seed 2/8 trace 2961: avg_prob=0.758 [PASS]
[14:45:06] [INFO ]     Seed 3/8 trace 1811: avg_prob=0.648 [PASS]
[14:45:07] [INFO ]     Seed 4/8 trace 1335: avg_prob=0.618 [PASS]
[14:45:08] [INFO ]     Seed 5/8 trace 2746: avg_prob=0.632 [PASS]
[14:45:09] [INFO ]     Seed 6/8 trace 286: avg_prob=0.579 [PASS]
[14:45:10] [INFO ]     Seed 7/8 trace 2191: avg_prob=0.588 [PASS]
[14:45:12] [INFO ]     Seed 8/8 trace 71: avg_prob=0.633 [PASS]
[14:45:12] [INFO ]   Detected 1 high-confidence faults
[14:45:12] [INFO ]     Fault  1 | trace ~ 2956 | prob=0.758
[14:45:12] [INFO ]   Step 2 complete
[14:45:12] [INFO ] 
[14:45:12] [INFO ] STEP 3 — Bounding boxes
[14:45:12] [INFO ]   Box  1 | [2386, 392, 115w, 128h px]
[14:45:12] [INFO ]   Generated 1 boxes
[14:45:12] [INFO ]   Step 3 complete
[14:45:12] [INFO ] 
[14:45:12] [INFO ] STEP 4 — Dataset building
[14:45:12] [INFO ]   Saving labeled review image...
[14:45:12] [INFO ]   Saved: f688stk01_labeled.png
[14:45:12] [INFO ]   Split: val
[14:45:12] [INFO ]   Added 1 annotations to val.json
[14:45:12] [INFO ]   train.json: 123 images, 41 annotations
[14:45:12] [INFO ]   val.json:   31 images,  9 annotations
[14:45:12] [INFO ]   Step 4 complete
[14:45:12] [INFO ] 
[14:45:12] [INFO ]   DONE  f688stk01  →  val  |  1 faults  |  1 boxes
[14:45:12] [INFO ] 
[14:45:12] [INFO ] ──────────────────────────────────────────────────
[14:45:12] [INFO ]   LINE: f688stk02
[14:45:12] [INFO ] ──────────────────────────────────────────────────
[14:45:12] [INFO ] Dataset  : namss.F-6-88-HW.mcs.airgun
[14:45:12] [INFO ] SGY      : ../../airgun_data/namss.F-6-88-HW.mcs.airgun/Data/f688stk02.sgy
[14:45:12] [INFO ] NAV      : ../../airgun_data/namss.F-6-88-HW.mcs.airgun/Navigation/f-6-88-hw_NAV-WGS84.csv
[14:45:12] [INFO ] SA mode  : averaged 5x 
[14:45:12] [INFO ] 
[14:45:12] [INFO ] STEP 1 — Feature extraction
[14:45:12] [INFO ]   Loading navigation...
[14:45:12] [INFO ]   Loading SEG-Y...
[14:45:12] [INFO ]   Traces: 2348  Samples: 2250  dt: 4.000 ms
[14:45:12] [INFO ]   Depth:  0.0 m → 6747.0 m
[14:45:12] [INFO ]   Matching traces to navigation...
[14:45:12] [INFO ]   NAV line matched via translation: 'f688stk02' -> '2'
[14:45:12] [INFO ]   Matched 2348 / 2348 traces
[14:45:12] [INFO ]   Bandpass filtering...
[14:45:12] [INFO ]   Computing seismic attributes...
[14:45:12] [INFO ]   Picking seafloor...
[14:45:13] [INFO ]   Seafloor depth: 0–3087 m  (331 shallow traces masked)
[14:45:13] [INFO ]   Picking horizons...
[14:45:13] [INFO ]   Computing NCC coherence (slow)...
[14:45:13] [INFO ]   Saving CNN section image...
[14:45:13] [INFO ]   Saved: f688stk02_section_cnn.png  (2700x1500px)
[14:45:13] [INFO ]   Step 1 complete
[14:45:13] [INFO ] 
[14:45:13] [INFO ] STEP 2 — Fault detection
[14:45:13] [INFO ]   Mode: averaged SA (5 runs per seed)
[14:45:14] [INFO ]   Averaging SA over 5 runs per seed (6 seeds)
[14:45:15] [INFO ]     Seed 1/6 trace 2304: avg_prob=0.698 [PASS]
[14:45:16] [INFO ]     Seed 2/6 trace 1247: avg_prob=0.737 [PASS]
[14:45:18] [INFO ]     Seed 3/6 trace 63: avg_prob=0.693 [PASS]
[14:45:20] [INFO ]     Seed 4/6 trace 2070: avg_prob=0.728 [PASS]
[14:45:21] [INFO ]     Seed 5/6 trace 1840: avg_prob=0.692 [PASS]
[14:45:22] [INFO ]     Seed 6/6 trace 600: avg_prob=0.630 [PASS]
[14:45:22] [INFO ]   Detected 0 high-confidence faults
[14:45:22] [INFO ]   Step 2 complete
[14:45:22] [INFO ] 
[14:45:22] [INFO ] STEP 3 — Bounding boxes
[14:45:22] [INFO ]   Generated 0 boxes
[14:45:22] [INFO ]   Step 3 complete
[14:45:22] [INFO ] 
[14:45:22] [INFO ] STEP 4 — Dataset building
[14:45:22] [INFO ]   Saving labeled review image...
[14:45:22] [INFO ]   Saved: f688stk02_labeled.png
[14:45:22] [INFO ]   Split: train
[14:45:22] [INFO ]   Added 0 annotations to train.json
[14:45:22] [INFO ]   train.json: 124 images, 41 annotations
[14:45:22] [INFO ]   val.json:   31 images,  9 annotations
[14:45:22] [INFO ]   Step 4 complete
[14:45:22] [INFO ] 
[14:45:22] [INFO ]   DONE  f688stk02  →  train  |  0 faults  |  0 boxes
[14:45:22] [INFO ] 
[14:45:22] [INFO ] ──────────────────────────────────────────────────
[14:45:22] [INFO ]   LINE: f688stk02a
[14:45:22] [INFO ] ──────────────────────────────────────────────────
[14:45:22] [INFO ] Dataset  : namss.F-6-88-HW.mcs.airgun
[14:45:22] [INFO ] SGY      : ../../airgun_data/namss.F-6-88-HW.mcs.airgun/Data/f688stk02a.sgy
[14:45:22] [INFO ] NAV      : ../../airgun_data/namss.F-6-88-HW.mcs.airgun/Navigation/f-6-88-hw_NAV-WGS84.csv
[14:45:22] [INFO ] SA mode  : averaged 5x 
[14:45:22] [INFO ] 
[14:45:22] [INFO ] STEP 1 — Feature extraction
[14:45:22] [INFO ]   Loading navigation...
[14:45:22] [INFO ]   Loading SEG-Y...
[14:45:22] [INFO ]   Traces: 768  Samples: 2000  dt: 4.000 ms
[14:45:22] [INFO ]   Depth:  0.0 m → 5997.0 m
[14:45:22] [INFO ]   Matching traces to navigation...
[14:45:22] [INFO ]   NAV line matched via translation: 'f688stk02a' -> '2A'
[14:45:22] [INFO ]   Matched 768 / 768 traces
[14:45:22] [INFO ]   Bandpass filtering...
[14:45:22] [INFO ]   Computing seismic attributes...
[14:45:22] [INFO ]   Picking seafloor...
[14:45:22] [INFO ]   Seafloor depth: 645–2694 m  (0 shallow traces masked)
[14:45:22] [INFO ]   Picking horizons...
[14:45:22] [INFO ]   Computing NCC coherence (slow)...
[14:45:22] [INFO ]   Saving CNN section image...
[14:45:23] [INFO ]   Saved: f688stk02a_section_cnn.png  (2700x1500px)
[14:45:23] [INFO ]   Step 1 complete
[14:45:23] [INFO ] 
[14:45:23] [INFO ] STEP 2 — Fault detection
[14:45:23] [INFO ]   Mode: averaged SA (5 runs per seed)
[14:45:23] [INFO ]   Averaging SA over 5 runs per seed (2 seeds)
[14:45:24] [INFO ]     Seed 1/2 trace 183: avg_prob=0.762 [PASS]
[14:45:25] [INFO ]     Seed 2/2 trace 509: avg_prob=0.636 [PASS]
[14:45:25] [INFO ]   Detected 1 high-confidence faults
[14:45:25] [INFO ]     Fault  1 | trace ~  186 | prob=0.762
[14:45:25] [INFO ]   Step 2 complete
[14:45:25] [INFO ] 
[14:45:25] [INFO ] STEP 3 — Bounding boxes
[14:45:25] [INFO ]   Box  1 | [321, 193, 634w, 167h px]
[14:45:25] [INFO ]   Generated 1 boxes
[14:45:25] [INFO ]   Step 3 complete
[14:45:25] [INFO ] 
[14:45:25] [INFO ] STEP 4 — Dataset building
[14:45:25] [INFO ]   Saving labeled review image...
[14:45:25] [INFO ]   Saved: f688stk02a_labeled.png
[14:45:25] [INFO ]   Split: train
[14:45:25] [INFO ]   Added 1 annotations to train.json
[14:45:25] [INFO ]   train.json: 125 images, 42 annotations
[14:45:25] [INFO ]   val.json:   31 images,  9 annotations
[14:45:25] [INFO ]   Step 4 complete
[14:45:25] [INFO ] 
[14:45:25] [INFO ]   DONE  f688stk02a  →  train  |  1 faults  |  1 boxes
[14:45:26] [INFO ] 
[14:45:26] [INFO ] ──────────────────────────────────────────────────
[14:45:26] [INFO ]   LINE: f688stk03
[14:45:26] [INFO ] ──────────────────────────────────────────────────
[14:45:26] [INFO ] Dataset  : namss.F-6-88-HW.mcs.airgun
[14:45:26] [INFO ] SGY      : ../../airgun_data/namss.F-6-88-HW.mcs.airgun/Data/f688stk03.sgy
[14:45:26] [INFO ] NAV      : ../../airgun_data/namss.F-6-88-HW.mcs.airgun/Navigation/f-6-88-hw_NAV-WGS84.csv
[14:45:26] [INFO ] SA mode  : averaged 5x 
[14:45:26] [INFO ] 
[14:45:26] [INFO ] STEP 1 — Feature extraction
[14:45:26] [INFO ]   Loading navigation...
[14:45:26] [INFO ]   Loading SEG-Y...
[14:45:26] [INFO ]   Traces: 9737  Samples: 2750  dt: 4.000 ms
[14:45:26] [INFO ]   Depth:  0.0 m → 8247.0 m
[14:45:26] [INFO ]   Matching traces to navigation...
[14:45:26] [INFO ]   NAV line matched via translation: 'f688stk03' -> '3'
[14:45:27] [INFO ]   Matched 9737 / 9737 traces
[14:45:27] [INFO ]   Bandpass filtering...
[14:45:27] [INFO ]   Computing seismic attributes...
[14:45:28] [INFO ]   Picking seafloor...
[14:45:29] [INFO ]   Seafloor depth: 648–4755 m  (0 shallow traces masked)
[14:45:29] [INFO ]   Picking horizons...
[14:45:29] [INFO ]   Computing NCC coherence (slow)...
[14:45:30] [INFO ]   Saving CNN section image...
[14:45:32] [INFO ]   Saved: f688stk03_section_cnn.png  (2700x1500px)
[14:45:32] [INFO ]   Step 1 complete
[14:45:32] [INFO ] 
[14:45:32] [INFO ] STEP 2 — Fault detection
[14:45:32] [INFO ]   Mode: averaged SA (5 runs per seed)
[14:45:41] [INFO ]   Averaging SA over 5 runs per seed (19 seeds)
[14:45:42] [INFO ]     Seed 1/19 trace 3306: avg_prob=0.649 [PASS]
[14:45:43] [INFO ]     Seed 2/19 trace 3853: avg_prob=0.576 [PASS]
[14:45:44] [INFO ]     Seed 3/19 trace 2948: avg_prob=0.586 [PASS]
[14:45:45] [INFO ]     Seed 4/19 trace 8778: avg_prob=0.577 [PASS]
[14:45:47] [INFO ]     Seed 5/19 trace 7835: avg_prob=0.572 [PASS]
[14:45:48] [INFO ]     Seed 6/19 trace 3577: avg_prob=0.609 [PASS]
[14:45:50] [INFO ]     Seed 7/19 trace 9599: avg_prob=0.603 [PASS]
[14:45:51] [INFO ]     Seed 8/19 trace 8251: avg_prob=0.605 [PASS]
[14:45:52] [INFO ]     Seed 9/19 trace 4411: avg_prob=0.608 [PASS]
[14:45:53] [INFO ]     Seed 10/19 trace 8452: avg_prob=0.585 [PASS]
[14:45:54] [INFO ]     Seed 11/19 trace 856: avg_prob=0.575 [PASS]
[14:46:04] [INFO ]     Seed 12/19 trace 4068: avg_prob=0.576 [PASS]
[14:46:05] [INFO ]     Seed 13/19 trace 2463: avg_prob=0.561 [PASS]
[14:46:06] [INFO ]     Seed 14/19 trace 13: avg_prob=0.560 [PASS]
[14:46:07] [INFO ]     Seed 15/19 trace 237: avg_prob=0.534 [PASS]
[14:46:09] [INFO ]     Seed 16/19 trace 7592: avg_prob=0.548 [PASS]
[14:46:10] [INFO ]     Seed 17/19 trace 1324: avg_prob=0.585 [PASS]
[14:46:11] [INFO ]     Seed 18/19 trace 2131: avg_prob=0.449 [FAIL]
[14:46:12] [INFO ]     Seed 19/19 trace 7359: avg_prob=0.525 [PASS]
[14:46:12] [INFO ]   Detected 0 high-confidence faults
[14:46:12] [INFO ]   Step 2 complete
[14:46:12] [INFO ] 
[14:46:12] [INFO ] STEP 3 — Bounding boxes
[14:46:12] [INFO ]   Generated 0 boxes
[14:46:12] [INFO ]   Step 3 complete
[14:46:12] [INFO ] 
[14:46:12] [INFO ] STEP 4 — Dataset building
[14:46:12] [INFO ]   Saving labeled review image...
[14:46:12] [INFO ]   Saved: f688stk03_labeled.png
[14:46:12] [INFO ]   Split: train
[14:46:12] [INFO ]   Added 0 annotations to train.json
[14:46:12] [INFO ]   train.json: 126 images, 42 annotations
[14:46:12] [INFO ]   val.json:   31 images,  9 annotations
[14:46:12] [INFO ]   Step 4 complete
[14:46:12] [INFO ] 
[14:46:12] [INFO ]   DONE  f688stk03  →  train  |  0 faults  |  0 boxes
[14:46:12] [INFO ] 
[14:46:12] [INFO ] ──────────────────────────────────────────────────
[14:46:12] [INFO ]   LINE: f688stk03a
[14:46:12] [INFO ] ──────────────────────────────────────────────────
[14:46:12] [INFO ] Dataset  : namss.F-6-88-HW.mcs.airgun
[14:46:12] [INFO ] SGY      : ../../airgun_data/namss.F-6-88-HW.mcs.airgun/Data/f688stk03a.sgy
[14:46:12] [INFO ] NAV      : ../../airgun_data/namss.F-6-88-HW.mcs.airgun/Navigation/f-6-88-hw_NAV-WGS84.csv
[14:46:12] [INFO ] SA mode  : averaged 5x 
[14:46:12] [INFO ] 
[14:46:12] [INFO ] STEP 1 — Feature extraction
[14:46:12] [INFO ]   Loading navigation...
[14:46:13] [INFO ]   Loading SEG-Y...
[14:46:13] [INFO ]   Traces: 579  Samples: 2000  dt: 4.000 ms
[14:46:13] [INFO ]   Depth:  0.0 m → 5997.0 m
[14:46:13] [INFO ]   Matching traces to navigation...
[14:46:13] [INFO ]   NAV line matched via translation: 'f688stk03a' -> '3A'
[14:46:13] [INFO ]   Matched 579 / 579 traces
[14:46:13] [INFO ]   Bandpass filtering...
[14:46:13] [INFO ]   Computing seismic attributes...
[14:46:13] [INFO ]   Picking seafloor...
[14:46:13] [INFO ]   Seafloor depth: 1320–2382 m  (0 shallow traces masked)
[14:46:13] [INFO ]   Picking horizons...
[14:46:13] [INFO ]   Computing NCC coherence (slow)...
[14:46:13] [INFO ]   Saving CNN section image...
[14:46:13] [INFO ]   Saved: f688stk03a_section_cnn.png  (2700x1500px)
[14:46:13] [INFO ]   Step 1 complete
[14:46:13] [INFO ] 
[14:46:13] [INFO ] STEP 2 — Fault detection
[14:46:13] [INFO ]   Mode: averaged SA (5 runs per seed)
[14:46:13] [INFO ]   Averaging SA over 5 runs per seed (3 seeds)
[14:46:14] [INFO ]     Seed 1/3 trace 347: avg_prob=0.719 [PASS]
[14:46:16] [INFO ]     Seed 2/3 trace 27: avg_prob=0.769 [PASS]
[14:46:17] [INFO ]     Seed 3/3 trace 552: avg_prob=0.741 [PASS]
[14:46:17] [INFO ]   Detected 1 high-confidence faults
[14:46:17] [INFO ]     Fault  1 | trace ~   25 | prob=0.769
[14:46:17] [INFO ]   Step 2 complete
[14:46:17] [INFO ] 
[14:46:17] [INFO ] STEP 3 — Bounding boxes
[14:46:17] [INFO ]   Box  1 | [0, 417, 364w, 163h px]
[14:46:17] [INFO ]   Generated 1 boxes
[14:46:17] [INFO ]   Step 3 complete
[14:46:17] [INFO ] 
[14:46:17] [INFO ] STEP 4 — Dataset building
[14:46:17] [INFO ]   Saving labeled review image...
[14:46:17] [INFO ]   Saved: f688stk03a_labeled.png
[14:46:17] [INFO ]   Split: train
[14:46:17] [INFO ]   Added 1 annotations to train.json
[14:46:17] [INFO ]   train.json: 127 images, 43 annotations
[14:46:17] [INFO ]   val.json:   31 images,  9 annotations
[14:46:17] [INFO ]   Step 4 complete
[14:46:17] [INFO ] 
[14:46:17] [INFO ]   DONE  f688stk03a  →  train  |  1 faults  |  1 boxes
[14:46:17] [INFO ] 
[14:46:17] [INFO ] ──────────────────────────────────────────────────
[14:46:17] [INFO ]   LINE: f688stk04
[14:46:17] [INFO ] ──────────────────────────────────────────────────
[14:46:17] [INFO ] Dataset  : namss.F-6-88-HW.mcs.airgun
[14:46:17] [INFO ] SGY      : ../../airgun_data/namss.F-6-88-HW.mcs.airgun/Data/f688stk04.sgy
[14:46:17] [INFO ] NAV      : ../../airgun_data/namss.F-6-88-HW.mcs.airgun/Navigation/f-6-88-hw_NAV-WGS84.csv
[14:46:17] [INFO ] SA mode  : averaged 5x 
[14:46:17] [INFO ] 
[14:46:17] [INFO ] STEP 1 — Feature extraction
[14:46:17] [INFO ]   Loading navigation...
[14:46:17] [INFO ]   Loading SEG-Y...
[14:46:17] [INFO ]   Traces: 5221  Samples: 2750  dt: 4.000 ms
[14:46:17] [INFO ]   Depth:  0.0 m → 8247.0 m
[14:46:17] [INFO ]   Matching traces to navigation...
[14:46:17] [INFO ]   NAV line matched via translation: 'f688stk04' -> '4'
[14:46:18] [INFO ]   Matched 5221 / 5221 traces
[14:46:18] [INFO ]   Bandpass filtering...
[14:46:18] [INFO ]   Computing seismic attributes...
[14:46:18] [INFO ]   Picking seafloor...
[14:46:19] [INFO ]   Seafloor depth: 1068–4482 m  (0 shallow traces masked)
[14:46:19] [INFO ]   Picking horizons...
[14:46:19] [INFO ]   Computing NCC coherence (slow)...
[14:46:19] [INFO ]   Saving CNN section image...
[14:46:21] [INFO ]   Saved: f688stk04_section_cnn.png  (2700x1500px)
[14:46:21] [INFO ]   Step 1 complete
[14:46:21] [INFO ] 
[14:46:21] [INFO ] STEP 2 — Fault detection
[14:46:21] [INFO ]   Mode: averaged SA (5 runs per seed)
[14:46:23] [INFO ]   Averaging SA over 5 runs per seed (11 seeds)
[14:46:24] [INFO ]     Seed 1/11 trace 1774: avg_prob=0.696 [PASS]
[14:46:26] [INFO ]     Seed 2/11 trace 2066: avg_prob=0.737 [PASS]
[14:46:27] [INFO ]     Seed 3/11 trace 2339: avg_prob=0.708 [PASS]
[14:46:28] [INFO ]     Seed 4/11 trace 2862: avg_prob=0.626 [PASS]
[14:46:29] [INFO ]     Seed 5/11 trace 692: avg_prob=0.642 [PASS]
[14:46:30] [INFO ]     Seed 6/11 trace 5056: avg_prob=0.623 [PASS]
[14:46:32] [INFO ]     Seed 7/11 trace 44: avg_prob=0.572 [PASS]
[14:46:33] [INFO ]     Seed 8/11 trace 486: avg_prob=0.561 [PASS]
[14:46:34] [INFO ]     Seed 9/11 trace 1295: avg_prob=0.598 [PASS]
[14:46:35] [INFO ]     Seed 10/11 trace 283: avg_prob=0.588 [PASS]
[14:46:36] [INFO ]     Seed 11/11 trace 4780: avg_prob=0.573 [PASS]
[14:46:36] [INFO ]   Detected 0 high-confidence faults
[14:46:36] [INFO ]   Step 2 complete
[14:46:36] [INFO ] 
[14:46:36] [INFO ] STEP 3 — Bounding boxes
[14:46:36] [INFO ]   Generated 0 boxes
[14:46:36] [INFO ]   Step 3 complete
[14:46:36] [INFO ] 
[14:46:36] [INFO ] STEP 4 — Dataset building
[14:46:36] [INFO ]   Saving labeled review image...
[14:46:37] [INFO ]   Saved: f688stk04_labeled.png
[14:46:37] [INFO ]   Split: val
[14:46:37] [INFO ]   Added 0 annotations to val.json
[14:46:37] [INFO ]   train.json: 127 images, 43 annotations
[14:46:37] [INFO ]   val.json:   32 images,  9 annotations
[14:46:37] [INFO ]   Step 4 complete
[14:46:37] [INFO ] 
[14:46:37] [INFO ]   DONE  f688stk04  →  val  |  0 faults  |  0 boxes
[14:46:37] [INFO ] 
[14:46:37] [INFO ] ──────────────────────────────────────────────────
[14:46:37] [INFO ]   LINE: f688stk04a
[14:46:37] [INFO ] ──────────────────────────────────────────────────
[14:46:37] [INFO ] Dataset  : namss.F-6-88-HW.mcs.airgun
[14:46:37] [INFO ] SGY      : ../../airgun_data/namss.F-6-88-HW.mcs.airgun/Data/f688stk04a.sgy
[14:46:37] [INFO ] NAV      : ../../airgun_data/namss.F-6-88-HW.mcs.airgun/Navigation/f-6-88-hw_NAV-WGS84.csv
[14:46:37] [INFO ] SA mode  : averaged 5x 
[14:46:37] [INFO ] 
[14:46:37] [INFO ] STEP 1 — Feature extraction
[14:46:37] [INFO ]   Loading navigation...
[14:46:37] [INFO ]   Loading SEG-Y...
[14:46:37] [INFO ]   Traces: 533  Samples: 1750  dt: 4.000 ms
[14:46:37] [INFO ]   Depth:  0.0 m → 5247.0 m
[14:46:37] [INFO ]   Matching traces to navigation...
[14:46:37] [INFO ]   NAV line matched via translation: 'f688stk04a' -> '4A'
[14:46:37] [INFO ]   Matched 0 / 533 traces
[14:46:37] [ERROR] SKIPPING f688stk04a (namss.F-6-88-HW.mcs.airgun): No traces matched navigation — check line name vs NAV file.
[14:46:37] [ERROR]   Traceback (most recent call last):
[14:46:37] [ERROR]     File "/Users/lennylukach/Personal/School/CS4100/namss/pipeline/src/pipeline.py", line 848, in <module>
[14:46:37] [ERROR]       process_line(line, sgy_path, nav_path, dataset)
[14:46:37] [ERROR]     File "/Users/lennylukach/Personal/School/CS4100/namss/pipeline/src/pipeline.py", line 431, in process_line
[14:46:37] [ERROR]       raise RuntimeError(
[14:46:37] [ERROR]   RuntimeError: No traces matched navigation — check line name vs NAV file.
[14:46:37] [INFO ] 
[14:46:37] [INFO ] ──────────────────────────────────────────────────
[14:46:37] [INFO ]   LINE: f688stk05
[14:46:37] [INFO ] ──────────────────────────────────────────────────
[14:46:37] [INFO ] Dataset  : namss.F-6-88-HW.mcs.airgun
[14:46:37] [INFO ] SGY      : ../../airgun_data/namss.F-6-88-HW.mcs.airgun/Data/f688stk05.sgy
[14:46:37] [INFO ] NAV      : ../../airgun_data/namss.F-6-88-HW.mcs.airgun/Navigation/f-6-88-hw_NAV-WGS84.csv
[14:46:37] [INFO ] SA mode  : averaged 5x 
[14:46:37] [INFO ] 
[14:46:37] [INFO ] STEP 1 — Feature extraction
[14:46:37] [INFO ]   Loading navigation...
[14:46:37] [INFO ]   Loading SEG-Y...
[14:46:37] [INFO ]   Traces: 6716  Samples: 2750  dt: 4.000 ms
[14:46:37] [INFO ]   Depth:  0.0 m → 8247.0 m
[14:46:37] [INFO ]   Matching traces to navigation...
[14:46:37] [INFO ]   NAV line matched via translation: 'f688stk05' -> '5'
[14:46:38] [INFO ]   Matched 6716 / 6716 traces
[14:46:38] [INFO ]   Bandpass filtering...
[14:46:52] [INFO ]   Computing seismic attributes...
[14:46:52] [INFO ]   Picking seafloor...
[14:46:53] [INFO ]   Seafloor depth: 0–4425 m  (739 shallow traces masked)
[14:46:53] [INFO ]   Picking horizons...
[14:46:53] [INFO ]   Computing NCC coherence (slow)...
[14:46:54] [INFO ]   Saving CNN section image...
[14:46:55] [INFO ]   Saved: f688stk05_section_cnn.png  (2700x1500px)
[14:46:55] [INFO ]   Step 1 complete
[14:46:55] [INFO ] 
[14:46:55] [INFO ] STEP 2 — Fault detection
[14:46:55] [INFO ]   Mode: averaged SA (5 runs per seed)
[14:46:58] [INFO ]   Averaging SA over 5 runs per seed (13 seeds)
[14:46:59] [INFO ]     Seed 1/13 trace 527: avg_prob=0.710 [PASS]
[14:47:01] [INFO ]     Seed 2/13 trace 763: avg_prob=0.729 [PASS]
[14:47:02] [INFO ]     Seed 3/13 trace 971: avg_prob=0.640 [PASS]
[14:47:04] [INFO ]     Seed 4/13 trace 2949: avg_prob=0.634 [PASS]
[14:47:05] [INFO ]     Seed 5/13 trace 273: avg_prob=0.681 [PASS]
[14:47:06] [INFO ]     Seed 6/13 trace 67: avg_prob=0.613 [PASS]
[14:47:07] [INFO ]     Seed 7/13 trace 3444: avg_prob=0.598 [PASS]
[14:47:08] [INFO ]     Seed 8/13 trace 5917: avg_prob=0.590 [PASS]
[14:47:12] [INFO ]     Seed 9/13 trace 1535: avg_prob=0.630 [PASS]
[14:47:13] [INFO ]     Seed 10/13 trace 6636: avg_prob=0.649 [PASS]
[14:47:14] [INFO ]     Seed 11/13 trace 6393: avg_prob=0.615 [PASS]
[14:47:16] [INFO ]     Seed 12/13 trace 5110: avg_prob=0.614 [PASS]
[14:47:17] [INFO ]     Seed 13/13 trace 4132: avg_prob=0.573 [PASS]
[14:47:17] [INFO ]   Detected 0 high-confidence faults
[14:47:17] [INFO ]   Step 2 complete
[14:47:17] [INFO ] 
[14:47:17] [INFO ] STEP 3 — Bounding boxes
[14:47:17] [INFO ]   Generated 0 boxes
[14:47:17] [INFO ]   Step 3 complete
[14:47:17] [INFO ] 
[14:47:17] [INFO ] STEP 4 — Dataset building
[14:47:17] [INFO ]   Saving labeled review image...
[14:47:17] [INFO ]   Saved: f688stk05_labeled.png
[14:47:17] [INFO ]   Split: train
[14:47:17] [INFO ]   Added 0 annotations to train.json
[14:47:17] [INFO ]   train.json: 128 images, 43 annotations
[14:47:17] [INFO ]   val.json:   32 images,  9 annotations
[14:47:17] [INFO ]   Step 4 complete
[14:47:17] [INFO ] 
[14:47:17] [INFO ]   DONE  f688stk05  →  train  |  0 faults  |  0 boxes
[14:47:17] [INFO ] 
[14:47:17] [INFO ] ──────────────────────────────────────────────────
[14:47:17] [INFO ]   LINE: f688stk05a
[14:47:17] [INFO ] ──────────────────────────────────────────────────
[14:47:17] [INFO ] Dataset  : namss.F-6-88-HW.mcs.airgun
[14:47:17] [INFO ] SGY      : ../../airgun_data/namss.F-6-88-HW.mcs.airgun/Data/f688stk05a.sgy
[14:47:17] [INFO ] NAV      : ../../airgun_data/namss.F-6-88-HW.mcs.airgun/Navigation/f-6-88-hw_NAV-WGS84.csv
[14:47:17] [INFO ] SA mode  : averaged 5x 
[14:47:17] [INFO ] 
[14:47:17] [INFO ] STEP 1 — Feature extraction
[14:47:17] [INFO ]   Loading navigation...
[14:47:17] [INFO ]   Loading SEG-Y...
[14:47:17] [INFO ]   Traces: 1467  Samples: 2500  dt: 4.000 ms
[14:47:17] [INFO ]   Depth:  0.0 m → 7497.0 m
[14:47:17] [INFO ]   Matching traces to navigation...
[14:47:17] [INFO ]   NAV line matched via translation: 'f688stk05a' -> '5A'
[14:47:17] [INFO ]   Matched 416 / 1467 traces
[14:47:17] [INFO ]   Bandpass filtering...
[14:47:17] [INFO ]   Computing seismic attributes...
[14:47:17] [INFO ]   Picking seafloor...
[14:47:17] [INFO ]   Seafloor depth: 1980–2868 m  (0 shallow traces masked)
[14:47:17] [INFO ]   Picking horizons...
[14:47:17] [INFO ]   Computing NCC coherence (slow)...
[14:47:17] [INFO ]   Saving CNN section image...
[14:47:18] [INFO ]   Saved: f688stk05a_section_cnn.png  (2700x1500px)
[14:47:18] [INFO ]   Step 1 complete
[14:47:18] [INFO ] 
[14:47:18] [INFO ] STEP 2 — Fault detection
[14:47:18] [INFO ]   Mode: averaged SA (5 runs per seed)
[14:47:18] [INFO ]   Averaging SA over 5 runs per seed (1 seeds)
[14:47:36] [INFO ]     Seed 1/1 trace 234: avg_prob=0.632 [PASS]
[14:47:36] [INFO ]   Detected 0 high-confidence faults
[14:47:36] [INFO ]   Step 2 complete
[14:47:36] [INFO ] 
[14:47:36] [INFO ] STEP 3 — Bounding boxes
[14:47:36] [INFO ]   Generated 0 boxes
[14:47:36] [INFO ]   Step 3 complete
[14:47:36] [INFO ] 
[14:47:36] [INFO ] STEP 4 — Dataset building
[14:47:36] [INFO ]   Saving labeled review image...
[14:47:36] [INFO ]   Saved: f688stk05a_labeled.png
[14:47:36] [INFO ]   Split: train
[14:47:36] [INFO ]   Added 0 annotations to train.json
[14:47:36] [INFO ]   train.json: 129 images, 43 annotations
[14:47:36] [INFO ]   val.json:   32 images,  9 annotations
[14:47:36] [INFO ]   Step 4 complete
[14:47:36] [INFO ] 
[14:47:36] [INFO ]   DONE  f688stk05a  →  train  |  0 faults  |  0 boxes
[14:47:36] [INFO ] 
[14:47:36] [INFO ] ──────────────────────────────────────────────────
[14:47:36] [INFO ]   LINE: f688stk06
[14:47:36] [INFO ] ──────────────────────────────────────────────────
[14:47:36] [INFO ] Dataset  : namss.F-6-88-HW.mcs.airgun
[14:47:36] [INFO ] SGY      : ../../airgun_data/namss.F-6-88-HW.mcs.airgun/Data/f688stk06.sgy
[14:47:36] [INFO ] NAV      : ../../airgun_data/namss.F-6-88-HW.mcs.airgun/Navigation/f-6-88-hw_NAV-WGS84.csv
[14:47:36] [INFO ] SA mode  : averaged 5x 
[14:47:36] [INFO ] 
[14:47:36] [INFO ] STEP 1 — Feature extraction
[14:47:36] [INFO ]   Loading navigation...
[14:47:36] [INFO ]   Loading SEG-Y...
[14:47:36] [INFO ]   Traces: 10540  Samples: 2750  dt: 4.000 ms
[14:47:36] [INFO ]   Depth:  0.0 m → 8247.0 m
[14:47:36] [INFO ]   Matching traces to navigation...
[14:47:36] [INFO ]   NAV line matched via translation: 'f688stk06' -> '6'
[14:47:37] [INFO ]   Matched 10540 / 10540 traces
[14:47:37] [INFO ]   Bandpass filtering...
[14:47:38] [INFO ]   Computing seismic attributes...
[14:47:39] [INFO ]   Picking seafloor...
[14:47:39] [INFO ]   Seafloor depth: 0–4821 m  (1 shallow traces masked)
[14:47:39] [INFO ]   Picking horizons...
[14:47:40] [INFO ]   Computing NCC coherence (slow)...
[14:47:41] [INFO ]   Saving CNN section image...
[14:47:43] [INFO ]   Saved: f688stk06_section_cnn.png  (2700x1500px)
[14:47:43] [INFO ]   Step 1 complete
[14:47:43] [INFO ] 
[14:47:43] [INFO ] STEP 2 — Fault detection
[14:47:43] [INFO ]   Mode: averaged SA (5 runs per seed)
[14:47:49] [INFO ]   Averaging SA over 5 runs per seed (29 seeds)
[14:47:50] [INFO ]     Seed 1/29 trace 1987: avg_prob=0.453 [PASS]
[14:47:51] [INFO ]     Seed 2/29 trace 8310: avg_prob=0.421 [FAIL]
[14:47:52] [INFO ]     Seed 3/29 trace 1634: avg_prob=0.469 [PASS]
[14:47:54] [INFO ]     Seed 4/29 trace 8994: avg_prob=0.491 [PASS]
[14:47:56] [INFO ]     Seed 5/29 trace 1163: avg_prob=0.418 [FAIL]
[14:47:57] [INFO ]     Seed 6/29 trace 4631: avg_prob=0.445 [FAIL]
[14:47:58] [INFO ]     Seed 7/29 trace 687: avg_prob=0.470 [PASS]
[14:47:59] [INFO ]     Seed 8/29 trace 2578: avg_prob=0.477 [PASS]
[14:48:00] [INFO ]     Seed 9/29 trace 6958: avg_prob=0.466 [PASS]
[14:48:02] [INFO ]     Seed 10/29 trace 10434: avg_prob=0.441 [FAIL]
[14:48:04] [INFO ]     Seed 11/29 trace 3452: avg_prob=0.466 [PASS]
[14:48:05] [INFO ]     Seed 12/29 trace 1389: avg_prob=0.450 [PASS]
[14:48:06] [INFO ]     Seed 13/29 trace 4302: avg_prob=0.454 [PASS]
[14:48:07] [INFO ]     Seed 14/29 trace 304: avg_prob=0.419 [FAIL]
[14:48:09] [INFO ]     Seed 15/29 trace 2960: avg_prob=0.441 [FAIL]
[14:48:10] [INFO ]     Seed 16/29 trace 2307: avg_prob=0.434 [FAIL]
[14:48:11] [INFO ]     Seed 17/29 trace 9812: avg_prob=0.432 [FAIL]
[14:48:12] [INFO ]     Seed 18/29 trace 10031: avg_prob=0.436 [FAIL]
[14:48:14] [INFO ]     Seed 19/29 trace 7416: avg_prob=0.437 [FAIL]
[14:48:15] [INFO ]     Seed 20/29 trace 8772: avg_prob=0.398 [FAIL]
[14:48:17] [INFO ]     Seed 21/29 trace 9576: avg_prob=0.421 [FAIL]
[14:48:18] [INFO ]     Seed 22/29 trace 11: avg_prob=0.439 [FAIL]
[14:48:19] [INFO ]     Seed 23/29 trace 7832: avg_prob=0.394 [FAIL]
[14:48:20] [INFO ]     Seed 24/29 trace 4839: avg_prob=0.432 [FAIL]
[14:48:22] [INFO ]     Seed 25/29 trace 9264: avg_prob=0.436 [FAIL]
[14:48:23] [INFO ]     Seed 26/29 trace 8082: avg_prob=0.394 [FAIL]
[14:48:31] [INFO ]     Seed 27/29 trace 3913: avg_prob=0.440 [FAIL]
[14:48:33] [INFO ]     Seed 28/29 trace 943: avg_prob=0.452 [PASS]
[14:48:34] [INFO ]     Seed 29/29 trace 3664: avg_prob=0.438 [FAIL]
[14:48:34] [INFO ]   Detected 0 high-confidence faults
[14:48:34] [INFO ]   Step 2 complete
[14:48:34] [INFO ] 
[14:48:34] [INFO ] STEP 3 — Bounding boxes
[14:48:34] [INFO ]   Generated 0 boxes
[14:48:34] [INFO ]   Step 3 complete
[14:48:34] [INFO ] 
[14:48:34] [INFO ] STEP 4 — Dataset building
[14:48:34] [INFO ]   Saving labeled review image...
[14:48:34] [INFO ]   Saved: f688stk06_labeled.png
[14:48:34] [INFO ]   Split: train
[14:48:34] [INFO ]   Added 0 annotations to train.json
[14:48:34] [INFO ]   train.json: 130 images, 43 annotations
[14:48:34] [INFO ]   val.json:   32 images,  9 annotations
[14:48:34] [INFO ]   Step 4 complete
[14:48:34] [INFO ] 
[14:48:34] [INFO ]   DONE  f688stk06  →  train  |  0 faults  |  0 boxes
[14:48:34] [INFO ] 
[14:48:34] [INFO ] ──────────────────────────────────────────────────
[14:48:34] [INFO ]   LINE: f688stk06a
[14:48:34] [INFO ] ──────────────────────────────────────────────────
[14:48:34] [INFO ] Dataset  : namss.F-6-88-HW.mcs.airgun
[14:48:34] [INFO ] SGY      : ../../airgun_data/namss.F-6-88-HW.mcs.airgun/Data/f688stk06a.sgy
[14:48:34] [INFO ] NAV      : ../../airgun_data/namss.F-6-88-HW.mcs.airgun/Navigation/f-6-88-hw_NAV-WGS84.csv
[14:48:34] [INFO ] SA mode  : averaged 5x 
[14:48:34] [INFO ] 
[14:48:34] [INFO ] STEP 1 — Feature extraction
[14:48:34] [INFO ]   Loading navigation...
[14:48:34] [INFO ]   Loading SEG-Y...
[14:48:34] [INFO ]   Traces: 530  Samples: 3000  dt: 4.000 ms
[14:48:34] [INFO ]   Depth:  0.0 m → 8997.0 m
[14:48:34] [INFO ]   Matching traces to navigation...
[14:48:34] [INFO ]   NAV line matched via translation: 'f688stk06a' -> '6A'
[14:48:34] [INFO ]   Matched 353 / 530 traces
[14:48:34] [INFO ]   Bandpass filtering...
[14:48:34] [INFO ]   Computing seismic attributes...
[14:48:34] [INFO ]   Picking seafloor...
[14:48:34] [INFO ]   Seafloor depth: 4755–4890 m  (0 shallow traces masked)
[14:48:34] [INFO ]   Picking horizons...
[14:48:34] [INFO ]   Computing NCC coherence (slow)...
[14:48:34] [INFO ]   Saving CNN section image...
[14:48:35] [INFO ]   Saved: f688stk06a_section_cnn.png  (2700x1500px)
[14:48:35] [INFO ]   Step 1 complete
[14:48:35] [INFO ] 
[14:48:35] [INFO ] STEP 2 — Fault detection
[14:48:35] [INFO ]   Mode: averaged SA (5 runs per seed)
[14:48:35] [INFO ]   Averaging SA over 5 runs per seed (2 seeds)
[14:48:36] [INFO ]     Seed 1/2 trace 36: avg_prob=0.763 [PASS]
[14:48:37] [INFO ]     Seed 2/2 trace 320: avg_prob=0.764 [PASS]
[14:48:37] [INFO ]   Detected 2 high-confidence faults
[14:48:37] [INFO ]     Fault  1 | trace ~   40 | prob=0.763
[14:48:37] [INFO ]     Fault  2 | trace ~  332 | prob=0.764
[14:48:37] [INFO ]   Step 2 complete
[14:48:37] [INFO ] 
[14:48:37] [INFO ] STEP 3 — Bounding boxes
[14:48:37] [INFO ]   Box  1 | [0, 784, 858w, 119h px]
[14:48:37] [INFO ]   Box  2 | [2064, 803, 636w, 117h px]
[14:48:37] [INFO ]   Generated 2 boxes
[14:48:37] [INFO ]   Step 3 complete
[14:48:37] [INFO ] 
[14:48:37] [INFO ] STEP 4 — Dataset building
[14:48:37] [INFO ]   Saving labeled review image...
[14:48:37] [INFO ]   Saved: f688stk06a_labeled.png
[14:48:37] [INFO ]   Split: val
[14:48:37] [INFO ]   Added 2 annotations to val.json
[14:48:37] [INFO ]   train.json: 130 images, 43 annotations
[14:48:37] [INFO ]   val.json:   33 images,  11 annotations
[14:48:37] [INFO ]   Step 4 complete
[14:48:37] [INFO ] 
[14:48:37] [INFO ]   DONE  f688stk06a  →  val  |  2 faults  |  2 boxes
[14:48:37] [INFO ] 
[14:48:37] [INFO ] ──────────────────────────────────────────────────
[14:48:37] [INFO ]   LINE: f688stk07
[14:48:37] [INFO ] ──────────────────────────────────────────────────
[14:48:37] [INFO ] Dataset  : namss.F-6-88-HW.mcs.airgun
[14:48:37] [INFO ] SGY      : ../../airgun_data/namss.F-6-88-HW.mcs.airgun/Data/f688stk07.sgy
[14:48:37] [INFO ] NAV      : ../../airgun_data/namss.F-6-88-HW.mcs.airgun/Navigation/f-6-88-hw_NAV-WGS84.csv
[14:48:37] [INFO ] SA mode  : averaged 5x 
[14:48:37] [INFO ] 
[14:48:37] [INFO ] STEP 1 — Feature extraction
[14:48:37] [INFO ]   Loading navigation...
[14:48:37] [INFO ]   Loading SEG-Y...
[14:48:38] [INFO ]   Traces: 10306  Samples: 2750  dt: 4.000 ms
[14:48:38] [INFO ]   Depth:  0.0 m → 8247.0 m
[14:48:38] [INFO ]   Matching traces to navigation...
[14:48:38] [INFO ]   NAV line matched via translation: 'f688stk07' -> '7'
[14:48:38] [INFO ]   Matched 10306 / 10306 traces
[14:48:38] [INFO ]   Bandpass filtering...
[14:48:39] [INFO ]   Computing seismic attributes...
[14:48:40] [INFO ]   Picking seafloor...
[14:48:41] [INFO ]   Seafloor depth: 3411–4878 m  (0 shallow traces masked)
[14:48:41] [INFO ]   Picking horizons...
[14:48:41] [INFO ]   Computing NCC coherence (slow)...
[14:48:42] [INFO ]   Saving CNN section image...
[14:48:44] [INFO ]   Saved: f688stk07_section_cnn.png  (2700x1500px)
[14:48:44] [INFO ]   Step 1 complete
[14:48:44] [INFO ] 
[14:48:44] [INFO ] STEP 2 — Fault detection
[14:48:44] [INFO ]   Mode: averaged SA (5 runs per seed)
[14:48:53] [INFO ]   Averaging SA over 5 runs per seed (25 seeds)
[14:48:54] [INFO ]     Seed 1/25 trace 123: avg_prob=0.642 [PASS]
[14:48:55] [INFO ]     Seed 2/25 trace 1054: avg_prob=0.639 [PASS]
[14:48:56] [INFO ]     Seed 3/25 trace 2918: avg_prob=0.690 [PASS]
[14:48:58] [INFO ]     Seed 4/25 trace 7769: avg_prob=0.604 [PASS]
[14:49:21] [INFO ]     Seed 5/25 trace 9084: avg_prob=0.594 [PASS]
[14:49:22] [INFO ]     Seed 6/25 trace 7186: avg_prob=0.561 [PASS]
[14:49:23] [INFO ]     Seed 7/25 trace 3195: avg_prob=0.631 [PASS]
[14:49:25] [INFO ]     Seed 8/25 trace 9570: avg_prob=0.647 [PASS]
[14:49:26] [INFO ]     Seed 9/25 trace 1698: avg_prob=0.624 [PASS]
[14:49:27] [INFO ]     Seed 10/25 trace 9859: avg_prob=0.635 [PASS]
[14:49:28] [INFO ]     Seed 11/25 trace 10198: avg_prob=0.639 [PASS]
[14:49:29] [INFO ]     Seed 12/25 trace 2460: avg_prob=0.620 [PASS]
[14:49:36] [INFO ]     Seed 13/25 trace 8768: avg_prob=0.617 [PASS]
[14:49:37] [INFO ]     Seed 14/25 trace 8353: avg_prob=0.622 [PASS]
[14:49:38] [INFO ]     Seed 15/25 trace 9359: avg_prob=0.606 [PASS]
[14:49:40] [INFO ]     Seed 16/25 trace 8147: avg_prob=0.609 [PASS]
[14:49:41] [INFO ]     Seed 17/25 trace 1424: avg_prob=0.599 [PASS]
[14:49:42] [INFO ]     Seed 18/25 trace 6947: avg_prob=0.580 [PASS]
[14:49:43] [INFO ]     Seed 19/25 trace 6404: avg_prob=0.561 [PASS]
[14:49:47] [INFO ]     Seed 20/25 trace 2176: avg_prob=0.600 [PASS]
[14:49:48] [INFO ]     Seed 21/25 trace 597: avg_prob=0.603 [PASS]
[14:49:50] [INFO ]     Seed 22/25 trace 3445: avg_prob=0.556 [PASS]
[14:49:51] [INFO ]     Seed 23/25 trace 1927: avg_prob=0.582 [PASS]
[14:49:52] [INFO ]     Seed 24/25 trace 6741: avg_prob=0.589 [PASS]
[14:49:53] [INFO ]     Seed 25/25 trace 8564: avg_prob=0.559 [PASS]
[14:49:53] [INFO ]   Detected 0 high-confidence faults
[14:49:53] [INFO ]   Step 2 complete
[14:49:53] [INFO ] 
[14:49:53] [INFO ] STEP 3 — Bounding boxes
[14:49:53] [INFO ]   Generated 0 boxes
[14:49:53] [INFO ]   Step 3 complete
[14:49:53] [INFO ] 
[14:49:53] [INFO ] STEP 4 — Dataset building
[14:49:53] [INFO ]   Saving labeled review image...
[14:49:53] [INFO ]   Saved: f688stk07_labeled.png
[14:49:53] [INFO ]   Split: train
[14:49:53] [INFO ]   Added 0 annotations to train.json
[14:49:53] [INFO ]   train.json: 131 images, 43 annotations
[14:49:53] [INFO ]   val.json:   33 images,  11 annotations
[14:49:53] [INFO ]   Step 4 complete
[14:49:53] [INFO ] 
[14:49:53] [INFO ]   DONE  f688stk07  →  train  |  0 faults  |  0 boxes
[14:49:53] [INFO ] 
[14:49:53] [INFO ] ──────────────────────────────────────────────────
[14:49:53] [INFO ]   LINE: f688stk07a
[14:49:53] [INFO ] ──────────────────────────────────────────────────
[14:49:53] [INFO ] Dataset  : namss.F-6-88-HW.mcs.airgun
[14:49:53] [INFO ] SGY      : ../../airgun_data/namss.F-6-88-HW.mcs.airgun/Data/f688stk07a.sgy
[14:49:53] [INFO ] NAV      : ../../airgun_data/namss.F-6-88-HW.mcs.airgun/Navigation/f-6-88-hw_NAV-WGS84.csv
[14:49:53] [INFO ] SA mode  : averaged 5x 
[14:49:53] [INFO ] 
[14:49:53] [INFO ] STEP 1 — Feature extraction
[14:49:53] [INFO ]   Loading navigation...
[14:49:53] [INFO ]   Loading SEG-Y...
[14:49:54] [INFO ]   Traces: 616  Samples: 2750  dt: 4.000 ms
[14:49:54] [INFO ]   Depth:  0.0 m → 8247.0 m
[14:49:54] [INFO ]   Matching traces to navigation...
[14:49:54] [INFO ]   NAV line matched via translation: 'f688stk07a' -> '7A'
[14:49:54] [INFO ]   Matched 0 / 616 traces
[14:49:54] [ERROR] SKIPPING f688stk07a (namss.F-6-88-HW.mcs.airgun): No traces matched navigation — check line name vs NAV file.
[14:49:54] [ERROR]   Traceback (most recent call last):
[14:49:54] [ERROR]     File "/Users/lennylukach/Personal/School/CS4100/namss/pipeline/src/pipeline.py", line 848, in <module>
[14:49:54] [ERROR]       process_line(line, sgy_path, nav_path, dataset)
[14:49:54] [ERROR]     File "/Users/lennylukach/Personal/School/CS4100/namss/pipeline/src/pipeline.py", line 431, in process_line
[14:49:54] [ERROR]       raise RuntimeError(
[14:49:54] [ERROR]   RuntimeError: No traces matched navigation — check line name vs NAV file.
[14:49:54] [INFO ] 
[14:49:54] [INFO ] ──────────────────────────────────────────────────
[14:49:54] [INFO ]   LINE: f688stk08
[14:49:54] [INFO ] ──────────────────────────────────────────────────
[14:49:54] [INFO ] Dataset  : namss.F-6-88-HW.mcs.airgun
[14:49:54] [INFO ] SGY      : ../../airgun_data/namss.F-6-88-HW.mcs.airgun/Data/f688stk08.sgy
[14:49:54] [INFO ] NAV      : ../../airgun_data/namss.F-6-88-HW.mcs.airgun/Navigation/f-6-88-hw_NAV-WGS84.csv
[14:49:54] [INFO ] SA mode  : averaged 5x 
[14:49:54] [INFO ] 
[14:49:54] [INFO ] STEP 1 — Feature extraction
[14:49:54] [INFO ]   Loading navigation...
[14:49:54] [INFO ]   Loading SEG-Y...
[14:49:54] [INFO ]   Traces: 10030  Samples: 2750  dt: 4.000 ms
[14:49:54] [INFO ]   Depth:  0.0 m → 8247.0 m
[14:49:54] [INFO ]   Matching traces to navigation...
[14:49:54] [INFO ]   NAV line matched via translation: 'f688stk08' -> '8'
[14:49:55] [INFO ]   Matched 10030 / 10030 traces
[14:49:55] [INFO ]   Bandpass filtering...
[14:49:55] [INFO ]   Computing seismic attributes...
[14:49:56] [INFO ]   Picking seafloor...
[14:49:57] [INFO ]   Seafloor depth: 4269–4875 m  (0 shallow traces masked)
[14:49:57] [INFO ]   Picking horizons...
[14:49:57] [INFO ]   Computing NCC coherence (slow)...
[14:49:58] [INFO ]   Saving CNN section image...
[14:50:00] [INFO ]   Saved: f688stk08_section_cnn.png  (2700x1500px)
[14:50:00] [INFO ]   Step 1 complete
[14:50:00] [INFO ] 
[14:50:00] [INFO ] STEP 2 — Fault detection
[14:50:00] [INFO ]   Mode: averaged SA (5 runs per seed)
[14:50:06] [INFO ]   Averaging SA over 5 runs per seed (25 seeds)
[14:50:07] [INFO ]     Seed 1/25 trace 7415: avg_prob=0.748 [PASS]
[14:50:08] [INFO ]     Seed 2/25 trace 562: avg_prob=0.765 [PASS]
[14:50:09] [INFO ]     Seed 3/25 trace 5751: avg_prob=0.772 [PASS]
[14:50:11] [INFO ]     Seed 4/25 trace 9050: avg_prob=0.759 [PASS]
[14:50:12] [INFO ]     Seed 5/25 trace 6793: avg_prob=0.748 [PASS]
[14:50:13] [INFO ]     Seed 6/25 trace 245: avg_prob=0.725 [PASS]
[14:50:14] [INFO ]     Seed 7/25 trace 7870: avg_prob=0.722 [PASS]
[14:50:15] [INFO ]     Seed 8/25 trace 7074: avg_prob=0.675 [PASS]
[14:50:17] [INFO ]     Seed 9/25 trace 8199: avg_prob=0.742 [PASS]
[14:50:18] [INFO ]     Seed 10/25 trace 1377: avg_prob=0.696 [PASS]
[14:50:19] [INFO ]     Seed 11/25 trace 6359: avg_prob=0.717 [PASS]
[14:50:20] [INFO ]     Seed 12/25 trace 1835: avg_prob=0.736 [PASS]
[14:50:21] [INFO ]     Seed 13/25 trace 2484: avg_prob=0.683 [PASS]
[14:50:23] [INFO ]     Seed 14/25 trace 34: avg_prob=0.721 [PASS]
[14:50:24] [INFO ]     Seed 15/25 trace 9299: avg_prob=0.708 [PASS]
[14:50:25] [INFO ]     Seed 16/25 trace 5428: avg_prob=0.708 [PASS]
[14:50:26] [INFO ]     Seed 17/25 trace 3002: avg_prob=0.701 [PASS]
[14:50:27] [INFO ]     Seed 18/25 trace 8472: avg_prob=0.699 [PASS]
[14:50:29] [INFO ]     Seed 19/25 trace 6585: avg_prob=0.728 [PASS]
[14:50:30] [INFO ]     Seed 20/25 trace 6066: avg_prob=0.707 [PASS]
[14:50:31] [INFO ]     Seed 21/25 trace 803: avg_prob=0.704 [PASS]
[14:50:36] [INFO ]     Seed 22/25 trace 2802: avg_prob=0.696 [PASS]
[14:50:37] [INFO ]     Seed 23/25 trace 8779: avg_prob=0.718 [PASS]
[14:50:38] [INFO ]     Seed 24/25 trace 1038: avg_prob=0.683 [PASS]
[14:50:40] [INFO ]     Seed 25/25 trace 3489: avg_prob=0.704 [PASS]
[14:50:40] [INFO ]   Detected 3 high-confidence faults
[14:50:40] [INFO ]     Fault  1 | trace ~  565 | prob=0.765
[14:50:40] [INFO ]     Fault  2 | trace ~ 5744 | prob=0.772
[14:50:40] [INFO ]     Fault  3 | trace ~ 9055 | prob=0.759
[14:50:40] [INFO ]   Step 2 complete
[14:50:40] [INFO ] 
[14:50:40] [INFO ] STEP 3 — Bounding boxes
[14:50:40] [INFO ]   Box  1 | [109, 786, 92w, 125h px]
[14:50:40] [INFO ]   Box  2 | [1497, 871, 96w, 130h px]
[14:50:40] [INFO ]   Box  3 | [2393, 810, 90w, 125h px]
[14:50:40] [INFO ]   Generated 3 boxes
[14:50:40] [INFO ]   Step 3 complete
[14:50:40] [INFO ] 
[14:50:40] [INFO ] STEP 4 — Dataset building
[14:50:40] [INFO ]   Saving labeled review image...
[14:50:40] [INFO ]   Saved: f688stk08_labeled.png
[14:50:40] [INFO ]   Split: train
[14:50:40] [INFO ]   Added 3 annotations to train.json
[14:50:40] [INFO ]   train.json: 132 images, 46 annotations
[14:50:40] [INFO ]   val.json:   33 images,  11 annotations
[14:50:40] [INFO ]   Step 4 complete
[14:50:40] [INFO ] 
[14:50:40] [INFO ]   DONE  f688stk08  →  train  |  3 faults  |  3 boxes
[14:50:40] [INFO ] 
[14:50:40] [INFO ] ──────────────────────────────────────────────────
[14:50:40] [INFO ]   LINE: f688stk09
[14:50:40] [INFO ] ──────────────────────────────────────────────────
[14:50:40] [INFO ] Dataset  : namss.F-6-88-HW.mcs.airgun
[14:50:40] [INFO ] SGY      : ../../airgun_data/namss.F-6-88-HW.mcs.airgun/Data/f688stk09.sgy
[14:50:40] [INFO ] NAV      : ../../airgun_data/namss.F-6-88-HW.mcs.airgun/Navigation/f-6-88-hw_NAV-WGS84.csv
[14:50:40] [INFO ] SA mode  : averaged 5x 
[14:50:40] [INFO ] 
[14:50:40] [INFO ] STEP 1 — Feature extraction
[14:50:40] [INFO ]   Loading navigation...
[14:50:40] [INFO ]   Loading SEG-Y...
[14:50:40] [INFO ]   Traces: 10142  Samples: 2750  dt: 4.000 ms
[14:50:40] [INFO ]   Depth:  0.0 m → 8247.0 m
[14:50:40] [INFO ]   Matching traces to navigation...
[14:50:40] [INFO ]   NAV line matched via translation: 'f688stk09' -> '9'
[14:50:41] [INFO ]   Matched 10142 / 10142 traces
[14:50:41] [INFO ]   Bandpass filtering...
[14:50:41] [INFO ]   Computing seismic attributes...
[14:50:43] [INFO ]   Picking seafloor...
[14:50:43] [INFO ]   Seafloor depth: 0–4851 m  (172 shallow traces masked)
[14:50:43] [INFO ]   Picking horizons...
[14:50:44] [INFO ]   Computing NCC coherence (slow)...
[14:50:45] [INFO ]   Saving CNN section image...
[14:50:46] [INFO ]   Saved: f688stk09_section_cnn.png  (2700x1500px)
[14:50:46] [INFO ]   Step 1 complete
[14:50:46] [INFO ] 
[14:50:46] [INFO ] STEP 2 — Fault detection
[14:50:46] [INFO ]   Mode: averaged SA (5 runs per seed)
[14:50:51] [INFO ]   Averaging SA over 5 runs per seed (28 seeds)
[14:50:53] [INFO ]     Seed 1/28 trace 9112: avg_prob=0.698 [PASS]
[14:50:56] [INFO ]     Seed 2/28 trace 4424: avg_prob=0.743 [PASS]
[14:50:57] [INFO ]     Seed 3/28 trace 10080: avg_prob=0.787 [PASS]
[14:50:59] [INFO ]     Seed 4/28 trace 9531: avg_prob=0.726 [PASS]
[14:51:00] [INFO ]     Seed 5/28 trace 90: avg_prob=0.704 [PASS]
[14:51:01] [INFO ]     Seed 6/28 trace 328: avg_prob=0.711 [PASS]
[14:51:02] [INFO ]     Seed 7/28 trace 7325: avg_prob=0.638 [PASS]
[14:51:03] [INFO ]     Seed 8/28 trace 7632: avg_prob=0.695 [PASS]
[14:51:05] [INFO ]     Seed 9/28 trace 4747: avg_prob=0.709 [PASS]
[14:51:06] [INFO ]     Seed 10/28 trace 4135: avg_prob=0.686 [PASS]
[14:51:09] [INFO ]     Seed 11/28 trace 8598: avg_prob=0.691 [PASS]
[14:51:10] [INFO ]     Seed 12/28 trace 3855: avg_prob=0.687 [PASS]
[14:51:11] [INFO ]     Seed 13/28 trace 7016: avg_prob=0.684 [PASS]
[14:51:13] [INFO ]     Seed 14/28 trace 1540: avg_prob=0.674 [PASS]
[14:51:14] [INFO ]     Seed 15/28 trace 5378: avg_prob=0.690 [PASS]
[14:51:15] [INFO ]     Seed 16/28 trace 8000: avg_prob=0.673 [PASS]
[14:51:18] [INFO ]     Seed 17/28 trace 9795: avg_prob=0.666 [PASS]
[14:51:19] [INFO ]     Seed 18/28 trace 6434: avg_prob=0.670 [PASS]
[14:51:20] [INFO ]     Seed 19/28 trace 5884: avg_prob=0.665 [PASS]
[14:51:21] [INFO ]     Seed 20/28 trace 8218: avg_prob=0.662 [PASS]
[14:51:23] [INFO ]     Seed 21/28 trace 904: avg_prob=0.656 [PASS]
[14:51:24] [INFO ]     Seed 22/28 trace 2236: avg_prob=0.657 [PASS]
[14:51:25] [INFO ]     Seed 23/28 trace 2559: avg_prob=0.666 [PASS]
[14:51:26] [INFO ]     Seed 24/28 trace 2956: avg_prob=0.638 [PASS]
[14:51:28] [INFO ]     Seed 25/28 trace 590: avg_prob=0.619 [PASS]
[14:51:30] [INFO ]     Seed 26/28 trace 6228: avg_prob=0.656 [PASS]
[14:51:31] [INFO ]     Seed 27/28 trace 5049: avg_prob=0.628 [PASS]
[14:51:32] [INFO ]     Seed 28/28 trace 8817: avg_prob=0.641 [PASS]
[14:51:32] [INFO ]   Detected 1 high-confidence faults
[14:51:32] [INFO ]     Fault  1 | trace ~10082 | prob=0.787
[14:51:32] [INFO ]   Step 2 complete
[14:51:32] [INFO ] 
[14:51:32] [INFO ] STEP 3 — Bounding boxes
[14:51:32] [INFO ]   Box  1 | [2640, 761, 60w, 122h px]
[14:51:32] [INFO ]   Generated 1 boxes
[14:51:32] [INFO ]   Step 3 complete
[14:51:32] [INFO ] 
[14:51:32] [INFO ] STEP 4 — Dataset building
[14:51:32] [INFO ]   Saving labeled review image...
[14:51:32] [INFO ]   Saved: f688stk09_labeled.png
[14:51:32] [INFO ]   Split: train
[14:51:32] [INFO ]   Added 1 annotations to train.json
[14:51:32] [INFO ]   train.json: 133 images, 47 annotations
[14:51:32] [INFO ]   val.json:   33 images,  11 annotations
[14:51:32] [INFO ]   Step 4 complete
[14:51:32] [INFO ] 
[14:51:32] [INFO ]   DONE  f688stk09  →  train  |  1 faults  |  1 boxes
[14:51:32] [INFO ] 
[14:51:32] [INFO ] ──────────────────────────────────────────────────
[14:51:32] [INFO ]   LINE: f688stk09a
[14:51:32] [INFO ] ──────────────────────────────────────────────────
[14:51:32] [INFO ] Dataset  : namss.F-6-88-HW.mcs.airgun
[14:51:32] [INFO ] SGY      : ../../airgun_data/namss.F-6-88-HW.mcs.airgun/Data/f688stk09a.sgy
[14:51:32] [INFO ] NAV      : ../../airgun_data/namss.F-6-88-HW.mcs.airgun/Navigation/f-6-88-hw_NAV-WGS84.csv
[14:51:32] [INFO ] SA mode  : averaged 5x 
[14:51:32] [INFO ] 
[14:51:32] [INFO ] STEP 1 — Feature extraction
[14:51:32] [INFO ]   Loading navigation...
[14:51:32] [INFO ]   Loading SEG-Y...
[14:51:32] [INFO ]   Traces: 736  Samples: 2750  dt: 4.000 ms
[14:51:32] [INFO ]   Depth:  0.0 m → 8247.0 m
[14:51:32] [INFO ]   Matching traces to navigation...
[14:51:32] [INFO ]   NAV line matched via translation: 'f688stk09a' -> '9A'
[14:51:32] [INFO ]   Matched 0 / 736 traces
[14:51:32] [ERROR] SKIPPING f688stk09a (namss.F-6-88-HW.mcs.airgun): No traces matched navigation — check line name vs NAV file.
[14:51:32] [ERROR]   Traceback (most recent call last):
[14:51:32] [ERROR]     File "/Users/lennylukach/Personal/School/CS4100/namss/pipeline/src/pipeline.py", line 848, in <module>
[14:51:32] [ERROR]       process_line(line, sgy_path, nav_path, dataset)
[14:51:32] [ERROR]     File "/Users/lennylukach/Personal/School/CS4100/namss/pipeline/src/pipeline.py", line 431, in process_line
[14:51:32] [ERROR]       raise RuntimeError(
[14:51:32] [ERROR]   RuntimeError: No traces matched navigation — check line name vs NAV file.
[14:51:32] [INFO ] 
[14:51:32] [INFO ] ──────────────────────────────────────────────────
[14:51:32] [INFO ]   LINE: f688stk10
[14:51:32] [INFO ] ──────────────────────────────────────────────────
[14:51:32] [INFO ] Dataset  : namss.F-6-88-HW.mcs.airgun
[14:51:32] [INFO ] SGY      : ../../airgun_data/namss.F-6-88-HW.mcs.airgun/Data/f688stk10.sgy
[14:51:32] [INFO ] NAV      : ../../airgun_data/namss.F-6-88-HW.mcs.airgun/Navigation/f-6-88-hw_NAV-WGS84.csv
[14:51:32] [INFO ] SA mode  : averaged 5x 
[14:51:32] [INFO ] 
[14:51:32] [INFO ] STEP 1 — Feature extraction
[14:51:32] [INFO ]   Loading navigation...
[14:51:32] [INFO ]   Loading SEG-Y...
[14:51:33] [INFO ]   Traces: 10183  Samples: 2750  dt: 4.000 ms
[14:51:33] [INFO ]   Depth:  0.0 m → 8247.0 m
[14:51:33] [INFO ]   Matching traces to navigation...
[14:51:33] [INFO ]   NAV line matched via translation: 'f688stk10' -> '10'
[14:51:34] [INFO ]   Matched 10183 / 10183 traces
[14:51:34] [INFO ]   Bandpass filtering...
[14:51:34] [INFO ]   Computing seismic attributes...
[14:51:35] [INFO ]   Picking seafloor...
[14:51:36] [INFO ]   Seafloor depth: 3495–4818 m  (0 shallow traces masked)
[14:51:36] [INFO ]   Picking horizons...
[14:51:36] [INFO ]   Computing NCC coherence (slow)...
[14:51:37] [INFO ]   Saving CNN section image...
[14:51:39] [INFO ]   Saved: f688stk10_section_cnn.png  (2700x1500px)
[14:51:39] [INFO ]   Step 1 complete
[14:51:39] [INFO ] 
[14:51:39] [INFO ] STEP 2 — Fault detection
[14:51:39] [INFO ]   Mode: averaged SA (5 runs per seed)
[14:51:45] [INFO ]   Averaging SA over 5 runs per seed (25 seeds)
[14:51:48] [INFO ]     Seed 1/25 trace 59: avg_prob=0.679 [PASS]
[14:51:50] [INFO ]     Seed 2/25 trace 693: avg_prob=0.683 [PASS]
[14:51:51] [INFO ]     Seed 3/25 trace 9909: avg_prob=0.698 [PASS]
[14:51:52] [INFO ]     Seed 4/25 trace 2028: avg_prob=0.683 [PASS]
[14:51:53] [INFO ]     Seed 5/25 trace 2264: avg_prob=0.680 [PASS]
[14:51:54] [INFO ]     Seed 6/25 trace 9547: avg_prob=0.700 [PASS]
[14:51:56] [INFO ]     Seed 7/25 trace 8036: avg_prob=0.600 [PASS]
[14:51:57] [INFO ]     Seed 8/25 trace 9213: avg_prob=0.639 [PASS]
[14:52:00] [INFO ]     Seed 9/25 trace 8832: avg_prob=0.670 [PASS]
[14:52:01] [INFO ]     Seed 10/25 trace 5478: avg_prob=0.700 [PASS]
[14:52:02] [INFO ]     Seed 11/25 trace 7137: avg_prob=0.653 [PASS]
[14:52:03] [INFO ]     Seed 12/25 trace 1184: avg_prob=0.671 [PASS]
[14:52:04] [INFO ]     Seed 13/25 trace 4743: avg_prob=0.661 [PASS]
[14:52:06] [INFO ]     Seed 14/25 trace 5779: avg_prob=0.672 [PASS]
[14:52:07] [INFO ]     Seed 15/25 trace 6515: avg_prob=0.649 [PASS]
[14:52:08] [INFO ]     Seed 16/25 trace 3310: avg_prob=0.655 [PASS]
[14:52:20] [INFO ]     Seed 17/25 trace 3842: avg_prob=0.643 [PASS]
[14:52:22] [INFO ]     Seed 18/25 trace 4377: avg_prob=0.674 [PASS]
[14:52:23] [INFO ]     Seed 19/25 trace 1465: avg_prob=0.669 [PASS]
[14:52:24] [INFO ]     Seed 20/25 trace 424: avg_prob=0.628 [PASS]
[14:52:25] [INFO ]     Seed 21/25 trace 5985: avg_prob=0.638 [PASS]
[14:52:26] [INFO ]     Seed 22/25 trace 945: avg_prob=0.647 [PASS]
[14:52:28] [INFO ]     Seed 23/25 trace 1784: avg_prob=0.677 [PASS]
[14:52:29] [INFO ]     Seed 24/25 trace 3074: avg_prob=0.665 [PASS]
[14:52:31] [INFO ]     Seed 25/25 trace 2742: avg_prob=0.657 [PASS]
[14:52:31] [INFO ]   Detected 0 high-confidence faults
[14:52:31] [INFO ]   Step 2 complete
[14:52:31] [INFO ] 
[14:52:31] [INFO ] STEP 3 — Bounding boxes
[14:52:31] [INFO ]   Generated 0 boxes
[14:52:31] [INFO ]   Step 3 complete
[14:52:31] [INFO ] 
[14:52:31] [INFO ] STEP 4 — Dataset building
[14:52:31] [INFO ]   Saving labeled review image...
[14:52:31] [INFO ]   Saved: f688stk10_labeled.png
[14:52:31] [INFO ]   Split: train
[14:52:31] [INFO ]   Added 0 annotations to train.json
[14:52:31] [INFO ]   train.json: 134 images, 47 annotations
[14:52:31] [INFO ]   val.json:   33 images,  11 annotations
[14:52:31] [INFO ]   Step 4 complete
[14:52:31] [INFO ] 
[14:52:31] [INFO ]   DONE  f688stk10  →  train  |  0 faults  |  0 boxes
[14:52:31] [INFO ] 
[14:52:31] [INFO ] ──────────────────────────────────────────────────
[14:52:31] [INFO ]   LINE: f688stk10a
[14:52:31] [INFO ] ──────────────────────────────────────────────────
[14:52:31] [INFO ] Dataset  : namss.F-6-88-HW.mcs.airgun
[14:52:31] [INFO ] SGY      : ../../airgun_data/namss.F-6-88-HW.mcs.airgun/Data/f688stk10a.sgy
[14:52:31] [INFO ] NAV      : ../../airgun_data/namss.F-6-88-HW.mcs.airgun/Navigation/f-6-88-hw_NAV-WGS84.csv
[14:52:31] [INFO ] SA mode  : averaged 5x 
[14:52:31] [INFO ] 
[14:52:31] [INFO ] STEP 1 — Feature extraction
[14:52:31] [INFO ]   Loading navigation...
[14:52:31] [INFO ]   Loading SEG-Y...
[14:52:31] [INFO ]   Traces: 648  Samples: 2750  dt: 4.000 ms
[14:52:31] [INFO ]   Depth:  0.0 m → 8247.0 m
[14:52:31] [INFO ]   Matching traces to navigation...
[14:52:31] [INFO ]   NAV line matched via translation: 'f688stk10a' -> '10A'
[14:52:31] [INFO ]   Matched 0 / 648 traces
[14:52:31] [ERROR] SKIPPING f688stk10a (namss.F-6-88-HW.mcs.airgun): No traces matched navigation — check line name vs NAV file.
[14:52:31] [ERROR]   Traceback (most recent call last):
[14:52:31] [ERROR]     File "/Users/lennylukach/Personal/School/CS4100/namss/pipeline/src/pipeline.py", line 848, in <module>
[14:52:31] [ERROR]       process_line(line, sgy_path, nav_path, dataset)
[14:52:31] [ERROR]     File "/Users/lennylukach/Personal/School/CS4100/namss/pipeline/src/pipeline.py", line 431, in process_line
[14:52:31] [ERROR]       raise RuntimeError(
[14:52:31] [ERROR]   RuntimeError: No traces matched navigation — check line name vs NAV file.
[14:52:31] [INFO ] 
[14:52:31] [INFO ] ──────────────────────────────────────────────────
[14:52:31] [INFO ]   LINE: f688stk11
[14:52:31] [INFO ] ──────────────────────────────────────────────────
[14:52:31] [INFO ] Dataset  : namss.F-6-88-HW.mcs.airgun
[14:52:31] [INFO ] SGY      : ../../airgun_data/namss.F-6-88-HW.mcs.airgun/Data/f688stk11.sgy
[14:52:31] [INFO ] NAV      : ../../airgun_data/namss.F-6-88-HW.mcs.airgun/Navigation/f-6-88-hw_NAV-WGS84.csv
[14:52:31] [INFO ] SA mode  : averaged 5x 
[14:52:31] [INFO ] 
[14:52:31] [INFO ] STEP 1 — Feature extraction
[14:52:31] [INFO ]   Loading navigation...
[14:52:31] [INFO ]   Loading SEG-Y...
[14:52:31] [INFO ]   Traces: 10647  Samples: 2750  dt: 4.000 ms
[14:52:31] [INFO ]   Depth:  0.0 m → 8247.0 m
[14:52:31] [INFO ]   Matching traces to navigation...
[14:52:31] [INFO ]   NAV line matched via translation: 'f688stk11' -> '11'
[14:52:32] [INFO ]   Matched 10647 / 10647 traces
[14:52:32] [INFO ]   Bandpass filtering...
[14:52:33] [INFO ]   Computing seismic attributes...
[14:52:34] [INFO ]   Picking seafloor...
[14:52:35] [INFO ]   Seafloor depth: 0–4938 m  (218 shallow traces masked)
[14:52:35] [INFO ]   Picking horizons...
[14:52:57] [INFO ]   Computing NCC coherence (slow)...
[14:52:58] [INFO ]   Saving CNN section image...
[14:53:01] [INFO ]   Saved: f688stk11_section_cnn.png  (2700x1500px)
[14:53:01] [INFO ]   Step 1 complete
[14:53:01] [INFO ] 
[14:53:01] [INFO ] STEP 2 — Fault detection
[14:53:01] [INFO ]   Mode: averaged SA (5 runs per seed)
[14:53:08] [INFO ]   Averaging SA over 5 runs per seed (27 seeds)
[14:53:09] [INFO ]     Seed 1/27 trace 2390: avg_prob=0.650 [PASS]
[14:53:10] [INFO ]     Seed 2/27 trace 3403: avg_prob=0.715 [PASS]
[14:53:12] [INFO ]     Seed 3/27 trace 3791: avg_prob=0.693 [PASS]
[14:53:13] [INFO ]     Seed 4/27 trace 2609: avg_prob=0.683 [PASS]
[14:53:16] [INFO ]     Seed 5/27 trace 967: avg_prob=0.699 [PASS]
[14:53:17] [INFO ]     Seed 6/27 trace 2819: avg_prob=0.719 [PASS]
[14:53:18] [INFO ]     Seed 7/27 trace 356: avg_prob=0.683 [PASS]
[14:53:20] [INFO ]     Seed 8/27 trace 1445: avg_prob=0.661 [PASS]
[14:53:21] [INFO ]     Seed 9/27 trace 7677: avg_prob=0.570 [PASS]
[14:53:22] [INFO ]     Seed 10/27 trace 8830: avg_prob=0.702 [PASS]
[14:53:23] [INFO ]     Seed 11/27 trace 3129: avg_prob=0.638 [PASS]
[14:53:24] [INFO ]     Seed 12/27 trace 6533: avg_prob=0.681 [PASS]
[14:53:26] [INFO ]     Seed 13/27 trace 96: avg_prob=0.661 [PASS]
[14:53:27] [INFO ]     Seed 14/27 trace 5362: avg_prob=0.641 [PASS]
[14:53:28] [INFO ]     Seed 15/27 trace 7890: avg_prob=0.689 [PASS]
[14:53:29] [INFO ]     Seed 16/27 trace 5610: avg_prob=0.683 [PASS]
[14:53:30] [INFO ]     Seed 17/27 trace 4829: avg_prob=0.668 [PASS]
[14:53:35] [INFO ]     Seed 18/27 trace 4063: avg_prob=0.661 [PASS]
[14:53:36] [INFO ]     Seed 19/27 trace 6843: avg_prob=0.682 [PASS]
[14:53:37] [INFO ]     Seed 20/27 trace 5154: avg_prob=0.629 [PASS]
[14:53:39] [INFO ]     Seed 21/27 trace 685: avg_prob=0.659 [PASS]
[14:53:40] [INFO ]     Seed 22/27 trace 1181: avg_prob=0.615 [PASS]
[14:53:41] [INFO ]     Seed 23/27 trace 9174: avg_prob=0.632 [PASS]
[14:53:47] [INFO ]     Seed 24/27 trace 10311: avg_prob=0.652 [PASS]
[14:53:48] [INFO ]     Seed 25/27 trace 6264: avg_prob=0.661 [PASS]
[14:53:49] [INFO ]     Seed 26/27 trace 4521: avg_prob=0.660 [PASS]
[14:53:51] [INFO ]     Seed 27/27 trace 9384: avg_prob=0.632 [PASS]
[14:53:51] [INFO ]   Detected 0 high-confidence faults
[14:53:51] [INFO ]   Step 2 complete
[14:53:51] [INFO ] 
[14:53:51] [INFO ] STEP 3 — Bounding boxes
[14:53:51] [INFO ]   Generated 0 boxes
[14:53:51] [INFO ]   Step 3 complete
[14:53:51] [INFO ] 
[14:53:51] [INFO ] STEP 4 — Dataset building
[14:53:51] [INFO ]   Saving labeled review image...
[14:53:51] [INFO ]   Saved: f688stk11_labeled.png
[14:53:51] [INFO ]   Split: train
[14:53:51] [INFO ]   Added 0 annotations to train.json
[14:53:51] [INFO ]   train.json: 135 images, 47 annotations
[14:53:51] [INFO ]   val.json:   33 images,  11 annotations
[14:53:51] [INFO ]   Step 4 complete
[14:53:51] [INFO ] 
[14:53:51] [INFO ]   DONE  f688stk11  →  train  |  0 faults  |  0 boxes
[14:53:51] [INFO ] 
[14:53:51] [INFO ] ──────────────────────────────────────────────────
[14:53:51] [INFO ]   LINE: f688stk11a
[14:53:51] [INFO ] ──────────────────────────────────────────────────
[14:53:51] [INFO ] Dataset  : namss.F-6-88-HW.mcs.airgun
[14:53:51] [INFO ] SGY      : ../../airgun_data/namss.F-6-88-HW.mcs.airgun/Data/f688stk11a.sgy
[14:53:51] [INFO ] NAV      : ../../airgun_data/namss.F-6-88-HW.mcs.airgun/Navigation/f-6-88-hw_NAV-WGS84.csv
[14:53:51] [INFO ] SA mode  : averaged 5x 
[14:53:51] [INFO ] 
[14:53:51] [INFO ] STEP 1 — Feature extraction
[14:53:51] [INFO ]   Loading navigation...
[14:53:51] [INFO ]   Loading SEG-Y...
[14:53:51] [INFO ]   Traces: 807  Samples: 2750  dt: 4.000 ms
[14:53:51] [INFO ]   Depth:  0.0 m → 8247.0 m
[14:53:51] [INFO ]   Matching traces to navigation...
[14:53:51] [INFO ]   NAV line matched via translation: 'f688stk11a' -> '11A'
[14:53:51] [INFO ]   Matched 0 / 807 traces
[14:53:51] [ERROR] SKIPPING f688stk11a (namss.F-6-88-HW.mcs.airgun): No traces matched navigation — check line name vs NAV file.
[14:53:51] [ERROR]   Traceback (most recent call last):
[14:53:51] [ERROR]     File "/Users/lennylukach/Personal/School/CS4100/namss/pipeline/src/pipeline.py", line 848, in <module>
[14:53:51] [ERROR]       process_line(line, sgy_path, nav_path, dataset)
[14:53:51] [ERROR]     File "/Users/lennylukach/Personal/School/CS4100/namss/pipeline/src/pipeline.py", line 431, in process_line
[14:53:51] [ERROR]       raise RuntimeError(
[14:53:51] [ERROR]   RuntimeError: No traces matched navigation — check line name vs NAV file.
[14:53:51] [INFO ] 
[14:53:51] [INFO ] ──────────────────────────────────────────────────
[14:53:51] [INFO ]   LINE: f688stk12
[14:53:51] [INFO ] ──────────────────────────────────────────────────
[14:53:51] [INFO ] Dataset  : namss.F-6-88-HW.mcs.airgun
[14:53:51] [INFO ] SGY      : ../../airgun_data/namss.F-6-88-HW.mcs.airgun/Data/f688stk12.sgy
[14:53:51] [INFO ] NAV      : ../../airgun_data/namss.F-6-88-HW.mcs.airgun/Navigation/f-6-88-hw_NAV-WGS84.csv
[14:53:51] [INFO ] SA mode  : averaged 5x 
[14:53:51] [INFO ] 
[14:53:51] [INFO ] STEP 1 — Feature extraction
[14:53:51] [INFO ]   Loading navigation...
[14:53:51] [INFO ]   Loading SEG-Y...
[14:53:51] [INFO ]   Traces: 12678  Samples: 2750  dt: 4.000 ms
[14:53:51] [INFO ]   Depth:  0.0 m → 8247.0 m
[14:53:51] [INFO ]   Matching traces to navigation...
[14:53:51] [INFO ]   NAV line matched via translation: 'f688stk12' -> '12'
[14:53:53] [INFO ]   Matched 12678 / 12678 traces
[14:53:53] [INFO ]   Bandpass filtering...
[14:53:53] [INFO ]   Computing seismic attributes...
[14:53:55] [INFO ]   Picking seafloor...
[14:53:56] [INFO ]   Seafloor depth: 2868–4911 m  (0 shallow traces masked)
[14:53:56] [INFO ]   Picking horizons...
[14:53:57] [INFO ]   Computing NCC coherence (slow)...
[14:53:58] [INFO ]   Saving CNN section image...
[14:54:00] [INFO ]   Saved: f688stk12_section_cnn.png  (2700x1500px)
[14:54:00] [INFO ]   Step 1 complete
[14:54:00] [INFO ] 
[14:54:00] [INFO ] STEP 2 — Fault detection
[14:54:00] [INFO ]   Mode: averaged SA (5 runs per seed)
[14:54:09] [INFO ]   Averaging SA over 5 runs per seed (28 seeds)
[14:54:10] [INFO ]     Seed 1/28 trace 1452: avg_prob=0.750 [PASS]
[14:54:11] [INFO ]     Seed 2/28 trace 943: avg_prob=0.676 [PASS]
[14:54:42] [INFO ]     Seed 3/28 trace 8623: avg_prob=0.678 [PASS]
[14:54:43] [INFO ]     Seed 4/28 trace 10812: avg_prob=0.612 [PASS]
[14:54:45] [INFO ]     Seed 5/28 trace 6962: avg_prob=0.645 [PASS]
[14:54:46] [INFO ]     Seed 6/28 trace 8384: avg_prob=0.694 [PASS]
[14:54:47] [INFO ]     Seed 7/28 trace 12137: avg_prob=0.690 [PASS]
[14:54:48] [INFO ]     Seed 8/28 trace 1215: avg_prob=0.692 [PASS]
[14:54:49] [INFO ]     Seed 9/28 trace 6720: avg_prob=0.674 [PASS]
[14:54:58] [INFO ]     Seed 10/28 trace 2048: avg_prob=0.674 [PASS]
[14:54:59] [INFO ]     Seed 11/28 trace 9082: avg_prob=0.623 [PASS]
[14:55:00] [INFO ]     Seed 12/28 trace 11223: avg_prob=0.563 [PASS]
[14:55:01] [INFO ]     Seed 13/28 trace 404: avg_prob=0.624 [PASS]
[14:55:02] [INFO ]     Seed 14/28 trace 12594: avg_prob=0.633 [PASS]
[14:55:04] [INFO ]     Seed 15/28 trace 4253: avg_prob=0.580 [PASS]
[14:55:27] [INFO ]     Seed 16/28 trace 11814: avg_prob=0.675 [PASS]
[14:55:28] [INFO ]     Seed 17/28 trace 7962: avg_prob=0.611 [PASS]
[14:55:29] [INFO ]     Seed 18/28 trace 1726: avg_prob=0.602 [PASS]
[14:55:30] [INFO ]     Seed 19/28 trace 10513: avg_prob=0.576 [PASS]
[14:55:32] [INFO ]     Seed 20/28 trace 9370: avg_prob=0.640 [PASS]
[14:55:33] [INFO ]     Seed 21/28 trace 5214: avg_prob=0.631 [PASS]
[14:55:34] [INFO ]     Seed 22/28 trace 9823: avg_prob=0.666 [PASS]
[14:56:59] [INFO ]     Seed 23/28 trace 12373: avg_prob=0.665 [PASS]
[14:57:00] [INFO ]     Seed 24/28 trace 4990: avg_prob=0.647 [PASS]
[14:57:01] [INFO ]     Seed 25/28 trace 6043: avg_prob=0.651 [PASS]
[14:57:02] [INFO ]     Seed 26/28 trace 4017: avg_prob=0.579 [PASS]
[14:57:04] [INFO ]     Seed 27/28 trace 7680: avg_prob=0.648 [PASS]
[14:57:05] [INFO ]     Seed 28/28 trace 11458: avg_prob=0.648 [PASS]
[14:57:05] [INFO ]   Detected 1 high-confidence faults
[14:57:05] [INFO ]     Fault  1 | trace ~ 1455 | prob=0.750
[14:57:05] [INFO ]   Step 2 complete
[14:57:05] [INFO ] 
[14:57:05] [INFO ] STEP 3 — Bounding boxes
[14:57:05] [INFO ]   Box  1 | [263, 749, 93w, 128h px]
[14:57:05] [INFO ]   Generated 1 boxes
[14:57:05] [INFO ]   Step 3 complete
[14:57:05] [INFO ] 
[14:57:05] [INFO ] STEP 4 — Dataset building
[14:57:05] [INFO ]   Saving labeled review image...
[14:57:05] [INFO ]   Saved: f688stk12_labeled.png
[14:57:05] [INFO ]   Split: val
[14:57:05] [INFO ]   Added 1 annotations to val.json
[14:57:05] [INFO ]   train.json: 135 images, 47 annotations
[14:57:05] [INFO ]   val.json:   34 images,  12 annotations
[14:57:05] [INFO ]   Step 4 complete
[14:57:05] [INFO ] 
[14:57:05] [INFO ]   DONE  f688stk12  →  val  |  1 faults  |  1 boxes
[14:57:05] [INFO ] 
[14:57:05] [INFO ] ──────────────────────────────────────────────────
[14:57:05] [INFO ]   LINE: f688stk12a
[14:57:05] [INFO ] ──────────────────────────────────────────────────
[14:57:05] [INFO ] Dataset  : namss.F-6-88-HW.mcs.airgun
[14:57:05] [INFO ] SGY      : ../../airgun_data/namss.F-6-88-HW.mcs.airgun/Data/f688stk12a.sgy
[14:57:05] [INFO ] NAV      : ../../airgun_data/namss.F-6-88-HW.mcs.airgun/Navigation/f-6-88-hw_NAV-WGS84.csv
[14:57:05] [INFO ] SA mode  : averaged 5x 
[14:57:05] [INFO ] 
[14:57:05] [INFO ] STEP 1 — Feature extraction
[14:57:05] [INFO ]   Loading navigation...
[14:57:05] [INFO ]   Loading SEG-Y...
[14:57:05] [INFO ]   Traces: 665  Samples: 2750  dt: 4.000 ms
[14:57:05] [INFO ]   Depth:  0.0 m → 8247.0 m
[14:57:05] [INFO ]   Matching traces to navigation...
[14:57:05] [INFO ]   NAV line matched via translation: 'f688stk12a' -> '12A'
[14:57:05] [INFO ]   Matched 0 / 665 traces
[14:57:05] [ERROR] SKIPPING f688stk12a (namss.F-6-88-HW.mcs.airgun): No traces matched navigation — check line name vs NAV file.
[14:57:05] [ERROR]   Traceback (most recent call last):
[14:57:05] [ERROR]     File "/Users/lennylukach/Personal/School/CS4100/namss/pipeline/src/pipeline.py", line 848, in <module>
[14:57:05] [ERROR]       process_line(line, sgy_path, nav_path, dataset)
[14:57:05] [ERROR]     File "/Users/lennylukach/Personal/School/CS4100/namss/pipeline/src/pipeline.py", line 431, in process_line
[14:57:05] [ERROR]       raise RuntimeError(
[14:57:05] [ERROR]   RuntimeError: No traces matched navigation — check line name vs NAV file.
[14:57:05] [INFO ] 
[14:57:05] [INFO ] ──────────────────────────────────────────────────
[14:57:05] [INFO ]   LINE: f688stk13
[14:57:05] [INFO ] ──────────────────────────────────────────────────
[14:57:05] [INFO ] Dataset  : namss.F-6-88-HW.mcs.airgun
[14:57:05] [INFO ] SGY      : ../../airgun_data/namss.F-6-88-HW.mcs.airgun/Data/f688stk13.sgy
[14:57:05] [INFO ] NAV      : ../../airgun_data/namss.F-6-88-HW.mcs.airgun/Navigation/f-6-88-hw_NAV-WGS84.csv
[14:57:05] [INFO ] SA mode  : averaged 5x 
[14:57:05] [INFO ] 
[14:57:05] [INFO ] STEP 1 — Feature extraction
[14:57:05] [INFO ]   Loading navigation...
[14:57:05] [INFO ]   Loading SEG-Y...
[14:57:06] [INFO ]   Traces: 10743  Samples: 2750  dt: 4.000 ms
[14:57:06] [INFO ]   Depth:  0.0 m → 8247.0 m
[14:57:06] [INFO ]   Matching traces to navigation...
[14:57:06] [INFO ]   NAV line matched via translation: 'f688stk13' -> '13'
[14:57:13] [INFO ]   Matched 10743 / 10743 traces
[14:57:13] [INFO ]   Bandpass filtering...
[14:57:13] [INFO ]   Computing seismic attributes...
[14:57:14] [INFO ]   Picking seafloor...
[14:57:15] [INFO ]   Seafloor depth: 0–4962 m  (167 shallow traces masked)
[14:57:15] [INFO ]   Picking horizons...
[14:57:16] [INFO ]   Computing NCC coherence (slow)...
[14:57:17] [INFO ]   Saving CNN section image...
[14:57:19] [INFO ]   Saved: f688stk13_section_cnn.png  (2700x1500px)
[14:57:19] [INFO ]   Step 1 complete
[14:57:19] [INFO ] 
[14:57:19] [INFO ] STEP 2 — Fault detection
[14:57:19] [INFO ]   Mode: averaged SA (5 runs per seed)
[14:58:59] [INFO ]   Averaging SA over 5 runs per seed (24 seeds)
[14:59:00] [INFO ]     Seed 1/24 trace 4946: avg_prob=0.706 [PASS]
[14:59:02] [INFO ]     Seed 2/24 trace 10401: avg_prob=0.708 [PASS]
[14:59:03] [INFO ]     Seed 3/24 trace 10710: avg_prob=0.750 [PASS]
[14:59:04] [INFO ]     Seed 4/24 trace 686: avg_prob=0.721 [PASS]
[14:59:05] [INFO ]     Seed 5/24 trace 1454: avg_prob=0.700 [PASS]
[15:00:03] [INFO ]     Seed 6/24 trace 367: avg_prob=0.672 [PASS]
[15:00:04] [INFO ]     Seed 7/24 trace 8827: avg_prob=0.656 [PASS]
[15:00:06] [INFO ]     Seed 8/24 trace 10046: avg_prob=0.664 [PASS]
[15:00:07] [INFO ]     Seed 9/24 trace 1063: avg_prob=0.685 [PASS]
[15:00:08] [INFO ]     Seed 10/24 trace 2201: avg_prob=0.684 [PASS]
[15:00:09] [INFO ]     Seed 11/24 trace 18: avg_prob=0.659 [PASS]
[15:00:10] [INFO ]     Seed 12/24 trace 3692: avg_prob=0.656 [PASS]
[15:04:21] [INFO ]     Seed 13/24 trace 7803: avg_prob=0.644 [PASS]
[15:04:22] [INFO ]     Seed 14/24 trace 1992: avg_prob=0.645 [PASS]
[15:04:23] [INFO ]     Seed 15/24 trace 1727: avg_prob=0.669 [PASS]
[15:04:24] [INFO ]     Seed 16/24 trace 4302: avg_prob=0.655 [PASS]
[15:04:25] [INFO ]     Seed 17/24 trace 4081: avg_prob=0.652 [PASS]
[15:04:26] [INFO ]     Seed 18/24 trace 2614: avg_prob=0.649 [PASS]
[15:04:27] [INFO ]     Seed 19/24 trace 8583: avg_prob=0.641 [PASS]
[15:04:29] [INFO ]     Seed 20/24 trace 6954: avg_prob=0.663 [PASS]
[15:04:34] [INFO ]     Seed 21/24 trace 4604: avg_prob=0.660 [PASS]
[15:04:35] [INFO ]     Seed 22/24 trace 7521: avg_prob=0.677 [PASS]
[15:04:36] [INFO ]     Seed 23/24 trace 6269: avg_prob=0.670 [PASS]
[15:04:37] [INFO ]     Seed 24/24 trace 2983: avg_prob=0.644 [PASS]
[15:04:37] [INFO ]   Detected 1 high-confidence faults
[15:04:37] [INFO ]     Fault  1 | trace ~10702 | prob=0.750
[15:04:37] [INFO ]   Step 2 complete
[15:04:37] [INFO ] 
[15:04:37] [INFO ] STEP 3 — Bounding boxes
[15:04:37] [INFO ]   Box  1 | [2647, 636, 53w, 122h px]
[15:04:37] [INFO ]   Generated 1 boxes
[15:04:37] [INFO ]   Step 3 complete
[15:04:37] [INFO ] 
[15:04:37] [INFO ] STEP 4 — Dataset building
[15:04:37] [INFO ]   Saving labeled review image...
[15:04:37] [INFO ]   Saved: f688stk13_labeled.png
[15:04:37] [INFO ]   Split: train
[15:04:37] [INFO ]   Added 1 annotations to train.json
[15:04:37] [INFO ]   train.json: 136 images, 48 annotations
[15:04:37] [INFO ]   val.json:   34 images,  12 annotations
[15:04:37] [INFO ]   Step 4 complete
[15:04:37] [INFO ] 
[15:04:37] [INFO ]   DONE  f688stk13  →  train  |  1 faults  |  1 boxes
[15:04:37] [INFO ] 
[15:04:37] [INFO ] ──────────────────────────────────────────────────
[15:04:37] [INFO ]   LINE: f688stk14
[15:04:37] [INFO ] ──────────────────────────────────────────────────
[15:04:37] [INFO ] Dataset  : namss.F-6-88-HW.mcs.airgun
[15:04:37] [INFO ] SGY      : ../../airgun_data/namss.F-6-88-HW.mcs.airgun/Data/f688stk14.sgy
[15:04:37] [INFO ] NAV      : ../../airgun_data/namss.F-6-88-HW.mcs.airgun/Navigation/f-6-88-hw_NAV-WGS84.csv
[15:04:37] [INFO ] SA mode  : averaged 5x 
[15:04:37] [INFO ] 
[15:04:37] [INFO ] STEP 1 — Feature extraction
[15:04:37] [INFO ]   Loading navigation...
[15:04:38] [INFO ]   Loading SEG-Y...
[15:04:38] [INFO ]   Traces: 10761  Samples: 2750  dt: 4.000 ms
[15:04:38] [INFO ]   Depth:  0.0 m → 8247.0 m
[15:04:38] [INFO ]   Matching traces to navigation...
[15:04:38] [INFO ]   NAV line matched via translation: 'f688stk14' -> '14'
[15:04:39] [INFO ]   Matched 10761 / 10761 traces
[15:04:39] [INFO ]   Bandpass filtering...
[15:04:39] [INFO ]   Computing seismic attributes...
[15:04:40] [INFO ]   Picking seafloor...
[15:04:41] [INFO ]   Seafloor depth: 4062–5001 m  (0 shallow traces masked)
[15:04:41] [INFO ]   Picking horizons...
[15:05:08] [INFO ]   Computing NCC coherence (slow)...
[15:05:09] [INFO ]   Saving CNN section image...
[15:05:11] [INFO ]   Saved: f688stk14_section_cnn.png  (2700x1500px)
[15:05:11] [INFO ]   Step 1 complete
[15:05:11] [INFO ] 
[15:05:11] [INFO ] STEP 2 — Fault detection
[15:05:11] [INFO ]   Mode: averaged SA (5 runs per seed)
[15:05:22] [INFO ]   Averaging SA over 5 runs per seed (30 seeds)
[15:05:23] [INFO ]     Seed 1/30 trace 294: avg_prob=0.704 [PASS]
[15:05:24] [INFO ]     Seed 2/30 trace 7685: avg_prob=0.714 [PASS]
[15:05:25] [INFO ]     Seed 3/30 trace 3602: avg_prob=0.641 [PASS]
[15:05:26] [INFO ]     Seed 4/30 trace 6050: avg_prob=0.699 [PASS]
[15:05:28] [INFO ]     Seed 5/30 trace 9205: avg_prob=0.708 [PASS]
[15:05:34] [INFO ]     Seed 6/30 trace 6785: avg_prob=0.690 [PASS]
[15:05:35] [INFO ]     Seed 7/30 trace 922: avg_prob=0.664 [PASS]
[15:05:37] [INFO ]     Seed 8/30 trace 31: avg_prob=0.712 [PASS]
[15:05:38] [INFO ]     Seed 9/30 trace 4412: avg_prob=0.692 [PASS]
[15:05:39] [INFO ]     Seed 10/30 trace 6495: avg_prob=0.581 [PASS]
[15:05:40] [INFO ]     Seed 11/30 trace 10578: avg_prob=0.693 [PASS]
[15:05:41] [INFO ]     Seed 12/30 trace 7347: avg_prob=0.662 [PASS]
[15:06:37] [INFO ]     Seed 13/30 trace 1689: avg_prob=0.680 [PASS]
[15:06:39] [INFO ]     Seed 14/30 trace 8293: avg_prob=0.683 [PASS]
[15:06:40] [INFO ]     Seed 15/30 trace 2240: avg_prob=0.646 [PASS]
[15:06:41] [INFO ]     Seed 16/30 trace 5771: avg_prob=0.633 [PASS]
[15:06:42] [INFO ]     Seed 17/30 trace 3310: avg_prob=0.669 [PASS]
[15:06:43] [INFO ]     Seed 18/30 trace 2467: avg_prob=0.683 [PASS]
[15:06:54] [INFO ]     Seed 19/30 trace 570: avg_prob=0.682 [PASS]
[15:06:55] [INFO ]     Seed 20/30 trace 5080: avg_prob=0.652 [PASS]
[15:06:56] [INFO ]     Seed 21/30 trace 7061: avg_prob=0.654 [PASS]
[15:06:57] [INFO ]     Seed 22/30 trace 1480: avg_prob=0.671 [PASS]
[15:06:58] [INFO ]     Seed 23/30 trace 8074: avg_prob=0.654 [PASS]
[15:06:59] [INFO ]     Seed 24/30 trace 4206: avg_prob=0.680 [PASS]
[15:07:00] [INFO ]     Seed 25/30 trace 2838: avg_prob=0.638 [PASS]
[15:07:09] [INFO ]     Seed 26/30 trace 8707: avg_prob=0.674 [PASS]
[15:07:10] [INFO ]     Seed 27/30 trace 4755: avg_prob=0.666 [PASS]
[15:07:11] [INFO ]     Seed 28/30 trace 9449: avg_prob=0.671 [PASS]
[15:07:12] [INFO ]     Seed 29/30 trace 5372: avg_prob=0.674 [PASS]
[15:07:13] [INFO ]     Seed 30/30 trace 3839: avg_prob=0.659 [PASS]
[15:07:13] [INFO ]   Detected 0 high-confidence faults
[15:07:13] [INFO ]   Step 2 complete
[15:07:13] [INFO ] 
[15:07:13] [INFO ] STEP 3 — Bounding boxes
[15:07:13] [INFO ]   Generated 0 boxes
[15:07:13] [INFO ]   Step 3 complete
[15:07:13] [INFO ] 
[15:07:13] [INFO ] STEP 4 — Dataset building
[15:07:13] [INFO ]   Saving labeled review image...
[15:07:13] [INFO ]   Saved: f688stk14_labeled.png
[15:07:13] [INFO ]   Split: train
[15:07:13] [INFO ]   Added 0 annotations to train.json
[15:07:13] [INFO ]   train.json: 137 images, 48 annotations
[15:07:13] [INFO ]   val.json:   34 images,  12 annotations
[15:07:13] [INFO ]   Step 4 complete
[15:07:13] [INFO ] 
[15:07:13] [INFO ]   DONE  f688stk14  →  train  |  0 faults  |  0 boxes
[15:07:13] [INFO ] 
[15:07:13] [INFO ] ──────────────────────────────────────────────────
[15:07:13] [INFO ]   LINE: f688stk14a
[15:07:13] [INFO ] ──────────────────────────────────────────────────
[15:07:13] [INFO ] Dataset  : namss.F-6-88-HW.mcs.airgun
[15:07:13] [INFO ] SGY      : ../../airgun_data/namss.F-6-88-HW.mcs.airgun/Data/f688stk14a.sgy
[15:07:13] [INFO ] NAV      : ../../airgun_data/namss.F-6-88-HW.mcs.airgun/Navigation/f-6-88-hw_NAV-WGS84.csv
[15:07:13] [INFO ] SA mode  : averaged 5x 
[15:07:13] [INFO ] 
[15:07:13] [INFO ] STEP 1 — Feature extraction
[15:07:13] [INFO ]   Loading navigation...
[15:07:13] [INFO ]   Loading SEG-Y...
[15:07:13] [INFO ]   Traces: 684  Samples: 2750  dt: 4.000 ms
[15:07:13] [INFO ]   Depth:  0.0 m → 8247.0 m
[15:07:13] [INFO ]   Matching traces to navigation...
[15:07:13] [INFO ]   NAV line matched via translation: 'f688stk14a' -> '14A'
[15:07:13] [INFO ]   Matched 0 / 684 traces
[15:07:13] [ERROR] SKIPPING f688stk14a (namss.F-6-88-HW.mcs.airgun): No traces matched navigation — check line name vs NAV file.
[15:07:13] [ERROR]   Traceback (most recent call last):
[15:07:13] [ERROR]     File "/Users/lennylukach/Personal/School/CS4100/namss/pipeline/src/pipeline.py", line 848, in <module>
[15:07:13] [ERROR]       process_line(line, sgy_path, nav_path, dataset)
[15:07:13] [ERROR]     File "/Users/lennylukach/Personal/School/CS4100/namss/pipeline/src/pipeline.py", line 431, in process_line
[15:07:13] [ERROR]       raise RuntimeError(
[15:07:13] [ERROR]   RuntimeError: No traces matched navigation — check line name vs NAV file.
[15:07:13] [INFO ] 
[15:07:13] [INFO ] ──────────────────────────────────────────────────
[15:07:13] [INFO ]   LINE: f688stk15
[15:07:13] [INFO ] ──────────────────────────────────────────────────
[15:07:13] [INFO ] Dataset  : namss.F-6-88-HW.mcs.airgun
[15:07:13] [INFO ] SGY      : ../../airgun_data/namss.F-6-88-HW.mcs.airgun/Data/f688stk15.sgy
[15:07:13] [INFO ] NAV      : ../../airgun_data/namss.F-6-88-HW.mcs.airgun/Navigation/f-6-88-hw_NAV-WGS84.csv
[15:07:13] [INFO ] SA mode  : averaged 5x 
[15:07:13] [INFO ] 
[15:07:13] [INFO ] STEP 1 — Feature extraction
[15:07:13] [INFO ]   Loading navigation...
[15:07:14] [INFO ]   Loading SEG-Y...
[15:07:14] [INFO ]   Traces: 10196  Samples: 2750  dt: 4.000 ms
[15:07:14] [INFO ]   Depth:  0.0 m → 8247.0 m
[15:07:14] [INFO ]   Matching traces to navigation...
[15:07:14] [INFO ]   NAV line matched via translation: 'f688stk15' -> '15'
[15:07:15] [INFO ]   Matched 10196 / 10196 traces
[15:07:15] [INFO ]   Bandpass filtering...
[15:07:15] [INFO ]   Computing seismic attributes...
[15:07:23] [INFO ]   Picking seafloor...
[15:07:24] [INFO ]   Seafloor depth: 4173–5016 m  (0 shallow traces masked)
[15:07:24] [INFO ]   Picking horizons...
[15:07:24] [INFO ]   Computing NCC coherence (slow)...
[15:07:25] [INFO ]   Saving CNN section image...
[15:07:27] [INFO ]   Saved: f688stk15_section_cnn.png  (2700x1500px)
[15:07:27] [INFO ]   Step 1 complete
[15:07:27] [INFO ] 
[15:07:27] [INFO ] STEP 2 — Fault detection
[15:07:27] [INFO ]   Mode: averaged SA (5 runs per seed)
[15:07:53] [INFO ]   Averaging SA over 5 runs per seed (24 seeds)
[15:07:54] [INFO ]     Seed 1/24 trace 9985: avg_prob=0.754 [PASS]
[15:07:55] [INFO ]     Seed 2/24 trace 9423: avg_prob=0.690 [PASS]
[15:07:57] [INFO ]     Seed 3/24 trace 9686: avg_prob=0.709 [PASS]
[15:07:58] [INFO ]     Seed 4/24 trace 566: avg_prob=0.671 [PASS]
[15:07:59] [INFO ]     Seed 5/24 trace 363: avg_prob=0.645 [PASS]
[15:08:15] [INFO ]     Seed 6/24 trace 876: avg_prob=0.689 [PASS]
[15:08:16] [INFO ]     Seed 7/24 trace 9118: avg_prob=0.668 [PASS]
[15:08:17] [INFO ]     Seed 8/24 trace 3891: avg_prob=0.604 [PASS]
[15:08:19] [INFO ]     Seed 9/24 trace 101: avg_prob=0.676 [PASS]
[15:08:20] [INFO ]     Seed 10/24 trace 6793: avg_prob=0.668 [PASS]
[15:08:21] [INFO ]     Seed 11/24 trace 2686: avg_prob=0.645 [PASS]
[15:08:47] [INFO ]     Seed 12/24 trace 7255: avg_prob=0.669 [PASS]
[15:08:48] [INFO ]     Seed 13/24 trace 4819: avg_prob=0.649 [PASS]
[15:08:49] [INFO ]     Seed 14/24 trace 6409: avg_prob=0.662 [PASS]
[15:08:50] [INFO ]     Seed 15/24 trace 1421: avg_prob=0.671 [PASS]
[15:08:52] [INFO ]     Seed 16/24 trace 5210: avg_prob=0.646 [PASS]
[15:08:53] [INFO ]     Seed 17/24 trace 5436: avg_prob=0.664 [PASS]
[15:08:54] [INFO ]     Seed 18/24 trace 1177: avg_prob=0.661 [PASS]
[15:09:02] [INFO ]     Seed 19/24 trace 1914: avg_prob=0.643 [PASS]
[15:09:03] [INFO ]     Seed 20/24 trace 8465: avg_prob=0.632 [PASS]
[15:09:04] [INFO ]     Seed 21/24 trace 5729: avg_prob=0.649 [PASS]
[15:09:05] [INFO ]     Seed 22/24 trace 2332: avg_prob=0.654 [PASS]
[15:09:06] [INFO ]     Seed 23/24 trace 4412: avg_prob=0.622 [PASS]
[15:09:07] [INFO ]     Seed 24/24 trace 8908: avg_prob=0.627 [PASS]
[15:09:07] [INFO ]   Detected 1 high-confidence faults
[15:09:07] [INFO ]     Fault  1 | trace ~ 9977 | prob=0.754
[15:09:07] [INFO ]   Step 2 complete
[15:09:07] [INFO ] 
[15:09:07] [INFO ] STEP 3 — Bounding boxes
[15:09:07] [INFO ]   Box  1 | [2592, 871, 95w, 128h px]
[15:09:07] [INFO ]   Generated 1 boxes
[15:09:07] [INFO ]   Step 3 complete
[15:09:07] [INFO ] 
[15:09:07] [INFO ] STEP 4 — Dataset building
[15:09:07] [INFO ]   Saving labeled review image...
[15:09:08] [INFO ]   Saved: f688stk15_labeled.png
[15:09:08] [INFO ]   Split: val
[15:09:08] [INFO ]   Added 1 annotations to val.json
[15:09:08] [INFO ]   train.json: 137 images, 48 annotations
[15:09:08] [INFO ]   val.json:   35 images,  13 annotations
[15:09:08] [INFO ]   Step 4 complete
[15:09:08] [INFO ] 
[15:09:08] [INFO ]   DONE  f688stk15  →  val  |  1 faults  |  1 boxes
[15:09:08] [INFO ] 
[15:09:08] [INFO ] ──────────────────────────────────────────────────
[15:09:08] [INFO ]   LINE: f688stk16
[15:09:08] [INFO ] ──────────────────────────────────────────────────
[15:09:08] [INFO ] Dataset  : namss.F-6-88-HW.mcs.airgun
[15:09:08] [INFO ] SGY      : ../../airgun_data/namss.F-6-88-HW.mcs.airgun/Data/f688stk16.sgy
[15:09:08] [INFO ] NAV      : ../../airgun_data/namss.F-6-88-HW.mcs.airgun/Navigation/f-6-88-hw_NAV-WGS84.csv
[15:09:08] [INFO ] SA mode  : averaged 5x 
[15:09:08] [INFO ] 
[15:09:08] [INFO ] STEP 1 — Feature extraction
[15:09:08] [INFO ]   Loading navigation...
[15:09:08] [INFO ]   Loading SEG-Y...
[15:09:08] [INFO ]   Traces: 10764  Samples: 2750  dt: 4.000 ms
[15:09:08] [INFO ]   Depth:  0.0 m → 8247.0 m
[15:09:08] [INFO ]   Matching traces to navigation...
[15:09:08] [INFO ]   NAV line matched via translation: 'f688stk16' -> '16'
[15:09:34] [INFO ]   Matched 10764 / 10764 traces
[15:09:34] [INFO ]   Bandpass filtering...
[15:09:34] [INFO ]   Computing seismic attributes...
[15:09:35] [INFO ]   Picking seafloor...
[15:09:36] [INFO ]   Seafloor depth: 2712–5073 m  (0 shallow traces masked)
[15:09:36] [INFO ]   Picking horizons...
[15:09:37] [INFO ]   Computing NCC coherence (slow)...
[15:09:38] [INFO ]   Saving CNN section image...
[15:09:40] [INFO ]   Saved: f688stk16_section_cnn.png  (2700x1500px)
[15:09:40] [INFO ]   Step 1 complete
[15:09:40] [INFO ] 
[15:09:40] [INFO ] STEP 2 — Fault detection
[15:09:40] [INFO ]   Mode: averaged SA (5 runs per seed)
[15:10:10] [INFO ]   Averaging SA over 5 runs per seed (26 seeds)
[15:10:11] [INFO ]     Seed 1/26 trace 10608: avg_prob=0.675 [PASS]
[15:10:12] [INFO ]     Seed 2/26 trace 4260: avg_prob=0.615 [PASS]
[15:10:13] [INFO ]     Seed 3/26 trace 9882: avg_prob=0.705 [PASS]
[15:10:15] [INFO ]     Seed 4/26 trace 5239: avg_prob=0.601 [PASS]
[15:10:16] [INFO ]     Seed 5/26 trace 9195: avg_prob=0.688 [PASS]
[15:10:17] [INFO ]     Seed 6/26 trace 3025: avg_prob=0.675 [PASS]
[15:10:43] [INFO ]     Seed 7/26 trace 3328: avg_prob=0.672 [PASS]
[15:10:44] [INFO ]     Seed 8/26 trace 12: avg_prob=0.553 [PASS]
[15:10:45] [INFO ]     Seed 9/26 trace 8671: avg_prob=0.663 [PASS]
[15:10:47] [INFO ]     Seed 10/26 trace 8987: avg_prob=0.685 [PASS]
[15:10:48] [INFO ]     Seed 11/26 trace 2465: avg_prob=0.665 [PASS]
[15:10:49] [INFO ]     Seed 12/26 trace 9677: avg_prob=0.616 [PASS]
[15:10:50] [INFO ]     Seed 13/26 trace 10110: avg_prob=0.672 [PASS]
[15:10:51] [INFO ]     Seed 14/26 trace 4748: avg_prob=0.640 [PASS]
[15:10:52] [INFO ]     Seed 15/26 trace 2116: avg_prob=0.611 [PASS]
[15:10:54] [INFO ]     Seed 16/26 trace 9420: avg_prob=0.626 [PASS]
[15:10:55] [INFO ]     Seed 17/26 trace 6761: avg_prob=0.628 [PASS]
[15:10:57] [INFO ]     Seed 18/26 trace 7778: avg_prob=0.629 [PASS]
[15:10:58] [INFO ]     Seed 19/26 trace 710: avg_prob=0.645 [PASS]
[15:10:59] [INFO ]     Seed 20/26 trace 3950: avg_prob=0.539 [PASS]
[15:11:00] [INFO ]     Seed 21/26 trace 3643: avg_prob=0.621 [PASS]
[15:11:01] [INFO ]     Seed 22/26 trace 2804: avg_prob=0.640 [PASS]
[15:11:02] [INFO ]     Seed 23/26 trace 10390: avg_prob=0.660 [PASS]
[15:11:04] [INFO ]     Seed 24/26 trace 5557: avg_prob=0.632 [PASS]
[15:11:05] [INFO ]     Seed 25/26 trace 1199: avg_prob=0.620 [PASS]
[15:11:06] [INFO ]     Seed 26/26 trace 1465: avg_prob=0.626 [PASS]
[15:11:06] [INFO ]   Detected 0 high-confidence faults
[15:11:06] [INFO ]   Step 2 complete
[15:11:06] [INFO ] 
[15:11:06] [INFO ] STEP 3 — Bounding boxes
[15:11:06] [INFO ]   Generated 0 boxes
[15:11:06] [INFO ]   Step 3 complete
[15:11:06] [INFO ] 
[15:11:06] [INFO ] STEP 4 — Dataset building
[15:11:06] [INFO ]   Saving labeled review image...
[15:11:06] [INFO ]   Saved: f688stk16_labeled.png
[15:11:06] [INFO ]   Split: train
[15:11:06] [INFO ]   Added 0 annotations to train.json
[15:11:06] [INFO ]   train.json: 138 images, 48 annotations
[15:11:06] [INFO ]   val.json:   35 images,  13 annotations
[15:11:06] [INFO ]   Step 4 complete
[15:11:06] [INFO ] 
[15:11:06] [INFO ]   DONE  f688stk16  →  train  |  0 faults  |  0 boxes
[15:11:06] [INFO ] 
[15:11:06] [INFO ] ──────────────────────────────────────────────────
[15:11:06] [INFO ]   LINE: f688stk16a
[15:11:06] [INFO ] ──────────────────────────────────────────────────
[15:11:06] [INFO ] Dataset  : namss.F-6-88-HW.mcs.airgun
[15:11:06] [INFO ] SGY      : ../../airgun_data/namss.F-6-88-HW.mcs.airgun/Data/f688stk16a.sgy
[15:11:06] [INFO ] NAV      : ../../airgun_data/namss.F-6-88-HW.mcs.airgun/Navigation/f-6-88-hw_NAV-WGS84.csv
[15:11:06] [INFO ] SA mode  : averaged 5x 
[15:11:06] [INFO ] 
[15:11:06] [INFO ] STEP 1 — Feature extraction
[15:11:06] [INFO ]   Loading navigation...
[15:11:06] [INFO ]   Loading SEG-Y...
[15:11:06] [INFO ]   Traces: 703  Samples: 2750  dt: 4.000 ms
[15:11:06] [INFO ]   Depth:  0.0 m → 8247.0 m
[15:11:06] [INFO ]   Matching traces to navigation...
[15:11:06] [INFO ]   NAV line matched via translation: 'f688stk16a' -> '16A'
[15:11:06] [INFO ]   Matched 0 / 703 traces
[15:11:06] [ERROR] SKIPPING f688stk16a (namss.F-6-88-HW.mcs.airgun): No traces matched navigation — check line name vs NAV file.
[15:11:06] [ERROR]   Traceback (most recent call last):
[15:11:06] [ERROR]     File "/Users/lennylukach/Personal/School/CS4100/namss/pipeline/src/pipeline.py", line 848, in <module>
[15:11:06] [ERROR]       process_line(line, sgy_path, nav_path, dataset)
[15:11:06] [ERROR]     File "/Users/lennylukach/Personal/School/CS4100/namss/pipeline/src/pipeline.py", line 431, in process_line
[15:11:06] [ERROR]       raise RuntimeError(
[15:11:06] [ERROR]   RuntimeError: No traces matched navigation — check line name vs NAV file.
[15:11:06] [INFO ] 
[15:11:06] [INFO ] ──────────────────────────────────────────────────
[15:11:06] [INFO ]   LINE: f688stk17
[15:11:06] [INFO ] ──────────────────────────────────────────────────
[15:11:06] [INFO ] Dataset  : namss.F-6-88-HW.mcs.airgun
[15:11:06] [INFO ] SGY      : ../../airgun_data/namss.F-6-88-HW.mcs.airgun/Data/f688stk17.sgy
[15:11:06] [INFO ] NAV      : ../../airgun_data/namss.F-6-88-HW.mcs.airgun/Navigation/f-6-88-hw_NAV-WGS84.csv
[15:11:06] [INFO ] SA mode  : averaged 5x 
[15:11:06] [INFO ] 
[15:11:06] [INFO ] STEP 1 — Feature extraction
[15:11:06] [INFO ]   Loading navigation...
[15:11:06] [INFO ]   Loading SEG-Y...
[15:11:07] [INFO ]   Traces: 10831  Samples: 2750  dt: 4.000 ms
[15:11:07] [INFO ]   Depth:  0.0 m → 8247.0 m
[15:11:07] [INFO ]   Matching traces to navigation...
[15:11:07] [INFO ]   NAV line matched via translation: 'f688stk17' -> '17'
[15:11:08] [INFO ]   Matched 10831 / 10831 traces
[15:11:08] [INFO ]   Bandpass filtering...
[15:11:08] [INFO ]   Computing seismic attributes...
[15:11:09] [INFO ]   Picking seafloor...
[15:11:10] [INFO ]   Seafloor depth: 0–5091 m  (235 shallow traces masked)
[15:11:10] [INFO ]   Picking horizons...
[15:11:10] [INFO ]   Computing NCC coherence (slow)...
[15:11:11] [INFO ]   Saving CNN section image...
[15:11:13] [INFO ]   Saved: f688stk17_section_cnn.png  (2700x1500px)
[15:11:13] [INFO ]   Step 1 complete
[15:11:13] [INFO ] 
[15:11:13] [INFO ] STEP 2 — Fault detection
[15:11:13] [INFO ]   Mode: averaged SA (5 runs per seed)
[15:11:18] [INFO ]   Averaging SA over 5 runs per seed (26 seeds)
[15:11:22] [INFO ]     Seed 1/26 trace 8368: avg_prob=0.719 [PASS]
[15:11:23] [INFO ]     Seed 2/26 trace 8122: avg_prob=0.619 [PASS]
[15:11:24] [INFO ]     Seed 3/26 trace 7922: avg_prob=0.660 [PASS]
[15:11:26] [INFO ]     Seed 4/26 trace 5849: avg_prob=0.656 [PASS]
[15:11:27] [INFO ]     Seed 5/26 trace 1731: avg_prob=0.697 [PASS]
[15:11:28] [INFO ]     Seed 6/26 trace 7536: avg_prob=0.684 [PASS]
[15:12:40] [INFO ]     Seed 7/26 trace 10300: avg_prob=0.672 [PASS]
[15:12:41] [INFO ]     Seed 8/26 trace 6085: avg_prob=0.629 [PASS]
[15:12:42] [INFO ]     Seed 9/26 trace 2044: avg_prob=0.710 [PASS]
[15:12:43] [INFO ]     Seed 10/26 trace 507: avg_prob=0.712 [PASS]
[15:12:44] [INFO ]     Seed 11/26 trace 3228: avg_prob=0.686 [PASS]
[15:12:46] [INFO ]     Seed 12/26 trace 7138: avg_prob=0.615 [PASS]
[15:12:47] [INFO ]     Seed 13/26 trace 10579: avg_prob=0.689 [PASS]
[15:15:07] [INFO ]     Seed 14/26 trace 15: avg_prob=0.668 [PASS]
[15:15:08] [INFO ]     Seed 15/26 trace 10061: avg_prob=0.690 [PASS]
[15:15:09] [INFO ]     Seed 16/26 trace 8616: avg_prob=0.661 [PASS]
[15:15:10] [INFO ]     Seed 17/26 trace 3618: avg_prob=0.666 [PASS]
[15:15:11] [INFO ]     Seed 18/26 trace 1327: avg_prob=0.627 [PASS]
[15:15:12] [INFO ]     Seed 19/26 trace 9642: avg_prob=0.668 [PASS]
[15:20:52] [INFO ]     Seed 20/26 trace 5403: avg_prob=0.658 [PASS]
[15:20:54] [INFO ]     Seed 21/26 trace 2308: avg_prob=0.674 [PASS]
[15:20:55] [INFO ]     Seed 22/26 trace 841: avg_prob=0.672 [PASS]
[15:20:56] [INFO ]     Seed 23/26 trace 9258: avg_prob=0.639 [PASS]
[15:20:57] [INFO ]     Seed 24/26 trace 4017: avg_prob=0.639 [PASS]
[15:20:58] [INFO ]     Seed 25/26 trace 10810: avg_prob=0.651 [PASS]
[15:20:59] [INFO ]     Seed 26/26 trace 1041: avg_prob=0.655 [PASS]
[15:20:59] [INFO ]   Detected 0 high-confidence faults
[15:20:59] [INFO ]   Step 2 complete
[15:20:59] [INFO ] 
[15:20:59] [INFO ] STEP 3 — Bounding boxes
[15:20:59] [INFO ]   Generated 0 boxes
[15:20:59] [INFO ]   Step 3 complete
[15:20:59] [INFO ] 
[15:20:59] [INFO ] STEP 4 — Dataset building
[15:20:59] [INFO ]   Saving labeled review image...
[15:20:59] [INFO ]   Saved: f688stk17_labeled.png
[15:20:59] [INFO ]   Split: train
[15:20:59] [INFO ]   Added 0 annotations to train.json
[15:20:59] [INFO ]   train.json: 139 images, 48 annotations
[15:20:59] [INFO ]   val.json:   35 images,  13 annotations
[15:20:59] [INFO ]   Step 4 complete
[15:20:59] [INFO ] 
[15:20:59] [INFO ]   DONE  f688stk17  →  train  |  0 faults  |  0 boxes
[15:20:59] [INFO ] 
[15:20:59] [INFO ] ──────────────────────────────────────────────────
[15:20:59] [INFO ]   LINE: 201wg82stk
[15:20:59] [INFO ] ──────────────────────────────────────────────────
[15:20:59] [INFO ] Dataset  : namss.L-12-82-WG.mcs.airgun
[15:20:59] [INFO ] SGY      : ../../airgun_data/namss.L-12-82-WG.mcs.airgun/Data/201wg82stk.sgy
[15:20:59] [INFO ] NAV      : ../../airgun_data/namss.L-12-82-WG.mcs.airgun/Navigation/l-12-82-wg_NAV-WGS84.csv
[15:20:59] [INFO ] SA mode  : averaged 5x 
[15:20:59] [INFO ] 
[15:20:59] [INFO ] STEP 1 — Feature extraction
[15:20:59] [INFO ]   Loading navigation...
[15:20:59] [INFO ]   Loading SEG-Y...
[15:20:59] [INFO ]   Traces: 3304  Samples: 3500  dt: 4.000 ms
[15:20:59] [INFO ]   Depth:  0.0 m → 10497.0 m
[15:20:59] [INFO ]   Matching traces to navigation...
[15:20:59] [INFO ]   NAV line matched via translation: '201wg82stk' -> '201'
[15:21:00] [INFO ]   Matched 2556 / 3304 traces
[15:21:00] [INFO ]   Bandpass filtering...
[15:21:00] [INFO ]   Computing seismic attributes...
[15:21:00] [INFO ]   Picking seafloor...
[15:21:02] [INFO ]   Seafloor depth: 33–6957 m  (782 shallow traces masked)
[15:21:02] [INFO ]   Picking horizons...
[15:21:02] [INFO ]   Computing NCC coherence (slow)...
[15:21:02] [INFO ]   Saving CNN section image...
[15:21:03] [INFO ]   Saved: 201wg82stk_section_cnn.png  (2700x1500px)
[15:21:03] [INFO ]   Step 1 complete
[15:21:03] [INFO ] 
[15:21:03] [INFO ] STEP 2 — Fault detection
[15:21:03] [INFO ]   Mode: averaged SA (5 runs per seed)
[15:21:04] [INFO ]   Averaging SA over 5 runs per seed (4 seeds)
[15:21:06] [INFO ]     Seed 1/4 trace 750: avg_prob=0.800 [PASS]
[15:21:07] [INFO ]     Seed 2/4 trace 1224: avg_prob=0.706 [PASS]
[15:21:08] [INFO ]     Seed 3/4 trace 950: avg_prob=0.653 [PASS]
[15:21:09] [INFO ]     Seed 4/4 trace 2198: avg_prob=0.577 [PASS]
[15:21:09] [INFO ]   Detected 1 high-confidence faults
[15:21:09] [INFO ]     Fault  1 | trace ~  747 | prob=0.800
[15:21:09] [INFO ]   Step 2 complete
[15:21:09] [INFO ] 
[15:21:09] [INFO ] STEP 3 — Bounding boxes
[15:21:09] [INFO ]   Box  1 | [667, 51, 262w, 153h px]
[15:21:09] [INFO ]   Generated 1 boxes
[15:21:09] [INFO ]   Step 3 complete
[15:21:09] [INFO ] 
[15:21:09] [INFO ] STEP 4 — Dataset building
[15:21:09] [INFO ]   Saving labeled review image...
[15:21:09] [INFO ]   Saved: 201wg82stk_labeled.png
[15:21:09] [INFO ]   Split: train
[15:21:09] [INFO ]   Added 1 annotations to train.json
[15:21:09] [INFO ]   train.json: 140 images, 49 annotations
[15:21:09] [INFO ]   val.json:   35 images,  13 annotations
[15:21:09] [INFO ]   Step 4 complete
[15:21:09] [INFO ] 
[15:21:09] [INFO ]   DONE  201wg82stk  →  train  |  1 faults  |  1 boxes
[15:21:09] [INFO ] 
[15:21:09] [INFO ] ──────────────────────────────────────────────────
[15:21:09] [INFO ]   LINE: 202wg82stk
[15:21:09] [INFO ] ──────────────────────────────────────────────────
[15:21:09] [INFO ] Dataset  : namss.L-12-82-WG.mcs.airgun
[15:21:09] [INFO ] SGY      : ../../airgun_data/namss.L-12-82-WG.mcs.airgun/Data/202wg82stk.sgy
[15:21:09] [INFO ] NAV      : ../../airgun_data/namss.L-12-82-WG.mcs.airgun/Navigation/l-12-82-wg_NAV-WGS84.csv
[15:21:09] [INFO ] SA mode  : averaged 5x 
[15:21:09] [INFO ] 
[15:21:09] [INFO ] STEP 1 — Feature extraction
[15:21:09] [INFO ]   Loading navigation...
[15:21:09] [INFO ]   Loading SEG-Y...
[15:21:11] [INFO ]   Traces: 1287  Samples: 4000  dt: 4.000 ms
[15:21:11] [INFO ]   Depth:  0.0 m → 11997.0 m
[15:21:11] [INFO ]   Matching traces to navigation...
[15:21:11] [INFO ]   NAV line matched via translation: '202wg82stk' -> '202'
[15:21:11] [INFO ]   Matched 1285 / 1287 traces
[15:21:11] [INFO ]   Bandpass filtering...
[15:21:11] [INFO ]   Computing seismic attributes...
[15:21:11] [INFO ]   Picking seafloor...
[15:21:11] [INFO ]   Seafloor depth: 5535–6888 m  (0 shallow traces masked)
[15:21:11] [INFO ]   Picking horizons...
[15:21:11] [INFO ]   Computing NCC coherence (slow)...
[15:21:11] [INFO ]   Saving CNN section image...
[15:21:12] [INFO ]   Saved: 202wg82stk_section_cnn.png  (2700x1500px)
[15:21:12] [INFO ]   Step 1 complete
[15:21:12] [INFO ] 
[15:21:12] [INFO ] STEP 2 — Fault detection
[15:21:12] [INFO ]   Mode: averaged SA (5 runs per seed)
[15:21:13] [INFO ]   Averaging SA over 5 runs per seed (5 seeds)
[15:21:14] [INFO ]     Seed 1/5 trace 11: avg_prob=0.658 [PASS]
[15:21:15] [INFO ]     Seed 2/5 trace 350: avg_prob=0.647 [PASS]
[15:21:16] [INFO ]     Seed 3/5 trace 770: avg_prob=0.626 [PASS]
[15:21:17] [INFO ]     Seed 4/5 trace 1053: avg_prob=0.593 [PASS]
[15:30:23] [INFO ]     Seed 5/5 trace 1273: avg_prob=0.569 [PASS]
[15:30:23] [INFO ]   Detected 0 high-confidence faults
[15:30:23] [INFO ]   Step 2 complete
[15:30:23] [INFO ] 
[15:30:23] [INFO ] STEP 3 — Bounding boxes
[15:30:23] [INFO ]   Generated 0 boxes
[15:30:23] [INFO ]   Step 3 complete
[15:30:23] [INFO ] 
[15:30:23] [INFO ] STEP 4 — Dataset building
[15:30:23] [INFO ]   Saving labeled review image...
[15:30:23] [INFO ]   Saved: 202wg82stk_labeled.png
[15:30:23] [INFO ]   Split: val
[15:30:23] [INFO ]   Added 0 annotations to val.json
[15:30:23] [INFO ]   train.json: 140 images, 49 annotations
[15:30:23] [INFO ]   val.json:   36 images,  13 annotations
[15:30:23] [INFO ]   Step 4 complete
[15:30:23] [INFO ] 
[15:30:23] [INFO ]   DONE  202wg82stk  →  val  |  0 faults  |  0 boxes
[15:30:23] [INFO ] 
[15:30:23] [INFO ] ──────────────────────────────────────────────────
[15:30:23] [INFO ]   LINE: 203wg82stk
[15:30:23] [INFO ] ──────────────────────────────────────────────────
[15:30:23] [INFO ] Dataset  : namss.L-12-82-WG.mcs.airgun
[15:30:23] [INFO ] SGY      : ../../airgun_data/namss.L-12-82-WG.mcs.airgun/Data/203wg82stk.sgy
[15:30:23] [INFO ] NAV      : ../../airgun_data/namss.L-12-82-WG.mcs.airgun/Navigation/l-12-82-wg_NAV-WGS84.csv
[15:30:23] [INFO ] SA mode  : averaged 5x 
[15:30:23] [INFO ] 
[15:30:23] [INFO ] STEP 1 — Feature extraction
[15:30:23] [INFO ]   Loading navigation...
[15:30:23] [INFO ]   Loading SEG-Y...
[15:30:23] [INFO ]   Traces: 3497  Samples: 4000  dt: 4.000 ms
[15:30:23] [INFO ]   Depth:  0.0 m → 11997.0 m
[15:30:23] [INFO ]   Matching traces to navigation...
[15:30:23] [INFO ]   NAV line matched via translation: '203wg82stk' -> '203'
[15:30:23] [INFO ]   Matched 3373 / 3497 traces
[15:30:23] [INFO ]   Bandpass filtering...
[15:30:24] [INFO ]   Computing seismic attributes...
[15:30:24] [INFO ]   Picking seafloor...
[15:30:24] [INFO ]   Seafloor depth: 3–6666 m  (1586 shallow traces masked)
[15:30:24] [INFO ]   Picking horizons...
[15:30:25] [INFO ]   Computing NCC coherence (slow)...
[15:30:25] [INFO ]   Saving CNN section image...
[15:30:26] [INFO ]   Saved: 203wg82stk_section_cnn.png  (2700x1500px)
[15:30:26] [INFO ]   Step 1 complete
[15:30:26] [INFO ] 
[15:30:26] [INFO ] STEP 2 — Fault detection
[15:30:26] [INFO ]   Mode: averaged SA (5 runs per seed)
[15:30:28] [INFO ]   Averaging SA over 5 runs per seed (6 seeds)
[15:30:29] [INFO ]     Seed 1/6 trace 1549: avg_prob=0.752 [PASS]
[15:38:19] [INFO ]     Seed 2/6 trace 1235: avg_prob=0.729 [PASS]
[15:38:22] [INFO ]     Seed 3/6 trace 1859: avg_prob=0.704 [PASS]
[15:38:23] [INFO ]     Seed 4/6 trace 918: avg_prob=0.725 [PASS]
[15:38:25] [INFO ]     Seed 5/6 trace 3220: avg_prob=0.642 [PASS]
[15:38:27] [INFO ]     Seed 6/6 trace 2721: avg_prob=0.622 [PASS]
[15:38:27] [INFO ]   Detected 1 high-confidence faults
[15:38:27] [INFO ]     Fault  1 | trace ~ 1549 | prob=0.752
[15:38:27] [INFO ]   Step 2 complete
[15:38:27] [INFO ] 
[15:38:27] [INFO ] STEP 3 — Bounding boxes
[15:38:27] [INFO ]   Box  1 | [1143, 191, 185w, 101h px]
[15:38:27] [INFO ]   Generated 1 boxes
[15:38:27] [INFO ]   Step 3 complete
[15:38:27] [INFO ] 
[15:38:27] [INFO ] STEP 4 — Dataset building
[15:38:27] [INFO ]   Saving labeled review image...
[15:38:27] [INFO ]   Saved: 203wg82stk_labeled.png
[15:38:27] [INFO ]   Split: train
[15:38:27] [INFO ]   Added 1 annotations to train.json
[15:38:27] [INFO ]   train.json: 141 images, 50 annotations
[15:38:27] [INFO ]   val.json:   36 images,  13 annotations
[15:38:27] [INFO ]   Step 4 complete
[15:38:27] [INFO ] 
[15:38:27] [INFO ]   DONE  203wg82stk  →  train  |  1 faults  |  1 boxes
[15:38:27] [INFO ] 
[15:38:27] [INFO ] ──────────────────────────────────────────────────
[15:38:27] [INFO ]   LINE: 204wg82stk
[15:38:27] [INFO ] ──────────────────────────────────────────────────
[15:38:27] [INFO ] Dataset  : namss.L-12-82-WG.mcs.airgun
[15:38:27] [INFO ] SGY      : ../../airgun_data/namss.L-12-82-WG.mcs.airgun/Data/204wg82stk.sgy
[15:38:27] [INFO ] NAV      : ../../airgun_data/namss.L-12-82-WG.mcs.airgun/Navigation/l-12-82-wg_NAV-WGS84.csv
[15:38:27] [INFO ] SA mode  : averaged 5x 
[15:38:27] [INFO ] 
[15:38:27] [INFO ] STEP 1 — Feature extraction
[15:38:27] [INFO ]   Loading navigation...
[15:38:27] [INFO ]   Loading SEG-Y...
[15:38:27] [INFO ]   Traces: 712  Samples: 2500  dt: 4.000 ms
[15:38:27] [INFO ]   Depth:  0.0 m → 7497.0 m
[15:38:27] [INFO ]   Matching traces to navigation...
[15:38:27] [INFO ]   NAV line matched via translation: '204wg82stk' -> '204'
[15:38:27] [INFO ]   Matched 638 / 712 traces
[15:38:27] [INFO ]   Bandpass filtering...
[15:38:27] [INFO ]   Computing seismic attributes...
[15:38:27] [INFO ]   Picking seafloor...
[15:38:27] [INFO ]   Seafloor depth: 6–42 m  (638 shallow traces masked)
[15:38:27] [INFO ]   Picking horizons...
[15:38:27] [INFO ]   Computing NCC coherence (slow)...
[15:38:27] [INFO ]   Saving CNN section image...
[15:38:28] [INFO ]   Saved: 204wg82stk_section_cnn.png  (2700x1500px)
[15:38:28] [INFO ]   Step 1 complete
[15:38:28] [INFO ] 
[15:38:28] [INFO ] STEP 2 — Fault detection
[15:38:28] [INFO ]   Mode: averaged SA (5 runs per seed)
[15:38:28] [INFO ]   Averaging SA over 5 runs per seed (0 seeds)
[15:38:28] [INFO ]   Detected 0 high-confidence faults
[15:38:28] [INFO ]   Step 2 complete
[15:38:28] [INFO ] 
[15:38:28] [INFO ] STEP 3 — Bounding boxes
[15:38:28] [INFO ]   Generated 0 boxes
[15:38:28] [INFO ]   Step 3 complete
[15:38:28] [INFO ] 
[15:38:28] [INFO ] STEP 4 — Dataset building
[15:38:28] [INFO ]   Saving labeled review image...
[15:38:28] [INFO ]   Saved: 204wg82stk_labeled.png
[15:38:28] [INFO ]   Split: train
[15:38:28] [INFO ]   Added 0 annotations to train.json
[15:38:28] [INFO ]   train.json: 142 images, 50 annotations
[15:38:28] [INFO ]   val.json:   36 images,  13 annotations
[15:38:28] [INFO ]   Step 4 complete
[15:38:28] [INFO ] 
[15:38:28] [INFO ]   DONE  204wg82stk  →  train  |  0 faults  |  0 boxes
[15:38:28] [INFO ] 
[15:38:28] [INFO ] ──────────────────────────────────────────────────
[15:38:28] [INFO ]   LINE: 205wg82stk
[15:38:28] [INFO ] ──────────────────────────────────────────────────
[15:38:28] [INFO ] Dataset  : namss.L-12-82-WG.mcs.airgun
[15:38:28] [INFO ] SGY      : ../../airgun_data/namss.L-12-82-WG.mcs.airgun/Data/205wg82stk.sgy
[15:38:28] [INFO ] NAV      : ../../airgun_data/namss.L-12-82-WG.mcs.airgun/Navigation/l-12-82-wg_NAV-WGS84.csv
[15:38:28] [INFO ] SA mode  : averaged 5x 
[15:38:28] [INFO ] 
[15:38:28] [INFO ] STEP 1 — Feature extraction
[15:38:28] [INFO ]   Loading navigation...
[15:38:28] [INFO ]   Loading SEG-Y...
[15:38:28] [INFO ]   Traces: 3314  Samples: 3500  dt: 4.000 ms
[15:38:28] [INFO ]   Depth:  0.0 m → 10497.0 m
[15:38:28] [INFO ]   Matching traces to navigation...
[15:38:28] [INFO ]   NAV line matched via translation: '205wg82stk' -> '205'
[15:38:29] [INFO ]   Matched 2865 / 3314 traces
[15:38:29] [INFO ]   Bandpass filtering...
[15:38:29] [INFO ]   Computing seismic attributes...
[15:38:29] [INFO ]   Picking seafloor...
[15:38:29] [INFO ]   Seafloor depth: 3–6828 m  (1060 shallow traces masked)
[15:38:29] [INFO ]   Picking horizons...
[15:38:29] [INFO ]   Computing NCC coherence (slow)...
[15:38:30] [INFO ]   Saving CNN section image...
[15:38:30] [INFO ]   Saved: 205wg82stk_section_cnn.png  (2700x1500px)
[15:38:30] [INFO ]   Step 1 complete
[15:38:30] [INFO ] 
[15:38:30] [INFO ] STEP 2 — Fault detection
[15:38:30] [INFO ]   Mode: averaged SA (5 runs per seed)
[15:38:32] [INFO ]   Averaging SA over 5 runs per seed (6 seeds)
[15:38:34] [INFO ]     Seed 1/6 trace 544: avg_prob=0.698 [PASS]
[15:38:35] [INFO ]     Seed 2/6 trace 1120: avg_prob=0.634 [PASS]
[15:38:36] [INFO ]     Seed 3/6 trace 1642: avg_prob=0.597 [PASS]
[15:38:39] [INFO ]     Seed 4/6 trace 45: avg_prob=0.579 [PASS]
[15:38:40] [INFO ]     Seed 5/6 trace 2005: avg_prob=0.477 [PASS]
[15:38:41] [INFO ]     Seed 6/6 trace 1435: avg_prob=0.517 [PASS]
[15:38:41] [INFO ]   Detected 0 high-confidence faults
[15:38:41] [INFO ]   Step 2 complete
[15:38:41] [INFO ] 
[15:38:41] [INFO ] STEP 3 — Bounding boxes
[15:38:41] [INFO ]   Generated 0 boxes
[15:38:41] [INFO ]   Step 3 complete
[15:38:41] [INFO ] 
[15:38:41] [INFO ] STEP 4 — Dataset building
[15:38:41] [INFO ]   Saving labeled review image...
[15:38:41] [INFO ]   Saved: 205wg82stk_labeled.png
[15:38:41] [INFO ]   Split: train
[15:38:41] [INFO ]   Added 0 annotations to train.json
[15:38:41] [INFO ]   train.json: 143 images, 50 annotations
[15:38:41] [INFO ]   val.json:   36 images,  13 annotations
[15:38:41] [INFO ]   Step 4 complete
[15:38:41] [INFO ] 
[15:38:41] [INFO ]   DONE  205wg82stk  →  train  |  0 faults  |  0 boxes
[15:38:41] [INFO ] 
[15:38:41] [INFO ] ──────────────────────────────────────────────────
[15:38:41] [INFO ]   LINE: 208wg82stk
[15:38:41] [INFO ] ──────────────────────────────────────────────────
[15:38:41] [INFO ] Dataset  : namss.L-12-82-WG.mcs.airgun
[15:38:41] [INFO ] SGY      : ../../airgun_data/namss.L-12-82-WG.mcs.airgun/Data/208wg82stk.sgy
[15:38:41] [INFO ] NAV      : ../../airgun_data/namss.L-12-82-WG.mcs.airgun/Navigation/l-12-82-wg_NAV-WGS84.csv
[15:38:41] [INFO ] SA mode  : averaged 5x 
[15:38:41] [INFO ] 
[15:38:41] [INFO ] STEP 1 — Feature extraction
[15:38:41] [INFO ]   Loading navigation...
[15:38:41] [INFO ]   Loading SEG-Y...
[15:38:41] [INFO ]   Traces: 2368  Samples: 2500  dt: 4.000 ms
[15:38:41] [INFO ]   Depth:  0.0 m → 7497.0 m
[15:38:41] [INFO ]   Matching traces to navigation...
[15:38:41] [INFO ]   NAV line matched via translation: '208wg82stk' -> '208'
[15:38:42] [INFO ]   Matched 2368 / 2368 traces
[15:38:42] [INFO ]   Bandpass filtering...
[15:38:42] [INFO ]   Computing seismic attributes...
[15:38:42] [INFO ]   Picking seafloor...
[15:38:42] [INFO ]   Seafloor depth: 3–414 m  (2368 shallow traces masked)
[15:38:42] [INFO ]   Picking horizons...
[15:38:42] [INFO ]   Computing NCC coherence (slow)...
[15:38:42] [INFO ]   Saving CNN section image...
[15:38:43] [INFO ]   Saved: 208wg82stk_section_cnn.png  (2700x1500px)
[15:38:43] [INFO ]   Step 1 complete
[15:38:43] [INFO ] 
[15:38:43] [INFO ] STEP 2 — Fault detection
[15:38:43] [INFO ]   Mode: averaged SA (5 runs per seed)
[15:38:44] [INFO ]   Averaging SA over 5 runs per seed (0 seeds)
[15:38:44] [INFO ]   Detected 0 high-confidence faults
[15:38:44] [INFO ]   Step 2 complete
[15:38:44] [INFO ] 
[15:38:44] [INFO ] STEP 3 — Bounding boxes
[15:38:44] [INFO ]   Generated 0 boxes
[15:38:44] [INFO ]   Step 3 complete
[15:38:44] [INFO ] 
[15:38:44] [INFO ] STEP 4 — Dataset building
[15:38:44] [INFO ]   Saving labeled review image...
[15:38:44] [INFO ]   Saved: 208wg82stk_labeled.png
[15:38:44] [INFO ]   Split: train
[15:38:44] [INFO ]   Added 0 annotations to train.json
[15:38:44] [INFO ]   train.json: 144 images, 50 annotations
[15:38:44] [INFO ]   val.json:   36 images,  13 annotations
[15:38:44] [INFO ]   Step 4 complete
[15:38:44] [INFO ] 
[15:38:44] [INFO ]   DONE  208wg82stk  →  train  |  0 faults  |  0 boxes
[15:38:44] [INFO ] 
[15:38:44] [INFO ] ──────────────────────────────────────────────────
[15:38:44] [INFO ]   LINE: 209wg82stk
[15:38:44] [INFO ] ──────────────────────────────────────────────────
[15:38:44] [INFO ] Dataset  : namss.L-12-82-WG.mcs.airgun
[15:38:44] [INFO ] SGY      : ../../airgun_data/namss.L-12-82-WG.mcs.airgun/Data/209wg82stk.sgy
[15:38:44] [INFO ] NAV      : ../../airgun_data/namss.L-12-82-WG.mcs.airgun/Navigation/l-12-82-wg_NAV-WGS84.csv
[15:38:44] [INFO ] SA mode  : averaged 5x 
[15:38:44] [INFO ] 
[15:38:44] [INFO ] STEP 1 — Feature extraction
[15:38:44] [INFO ]   Loading navigation...
[15:38:44] [INFO ]   Loading SEG-Y...
[15:38:44] [INFO ]   Traces: 906  Samples: 2500  dt: 2.000 ms
[15:38:44] [INFO ]   Depth:  0.0 m → 3748.5 m
[15:38:44] [INFO ]   Matching traces to navigation...
[15:38:44] [INFO ]   NAV line matched via translation: '209wg82stk' -> '209'
[15:38:44] [INFO ]   Matched 0 / 906 traces
[15:38:44] [ERROR] SKIPPING 209wg82stk (namss.L-12-82-WG.mcs.airgun): No traces matched navigation — check line name vs NAV file.
[15:38:44] [ERROR]   Traceback (most recent call last):
[15:38:44] [ERROR]     File "/Users/lennylukach/Personal/School/CS4100/namss/pipeline/src/pipeline.py", line 848, in <module>
[15:38:44] [ERROR]       process_line(line, sgy_path, nav_path, dataset)
[15:38:44] [ERROR]     File "/Users/lennylukach/Personal/School/CS4100/namss/pipeline/src/pipeline.py", line 431, in process_line
[15:38:44] [ERROR]       raise RuntimeError(
[15:38:44] [ERROR]   RuntimeError: No traces matched navigation — check line name vs NAV file.
[15:38:44] [INFO ] 
[15:38:44] [INFO ] ──────────────────────────────────────────────────
[15:38:44] [INFO ]   LINE: 211wg82stk
[15:38:44] [INFO ] ──────────────────────────────────────────────────
[15:38:44] [INFO ] Dataset  : namss.L-12-82-WG.mcs.airgun
[15:38:44] [INFO ] SGY      : ../../airgun_data/namss.L-12-82-WG.mcs.airgun/Data/211wg82stk.sgy
[15:38:44] [INFO ] NAV      : ../../airgun_data/namss.L-12-82-WG.mcs.airgun/Navigation/l-12-82-wg_NAV-WGS84.csv
[15:38:44] [INFO ] SA mode  : averaged 5x 
[15:38:44] [INFO ] 
[15:38:44] [INFO ] STEP 1 — Feature extraction
[15:38:44] [INFO ]   Loading navigation...
[15:38:44] [INFO ]   Loading SEG-Y...
[15:38:44] [INFO ]   Traces: 2285  Samples: 2500  dt: 4.000 ms
[15:38:44] [INFO ]   Depth:  0.0 m → 7497.0 m
[15:38:44] [INFO ]   Matching traces to navigation...
[15:38:44] [INFO ]   NAV line matched via translation: '211wg82stk' -> '211'
[15:38:44] [INFO ]   Matched 2275 / 2285 traces
[15:38:44] [INFO ]   Bandpass filtering...
[15:38:44] [INFO ]   Computing seismic attributes...
[15:38:45] [INFO ]   Picking seafloor...
[15:38:45] [INFO ]   Seafloor depth: 66–159 m  (2275 shallow traces masked)
[15:38:45] [INFO ]   Picking horizons...
[15:38:45] [INFO ]   Computing NCC coherence (slow)...
[15:38:45] [INFO ]   Saving CNN section image...
[15:38:46] [INFO ]   Saved: 211wg82stk_section_cnn.png  (2700x1500px)
[15:38:46] [INFO ]   Step 1 complete
[15:38:46] [INFO ] 
[15:38:46] [INFO ] STEP 2 — Fault detection
[15:38:46] [INFO ]   Mode: averaged SA (5 runs per seed)
[15:38:46] [INFO ]   Averaging SA over 5 runs per seed (0 seeds)
[15:38:46] [INFO ]   Detected 0 high-confidence faults
[15:38:46] [INFO ]   Step 2 complete
[15:38:46] [INFO ] 
[15:38:46] [INFO ] STEP 3 — Bounding boxes
[15:38:46] [INFO ]   Generated 0 boxes
[15:38:46] [INFO ]   Step 3 complete
[15:38:46] [INFO ] 
[15:38:46] [INFO ] STEP 4 — Dataset building
[15:38:46] [INFO ]   Saving labeled review image...
[15:38:47] [INFO ]   Saved: 211wg82stk_labeled.png
[15:38:47] [INFO ]   Split: train
[15:38:47] [INFO ]   Added 0 annotations to train.json
[15:38:47] [INFO ]   train.json: 145 images, 50 annotations
[15:38:47] [INFO ]   val.json:   36 images,  13 annotations
[15:38:47] [INFO ]   Step 4 complete
[15:38:47] [INFO ] 
[15:38:47] [INFO ]   DONE  211wg82stk  →  train  |  0 faults  |  0 boxes
[15:38:47] [INFO ] 
[15:38:47] [INFO ] ──────────────────────────────────────────────────
[15:38:47] [INFO ]   LINE: 212wg82stk
[15:38:47] [INFO ] ──────────────────────────────────────────────────
[15:38:47] [INFO ] Dataset  : namss.L-12-82-WG.mcs.airgun
[15:38:47] [INFO ] SGY      : ../../airgun_data/namss.L-12-82-WG.mcs.airgun/Data/212wg82stk.sgy
[15:38:47] [INFO ] NAV      : ../../airgun_data/namss.L-12-82-WG.mcs.airgun/Navigation/l-12-82-wg_NAV-WGS84.csv
[15:38:47] [INFO ] SA mode  : averaged 5x 
[15:38:47] [INFO ] 
[15:38:47] [INFO ] STEP 1 — Feature extraction
[15:38:47] [INFO ]   Loading navigation...
[15:38:47] [INFO ]   Loading SEG-Y...
[15:38:47] [INFO ]   Traces: 664  Samples: 2500  dt: 4.000 ms
[15:38:47] [INFO ]   Depth:  0.0 m → 7497.0 m
[15:38:47] [INFO ]   Matching traces to navigation...
[15:38:47] [INFO ]   NAV line matched via translation: '212wg82stk' -> '212'
[15:38:47] [INFO ]   Matched 664 / 664 traces
[15:38:47] [INFO ]   Bandpass filtering...
[15:38:47] [INFO ]   Computing seismic attributes...
[15:38:47] [INFO ]   Picking seafloor...
[15:38:47] [INFO ]   Seafloor depth: 6–57 m  (664 shallow traces masked)
[15:38:47] [INFO ]   Picking horizons...
[15:38:47] [INFO ]   Computing NCC coherence (slow)...
[15:38:47] [INFO ]   Saving CNN section image...
[15:38:47] [INFO ]   Saved: 212wg82stk_section_cnn.png  (2700x1500px)
[15:38:47] [INFO ]   Step 1 complete
[15:38:47] [INFO ] 
[15:38:47] [INFO ] STEP 2 — Fault detection
[15:38:47] [INFO ]   Mode: averaged SA (5 runs per seed)
[15:38:48] [INFO ]   Averaging SA over 5 runs per seed (0 seeds)
[15:38:48] [INFO ]   Detected 0 high-confidence faults
[15:38:48] [INFO ]   Step 2 complete
[15:38:48] [INFO ] 
[15:38:48] [INFO ] STEP 3 — Bounding boxes
[15:38:48] [INFO ]   Generated 0 boxes
[15:38:48] [INFO ]   Step 3 complete
[15:38:48] [INFO ] 
[15:38:48] [INFO ] STEP 4 — Dataset building
[15:38:48] [INFO ]   Saving labeled review image...
[15:38:48] [INFO ]   Saved: 212wg82stk_labeled.png
[15:38:48] [INFO ]   Split: train
[15:38:48] [INFO ]   Added 0 annotations to train.json
[15:38:48] [INFO ]   train.json: 146 images, 50 annotations
[15:38:48] [INFO ]   val.json:   36 images,  13 annotations
[15:38:48] [INFO ]   Step 4 complete
[15:38:48] [INFO ] 
[15:38:48] [INFO ]   DONE  212wg82stk  →  train  |  0 faults  |  0 boxes
[15:38:48] [INFO ] 
[15:38:48] [INFO ] ──────────────────────────────────────────────────
[15:38:48] [INFO ]   LINE: 213wg82stk
[15:38:48] [INFO ] ──────────────────────────────────────────────────
[15:38:48] [INFO ] Dataset  : namss.L-12-82-WG.mcs.airgun
[15:38:48] [INFO ] SGY      : ../../airgun_data/namss.L-12-82-WG.mcs.airgun/Data/213wg82stk.sgy
[15:38:48] [INFO ] NAV      : ../../airgun_data/namss.L-12-82-WG.mcs.airgun/Navigation/l-12-82-wg_NAV-WGS84.csv
[15:38:48] [INFO ] SA mode  : averaged 5x 
[15:38:48] [INFO ] 
[15:38:48] [INFO ] STEP 1 — Feature extraction
[15:38:48] [INFO ]   Loading navigation...
[15:38:48] [INFO ]   Loading SEG-Y...
[15:38:48] [INFO ]   Traces: 1491  Samples: 3000  dt: 4.000 ms
[15:38:48] [INFO ]   Depth:  0.0 m → 8997.0 m
[15:38:48] [INFO ]   Matching traces to navigation...
[15:38:48] [INFO ]   NAV line matched via translation: '213wg82stk' -> '213'
[15:38:48] [INFO ]   Matched 1491 / 1491 traces
[15:38:48] [INFO ]   Bandpass filtering...
[15:38:48] [INFO ]   Computing seismic attributes...
[15:38:48] [INFO ]   Picking seafloor...
[15:38:48] [INFO ]   Seafloor depth: 33–2409 m  (974 shallow traces masked)
[15:38:48] [INFO ]   Picking horizons...
[15:38:48] [INFO ]   Computing NCC coherence (slow)...
[15:38:48] [INFO ]   Saving CNN section image...
[15:38:49] [INFO ]   Saved: 213wg82stk_section_cnn.png  (2700x1500px)
[15:38:49] [INFO ]   Step 1 complete
[15:38:49] [INFO ] 
[15:38:49] [INFO ] STEP 2 — Fault detection
[15:38:49] [INFO ]   Mode: averaged SA (5 runs per seed)
[15:38:49] [INFO ]   Averaging SA over 5 runs per seed (3 seeds)
[15:38:51] [INFO ]     Seed 1/3 trace 1062: avg_prob=0.743 [PASS]
[15:38:53] [INFO ]     Seed 2/3 trace 500: avg_prob=0.685 [PASS]
[15:38:54] [INFO ]     Seed 3/3 trace 1393: avg_prob=0.637 [PASS]
[15:38:54] [INFO ]   Detected 0 high-confidence faults
[15:38:54] [INFO ]   Step 2 complete
[15:38:54] [INFO ] 
[15:38:54] [INFO ] STEP 3 — Bounding boxes
[15:38:54] [INFO ]   Generated 0 boxes
[15:38:54] [INFO ]   Step 3 complete
[15:38:54] [INFO ] 
[15:38:54] [INFO ] STEP 4 — Dataset building
[15:38:54] [INFO ]   Saving labeled review image...
[15:38:54] [INFO ]   Saved: 213wg82stk_labeled.png
[15:38:54] [INFO ]   Split: train
[15:38:54] [INFO ]   Added 0 annotations to train.json
[15:38:54] [INFO ]   train.json: 147 images, 50 annotations
[15:38:54] [INFO ]   val.json:   36 images,  13 annotations
[15:38:54] [INFO ]   Step 4 complete
[15:38:54] [INFO ] 
[15:38:54] [INFO ]   DONE  213wg82stk  →  train  |  0 faults  |  0 boxes
[15:38:54] [INFO ] 
[15:38:54] [INFO ] ──────────────────────────────────────────────────
[15:38:54] [INFO ]   LINE: 215wg82stk
[15:38:54] [INFO ] ──────────────────────────────────────────────────
[15:38:54] [INFO ] Dataset  : namss.L-12-82-WG.mcs.airgun
[15:38:54] [INFO ] SGY      : ../../airgun_data/namss.L-12-82-WG.mcs.airgun/Data/215wg82stk.sgy
[15:38:54] [INFO ] NAV      : ../../airgun_data/namss.L-12-82-WG.mcs.airgun/Navigation/l-12-82-wg_NAV-WGS84.csv
[15:38:54] [INFO ] SA mode  : averaged 5x 
[15:38:54] [INFO ] 
[15:38:54] [INFO ] STEP 1 — Feature extraction
[15:38:54] [INFO ]   Loading navigation...
[15:38:54] [INFO ]   Loading SEG-Y...
[15:38:54] [INFO ]   Traces: 1448  Samples: 3250  dt: 4.000 ms
[15:38:54] [INFO ]   Depth:  0.0 m → 9747.0 m
[15:38:54] [INFO ]   Matching traces to navigation...
[15:38:54] [INFO ]   NAV line matched via translation: '215wg82stk' -> '215'
[15:38:54] [INFO ]   Matched 1448 / 1448 traces
[15:38:54] [INFO ]   Bandpass filtering...
[15:38:55] [INFO ]   Computing seismic attributes...
[15:38:55] [INFO ]   Picking seafloor...
[15:38:55] [INFO ]   Seafloor depth: 78–2802 m  (917 shallow traces masked)
[15:38:55] [INFO ]   Picking horizons...
[15:38:55] [INFO ]   Computing NCC coherence (slow)...
[15:38:55] [INFO ]   Saving CNN section image...
[15:38:56] [INFO ]   Saved: 215wg82stk_section_cnn.png  (2700x1500px)
[15:38:56] [INFO ]   Step 1 complete
[15:38:56] [INFO ] 
[15:38:56] [INFO ] STEP 2 — Fault detection
[15:38:56] [INFO ]   Mode: averaged SA (5 runs per seed)
[15:38:56] [INFO ]   Averaging SA over 5 runs per seed (2 seeds)
[15:38:58] [INFO ]     Seed 1/2 trace 645: avg_prob=0.739 [PASS]
[15:38:59] [INFO ]     Seed 2/2 trace 436: avg_prob=0.681 [PASS]
[15:38:59] [INFO ]   Detected 0 high-confidence faults
[15:38:59] [INFO ]   Step 2 complete
[15:38:59] [INFO ] 
[15:38:59] [INFO ] STEP 3 — Bounding boxes
[15:38:59] [INFO ]   Generated 0 boxes
[15:38:59] [INFO ]   Step 3 complete
[15:38:59] [INFO ] 
[15:38:59] [INFO ] STEP 4 — Dataset building
[15:38:59] [INFO ]   Saving labeled review image...
[15:38:59] [INFO ]   Saved: 215wg82stk_labeled.png
[15:38:59] [INFO ]   Split: train
[15:38:59] [INFO ]   Added 0 annotations to train.json
[15:38:59] [INFO ]   train.json: 148 images, 50 annotations
[15:38:59] [INFO ]   val.json:   36 images,  13 annotations
[15:38:59] [INFO ]   Step 4 complete
[15:38:59] [INFO ] 
[15:38:59] [INFO ]   DONE  215wg82stk  →  train  |  0 faults  |  0 boxes
[15:38:59] [INFO ] 
[15:38:59] [INFO ] ──────────────────────────────────────────────────
[15:38:59] [INFO ]   LINE: 217wg82stk
[15:38:59] [INFO ] ──────────────────────────────────────────────────
[15:38:59] [INFO ] Dataset  : namss.L-12-82-WG.mcs.airgun
[15:38:59] [INFO ] SGY      : ../../airgun_data/namss.L-12-82-WG.mcs.airgun/Data/217wg82stk.sgy
[15:38:59] [INFO ] NAV      : ../../airgun_data/namss.L-12-82-WG.mcs.airgun/Navigation/l-12-82-wg_NAV-WGS84.csv
[15:38:59] [INFO ] SA mode  : averaged 5x 
[15:38:59] [INFO ] 
[15:38:59] [INFO ] STEP 1 — Feature extraction
[15:38:59] [INFO ]   Loading navigation...
[15:38:59] [INFO ]   Loading SEG-Y...
[15:38:59] [INFO ]   Traces: 2969  Samples: 4000  dt: 4.000 ms
[15:38:59] [INFO ]   Depth:  0.0 m → 11997.0 m
[15:38:59] [INFO ]   Matching traces to navigation...
[15:38:59] [INFO ]   NAV line matched via translation: '217wg82stk' -> '217'
[15:38:59] [INFO ]   Matched 2969 / 2969 traces
[15:38:59] [INFO ]   Bandpass filtering...
[15:39:00] [INFO ]   Computing seismic attributes...
[15:39:00] [INFO ]   Picking seafloor...
[15:39:00] [INFO ]   Seafloor depth: 132–6489 m  (1345 shallow traces masked)
[15:39:00] [INFO ]   Picking horizons...
[15:39:01] [INFO ]   Computing NCC coherence (slow)...
[15:39:01] [INFO ]   Saving CNN section image...
[15:39:02] [INFO ]   Saved: 217wg82stk_section_cnn.png  (2700x1500px)
[15:39:02] [INFO ]   Step 1 complete
[15:39:02] [INFO ] 
[15:39:02] [INFO ] STEP 2 — Fault detection
[15:39:02] [INFO ]   Mode: averaged SA (5 runs per seed)
[15:39:04] [INFO ]   Averaging SA over 5 runs per seed (8 seeds)
[15:39:05] [INFO ]     Seed 1/8 trace 2029: avg_prob=0.549 [PASS]
[15:39:07] [INFO ]     Seed 2/8 trace 11: avg_prob=0.511 [PASS]
[15:39:08] [INFO ]     Seed 3/8 trace 2232: avg_prob=0.486 [PASS]
[15:39:10] [INFO ]     Seed 4/8 trace 812: avg_prob=0.467 [PASS]
[15:39:11] [INFO ]     Seed 5/8 trace 2912: avg_prob=0.472 [PASS]
[15:39:12] [INFO ]     Seed 6/8 trace 1410: avg_prob=0.417 [FAIL]
[15:39:13] [INFO ]     Seed 7/8 trace 1805: avg_prob=0.436 [FAIL]
[15:39:14] [INFO ]     Seed 8/8 trace 2649: avg_prob=0.457 [PASS]
[15:39:14] [INFO ]   Detected 0 high-confidence faults
[15:39:14] [INFO ]   Step 2 complete
[15:39:14] [INFO ] 
[15:39:14] [INFO ] STEP 3 — Bounding boxes
[15:39:14] [INFO ]   Generated 0 boxes
[15:39:14] [INFO ]   Step 3 complete
[15:39:14] [INFO ] 
[15:39:14] [INFO ] STEP 4 — Dataset building
[15:39:14] [INFO ]   Saving labeled review image...
[15:39:14] [INFO ]   Saved: 217wg82stk_labeled.png
[15:39:14] [INFO ]   Split: val
[15:39:14] [INFO ]   Added 0 annotations to val.json
[15:39:14] [INFO ]   train.json: 148 images, 50 annotations
[15:39:14] [INFO ]   val.json:   37 images,  13 annotations
[15:39:14] [INFO ]   Step 4 complete
[15:39:14] [INFO ] 
[15:39:14] [INFO ]   DONE  217wg82stk  →  val  |  0 faults  |  0 boxes
[15:39:14] [INFO ] 
[15:39:14] [INFO ] ──────────────────────────────────────────────────
[15:39:14] [INFO ]   LINE: 219wg82stk
[15:39:14] [INFO ] ──────────────────────────────────────────────────
[15:39:14] [INFO ] Dataset  : namss.L-12-82-WG.mcs.airgun
[15:39:14] [INFO ] SGY      : ../../airgun_data/namss.L-12-82-WG.mcs.airgun/Data/219wg82stk.sgy
[15:39:14] [INFO ] NAV      : ../../airgun_data/namss.L-12-82-WG.mcs.airgun/Navigation/l-12-82-wg_NAV-WGS84.csv
[15:39:14] [INFO ] SA mode  : averaged 5x 
[15:39:15] [INFO ] 
[15:39:15] [INFO ] STEP 1 — Feature extraction
[15:39:15] [INFO ]   Loading navigation...
[15:39:15] [INFO ]   Loading SEG-Y...
[15:39:15] [INFO ]   Traces: 1118  Samples: 4250  dt: 4.000 ms
[15:39:15] [INFO ]   Depth:  0.0 m → 12747.0 m
[15:39:15] [INFO ]   Matching traces to navigation...
[15:39:15] [INFO ]   NAV line matched via translation: '219wg82stk' -> '219'
[15:39:15] [INFO ]   Matched 1117 / 1118 traces
[15:39:15] [INFO ]   Bandpass filtering...
[15:39:15] [INFO ]   Computing seismic attributes...
[15:39:15] [INFO ]   Picking seafloor...
[15:39:15] [INFO ]   Seafloor depth: 2379–6375 m  (0 shallow traces masked)
[15:39:15] [INFO ]   Picking horizons...
[15:39:15] [INFO ]   Computing NCC coherence (slow)...
[15:39:15] [INFO ]   Saving CNN section image...
[15:39:16] [INFO ]   Saved: 219wg82stk_section_cnn.png  (2700x1500px)
[15:39:16] [INFO ]   Step 1 complete
[15:39:16] [INFO ] 
[15:39:16] [INFO ] STEP 2 — Fault detection
[15:39:16] [INFO ]   Mode: averaged SA (5 runs per seed)
[15:39:16] [INFO ]   Averaging SA over 5 runs per seed (2 seeds)
[15:39:17] [INFO ]     Seed 1/2 trace 121: avg_prob=0.685 [PASS]
[15:39:19] [INFO ]     Seed 2/2 trace 793: avg_prob=0.471 [PASS]
[15:39:19] [INFO ]   Detected 0 high-confidence faults
[15:39:19] [INFO ]   Step 2 complete
[15:39:19] [INFO ] 
[15:39:19] [INFO ] STEP 3 — Bounding boxes
[15:39:19] [INFO ]   Generated 0 boxes
[15:39:19] [INFO ]   Step 3 complete
[15:39:19] [INFO ] 
[15:39:19] [INFO ] STEP 4 — Dataset building
[15:39:19] [INFO ]   Saving labeled review image...
[15:39:19] [INFO ]   Saved: 219wg82stk_labeled.png
[15:39:19] [INFO ]   Split: train
[15:39:19] [INFO ]   Added 0 annotations to train.json
[15:39:19] [INFO ]   train.json: 149 images, 50 annotations
[15:39:19] [INFO ]   val.json:   37 images,  13 annotations
[15:39:19] [INFO ]   Step 4 complete
[15:39:19] [INFO ] 
[15:39:19] [INFO ]   DONE  219wg82stk  →  train  |  0 faults  |  0 boxes
[15:39:19] [INFO ] 
[15:39:19] [INFO ] ──────────────────────────────────────────────────
[15:39:19] [INFO ]   LINE: 221wg82stk
[15:39:19] [INFO ] ──────────────────────────────────────────────────
[15:39:19] [INFO ] Dataset  : namss.L-12-82-WG.mcs.airgun
[15:39:19] [INFO ] SGY      : ../../airgun_data/namss.L-12-82-WG.mcs.airgun/Data/221wg82stk.sgy
[15:39:19] [INFO ] NAV      : ../../airgun_data/namss.L-12-82-WG.mcs.airgun/Navigation/l-12-82-wg_NAV-WGS84.csv
[15:39:19] [INFO ] SA mode  : averaged 5x 
[15:39:19] [INFO ] 
[15:39:19] [INFO ] STEP 1 — Feature extraction
[15:39:19] [INFO ]   Loading navigation...
[15:39:19] [INFO ]   Loading SEG-Y...
[15:39:19] [INFO ]   Traces: 3316  Samples: 2750  dt: 4.000 ms
[15:39:19] [INFO ]   Depth:  0.0 m → 8247.0 m
[15:39:19] [INFO ]   Matching traces to navigation...
[15:39:19] [INFO ]   NAV line matched via translation: '221wg82stk' -> '221'
[15:39:19] [INFO ]   Matched 3310 / 3316 traces
[15:39:19] [INFO ]   Bandpass filtering...
[15:39:19] [INFO ]   Computing seismic attributes...
[15:39:20] [INFO ]   Picking seafloor...
[15:39:20] [INFO ]   Seafloor depth: 21–1443 m  (1658 shallow traces masked)
[15:39:20] [INFO ]   Picking horizons...
[15:39:20] [INFO ]   Computing NCC coherence (slow)...
[15:39:20] [INFO ]   Saving CNN section image...
[15:39:21] [INFO ]   Saved: 221wg82stk_section_cnn.png  (2700x1500px)
[15:39:21] [INFO ]   Step 1 complete
[15:39:21] [INFO ] 
[15:39:21] [INFO ] STEP 2 — Fault detection
[15:39:21] [INFO ]   Mode: averaged SA (5 runs per seed)
[15:39:23] [INFO ]   Averaging SA over 5 runs per seed (9 seeds)
[15:39:24] [INFO ]     Seed 1/9 trace 1286: avg_prob=0.778 [PASS]
[15:39:25] [INFO ]     Seed 2/9 trace 2109: avg_prob=0.708 [PASS]
[15:39:27] [INFO ]     Seed 3/9 trace 2377: avg_prob=0.694 [PASS]
[15:39:29] [INFO ]     Seed 4/9 trace 1033: avg_prob=0.665 [PASS]
[15:39:30] [INFO ]     Seed 5/9 trace 630: avg_prob=0.633 [PASS]
[15:39:31] [INFO ]     Seed 6/9 trace 230: avg_prob=0.661 [PASS]
[15:39:32] [INFO ]     Seed 7/9 trace 1750: avg_prob=0.663 [PASS]
[15:39:34] [INFO ]     Seed 8/9 trace 1545: avg_prob=0.641 [PASS]
[15:39:36] [INFO ]     Seed 9/9 trace 2644: avg_prob=0.627 [PASS]
[15:39:36] [INFO ]   Detected 1 high-confidence faults
[15:39:36] [INFO ]     Fault  1 | trace ~ 1289 | prob=0.778
[15:39:36] [INFO ]   Step 2 complete
[15:39:36] [INFO ] 
[15:39:36] [INFO ] STEP 3 — Bounding boxes
[15:39:36] [INFO ]   Box  1 | [988, 111, 130w, 125h px]
[15:39:36] [INFO ]   Generated 1 boxes
[15:39:36] [INFO ]   Step 3 complete
[15:39:36] [INFO ] 
[15:39:36] [INFO ] STEP 4 — Dataset building
[15:39:36] [INFO ]   Saving labeled review image...
[15:39:36] [INFO ]   Saved: 221wg82stk_labeled.png
[15:39:36] [INFO ]   Split: train
[15:39:36] [INFO ]   Added 1 annotations to train.json
[15:39:36] [INFO ]   train.json: 150 images, 51 annotations
[15:39:36] [INFO ]   val.json:   37 images,  13 annotations
[15:39:36] [INFO ]   Step 4 complete
[15:39:36] [INFO ] 
[15:39:36] [INFO ]   DONE  221wg82stk  →  train  |  1 faults  |  1 boxes
[15:39:36] [INFO ] 
[15:39:36] [INFO ] ──────────────────────────────────────────────────
[15:39:36] [INFO ]   LINE: 222wg82stk
[15:39:36] [INFO ] ──────────────────────────────────────────────────
[15:39:36] [INFO ] Dataset  : namss.L-12-82-WG.mcs.airgun
[15:39:36] [INFO ] SGY      : ../../airgun_data/namss.L-12-82-WG.mcs.airgun/Data/222wg82stk.sgy
[15:39:36] [INFO ] NAV      : ../../airgun_data/namss.L-12-82-WG.mcs.airgun/Navigation/l-12-82-wg_NAV-WGS84.csv
[15:39:36] [INFO ] SA mode  : averaged 5x 
[15:39:36] [INFO ] 
[15:39:36] [INFO ] STEP 1 — Feature extraction
[15:39:36] [INFO ]   Loading navigation...
[15:39:36] [INFO ]   Loading SEG-Y...
[15:39:36] [INFO ]   Traces: 2190  Samples: 3500  dt: 4.000 ms
[15:39:36] [INFO ]   Depth:  0.0 m → 10497.0 m
[15:39:36] [INFO ]   Matching traces to navigation...
[15:39:36] [INFO ]   NAV line matched via translation: '222wg82stk' -> '222'
[15:39:37] [INFO ]   Matched 2189 / 2190 traces
[15:39:37] [INFO ]   Bandpass filtering...
[15:39:37] [INFO ]   Computing seismic attributes...
[15:39:37] [INFO ]   Picking seafloor...
[15:39:37] [INFO ]   Seafloor depth: 6–6480 m  (439 shallow traces masked)
[15:39:37] [INFO ]   Picking horizons...
[15:39:37] [INFO ]   Computing NCC coherence (slow)...
[15:39:37] [INFO ]   Saving CNN section image...
[15:39:38] [INFO ]   Saved: 222wg82stk_section_cnn.png  (2700x1500px)
[15:39:38] [INFO ]   Step 1 complete
[15:39:38] [INFO ] 
[15:39:38] [INFO ] STEP 2 — Fault detection
[15:39:38] [INFO ]   Mode: averaged SA (5 runs per seed)
[15:39:39] [INFO ]   Averaging SA over 5 runs per seed (6 seeds)
[15:39:40] [INFO ]     Seed 1/6 trace 554: avg_prob=0.635 [PASS]
[15:39:41] [INFO ]     Seed 2/6 trace 921: avg_prob=0.579 [PASS]
[15:39:43] [INFO ]     Seed 3/6 trace 1290: avg_prob=0.638 [PASS]
[15:39:45] [INFO ]     Seed 4/6 trace 18: avg_prob=0.622 [PASS]
[15:39:46] [INFO ]     Seed 5/6 trace 1790: avg_prob=0.597 [PASS]
[15:39:48] [INFO ]     Seed 6/6 trace 324: avg_prob=0.628 [PASS]
[15:39:48] [INFO ]   Detected 0 high-confidence faults
[15:39:48] [INFO ]   Step 2 complete
[15:39:48] [INFO ] 
[15:39:48] [INFO ] STEP 3 — Bounding boxes
[15:39:48] [INFO ]   Generated 0 boxes
[15:39:48] [INFO ]   Step 3 complete
[15:39:48] [INFO ] 
[15:39:48] [INFO ] STEP 4 — Dataset building
[15:39:48] [INFO ]   Saving labeled review image...
[15:39:48] [INFO ]   Saved: 222wg82stk_labeled.png
[15:39:48] [INFO ]   Split: train
[15:39:48] [INFO ]   Added 0 annotations to train.json
[15:39:48] [INFO ]   train.json: 151 images, 51 annotations
[15:39:48] [INFO ]   val.json:   37 images,  13 annotations
[15:39:48] [INFO ]   Step 4 complete
[15:39:48] [INFO ] 
[15:39:48] [INFO ]   DONE  222wg82stk  →  train  |  0 faults  |  0 boxes
[15:39:48] [INFO ] 
[15:39:48] [INFO ] ──────────────────────────────────────────────────
[15:39:48] [INFO ]   LINE: 226wg82stk
[15:39:48] [INFO ] ──────────────────────────────────────────────────
[15:39:48] [INFO ] Dataset  : namss.L-12-82-WG.mcs.airgun
[15:39:48] [INFO ] SGY      : ../../airgun_data/namss.L-12-82-WG.mcs.airgun/Data/226wg82stk.sgy
[15:39:48] [INFO ] NAV      : ../../airgun_data/namss.L-12-82-WG.mcs.airgun/Navigation/l-12-82-wg_NAV-WGS84.csv
[15:39:48] [INFO ] SA mode  : averaged 5x 
[15:39:48] [INFO ] 
[15:39:48] [INFO ] STEP 1 — Feature extraction
[15:39:48] [INFO ]   Loading navigation...
[15:39:48] [INFO ]   Loading SEG-Y...
[15:39:48] [INFO ]   Traces: 254  Samples: 4000  dt: 2.000 ms
[15:39:48] [INFO ]   Depth:  0.0 m → 5998.5 m
[15:39:48] [INFO ]   Matching traces to navigation...
[15:39:48] [INFO ]   NAV line matched via translation: '226wg82stk' -> '226'
[15:39:48] [INFO ]   Matched 0 / 254 traces
[15:39:48] [ERROR] SKIPPING 226wg82stk (namss.L-12-82-WG.mcs.airgun): No traces matched navigation — check line name vs NAV file.
[15:39:48] [ERROR]   Traceback (most recent call last):
[15:39:48] [ERROR]     File "/Users/lennylukach/Personal/School/CS4100/namss/pipeline/src/pipeline.py", line 848, in <module>
[15:39:48] [ERROR]       process_line(line, sgy_path, nav_path, dataset)
[15:39:48] [ERROR]     File "/Users/lennylukach/Personal/School/CS4100/namss/pipeline/src/pipeline.py", line 431, in process_line
[15:39:48] [ERROR]       raise RuntimeError(
[15:39:48] [ERROR]   RuntimeError: No traces matched navigation — check line name vs NAV file.
[15:39:48] [INFO ] 
[15:39:48] [INFO ] ──────────────────────────────────────────────────
[15:39:48] [INFO ]   LINE: 100_1204
[15:39:48] [INFO ] ──────────────────────────────────────────────────
[15:39:48] [INFO ] Dataset  : namss.L-8-81-WG.mcs.airgun
[15:39:48] [INFO ] SGY      : ../../airgun_data/namss.L-8-81-WG.mcs.airgun/Data/100_1204.sgy
[15:39:48] [INFO ] NAV      : ../../airgun_data/namss.L-8-81-WG.mcs.airgun/Navigation/l-8-81-wg_NAV-WGS84.csv
[15:39:48] [INFO ] SA mode  : averaged 5x 
[15:39:48] [INFO ] 
[15:39:48] [INFO ] STEP 1 — Feature extraction
[15:39:48] [INFO ]   Loading navigation...
[15:39:48] [INFO ]   Loading SEG-Y...
[15:39:48] [INFO ]   Traces: 2195  Samples: 2000  dt: 4.000 ms
[15:39:48] [INFO ]   Depth:  0.0 m → 5997.0 m
[15:39:48] [INFO ]   Matching traces to navigation...
[15:39:48] [INFO ]   NAV line matched via translation: '100_1204' -> '100'
[15:39:48] [INFO ]   Matched 0 / 2195 traces
[15:39:48] [ERROR] SKIPPING 100_1204 (namss.L-8-81-WG.mcs.airgun): No traces matched navigation — check line name vs NAV file.
[15:39:48] [ERROR]   Traceback (most recent call last):
[15:39:48] [ERROR]     File "/Users/lennylukach/Personal/School/CS4100/namss/pipeline/src/pipeline.py", line 848, in <module>
[15:39:48] [ERROR]       process_line(line, sgy_path, nav_path, dataset)
[15:39:48] [ERROR]     File "/Users/lennylukach/Personal/School/CS4100/namss/pipeline/src/pipeline.py", line 431, in process_line
[15:39:48] [ERROR]       raise RuntimeError(
[15:39:48] [ERROR]   RuntimeError: No traces matched navigation — check line name vs NAV file.
[15:39:48] [INFO ] 
[15:39:48] [INFO ] ──────────────────────────────────────────────────
[15:39:48] [INFO ]   LINE: 101_1205
[15:39:48] [INFO ] ──────────────────────────────────────────────────
[15:39:48] [INFO ] Dataset  : namss.L-8-81-WG.mcs.airgun
[15:39:48] [INFO ] SGY      : ../../airgun_data/namss.L-8-81-WG.mcs.airgun/Data/101_1205.sgy
[15:39:48] [INFO ] NAV      : ../../airgun_data/namss.L-8-81-WG.mcs.airgun/Navigation/l-8-81-wg_NAV-WGS84.csv
[15:39:48] [INFO ] SA mode  : averaged 5x 
[15:39:48] [INFO ] 
[15:39:48] [INFO ] STEP 1 — Feature extraction
[15:39:48] [INFO ]   Loading navigation...
[15:39:48] [INFO ]   Loading SEG-Y...
[15:39:48] [INFO ]   Traces: 613  Samples: 2000  dt: 4.000 ms
[15:39:48] [INFO ]   Depth:  0.0 m → 5997.0 m
[15:39:48] [INFO ]   Matching traces to navigation...
[15:39:48] [INFO ]   NAV line matched via translation: '101_1205' -> '101'
[15:39:48] [INFO ]   Matched 0 / 613 traces
[15:39:48] [ERROR] SKIPPING 101_1205 (namss.L-8-81-WG.mcs.airgun): No traces matched navigation — check line name vs NAV file.
[15:39:48] [ERROR]   Traceback (most recent call last):
[15:39:48] [ERROR]     File "/Users/lennylukach/Personal/School/CS4100/namss/pipeline/src/pipeline.py", line 848, in <module>
[15:39:48] [ERROR]       process_line(line, sgy_path, nav_path, dataset)
[15:39:48] [ERROR]     File "/Users/lennylukach/Personal/School/CS4100/namss/pipeline/src/pipeline.py", line 431, in process_line
[15:39:48] [ERROR]       raise RuntimeError(
[15:39:48] [ERROR]   RuntimeError: No traces matched navigation — check line name vs NAV file.
[15:39:48] [INFO ] 
[15:39:48] [INFO ] ──────────────────────────────────────────────────
[15:39:48] [INFO ]   LINE: 102_1206
[15:39:48] [INFO ] ──────────────────────────────────────────────────
[15:39:48] [INFO ] Dataset  : namss.L-8-81-WG.mcs.airgun
[15:39:48] [INFO ] SGY      : ../../airgun_data/namss.L-8-81-WG.mcs.airgun/Data/102_1206.sgy
[15:39:48] [INFO ] NAV      : ../../airgun_data/namss.L-8-81-WG.mcs.airgun/Navigation/l-8-81-wg_NAV-WGS84.csv
[15:39:48] [INFO ] SA mode  : averaged 5x 
[15:39:48] [INFO ] 
[15:39:48] [INFO ] STEP 1 — Feature extraction
[15:39:48] [INFO ]   Loading navigation...
[15:39:48] [INFO ]   Loading SEG-Y...
[15:39:48] [INFO ]   Traces: 2796  Samples: 3500  dt: 4.000 ms
[15:39:48] [INFO ]   Depth:  0.0 m → 10497.0 m
[15:39:48] [INFO ]   Matching traces to navigation...
[15:39:48] [INFO ]   NAV line matched via translation: '102_1206' -> '102'
[15:39:49] [INFO ]   Matched 0 / 2796 traces
[15:39:49] [ERROR] SKIPPING 102_1206 (namss.L-8-81-WG.mcs.airgun): No traces matched navigation — check line name vs NAV file.
[15:39:49] [ERROR]   Traceback (most recent call last):
[15:39:49] [ERROR]     File "/Users/lennylukach/Personal/School/CS4100/namss/pipeline/src/pipeline.py", line 848, in <module>
[15:39:49] [ERROR]       process_line(line, sgy_path, nav_path, dataset)
[15:39:49] [ERROR]     File "/Users/lennylukach/Personal/School/CS4100/namss/pipeline/src/pipeline.py", line 431, in process_line
[15:39:49] [ERROR]       raise RuntimeError(
[15:39:49] [ERROR]   RuntimeError: No traces matched navigation — check line name vs NAV file.
[15:39:49] [INFO ] 
[15:39:49] [INFO ] ──────────────────────────────────────────────────
[15:39:49] [INFO ]   LINE: 103_1207
[15:39:49] [INFO ] ──────────────────────────────────────────────────
[15:39:49] [INFO ] Dataset  : namss.L-8-81-WG.mcs.airgun
[15:39:49] [INFO ] SGY      : ../../airgun_data/namss.L-8-81-WG.mcs.airgun/Data/103_1207.sgy
[15:39:49] [INFO ] NAV      : ../../airgun_data/namss.L-8-81-WG.mcs.airgun/Navigation/l-8-81-wg_NAV-WGS84.csv
[15:39:49] [INFO ] SA mode  : averaged 5x 
[15:39:49] [INFO ] 
[15:39:49] [INFO ] STEP 1 — Feature extraction
[15:39:49] [INFO ]   Loading navigation...
[15:39:49] [INFO ]   Loading SEG-Y...
[15:39:49] [INFO ]   Traces: 747  Samples: 3500  dt: 4.000 ms
[15:39:49] [INFO ]   Depth:  0.0 m → 10497.0 m
[15:39:49] [INFO ]   Matching traces to navigation...
[15:39:49] [INFO ]   NAV line matched via translation: '103_1207' -> '103'
[15:39:49] [INFO ]   Matched 0 / 747 traces
[15:39:49] [ERROR] SKIPPING 103_1207 (namss.L-8-81-WG.mcs.airgun): No traces matched navigation — check line name vs NAV file.
[15:39:49] [ERROR]   Traceback (most recent call last):
[15:39:49] [ERROR]     File "/Users/lennylukach/Personal/School/CS4100/namss/pipeline/src/pipeline.py", line 848, in <module>
[15:39:49] [ERROR]       process_line(line, sgy_path, nav_path, dataset)
[15:39:49] [ERROR]     File "/Users/lennylukach/Personal/School/CS4100/namss/pipeline/src/pipeline.py", line 431, in process_line
[15:39:49] [ERROR]       raise RuntimeError(
[15:39:49] [ERROR]   RuntimeError: No traces matched navigation — check line name vs NAV file.
[15:39:49] [INFO ] 
[15:39:49] [INFO ] ──────────────────────────────────────────────────
[15:39:49] [INFO ]   LINE: 104_1208
[15:39:49] [INFO ] ──────────────────────────────────────────────────
[15:39:49] [INFO ] Dataset  : namss.L-8-81-WG.mcs.airgun
[15:39:49] [INFO ] SGY      : ../../airgun_data/namss.L-8-81-WG.mcs.airgun/Data/104_1208.sgy
[15:39:49] [INFO ] NAV      : ../../airgun_data/namss.L-8-81-WG.mcs.airgun/Navigation/l-8-81-wg_NAV-WGS84.csv
[15:39:49] [INFO ] SA mode  : averaged 5x 
[15:39:49] [INFO ] 
[15:39:49] [INFO ] STEP 1 — Feature extraction
[15:39:49] [INFO ]   Loading navigation...
[15:39:49] [INFO ]   Loading SEG-Y...
[15:39:49] [INFO ]   Traces: 4238  Samples: 3750  dt: 4.000 ms
[15:39:49] [INFO ]   Depth:  0.0 m → 11247.0 m
[15:39:49] [INFO ]   Matching traces to navigation...
[15:39:49] [INFO ]   NAV line matched via translation: '104_1208' -> '104'
[15:39:49] [INFO ]   Matched 0 / 4238 traces
[15:39:49] [ERROR] SKIPPING 104_1208 (namss.L-8-81-WG.mcs.airgun): No traces matched navigation — check line name vs NAV file.
[15:39:49] [ERROR]   Traceback (most recent call last):
[15:39:49] [ERROR]     File "/Users/lennylukach/Personal/School/CS4100/namss/pipeline/src/pipeline.py", line 848, in <module>
[15:39:49] [ERROR]       process_line(line, sgy_path, nav_path, dataset)
[15:39:49] [ERROR]     File "/Users/lennylukach/Personal/School/CS4100/namss/pipeline/src/pipeline.py", line 431, in process_line
[15:39:49] [ERROR]       raise RuntimeError(
[15:39:49] [ERROR]   RuntimeError: No traces matched navigation — check line name vs NAV file.
[15:39:49] [INFO ] 
[15:39:49] [INFO ] ──────────────────────────────────────────────────
[15:39:49] [INFO ]   LINE: 105_1209
[15:39:49] [INFO ] ──────────────────────────────────────────────────
[15:39:49] [INFO ] Dataset  : namss.L-8-81-WG.mcs.airgun
[15:39:49] [INFO ] SGY      : ../../airgun_data/namss.L-8-81-WG.mcs.airgun/Data/105_1209.sgy
[15:39:49] [INFO ] NAV      : ../../airgun_data/namss.L-8-81-WG.mcs.airgun/Navigation/l-8-81-wg_NAV-WGS84.csv
[15:39:49] [INFO ] SA mode  : averaged 5x 
[15:39:49] [INFO ] 
[15:39:49] [INFO ] STEP 1 — Feature extraction
[15:39:49] [INFO ]   Loading navigation...
[15:39:49] [INFO ]   Loading SEG-Y...
[15:39:49] [INFO ]   Traces: 545  Samples: 2000  dt: 4.000 ms
[15:39:49] [INFO ]   Depth:  0.0 m → 5997.0 m
[15:39:49] [INFO ]   Matching traces to navigation...
[15:39:49] [INFO ]   NAV line matched via translation: '105_1209' -> '105'
[15:39:49] [INFO ]   Matched 0 / 545 traces
[15:39:49] [ERROR] SKIPPING 105_1209 (namss.L-8-81-WG.mcs.airgun): No traces matched navigation — check line name vs NAV file.
[15:39:49] [ERROR]   Traceback (most recent call last):
[15:39:49] [ERROR]     File "/Users/lennylukach/Personal/School/CS4100/namss/pipeline/src/pipeline.py", line 848, in <module>
[15:39:49] [ERROR]       process_line(line, sgy_path, nav_path, dataset)
[15:39:49] [ERROR]     File "/Users/lennylukach/Personal/School/CS4100/namss/pipeline/src/pipeline.py", line 431, in process_line
[15:39:49] [ERROR]       raise RuntimeError(
[15:39:49] [ERROR]   RuntimeError: No traces matched navigation — check line name vs NAV file.
[15:39:49] [INFO ] 
[15:39:49] [INFO ] ──────────────────────────────────────────────────
[15:39:49] [INFO ]   LINE: 106_1210
[15:39:49] [INFO ] ──────────────────────────────────────────────────
[15:39:49] [INFO ] Dataset  : namss.L-8-81-WG.mcs.airgun
[15:39:49] [INFO ] SGY      : ../../airgun_data/namss.L-8-81-WG.mcs.airgun/Data/106_1210.sgy
[15:39:49] [INFO ] NAV      : ../../airgun_data/namss.L-8-81-WG.mcs.airgun/Navigation/l-8-81-wg_NAV-WGS84.csv
[15:39:49] [INFO ] SA mode  : averaged 5x 
[15:39:49] [INFO ] 
[15:39:49] [INFO ] STEP 1 — Feature extraction
[15:39:49] [INFO ]   Loading navigation...
[15:39:49] [INFO ]   Loading SEG-Y...
[15:39:49] [INFO ]   Traces: 2436  Samples: 2250  dt: 4.000 ms
[15:39:49] [INFO ]   Depth:  0.0 m → 6747.0 m
[15:39:49] [INFO ]   Matching traces to navigation...
[15:39:49] [INFO ]   NAV line matched via translation: '106_1210' -> '106'
[15:39:49] [INFO ]   Matched 0 / 2436 traces
[15:39:49] [ERROR] SKIPPING 106_1210 (namss.L-8-81-WG.mcs.airgun): No traces matched navigation — check line name vs NAV file.
[15:39:49] [ERROR]   Traceback (most recent call last):
[15:39:49] [ERROR]     File "/Users/lennylukach/Personal/School/CS4100/namss/pipeline/src/pipeline.py", line 848, in <module>
[15:39:49] [ERROR]       process_line(line, sgy_path, nav_path, dataset)
[15:39:49] [ERROR]     File "/Users/lennylukach/Personal/School/CS4100/namss/pipeline/src/pipeline.py", line 431, in process_line
[15:39:49] [ERROR]       raise RuntimeError(
[15:39:49] [ERROR]   RuntimeError: No traces matched navigation — check line name vs NAV file.
[15:39:49] [INFO ] 
[15:39:49] [INFO ] ──────────────────────────────────────────────────
[15:39:49] [INFO ]   LINE: 107_1211
[15:39:49] [INFO ] ──────────────────────────────────────────────────
[15:39:49] [INFO ] Dataset  : namss.L-8-81-WG.mcs.airgun
[15:39:49] [INFO ] SGY      : ../../airgun_data/namss.L-8-81-WG.mcs.airgun/Data/107_1211.sgy
[15:39:49] [INFO ] NAV      : ../../airgun_data/namss.L-8-81-WG.mcs.airgun/Navigation/l-8-81-wg_NAV-WGS84.csv
[15:39:49] [INFO ] SA mode  : averaged 5x 
[15:39:49] [INFO ] 
[15:39:49] [INFO ] STEP 1 — Feature extraction
[15:39:49] [INFO ]   Loading navigation...
[15:39:49] [INFO ]   Loading SEG-Y...
[15:39:49] [INFO ]   Traces: 564  Samples: 2250  dt: 4.000 ms
[15:39:49] [INFO ]   Depth:  0.0 m → 6747.0 m
[15:39:49] [INFO ]   Matching traces to navigation...
[15:39:49] [INFO ]   NAV line matched via translation: '107_1211' -> '107'
[15:39:49] [INFO ]   Matched 0 / 564 traces
[15:39:49] [ERROR] SKIPPING 107_1211 (namss.L-8-81-WG.mcs.airgun): No traces matched navigation — check line name vs NAV file.
[15:39:49] [ERROR]   Traceback (most recent call last):
[15:39:49] [ERROR]     File "/Users/lennylukach/Personal/School/CS4100/namss/pipeline/src/pipeline.py", line 848, in <module>
[15:39:49] [ERROR]       process_line(line, sgy_path, nav_path, dataset)
[15:39:49] [ERROR]     File "/Users/lennylukach/Personal/School/CS4100/namss/pipeline/src/pipeline.py", line 431, in process_line
[15:39:49] [ERROR]       raise RuntimeError(
[15:39:49] [ERROR]   RuntimeError: No traces matched navigation — check line name vs NAV file.
[15:39:49] [INFO ] 
[15:39:49] [INFO ] ──────────────────────────────────────────────────
[15:39:49] [INFO ]   LINE: 108_1212
[15:39:49] [INFO ] ──────────────────────────────────────────────────
[15:39:49] [INFO ] Dataset  : namss.L-8-81-WG.mcs.airgun
[15:39:49] [INFO ] SGY      : ../../airgun_data/namss.L-8-81-WG.mcs.airgun/Data/108_1212.sgy
[15:39:49] [INFO ] NAV      : ../../airgun_data/namss.L-8-81-WG.mcs.airgun/Navigation/l-8-81-wg_NAV-WGS84.csv
[15:39:49] [INFO ] SA mode  : averaged 5x 
[15:39:49] [INFO ] 
[15:39:49] [INFO ] STEP 1 — Feature extraction
[15:39:49] [INFO ]   Loading navigation...
[15:39:49] [INFO ]   Loading SEG-Y...
[15:39:49] [INFO ]   Traces: 1378  Samples: 2000  dt: 4.000 ms
[15:39:49] [INFO ]   Depth:  0.0 m → 5997.0 m
[15:39:49] [INFO ]   Matching traces to navigation...
[15:39:49] [INFO ]   NAV line matched via translation: '108_1212' -> '108'
[15:39:49] [INFO ]   Matched 0 / 1378 traces
[15:39:49] [ERROR] SKIPPING 108_1212 (namss.L-8-81-WG.mcs.airgun): No traces matched navigation — check line name vs NAV file.
[15:39:49] [ERROR]   Traceback (most recent call last):
[15:39:49] [ERROR]     File "/Users/lennylukach/Personal/School/CS4100/namss/pipeline/src/pipeline.py", line 848, in <module>
[15:39:49] [ERROR]       process_line(line, sgy_path, nav_path, dataset)
[15:39:49] [ERROR]     File "/Users/lennylukach/Personal/School/CS4100/namss/pipeline/src/pipeline.py", line 431, in process_line
[15:39:49] [ERROR]       raise RuntimeError(
[15:39:49] [ERROR]   RuntimeError: No traces matched navigation — check line name vs NAV file.
[15:39:49] [INFO ] 
[15:39:49] [INFO ] ──────────────────────────────────────────────────
[15:39:49] [INFO ]   LINE: 109_1213
[15:39:49] [INFO ] ──────────────────────────────────────────────────
[15:39:49] [INFO ] Dataset  : namss.L-8-81-WG.mcs.airgun
[15:39:49] [INFO ] SGY      : ../../airgun_data/namss.L-8-81-WG.mcs.airgun/Data/109_1213.sgy
[15:39:49] [INFO ] NAV      : ../../airgun_data/namss.L-8-81-WG.mcs.airgun/Navigation/l-8-81-wg_NAV-WGS84.csv
[15:39:49] [INFO ] SA mode  : averaged 5x 
[15:39:49] [INFO ] 
[15:39:49] [INFO ] STEP 1 — Feature extraction
[15:39:49] [INFO ]   Loading navigation...
[15:39:49] [INFO ]   Loading SEG-Y...
[15:39:49] [INFO ]   Traces: 2029  Samples: 2250  dt: 4.000 ms
[15:39:49] [INFO ]   Depth:  0.0 m → 6747.0 m
[15:39:49] [INFO ]   Matching traces to navigation...
[15:39:49] [INFO ]   NAV line matched via translation: '109_1213' -> '109'
[15:39:50] [INFO ]   Matched 0 / 2029 traces
[15:39:50] [ERROR] SKIPPING 109_1213 (namss.L-8-81-WG.mcs.airgun): No traces matched navigation — check line name vs NAV file.
[15:39:50] [ERROR]   Traceback (most recent call last):
[15:39:50] [ERROR]     File "/Users/lennylukach/Personal/School/CS4100/namss/pipeline/src/pipeline.py", line 848, in <module>
[15:39:50] [ERROR]       process_line(line, sgy_path, nav_path, dataset)
[15:39:50] [ERROR]     File "/Users/lennylukach/Personal/School/CS4100/namss/pipeline/src/pipeline.py", line 431, in process_line
[15:39:50] [ERROR]       raise RuntimeError(
[15:39:50] [ERROR]   RuntimeError: No traces matched navigation — check line name vs NAV file.
[15:39:50] [INFO ] 
[15:39:50] [INFO ] ──────────────────────────────────────────────────
[15:39:50] [INFO ]   LINE: 110_1214
[15:39:50] [INFO ] ──────────────────────────────────────────────────
[15:39:50] [INFO ] Dataset  : namss.L-8-81-WG.mcs.airgun
[15:39:50] [INFO ] SGY      : ../../airgun_data/namss.L-8-81-WG.mcs.airgun/Data/110_1214.sgy
[15:39:50] [INFO ] NAV      : ../../airgun_data/namss.L-8-81-WG.mcs.airgun/Navigation/l-8-81-wg_NAV-WGS84.csv
[15:39:50] [INFO ] SA mode  : averaged 5x 
[15:39:50] [INFO ] 
[15:39:50] [INFO ] STEP 1 — Feature extraction
[15:39:50] [INFO ]   Loading navigation...
[15:39:50] [INFO ]   Loading SEG-Y...
[15:39:50] [INFO ]   Traces: 314  Samples: 2000  dt: 4.000 ms
[15:39:50] [INFO ]   Depth:  0.0 m → 5997.0 m
[15:39:50] [INFO ]   Matching traces to navigation...
[15:39:50] [INFO ]   NAV line matched via translation: '110_1214' -> '110'
[15:39:50] [INFO ]   Matched 0 / 314 traces
[15:39:50] [ERROR] SKIPPING 110_1214 (namss.L-8-81-WG.mcs.airgun): No traces matched navigation — check line name vs NAV file.
[15:39:50] [ERROR]   Traceback (most recent call last):
[15:39:50] [ERROR]     File "/Users/lennylukach/Personal/School/CS4100/namss/pipeline/src/pipeline.py", line 848, in <module>
[15:39:50] [ERROR]       process_line(line, sgy_path, nav_path, dataset)
[15:39:50] [ERROR]     File "/Users/lennylukach/Personal/School/CS4100/namss/pipeline/src/pipeline.py", line 431, in process_line
[15:39:50] [ERROR]       raise RuntimeError(
[15:39:50] [ERROR]   RuntimeError: No traces matched navigation — check line name vs NAV file.
[15:39:50] [INFO ] 
[15:39:50] [INFO ] ──────────────────────────────────────────────────
[15:39:50] [INFO ]   LINE: 111_1215
[15:39:50] [INFO ] ──────────────────────────────────────────────────
[15:39:50] [INFO ] Dataset  : namss.L-8-81-WG.mcs.airgun
[15:39:50] [INFO ] SGY      : ../../airgun_data/namss.L-8-81-WG.mcs.airgun/Data/111_1215.sgy
[15:39:50] [INFO ] NAV      : ../../airgun_data/namss.L-8-81-WG.mcs.airgun/Navigation/l-8-81-wg_NAV-WGS84.csv
[15:39:50] [INFO ] SA mode  : averaged 5x 
[15:39:50] [INFO ] 
[15:39:50] [INFO ] STEP 1 — Feature extraction
[15:39:50] [INFO ]   Loading navigation...
[15:39:50] [INFO ]   Loading SEG-Y...
[15:39:50] [INFO ]   Traces: 2421  Samples: 3750  dt: 4.000 ms
[15:39:50] [INFO ]   Depth:  0.0 m → 11247.0 m
[15:39:50] [INFO ]   Matching traces to navigation...
[15:39:50] [INFO ]   NAV line matched via translation: '111_1215' -> '111'
[15:39:50] [INFO ]   Matched 0 / 2421 traces
[15:39:50] [ERROR] SKIPPING 111_1215 (namss.L-8-81-WG.mcs.airgun): No traces matched navigation — check line name vs NAV file.
[15:39:50] [ERROR]   Traceback (most recent call last):
[15:39:50] [ERROR]     File "/Users/lennylukach/Personal/School/CS4100/namss/pipeline/src/pipeline.py", line 848, in <module>
[15:39:50] [ERROR]       process_line(line, sgy_path, nav_path, dataset)
[15:39:50] [ERROR]     File "/Users/lennylukach/Personal/School/CS4100/namss/pipeline/src/pipeline.py", line 431, in process_line
[15:39:50] [ERROR]       raise RuntimeError(
[15:39:50] [ERROR]   RuntimeError: No traces matched navigation — check line name vs NAV file.
[15:39:50] [INFO ] 
[15:39:50] [INFO ] ──────────────────────────────────────────────────
[15:39:50] [INFO ]   LINE: 112_1216
[15:39:50] [INFO ] ──────────────────────────────────────────────────
[15:39:50] [INFO ] Dataset  : namss.L-8-81-WG.mcs.airgun
[15:39:50] [INFO ] SGY      : ../../airgun_data/namss.L-8-81-WG.mcs.airgun/Data/112_1216.sgy
[15:39:50] [INFO ] NAV      : ../../airgun_data/namss.L-8-81-WG.mcs.airgun/Navigation/l-8-81-wg_NAV-WGS84.csv
[15:39:50] [INFO ] SA mode  : averaged 5x 
[15:39:50] [INFO ] 
[15:39:50] [INFO ] STEP 1 — Feature extraction
[15:39:50] [INFO ]   Loading navigation...
[15:39:50] [INFO ]   Loading SEG-Y...
[15:39:50] [INFO ]   Traces: 524  Samples: 3750  dt: 4.000 ms
[15:39:50] [INFO ]   Depth:  0.0 m → 11247.0 m
[15:39:50] [INFO ]   Matching traces to navigation...
[15:39:50] [INFO ]   NAV line matched via translation: '112_1216' -> '112'
[15:39:50] [INFO ]   Matched 0 / 524 traces
[15:39:50] [ERROR] SKIPPING 112_1216 (namss.L-8-81-WG.mcs.airgun): No traces matched navigation — check line name vs NAV file.
[15:39:50] [ERROR]   Traceback (most recent call last):
[15:39:50] [ERROR]     File "/Users/lennylukach/Personal/School/CS4100/namss/pipeline/src/pipeline.py", line 848, in <module>
[15:39:50] [ERROR]       process_line(line, sgy_path, nav_path, dataset)
[15:39:50] [ERROR]     File "/Users/lennylukach/Personal/School/CS4100/namss/pipeline/src/pipeline.py", line 431, in process_line
[15:39:50] [ERROR]       raise RuntimeError(
[15:39:50] [ERROR]   RuntimeError: No traces matched navigation — check line name vs NAV file.
[15:39:50] [INFO ] 
[15:39:50] [INFO ] ──────────────────────────────────────────────────
[15:39:50] [INFO ]   LINE: 113_1217
[15:39:50] [INFO ] ──────────────────────────────────────────────────
[15:39:50] [INFO ] Dataset  : namss.L-8-81-WG.mcs.airgun
[15:39:50] [INFO ] SGY      : ../../airgun_data/namss.L-8-81-WG.mcs.airgun/Data/113_1217.sgy
[15:39:50] [INFO ] NAV      : ../../airgun_data/namss.L-8-81-WG.mcs.airgun/Navigation/l-8-81-wg_NAV-WGS84.csv
[15:39:50] [INFO ] SA mode  : averaged 5x 
[15:39:50] [INFO ] 
[15:39:50] [INFO ] STEP 1 — Feature extraction
[15:39:50] [INFO ]   Loading navigation...
[15:39:50] [INFO ]   Loading SEG-Y...
[15:39:50] [INFO ]   Traces: 1735  Samples: 4000  dt: 4.000 ms
[15:39:50] [INFO ]   Depth:  0.0 m → 11997.0 m
[15:39:50] [INFO ]   Matching traces to navigation...
[15:39:50] [INFO ]   NAV line matched via translation: '113_1217' -> '113'
[15:39:50] [INFO ]   Matched 0 / 1735 traces
[15:39:50] [ERROR] SKIPPING 113_1217 (namss.L-8-81-WG.mcs.airgun): No traces matched navigation — check line name vs NAV file.
[15:39:50] [ERROR]   Traceback (most recent call last):
[15:39:50] [ERROR]     File "/Users/lennylukach/Personal/School/CS4100/namss/pipeline/src/pipeline.py", line 848, in <module>
[15:39:50] [ERROR]       process_line(line, sgy_path, nav_path, dataset)
[15:39:50] [ERROR]     File "/Users/lennylukach/Personal/School/CS4100/namss/pipeline/src/pipeline.py", line 431, in process_line
[15:39:50] [ERROR]       raise RuntimeError(
[15:39:50] [ERROR]   RuntimeError: No traces matched navigation — check line name vs NAV file.
[15:39:50] [INFO ] 
[15:39:50] [INFO ] ──────────────────────────────────────────────────
[15:39:50] [INFO ]   LINE: 114_1218
[15:39:50] [INFO ] ──────────────────────────────────────────────────
[15:39:50] [INFO ] Dataset  : namss.L-8-81-WG.mcs.airgun
[15:39:50] [INFO ] SGY      : ../../airgun_data/namss.L-8-81-WG.mcs.airgun/Data/114_1218.sgy
[15:39:50] [INFO ] NAV      : ../../airgun_data/namss.L-8-81-WG.mcs.airgun/Navigation/l-8-81-wg_NAV-WGS84.csv
[15:39:50] [INFO ] SA mode  : averaged 5x 
[15:39:50] [INFO ] 
[15:39:50] [INFO ] STEP 1 — Feature extraction
[15:39:50] [INFO ]   Loading navigation...
[15:39:50] [INFO ]   Loading SEG-Y...
[15:39:50] [INFO ]   Traces: 845  Samples: 2000  dt: 4.000 ms
[15:39:50] [INFO ]   Depth:  0.0 m → 5997.0 m
[15:39:50] [INFO ]   Matching traces to navigation...
[15:39:50] [INFO ]   NAV line matched via translation: '114_1218' -> '114'
[15:39:50] [INFO ]   Matched 0 / 845 traces
[15:39:50] [ERROR] SKIPPING 114_1218 (namss.L-8-81-WG.mcs.airgun): No traces matched navigation — check line name vs NAV file.
[15:39:50] [ERROR]   Traceback (most recent call last):
[15:39:50] [ERROR]     File "/Users/lennylukach/Personal/School/CS4100/namss/pipeline/src/pipeline.py", line 848, in <module>
[15:39:50] [ERROR]       process_line(line, sgy_path, nav_path, dataset)
[15:39:50] [ERROR]     File "/Users/lennylukach/Personal/School/CS4100/namss/pipeline/src/pipeline.py", line 431, in process_line
[15:39:50] [ERROR]       raise RuntimeError(
[15:39:50] [ERROR]   RuntimeError: No traces matched navigation — check line name vs NAV file.
[15:39:50] [INFO ] 
[15:39:50] [INFO ] ──────────────────────────────────────────────────
[15:39:50] [INFO ]   LINE: 115_1219
[15:39:50] [INFO ] ──────────────────────────────────────────────────
[15:39:50] [INFO ] Dataset  : namss.L-8-81-WG.mcs.airgun
[15:39:50] [INFO ] SGY      : ../../airgun_data/namss.L-8-81-WG.mcs.airgun/Data/115_1219.sgy
[15:39:50] [INFO ] NAV      : ../../airgun_data/namss.L-8-81-WG.mcs.airgun/Navigation/l-8-81-wg_NAV-WGS84.csv
[15:39:50] [INFO ] SA mode  : averaged 5x 
[15:39:50] [INFO ] 
[15:39:50] [INFO ] STEP 1 — Feature extraction
[15:39:50] [INFO ]   Loading navigation...
[15:39:50] [INFO ]   Loading SEG-Y...
[15:39:50] [INFO ]   Traces: 345  Samples: 2000  dt: 4.000 ms
[15:39:50] [INFO ]   Depth:  0.0 m → 5997.0 m
[15:39:50] [INFO ]   Matching traces to navigation...
[15:39:50] [INFO ]   NAV line matched via translation: '115_1219' -> '115'
[15:39:50] [INFO ]   Matched 0 / 345 traces
[15:39:50] [ERROR] SKIPPING 115_1219 (namss.L-8-81-WG.mcs.airgun): No traces matched navigation — check line name vs NAV file.
[15:39:50] [ERROR]   Traceback (most recent call last):
[15:39:50] [ERROR]     File "/Users/lennylukach/Personal/School/CS4100/namss/pipeline/src/pipeline.py", line 848, in <module>
[15:39:50] [ERROR]       process_line(line, sgy_path, nav_path, dataset)
[15:39:50] [ERROR]     File "/Users/lennylukach/Personal/School/CS4100/namss/pipeline/src/pipeline.py", line 431, in process_line
[15:39:50] [ERROR]       raise RuntimeError(
[15:39:50] [ERROR]   RuntimeError: No traces matched navigation — check line name vs NAV file.
[15:39:50] [INFO ] 
[15:39:50] [INFO ] ──────────────────────────────────────────────────
[15:39:50] [INFO ]   LINE: 116_1220
[15:39:50] [INFO ] ──────────────────────────────────────────────────
[15:39:50] [INFO ] Dataset  : namss.L-8-81-WG.mcs.airgun
[15:39:50] [INFO ] SGY      : ../../airgun_data/namss.L-8-81-WG.mcs.airgun/Data/116_1220.sgy
[15:39:50] [INFO ] NAV      : ../../airgun_data/namss.L-8-81-WG.mcs.airgun/Navigation/l-8-81-wg_NAV-WGS84.csv
[15:39:50] [INFO ] SA mode  : averaged 5x 
[15:39:50] [INFO ] 
[15:39:50] [INFO ] STEP 1 — Feature extraction
[15:39:50] [INFO ]   Loading navigation...
[15:39:50] [INFO ]   Loading SEG-Y...
[15:39:50] [INFO ]   Traces: 1168  Samples: 2000  dt: 4.000 ms
[15:39:50] [INFO ]   Depth:  0.0 m → 5997.0 m
[15:39:50] [INFO ]   Matching traces to navigation...
[15:39:50] [INFO ]   NAV line matched via translation: '116_1220' -> '116'
[15:39:50] [INFO ]   Matched 0 / 1168 traces
[15:39:50] [ERROR] SKIPPING 116_1220 (namss.L-8-81-WG.mcs.airgun): No traces matched navigation — check line name vs NAV file.
[15:39:50] [ERROR]   Traceback (most recent call last):
[15:39:50] [ERROR]     File "/Users/lennylukach/Personal/School/CS4100/namss/pipeline/src/pipeline.py", line 848, in <module>
[15:39:50] [ERROR]       process_line(line, sgy_path, nav_path, dataset)
[15:39:50] [ERROR]     File "/Users/lennylukach/Personal/School/CS4100/namss/pipeline/src/pipeline.py", line 431, in process_line
[15:39:50] [ERROR]       raise RuntimeError(
[15:39:50] [ERROR]   RuntimeError: No traces matched navigation — check line name vs NAV file.
[15:39:50] [INFO ] 
[15:39:50] [INFO ] ──────────────────────────────────────────────────
[15:39:50] [INFO ]   LINE: 117_1221
[15:39:50] [INFO ] ──────────────────────────────────────────────────
[15:39:50] [INFO ] Dataset  : namss.L-8-81-WG.mcs.airgun
[15:39:50] [INFO ] SGY      : ../../airgun_data/namss.L-8-81-WG.mcs.airgun/Data/117_1221.sgy
[15:39:50] [INFO ] NAV      : ../../airgun_data/namss.L-8-81-WG.mcs.airgun/Navigation/l-8-81-wg_NAV-WGS84.csv
[15:39:50] [INFO ] SA mode  : averaged 5x 
[15:39:50] [INFO ] 
[15:39:50] [INFO ] STEP 1 — Feature extraction
[15:39:50] [INFO ]   Loading navigation...
[15:39:50] [INFO ]   Loading SEG-Y...
[15:39:50] [INFO ]   Traces: 666  Samples: 2500  dt: 4.000 ms
[15:39:50] [INFO ]   Depth:  0.0 m → 7497.0 m
[15:39:50] [INFO ]   Matching traces to navigation...
[15:39:50] [INFO ]   NAV line matched via translation: '117_1221' -> '117'
[15:39:50] [INFO ]   Matched 0 / 666 traces
[15:39:50] [ERROR] SKIPPING 117_1221 (namss.L-8-81-WG.mcs.airgun): No traces matched navigation — check line name vs NAV file.
[15:39:50] [ERROR]   Traceback (most recent call last):
[15:39:50] [ERROR]     File "/Users/lennylukach/Personal/School/CS4100/namss/pipeline/src/pipeline.py", line 848, in <module>
[15:39:50] [ERROR]       process_line(line, sgy_path, nav_path, dataset)
[15:39:50] [ERROR]     File "/Users/lennylukach/Personal/School/CS4100/namss/pipeline/src/pipeline.py", line 431, in process_line
[15:39:50] [ERROR]       raise RuntimeError(
[15:39:50] [ERROR]   RuntimeError: No traces matched navigation — check line name vs NAV file.
[15:39:50] [INFO ] 
[15:39:50] [INFO ] ──────────────────────────────────────────────────
[15:39:50] [INFO ]   LINE: T2010.100.mig.1500
[15:39:50] [INFO ] ──────────────────────────────────────────────────
[15:39:50] [INFO ] Dataset  : namss.T-21-10-AT.mcs.airgun
[15:39:50] [INFO ] SGY      : ../../airgun_data/namss.T-21-10-AT.mcs.airgun/Data/T2010.100.mig.1500.sgy
[15:39:50] [INFO ] NAV      : ../../airgun_data/namss.T-21-10-AT.mcs.airgun/Navigation/T-21-10-AT_NAV-WGS84.csv
[15:39:50] [INFO ] SA mode  : averaged 5x 
[15:39:50] [INFO ] 
[15:39:50] [INFO ] STEP 1 — Feature extraction
[15:39:50] [INFO ]   Loading navigation...
[15:39:50] [INFO ]   Loading SEG-Y...
[15:39:51] [INFO ]   Traces: 4506  Samples: 5441  dt: 1.000 ms
[15:39:51] [INFO ]   Depth:  0.0 m → 4080.0 m
[15:39:51] [INFO ]   Matching traces to navigation...
[15:39:51] [INFO ]   Matched 4506 / 4506 traces
[15:39:51] [INFO ]   Bandpass filtering...
[15:39:51] [INFO ]   Computing seismic attributes...
[15:39:53] [INFO ]   Picking seafloor...
[15:39:54] [INFO ]   Seafloor depth: 179–695 m  (3619 shallow traces masked)
[15:39:54] [INFO ]   Picking horizons...
[15:39:54] [INFO ]   Computing NCC coherence (slow)...
[15:39:54] [INFO ]   Saving CNN section image...
[15:39:56] [INFO ]   Saved: T2010.100.mig.1500_section_cnn.png  (2700x1500px)
[15:39:56] [INFO ]   Step 1 complete
[15:39:56] [INFO ] 
[15:39:56] [INFO ] STEP 2 — Fault detection
[15:39:56] [INFO ]   Mode: averaged SA (5 runs per seed)
[15:40:00] [INFO ]   Averaging SA over 5 runs per seed (11 seeds)
[15:40:04] [INFO ]     Seed 1/11 trace 670: avg_prob=0.639 [PASS]
[15:40:07] [INFO ]     Seed 2/11 trace 1698: avg_prob=0.643 [PASS]
[15:40:10] [INFO ]     Seed 3/11 trace 1283: avg_prob=0.642 [PASS]
[15:40:12] [INFO ]     Seed 4/11 trace 2413: avg_prob=0.636 [PASS]
[15:40:13] [INFO ]     Seed 5/11 trace 3562: avg_prob=0.632 [PASS]
[15:40:16] [INFO ]     Seed 6/11 trace 929: avg_prob=0.631 [PASS]
[15:40:19] [INFO ]     Seed 7/11 trace 2062: avg_prob=0.625 [PASS]
[15:40:23] [INFO ]     Seed 8/11 trace 212: avg_prob=0.612 [PASS]
[15:40:24] [INFO ]     Seed 9/11 trace 3360: avg_prob=0.586 [PASS]
[15:40:26] [INFO ]     Seed 10/11 trace 2782: avg_prob=0.596 [PASS]
[15:40:27] [INFO ]     Seed 11/11 trace 4317: avg_prob=0.581 [PASS]
[15:40:27] [INFO ]   Detected 0 high-confidence faults
[15:40:27] [INFO ]   Step 2 complete
[15:40:27] [INFO ] 
[15:40:27] [INFO ] STEP 3 — Bounding boxes
[15:40:27] [INFO ]   Generated 0 boxes
[15:40:27] [INFO ]   Step 3 complete
[15:40:27] [INFO ] 
[15:40:27] [INFO ] STEP 4 — Dataset building
[15:40:27] [INFO ]   Saving labeled review image...
[15:40:28] [INFO ]   Saved: T2010.100.mig.1500_labeled.png
[15:40:28] [INFO ]   Split: train
[15:40:28] [INFO ]   Added 0 annotations to train.json
[15:40:28] [INFO ]   train.json: 152 images, 51 annotations
[15:40:28] [INFO ]   val.json:   37 images,  13 annotations
[15:40:28] [INFO ]   Step 4 complete
[15:40:28] [INFO ] 
[15:40:28] [INFO ]   DONE  T2010.100.mig.1500  →  train  |  0 faults  |  0 boxes
[15:40:28] [INFO ] 
[15:40:28] [INFO ] ──────────────────────────────────────────────────
[15:40:28] [INFO ]   LINE: T2010.101.mig.1500
[15:40:28] [INFO ] ──────────────────────────────────────────────────
[15:40:28] [INFO ] Dataset  : namss.T-21-10-AT.mcs.airgun
[15:40:28] [INFO ] SGY      : ../../airgun_data/namss.T-21-10-AT.mcs.airgun/Data/T2010.101.mig.1500.sgy
[15:40:28] [INFO ] NAV      : ../../airgun_data/namss.T-21-10-AT.mcs.airgun/Navigation/T-21-10-AT_NAV-WGS84.csv
[15:40:28] [INFO ] SA mode  : averaged 5x 
[15:40:28] [INFO ] 
[15:40:28] [INFO ] STEP 1 — Feature extraction
[15:40:28] [INFO ]   Loading navigation...
[15:40:28] [INFO ]   Loading SEG-Y...
[15:40:28] [INFO ]   Traces: 17977  Samples: 5421  dt: 1.000 ms
[15:40:28] [INFO ]   Depth:  0.0 m → 4065.0 m
[15:40:28] [INFO ]   Matching traces to navigation...
[15:40:30] [INFO ]   Matched 17977 / 17977 traces
[15:40:30] [INFO ]   Bandpass filtering...
[15:40:31] [INFO ]   Computing seismic attributes...
[15:40:39] [INFO ]   Picking seafloor...
[15:40:41] [INFO ]   Seafloor depth: 2288–2746 m  (0 shallow traces masked)
[15:40:41] [INFO ]   Picking horizons...
[15:40:42] [INFO ]   Computing NCC coherence (slow)...
[15:40:45] [INFO ]   Saving CNN section image...
[15:40:56] [INFO ]   Saved: T2010.101.mig.1500_section_cnn.png  (2700x1500px)
[15:40:56] [INFO ]   Step 1 complete
[15:40:56] [INFO ] 
[15:40:56] [INFO ] STEP 2 — Fault detection
[15:40:56] [INFO ]   Mode: averaged SA (5 runs per seed)
[15:41:17] [INFO ]   Averaging SA over 5 runs per seed (47 seeds)
[15:41:18] [INFO ]     Seed 1/47 trace 4681: avg_prob=0.695 [PASS]
[15:41:19] [INFO ]     Seed 2/47 trace 12865: avg_prob=0.706 [PASS]
[15:41:20] [INFO ]     Seed 3/47 trace 8779: avg_prob=0.718 [PASS]
[15:41:22] [INFO ]     Seed 4/47 trace 5109: avg_prob=0.714 [PASS]
[15:41:23] [INFO ]     Seed 5/47 trace 9545: avg_prob=0.680 [PASS]
[15:41:24] [INFO ]     Seed 6/47 trace 3711: avg_prob=0.678 [PASS]
[15:41:25] [INFO ]     Seed 7/47 trace 8371: avg_prob=0.685 [PASS]
[15:41:26] [INFO ]     Seed 8/47 trace 10943: avg_prob=0.704 [PASS]
[15:41:28] [INFO ]     Seed 9/47 trace 7696: avg_prob=0.678 [PASS]
[15:41:29] [INFO ]     Seed 10/47 trace 5368: avg_prob=0.699 [PASS]
[15:41:30] [INFO ]     Seed 11/47 trace 8114: avg_prob=0.687 [PASS]
[15:41:31] [INFO ]     Seed 12/47 trace 12556: avg_prob=0.689 [PASS]
[15:41:33] [INFO ]     Seed 13/47 trace 17246: avg_prob=0.670 [PASS]
[15:41:34] [INFO ]     Seed 14/47 trace 7120: avg_prob=0.670 [PASS]
[15:41:35] [INFO ]     Seed 15/47 trace 12254: avg_prob=0.698 [PASS]
[15:41:36] [INFO ]     Seed 16/47 trace 9752: avg_prob=0.668 [PASS]
[15:41:38] [INFO ]     Seed 17/47 trace 11227: avg_prob=0.673 [PASS]
[15:41:39] [INFO ]     Seed 18/47 trace 3466: avg_prob=0.683 [PASS]
[15:41:40] [INFO ]     Seed 19/47 trace 6103: avg_prob=0.671 [PASS]
[15:41:41] [INFO ]     Seed 20/47 trace 4901: avg_prob=0.693 [PASS]
[15:41:43] [INFO ]     Seed 21/47 trace 10326: avg_prob=0.656 [PASS]
[15:41:44] [INFO ]     Seed 22/47 trace 9072: avg_prob=0.671 [PASS]
[15:41:45] [INFO ]     Seed 23/47 trace 4453: avg_prob=0.686 [PASS]
[15:41:46] [INFO ]     Seed 24/47 trace 13158: avg_prob=0.653 [PASS]
[15:41:48] [INFO ]     Seed 25/47 trace 7338: avg_prob=0.695 [PASS]
[15:41:49] [INFO ]     Seed 26/47 trace 14543: avg_prob=0.666 [PASS]
[15:41:50] [INFO ]     Seed 27/47 trace 9343: avg_prob=0.679 [PASS]
[15:41:51] [INFO ]     Seed 28/47 trace 3925: avg_prob=0.666 [PASS]
[15:41:53] [INFO ]     Seed 29/47 trace 12041: avg_prob=0.672 [PASS]
[15:41:54] [INFO ]     Seed 30/47 trace 6894: avg_prob=0.676 [PASS]
[15:41:55] [INFO ]     Seed 31/47 trace 4202: avg_prob=0.672 [PASS]
[15:41:57] [INFO ]     Seed 32/47 trace 14132: avg_prob=0.666 [PASS]
[15:41:58] [INFO ]     Seed 33/47 trace 8572: avg_prob=0.668 [PASS]
[15:41:59] [INFO ]     Seed 34/47 trace 10092: avg_prob=0.641 [PASS]
[15:42:00] [INFO ]     Seed 35/47 trace 15296: avg_prob=0.670 [PASS]
[15:42:02] [INFO ]     Seed 36/47 trace 14954: avg_prob=0.672 [PASS]
[15:42:03] [INFO ]     Seed 37/47 trace 5585: avg_prob=0.664 [PASS]
[15:42:04] [INFO ]     Seed 38/47 trace 17492: avg_prob=0.653 [PASS]
[15:42:05] [INFO ]     Seed 39/47 trace 6381: avg_prob=0.660 [PASS]
[15:42:07] [INFO ]     Seed 40/47 trace 17826: avg_prob=0.649 [PASS]
[15:42:08] [INFO ]     Seed 41/47 trace 13490: avg_prob=0.660 [PASS]
[15:42:09] [INFO ]     Seed 42/47 trace 17037: avg_prob=0.647 [PASS]
[15:42:10] [INFO ]     Seed 43/47 trace 11743: avg_prob=0.676 [PASS]
[15:42:11] [INFO ]     Seed 44/47 trace 13732: avg_prob=0.629 [PASS]
[15:42:13] [INFO ]     Seed 45/47 trace 11427: avg_prob=0.642 [PASS]
[15:42:14] [INFO ]     Seed 46/47 trace 5857: avg_prob=0.613 [PASS]
[15:42:15] [INFO ]     Seed 47/47 trace 10659: avg_prob=0.663 [PASS]
[15:42:15] [INFO ]   Detected 0 high-confidence faults
[15:42:15] [INFO ]   Step 2 complete
[15:42:15] [INFO ] 
[15:42:15] [INFO ] STEP 3 — Bounding boxes
[15:42:15] [INFO ]   Generated 0 boxes
[15:42:15] [INFO ]   Step 3 complete
[15:42:15] [INFO ] 
[15:42:15] [INFO ] STEP 4 — Dataset building
[15:42:15] [INFO ]   Saving labeled review image...
[15:42:15] [INFO ]   Saved: T2010.101.mig.1500_labeled.png
[15:42:15] [INFO ]   Split: train
[15:42:15] [INFO ]   Added 0 annotations to train.json
[15:42:15] [INFO ]   train.json: 153 images, 51 annotations
[15:42:15] [INFO ]   val.json:   37 images,  13 annotations
[15:42:15] [INFO ]   Step 4 complete
[15:42:15] [INFO ] 
[15:42:15] [INFO ]   DONE  T2010.101.mig.1500  →  train  |  0 faults  |  0 boxes
[15:42:16] [INFO ] 
[15:42:16] [INFO ] ──────────────────────────────────────────────────
[15:42:16] [INFO ]   LINE: T2010.102.mig.1500
[15:42:16] [INFO ] ──────────────────────────────────────────────────
[15:42:16] [INFO ] Dataset  : namss.T-21-10-AT.mcs.airgun
[15:42:16] [INFO ] SGY      : ../../airgun_data/namss.T-21-10-AT.mcs.airgun/Data/T2010.102.mig.1500.sgy
[15:42:16] [INFO ] NAV      : ../../airgun_data/namss.T-21-10-AT.mcs.airgun/Navigation/T-21-10-AT_NAV-WGS84.csv
[15:42:16] [INFO ] SA mode  : averaged 5x 
[15:42:16] [INFO ] 
[15:42:16] [INFO ] STEP 1 — Feature extraction
[15:42:16] [INFO ]   Loading navigation...
[15:42:16] [INFO ]   Loading SEG-Y...
[15:42:16] [INFO ]   Traces: 3605  Samples: 5441  dt: 1.000 ms
[15:42:16] [INFO ]   Depth:  0.0 m → 4080.0 m
[15:42:16] [INFO ]   Matching traces to navigation...
[15:42:17] [INFO ]   Matched 3605 / 3605 traces
[15:42:17] [INFO ]   Bandpass filtering...
[15:42:17] [INFO ]   Computing seismic attributes...
[15:42:19] [INFO ]   Picking seafloor...
[15:42:19] [INFO ]   Seafloor depth: 288–596 m  (3605 shallow traces masked)
[15:42:19] [INFO ]   Picking horizons...
[15:42:19] [INFO ]   Computing NCC coherence (slow)...
[15:42:20] [INFO ]   Saving CNN section image...
[15:42:21] [INFO ]   Saved: T2010.102.mig.1500_section_cnn.png  (2700x1500px)
[15:42:21] [INFO ]   Step 1 complete
[15:42:21] [INFO ] 
[15:42:21] [INFO ] STEP 2 — Fault detection
[15:42:21] [INFO ]   Mode: averaged SA (5 runs per seed)
[15:42:25] [INFO ]   Averaging SA over 5 runs per seed (0 seeds)
[15:42:25] [INFO ]   Detected 0 high-confidence faults
[15:42:25] [INFO ]   Step 2 complete
[15:42:25] [INFO ] 
[15:42:25] [INFO ] STEP 3 — Bounding boxes
[15:42:25] [INFO ]   Generated 0 boxes
[15:42:25] [INFO ]   Step 3 complete
[15:42:25] [INFO ] 
[15:42:25] [INFO ] STEP 4 — Dataset building
[15:42:25] [INFO ]   Saving labeled review image...
[15:42:25] [INFO ]   Saved: T2010.102.mig.1500_labeled.png
[15:42:25] [INFO ]   Split: train
[15:42:25] [INFO ]   Added 0 annotations to train.json
[15:42:25] [INFO ]   train.json: 154 images, 51 annotations
[15:42:25] [INFO ]   val.json:   37 images,  13 annotations
[15:42:25] [INFO ]   Step 4 complete
[15:42:25] [INFO ] 
[15:42:25] [INFO ]   DONE  T2010.102.mig.1500  →  train  |  0 faults  |  0 boxes
[15:42:25] [INFO ] 
[15:42:25] [INFO ] ──────────────────────────────────────────────────
[15:42:25] [INFO ]   LINE: T2010.103.mig.1500
[15:42:25] [INFO ] ──────────────────────────────────────────────────
[15:42:25] [INFO ] Dataset  : namss.T-21-10-AT.mcs.airgun
[15:42:25] [INFO ] SGY      : ../../airgun_data/namss.T-21-10-AT.mcs.airgun/Data/T2010.103.mig.1500.sgy
[15:42:25] [INFO ] NAV      : ../../airgun_data/namss.T-21-10-AT.mcs.airgun/Navigation/T-21-10-AT_NAV-WGS84.csv
[15:42:25] [INFO ] SA mode  : averaged 5x 
[15:42:25] [INFO ] 
[15:42:25] [INFO ] STEP 1 — Feature extraction
[15:42:25] [INFO ]   Loading navigation...
[15:42:25] [INFO ]   Loading SEG-Y...
[15:42:26] [INFO ]   Traces: 19161  Samples: 5441  dt: 1.000 ms
[15:42:26] [INFO ]   Depth:  0.0 m → 4080.0 m
[15:42:26] [INFO ]   Matching traces to navigation...
[15:42:28] [INFO ]   Matched 19056 / 19161 traces
[15:42:28] [INFO ]   Bandpass filtering...
[15:42:31] [INFO ]   Computing seismic attributes...
[15:42:41] [INFO ]   Picking seafloor...
[15:42:43] [INFO ]   Seafloor depth: 1320–2653 m  (0 shallow traces masked)
[15:42:43] [INFO ]   Picking horizons...
[15:42:44] [INFO ]   Computing NCC coherence (slow)...
[15:42:47] [INFO ]   Saving CNN section image...
[15:42:58] [INFO ]   Saved: T2010.103.mig.1500_section_cnn.png  (2700x1500px)
[15:42:58] [INFO ]   Step 1 complete
[15:42:58] [INFO ] 
[15:42:58] [INFO ] STEP 2 — Fault detection
[15:42:58] [INFO ]   Mode: averaged SA (5 runs per seed)
[15:43:21] [INFO ]   Averaging SA over 5 runs per seed (39 seeds)
[15:43:22] [INFO ]     Seed 1/39 trace 19033: avg_prob=0.785 [PASS]
[15:43:24] [INFO ]     Seed 2/39 trace 18494: avg_prob=0.763 [PASS]
[15:43:25] [INFO ]     Seed 3/39 trace 18228: avg_prob=0.706 [PASS]
[15:43:26] [INFO ]     Seed 4/39 trace 17689: avg_prob=0.768 [PASS]
[15:43:27] [INFO ]     Seed 5/39 trace 18772: avg_prob=0.737 [PASS]
[15:43:29] [INFO ]     Seed 6/39 trace 2554: avg_prob=0.684 [PASS]
[15:43:30] [INFO ]     Seed 7/39 trace 13555: avg_prob=0.661 [PASS]
[15:43:31] [INFO ]     Seed 8/39 trace 9523: avg_prob=0.656 [PASS]
[15:43:32] [INFO ]     Seed 9/39 trace 3817: avg_prob=0.694 [PASS]
[15:43:34] [INFO ]     Seed 10/39 trace 2988: avg_prob=0.673 [PASS]
[15:43:35] [INFO ]     Seed 11/39 trace 3238: avg_prob=0.692 [PASS]
[15:43:36] [INFO ]     Seed 12/39 trace 11823: avg_prob=0.683 [PASS]
[15:43:37] [INFO ]     Seed 13/39 trace 14260: avg_prob=0.638 [PASS]
[15:43:39] [INFO ]     Seed 14/39 trace 13981: avg_prob=0.656 [PASS]
[15:43:40] [INFO ]     Seed 15/39 trace 12354: avg_prob=0.659 [PASS]
[15:43:41] [INFO ]     Seed 16/39 trace 5103: avg_prob=0.631 [PASS]
[15:43:42] [INFO ]     Seed 17/39 trace 8715: avg_prob=0.645 [PASS]
[15:43:43] [INFO ]     Seed 18/39 trace 5832: avg_prob=0.602 [PASS]
[15:43:45] [INFO ]     Seed 19/39 trace 6036: avg_prob=0.647 [PASS]
[15:43:46] [INFO ]     Seed 20/39 trace 4223: avg_prob=0.645 [PASS]
[15:43:47] [INFO ]     Seed 21/39 trace 4505: avg_prob=0.636 [PASS]
[15:43:49] [INFO ]     Seed 22/39 trace 8045: avg_prob=0.647 [PASS]
[15:43:50] [INFO ]     Seed 23/39 trace 8983: avg_prob=0.630 [PASS]
[15:43:51] [INFO ]     Seed 24/39 trace 4899: avg_prob=0.646 [PASS]
[15:43:52] [INFO ]     Seed 25/39 trace 9803: avg_prob=0.641 [PASS]
[15:43:54] [INFO ]     Seed 26/39 trace 13021: avg_prob=0.648 [PASS]
[15:43:55] [INFO ]     Seed 27/39 trace 7756: avg_prob=0.628 [PASS]
[15:43:56] [INFO ]     Seed 28/39 trace 13329: avg_prob=0.643 [PASS]
[15:43:57] [INFO ]     Seed 29/39 trace 6269: avg_prob=0.636 [PASS]
[15:43:59] [INFO ]     Seed 30/39 trace 5434: avg_prob=0.643 [PASS]
[15:44:00] [INFO ]     Seed 31/39 trace 3450: avg_prob=0.645 [PASS]
[15:44:01] [INFO ]     Seed 32/39 trace 10483: avg_prob=0.647 [PASS]
[15:44:02] [INFO ]     Seed 33/39 trace 6534: avg_prob=0.627 [PASS]
[15:44:04] [INFO ]     Seed 34/39 trace 8451: avg_prob=0.626 [PASS]
[15:44:05] [INFO ]     Seed 35/39 trace 10773: avg_prob=0.616 [PASS]
[15:44:06] [INFO ]     Seed 36/39 trace 11192: avg_prob=0.633 [PASS]
[15:44:07] [INFO ]     Seed 37/39 trace 12085: avg_prob=0.629 [PASS]
[15:44:08] [INFO ]     Seed 38/39 trace 2785: avg_prob=0.638 [PASS]
[15:44:09] [INFO ]     Seed 39/39 trace 2285: avg_prob=0.626 [PASS]
[15:44:09] [INFO ]   Detected 3 high-confidence faults
[15:44:09] [INFO ]     Fault  1 | trace ~17689 | prob=0.768
[15:44:09] [INFO ]     Fault  2 | trace ~18501 | prob=0.763
[15:44:09] [INFO ]     Fault  3 | trace ~19027 | prob=0.785
[15:44:09] [INFO ]   Step 2 complete
[15:44:09] [INFO ] 
[15:44:09] [INFO ] STEP 3 — Bounding boxes
[15:44:09] [INFO ]   Box  1 | [2464, 611, 85w, 100h px]
[15:44:09] [INFO ]   Box  2 | [2578, 541, 87w, 100h px]
[15:44:09] [INFO ]   Box  3 | [2654, 468, 46w, 100h px]
[15:44:09] [INFO ]   Generated 3 boxes
[15:44:09] [INFO ]   Step 3 complete
[15:44:09] [INFO ] 
[15:44:09] [INFO ] STEP 4 — Dataset building
[15:44:09] [INFO ]   Saving labeled review image...
[15:44:10] [INFO ]   Saved: T2010.103.mig.1500_labeled.png
[15:44:10] [INFO ]   Split: val
[15:44:10] [INFO ]   Added 3 annotations to val.json
[15:44:10] [INFO ]   train.json: 154 images, 51 annotations
[15:44:10] [INFO ]   val.json:   38 images,  16 annotations
[15:44:10] [INFO ]   Step 4 complete
[15:44:10] [INFO ] 
[15:44:10] [INFO ]   DONE  T2010.103.mig.1500  →  val  |  3 faults  |  3 boxes
[15:44:11] [INFO ] 
[15:44:11] [INFO ] ──────────────────────────────────────────────────
[15:44:11] [INFO ]   LINE: T2010.104.mig.1500
[15:44:11] [INFO ] ──────────────────────────────────────────────────
[15:44:11] [INFO ] Dataset  : namss.T-21-10-AT.mcs.airgun
[15:44:11] [INFO ] SGY      : ../../airgun_data/namss.T-21-10-AT.mcs.airgun/Data/T2010.104.mig.1500.sgy
[15:44:11] [INFO ] NAV      : ../../airgun_data/namss.T-21-10-AT.mcs.airgun/Navigation/T-21-10-AT_NAV-WGS84.csv
[15:44:11] [INFO ] SA mode  : averaged 5x 
[15:44:11] [INFO ] 
[15:44:11] [INFO ] STEP 1 — Feature extraction
[15:44:11] [INFO ]   Loading navigation...
[15:44:11] [INFO ]   Loading SEG-Y...
[15:44:11] [INFO ]   Traces: 5555  Samples: 4441  dt: 1.000 ms
[15:44:11] [INFO ]   Depth:  0.0 m → 3330.0 m
[15:44:11] [INFO ]   Matching traces to navigation...
[15:44:12] [INFO ]   Matched 5555 / 5555 traces
[15:44:12] [INFO ]   Bandpass filtering...
[15:44:12] [INFO ]   Computing seismic attributes...
[15:44:14] [INFO ]   Picking seafloor...
[15:44:15] [INFO ]   Seafloor depth: 248–849 m  (4047 shallow traces masked)
[15:44:15] [INFO ]   Picking horizons...
[15:44:15] [INFO ]   Computing NCC coherence (slow)...
[15:44:16] [INFO ]   Saving CNN section image...
[15:44:17] [INFO ]   Saved: T2010.104.mig.1500_section_cnn.png  (2700x1500px)
[15:44:17] [INFO ]   Step 1 complete
[15:44:17] [INFO ] 
[15:44:17] [INFO ] STEP 2 — Fault detection
[15:44:17] [INFO ]   Mode: averaged SA (5 runs per seed)
[15:44:22] [INFO ]   Averaging SA over 5 runs per seed (10 seeds)
[15:44:23] [INFO ]     Seed 1/10 trace 4999: avg_prob=0.631 [PASS]
[15:44:26] [INFO ]     Seed 2/10 trace 836: avg_prob=0.650 [PASS]
[15:44:30] [INFO ]     Seed 3/10 trace 616: avg_prob=0.653 [PASS]
[15:44:31] [INFO ]     Seed 4/10 trace 5472: avg_prob=0.622 [PASS]
[15:44:34] [INFO ]     Seed 5/10 trace 404: avg_prob=0.640 [PASS]
[15:44:38] [INFO ]     Seed 6/10 trace 201: avg_prob=0.650 [PASS]
[15:44:39] [INFO ]     Seed 7/10 trace 4092: avg_prob=0.601 [PASS]
[15:44:42] [INFO ]     Seed 8/10 trace 1516: avg_prob=0.627 [PASS]
[15:44:45] [INFO ]     Seed 9/10 trace 1060: avg_prob=0.631 [PASS]
[15:44:47] [INFO ]     Seed 10/10 trace 3858: avg_prob=0.579 [PASS]
[15:44:47] [INFO ]   Detected 0 high-confidence faults
[15:44:47] [INFO ]   Step 2 complete
[15:44:47] [INFO ] 
[15:44:47] [INFO ] STEP 3 — Bounding boxes
[15:44:47] [INFO ]   Generated 0 boxes
[15:44:47] [INFO ]   Step 3 complete
[15:44:47] [INFO ] 
[15:44:47] [INFO ] STEP 4 — Dataset building
[15:44:47] [INFO ]   Saving labeled review image...
[15:44:47] [INFO ]   Saved: T2010.104.mig.1500_labeled.png
[15:44:47] [INFO ]   Split: train
[15:44:47] [INFO ]   Added 0 annotations to train.json
[15:44:47] [INFO ]   train.json: 155 images, 51 annotations
[15:44:47] [INFO ]   val.json:   38 images,  16 annotations
[15:44:47] [INFO ]   Step 4 complete
[15:44:47] [INFO ] 
[15:44:47] [INFO ]   DONE  T2010.104.mig.1500  →  train  |  0 faults  |  0 boxes
[15:44:47] [INFO ] 
[15:44:47] [INFO ] ──────────────────────────────────────────────────
[15:44:47] [INFO ]   LINE: T2010.105.mig.1500
[15:44:47] [INFO ] ──────────────────────────────────────────────────
[15:44:47] [INFO ] Dataset  : namss.T-21-10-AT.mcs.airgun
[15:44:47] [INFO ] SGY      : ../../airgun_data/namss.T-21-10-AT.mcs.airgun/Data/T2010.105.mig.1500.sgy
[15:44:47] [INFO ] NAV      : ../../airgun_data/namss.T-21-10-AT.mcs.airgun/Navigation/T-21-10-AT_NAV-WGS84.csv
[15:44:47] [INFO ] SA mode  : averaged 5x 
[15:44:47] [INFO ] 
[15:44:47] [INFO ] STEP 1 — Feature extraction
[15:44:47] [INFO ]   Loading navigation...
[15:44:47] [INFO ]   Loading SEG-Y...
[15:44:47] [INFO ]   Traces: 4292  Samples: 4441  dt: 1.000 ms
[15:44:47] [INFO ]   Depth:  0.0 m → 3330.0 m
[15:44:47] [INFO ]   Matching traces to navigation...
[15:44:48] [INFO ]   Matched 4292 / 4292 traces
[15:44:48] [INFO ]   Bandpass filtering...
[15:44:48] [INFO ]   Computing seismic attributes...
[15:44:49] [INFO ]   Picking seafloor...
[15:44:50] [INFO ]   Seafloor depth: 2169–2395 m  (0 shallow traces masked)
[15:44:50] [INFO ]   Picking horizons...
[15:44:50] [INFO ]   Computing NCC coherence (slow)...
[15:44:50] [INFO ]   Saving CNN section image...
[15:44:52] [INFO ]   Saved: T2010.105.mig.1500_section_cnn.png  (2700x1500px)
[15:44:52] [INFO ]   Step 1 complete
[15:44:52] [INFO ] 
[15:44:52] [INFO ] STEP 2 — Fault detection
[15:44:52] [INFO ]   Mode: averaged SA (5 runs per seed)
[15:44:55] [INFO ]   Averaging SA over 5 runs per seed (8 seeds)
[15:44:56] [INFO ]     Seed 1/8 trace 3512: avg_prob=0.703 [PASS]
[15:44:57] [INFO ]     Seed 2/8 trace 2244: avg_prob=0.715 [PASS]
[15:44:59] [INFO ]     Seed 3/8 trace 2583: avg_prob=0.706 [PASS]
[15:45:00] [INFO ]     Seed 4/8 trace 1935: avg_prob=0.699 [PASS]
[15:45:01] [INFO ]     Seed 5/8 trace 2962: avg_prob=0.669 [PASS]
[15:45:02] [INFO ]     Seed 6/8 trace 3889: avg_prob=0.662 [PASS]
[15:45:04] [INFO ]     Seed 7/8 trace 45: avg_prob=0.668 [PASS]
[15:45:05] [INFO ]     Seed 8/8 trace 3254: avg_prob=0.636 [PASS]
[15:45:05] [INFO ]   Detected 0 high-confidence faults
[15:45:05] [INFO ]   Step 2 complete
[15:45:05] [INFO ] 
[15:45:05] [INFO ] STEP 3 — Bounding boxes
[15:45:05] [INFO ]   Generated 0 boxes
[15:45:05] [INFO ]   Step 3 complete
[15:45:05] [INFO ] 
[15:45:05] [INFO ] STEP 4 — Dataset building
[15:45:05] [INFO ]   Saving labeled review image...
[15:45:05] [INFO ]   Saved: T2010.105.mig.1500_labeled.png
[15:45:05] [INFO ]   Split: train
[15:45:05] [INFO ]   Added 0 annotations to train.json
[15:45:05] [INFO ]   train.json: 156 images, 51 annotations
[15:45:05] [INFO ]   val.json:   38 images,  16 annotations
[15:45:05] [INFO ]   Step 4 complete
[15:45:05] [INFO ] 
[15:45:05] [INFO ]   DONE  T2010.105.mig.1500  →  train  |  0 faults  |  0 boxes
[15:45:05] [INFO ] 
[15:45:05] [INFO ] ──────────────────────────────────────────────────
[15:45:05] [INFO ]   LINE: T2010.106.mig.1500
[15:45:05] [INFO ] ──────────────────────────────────────────────────
[15:45:05] [INFO ] Dataset  : namss.T-21-10-AT.mcs.airgun
[15:45:05] [INFO ] SGY      : ../../airgun_data/namss.T-21-10-AT.mcs.airgun/Data/T2010.106.mig.1500.sgy
[15:45:05] [INFO ] NAV      : ../../airgun_data/namss.T-21-10-AT.mcs.airgun/Navigation/T-21-10-AT_NAV-WGS84.csv
[15:45:05] [INFO ] SA mode  : averaged 5x 
[15:45:05] [INFO ] 
[15:45:05] [INFO ] STEP 1 — Feature extraction
[15:45:05] [INFO ]   Loading navigation...
[15:45:05] [INFO ]   Loading SEG-Y...
[15:45:06] [INFO ]   Traces: 16503  Samples: 4441  dt: 1.000 ms
[15:45:06] [INFO ]   Depth:  0.0 m → 3330.0 m
[15:45:06] [INFO ]   Matching traces to navigation...
[15:45:07] [INFO ]   Matched 16503 / 16503 traces
[15:45:07] [INFO ]   Bandpass filtering...
[15:45:08] [INFO ]   Computing seismic attributes...
[15:45:13] [INFO ]   Picking seafloor...
[15:45:14] [INFO ]   Seafloor depth: 1566–2173 m  (0 shallow traces masked)
[15:45:14] [INFO ]   Picking horizons...
[15:45:15] [INFO ]   Computing NCC coherence (slow)...
[15:45:17] [INFO ]   Saving CNN section image...
[15:45:23] [INFO ]   Saved: T2010.106.mig.1500_section_cnn.png  (2700x1500px)
[15:45:23] [INFO ]   Step 1 complete
[15:45:23] [INFO ] 
[15:45:23] [INFO ] STEP 2 — Fault detection
[15:45:23] [INFO ]   Mode: averaged SA (5 runs per seed)
[15:45:39] [INFO ]   Averaging SA over 5 runs per seed (27 seeds)
[15:45:40] [INFO ]     Seed 1/27 trace 4924: avg_prob=0.668 [PASS]
[15:45:41] [INFO ]     Seed 2/27 trace 9471: avg_prob=0.698 [PASS]
[15:45:42] [INFO ]     Seed 3/27 trace 3944: avg_prob=0.684 [PASS]
[15:45:44] [INFO ]     Seed 4/27 trace 421: avg_prob=0.658 [PASS]
[15:45:45] [INFO ]     Seed 5/27 trace 6393: avg_prob=0.649 [PASS]
[15:45:46] [INFO ]     Seed 6/27 trace 4163: avg_prob=0.652 [PASS]
[15:45:47] [INFO ]     Seed 7/27 trace 4606: avg_prob=0.622 [PASS]
[15:45:48] [INFO ]     Seed 8/27 trace 3264: avg_prob=0.618 [PASS]
[15:45:50] [INFO ]     Seed 9/27 trace 6110: avg_prob=0.623 [PASS]
[15:45:51] [INFO ]     Seed 10/27 trace 3601: avg_prob=0.636 [PASS]
[15:45:52] [INFO ]     Seed 11/27 trace 1559: avg_prob=0.634 [PASS]
[15:45:53] [INFO ]     Seed 12/27 trace 4375: avg_prob=0.640 [PASS]
[15:45:54] [INFO ]     Seed 13/27 trace 1920: avg_prob=0.628 [PASS]
[15:45:56] [INFO ]     Seed 14/27 trace 2246: avg_prob=0.631 [PASS]
[15:45:57] [INFO ]     Seed 15/27 trace 732: avg_prob=0.602 [PASS]
[15:45:58] [INFO ]     Seed 16/27 trace 5410: avg_prob=0.622 [PASS]
[15:45:59] [INFO ]     Seed 17/27 trace 16273: avg_prob=0.604 [PASS]
[15:46:00] [INFO ]     Seed 18/27 trace 1359: avg_prob=0.608 [PASS]
[15:46:01] [INFO ]     Seed 19/27 trace 9266: avg_prob=0.582 [PASS]
[15:46:03] [INFO ]     Seed 20/27 trace 212: avg_prob=0.637 [PASS]
[15:46:04] [INFO ]     Seed 21/27 trace 10527: avg_prob=0.578 [PASS]
[15:46:05] [INFO ]     Seed 22/27 trace 7651: avg_prob=0.588 [PASS]
[15:46:06] [INFO ]     Seed 23/27 trace 1074: avg_prob=0.587 [PASS]
[15:46:08] [INFO ]     Seed 24/27 trace 5638: avg_prob=0.577 [PASS]
[15:46:09] [INFO ]     Seed 25/27 trace 10: avg_prob=0.538 [PASS]
[15:46:10] [INFO ]     Seed 26/27 trace 6616: avg_prob=0.578 [PASS]
[15:46:12] [INFO ]     Seed 27/27 trace 2703: avg_prob=0.567 [PASS]
[15:46:12] [INFO ]   Detected 0 high-confidence faults
[15:46:12] [INFO ]   Step 2 complete
[15:46:12] [INFO ] 
[15:46:12] [INFO ] STEP 3 — Bounding boxes
[15:46:12] [INFO ]   Generated 0 boxes
[15:46:12] [INFO ]   Step 3 complete
[15:46:12] [INFO ] 
[15:46:12] [INFO ] STEP 4 — Dataset building
[15:46:12] [INFO ]   Saving labeled review image...
[15:46:12] [INFO ]   Saved: T2010.106.mig.1500_labeled.png
[15:46:12] [INFO ]   Split: train
[15:46:12] [INFO ]   Added 0 annotations to train.json
[15:46:12] [INFO ]   train.json: 157 images, 51 annotations
[15:46:12] [INFO ]   val.json:   38 images,  16 annotations
[15:46:12] [INFO ]   Step 4 complete
[15:46:12] [INFO ] 
[15:46:12] [INFO ]   DONE  T2010.106.mig.1500  →  train  |  0 faults  |  0 boxes
[15:46:12] [INFO ] 
[15:46:12] [INFO ] ──────────────────────────────────────────────────
[15:46:12] [INFO ]   LINE: T2010.107.mig.1500
[15:46:12] [INFO ] ──────────────────────────────────────────────────
[15:46:12] [INFO ] Dataset  : namss.T-21-10-AT.mcs.airgun
[15:46:12] [INFO ] SGY      : ../../airgun_data/namss.T-21-10-AT.mcs.airgun/Data/T2010.107.mig.1500.sgy
[15:46:12] [INFO ] NAV      : ../../airgun_data/namss.T-21-10-AT.mcs.airgun/Navigation/T-21-10-AT_NAV-WGS84.csv
[15:46:12] [INFO ] SA mode  : averaged 5x 
[15:46:12] [INFO ] 
[15:46:12] [INFO ] STEP 1 — Feature extraction
[15:46:12] [INFO ]   Loading navigation...
[15:46:12] [INFO ]   Loading SEG-Y...
[15:46:13] [INFO ]   Traces: 16428  Samples: 4441  dt: 1.000 ms
[15:46:13] [INFO ]   Depth:  0.0 m → 3330.0 m
[15:46:13] [INFO ]   Matching traces to navigation...
[15:46:14] [INFO ]   Matched 16428 / 16428 traces
[15:46:14] [INFO ]   Bandpass filtering...
[15:46:16] [INFO ]   Computing seismic attributes...
[15:46:23] [INFO ]   Picking seafloor...
[15:46:24] [INFO ]   Seafloor depth: 1560–2044 m  (0 shallow traces masked)
[15:46:24] [INFO ]   Picking horizons...
[15:46:25] [INFO ]   Computing NCC coherence (slow)...
[15:46:27] [INFO ]   Saving CNN section image...
[15:46:33] [INFO ]   Saved: T2010.107.mig.1500_section_cnn.png  (2700x1500px)
[15:46:33] [INFO ]   Step 1 complete
[15:46:33] [INFO ] 
[15:46:33] [INFO ] STEP 2 — Fault detection
[15:46:33] [INFO ]   Mode: averaged SA (5 runs per seed)
[15:46:49] [INFO ]   Averaging SA over 5 runs per seed (18 seeds)
[15:46:50] [INFO ]     Seed 1/18 trace 14798: avg_prob=0.754 [PASS]
[15:46:51] [INFO ]     Seed 2/18 trace 8665: avg_prob=0.765 [PASS]
[15:46:53] [INFO ]     Seed 3/18 trace 13250: avg_prob=0.762 [PASS]
[15:46:54] [INFO ]     Seed 4/18 trace 14201: avg_prob=0.731 [PASS]
[15:46:55] [INFO ]     Seed 5/18 trace 7022: avg_prob=0.645 [PASS]
[15:46:56] [INFO ]     Seed 6/18 trace 3342: avg_prob=0.641 [PASS]
[15:46:58] [INFO ]     Seed 7/18 trace 13862: avg_prob=0.698 [PASS]
[15:46:59] [INFO ]     Seed 8/18 trace 8870: avg_prob=0.703 [PASS]
[15:47:00] [INFO ]     Seed 9/18 trace 8459: avg_prob=0.669 [PASS]
[15:47:01] [INFO ]     Seed 10/18 trace 3567: avg_prob=0.709 [PASS]
[15:47:03] [INFO ]     Seed 11/18 trace 2636: avg_prob=0.715 [PASS]
[15:47:04] [INFO ]     Seed 12/18 trace 2868: avg_prob=0.681 [PASS]
[15:47:05] [INFO ]     Seed 13/18 trace 8075: avg_prob=0.665 [PASS]
[15:47:06] [INFO ]     Seed 14/18 trace 13019: avg_prob=0.655 [PASS]
[15:47:08] [INFO ]     Seed 15/18 trace 16411: avg_prob=0.657 [PASS]
[15:47:09] [INFO ]     Seed 16/18 trace 2403: avg_prob=0.631 [PASS]
[15:47:10] [INFO ]     Seed 17/18 trace 6703: avg_prob=0.617 [PASS]
[15:47:11] [INFO ]     Seed 18/18 trace 3129: avg_prob=0.647 [PASS]
[15:47:11] [INFO ]   Detected 3 high-confidence faults
[15:47:11] [INFO ]     Fault  1 | trace ~ 8659 | prob=0.765
[15:47:11] [INFO ]     Fault  2 | trace ~13256 | prob=0.762
[15:47:11] [INFO ]     Fault  3 | trace ~14798 | prob=0.754
[15:47:11] [INFO ]   Step 2 complete
[15:47:11] [INFO ] 
[15:47:11] [INFO ] STEP 3 — Bounding boxes
[15:47:11] [INFO ]   Box  1 | [1381, 810, 85w, 100h px]
[15:47:11] [INFO ]   Box  2 | [2135, 763, 88w, 100h px]
[15:47:11] [INFO ]   Box  3 | [2388, 728, 89w, 100h px]
[15:47:11] [INFO ]   Generated 3 boxes
[15:47:11] [INFO ]   Step 3 complete
[15:47:11] [INFO ] 
[15:47:11] [INFO ] STEP 4 — Dataset building
[15:47:11] [INFO ]   Saving labeled review image...
[15:47:12] [INFO ]   Saved: T2010.107.mig.1500_labeled.png
[15:47:12] [INFO ]   Split: train
[15:47:12] [INFO ]   Added 3 annotations to train.json
[15:47:12] [INFO ]   train.json: 158 images, 54 annotations
[15:47:12] [INFO ]   val.json:   38 images,  16 annotations
[15:47:12] [INFO ]   Step 4 complete
[15:47:12] [INFO ] 
[15:47:12] [INFO ]   DONE  T2010.107.mig.1500  →  train  |  3 faults  |  3 boxes
[15:47:12] [INFO ] 
[15:47:12] [INFO ] ──────────────────────────────────────────────────
[15:47:12] [INFO ]   LINE: T2010.108.mig.1500
[15:47:12] [INFO ] ──────────────────────────────────────────────────
[15:47:12] [INFO ] Dataset  : namss.T-21-10-AT.mcs.airgun
[15:47:12] [INFO ] SGY      : ../../airgun_data/namss.T-21-10-AT.mcs.airgun/Data/T2010.108.mig.1500.sgy
[15:47:12] [INFO ] NAV      : ../../airgun_data/namss.T-21-10-AT.mcs.airgun/Navigation/T-21-10-AT_NAV-WGS84.csv
[15:47:12] [INFO ] SA mode  : averaged 5x 
[15:47:12] [INFO ] 
[15:47:12] [INFO ] STEP 1 — Feature extraction
[15:47:12] [INFO ]   Loading navigation...
[15:47:12] [INFO ]   Loading SEG-Y...
[15:47:13] [INFO ]   Traces: 18283  Samples: 4441  dt: 1.000 ms
[15:47:13] [INFO ]   Depth:  0.0 m → 3330.0 m
[15:47:13] [INFO ]   Matching traces to navigation...
[15:47:14] [INFO ]   Matched 18283 / 18283 traces
[15:47:14] [INFO ]   Bandpass filtering...
[15:47:16] [INFO ]   Computing seismic attributes...
[15:47:23] [INFO ]   Picking seafloor...
[15:47:24] [INFO ]   Seafloor depth: 1187–1872 m  (0 shallow traces masked)
[15:47:24] [INFO ]   Picking horizons...
[15:47:26] [INFO ]   Computing NCC coherence (slow)...
[15:47:29] [INFO ]   Saving CNN section image...
[15:47:36] [INFO ]   Saved: T2010.108.mig.1500_section_cnn.png  (2700x1500px)
[15:47:36] [INFO ]   Step 1 complete
[15:47:36] [INFO ] 
[15:47:36] [INFO ] STEP 2 — Fault detection
[15:47:36] [INFO ]   Mode: averaged SA (5 runs per seed)
[15:47:55] [INFO ]   Averaging SA over 5 runs per seed (19 seeds)
[15:47:56] [INFO ]     Seed 1/19 trace 14242: avg_prob=0.805 [PASS]
[15:47:58] [INFO ]     Seed 2/19 trace 7820: avg_prob=0.761 [PASS]
[15:47:59] [INFO ]     Seed 3/19 trace 1446: avg_prob=0.715 [PASS]
[15:48:00] [INFO ]     Seed 4/19 trace 8245: avg_prob=0.672 [PASS]
[15:48:01] [INFO ]     Seed 5/19 trace 3008: avg_prob=0.704 [PASS]
[15:48:03] [INFO ]     Seed 6/19 trace 1965: avg_prob=0.675 [PASS]
[15:48:04] [INFO ]     Seed 7/19 trace 13451: avg_prob=0.677 [PASS]
[15:48:05] [INFO ]     Seed 8/19 trace 9562: avg_prob=0.650 [PASS]
[15:48:06] [INFO ]     Seed 9/19 trace 13221: avg_prob=0.643 [PASS]
[15:48:07] [INFO ]     Seed 10/19 trace 3399: avg_prob=0.670 [PASS]
[15:48:09] [INFO ]     Seed 11/19 trace 7601: avg_prob=0.658 [PASS]
[15:48:10] [INFO ]     Seed 12/19 trace 9932: avg_prob=0.647 [PASS]
[15:48:11] [INFO ]     Seed 13/19 trace 8496: avg_prob=0.652 [PASS]
[15:48:13] [INFO ]     Seed 14/19 trace 2616: avg_prob=0.594 [PASS]
[15:48:14] [INFO ]     Seed 15/19 trace 1229: avg_prob=0.631 [PASS]
[15:48:15] [INFO ]     Seed 16/19 trace 2191: avg_prob=0.625 [PASS]
[15:48:16] [INFO ]     Seed 17/19 trace 13925: avg_prob=0.643 [PASS]
[15:48:18] [INFO ]     Seed 18/19 trace 8025: avg_prob=0.656 [PASS]
[15:48:19] [INFO ]     Seed 19/19 trace 7301: avg_prob=0.611 [PASS]
[15:48:19] [INFO ]   Detected 2 high-confidence faults
[15:48:19] [INFO ]     Fault  1 | trace ~ 7825 | prob=0.761
[15:48:19] [INFO ]     Fault  2 | trace ~14240 | prob=0.805
[15:48:19] [INFO ]   Step 2 complete
[15:48:19] [INFO ] 
[15:48:19] [INFO ] STEP 3 — Bounding boxes
[15:48:19] [INFO ]   Box  1 | [1114, 756, 85w, 100h px]
[15:48:19] [INFO ]   Box  2 | [2059, 689, 88w, 100h px]
[15:48:19] [INFO ]   Generated 2 boxes
[15:48:19] [INFO ]   Step 3 complete
[15:48:19] [INFO ] 
[15:48:19] [INFO ] STEP 4 — Dataset building
[15:48:19] [INFO ]   Saving labeled review image...
[15:48:19] [INFO ]   Saved: T2010.108.mig.1500_labeled.png
[15:48:19] [INFO ]   Split: val
[15:48:19] [INFO ]   Added 2 annotations to val.json
[15:48:19] [INFO ]   train.json: 158 images, 54 annotations
[15:48:19] [INFO ]   val.json:   39 images,  18 annotations
[15:48:19] [INFO ]   Step 4 complete
[15:48:19] [INFO ] 
[15:48:19] [INFO ]   DONE  T2010.108.mig.1500  →  val  |  2 faults  |  2 boxes
[15:48:20] [INFO ] 
[15:48:20] [INFO ] ──────────────────────────────────────────────────
[15:48:20] [INFO ]   LINE: T2010.109.mig.1500
[15:48:20] [INFO ] ──────────────────────────────────────────────────
[15:48:20] [INFO ] Dataset  : namss.T-21-10-AT.mcs.airgun
[15:48:20] [INFO ] SGY      : ../../airgun_data/namss.T-21-10-AT.mcs.airgun/Data/T2010.109.mig.1500.sgy
[15:48:20] [INFO ] NAV      : ../../airgun_data/namss.T-21-10-AT.mcs.airgun/Navigation/T-21-10-AT_NAV-WGS84.csv
[15:48:20] [INFO ] SA mode  : averaged 5x 
[15:48:20] [INFO ] 
[15:48:20] [INFO ] STEP 1 — Feature extraction
[15:48:20] [INFO ]   Loading navigation...
[15:48:20] [INFO ]   Loading SEG-Y...
[15:48:21] [INFO ]   Traces: 20764  Samples: 4441  dt: 1.000 ms
[15:48:21] [INFO ]   Depth:  0.0 m → 3330.0 m
[15:48:21] [INFO ]   Matching traces to navigation...
[15:48:23] [INFO ]   Matched 20764 / 20764 traces
[15:48:24] [INFO ]   Bandpass filtering...
[15:48:27] [INFO ]   Computing seismic attributes...
[15:48:36] [INFO ]   Picking seafloor...
[15:48:38] [INFO ]   Seafloor depth: 1227–2043 m  (0 shallow traces masked)
[15:48:38] [INFO ]   Picking horizons...
[15:48:39] [INFO ]   Computing NCC coherence (slow)...
[15:48:43] [INFO ]   Saving CNN section image...
[15:48:51] [INFO ]   Saved: T2010.109.mig.1500_section_cnn.png  (2700x1500px)
[15:48:51] [INFO ]   Step 1 complete
[15:48:51] [INFO ] 
[15:48:51] [INFO ] STEP 2 — Fault detection
[15:48:51] [INFO ]   Mode: averaged SA (5 runs per seed)
[15:49:12] [INFO ]   Averaging SA over 5 runs per seed (39 seeds)
[15:49:13] [INFO ]     Seed 1/39 trace 6910: avg_prob=0.722 [PASS]
[15:49:14] [INFO ]     Seed 2/39 trace 13761: avg_prob=0.706 [PASS]
[15:49:16] [INFO ]     Seed 3/39 trace 17228: avg_prob=0.675 [PASS]
[15:49:17] [INFO ]     Seed 4/39 trace 20495: avg_prob=0.658 [PASS]
[15:49:18] [INFO ]     Seed 5/39 trace 19809: avg_prob=0.668 [PASS]
[15:49:19] [INFO ]     Seed 6/39 trace 15702: avg_prob=0.606 [PASS]
[15:49:21] [INFO ]     Seed 7/39 trace 282: avg_prob=0.597 [PASS]
[15:49:22] [INFO ]     Seed 8/39 trace 5247: avg_prob=0.633 [PASS]
[15:49:23] [INFO ]     Seed 9/39 trace 20721: avg_prob=0.614 [PASS]
[15:49:24] [INFO ]     Seed 10/39 trace 6388: avg_prob=0.632 [PASS]
[15:49:26] [INFO ]     Seed 11/39 trace 16760: avg_prob=0.648 [PASS]
[15:49:27] [INFO ]     Seed 12/39 trace 4427: avg_prob=0.619 [PASS]
[15:49:28] [INFO ]     Seed 13/39 trace 19365: avg_prob=0.629 [PASS]
[15:49:30] [INFO ]     Seed 14/39 trace 18592: avg_prob=0.605 [PASS]
[15:49:31] [INFO ]     Seed 15/39 trace 13967: avg_prob=0.592 [PASS]
[15:49:32] [INFO ]     Seed 16/39 trace 10220: avg_prob=0.608 [PASS]
[15:49:33] [INFO ]     Seed 17/39 trace 20048: avg_prob=0.605 [PASS]
[15:49:35] [INFO ]     Seed 18/39 trace 14408: avg_prob=0.615 [PASS]
[15:49:36] [INFO ]     Seed 19/39 trace 19599: avg_prob=0.607 [PASS]
[15:49:37] [INFO ]     Seed 20/39 trace 13248: avg_prob=0.595 [PASS]
[15:49:39] [INFO ]     Seed 21/39 trace 17610: avg_prob=0.613 [PASS]
[15:49:40] [INFO ]     Seed 22/39 trace 8606: avg_prob=0.515 [PASS]
[15:49:41] [INFO ]     Seed 23/39 trace 6044: avg_prob=0.597 [PASS]
[15:49:42] [INFO ]     Seed 24/39 trace 14758: avg_prob=0.580 [PASS]
[15:49:44] [INFO ]     Seed 25/39 trace 11825: avg_prob=0.586 [PASS]
[15:49:45] [INFO ]     Seed 26/39 trace 18947: avg_prob=0.602 [PASS]
[15:49:46] [INFO ]     Seed 27/39 trace 17817: avg_prob=0.580 [PASS]
[15:49:47] [INFO ]     Seed 28/39 trace 12603: avg_prob=0.583 [PASS]
[15:49:49] [INFO ]     Seed 29/39 trace 16034: avg_prob=0.590 [PASS]
[15:49:50] [INFO ]     Seed 30/39 trace 4975: avg_prob=0.543 [PASS]
[15:49:51] [INFO ]     Seed 31/39 trace 9477: avg_prob=0.564 [PASS]
[15:49:53] [INFO ]     Seed 32/39 trace 15234: avg_prob=0.545 [PASS]
[15:49:54] [INFO ]     Seed 33/39 trace 12855: avg_prob=0.575 [PASS]
[15:49:55] [INFO ]     Seed 34/39 trace 18271: avg_prob=0.570 [PASS]
[15:49:56] [INFO ]     Seed 35/39 trace 2424: avg_prob=0.585 [PASS]
[15:49:58] [INFO ]     Seed 36/39 trace 6696: avg_prob=0.536 [PASS]
[15:49:59] [INFO ]     Seed 37/39 trace 20267: avg_prob=0.562 [PASS]
[15:50:00] [INFO ]     Seed 38/39 trace 9759: avg_prob=0.554 [PASS]
[15:50:01] [INFO ]     Seed 39/39 trace 16481: avg_prob=0.553 [PASS]
[15:50:01] [INFO ]   Detected 0 high-confidence faults
[15:50:01] [INFO ]   Step 2 complete
[15:50:01] [INFO ] 
[15:50:01] [INFO ] STEP 3 — Bounding boxes
[15:50:01] [INFO ]   Generated 0 boxes
[15:50:01] [INFO ]   Step 3 complete
[15:50:01] [INFO ] 
[15:50:01] [INFO ] STEP 4 — Dataset building
[15:50:01] [INFO ]   Saving labeled review image...
[15:50:02] [INFO ]   Saved: T2010.109.mig.1500_labeled.png
[15:50:02] [INFO ]   Split: train
[15:50:02] [INFO ]   Added 0 annotations to train.json
[15:50:02] [INFO ]   train.json: 159 images, 54 annotations
[15:50:02] [INFO ]   val.json:   39 images,  18 annotations
[15:50:02] [INFO ]   Step 4 complete
[15:50:02] [INFO ] 
[15:50:02] [INFO ]   DONE  T2010.109.mig.1500  →  train  |  0 faults  |  0 boxes
[15:50:03] [INFO ] 
[15:50:03] [INFO ] ──────────────────────────────────────────────────
[15:50:03] [INFO ]   LINE: T2010.110.mig.1500
[15:50:03] [INFO ] ──────────────────────────────────────────────────
[15:50:03] [INFO ] Dataset  : namss.T-21-10-AT.mcs.airgun
[15:50:03] [INFO ] SGY      : ../../airgun_data/namss.T-21-10-AT.mcs.airgun/Data/T2010.110.mig.1500.sgy
[15:50:03] [INFO ] NAV      : ../../airgun_data/namss.T-21-10-AT.mcs.airgun/Navigation/T-21-10-AT_NAV-WGS84.csv
[15:50:03] [INFO ] SA mode  : averaged 5x 
[15:50:03] [INFO ] 
[15:50:03] [INFO ] STEP 1 — Feature extraction
[15:50:03] [INFO ]   Loading navigation...
[15:50:03] [INFO ]   Loading SEG-Y...
[15:50:04] [INFO ]   Traces: 20175  Samples: 4441  dt: 1.000 ms
[15:50:04] [INFO ]   Depth:  0.0 m → 3330.0 m
[15:50:04] [INFO ]   Matching traces to navigation...
[15:50:06] [INFO ]   Matched 20175 / 20175 traces
[15:50:06] [INFO ]   Bandpass filtering...
[15:50:08] [INFO ]   Computing seismic attributes...
[15:50:18] [INFO ]   Picking seafloor...
[15:50:20] [INFO ]   Seafloor depth: 657–953 m  (0 shallow traces masked)
[15:50:20] [INFO ]   Picking horizons...
[15:50:21] [INFO ]   Computing NCC coherence (slow)...
[15:50:25] [INFO ]   Saving CNN section image...
[15:50:32] [INFO ]   Saved: T2010.110.mig.1500_section_cnn.png  (2700x1500px)
[15:50:32] [INFO ]   Step 1 complete
[15:50:32] [INFO ] 
[15:50:32] [INFO ] STEP 2 — Fault detection
[15:50:32] [INFO ]   Mode: averaged SA (5 runs per seed)
[15:50:55] [INFO ]   Averaging SA over 5 runs per seed (29 seeds)
[15:50:56] [INFO ]     Seed 1/29 trace 17491: avg_prob=0.736 [PASS]
[15:50:57] [INFO ]     Seed 2/29 trace 16229: avg_prob=0.723 [PASS]
[15:50:58] [INFO ]     Seed 3/29 trace 5697: avg_prob=0.684 [PASS]
[15:51:00] [INFO ]     Seed 4/29 trace 19044: avg_prob=0.655 [PASS]
[15:51:01] [INFO ]     Seed 5/29 trace 3784: avg_prob=0.662 [PASS]
[15:51:02] [INFO ]     Seed 6/29 trace 1627: avg_prob=0.668 [PASS]
[15:51:03] [INFO ]     Seed 7/29 trace 2005: avg_prob=0.674 [PASS]
[15:51:04] [INFO ]     Seed 8/29 trace 11273: avg_prob=0.573 [PASS]
[15:51:06] [INFO ]     Seed 9/29 trace 15248: avg_prob=0.604 [PASS]
[15:51:07] [INFO ]     Seed 10/29 trace 17207: avg_prob=0.631 [PASS]
[15:51:08] [INFO ]     Seed 11/29 trace 4902: avg_prob=0.585 [PASS]
[15:51:09] [INFO ]     Seed 12/29 trace 6642: avg_prob=0.586 [PASS]
[15:51:10] [INFO ]     Seed 13/29 trace 7172: avg_prob=0.586 [PASS]
[15:51:12] [INFO ]     Seed 14/29 trace 6024: avg_prob=0.597 [PASS]
[15:51:13] [INFO ]     Seed 15/29 trace 1386: avg_prob=0.627 [PASS]
[15:51:14] [INFO ]     Seed 16/29 trace 16434: avg_prob=0.606 [PASS]
[15:51:15] [INFO ]     Seed 17/29 trace 16021: avg_prob=0.605 [PASS]
[15:51:17] [INFO ]     Seed 18/29 trace 13227: avg_prob=0.618 [PASS]
[15:51:18] [INFO ]     Seed 19/29 trace 10055: avg_prob=0.603 [PASS]
[15:51:19] [INFO ]     Seed 20/29 trace 14972: avg_prob=0.616 [PASS]
[15:51:20] [INFO ]     Seed 21/29 trace 13782: avg_prob=0.554 [PASS]
[15:51:22] [INFO ]     Seed 22/29 trace 12437: avg_prob=0.569 [PASS]
[15:51:23] [INFO ]     Seed 23/29 trace 9773: avg_prob=0.583 [PASS]
[15:51:24] [INFO ]     Seed 24/29 trace 15511: avg_prob=0.541 [PASS]
[15:51:25] [INFO ]     Seed 25/29 trace 9528: avg_prob=0.572 [PASS]
[15:51:26] [INFO ]     Seed 26/29 trace 14341: avg_prob=0.547 [PASS]
[15:51:27] [INFO ]     Seed 27/29 trace 5163: avg_prob=0.594 [PASS]
[15:51:29] [INFO ]     Seed 28/29 trace 13466: avg_prob=0.558 [PASS]
[15:51:30] [INFO ]     Seed 29/29 trace 15747: avg_prob=0.598 [PASS]
[15:51:30] [INFO ]   Detected 0 high-confidence faults
[15:51:30] [INFO ]   Step 2 complete
[15:51:30] [INFO ] 
[15:51:30] [INFO ] STEP 3 — Bounding boxes
[15:51:30] [INFO ]   Generated 0 boxes
[15:51:30] [INFO ]   Step 3 complete
[15:51:30] [INFO ] 
[15:51:30] [INFO ] STEP 4 — Dataset building
[15:51:30] [INFO ]   Saving labeled review image...
[15:51:30] [INFO ]   Saved: T2010.110.mig.1500_labeled.png
[15:51:30] [INFO ]   Split: train
[15:51:30] [INFO ]   Added 0 annotations to train.json
[15:51:30] [INFO ]   train.json: 160 images, 54 annotations
[15:51:30] [INFO ]   val.json:   39 images,  18 annotations
[15:51:30] [INFO ]   Step 4 complete
[15:51:30] [INFO ] 
[15:51:30] [INFO ]   DONE  T2010.110.mig.1500  →  train  |  0 faults  |  0 boxes
[15:51:32] [INFO ] 
[15:51:32] [INFO ] ──────────────────────────────────────────────────
[15:51:32] [INFO ]   LINE: T2010.1100.mig.1500
[15:51:32] [INFO ] ──────────────────────────────────────────────────
[15:51:32] [INFO ] Dataset  : namss.T-21-10-AT.mcs.airgun
[15:51:32] [INFO ] SGY      : ../../airgun_data/namss.T-21-10-AT.mcs.airgun/Data/T2010.1100.mig.1500.sgy
[15:51:32] [INFO ] NAV      : ../../airgun_data/namss.T-21-10-AT.mcs.airgun/Navigation/T-21-10-AT_NAV-WGS84.csv
[15:51:32] [INFO ] SA mode  : averaged 5x 
[15:51:32] [INFO ] 
[15:51:32] [INFO ] STEP 1 — Feature extraction
[15:51:32] [INFO ]   Loading navigation...
[15:51:32] [INFO ]   Loading SEG-Y...
[15:51:32] [INFO ]   Traces: 1949  Samples: 5441  dt: 1.000 ms
[15:51:32] [INFO ]   Depth:  0.0 m → 4080.0 m
[15:51:32] [INFO ]   Matching traces to navigation...
[15:51:32] [INFO ]   Matched 1949 / 1949 traces
[15:51:32] [INFO ]   Bandpass filtering...
[15:51:32] [INFO ]   Computing seismic attributes...
[15:51:33] [INFO ]   Picking seafloor...
[15:51:33] [INFO ]   Seafloor depth: 725–998 m  (0 shallow traces masked)
[15:51:33] [INFO ]   Picking horizons...
[15:51:33] [INFO ]   Computing NCC coherence (slow)...
[15:51:34] [INFO ]   Saving CNN section image...
[15:51:35] [INFO ]   Saved: T2010.1100.mig.1500_section_cnn.png  (2700x1500px)
[15:51:35] [INFO ]   Step 1 complete
[15:51:35] [INFO ] 
[15:51:35] [INFO ] STEP 2 — Fault detection
[15:51:35] [INFO ]   Mode: averaged SA (5 runs per seed)
[15:51:37] [INFO ]   Averaging SA over 5 runs per seed (6 seeds)
[15:51:38] [INFO ]     Seed 1/6 trace 1292: avg_prob=0.612 [PASS]
[15:51:39] [INFO ]     Seed 2/6 trace 1905: avg_prob=0.587 [PASS]
[15:51:41] [INFO ]     Seed 3/6 trace 1644: avg_prob=0.585 [PASS]
[15:51:42] [INFO ]     Seed 4/6 trace 168: avg_prob=0.583 [PASS]
[15:51:43] [INFO ]     Seed 5/6 trace 376: avg_prob=0.580 [PASS]
[15:51:45] [INFO ]     Seed 6/6 trace 835: avg_prob=0.592 [PASS]
[15:51:45] [INFO ]   Detected 0 high-confidence faults
[15:51:45] [INFO ]   Step 2 complete
[15:51:45] [INFO ] 
[15:51:45] [INFO ] STEP 3 — Bounding boxes
[15:51:45] [INFO ]   Generated 0 boxes
[15:51:45] [INFO ]   Step 3 complete
[15:51:45] [INFO ] 
[15:51:45] [INFO ] STEP 4 — Dataset building
[15:51:45] [INFO ]   Saving labeled review image...
[15:51:45] [INFO ]   Saved: T2010.1100.mig.1500_labeled.png
[15:51:45] [INFO ]   Split: train
[15:51:45] [INFO ]   Added 0 annotations to train.json
[15:51:45] [INFO ]   train.json: 161 images, 54 annotations
[15:51:45] [INFO ]   val.json:   39 images,  18 annotations
[15:51:45] [INFO ]   Step 4 complete
[15:51:45] [INFO ] 
[15:51:45] [INFO ]   DONE  T2010.1100.mig.1500  →  train  |  0 faults  |  0 boxes
[15:51:45] [INFO ] 
[15:51:45] [INFO ] ──────────────────────────────────────────────────
[15:51:45] [INFO ]   LINE: T2010.1101.mig.1500
[15:51:45] [INFO ] ──────────────────────────────────────────────────
[15:51:45] [INFO ] Dataset  : namss.T-21-10-AT.mcs.airgun
[15:51:45] [INFO ] SGY      : ../../airgun_data/namss.T-21-10-AT.mcs.airgun/Data/T2010.1101.mig.1500.sgy
[15:51:45] [INFO ] NAV      : ../../airgun_data/namss.T-21-10-AT.mcs.airgun/Navigation/T-21-10-AT_NAV-WGS84.csv
[15:51:45] [INFO ] SA mode  : averaged 5x 
[15:51:45] [INFO ] 
[15:51:45] [INFO ] STEP 1 — Feature extraction
[15:51:45] [INFO ]   Loading navigation...
[15:51:45] [INFO ]   Loading SEG-Y...
[15:51:46] [INFO ]   Traces: 13676  Samples: 5441  dt: 1.000 ms
[15:51:46] [INFO ]   Depth:  0.0 m → 4080.0 m
[15:51:46] [INFO ]   Matching traces to navigation...
[15:51:47] [INFO ]   Matched 13676 / 13676 traces
[15:51:47] [INFO ]   Bandpass filtering...
[15:51:48] [INFO ]   Computing seismic attributes...
[15:51:59] [INFO ]   Picking seafloor...
[15:52:00] [INFO ]   Seafloor depth: 180–2232 m  (3355 shallow traces masked)
[15:52:00] [INFO ]   Picking horizons...
[15:52:01] [INFO ]   Computing NCC coherence (slow)...
[15:52:03] [INFO ]   Saving CNN section image...
[15:52:08] [INFO ]   Saved: T2010.1101.mig.1500_section_cnn.png  (2700x1500px)
[15:52:08] [INFO ]   Step 1 complete
[15:52:08] [INFO ] 
[15:52:08] [INFO ] STEP 2 — Fault detection
[15:52:08] [INFO ]   Mode: averaged SA (5 runs per seed)
[15:52:24] [INFO ]   Averaging SA over 5 runs per seed (18 seeds)
[15:52:25] [INFO ]     Seed 1/18 trace 7295: avg_prob=0.729 [PASS]
[15:52:27] [INFO ]     Seed 2/18 trace 6995: avg_prob=0.694 [PASS]
[15:52:28] [INFO ]     Seed 3/18 trace 7564: avg_prob=0.712 [PASS]
[15:52:29] [INFO ]     Seed 4/18 trace 8001: avg_prob=0.675 [PASS]
[15:52:30] [INFO ]     Seed 5/18 trace 7780: avg_prob=0.686 [PASS]
[15:52:32] [INFO ]     Seed 6/18 trace 241: avg_prob=0.643 [PASS]
[15:52:33] [INFO ]     Seed 7/18 trace 8358: avg_prob=0.610 [PASS]
[15:52:34] [INFO ]     Seed 8/18 trace 8689: avg_prob=0.610 [PASS]
[15:52:35] [INFO ]     Seed 9/18 trace 8931: avg_prob=0.626 [PASS]
[15:52:36] [INFO ]     Seed 10/18 trace 9134: avg_prob=0.614 [PASS]
[15:52:38] [INFO ]     Seed 11/18 trace 3247: avg_prob=0.622 [PASS]
[15:52:41] [INFO ]     Seed 12/18 trace 13479: avg_prob=0.621 [PASS]
[15:52:42] [INFO ]     Seed 13/18 trace 2658: avg_prob=0.613 [PASS]
[15:52:44] [INFO ]     Seed 14/18 trace 1897: avg_prob=0.624 [PASS]
[15:52:45] [INFO ]     Seed 15/18 trace 6778: avg_prob=0.599 [PASS]
[15:52:46] [INFO ]     Seed 16/18 trace 1285: avg_prob=0.598 [PASS]
[15:52:47] [INFO ]     Seed 17/18 trace 1693: avg_prob=0.583 [PASS]
[15:52:49] [INFO ]     Seed 18/18 trace 9635: avg_prob=0.608 [PASS]
[15:52:49] [INFO ]   Detected 0 high-confidence faults
[15:52:49] [INFO ]   Step 2 complete
[15:52:49] [INFO ] 
[15:52:49] [INFO ] STEP 3 — Bounding boxes
[15:52:49] [INFO ]   Generated 0 boxes
[15:52:49] [INFO ]   Step 3 complete
[15:52:49] [INFO ] 
[15:52:49] [INFO ] STEP 4 — Dataset building
[15:52:49] [INFO ]   Saving labeled review image...
[15:52:49] [INFO ]   Saved: T2010.1101.mig.1500_labeled.png
[15:52:49] [INFO ]   Split: train
[15:52:49] [INFO ]   Added 0 annotations to train.json
[15:52:49] [INFO ]   train.json: 162 images, 54 annotations
[15:52:49] [INFO ]   val.json:   39 images,  18 annotations
[15:52:49] [INFO ]   Step 4 complete
[15:52:49] [INFO ] 
[15:52:49] [INFO ]   DONE  T2010.1101.mig.1500  →  train  |  0 faults  |  0 boxes
[15:52:50] [INFO ] 
[15:52:50] [INFO ] ──────────────────────────────────────────────────
[15:52:50] [INFO ]   LINE: T2010.1103.mig.1500
[15:52:50] [INFO ] ──────────────────────────────────────────────────
[15:52:50] [INFO ] Dataset  : namss.T-21-10-AT.mcs.airgun
[15:52:50] [INFO ] SGY      : ../../airgun_data/namss.T-21-10-AT.mcs.airgun/Data/T2010.1103.mig.1500.sgy
[15:52:50] [INFO ] NAV      : ../../airgun_data/namss.T-21-10-AT.mcs.airgun/Navigation/T-21-10-AT_NAV-WGS84.csv
[15:52:50] [INFO ] SA mode  : averaged 5x 
[15:52:50] [INFO ] 
[15:52:50] [INFO ] STEP 1 — Feature extraction
[15:52:50] [INFO ]   Loading navigation...
[15:52:50] [INFO ]   Loading SEG-Y...
[15:52:50] [INFO ]   Traces: 7078  Samples: 5441  dt: 1.000 ms
[15:52:50] [INFO ]   Depth:  0.0 m → 4080.0 m
[15:52:50] [INFO ]   Matching traces to navigation...
[15:52:51] [INFO ]   Matched 7078 / 7078 traces
[15:52:51] [INFO ]   Bandpass filtering...
[15:52:51] [INFO ]   Computing seismic attributes...
[15:52:54] [INFO ]   Picking seafloor...
[15:52:55] [INFO ]   Seafloor depth: 279–1231 m  (3427 shallow traces masked)
[15:52:55] [INFO ]   Picking horizons...
[15:52:55] [INFO ]   Computing NCC coherence (slow)...
[15:52:57] [INFO ]   Saving CNN section image...
[15:52:59] [INFO ]   Saved: T2010.1103.mig.1500_section_cnn.png  (2700x1500px)
[15:52:59] [INFO ]   Step 1 complete
[15:52:59] [INFO ] 
[15:52:59] [INFO ] STEP 2 — Fault detection
[15:52:59] [INFO ]   Mode: averaged SA (5 runs per seed)
[15:53:07] [INFO ]   Averaging SA over 5 runs per seed (9 seeds)
[15:53:09] [INFO ]     Seed 1/9 trace 398: avg_prob=0.740 [PASS]
[15:53:10] [INFO ]     Seed 2/9 trace 176: avg_prob=0.756 [PASS]
[15:53:11] [INFO ]     Seed 3/9 trace 1186: avg_prob=0.651 [PASS]
[15:53:12] [INFO ]     Seed 4/9 trace 733: avg_prob=0.662 [PASS]
[16:05:36] [INFO ]     Seed 5/9 trace 3130: avg_prob=0.629 [PASS]
[16:05:37] [INFO ]     Seed 6/9 trace 3735: avg_prob=0.629 [PASS]
[16:05:39] [INFO ]     Seed 7/9 trace 1592: avg_prob=0.672 [PASS]
[16:05:40] [INFO ]     Seed 8/9 trace 2061: avg_prob=0.642 [PASS]
[16:05:41] [INFO ]     Seed 9/9 trace 933: avg_prob=0.690 [PASS]
[16:05:41] [INFO ]   Detected 1 high-confidence faults
[16:05:41] [INFO ]     Fault  1 | trace ~  179 | prob=0.756
[16:05:41] [INFO ]   Step 2 complete
[16:05:41] [INFO ] 
[16:05:41] [INFO ] STEP 3 — Bounding boxes
[16:05:41] [INFO ]   Box  1 | [24, 421, 91w, 100h px]
[16:05:41] [INFO ]   Generated 1 boxes
[16:05:41] [INFO ]   Step 3 complete
[16:05:41] [INFO ] 
[16:05:41] [INFO ] STEP 4 — Dataset building
[16:05:41] [INFO ]   Saving labeled review image...
[16:05:41] [INFO ]   Saved: T2010.1103.mig.1500_labeled.png
[16:05:41] [INFO ]   Split: val
[16:05:41] [INFO ]   Added 1 annotations to val.json
[16:05:41] [INFO ]   train.json: 162 images, 54 annotations
[16:05:41] [INFO ]   val.json:   40 images,  19 annotations
[16:05:41] [INFO ]   Step 4 complete
[16:05:41] [INFO ] 
[16:05:41] [INFO ]   DONE  T2010.1103.mig.1500  →  val  |  1 faults  |  1 boxes
[16:05:41] [INFO ] 
[16:05:41] [INFO ] ──────────────────────────────────────────────────
[16:05:41] [INFO ]   LINE: T2010.1104.mig.1500
[16:05:41] [INFO ] ──────────────────────────────────────────────────
[16:05:41] [INFO ] Dataset  : namss.T-21-10-AT.mcs.airgun
[16:05:41] [INFO ] SGY      : ../../airgun_data/namss.T-21-10-AT.mcs.airgun/Data/T2010.1104.mig.1500.sgy
[16:05:41] [INFO ] NAV      : ../../airgun_data/namss.T-21-10-AT.mcs.airgun/Navigation/T-21-10-AT_NAV-WGS84.csv
[16:05:41] [INFO ] SA mode  : averaged 5x 
[16:05:41] [INFO ] 
[16:05:41] [INFO ] STEP 1 — Feature extraction
[16:05:41] [INFO ]   Loading navigation...
[16:05:41] [INFO ]   Loading SEG-Y...
[16:05:42] [INFO ]   Traces: 10591  Samples: 4441  dt: 1.000 ms
[16:05:42] [INFO ]   Depth:  0.0 m → 3330.0 m
[16:05:42] [INFO ]   Matching traces to navigation...
[16:05:43] [INFO ]   Matched 10591 / 10591 traces
[16:05:43] [INFO ]   Bandpass filtering...
[16:05:43] [INFO ]   Computing seismic attributes...
[16:05:47] [INFO ]   Picking seafloor...
[16:05:48] [INFO ]   Seafloor depth: 862–2392 m  (0 shallow traces masked)
[16:05:48] [INFO ]   Picking horizons...
[16:05:48] [INFO ]   Computing NCC coherence (slow)...
[16:05:50] [INFO ]   Saving CNN section image...
[16:05:52] [INFO ]   Saved: T2010.1104.mig.1500_section_cnn.png  (2700x1500px)
[16:05:52] [INFO ]   Step 1 complete
[16:05:52] [INFO ] 
[16:05:52] [INFO ] STEP 2 — Fault detection
[16:05:52] [INFO ]   Mode: averaged SA (5 runs per seed)
[16:06:00] [INFO ]   Averaging SA over 5 runs per seed (9 seeds)
[16:06:01] [INFO ]     Seed 1/9 trace 1553: avg_prob=0.744 [PASS]
[16:06:02] [INFO ]     Seed 2/9 trace 2427: avg_prob=0.772 [PASS]
[16:06:03] [INFO ]     Seed 3/9 trace 1867: avg_prob=0.770 [PASS]
[16:06:04] [INFO ]     Seed 4/9 trace 2204: avg_prob=0.779 [PASS]
[16:06:06] [INFO ]     Seed 5/9 trace 856: avg_prob=0.657 [PASS]
[16:06:07] [INFO ]     Seed 6/9 trace 1268: avg_prob=0.705 [PASS]
[16:06:08] [INFO ]     Seed 7/9 trace 1060: avg_prob=0.694 [PASS]
[16:06:09] [INFO ]     Seed 8/9 trace 2641: avg_prob=0.667 [PASS]
[16:06:11] [INFO ]     Seed 9/9 trace 8780: avg_prob=0.633 [PASS]
[16:06:11] [INFO ]   Detected 3 high-confidence faults
[16:06:11] [INFO ]     Fault  1 | trace ~ 1870 | prob=0.770
[16:06:11] [INFO ]     Fault  2 | trace ~ 2195 | prob=0.779
[16:06:11] [INFO ]     Fault  3 | trace ~ 2430 | prob=0.772
[16:06:11] [INFO ]   Step 2 complete
[16:06:11] [INFO ] 
[16:06:11] [INFO ] STEP 3 — Bounding boxes
[16:06:11] [INFO ]   Box  1 | [429, 567, 92w, 100h px]
[16:06:11] [INFO ]   Box  2 | [516, 628, 89w, 100h px]
[16:06:11] [INFO ]   Box  3 | [570, 664, 100w, 100h px]
[16:06:11] [INFO ]   Generated 3 boxes
[16:06:11] [INFO ]   Step 3 complete
[16:06:11] [INFO ] 
[16:06:11] [INFO ] STEP 4 — Dataset building
[16:06:11] [INFO ]   Saving labeled review image...
[16:06:11] [INFO ]   Saved: T2010.1104.mig.1500_labeled.png
[16:06:11] [INFO ]   Split: train
[16:06:11] [INFO ]   Added 3 annotations to train.json
[16:06:11] [INFO ]   train.json: 163 images, 57 annotations
[16:06:11] [INFO ]   val.json:   40 images,  19 annotations
[16:06:11] [INFO ]   Step 4 complete
[16:06:11] [INFO ] 
[16:06:11] [INFO ]   DONE  T2010.1104.mig.1500  →  train  |  3 faults  |  3 boxes
[16:06:11] [INFO ] 
[16:06:11] [INFO ] ──────────────────────────────────────────────────
[16:06:11] [INFO ]   LINE: T2010.111.mig.1500
[16:06:11] [INFO ] ──────────────────────────────────────────────────
[16:06:11] [INFO ] Dataset  : namss.T-21-10-AT.mcs.airgun
[16:06:11] [INFO ] SGY      : ../../airgun_data/namss.T-21-10-AT.mcs.airgun/Data/T2010.111.mig.1500.sgy
[16:06:11] [INFO ] NAV      : ../../airgun_data/namss.T-21-10-AT.mcs.airgun/Navigation/T-21-10-AT_NAV-WGS84.csv
[16:06:11] [INFO ] SA mode  : averaged 5x 
[16:06:11] [INFO ] 
[16:06:11] [INFO ] STEP 1 — Feature extraction
[16:06:11] [INFO ]   Loading navigation...
[16:06:11] [INFO ]   Loading SEG-Y...
[16:06:11] [INFO ]   Traces: 5706  Samples: 4441  dt: 1.000 ms
[16:06:11] [INFO ]   Depth:  0.0 m → 3330.0 m
[16:06:11] [INFO ]   Matching traces to navigation...
[16:06:11] [INFO ]   Matched 5706 / 5706 traces
[16:06:11] [INFO ]   Bandpass filtering...
[16:06:12] [INFO ]   Computing seismic attributes...
[16:06:13] [INFO ]   Picking seafloor...
[16:06:14] [INFO ]   Seafloor depth: 656–715 m  (0 shallow traces masked)
[16:06:14] [INFO ]   Picking horizons...
[16:06:14] [INFO ]   Computing NCC coherence (slow)...
[16:06:15] [INFO ]   Saving CNN section image...
[16:06:17] [INFO ]   Saved: T2010.111.mig.1500_section_cnn.png  (2700x1500px)
[16:06:17] [INFO ]   Step 1 complete
[16:06:17] [INFO ] 
[16:06:17] [INFO ] STEP 2 — Fault detection
[16:06:17] [INFO ]   Mode: averaged SA (5 runs per seed)
[16:06:21] [INFO ]   Averaging SA over 5 runs per seed (13 seeds)
[16:06:22] [INFO ]     Seed 1/13 trace 3641: avg_prob=0.589 [PASS]
[16:06:23] [INFO ]     Seed 2/13 trace 2817: avg_prob=0.556 [PASS]
[16:06:24] [INFO ]     Seed 3/13 trace 4399: avg_prob=0.588 [PASS]
[16:06:26] [INFO ]     Seed 4/13 trace 4729: avg_prob=0.545 [PASS]
[16:06:27] [INFO ]     Seed 5/13 trace 1911: avg_prob=0.540 [PASS]
[16:06:28] [INFO ]     Seed 6/13 trace 2510: avg_prob=0.571 [PASS]
[16:06:29] [INFO ]     Seed 7/13 trace 1680: avg_prob=0.566 [PASS]
[16:06:30] [INFO ]     Seed 8/13 trace 5270: avg_prob=0.536 [PASS]
[16:06:31] [INFO ]     Seed 9/13 trace 1151: avg_prob=0.532 [PASS]
[16:06:33] [INFO ]     Seed 10/13 trace 590: avg_prob=0.527 [PASS]
[16:06:34] [INFO ]     Seed 11/13 trace 4160: avg_prob=0.549 [PASS]
[16:06:35] [INFO ]     Seed 12/13 trace 130: avg_prob=0.536 [PASS]
[16:06:36] [INFO ]     Seed 13/13 trace 3292: avg_prob=0.531 [PASS]
[16:06:36] [INFO ]   Detected 0 high-confidence faults
[16:06:36] [INFO ]   Step 2 complete
[16:06:36] [INFO ] 
[16:06:36] [INFO ] STEP 3 — Bounding boxes
[16:06:36] [INFO ]   Generated 0 boxes
[16:06:36] [INFO ]   Step 3 complete
[16:06:36] [INFO ] 
[16:06:36] [INFO ] STEP 4 — Dataset building
[16:06:36] [INFO ]   Saving labeled review image...
[16:06:37] [INFO ]   Saved: T2010.111.mig.1500_labeled.png
[16:06:37] [INFO ]   Split: train
[16:06:37] [INFO ]   Added 0 annotations to train.json
[16:06:37] [INFO ]   train.json: 164 images, 57 annotations
[16:06:37] [INFO ]   val.json:   40 images,  19 annotations
[16:06:37] [INFO ]   Step 4 complete
[16:06:37] [INFO ] 
[16:06:37] [INFO ]   DONE  T2010.111.mig.1500  →  train  |  0 faults  |  0 boxes
[16:06:37] [INFO ] 
[16:06:37] [INFO ] ──────────────────────────────────────────────────
[16:06:37] [INFO ]   LINE: T2010.112.mig.1500
[16:06:37] [INFO ] ──────────────────────────────────────────────────
[16:06:37] [INFO ] Dataset  : namss.T-21-10-AT.mcs.airgun
[16:06:37] [INFO ] SGY      : ../../airgun_data/namss.T-21-10-AT.mcs.airgun/Data/T2010.112.mig.1500.sgy
[16:06:37] [INFO ] NAV      : ../../airgun_data/namss.T-21-10-AT.mcs.airgun/Navigation/T-21-10-AT_NAV-WGS84.csv
[16:06:37] [INFO ] SA mode  : averaged 5x 
[16:06:37] [INFO ] 
[16:06:37] [INFO ] STEP 1 — Feature extraction
[16:06:37] [INFO ]   Loading navigation...
[16:06:37] [INFO ]   Loading SEG-Y...
[16:06:38] [INFO ]   Traces: 28321  Samples: 4441  dt: 1.000 ms
[16:06:38] [INFO ]   Depth:  0.0 m → 3330.0 m
[16:06:38] [INFO ]   Matching traces to navigation...
[16:06:40] [INFO ]   Matched 28317 / 28321 traces
[16:06:40] [INFO ]   Bandpass filtering...
[16:07:42] [INFO ]   Computing seismic attributes...
[16:23:35] [INFO ]   Picking seafloor...
[16:23:56] [INFO ]   Seafloor depth: 604–1730 m  (0 shallow traces masked)
[16:23:56] [INFO ]   Picking horizons...
[16:23:58] [INFO ]   Computing NCC coherence (slow)...
[16:24:02] [INFO ]   Saving CNN section image...
[16:25:40] [INFO ]   Saved: T2010.112.mig.1500_section_cnn.png  (2700x1500px)
[16:25:40] [INFO ]   Step 1 complete
[16:25:40] [INFO ] 
[16:25:40] [INFO ] STEP 2 — Fault detection
[16:25:40] [INFO ]   Mode: averaged SA (5 runs per seed)
[16:27:40] [INFO ]   Averaging SA over 5 runs per seed (33 seeds)
[16:27:42] [INFO ]     Seed 1/33 trace 21624: avg_prob=0.783 [PASS]
[16:27:43] [INFO ]     Seed 2/33 trace 9129: avg_prob=0.796 [PASS]
[16:27:44] [INFO ]     Seed 3/33 trace 2108: avg_prob=0.783 [PASS]
[16:27:45] [INFO ]     Seed 4/33 trace 15726: avg_prob=0.758 [PASS]
[16:27:46] [INFO ]     Seed 5/33 trace 3570: avg_prob=0.709 [PASS]
[16:34:16] [INFO ]     Seed 6/33 trace 14851: avg_prob=0.725 [PASS]
[16:34:17] [INFO ]     Seed 7/33 trace 14032: avg_prob=0.748 [PASS]
[16:34:18] [INFO ]     Seed 8/33 trace 9808: avg_prob=0.670 [PASS]
[16:34:20] [INFO ]     Seed 9/33 trace 19267: avg_prob=0.739 [PASS]
[16:34:21] [INFO ]     Seed 10/33 trace 8063: avg_prob=0.685 [PASS]
[16:34:22] [INFO ]     Seed 11/33 trace 10695: avg_prob=0.740 [PASS]
[16:34:23] [INFO ]     Seed 12/33 trace 21101: avg_prob=0.686 [PASS]
[16:34:24] [INFO ]     Seed 13/33 trace 20152: avg_prob=0.663 [PASS]
[16:34:25] [INFO ]     Seed 14/33 trace 21840: avg_prob=0.699 [PASS]
[16:34:26] [INFO ]     Seed 15/33 trace 19480: avg_prob=0.715 [PASS]
[16:34:42] [INFO ]     Seed 16/33 trace 10436: avg_prob=0.696 [PASS]
[16:34:43] [INFO ]     Seed 17/33 trace 10161: avg_prob=0.740 [PASS]
[16:34:44] [INFO ]     Seed 18/33 trace 3188: avg_prob=0.671 [PASS]
[16:34:45] [INFO ]     Seed 19/33 trace 2825: avg_prob=0.689 [PASS]
[16:34:47] [INFO ]     Seed 20/33 trace 15336: avg_prob=0.679 [PASS]
[16:34:48] [INFO ]     Seed 21/33 trace 9354: avg_prob=0.694 [PASS]
[16:34:49] [INFO ]     Seed 22/33 trace 4356: avg_prob=0.690 [PASS]
[16:34:52] [INFO ]     Seed 23/33 trace 1610: avg_prob=0.630 [PASS]
[16:34:54] [INFO ]     Seed 24/33 trace 20471: avg_prob=0.618 [PASS]
[16:34:55] [INFO ]     Seed 25/33 trace 3798: avg_prob=0.650 [PASS]
[16:34:56] [INFO ]     Seed 26/33 trace 21364: avg_prob=0.648 [PASS]
[16:34:57] [INFO ]     Seed 27/33 trace 20760: avg_prob=0.651 [PASS]
[16:34:58] [INFO ]     Seed 28/33 trace 7672: avg_prob=0.623 [PASS]
[16:34:59] [INFO ]     Seed 29/33 trace 19735: avg_prob=0.643 [PASS]
[16:35:04] [INFO ]     Seed 30/33 trace 14640: avg_prob=0.593 [PASS]
[16:35:05] [INFO ]     Seed 31/33 trace 19950: avg_prob=0.642 [PASS]
[16:35:06] [INFO ]     Seed 32/33 trace 15982: avg_prob=0.599 [PASS]
[16:35:07] [INFO ]     Seed 33/33 trace 2361: avg_prob=0.654 [PASS]
[16:35:07] [INFO ]   Detected 4 high-confidence faults
[16:35:07] [INFO ]     Fault  1 | trace ~ 2109 | prob=0.783
[16:35:07] [INFO ]     Fault  2 | trace ~ 9122 | prob=0.796
[16:35:07] [INFO ]     Fault  3 | trace ~15723 | prob=0.758
[16:35:07] [INFO ]     Fault  4 | trace ~21609 | prob=0.783
[16:35:07] [INFO ]   Step 2 complete
[16:35:07] [INFO ] 
[16:35:07] [INFO ] STEP 3 — Bounding boxes
[16:35:07] [INFO ]   Box  1 | [159, 412, 84w, 100h px]
[16:35:07] [INFO ]   Box  2 | [828, 457, 84w, 100h px]
[16:35:07] [INFO ]   Box  3 | [1458, 377, 84w, 100h px]
[16:35:07] [INFO ]   Box  4 | [2019, 402, 84w, 100h px]
[16:35:07] [INFO ]   Generated 4 boxes
[16:35:07] [INFO ]   Step 3 complete
[16:35:07] [INFO ] 
[16:35:07] [INFO ] STEP 4 — Dataset building
[16:35:07] [INFO ]   Saving labeled review image...
[16:35:08] [INFO ]   Saved: T2010.112.mig.1500_labeled.png
[16:35:08] [INFO ]   Split: train
[16:35:08] [INFO ]   Added 4 annotations to train.json
[16:35:08] [INFO ]   train.json: 165 images, 61 annotations
[16:35:08] [INFO ]   val.json:   40 images,  19 annotations
[16:35:08] [INFO ]   Step 4 complete
[16:35:08] [INFO ] 
[16:35:08] [INFO ]   DONE  T2010.112.mig.1500  →  train  |  4 faults  |  4 boxes
[16:35:09] [INFO ] 
[16:35:09] [INFO ] ──────────────────────────────────────────────────
[16:35:09] [INFO ]   LINE: T2010.2100.mig.1500
[16:35:09] [INFO ] ──────────────────────────────────────────────────
[16:35:09] [INFO ] Dataset  : namss.T-21-10-AT.mcs.airgun
[16:35:09] [INFO ] SGY      : ../../airgun_data/namss.T-21-10-AT.mcs.airgun/Data/T2010.2100.mig.1500.sgy
[16:35:09] [INFO ] NAV      : ../../airgun_data/namss.T-21-10-AT.mcs.airgun/Navigation/T-21-10-AT_NAV-WGS84.csv
[16:35:09] [INFO ] SA mode  : averaged 5x 
[16:35:09] [INFO ] 
[16:35:09] [INFO ] STEP 1 — Feature extraction
[16:35:09] [INFO ]   Loading navigation...
[16:35:09] [INFO ]   Loading SEG-Y...
[16:35:10] [INFO ]   Traces: 6690  Samples: 5441  dt: 1.000 ms
[16:35:10] [INFO ]   Depth:  0.0 m → 4080.0 m
[16:35:10] [INFO ]   Matching traces to navigation...
[16:35:11] [INFO ]   Matched 6690 / 6690 traces
[16:35:11] [INFO ]   Bandpass filtering...
[16:35:26] [INFO ]   Computing seismic attributes...
[16:35:32] [INFO ]   Picking seafloor...
[16:35:33] [INFO ]   Seafloor depth: 1025–2032 m  (0 shallow traces masked)
[16:35:33] [INFO ]   Picking horizons...
[16:35:33] [INFO ]   Computing NCC coherence (slow)...
[16:35:59] [INFO ]   Saving CNN section image...
[16:36:05] [INFO ]   Saved: T2010.2100.mig.1500_section_cnn.png  (2700x1500px)
[16:36:05] [INFO ]   Step 1 complete
[16:36:05] [INFO ] 
[16:36:05] [INFO ] STEP 2 — Fault detection
[16:36:05] [INFO ]   Mode: averaged SA (5 runs per seed)
[16:36:11] [INFO ]   Averaging SA over 5 runs per seed (12 seeds)
[16:36:12] [INFO ]     Seed 1/12 trace 3427: avg_prob=0.718 [PASS]
[16:36:13] [INFO ]     Seed 2/12 trace 2733: avg_prob=0.738 [PASS]
[16:36:14] [INFO ]     Seed 3/12 trace 4462: avg_prob=0.702 [PASS]
[16:36:16] [INFO ]     Seed 4/12 trace 3142: avg_prob=0.704 [PASS]
[16:36:17] [INFO ]     Seed 5/12 trace 1417: avg_prob=0.652 [PASS]
[16:36:18] [INFO ]     Seed 6/12 trace 2106: avg_prob=0.657 [PASS]
[16:36:19] [INFO ]     Seed 7/12 trace 3913: avg_prob=0.653 [PASS]
[16:36:20] [INFO ]     Seed 8/12 trace 1132: avg_prob=0.666 [PASS]
[16:36:21] [INFO ]     Seed 9/12 trace 5039: avg_prob=0.641 [PASS]
[16:36:23] [INFO ]     Seed 10/12 trace 261: avg_prob=0.632 [PASS]
[16:36:24] [INFO ]     Seed 11/12 trace 1888: avg_prob=0.624 [PASS]
[16:36:25] [INFO ]     Seed 12/12 trace 899: avg_prob=0.622 [PASS]
[16:36:25] [INFO ]   Detected 0 high-confidence faults
[16:36:25] [INFO ]   Step 2 complete
[16:36:25] [INFO ] 
[16:36:25] [INFO ] STEP 3 — Bounding boxes
[16:36:25] [INFO ]   Generated 0 boxes
[16:36:25] [INFO ]   Step 3 complete
[16:36:25] [INFO ] 
[16:36:25] [INFO ] STEP 4 — Dataset building
[16:36:25] [INFO ]   Saving labeled review image...
[16:36:25] [INFO ]   Saved: T2010.2100.mig.1500_labeled.png
[16:36:25] [INFO ]   Split: train
[16:36:25] [INFO ]   Added 0 annotations to train.json
[16:36:25] [INFO ]   train.json: 166 images, 61 annotations
[16:36:25] [INFO ]   val.json:   40 images,  19 annotations
[16:36:25] [INFO ]   Step 4 complete
[16:36:25] [INFO ] 
[16:36:25] [INFO ]   DONE  T2010.2100.mig.1500  →  train  |  0 faults  |  0 boxes
[16:36:25] [INFO ] 
[16:36:25] [INFO ] ──────────────────────────────────────────────────
[16:36:25] [INFO ]   LINE: T2010.2102.mig.1500
[16:36:25] [INFO ] ──────────────────────────────────────────────────
[16:36:25] [INFO ] Dataset  : namss.T-21-10-AT.mcs.airgun
[16:36:25] [INFO ] SGY      : ../../airgun_data/namss.T-21-10-AT.mcs.airgun/Data/T2010.2102.mig.1500.sgy
[16:36:25] [INFO ] NAV      : ../../airgun_data/namss.T-21-10-AT.mcs.airgun/Navigation/T-21-10-AT_NAV-WGS84.csv
[16:36:25] [INFO ] SA mode  : averaged 5x 
[16:36:25] [INFO ] 
[16:36:25] [INFO ] STEP 1 — Feature extraction
[16:36:25] [INFO ]   Loading navigation...
[16:36:25] [INFO ]   Loading SEG-Y...
[16:36:26] [INFO ]   Traces: 22568  Samples: 5441  dt: 1.000 ms
[16:36:26] [INFO ]   Depth:  0.0 m → 4080.0 m
[16:36:26] [INFO ]   Matching traces to navigation...
[16:51:35] [INFO ]   Matched 22568 / 22568 traces
[16:51:35] [INFO ]   Bandpass filtering...
[16:51:36] [INFO ]   Computing seismic attributes...
[16:51:54] [INFO ]   Picking seafloor...
[16:52:01] [INFO ]   Seafloor depth: 598–2658 m  (7 shallow traces masked)
[16:52:01] [INFO ]   Picking horizons...
[16:52:02] [INFO ]   Computing NCC coherence (slow)...
[16:52:07] [INFO ]   Saving CNN section image...
[16:52:23] [INFO ]   Saved: T2010.2102.mig.1500_section_cnn.png  (2700x1500px)
[16:52:23] [INFO ]   Step 1 complete
[16:52:23] [INFO ] 
[16:52:23] [INFO ] STEP 2 — Fault detection
[16:52:23] [INFO ]   Mode: averaged SA (5 runs per seed)
[16:56:41] [INFO ]   Averaging SA over 5 runs per seed (41 seeds)
[16:56:44] [INFO ]     Seed 1/41 trace 3957: avg_prob=0.794 [PASS]
[16:56:45] [INFO ]     Seed 2/41 trace 3189: avg_prob=0.711 [PASS]
[16:56:46] [INFO ]     Seed 3/41 trace 3405: avg_prob=0.716 [PASS]
[16:56:48] [INFO ]     Seed 4/41 trace 3745: avg_prob=0.722 [PASS]
[16:56:49] [INFO ]     Seed 5/41 trace 2939: avg_prob=0.717 [PASS]
[16:56:50] [INFO ]     Seed 6/41 trace 5014: avg_prob=0.595 [PASS]
[16:56:51] [INFO ]     Seed 7/41 trace 4208: avg_prob=0.678 [PASS]
[16:56:52] [INFO ]     Seed 8/41 trace 15651: avg_prob=0.667 [PASS]
[16:56:54] [INFO ]     Seed 9/41 trace 20486: avg_prob=0.671 [PASS]
[16:56:55] [INFO ]     Seed 10/41 trace 10199: avg_prob=0.695 [PASS]
[16:56:56] [INFO ]     Seed 11/41 trace 18603: avg_prob=0.656 [PASS]
[16:56:57] [INFO ]     Seed 12/41 trace 20140: avg_prob=0.661 [PASS]
[16:56:58] [INFO ]     Seed 13/41 trace 19051: avg_prob=0.669 [PASS]
[16:56:59] [INFO ]     Seed 14/41 trace 18805: avg_prob=0.661 [PASS]
[16:57:01] [INFO ]     Seed 15/41 trace 2692: avg_prob=0.633 [PASS]
[16:57:02] [INFO ]     Seed 16/41 trace 18336: avg_prob=0.640 [PASS]
[16:57:03] [INFO ]     Seed 17/41 trace 17992: avg_prob=0.663 [PASS]
[16:57:04] [INFO ]     Seed 18/41 trace 19712: avg_prob=0.654 [PASS]
[16:57:40] [INFO ]     Seed 19/41 trace 8403: avg_prob=0.639 [PASS]
[16:57:41] [INFO ]     Seed 20/41 trace 9691: avg_prob=0.628 [PASS]
[16:57:42] [INFO ]     Seed 21/41 trace 16560: avg_prob=0.658 [PASS]
[16:57:43] [INFO ]     Seed 22/41 trace 19464: avg_prob=0.642 [PASS]
[16:57:44] [INFO ]     Seed 23/41 trace 2231: avg_prob=0.633 [PASS]
[16:57:46] [INFO ]     Seed 24/41 trace 21306: avg_prob=0.625 [PASS]
[16:57:47] [INFO ]     Seed 25/41 trace 11720: avg_prob=0.629 [PASS]
[16:57:53] [INFO ]     Seed 26/41 trace 2463: avg_prob=0.656 [PASS]
[16:57:54] [INFO ]     Seed 27/41 trace 8913: avg_prob=0.643 [PASS]
[16:57:56] [INFO ]     Seed 28/41 trace 14304: avg_prob=0.635 [PASS]
[16:57:57] [INFO ]     Seed 29/41 trace 12180: avg_prob=0.621 [PASS]
[16:57:58] [INFO ]     Seed 30/41 trace 8661: avg_prob=0.656 [PASS]
[16:57:59] [INFO ]     Seed 31/41 trace 16902: avg_prob=0.626 [PASS]
[17:05:07] [INFO ]     Seed 32/41 trace 17749: avg_prob=0.640 [PASS]
[17:05:08] [INFO ]     Seed 33/41 trace 17287: avg_prob=0.618 [PASS]
[17:05:10] [INFO ]     Seed 34/41 trace 20691: avg_prob=0.614 [PASS]
[17:05:11] [INFO ]     Seed 35/41 trace 21761: avg_prob=0.618 [PASS]
[17:05:12] [INFO ]     Seed 36/41 trace 14954: avg_prob=0.637 [PASS]
[17:05:13] [INFO ]     Seed 37/41 trace 5259: avg_prob=0.631 [PASS]
[17:05:14] [INFO ]     Seed 38/41 trace 11953: avg_prob=0.613 [PASS]
[17:05:15] [INFO ]     Seed 39/41 trace 12498: avg_prob=0.626 [PASS]
[17:05:16] [INFO ]     Seed 40/41 trace 13849: avg_prob=0.628 [PASS]
[17:05:17] [INFO ]     Seed 41/41 trace 16301: avg_prob=0.622 [PASS]
[17:05:17] [INFO ]   Detected 1 high-confidence faults
[17:05:17] [INFO ]     Fault  1 | trace ~ 3947 | prob=0.794
[17:05:17] [INFO ]   Step 2 complete
[17:05:17] [INFO ] 
[17:05:17] [INFO ] STEP 3 — Bounding boxes
[17:05:17] [INFO ]   Box  1 | [430, 506, 85w, 100h px]
[17:05:17] [INFO ]   Generated 1 boxes
[17:05:17] [INFO ]   Step 3 complete
[17:05:17] [INFO ] 
[17:05:17] [INFO ] STEP 4 — Dataset building
[17:05:17] [INFO ]   Saving labeled review image...
[17:05:18] [INFO ]   Saved: T2010.2102.mig.1500_labeled.png
[17:05:18] [INFO ]   Split: val
[17:05:18] [INFO ]   Added 1 annotations to val.json
[17:05:18] [INFO ]   train.json: 166 images, 61 annotations
[17:05:18] [INFO ]   val.json:   41 images,  20 annotations
[17:05:18] [INFO ]   Step 4 complete
[17:05:18] [INFO ] 
[17:05:18] [INFO ]   DONE  T2010.2102.mig.1500  →  val  |  1 faults  |  1 boxes
[17:05:19] [INFO ] 
[17:05:19] [INFO ] ──────────────────────────────────────────────────
[17:05:19] [INFO ]   LINE: T2010.3100.mig.1500
[17:05:19] [INFO ] ──────────────────────────────────────────────────
[17:05:19] [INFO ] Dataset  : namss.T-21-10-AT.mcs.airgun
[17:05:19] [INFO ] SGY      : ../../airgun_data/namss.T-21-10-AT.mcs.airgun/Data/T2010.3100.mig.1500.sgy
[17:05:19] [INFO ] NAV      : ../../airgun_data/namss.T-21-10-AT.mcs.airgun/Navigation/T-21-10-AT_NAV-WGS84.csv
[17:05:19] [INFO ] SA mode  : averaged 5x 
[17:05:19] [INFO ] 
[17:05:19] [INFO ] STEP 1 — Feature extraction
[17:05:19] [INFO ]   Loading navigation...
[17:05:19] [INFO ]   Loading SEG-Y...
[17:05:19] [INFO ]   Traces: 1228  Samples: 5441  dt: 1.000 ms
[17:05:19] [INFO ]   Depth:  0.0 m → 4080.0 m
[17:05:19] [INFO ]   Matching traces to navigation...
[17:05:19] [INFO ]   Matched 1228 / 1228 traces
[17:05:19] [INFO ]   Bandpass filtering...
[17:05:19] [INFO ]   Computing seismic attributes...
[17:05:20] [INFO ]   Picking seafloor...
[17:05:20] [INFO ]   Seafloor depth: 2013–2108 m  (0 shallow traces masked)
[17:05:20] [INFO ]   Picking horizons...
[17:05:20] [INFO ]   Computing NCC coherence (slow)...
[17:05:20] [INFO ]   Saving CNN section image...
[17:05:21] [INFO ]   Saved: T2010.3100.mig.1500_section_cnn.png  (2700x1500px)
[17:05:21] [INFO ]   Step 1 complete
[17:05:21] [INFO ] 
[17:05:21] [INFO ] STEP 2 — Fault detection
[17:05:21] [INFO ]   Mode: averaged SA (5 runs per seed)
[17:08:16] [INFO ]   Averaging SA over 5 runs per seed (2 seeds)
[17:08:18] [INFO ]     Seed 1/2 trace 889: avg_prob=0.729 [PASS]
[17:08:19] [INFO ]     Seed 2/2 trace 686: avg_prob=0.664 [PASS]
[17:08:19] [INFO ]   Detected 0 high-confidence faults
[17:08:19] [INFO ]   Step 2 complete
[17:08:19] [INFO ] 
[17:08:19] [INFO ] STEP 3 — Bounding boxes
[17:08:19] [INFO ]   Generated 0 boxes
[17:08:19] [INFO ]   Step 3 complete
[17:08:19] [INFO ] 
[17:08:19] [INFO ] STEP 4 — Dataset building
[17:08:19] [INFO ]   Saving labeled review image...
[17:08:19] [INFO ]   Saved: T2010.3100.mig.1500_labeled.png
[17:08:19] [INFO ]   Split: train
[17:08:19] [INFO ]   Added 0 annotations to train.json
[17:08:19] [INFO ]   train.json: 167 images, 61 annotations
[17:08:19] [INFO ]   val.json:   41 images,  20 annotations
[17:08:19] [INFO ]   Step 4 complete
[17:08:19] [INFO ] 
[17:08:19] [INFO ]   DONE  T2010.3100.mig.1500  →  train  |  0 faults  |  0 boxes
[17:08:19] [INFO ] 
[17:08:19] [INFO ] ──────────────────────────────────────────────────
[17:08:19] [INFO ]   LINE: T2010.4100.mig.1500
[17:08:19] [INFO ] ──────────────────────────────────────────────────
[17:08:19] [INFO ] Dataset  : namss.T-21-10-AT.mcs.airgun
[17:08:19] [INFO ] SGY      : ../../airgun_data/namss.T-21-10-AT.mcs.airgun/Data/T2010.4100.mig.1500.sgy
[17:08:19] [INFO ] NAV      : ../../airgun_data/namss.T-21-10-AT.mcs.airgun/Navigation/T-21-10-AT_NAV-WGS84.csv
[17:08:19] [INFO ] SA mode  : averaged 5x 
[17:08:19] [INFO ] 
[17:08:19] [INFO ] STEP 1 — Feature extraction
[17:08:19] [INFO ]   Loading navigation...
[17:08:19] [INFO ]   Loading SEG-Y...
[17:08:20] [INFO ]   Traces: 16973  Samples: 5441  dt: 1.000 ms
[17:08:20] [INFO ]   Depth:  0.0 m → 4080.0 m
[17:08:20] [INFO ]   Matching traces to navigation...
[17:08:21] [INFO ]   Matched 16973 / 16973 traces
[17:08:22] [INFO ]   Bandpass filtering...
[17:08:27] [INFO ]   Computing seismic attributes...
[17:08:53] [INFO ]   Picking seafloor...
[17:08:54] [INFO ]   Seafloor depth: 2154–2786 m  (0 shallow traces masked)
[17:08:54] [INFO ]   Picking horizons...
[17:13:48] [INFO ]   Computing NCC coherence (slow)...
[17:13:50] [INFO ]   Saving CNN section image...
[17:14:06] [INFO ]   Saved: T2010.4100.mig.1500_section_cnn.png  (2700x1500px)
[17:14:06] [INFO ]   Step 1 complete
[17:14:06] [INFO ] 
[17:14:06] [INFO ] STEP 2 — Fault detection
[17:14:06] [INFO ]   Mode: averaged SA (5 runs per seed)
[17:14:32] [INFO ]   Averaging SA over 5 runs per seed (30 seeds)
[17:14:33] [INFO ]     Seed 1/30 trace 309: avg_prob=0.697 [PASS]
[17:14:34] [INFO ]     Seed 2/30 trace 882: avg_prob=0.696 [PASS]
[17:14:35] [INFO ]     Seed 3/30 trace 12542: avg_prob=0.688 [PASS]
[17:14:37] [INFO ]     Seed 4/30 trace 1854: avg_prob=0.699 [PASS]
[17:14:38] [INFO ]     Seed 5/30 trace 622: avg_prob=0.699 [PASS]
[17:14:39] [INFO ]     Seed 6/30 trace 16104: avg_prob=0.664 [PASS]
[17:14:40] [INFO ]     Seed 7/30 trace 13278: avg_prob=0.646 [PASS]
[17:14:41] [INFO ]     Seed 8/30 trace 1107: avg_prob=0.672 [PASS]
[17:14:42] [INFO ]     Seed 9/30 trace 2629: avg_prob=0.671 [PASS]
[17:14:43] [INFO ]     Seed 10/30 trace 2949: avg_prob=0.655 [PASS]
[17:14:45] [INFO ]     Seed 11/30 trace 16532: avg_prob=0.641 [PASS]
[17:14:46] [INFO ]     Seed 12/30 trace 13: avg_prob=0.567 [PASS]
[17:14:47] [INFO ]     Seed 13/30 trace 2143: avg_prob=0.670 [PASS]
[17:14:48] [INFO ]     Seed 14/30 trace 13482: avg_prob=0.644 [PASS]
[17:14:57] [INFO ]     Seed 15/30 trace 11846: avg_prob=0.606 [PASS]
[17:14:58] [INFO ]     Seed 16/30 trace 13072: avg_prob=0.647 [PASS]
[17:14:59] [INFO ]     Seed 17/30 trace 11602: avg_prob=0.631 [PASS]
[17:15:00] [INFO ]     Seed 18/30 trace 3963: avg_prob=0.650 [PASS]
[17:15:02] [INFO ]     Seed 19/30 trace 11115: avg_prob=0.594 [PASS]
[17:15:03] [INFO ]     Seed 20/30 trace 15801: avg_prob=0.641 [PASS]
[17:15:04] [INFO ]     Seed 21/30 trace 14690: avg_prob=0.631 [PASS]
[17:15:05] [INFO ]     Seed 22/30 trace 15538: avg_prob=0.596 [PASS]
[17:15:06] [INFO ]     Seed 23/30 trace 10493: avg_prob=0.604 [PASS]
[17:15:07] [INFO ]     Seed 24/30 trace 3529: avg_prob=0.629 [PASS]
[17:15:09] [INFO ]     Seed 25/30 trace 16784: avg_prob=0.613 [PASS]
[17:15:10] [INFO ]     Seed 26/30 trace 15314: avg_prob=0.619 [PASS]
[17:15:15] [INFO ]     Seed 27/30 trace 1307: avg_prob=0.590 [PASS]
[17:15:16] [INFO ]     Seed 28/30 trace 12160: avg_prob=0.599 [PASS]
[17:15:17] [INFO ]     Seed 29/30 trace 4465: avg_prob=0.617 [PASS]
[17:15:18] [INFO ]     Seed 30/30 trace 14897: avg_prob=0.607 [PASS]
[17:15:18] [INFO ]   Detected 0 high-confidence faults
[17:15:18] [INFO ]   Step 2 complete
[17:15:18] [INFO ] 
[17:15:18] [INFO ] STEP 3 — Bounding boxes
[17:15:18] [INFO ]   Generated 0 boxes
[17:15:18] [INFO ]   Step 3 complete
[17:15:18] [INFO ] 
[17:15:18] [INFO ] STEP 4 — Dataset building
[17:15:18] [INFO ]   Saving labeled review image...
[17:15:19] [INFO ]   Saved: T2010.4100.mig.1500_labeled.png
[17:15:19] [INFO ]   Split: train
[17:15:19] [INFO ]   Added 0 annotations to train.json
[17:15:19] [INFO ]   train.json: 168 images, 61 annotations
[17:15:19] [INFO ]   val.json:   41 images,  20 annotations
[17:15:19] [INFO ]   Step 4 complete
[17:15:19] [INFO ] 
[17:15:19] [INFO ]   DONE  T2010.4100.mig.1500  →  train  |  0 faults  |  0 boxes
[17:15:19] [INFO ] 
[17:15:19] [INFO ] ──────────────────────────────────────────────────
[17:15:19] [INFO ]   LINE: 85-026_15189
[17:15:19] [INFO ] ──────────────────────────────────────────────────
[17:15:19] [INFO ] Dataset  : namss.W-3-69-BS.mcs.airgun
[17:15:19] [INFO ] SGY      : ../../airgun_data/namss.W-3-69-BS.mcs.airgun/Data/85-026_15189.sgy
[17:15:19] [INFO ] NAV      : ../../airgun_data/namss.W-3-69-BS.mcs.airgun/Navigation/w-3-69-bs_NAV-WGS84.csv
[17:15:19] [INFO ] SA mode  : averaged 5x 
[17:15:19] [INFO ] 
[17:15:19] [INFO ] STEP 1 — Feature extraction
[17:15:19] [INFO ]   Loading navigation...
[17:15:19] [INFO ]   Loading SEG-Y...
[17:15:19] [INFO ]   Traces: 3192  Samples: 1250  dt: 4.000 ms
[17:15:19] [INFO ]   Depth:  0.0 m → 3747.0 m
[17:15:19] [INFO ]   Matching traces to navigation...
[17:15:19] [WARN ]   NAV match failed for '85-026_15189'. Tried: ['85-026_15189', '85-026']. Available: ['G', 'G_1', 'H', 'H_1', 'I', 'J', 'J_1', 'K', 'K_1', 'L', 'M', 'O', 'O_1', 'O_2', 'P', 'P_1', 'Q', 'QEXT', 'QEXT_1', 'R', 'REXT', 'R_1', 'S', 'WA-002', 'WA-003', 'WA-003A', 'WA-011', 'WA-012', 'WA-020', 'WA-023', 'WA-024', 'WA-025']
[17:15:19] [ERROR] SKIPPING 85-026_15189 (namss.W-3-69-BS.mcs.airgun): No NAV line matched '85-026_15189'. Tried: ['85-026_15189', '85-026'].
[17:15:19] [ERROR]   Traceback (most recent call last):
[17:15:19] [ERROR]     File "/Users/lennylukach/Personal/School/CS4100/namss/pipeline/src/pipeline.py", line 848, in <module>
[17:15:19] [ERROR]       process_line(line, sgy_path, nav_path, dataset)
[17:15:19] [ERROR]     File "/Users/lennylukach/Personal/School/CS4100/namss/pipeline/src/pipeline.py", line 415, in process_line
[17:15:19] [ERROR]       line_nav = resolve_nav_line(line, nav, log_fn=log)
[17:15:19] [ERROR]     File "/Users/lennylukach/Personal/School/CS4100/namss/pipeline/src/pipeline.py", line 230, in resolve_nav_line
[17:15:19] [ERROR]       raise RuntimeError(
[17:15:19] [ERROR]   RuntimeError: No NAV line matched '85-026_15189'. Tried: ['85-026_15189', '85-026'].
[17:15:19] [INFO ] 
[17:15:19] [INFO ] ──────────────────────────────────────────────────
[17:15:19] [INFO ]   LINE: 85-027_25715
[17:15:19] [INFO ] ──────────────────────────────────────────────────
[17:15:19] [INFO ] Dataset  : namss.W-3-69-BS.mcs.airgun
[17:15:19] [INFO ] SGY      : ../../airgun_data/namss.W-3-69-BS.mcs.airgun/Data/85-027_25715.sgy
[17:15:19] [INFO ] NAV      : ../../airgun_data/namss.W-3-69-BS.mcs.airgun/Navigation/w-3-69-bs_NAV-WGS84.csv
[17:15:19] [INFO ] SA mode  : averaged 5x 
[17:15:19] [INFO ] 
[17:15:19] [INFO ] STEP 1 — Feature extraction
[17:15:19] [INFO ]   Loading navigation...
[17:15:19] [INFO ]   Loading SEG-Y...
[17:15:20] [INFO ]   Traces: 4898  Samples: 1250  dt: 4.000 ms
[17:15:20] [INFO ]   Depth:  0.0 m → 3747.0 m
[17:15:20] [INFO ]   Matching traces to navigation...
[17:15:20] [WARN ]   NAV match failed for '85-027_25715'. Tried: ['85-027_25715', '85-027']. Available: ['G', 'G_1', 'H', 'H_1', 'I', 'J', 'J_1', 'K', 'K_1', 'L', 'M', 'O', 'O_1', 'O_2', 'P', 'P_1', 'Q', 'QEXT', 'QEXT_1', 'R', 'REXT', 'R_1', 'S', 'WA-002', 'WA-003', 'WA-003A', 'WA-011', 'WA-012', 'WA-020', 'WA-023', 'WA-024', 'WA-025']
[17:15:20] [ERROR] SKIPPING 85-027_25715 (namss.W-3-69-BS.mcs.airgun): No NAV line matched '85-027_25715'. Tried: ['85-027_25715', '85-027'].
[17:15:20] [ERROR]   Traceback (most recent call last):
[17:15:20] [ERROR]     File "/Users/lennylukach/Personal/School/CS4100/namss/pipeline/src/pipeline.py", line 848, in <module>
[17:15:20] [ERROR]       process_line(line, sgy_path, nav_path, dataset)
[17:15:20] [ERROR]     File "/Users/lennylukach/Personal/School/CS4100/namss/pipeline/src/pipeline.py", line 415, in process_line
[17:15:20] [ERROR]       line_nav = resolve_nav_line(line, nav, log_fn=log)
[17:15:20] [ERROR]     File "/Users/lennylukach/Personal/School/CS4100/namss/pipeline/src/pipeline.py", line 230, in resolve_nav_line
[17:15:20] [ERROR]       raise RuntimeError(
[17:15:20] [ERROR]   RuntimeError: No NAV line matched '85-027_25715'. Tried: ['85-027_25715', '85-027'].
[17:15:20] [INFO ] 
[17:15:20] [INFO ] ──────────────────────────────────────────────────
[17:15:20] [INFO ]   LINE: G_17558
[17:15:20] [INFO ] ──────────────────────────────────────────────────
[17:15:20] [INFO ] Dataset  : namss.W-3-69-BS.mcs.airgun
[17:15:20] [INFO ] SGY      : ../../airgun_data/namss.W-3-69-BS.mcs.airgun/Data/G_17558.sgy
[17:15:20] [INFO ] NAV      : ../../airgun_data/namss.W-3-69-BS.mcs.airgun/Navigation/w-3-69-bs_NAV-WGS84.csv
[17:15:20] [INFO ] SA mode  : averaged 5x 
[17:15:20] [INFO ] 
[17:15:20] [INFO ] STEP 1 — Feature extraction
[17:15:20] [INFO ]   Loading navigation...
[17:15:20] [INFO ]   Loading SEG-Y...
[17:15:20] [INFO ]   Traces: 984  Samples: 1250  dt: 4.000 ms
[17:15:20] [INFO ]   Depth:  0.0 m → 3747.0 m
[17:15:20] [INFO ]   Matching traces to navigation...
[17:15:20] [INFO ]   NAV line matched via translation: 'G_17558' -> 'G'
[17:15:20] [INFO ]   Matched 0 / 984 traces
[17:15:20] [ERROR] SKIPPING G_17558 (namss.W-3-69-BS.mcs.airgun): No traces matched navigation — check line name vs NAV file.
[17:15:20] [ERROR]   Traceback (most recent call last):
[17:15:20] [ERROR]     File "/Users/lennylukach/Personal/School/CS4100/namss/pipeline/src/pipeline.py", line 848, in <module>
[17:15:20] [ERROR]       process_line(line, sgy_path, nav_path, dataset)
[17:15:20] [ERROR]     File "/Users/lennylukach/Personal/School/CS4100/namss/pipeline/src/pipeline.py", line 431, in process_line
[17:15:20] [ERROR]       raise RuntimeError(
[17:15:20] [ERROR]   RuntimeError: No traces matched navigation — check line name vs NAV file.
[17:15:20] [INFO ] 
[17:15:20] [INFO ] ──────────────────────────────────────────────────
[17:15:20] [INFO ]   LINE: G_1_408
[17:15:20] [INFO ] ──────────────────────────────────────────────────
[17:15:20] [INFO ] Dataset  : namss.W-3-69-BS.mcs.airgun
[17:15:20] [INFO ] SGY      : ../../airgun_data/namss.W-3-69-BS.mcs.airgun/Data/G_1_408.sgy
[17:15:20] [INFO ] NAV      : ../../airgun_data/namss.W-3-69-BS.mcs.airgun/Navigation/w-3-69-bs_NAV-WGS84.csv
[17:15:20] [INFO ] SA mode  : averaged 5x 
[17:15:20] [INFO ] 
[17:15:20] [INFO ] STEP 1 — Feature extraction
[17:15:20] [INFO ]   Loading navigation...
[17:15:20] [INFO ]   Loading SEG-Y...
[17:15:20] [INFO ]   Traces: 266  Samples: 1250  dt: 4.000 ms
[17:15:20] [INFO ]   Depth:  0.0 m → 3747.0 m
[17:15:20] [INFO ]   Matching traces to navigation...
[17:15:20] [INFO ]   NAV line matched via translation: 'G_1_408' -> 'G_1'
[17:15:20] [INFO ]   Matched 0 / 266 traces
[17:15:20] [ERROR] SKIPPING G_1_408 (namss.W-3-69-BS.mcs.airgun): No traces matched navigation — check line name vs NAV file.
[17:15:20] [ERROR]   Traceback (most recent call last):
[17:15:20] [ERROR]     File "/Users/lennylukach/Personal/School/CS4100/namss/pipeline/src/pipeline.py", line 848, in <module>
[17:15:20] [ERROR]       process_line(line, sgy_path, nav_path, dataset)
[17:15:20] [ERROR]     File "/Users/lennylukach/Personal/School/CS4100/namss/pipeline/src/pipeline.py", line 431, in process_line
[17:15:20] [ERROR]       raise RuntimeError(
[17:15:20] [ERROR]   RuntimeError: No traces matched navigation — check line name vs NAV file.
[17:15:20] [INFO ] 
[17:15:20] [INFO ] ──────────────────────────────────────────────────
[17:15:20] [INFO ]   LINE: H_1_10416
[17:15:20] [INFO ] ──────────────────────────────────────────────────
[17:15:20] [INFO ] Dataset  : namss.W-3-69-BS.mcs.airgun
[17:15:20] [INFO ] SGY      : ../../airgun_data/namss.W-3-69-BS.mcs.airgun/Data/H_1_10416.sgy
[17:15:20] [INFO ] NAV      : ../../airgun_data/namss.W-3-69-BS.mcs.airgun/Navigation/w-3-69-bs_NAV-WGS84.csv
[17:15:20] [INFO ] SA mode  : averaged 5x 
[17:15:20] [INFO ] 
[17:15:20] [INFO ] STEP 1 — Feature extraction
[17:15:20] [INFO ]   Loading navigation...
[17:15:20] [INFO ]   Loading SEG-Y...
[17:15:20] [INFO ]   Traces: 1224  Samples: 1250  dt: 4.000 ms
[17:15:20] [INFO ]   Depth:  0.0 m → 3747.0 m
[17:15:20] [INFO ]   Matching traces to navigation...
[17:15:20] [INFO ]   NAV line matched via translation: 'H_1_10416' -> 'H_1'
[17:15:20] [INFO ]   Matched 0 / 1224 traces
[17:15:20] [ERROR] SKIPPING H_1_10416 (namss.W-3-69-BS.mcs.airgun): No traces matched navigation — check line name vs NAV file.
[17:15:20] [ERROR]   Traceback (most recent call last):
[17:15:20] [ERROR]     File "/Users/lennylukach/Personal/School/CS4100/namss/pipeline/src/pipeline.py", line 848, in <module>
[17:15:20] [ERROR]       process_line(line, sgy_path, nav_path, dataset)
[17:15:20] [ERROR]     File "/Users/lennylukach/Personal/School/CS4100/namss/pipeline/src/pipeline.py", line 431, in process_line
[17:15:20] [ERROR]       raise RuntimeError(
[17:15:20] [ERROR]   RuntimeError: No traces matched navigation — check line name vs NAV file.
[17:15:20] [INFO ] 
[17:15:20] [INFO ] ──────────────────────────────────────────────────
[17:15:20] [INFO ]   LINE: H_2987
[17:15:20] [INFO ] ──────────────────────────────────────────────────
[17:15:20] [INFO ] Dataset  : namss.W-3-69-BS.mcs.airgun
[17:15:20] [INFO ] SGY      : ../../airgun_data/namss.W-3-69-BS.mcs.airgun/Data/H_2987.sgy
[17:15:20] [INFO ] NAV      : ../../airgun_data/namss.W-3-69-BS.mcs.airgun/Navigation/w-3-69-bs_NAV-WGS84.csv
[17:15:20] [INFO ] SA mode  : averaged 5x 
[17:15:20] [INFO ] 
[17:15:20] [INFO ] STEP 1 — Feature extraction
[17:15:20] [INFO ]   Loading navigation...
[17:15:20] [INFO ]   Loading SEG-Y...
[17:15:20] [INFO ]   Traces: 504  Samples: 1300  dt: 4.000 ms
[17:15:20] [INFO ]   Depth:  0.0 m → 3897.0 m
[17:15:20] [INFO ]   Matching traces to navigation...
[17:15:20] [INFO ]   NAV line matched via translation: 'H_2987' -> 'H'
[17:15:20] [INFO ]   Matched 0 / 504 traces
[17:15:20] [ERROR] SKIPPING H_2987 (namss.W-3-69-BS.mcs.airgun): No traces matched navigation — check line name vs NAV file.
[17:15:20] [ERROR]   Traceback (most recent call last):
[17:15:20] [ERROR]     File "/Users/lennylukach/Personal/School/CS4100/namss/pipeline/src/pipeline.py", line 848, in <module>
[17:15:20] [ERROR]       process_line(line, sgy_path, nav_path, dataset)
[17:15:20] [ERROR]     File "/Users/lennylukach/Personal/School/CS4100/namss/pipeline/src/pipeline.py", line 431, in process_line
[17:15:20] [ERROR]       raise RuntimeError(
[17:15:20] [ERROR]   RuntimeError: No traces matched navigation — check line name vs NAV file.
[17:15:20] [INFO ] 
[17:15:20] [INFO ] ──────────────────────────────────────────────────
[17:15:20] [INFO ]   LINE: I_12552
[17:15:20] [INFO ] ──────────────────────────────────────────────────
[17:15:20] [INFO ] Dataset  : namss.W-3-69-BS.mcs.airgun
[17:15:20] [INFO ] SGY      : ../../airgun_data/namss.W-3-69-BS.mcs.airgun/Data/I_12552.sgy
[17:15:20] [INFO ] NAV      : ../../airgun_data/namss.W-3-69-BS.mcs.airgun/Navigation/w-3-69-bs_NAV-WGS84.csv
[17:15:20] [INFO ] SA mode  : averaged 5x 
[17:15:20] [INFO ] 
[17:15:20] [INFO ] STEP 1 — Feature extraction
[17:15:20] [INFO ]   Loading navigation...
[17:15:20] [INFO ]   Loading SEG-Y...
[17:15:20] [INFO ]   Traces: 720  Samples: 1250  dt: 4.000 ms
[17:15:20] [INFO ]   Depth:  0.0 m → 3747.0 m
[17:15:20] [INFO ]   Matching traces to navigation...
[17:15:20] [INFO ]   NAV line matched via translation: 'I_12552' -> 'I'
[17:15:20] [INFO ]   Matched 0 / 720 traces
[17:15:20] [ERROR] SKIPPING I_12552 (namss.W-3-69-BS.mcs.airgun): No traces matched navigation — check line name vs NAV file.
[17:15:20] [ERROR]   Traceback (most recent call last):
[17:15:20] [ERROR]     File "/Users/lennylukach/Personal/School/CS4100/namss/pipeline/src/pipeline.py", line 848, in <module>
[17:15:20] [ERROR]       process_line(line, sgy_path, nav_path, dataset)
[17:15:20] [ERROR]     File "/Users/lennylukach/Personal/School/CS4100/namss/pipeline/src/pipeline.py", line 431, in process_line
[17:15:20] [ERROR]       raise RuntimeError(
[17:15:20] [ERROR]   RuntimeError: No traces matched navigation — check line name vs NAV file.
[17:15:20] [INFO ] 
[17:15:20] [INFO ] ──────────────────────────────────────────────────
[17:15:20] [INFO ]   LINE: J_11795
[17:15:20] [INFO ] ──────────────────────────────────────────────────
[17:15:20] [INFO ] Dataset  : namss.W-3-69-BS.mcs.airgun
[17:15:20] [INFO ] SGY      : ../../airgun_data/namss.W-3-69-BS.mcs.airgun/Data/J_11795.sgy
[17:15:20] [INFO ] NAV      : ../../airgun_data/namss.W-3-69-BS.mcs.airgun/Navigation/w-3-69-bs_NAV-WGS84.csv
[17:15:20] [INFO ] SA mode  : averaged 5x 
[17:15:20] [INFO ] 
[17:15:20] [INFO ] STEP 1 — Feature extraction
[17:15:20] [INFO ]   Loading navigation...
[17:15:20] [INFO ]   Loading SEG-Y...
[17:15:20] [INFO ]   Traces: 1608  Samples: 1250  dt: 4.000 ms
[17:15:20] [INFO ]   Depth:  0.0 m → 3747.0 m
[17:15:20] [INFO ]   Matching traces to navigation...
[17:15:20] [INFO ]   NAV line matched via translation: 'J_11795' -> 'J'
[17:15:20] [INFO ]   Matched 0 / 1608 traces
[17:15:20] [ERROR] SKIPPING J_11795 (namss.W-3-69-BS.mcs.airgun): No traces matched navigation — check line name vs NAV file.
[17:15:20] [ERROR]   Traceback (most recent call last):
[17:15:20] [ERROR]     File "/Users/lennylukach/Personal/School/CS4100/namss/pipeline/src/pipeline.py", line 848, in <module>
[17:15:20] [ERROR]       process_line(line, sgy_path, nav_path, dataset)
[17:15:20] [ERROR]     File "/Users/lennylukach/Personal/School/CS4100/namss/pipeline/src/pipeline.py", line 431, in process_line
[17:15:20] [ERROR]       raise RuntimeError(
[17:15:20] [ERROR]   RuntimeError: No traces matched navigation — check line name vs NAV file.
[17:15:20] [INFO ] 
[17:15:20] [INFO ] ──────────────────────────────────────────────────
[17:15:20] [INFO ]   LINE: J_1_16452
[17:15:20] [INFO ] ──────────────────────────────────────────────────
[17:15:20] [INFO ] Dataset  : namss.W-3-69-BS.mcs.airgun
[17:15:20] [INFO ] SGY      : ../../airgun_data/namss.W-3-69-BS.mcs.airgun/Data/J_1_16452.sgy
[17:15:20] [INFO ] NAV      : ../../airgun_data/namss.W-3-69-BS.mcs.airgun/Navigation/w-3-69-bs_NAV-WGS84.csv
[17:15:20] [INFO ] SA mode  : averaged 5x 
[17:15:20] [INFO ] 
[17:15:20] [INFO ] STEP 1 — Feature extraction
[17:15:20] [INFO ]   Loading navigation...
[17:15:20] [INFO ]   Loading SEG-Y...
[17:15:20] [INFO ]   Traces: 336  Samples: 1250  dt: 4.000 ms
[17:15:20] [INFO ]   Depth:  0.0 m → 3747.0 m
[17:15:20] [INFO ]   Matching traces to navigation...
[17:15:20] [INFO ]   NAV line matched via translation: 'J_1_16452' -> 'J_1'
[17:15:20] [INFO ]   Matched 0 / 336 traces
[17:15:20] [ERROR] SKIPPING J_1_16452 (namss.W-3-69-BS.mcs.airgun): No traces matched navigation — check line name vs NAV file.
[17:15:20] [ERROR]   Traceback (most recent call last):
[17:15:20] [ERROR]     File "/Users/lennylukach/Personal/School/CS4100/namss/pipeline/src/pipeline.py", line 848, in <module>
[17:15:20] [ERROR]       process_line(line, sgy_path, nav_path, dataset)
[17:15:20] [ERROR]     File "/Users/lennylukach/Personal/School/CS4100/namss/pipeline/src/pipeline.py", line 431, in process_line
[17:15:20] [ERROR]       raise RuntimeError(
[17:15:20] [ERROR]   RuntimeError: No traces matched navigation — check line name vs NAV file.
[17:15:20] [INFO ] 
[17:15:20] [INFO ] ──────────────────────────────────────────────────
[17:15:20] [INFO ]   LINE: K_16989
[17:15:20] [INFO ] ──────────────────────────────────────────────────
[17:15:20] [INFO ] Dataset  : namss.W-3-69-BS.mcs.airgun
[17:15:20] [INFO ] SGY      : ../../airgun_data/namss.W-3-69-BS.mcs.airgun/Data/K_16989.sgy
[17:15:20] [INFO ] NAV      : ../../airgun_data/namss.W-3-69-BS.mcs.airgun/Navigation/w-3-69-bs_NAV-WGS84.csv
[17:15:20] [INFO ] SA mode  : averaged 5x 
[17:15:20] [INFO ] 
[17:15:20] [INFO ] STEP 1 — Feature extraction
[17:15:20] [INFO ]   Loading navigation...
[17:15:20] [INFO ]   Loading SEG-Y...
[17:15:20] [INFO ]   Traces: 3194  Samples: 1250  dt: 4.000 ms
[17:15:20] [INFO ]   Depth:  0.0 m → 3747.0 m
[17:15:20] [INFO ]   Matching traces to navigation...
[17:15:20] [INFO ]   NAV line matched via translation: 'K_16989' -> 'K'
[17:15:20] [INFO ]   Matched 0 / 3194 traces
[17:15:20] [ERROR] SKIPPING K_16989 (namss.W-3-69-BS.mcs.airgun): No traces matched navigation — check line name vs NAV file.
[17:15:20] [ERROR]   Traceback (most recent call last):
[17:15:20] [ERROR]     File "/Users/lennylukach/Personal/School/CS4100/namss/pipeline/src/pipeline.py", line 848, in <module>
[17:15:20] [ERROR]       process_line(line, sgy_path, nav_path, dataset)
[17:15:20] [ERROR]     File "/Users/lennylukach/Personal/School/CS4100/namss/pipeline/src/pipeline.py", line 431, in process_line
[17:15:20] [ERROR]       raise RuntimeError(
[17:15:20] [ERROR]   RuntimeError: No traces matched navigation — check line name vs NAV file.
[17:15:20] [INFO ] 
[17:15:20] [INFO ] ──────────────────────────────────────────────────
[17:15:20] [INFO ]   LINE: L_13905
[17:15:20] [INFO ] ──────────────────────────────────────────────────
[17:15:20] [INFO ] Dataset  : namss.W-3-69-BS.mcs.airgun
[17:15:20] [INFO ] SGY      : ../../airgun_data/namss.W-3-69-BS.mcs.airgun/Data/L_13905.sgy
[17:15:20] [INFO ] NAV      : ../../airgun_data/namss.W-3-69-BS.mcs.airgun/Navigation/w-3-69-bs_NAV-WGS84.csv
[17:15:20] [INFO ] SA mode  : averaged 5x 
[17:15:20] [INFO ] 
[17:15:20] [INFO ] STEP 1 — Feature extraction
[17:15:20] [INFO ]   Loading navigation...
[17:15:20] [INFO ]   Loading SEG-Y...
[17:15:20] [INFO ]   Traces: 792  Samples: 1250  dt: 4.000 ms
[17:15:20] [INFO ]   Depth:  0.0 m → 3747.0 m
[17:15:20] [INFO ]   Matching traces to navigation...
[17:15:20] [INFO ]   NAV line matched via translation: 'L_13905' -> 'L'
[17:15:21] [INFO ]   Matched 0 / 792 traces
[17:15:21] [ERROR] SKIPPING L_13905 (namss.W-3-69-BS.mcs.airgun): No traces matched navigation — check line name vs NAV file.
[17:15:21] [ERROR]   Traceback (most recent call last):
[17:15:21] [ERROR]     File "/Users/lennylukach/Personal/School/CS4100/namss/pipeline/src/pipeline.py", line 848, in <module>
[17:15:21] [ERROR]       process_line(line, sgy_path, nav_path, dataset)
[17:15:21] [ERROR]     File "/Users/lennylukach/Personal/School/CS4100/namss/pipeline/src/pipeline.py", line 431, in process_line
[17:15:21] [ERROR]       raise RuntimeError(
[17:15:21] [ERROR]   RuntimeError: No traces matched navigation — check line name vs NAV file.
[17:15:21] [INFO ] 
[17:15:21] [INFO ] ──────────────────────────────────────────────────
[17:15:21] [INFO ]   LINE: O_1_45871
[17:15:21] [INFO ] ──────────────────────────────────────────────────
[17:15:21] [INFO ] Dataset  : namss.W-3-69-BS.mcs.airgun
[17:15:21] [INFO ] SGY      : ../../airgun_data/namss.W-3-69-BS.mcs.airgun/Data/O_1_45871.sgy
[17:15:21] [INFO ] NAV      : ../../airgun_data/namss.W-3-69-BS.mcs.airgun/Navigation/w-3-69-bs_NAV-WGS84.csv
[17:15:21] [INFO ] SA mode  : averaged 5x 
[17:15:21] [INFO ] 
[17:15:21] [INFO ] STEP 1 — Feature extraction
[17:15:21] [INFO ]   Loading navigation...
[17:15:21] [INFO ]   Loading SEG-Y...
[17:15:21] [INFO ]   Traces: 528  Samples: 1250  dt: 4.000 ms
[17:15:21] [INFO ]   Depth:  0.0 m → 3747.0 m
[17:15:21] [INFO ]   Matching traces to navigation...
[17:15:21] [INFO ]   NAV line matched via translation: 'O_1_45871' -> 'O_1'
[17:15:21] [INFO ]   Matched 0 / 528 traces
[17:15:21] [ERROR] SKIPPING O_1_45871 (namss.W-3-69-BS.mcs.airgun): No traces matched navigation — check line name vs NAV file.
[17:15:21] [ERROR]   Traceback (most recent call last):
[17:15:21] [ERROR]     File "/Users/lennylukach/Personal/School/CS4100/namss/pipeline/src/pipeline.py", line 848, in <module>
[17:15:21] [ERROR]       process_line(line, sgy_path, nav_path, dataset)
[17:15:21] [ERROR]     File "/Users/lennylukach/Personal/School/CS4100/namss/pipeline/src/pipeline.py", line 431, in process_line
[17:15:21] [ERROR]       raise RuntimeError(
[17:15:21] [ERROR]   RuntimeError: No traces matched navigation — check line name vs NAV file.
[17:15:21] [INFO ] 
[17:15:21] [INFO ] ──────────────────────────────────────────────────
[17:15:21] [INFO ]   LINE: O_2_48619
[17:15:21] [INFO ] ──────────────────────────────────────────────────
[17:15:21] [INFO ] Dataset  : namss.W-3-69-BS.mcs.airgun
[17:15:21] [INFO ] SGY      : ../../airgun_data/namss.W-3-69-BS.mcs.airgun/Data/O_2_48619.sgy
[17:15:21] [INFO ] NAV      : ../../airgun_data/namss.W-3-69-BS.mcs.airgun/Navigation/w-3-69-bs_NAV-WGS84.csv
[17:15:21] [INFO ] SA mode  : averaged 5x 
[17:15:21] [INFO ] 
[17:15:21] [INFO ] STEP 1 — Feature extraction
[17:15:21] [INFO ]   Loading navigation...
[17:15:21] [INFO ]   Loading SEG-Y...
[17:15:21] [INFO ]   Traces: 2064  Samples: 1250  dt: 4.000 ms
[17:15:21] [INFO ]   Depth:  0.0 m → 3747.0 m
[17:15:21] [INFO ]   Matching traces to navigation...
[17:15:21] [INFO ]   NAV line matched via translation: 'O_2_48619' -> 'O_2'
[17:15:21] [INFO ]   Matched 0 / 2064 traces
[17:15:21] [ERROR] SKIPPING O_2_48619 (namss.W-3-69-BS.mcs.airgun): No traces matched navigation — check line name vs NAV file.
[17:15:21] [ERROR]   Traceback (most recent call last):
[17:15:21] [ERROR]     File "/Users/lennylukach/Personal/School/CS4100/namss/pipeline/src/pipeline.py", line 848, in <module>
[17:15:21] [ERROR]       process_line(line, sgy_path, nav_path, dataset)
[17:15:21] [ERROR]     File "/Users/lennylukach/Personal/School/CS4100/namss/pipeline/src/pipeline.py", line 431, in process_line
[17:15:21] [ERROR]       raise RuntimeError(
[17:15:21] [ERROR]   RuntimeError: No traces matched navigation — check line name vs NAV file.
[17:15:21] [INFO ] 
[17:15:21] [INFO ] ──────────────────────────────────────────────────
[17:15:21] [INFO ]   LINE: O_48354
[17:15:21] [INFO ] ──────────────────────────────────────────────────
[17:15:21] [INFO ] Dataset  : namss.W-3-69-BS.mcs.airgun
[17:15:21] [INFO ] SGY      : ../../airgun_data/namss.W-3-69-BS.mcs.airgun/Data/O_48354.sgy
[17:15:21] [INFO ] NAV      : ../../airgun_data/namss.W-3-69-BS.mcs.airgun/Navigation/w-3-69-bs_NAV-WGS84.csv
[17:15:21] [INFO ] SA mode  : averaged 5x 
[17:15:21] [INFO ] 
[17:15:21] [INFO ] STEP 1 — Feature extraction
[17:15:21] [INFO ]   Loading navigation...
[17:15:21] [INFO ]   Loading SEG-Y...
[17:15:21] [INFO ]   Traces: 2640  Samples: 1300  dt: 4.000 ms
[17:15:21] [INFO ]   Depth:  0.0 m → 3897.0 m
[17:15:21] [INFO ]   Matching traces to navigation...
[17:15:21] [INFO ]   NAV line matched via translation: 'O_48354' -> 'O'
[17:15:21] [INFO ]   Matched 0 / 2640 traces
[17:15:21] [ERROR] SKIPPING O_48354 (namss.W-3-69-BS.mcs.airgun): No traces matched navigation — check line name vs NAV file.
[17:15:21] [ERROR]   Traceback (most recent call last):
[17:15:21] [ERROR]     File "/Users/lennylukach/Personal/School/CS4100/namss/pipeline/src/pipeline.py", line 848, in <module>
[17:15:21] [ERROR]       process_line(line, sgy_path, nav_path, dataset)
[17:15:21] [ERROR]     File "/Users/lennylukach/Personal/School/CS4100/namss/pipeline/src/pipeline.py", line 431, in process_line
[17:15:21] [ERROR]       raise RuntimeError(
[17:15:21] [ERROR]   RuntimeError: No traces matched navigation — check line name vs NAV file.
[17:15:21] [INFO ] 
[17:15:21] [INFO ] ──────────────────────────────────────────────────
[17:15:21] [INFO ]   LINE: P_1_49149
[17:15:21] [INFO ] ──────────────────────────────────────────────────
[17:15:21] [INFO ] Dataset  : namss.W-3-69-BS.mcs.airgun
[17:15:21] [INFO ] SGY      : ../../airgun_data/namss.W-3-69-BS.mcs.airgun/Data/P_1_49149.sgy
[17:15:21] [INFO ] NAV      : ../../airgun_data/namss.W-3-69-BS.mcs.airgun/Navigation/w-3-69-bs_NAV-WGS84.csv
[17:15:21] [INFO ] SA mode  : averaged 5x 
[17:15:21] [INFO ] 
[17:15:21] [INFO ] STEP 1 — Feature extraction
[17:15:21] [INFO ]   Loading navigation...
[17:15:21] [INFO ]   Loading SEG-Y...
[17:15:21] [INFO ]   Traces: 1416  Samples: 1300  dt: 4.000 ms
[17:15:21] [INFO ]   Depth:  0.0 m → 3897.0 m
[17:15:21] [INFO ]   Matching traces to navigation...
[17:15:21] [INFO ]   NAV line matched via translation: 'P_1_49149' -> 'P_1'
[17:15:21] [INFO ]   Matched 0 / 1416 traces
[17:15:21] [ERROR] SKIPPING P_1_49149 (namss.W-3-69-BS.mcs.airgun): No traces matched navigation — check line name vs NAV file.
[17:15:21] [ERROR]   Traceback (most recent call last):
[17:15:21] [ERROR]     File "/Users/lennylukach/Personal/School/CS4100/namss/pipeline/src/pipeline.py", line 848, in <module>
[17:15:21] [ERROR]       process_line(line, sgy_path, nav_path, dataset)
[17:15:21] [ERROR]     File "/Users/lennylukach/Personal/School/CS4100/namss/pipeline/src/pipeline.py", line 431, in process_line
[17:15:21] [ERROR]       raise RuntimeError(
[17:15:21] [ERROR]   RuntimeError: No traces matched navigation — check line name vs NAV file.
[17:15:21] [INFO ] 
[17:15:21] [INFO ] ──────────────────────────────────────────────────
[17:15:21] [INFO ]   LINE: P_43033
[17:15:21] [INFO ] ──────────────────────────────────────────────────
[17:15:21] [INFO ] Dataset  : namss.W-3-69-BS.mcs.airgun
[17:15:21] [INFO ] SGY      : ../../airgun_data/namss.W-3-69-BS.mcs.airgun/Data/P_43033.sgy
[17:15:21] [INFO ] NAV      : ../../airgun_data/namss.W-3-69-BS.mcs.airgun/Navigation/w-3-69-bs_NAV-WGS84.csv
[17:15:21] [INFO ] SA mode  : averaged 5x 
[17:15:21] [INFO ] 
[17:15:21] [INFO ] STEP 1 — Feature extraction
[17:15:21] [INFO ]   Loading navigation...
[17:15:21] [INFO ]   Loading SEG-Y...
[17:15:21] [INFO ]   Traces: 4296  Samples: 1300  dt: 4.000 ms
[17:15:21] [INFO ]   Depth:  0.0 m → 3897.0 m
[17:15:21] [INFO ]   Matching traces to navigation...
[17:15:21] [INFO ]   NAV line matched via translation: 'P_43033' -> 'P'
[17:15:21] [INFO ]   Matched 0 / 4296 traces
[17:15:21] [ERROR] SKIPPING P_43033 (namss.W-3-69-BS.mcs.airgun): No traces matched navigation — check line name vs NAV file.
[17:15:21] [ERROR]   Traceback (most recent call last):
[17:15:21] [ERROR]     File "/Users/lennylukach/Personal/School/CS4100/namss/pipeline/src/pipeline.py", line 848, in <module>
[17:15:21] [ERROR]       process_line(line, sgy_path, nav_path, dataset)
[17:15:21] [ERROR]     File "/Users/lennylukach/Personal/School/CS4100/namss/pipeline/src/pipeline.py", line 431, in process_line
[17:15:21] [ERROR]       raise RuntimeError(
[17:15:21] [ERROR]   RuntimeError: No traces matched navigation — check line name vs NAV file.
[17:15:21] [INFO ] 
[17:15:21] [INFO ] ──────────────────────────────────────────────────
[17:15:21] [INFO ]   LINE: Q-EXT_45287
[17:15:21] [INFO ] ──────────────────────────────────────────────────
[17:15:21] [INFO ] Dataset  : namss.W-3-69-BS.mcs.airgun
[17:15:21] [INFO ] SGY      : ../../airgun_data/namss.W-3-69-BS.mcs.airgun/Data/Q-EXT_45287.sgy
[17:15:21] [INFO ] NAV      : ../../airgun_data/namss.W-3-69-BS.mcs.airgun/Navigation/w-3-69-bs_NAV-WGS84.csv
[17:15:21] [INFO ] SA mode  : averaged 5x 
[17:15:21] [INFO ] 
[17:15:21] [INFO ] STEP 1 — Feature extraction
[17:15:21] [INFO ]   Loading navigation...
[17:15:22] [INFO ]   Loading SEG-Y...
[17:15:22] [INFO ]   Traces: 6600  Samples: 1250  dt: 4.000 ms
[17:15:22] [INFO ]   Depth:  0.0 m → 3747.0 m
[17:15:22] [INFO ]   Matching traces to navigation...
[17:15:22] [INFO ]   NAV line matched via translation: 'Q-EXT_45287' -> 'QEXT'
[17:15:22] [INFO ]   Matched 0 / 6600 traces
[17:15:22] [ERROR] SKIPPING Q-EXT_45287 (namss.W-3-69-BS.mcs.airgun): No traces matched navigation — check line name vs NAV file.
[17:15:22] [ERROR]   Traceback (most recent call last):
[17:15:22] [ERROR]     File "/Users/lennylukach/Personal/School/CS4100/namss/pipeline/src/pipeline.py", line 848, in <module>
[17:15:22] [ERROR]       process_line(line, sgy_path, nav_path, dataset)
[17:15:22] [ERROR]     File "/Users/lennylukach/Personal/School/CS4100/namss/pipeline/src/pipeline.py", line 431, in process_line
[17:15:22] [ERROR]       raise RuntimeError(
[17:15:22] [ERROR]   RuntimeError: No traces matched navigation — check line name vs NAV file.
[17:15:22] [INFO ] 
[17:15:22] [INFO ] ──────────────────────────────────────────────────
[17:15:22] [INFO ]   LINE: Q_39795
[17:15:22] [INFO ] ──────────────────────────────────────────────────
[17:15:22] [INFO ] Dataset  : namss.W-3-69-BS.mcs.airgun
[17:15:22] [INFO ] SGY      : ../../airgun_data/namss.W-3-69-BS.mcs.airgun/Data/Q_39795.sgy
[17:15:22] [INFO ] NAV      : ../../airgun_data/namss.W-3-69-BS.mcs.airgun/Navigation/w-3-69-bs_NAV-WGS84.csv
[17:15:22] [INFO ] SA mode  : averaged 5x 
[17:15:22] [INFO ] 
[17:15:22] [INFO ] STEP 1 — Feature extraction
[17:15:22] [INFO ]   Loading navigation...
[17:15:22] [INFO ]   Loading SEG-Y...
[17:15:22] [INFO ]   Traces: 4992  Samples: 1250  dt: 4.000 ms
[17:15:22] [INFO ]   Depth:  0.0 m → 3747.0 m
[17:15:22] [INFO ]   Matching traces to navigation...
[17:15:22] [INFO ]   NAV line matched via translation: 'Q_39795' -> 'Q'
[17:15:22] [INFO ]   Matched 0 / 4992 traces
[17:15:22] [ERROR] SKIPPING Q_39795 (namss.W-3-69-BS.mcs.airgun): No traces matched navigation — check line name vs NAV file.
[17:15:22] [ERROR]   Traceback (most recent call last):
[17:15:22] [ERROR]     File "/Users/lennylukach/Personal/School/CS4100/namss/pipeline/src/pipeline.py", line 848, in <module>
[17:15:22] [ERROR]       process_line(line, sgy_path, nav_path, dataset)
[17:15:22] [ERROR]     File "/Users/lennylukach/Personal/School/CS4100/namss/pipeline/src/pipeline.py", line 431, in process_line
[17:15:22] [ERROR]       raise RuntimeError(
[17:15:22] [ERROR]   RuntimeError: No traces matched navigation — check line name vs NAV file.
[17:15:22] [INFO ] 
[17:15:22] [INFO ] ──────────────────────────────────────────────────
[17:15:22] [INFO ]   LINE: R-EXT_49224
[17:15:22] [INFO ] ──────────────────────────────────────────────────
[17:15:22] [INFO ] Dataset  : namss.W-3-69-BS.mcs.airgun
[17:15:22] [INFO ] SGY      : ../../airgun_data/namss.W-3-69-BS.mcs.airgun/Data/R-EXT_49224.sgy
[17:15:22] [INFO ] NAV      : ../../airgun_data/namss.W-3-69-BS.mcs.airgun/Navigation/w-3-69-bs_NAV-WGS84.csv
[17:15:22] [INFO ] SA mode  : averaged 5x 
[17:15:22] [INFO ] 
[17:15:22] [INFO ] STEP 1 — Feature extraction
[17:15:22] [INFO ]   Loading navigation...
[17:15:22] [INFO ]   Loading SEG-Y...
[17:15:22] [INFO ]   Traces: 3504  Samples: 1250  dt: 4.000 ms
[17:15:22] [INFO ]   Depth:  0.0 m → 3747.0 m
[17:15:22] [INFO ]   Matching traces to navigation...
[17:15:22] [INFO ]   NAV line matched via translation: 'R-EXT_49224' -> 'REXT'
[17:15:23] [INFO ]   Matched 0 / 3504 traces
[17:15:23] [ERROR] SKIPPING R-EXT_49224 (namss.W-3-69-BS.mcs.airgun): No traces matched navigation — check line name vs NAV file.
[17:15:23] [ERROR]   Traceback (most recent call last):
[17:15:23] [ERROR]     File "/Users/lennylukach/Personal/School/CS4100/namss/pipeline/src/pipeline.py", line 848, in <module>
[17:15:23] [ERROR]       process_line(line, sgy_path, nav_path, dataset)
[17:15:23] [ERROR]     File "/Users/lennylukach/Personal/School/CS4100/namss/pipeline/src/pipeline.py", line 431, in process_line
[17:15:23] [ERROR]       raise RuntimeError(
[17:15:23] [ERROR]   RuntimeError: No traces matched navigation — check line name vs NAV file.
[17:15:23] [INFO ] 
[17:15:23] [INFO ] ──────────────────────────────────────────────────
[17:15:23] [INFO ]   LINE: R_1_43206
[17:15:23] [INFO ] ──────────────────────────────────────────────────
[17:15:23] [INFO ] Dataset  : namss.W-3-69-BS.mcs.airgun
[17:15:23] [INFO ] SGY      : ../../airgun_data/namss.W-3-69-BS.mcs.airgun/Data/R_1_43206.sgy
[17:15:23] [INFO ] NAV      : ../../airgun_data/namss.W-3-69-BS.mcs.airgun/Navigation/w-3-69-bs_NAV-WGS84.csv
[17:15:23] [INFO ] SA mode  : averaged 5x 
[17:15:23] [INFO ] 
[17:15:23] [INFO ] STEP 1 — Feature extraction
[17:15:23] [INFO ]   Loading navigation...
[17:15:23] [INFO ]   Loading SEG-Y...
[17:15:23] [INFO ]   Traces: 6216  Samples: 1250  dt: 4.000 ms
[17:15:23] [INFO ]   Depth:  0.0 m → 3747.0 m
[17:15:23] [INFO ]   Matching traces to navigation...
[17:15:23] [INFO ]   NAV line matched via translation: 'R_1_43206' -> 'R_1'
[17:15:23] [INFO ]   Matched 0 / 6216 traces
[17:15:23] [ERROR] SKIPPING R_1_43206 (namss.W-3-69-BS.mcs.airgun): No traces matched navigation — check line name vs NAV file.
[17:15:23] [ERROR]   Traceback (most recent call last):
[17:15:23] [ERROR]     File "/Users/lennylukach/Personal/School/CS4100/namss/pipeline/src/pipeline.py", line 848, in <module>
[17:15:23] [ERROR]       process_line(line, sgy_path, nav_path, dataset)
[17:15:23] [ERROR]     File "/Users/lennylukach/Personal/School/CS4100/namss/pipeline/src/pipeline.py", line 431, in process_line
[17:15:23] [ERROR]       raise RuntimeError(
[17:15:23] [ERROR]   RuntimeError: No traces matched navigation — check line name vs NAV file.
[17:15:23] [INFO ] 
[17:15:23] [INFO ] ──────────────────────────────────────────────────
[17:15:23] [INFO ]   LINE: R_49017
[17:15:23] [INFO ] ──────────────────────────────────────────────────
[17:15:23] [INFO ] Dataset  : namss.W-3-69-BS.mcs.airgun
[17:15:23] [INFO ] SGY      : ../../airgun_data/namss.W-3-69-BS.mcs.airgun/Data/R_49017.sgy
[17:15:23] [INFO ] NAV      : ../../airgun_data/namss.W-3-69-BS.mcs.airgun/Navigation/w-3-69-bs_NAV-WGS84.csv
[17:15:23] [INFO ] SA mode  : averaged 5x 
[17:15:23] [INFO ] 
[17:15:23] [INFO ] STEP 1 — Feature extraction
[17:15:23] [INFO ]   Loading navigation...
[17:15:23] [INFO ]   Loading SEG-Y...
[17:15:23] [INFO ]   Traces: 600  Samples: 1250  dt: 4.000 ms
[17:15:23] [INFO ]   Depth:  0.0 m → 3747.0 m
[17:15:23] [INFO ]   Matching traces to navigation...
[17:15:23] [INFO ]   NAV line matched via translation: 'R_49017' -> 'R'
[17:15:23] [INFO ]   Matched 0 / 600 traces
[17:15:23] [ERROR] SKIPPING R_49017 (namss.W-3-69-BS.mcs.airgun): No traces matched navigation — check line name vs NAV file.
[17:15:23] [ERROR]   Traceback (most recent call last):
[17:15:23] [ERROR]     File "/Users/lennylukach/Personal/School/CS4100/namss/pipeline/src/pipeline.py", line 848, in <module>
[17:15:23] [ERROR]       process_line(line, sgy_path, nav_path, dataset)
[17:15:23] [ERROR]     File "/Users/lennylukach/Personal/School/CS4100/namss/pipeline/src/pipeline.py", line 431, in process_line
[17:15:23] [ERROR]       raise RuntimeError(
[17:15:23] [ERROR]   RuntimeError: No traces matched navigation — check line name vs NAV file.
[17:15:23] [INFO ] 
[17:15:23] [INFO ] ──────────────────────────────────────────────────
[17:15:23] [INFO ]   LINE: S_44822
[17:15:23] [INFO ] ──────────────────────────────────────────────────
[17:15:23] [INFO ] Dataset  : namss.W-3-69-BS.mcs.airgun
[17:15:23] [INFO ] SGY      : ../../airgun_data/namss.W-3-69-BS.mcs.airgun/Data/S_44822.sgy
[17:15:23] [INFO ] NAV      : ../../airgun_data/namss.W-3-69-BS.mcs.airgun/Navigation/w-3-69-bs_NAV-WGS84.csv
[17:15:23] [INFO ] SA mode  : averaged 5x 
[17:15:23] [INFO ] 
[17:15:23] [INFO ] STEP 1 — Feature extraction
[17:15:23] [INFO ]   Loading navigation...
[17:15:23] [INFO ]   Loading SEG-Y...
[17:15:23] [INFO ]   Traces: 2280  Samples: 1250  dt: 4.000 ms
[17:15:23] [INFO ]   Depth:  0.0 m → 3747.0 m
[17:15:23] [INFO ]   Matching traces to navigation...
[17:15:23] [INFO ]   NAV line matched via translation: 'S_44822' -> 'S'
[17:15:23] [INFO ]   Matched 0 / 2280 traces
[17:15:23] [ERROR] SKIPPING S_44822 (namss.W-3-69-BS.mcs.airgun): No traces matched navigation — check line name vs NAV file.
[17:15:23] [ERROR]   Traceback (most recent call last):
[17:15:23] [ERROR]     File "/Users/lennylukach/Personal/School/CS4100/namss/pipeline/src/pipeline.py", line 848, in <module>
[17:15:23] [ERROR]       process_line(line, sgy_path, nav_path, dataset)
[17:15:23] [ERROR]     File "/Users/lennylukach/Personal/School/CS4100/namss/pipeline/src/pipeline.py", line 431, in process_line
[17:15:23] [ERROR]       raise RuntimeError(
[17:15:23] [ERROR]   RuntimeError: No traces matched navigation — check line name vs NAV file.
[17:15:23] [INFO ] 
[17:15:23] [INFO ] ──────────────────────────────────────────────────
[17:15:23] [INFO ]   LINE: WA-024_1187
[17:15:23] [INFO ] ──────────────────────────────────────────────────
[17:15:23] [INFO ] Dataset  : namss.W-3-69-BS.mcs.airgun
[17:15:23] [INFO ] SGY      : ../../airgun_data/namss.W-3-69-BS.mcs.airgun/Data/WA-024_1187.sgy
[17:15:23] [INFO ] NAV      : ../../airgun_data/namss.W-3-69-BS.mcs.airgun/Navigation/w-3-69-bs_NAV-WGS84.csv
[17:15:23] [INFO ] SA mode  : averaged 5x 
[17:15:23] [INFO ] 
[17:15:23] [INFO ] STEP 1 — Feature extraction
[17:15:23] [INFO ]   Loading navigation...
[17:15:23] [INFO ]   Loading SEG-Y...
[17:19:00] [INFO ]   Traces: 5873  Samples: 1456  dt: 4.000 ms
[17:19:00] [INFO ]   Depth:  0.0 m → 4365.0 m
[17:19:00] [INFO ]   Matching traces to navigation...
[17:19:00] [INFO ]   NAV line matched via translation: 'WA-024_1187' -> 'WA-024'
[17:19:01] [INFO ]   Matched 0 / 5873 traces
[17:19:01] [ERROR] SKIPPING WA-024_1187 (namss.W-3-69-BS.mcs.airgun): No traces matched navigation — check line name vs NAV file.
[17:19:01] [ERROR]   Traceback (most recent call last):
[17:19:01] [ERROR]     File "/Users/lennylukach/Personal/School/CS4100/namss/pipeline/src/pipeline.py", line 848, in <module>
[17:19:01] [ERROR]       process_line(line, sgy_path, nav_path, dataset)
[17:19:01] [ERROR]     File "/Users/lennylukach/Personal/School/CS4100/namss/pipeline/src/pipeline.py", line 431, in process_line
[17:19:01] [ERROR]       raise RuntimeError(
[17:19:01] [ERROR]   RuntimeError: No traces matched navigation — check line name vs NAV file.
[17:19:01] [INFO ] 
[17:19:01] [INFO ] ──────────────────────────────────────────────────
[17:19:01] [INFO ]   LINE: WA-025_15564
[17:19:01] [INFO ] ──────────────────────────────────────────────────
[17:19:01] [INFO ] Dataset  : namss.W-3-69-BS.mcs.airgun
[17:19:01] [INFO ] SGY      : ../../airgun_data/namss.W-3-69-BS.mcs.airgun/Data/WA-025_15564.sgy
[17:19:01] [INFO ] NAV      : ../../airgun_data/namss.W-3-69-BS.mcs.airgun/Navigation/w-3-69-bs_NAV-WGS84.csv
[17:19:01] [INFO ] SA mode  : averaged 5x 
[17:19:01] [INFO ] 
[17:19:01] [INFO ] STEP 1 — Feature extraction
[17:19:01] [INFO ]   Loading navigation...
[17:19:01] [INFO ]   Loading SEG-Y...
[17:19:01] [INFO ]   Traces: 5569  Samples: 1456  dt: 4.000 ms
[17:19:01] [INFO ]   Depth:  0.0 m → 4365.0 m
[17:19:01] [INFO ]   Matching traces to navigation...
[17:19:01] [INFO ]   NAV line matched via translation: 'WA-025_15564' -> 'WA-025'
[17:19:01] [INFO ]   Matched 0 / 5569 traces
[17:19:01] [ERROR] SKIPPING WA-025_15564 (namss.W-3-69-BS.mcs.airgun): No traces matched navigation — check line name vs NAV file.
[17:19:01] [ERROR]   Traceback (most recent call last):
[17:19:01] [ERROR]     File "/Users/lennylukach/Personal/School/CS4100/namss/pipeline/src/pipeline.py", line 848, in <module>
[17:19:01] [ERROR]       process_line(line, sgy_path, nav_path, dataset)
[17:19:01] [ERROR]     File "/Users/lennylukach/Personal/School/CS4100/namss/pipeline/src/pipeline.py", line 431, in process_line
[17:19:01] [ERROR]       raise RuntimeError(
[17:19:01] [ERROR]   RuntimeError: No traces matched navigation — check line name vs NAV file.
[17:19:01] [INFO ] 
[17:19:01] [INFO ] ============================================================
[17:19:01] [INFO ]   FINAL SUMMARY
[17:19:01] [INFO ] ============================================================
[17:19:01] [INFO ]   Completed : 209 / 278
[17:19:01] [INFO ]   Failed    : 69
[17:19:01] [INFO ] 
[17:19:01] [INFO ]   Failed lines:
[17:19:01] [ERROR]     f1289stk03                                FAILED: No traces matched navigation — check line name vs NAV file.
[17:19:01] [ERROR]     f1289stk07                                FAILED: No traces matched navigation — check line name vs NAV file.
[17:19:01] [ERROR]     f1289stk09                                FAILED: No traces matched navigation — check line name vs NAV file.
[17:19:01] [ERROR]     f1289stk11                                FAILED: No traces matched navigation — check line name vs NAV file.
[17:19:01] [ERROR]     f1289stk13                                FAILED: No traces matched navigation — check line name vs NAV file.
[17:19:01] [ERROR]     f1289stk15                                FAILED: No traces matched navigation — check line name vs NAV file.
[17:19:01] [ERROR]     f1289stk17                                FAILED: 'julday' out of bounds for year 1986: 0
[17:19:01] [ERROR]     f1289stk19                                FAILED: No traces matched navigation — check line name vs NAV file.
[17:19:01] [ERROR]     f1289stk23                                FAILED: No traces matched navigation — check line name vs NAV file.
[17:19:01] [ERROR]     f1289stk29                                FAILED: No traces matched navigation — check line name vs NAV file.
[17:19:01] [ERROR]     f287stk26                                 FAILED: Unknown format for file ../../airgun_data/namss.F-2-87-AA.mcs.airgun/Data/f287stk26.sgy
[17:19:01] [ERROR]     f287stk31                                 FAILED: second must be in 0..59
[17:19:01] [ERROR]     f287stk35                                 FAILED: 'julday' out of bounds for year 1987: 0
[17:19:01] [ERROR]     f287stks1                                 FAILED: hour must be in 0..23
[17:19:01] [ERROR]     f387stk07_3150                            FAILED: No NAV line matched 'f387stk07_3150'. Tried: ['f387stk07_3150', 'F387-7_3150', 'f387stk07'].
[17:19:01] [ERROR]     f387stk10                                 FAILED: 'julday' out of bounds for year 1987: 1986
[17:19:01] [ERROR]     f387stk32                                 FAILED: 'julday' out of bounds for year 1987: 0
[17:19:01] [ERROR]     f688stk04a                                FAILED: No traces matched navigation — check line name vs NAV file.
[17:19:01] [ERROR]     f688stk07a                                FAILED: No traces matched navigation — check line name vs NAV file.
[17:19:01] [ERROR]     f688stk09a                                FAILED: No traces matched navigation — check line name vs NAV file.
[17:19:01] [ERROR]     f688stk10a                                FAILED: No traces matched navigation — check line name vs NAV file.
[17:19:01] [ERROR]     f688stk11a                                FAILED: No traces matched navigation — check line name vs NAV file.
[17:19:01] [ERROR]     f688stk12a                                FAILED: No traces matched navigation — check line name vs NAV file.
[17:19:01] [ERROR]     f688stk14a                                FAILED: No traces matched navigation — check line name vs NAV file.
[17:19:01] [ERROR]     f688stk16a                                FAILED: No traces matched navigation — check line name vs NAV file.
[17:19:01] [ERROR]     209wg82stk                                FAILED: No traces matched navigation — check line name vs NAV file.
[17:19:01] [ERROR]     226wg82stk                                FAILED: No traces matched navigation — check line name vs NAV file.
[17:19:01] [ERROR]     100_1204                                  FAILED: No traces matched navigation — check line name vs NAV file.
[17:19:01] [ERROR]     101_1205                                  FAILED: No traces matched navigation — check line name vs NAV file.
[17:19:01] [ERROR]     102_1206                                  FAILED: No traces matched navigation — check line name vs NAV file.
[17:19:01] [ERROR]     103_1207                                  FAILED: No traces matched navigation — check line name vs NAV file.
[17:19:01] [ERROR]     104_1208                                  FAILED: No traces matched navigation — check line name vs NAV file.
[17:19:01] [ERROR]     105_1209                                  FAILED: No traces matched navigation — check line name vs NAV file.
[17:19:01] [ERROR]     106_1210                                  FAILED: No traces matched navigation — check line name vs NAV file.
[17:19:01] [ERROR]     107_1211                                  FAILED: No traces matched navigation — check line name vs NAV file.
[17:19:01] [ERROR]     108_1212                                  FAILED: No traces matched navigation — check line name vs NAV file.
[17:19:01] [ERROR]     109_1213                                  FAILED: No traces matched navigation — check line name vs NAV file.
[17:19:01] [ERROR]     110_1214                                  FAILED: No traces matched navigation — check line name vs NAV file.
[17:19:01] [ERROR]     111_1215                                  FAILED: No traces matched navigation — check line name vs NAV file.
[17:19:01] [ERROR]     112_1216                                  FAILED: No traces matched navigation — check line name vs NAV file.
[17:19:01] [ERROR]     113_1217                                  FAILED: No traces matched navigation — check line name vs NAV file.
[17:19:01] [ERROR]     114_1218                                  FAILED: No traces matched navigation — check line name vs NAV file.
[17:19:01] [ERROR]     115_1219                                  FAILED: No traces matched navigation — check line name vs NAV file.
[17:19:01] [ERROR]     116_1220                                  FAILED: No traces matched navigation — check line name vs NAV file.
[17:19:01] [ERROR]     117_1221                                  FAILED: No traces matched navigation — check line name vs NAV file.
[17:19:01] [ERROR]     85-026_15189                              FAILED: No NAV line matched '85-026_15189'. Tried: ['85-026_15189', '85-026'].
[17:19:01] [ERROR]     85-027_25715                              FAILED: No NAV line matched '85-027_25715'. Tried: ['85-027_25715', '85-027'].
[17:19:01] [ERROR]     G_17558                                   FAILED: No traces matched navigation — check line name vs NAV file.
[17:19:01] [ERROR]     G_1_408                                   FAILED: No traces matched navigation — check line name vs NAV file.
[17:19:01] [ERROR]     H_1_10416                                 FAILED: No traces matched navigation — check line name vs NAV file.
[17:19:01] [ERROR]     H_2987                                    FAILED: No traces matched navigation — check line name vs NAV file.
[17:19:01] [ERROR]     I_12552                                   FAILED: No traces matched navigation — check line name vs NAV file.
[17:19:01] [ERROR]     J_11795                                   FAILED: No traces matched navigation — check line name vs NAV file.
[17:19:01] [ERROR]     J_1_16452                                 FAILED: No traces matched navigation — check line name vs NAV file.
[17:19:01] [ERROR]     K_16989                                   FAILED: No traces matched navigation — check line name vs NAV file.
[17:19:01] [ERROR]     L_13905                                   FAILED: No traces matched navigation — check line name vs NAV file.
[17:19:01] [ERROR]     O_1_45871                                 FAILED: No traces matched navigation — check line name vs NAV file.
[17:19:01] [ERROR]     O_2_48619                                 FAILED: No traces matched navigation — check line name vs NAV file.
[17:19:01] [ERROR]     O_48354                                   FAILED: No traces matched navigation — check line name vs NAV file.
[17:19:01] [ERROR]     P_1_49149                                 FAILED: No traces matched navigation — check line name vs NAV file.
[17:19:01] [ERROR]     P_43033                                   FAILED: No traces matched navigation — check line name vs NAV file.
[17:19:01] [ERROR]     Q-EXT_45287                               FAILED: No traces matched navigation — check line name vs NAV file.
[17:19:01] [ERROR]     Q_39795                                   FAILED: No traces matched navigation — check line name vs NAV file.
[17:19:01] [ERROR]     R-EXT_49224                               FAILED: No traces matched navigation — check line name vs NAV file.
[17:19:01] [ERROR]     R_1_43206                                 FAILED: No traces matched navigation — check line name vs NAV file.
[17:19:01] [ERROR]     R_49017                                   FAILED: No traces matched navigation — check line name vs NAV file.
[17:19:01] [ERROR]     S_44822                                   FAILED: No traces matched navigation — check line name vs NAV file.
[17:19:01] [ERROR]     WA-024_1187                               FAILED: No traces matched navigation — check line name vs NAV file.
[17:19:01] [ERROR]     WA-025_15564                              FAILED: No traces matched navigation — check line name vs NAV file.
[17:19:01] [INFO ] 
[17:19:01] [INFO ]   Finished: 2026-04-03 17:19:01
[17:19:01] [INFO ]   Run dir : /Users/lennylukach/Personal/School/CS4100/namss/pipeline/results/run_20260403_131823
