SP,lat,lon,seafloor_depth_m,max_amplitude,mean_envelope,mean_inst_freq_hz,mean_cosine_phase,fault_likelihood,horizon_1_depth_m,horizon_2_depth_m,horizon_3_depth_m

122,39.84236033,-71.38625377,655.5,2.853265590914247,0.17757741673506064,77.92004626347381,0.01583910737194683,0.4342857142857143,715.5,755.2500000000001,786.75
122,39.84236033,-71.38625377,656.25,3.0514159181667506,0.18630860004820501,77.46435577091864,0.013227060311430438,0.38285714285714284,719.25,755.2500000000001,787.5
122,39.84236033,-71.38625377,659.25,3.47075058953755,0.19744378703933457,77.01066914221379,0.009305090910962493,0.3216374269005848,723.0,755.2500000000001,787.5
123,39.84231388,-71.38639343,660.0,3.7736274703008545,0.20865786205303005,77.23526842154848,0.011364516409161298,0.27647058823529413,723.0,755.2500000000001,787.5
123,39.84231388,-71.38639343,660.0,3.9572252679989246,0.2177740704488648,77.4610322201532,0.010750217859038652,0.27058823529411763,723.0,755.2500000000001,787.5
123,39.84231388,-71.38639343,660.75,4.131947213601459,0.22374037985103218,76.78609367614123,0.013992705332454867,0.25443786982248523,723.0,755.2500000000001,787.5
123,39.84231388,-71.38639343,661.5,4.419624462908989,0.23050756794211616,76.33686524586983,0.013615067893155015,0.2619047619047619,723.0,755.2500000000001,787.5
124,39.8422728,-71.38653863,661.5,4.7083601867680525,0.23937641511645807,77.01329693256498,0.009450767230123419,0.26785714285714285,723.0,755.2500000000001,787.5
124,39.8422728,-71.38653863,661.5,4.843705154796876,0.24734891635139092,76.78810916403414,0.012331889982677391,0.26785714285714285,723.0,755.2500000000001,787.5
124,39.8422728,-71.38653863,661.5,4.839363111680659,0.25276164220115827,75.8866134464625,0.012291939917770106,0.26785714285714285,723.0,755.2500000000001,787.5
124,39.8422728,-71.38653863,661.5,4.927757441753256,0.2577518922071094,77.46132081608361,0.013149960774948132,0.2619047619047619,723.0,755.2500000000001,787.5
124,39.8422728,-71.38653863,661.5,5.176312552571338,0.2641767469820101,76.3328277480187,0.017851841790706695,0.2619047619047619,723.0,755.2500000000001,787.5
125,39.84222715,-71.38668232,661.5,5.619776963800734,0.27251432248788954,75.65388838943544,0.010156722743307164,0.2558139534883721,723.0,755.2500000000001,790.5
125,39.84222715,-71.38668232,662.25,6.000260435131707,0.2806736549451483,77.22845845035636,-0.0017072157130863437,0.24561403508771928,723.0,755.2500000000001,790.5
125,39.84222715,-71.38668232,662.25,6.298862436093607,0.2905410393509387,77.23064795637184,0.008715290138469878,0.24561403508771928,723.0,755.2500000000001,790.5
125,39.84222715,-71.38668232,662.25,6.562459084675807,0.3023660739051442,77.68483182937487,0.018247299930480743,0.2222222222222222,723.0,755.2500000000001,790.5
126,39.8421895,-71.38683062,662.25,6.7539782813522,0.3144858188999066,77.68764331494633,0.010987685724588409,0.21052631578947367,723.0,755.2500000000001,790.5
126,39.8421895,-71.38683062,662.25,6.682771377401493,0.3243600295543358,77.23851300263432,0.001119257570630358,0.21637426900584794,723.0,755.2500000000001,790.5
126,39.8421895,-71.38683062,662.25,6.495367890265351,0.332243551923399,76.78812706697495,0.005180724870849491,0.23976608187134502,723.0,755.2500000000001,790.5
126,39.8421895,-71.38683062,663.0,6.42666457130934,0.3399354861968895,77.4630596978721,0.016528071479222032,0.21764705882352942,723.0,755.2500000000001,790.5
127,39.84214677,-71.3869745,663.0,6.538746246274823,0.34712737679841565,76.7870690444114,0.015267927764504644,0.22941176470588234,723.0,755.2500000000001,790.5
127,39.84214677,-71.3869745,663.0,6.600710995599641,0.35144430451161063,76.5617500562478,0.01118183181040385,0.22941176470588234,723.0,755.2500000000001,790.5
127,39.84214677,-71.3869745,663.0,6.51321785119039,0.35429539773952007,77.01214933304884,0.008032652141516572,0.23529411764705882,723.0,758.2500000000001,790.5
127,39.84214677,-71.3869745,664.5,6.369948601880656,0.35870028676047694,77.46345935305695,0.010944341300983743,0.25,726.0,758.2500000000001,790.5
128,39.84210422,-71.38711758,664.5,6.291308099408799,0.36470470755259576,77.24040668737135,0.016686791240848632,0.23809523809523808,726.0,758.2500000000001,790.5
128,39.84210422,-71.38711758,664.5,6.57002981428032,0.369205024141561,77.69232764161134,0.013910069520171788,0.23214285714285715,726.0,758.2500000000001,790.5
128,39.84210422,-71.38711758,665.25,6.813626120597787,0.37027766992431776,77.46692814614876,0.01726726490548365,0.23952095808383234,726.0,758.2500000000001,790.5
128,39.84210422,-71.38711758,665.25,6.687233930678036,0.3702639641903534,76.56502151247052,0.011081142271191153,0.23952095808383234,726.75,758.2500000000001,790.5
128,39.84210422,-71.38711758,665.25,6.320089394408746,0.3705972289927505,77.239938307681,0.010475363875257035,0.24550898203592814,726.75,758.2500000000001,790.5
129,39.84206197,-71.38725848,665.25,6.102434924750175,0.3684755903443151,77.91702106309796,0.009403642257075899,0.25748502994011974,726.75,758.2500000000001,790.5
129,39.84206197,-71.38725848,665.25,6.06492362766943,0.36238221235198204,77.24457466975979,0.012358573955029166,0.24550898203592814,726.75,758.2500000000001,790.5
129,39.84206197,-71.38725848,665.25,6.0710029468431115,0.35725436201077193,77.47092394915273,0.008404821622854745,0.24719101123595505,726.75,758.2500000000001,798.75
129,39.84206197,-71.38725848,665.25,6.248605131030828,0.356328145311119,77.69592436238561,0.005266342391611099,0.25280898876404495,726.75,758.2500000000001,798.75
130,39.84201525,-71.3874011,665.25,6.4291380798839874,0.3576340671925331,77.92070512901026,0.004725012398542821,0.24581005586592178,726.75,758.2500000000001,799.5
130,39.84201525,-71.3874011,665.25,6.381002876360153,0.3593630587125654,79.27232271840532,0.008422770208282237,0.25139664804469275,726.75,758.2500000000001,799.5
130,39.84201525,-71.3874011,665.25,6.244399023379666,0.36277172175623545,78.82351286591876,0.01521135197792917,0.24581005586592178,726.75,758.2500000000001,799.5
130,39.84201525,-71.3874011,665.25,6.215584692901695,0.3665425236772453,78.37505868463245,0.014436773385668202,0.24581005586592178,726.75,758.2500000000001,799.5
131,39.84196262,-71.38753792,665.25,6.330123012177444,0.3702783612854468,78.82672861502247,0.013605909871680814,0.22905027932960895,726.75,759.0,799.5
131,39.84196262,-71.38753792,665.25,6.489646581506104,0.37215834883677457,78.60230831349685,0.012579934634214819,0.22905027932960895,726.75,759.0,799.5
131,39.84196262,-71.38753792,665.25,6.52208366131285,0.3751697716576337,78.82800049294984,0.009955816922331266,0.2122905027932961,726.75,759.0,799.5
131,39.84196262,-71.38753792,665.25,6.654858821224506,0.3800293594774858,77.4775321288629,0.008024614076135009,0.19553072625698323,726.75,759.0,799.5
132,39.84191753,-71.3876822,665.25,7.192112745709497,0.3845141179206669,77.25354435727556,0.008240266621774255,0.18994413407821228,726.75,764.2500000000001,799.5
132,39.84191753,-71.3876822,665.25,7.447043697232317,0.3868337718191848,77.03060809921472,-0.007949112481139636,0.2011173184357542,726.75,765.0,799.5
132,39.84191753,-71.3876822,665.25,7.522747878418449,0.38819537608460414,78.38469354830961,-0.0062959716940853986,0.19607843137254902,726.75,786.75,818.25
132,39.84191753,-71.3876822,665.25,7.520448054165788,0.39060845160637936,78.38767050299673,-0.0047745046135957946,0.21568627450980393,726.75,786.75,818.25
132,39.84191753,-71.3876822,665.25,7.391368991605536,0.39208691583475885,78.38948241065249,0.006229392843883049,0.21568627450980393,726.75,786.75,818.25
133,39.84186385,-71.38782523,665.25,7.183880602963885,0.3920311337994446,77.93938613386354,0.0027846425362781156,0.22549019607843138,726.75,787.5,818.25
133,39.84186385,-71.38782523,666.0,7.0036009816206075,0.3904167698988555,77.71360109956824,0.009233709197078733,0.24509803921568626,726.75,787.5,819.0000000000001
133,39.84186385,-71.38782523,666.0,6.792118763740945,0.38756355021754285,77.93872584070682,0.014651167067274323,0.23529411764705882,727.5,787.5,819.0000000000001
133,39.84186385,-71.38782523,666.0,6.4890229901015095,0.3842479253292874,78.84463402135314,0.0066147610741993075,0.22058823529411764,727.5,787.5,819.0000000000001
134,39.8418161,-71.3879637,666.0,6.341714022080206,0.38460950955863304,77.85119433530996,0.010753701695229729,0.23039215686274508,727.5,787.5,819.0000000000001
134,39.8418161,-71.3879637,666.75,6.214663453928676,0.38746389430028827,77.88389481284567,0.011112904007150667,0.23645320197044334,727.5,787.5,819.0000000000001
134,39.8418161,-71.3879637,666.75,6.211933511921195,0.3899020010206495,78.3460729336979,0.006626300905618079,0.23645320197044334,727.5,787.5,819.0000000000001
134,39.8418161,-71.3879637,666.75,6.334508125034229,0.38834654714881334,80.59034033615009,0.001099048132874254,0.23645320197044334,727.5,787.5,819.0000000000001
135,39.84176628,-71.38810783,666.75,6.445065000466697,0.384629913434204,80.13416719604292,-0.0016722061930824089,0.24630541871921183,727.5,787.5,819.0000000000001
135,39.84176628,-71.38810783,666.75,6.505091136875229,0.38197800760714523,79.91296744112886,-0.012000847665642779,0.2561576354679803,727.5,787.5,819.0000000000001
135,39.84176628,-71.38810783,666.75,6.632814102233668,0.38209053095361434,78.56861779173794,-0.007904033731302428,0.26108374384236455,727.5,787.5,819.0000000000001
135,39.84176628,-71.38810783,666.75,6.65954193359809,0.38334621711971106,78.11310980797809,0.0071257630461757605,0.27586206896551724,727.5,787.5,819.0000000000001
136,39.84172178,-71.38824958,666.75,6.489425084645036,0.3885312215834224,78.09888715522706,0.004870582787796322,0.270935960591133,727.5,787.5,819.0000000000001
136,39.84172178,-71.38824958,666.75,6.228635581663705,0.39560965689842337,79.88661341538811,0.0018997150170692114,0.24630541871921183,755.2500000000001,787.5,819.0000000000001
136,39.84172178,-71.38824958,666.75,6.050141980004695,0.3971127017955631,80.32796917122133,0.009074478634400212,0.23645320197044334,755.2500000000001,787.5,819.0000000000001
136,39.84172178,-71.38824958,666.75,5.969858479547089,0.39162794781009236,80.32127954402054,0.006431607002358007,0.24630541871921183,755.2500000000001,787.5,819.0000000000001
136,39.84172178,-71.38824958,666.75,5.974160873800765,0.38800427451673936,80.87754739992286,0.003580157457990235,0.2660098522167488,756.0,787.5,819.0000000000001
137,39.84167683,-71.38839528,666.75,5.978737316935775,0.3877394759966437,79.97180064404557,0.00329313148955594,0.270935960591133,756.0,787.5,819.0000000000001
137,39.84167683,-71.38839528,666.75,6.152820181983893,0.3887587675286805,79.51683645252231,0.0039381816460079995,0.27586206896551724,756.0,787.5,819.0000000000001
137,39.84167683,-71.38839528,666.75,6.318566035970305,0.3879545551320708,79.2835395586414,0.005216794681251454,0.27586206896551724,756.0,787.5,819.0000000000001
137,39.84167683,-71.38839528,666.75,6.408422450604201,0.388508038446305,79.72430181291544,0.002953088098428362,0.27586206896551724,756.0,787.5,819.0000000000001
138,39.84163342,-71.38854278,666.75,6.457817477283081,0.3908859506402623,79.71656202541784,0.00517441406595102,0.27586206896551724,756.0,787.5,819.0000000000001
138,39.84163342,-71.38854278,666.75,6.681573129525838,0.3923091030468171,80.16223870421842,0.005939042612761865,0.270935960591133,756.0,787.5,819.0000000000001
138,39.84163342,-71.38854278,666.75,6.890701919705212,0.39241294335863514,79.03561366009666,0.006071450783523689,0.27586206896551724,756.0,787.5,819.0000000000001
138,39.84163342,-71.38854278,666.75,6.944036998344784,0.39433940541249884,78.58888446045133,0.005398635982496656,0.2660098522167488,756.0,787.5,819.0000000000001
139,39.841588,-71.38868635,666.75,7.030263195759282,0.3989468225383427,79.4933236361499,0.0045272859848780045,0.26108374384236455,756.0,787.5,819.0000000000001
139,39.841588,-71.38868635,666.75,7.179464248560692,0.4015550143967287,78.36757019988224,0.0036854451276036905,0.26108374384236455,756.0,787.5,819.0000000000001
139,39.841588,-71.38868635,666.75,7.285711227221061,0.40273143181738813,77.91523234621673,0.002950359618330158,0.2561576354679803,756.0,787.5,819.0000000000001
139,39.841588,-71.38868635,666.75,7.342615940360482,0.4060948604768629,77.4619654064787,0.004389754086954784,0.2561576354679803,756.0,787.5,819.0000000000001
140,39.8415435,-71.38883212,667.5,7.191997949841725,0.4099662695787204,77.23268396300134,0.004502163852286464,0.2524752475247525,756.0,787.5,819.0000000000001
140,39.8415435,-71.38883212,667.5,6.905202449784219,0.41148911329081145,79.02876499253072,0.003509557330303768,0.24752475247524752,756.0,787.5,819.0000000000001
140,39.8415435,-71.38883212,667.5,6.588246311128317,0.409031860413483,79.02510874427745,0.00734934193247732,0.22277227722772278,756.0,787.5,819.0000000000001
140,39.8415435,-71.38883212,667.5,6.441161196004627,0.4097848701575278,79.02721051584942,0.01199854885231102,0.23267326732673269,756.0,787.5,819.0000000000001
140,39.8415435,-71.38883212,667.5,6.432964505320121,0.41243483363079275,80.38385364557675,0.012444307375908653,0.21782178217821782,756.0,787.5,819.0000000000001
141,39.84149873,-71.3889756,667.5,6.521820163606044,0.41196923953968245,79.48751266662774,0.00787334634819958,0.20297029702970298,756.0,787.5,819.0000000000001
141,39.84149873,-71.3889756,667.5,6.602691650659846,0.4084706523452488,79.71556984944736,0.005818882754322716,0.19801980198019803,756.0,787.5,819.0000000000001
141,39.84149873,-71.3889756,667.5,6.638309999644848,0.40759777454899127,80.39467914476869,0.010479537567496654,0.20297029702970298,756.0,787.5,819.0000000000001
141,39.84149873,-71.3889756,667.5,6.490658435114312,0.4112174085412708,80.17586956604282,0.012448664183177627,0.24752475247524752,756.0,787.5,819.0000000000001
142,39.8414506,-71.38911897,667.5,6.258512014039782,0.41515716832690314,80.6346942535979,0.00883668966512105,0.24752475247524752,756.0,787.5,819.0000000000001
142,39.8414506,-71.38911897,667.5,6.229652157895665,0.4173739932025539,80.86485234913998,0.006725235705294296,0.24752475247524752,756.0,787.5,819.0000000000001
142,39.8414506,-71.38911897,667.5,6.38067125139109,0.4187484312660583,79.96444033978965,0.01057528639281879,0.25742574257425743,756.0,787.5,819.0000000000001
142,39.8414506,-71.38911897,667.5,6.4210430492901995,0.4204648255953894,79.73961162018757,0.011537125677996892,0.26732673267326734,756.0,787.5,819.0000000000001
143,39.84139943,-71.38926235,667.5,6.218728301944563,0.4203417998749844,79.0690960016013,0.006868900788531754,0.24752475247524752,756.0,787.5,819.0000000000001
143,39.84139943,-71.38926235,667.5,6.512808567930718,0.41964593842408304,79.42118943716994,0.0051139835142061454,0.25742574257425743,756.0,787.5,819.0000000000001
143,39.84139943,-71.38926235,667.5,6.98002310879316,0.417154155877567,79.4383484087145,0.00564581659874678,0.2524752475247525,756.0,787.5,819.0000000000001
143,39.84139943,-71.38926235,667.5,7.0088198872991825,0.41601998062042445,77.85431329051382,0.008630341900649431,0.2376237623762376,756.0,787.5,819.0000000000001
143,39.84139943,-71.38926235,667.5,6.8052518353401625,0.416262014283725,78.85292098054413,0.011397952946416786,0.2524752475247525,727.5,787.5,819.0000000000001
144,39.84135173,-71.38940868,667.5,6.589125659467506,0.41684542416835324,79.74609014759145,0.011184798770352765,0.25742574257425743,727.5,787.5,819.0000000000001
144,39.84135173,-71.38940868,667.5,6.46893460441761,0.42132444733492946,78.17008902863238,0.009568877580683265,0.2722772277227723,727.5,787.5,819.0000000000001
144,39.84135173,-71.38940868,667.5,6.797568802940441,0.4267687700345951,79.30104038275871,0.007232590461923542,0.2722772277227723,727.5,787.5,819.0000000000001
144,39.84135173,-71.38940868,667.5,7.0928116670681325,0.42572168081452066,79.7555082984665,0.007124109615020499,0.26732673267326734,727.5,787.5,819.0000000000001
145,39.84130507,-71.38955193,667.5,7.294654233604022,0.4221953695292196,79.9805436269818,0.003623995312802952,0.26732673267326734,727.5,787.5,819.0000000000001
145,39.84130507,-71.38955193,667.5,7.568208031589434,0.42133708506175666,78.85209588390089,0.004340919490859775,0.25742574257425743,727.5,787.5,819.0000000000001
145,39.84130507,-71.38955193,667.5,7.859307440353468,0.42353576023112016,79.30296553701419,0.005821149190573595,0.25742574257425743,727.5,787.5,819.0000000000001
145,39.84130507,-71.38955193,667.5,8.276014369542969,0.42578912589664447,80.21258017456658,0.012483976235959702,0.24752475247524752,727.5,787.5,819.0000000000001
146,39.84126033,-71.3897001,667.5,8.094302148916666,0.42892592356370257,80.56318076309833,0.014178694245147928,0.2376237623762376,727.5,787.5,819.0000000000001
146,39.84126033,-71.3897001,667.5,7.469204098020519,0.43044897470805776,80.34412551545948,0.016448058603560748,0.2524752475247525,727.5,787.5,819.0000000000001
146,39.84126033,-71.3897001,667.5,6.86228602882058,0.42837321273016266,80.12440307058392,0.01593018666525469,0.2524752475247525,727.5,787.5,819.0000000000001
146,39.84126033,-71.3897001,667.5,6.825891994717814,0.4242478796769513,79.4683745144052,0.014163940851378528,0.2524752475247525,727.5,787.5,819.0000000000001
147,39.8412252,-71.38984705,667.5,6.947983071570832,0.41966112482564144,79.04623592528304,0.008293061143313496,0.26732673267326734,727.5,787.5,819.0000000000001
147,39.8412252,-71.38984705,667.5,7.214174209459376,0.4192827669371481,77.71342958449235,0.0036928191550834673,0.27722772277227725,727.5,787.5,819.0000000000001
147,39.8412252,-71.38984705,667.5,7.474845222205773,0.4198811506118524,78.62096884665146,0.006565465180421248,0.27722772277227725,727.5,787.5,819.0000000000001
147,39.8412252,-71.38984705,667.5,7.62441286562124,0.4199374698519168,77.48860510961822,0.008381513370098972,0.2623762376237624,727.5,787.5,819.0000000000001
147,39.8412252,-71.38984705,667.5,7.757804577443517,0.4214575376632078,76.79364221547925,0.002729040093920732,0.2623762376237624,727.5,787.5,819.0000000000001
148,39.84119835,-71.38999133,667.5,7.950750013390901,0.4249843532086937,77.44520461182866,0.004650951734467789,0.28217821782178215,727.5,787.5,819.0000000000001
148,39.84119835,-71.38999133,667.5,7.856607926932904,0.4297727664780951,78.54863612451123,0.004335159960888381,0.28217821782178215,727.5,787.5,819.0000000000001
148,39.84119835,-71.38999133,667.5,7.255497281682128,0.4330905746026643,77.99307340421619,0.0014291108859129857,0.297029702970297,727.5,787.5,819.0000000000001
148,39.84119835,-71.38999133,667.5,6.986196404359514,0.43318853723200984,77.70596825220211,0.009078620975929845,0.30198019801980197,727.5,787.5,819.0000000000001
149,39.84116292,-71.390138,667.5,6.570522225437066,0.43165361165692845,77.92984032762847,0.0052800901059857006,0.2935323383084577,727.5,787.5,818.25
149,39.84116292,-71.390138,667.5,6.7838888569198845,0.43163962777766157,77.24574398696802,0.0032582329644292225,0.27860696517412936,727.5,787.5,818.25
149,39.84116292,-71.390138,667.5,6.735170555714843,0.43334945567202127,76.7892815978475,0.002949257230096538,0.2736318407960199,727.5,787.5,818.25
149,39.84116292,-71.390138,667.5,7.070403654731164,0.43306291101935507,76.55940183352428,0.007672019501154511,0.2835820895522388,727.5,787.5,818.25
150,39.84113398,-71.39028278,667.5,6.871675074918536,0.4292282576087911,75.4299574107965,0.008721815155023745,0.2538860103626943,727.5,775.5,812.25
150,39.84113398,-71.39028278,667.5,6.905006321225571,0.42608633847494837,76.32903480901159,0.006673487345722434,0.25906735751295334,727.5,775.5,812.25
150,39.84113398,-71.39028278,667.5,7.205247777678479,0.42743082974722146,77.00494576323443,0.008866968788261915,0.2538860103626943,727.5,774.7499999999999,812.25
150,39.84113398,-71.39028278,667.5,7.850677390214566,0.4298492707436934,76.10594312315591,0.007852383598183585,0.23316062176165803,727.5,774.7499999999999,812.25
151,39.84109103,-71.39042122,667.5,8.022223630026556,0.4326729616525542,76.55807779241096,0.005343151804313443,0.2391304347826087,727.5,766.5,805.5
151,39.84109103,-71.39042122,667.5,7.537761403887148,0.43280557080340265,74.98259218200172,0.004152111830814116,0.266304347826087,727.5,766.5,805.5
151,39.84109103,-71.39042122,667.5,6.84852497567595,0.42951939950040624,74.53218786025037,0.0004731608401757392,0.29891304347826086,727.5,766.5,805.5
151,39.84109103,-71.39042122,667.5,6.373115526106707,0.4254952914833599,75.43339192039792,-0.003349861146427781,0.28804347826086957,727.5,765.7500000000001,805.5
152,39.84104392,-71.39056025,667.5,6.620301200055108,0.4184726928385603,75.88448969668548,-0.0011834440752623973,0.27717391304347827,727.5,765.7500000000001,805.5
152,39.84104392,-71.39056025,667.5,6.703011001829011,0.41100740385353385,77.01043781079755,-0.0007199133546830573,0.27717391304347827,727.5,762.0,805.5
152,39.84104392,-71.39056025,667.5,6.473922322445505,0.4094796032262114,75.88372799500407,-0.0007690267824255382,0.29891304347826086,727.5,761.2500000000001,805.5
152,39.84104392,-71.39056025,667.5,6.087006064759227,0.41181390373520826,75.43223938537089,-0.0005848464211718494,0.28804347826086957,727.5,759.7500000000001,805.5
153,39.8409943,-71.39069693,667.5,6.043984047928463,0.41169143298895894,74.07981511692418,-0.0015430280474499048,0.30939226519337015,727.5,759.7500000000001,803.25
153,39.8409943,-71.39069693,667.5,5.894185538613615,0.40767467428307913,74.30337285536433,-0.004007133354931827,0.287292817679558,727.5,759.0,803.25
153,39.8409943,-71.39069693,667.5,5.945897519335857,0.4042207501764606,75.65293692059366,0.0020458140697336958,0.27071823204419887,727.5,758.2500000000001,803.25
153,39.8409943,-71.39069693,667.5,5.953988429588689,0.40524332119821277,75.65310121119599,0.011717857902968523,0.2596685082872928,727.5,758.2500000000001,803.25
154,39.84094048,-71.39083647,667.5,6.0630236792772925,0.40576295186388,75.88576284860444,0.008086336742066333,0.25555555555555554,727.5,758.2500000000001,802.5
154,39.84094048,-71.39083647,667.5,6.00357247615898,0.40359651741125246,75.98913270715374,0.008869131664564406,0.26666666666666666,727.5,758.2500000000001,802.5
154,39.84094048,-71.39083647,667.5,5.832297938318514,0.4023500333028467,75.31759944502288,0.01005384418734533,0.2611111111111111,727.5,758.2500000000001,802.5
154,39.84094048,-71.39083647,667.5,5.927259303154372,0.4049485578981962,74.6471489419783,0.0077963282311597154,0.2611111111111111,727.5,758.2500000000001,802.5
155,39.84089073,-71.39096708,667.5,6.096988653571708,0.4075951603781992,74.17698116460532,0.0020663496440542274,0.26666666666666666,727.5,758.2500000000001,802.5
155,39.84089073,-71.39096708,667.5,5.9148493743846755,0.4079199219841025,74.92055918174142,0.0014027344713271016,0.25555555555555554,727.5,758.2500000000001,802.5
155,39.84089073,-71.39096708,667.5,5.938675216931468,0.4074905561072262,74.77550174680867,0.0015091732823928035,0.25,727.5,758.2500000000001,802.5
155,39.84089073,-71.39096708,667.5,6.177184655092555,0.4114857288344297,76.34327766138253,0.006576755245030312,0.2222222222222222,727.5,758.2500000000001,802.5
155,39.84089073,-71.39096708,667.5,6.4927446755926015,0.41315211116296113,74.3130701020484,0.0060750767523755035,0.25,727.5,758.2500000000001,802.5
156,39.84084193,-71.3911042,667.5,6.49134439246438,0.41064787717806905,75.21186086969868,0.005061307519073976,0.2611111111111111,727.5,758.2500000000001,802.5
156,39.84084193,-71.3911042,667.5,6.177538080913831,0.4059629975615752,74.75985042267322,0.009389178012908513,0.28888888888888886,727.5,758.2500000000001,802.5
156,39.84084193,-71.3911042,667.5,6.152848803146756,0.40569233849729214,74.30699917614324,0.014752989640631464,0.29444444444444445,727.5,758.2500000000001,802.5
156,39.84084193,-71.3911042,667.5,6.1518543689237,0.40962615840970923,75.42947582815268,0.013965053725873625,0.2833333333333333,727.5,758.2500000000001,802.5
157,39.84079282,-71.39124142,667.5,6.225726681163501,0.41164350085593043,75.42654600095979,0.00882587839465925,0.28888888888888886,727.5,758.2500000000001,802.5
157,39.84079282,-71.39124142,667.5,6.457598647860744,0.4132534465677693,74.97712040979874,0.004547408967797743,0.29444444444444445,727.5,758.2500000000001,802.5
157,39.84079282,-71.39124142,667.5,6.601902330369902,0.4165421696282693,74.75583941999517,0.008079315356624112,0.2777777777777778,727.5,758.2500000000001,802.5
157,39.84079282,-71.39124142,667.5,6.4850664919977135,0.4196484609614009,75.4336078903149,0.009260667944724466,0.26666666666666666,727.5,758.2500000000001,802.5
158,39.84074477,-71.39137788,667.5,6.336072509444461,0.41716328192677604,76.10878196928854,0.008843062341673473,0.2833333333333333,727.5,758.2500000000001,802.5
158,39.84074477,-71.39137788,667.5,6.2597539425865705,0.41432361944342294,76.78297112237983,0.005332229286671034,0.3055555555555556,727.5,758.2500000000001,802.5
158,39.84074477,-71.39137788,667.5,6.511478827852998,0.4168567093140923,75.88095663637246,0.002661966225195868,0.31666666666666665,727.5,758.2500000000001,802.5
158,39.84074477,-71.39137788,667.5,7.155031174266559,0.4242689760881442,76.55518119126783,-0.0009980353038558498,0.3111111111111111,727.5,758.2500000000001,802.5
159,39.84069923,-71.39151993,667.5,7.678231059395212,0.42930731091117047,75.87852448859358,0.0002449370661548617,0.31666666666666665,727.5,758.2500000000001,802.5
159,39.84069923,-71.39151993,667.5,7.84588252548488,0.43097823571495814,78.12918519848026,0.001661232295396901,0.32222222222222224,727.5,758.2500000000001,802.5
159,39.84069923,-71.39151993,667.5,8.184030570978912,0.4304698934827367,77.67704389482991,0.004345932912432,0.34444444444444444,727.5,758.2500000000001,802.5
159,39.84069923,-71.39151993,667.5,8.66702362857277,0.4288384295138155,76.54700301708426,0.0027677887378140483,0.3333333333333333,727.5,758.2500000000001,802.5
160,39.84064855,-71.39165458,667.5,8.774109390662034,0.42554177942552507,76.31015062628386,0.0028437970580834425,0.31666666666666665,727.5,758.2500000000001,802.5
160,39.84064855,-71.39165458,667.5,8.55094544157404,0.4252437272865669,76.93588759924829,0.005415386961132386,0.3055555555555556,727.5,758.2500000000001,802.5
160,39.84064855,-71.39165458,667.5,8.880341545622885,0.42924092123960716,77.22203243551088,-0.00020961416680047754,0.28888888888888886,727.5,758.2500000000001,802.5
160,39.84064855,-71.39165458,667.5,9.724311807525078,0.43308513288354616,77.50014089506267,0.005442764334813119,0.2849162011173184,727.5,758.2500000000001,801.75
161,39.84059793,-71.39179012,667.5,10.091948643390836,0.43408042104473465,76.81396860904387,0.010921414995010094,0.3128491620111732,727.5,758.2500000000001,801.75
161,39.84059793,-71.39179012,667.5,10.002368983591033,0.43419558198611563,77.27123575358866,0.008253988463575697,0.3128491620111732,727.5,758.2500000000001,801.75
161,39.84059793,-71.39179012,667.5,9.65784769507521,0.43455991388997767,77.07313160388948,0.003512826171925206,0.3128491620111732,727.5,758.2500000000001,801.75
161,39.84059793,-71.39179012,667.5,9.607927474013989,0.43359001870667396,77.2392756920145,0.004510279880023398,0.2905027932960894,727.5,758.2500000000001,801.75
161,39.84059793,-71.39179012,667.5,9.920862481141732,0.42995210147851204,77.48881332764988,0.008141572731257039,0.2849162011173184,727.5,758.2500000000001,801.75
162,39.84055033,-71.39193192,667.5,9.967122492742245,0.425650100964563,78.59241942067932,0.011904320742479352,0.31843575418994413,727.5,758.2500000000001,801.75
162,39.84055033,-71.39193192,667.5,9.514875583442329,0.4210444088202114,76.9756001238857,0.013858022426092216,0.31843575418994413,727.5,758.2500000000001,801.75
162,39.84055033,-71.39193192,667.5,8.92377426871729,0.4196200070574536,75.48388072505598,0.005123815810517314,0.29608938547486036,727.5,758.2500000000001,801.75
162,39.84055033,-71.39193192,667.5,8.43763316206152,0.4229065159894509,75.6872890016905,0.008239775423206988,0.2905027932960894,727.5,758.2500000000001,801.75
163,39.84050317,-71.3920657,667.5,8.178062249450996,0.4249589190628072,74.77220141470534,0.008533263179131102,0.31843575418994413,727.5,758.2500000000001,801.75
163,39.84050317,-71.3920657,667.5,8.167417839494814,0.4264652773178301,74.98972378631548,0.004127334947430781,0.3128491620111732,727.5,758.2500000000001,801.75
163,39.84050317,-71.3920657,666.75,8.140363250182626,0.4303395716215786,77.68847355230524,0.006060188260369805,0.3,726.75,758.2500000000001,801.75
163,39.84050317,-71.3920657,666.75,8.50898020952928,0.4337393750628702,76.78582538032283,0.005442746540541883,0.31666666666666665,726.75,758.2500000000001,801.75
164,39.84045607,-71.39220522,666.75,8.311246746711783,0.4314554012825937,77.91040692818679,0.005150740686667415,0.31666666666666665,726.75,758.2500000000001,801.75
164,39.84045607,-71.39220522,666.75,8.147393578452466,0.4243623239307252,77.23547476464833,0.009472720400953798,0.3277777777777778,726.75,758.2500000000001,801.75
164,39.84045607,-71.39220522,666.75,7.96950460699024,0.4179388403205184,76.33748628542533,0.01585175811082847,0.32222222222222224,726.75,758.2500000000001,801.75
164,39.84045607,-71.39220522,666.75,8.125020489934116,0.41562836635525874,76.34022514486084,0.018414875148116534,0.3111111111111111,726.75,758.2500000000001,801.75
165,39.84041053,-71.39234945,666.75,8.332207292600847,0.4143917892353214,77.24535789958158,0.006886441037646594,0.3,726.75,758.2500000000001,801.75
165,39.84041053,-71.39234945,666.75,8.278216306806183,0.4117184075230809,78.99570117817282,0.011024439204788745,0.3111111111111111,726.75,758.2500000000001,801.75
165,39.84041053,-71.39234945,666.75,8.238614513232026,0.4067788416125518,76.32240409171686,0.005397451948496966,0.31666666666666665,726.75,758.2500000000001,801.75
165,39.84041053,-71.39234945,666.75,8.385551414501268,0.4035405698567921,75.64667508848866,0.006954030842848021,0.31666666666666665,726.75,758.2500000000001,801.75
166,39.84036338,-71.39248463,666.75,8.499716021316319,0.4032906475595542,75.41994311107936,0.009892209633435527,0.31666666666666665,726.75,758.2500000000001,801.75
166,39.84036338,-71.39248463,666.75,8.060845876570532,0.39901279621446223,75.42083195364661,0.008812786528489096,0.27624309392265195,726.75,758.2500000000001,802.5
166,39.84036338,-71.39248463,666.75,7.567404380432903,0.3933838147485723,75.6493994967842,0.0019618016604304313,0.287292817679558,726.75,758.2500000000001,802.5
166,39.84036338,-71.39248463,666.75,7.4177705593462475,0.3914039308971302,74.07613545909963,0.0033070623803431697,0.27624309392265195,726.75,758.2500000000001,802.5
167,39.84031243,-71.39261932,666.75,7.391356427579239,0.39176062974623677,75.20279750782737,-0.00016633435033297113,0.26519337016574585,726.75,758.2500000000001,802.5
167,39.84031243,-71.39261932,666.75,6.949086866463214,0.3855028831796493,74.97652761799787,-0.00591715400205815,0.287292817679558,726.75,758.2500000000001,802.5
167,39.84031243,-71.39261932,666.75,6.327724343865412,0.37813390975823374,73.62446957772192,-0.005366057128777947,0.3259668508287293,726.75,759.0,802.5
167,39.84031243,-71.39261932,666.75,6.224796947462565,0.37539762616131145,74.52606072610125,0.004411180444813717,0.32044198895027626,726.75,759.0,802.5
168,39.84025885,-71.39275762,666.75,6.273303597368592,0.37388254049954656,74.97816390215146,0.010555234748940568,0.30386740331491713,726.75,759.0,802.5
168,39.84025885,-71.39275762,666.75,6.378069405967526,0.3738864709291889,74.30284764622111,0.0057556778627499685,0.30939226519337015,726.75,759.0,802.5
168,39.84025885,-71.39275762,666.75,6.835473508526433,0.3772168859680027,73.62573070166734,0.0013918640383695725,0.3149171270718232,726.75,759.0,802.5
168,39.84025885,-71.39275762,666.75,7.5943034156215345,0.38156494991115475,72.27259334170847,0.005553709878633708,0.30939226519337015,726.75,759.0,802.5
168,39.84025885,-71.39275762,666.75,8.170083267273997,0.38641393112188294,72.72163670777414,0.009694325292342104,0.2983425414364641,726.75,759.0,802.5
169,39.84020827,-71.3928948,666.75,8.35970387008772,0.39046280467778205,73.84780805291072,0.011477302962162754,0.2983425414364641,726.75,759.0,802.5
169,39.84020827,-71.3928948,666.75,8.209695935308476,0.38864927228640933,74.29959908458036,0.0015114092850095238,0.292817679558011,726.75,759.0,802.5
169,39.84020827,-71.3928948,666.75,8.054471456350168,0.38569929677518916,74.52553436984321,-0.0023543994970938115,0.27624309392265195,726.75,759.0,802.5
169,39.84020827,-71.3928948,666.75,8.038452058881639,0.3830916772893758,75.42604621726922,0.0016241034734539878,0.287292817679558,726.75,759.0,802.5
170,39.84015518,-71.39303143,666.75,7.937027876445958,0.38046977233672175,76.55190164301777,0.008024726572506847,0.287292817679558,726.75,759.0,802.5
170,39.84015518,-71.39303143,666.75,7.845162374685358,0.37288977695949965,76.55179163564321,0.009945489947167995,0.27472527472527475,726.75,759.0,803.25
170,39.84015518,-71.39303143,666.75,7.832164075604538,0.3679121451031664,73.62354706578054,0.010193441776433547,0.29120879120879123,726.75,759.0,803.25
170,39.84015518,-71.39303143,666.75,7.8421243338998075,0.367965693482384,74.29767240904545,0.002426537787761898,0.3076923076923077,726.75,759.0,803.25
171,39.84010355,-71.3931665,666.75,7.782562154962999,0.36932968087421614,73.84702626168769,0.0015420837633748333,0.3021978021978022,726.75,759.0,803.25
171,39.84010355,-71.3931665,666.75,7.627676809204036,0.36833843359815627,73.84837297101058,-0.0035797247400599845,0.3076923076923077,726.75,761.2500000000001,803.25
171,39.84010355,-71.3931665,666.75,7.5484323820320105,0.36532220571742574,75.20003531381496,-0.00672575122119179,0.3131868131868132,726.75,762.0,803.25
171,39.84010355,-71.3931665,666.75,7.5559569627653,0.36639113910934784,74.29704581686995,-0.006446053491443143,0.3241758241758242,726.75,762.0,803.25
172,39.84005145,-71.39329968,666.75,7.779051644538999,0.37104453854383296,74.29203668986126,-0.0022861233112247098,0.3241758241758242,726.75,762.0,803.25
172,39.84005145,-71.39329968,666.75,7.816554866130237,0.3725466288678707,74.06249327224842,0.0003626847280543297,0.3241758241758242,726.75,762.0,803.25
172,39.84005145,-71.39329968,666.75,7.55994109758321,0.3698707239768686,72.93726735421963,2.3445613146906142e-05,0.3241758241758242,726.75,762.0,803.25
172,39.84005145,-71.39329968,666.75,7.048992173081602,0.3678477849902458,74.2918223769451,0.0045285899446357285,0.3131868131868132,726.75,762.0,803.25
173,39.83999593,-71.39343438,666.75,6.781641703011701,0.3679549324999251,74.29332029793083,0.0058315092218875555,0.32967032967032966,726.75,762.0,803.25
173,39.83999593,-71.39343438,666.75,6.5208127099091495,0.36797517288725334,73.61723938457912,0.005981064795531101,0.3241758241758242,726.75,762.0,803.25
173,39.83999593,-71.39343438,666.75,6.051351005864564,0.3667293790178878,74.29305253261424,0.0065777148229986164,0.34065934065934067,726.75,762.0,803.25
173,39.83999593,-71.39343438,666.75,5.719753494990395,0.36814177839877626,76.0969204658884,0.0032561714003844964,0.3516483516483517,726.75,762.0,803.25
174,39.83994313,-71.39357482,666.75,5.399845368857405,0.3681347830688608,75.87353327348568,0.006353240125072872,0.34065934065934067,726.75,762.0,803.25
174,39.83994313,-71.39357482,666.75,5.240026088352157,0.36672432526236426,76.32277350298403,0.005871405020588576,0.32967032967032966,726.75,762.0,803.25
174,39.83994313,-71.39357482,666.75,5.302881207025182,0.36390442436907994,74.51886808790046,0.0031593152366716287,0.33516483516483514,726.75,762.0,803.25
174,39.83994313,-71.39357482,666.75,5.838475186903125,0.36328114929036814,73.39099375881318,-0.0009473570855555698,0.34065934065934067,726.75,762.0,803.25
174,39.83994313,-71.39357482,666.75,6.406555229082607,0.363718409784304,74.29047155535427,0.0016760909104381245,0.34065934065934067,726.75,762.0,803.25
175,39.839891,-71.39370997,666.75,6.455440956415654,0.3639387955984324,73.83948564209219,0.005856709856156722,0.32967032967032966,726.75,762.0,803.25
175,39.839891,-71.39370997,666.75,6.2635640671774855,0.36516067308263095,74.9655160140225,0.003663740955203286,0.33516483516483514,726.75,762.0,803.25
175,39.839891,-71.39370997,666.75,6.17659157002095,0.36607902841543855,76.09223048251022,0.00224046722320825,0.31868131868131866,726.75,762.0,803.25
175,39.839891,-71.39370997,666.75,6.210724642683696,0.36983901909996814,73.84111049792519,0.005664576753139821,0.32967032967032966,726.75,762.0,803.25
176,39.83984563,-71.39384942,666.75,6.362859868894967,0.37436115722159485,74.06575513019776,0.0014335131773849754,0.31868131868131866,726.75,762.0,803.25
176,39.83984563,-71.39384942,666.75,6.401254917196224,0.3760112195688792,73.38860855818292,0.0006729799775756655,0.3131868131868132,726.75,762.0,803.25
176,39.83984563,-71.39384942,666.75,6.271292811706275,0.3764832364860036,73.83795186208984,0.00023349677787336688,0.3241758241758242,726.75,762.0,803.25
176,39.83984563,-71.39384942,666.75,6.12002226763978,0.381617148126202,74.51427955668505,0.005684898326851692,0.34065934065934067,726.75,762.0,803.25
177,39.83980128,-71.39398948,666.75,6.099084760242013,0.38814585613063457,73.3899078227474,0.0015706113140327603,0.3131868131868132,726.75,762.0,803.25
177,39.83980128,-71.39398948,666.75,6.306563475786805,0.3902587611641572,73.84134299826655,-0.0004615765715192471,0.2857142857142857,726.75,762.0,803.25
177,39.83980128,-71.39398948,666.75,6.548493305489797,0.38682162265754544,74.96772865160855,0.002496536926840028,0.2857142857142857,726.75,762.0,803.25
177,39.83980128,-71.39398948,666.75,6.786021793265657,0.3831443236853372,74.96736078150144,0.00150348174819612,0.29120879120879123,726.75,762.0,803.25
178,39.83975075,-71.39412478,666.75,7.0576148486472485,0.38365555661746253,74.96589296873654,0.0014350684180492292,0.3076923076923077,726.75,762.0,803.25
178,39.83975075,-71.39412478,666.75,7.214516992050213,0.38575318662097213,75.63965632407351,-0.0009890835413774567,0.29120879120879123,726.75,762.0,803.25
178,39.83975075,-71.39412478,666.75,7.125876454004771,0.38790403486348557,75.18842102238803,0.002184303904450481,0.2967032967032967,726.75,762.0,803.25
178,39.83975075,-71.39412478,666.75,7.080134944016898,0.38742792648647467,76.08909080303728,0.0011914640469652513,0.2967032967032967,726.75,762.0,803.25
179,39.83970047,-71.39426778,666.75,6.713764206918488,0.3834039758349707,76.76558733554977,0.002552891961369252,0.2967032967032967,726.75,762.0,803.25
179,39.83970047,-71.39426778,666.75,6.380979010716905,0.3809760736736845,77.44277488811184,-0.0026322034889593,0.3021978021978022,726.75,762.0,803.25
179,39.83970047,-71.39426778,666.75,6.614555682398712,0.37811512436211364,77.44564252266495,-0.0010006506864096091,0.3131868131868132,726.75,762.0,803.25
179,39.83970047,-71.39426778,666.75,6.838631912690395,0.3719177485118068,78.12458529373778,0.005159466335450831,0.33516483516483514,726.75,762.0,803.25
180,39.83965108,-71.3944025,666.75,6.804987900579223,0.36822914353853203,78.35324757715787,0.008055899570552647,0.34615384615384615,726.75,762.0,803.25
180,39.83965108,-71.3944025,666.75,6.56547040310066,0.36734700754890043,78.13045148990061,0.007762942146448764,0.31868131868131866,726.75,762.0,803.25
180,39.83965108,-71.3944025,666.75,6.250111247473847,0.3655770193723868,77.45595518554245,0.005759761704332485,0.3076923076923077,726.75,762.0,803.25
180,39.83965108,-71.3944025,666.75,6.165906759211039,0.36579480431820266,77.9065962669541,0.0050768528435036105,0.3076923076923077,726.75,762.0,803.25
180,39.83965108,-71.3944025,666.75,6.70265701523061,0.37001696746432033,77.45691521595175,0.004576490992295111,0.32967032967032966,726.75,762.0,803.25
181,39.839601,-71.39454338,666.75,6.999540821116741,0.37560673614695256,78.5837504367188,0.0016184818237443787,0.34065934065934067,726.75,762.0,803.25
181,39.839601,-71.39454338,666.75,7.273601693524139,0.37985068090763296,79.03501191074557,0.004977862991019822,0.33516483516483514,726.75,762.0,803.25
181,39.839601,-71.39454338,666.75,7.813008888493926,0.38143863305328934,79.4860011932911,0.012427960563101659,0.3224043715846995,726.75,762.0,804.0
181,39.839601,-71.39454338,666.75,8.134669478060744,0.38456197916999824,82.86408282709445,0.004426859944764243,0.32786885245901637,726.75,762.0,804.0
182,39.83955165,-71.39468305,666.75,8.632200467017379,0.39169892655231675,80.83794615327183,0.0040267977963010645,0.32786885245901637,726.75,762.0,804.0
182,39.83955165,-71.39468305,666.75,8.59530399336256,0.39381509752604354,80.3881277383438,0.0021570916478453593,0.3114754098360656,726.75,762.0,804.0
182,39.83955165,-71.39468305,666.75,7.588656744145651,0.38961428250932034,79.48815156643158,0.0034712953867892535,0.3114754098360656,726.75,762.0,804.0
182,39.83955165,-71.39468305,666.75,7.089729039768526,0.3851782474249927,80.61478359225276,0.00033262709315996493,0.30601092896174864,726.75,762.0,804.0
183,39.83950132,-71.39482052,666.75,6.881089334428231,0.3846231867039771,79.93967501946614,-0.010615295189982766,0.33879781420765026,727.5,762.0,804.0
183,39.83950132,-71.39482052,666.75,6.838696070413815,0.38675580652744146,81.29131837385322,-0.012251724916437542,0.31693989071038253,727.5,762.0,804.0
183,39.83950132,-71.39482052,667.5,6.773991185957139,0.38576562212608295,81.29260250127602,-0.010683164961693754,0.2802197802197802,727.5,762.0,804.0
183,39.83950132,-71.39482052,667.5,6.746437087512034,0.38607788916373786,82.87018551408308,-0.010058817271851112,0.29120879120879123,727.5,762.0,804.0
184,39.83945297,-71.3949629,667.5,6.9333340122470855,0.3874689306765636,79.49312603042327,-0.0032300162601000184,0.31868131868131866,727.5,762.0,804.0
184,39.83945297,-71.3949629,667.5,7.2103572426812965,0.3893152448209744,77.69150721589033,-0.003515874026475932,0.3131868131868132,727.5,762.0,804.0
184,39.83945297,-71.3949629,667.5,7.045102888179455,0.38843285368170005,77.46570781775746,-0.0046585333911353605,0.3131868131868132,727.5,762.0,804.0
184,39.83945297,-71.3949629,667.5,7.09643378254202,0.3876356882599496,78.14089066771255,-0.004652233726049686,0.31868131868131866,727.5,762.0,804.0
185,39.83940497,-71.39510005,667.5,7.657886324662953,0.3865895529712344,78.14089131846627,-0.0002156062879161759,0.3241758241758242,727.5,762.0,804.0
185,39.83940497,-71.39510005,667.5,8.172617620316517,0.38258782832856236,77.91585492185011,0.00017268168950896218,0.3241758241758242,727.5,762.0,804.0
185,39.83940497,-71.39510005,667.5,8.32573458181505,0.3801925600317671,78.3665476431706,-0.0001423504405639895,0.32967032967032966,727.5,762.0,804.0
185,39.83940497,-71.39510005,667.5,8.22295761663387,0.37951788207028947,78.81748120468951,0.005396354008633344,0.34065934065934067,727.5,762.0,804.0
185,39.83940497,-71.39510005,667.5,8.158365417996967,0.37997115682842003,80.61959632690025,0.004477068767258494,0.33516483516483514,727.5,762.0,804.0
186,39.83935677,-71.39524483,667.5,7.8857610462042445,0.37958250280774825,79.71998912525707,0.0011366633483949424,0.34065934065934067,727.5,762.0,804.0
186,39.83935677,-71.39524483,667.5,7.632899222801898,0.38188656612910815,79.04665056575709,-0.0031584015734185044,0.3516483516483517,727.5,762.0,804.0
186,39.83935677,-71.39524483,667.5,7.506380360590019,0.38429766745775057,79.72364433972923,-0.0055166284157160995,0.34065934065934067,727.5,762.0,804.0
186,39.83935677,-71.39524483,667.5,7.3260981354269425,0.3868094734167629,79.72188428205763,-0.002239712225252976,0.31868131868131866,727.5,762.0,804.0
187,39.83930703,-71.39538293,667.5,7.121345314207372,0.3872860457096987,79.71247744679167,0.002404385736011827,0.32967032967032966,727.5,762.0,804.0
187,39.83930703,-71.39538293,667.5,7.080279915165652,0.38505667726030457,78.44029796812,0.006023278238034684,0.33516483516483514,727.5,762.0,804.0
187,39.83930703,-71.39538293,668.25,7.186488006640228,0.38183291255328927,78.61117221126004,0.011563569734219499,0.3149171270718232,728.25,762.0,804.0
187,39.83930703,-71.39538293,668.25,7.039864924269165,0.37774121258992327,79.71121617867283,0.0044654209674167234,0.3149171270718232,728.25,762.0,804.0
188,39.83925608,-71.39552265,668.25,6.931616513306905,0.3791001884043498,79.47632069561851,0.006635468194013259,0.3131868131868132,729.0,762.0,804.75
188,39.83925608,-71.39552265,668.25,6.999595651384758,0.38282820129217654,80.1485440768972,0.0031903634542568534,0.3241758241758242,729.0,762.0,804.75
188,39.83925608,-71.39552265,668.25,7.007474409265086,0.3822054624980606,80.371188762696,-0.0009075619830213761,0.32967032967032966,729.0,762.0,804.75
188,39.83925608,-71.39552265,668.25,7.082144043353367,0.3776306756419415,80.59449304520511,0.002772728519187663,0.33516483516483514,729.0,762.0,804.75
189,39.83920357,-71.39566455,668.25,7.187840000202089,0.3727040440786367,81.04487932644412,7.46173746711528e-05,0.3241758241758242,729.0,762.0,804.75
189,39.83920357,-71.39566455,668.25,7.081334801461462,0.3752887284034384,81.04707366565404,0.0039049118338507797,0.31868131868131866,729.0,762.0,804.75
189,39.83920357,-71.39566455,668.25,6.953209256755806,0.3799642945462269,81.72545367689688,0.010317683738054967,0.3241758241758242,729.0,762.0,804.75
189,39.83920357,-71.39566455,668.25,7.21285886979564,0.3844456241704281,81.2770574923196,0.01306350048262701,0.33516483516483514,729.0,762.0,804.75
189,39.83920357,-71.39566455,669.0,7.501506707257743,0.3873572539814732,82.85460811116604,0.013500510634310665,0.3425414364640884,729.0,762.0,804.75
190,39.83915368,-71.3958036,669.0,7.651890373497344,0.3892843104113446,83.08159598803606,0.011302538517947547,0.3314917127071823,729.0,762.0,804.75
190,39.83915368,-71.3958036,669.0,7.6382804334663446,0.3902144262808519,81.28271794455047,0.011937518200137729,0.32044198895027626,729.0,762.0,804.75
190,39.83915368,-71.3958036,669.0,7.54931723889146,0.39156910834476377,79.48356569954743,0.008835025257208508,0.3314917127071823,729.0,762.0,804.75
190,39.83915368,-71.3958036,669.0,7.49840037520021,0.3947062077549402,79.25956882121025,0.0059251737828843925,0.30939226519337015,729.75,762.0,804.75
191,39.8390999,-71.39594207,669.0,7.685278242368187,0.3970221740607027,78.35927887528045,0.0036187828530027497,0.287292817679558,729.75,762.0,804.75
191,39.8390999,-71.39594207,669.0,7.952409564594598,0.3995925636644336,79.48519122948083,0.014517449051757716,0.30386740331491713,730.5,762.0,804.75
191,39.8390999,-71.39594207,669.0,8.150547312976888,0.40042173783084306,78.35927444835471,0.01652977977523912,0.3021978021978022,730.5,762.0,805.5
191,39.8390999,-71.39594207,669.0,8.277105634396591,0.3979135979148923,77.4586294479319,0.013132075174879462,0.29120879120879123,730.5,762.0,805.5
192,39.83904802,-71.39607985,669.0,8.290452667453184,0.3977017881458763,77.68362582688623,0.012757059209798841,0.2802197802197802,730.5,762.0,805.5
192,39.83904802,-71.39607985,669.0,8.152430457884519,0.4000108048101962,78.13356499758969,0.010465436666856566,0.3021978021978022,730.5,762.0,805.5
192,39.83904802,-71.39607985,669.0,7.663751801641649,0.4040869399902794,77.23262968210688,0.010725923704168262,0.2802197802197802,730.5,762.0,805.5
192,39.83904802,-71.39607985,669.75,7.265434227158433,0.4050906537233406,78.13368916423927,0.014065952539351712,0.2596685082872928,730.5,762.0,805.5
193,39.83899358,-71.39621977,669.75,7.259802211358293,0.4054516232177798,78.35984291358962,0.017176594208124882,0.26229508196721313,730.5,762.0,807.0
193,39.83899358,-71.39621977,669.75,7.6685815508934825,0.4030977178652107,78.36026420960992,0.01484931550076558,0.273224043715847,730.5,762.0,807.0
193,39.83899358,-71.39621977,669.75,8.021418849227642,0.40198664686805874,79.26026411724513,0.009527109528412112,0.2568306010928962,730.5,762.0,807.0
193,39.83899358,-71.39621977,669.75,8.021701466203357,0.3991441846340722,80.61052531146987,0.005699969449330118,0.273224043715847,730.5,762.0,807.0
193,39.83899358,-71.39621977,669.75,7.843844855551169,0.395465641742373,80.61012072650053,0.008682353688254816,0.2568306010928962,730.5,762.0,807.0
194,39.83893753,-71.39635498,669.75,7.830134757981178,0.3944185351879212,78.35778622817259,0.016301285459180918,0.26229508196721313,732.0,762.0,807.0
194,39.83893753,-71.39635498,669.75,7.925216773912158,0.39448341186380836,79.48283099589528,0.017444555188788773,0.273224043715847,732.0,762.0,807.0
194,39.83893753,-71.39635498,669.75,8.060356005056992,0.39487064541288047,79.03168222128883,0.013524620359292907,0.2677595628415301,732.0,762.0,807.0
194,39.83893753,-71.39635498,670.5,8.247795367662833,0.39600009147347986,80.15687751277972,0.01741776125594048,0.27472527472527475,732.0,762.0,807.0
195,39.83888387,-71.39649137,670.5,8.218267368865751,0.39338626009131594,79.93102407254756,0.020976157984468873,0.2967032967032967,732.0,762.0,807.0
195,39.83888387,-71.39649137,670.5,8.158134379570004,0.3884866625735519,80.6060312946131,0.01613736680305195,0.2802197802197802,732.0,762.0,807.0
195,39.83888387,-71.39649137,670.5,8.214389333092209,0.38662902601432075,80.15579743834114,0.02031879057749418,0.25274725274725274,732.0,762.0,807.0
195,39.83888387,-71.39649137,670.5,7.991434237468295,0.38459552387114543,79.25569413353611,0.01872657676582943,0.24725274725274726,732.0,762.0,807.0
196,39.83883665,-71.39663255,670.5,7.5743230246893365,0.38251965031570034,78.80593810534819,0.015042148489628891,0.24725274725274726,732.0,762.0,807.0
196,39.83883665,-71.39663255,670.5,7.382332114382118,0.3817043401256243,79.25714355720334,0.003178807067141436,0.22527472527472528,732.0,762.0,807.0
196,39.83883665,-71.39663255,670.5,7.184876964627963,0.3819532992728356,79.258086125805,-0.00021299854184656276,0.24725274725274726,732.0,762.0,807.0
196,39.83883665,-71.39663255,670.5,6.79791204893838,0.3817229753816941,79.93393646664518,0.0034741482160843425,0.24725274725274726,732.0,762.0,807.0
197,39.83878575,-71.39677163,671.25,6.843090654712688,0.37932631359850916,79.7084674260344,0.006351588532750998,0.2548076923076923,760.5,791.25,827.25
197,39.83878575,-71.39677163,671.25,7.415817499556569,0.37597089504078696,78.80737358730904,0.003957129547967657,0.2403846153846154,760.5,791.25,827.25
197,39.83878575,-71.39677163,671.25,7.631991305375096,0.37135582074897294,80.60901583314447,0.004798434517126102,0.2403846153846154,760.5,792.0,827.25
197,39.83878575,-71.39677163,671.25,7.493603599281253,0.3680297006205273,79.93463478512848,0.00476092346662927,0.25,761.2500000000001,792.0,827.25
198,39.83873533,-71.39691088,671.25,7.303844283801176,0.37006791303887826,80.16173275720458,-0.0013949564813335862,0.25961538461538464,761.2500000000001,792.0,827.25
198,39.83873533,-71.39691088,671.25,6.992970640719625,0.371626367069746,80.16342538009246,-0.0012967129982128858,0.25961538461538464,761.2500000000001,792.0,827.25
198,39.83873533,-71.39691088,671.25,6.59076235729243,0.37064765133140887,80.6150937993999,-0.002292670464713965,0.2644230769230769,761.2500000000001,792.0,827.25
198,39.83873533,-71.39691088,671.25,6.699866237525064,0.3713448217558274,81.74279351283963,0.00411605020671504,0.2644230769230769,761.2500000000001,792.0,827.25
198,39.83873533,-71.39691088,672.0,6.733613017594965,0.37477301953248204,80.619984118216,0.005183029570167674,0.26570048309178745,761.2500000000001,792.0,827.25
199,39.8386826,-71.3970502,672.0,7.071968864247332,0.3792529428880656,80.84875374321018,0.0031992925501754766,0.26570048309178745,761.2500000000001,792.0,827.25
199,39.8386826,-71.3970502,672.0,7.204160964727622,0.3803989948552904,80.62738099640922,0.0012428496738851314,0.2560386473429952,761.2500000000001,792.0,827.25
199,39.8386826,-71.3970502,672.0,7.255774440576211,0.3792368703818716,81.30574524926395,0.009624830349036828,0.25120772946859904,761.2500000000001,792.0,827.25
199,39.8386826,-71.3970502,672.0,7.1286172068141385,0.3806599657696099,81.08335642056089,0.010069997153920828,0.25120772946859904,761.2500000000001,792.0,827.25
200,39.83862898,-71.3971875,672.0,6.963978030038887,0.37747987710652925,81.53715775518187,0.0015453032939404994,0.25120772946859904,761.2500000000001,792.0,827.25
200,39.83862898,-71.3971875,672.0,6.948369276846842,0.36745968071973534,82.8905694061783,-0.00132183675509929,0.2560386473429952,761.2500000000001,792.0,827.25
200,39.83862898,-71.3971875,672.0,6.954074259735296,0.3570252760952858,82.66693507827044,0.0028346706818118263,0.27053140096618356,761.2500000000001,792.0,827.25
200,39.83862898,-71.3971875,672.75,6.924322765540013,0.3571007731964375,81.09069956184415,0.0010390949787390546,0.2524271844660194,761.2500000000001,792.0,827.25
201,39.8385788,-71.39732883,672.75,7.056531145022156,0.36457668168905993,80.41296407862787,0.0012561567695415483,0.2669902912621359,761.2500000000001,792.0,827.25
201,39.8385788,-71.39732883,672.75,7.64067467624251,0.3724281549607849,80.63654498506534,0.010981527307123212,0.2766990291262136,761.2500000000001,792.0,827.25
201,39.8385788,-71.39732883,672.75,8.064064935927341,0.37744144287370385,80.41082075809358,0.0055154167170316,0.30097087378640774,761.2500000000001,792.0,827.25
201,39.8385788,-71.39732883,672.75,8.301408836810932,0.37737249818030766,79.96020321630924,0.00154155606305426,0.32038834951456313,761.2500000000001,792.0,827.25
202,39.83852388,-71.3974632,672.75,8.287404114801504,0.3756612392062829,81.08584531674538,0.0033071701574330704,0.3106796116504854,761.2500000000001,792.0,827.25
202,39.83852388,-71.3974632,673.5,8.083692075842428,0.37510799645303433,80.63474778488434,0.008349349638242331,0.3170731707317073,761.2500000000001,792.0,827.25
202,39.83852388,-71.3974632,673.5,7.706036028526137,0.3774713192371985,80.85957307162622,0.01088178760471437,0.3170731707317073,761.2500000000001,792.0,827.25
202,39.83852388,-71.3974632,673.5,7.770611650100769,0.37984684529655605,79.5093460075138,0.015757364045496765,0.3121951219512195,761.2500000000001,792.0,827.25
202,39.83852388,-71.3974632,673.5,7.857046590761923,0.3821566060973475,79.96127106009972,0.015112332870647772,0.3024390243902439,761.2500000000001,792.0,827.25
203,39.83846935,-71.39760453,673.5,7.574253778255608,0.3824237414291536,79.06208181914421,0.008634944770270481,0.2975609756097561,761.2500000000001,792.0,827.25
203,39.83846935,-71.39760453,673.5,7.5643814440465995,0.38069633877830106,79.73899526121733,0.004536713469119094,0.28780487804878047,761.2500000000001,792.0,827.25
203,39.83846935,-71.39760453,673.5,7.889203986096401,0.37902641288272904,80.4147268045919,0.011617714988370465,0.2780487804878049,761.2500000000001,792.0,827.25
203,39.83846935,-71.39760453,673.5,8.139466946362026,0.3766015944593723,78.83721975968903,0.011506852619477896,0.2780487804878049,761.2500000000001,792.0,827.25
204,39.83841368,-71.39774685,673.5,8.118400239992571,0.3762850453969651,78.61021411590177,0.007611051339621348,0.2634146341463415,761.2500000000001,792.0,827.25
204,39.83841368,-71.39774685,673.5,8.042211158242996,0.3738963026514563,77.9327321684436,0.0036914360422689277,0.2634146341463415,761.2500000000001,792.0,827.25
204,39.83841368,-71.39774685,673.5,8.091570608645394,0.3704925515156311,78.15586522282176,0.008705951427162443,0.2731707317073171,761.2500000000001,792.0,827.25
204,39.83841368,-71.39774685,674.25,8.190129266125382,0.36928140038213747,78.1544676685609,0.015258146199640265,0.25980392156862747,761.2500000000001,792.0,827.25
205,39.83836257,-71.3978874,674.25,8.095423902475366,0.36519225051587917,77.7035821155867,0.011450528294242745,0.27450980392156865,761.2500000000001,792.0,827.25
205,39.83836257,-71.3978874,674.25,7.747739765149446,0.36366646735002744,79.28002058440055,0.00810222986200271,0.27450980392156865,761.2500000000001,792.0,827.25
205,39.83836257,-71.3978874,674.25,7.353859657827265,0.3620562537402711,80.63182137047262,0.011403379072015897,0.25980392156862747,761.2500000000001,792.0,827.25
205,39.83836257,-71.3978874,674.25,7.0608689979579795,0.3586460873990343,80.4071496797591,0.012226788990071496,0.27450980392156865,761.2500000000001,792.0,827.25
205,39.83836257,-71.3978874,674.25,7.107111480205577,0.35559739026633824,78.60614131547838,0.01883640711303036,0.27450980392156865,761.2500000000001,792.0,827.25
206,39.8383114,-71.39802365,674.25,7.095991188108278,0.3565929078481594,78.83195350704591,0.012779742979661883,0.28431372549019607,761.2500000000001,792.0,827.25
206,39.8383114,-71.39802365,674.25,6.928358444135844,0.35970412926933365,77.70700993390565,0.010018893693066473,0.28431372549019607,761.2500000000001,795.0,827.25
206,39.8383114,-71.39802365,674.25,6.9141559308221225,0.3631598683169327,78.15888303690134,0.0022986670250266213,0.29411764705882354,761.2500000000001,795.0,827.25
206,39.8383114,-71.39802365,675.0,7.087019276288312,0.3669145385254692,78.8364089016299,-0.002243358900914284,0.2955665024630542,761.2500000000001,792.0,827.25
207,39.83826607,-71.39816788,675.0,7.358630378456296,0.36907098480690653,79.28813397471943,0.0015321121183733074,0.28078817733990147,761.2500000000001,792.0,827.25
207,39.83826607,-71.39816788,675.0,7.504535153794166,0.36952773908107417,78.16232542180063,0.006292408385543251,0.27586206896551724,761.2500000000001,792.0,827.25
207,39.83826607,-71.39816788,675.0,7.489111698816157,0.368835625532034,78.7238899239225,0.007192736485659214,0.27586206896551724,761.2500000000001,792.0,827.25
207,39.83826607,-71.39816788,675.0,7.465159173136492,0.36947372922393046,78.9483311283606,0.0025177767564209495,0.2857142857142857,761.2500000000001,792.0,827.25
208,39.8382176,-71.39831018,675.0,7.3305904272078655,0.367145931458302,78.49924219585502,0.004056207351423519,0.2955665024630542,761.2500000000001,792.0,827.25
208,39.8382176,-71.39831018,675.0,7.338589168698049,0.3628089544440498,80.30181627436144,0.005778721584286437,0.2857142857142857,761.2500000000001,792.0,827.25
208,39.8382176,-71.39831018,675.0,7.460634338203114,0.3588133244730032,78.95036094324496,0.005555525551801139,0.2857142857142857,761.2500000000001,795.0,827.25
208,39.8382176,-71.39831018,675.0,7.41112704533151,0.3577635888025506,78.27375012239786,-0.0006580941043333425,0.29064039408866993,761.2500000000001,795.0,827.25
209,39.83816872,-71.39845097,675.0,7.224723035899843,0.3582978937572753,78.048976229139,0.012750395492353492,0.28078817733990147,761.2500000000001,795.0,827.25
209,39.83816872,-71.39845097,675.0,7.1467531189579425,0.36279801924060656,80.07569129328286,0.0096851713167923,0.2857142857142857,761.2500000000001,795.0,827.25
209,39.83816872,-71.39845097,675.75,7.245357651487786,0.36766822046132475,78.93860833348894,0.0069272960845426414,0.2871287128712871,760.5,792.0,827.25
209,39.83816872,-71.39845097,675.75,7.886257271207148,0.3726740528228172,78.55098586403132,0.0019886049678082777,0.2722772277227723,760.5,792.0,827.25
210,39.83811733,-71.39858883,675.75,8.347522487948575,0.37370618783677506,78.76466114292421,0.00040341852160885074,0.2871287128712871,760.5,792.0,827.25
210,39.83811733,-71.39858883,675.75,8.168517602215585,0.3709566155164279,76.73396665706794,0.0016632810974974586,0.29207920792079206,760.5,792.0,827.25
210,39.83811733,-71.39858883,675.75,7.784229079510222,0.36999681716263344,78.53251705051927,0.0021450914827275246,0.2722772277227723,760.5,792.0,827.25
210,39.83811733,-71.39858883,675.75,7.731952288692717,0.37311730202717625,78.98223940022365,0.006581142795492053,0.26732673267326734,760.5,792.0,827.25
210,39.83811733,-71.39858883,675.75,7.96605471535374,0.3734246399861986,79.43189578748414,0.008289288931315433,0.2722772277227723,760.5,792.0,827.25
211,39.83806742,-71.39873185,675.75,8.265114337786354,0.3710793584098815,78.30467226349457,0.004519717789915783,0.27722772277227725,760.5,792.0,827.25
211,39.83806742,-71.39873185,676.5,8.524932531358997,0.37061578015522556,78.75373981394662,0.0007069386699499361,0.2736318407960199,760.5,792.0,827.25
211,39.83806742,-71.39873185,676.5,8.587179709517917,0.37443418299303566,79.42779657402329,0.005443654345738321,0.25870646766169153,760.5,792.0,827.25
211,39.83806742,-71.39873185,676.5,8.436181337022235,0.3798520016060175,79.1998739373374,0.004860430232413829,0.2736318407960199,760.5,792.0,827.25
212,39.83801063,-71.39886695,676.5,8.616068437899878,0.383033664130291,78.51982550614123,0.008367183751689383,0.2885572139303483,760.5,792.0,827.25
212,39.83801063,-71.39886695,676.5,8.291244185565082,0.3822264070720801,78.06758392640691,-0.0024928023380930116,0.2736318407960199,760.5,792.0,827.25
212,39.83801063,-71.39886695,676.5,8.37707810094017,0.37917228399237224,76.50652161837097,0.0035296401265575896,0.2537313432835821,760.5,792.0,827.25
212,39.83801063,-71.39886695,676.5,8.448113978669133,0.3785812529640738,76.59785880299593,0.0109877067289684,0.23383084577114427,760.5,792.0,827.25
213,39.83795955,-71.3990066,676.5,8.671302689824174,0.3787139981194126,77.55601031922954,0.011016941068921532,0.24378109452736318,760.5,795.0,827.25
213,39.83795955,-71.3990066,677.25,8.428176546742336,0.3757401137469094,77.1322373421894,0.007395834783798576,0.245,760.5,795.0,827.25
213,39.83795955,-71.3990066,677.25,8.025941171054114,0.3726378533449052,77.59585552041646,0.008027224501252586,0.245,760.5,795.0,827.25
213,39.83795955,-71.3990066,677.25,7.82916269178393,0.3701802511855082,78.95211253826348,0.005616323706039362,0.24,760.5,795.0,827.25
214,39.83790845,-71.399149,677.25,7.528178742504365,0.3680127892696403,78.95809604913033,0.014587359712073183,0.235,760.5,795.0,827.25
214,39.83790845,-71.399149,677.25,7.489353535509376,0.36475982204038926,78.05828623159184,0.01914600524635086,0.255,760.5,795.0,827.25
214,39.83790845,-71.399149,677.25,7.645509336589161,0.36003357499966326,78.73101682353318,0.008986636060869765,0.25,760.5,795.0,827.25
214,39.83790845,-71.399149,677.25,7.905152387330097,0.35983536099459695,79.4035154023767,0.008641673886028154,0.25,760.5,795.0,827.25
214,39.83790845,-71.399149,678.0,7.991077338246086,0.36316862725120524,78.16237225356942,0.0064453593574971425,0.2663316582914573,760.5,795.0,827.25
215,39.83785053,-71.3992846,678.0,7.640937132586548,0.3664017029632096,78.6094495682894,0.003852592863687951,0.2562814070351759,760.5,795.0,827.25
215,39.83785053,-71.3992846,678.0,7.263313122621425,0.36653243256686613,79.05629228805249,0.00557378922652559,0.24120603015075376,760.5,795.0,827.25
215,39.83785053,-71.3992846,678.0,7.022150746160633,0.3662686926969507,77.92685544083689,0.010626299864622712,0.23618090452261306,760.5,795.0,827.25
215,39.83785053,-71.3992846,678.0,7.223254064028169,0.3678882495151497,78.14880695884172,0.005908763481034394,0.2562814070351759,760.5,795.0,827.25
216,39.83780168,-71.3994268,678.75,7.018732141842146,0.367479620619472,78.14606966924887,0.005884753044725188,0.25757575757575757,760.5,795.0,827.25
216,39.83780168,-71.3994268,678.75,7.190935749143756,0.3651952670863075,79.94539400772031,0.014188114305536573,0.25757575757575757,760.5,795.0,827.25
216,39.83780168,-71.3994268,678.75,7.311218116845677,0.36291288014871254,78.36787584740846,0.01157949592604949,0.2777777777777778,760.5,795.0,827.25
216,39.83780168,-71.3994268,678.75,7.315157536247091,0.36342290350243517,78.81747616004975,0.008115406988486864,0.2878787878787879,760.5,795.0,827.25
217,39.83775125,-71.39956778,678.75,7.31562365924762,0.3623527248187371,76.79032399935821,0.007689690012585725,0.2727272727272727,760.5,795.0,827.25
217,39.83775125,-71.39956778,678.75,7.129338691238417,0.3663577578153492,76.5648191337935,0.006458569584237418,0.2727272727272727,760.5,795.0,827.25
217,39.83775125,-71.39956778,678.75,7.230910226340087,0.37336218926707215,75.66388069429085,0.007357502302617047,0.2727272727272727,760.5,795.0,827.25
217,39.83775125,-71.39956778,678.75,7.427706332322906,0.3784322845462873,75.66360702781088,0.008035604150976355,0.2878787878787879,760.5,795.0,827.25
218,39.83769778,-71.39970567,679.5,7.636183934745253,0.38119924519472415,74.76226062705048,0.00928463747235599,0.2893401015228426,760.5,795.0,827.25
218,39.83769778,-71.39970567,679.5,7.8675588014754245,0.38288010630133873,75.66181835150647,0.008643962765402063,0.2639593908629442,760.5,795.0,827.25
218,39.83769778,-71.39970567,679.5,7.82002574396325,0.3832000605049732,77.23678014996052,0.005374242223566777,0.24873096446700507,760.5,795.0,827.25
218,39.83769778,-71.39970567,679.5,7.700218852810409,0.3812500272768533,75.20934819302897,-0.0004594272233977161,0.22842639593908629,760.5,795.0,827.25
218,39.83769778,-71.39970567,679.5,7.469159672082348,0.38269955665066313,75.65948207378936,-0.001974788361511899,0.233502538071066,758.2500000000001,795.0,827.25
219,39.83764893,-71.39985313,679.5,7.144679706145544,0.3853392513064564,75.6597229043825,-0.0009445926171604232,0.23857868020304568,758.2500000000001,795.0,827.25
219,39.83764893,-71.39985313,679.5,6.837579783435738,0.38803431292941487,75.66020444434459,0.006289723615465606,0.23857868020304568,758.2500000000001,795.0,827.25
219,39.83764893,-71.39985313,679.5,7.079865031623996,0.388490979146499,77.68719257595822,0.013929870804869494,0.25510204081632654,758.2500000000001,795.0,826.5000000000001
219,39.83764893,-71.39985313,680.25,7.420542889678746,0.3866169591016012,77.91263017957593,0.01722726115206408,0.2512820512820513,758.2500000000001,795.0,826.5000000000001
220,39.83760312,-71.39999265,680.25,7.452181620343544,0.3845277270393571,76.56178197055074,0.010493305945091258,0.23076923076923078,758.2500000000001,795.0,826.5000000000001
220,39.83760312,-71.39999265,680.25,7.274143430763694,0.3832541219832134,77.91333692135477,0.016585813798647254,0.2358974358974359,758.2500000000001,795.0,826.5000000000001
220,39.83760312,-71.39999265,680.25,7.295513679087192,0.38534183687815626,77.23809217918875,0.01918325087235132,0.2512820512820513,758.2500000000001,795.0,826.5000000000001
220,39.83760312,-71.39999265,680.25,7.362168672235964,0.3866121349967924,74.53571036177982,0.01684379217028102,0.2512820512820513,758.2500000000001,795.0,826.5000000000001
221,39.83754718,-71.40012735,680.25,7.5770141477067865,0.390990317312016,75.21047266430145,0.014434409808033415,0.2564102564102564,757.5,795.0,826.5000000000001
221,39.83754718,-71.40012735,680.25,8.20919169496052,0.3958915445052343,76.11053919791357,0.0112238562715605,0.28205128205128205,757.5,795.0,826.5000000000001
221,39.83754718,-71.40012735,680.25,8.4381656943548,0.3973830870700472,74.7590386055759,0.012960001129481147,0.26666666666666666,757.5,795.0,826.5000000000001
221,39.83754718,-71.40012735,681.0,8.337327685226095,0.39587102876209046,75.65926017657411,0.012299919503803759,0.27319587628865977,757.5,795.0,826.5000000000001
222,39.83749463,-71.40026733,681.0,8.199441530337117,0.3951289521599374,76.55978837556525,0.016014806536378604,0.26288659793814434,757.5,795.0,826.5000000000001
222,39.83749463,-71.40026733,681.0,7.949568197495572,0.3962650056324383,75.88453678282467,0.01326111309298879,0.2422680412371134,757.5,795.0,826.5000000000001
222,39.83749463,-71.40026733,681.0,7.565493149523652,0.3991839637156819,76.33494902307125,0.012791777766714819,0.23195876288659795,757.5,795.0,826.5000000000001
222,39.83749463,-71.40026733,681.0,7.645579838204338,0.39804433271018325,77.4604891046472,0.010472886050483087,0.2268041237113402,757.5,794.25,826.5000000000001
222,39.83749463,-71.40026733,681.0,7.446511254024289,0.39789699963718517,76.1087366270947,0.00710007250771807,0.2422680412371134,757.5,794.25,826.5000000000001
223,39.83744173,-71.4004004,681.0,7.094018952757683,0.4002207226711598,76.10782262066745,0.003509716286615057,0.22164948453608246,757.5,794.25,826.5000000000001
223,39.83744173,-71.4004004,681.0,6.763905881625973,0.4045887693030536,74.08019910578453,0.005428841991901656,0.211340206185567,757.5,794.25,826.5000000000001
223,39.83744173,-71.4004004,681.0,6.585046743119602,0.40374188785512927,75.43028494970902,0.005301426640507674,0.211340206185567,757.5,791.25,826.5000000000001
223,39.83744173,-71.4004004,681.0,6.602948493733848,0.3993259169296617,76.10507055067943,0.00811992613791487,0.23195876288659795,757.5,791.25,826.5000000000001
224,39.8373901,-71.40054347,681.75,6.844931174156011,0.39420860491707044,75.87913569325306,0.00632321132422619,0.23834196891191708,757.5,791.25,826.5000000000001
224,39.8373901,-71.40054347,681.75,7.158960486366256,0.3887202365812294,77.0040466707182,0.010876451090036047,0.26424870466321243,757.5,791.25,826.5000000000001
224,39.8373901,-71.40054347,681.75,7.283644405464806,0.38448226880550734,77.67880418923927,0.008562245317263755,0.26424870466321243,757.5,791.25,826.5000000000001
224,39.8373901,-71.40054347,681.75,7.2137110134470666,0.37710188010410656,77.00290128260114,0.010051037101695068,0.25906735751295334,757.5,791.25,826.5000000000001
225,39.83734015,-71.40068012,681.75,7.220133305357876,0.3717626394495351,76.5524096326433,0.00629089133339074,0.2849740932642487,757.5,791.25,826.5000000000001
225,39.83734015,-71.40068012,681.75,7.422305754601381,0.36886278113429805,78.35356923209427,0.009381243652821327,0.2694300518134715,757.5,791.25,826.5000000000001
225,39.83734015,-71.40068012,681.75,7.528322213094398,0.3698465167929001,77.4525929317765,0.011289627097054495,0.27979274611398963,757.5,791.25,826.5000000000001
225,39.83734015,-71.40068012,681.75,7.339085727833665,0.3724364242973549,78.1278495604811,0.007248143942447348,0.27979274611398963,757.5,791.25,826.5000000000001
226,39.83729008,-71.40082148,681.75,7.04103920916049,0.3684349022706398,77.67711207790957,0.013228749752915435,0.2694300518134715,757.5,791.25,826.5000000000001
226,39.83729008,-71.40082148,681.75,6.8103051909743115,0.36686349938383694,76.77637137692854,0.012545962436780609,0.25906735751295334,757.5,791.25,826.5000000000001
226,39.83729008,-71.40082148,681.75,6.552168139353029,0.36644892888416275,77.45272354658977,0.012055367054558588,0.26424870466321243,757.5,791.25,826.5000000000001
226,39.83729008,-71.40082148,681.75,6.224478003152446,0.36614107427972753,77.00382136834921,0.0157750492607894,0.2694300518134715,757.5,791.25,826.5000000000001
227,39.83723967,-71.40095452,681.75,6.015443818489802,0.360922088473446,77.23029943435115,0.013943931232511267,0.25906735751295334,757.5,791.25,826.5000000000001
227,39.83723967,-71.40095452,681.75,5.458176194767399,0.35798314959466915,77.68121671937696,0.010752092022891761,0.24870466321243523,757.5,791.25,826.5000000000001
227,39.83723967,-71.40095452,681.75,5.359450674143111,0.3587033839109401,76.55538705479553,0.013157344464245262,0.25906735751295334,757.5,791.25,826.5000000000001
227,39.83723967,-71.40095452,681.75,5.336737591506989,0.3596088572692929,77.90682692279064,0.0041937573825906165,0.2538860103626943,757.5,791.25,826.5000000000001
227,39.83723967,-71.40095452,681.75,5.219871083064797,0.3565188193866255,77.6823457227429,0.005739977723975367,0.26424870466321243,757.5,791.25,826.5000000000001
228,39.83718488,-71.40109758,681.75,5.221395680701763,0.35679069196931157,77.00723834460752,0.007428812802583776,0.2694300518134715,757.5,791.25,826.5000000000001
228,39.83718488,-71.40109758,681.75,5.3337761431174275,0.35685189347696467,76.33191559036014,0.01534869442891001,0.25906735751295334,757.5,791.25,826.5000000000001
228,39.83718488,-71.40109758,681.75,5.308416315619685,0.3584240475087402,77.45769454092785,0.011594657036516527,0.26424870466321243,757.5,791.25,826.5000000000001
228,39.83718488,-71.40109758,681.75,5.35283347593466,0.3610286956779818,77.90749420362594,0.011105102684872043,0.26424870466321243,757.5,791.25,826.5000000000001
229,39.83712877,-71.40123387,681.75,5.563774251322957,0.3608189212304326,77.90667563545021,0.01378486338853356,0.24870466321243523,757.5,791.25,826.5000000000001
229,39.83712877,-71.40123387,681.75,5.633508627515501,0.35755172744954117,78.35601735448276,0.009534707200853318,0.25906735751295334,757.5,791.25,826.5000000000001
229,39.83712877,-71.40123387,681.75,5.600671457684683,0.3562094998435718,78.13003955438299,0.005864403837218116,0.26424870466321243,757.5,791.25,826.5000000000001
229,39.83712877,-71.40123387,681.75,5.694221874171267,0.3569021059639266,77.22865862858336,0.007124166273928743,0.2694300518134715,757.5,791.25,826.5000000000001
230,39.83707188,-71.40137177,681.75,5.689427340065671,0.35838151614921254,76.32757661536536,0.00480928357000713,0.2849740932642487,757.5,791.25,826.5000000000001
230,39.83707188,-71.40137177,681.75,5.8663201383594785,0.3636630145125789,77.00313241073425,0.004742830187246398,0.25906735751295334,757.5,791.25,826.5000000000001
230,39.83707188,-71.40137177,681.75,5.71825250977405,0.3651743565998022,75.65240886877129,0.0041438328001384885,0.26424870466321243,757.5,791.25,826.5000000000001
230,39.83707188,-71.40137177,681.75,5.729287234156753,0.36637913694322083,75.20271290820496,0.005065571538546051,0.25906735751295334,757.5,791.25,826.5000000000001
230,39.83707188,-71.40137177,681.75,5.954050283721695,0.3665723647568022,77.00516131461521,0.0049119726581089386,0.2538860103626943,757.5,791.25,826.5000000000001
231,39.83702245,-71.40151475,681.75,6.2408622265821405,0.3672698642367264,76.78165974083974,0.006432021681966455,0.27461139896373055,757.5,791.25,826.5000000000001
231,39.83702245,-71.40151475,681.75,6.715484441222075,0.36872461583549104,77.45876573630176,0.006527804249313545,0.26424870466321243,757.5,791.25,826.5000000000001
231,39.83702245,-71.40151475,681.75,6.884412836327514,0.37094772640881263,77.68474414492475,0.0029088438794308306,0.2849740932642487,757.5,791.25,826.5000000000001
231,39.83702245,-71.40151475,681.75,6.867042728762896,0.36974933244475156,78.58527278937815,0.004808544972353217,0.26424870466321243,757.5,791.25,826.5000000000001
232,39.83697358,-71.40165263,681.75,6.755584121381499,0.37261342594405183,77.00830348901843,0.007853400553782013,0.27979274611398963,757.5,791.25,826.5000000000001
232,39.83697358,-71.40165263,681.75,6.379997436596124,0.3746538656954433,77.23260890636041,0.005497838644390975,0.27461139896373055,757.5,791.25,826.5000000000001
232,39.83697358,-71.40165263,681.75,6.060660496488457,0.37785264530451446,76.78185739402313,0.004577759750592693,0.2849740932642487,757.5,791.25,826.5000000000001
232,39.83697358,-71.40165263,681.75,5.766559149642222,0.37715576373277254,78.13313939735843,0.0055347242896023685,0.31088082901554404,757.5,791.25,826.5000000000001
233,39.83692793,-71.40179598,681.75,5.419312731726308,0.37543867651128676,77.6834189402279,0.01559345441669357,0.29015544041450775,757.5,791.25,826.5000000000001
233,39.83692793,-71.40179598,681.75,5.289998865484225,0.37263115657137624,75.65768775460056,0.009439585287871808,0.2538860103626943,757.5,791.25,826.5000000000001
233,39.83692793,-71.40179598,681.75,5.339848737769311,0.3709785992569129,74.98258552130513,0.007773866775594812,0.23834196891191708,757.5,791.25,826.5000000000001
233,39.83692793,-71.40179598,681.75,5.5222339696729685,0.3681735349011581,75.65788012406986,0.008631436471794034,0.24352331606217617,757.5,791.25,826.5000000000001
234,39.83688212,-71.4019398,681.75,5.788671394971015,0.3686535627221275,76.10777164026763,0.010487600495593264,0.24870466321243523,757.5,791.25,826.5000000000001
234,39.83688212,-71.4019398,681.75,5.949649570742759,0.3726960669851901,77.00824847749281,0.012658563846780966,0.23316062176165803,757.5,791.25,826.5000000000001
234,39.83688212,-71.4019398,681.75,5.868678515115616,0.3738830560880439,76.33303417605008,0.01682184820244007,0.23979591836734693,757.5,791.25,828.75
234,39.83688212,-71.4019398,681.75,5.63365613051772,0.371280019105737,75.88346848008901,0.019335080078714522,0.25,757.5,791.25,828.75
235,39.83684238,-71.4020852,681.75,5.7597222435061255,0.3700913231411106,74.98355370682557,0.01883511869028386,0.25,757.5,791.25,828.75
235,39.83684238,-71.4020852,681.75,6.250405227093458,0.3727223495673558,75.2092648098189,0.01924497647133783,0.24489795918367346,757.5,791.25,828.75
235,39.83684238,-71.4020852,681.75,6.574652523180698,0.37409771582245904,74.7592419132344,0.013982896126000045,0.27040816326530615,757.5,791.25,828.75
235,39.83684238,-71.4020852,681.75,7.0121217954588815,0.3747033190411847,76.1107001498605,0.017623744018840162,0.25510204081632654,757.5,791.25,828.75
235,39.83684238,-71.4020852,681.75,7.404883802913555,0.379003323586975,76.78713424640341,0.015730317208659136,0.27040816326530615,757.5,791.25,828.75
236,39.8367973,-71.40222452,681.75,7.859221536817437,0.3854238754834365,77.23861757339972,0.013772039872123762,0.25,757.5,791.25,828.75
236,39.8367973,-71.40222452,681.75,8.170676699423312,0.39004850864846885,76.78902664958014,0.01376744359312323,0.25510204081632654,757.5,791.25,828.75
236,39.8367973,-71.40222452,681.75,8.161630419330857,0.3905755086152608,76.3388188269573,0.014071792157177658,0.2602040816326531,757.5,790.5,828.75
236,39.8367973,-71.40222452,681.75,8.152359551885965,0.3906262456068364,75.43789523521038,0.008285318465135546,0.25,757.5,790.5,828.75
237,39.83675447,-71.40236725,681.75,8.468584238181132,0.3953216511188375,75.21235442640808,0.008347302264347708,0.2653061224489796,757.5,790.5,828.75
237,39.83675447,-71.40236725,681.75,9.23624025536412,0.39991448823488696,74.76192853769987,0.004828296811884141,0.27040816326530615,757.5,790.5,828.75
237,39.83675447,-71.40236725,681.75,9.731138611196437,0.40097463994350185,74.98751325473482,0.005320941887865409,0.2857142857142857,757.5,790.5,828.75
237,39.83675447,-71.40236725,681.75,10.057627314132118,0.40031983738541366,74.98826491557836,0.01086310574697423,0.3112244897959184,758.2500000000001,790.5,828.75
238,39.83670872,-71.40251202,681.75,10.224719832027157,0.39832669324781983,75.21448689897466,0.012296275186208091,0.30612244897959184,758.2500000000001,790.5,828.75
238,39.83670872,-71.40251202,681.75,10.15800996696459,0.39543519255479165,75.66627638357392,0.006418949713225365,0.3112244897959184,758.2500000000001,790.5,828.75
238,39.83670872,-71.40251202,681.75,10.023435665026897,0.39308028412537027,74.542121587773,0.00939972481205392,0.3469387755102041,758.2500000000001,790.5,828.75
238,39.83670872,-71.40251202,681.75,10.112244401082116,0.39140269599787786,74.31895020121172,0.008627245780676742,0.3112244897959184,758.2500000000001,790.5,828.75
239,39.83665758,-71.40264462,681.75,10.367292913561979,0.3926225641848756,74.77144362430163,-0.0006652448288744177,0.3112244897959184,758.2500000000001,790.5,828.75
239,39.83665758,-71.40264462,681.75,10.417130752184178,0.3975877495995732,75.89964028568262,0.0018123512022312231,0.30612244897959184,758.2500000000001,790.5,828.75
239,39.83665758,-71.40264462,681.75,10.430506887636666,0.4045609733623381,75.45189249010333,0.009635441448417398,0.32142857142857145,758.2500000000001,790.5,828.75
239,39.83665758,-71.40264462,681.75,10.346318292055315,0.4093329527580508,77.03138934556024,0.011831538347732998,0.32653061224489793,758.2500000000001,790.5,828.75
240,39.83659992,-71.402778,681.75,10.328796903026843,0.40856209037411784,77.93600970333523,0.0005705450072319803,0.3147208121827411,758.2500000000001,790.5,829.5000000000001
240,39.83659992,-71.402778,681.75,10.234494722789728,0.404553475997787,77.03854528133054,0.0020290655305523577,0.3147208121827411,758.2500000000001,790.5,829.5000000000001
240,39.83659992,-71.402778,681.75,9.871187957550601,0.40058325300776626,77.2651869624624,-0.0011244954509656833,0.3197969543147208,758.2500000000001,790.5,829.5000000000001
240,39.83659992,-71.402778,681.75,9.243253580910155,0.3942831485068035,76.58981544333456,0.008463582345127688,0.30097087378640774,758.2500000000001,790.5,836.25
240,39.83659992,-71.402778,681.75,8.131514269612623,0.388621146113411,75.01285522474642,0.017632255620851942,0.28640776699029125,758.2500000000001,790.5,836.25
241,39.83653777,-71.40291098,681.75,6.999126354749763,0.38342188602658334,75.23680280719208,0.00941343977742815,0.2815533980582524,758.2500000000001,790.5,836.25
241,39.83653777,-71.40291098,681.75,6.217025072791031,0.3793555010330377,76.36121168498777,0.005517074677265262,0.2524271844660194,758.2500000000001,790.5,836.25
241,39.83653777,-71.40291098,681.75,5.981538905273658,0.37770871816350793,77.93559748905349,0.0014694003391662687,0.2669902912621359,758.2500000000001,790.5,836.25
241,39.83653777,-71.40291098,681.75,6.184424664866997,0.38287133803120177,79.28451530899612,0.0005739519280654839,0.2815533980582524,758.2500000000001,790.5,836.25
242,39.83647908,-71.40304147,681.75,6.3763428306066485,0.3891694331211866,77.70581353908453,0.0019932504773029778,0.2669902912621359,758.2500000000001,790.5,836.25
242,39.83647908,-71.40304147,681.75,6.309400281188685,0.3905300075134049,77.4785460521991,0.011248078096480882,0.2669902912621359,758.2500000000001,790.5,836.25
242,39.83647908,-71.40304147,681.75,6.105676919903998,0.38967702649891534,77.25197085147279,0.009583577911938116,0.27184466019417475,758.2500000000001,790.5,836.25
242,39.83647908,-71.40304147,681.75,6.061705913072223,0.38758629668145916,77.4766226424273,0.007839375640448117,0.27184466019417475,758.2500000000001,790.5,836.25
243,39.83642205,-71.40317968,681.75,6.126176140857917,0.3898537008011257,78.82844801698135,0.0008296617219904573,0.27184466019417475,758.2500000000001,790.5,836.25
243,39.83642205,-71.40317968,681.75,6.193206638741925,0.3890454747099796,79.73214938437751,-0.0015223883714550544,0.2766990291262136,758.2500000000001,790.5,836.25
243,39.83642205,-71.40317968,681.75,6.175521960372585,0.3872002684511657,77.93765155610939,-0.0006138856281700568,0.27184466019417475,758.2500000000001,790.5,836.25
243,39.83642205,-71.40317968,681.75,6.419488854833489,0.3849921898482296,76.93867453788246,-0.008203700657256063,0.27184466019417475,758.2500000000001,790.5,836.25
244,39.83636785,-71.40332277,681.75,6.393147897744462,0.38682834170230196,76.7320224452972,-0.000698901039283525,0.2669902912621359,758.2500000000001,790.5,836.25
244,39.83636785,-71.40332277,681.75,6.018147015809909,0.38853747083946794,76.29994435024531,0.007496737889629147,0.28640776699029125,758.2500000000001,790.5,836.25
244,39.83636785,-71.40332277,681.75,5.854252288160332,0.3906786608240205,76.10331634791937,-0.0010229567420553688,0.28640776699029125,758.2500000000001,790.5,836.25
244,39.83636785,-71.40332277,681.75,6.279706922252259,0.388605741173005,74.79295516905084,0.0025759397862578095,0.2912621359223301,758.2500000000001,790.5,836.25
245,39.83631942,-71.40345888,681.75,6.1504874898850375,0.3889823815274805,75.26323920816871,0.004249038446909339,0.2961165048543689,758.2500000000001,790.5,836.25
245,39.83631942,-71.40345888,681.75,6.410756108854741,0.38832677586972686,75.7041452346743,0.004530628973283981,0.2912621359223301,758.2500000000001,790.5,836.25
245,39.83631942,-71.40345888,681.75,6.498340462412331,0.3863689014604418,76.35728276497035,0.005531877888027555,0.28640776699029125,758.2500000000001,790.5,836.25
245,39.83631942,-71.40345888,681.75,6.005868286679164,0.38080264831420724,74.9938920603845,0.005656890465229106,0.28640776699029125,758.2500000000001,790.5,836.25
245,39.83631942,-71.40345888,681.75,6.2004195922244,0.37373541764692714,75.42490837208015,0.005078425850523425,0.2961165048543689,758.2500000000001,790.5,836.25
246,39.83626212,-71.40359547,681.75,6.209013481229778,0.369078318403159,75.41283852615123,0.003919633332801771,0.2961165048543689,758.2500000000001,790.5,836.25
246,39.83626212,-71.40359547,681.75,6.349537454797012,0.3671968800396941,76.08806318503296,0.011053273420744388,0.2766990291262136,758.2500000000001,790.5,836.25
246,39.83626212,-71.40359547,681.75,6.271458512883472,0.36449189551494077,76.31517466741808,0.013412607676928067,0.2766990291262136,758.2500000000001,790.5,836.25
246,39.83626212,-71.40359547,681.75,6.248357255125274,0.3610967388963658,76.09229943491468,0.0057600191179047865,0.2766990291262136,758.2500000000001,790.5,836.25
247,39.83621197,-71.40373778,681.75,6.08226470183835,0.35788990086399247,77.67058423032893,0.00169672637764759,0.28640776699029125,758.2500000000001,790.5,836.25
247,39.83621197,-71.40373778,681.75,5.789166743852721,0.3561026822050928,76.99724949280963,0.005884337172918537,0.27184466019417475,758.2500000000001,790.5,836.25
247,39.83621197,-71.40373778,681.75,5.513806173260692,0.3567128058104988,78.12451566190472,0.011768581420991107,0.27184466019417475,758.2500000000001,790.5,836.25
247,39.83621197,-71.40373778,681.75,5.454984915652217,0.3587518714730253,78.12497284031886,0.010038528142162065,0.2669902912621359,758.2500000000001,790.5,836.25
248,39.83615818,-71.40387687,681.75,5.4640905442509995,0.35996399397125506,76.54856192195902,0.010120621107490487,0.2766990291262136,758.2500000000001,790.5,836.25
248,39.83615818,-71.40387687,681.75,5.356504437766749,0.35952374586331176,76.54859611354304,0.0024502060791541025,0.2524271844660194,758.2500000000001,790.5,836.25
248,39.83615818,-71.40387687,681.75,5.279330816918556,0.35997364653431396,76.77459407936927,0.002258152581407572,0.24271844660194175,758.2500000000001,790.5,836.25
248,39.83615818,-71.40387687,681.75,5.374965925317525,0.362427657015057,76.3252501685038,0.008538232650895776,0.23786407766990292,758.2500000000001,790.5,836.25
248,39.83615818,-71.40387687,681.75,5.3787965781808555,0.36448263637933687,76.77601652116088,0.012973036626884604,0.22330097087378642,759.0,790.5,836.25
249,39.83610815,-71.4040184,681.75,5.261932137712412,0.3641140833821308,76.77564505078828,0.01586697043988904,0.23786407766990292,759.0,790.5,836.25
249,39.83610815,-71.4040184,681.75,5.55315423302135,0.3634161292118455,76.32422448614014,0.009386035198577732,0.24757281553398058,759.0,790.5,836.25
249,39.83610815,-71.4040184,681.75,5.6691915934735935,0.36730976617151684,77.898877255849,0.007255738873254167,0.25728155339805825,759.0,790.5,836.25
249,39.83610815,-71.4040184,681.75,5.829618641173759,0.371895785807049,78.57298849789508,0.008137701991089798,0.2524271844660194,759.0,790.5,836.25
250,39.8360669,-71.40417117,681.75,6.009528085330483,0.3763750094053576,77.44659384103296,0.010473264022578687,0.2524271844660194,759.0,790.5,836.25
250,39.8360669,-71.40417117,681.75,6.167016567223443,0.37831280131318007,77.89789600322773,0.009744831328228752,0.2669902912621359,759.0,790.5,836.25
250,39.8360669,-71.40417117,681.75,6.353370480693993,0.3778051706539175,77.44935140864258,0.00904120469065115,0.2621359223300971,759.0,790.5,836.25
250,39.8360669,-71.40417117,681.75,6.39590859550326,0.37644154848476824,76.32480700968335,0.00775775134253504,0.25728155339805825,759.0,790.5,836.25
251,39.83602362,-71.40431998,681.75,6.341439591429816,0.3757720502751915,77.00050993422529,0.008905613607214459,0.2524271844660194,759.0,790.5,836.25
251,39.83602362,-71.40431998,681.75,6.069126302962159,0.37331325300312657,75.1981832419228,0.006831136149605049,0.2621359223300971,759.0,790.5,836.25
251,39.83602362,-71.40431998,681.75,6.3796069072985375,0.3722069571761654,76.09727876130039,0.012256535265433677,0.2621359223300971,759.0,790.5,836.25
251,39.83602362,-71.40431998,681.75,7.198747008418678,0.3778019315969106,76.32096971654329,0.006920791975692317,0.27184466019417475,759.0,790.5,836.25
251,39.83602362,-71.40431998,681.75,7.798734926949034,0.3808533330783018,75.64490138344794,0.0037730607493360584,0.27184466019417475,759.0,790.5,836.25
252,39.83598537,-71.40446932,681.75,7.702730896396497,0.3789294824779775,74.74438956476058,0.014118579291404433,0.2621359223300971,759.0,791.25,836.25
252,39.83598537,-71.40446932,681.75,7.26445444973502,0.37912148730926665,76.99610538386457,0.01178530008413403,0.2524271844660194,759.0,791.25,836.25
252,39.83598537,-71.40446932,681.75,6.5517738960948515,0.3796982579630218,76.54513067918614,0.012713296529060098,0.24271844660194175,759.0,791.25,836.25
252,39.83598537,-71.40446932,681.75,6.216906723487112,0.3784473401227258,76.31921737097308,0.009000041492729326,0.24757281553398058,759.0,791.25,836.25
253,39.83593863,-71.40461405,681.75,6.119026090904159,0.3762436101733594,76.76893001187946,0.007863240347466265,0.23786407766990292,759.0,791.25,836.25
253,39.83593863,-71.40461405,681.75,6.204230986174332,0.37336550429951076,76.54246445670631,0.008937232153791845,0.21844660194174756,759.0,791.25,836.25
253,39.83593863,-71.40461405,681.75,6.228723610316932,0.37366427954255677,76.09048529230445,0.013779026179758423,0.24271844660194175,759.0,791.25,836.25
253,39.83593863,-71.40461405,681.75,6.0741114638664175,0.37219718436265015,76.54031458518415,0.01796161144057081,0.2524271844660194,759.7500000000001,791.25,836.25
254,39.83590137,-71.40476368,681.75,6.067281290976694,0.37443495698600715,76.54120574675862,0.015834781682314576,0.2621359223300971,759.7500000000001,791.25,836.25
254,39.83590137,-71.40476368,681.75,6.009513541744482,0.3747033914762825,76.09180117692439,0.020536812852960416,0.28640776699029125,759.7500000000001,791.25,836.25
254,39.83590137,-71.40476368,681.75,6.0788802293132935,0.3749209778318499,75.41654260845301,0.011054651006792617,0.2669902912621359,759.7500000000001,791.25,836.25
254,39.83590137,-71.40476368,681.75,5.988540071374225,0.3754198835960683,76.0924300176136,0.008349723234919722,0.24757281553398058,759.7500000000001,791.25,836.25
255,39.83586623,-71.40490675,681.75,5.915075428001944,0.3771984746464842,75.41817659808369,0.008995523619029706,0.2912621359223301,759.7500000000001,791.25,836.25
255,39.83586623,-71.40490675,681.75,6.026950258700721,0.37619431899764977,76.77064738915116,0.007161096823320036,0.2766990291262136,759.7500000000001,791.25,836.25
255,39.83586623,-71.40490675,681.75,6.388294249924671,0.374340932783575,76.09574373163063,0.008216704751486188,0.2524271844660194,759.7500000000001,791.25,836.25
255,39.83586623,-71.40490675,681.75,6.7215099996644305,0.3704371327131516,76.54593154658596,0.007170880464831448,0.23786407766990292,759.7500000000001,791.25,836.25
255,39.83586623,-71.40490675,681.75,6.951419682577167,0.3679691660506987,75.87019809302116,0.011247774740177985,0.25728155339805825,759.7500000000001,791.25,836.25
256,39.83582532,-71.4050539,681.75,6.788487150472974,0.3712840701421895,77.22202405955053,0.011185873429360832,0.2669902912621359,759.7500000000001,791.25,836.25
256,39.83582532,-71.4050539,681.0,6.466088979455776,0.37482827521501805,75.42193725976041,0.008454294500159174,0.2608695652173913,759.7500000000001,791.25,836.25
256,39.83582532,-71.4050539,681.0,6.360494048693331,0.37276867950103465,75.42284528871798,0.005702368770522008,0.2608695652173913,759.7500000000001,791.25,836.25
256,39.83582532,-71.4050539,681.0,6.422708389046865,0.3756433813043614,75.87329248953397,0.00627349399410151,0.2608695652173913,759.7500000000001,791.25,836.25
257,39.83578713,-71.40520067,681.0,6.552065503719143,0.3809151850228229,75.19653903937066,0.00593917016650661,0.26570048309178745,759.7500000000001,791.25,836.25
257,39.83578713,-71.40520067,681.0,6.6496675882942435,0.38341689851349403,75.41994736155185,0.006658949170625855,0.2753623188405797,759.7500000000001,791.25,836.25
257,39.83578713,-71.40520067,681.0,6.714229128790096,0.38401070386814357,74.0693340496266,0.0040333292031939656,0.28019323671497587,759.7500000000001,791.25,836.25
257,39.83578713,-71.40520067,681.0,6.682656325162711,0.3921455091741416,74.97294973725292,0.004182764444399567,0.28502415458937197,759.7500000000001,791.25,836.25
258,39.83574855,-71.40535318,681.0,6.415852378861021,0.3995449193352035,74.97616883662609,0.0025195036056758074,0.2753623188405797,759.7500000000001,791.25,836.25
258,39.83574855,-71.40535318,681.0,6.2405755235078475,0.40144945154160505,75.20452759545755,0.00989612257060573,0.2995169082125604,759.7500000000001,791.25,836.25
258,39.83574855,-71.40535318,681.0,6.186527589269695,0.39424899291469795,75.88274651307096,0.012091086273939046,0.27053140096618356,759.7500000000001,791.25,836.25
258,39.83574855,-71.40535318,681.0,6.216005491385537,0.388523151214785,75.88434917440554,0.01017020575831685,0.25120772946859904,759.7500000000001,791.25,836.25
258,39.83574855,-71.40535318,681.0,6.346520043321769,0.38480758511419416,77.46111454058479,0.010418792567315989,0.24154589371980675,759.7500000000001,791.25,836.25
259,39.83570948,-71.40549972,681.0,6.373038437361875,0.3826441634392012,76.56169606315241,0.003156991979659786,0.26570048309178745,759.7500000000001,791.25,836.25
259,39.83570948,-71.40549972,681.0,6.22378847278637,0.3783752660662564,77.01574663789094,0.0045053117794149845,0.27053140096618356,759.7500000000001,792.0,836.25
259,39.83570948,-71.40549972,681.0,6.250245614242596,0.377055862068133,77.24357659918736,-0.00129338506170939,0.26570048309178745,760.5,792.0,836.25
259,39.83570948,-71.40549972,681.0,6.2812329026751055,0.3756040070368878,77.69324880137196,0.0015472697184928347,0.28502415458937197,760.5,792.0,836.25
260,39.83567308,-71.4056456,681.0,6.376155109628869,0.3753532874343539,77.23978219036455,0.0028804862299075555,0.25120772946859904,760.5,792.0,836.25
260,39.83567308,-71.4056456,681.0,6.610788863967337,0.3735987861337473,77.0113124095421,0.0022029971500641394,0.23671497584541062,760.5,792.0,836.25
260,39.83567308,-71.4056456,681.0,6.784676713034768,0.36838324177034953,77.91934552730402,0.008208175195439149,0.24154589371980675,760.5,792.0,836.25
260,39.83567308,-71.4056456,681.0,6.888863779734424,0.36007297237019326,77.47790946658844,0.007148504958258397,0.2560386473429952,760.5,792.0,836.25
261,39.83563355,-71.40579423,681.0,6.88836932214806,0.355978915350653,80.54893754113586,0.011803059572865086,0.28502415458937197,760.5,792.0,836.25
261,39.83563355,-71.40579423,681.0,7.192833709911651,0.3528700308554061,80.42086576304763,0.0076906042262614716,0.2753623188405797,760.5,792.0,836.25
261,39.83563355,-71.40579423,681.0,7.64961344845003,0.35514545902867073,79.51966876152474,0.0061195249056372435,0.2946859903381642,760.5,792.0,836.25
261,39.83563355,-71.40579423,680.25,8.151826607153057,0.3581452256039428,78.40021403383341,0.013539722849154247,0.2932692307692308,760.5,792.0,836.25
262,39.83559125,-71.4059362,680.25,8.477197237285822,0.36312548693610763,78.6352848643703,0.009133679616123519,0.2980769230769231,760.5,792.0,836.25
262,39.83559125,-71.4059362,680.25,8.714069702675681,0.3682896089835748,78.30952534059217,0.00872686045115923,0.2644230769230769,760.5,792.0,836.25
262,39.83559125,-71.4059362,680.25,8.472288819285692,0.3700812394999308,77.65770901665437,0.00701360284640039,0.25,760.5,792.0,836.25
262,39.83559125,-71.4059362,680.25,8.151817380860356,0.36733229127524153,78.5922645163259,-0.0011833840917680615,0.2692307692307692,760.5,792.0,836.25
263,39.83554958,-71.4060808,680.25,8.074216833544627,0.3641867854742485,79.28647057730446,-0.002431921134062291,0.25961538461538464,760.5,792.0,836.25
263,39.83554958,-71.4060808,680.25,7.752258781963484,0.36306743866953667,77.261669636435,0.003343583293298266,0.25,760.5,795.0,836.25
263,39.83554958,-71.4060808,680.25,7.43256388710219,0.36124890155918166,77.25843112853218,0.0037745756178863103,0.24519230769230768,760.5,795.0,836.25
263,39.83554958,-71.4060808,680.25,7.048413188344101,0.3603504210817753,77.0305588659558,0.001113285228716458,0.24519230769230768,760.5,795.0,836.25
263,39.83554958,-71.4060808,680.25,6.550906155317663,0.35801893509871213,76.80321129120408,0.0030136088763204304,0.2753623188405797,760.5,795.0,835.5000000000001
264,39.83550323,-71.40621788,680.25,6.192222264288904,0.3534424405977736,79.04069261190895,0.0022114637577132176,0.2946859903381642,760.5,795.0,835.5000000000001
264,39.83550323,-71.40621788,680.25,6.285751240396076,0.34768027683097763,77.23134861579133,0.003353663139319399,0.2946859903381642,760.5,795.0,835.5000000000001
264,39.83550323,-71.40621788,680.25,6.919622023867211,0.34452928906924135,76.77753761840101,-0.00328586406793698,0.30917874396135264,760.5,795.0,835.5000000000001
264,39.83550323,-71.40621788,680.25,7.535701719124291,0.34444298021032493,76.1065337488959,0.002258590969224801,0.28019323671497587,760.5,795.0,835.5000000000001
265,39.83545523,-71.40635752,680.25,7.654783720288606,0.34445936196215515,76.3779904470439,0.007519450937419336,0.28019323671497587,760.5,795.0,835.5000000000001
265,39.83545523,-71.40635752,680.25,7.3245143852976415,0.34253240095696486,77.28592288567806,0.0005666159668815282,0.27053140096618356,760.5,803.25,835.5000000000001
265,39.83545523,-71.40635752,680.25,6.539802635254775,0.3377389847782622,76.82361461182954,0.004161343306685236,0.24154589371980675,760.5,803.25,835.5000000000001
265,39.83545523,-71.40635752,680.25,5.594617582804864,0.33828387820400435,77.48441106198855,0.0014769323570446703,0.22705314009661837,760.5,803.25,835.5000000000001
266,39.8353962,-71.40649508,680.25,5.51960005601273,0.34377298738583506,79.04774403289021,-0.004541770490427194,0.2222222222222222,760.5,803.25,835.5000000000001
266,39.8353962,-71.40649508,679.5,5.544794649963497,0.34197405266827763,77.91644619565231,0.0010782263919845972,0.22596153846153846,760.5,803.25,835.5000000000001
266,39.8353962,-71.40649508,679.5,5.627450126285421,0.3380197495956714,78.14276322955088,0.006077861628391365,0.1971153846153846,760.5,803.25,835.5000000000001
266,39.8353962,-71.40649508,679.5,5.667380929694185,0.3395017262115707,76.56727074153827,0.006894585691118297,0.20192307692307693,760.5,803.25,835.5000000000001
267,39.83534595,-71.40663893,679.5,5.6447963232426,0.340262352332082,78.82082793393964,0.009087723124465336,0.1971153846153846,760.5,803.25,835.5000000000001
267,39.83534595,-71.40663893,679.5,5.901776558671928,0.3414247855427054,77.69716576269597,0.004901923737266297,0.20192307692307693,760.5,803.25,835.5000000000001
267,39.83534595,-71.40663893,679.5,5.785313195712257,0.34382967692053396,78.37029116820526,0.003746192029151054,0.22115384615384615,760.5,803.25,835.5000000000001
267,39.83534595,-71.40663893,679.5,5.961076499910726,0.3462961854317349,81.96924862637407,0.006377790590076922,0.24519230769230768,761.2500000000001,803.25,835.5000000000001
267,39.83534595,-71.40663893,679.5,6.543992756148926,0.34601561923318874,79.48889983839491,0.0007396549454243821,0.23076923076923078,761.2500000000001,803.25,835.5000000000001
268,39.835302,-71.40678008,679.5,7.036113019451037,0.34838256352608427,79.26414445736923,-0.0064915399286882254,0.23557692307692307,761.2500000000001,803.25,835.5000000000001
268,39.835302,-71.40678008,679.5,6.904133026599135,0.3530335172327054,79.04100636020371,0.0017897867026008896,0.24519230769230768,761.2500000000001,803.25,835.5000000000001
268,39.835302,-71.40678008,679.5,6.582095220874377,0.35654512080495193,79.04192595095506,0.006743734894278231,0.22115384615384615,761.2500000000001,803.25,835.5000000000001
268,39.835302,-71.40678008,679.5,6.262400039697868,0.352105754425884,79.7184517416686,0.010806679353138999,0.24519230769230768,761.2500000000001,803.25,835.5000000000001
269,39.83525893,-71.4069231,679.5,5.483008635892629,0.3437059446250422,81.29624049453662,0.004233084429123832,0.23076923076923078,761.2500000000001,803.25,835.5000000000001
269,39.83525893,-71.4069231,679.5,5.124412755661282,0.33876140616663736,81.07319477486955,0.01062045493442037,0.21153846153846154,761.2500000000001,803.25,835.5000000000001
269,39.83525893,-71.4069231,679.5,5.210021721517761,0.33881282076639585,80.84837230783555,0.01562644128706622,0.19230769230769232,761.2500000000001,803.25,835.5000000000001
269,39.83525893,-71.4069231,679.5,5.080484693296698,0.3337474491678053,79.71781119954021,0.006619526623080085,0.17307692307692307,761.2500000000001,803.25,835.5000000000001
270,39.83522337,-71.40707087,679.5,5.0426416510448515,0.3306857908720502,80.84378934081421,0.005777629118692789,0.1971153846153846,761.2500000000001,803.25,835.5000000000001
270,39.83522337,-71.40707087,679.5,5.021579244767756,0.3334999239390579,79.50248859032958,0.01102783574765218,0.22115384615384615,761.2500000000001,803.25,835.5000000000001
270,39.83522337,-71.40707087,679.5,5.3157500543322005,0.3384909636591914,80.17959928038509,0.011463842382261936,0.24519230769230768,761.2500000000001,803.25,835.5000000000001
270,39.83522337,-71.40707087,679.5,5.775309347339183,0.34147677798170023,79.72005056970258,0.005594436336359313,0.23076923076923078,761.2500000000001,803.25,835.5000000000001
271,39.83518872,-71.40721075,679.5,6.215326463396187,0.3450416366401679,78.13057198842019,0.004730978119945111,0.25,761.2500000000001,803.25,835.5000000000001
271,39.83518872,-71.40721075,679.5,6.345402154406672,0.34931692070885056,78.79748038906286,-0.0018427647594597368,0.24519230769230768,761.2500000000001,803.25,835.5000000000001
271,39.83518872,-71.40721075,679.5,6.302968997110044,0.34939763804803564,77.44165877542366,0.00020411432429537815,0.2644230769230769,761.2500000000001,803.25,835.5000000000001
271,39.83518872,-71.40721075,679.5,6.5017115737514235,0.3476131072696001,77.66491825626451,0.006662732774730491,0.24519230769230768,761.2500000000001,803.25,835.5000000000001
272,39.83515218,-71.4073629,679.5,6.75759738538373,0.3477462698667758,77.21463256848175,0.004759420566576557,0.22115384615384615,761.2500000000001,803.25,835.5000000000001
272,39.83515218,-71.4073629,679.5,6.865310376501064,0.35037225464005184,78.34072109997649,0.002724259885422723,0.2403846153846154,761.2500000000001,803.25,835.5000000000001
272,39.83515218,-71.4073629,679.5,7.007142785410028,0.3521550489376462,78.79160324019851,-0.005212613027531078,0.23076923076923078,761.2500000000001,803.25,835.5000000000001
272,39.83515218,-71.4073629,679.5,7.301419937419715,0.3520304013873232,78.34226366267389,0.0002778706086534385,0.2692307692307692,761.2500000000001,803.25,835.5000000000001
273,39.83511243,-71.40750397,679.5,7.363121753046293,0.35227581778326555,79.01734346068825,0.000834935287885937,0.25961538461538464,761.2500000000001,803.25,835.5000000000001
273,39.83511243,-71.40750397,679.5,7.248994394624282,0.3499863244836486,77.88807151521604,0.004115084383611319,0.24519230769230768,761.2500000000001,803.25,835.5000000000001
273,39.83511243,-71.40750397,679.5,7.196171909925048,0.34326859548897554,79.68152837927408,0.01533951113698883,0.25,761.2500000000001,803.25,835.5000000000001
273,39.83511243,-71.40750397,679.5,7.386059585661548,0.3405385699255386,79.21664029407454,0.01219753073940438,0.25,761.2500000000001,803.25,835.5000000000001
273,39.83511243,-71.40750397,679.5,7.71252868496915,0.3414612791771925,79.630446951553,0.008194488561266797,0.25,761.2500000000001,803.25,835.5000000000001
274,39.83507318,-71.40764147,679.5,7.938635897019614,0.3432945586531005,78.21327125178081,0.004871104285509656,0.25,762.0,803.25,835.5000000000001
274,39.83507318,-71.40764147,679.5,7.902399250422853,0.34713760566010454,80.61514585848765,0.009166031727861387,0.2644230769230769,762.0,803.25,835.5000000000001
274,39.83507318,-71.40764147,679.5,7.676799565670056,0.3515152137451327,79.9841595080263,0.002816673159374052,0.2644230769230769,762.0,803.25,835.5000000000001
274,39.83507318,-71.40764147,678.75,7.381934815094574,0.353910848241713,79.28708809147294,0.007745586158859505,0.2727272727272727,762.0,803.25,835.5000000000001
275,39.835032,-71.40778628,678.75,7.114031879569862,0.353032811927219,79.05272617355435,0.004322850940742302,0.2966507177033493,762.0,803.25,835.5000000000001
275,39.835032,-71.40778628,678.75,6.897144171939131,0.35083218809010197,79.49821614880757,-0.0036173800039055294,0.28708133971291866,762.0,804.0,835.5000000000001
275,39.835032,-71.40778628,678.75,6.797932657799465,0.3511388778052799,80.62095933781791,0.0010312586287688098,0.291866028708134,762.0,804.0,835.5000000000001
275,39.835032,-71.40778628,678.75,6.800527019167179,0.3515263264898065,80.61863312433341,0.0007523183663323508,0.2966507177033493,762.0,804.0,835.5000000000001
276,39.83498887,-71.40792817,678.75,6.606436916468642,0.3507742584562971,80.16691876211446,0.004560499494273607,0.291866028708134,762.0,804.75,835.5000000000001
276,39.83498887,-71.40792817,678.75,6.3761502339193,0.3451390602858278,79.26566254967548,0.0019318060426603883,0.3014354066985646,762.0,804.75,835.5000000000001
276,39.83498887,-71.40792817,678.75,6.520881566653914,0.3389308420792839,80.84214805029538,0.00767405695149747,0.2822966507177033,762.0,804.75,835.5000000000001
276,39.83498887,-71.40792817,678.75,6.69654845895631,0.3371125575475251,82.64462963426242,0.009579242832817532,0.27751196172248804,762.0,804.75,835.5000000000001
277,39.83494033,-71.40806492,678.75,6.8221090695806055,0.3374159535912971,83.77271897220442,0.00819709320293847,0.2822966507177033,762.0,804.75,835.5000000000001
277,39.83494033,-71.40806492,678.75,6.8395456987988945,0.33528743174129133,81.97442326863366,0.001773749632179994,0.2822966507177033,762.0,804.75,835.5000000000001
277,39.83494033,-71.40806492,678.75,6.857086068805617,0.334055924205685,81.75393287218675,-0.0031771340145635703,0.2966507177033493,762.0,804.75,835.5000000000001
277,39.83494033,-71.40806492,678.75,6.728354517280745,0.3360926365536729,79.51189278256037,-0.0008663635525111525,0.2535885167464115,762.0,804.75,835.5000000000001
278,39.83489638,-71.40820842,678.75,6.583821241538229,0.33907753974412824,79.20225297775977,0.004780029228602055,0.2631578947368421,762.0,804.75,835.5000000000001
278,39.83489638,-71.40820842,678.75,6.719053872142018,0.3409330960586671,79.9304261523566,0.0058184103954369475,0.28708133971291866,762.0,804.75,835.5000000000001
278,39.83489638,-71.40820842,678.75,6.750644725396817,0.3447225832625245,79.28468536615091,0.007536868876625683,0.2679425837320574,762.0,804.75,835.5000000000001
278,39.83489638,-71.40820842,678.75,6.778995090890853,0.35083970083396926,79.52045818917449,0.001775345757150916,0.27751196172248804,762.0,804.75,835.5000000000001
279,39.8348575,-71.40835145,678.75,6.921149187068393,0.35453939247607885,77.71293582400007,-0.009075136496618515,0.2631578947368421,762.0,804.75,835.5000000000001
279,39.8348575,-71.40835145,678.75,6.895649628464492,0.35389569214495686,79.04663914795206,-8.106771195655084e-05,0.2535885167464115,762.0,804.75,835.5000000000001
279,39.8348575,-71.40835145,678.75,6.51909496730385,0.35292073585741,78.3641173891864,0.00558952644820153,0.23923444976076555,762.0,804.75,835.5000000000001
279,39.8348575,-71.40835145,678.75,6.059602562453682,0.3530489917623899,79.03873763219197,0.008460334888095554,0.23444976076555024,762.0,804.75,835.5000000000001
279,39.8348575,-71.40835145,678.75,5.9265188427474005,0.3554767164700272,78.13887500324896,0.009437134897999485,0.22009569377990432,762.0,804.75,835.5000000000001
280,39.83481103,-71.40849725,678.75,5.950997241408899,0.3560215736805223,78.13998176049634,0.012198431692379264,0.21052631578947367,762.0,804.75,835.5000000000001
280,39.83481103,-71.40849725,678.75,6.219534454408041,0.35609690771070995,77.6899938706126,0.02136060822650944,0.20574162679425836,762.0,804.75,835.5000000000001
280,39.83481103,-71.40849725,678.75,6.429344184987275,0.3586528780511775,77.01484659364698,0.0168472709765538,0.19138755980861244,762.0,804.75,835.5000000000001
280,39.83481103,-71.40849725,678.75,6.67967133163544,0.3595612165438402,77.46746019139017,0.008284515654510398,0.21052631578947367,762.0,804.75,835.5000000000001
281,39.83477253,-71.40864023,678.75,6.511140679011757,0.35853437583599734,76.57076536503233,0.003430093776340229,0.22488038277511962,762.0,804.75,835.5000000000001
281,39.83477253,-71.40864023,678.75,6.120780541806204,0.3598199813479065,79.04455759180392,0.00484069890862803,0.21052631578947367,762.0,804.75,835.5000000000001
281,39.83477253,-71.40864023,678.75,6.046800453441744,0.35736726021922655,78.80702312689841,0.004892249578725878,0.19617224880382775,762.0,804.75,835.5000000000001
281,39.83477253,-71.40864023,678.75,6.170410104833006,0.352107662539978,78.79409571137298,0.011712207105799784,0.22966507177033493,762.0,804.75,835.5000000000001
282,39.83473265,-71.40878677,678.75,6.502735930435293,0.351036587625681,77.65922893981129,0.009071160533505684,0.2535885167464115,762.0,804.75,835.5000000000001
282,39.83473265,-71.40878677,678.75,6.881660218354162,0.35596172089329975,77.20801936498705,0.010875209218015885,0.23923444976076555,762.0,804.75,835.5000000000001
282,39.83473265,-71.40878677,678.75,7.160304036557737,0.36521067418284886,80.59567190782246,0.00971787037228185,0.22966507177033493,762.0,804.75,835.5000000000001
282,39.83473265,-71.40878677,678.75,7.279163583985048,0.3701682505631986,77.68186706471208,0.007252327753183504,0.22009569377990432,762.0,804.75,835.5000000000001
283,39.83468795,-71.40893168,678.75,7.197277632992946,0.3675639643883473,77.01809375040118,0.006638049540950564,0.22488038277511962,762.0,804.75,835.5000000000001
283,39.83468795,-71.40893168,678.75,6.9794041522427355,0.36083102327963973,78.14784230212841,0.011105859624563062,0.23444976076555024,762.0,804.75,835.5000000000001
283,39.83468795,-71.40893168,678.75,6.638606739271058,0.35604941825609226,78.37308548236355,0.009542178931389573,0.22488038277511962,762.0,804.75,835.5000000000001
283,39.83468795,-71.40893168,678.75,6.399573042387201,0.35280332959291705,77.69705703694325,0.008677193127386205,0.215311004784689,762.0,804.75,835.5000000000001
283,39.83468795,-71.40893168,678.75,6.5852809147935085,0.3505157978950982,77.24611182300147,0.006495982516503678,0.215311004784689,762.0,804.75,835.5000000000001
284,39.83464155,-71.40906975,678.75,6.475396346413274,0.35081955223438116,77.92187074712139,0.00490293279689715,0.21052631578947367,762.0,804.75,835.5000000000001
284,39.83464155,-71.40906975,678.75,6.399805968278126,0.35437466467281553,78.82275957829684,0.008765258758636794,0.21052631578947367,762.0,804.75,835.5000000000001
284,39.83464155,-71.40906975,678.75,6.5171321249139655,0.35862614297524165,78.59667014625168,0.011491347895795083,0.21052631578947367,762.0,804.75,835.5000000000001
284,39.83464155,-71.40906975,678.75,6.544699920181304,0.3598862211517389,76.34275884498386,0.008666518877968685,0.22935779816513763,762.0,804.75,842.25
285,39.83459907,-71.40922263,678.75,6.742668992125723,0.35607442861216165,75.88998383561258,0.007115680554294467,0.23394495412844038,762.0,804.75,842.25
285,39.83459907,-71.40922263,678.75,6.858553991798667,0.35447948445176186,78.59083912563045,0.0009505175962698155,0.26146788990825687,762.0,804.75,842.25
285,39.83459907,-71.40922263,678.75,6.950315563788486,0.3534212108633911,76.11513813974763,-0.00016380280518019108,0.26146788990825687,762.0,804.75,842.25
285,39.83459907,-71.40922263,678.75,7.018661408650879,0.3519159708404693,76.34164941167211,0.0013065791591263332,0.26576576576576577,762.0,804.75,845.25
286,39.83456193,-71.40936203,678.75,6.959060903424493,0.35007278061971164,74.99124186986607,0.0002503648205834828,0.24358974358974358,762.0,804.75,854.25
286,39.83456193,-71.40936203,678.75,6.865078991394453,0.3499997582384236,75.6667777368399,0.006292386590924787,0.2222222222222222,762.0,804.75,854.25
286,39.83456193,-71.40936203,678.75,6.694011122530545,0.3507662606191098,74.31388774632643,0.017504259056576307,0.2094017094017094,762.0,804.75,854.25
286,39.83456193,-71.40936203,678.75,6.537251641647187,0.3545950154537404,75.43448898207541,0.024899272150990092,0.2094017094017094,762.0,804.75,854.25
287,39.8345299,-71.40951207,678.75,6.60711039528139,0.3572893964535951,74.75411765360133,0.024598456859572335,0.2094017094017094,762.7500000000001,804.75,854.25
287,39.8345299,-71.40951207,678.75,6.49550427041869,0.35686726820285886,76.78282443128218,0.025787126420615075,0.19658119658119658,762.7500000000001,804.75,854.25
287,39.8345299,-71.40951207,678.75,6.545716319090114,0.3540772706013722,77.9135868799979,0.018690919336034117,0.20085470085470086,762.7500000000001,804.75,854.25
287,39.8345299,-71.40951207,678.75,6.459270647218683,0.3482631644617716,77.46527656088384,0.0044676085237867315,0.2094017094017094,762.7500000000001,804.75,854.25
287,39.8345299,-71.40951207,678.75,6.449407585209266,0.34585505195334354,78.59189778303177,0.010383345889729471,0.23504273504273504,762.7500000000001,804.75,854.25
288,39.8344971,-71.40965982,678.75,6.661651385080978,0.3464375310911211,78.59249306508559,0.015636086925471557,0.23076923076923078,762.7500000000001,804.75,854.25
288,39.8344971,-71.40965982,678.75,6.847143531076358,0.3493989771810444,80.39439157870542,0.0119372848442174,0.23931623931623933,762.7500000000001,804.75,854.25
288,39.8344971,-71.40965982,678.75,6.804687562239906,0.354008925385958,78.36788108732965,0.011614196912353733,0.23504273504273504,762.7500000000001,797.25,854.25
288,39.8344971,-71.40965982,678.75,6.814230344174846,0.3559556396059649,77.69192749480702,0.008204363347008796,0.20512820512820512,762.7500000000001,797.25,854.25
289,39.83445365,-71.40979993,678.75,6.749780685097497,0.35528433831268086,77.91666623590905,0.011989661488829578,0.20085470085470086,762.7500000000001,797.25,854.25
289,39.83445365,-71.40979993,678.75,6.3645412580993,0.3518397586259758,78.81732694585027,0.016326083436327986,0.2094017094017094,762.7500000000001,794.25,854.25
289,39.83445365,-71.40979993,678.75,6.100922721800429,0.34861067906162285,79.26795465125134,0.016064170524122876,0.23423423423423423,762.7500000000001,794.25,845.25
289,39.83445365,-71.40979993,678.75,5.9999543758386915,0.3452641285377886,78.81761229131118,0.014811868548660349,0.23853211009174313,762.7500000000001,794.25,842.25
290,39.83440173,-71.40994278,678.75,5.8862024743138575,0.3408280690695015,79.26798116130648,0.006164753848949673,0.23853211009174313,762.7500000000001,794.25,842.25
290,39.83440173,-71.40994278,678.75,5.772211819270386,0.33574067303617505,78.59295735258206,0.008661159252331772,0.24311926605504589,762.7500000000001,794.25,842.25
290,39.83440173,-71.40994278,678.75,5.741812266945563,0.33472573216902946,78.81929249915153,0.0045372261794534565,0.26146788990825687,762.7500000000001,794.25,842.25
290,39.83440173,-71.40994278,678.75,5.881696259562608,0.33557757227482543,77.69408334138447,0.005519615133962678,0.25,762.7500000000001,794.25,828.75
291,39.83435175,-71.41007988,678.75,6.007774417915793,0.3345958606645603,76.11691449630679,0.01021239074572251,0.25,762.7500000000001,794.25,828.75
291,39.83435175,-71.41007988,678.75,6.035109214425345,0.33417755007311334,77.46452491436695,0.00966132917461457,0.24,762.7500000000001,794.25,828.75
291,39.83435175,-71.41007988,678.75,6.250541836103164,0.33586970753211265,77.67752816778457,0.012635209729145344,0.25,762.7500000000001,794.25,828.75
291,39.83435175,-71.41007988,678.75,6.585560367115425,0.34027351802025635,77.432585974484,0.01578985132899662,0.23,762.7500000000001,794.25,828.75
292,39.83429832,-71.41021627,678.75,6.892585431150685,0.34063899694240063,77.97785978133443,0.017221562447017717,0.215,762.7500000000001,794.25,828.75
292,39.83429832,-71.41021627,678.75,6.886731542624822,0.3363810589868453,78.86182933241213,0.02024897841583718,0.255,762.7500000000001,794.25,828.75
292,39.83429832,-71.41021627,678.75,6.646831076726105,0.33597542510461564,77.0463648513111,0.013621270048041199,0.26,762.7500000000001,794.25,828.75
292,39.83429832,-71.41021627,678.75,6.606953217588397,0.3393220551989874,76.8118193427303,0.00836630164086546,0.245,762.7500000000001,794.25,828.75
292,39.83429832,-71.41021627,678.75,6.524048814567869,0.342433479430461,77.70797771784275,0.011441331738947891,0.245,762.7500000000001,794.25,828.75
293,39.83425533,-71.41036003,678.75,6.591126616133788,0.3404248608053629,77.93144855645524,0.012634964687669146,0.2535885167464115,762.7500000000001,794.25,835.5000000000001
293,39.83425533,-71.41036003,678.75,6.410286815734165,0.3382595432531645,77.4797314917746,0.01622975313738785,0.23923444976076555,762.7500000000001,794.25,835.5000000000001
293,39.83425533,-71.41036003,678.75,6.029714382240997,0.34007613921298985,78.15257611437468,0.009204197509618874,0.20095693779904306,762.7500000000001,794.25,835.5000000000001
293,39.83425533,-71.41036003,678.75,5.86417305034828,0.3390124467457378,76.7978057879779,0.008427019685338424,0.20095693779904306,762.7500000000001,794.25,835.5000000000001
294,39.8342047,-71.41049778,678.75,5.676570817492624,0.33605058084583705,76.56841362633628,0.009963046984760462,0.21890547263681592,762.7500000000001,794.25,829.5000000000001
294,39.8342047,-71.41049778,678.75,5.607501187158663,0.3337766752663827,77.91553034546969,0.012252821151441842,0.22885572139303484,762.7500000000001,794.25,829.5000000000001
294,39.8342047,-71.41049778,678.75,5.579624455078727,0.33386223353906974,77.9128713370285,0.013975662450596196,0.20398009950248755,762.7500000000001,794.25,829.5000000000001
294,39.8342047,-71.41049778,678.75,5.649657469690906,0.3337924922420484,75.66082845860527,0.005239912982134213,0.21890547263681592,762.7500000000001,794.25,829.5000000000001
295,39.8341598,-71.4106395,678.75,5.735016812882692,0.335736582189569,76.11260468337576,0.008616464024677197,0.22885572139303484,762.7500000000001,794.25,829.5000000000001
295,39.8341598,-71.4106395,678.75,5.806860139304981,0.3429107250837005,76.3391951561417,0.014839065433905101,0.22388059701492538,762.7500000000001,794.25,829.5000000000001
295,39.8341598,-71.4106395,678.75,5.933017592883395,0.3515728673169689,76.56498987141043,0.01852782756150236,0.23383084577114427,762.7500000000001,794.25,829.5000000000001
295,39.8341598,-71.4106395,678.75,6.037527260131544,0.3541236489404194,76.56482734892909,0.016657143812289256,0.23383084577114427,762.7500000000001,794.25,829.5000000000001
296,39.83411582,-71.41078037,678.75,5.911653287411778,0.3543145792298132,76.11440944697796,0.006703338739579779,0.22885572139303484,762.7500000000001,794.25,829.5000000000001
296,39.83411582,-71.41078037,678.75,5.740864161471045,0.3554599573068031,76.11517827146943,0.01035997006261004,0.215311004784689,762.7500000000001,795.0,835.5000000000001
296,39.83411582,-71.41078037,678.75,5.56644462445695,0.3551951939459876,76.79240531265887,0.02488437995810937,0.22380952380952382,762.7500000000001,795.0,836.25
296,39.83411582,-71.41078037,678.75,5.6128293610227,0.35570402103153226,77.0196344795212,0.01683735148748046,0.22857142857142856,762.7500000000001,795.0,836.25
297,39.83407507,-71.41092173,678.75,5.7730629993674425,0.35528372777230627,78.14750625958021,0.008704195842977483,0.21428571428571427,762.7500000000001,795.0,836.25
297,39.83407507,-71.41092173,678.75,6.028379034095282,0.35675329011062173,77.47381806697064,0.0102184539461054,0.22380952380952382,762.7500000000001,795.0,836.25
297,39.83407507,-71.41092173,678.75,6.082648793773315,0.3573513940589305,77.02521219741287,0.009152665075379063,0.22857142857142856,762.7500000000001,795.0,836.25
297,39.83407507,-71.41092173,678.75,6.2496964320960045,0.3578026292528418,76.8014900533917,0.0047079717186100396,0.2619047619047619,762.7500000000001,797.25,836.25
298,39.83403402,-71.4110624,678.75,6.302323833146698,0.36276121704041703,77.70319812105434,0.010550706325941442,0.23809523809523808,762.7500000000001,797.25,836.25
298,39.83403402,-71.4110624,678.75,6.277510138900408,0.3653931053937666,76.80293833492215,0.006691212929242984,0.2904761904761905,762.7500000000001,797.25,836.25
298,39.83403402,-71.4110624,678.75,6.263256164378613,0.3628214487699772,77.47856367273637,0.005353411970315798,0.2857142857142857,762.7500000000001,797.25,836.25
298,39.83403402,-71.4110624,678.75,6.430068552474248,0.35963646912680386,78.15348885579272,0.005908974877471802,0.2857142857142857,762.7500000000001,797.25,836.25
298,39.83403402,-71.4110624,678.75,6.530616169716695,0.36316918849792457,76.35108448955319,0.006040430715010207,0.2857142857142857,762.7500000000001,797.25,836.25
299,39.83399532,-71.41120922,678.75,6.5096021868896425,0.3710744912153478,75.6743628821724,0.011230961607458038,0.2857142857142857,762.7500000000001,797.25,836.25
299,39.83399532,-71.41120922,678.75,6.497660337338884,0.3741985863352479,76.57359190642785,0.013380360618363379,0.2619047619047619,762.7500000000001,795.0,836.25
299,39.83399532,-71.41120922,678.75,6.6860602776687825,0.37314045624711356,76.57162261222075,0.017947104656582856,0.2523809523809524,762.7500000000001,795.0,836.25
299,39.83399532,-71.41120922,678.75,6.831286823411286,0.3702421999108198,77.01922715350156,0.012967801929799292,0.2523809523809524,762.7500000000001,795.0,836.25
300,39.83394585,-71.41134888,678.75,6.717014322520327,0.3697492233887936,77.46707174831027,0.013186308362655285,0.2619047619047619,762.7500000000001,795.0,836.25
300,39.83394585,-71.41134888,678.75,6.403154273493733,0.37086272246856217,79.26763970402442,0.006568817176539088,0.24761904761904763,762.7500000000001,795.0,836.25
300,39.83394585,-71.41134888,678.75,6.184421669382487,0.3703406589160466,79.94437061218827,0.005948928659275667,0.24761904761904763,762.7500000000001,795.0,836.25
300,39.83394585,-71.41134888,678.75,6.308899925255676,0.3699114722634797,79.49579261387296,0.003887023980334476,0.23333333333333334,762.7500000000001,795.0,836.25
301,39.8339024,-71.41149142,678.75,6.489607126857184,0.3718212625795401,79.27208015555419,0.010334177064988978,0.22857142857142856,762.7500000000001,795.0,836.25
301,39.8339024,-71.41149142,678.75,6.534018179261819,0.3755175656274349,77.69637596092629,0.016611466440253228,0.21904761904761905,762.7500000000001,795.0,836.25
301,39.8339024,-71.41149142,678.75,6.5886246642148,0.37644240101841736,78.59711543000415,0.00810054731117522,0.20476190476190476,762.7500000000001,795.0,836.25
301,39.8339024,-71.41149142,678.75,6.452700155913579,0.3782158378148521,78.1459418816091,0.008587195909386662,0.21428571428571427,762.7500000000001,795.0,836.25
302,39.83385225,-71.41163555,678.75,6.426981152985259,0.37963641718419455,76.56796848864528,0.008499063016555038,0.23809523809523808,762.7500000000001,795.0,836.25
302,39.83385225,-71.41163555,678.75,6.367141139354894,0.3777146573414702,76.79098044362662,0.012509131167983106,0.22380952380952382,762.7500000000001,795.0,836.25
302,39.83385225,-71.41163555,678.75,6.158558601465968,0.37142710959479625,77.24042013967758,0.014673373302459743,0.21428571428571427,762.7500000000001,795.0,836.25
302,39.83385225,-71.41163555,678.75,5.996305058217492,0.3616088535668039,78.14174791905714,0.013505321195139744,0.21428571428571427,762.7500000000001,795.0,836.25
303,39.83381042,-71.41177515,679.5,5.8355156103901225,0.3544728219332144,78.36767589377145,0.005532270372355136,0.21052631578947367,762.7500000000001,795.0,836.25
303,39.83381042,-71.41177515,679.5,5.876667633966662,0.3526629829882332,79.26822481566383,0.01060651426005762,0.21052631578947367,763.5,795.0,836.25
303,39.83381042,-71.41177515,679.5,6.2442846839411255,0.35110713315434144,78.59238158432538,0.006759415130197896,0.22966507177033493,763.5,795.0,836.25
303,39.83381042,-71.41177515,679.5,6.653963020762555,0.3475805551948838,77.69195851018642,0.006519457624324443,0.23923444976076555,763.5,797.25,836.25
303,39.83381042,-71.41177515,679.5,6.652433422299578,0.3460826016513709,78.14324976973448,0.009670444187774923,0.22488038277511962,763.5,797.25,836.25
304,39.83376305,-71.41191413,679.5,6.342955556587625,0.3491447693228008,77.69425248797418,0.005694535406013774,0.22009569377990432,763.5,797.25,836.25
304,39.83376305,-71.41191413,679.5,6.186740639010582,0.3540004787678946,76.56899295352389,0.00405443439294833,0.22009569377990432,763.5,797.25,836.25
304,39.83376305,-71.41191413,679.5,6.162947979272758,0.35741949857161337,76.56840482714955,0.0040669605523804015,0.24401913875598086,763.5,795.0,836.25
304,39.83376305,-71.41191413,679.5,6.142647758686453,0.3566857088931141,76.79310761140029,0.0032948364157801544,0.2631578947368421,763.5,795.0,836.25
305,39.83371707,-71.41205712,679.5,5.943676139377422,0.35840222463662,78.1454802492157,0.006717291750718596,0.2535885167464115,763.5,797.25,836.25
305,39.83371707,-71.41205712,679.5,5.903476318715778,0.35918767277932034,77.92327274764561,0.00558123465989322,0.24880382775119617,763.5,797.25,836.25
305,39.83371707,-71.41205712,679.5,6.336506635044422,0.360572775816808,77.9260515525338,0.00793202845946605,0.2535885167464115,763.5,797.25,836.25
305,39.83371707,-71.41205712,679.5,6.688681807932705,0.3621262747433807,78.37745691124486,0.010086570399575454,0.23923444976076555,763.5,797.25,836.25
306,39.83366473,-71.41219673,679.5,6.679763088929052,0.3622222050733752,78.15170187337878,0.013313484413446817,0.24401913875598086,763.5,797.25,836.25
306,39.83366473,-71.41219673,679.5,6.664006911228749,0.36246960154255103,77.92530897096906,0.0029738171518509924,0.23444976076555024,763.5,797.25,836.25
306,39.83366473,-71.41219673,679.5,6.556670491627332,0.3623877294056963,76.79845404088806,0.003640675392857574,0.22966507177033493,763.5,797.25,836.25
306,39.83366473,-71.41219673,679.5,6.600038177449744,0.3639301447410461,78.1480743503388,0.01079537098565419,0.22966507177033493,763.5,797.25,836.25
307,39.83361558,-71.4123352,679.5,6.755703864783785,0.363374843180061,79.27181801829198,0.01830157559245161,0.24880382775119617,763.5,797.25,836.25
307,39.83361558,-71.4123352,679.5,6.955825720793617,0.3639562152597919,78.36804360450562,0.018978872434861148,0.24401913875598086,763.5,797.25,836.25
307,39.83361558,-71.4123352,679.5,7.070633054636605,0.3691267107868049,77.68927700498146,0.015456831015747607,0.22488038277511962,763.5,797.25,836.25
307,39.83361558,-71.4123352,679.5,7.174074744378723,0.37175380186953916,78.36166570565068,0.015723869682003025,0.23444976076555024,763.5,797.25,836.25
307,39.83361558,-71.4123352,679.5,7.313893365939481,0.36929167941752145,77.45848560095182,0.009768539255005752,0.23444976076555024,763.5,797.25,836.25
308,39.83356427,-71.41247635,679.5,7.174485597588199,0.36432723716052146,77.0077826186532,0.009458956483042983,0.22488038277511962,763.5,797.25,836.25
308,39.83356427,-71.41247635,679.5,6.9770574681695265,0.35584972151427247,78.36096552235371,0.01009002546890441,0.2535885167464115,763.5,795.0,836.25
308,39.83356427,-71.41247635,679.5,6.921037212416593,0.35065970222258463,76.33667027988685,0.015048828394756358,0.2583732057416268,763.5,795.0,836.25
308,39.83356427,-71.41247635,679.5,6.7256307214230056,0.34772925146293826,77.23767354718632,0.006815869408080164,0.23444976076555024,763.5,795.0,836.25
309,39.83351315,-71.41261535,679.5,6.4396561483775665,0.34672126306926854,77.01201694388641,0.00875486829304356,0.23923444976076555,763.5,795.0,836.25
309,39.83351315,-71.41261535,679.5,6.5081629101038745,0.3482541985199398,75.66160489079631,0.008706639885778356,0.24401913875598086,763.5,795.0,836.25
309,39.83351315,-71.41261535,679.5,6.599730333698068,0.3522616170232014,76.78937549649635,-0.0026140946666038892,0.2535885167464115,763.5,795.0,836.25
309,39.83351315,-71.41261535,679.5,6.698335310442914,0.3507064732242044,77.6915520788617,-0.0034048768247370337,0.24880382775119617,763.5,795.0,836.25
310,39.8334555,-71.41275525,679.5,6.877184265997033,0.34886871338737996,77.69241522063959,0.006883838456722683,0.2535885167464115,763.5,795.0,836.25
310,39.8334555,-71.41275525,679.5,6.814847141552475,0.35016993073821917,76.7922718267766,0.01451660363428342,0.2644230769230769,763.5,795.0,835.5000000000001
310,39.8334555,-71.41275525,679.5,6.847877587038214,0.35055416047362037,78.3697201850517,0.012845069664802946,0.24154589371980675,763.5,795.0,834.75
310,39.8334555,-71.41275525,679.5,6.99337213235405,0.3516050238021548,77.92283517154615,0.0019793987921667695,0.24154589371980675,763.5,794.25,834.75
311,39.83340262,-71.41289258,679.5,7.350314652840111,0.3543050874871013,77.47801528736314,-0.002439271054999791,0.2560386473429952,763.5,794.25,834.75
311,39.83340262,-71.41289258,679.5,7.458457153900804,0.35749405542703966,77.03321845573119,0.0025663288517643016,0.26570048309178745,763.5,795.0,834.75
311,39.83340262,-71.41289258,679.5,7.3049020435418335,0.35690286790679804,78.16498153392538,0.013039277723458701,0.2463768115942029,763.5,795.0,834.75
311,39.83340262,-71.41289258,679.5,7.207600421840887,0.35472585138613927,77.94570036811966,0.014971911694720471,0.23671497584541062,763.5,795.0,834.75
311,39.83340262,-71.41289258,679.5,7.207400526242992,0.3544896786791644,77.0514518655583,0.008152994431097712,0.23557692307692307,763.5,795.0,835.5000000000001
312,39.83334792,-71.41303208,679.5,7.217567027835199,0.35343166398591686,75.92876150092826,0.00033942109593873955,0.22009569377990432,763.5,795.0,836.25
312,39.83334792,-71.41303208,679.5,7.269866013504246,0.3490279695158542,77.50001911622608,0.007491188754700889,0.23444976076555024,763.5,795.0,836.25
312,39.83334792,-71.41303208,679.5,7.3090581893932525,0.3442160061816754,77.94007444817126,0.010092746527510169,0.23444976076555024,763.5,795.0,836.25
312,39.83334792,-71.41303208,679.5,7.366202246948425,0.34030448277241604,77.9334568281152,0.015117769065139538,0.23923444976076555,763.5,795.0,836.25
313,39.8333041,-71.41317658,679.5,7.589323530283571,0.3383277150375812,78.15497329981737,0.02001191964016591,0.22488038277511962,763.5,797.25,836.25
313,39.8333041,-71.41317658,679.5,7.610559461710278,0.33622315093055277,77.92750919747098,0.011611018370818427,0.22966507177033493,763.5,797.25,836.25
313,39.8333041,-71.41317658,679.5,7.40117569932033,0.3362601317025005,77.24967428873846,0.0026963142898458574,0.23923444976076555,763.5,797.25,836.25
313,39.8333041,-71.41317658,679.5,7.2281085764152655,0.34013270163432857,76.34631219617545,-0.00019463585493446445,0.23444976076555024,763.5,797.25,836.25
314,39.83326412,-71.41332005,679.5,7.244872525800574,0.3446725439701305,75.44270861109956,-0.003298592074989856,0.20574162679425836,763.5,797.25,836.25
314,39.83326412,-71.41332005,679.5,7.340921662208478,0.3499883414342137,76.3405303092064,0.004199116964377461,0.19138755980861244,763.5,797.25,836.25
314,39.83326412,-71.41332005,679.5,7.438349342845166,0.35106537770620017,74.76213935389045,0.00973554935650722,0.20095693779904306,763.5,797.25,836.25
314,39.83326412,-71.41332005,679.5,7.470167791645154,0.3459665218325659,74.98582801673903,0.005869514152318784,0.21052631578947367,763.5,797.25,836.25
315,39.83322262,-71.41346338,679.5,7.127504659698278,0.3418989235687327,74.30914245394472,0.007247026204533506,0.22488038277511962,763.5,797.25,836.25
315,39.83322262,-71.41346338,679.5,6.842253544010538,0.3435532422674937,74.9825627132442,0.011477713867143271,0.23444976076555024,763.5,797.25,836.25
315,39.83322262,-71.41346338,679.5,6.83633469003031,0.3434657007063795,75.2051220970858,0.006420798148471708,0.23444976076555024,763.5,797.25,836.25
315,39.83322262,-71.41346338,679.5,6.601310796625747,0.33911624312813493,76.1039759912493,0.00837387399088416,0.22009569377990432,763.5,797.25,836.25
316,39.8331837,-71.41360742,679.5,6.0789202710292045,0.33770987331922664,75.20441302284198,0.013381105603260258,0.22115384615384615,763.5,797.25,835.5000000000001
316,39.8331837,-71.41360742,679.5,5.762857297618657,0.3404336232647013,75.4328883411747,0.01018754473743347,0.21739130434782608,763.5,797.25,834.75
316,39.8331837,-71.41360742,679.5,5.5936777594384335,0.3428501647310255,75.2119147886355,0.008946650555707661,0.24154589371980675,763.5,797.25,834.75
316,39.8331837,-71.41360742,679.5,5.6472215543718765,0.3406747181564282,74.99163328642543,0.009330374877827018,0.24390243902439024,763.5,797.25,833.25
316,39.8331837,-71.41360742,679.5,5.537032661444012,0.3377509712650443,73.97764973472083,0.0016812987928724237,0.24878048780487805,763.5,797.25,833.25
317,39.8331403,-71.41375135,679.5,5.44835442262377,0.33490814334430535,74.70457562591746,0.004377649298092721,0.24390243902439024,763.5,797.25,833.25
317,39.8331403,-71.41375135,679.5,5.393239689233663,0.3362922687707601,74.24410400214009,0.0029723043188804015,0.23902439024390243,763.5,797.25,833.25
317,39.8331403,-71.41375135,679.5,5.4552056033768235,0.3413606063343101,74.68132535883609,0.0033697909900070157,0.2097560975609756,763.5,797.25,833.25
317,39.8331403,-71.41375135,679.5,5.39066838984113,0.34621585204263305,74.66695679652469,0.007862862634131964,0.2146341463414634,763.5,797.25,833.25
318,39.83308655,-71.41388423,679.5,5.5034247319269065,0.3503796721856182,73.76003425213621,0.011394590450695132,0.2048780487804878,763.5,797.25,833.25
318,39.83308655,-71.41388423,679.5,5.595268527016986,0.3526419162740592,74.44742468611814,0.008286046590349504,0.2,763.5,797.25,833.25
318,39.83308655,-71.41388423,679.5,5.680461663643783,0.35263435750739924,74.0083913438755,0.008426575411082113,0.2146341463414634,763.5,797.25,833.25
318,39.83308655,-71.41388423,679.5,5.710884950970051,0.3537121654915046,73.11408807003056,0.011326659120371015,0.21951219512195122,763.5,797.25,833.25
319,39.83303207,-71.41402198,679.5,6.130374721623363,0.3594623958027473,73.80984869187668,0.006632200753582555,0.22439024390243903,763.5,797.25,833.25
319,39.83303207,-71.41402198,679.5,6.643207093138562,0.3631357661251356,75.30812790267471,0.01366429575448499,0.22926829268292684,763.5,797.25,833.25
319,39.83303207,-71.41402198,679.5,6.928349706442558,0.3616437813844212,74.53997386020939,0.011415161775821872,0.23902439024390243,763.5,797.25,833.25
319,39.83303207,-71.41402198,679.5,6.857701232914432,0.35953000192075035,74.08844959133434,0.016959591532616645,0.24390243902439024,763.5,797.25,833.25
320,39.8329766,-71.41415757,679.5,6.940716461748243,0.35630168479904173,73.86049788418268,0.009600336910699434,0.22926829268292684,763.5,797.25,833.25
320,39.8329766,-71.41415757,679.5,6.942995646407768,0.35379291915780914,74.3076671617668,0.010685195143331164,0.24390243902439024,763.5,797.25,833.25
320,39.8329766,-71.41415757,679.5,6.6546151729893275,0.35388854085929916,75.43015807469769,0.009918894386204129,0.23902439024390243,763.5,797.25,833.25
320,39.8329766,-71.41415757,679.5,6.506922192065511,0.3561080257824362,76.55293643286505,4.530437009564374e-05,0.25853658536585367,763.5,797.25,833.25
320,39.8329766,-71.41415757,679.5,6.602245730579324,0.35955033666449854,74.74956138617588,0.008387259302025033,0.23902439024390243,763.5,797.25,833.25
321,39.83292103,-71.4142963,679.5,7.054720093503553,0.3597370523396397,74.52413936433302,0.005819994911378947,0.24878048780487805,763.5,797.25,833.25
321,39.83292103,-71.4142963,679.5,7.001201685452926,0.35638719617529213,74.9748105387948,0.010226741777059973,0.24878048780487805,763.5,797.25,833.25
321,39.83292103,-71.4142963,679.5,6.708931267151973,0.35535050344944663,75.87527536859136,0.009990601154320485,0.22926829268292684,763.5,797.25,833.25
321,39.83292103,-71.4142963,679.5,6.448767122910113,0.3551365061452496,73.39723902118196,0.008189131578851625,0.24390243902439024,763.5,797.25,833.25
322,39.8328624,-71.41443338,679.5,6.333033233612594,0.3576733703705211,74.52138264824166,0.00924418935967235,0.25853658536585367,763.5,797.25,833.25
322,39.8328624,-71.41443338,679.5,6.41283814408895,0.3643895000901043,74.96979376486655,0.0069685422853603485,0.24390243902439024,763.5,797.25,833.25
322,39.8328624,-71.41443338,679.5,6.507182941081606,0.3721877702468464,75.87061499480815,0.007975328707304136,0.23902439024390243,763.5,797.25,833.25
322,39.8328624,-71.41443338,679.5,6.4543855673230714,0.3779963401368832,76.7775609666763,0.0039697451796556,0.23414634146341465,763.5,797.25,833.25
323,39.83281262,-71.41457365,679.5,6.46969701758689,0.38041414455364275,75.43961124477305,0.004061082724997764,0.23414634146341465,763.5,797.25,833.25
323,39.83281262,-71.41457365,679.5,6.540062862248601,0.38004378996547794,74.09207426793975,0.007788696615261448,0.22926829268292684,763.5,797.25,833.25
323,39.83281262,-71.41457365,679.5,6.426794602965141,0.38174416292872076,74.0909869799236,0.009398769081973828,0.24390243902439024,763.5,797.25,833.25
323,39.83281262,-71.41457365,679.5,6.31964476608666,0.38349846688713457,75.21507427915907,0.013308288900121017,0.25365853658536586,763.5,797.25,833.25
324,39.83276587,-71.41471568,679.5,6.3896739190429965,0.38586222086624516,74.53816404186612,0.011341777598437746,0.2731707317073171,763.5,797.25,833.25
324,39.83276587,-71.41471568,679.5,6.455019036504578,0.39102025444275157,75.21366923560049,0.011525806193689626,0.25853658536585367,763.5,797.25,833.25
324,39.83276587,-71.41471568,679.5,6.455006313741724,0.39554755650180873,76.11636631479438,0.01134273593512852,0.23902439024390243,763.5,797.25,833.25
324,39.83276587,-71.41471568,679.5,6.995069403881452,0.40104817683162236,75.89014163505345,0.011060079843583825,0.2634146341463415,763.5,797.25,833.25
324,39.83276587,-71.41471568,679.5,7.379135510173615,0.4031736048307879,74.98621288757356,0.006082084267818204,0.23414634146341465,763.5,797.25,833.25
325,39.8327208,-71.41486005,679.5,6.938733355670371,0.4018567162507498,75.21237484572892,0.012712778761695354,0.22926829268292684,763.5,797.25,833.25
325,39.8327208,-71.41486005,679.5,6.2053745281535075,0.3967845915115633,75.21387033806667,0.016518819651174133,0.23414634146341465,763.5,797.25,833.25
325,39.8327208,-71.41486005,679.5,6.0809687831869565,0.3917921844063608,74.76160923392382,0.012481941447989147,0.22439024390243903,763.5,797.25,833.25
325,39.8327208,-71.41486005,679.5,6.197497318532756,0.39106239071581483,76.76709196553317,0.011002956657043799,0.23902439024390243,763.5,797.25,833.25
326,39.83267423,-71.41500308,679.5,5.666128841865843,0.3863772720346755,76.73878104656927,0.015536971724933268,0.22439024390243903,763.5,797.25,833.25
326,39.83267423,-71.41500308,679.5,5.774706317969143,0.376025458307232,76.84340654568808,0.010754420472113762,0.2048780487804878,763.5,797.25,833.25
326,39.83267423,-71.41500308,679.5,5.754945262451536,0.36593908802932407,74.70781668001563,0.01136626994087943,0.2146341463414634,763.5,797.25,833.25
326,39.83267423,-71.41500308,679.5,5.58094077467427,0.3568654395628743,73.8111443398002,0.009831340356591669,0.2097560975609756,763.5,797.25,833.25
327,39.8326295,-71.41514835,679.5,5.591039633162305,0.3508764894995101,73.92073797223624,0.0027659393557132165,0.22439024390243903,763.5,794.25,833.25
327,39.8326295,-71.41514835,679.5,6.00741482418768,0.3453164532926456,73.90668133019095,0.0010283239624673877,0.21951219512195122,763.5,794.25,833.25
327,39.8326295,-71.41514835,679.5,6.144727842135748,0.34148859062460307,73.89605502579185,-9.63866992712532e-05,0.2097560975609756,763.5,794.25,833.25
327,39.8326295,-71.41514835,679.5,5.981622999952631,0.3416435927975109,74.56689002256034,-0.0008753312471655652,0.22439024390243903,763.5,794.25,833.25
328,39.83258243,-71.41529473,679.5,5.7476713780317334,0.34490902734733975,75.0147910899845,-0.0005291749350305103,0.21951219512195122,763.5,794.25,833.25
328,39.83258243,-71.41529473,679.5,5.758315419267284,0.34935083878000156,75.91257355361269,0.003888942237310613,0.22439024390243903,763.5,794.25,833.25
328,39.83258243,-71.41529473,679.5,6.037832881510921,0.35686709308492576,76.1339754533876,0.004562391079865658,0.24390243902439024,763.5,794.25,833.25
328,39.83258243,-71.41529473,679.5,5.975183077805828,0.3613079977019597,77.03105376557212,0.0052323076676919385,0.22926829268292684,763.5,794.25,833.25
328,39.83258243,-71.41529473,679.5,5.979640259755248,0.36203145496330685,77.70483427764997,0.008381846597130994,0.2634146341463415,763.5,794.25,833.25
329,39.83254102,-71.41544122,679.5,6.239968014503278,0.35997693671604664,76.12865298588423,0.006279681148253919,0.2731707317073171,763.5,794.25,833.25
329,39.83254102,-71.41544122,679.5,6.209098132826288,0.35597721752498596,77.93310338821327,0.007072277702757264,0.2731707317073171,763.5,794.25,833.25
329,39.83254102,-71.41544122,679.5,5.5796426462097095,0.34888614210824626,76.13802524095185,0.008831645359568529,0.24757281553398058,763.5,794.25,834.0000000000001
329,39.83254102,-71.41544122,679.5,5.618502732798337,0.34763837551689714,76.59582932627016,0.01557534723874732,0.22815533980582525,763.5,794.25,834.0000000000001
330,39.83249063,-71.41558077,679.5,5.504827435400007,0.3508012571088973,76.37648277484072,0.015148361662814188,0.24271844660194175,763.5,794.25,834.0000000000001
330,39.83249063,-71.41558077,679.5,5.707035855839896,0.3557129795937889,75.70151503296852,0.01259646946499834,0.25728155339805825,763.5,794.25,834.0000000000001
330,39.83249063,-71.41558077,679.5,5.787226141349776,0.356533818418024,77.72026315300391,0.011947789940945896,0.2608695652173913,763.5,794.25,834.75
330,39.83249063,-71.41558077,679.5,5.970370135817167,0.3549877597435099,76.58408950434021,0.022070152311354733,0.2463768115942029,763.5,794.25,834.75
331,39.83244212,-71.4157244,679.5,6.108436738883723,0.3524728328403944,75.45071469035416,0.013427611639018483,0.22935779816513763,763.5,794.25,843.0000000000001
331,39.83244212,-71.4157244,679.5,6.0715608018338365,0.34664244193276916,75.22043278331348,0.005667354806071859,0.23394495412844038,763.5,794.25,843.0000000000001
331,39.83244212,-71.4157244,679.5,6.117519674719813,0.3447540752872114,75.44446183482785,0.0014478500855212824,0.25688073394495414,763.5,794.25,843.0000000000001
331,39.83244212,-71.4157244,679.5,6.280249542993018,0.3449208970074716,74.76951450012659,0.004509327119279596,0.23394495412844038,763.5,794.25,843.0000000000001
331,39.83244212,-71.4157244,679.5,6.0205041662673295,0.34502957151758,74.54187970088294,-0.0004740855188845472,0.24311926605504589,763.5,794.25,843.0000000000001
332,39.83238875,-71.4158673,679.5,5.90209023922626,0.3461306266563988,74.98396622803958,0.0012760077311657501,0.23853211009174313,763.5,794.25,843.0000000000001
332,39.83238875,-71.4158673,679.5,5.954081844836209,0.34900059084950474,75.8758340406664,0.010812781394598125,0.23636363636363636,763.5,794.25,844.5000000000001
332,39.83238875,-71.4158673,679.5,5.944365285321037,0.3493136021287989,74.9734676959798,0.01244959145384047,0.2318181818181818,763.5,794.25,844.5000000000001
332,39.83238875,-71.4158673,679.5,5.983950292906401,0.3487495029920172,74.29958656901152,0.020166980969409325,0.22727272727272727,763.5,794.25,844.5000000000001
333,39.8323511,-71.41601337,679.5,5.894744448765885,0.34918007438608606,74.75108529751314,0.007786507558730954,0.22727272727272727,763.5,794.25,844.5000000000001
333,39.8323511,-71.41601337,679.5,5.918038241497075,0.3487882004901228,74.75086427210933,-0.0038229637358343895,0.20909090909090908,763.5,794.25,844.5000000000001
333,39.8323511,-71.41601337,679.5,5.792309313761613,0.34767819615481216,73.17377790937695,0.003335440817319137,0.20454545454545456,763.5,794.25,844.5000000000001
333,39.8323511,-71.41601337,679.5,5.5300766845315925,0.34848179830654663,74.7490868532408,0.0005311474081634432,0.2,763.5,794.25,844.5000000000001
334,39.8323004,-71.41615415,679.5,5.5556173140516565,0.34899548061115515,74.2992931323733,-0.001782814777368072,0.19545454545454546,763.5,794.25,844.5000000000001
334,39.8323004,-71.41615415,679.5,5.545426088502926,0.3501962867736994,75.42698288806373,0.003412479543399406,0.19545454545454546,763.5,794.25,844.5000000000001
334,39.8323004,-71.41615415,679.5,5.424925523920313,0.35216957071977373,75.65351935401776,0.0016030211114937275,0.19545454545454546,763.5,794.25,844.5000000000001
334,39.8323004,-71.41615415,679.5,5.573347997454897,0.3497510070504852,74.52775206089524,-0.0025308751096181762,0.20909090909090908,763.5,794.25,844.5000000000001
335,39.83226172,-71.41630495,679.5,5.651518635386751,0.3462453090854044,74.076700224075,0.0018330188945912655,0.21363636363636362,763.5,794.25,844.5000000000001
335,39.83226172,-71.41630495,679.5,5.727054781340662,0.346209485125774,74.75183297002229,0.004384215334385962,0.21363636363636362,763.5,794.25,844.5000000000001
335,39.83226172,-71.41630495,679.5,5.7750511319912645,0.34470203765095664,74.52684581580812,0.009047901162540858,0.21363636363636362,763.5,794.25,844.5000000000001
335,39.83226172,-71.41630495,679.5,5.75305130427678,0.34261319851423117,74.5271049045636,0.0033923276979798914,0.21818181818181817,763.5,794.25,844.5000000000001
335,39.83226172,-71.41630495,679.5,5.558139290176065,0.3421394424524489,75.87814655931764,-0.00034390769670796965,0.21363636363636362,763.5,794.25,844.5000000000001
336,39.83221702,-71.41644547,679.5,5.658457997183673,0.34372457425886643,73.85142897443902,-0.003948743664039241,0.22272727272727272,763.5,794.25,844.5000000000001
336,39.83221702,-71.41644547,679.5,5.618715364894244,0.3451495404762433,73.40141281632052,0.013205268694978636,0.2318181818181818,763.5,794.25,844.5000000000001
336,39.83221702,-71.41644547,679.5,5.51032053110398,0.3489523511290314,73.17732943224016,0.009399519453946677,0.2409090909090909,763.5,794.25,844.5000000000001
336,39.83221702,-71.41644547,679.5,5.4518558401921515,0.3493678513519689,74.30509359356702,0.0055017491825063315,0.22272727272727272,763.5,794.25,844.5000000000001
337,39.83217712,-71.41659135,679.5,5.452598912391063,0.3456497076178709,72.73087401885753,0.0044733123682287644,0.22727272727272727,763.5,794.25,844.5000000000001
337,39.83217712,-71.41659135,679.5,5.564955087523534,0.34289782845821587,72.9579284587175,0.006656988194646313,0.21363636363636362,763.5,794.25,844.5000000000001
337,39.83217712,-71.41659135,679.5,5.592595328091195,0.34558778159250675,72.73804684947278,0.005693770580912112,0.2,763.5,794.25,844.5000000000001
337,39.83217712,-71.41659135,679.5,5.635667968367387,0.3487376880177182,73.68973730511983,0.006215567296316546,0.20454545454545456,763.5,794.25,844.5000000000001
338,39.8321417,-71.41673192,679.5,5.622076751595476,0.34836287905090046,76.09077043522645,0.012066188637053554,0.2,763.5,794.25,844.5000000000001
338,39.8321417,-71.41673192,679.5,5.840424589689897,0.3471166286340336,74.7361593329531,0.004365441273163794,0.2318181818181818,763.5,794.25,844.5000000000001
338,39.8321417,-71.41673192,679.5,5.8796143533266845,0.3430119323701247,75.41119636367164,0.004191875269255194,0.24545454545454545,763.5,794.25,844.5000000000001
338,39.8321417,-71.41673192,679.5,6.133548670946858,0.3383365325207566,75.41140832924714,0.017384664643152067,0.23636363636363636,763.5,794.25,844.5000000000001
339,39.83210557,-71.41687507,679.5,6.513143616289797,0.3401564595061679,75.86496446991053,0.02044469027160875,0.2545454545454545,763.5,794.25,844.5000000000001
339,39.83210557,-71.41687507,679.5,6.768660044782703,0.344051754589528,76.09340169355175,0.014112927322770296,0.2590909090909091,763.5,794.25,844.5000000000001
339,39.83210557,-71.41687507,679.5,6.691892482218525,0.34906424611220943,76.31993516663923,0.009289215980519164,0.2636363636363636,763.5,794.25,844.5000000000001
339,39.83210557,-71.41687507,679.5,6.658940535405448,0.3535915602177715,75.8693524170953,0.008434220595764005,0.2669683257918552,763.5,794.25,845.25
340,39.83206987,-71.41702237,679.5,6.525021950930329,0.3552934484320752,73.16651841687795,0.00804209513119691,0.2398190045248869,763.5,794.25,845.25
340,39.83206987,-71.41702237,679.5,6.759194393384375,0.35607156612512486,73.3917684134762,0.013767355281430322,0.248868778280543,763.5,794.25,845.25
340,39.83206987,-71.41702237,679.5,6.90231361484342,0.35370195611927135,73.16754922248552,0.02185301350886138,0.2579185520361991,763.5,794.25,845.25
340,39.83206987,-71.41702237,679.5,6.790600552814743,0.35187212281882213,72.94468957184857,0.022154709487568862,0.23529411764705882,763.5,794.25,845.25
341,39.8320271,-71.41716292,679.5,6.713365633794282,0.34813958253451666,73.39734068386805,0.018644176606205386,0.23529411764705882,763.5,794.25,845.25
341,39.8320271,-71.41716292,679.5,6.656656973474978,0.3437521207719179,74.29950580590567,0.013628223933680432,0.23076923076923078,763.5,794.25,845.25
341,39.8320271,-71.41716292,679.5,6.771501760777876,0.34406508315277573,74.97560287127125,0.009672958888874659,0.248868778280543,763.5,794.25,845.25
341,39.8320271,-71.41716292,679.5,6.959700007420289,0.34376210466295865,74.07526708727897,0.007548869065924741,0.25339366515837103,763.5,794.25,845.25
341,39.8320271,-71.41716292,679.5,7.112413543791128,0.34462344284396723,74.75081251626202,0.011033678958264648,0.24434389140271492,763.5,794.25,845.25
342,39.8319892,-71.41730837,679.5,7.329326787900984,0.3481074178657544,75.65110601336715,0.016581954877540203,0.23529411764705882,763.5,794.25,845.25
342,39.8319892,-71.41730837,679.5,7.5256287510720705,0.35487011968931936,75.42517047082328,0.014994470432343136,0.22171945701357465,763.5,794.25,845.25
342,39.8319892,-71.41730837,679.5,7.6532023535490765,0.3604165496785337,76.09986596442157,0.015283389748077355,0.21266968325791855,763.5,794.25,845.25
342,39.8319892,-71.41730837,679.5,7.747402603838109,0.3637788394900042,76.32421865794657,0.01712220022344817,0.22171945701357465,763.5,794.25,845.25
343,39.83194123,-71.41744703,679.5,7.443659319141225,0.36637910393127043,75.42264012718151,0.011757327283462947,0.22624434389140272,763.5,794.25,845.25
343,39.83194123,-71.41744703,679.5,6.680009331225962,0.3689481726421507,73.62115365600772,0.01781931389252012,0.2171945701357466,763.5,794.25,845.25
343,39.83194123,-71.41744703,679.5,6.298312036576078,0.3692303791326963,73.39699294778686,0.0220290172453667,0.22171945701357465,763.5,794.25,845.25
343,39.83194123,-71.41744703,679.5,6.391029708166803,0.36517403847110186,73.39826935568779,0.02331806743459877,0.22171945701357465,763.5,794.25,845.25
344,39.8318926,-71.41758722,679.5,6.295672304221787,0.3620213965567062,73.62427865058388,0.02424845296818316,0.2081447963800905,763.5,794.25,845.25
344,39.8318926,-71.41758722,679.5,6.076138659277295,0.35892739901567944,73.85038770082411,0.026892905991852806,0.20361990950226244,763.5,794.25,845.25
344,39.8318926,-71.41758722,679.5,6.319007336635551,0.35584577697338177,74.07720894262812,0.022915462357176376,0.20361990950226244,763.5,794.25,845.25
344,39.8318926,-71.41758722,679.5,6.873358751685458,0.35420654993477396,73.62871156831828,0.01484068405540135,0.18099547511312217,763.5,794.25,845.25
345,39.83184205,-71.4177209,679.5,7.13323343728001,0.3524408984938896,72.95420719310137,0.007703801014458607,0.18099547511312217,763.5,794.25,845.25
345,39.83184205,-71.4177209,679.5,6.924940837130267,0.35177577984150915,73.17997617212451,0.009566361808933353,0.17647058823529413,763.5,794.25,845.25
345,39.83184205,-71.4177209,679.5,6.553242867974029,0.3514241099266969,73.18172953402124,0.016144764975415508,0.167420814479638,763.5,794.25,845.25
345,39.83184205,-71.4177209,679.5,6.252708291297336,0.3551886680344522,74.98679399480235,0.014091459353545954,0.18552036199095023,763.5,794.25,845.25
346,39.83179108,-71.41785722,679.5,6.205102245420157,0.3533667349722059,76.11798572952125,0.01242772295928664,0.21266968325791855,763.5,794.25,845.25
346,39.83179108,-71.41785722,679.5,6.587487493705517,0.3491889246905017,76.57536444997223,0.012235277081340368,0.2171945701357466,763.5,795.0,845.25
346,39.83179108,-71.41785722,679.5,6.5980172345308645,0.347520621219562,76.3620892558591,0.009397307954859551,0.21266968325791855,763.5,795.0,845.25
346,39.83179108,-71.41785722,679.5,6.213779005971527,0.34528878337914987,78.30831430024926,0.007662870396423553,0.22171945701357465,763.5,795.0,845.25
347,39.83174453,-71.41799518,679.5,5.993829866213532,0.3441506421224407,76.61895941129248,0.01363145721557158,0.2398190045248869,763.5,794.25,845.25
347,39.83174453,-71.41799518,679.5,6.023047351251931,0.3448341070505935,74.44346502217894,0.004419007626011241,0.23529411764705882,763.5,794.25,845.25
347,39.83174453,-71.41799518,679.5,6.106583510443246,0.34801094471615607,73.35013198915303,0.007697662203895214,0.22624434389140272,763.5,794.25,845.25
347,39.83174453,-71.41799518,679.5,5.998209613473957,0.34904742336988426,72.23636107687955,0.007600254047403401,0.24434389140271492,763.5,794.25,845.25
347,39.83174453,-71.41799518,679.5,5.956917895690619,0.3475641414345015,72.24003366513419,0.0034371823599118815,0.2579185520361991,763.5,794.25,845.25
348,39.83168693,-71.41813177,679.5,5.997068094507709,0.34534770044206525,71.79333451074687,0.004316892327842117,0.26244343891402716,763.5,794.25,845.25
348,39.83168693,-71.41813177,679.5,5.975150341134011,0.3428784852912296,73.37573784981421,0.01161649320467058,0.22624434389140272,763.5,794.25,845.25
348,39.83168693,-71.41813177,679.5,6.157519512240621,0.34099419757072014,75.40973881733814,0.012865779517474009,0.2669683257918552,763.5,794.25,845.25
348,39.83168693,-71.41813177,679.5,6.400470818504522,0.3378138514650828,73.16315207869437,0.010230162754176143,0.28054298642533937,763.5,795.0,845.25
349,39.83163937,-71.4182715,679.5,6.411222392291448,0.33188414865860066,74.5163760695246,0.013589158756970376,0.2895927601809955,763.5,795.0,845.25
349,39.83163937,-71.4182715,679.5,5.950603367999332,0.32470060472064693,74.74152720244393,0.0018822746363210499,0.28054298642533937,763.5,795.0,845.25
349,39.83163937,-71.4182715,679.5,5.724738336964963,0.32371102519931955,76.09167677756973,-0.0011024231583528592,0.24434389140271492,763.5,795.0,845.25
349,39.83163937,-71.4182715,679.5,5.821557543193652,0.32454573870694764,75.64128958759534,0.001462660025484093,0.22624434389140272,763.5,795.0,845.25
350,39.83158032,-71.4184043,679.5,5.96166337936579,0.3260264896552056,76.99294177774773,0.006750559262363487,0.22171945701357465,763.5,795.0,845.25
350,39.83158032,-71.4184043,679.5,6.1251726051214614,0.3293640533858138,78.569877336341,0.008007390403538634,0.2081447963800905,763.5,795.0,845.25
350,39.83158032,-71.4184043,679.5,6.178227240251061,0.33425945805287516,75.19264648181493,0.005726738608451335,0.23529411764705882,763.5,795.0,845.25
350,39.83158032,-71.4184043,679.5,6.204008057563048,0.3388518079369204,75.41861140052053,0.008777833208210649,0.2171945701357466,763.5,795.0,845.25
351,39.831532,-71.41854498,679.5,6.361530270149331,0.339985243083463,77.89616646081069,0.0029624095382388463,0.23529411764705882,763.5,795.0,845.25
351,39.831532,-71.41854498,679.5,6.400551954161995,0.33897325145026547,76.76970908659197,0.0029234430900386896,0.2669683257918552,763.5,795.0,845.25
351,39.831532,-71.41854498,679.5,6.323966316426003,0.3398342062206945,75.41708416451299,0.008813291449018395,0.26244343891402716,763.5,795.0,845.25
351,39.831532,-71.41854498,679.5,6.155693106881225,0.3432967262887811,76.76658039610531,0.008526762089121087,0.27149321266968324,763.5,795.0,845.25
352,39.83147738,-71.41867935,679.5,5.97961096171346,0.3422495756120588,75.1875982682178,0.0046574933884687645,0.26244343891402716,763.5,795.0,845.25
352,39.83147738,-71.41867935,679.5,5.869212164796469,0.33749769712209277,74.72867528911767,0.008595798855440264,0.25339366515837103,763.5,795.0,845.25
352,39.83147738,-71.41867935,679.5,5.851580109417843,0.34185374550175696,74.7103849556752,0.007845972377523673,0.2579185520361991,763.5,795.0,845.25
352,39.83147738,-71.41867935,679.5,5.892595185311088,0.3494498595111666,75.36767148582065,0.006895379893856765,0.24434389140271492,763.5,795.0,845.25
352,39.83147738,-71.41867935,679.5,6.166947998758088,0.35574040434477266,76.47727668512856,0.01194599215161232,0.24519230769230768,763.5,795.0,835.5000000000001
353,39.83142665,-71.41882038,679.5,6.182089769148858,0.3593595896125155,76.58507280342421,0.008858912160683885,0.23076923076923078,763.5,795.0,835.5000000000001
353,39.83142665,-71.41882038,679.5,6.2953116408193734,0.36218285488376134,75.66317279970976,0.011040476017340362,0.2644230769230769,763.5,795.0,835.5000000000001
353,39.83142665,-71.41882038,679.5,6.3256362266224935,0.36166607507836124,75.88362938114021,0.004135465037097592,0.24519230769230768,763.5,795.0,835.5000000000001
353,39.83142665,-71.41882038,679.5,6.420484426753074,0.36036331837746044,75.65721189187286,0.0036126166544409016,0.25961538461538464,763.5,795.0,835.5000000000001
354,39.83137757,-71.41895825,679.5,6.561829814002721,0.3631969326994639,74.52855680837558,0.0003215450047224339,0.2644230769230769,763.5,795.0,835.5000000000001
354,39.83137757,-71.41895825,680.25,6.55704727842939,0.3672881121262575,75.19760934660763,0.0016179362468743083,0.24154589371980675,763.5,795.0,835.5000000000001
354,39.83137757,-71.41895825,680.25,6.311787986382543,0.3663656366010483,75.64014031443834,0.007382669369985074,0.2560386473429952,763.5,795.0,835.5000000000001
354,39.83137757,-71.41895825,680.25,6.29957468378718,0.3601106159764649,74.50986276179535,0.009415109999432321,0.27053140096618356,763.5,795.0,835.5000000000001
355,39.831325,-71.41910025,680.25,6.332557297360735,0.3589903413954779,75.4098226118724,0.007217050474762373,0.28019323671497587,763.5,795.0,835.5000000000001
355,39.831325,-71.41910025,680.25,6.090006927057022,0.3578833100853903,76.98611594462736,0.0026294575478611982,0.25120772946859904,764.2500000000001,795.0,835.5000000000001
355,39.831325,-71.41910025,680.25,5.962522981753769,0.3540812176780618,77.88649013235599,0.007937142671059888,0.24154589371980675,764.2500000000001,795.0,835.5000000000001
355,39.831325,-71.41910025,680.25,6.309934183853908,0.3512524300931944,77.6619067290529,0.00775402503076531,0.23300970873786409,764.2500000000001,795.0,834.75
356,39.8312762,-71.41923627,680.25,6.642031221134445,0.35231642811725994,74.51036373113709,0.002968150360144736,0.24271844660194175,764.2500000000001,795.0,834.75
356,39.8312762,-71.41923627,680.25,6.838797242933788,0.3528689332514992,74.51016320285989,0.0020240451971357664,0.23786407766990292,764.2500000000001,795.0,834.75
356,39.8312762,-71.41923627,680.25,6.89992926386665,0.3563889738072436,75.85884376209694,-0.00135772987941576,0.23300970873786409,764.2500000000001,795.0,834.75
356,39.8312762,-71.41923627,680.25,6.871366057397515,0.35824864931037464,75.17874750750947,0.0054632579111268615,0.21844660194174756,764.2500000000001,795.75,834.75
357,39.83122778,-71.4193787,680.25,6.955207840996266,0.362939475110931,75.84777632192649,0.012665516882457364,0.22815533980582525,764.2500000000001,795.75,834.75
357,39.83122778,-71.4193787,680.25,7.072942115328671,0.36770897099311056,74.71422792946098,0.02087358231987278,0.21844660194174756,764.2500000000001,795.75,834.75
357,39.83122778,-71.4193787,680.25,7.086012504435906,0.37387980731537246,74.25462004751523,0.017312110716395664,0.19696969696969696,764.2500000000001,795.75,828.75
357,39.83122778,-71.4193787,680.25,6.742045170155324,0.37608408020844214,74.69794865427295,0.01020858690936372,0.18686868686868688,764.2500000000001,795.75,828.75
357,39.83122778,-71.4193787,680.25,6.6599810565386095,0.37815268073263064,74.25188775673338,0.0028427857980464783,0.20707070707070707,764.2500000000001,795.75,828.75
358,39.83117638,-71.41951902,680.25,6.530982775771736,0.3779175993075236,73.8053803473891,0.013470721028258298,0.21717171717171718,764.2500000000001,795.75,828.75
358,39.83117638,-71.41951902,680.25,6.699604572701821,0.3735269660961254,75.15780250256498,0.020577057893551125,0.25252525252525254,764.2500000000001,795.75,828.75
358,39.83117638,-71.41951902,680.25,6.582675301046142,0.3648331486609966,76.06471333855144,0.013319540681040623,0.25757575757575757,764.2500000000001,795.75,828.75
358,39.83117638,-71.41951902,680.25,6.4552343475593785,0.36080664127224904,75.62120837029828,0.010233788371159755,0.2777777777777778,764.2500000000001,795.75,828.75
359,39.83112943,-71.4196604,680.25,6.692166635028909,0.3623153890455169,75.84888480351424,0.014148375064232216,0.2878787878787879,764.2500000000001,795.75,828.75
359,39.83112943,-71.4196604,680.25,6.90602901030075,0.36425315078977977,75.39956161064097,0.011337386383319202,0.2676767676767677,764.2500000000001,795.75,828.75
359,39.83112943,-71.4196604,680.25,6.823735413051247,0.36268624905861596,74.72398410447867,0.015358357748376506,0.2676767676767677,764.2500000000001,795.75,828.75
359,39.83112943,-71.4196604,680.25,6.843874660468226,0.3591845071510485,73.14808804975682,0.012054781453640091,0.2727272727272727,764.2500000000001,795.75,828.75
360,39.83107763,-71.41979777,680.25,7.035876555067661,0.3577252552212529,72.69782768258422,0.0037945137189641623,0.2676767676767677,764.2500000000001,795.75,828.75
360,39.83107763,-71.41979777,680.25,7.084293013373873,0.3603504317279675,74.72071161679048,0.0026809209687073264,0.2676767676767677,764.2500000000001,795.75,828.75
360,39.83107763,-71.41979777,680.25,6.953097357347096,0.36162459190808083,76.5113642658273,0.002191716883797261,0.26262626262626265,764.2500000000001,795.75,828.75
360,39.83107763,-71.41979777,680.25,6.869774829324368,0.3627415664617843,76.04667077025749,0.003125542993199481,0.2828282828282828,764.2500000000001,795.75,828.75
361,39.83102945,-71.4199421,680.25,6.877931684244219,0.35984282010860696,75.13675384503789,0.010832871567808204,0.2828282828282828,764.2500000000001,795.75,828.75
361,39.83102945,-71.4199421,680.25,6.98023542636986,0.3594752461666998,75.13471321088406,0.00845855102679549,0.2727272727272727,763.5,795.75,828.75
361,39.83102945,-71.4199421,680.25,6.9234389012650235,0.3567596223727033,74.9084701811331,0.010569969661575498,0.24242424242424243,763.5,795.75,828.75
361,39.83102945,-71.4199421,680.25,6.47767937235721,0.35069872367920263,75.13670042228355,0.012207759720950648,0.2474747474747475,764.2500000000001,795.75,828.75
361,39.83102945,-71.4199421,680.25,6.201694703591842,0.3444799444449264,76.50630527958161,0.01151641210964955,0.25757575757575757,764.2500000000001,795.75,828.75
362,39.83098438,-71.42008408,680.25,6.237565704583264,0.34573074683211424,74.72258190742403,0.009915163039505378,0.26262626262626265,764.2500000000001,795.75,828.75
362,39.83098438,-71.42008408,680.25,6.39685291916942,0.3501754256668293,73.8306678470067,0.0034966207003660037,0.2727272727272727,764.2500000000001,795.75,828.75
362,39.83098438,-71.42008408,680.25,6.248934132914994,0.35268446955599525,74.73203897756159,0.010794815850387557,0.26262626262626265,764.2500000000001,795.75,828.75
362,39.83098438,-71.42008408,680.25,6.564220985016511,0.3549783062699488,73.60236280560706,0.0068759692520990205,0.2777777777777778,764.2500000000001,795.75,828.75
363,39.83093682,-71.42022822,680.25,7.267356139917425,0.35903149107302224,74.27511540700425,0.005790495075166633,0.2878787878787879,743.25,795.75,828.75
363,39.83093682,-71.42022822,680.25,7.826626094513375,0.36341672546228415,74.50112557919275,0.011972943386302743,0.2828282828282828,743.25,795.75,828.75
363,39.83093682,-71.42022822,680.25,7.876932104829743,0.3632580287192122,74.5032278719309,0.011562794529516264,0.29292929292929293,743.25,795.75,828.75
363,39.83093682,-71.42022822,680.25,7.869227296172652,0.3633533609964637,74.28013299393227,0.00393609430619245,0.30303030303030304,743.25,795.75,828.75
364,39.8308931,-71.42037277,680.25,7.933992357604405,0.3645044821229182,75.40823186027177,0.0018917588242685596,0.30808080808080807,743.25,795.75,828.75
364,39.8308931,-71.42037277,680.25,7.932662942831863,0.36547590892506526,73.83423635757235,0.0070560306628567136,0.30808080808080807,743.25,795.75,828.75
364,39.8308931,-71.42037277,680.25,7.742017185896485,0.3679817869663912,74.9615190631397,0.018124487213778944,0.29797979797979796,743.25,795.75,828.75
364,39.8308931,-71.42037277,680.25,7.3299461725865855,0.3703588689035611,74.0610419868399,0.020231851654045733,0.2878787878787879,743.25,795.75,828.75
365,39.83084125,-71.42051153,680.25,7.083410709776045,0.36723172964796424,72.48395600865344,0.017287521233243192,0.2828282828282828,743.25,795.75,828.75
365,39.83084125,-71.42051153,680.25,7.039766295960435,0.3650951619384559,73.60894250993042,0.01953974618699935,0.2828282828282828,743.25,795.75,828.75
365,39.83084125,-71.42051153,680.25,6.756093076649531,0.3639240898183062,72.93398379206216,0.017971506207433912,0.26262626262626265,743.25,795.75,828.75
365,39.83084125,-71.42051153,680.25,6.322210540070054,0.36539243562924545,73.16127484970696,0.011335266768153024,0.24242424242424243,743.25,795.75,828.75
365,39.83084125,-71.42051153,681.0,6.1976411114294745,0.36536277682770857,73.83911938431957,0.007805097323319109,0.25380710659898476,743.25,795.75,828.75
366,39.83078755,-71.42065607,681.0,6.301141824900754,0.3675462156577025,75.19173714808583,0.0002598798173559902,0.2893401015228426,743.25,795.75,828.75
366,39.83078755,-71.42065607,681.0,6.424605033128934,0.3736093089483481,74.0666113790387,-0.0015260202725600976,0.27918781725888325,743.25,795.75,828.75
366,39.83078755,-71.42065607,681.0,6.636351470851537,0.37882682024580216,74.29170645798301,0.00961093196471234,0.27411167512690354,743.25,795.75,828.75
366,39.83078755,-71.42065607,681.0,6.500296171369967,0.3754945465712213,75.19372588842998,0.011801894613489716,0.26903553299492383,743.25,795.75,828.75
367,39.83074058,-71.4207964,681.0,6.249248932886078,0.3724027951218323,74.74695726007216,0.006712352954344314,0.25888324873096447,743.25,795.75,828.75
367,39.83074058,-71.4207964,681.0,6.292884599706832,0.3682754387224391,73.62418683288729,0.008592003933898263,0.25888324873096447,743.25,795.75,828.75
367,39.83074058,-71.4207964,681.0,6.319501384193909,0.36657386572339784,74.07437734115224,0.0033570030087899747,0.24873096446700507,743.25,795.75,828.75
367,39.83074058,-71.4207964,681.0,6.293214847192814,0.3639235912648666,75.19824156696524,0.01011999057518255,0.2436548223350254,743.25,795.75,828.75
368,39.83068712,-71.42093763,681.0,6.318227351677968,0.36237863690612493,75.42258820297275,0.015011774986012558,0.25380710659898476,743.25,795.75,828.75
368,39.83068712,-71.42093763,681.0,6.518626779369748,0.3654325477965691,76.77406040263267,0.0135411775591984,0.24873096446700507,743.25,795.75,828.75
368,39.83068712,-71.42093763,681.0,6.724423859233237,0.367931169231798,74.74739520462519,0.0033765735683830792,0.25888324873096447,743.25,795.75,828.75
368,39.83068712,-71.42093763,681.0,6.930279590105084,0.37147924607194033,75.8720561144981,0.003870575830079396,0.25888324873096447,743.25,795.75,828.75
369,39.83064262,-71.4210819,681.0,7.311164875306099,0.37135021429242493,75.19520952792135,0.0017713337611565446,0.27918781725888325,743.25,795.75,828.75
369,39.83064262,-71.4210819,681.0,7.6191734074141735,0.37063652898836247,73.39445190055972,-0.004595959510721254,0.28426395939086296,743.25,795.75,828.75
369,39.83064262,-71.4210819,681.0,7.478041665840727,0.3714382792676114,72.04710006876272,0.0019871495776361612,0.28426395939086296,743.25,795.75,828.75
369,39.83064262,-71.4210819,681.0,7.457398526984682,0.3704714126486184,73.85225632095457,0.005770115312128303,0.2777777777777778,743.25,795.75,829.5000000000001
369,39.83064262,-71.4210819,681.0,7.3527015488570635,0.3683172904487622,74.30492313605029,0.007361195454317845,0.25757575757575757,743.25,795.75,829.5000000000001
370,39.83059308,-71.42122282,681.0,6.885099734840422,0.36562687885968903,75.20926647929443,0.005940804034957318,0.2777777777777778,743.25,795.75,829.5000000000001
370,39.83059308,-71.42122282,681.0,6.360246857614935,0.36379622153956387,74.54391168596909,0.008451313810256161,0.2828282828282828,743.25,795.75,829.5000000000001
370,39.83059308,-71.42122282,681.0,6.430214289105925,0.36164117065641627,73.88513173186564,0.0049722091729729285,0.25757575757575757,743.25,795.75,829.5000000000001
370,39.83059308,-71.42122282,681.0,6.432224738091177,0.3570050081531254,74.80157009485607,0.0037906651330402814,0.23737373737373738,765.0,795.75,829.5000000000001
371,39.83054043,-71.42136473,681.0,6.378742189851932,0.35352487359558993,74.81022728217889,-2.1264065729777746e-05,0.2676767676767677,765.0,795.75,829.5000000000001
371,39.83054043,-71.42136473,681.0,6.468603752832269,0.35246961397648524,73.01842175272157,0.0036364314263773647,0.2676767676767677,765.0,795.75,829.5000000000001
371,39.83054043,-71.42136473,681.0,6.618579338752618,0.35324166051960015,72.91881353064916,-0.002612581142507246,0.26262626262626265,765.0,795.75,829.5000000000001
371,39.83054043,-71.42136473,681.0,6.686893575894555,0.3566574934281181,73.38766152292673,0.0014844761104611398,0.26262626262626265,765.0,795.75,829.5000000000001
372,39.83049362,-71.42150663,681.0,6.778631088220708,0.35843185221893276,72.72185286069536,0.011341739415665549,0.26262626262626265,765.0,795.75,829.5000000000001
372,39.83049362,-71.42150663,681.0,6.89655608066264,0.3570605028020426,72.49878058559469,0.010034420278538318,0.2727272727272727,743.25,795.75,829.5000000000001
372,39.83049362,-71.42150663,681.0,7.173773635659618,0.35455060818924183,72.94546878430623,0.009684625451650943,0.2878787878787879,743.25,795.75,829.5000000000001
372,39.83049362,-71.42150663,681.0,7.426070734142955,0.3537057801584809,74.07449177066324,0.008653667877538695,0.30808080808080807,743.25,795.75,829.5000000000001
372,39.83049362,-71.42150663,681.0,7.7057802944403635,0.3567435745459854,73.41188567427774,0.009376672006496592,0.32323232323232326,743.25,795.75,829.5000000000001
373,39.83045242,-71.42165335,681.0,7.971382592660307,0.36138840257927785,72.95984414380914,0.006690387992656299,0.31313131313131315,743.25,795.75,829.5000000000001
373,39.83045242,-71.42165335,681.0,7.997924854019014,0.3639477599078022,71.83214101828153,0.006102371077063043,0.2878787878787879,743.25,795.75,829.5000000000001
373,39.83045242,-71.42165335,681.0,7.941977759769767,0.3629136830860432,71.15918810308735,0.011970516204924187,0.2828282828282828,743.25,795.75,829.5000000000001
373,39.83045242,-71.42165335,681.0,7.936092927712045,0.35858863733162244,71.61206950162979,0.01564748398666424,0.31313131313131315,743.25,795.75,829.5000000000001
374,39.83040598,-71.42179773,681.0,7.865981031583552,0.3493810472802626,71.8376896796465,0.008822741666808511,0.2878787878787879,743.25,795.75,829.5000000000001
374,39.83040598,-71.42179773,681.0,7.867244245437573,0.3407421017546972,73.86296606307673,0.006830115772188627,0.2474747474747475,743.25,795.75,829.5000000000001
374,39.83040598,-71.42179773,681.0,7.759973110591724,0.33341308963254773,73.63654691673021,0.0034938436450648405,0.24242424242424243,743.25,795.75,829.5000000000001
374,39.83040598,-71.42179773,681.0,7.420142495154963,0.330759790026841,74.08598764853207,0.005248364582438763,0.26262626262626265,743.25,795.75,829.5000000000001
375,39.83036797,-71.4219444,681.0,7.298441827075284,0.32981443444460695,74.53533995959506,0.006640973021558552,0.25252525252525254,743.25,795.75,829.5000000000001
375,39.83036797,-71.4219444,681.0,7.325072958592768,0.3291426994193662,74.08345474665109,0.0051500932770472616,0.25252525252525254,743.25,795.75,829.5000000000001
375,39.83036797,-71.4219444,681.0,7.1400897910164485,0.32884464909894523,75.4328717030036,0.00387505407403457,0.25757575757575757,743.25,795.75,829.5000000000001
375,39.83036797,-71.4219444,681.0,6.849733719930386,0.3272615425375091,73.8550902728559,0.003921670052068723,0.2474747474747475,743.25,795.75,829.5000000000001
376,39.83032697,-71.42208692,681.0,6.617458770503677,0.3274262033935829,74.30424429351974,0.01290653859886895,0.2474747474747475,743.25,795.75,829.5000000000001
376,39.83032697,-71.42208692,681.0,6.714264893321622,0.3307244941438408,72.50179963695177,0.011852227997476398,0.23737373737373738,743.25,795.75,829.5000000000001
376,39.83032697,-71.42208692,681.0,6.898064617893847,0.3356762842772126,72.50110260270672,0.01206622013771605,0.23737373737373738,743.25,795.75,829.5000000000001
376,39.83032697,-71.42208692,681.0,6.797110698389994,0.3357074556180023,73.40282299102721,0.008158591794359835,0.23737373737373738,743.25,795.75,829.5000000000001
377,39.83028537,-71.42222942,681.0,6.6138397294074105,0.3363194171660343,74.98124657307703,0.011569987694979156,0.23232323232323232,743.25,795.75,829.5000000000001
377,39.83028537,-71.42222942,681.0,6.661452551338494,0.33642289814112003,74.53268715915169,0.011546536242871263,0.24242424242424243,743.25,795.75,829.5000000000001
377,39.83028537,-71.42222942,681.0,6.873591229783521,0.33764364237547934,74.9827015786789,0.011372819460749056,0.24242424242424243,743.25,795.75,829.5000000000001
377,39.83028537,-71.42222942,681.0,6.8914045131729935,0.34091531464523817,74.30489067788018,0.0062107650738663376,0.23737373737373738,743.25,795.75,829.5000000000001
377,39.83028537,-71.42222942,681.0,6.786184504890594,0.34504930785527665,74.30287904147872,0.0055511609728028845,0.2222222222222222,743.25,795.75,829.5000000000001
378,39.8302395,-71.42237278,681.0,6.905325811037994,0.34615449415052685,75.20375779908909,0.014244981777556658,0.24242424242424243,743.25,795.75,829.5000000000001
378,39.8302395,-71.42237278,681.0,7.107449409516048,0.3482876925188079,74.52923971904178,0.015171910771581483,0.2474747474747475,743.25,795.75,829.5000000000001
378,39.8302395,-71.42237278,681.0,7.1272133421068915,0.3477162977177228,72.72716476364516,0.016530344396895234,0.2676767676767677,743.25,795.75,829.5000000000001
378,39.8302395,-71.42237278,681.0,7.027246897860168,0.3467427117778055,71.59794778534982,0.01323370472972706,0.2878787878787879,743.25,795.75,829.5000000000001
379,39.83018973,-71.4225125,681.0,7.1845152162674895,0.3457835602106742,74.52064371038746,0.0024724179213726364,0.26262626262626265,743.25,795.75,829.5000000000001
379,39.83018973,-71.4225125,681.0,7.29645698296024,0.3415964683329632,74.74216288952289,-0.00020488147187548776,0.26262626262626265,743.25,795.75,829.5000000000001
379,39.83018973,-71.4225125,681.0,7.1311637456785615,0.33862796641215487,74.74408377717212,0.0026095655357557456,0.25252525252525254,743.25,795.75,829.5000000000001
379,39.83018973,-71.4225125,681.0,6.7864211783754405,0.3390199351985456,74.32482759940062,0.006499760728203451,0.25252525252525254,743.25,795.75,829.5000000000001
380,39.83014197,-71.42264937,681.0,6.657867920283327,0.341306650333582,74.3518849857017,0.003321385780981088,0.25252525252525254,743.25,795.75,829.5000000000001
380,39.83014197,-71.42264937,681.0,6.6357800583130375,0.3445429404656093,75.01305400176913,0.0055856471710507595,0.23737373737373738,743.25,795.75,829.5000000000001
380,39.83014197,-71.42264937,681.0,6.519516409768084,0.3440837644910239,73.18642276492577,0.013021992093588702,0.24242424242424243,743.25,795.75,829.5000000000001
380,39.83014197,-71.42264937,681.0,6.288495521615682,0.3438614628881906,74.0538490079987,0.011755017194517473,0.23737373737373738,743.25,795.75,829.5000000000001
381,39.8300882,-71.42278687,681.0,6.048361916559361,0.34543491158848594,73.80569734458697,0.01047550761092059,0.24242424242424243,743.25,795.75,829.5000000000001
381,39.8300882,-71.42278687,681.0,5.956481515908555,0.34906219761656887,75.02951932499539,0.013243133017100462,0.24242424242424243,743.25,795.75,829.5000000000001
381,39.8300882,-71.42278687,681.0,6.082983081863221,0.3480381216232711,74.79394036748475,0.008608722036213698,0.2474747474747475,743.25,795.75,829.5000000000001
381,39.8300882,-71.42278687,681.0,6.1723174988410525,0.34559856482630436,74.78745541548503,0.005601344807423112,0.24242424242424243,743.25,796.5,829.5000000000001
381,39.8300882,-71.42278687,681.0,6.221509881516981,0.34582600850525214,74.10828028673008,0.01219328297075853,0.24242424242424243,743.25,796.5,829.5000000000001
382,39.83003842,-71.42292923,681.0,6.410371235454248,0.3498595140557791,75.68201666897443,0.013557559666739537,0.25252525252525254,743.25,796.5,829.5000000000001
382,39.83003842,-71.42292923,681.0,6.566130775935509,0.3523954564224632,74.77997803899795,0.011458410425746563,0.2727272727272727,743.25,796.5,829.5000000000001
382,39.83003842,-71.42292923,681.0,6.4489560217599,0.35251515817967677,75.45589314154927,0.015158476367500373,0.25252525252525254,743.25,796.5,829.5000000000001
382,39.83003842,-71.42292923,681.0,6.487974404459297,0.35487093403167796,75.00797389347107,0.011127052235498692,0.24242424242424243,743.25,796.5,829.5000000000001
383,39.82999222,-71.42306827,681.0,6.802580492302416,0.3569248777355281,74.5631294418136,0.011819382724397627,0.25757575757575757,744.0,796.5,829.5000000000001
383,39.82999222,-71.42306827,681.0,6.9719405854519305,0.3562290678956667,75.24814960016862,0.013328756454607625,0.25252525252525254,744.0,796.5,829.5000000000001
383,39.82999222,-71.42306827,681.0,6.662524871566774,0.3572673386399723,75.37267367248909,0.012563811448462983,0.2474747474747475,744.0,796.5,829.5000000000001
383,39.82999222,-71.42306827,681.0,6.357586854152216,0.3604264987221987,74.03555501902204,0.008527223458360782,0.24242424242424243,744.0,796.5,829.5000000000001
384,39.82994645,-71.42320912,681.0,6.1730687943691915,0.3666006361956118,76.30238128535136,0.008701764900306906,0.24242424242424243,744.0,796.5,829.5000000000001
384,39.82994645,-71.42320912,681.0,6.37382289809381,0.3670426507699983,77.6651678061091,0.009348189862737484,0.2474747474747475,744.0,796.5,829.5000000000001
384,39.82994645,-71.42320912,681.0,6.451238772734728,0.36430558705616917,75.8590584670746,0.016538199728479523,0.25757575757575757,744.0,796.5,829.5000000000001
384,39.82994645,-71.42320912,681.0,6.512449568120074,0.36533621594938,74.7178502830905,0.017353159699648242,0.2474747474747475,744.0,796.5,829.5000000000001
385,39.82989787,-71.42335453,681.0,6.618015461114625,0.3723139906316098,74.70624134838988,0.011580060265811348,0.2222222222222222,744.0,796.5,829.5000000000001
385,39.82989787,-71.42335453,681.0,6.733314600114388,0.37338481151720765,74.69996193478659,0.00972505817219512,0.23737373737373738,744.0,796.5,829.5000000000001
385,39.82989787,-71.42335453,681.0,6.670192914084816,0.3694464298945407,74.8072144144079,0.010759280837252512,0.23232323232323232,744.0,796.5,829.5000000000001
385,39.82989787,-71.42335453,681.0,6.40073742684296,0.3710784626955369,75.70415540706286,0.0002140854349176418,0.21212121212121213,744.0,796.5,829.5000000000001
386,39.82985495,-71.42349893,681.0,6.133927858816536,0.3729825222240662,75.0279243606125,0.0017579312024912541,0.2222222222222222,744.0,796.5,829.5000000000001
386,39.82985495,-71.42349893,681.0,6.246116026155459,0.3752816681379471,74.80570918656571,0.0059152116601150625,0.2222222222222222,744.0,796.5,829.5000000000001
386,39.82985495,-71.42349893,681.0,6.638522890635215,0.3775939703014806,75.82683771347105,0.0076023622075277915,0.23232323232323232,744.0,796.5,829.5000000000001
386,39.82985495,-71.42349893,681.0,6.811493364817686,0.3757927377982444,74.7122732806721,0.01007849934539063,0.22727272727272727,744.0,796.5,829.5000000000001
386,39.82985495,-71.42349893,681.75,6.615374387863998,0.37576847605873703,75.84682648750089,0.011429401339308087,0.22842639593908629,744.0,796.5,829.5000000000001
387,39.82981158,-71.42364407,681.75,6.469215139031279,0.37994012934834953,75.61901571022554,0.014730186502862211,0.2436548223350254,744.0,796.5,829.5000000000001
387,39.82981158,-71.42364407,681.75,6.7526345206155645,0.3835748718161589,76.29112771327793,0.011471594315930731,0.233502538071066,744.0,796.5,829.5000000000001
387,39.82981158,-71.42364407,681.75,6.993729404328742,0.3834355248965308,76.06682136418506,0.006861567425125553,0.233502538071066,744.0,796.5,829.5000000000001
387,39.82981158,-71.42364407,681.75,6.8102389294868,0.3836413611688234,75.61833495713766,0.0020475261674641563,0.25888324873096447,744.0,796.5,829.5000000000001
388,39.82976733,-71.42378832,681.75,6.611521577841757,0.38452785224807357,75.61547956289577,0.0007616502358535338,0.2474747474747475,744.0,796.5,830.25
388,39.82976733,-71.42378832,681.75,6.601229286372359,0.38231499120854,75.16285091165406,0.002748022439273512,0.22727272727272727,744.0,796.5,830.25
388,39.82976733,-71.42378832,681.75,6.6135927369085605,0.37874739815971803,76.74303112214281,0.0031743908221802696,0.21717171717171718,744.0,796.5,830.25
388,39.82976733,-71.42378832,681.75,6.7469667287079345,0.37741716649300433,76.77041517827278,0.008584798846830744,0.22727272727272727,744.0,796.5,830.25
389,39.82973185,-71.42393682,681.75,6.816389419435608,0.37287224999508084,76.83811940371925,0.010730796588791685,0.22727272727272727,744.0,796.5,830.25
389,39.82973185,-71.42393682,681.75,6.995977142201705,0.3646908301639848,77.35045244334043,0.00966005295954107,0.23232323232323232,744.0,796.5,830.25
389,39.82973185,-71.42393682,681.75,7.382613724299078,0.35943650405598404,75.81244741145528,0.003857514711595475,0.2222222222222222,744.0,796.5,830.25
389,39.82973185,-71.42393682,681.75,7.596660817892425,0.35858792128255546,75.59906316967746,0.003940157772295046,0.23737373737373738,744.0,796.5,830.25
390,39.82969168,-71.42408068,681.75,7.548018837391851,0.3592201510121635,74.24727520500105,0.004823408271592273,0.22727272727272727,744.0,796.5,830.25
390,39.82969168,-71.42408068,681.75,7.566521365056721,0.3600554441212105,74.68496484481992,0.001672506713739997,0.2474747474747475,744.0,796.5,830.25
390,39.82969168,-71.42408068,681.75,7.677818923384249,0.35826294849726725,74.6726813455151,0.0025515926975777778,0.24242424242424243,744.0,796.5,830.25
390,39.82969168,-71.42408068,681.75,7.651716642166465,0.35236108442895653,75.1284163689411,0.0076507469742857,0.24242424242424243,744.0,796.5,830.25
390,39.82969168,-71.42408068,681.75,7.593494577705571,0.3461673836264482,74.23745842991826,-0.0028621098518003597,0.25757575757575757,744.0,796.5,830.25
391,39.82965255,-71.42422838,681.75,7.689740758117846,0.3471983374680967,74.69076986663681,0.004942717346591175,0.24242424242424243,744.0,796.5,830.25
391,39.82965255,-71.42422838,681.75,7.967239247059867,0.3503599544941196,76.70801673189864,0.005624336623890643,0.25757575757575757,744.0,796.5,830.25
391,39.82965255,-71.42422838,681.75,8.262254559624742,0.3534354930280577,76.90827477348078,0.010815891280822137,0.25757575757575757,744.0,796.5,830.25
391,39.82965255,-71.42422838,681.75,8.1772370691891,0.3582497675814904,76.88831904915632,0.015058840024435392,0.25252525252525254,744.0,796.5,830.25
392,39.82960767,-71.42437948,681.75,7.897487471458295,0.35928019989173593,77.11258110080193,0.006631092283099004,0.23737373737373738,744.0,796.5,830.25
392,39.82960767,-71.42437948,681.75,7.703810621585946,0.35796843250141763,76.46230212080017,0.010745577435133494,0.2474747474747475,744.0,796.5,830.25
392,39.82960767,-71.42437948,681.75,7.477043852951937,0.3571757359738168,75.36768839304628,0.009623242907042069,0.23737373737373738,744.0,796.5,830.25
392,39.82960767,-71.42437948,681.75,7.248421108786027,0.3578856420072896,76.50626197111598,0.010930393308503532,0.24242424242424243,744.0,796.5,830.25
393,39.82956323,-71.42451808,681.75,6.959252749330414,0.35838195834286535,76.7207257503961,0.009321697794445548,0.25252525252525254,744.0,796.5,830.25
393,39.82956323,-71.42451808,681.75,6.698609074887917,0.35551884107490184,75.11910400906181,0.006188317668002751,0.26262626262626265,744.0,796.5,830.25
393,39.82956323,-71.42451808,681.75,6.81129617224949,0.3509494174509588,75.77811769946152,-7.025033748518993e-05,0.25757575757575757,744.0,796.5,830.25
393,39.82956323,-71.42451808,681.75,6.871710487904035,0.35112142222268583,76.46478487953486,0.0007578731972537096,0.2676767676767677,744.0,796.5,830.25
394,39.82951845,-71.42465972,682.5,6.986025405794803,0.3582213782666828,76.05811199426512,0.004184552821278247,0.29441624365482233,744.0,796.5,830.25
394,39.82951845,-71.42465972,682.5,7.100219374247126,0.36589499407568976,75.85357545578155,0.0049411794949414094,0.26903553299492383,744.0,796.5,830.25
394,39.82951845,-71.42465972,682.5,7.0011242450496045,0.3645384750182849,74.72966309105806,0.0021202560901115723,0.2436548223350254,744.0,796.5,830.25
394,39.82951845,-71.42465972,682.5,6.873142905215265,0.3614425325455095,75.40542876789425,0.00030941205149774163,0.25757575757575757,744.0,796.5,831.0000000000001
394,39.82951845,-71.42465972,682.5,6.854281571120397,0.35986485777974414,77.20815356127906,0.0027948993619239565,0.2727272727272727,744.0,796.5,831.0000000000001
395,39.82947497,-71.42480417,682.5,6.673744749585849,0.3620134644626384,78.5606832418599,4.080235900025832e-05,0.24242424242424243,744.0,796.5,831.0000000000001
395,39.82947497,-71.42480417,682.5,6.3524939152851205,0.3635573274724958,77.43608673175625,0.0051307918437488295,0.22727272727272727,744.0,796.5,831.0000000000001
395,39.82947497,-71.42480417,682.5,6.310102300566939,0.3624776252762805,77.88781292060199,0.0020043465575340456,0.23737373737373738,744.0,796.5,831.0000000000001
395,39.82947497,-71.42480417,682.5,6.311220537997948,0.36192808848847086,77.88739556930622,0.006406170463591603,0.2474747474747475,744.0,796.5,831.0000000000001
396,39.8294237,-71.42494493,682.5,6.136645651160289,0.36189665548641414,77.88388347910826,0.009380791463222179,0.25757575757575757,744.0,796.5,831.0000000000001
396,39.8294237,-71.42494493,682.5,5.956133504563448,0.36277070732370115,76.97825279016182,0.009916774442538587,0.2474747474747475,744.75,796.5,831.0000000000001
396,39.8294237,-71.42494493,682.5,5.841537942705862,0.3604646565331887,76.9752237457045,0.01250054514568007,0.24242424242424243,744.75,796.5,831.0000000000001
396,39.8294237,-71.42494493,682.5,6.020183194095579,0.3595941045315253,77.42537963952434,0.008743341134680869,0.22727272727272727,744.75,796.5,831.0000000000001
397,39.82937688,-71.42508515,682.5,6.5764127451712,0.3627663020314708,76.74832216941745,0.00044432063663426,0.2474747474747475,744.75,796.5,831.0000000000001
397,39.82937688,-71.42508515,682.5,6.980670095087719,0.3638772733110608,77.64553893100654,0.009074270273639051,0.24242424242424243,744.75,796.5,831.0000000000001
397,39.82937688,-71.42508515,682.5,7.006866241341315,0.3621038630472839,76.06791417255678,0.013874539501145068,0.24242424242424243,744.75,796.5,831.0000000000001
397,39.82937688,-71.42508515,682.5,6.86052269518115,0.36238055559206783,75.17124642450261,0.013024335220306514,0.25757575757575757,744.75,796.5,831.0000000000001
398,39.82932503,-71.42522665,682.5,6.803496372690866,0.36659297983355915,76.07670356836327,0.011564584397390616,0.2474747474747475,765.7500000000001,796.5,831.0000000000001
398,39.82932503,-71.42522665,682.5,6.656244134231715,0.3698800329676729,77.20484411010902,0.017032883725327273,0.2222222222222222,765.7500000000001,796.5,831.0000000000001
398,39.82932503,-71.42522665,682.5,6.402677931442721,0.3669259865675366,76.30557745992847,0.010071375192423695,0.2222222222222222,765.7500000000001,796.5,831.0000000000001
398,39.82932503,-71.42522665,682.5,6.448422817423253,0.36490842480491026,76.98563802580128,0.001844301536926131,0.23737373737373738,765.7500000000001,796.5,831.0000000000001
398,39.82932503,-71.42522665,683.25,6.612972769632822,0.36537594063001294,78.34135735706337,0.0025839267117366838,0.233502538071066,765.7500000000001,796.5,831.0000000000001
399,39.82927868,-71.4253673,683.25,6.718994593375659,0.37003798312088587,77.66745896200042,0.003789146359587627,0.2436548223350254,765.7500000000001,796.5,831.0000000000001
399,39.82927868,-71.4253673,683.25,6.805925960248414,0.3718673422216836,76.99056596506928,0.006977031430309254,0.2639593908629442,765.7500000000001,796.5,831.0000000000001
399,39.82927868,-71.4253673,683.25,6.8706903497905145,0.37253413855690937,76.98892240245858,0.0064542536255752896,0.25888324873096447,765.7500000000001,796.5,831.0000000000001
399,39.82927868,-71.4253673,683.25,7.068823502893505,0.3741747215934298,77.66422390245401,0.004844572164982998,0.23857868020304568,765.7500000000001,796.5,831.0000000000001
400,39.8292284,-71.42550443,683.25,7.236101992261599,0.3762113215738292,78.34101003618457,0.005874686139146157,0.2233502538071066,765.7500000000001,796.5,831.0000000000001
400,39.8292284,-71.42550443,683.25,7.160181578769629,0.3745623047321993,78.11757953601524,0.003461656037361413,0.20812182741116753,765.7500000000001,796.5,831.0000000000001
400,39.8292284,-71.42550443,683.25,6.906287385827352,0.377094146611459,77.21854335392993,0.006507342617688644,0.20812182741116753,765.7500000000001,796.5,831.0000000000001
400,39.8292284,-71.42550443,683.25,6.401877355675574,0.3791962161211654,77.44432386225014,0.007907120392822296,0.20812182741116753,765.7500000000001,796.5,831.0000000000001
401,39.8291886,-71.42564845,683.25,6.072260337328161,0.37789486327677635,78.11930182559232,0.00974603413356672,0.20304568527918782,765.7500000000001,796.5,831.0000000000001
401,39.8291886,-71.42564845,683.25,6.0305766857513845,0.3759975208586566,76.76746600013021,0.007730236628365354,0.19289340101522842,765.7500000000001,797.25,831.0000000000001
401,39.8291886,-71.42564845,683.25,6.071048421654607,0.3768088758996546,77.21715929989693,0.004135854525679684,0.2131979695431472,765.7500000000001,797.25,831.0000000000001
401,39.8291886,-71.42564845,683.25,5.974036624072395,0.37748107568475914,76.99104651795794,-0.0009081790582793299,0.2131979695431472,765.7500000000001,797.25,831.0000000000001
402,39.82914583,-71.42579267,683.25,5.9253583165867,0.37737280476341273,77.66551121825266,0.002895122913095778,0.2182741116751269,765.7500000000001,797.25,831.0000000000001
402,39.82914583,-71.42579267,683.25,5.988217152732761,0.3773353849814583,76.31317734408638,0.003968620760762177,0.20812182741116753,765.7500000000001,797.25,831.0000000000001
402,39.82914583,-71.42579267,683.25,6.068708791362067,0.3760056379684226,76.08610308957462,0.012494016553383407,0.2436548223350254,765.7500000000001,797.25,831.0000000000001
402,39.82914583,-71.42579267,683.25,6.16198207490562,0.37564509461274753,77.20829794486038,0.0036112812279565014,0.23857868020304568,765.7500000000001,797.25,831.0000000000001
403,39.82910618,-71.42593628,683.25,6.412757937027336,0.374722984139117,76.52471001242662,0.0024369776318091192,0.22842639593908629,765.7500000000001,797.25,831.0000000000001
403,39.82910618,-71.42593628,683.25,6.8917587717372095,0.37281352776376103,77.40833850110195,-0.0016251578049562968,0.2436548223350254,765.7500000000001,797.25,831.0000000000001
403,39.82910618,-71.42593628,683.25,7.426452789358899,0.3726649550281246,76.47272378396765,-0.0005057095215197233,0.2474747474747475,765.7500000000001,797.25,831.75
403,39.82910618,-71.42593628,683.25,7.384644811441749,0.3729629026384255,77.54716894667983,0.001323158814147255,0.23737373737373738,765.7500000000001,797.25,831.75
403,39.82910618,-71.42593628,684.0,7.114421230981866,0.37529520592457416,76.13518625644937,0.005171068011025831,0.2131979695431472,766.5,797.25,831.75
404,39.82906652,-71.42608163,684.0,6.946835090376927,0.37717593311124736,76.55667011112719,0.0068785594469410235,0.18781725888324874,766.5,797.25,831.75
404,39.82906652,-71.42608163,684.0,6.9444401335090475,0.379789125803882,76.94527542756565,0.00842315738828057,0.2131979695431472,766.5,797.25,831.75
404,39.82906652,-71.42608163,684.0,6.778955303766997,0.38175832460198067,78.60550243285431,0.008515988022327201,0.2233502538071066,766.5,797.25,831.75
404,39.82906652,-71.42608163,684.0,6.323643669797108,0.38318408357397993,79.2777854812096,0.008592380052033246,0.22842639593908629,766.5,797.25,831.75
405,39.82902552,-71.42622727,684.0,6.167260618556529,0.38140609500899647,77.24921773902699,0.008766153964196905,0.22842639593908629,766.5,797.25,831.75
405,39.82902552,-71.42622727,684.0,6.551636517476926,0.3765621326850688,76.79650525732055,0.011486643469535273,0.22842639593908629,766.5,797.25,831.75
405,39.82902552,-71.42622727,684.0,6.989873871069992,0.3715323899629057,77.46980760625307,0.0183664051019791,0.23857868020304568,766.5,797.25,831.75
405,39.82902552,-71.42622727,684.0,7.223993443106566,0.3703131869716364,78.81928124768213,0.012072552855795607,0.233502538071066,766.5,797.25,831.75
406,39.82898038,-71.42636932,684.0,7.458221793798629,0.3672954495721867,74.98998637038538,0.010581120126427297,0.2436548223350254,766.5,800.25,831.75
406,39.82898038,-71.42636932,684.0,7.608430073526413,0.36514401273147173,75.214690220714,0.005483019267175742,0.24873096446700507,766.5,800.25,831.75
406,39.82898038,-71.42636932,684.0,7.1984939706980295,0.3634560975304183,76.11493617069466,0.002835722607874538,0.233502538071066,766.5,800.25,831.75
406,39.82898038,-71.42636932,684.0,6.397803160130962,0.3620186484572172,76.5650626986773,0.0069922639474303844,0.2233502538071066,766.5,800.25,831.75
407,39.82893527,-71.42650797,684.0,5.8730377394217115,0.36064622434688887,75.66368740947492,0.007790291437451844,0.20812182741116753,766.5,800.25,831.75
407,39.82893527,-71.42650797,684.0,5.702831903408296,0.35886926405786373,75.43734099718264,-0.000728646815653505,0.20812182741116753,766.5,800.25,831.75
407,39.82893527,-71.42650797,684.0,5.89818563415473,0.3560557226027647,75.66168520114245,0.0012120155080921117,0.20304568527918782,766.5,800.25,831.75
407,39.82893527,-71.42650797,684.0,6.119740861184061,0.3535760415538045,74.76163958152316,0.008300347153151165,0.20812182741116753,766.5,800.25,831.75
408,39.82888782,-71.42664868,684.75,6.542699458218883,0.3481724364439671,75.66519175524328,0.006053538685487005,0.22959183673469388,766.5,800.25,831.75
408,39.82888782,-71.42664868,684.75,6.719699148112736,0.3429520447260019,75.21787106781679,0.007527284565740406,0.25,766.5,800.25,831.75
408,39.82888782,-71.42664868,684.75,6.682020716339705,0.3422647066761827,75.44384996200785,0.005699864946209774,0.22448979591836735,766.5,800.25,831.75
408,39.82888782,-71.42664868,684.75,6.476132584789398,0.3475272077147331,75.21764034404923,0.008184663848826367,0.23469387755102042,766.5,800.25,831.75
408,39.82888782,-71.42664868,684.75,6.409908119122594,0.35177113623418144,75.21548683166587,0.013673936383549277,0.22959183673469388,766.5,800.25,831.75
409,39.8288379,-71.42678713,684.75,6.5472278788286635,0.3545538470908408,74.53830257973955,0.011243329766331767,0.22448979591836735,766.5,800.25,831.75
409,39.8288379,-71.42678713,684.75,6.731641047560344,0.35145822517267933,74.53890710443484,0.011987348273558568,0.22448979591836735,766.5,800.25,831.75
409,39.8288379,-71.42678713,684.75,6.813423046987124,0.34831364561852535,74.76560795582965,0.020673105086345005,0.22448979591836735,766.5,800.25,831.75
409,39.8288379,-71.42678713,684.75,6.894961455666833,0.34847836464302945,73.86610894762603,0.0192759038117776,0.22448979591836735,766.5,800.25,831.75
410,39.82878838,-71.42692648,684.75,7.108020095065918,0.351261644268394,75.44225861203772,0.011254440668424464,0.1989795918367347,766.5,800.25,831.75
410,39.82878838,-71.42692648,684.75,7.294390209890495,0.3516991933946206,74.54040858726174,0.008377956115241753,0.21428571428571427,766.5,800.25,831.75
410,39.82878838,-71.42692648,684.75,7.331232749349794,0.35035726310274323,72.73830007316414,0.01324037211940089,0.20408163265306123,766.5,800.25,831.75
410,39.82878838,-71.42692648,684.75,7.472840720492857,0.3504105352781721,73.63948281301091,0.01248358231125594,0.19387755102040816,766.5,800.25,831.75
411,39.82874473,-71.42706533,684.75,7.3552280744020155,0.35017677982309237,73.86546455626481,0.012625190691978339,0.20408163265306123,766.5,800.25,831.75
411,39.82874473,-71.42706533,684.75,6.935501873442646,0.3457300038248736,73.6402610643576,0.01287757084952414,0.20918367346938777,766.5,800.25,831.75
411,39.82874473,-71.42706533,685.5,6.585410481476578,0.3435964145685302,73.1884427777934,0.014697697277320593,0.19487179487179487,766.5,800.25,831.75
411,39.82874473,-71.42706533,685.5,6.319947850336967,0.3450791645942276,73.86261739956802,0.013940665306964702,0.18974358974358974,766.5,800.25,831.75
412,39.8287026,-71.42721003,685.5,6.249518163763391,0.34628346535766935,73.86304495283477,0.015893110978935206,0.22448979591836735,766.5,800.25,832.5000000000001
412,39.8287026,-71.42721003,685.5,6.611840537950022,0.34937537643154387,73.18912370299117,0.01327646222754876,0.2193877551020408,766.5,800.25,832.5000000000001
412,39.8287026,-71.42721003,685.5,6.772785171537155,0.3522716145294243,73.4159301470588,0.008707427381474687,0.22448979591836735,766.5,800.25,832.5000000000001
412,39.8287026,-71.42721003,685.5,6.582744229834062,0.35426560270873736,74.31816637506218,0.004121352910829387,0.20408163265306123,766.5,800.25,832.5000000000001
413,39.82865733,-71.427351,685.5,6.429652756249143,0.3548691717680449,74.99499594394153,0.011662766838908257,0.18877551020408162,766.5,800.25,832.5000000000001
413,39.82865733,-71.427351,685.5,6.278575518824118,0.35507918020576357,72.51889495549025,0.011168961247473928,0.21428571428571427,766.5,800.25,832.5000000000001
413,39.82865733,-71.427351,685.5,6.37736746759643,0.35646938240356796,73.41937930477292,0.004181769620809187,0.2193877551020408,766.5,800.25,832.5000000000001
413,39.82865733,-71.427351,685.5,6.453115459876258,0.36032894366283447,72.96848335274052,-0.0026071976148729675,0.2193877551020408,766.5,800.25,832.5000000000001
414,39.82861543,-71.42749502,685.5,6.391507874564211,0.36342694455143865,72.51794433946584,-0.003336507411458054,0.23979591836734693,766.5,800.25,832.5000000000001
414,39.82861543,-71.42749502,685.5,6.632851111590733,0.36872292200802276,71.61689035433274,0.0014942108834564997,0.22959183673469388,766.5,801.0,832.5000000000001
414,39.82861543,-71.42749502,685.5,6.991949347539759,0.3716793092516607,73.64155251257212,0.0047896365515350415,0.22959183673469388,766.5,801.0,832.5000000000001
414,39.82861543,-71.42749502,685.5,6.950479469381725,0.37407154317818353,73.6385169477665,0.0015724318243546978,0.1989795918367347,766.5,801.0,832.5000000000001
414,39.82861543,-71.42749502,686.25,6.486240462932457,0.3764200054252861,74.3118793236439,0.00907127313680163,0.2,766.5,801.0,832.5000000000001
415,39.82857555,-71.4276368,686.25,6.251357283082673,0.37856601797798745,74.98651117958839,0.007416535343581159,0.2,766.5,801.0,832.5000000000001
415,39.82857555,-71.4276368,686.25,6.276350410503056,0.37908508393261725,73.63504758201273,0.008326523386759755,0.18461538461538463,766.5,801.0,832.5000000000001
415,39.82857555,-71.4276368,686.25,6.373908131206075,0.37856576432001554,73.40954576850635,-0.003313511750082733,0.19487179487179487,766.5,801.0,832.5000000000001
415,39.82857555,-71.4276368,686.25,6.480656142832273,0.378945605136211,73.6344281752423,-0.004189602246078022,0.19487179487179487,766.5,801.0,832.5000000000001
416,39.82853055,-71.42778095,686.25,6.52508266377126,0.38170399535444177,74.30936737594517,0.0015223265174655687,0.1794871794871795,766.5,801.0,832.5000000000001
416,39.82853055,-71.42778095,686.25,6.599233865544208,0.3819385900750397,73.63292616690141,0.010522282071938604,0.19487179487179487,766.5,801.0,832.5000000000001
416,39.82853055,-71.42778095,686.25,6.610321901366896,0.37847594187359807,73.85738588273463,0.002968352045195811,0.17435897435897435,766.5,801.0,832.5000000000001
416,39.82853055,-71.42778095,686.25,6.305472181987416,0.37557920089624613,73.40732832297508,0.0021455258614502953,0.18974358974358974,766.5,801.0,832.5000000000001
417,39.82848782,-71.42792818,686.25,6.079648345811003,0.3729949588480863,72.05791733363127,0.00531746967117875,0.2,766.5,801.0,832.5000000000001
417,39.82848782,-71.42792818,686.25,5.911121655712056,0.3695608639673319,72.96120898232176,0.007856398609561667,0.20512820512820512,766.5,801.0,832.5000000000001
417,39.82848782,-71.42792818,686.25,5.637468766681987,0.37013749739496316,74.31584480504678,0.003634679993913982,0.22564102564102564,766.5,801.0,832.5000000000001
417,39.82848782,-71.42792818,686.25,5.5812041451317125,0.3734477156505771,74.77228665367817,0.002187579121173682,0.2512820512820513,766.5,801.0,832.5000000000001
418,39.8284454,-71.42806828,686.25,5.883972848233122,0.3774467293091254,76.5812858929334,-0.0012744137899921373,0.26666666666666666,766.5,801.0,832.5000000000001
418,39.8284454,-71.42806828,686.25,5.897100925997415,0.3799044599800067,75.57505893216782,0.001729220277091309,0.2717948717948718,766.5,801.0,832.5000000000001
418,39.8284454,-71.42806828,686.25,6.0131362725333775,0.380726570803705,73.34489142958718,0.0112534827908363,0.24615384615384617,766.5,801.0,832.5000000000001
418,39.8284454,-71.42806828,686.25,6.4158089176491595,0.3836230583804636,74.25340105323558,0.005843699251958327,0.22564102564102564,766.5,801.0,832.5000000000001
418,39.8284454,-71.42806828,686.25,6.813632463197358,0.3881563721239161,74.265921435696,0.010592405514123805,0.2153846153846154,766.5,801.0,832.5000000000001
419,39.82840617,-71.42821317,687.0,6.817589822436055,0.3933457782459672,73.70216434626037,0.009841874440443934,0.20618556701030927,766.5,801.0,832.5000000000001
419,39.82840617,-71.42821317,687.0,6.806966425041332,0.39558225523743884,74.91069668572854,0.007122597818132934,0.18041237113402062,766.5,801.0,832.5000000000001
419,39.82840617,-71.42821317,687.0,7.066952003852182,0.3939961966115932,74.93188324000918,0.005197814434934174,0.20103092783505155,766.5,801.0,832.5000000000001
419,39.82840617,-71.42821317,687.0,6.901283474999145,0.3912996718919008,75.16509204349461,0.0058772353661586275,0.20103092783505155,766.5,801.0,832.5000000000001
420,39.8283672,-71.4283534,687.0,6.749711423844072,0.39299934044768586,74.04281093560657,0.00620724996459395,0.1958762886597938,766.5,801.0,832.5000000000001
420,39.8283672,-71.4283534,687.0,6.965395474438295,0.3971042951262499,72.92226376025017,0.004767046549218772,0.20618556701030927,766.5,801.0,832.5000000000001
420,39.8283672,-71.4283534,687.0,7.263859364967264,0.40243085037001,73.60379245266843,0.0031791263405355533,0.19072164948453607,766.5,801.0,832.5000000000001
420,39.8283672,-71.4283534,687.0,7.477746876602011,0.4073526375126274,74.28408978297043,-0.0021110915356337373,0.21649484536082475,766.5,801.0,832.5000000000001
421,39.82833362,-71.42850372,687.0,7.1865492606881345,0.4071852746773069,73.1603007127823,-0.013158504178979796,0.20618556701030927,766.5,801.0,832.5000000000001
421,39.82833362,-71.42850372,687.0,7.1054204652587645,0.40595203105301464,73.83631677893356,-0.00032204324459149945,0.1958762886597938,766.5,801.0,832.5000000000001
421,39.82833362,-71.42850372,687.0,7.080359729699256,0.40673832596259624,73.61180233868211,0.00023716726986630374,0.18041237113402062,766.5,801.0,832.5000000000001
421,39.82833362,-71.42850372,687.0,7.013379085157704,0.4090162142449933,73.83885987028177,-0.002108627700922291,0.18556701030927836,766.5,801.0,832.5000000000001
422,39.8282958,-71.42864285,687.0,6.90680719937811,0.41073026354737757,72.93965510287357,-0.012837185156173625,0.19072164948453607,767.2500000000001,801.0,832.5000000000001
422,39.8282958,-71.42864285,687.0,6.772240206435924,0.40565388597862884,72.93950406670417,-0.007086647258606009,0.18556701030927836,767.2500000000001,801.0,832.5000000000001
422,39.8282958,-71.42864285,687.0,6.890970728122518,0.3993456617807408,73.83911705541311,0.007721339111535598,0.18556701030927836,767.2500000000001,801.0,832.5000000000001
422,39.8282958,-71.42864285,687.0,7.0645193693338655,0.3950033800231193,73.83925147340526,0.005673688445557521,0.1958762886597938,767.2500000000001,801.0,832.5000000000001
423,39.82826033,-71.428787,687.0,7.053095309594816,0.39368757550253713,73.39014590311608,0.007017192063923985,0.1958762886597938,767.2500000000001,801.0,832.5000000000001
423,39.82826033,-71.428787,687.0,6.9809731375265835,0.3915901259637766,72.71605567369585,-0.0010143716555220672,0.20103092783505155,767.2500000000001,801.0,832.5000000000001
423,39.82826033,-71.428787,687.0,6.906745924899065,0.3871408242876219,73.39315230940174,0.005682540693584794,0.17525773195876287,767.2500000000001,801.0,832.5000000000001
423,39.82826033,-71.428787,687.0,6.8501500954679955,0.3807152798167114,72.04391529634727,0.0036432893496054124,0.18556701030927836,767.2500000000001,801.0,832.5000000000001
424,39.82821227,-71.42892618,687.0,6.595705181670058,0.37496314329576946,72.49571390896571,0.0035453945655705456,0.20103092783505155,767.2500000000001,801.0,832.5000000000001
424,39.82821227,-71.42892618,687.0,6.3488860189842065,0.37145297081579975,74.07283055291214,0.00015189358630732767,0.20103092783505155,767.2500000000001,801.0,832.5000000000001
424,39.82821227,-71.42892618,687.0,6.262885189652091,0.36781990785556773,73.39764639971422,0.006774623310556242,0.19072164948453607,767.2500000000001,801.0,832.5000000000001
424,39.82821227,-71.42892618,687.0,6.298992591463809,0.36515507852667833,72.72239328578311,0.006205959876958677,0.22164948453608246,767.2500000000001,801.0,832.5000000000001
425,39.82816537,-71.42906318,687.75,6.094254405931865,0.364715695961321,72.49741503641926,-0.0032712934244845176,0.20618556701030927,767.2500000000001,801.0,833.25
425,39.82816537,-71.42906318,687.75,5.842411460285743,0.36380105041515814,72.94732395135262,-0.01172214748795492,0.211340206185567,767.2500000000001,801.0,833.25
425,39.82816537,-71.42906318,687.75,5.834344084164164,0.3622299576922834,72.72129729387784,-0.007728809107731704,0.1958762886597938,767.2500000000001,801.0,833.25
425,39.82816537,-71.42906318,687.75,5.992160465554083,0.3620178341514428,72.27069564407763,-0.0038093583554446504,0.17525773195876287,767.2500000000001,801.0,833.25
425,39.82816537,-71.42906318,687.75,5.9261456416748235,0.3606177469751291,72.04597240938034,-0.011468228553172461,0.17010309278350516,767.2500000000001,801.0,833.25
426,39.82811297,-71.42919983,687.75,6.02953036388359,0.36105007655259275,72.04625731060084,-0.010634413833382091,0.19072164948453607,767.2500000000001,801.0,833.25
426,39.82811297,-71.42919983,687.75,6.321688790400085,0.3668343711544906,72.04653703558961,-0.006141364296780345,0.18556701030927836,767.2500000000001,801.0,833.25
426,39.82811297,-71.42919983,687.75,6.48853574217432,0.3693196352165773,72.49785791910709,-0.0008982945043193,0.1958762886597938,767.2500000000001,798.75,833.25
426,39.82811297,-71.42919983,687.75,6.39916319518243,0.3710675626677057,74.0753515228682,0.0017647039899619465,0.20103092783505155,767.2500000000001,798.75,833.25
427,39.82806633,-71.42933495,687.75,6.2532367105630104,0.37286107261766216,74.5264025985352,0.0035719153507362666,0.21649484536082475,767.2500000000001,798.75,833.25
427,39.82806633,-71.42933495,687.75,6.325252597117777,0.372029009210587,73.17547890935762,0.0016042734632924168,0.211340206185567,767.2500000000001,798.75,833.25
427,39.82806633,-71.42933495,687.75,6.50447077767334,0.3676969898817633,74.07597727739345,0.010180966098115292,0.18041237113402062,767.2500000000001,798.75,833.25
427,39.82806633,-71.42933495,687.75,6.4720204144029045,0.36116041977118213,73.62524862445315,0.015035277391645153,0.21649484536082475,767.2500000000001,798.75,833.25
428,39.82801802,-71.4294749,687.75,6.391252153947845,0.3565471641469434,72.27371712969169,0.000627452883543085,0.23195876288659795,767.2500000000001,798.75,833.25
428,39.82801802,-71.4294749,687.75,6.658216328713945,0.35719121989026553,72.49894510072508,0.0020911826042892376,0.22164948453608246,767.2500000000001,798.75,833.25
428,39.82801802,-71.4294749,687.75,6.792604049661037,0.35992610458875435,73.17513724514177,0.007513409476323692,0.22164948453608246,767.2500000000001,798.75,833.25
428,39.82801802,-71.4294749,687.75,6.41304591155948,0.36032516290213795,73.40110198224511,0.010715807710808179,0.2422680412371134,767.2500000000001,798.75,833.25
429,39.82796897,-71.42961428,687.75,6.156691611234184,0.3594385311410673,71.8249972468266,0.013965621114097382,0.26804123711340205,767.2500000000001,798.75,833.25
429,39.82796897,-71.42961428,687.75,6.105179019498331,0.35675742552320927,72.95007116245161,0.007064850412486231,0.25773195876288657,767.2500000000001,798.75,833.25
429,39.82796897,-71.42961428,687.75,6.152533984788242,0.3507364625232257,72.4987407511772,-0.0007420177200203006,0.24742268041237114,767.2500000000001,798.75,833.25
429,39.82796897,-71.42961428,687.75,6.087778282057087,0.34972632411026167,74.30027667222465,0.002982909214818604,0.23711340206185566,767.2500000000001,798.75,833.25
430,39.82791635,-71.42974982,687.75,5.960015730607027,0.3529319732603652,73.85117511026425,0.0034850817221267934,0.2422680412371134,767.2500000000001,798.75,833.25
430,39.82791635,-71.42974982,687.75,5.93456767442834,0.3551516082552529,73.40220377937106,-0.007689611140305611,0.25257731958762886,767.2500000000001,798.75,833.25
430,39.82791635,-71.42974982,687.75,5.848098443836391,0.3548031463766543,72.50224894612796,-0.008986719373092833,0.2422680412371134,767.2500000000001,798.75,833.25
430,39.82791635,-71.42974982,687.75,6.13121972632168,0.3550843926451843,73.40347210017141,0.00488398026979002,0.24742268041237114,767.2500000000001,798.75,833.25
431,39.82786682,-71.42989243,687.75,6.4705501061888056,0.3576599039382834,72.27842182049248,0.006693528380872296,0.20512820512820512,767.2500000000001,798.75,834.0000000000001
431,39.82786682,-71.42989243,687.75,6.7135779440520205,0.3631565615902336,73.17997282774053,-0.00991095647178763,0.20512820512820512,767.2500000000001,798.75,834.0000000000001
431,39.82786682,-71.42989243,687.75,6.647953516408532,0.3672999836919685,73.18022019445274,-0.010054804701017028,0.24102564102564103,767.2500000000001,798.75,834.0000000000001
431,39.82786682,-71.42989243,687.75,6.846240157663319,0.3679128354548308,72.05395431834829,-0.00028420358703540565,0.2205128205128205,767.2500000000001,798.75,834.0000000000001
431,39.82786682,-71.42989243,687.75,6.747083743657198,0.3681736421468834,73.85470869916219,0.001644765727030413,0.20512820512820512,767.2500000000001,798.75,834.0000000000001
432,39.82781787,-71.43003335,687.75,6.627685694755974,0.3668587723780825,74.07942386411742,0.010788347822416484,0.18461538461538463,767.2500000000001,798.75,834.0000000000001
432,39.82781787,-71.43003335,687.75,6.811728133059662,0.3691101492481762,76.55610842294429,0.00928412512658812,0.2,767.2500000000001,798.75,834.0000000000001
432,39.82781787,-71.43003335,687.75,7.23789846162071,0.3701840746115786,74.97993755574484,0.01349475488277451,0.19487179487179487,767.2500000000001,798.75,834.0000000000001
432,39.82781787,-71.43003335,687.75,7.269492122480605,0.3711327541751141,74.30463627535394,0.011394266757811024,0.1794871794871795,768.0,798.75,834.0000000000001
433,39.82777848,-71.43017617,687.75,6.92427519957595,0.3706012312777033,75.20558970881137,-0.007080176864586908,0.19487179487179487,768.0,798.75,834.0000000000001
433,39.82777848,-71.43017617,687.75,6.72955446820634,0.36871071457046084,75.65589284911162,0.0041184926105487015,0.17435897435897435,768.0,798.75,834.0000000000001
433,39.82777848,-71.43017617,687.75,6.888336474544244,0.3649950984175307,74.3045603866599,0.004770811251911939,0.15384615384615385,768.0,798.75,834.0000000000001
433,39.82777848,-71.43017617,687.75,7.013084246483912,0.36216321886988534,74.53011164243746,0.006302028518950798,0.1641025641025641,768.0,798.75,834.0000000000001
434,39.82774373,-71.43032467,687.75,6.782799765005807,0.36166320364501936,75.88224556285705,0.007752328097694959,0.1641025641025641,768.0,798.75,834.0000000000001
434,39.82774373,-71.43032467,687.75,6.451556586897886,0.3630561397592034,74.75740599696346,-0.00817259683475809,0.18461538461538463,768.0,798.75,834.0000000000001
434,39.82774373,-71.43032467,687.75,6.042906002415255,0.3640394429081423,74.08210988768477,-0.0031296815036268755,0.2,768.0,798.75,834.0000000000001
434,39.82774373,-71.43032467,687.75,5.796759307882138,0.36417990440044595,74.53192496160042,0.0051839727016245035,0.2,768.0,798.75,834.0000000000001
435,39.82770617,-71.43046155,687.75,6.040997076196795,0.36574333012826865,76.55800798148121,-0.006001603919897396,0.2153846153846154,768.0,798.75,834.0000000000001
435,39.82770617,-71.43046155,687.75,6.586435859296949,0.37373926037653254,75.2073327529993,-0.006888932127687495,0.23076923076923078,768.0,798.75,834.0000000000001
435,39.82770617,-71.43046155,687.75,7.134427047861702,0.38586225044998,75.43318672361983,-0.008195663014871886,0.2564102564102564,768.0,798.75,834.0000000000001
435,39.82770617,-71.43046155,687.75,7.291674629935607,0.39313560552914967,74.5326648500131,0.007101412742410747,0.24102564102564103,768.0,798.75,834.0000000000001
436,39.82766032,-71.43060852,687.75,7.108483539052382,0.39592911199306996,75.65829229288553,0.005891055576916709,0.23076923076923078,768.0,798.75,834.0000000000001
436,39.82766032,-71.43060852,687.75,7.1246880609498975,0.3978230955786628,75.20794492070962,0.007204753096292644,0.2205128205128205,768.0,798.75,834.0000000000001
436,39.82766032,-71.43060852,687.75,7.275363744526323,0.39933528126089174,73.85721483997429,0.015468809409136591,0.2153846153846154,768.0,798.75,834.0000000000001
436,39.82766032,-71.43060852,687.75,7.277965020481996,0.3956398099987061,72.5065925386605,0.01855358454238972,0.20512820512820512,768.0,798.75,834.0000000000001
436,39.82766032,-71.43060852,687.75,7.219058717150186,0.3918535250989143,73.40766426543638,0.010560850316920129,0.21025641025641026,768.0,798.75,834.0000000000001
437,39.82762388,-71.43075388,687.75,7.306020692634911,0.3910430822560925,73.40806906145755,0.006854660097379487,0.21025641025641026,768.0,798.75,834.0000000000001
437,39.82762388,-71.43075388,687.75,7.306143499488515,0.3905532726954377,74.75974536266803,0.007777628923746409,0.2205128205128205,768.0,798.75,834.0000000000001
437,39.82762388,-71.43075388,687.75,7.105604509293972,0.388286833950885,74.31038078450771,0.01091161239705576,0.2153846153846154,768.0,798.75,834.0000000000001
437,39.82762388,-71.43075388,687.75,6.923500202226103,0.38844459922788077,73.18574479767939,0.011335914425115955,0.2153846153846154,768.0,798.75,834.0000000000001
438,39.82757715,-71.43089105,687.75,7.026909524841941,0.38842777484937696,74.31306950856725,0.01111554812096442,0.2205128205128205,768.0,798.75,834.0000000000001
438,39.82757715,-71.43089105,687.75,7.186483895538879,0.3897771656730387,74.53987469100743,0.004771778631143741,0.22564102564102564,768.0,798.75,834.0000000000001
438,39.82757715,-71.43089105,687.75,6.958808409563814,0.3898338047207714,74.31630399086526,0.005370192066947702,0.2,768.0,798.75,834.0000000000001
438,39.82757715,-71.43089105,687.75,6.480480229743267,0.3902618040463861,75.89366353331192,0.007968737807036634,0.21025641025641026,768.0,798.75,834.0000000000001
439,39.82753157,-71.43103255,687.75,6.703507279780822,0.3879387120264885,74.99344480767196,0.017706639893801144,0.2205128205128205,768.0,798.75,834.0000000000001
439,39.82753157,-71.43103255,687.75,7.276678677237444,0.3897874280775788,74.5428356849216,0.01947015517977667,0.20512820512820512,768.0,798.75,834.0000000000001
439,39.82753157,-71.43103255,687.75,7.612372704269903,0.3956188586013923,73.64140067770522,0.013866150625234941,0.2153846153846154,768.0,798.75,834.0000000000001
439,39.82753157,-71.43103255,687.75,7.57924386069137,0.3997771278998381,74.31624124766815,0.006667130145788011,0.2153846153846154,768.0,798.75,834.0000000000001
440,39.82748085,-71.43117403,687.75,7.3607461580605,0.39986431264704025,73.86519232866927,0.003150999174354194,0.21025641025641026,768.0,798.75,834.0000000000001
440,39.82748085,-71.43117403,687.75,7.2310956306951955,0.3997956941924365,73.86385106833806,0.00031649781582155647,0.2153846153846154,768.0,798.75,834.0000000000001
440,39.82748085,-71.43117403,687.75,7.285699110391195,0.3979183250746363,74.31264958273965,0.008344622528201812,0.2153846153846154,768.0,798.75,834.0000000000001
440,39.82748085,-71.43117403,687.75,7.468927433968307,0.39707744605509787,74.9873043961704,0.009402522246094266,0.20512820512820512,768.0,798.75,834.0000000000001
441,39.82743632,-71.4313145,687.75,7.7024800443643056,0.3931048496067418,74.76236835990711,0.007002297085627424,0.18974358974358974,768.0,798.75,834.0000000000001
441,39.82743632,-71.4313145,687.75,8.057590328959108,0.3903861238188409,74.53867614006256,0.004665675643926856,0.18877551020408162,768.0,798.75,834.75
441,39.82743632,-71.4313145,687.75,8.293175160820757,0.39003564273553354,75.66675566552286,0.010027574024017886,0.20408163265306123,768.0,798.75,834.75
441,39.82743632,-71.4313145,687.75,8.169457266104121,0.38724767773468205,75.66950851833313,-0.002838555537073679,0.22959183673469388,768.0,799.5,834.75
441,39.82743632,-71.4313145,687.75,8.045387343852136,0.3836430269925246,76.57545370989706,0.0009670493775627818,0.23469387755102042,768.0,799.5,834.75
442,39.82739308,-71.4314558,687.75,7.896078076125036,0.3819207172528478,75.24446610719423,-0.0005249562674830577,0.23979591836734693,768.0,799.5,834.75
442,39.82739308,-71.4314558,687.75,7.758961805735622,0.38296322728225585,74.56101188432109,-0.00017771706177090852,0.22448979591836735,768.0,799.5,834.75
442,39.82739308,-71.4314558,687.75,7.755805718279492,0.387701946395747,76.21891702814487,0.002801077216859789,0.2193877551020408,768.0,799.5,834.75
442,39.82739308,-71.4314558,687.75,7.677770484897715,0.38768920139628926,76.057309305093,0.0016234686398572376,0.22448979591836735,768.0,799.5,834.75
443,39.82734832,-71.43159315,687.75,7.553324049655095,0.38639642752074116,75.40474516733973,-0.004325946640788002,0.22959183673469388,768.0,799.5,834.75
443,39.82734832,-71.43159315,687.75,7.578403457217608,0.3908086771117127,75.40791192980674,-4.8896745427169244e-05,0.23469387755102042,768.0,799.5,834.75
443,39.82734832,-71.43159315,687.75,7.761190162193522,0.3991320623705799,74.28050774179204,0.0025573128296615477,0.23979591836734693,768.0,799.5,834.75
443,39.82734832,-71.43159315,687.75,7.97561464628698,0.40214641991487066,75.18430518190912,0.003179238030664665,0.23979591836734693,768.0,799.5,834.75
444,39.82730823,-71.43173965,687.75,8.195216251643384,0.4043027902768066,74.73955308574092,0.00921881537236522,0.25,768.7499999999999,799.5,834.75
444,39.82730823,-71.43173965,687.75,8.54066900979463,0.40664144689641163,74.06873879732314,0.013889491373617113,0.22959183673469388,768.7499999999999,799.5,834.75
444,39.82730823,-71.43173965,687.75,8.626857550047639,0.4088514146578696,75.42234080181488,0.013121781894501324,0.23469387755102042,768.7499999999999,799.5,834.75
444,39.82730823,-71.43173965,687.75,8.698990858192158,0.4091825126212904,75.64776670878646,0.00948140463011505,0.23469387755102042,768.7499999999999,799.5,834.75
445,39.82726393,-71.43188047,687.75,8.865514924029378,0.4069023489258518,74.97144482052465,0.010886814235058823,0.22448979591836735,768.7499999999999,799.5,834.75
445,39.82726393,-71.43188047,687.75,9.204246000912123,0.4046106090684834,74.06997992409535,0.01631709733355838,0.22959183673469388,768.7499999999999,799.5,834.75
445,39.82726393,-71.43188047,687.75,9.615916630871826,0.4037980521799778,75.6466052739552,0.011196054838425114,0.22959183673469388,768.7499999999999,799.5,834.75
445,39.82726393,-71.43188047,687.75,9.822444245200959,0.4019790771263558,74.74684375122423,0.005993683522987955,0.22959183673469388,768.7499999999999,799.5,834.75
446,39.8272153,-71.43201707,687.75,9.562438304608394,0.39702650859556526,74.74814751687342,0.00263224718091439,0.23469387755102042,768.7499999999999,799.5,834.75
446,39.8272153,-71.43201707,687.75,8.899752101464543,0.38707020524206104,74.97568942940688,0.005768491038554081,0.24489795918367346,768.7499999999999,799.5,834.75
446,39.8272153,-71.43201707,687.75,8.26955441863231,0.3808833236960523,74.97752489456357,0.008408030564162042,0.22448979591836735,768.7499999999999,799.5,834.75
446,39.8272153,-71.43201707,687.75,7.858109418084343,0.37745070947891024,74.75310107578292,0.008513944730366034,0.21428571428571427,768.7499999999999,799.5,834.75
447,39.82716703,-71.4321565,687.75,7.724493005170245,0.3745893573078066,74.75282817442307,0.008442687474995166,0.2193877551020408,768.7499999999999,799.5,834.75
447,39.82716703,-71.4321565,687.75,7.741555130337859,0.3736690984775893,75.20266628457539,0.004882900699201794,0.21428571428571427,768.7499999999999,799.5,834.75
447,39.82716703,-71.4321565,687.75,7.7876587128864765,0.37209539439966854,73.85215782984653,0.005686176871756298,0.22448979591836735,768.7499999999999,799.5,834.75
447,39.82716703,-71.4321565,687.75,7.674512348553897,0.372691266043646,73.6279991428274,0.008486588289046903,0.21428571428571427,768.7499999999999,799.5,834.75
447,39.82716703,-71.4321565,687.75,7.462838558942953,0.37294625328409503,75.43053554823811,0.013837635393506683,0.22448979591836735,768.7499999999999,799.5,834.75
448,39.8271227,-71.43229767,687.75,7.217152240159762,0.37461540093065404,74.75570035396102,0.01707758100912352,0.23469387755102042,768.7499999999999,799.5,834.75
448,39.8271227,-71.43229767,687.75,6.813150696343302,0.37508738846727435,74.08004726691044,0.015047287889914798,0.2193877551020408,768.7499999999999,799.5,834.75
448,39.8271227,-71.43229767,687.75,6.464883035446762,0.37339890841621826,74.07943569020529,0.011995690645038113,0.2193877551020408,768.7499999999999,799.5,834.75
448,39.8271227,-71.43229767,687.75,6.725735558870439,0.3716886663686859,74.52970167690398,0.015884400678948318,0.23469387755102042,768.7499999999999,799.5,834.75
449,39.82707265,-71.43242853,687.75,6.551141032667058,0.3697856386404103,75.20615230022631,0.015966234299445492,0.24489795918367346,768.7499999999999,799.5,834.75
449,39.82707265,-71.43242853,687.75,6.390162828676317,0.3691514003701948,74.98202149745293,0.015741799706619132,0.24489795918367346,768.7499999999999,799.5,834.75
449,39.82707265,-71.43242853,687.75,6.289400774404807,0.36826463112877456,74.30670990120979,0.015630889382236217,0.25,768.7499999999999,799.5,834.75
449,39.82707265,-71.43242853,687.75,6.281273350236189,0.36797739270035645,76.33277473945583,0.009547034878072647,0.23979591836734693,768.7499999999999,799.5,834.75
450,39.82702872,-71.43257157,687.75,6.211821484782301,0.36886937307580697,74.75587723493898,0.009525739878588341,0.25,768.7499999999999,799.5,834.75
450,39.82702872,-71.43257157,687.75,6.21383417785356,0.36757222689678276,74.30562300360566,0.014590407378031972,0.27040816326530615,768.7499999999999,799.5,834.75
450,39.82702872,-71.43257157,687.75,6.248435465635665,0.3614811834676897,74.30670910081275,0.015951493511888192,0.25,768.7499999999999,799.5,834.75
450,39.82702872,-71.43257157,687.75,6.261099647267774,0.35535691704038547,73.18196815642938,0.009371326662739446,0.23979591836734693,768.7499999999999,799.5,834.75
451,39.82698092,-71.43270905,687.75,6.281754781169133,0.3513182361887163,75.43425223818976,0.006187699794190269,0.23979591836734693,768.7499999999999,799.5,834.75
451,39.82698092,-71.43270905,687.75,6.490493930352461,0.350865023267565,74.53345714386293,-0.0005271061540042598,0.22959183673469388,768.7499999999999,799.5,834.75
451,39.82698092,-71.43270905,687.75,6.665366100808428,0.3527094557810334,75.65886149375862,0.0048700890335564686,0.24489795918367346,768.7499999999999,800.25,834.75
451,39.82698092,-71.43270905,687.75,6.662257357147948,0.35552965929672525,76.55908910095697,0.002883193410690818,0.23469387755102042,768.7499999999999,800.25,834.75
452,39.8269393,-71.43286018,687.75,6.500181579034508,0.3565029624410677,73.85678122903572,0.0028356213007013032,0.233502538071066,768.7499999999999,800.25,835.5000000000001
452,39.8269393,-71.43286018,687.75,6.260140440373245,0.35936622504709853,73.18151749401574,-0.003948038951941178,0.22842639593908629,768.7499999999999,800.25,835.5000000000001
452,39.8269393,-71.43286018,687.75,6.020088753613075,0.35816334927286875,72.73177695443881,-0.012555990491654194,0.2436548223350254,768.7499999999999,800.25,835.5000000000001
452,39.8269393,-71.43286018,687.75,5.987690866727853,0.35581852738050496,70.70543151874685,-0.016763179475692475,0.24873096446700507,768.7499999999999,800.25,835.5000000000001
453,39.82689385,-71.43299432,687.75,6.182244496088408,0.3537933708034833,72.73127487321263,-0.0013171279058001137,0.24873096446700507,768.7499999999999,800.25,835.5000000000001
453,39.82689385,-71.43299432,687.75,6.497131037040349,0.35431821446388917,73.855833846001,0.013224884822939133,0.25380710659898476,768.7499999999999,800.25,835.5000000000001
453,39.82689385,-71.43299432,687.75,6.742596409649635,0.3582387548936965,73.17952935087142,0.02027229503730606,0.22842639593908629,768.7499999999999,800.25,835.5000000000001
453,39.82689385,-71.43299432,687.75,6.948886667060935,0.3621366718295633,72.9545388376426,0.00987772575663176,0.2182741116751269,768.7499999999999,800.25,835.5000000000001
453,39.82689385,-71.43299432,687.75,6.9874710814195975,0.3627310085800277,74.08095023917724,0.016556998235218497,0.2182741116751269,769.5,800.25,835.5000000000001
454,39.8268476,-71.43313643,687.75,7.073788581680425,0.36222025651813144,74.53166077651198,0.012714999506577434,0.2182741116751269,769.5,800.25,835.5000000000001
454,39.8268476,-71.43313643,687.75,7.179927457512385,0.3639527910081901,74.53174629380166,-0.006408548461969169,0.2182741116751269,769.5,800.25,835.5000000000001
454,39.8268476,-71.43313643,687.75,7.5701762220131625,0.3661033093266466,72.05460069173942,-0.007747776504169695,0.2131979695431472,769.5,800.25,835.5000000000001
454,39.8268476,-71.43313643,687.75,7.851936731280105,0.3650448434424997,72.27938882822578,-0.007429554551651347,0.23857868020304568,769.5,800.25,835.5000000000001
455,39.82680428,-71.43327895,687.75,7.777809198198744,0.3630634074085899,72.95464803901594,0.006205191032758575,0.24873096446700507,769.5,800.25,835.5000000000001
455,39.82680428,-71.43327895,687.75,7.071157940021673,0.35897210433931415,73.40492281304437,0.00278441151415081,0.2639593908629442,769.5,800.25,835.5000000000001
455,39.82680428,-71.43327895,687.75,6.241000439776017,0.35757692928450596,72.95428798792418,0.0004210713385627623,0.25888324873096447,769.5,800.25,835.5000000000001
455,39.82680428,-71.43327895,687.75,6.0690993631208885,0.35787656952793123,72.05285768911766,0.006636458860041271,0.26903553299492383,769.5,800.25,835.5000000000001
456,39.8267601,-71.43341875,687.75,6.433335834494936,0.35694193435348076,73.17796765654114,0.006128961234735729,0.26903553299492383,769.5,800.25,835.5000000000001
456,39.8267601,-71.43341875,687.75,6.734976996208699,0.35803473537126224,73.4026539679818,0.007562691738756642,0.26903553299492383,769.5,800.25,835.5000000000001
456,39.8267601,-71.43341875,687.75,6.973022047127187,0.3643160539395011,73.17719410661635,-0.001754065848959807,0.25888324873096447,769.5,800.25,835.5000000000001
456,39.8267601,-71.43341875,687.75,7.14084214460697,0.3720565695971119,72.50139847614717,-0.001786889945257115,0.2639593908629442,769.5,800.25,835.5000000000001
457,39.82671875,-71.43356467,687.75,7.515819620026461,0.3780436329239843,71.82579298380702,-0.0011662290912521627,0.25888324873096447,769.5,800.25,835.5000000000001
457,39.82671875,-71.43356467,687.75,7.730772906138852,0.3816881950889419,71.37563294178628,0.001506214790534275,0.24873096446700507,769.5,800.25,835.5000000000001
457,39.82671875,-71.43356467,687.75,7.640587145352158,0.3882171706355896,71.60117510755683,-0.008033268346777983,0.24873096446700507,769.5,800.25,835.5000000000001
457,39.82671875,-71.43356467,687.75,7.492987353426408,0.3979806008924787,72.50203324188746,-0.00727804537445617,0.23857868020304568,769.5,800.25,835.5000000000001
458,39.8266753,-71.43371325,687.75,7.507556489303105,0.40582544544907456,71.82604095373594,-0.003125114853628209,0.23857868020304568,769.5,800.25,835.5000000000001
458,39.8266753,-71.43371325,687.75,7.616980297044968,0.4084350624458518,72.72599895764026,-0.009683342502742978,0.24873096446700507,769.5,800.25,835.5000000000001
458,39.8266753,-71.43371325,687.75,7.583560636259286,0.40722049070042476,72.27581254034038,-0.00784576521596998,0.25380710659898476,769.5,800.25,835.5000000000001
458,39.8266753,-71.43371325,687.75,7.50291731382236,0.40422031386151225,70.92635777235824,-0.0016725239613459499,0.23857868020304568,769.5,800.25,835.5000000000001
458,39.8266753,-71.43371325,687.75,7.35564021040155,0.4017319368821392,71.3784467509527,0.0015985904375519506,0.23232323232323232,769.5,800.25,836.25
459,39.82663002,-71.43385333,687.75,7.269847921861285,0.40208441960467484,73.63034471808865,-0.006736261800324016,0.23737373737373738,769.5,800.25,836.25
459,39.82663002,-71.43385333,687.75,7.319406273189738,0.40518191171242957,75.2056126659404,-0.010403634504231646,0.23232323232323232,769.5,800.25,836.25
459,39.82663002,-71.43385333,687.75,7.308347614743272,0.40625263408406764,74.52932951322809,-0.009567506456816059,0.24242424242424243,769.5,800.25,836.25
459,39.82663002,-71.43385333,687.75,7.143643278873215,0.4055608826883675,72.95273313524713,-0.008216281971376992,0.23737373737373738,769.5,800.25,836.25
460,39.8265856,-71.43399162,687.75,6.928560071129363,0.4019036218584053,73.17769717295404,-0.0006167794700330843,0.23232323232323232,769.5,800.25,836.25
460,39.8265856,-71.43399162,687.75,6.7626625255697075,0.3988629379478215,73.85300858854137,-0.0014385535555894457,0.21717171717171718,769.5,800.25,836.25
460,39.8265856,-71.43399162,687.75,6.764176173176215,0.39902070865496175,73.17728210068074,-0.009462418099413061,0.20707070707070707,769.5,800.25,836.25
460,39.8265856,-71.43399162,687.75,6.879281197147498,0.3980771238233732,72.72732975043984,-0.011628693925201989,0.22727272727272727,769.5,800.25,836.25
461,39.82654637,-71.43413843,687.75,7.260396239373362,0.3923569812318001,71.37788417536377,-0.007021555128141612,0.23737373737373738,769.5,800.25,836.25
461,39.82654637,-71.43413843,687.75,7.644538095882495,0.3873099945267837,70.93013050198036,-0.005928181843720485,0.25252525252525254,769.5,800.25,836.25
461,39.82654637,-71.43413843,687.75,7.976477742311514,0.38717205247305747,72.28363756343715,-0.005324450321003201,0.2676767676767677,769.5,800.25,836.25
461,39.82654637,-71.43413843,687.75,7.965097132854407,0.3868467422864602,70.93561858004004,-0.006477104272083677,0.25757575757575757,769.5,800.25,836.25
462,39.8265019,-71.43428212,687.75,8.027127633732391,0.3853842365934737,72.5233534529577,-0.007233669679104703,0.26262626262626265,769.5,800.25,836.25
462,39.8265019,-71.43428212,687.75,7.789444736777132,0.383471022022582,71.18758812716948,-0.005074658364329046,0.2474747474747475,769.5,800.25,836.25
462,39.8265019,-71.43428212,687.75,7.417014183792999,0.3821277723097997,71.83007434374245,-0.009479385590705328,0.23232323232323232,769.5,800.25,836.25
462,39.8265019,-71.43428212,687.75,7.001015650839092,0.38129637584300013,72.04826966440312,-0.004628234396290725,0.23737373737373738,769.5,800.25,836.25
463,39.82645783,-71.43441923,687.75,6.846322796255194,0.3782970434700268,70.92136284709076,-0.016129619495045707,0.25252525252525254,769.5,800.25,836.25
463,39.82645783,-71.43441923,687.75,6.9182283017287105,0.37879418826740857,72.49886509791295,-0.014981306294082411,0.25252525252525254,769.5,800.25,836.25
463,39.82645783,-71.43441923,687.75,6.997970361839762,0.38383045178267794,72.04974178021013,-0.015746600933370134,0.25252525252525254,769.5,800.25,836.25
463,39.82645783,-71.43441923,687.75,6.773533378530338,0.38570466196704484,74.07680664625865,-0.007604768608879622,0.23737373737373738,769.5,800.25,836.25
464,39.82641605,-71.43455975,687.75,6.534684716231887,0.38315352994065105,73.62630512674124,-0.002629153757345778,0.22727272727272727,769.5,800.25,836.25
464,39.82641605,-71.43455975,687.75,6.477682949902186,0.3834145579277389,73.4007356023147,-0.004187416868563837,0.24242424242424243,769.5,800.25,836.25
464,39.82641605,-71.43455975,687.75,6.41105547587562,0.38377455117002984,71.82415944522216,-0.008813249845642664,0.26262626262626265,769.5,800.25,836.25
464,39.82641605,-71.43455975,687.75,6.261329741510708,0.38372092042726347,73.85077922283857,-0.006329914460578819,0.2676767676767677,769.5,800.25,836.25
464,39.82641605,-71.43455975,687.75,6.177495694023201,0.3822942637114884,72.0497432084067,-0.009839581282093363,0.2727272727272727,769.5,800.25,836.25
465,39.82637443,-71.43470245,687.75,6.13482112393482,0.3818577950416094,71.82469867946992,-0.010523607114501123,0.2676767676767677,769.5,800.25,836.25
465,39.82637443,-71.43470245,687.75,6.214936506969817,0.3821680612522238,73.85116086375207,-0.015577770308579262,0.25757575757575757,769.5,800.25,836.25
465,39.82637443,-71.43470245,687.75,6.180063163715276,0.38184779912727024,74.07654471422367,-0.008224916174027727,0.25252525252525254,769.5,800.25,836.25
465,39.82637443,-71.43470245,687.75,6.05747765837022,0.3811819753810758,73.40179868944863,-0.013353451923725836,0.25252525252525254,769.5,801.0,836.25
466,39.82632672,-71.43484207,687.75,6.007237859345954,0.38438881852454954,72.27702498539576,-0.013608027338589587,0.24242424242424243,769.5,801.0,836.25
466,39.82632672,-71.43484207,687.75,6.053670912526684,0.3887744852611056,73.40381322815678,-0.010441073730900039,0.24120603015075376,769.5,801.0,837.0000000000001
466,39.82632672,-71.43484207,687.75,6.002291138435024,0.38892510664296187,72.27839356646732,-0.010149849112437284,0.25125628140703515,769.5,801.0,837.0000000000001
466,39.82632672,-71.43484207,687.75,5.805345803647963,0.3892340659443123,72.2785369364512,-0.00797813420638969,0.24120603015075376,769.5,801.0,837.0000000000001
467,39.82628597,-71.43498938,687.75,5.6918442210440405,0.3933111614945601,72.05358831206816,-0.003157309202182376,0.22110552763819097,769.5,801.0,837.0000000000001
467,39.82628597,-71.43498938,687.75,5.866339026005398,0.3958514134921981,74.30588841656508,-0.007424098403760543,0.21608040201005024,769.5,801.0,837.0000000000001
467,39.82628597,-71.43498938,687.75,6.4285501232919735,0.39918044625280263,74.98218694127318,-0.021383817157994804,0.21608040201005024,769.5,801.0,837.0000000000001
467,39.82628597,-71.43498938,687.75,6.7177266200184835,0.4024537243079962,74.5326185291147,-0.024960141275142175,0.21608040201005024,769.5,801.0,837.0000000000001
468,39.82624053,-71.43512608,687.75,6.633140291795139,0.40584915846389735,72.95729078370015,-0.018209642059030376,0.22110552763819097,769.5,801.0,837.0000000000001
468,39.82624053,-71.43512608,687.75,7.005045403091626,0.41127365526407955,72.73293663677762,-0.013478266857805888,0.22110552763819097,769.5,801.0,837.0000000000001
468,39.82624053,-71.43512608,687.75,7.09174508972812,0.41128278164748133,73.40916304143872,-0.013849029605727979,0.22613065326633167,769.5,801.0,837.0000000000001
468,39.82624053,-71.43512608,687.75,6.947270172536118,0.407883284589226,74.98613897251997,-0.01124173146046428,0.23115577889447236,769.5,801.0,837.0000000000001
469,39.82619022,-71.43526163,687.75,6.7414155412703725,0.41041093652126565,74.3111806288228,-0.018294634159587347,0.20603015075376885,769.5,801.0,837.0000000000001
469,39.82619022,-71.43526163,687.75,6.976993821622487,0.41535852591602423,73.18533809979537,-0.013703807021929165,0.19597989949748743,769.5,801.0,837.0000000000001
469,39.82619022,-71.43526163,687.75,7.410191146895909,0.41692205377862096,73.86078776522555,-0.017167572718042975,0.21608040201005024,769.5,801.0,837.0000000000001
469,39.82619022,-71.43526163,687.75,7.20062320093323,0.41167640688948715,74.53639100050344,-0.019560742100091493,0.23115577889447236,769.5,801.0,837.0000000000001
469,39.82619022,-71.43526163,687.75,7.257651157131637,0.40676651422266463,73.86110124749389,-0.01457390276340687,0.25125628140703515,769.5,801.0,837.0000000000001
470,39.82614173,-71.43540243,687.75,7.235849085436278,0.4028645248597338,74.53687279337905,-0.015502815960627823,0.22613065326633167,769.5,801.0,837.0000000000001
470,39.82614173,-71.43540243,687.75,7.218855721899311,0.4028600391983725,74.98748548778198,-0.014359397551064265,0.24120603015075376,769.5,801.0,837.0000000000001
470,39.82614173,-71.43540243,687.75,7.258832003723689,0.4040742323806344,74.76265520437279,-0.016163171840303973,0.23115577889447236,769.5,801.0,837.0000000000001
470,39.82614173,-71.43540243,687.75,7.295039870742631,0.40744203970491716,73.63722315656324,-0.013549400085429297,0.24623115577889448,769.5,801.0,837.0000000000001
471,39.82609608,-71.43554015,687.75,7.253748017689206,0.4074287395243587,72.28613139518984,-0.014607088851911379,0.24120603015075376,769.5,801.0,837.0000000000001
471,39.82609608,-71.43554015,687.75,7.118653540864521,0.4042109989843502,72.96107306813695,-0.021114630113376866,0.23115577889447236,769.5,801.0,837.0000000000001
471,39.82609608,-71.43554015,687.75,6.770360385169663,0.4004438807669198,72.05971426997498,-0.017424270826865557,0.23618090452261306,769.5,801.0,837.0000000000001
471,39.82609608,-71.43554015,687.75,6.486565486317943,0.39421240990648626,73.18559099754455,-0.017304503554617153,0.23618090452261306,769.5,801.0,837.0000000000001
472,39.826052,-71.4356751,687.75,6.523239199123061,0.38916151048492353,72.73613225815451,-0.009426279667013917,0.24120603015075376,769.5,801.0,837.0000000000001
472,39.826052,-71.4356751,687.75,6.665400137945971,0.3873659981774726,73.63800366755042,-0.011759525166022144,0.23618090452261306,769.5,801.0,837.0000000000001
472,39.826052,-71.4356751,687.75,6.935667404323814,0.38876625307293616,73.18843239141512,-0.007639407385043283,0.24623115577889448,769.5,801.0,837.0000000000001
472,39.826052,-71.4356751,687.75,7.421449394517151,0.3902917805057639,72.51331093191969,-0.0037812961357552594,0.27638190954773867,769.5,801.0,837.0000000000001
473,39.82600733,-71.43581257,687.75,7.718482697077871,0.39152254310569357,71.16267223957544,-0.010067224539318033,0.2663316582914573,769.5,801.0,837.0000000000001
473,39.82600733,-71.43581257,687.75,7.717725109066658,0.38976065291408174,73.19021440027136,-0.0019141524056802831,0.24623115577889448,769.5,801.0,837.0000000000001
473,39.82600733,-71.43581257,687.75,7.418694935624183,0.3901055143077378,74.99318593089524,-0.009616088824220393,0.23115577889447236,769.5,801.0,837.0000000000001
473,39.82600733,-71.43581257,687.75,7.083219405954589,0.3892913525289585,75.44534545640217,-0.006887669921746442,0.22613065326633167,769.5,801.0,837.0000000000001
474,39.82596262,-71.43595192,687.75,6.989648662580152,0.3889790623529489,74.9963965954519,-0.0096085374822899,0.22613065326633167,769.5,801.0,837.0000000000001
474,39.82596262,-71.43595192,687.75,6.805292847460729,0.3885115482564146,73.19595929798493,-0.013849683234318698,0.22613065326633167,769.5,801.0,837.0000000000001
474,39.82596262,-71.43595192,688.5,6.575645620466109,0.3920613932958008,73.42210401366279,-0.0043112685393333445,0.2727272727272727,769.5,801.0,837.0000000000001
474,39.82596262,-71.43595192,688.5,6.580202384593341,0.3946814409025269,73.19847393879968,0.0015033653994145095,0.23737373737373738,769.5,801.0,837.0000000000001
475,39.82591562,-71.43609187,688.5,6.464415799313086,0.3901866008307336,73.65086988043234,-0.003953116745697274,0.2222222222222222,769.5,801.0,837.0000000000001
475,39.82591562,-71.43609187,688.5,6.513664294278054,0.3832788024603797,73.19674449434946,-0.008419991680807877,0.21717171717171718,769.5,801.0,837.0000000000001
475,39.82591562,-71.43609187,688.5,6.846197913267759,0.38424890978366616,74.12492789477189,-0.01095293283242067,0.21212121212121213,769.5,801.0,837.0000000000001
475,39.82591562,-71.43609187,688.5,7.272312743356938,0.389135077305547,74.73069090275222,-0.0071020611600893825,0.21717171717171718,769.5,801.0,837.0000000000001
476,39.82586758,-71.43622707,688.5,7.151950632140877,0.39245315081373744,73.82089495948144,0.0007398295567275367,0.22727272727272727,769.5,801.0,837.0000000000001
476,39.82586758,-71.43622707,688.5,6.478991259205255,0.39503160036189233,74.27158043447197,-0.0010793675170514003,0.21717171717171718,769.5,801.0,837.0000000000001
476,39.82586758,-71.43622707,688.5,6.048428432585225,0.39590062575558915,73.15036908605121,-0.006690449140595179,0.23737373737373738,769.5,801.0,837.0000000000001
476,39.82586758,-71.43622707,688.5,5.8861051516016945,0.39547625685560717,73.60792324884349,-0.007894686347106621,0.25252525252525254,769.5,801.0,837.0000000000001
477,39.82582457,-71.43636985,688.5,5.961993909727161,0.39475325037791703,74.73962926357318,-0.01186214020325491,0.2474747474747475,769.5,801.0,837.0000000000001
477,39.82582457,-71.43636985,688.5,6.241148144383213,0.3937737704202674,75.1919173341717,-0.007095641947412192,0.25757575757575757,769.5,801.0,837.0000000000001
477,39.82582457,-71.43636985,688.5,6.604924662322131,0.3940395344407223,74.7396769417439,-0.00636402898559698,0.2727272727272727,769.5,801.0,837.0000000000001
477,39.82582457,-71.43636985,688.5,6.646384715304478,0.39429101775315895,74.06152549034506,-0.007737031726482304,0.2474747474747475,769.5,801.0,837.0000000000001
478,39.82578157,-71.43650978,688.5,6.547702966290991,0.39490472500956203,74.06190882470969,-0.005779039515278027,0.2474747474747475,769.5,801.0,837.0000000000001
478,39.82578157,-71.43650978,688.5,6.3267612779989175,0.3926312579518776,74.51485068194663,-0.014067519829781173,0.23737373737373738,769.5,801.0,837.0000000000001
478,39.82578157,-71.43650978,688.5,6.402272184350004,0.387582493023959,74.29164603972285,-0.010748812679722391,0.21212121212121213,769.5,801.0,837.0000000000001
478,39.82578157,-71.43650978,688.5,6.499482955959437,0.3854345272950135,75.41768599367205,-0.006651152835450168,0.20202020202020202,769.5,801.0,837.0000000000001
478,39.82578157,-71.43650978,688.5,6.4357560389666775,0.3800403620405435,74.51508866585944,-0.004903875811367531,0.19696969696969696,769.5,801.0,837.0000000000001
479,39.82573652,-71.43665125,689.25,6.117249227266649,0.3747623445014981,74.73826206050983,-0.012526586015303215,0.19796954314720813,769.5,801.0,837.0000000000001
479,39.82573652,-71.43665125,689.25,5.900236606044867,0.3727346729801565,74.96473599243478,-0.01348726494726247,0.2182741116751269,769.5,801.0,837.0000000000001
479,39.82573652,-71.43665125,689.25,5.987707389739018,0.3740197871464259,74.96767300234474,-0.010197417045152767,0.20304568527918782,769.5,801.0,837.0000000000001
479,39.82573652,-71.43665125,689.25,6.138171360124856,0.3769720052068882,74.74419133285708,-0.011234406165555514,0.1919191919191919,769.5,801.0,837.75
480,39.82569845,-71.43679572,689.25,6.223062718490433,0.37975693495572177,73.61915836455536,-0.00820987748789988,0.18181818181818182,769.5,801.0,837.75
480,39.82569845,-71.43679572,689.25,6.159709579903806,0.3792871474878611,74.07006944778064,-0.008351434797336453,0.20202020202020202,769.5,801.0,837.75
480,39.82569845,-71.43679572,689.25,6.442818513478683,0.3790303441676582,73.39510024379786,-0.006080521798469309,0.18686868686868688,769.5,801.0,837.75
480,39.82569845,-71.43679572,689.25,6.612518893147346,0.38142366711164777,73.62101054087516,-0.009422113408360196,0.20707070707070707,769.5,801.0,837.75
481,39.82565458,-71.43693898,689.25,6.945973651443391,0.3820475453211338,73.84684404502815,-0.00660644175617177,0.21212121212121213,769.5,801.0,837.75
481,39.82565458,-71.43693898,689.25,7.268539882927365,0.37909969027635604,75.42393144565311,-0.005599747331172376,0.22727272727272727,769.5,801.0,837.75
481,39.82565458,-71.43693898,689.25,7.303666313873679,0.3774611501704364,72.72299331905923,0.001020355086397874,0.2676767676767677,769.5,801.0,837.75
481,39.82565458,-71.43693898,689.25,6.932644151129658,0.37312186778599066,73.62448450137404,-0.0005963492058834516,0.26262626262626265,769.5,801.0,837.75
482,39.82561493,-71.43708483,689.25,6.527299433284992,0.3700113981870889,74.3001502601594,-0.003708775625262651,0.2878787878787879,769.5,801.0,837.75
482,39.82561493,-71.43708483,689.25,6.395540684480864,0.36932488802670627,75.42581435100718,0.00012020931805497506,0.2878787878787879,769.5,801.0,837.75
482,39.82561493,-71.43708483,689.25,6.1828283801331425,0.36522775862768847,75.42610435005373,-0.0014241067127136412,0.2828282828282828,769.5,801.0,837.75
482,39.82561493,-71.43708483,689.25,5.834114186142438,0.3571806741377292,72.50007529750552,-0.009313749524969843,0.2676767676767677,769.5,801.0,837.75
483,39.82557222,-71.43722792,690.0,6.009606739539745,0.35417587438100623,72.2764431556437,-0.0054119557406345055,0.2639593908629442,769.5,801.0,837.75
483,39.82557222,-71.43722792,690.0,6.568236422736978,0.3556072362155493,73.17809700359075,-0.009601281501395895,0.2639593908629442,769.5,801.0,837.75
483,39.82557222,-71.43722792,690.0,6.842147694373753,0.3617225138507988,72.27748655614019,-0.007596748892408238,0.25380710659898476,769.5,801.0,837.75
483,39.82557222,-71.43722792,690.0,6.589340747894323,0.3685727046265128,70.92598352097178,-0.0049167853853453744,0.23857868020304568,769.5,801.0,837.75
483,39.82557222,-71.43722792,690.0,6.393948119941582,0.37214588223484263,71.60175171756671,-0.00932633399903416,0.24873096446700507,769.5,801.0,837.75
484,39.82552588,-71.43736807,690.0,6.884986260904612,0.37228608594426627,72.5032084000995,-0.006082533457426113,0.2436548223350254,769.5,801.0,837.75
484,39.82552588,-71.43736807,690.0,7.425410419064907,0.3736558221555208,72.95411965546423,-0.006185843216198902,0.25380710659898476,769.5,801.0,837.75
484,39.82552588,-71.43736807,690.0,7.314629968572982,0.37280805628297925,73.17905133289815,-0.0010184784112729503,0.2639593908629442,769.5,801.0,837.75
484,39.82552588,-71.43736807,690.0,6.569430987533105,0.3716400067694578,72.27762254453259,-0.0005387875566642116,0.2639593908629442,769.5,801.0,837.75
485,39.8254868,-71.43751592,690.0,6.121583203289675,0.3688973456241669,72.50227817293984,0.004406513275214216,0.25888324873096447,769.5,801.0,837.75
485,39.8254868,-71.43751592,690.0,5.989824384383114,0.36429725623622805,72.27714181921748,-0.0004137991537218556,0.24873096446700507,769.5,801.0,837.75
485,39.8254868,-71.43751592,690.0,6.331732820893236,0.3638338133392977,70.92669824763361,-0.00333449710645203,0.2436548223350254,769.5,801.0,837.75
485,39.8254868,-71.43751592,690.0,6.662353543816364,0.36801662065764157,73.40451963842531,-0.008868195327126432,0.25380710659898476,769.5,801.0,837.75
486,39.82544562,-71.43766003,690.75,6.877649170823628,0.3724959949814637,74.30611442266138,-0.004099971922461421,0.23469387755102042,769.5,801.0,837.75
486,39.82544562,-71.43766003,690.75,6.9829187460264395,0.372064294417838,74.75732725008766,-0.006240486293923357,0.20918367346938777,769.5,801.0,837.75
486,39.82544562,-71.43766003,690.75,7.072238484491471,0.3659536632249954,74.532827755062,-0.004452636370867375,0.22959183673469388,769.5,801.0,837.75
486,39.82544562,-71.43766003,690.75,7.334706675645531,0.3650009471300877,73.63420646051156,0.0027690871811812024,0.233502538071066,769.5,801.0,838.5000000000001
487,39.82540453,-71.43780362,690.75,7.589265286689453,0.37083301992724776,74.76604136227715,-0.001928528324558203,0.22842639593908629,769.5,801.0,838.5000000000001
487,39.82540453,-71.43780362,690.75,8.07925490035309,0.3806227518341707,73.65917473403739,-0.005248249455869388,0.23857868020304568,770.2499999999999,801.0,838.5000000000001
487,39.82540453,-71.43780362,690.75,8.24052721035397,0.39014593193712566,72.86556126371902,-0.013909406544795635,0.2436548223350254,770.2499999999999,801.0,838.5000000000001
487,39.82540453,-71.43780362,690.75,8.0937992719462,0.39273387483497607,72.93043762535123,-0.014666474822306838,0.22842639593908629,770.2499999999999,801.0,838.5000000000001
487,39.82540453,-71.43780362,690.75,7.759752297434826,0.3914265145593674,71.81448174861603,-0.015304670889212592,0.22842639593908629,770.2499999999999,801.0,838.5000000000001
488,39.8253661,-71.43794933,690.75,7.418206294262095,0.3874741839632759,72.72073692607353,-0.011604246011976599,0.2182741116751269,770.2499999999999,801.0,838.5000000000001
488,39.8253661,-71.43794933,690.75,7.061687725043504,0.3871235992869428,72.2740419461974,-0.01953557830680341,0.22842639593908629,770.2499999999999,801.0,838.5000000000001
488,39.8253661,-71.43794933,690.75,6.936721487015491,0.3929907224766956,71.82593160547123,-0.013948208437654512,0.2131979695431472,770.2499999999999,801.0,838.5000000000001
488,39.8253661,-71.43794933,690.75,7.265740176226036,0.40415035808722904,72.05190020908044,-0.013091502490406796,0.2233502538071066,770.2499999999999,801.0,838.5000000000001
489,39.82531988,-71.4380875,690.75,7.4873176033674955,0.4087433793423092,70.92555917283319,-0.018256647361923974,0.25380710659898476,770.2499999999999,801.0,838.5000000000001
489,39.82531988,-71.4380875,690.75,7.848969409631392,0.4130138431709527,71.82555100381575,-0.010786490672921936,0.27918781725888325,770.2499999999999,801.0,838.5000000000001
489,39.82531988,-71.4380875,690.75,7.7627744948743045,0.4150682981245451,71.60016471090708,-0.01019907954899885,0.29949238578680204,770.2499999999999,801.75,838.5000000000001
489,39.82531988,-71.4380875,690.75,7.415333715216412,0.4152425904790108,71.15018180217177,-0.01523833746306994,0.29441624365482233,770.2499999999999,801.75,838.5000000000001
490,39.82527197,-71.43822685,690.75,7.099825850574349,0.4137394498138077,70.70015579165597,-0.02111362305288478,0.3147208121827411,770.2499999999999,801.75,838.5000000000001
490,39.82527197,-71.43822685,690.75,7.056993319317406,0.41396720441012463,70.70009657093787,-0.02001996204955729,0.3096446700507614,770.2499999999999,801.75,838.5000000000001
490,39.82527197,-71.43822685,690.75,7.248656221547731,0.4146573132469137,70.69987732812845,-0.0192073426376975,0.3096446700507614,770.2499999999999,801.75,838.5000000000001
490,39.82527197,-71.43822685,690.75,7.430405217730321,0.41238453198734,69.79915798180136,-0.021138185816540204,0.28426395939086296,770.2499999999999,801.75,838.5000000000001
491,39.82522117,-71.43836503,690.75,7.600133596226689,0.40695653534915566,70.02438076979861,-0.023704946152637792,0.2639593908629442,770.2499999999999,801.75,838.5000000000001
491,39.82522117,-71.43836503,690.75,7.831012693157993,0.40172423814385305,71.60073031906568,-0.021964089216606086,0.2639593908629442,770.2499999999999,801.75,838.5000000000001
491,39.82522117,-71.43836503,690.75,8.054666218162104,0.39824902001234735,70.47509776649244,-0.01763604852844416,0.24873096446700507,770.2499999999999,801.75,838.5000000000001
491,39.82522117,-71.43836503,690.75,8.123966077912511,0.3982317463026622,71.82658318036475,-0.018605438564352452,0.2436548223350254,770.2499999999999,801.75,838.5000000000001
492,39.8251754,-71.43850527,690.75,8.278170110071331,0.3988383238148213,71.15133216164956,-0.022885873496696036,0.25888324873096447,770.2499999999999,801.75,838.5000000000001
492,39.8251754,-71.43850527,690.75,8.28948459998907,0.40031254773716063,70.02530357833567,-0.026100766610362796,0.2639593908629442,770.2499999999999,801.75,838.5000000000001
492,39.8251754,-71.43850527,690.75,8.138032471096436,0.40314599778455096,68.89896612424423,-0.02352527859045671,0.27411167512690354,770.2499999999999,804.75,838.5000000000001
492,39.8251754,-71.43850527,690.75,8.169191868888912,0.40525927135190476,69.34899266141089,-0.0253206297767497,0.25888324873096447,770.2499999999999,804.75,838.5000000000001
492,39.8251754,-71.43850527,690.75,8.117565091816267,0.4059784623673737,69.57443301767414,-0.02361541890440472,0.25380710659898476,770.2499999999999,804.75,838.5000000000001
493,39.82512628,-71.43864787,690.75,8.037083235383582,0.4094527440815763,70.02525294282258,-0.01857313899396205,0.25888324873096447,770.2499999999999,804.75,838.5000000000001
493,39.82512628,-71.43864787,690.75,7.853629994803402,0.4135964560840985,70.92611822968186,-0.01244490783288293,0.2436548223350254,770.2499999999999,804.75,838.5000000000001
493,39.82512628,-71.43864787,690.75,7.4842757532642,0.4159656148368091,70.25049575658186,-0.012978002877367641,0.233502538071066,770.2499999999999,804.75,838.5000000000001
493,39.82512628,-71.43864787,690.75,7.186933040320367,0.41979361546527927,69.34954097895331,-0.01157775717143874,0.233502538071066,770.2499999999999,804.75,838.5000000000001
494,39.82508622,-71.43878787,690.75,7.461303486031964,0.42285406516672,72.05160191829282,-0.011290128148404303,0.2436548223350254,770.2499999999999,804.75,838.5000000000001
494,39.82508622,-71.43878787,690.75,7.756811047043699,0.4219109867616738,71.82622455356089,-0.01342791592899696,0.2233502538071066,770.2499999999999,804.75,838.5000000000001
494,39.82508622,-71.43878787,690.75,7.496418239711616,0.41553627712697727,72.49994124145164,-0.011611487912648195,0.20304568527918782,770.2499999999999,804.75,838.5000000000001
494,39.82508622,-71.43878787,690.75,7.359456515290012,0.41223453227917084,72.49738711838826,-0.011443586824111427,0.233502538071066,770.2499999999999,804.75,838.5000000000001
495,39.82504757,-71.43892933,690.75,7.413535653498886,0.4112371941892648,73.3964627042214,-0.017895390305371,0.24873096446700507,770.2499999999999,804.75,838.5000000000001
495,39.82504757,-71.43892933,690.75,7.551009678031326,0.40980625703167667,73.39599581004215,-0.017777265704079174,0.2436548223350254,770.2499999999999,804.75,838.5000000000001
495,39.82504757,-71.43892933,690.75,7.396117888211772,0.40402068161636245,72.49513081850502,-0.019687310286738535,0.2436548223350254,770.2499999999999,804.75,838.5000000000001
495,39.82504757,-71.43892933,690.75,7.1249394737534395,0.3956365268091322,71.59439249864462,-0.008674146202504859,0.2639593908629442,770.2499999999999,804.75,838.5000000000001
496,39.82500968,-71.43906943,690.75,7.346264716241924,0.38974596058465905,72.72091712496058,-0.010915878234065915,0.2639593908629442,770.2499999999999,804.75,838.5000000000001
496,39.82500968,-71.43906943,690.75,7.342814186324456,0.3886365162512107,71.82153415718003,-0.01919587981983612,0.26903553299492383,770.2499999999999,804.75,838.5000000000001
496,39.82500968,-71.43906943,690.75,7.390895244768094,0.39049883990626855,72.94837974850147,-0.01172301390571083,0.25380710659898476,770.2499999999999,804.75,838.5000000000001
496,39.82500968,-71.43906943,690.75,7.561736218193879,0.3886262490395979,71.37270943160748,-0.006915137162835579,0.25888324873096447,770.2499999999999,804.75,838.5000000000001
497,39.8249709,-71.43921117,690.75,7.430994544565275,0.3868243719977935,72.04765732773275,-0.00600007472138614,0.2893401015228426,770.2499999999999,804.75,838.5000000000001
497,39.8249709,-71.43921117,690.75,7.2808496307533925,0.38545982959273634,72.27014713847409,-0.007101843747148818,0.28426395939086296,770.2499999999999,804.75,838.5000000000001
497,39.8249709,-71.43921117,690.75,7.22126163803297,0.3844197054878246,71.60864295475893,-0.010945576638436181,0.28426395939086296,770.2499999999999,804.75,838.5000000000001
497,39.8249709,-71.43921117,691.5,7.263748931050333,0.38395024036146524,71.41191711907078,-0.00820310963409618,0.2602040816326531,770.2499999999999,804.75,838.5000000000001
498,39.8249334,-71.4393537,691.5,7.084258864627322,0.38465949427397056,71.63306062654219,-0.01579913112415542,0.2755102040816326,770.2499999999999,804.75,838.5000000000001
498,39.8249334,-71.4393537,691.5,7.046815344674333,0.3837029661691146,71.842733301066,-0.013457371246786132,0.2602040816326531,770.2499999999999,804.75,838.5000000000001
498,39.8249334,-71.4393537,691.5,7.323420912935506,0.3847200570125699,72.74032421008206,-0.009979371343625337,0.24489795918367346,770.2499999999999,804.75,838.5000000000001
498,39.8249334,-71.4393537,691.5,7.516383857949572,0.3871273063561805,72.96395820138127,-0.0060374472538545386,0.22959183673469388,770.2499999999999,804.75,838.5000000000001
499,39.82489217,-71.43949493,691.5,7.346718507322519,0.3880316467861342,73.86351146597535,-0.006870493028910772,0.23979591836734693,770.2499999999999,804.75,838.5000000000001
499,39.82489217,-71.43949493,691.5,7.118556123013177,0.3867380324481167,72.5111540839146,-0.0037943927242547735,0.22448979591836735,770.2499999999999,804.75,838.5000000000001
499,39.82489217,-71.43949493,691.5,7.2731732368675175,0.3834842532333629,72.50928202552993,-0.006715050511304895,0.22448979591836735,770.2499999999999,804.75,838.5000000000001
499,39.82489217,-71.43949493,691.5,7.353496580399119,0.3811796930279715,72.05670020659886,-0.005016411956998933,0.22842639593908629,770.2499999999999,804.75,839.25
500,39.82484865,-71.43963227,691.5,7.427785850097222,0.3801152413388708,73.63044495347611,-0.0015877800120556213,0.2436548223350254,770.2499999999999,804.75,839.25
500,39.82484865,-71.43963227,691.5,7.591689584391739,0.38227064213241646,72.95321480739648,-0.003752534143795083,0.2233502538071066,770.2499999999999,804.75,839.25
500,39.82484865,-71.43963227,691.5,8.010298769887807,0.3838267161114384,72.0525883830705,-0.007233610634480012,0.23857868020304568,770.2499999999999,804.75,839.25
500,39.82484865,-71.43963227,691.5,7.791459198487597,0.38358655790258933,72.50338881137387,-0.008351561541373403,0.2233502538071066,770.2499999999999,804.75,839.25
501,39.82480747,-71.43977495,691.5,7.131530448011119,0.37833097827055345,72.0527238106797,-0.01226429925272908,0.2233502538071066,770.2499999999999,804.75,839.25
501,39.82480747,-71.43977495,691.5,6.569604929947147,0.3736827203713878,72.5031690919607,-0.002789308940323155,0.2131979695431472,770.2499999999999,804.75,839.25
501,39.82480747,-71.43977495,691.5,6.552860963771825,0.37137387041343134,73.40494227603926,-0.0015737092412063433,0.2233502538071066,770.2499999999999,804.75,839.25
501,39.82480747,-71.43977495,691.5,7.298994453835976,0.3714104801351391,73.85515129361484,-0.004011255451538803,0.20304568527918782,770.2499999999999,804.75,839.25
502,39.82477017,-71.43991353,691.5,7.912696535595089,0.37298892615562934,72.27402589095641,-0.007130398192316134,0.18781725888324874,770.2499999999999,804.75,839.25
502,39.82477017,-71.43991353,691.5,7.5771231146225615,0.370986745877703,73.61607275423596,-0.012595961968390659,0.233502538071066,770.2499999999999,804.75,839.25
502,39.82477017,-71.43991353,691.5,7.013036962995782,0.3659338863641546,73.83932340691149,-0.010405368718432154,0.233502538071066,770.2499999999999,804.75,839.25
502,39.82477017,-71.43991353,691.5,6.659645475625297,0.36597745413326616,72.94479531730804,-0.0023802858859517423,0.2436548223350254,771.0,804.75,839.25
502,39.82477017,-71.43991353,691.5,6.619531022476086,0.37309647901725224,73.85102954191696,-7.79609853108553e-05,0.2639593908629442,771.0,804.75,839.25
503,39.8247335,-71.44006102,691.5,6.575501164125793,0.3787737062285545,74.52804797428901,-0.010353207440658497,0.25380710659898476,771.0,804.75,839.25
503,39.8247335,-71.44006102,691.5,6.3919314152885764,0.38334926130137487,73.62545345015033,-0.008230041004737414,0.25380710659898476,771.0,804.75,839.25
503,39.8247335,-71.44006102,691.5,6.3825788108703305,0.38657252590754626,74.07365105606885,0.006102488743391987,0.25888324873096447,771.0,805.5,839.25
503,39.8247335,-71.44006102,691.5,6.452437880827461,0.39031747641939185,73.62207814355574,-0.003370501949926449,0.2436548223350254,771.0,805.5,839.25
504,39.82469765,-71.44020813,691.5,6.505566967717556,0.39163494021786965,74.29745490951895,-0.007107699184516726,0.22842639593908629,771.0,805.5,839.25
504,39.82469765,-71.44020813,691.5,6.646012530828738,0.3905491842221913,72.72223788040708,-0.0067723413493170305,0.233502538071066,771.0,805.5,839.25
504,39.82469765,-71.44020813,691.5,6.542034503016289,0.3861830343207796,73.39826867552031,-0.005122025547564425,0.2436548223350254,771.0,805.5,839.25
504,39.82469765,-71.44020813,691.5,6.316775222653548,0.38361809316210255,73.84842071343425,-0.009321769051002191,0.25380710659898476,771.0,805.5,839.25
505,39.82465783,-71.44035232,691.5,6.382923557959108,0.38285283221323413,74.74916575076776,-0.01649456033374811,0.25888324873096447,771.0,805.5,839.25
505,39.82465783,-71.44035232,691.5,6.812390704841384,0.381774961671125,74.29880770644253,-0.006814327098360395,0.2639593908629442,771.0,805.5,839.25
505,39.82465783,-71.44035232,691.5,7.354022972449782,0.3769265855017335,73.17294632549442,-0.0077521635189604175,0.27918781725888325,771.0,805.5,839.25
505,39.82465783,-71.44035232,691.5,7.5359423303148185,0.3778970018744097,72.72299366098528,-0.002748725878977959,0.27918781725888325,771.0,805.5,839.25
506,39.8246107,-71.44049083,691.5,7.435555169850202,0.3794894002048455,74.29988959435354,-0.0030935170831645625,0.25888324873096447,771.0,805.5,839.25
506,39.8246107,-71.44049083,691.5,7.558112022559534,0.3806222892317418,74.75057782679907,-0.009515184772573298,0.2639593908629442,771.0,805.5,839.25
506,39.8246107,-71.44049083,691.5,7.680635965108777,0.38249459086222853,74.07475629116455,-0.0129638096751003,0.233502538071066,771.0,805.5,839.25
506,39.8246107,-71.44049083,691.5,7.3087923452273,0.38697955010724483,74.07404668844597,-0.006382949469725215,0.22842639593908629,771.0,805.5,839.25
507,39.82457018,-71.44063387,691.5,7.059146280721588,0.3925028920175805,73.62370098323245,-0.007545711343127535,0.23857868020304568,771.0,805.5,839.25
507,39.82457018,-71.44063387,691.5,7.404785456128644,0.3984178135621558,73.6246508635602,-0.006115734478133,0.2436548223350254,771.0,805.5,839.25
507,39.82457018,-71.44063387,691.5,7.857472138944467,0.4037408481396375,74.97648345722381,-0.007626533264687215,0.2233502538071066,771.0,805.5,839.25
507,39.82457018,-71.44063387,691.5,7.93805244942263,0.40908912049479446,74.7516072858998,-0.0073493072817893195,0.2182741116751269,771.0,805.5,839.25
507,39.82457018,-71.44063387,691.5,8.072232364755084,0.4096951107049743,75.42757529118538,0.00043573854925280006,0.23857868020304568,771.0,805.5,839.25
508,39.82452692,-71.44077395,691.5,8.267610017648328,0.4086308656942656,75.42877590715644,-0.0036722542609760934,0.24873096446700507,771.0,805.5,839.25
508,39.82452692,-71.44077395,691.5,8.477668621537092,0.40996366819282276,75.20523818201514,-0.00487378703868651,0.2436548223350254,771.0,805.5,839.25
508,39.82452692,-71.44077395,691.5,8.489689710305111,0.4101508461476019,74.53118747573993,-0.0009656528149110548,0.23857868020304568,771.0,805.5,839.25
508,39.82452692,-71.44077395,691.5,8.434899168179236,0.4096451482135924,74.75747748535038,-0.005690519068528349,0.2436548223350254,771.0,806.25,839.25
509,39.8244793,-71.44091587,691.5,8.543648255142408,0.40756609178893066,73.85742573732523,-0.003334879654651316,0.27918781725888325,771.0,806.25,839.25
509,39.8244793,-71.44091587,691.5,8.535054198417324,0.40320333249098433,72.95668794895683,-0.008437416851879303,0.2893401015228426,771.0,806.25,839.25
509,39.8244793,-71.44091587,691.5,8.341220789370565,0.4031675777567631,74.53228427776716,-0.0023458669059627075,0.25888324873096447,771.0,806.25,839.25
509,39.8244793,-71.44091587,691.5,7.89191164150354,0.40434589825395373,75.65716658452183,-0.001232495506804067,0.28426395939086296,771.0,806.25,839.25
510,39.82443442,-71.4410618,691.5,7.519660363075021,0.3995691287693724,74.30602342393298,-0.004271949480616633,0.25888324873096447,771.0,806.25,839.25
510,39.82443442,-71.4410618,691.5,7.742019067856489,0.39612832844032053,75.65839972252567,-0.0018355743538274118,0.2639593908629442,771.0,806.25,839.25
510,39.82443442,-71.4410618,691.5,7.912860789835107,0.3963648656236654,74.30901163179227,-0.006130196446430075,0.2639593908629442,771.0,806.25,839.25
510,39.82443442,-71.4410618,691.5,7.958983591050364,0.4005428221563789,74.08483629041186,-0.0069758885596972915,0.24873096446700507,771.0,806.25,839.25
511,39.82438768,-71.44120322,691.5,8.033557919850544,0.40156415384953575,75.21059150378271,-0.0038978532050269314,0.27411167512690354,771.0,806.25,839.25
511,39.82438768,-71.44120322,691.5,8.33374333021516,0.4021753011435441,75.20958145467985,-0.00558168466205276,0.27918781725888325,771.0,806.25,839.25
511,39.82438768,-71.44120322,691.5,8.349671888709711,0.3996385811768149,75.88435797732633,-0.009209638769599796,0.28426395939086296,771.0,806.25,839.25
511,39.82438768,-71.44120322,691.5,8.283998970375102,0.39739074959951626,75.65920665760572,-0.007664149843726867,0.2639593908629442,771.0,806.25,839.25
511,39.82438768,-71.44120322,691.5,8.724243159002397,0.3955579712435139,76.56059931676334,-0.008634756374441556,0.2639593908629442,771.0,806.25,839.25
512,39.82434708,-71.44134872,691.5,9.378863743733687,0.39398689174285184,76.56137028426684,-0.00798330159785883,0.25380710659898476,771.0,806.25,839.25
512,39.82434708,-71.44134872,691.5,9.692858268398426,0.39122769424394993,74.3103809211832,-0.015546572689896752,0.25380710659898476,771.0,806.25,839.25
512,39.82434708,-71.44134872,691.5,9.402177687789576,0.3903328058128292,74.31198299260384,-0.01480298853615203,0.25380710659898476,771.0,806.25,839.25
512,39.82434708,-71.44134872,691.5,9.00106571331184,0.3885145527575661,74.76562032683431,-0.014414845174793883,0.27411167512690354,771.0,806.25,839.25
513,39.82430122,-71.44148758,691.5,8.878191753649734,0.38851029057929237,73.6461767872579,-0.002770514734237766,0.2639593908629442,771.0,806.25,839.25
513,39.82430122,-71.44148758,691.5,8.724253030178929,0.3892593253576413,74.3362852852958,-0.004323087612335052,0.233502538071066,771.0,806.25,839.25
513,39.82430122,-71.44148758,691.5,8.439935118060697,0.3927529631312315,75.16497283045452,-0.003819611957589407,0.23857868020304568,771.0,806.25,839.25
513,39.82430122,-71.44148758,691.5,8.840265163726288,0.3960679325719803,75.21473140420063,-0.01010681275641253,0.23857868020304568,771.0,806.25,839.25
514,39.82426092,-71.44163728,691.5,8.908637864282428,0.39634923102850445,74.52949358794325,-0.018792531693234946,0.24873096446700507,771.0,806.25,839.25
514,39.82426092,-71.44163728,691.5,8.651891751872482,0.39430716133410504,74.95461579502123,-0.008506933430559097,0.24873096446700507,771.0,806.25,839.25
514,39.82426092,-71.44163728,691.5,8.524813058558044,0.39614512049532496,76.53396405808388,-0.014337176005644447,0.24873096446700507,771.0,806.25,839.25
514,39.82426092,-71.44163728,692.25,8.496636790179178,0.39989888990283995,74.39240191979344,-0.01683030153115289,0.2639593908629442,771.0,806.25,840.0000000000001
515,39.8242212,-71.44178508,692.25,8.791211869875927,0.40242526714380716,73.33518941387105,-0.014122993428434994,0.27918781725888325,771.0,806.25,840.0000000000001
515,39.8242212,-71.44178508,692.25,9.196975746426627,0.4043654206271259,72.41176775501951,-0.0045966224961097625,0.26903553299492383,771.0,806.25,840.0000000000001
515,39.8242212,-71.44178508,692.25,9.246008014966797,0.40845310810565305,73.57603396871482,-0.007160524507170763,0.23857868020304568,771.0,806.25,840.0000000000001
515,39.8242212,-71.44178508,692.25,9.035312326172251,0.415378476567398,74.78876822670446,-0.004949555109752588,0.2436548223350254,771.0,806.25,840.0000000000001
516,39.82418202,-71.44192875,692.25,8.890600233174222,0.4227616805811577,75.0028872583046,-0.008846202449777723,0.25888324873096447,771.0,806.25,840.0000000000001
516,39.82418202,-71.44192875,692.25,8.973857594854406,0.4239753578991461,75.89562799267101,-0.011227470827065444,0.2639593908629442,771.7499999999999,806.25,840.0000000000001
516,39.82418202,-71.44192875,692.25,9.461253334714536,0.4242014883619877,75.66285609344041,-0.01211430923961107,0.26903553299492383,771.7499999999999,806.25,840.0000000000001
516,39.82418202,-71.44192875,692.25,10.14579674198751,0.42469274274635443,75.88059445914082,-0.011041816830861388,0.25888324873096447,771.7499999999999,806.25,840.0000000000001
516,39.82418202,-71.44192875,692.25,10.770936562274171,0.4265094553806438,74.9731274956753,-0.006187390101364323,0.27918781725888325,771.7499999999999,806.25,840.0000000000001
517,39.82413655,-71.44207165,692.25,11.142898089767483,0.42706186191084045,75.41529861326435,-0.012615658075664133,0.3248730964467005,771.7499999999999,806.25,840.0000000000001
517,39.82413655,-71.44207165,692.25,11.208239758308595,0.42723261717298144,74.76231357003392,-0.00611550543939878,0.3248730964467005,771.7499999999999,806.25,840.0000000000001
517,39.82413655,-71.44207165,692.25,10.695016937698897,0.4268428461791996,75.80908026571261,-0.0048715148640714355,0.3147208121827411,771.7499999999999,806.25,840.0000000000001
517,39.82413655,-71.44207165,692.25,9.771301919592377,0.4313964853252911,74.99246910320343,-0.007499568570934704,0.29441624365482233,771.7499999999999,806.25,840.0000000000001
518,39.82408882,-71.44221215,692.25,8.741490135082689,0.43417813596959476,74.5893750790699,-0.01195572859599388,0.27411167512690354,771.7499999999999,806.25,840.0000000000001
518,39.82408882,-71.44221215,693.0,8.18711222031789,0.4351481689989904,74.24549629858902,-0.01695478107191054,0.27040816326530615,771.7499999999999,806.25,840.0000000000001
518,39.82408882,-71.44221215,693.0,7.536814454223058,0.42930423878406243,73.83144010479403,-0.010719562110783353,0.29591836734693877,771.7499999999999,806.25,840.0000000000001
518,39.82408882,-71.44221215,693.0,7.1923688174669484,0.4192414550896303,72.70839949518844,-0.0100958404982076,0.3112244897959184,771.7499999999999,806.25,840.0000000000001
519,39.82403912,-71.44236158,693.0,7.243337815419149,0.4148022969044205,72.93103966999384,-0.00379907668691023,0.30612244897959184,771.7499999999999,806.25,840.0000000000001
519,39.82403912,-71.44236158,693.0,7.6655847360866325,0.41832649150849055,72.93173514128327,-0.0026261139146289444,0.30612244897959184,771.7499999999999,806.25,840.0000000000001
519,39.82403912,-71.44236158,693.0,8.24519949204294,0.42397221592333245,73.61248652537324,-0.0039486949439125115,0.30612244897959184,771.7499999999999,806.25,840.0000000000001
519,39.82403912,-71.44236158,693.0,8.54565267678988,0.42569065741611467,73.61669567840872,-0.001286332442841478,0.3010204081632653,771.7499999999999,806.25,840.0000000000001
520,39.823996,-71.44250125,693.0,8.738855730701747,0.4273728178721732,74.74844823675689,-0.0013629392929313516,0.3010204081632653,771.7499999999999,806.25,840.0000000000001
520,39.823996,-71.44250125,693.0,8.91369214312879,0.43081175752465334,72.27811234919025,-0.004205987398820857,0.29591836734693877,771.7499999999999,806.25,840.0000000000001
520,39.823996,-71.44250125,693.0,9.437708443241243,0.43132236379834343,73.40828086694232,-0.006597527294154042,0.3112244897959184,771.7499999999999,806.25,840.0000000000001
520,39.823996,-71.44250125,693.0,9.966261902043316,0.4311782409169959,73.6362204330985,-0.0005749345882775324,0.29081632653061223,771.7499999999999,806.25,840.0000000000001
520,39.823996,-71.44250125,693.0,10.010040374666426,0.4345689091514326,74.31370517150246,0.001621223804026045,0.2755102040816326,771.7499999999999,806.25,840.0000000000001
521,39.82395243,-71.44264647,693.0,9.36418097822032,0.4377821004216544,74.31494170690999,-0.0012222119740676446,0.25510204081632654,771.7499999999999,806.25,840.0000000000001
521,39.82395243,-71.44264647,693.0,8.757187969119023,0.4342988990230278,72.51365652981237,-0.0025429828497035315,0.23979591836734693,771.7499999999999,806.25,840.0000000000001
521,39.82395243,-71.44264647,693.0,8.523422996228968,0.42802244536105755,72.06249717269387,0.006827559716224474,0.25,771.7499999999999,806.25,840.0000000000001
521,39.82395243,-71.44264647,693.0,8.852143751687283,0.42623884224379793,72.51155692816306,0.007894985804667274,0.23979591836734693,771.7499999999999,806.25,840.0000000000001
522,39.82391258,-71.44278953,693.0,8.976911029926232,0.4294828917779967,73.6364106708563,-0.0021397451281881617,0.23469387755102042,771.7499999999999,806.25,840.0000000000001
522,39.82391258,-71.44278953,693.0,8.098322261921998,0.4296702872911174,73.18644347002461,-0.004780714238151095,0.24489795918367346,771.7499999999999,806.25,840.0000000000001
522,39.82391258,-71.44278953,693.0,8.349326347661409,0.4289537718646588,72.96318014735013,-0.00033719874908537037,0.2602040816326531,771.7499999999999,806.25,840.0000000000001
522,39.82391258,-71.44278953,693.0,8.323959392793618,0.4259363039918874,72.73945243805143,0.005706562319320603,0.25,771.7499999999999,806.25,840.0000000000001
523,39.823868,-71.44293413,693.0,8.125797601690575,0.42309757608292725,74.76639461385714,0.0030201150568675596,0.23979591836734693,771.7499999999999,806.25,840.0000000000001
523,39.823868,-71.44293413,693.0,7.9985527407640165,0.4216641868657783,73.86535704604043,-0.000699514496907055,0.23469387755102042,771.7499999999999,806.25,840.0000000000001
523,39.823868,-71.44293413,693.0,7.326508992996045,0.41979015539916187,72.51400314682562,-0.006790824789310426,0.2653061224489796,771.7499999999999,803.25,840.0000000000001
523,39.823868,-71.44293413,693.75,7.855715023426447,0.4186227002313988,73.6405929987176,-0.017709983586124765,0.28717948717948716,771.7499999999999,803.25,840.0000000000001
524,39.8238286,-71.44307777,693.75,7.878209228828118,0.4184861979750658,73.41686944185184,-0.018855978362146853,0.29743589743589743,771.7499999999999,803.25,840.0000000000001
524,39.8238286,-71.44307777,693.75,7.965280481418844,0.41645941790931296,72.96760879885629,-0.014503138415207263,0.2717948717948718,771.7499999999999,803.25,840.0000000000001
524,39.8238286,-71.44307777,693.75,7.873825748422036,0.4159472038951322,73.19301456921889,-0.006347376795961104,0.2717948717948718,771.7499999999999,803.25,840.0000000000001
524,39.8238286,-71.44307777,693.75,8.010402841790484,0.4204200688687465,73.19274170456399,-0.011758350421438874,0.27692307692307694,771.7499999999999,803.25,840.0000000000001
524,39.8238286,-71.44307777,693.75,8.90366057014975,0.42869994026572145,74.5434869744881,-0.008634034212117152,0.28205128205128205,771.7499999999999,803.25,840.0000000000001
525,39.82378357,-71.4432197,693.75,9.509804591508095,0.4326118782189825,74.76880959120096,-0.012968777072074405,0.28717948717948716,771.7499999999999,803.25,840.0000000000001
525,39.82378357,-71.4432197,693.75,9.359662473809413,0.429391970062548,75.66994856167697,-0.017416828931412318,0.29743589743589743,771.7499999999999,803.25,840.0000000000001
525,39.82378357,-71.4432197,693.75,9.004587157592725,0.42616597239695186,75.21989555675094,-0.013208166449132697,0.2923076923076923,771.7499999999999,803.25,840.0000000000001
525,39.82378357,-71.4432197,693.75,8.650607794935716,0.42554275918336437,74.09414791051884,-0.008536135731269894,0.30256410256410254,771.7499999999999,803.25,840.0000000000001
526,39.82373957,-71.44336562,693.75,8.145004649843543,0.42753781940982966,74.54459143717388,-0.007561709577081434,0.30256410256410254,771.7499999999999,803.25,840.0000000000001
526,39.82373957,-71.44336562,693.75,7.793188296109636,0.42950017536046037,74.99495958432044,-0.0021207683701880416,0.30256410256410254,771.7499999999999,803.25,840.0000000000001
526,39.82373957,-71.44336562,693.75,7.9880773613936205,0.4262722129256486,74.09428403327337,0.0011089014818671389,0.3333333333333333,771.7499999999999,803.25,840.0000000000001
526,39.82373957,-71.44336562,693.75,8.150770368690175,0.4236031801269476,73.41902270758752,0.00327655708393937,0.31794871794871793,771.7499999999999,802.5,840.0000000000001
527,39.82369712,-71.44350523,693.75,7.926139785193969,0.4262234345911953,72.7440829686685,-0.003864974229169397,0.3076923076923077,771.7499999999999,802.5,840.0000000000001
527,39.82369712,-71.44350523,693.75,7.7808125925357245,0.42745219042120763,73.1939742733366,-0.0057133683209054245,0.29743589743589743,771.7499999999999,802.5,840.0000000000001
527,39.82369712,-71.44350523,693.75,7.907213646331231,0.42522013761270905,72.16818205560277,-0.004285528522142522,0.28717948717948716,771.7499999999999,802.5,840.0000000000001
527,39.82369712,-71.44350523,693.75,8.141169715237735,0.4215895010155249,72.54580202542977,0.0026012777454424815,0.28205128205128205,771.7499999999999,802.5,840.0000000000001
528,39.8236474,-71.4436459,693.75,8.524233234112113,0.4192604501597767,71.59764369893676,-0.008767635619022595,0.2717948717948718,771.7499999999999,802.5,840.0000000000001
528,39.8236474,-71.4436459,693.75,8.292837710040683,0.4173941117836928,72.71144432400236,-0.00770577172201116,0.2564102564102564,771.7499999999999,802.5,840.0000000000001
528,39.8236474,-71.4436459,693.75,7.47236948260842,0.4159737030795424,71.80684851521825,-0.008013214146767474,0.2512820512820513,771.7499999999999,802.5,840.0000000000001
528,39.8236474,-71.4436459,693.75,6.936832934774236,0.4114801765077969,72.25766644136564,-0.01246979178577225,0.2564102564102564,771.7499999999999,802.5,840.0000000000001
529,39.82360308,-71.44378997,693.75,7.076571468383898,0.41235172123732156,72.7099859510929,-0.009409657071494715,0.2512820512820513,771.7499999999999,802.5,840.0000000000001
529,39.82360308,-71.44378997,693.75,7.526509183137189,0.41723097954218297,74.5127985455734,-0.004181218192415806,0.24102564102564103,771.7499999999999,802.5,840.0000000000001
529,39.82360308,-71.44378997,693.75,7.929022043982176,0.4223326955029686,73.61180489160006,-0.008504052559304988,0.2564102564102564,771.7499999999999,802.5,840.0000000000001
529,39.82360308,-71.44378997,693.75,8.005257977639557,0.42120665746795677,73.83587093503544,-0.005176456636214966,0.26153846153846155,771.7499999999999,802.5,840.0000000000001
529,39.82360308,-71.44378997,694.5,8.003378708841742,0.42170615854460847,73.83526507984509,-0.0008905694893365343,0.27319587628865977,771.7499999999999,802.5,840.0000000000001
530,39.82355418,-71.44393357,694.5,7.915545100360664,0.42503016374882846,73.83605437492565,-0.0037907539193679307,0.28865979381443296,771.7499999999999,802.5,840.0000000000001
530,39.82355418,-71.44393357,694.5,7.6668001981315195,0.4267631120319697,74.06259919793163,-0.0018668304914972974,0.29381443298969073,771.7499999999999,802.5,840.0000000000001
530,39.82355418,-71.44393357,694.5,7.436679166842709,0.4255502444504315,74.96357415930154,-0.004587353355823138,0.30927835051546393,771.7499999999999,802.5,840.0000000000001
530,39.82355418,-71.44393357,694.5,7.9766397984518385,0.4248874059611987,75.18810287774504,-0.00498072106222448,0.30927835051546393,771.7499999999999,802.5,840.0000000000001
531,39.82350805,-71.44407315,694.5,8.854162403127422,0.42725390518278217,74.51344588496826,0.002194265070695904,0.31958762886597936,771.7499999999999,802.5,840.0000000000001
531,39.82350805,-71.44407315,694.5,9.057216763212173,0.42740481292290844,75.64581984949633,-0.008150170012550374,0.30927835051546393,771.7499999999999,802.5,840.0000000000001
531,39.82350805,-71.44407315,694.5,8.615720145489309,0.42340633586762993,75.65749709275535,-0.004949305868957925,0.3247422680412371,771.7499999999999,802.5,840.0000000000001
531,39.82350805,-71.44407315,694.5,8.208017765653242,0.41560246195455913,74.1006183600954,-0.0020967648708225574,0.3402061855670103,771.7499999999999,802.5,840.0000000000001
532,39.82345713,-71.44421243,694.5,8.521038303861689,0.4137255979243696,74.37214472793814,0.0013426007452007828,0.31958762886597936,771.7499999999999,802.5,840.0000000000001
532,39.82345713,-71.44421243,694.5,9.529007938664517,0.41731962749240714,74.30217943063907,-0.005263981750577113,0.28865979381443296,771.7499999999999,802.5,840.0000000000001
532,39.82345713,-71.44421243,694.5,10.81504857333915,0.4232563482591748,72.7381500509161,-0.004557106229291081,0.28865979381443296,771.7499999999999,802.5,840.0000000000001
532,39.82345713,-71.44421243,694.5,11.297604684890839,0.42661549825597483,74.54343712350487,0.006443608506732899,0.28865979381443296,771.7499999999999,802.5,840.0000000000001
533,39.82340725,-71.444353,694.5,10.537801612591013,0.42750808833615195,73.644140723307,0.008574068434175155,0.27835051546391754,771.7499999999999,802.5,840.0000000000001
533,39.82340725,-71.444353,694.5,9.85930677472676,0.42926255788174594,73.1924568262851,0.0031594367335651603,0.27319587628865977,771.7499999999999,802.5,840.0000000000001
533,39.82340725,-71.444353,694.5,9.790560932149855,0.43323913527562274,73.40372706955984,-0.005046496421691342,0.28350515463917525,771.7499999999999,802.5,840.0000000000001
533,39.82340725,-71.444353,694.5,9.381756679500885,0.4361936612277939,72.57519718719657,-0.001935632203505507,0.28865979381443296,771.0,802.5,840.0000000000001
533,39.82340725,-71.444353,694.5,8.841046723590988,0.4371546406841885,74.34085118118888,0.0026494881645118215,0.28865979381443296,771.0,802.5,840.0000000000001
534,39.82336322,-71.44449718,694.5,8.622629038457829,0.43526094644028707,74.09949035932428,0.004566183167178538,0.29896907216494845,771.7499999999999,802.5,840.0000000000001
534,39.82336322,-71.44449718,694.5,8.18448371264269,0.43067529378708463,73.41483654981904,0.005715387195330809,0.29381443298969073,771.7499999999999,802.5,840.0000000000001
534,39.82336322,-71.44449718,694.5,7.8669668797453,0.42737632047586566,73.85954317989336,0.009583726998394724,0.28350515463917525,771.7499999999999,802.5,840.0000000000001
534,39.82336322,-71.44449718,694.5,8.362403936774001,0.4307886904098189,73.85740893139496,0.009735917335708279,0.28350515463917525,771.7499999999999,802.5,840.0000000000001
535,39.82331838,-71.44463412,694.5,8.831862138230132,0.435781168055422,74.08287061339448,0.013755109834262993,0.28350515463917525,771.7499999999999,802.5,840.0000000000001
535,39.82331838,-71.44463412,694.5,8.889341392704981,0.4406675528833629,73.63167774013775,0.009383532895081986,0.29381443298969073,771.7499999999999,802.5,840.0000000000001
535,39.82331838,-71.44463412,694.5,9.165635683143886,0.44765422283932577,74.07871823821216,-0.005312808400265102,0.29896907216494845,771.7499999999999,802.5,840.0000000000001
535,39.82331838,-71.44463412,694.5,9.182293604938751,0.45256697282621494,74.7506709460954,-0.0019689065003155163,0.28350515463917525,771.7499999999999,802.5,840.0000000000001
536,39.82327452,-71.44477783,694.5,9.131443229024203,0.4520211558894685,74.29888067569267,0.005473440062505911,0.29381443298969073,771.7499999999999,802.5,840.0000000000001
536,39.82327452,-71.44477783,694.5,9.225241451479631,0.44888329283900325,74.74983245800995,0.01290355994900167,0.28350515463917525,771.7499999999999,802.5,840.0000000000001
536,39.82327452,-71.44477783,695.25,9.267720345493412,0.44487094049948905,74.52581182182385,-0.0012626207703699652,0.29015544041450775,771.7499999999999,802.5,840.0000000000001
536,39.82327452,-71.44477783,695.25,8.818090525826177,0.44133206624211924,75.2024157841447,0.007665281706890691,0.29015544041450775,771.7499999999999,802.5,840.0000000000001
537,39.82322758,-71.44491328,695.25,8.71785098712734,0.4370265027770304,75.42853019475466,0.01328184675707735,0.2849740932642487,771.7499999999999,802.5,840.0000000000001
537,39.82322758,-71.44491328,695.25,8.620958068899581,0.4354144601129385,74.75390283137061,0.015139776538674952,0.29533678756476683,771.7499999999999,802.5,840.0000000000001
537,39.82322758,-71.44491328,695.25,8.171804426807471,0.43656994573100877,74.07942772718069,0.010611542075191462,0.29533678756476683,771.7499999999999,802.5,840.0000000000001
537,39.82322758,-71.44491328,695.25,7.934557597745408,0.43607406752822564,74.53074455496348,0.006439088586695669,0.3005181347150259,771.7499999999999,802.5,840.0000000000001
538,39.82317992,-71.44505827,695.25,8.265913706936141,0.43583817534458963,74.75560880390996,0.0046343321816341345,0.3005181347150259,771.7499999999999,802.5,840.0000000000001
538,39.82317992,-71.44505827,695.25,8.956921214796925,0.43510125362535906,73.85304153968863,0.0029509136923265094,0.3005181347150259,771.7499999999999,802.5,840.0000000000001
538,39.82317992,-71.44505827,695.25,9.593033009196308,0.43777240606823925,74.5271297278993,0.002581353206249701,0.29533678756476683,771.7499999999999,802.5,840.0000000000001
538,39.82317992,-71.44505827,695.25,9.891702827606448,0.440486600446384,74.97824734478885,0.002682965382867977,0.27979274611398963,771.7499999999999,802.5,840.0000000000001
538,39.82317992,-71.44505827,695.25,9.728479477000501,0.44028413808147154,76.10603010635865,0.0016569485927706486,0.2694300518134715,771.7499999999999,802.5,840.0000000000001
539,39.82313422,-71.4452009,695.25,9.4689241805461,0.44086503241412206,76.78190145082823,5.707980366046124e-05,0.2694300518134715,771.7499999999999,802.5,840.0000000000001
539,39.82313422,-71.4452009,695.25,9.385001740859742,0.44410823054731424,76.3289608691207,0.002803226706287478,0.29015544041450775,771.7499999999999,802.5,840.0000000000001
539,39.82313422,-71.4452009,695.25,8.94857314328808,0.44704018038845095,75.424419005453,-8.31049398205292e-05,0.2849740932642487,771.7499999999999,802.5,840.0000000000001
539,39.82313422,-71.4452009,695.25,8.23858199492722,0.44893523177421935,75.19676150961152,0.0052904113380598805,0.29533678756476683,771.7499999999999,802.5,840.0000000000001
540,39.82308635,-71.44533603,695.25,7.7307137813683955,0.4468106892498158,74.29625972921013,0.004342356835149672,0.3160621761658031,771.7499999999999,802.5,840.0000000000001
540,39.82308635,-71.44533603,695.25,7.962302022477634,0.44489568252749706,75.64961313157897,0.006823795374645337,0.3005181347150259,771.7499999999999,802.5,840.0000000000001
540,39.82308635,-71.44533603,696.0,8.43446974655628,0.44425286608003184,75.8775213320343,0.00802034617392749,0.28125,771.7499999999999,802.5,840.0000000000001
540,39.82308635,-71.44533603,696.0,8.681763547782959,0.44103405235286625,76.55428675814863,0.006533144263442004,0.2708333333333333,771.7499999999999,802.5,840.0000000000001
541,39.82304602,-71.44548077,696.0,9.192969896035626,0.4396974059617848,76.10286051355723,0.007594218441752256,0.2760416666666667,771.7499999999999,802.5,840.0000000000001
541,39.82304602,-71.44548077,696.0,9.850565149664874,0.4375388163314681,76.10074554623232,0.00724905353127521,0.2760416666666667,771.7499999999999,802.5,840.0000000000001
541,39.82304602,-71.44548077,696.0,10.036611194754924,0.43268743312436714,77.00079620494,0.009955635306196127,0.2760416666666667,771.7499999999999,802.5,840.0000000000001
541,39.82304602,-71.44548077,696.0,9.872415423174182,0.42749698202552033,76.32748868486122,0.012235215651017785,0.25,771.7499999999999,802.5,840.0000000000001
542,39.82300038,-71.44562075,696.0,10.106329112812212,0.4264917980541404,76.33379974827935,0.00741460607013601,0.2552083333333333,771.7499999999999,802.5,840.0000000000001
542,39.82300038,-71.44562075,696.0,10.178129501280088,0.42427585082968633,77.01104803073936,0.003733039032178615,0.25,771.7499999999999,802.5,840.0000000000001
542,39.82300038,-71.44562075,696.0,9.897734487797678,0.4218254300106835,75.88122245442445,0.0003898300670039287,0.2604166666666667,771.7499999999999,802.5,840.0000000000001
542,39.82300038,-71.44562075,696.0,9.539716113278146,0.4203892746132001,74.52584449918452,-0.0033822341405363664,0.2708333333333333,771.7499999999999,802.5,840.0000000000001
543,39.82295728,-71.44576012,696.0,8.97240821945204,0.4211471684314052,76.1002394164458,0.0022538056928847914,0.2916666666666667,771.7499999999999,802.5,840.0000000000001
543,39.82295728,-71.44576012,696.0,8.331772841730757,0.4200601155294533,74.975431745106,0.00515900503887136,0.2864583333333333,771.7499999999999,802.5,840.0000000000001
543,39.82295728,-71.44576012,696.0,7.7339847540336155,0.41975850267064735,74.52803939461845,0.0029883752787143,0.2604166666666667,771.7499999999999,802.5,840.0000000000001
543,39.82295728,-71.44576012,696.75,7.813874883472438,0.4201805754923521,74.3010607136997,-0.0017047650837753866,0.24607329842931938,771.7499999999999,802.5,840.0000000000001
544,39.82291285,-71.44590348,696.75,7.885461352830936,0.4212567824208754,73.61904938871642,0.006249356565022043,0.2513089005235602,771.7499999999999,802.5,840.0000000000001
544,39.82291285,-71.44590348,696.75,7.834693262612705,0.42225249596877273,73.61162799016272,0.0032361599309159903,0.2617801047120419,771.0,802.5,840.0000000000001
544,39.82291285,-71.44590348,696.75,7.874531571999117,0.4239984639136166,73.38036193579724,0.009083102077086902,0.2670157068062827,771.0,802.5,840.0000000000001
544,39.82291285,-71.44590348,696.75,7.9025862002744525,0.42160436130988616,73.60248637474487,0.009161042724150758,0.25654450261780104,771.0,802.5,840.0000000000001
544,39.82291285,-71.44590348,696.75,7.798945768832303,0.41680501829915,74.50305938130589,0.013132825202646583,0.24607329842931938,771.0,802.5,840.0000000000001
545,39.82286735,-71.44604302,696.75,7.618556716658661,0.4124695823774523,75.17900271378609,0.020239248932138458,0.24607329842931938,771.0,802.5,840.0000000000001
545,39.82286735,-71.44604302,696.75,7.546755363008779,0.41177416717013526,74.95116497658294,0.016202620725721144,0.2513089005235602,771.0,802.5,840.0000000000001
545,39.82286735,-71.44604302,696.75,7.655703883456131,0.4147809810309905,75.62220507518362,0.014531878644754947,0.27225130890052357,771.0,802.5,840.0000000000001
545,39.82286735,-71.44604302,696.75,7.834582995476166,0.4150220205789212,74.71406891203685,0.013959991412044107,0.29842931937172773,771.0,802.5,840.0000000000001
546,39.82282513,-71.4461845,696.75,7.924647764756013,0.40995919266345693,75.82325343528274,0.006314972748171258,0.31413612565445026,771.0,802.5,840.0000000000001
546,39.82282513,-71.4461845,696.75,7.883979088393683,0.4056855163497479,74.43976974144007,0.009658205714925006,0.3089005235602094,771.0,802.5,840.0000000000001
546,39.82282513,-71.4461845,696.75,7.734372644025256,0.4056188983304948,75.3141834933676,0.0049876917537505835,0.3089005235602094,771.0,802.5,840.0000000000001
546,39.82282513,-71.4461845,696.75,7.6100063543715954,0.4058732650552188,75.53835071351818,0.008454389634064538,0.2670157068062827,771.0,802.5,840.0000000000001
547,39.82277737,-71.44632327,696.75,7.5842471814437555,0.4042139049645413,74.92239210981836,0.010861755399667798,0.2879581151832461,771.0,802.5,840.0000000000001
547,39.82277737,-71.44632327,697.5,7.588695354433509,0.40330497641168817,73.5964236986167,0.012802223440397989,0.2736842105263158,771.0,802.5,840.0000000000001
547,39.82277737,-71.44632327,697.5,7.3545528843521675,0.40177335964565786,73.59701540031206,0.01695354292033498,0.25263157894736843,771.0,802.5,840.0000000000001
547,39.82277737,-71.44632327,697.5,7.220265138417968,0.40317586191357907,74.03796433375062,0.01595720407018629,0.24736842105263157,771.0,802.5,840.0000000000001
548,39.82272923,-71.44646632,697.5,7.186010761535693,0.4043984321659297,75.37087649998386,0.014384884198252087,0.25263157894736843,771.0,802.5,840.0000000000001
548,39.82272923,-71.44646632,697.5,7.089862401674706,0.40262543141392804,74.21839144214324,0.017741749901422247,0.24736842105263157,771.0,802.5,840.0000000000001
548,39.82272923,-71.44646632,697.5,7.011570641834238,0.4022138295214461,74.42222667733634,0.007402296651882438,0.25263157894736843,771.0,802.5,840.0000000000001
548,39.82272923,-71.44646632,697.5,6.986429854176735,0.40340309701884575,74.86504789285226,5.379781904386097e-05,0.2631578947368421,771.0,802.5,840.0000000000001
549,39.82268615,-71.44661102,697.5,6.971047382103016,0.40902572064386206,75.54122287811319,0.011324282842268357,0.26842105263157895,771.0,802.5,840.0000000000001
549,39.82268615,-71.44661102,697.5,7.287447829590613,0.4120262836344049,76.43653662518712,0.007634384518406126,0.24210526315789474,771.0,802.5,840.0000000000001
549,39.82268615,-71.44661102,697.5,7.584662925629029,0.41074919367028123,75.74852326625725,0.010847151445180604,0.2578947368421053,771.0,802.5,840.0000000000001
549,39.82268615,-71.44661102,698.25,7.600841360358535,0.4048142411473241,78.21713279044951,0.009799513278854444,0.2698412698412698,771.0,802.5,840.0000000000001
549,39.82268615,-71.44661102,698.25,7.4652028231095,0.4005727945215001,75.73894627598742,0.00543568034058548,0.24867724867724866,771.0,802.5,840.0000000000001
550,39.82264103,-71.44674925,698.25,7.404674521964266,0.3994419228396064,75.74353159452636,0.0069227778821526476,0.24867724867724866,771.0,802.5,840.0000000000001
550,39.82264103,-71.44674925,698.25,7.185150442855415,0.39733268460151155,75.30161211783485,0.015308076526944938,0.26455026455026454,771.0,802.5,840.0000000000001
550,39.82264103,-71.44674925,698.25,7.116992187024465,0.39431000574166924,75.78918490649282,0.015451484295702988,0.2751322751322751,771.0,802.5,840.0000000000001
550,39.82264103,-71.44674925,698.25,7.250135621095299,0.39145178064873315,75.85599629631272,0.01509936023970897,0.2751322751322751,771.0,802.5,840.0000000000001
551,39.82260135,-71.44689723,698.25,7.404263976436698,0.3908765211219467,75.63753502719496,0.006630412370430049,0.25925925925925924,771.0,802.5,840.0000000000001
551,39.82260135,-71.44689723,698.25,7.348036288853273,0.3906587028525357,75.86221962930875,0.0064154354827362205,0.2804232804232804,771.0,802.5,840.0000000000001
551,39.82260135,-71.44689723,698.25,7.858684608975397,0.3915963286365995,76.08430793952132,0.011510394386550984,0.2751322751322751,771.0,802.5,840.0000000000001
551,39.82260135,-71.44689723,698.25,8.128798907410962,0.3930828656588927,74.50580875648677,0.008467081831932656,0.2698412698412698,771.0,802.5,840.0000000000001
552,39.82255908,-71.4470405,699.0,8.437669134556026,0.395288987306756,75.40761955110932,0.013759903861756965,0.28191489361702127,771.0,802.5,840.0000000000001
552,39.82255908,-71.4470405,699.0,8.882344670449479,0.39896312349273516,76.7622621107819,0.010657760170339564,0.28191489361702127,771.0,802.5,840.0000000000001
552,39.82255908,-71.4470405,699.0,8.869759297491894,0.3983360655675683,75.1896396726179,0.008031834833379194,0.28191489361702127,771.0,802.5,840.0000000000001
552,39.82255908,-71.4470405,699.0,8.704882027936739,0.3971530987016409,76.09243487606113,0.010696648825586338,0.2872340425531915,771.0,802.5,840.0000000000001
553,39.82251403,-71.44718212,699.0,8.48097490795798,0.40253316291670005,76.09274877117618,0.006910602213967901,0.28191489361702127,771.0,802.5,840.0000000000001
553,39.82251403,-71.44718212,699.0,8.116196963476382,0.40834899716338596,75.64237973238168,0.010444023557014577,0.2978723404255319,771.0,802.5,840.0000000000001
553,39.82251403,-71.44718212,699.0,7.553907310207187,0.40791831720828275,75.64265166648202,0.0073950871715371845,0.2872340425531915,771.0,802.5,840.0000000000001
553,39.82251403,-71.44718212,699.0,7.302490169794584,0.40459298122238285,74.74253749373446,0.008613015201158042,0.2872340425531915,771.0,802.5,840.0000000000001
554,39.82247227,-71.44732898,699.0,7.595467692240769,0.40149478540104866,77.44600274312636,0.009830136676988375,0.2765957446808511,771.0,802.5,840.0000000000001
554,39.82247227,-71.44732898,699.0,7.85695566012248,0.3982498182331494,76.09660324563188,0.011408433210152093,0.2765957446808511,771.0,802.5,840.0000000000001
554,39.82247227,-71.44732898,699.0,7.77438112171779,0.3922852976686852,75.4217368035374,0.010440968474621004,0.2765957446808511,771.0,802.5,840.0000000000001
554,39.82247227,-71.44732898,699.0,7.6608647439141535,0.3877394795183971,75.64706236236488,-0.005130118924499139,0.26595744680851063,771.0,802.5,840.0000000000001
554,39.82247227,-71.44732898,699.0,7.660196693643022,0.38443878510267604,75.6459200366373,-0.007324211080082438,0.24468085106382978,771.0,802.5,840.0000000000001
555,39.82242295,-71.44746677,699.75,7.824535196375364,0.3842614379728711,75.19377764499515,0.00395627333476899,0.24598930481283424,771.0,802.5,840.0000000000001
555,39.82242295,-71.44746677,699.75,8.097575692683476,0.3788853089579794,74.74749396750195,0.0028867967418613246,0.25133689839572193,771.0,807.0,840.0000000000001
555,39.82242295,-71.44746677,699.75,8.33499450198106,0.370994549950674,75.66437354794664,0.011389492064634379,0.2620320855614973,771.0,807.0,840.0000000000001
555,39.82242295,-71.44746677,699.75,8.294077024035575,0.36694458172680255,76.36228201252179,0.018169037737818035,0.25668449197860965,771.0,807.0,840.0000000000001
556,39.82237685,-71.44761615,699.75,7.937231385959944,0.3694785195370934,77.50257358405355,0.01314835192651458,0.22994652406417113,771.0,807.0,840.0000000000001
556,39.82237685,-71.44761615,699.75,7.4126969353322165,0.36999040494299545,75.69606152731909,0.002874834502742411,0.24598930481283424,771.0,807.0,840.0000000000001
556,39.82237685,-71.44761615,699.75,7.2484677349109985,0.3683085905592907,76.36845433019745,0.0023161279932964202,0.2727272727272727,772.5,807.0,840.0000000000001
556,39.82237685,-71.44761615,699.75,7.135836488910227,0.3670157634123762,76.15384271504041,0.001359326417444506,0.2620320855614973,772.5,807.0,840.0000000000001
557,39.82233187,-71.44775945,699.75,7.001320580161086,0.3684768196857492,77.07744884537992,0.010745821605954543,0.2620320855614973,771.7499999999999,807.0,840.0000000000001
557,39.82233187,-71.44775945,699.75,7.177173072768917,0.3700180299536254,77.44516339211798,0.009918326644039428,0.25668449197860965,771.7499999999999,807.0,840.0000000000001
557,39.82233187,-71.44775945,699.75,7.441815868794592,0.3688268535552105,75.66841830875414,0.011254489997884448,0.25133689839572193,771.7499999999999,807.0,840.0000000000001
557,39.82233187,-71.44775945,699.75,7.705446500906603,0.3652618827257958,76.35310906170997,0.012870917693781297,0.24598930481283424,771.7499999999999,807.0,840.0000000000001
557,39.82233187,-71.44775945,700.5,7.619773005588093,0.3607609396626638,77.04825093511637,0.015455907703910986,0.22043010752688172,771.7499999999999,807.0,840.0000000000001
558,39.82228717,-71.44790178,700.5,7.351651704792497,0.3573067932041576,78.22019290298213,0.012120061974072067,0.24193548387096775,771.7499999999999,807.0,840.0000000000001
558,39.82228717,-71.44790178,700.5,7.103792023541855,0.3519920630192347,78.05630313651409,0.015194612551305789,0.21505376344086022,771.7499999999999,807.0,840.0000000000001
558,39.82228717,-71.44790178,700.5,6.848223161015308,0.34962578967907126,76.04910810220531,-0.0008915573113017797,0.22043010752688172,771.7499999999999,807.0,840.0000000000001
558,39.82228717,-71.44790178,700.5,6.549124354269092,0.3483901103270479,77.40265665456278,0.01728698219655772,0.22043010752688172,771.7499999999999,807.0,840.0000000000001
559,39.82224055,-71.44804852,700.5,6.468650887283507,0.3453446619183405,76.95406007825399,0.011638620227608787,0.24193548387096775,771.7499999999999,807.0,840.0000000000001
559,39.82224055,-71.44804852,700.5,6.797751552538496,0.3429408463490067,78.76811782006365,0.007986527304590619,0.22043010752688172,771.7499999999999,807.0,840.0000000000001
559,39.82224055,-71.44804852,700.5,7.047829259024339,0.34248374992415825,79.00784601430847,0.0023699227950791484,0.22580645161290322,771.7499999999999,807.0,840.0000000000001
559,39.82224055,-71.44804852,700.5,7.029066564325389,0.34335722239649213,77.21285656354551,0.011231434456315841,0.20967741935483872,771.7499999999999,807.0,840.0000000000001
560,39.82219518,-71.44819095,700.5,6.882346601128901,0.34467750563771304,77.43989550761286,0.013878255309114799,0.22043010752688172,771.7499999999999,807.0,840.0000000000001
560,39.82219518,-71.44819095,700.5,6.857046163223723,0.3467056220673775,77.89181921822176,0.012758416478629846,0.21505376344086022,771.7499999999999,807.0,840.0000000000001
560,39.82219518,-71.44819095,701.25,6.868158623209005,0.3440715671138149,76.99245310876968,0.012795918798421789,0.22162162162162163,771.7499999999999,807.0,840.0000000000001
560,39.82219518,-71.44819095,701.25,6.92362991408794,0.3432360913801428,76.09345282322616,0.0034980000987870808,0.23783783783783785,771.7499999999999,807.0,840.0000000000001
561,39.82214705,-71.44833235,701.25,6.959125787254713,0.34293153528760323,77.67006938794628,0.003674673932488092,0.24324324324324326,771.7499999999999,807.0,840.0000000000001
561,39.82214705,-71.44833235,701.25,6.906161936840362,0.3396556702307548,77.44045502420352,0.007704647464912401,0.23243243243243245,771.7499999999999,807.0,840.0000000000001
561,39.82214705,-71.44833235,701.25,7.114291165512799,0.3374627471181228,75.6429691321703,0.0016033731968267515,0.23243243243243245,771.7499999999999,807.0,840.0000000000001
561,39.82214705,-71.44833235,701.25,7.340852122824068,0.3388595080529334,75.9177282175135,-0.0010791505123320397,0.25405405405405407,771.7499999999999,807.0,840.0000000000001
561,39.82214705,-71.44833235,701.25,7.495168185035202,0.3413868481563487,76.58930855019078,-0.001750553809153725,0.23783783783783785,771.7499999999999,807.0,840.0000000000001
562,39.82209587,-71.44847452,701.25,7.695091316646294,0.34297845443118613,76.8124899979207,-0.00075625750760494,0.22162162162162163,771.7499999999999,807.0,840.0000000000001
562,39.82209587,-71.44847452,701.25,7.612881982402523,0.34533083394120173,77.03876143593844,-0.007622868428751808,0.20540540540540542,771.7499999999999,807.0,840.0000000000001
562,39.82209587,-71.44847452,701.25,7.407204301774099,0.34820140560752527,77.71661018020198,-0.007885656150206916,0.22162162162162163,771.7499999999999,807.0,840.0000000000001
562,39.82209587,-71.44847452,702.0,7.071244739646446,0.3532717732550355,76.36127208317731,-0.0030989061254111973,0.22282608695652173,771.7499999999999,807.0,840.0000000000001
563,39.8220502,-71.44862073,702.0,6.861755254087011,0.3555045286547753,74.94789841888874,0.0005099735124253243,0.1956521739130435,771.7499999999999,807.0,840.0000000000001
563,39.8220502,-71.44862073,702.0,6.701106415489065,0.35785046903530265,74.78130830126686,0.0064445175749748415,0.21195652173913043,771.7499999999999,807.0,840.0000000000001
563,39.8220502,-71.44862073,702.0,6.891528139707181,0.3637489102483459,74.31611280268885,-0.004298858362434972,0.2608695652173913,771.7499999999999,806.25,840.0000000000001
563,39.8220502,-71.44862073,702.0,7.063683430194901,0.36928885051796645,75.43809292224745,0.004445056830751579,0.2608695652173913,771.7499999999999,806.25,840.0000000000001
564,39.82199938,-71.44876272,702.0,7.3618138327776785,0.36858441885694976,76.12297312131265,0.012292642533470705,0.22282608695652173,771.7499999999999,806.25,840.0000000000001
564,39.82199938,-71.44876272,702.0,7.6306731340297524,0.3648174942563661,74.9184745131396,0.005447200636354078,0.22282608695652173,771.7499999999999,806.25,840.0000000000001
564,39.82199938,-71.44876272,702.0,7.779389715039658,0.3668703373049923,75.22397360123902,0.0029135514770783667,0.22826086956521738,771.7499999999999,806.25,840.0000000000001
564,39.82199938,-71.44876272,702.0,7.886843295354381,0.3738716635500271,74.58798858868745,0.004144317446890585,0.23369565217391305,771.7499999999999,806.25,840.0000000000001
565,39.82195342,-71.44890647,702.75,7.67011030743791,0.37838246187684815,76.35536709531911,0.008098587866827886,0.24043715846994534,771.7499999999999,806.25,840.0000000000001
565,39.82195342,-71.44890647,702.75,7.486726931807515,0.3782792684860416,75.20369725247005,0.01343785994074723,0.24043715846994534,771.7499999999999,806.25,840.0000000000001
565,39.82195342,-71.44890647,702.75,7.4911751309364485,0.3780364096179585,76.77424545165526,0.009798571126696732,0.25136612021857924,771.7499999999999,806.25,840.0000000000001
565,39.82195342,-71.44890647,702.75,7.781207735171192,0.3805250053415875,74.97076658522175,0.011257199817673768,0.23497267759562843,771.7499999999999,806.25,840.0000000000001
565,39.82195342,-71.44890647,702.75,7.868852279193384,0.3826456009052205,75.19523125724575,0.0023602774929011405,0.2459016393442623,771.7499999999999,806.25,840.0000000000001
566,39.82191307,-71.44905097,702.75,7.89811201727861,0.38034003119727683,76.09543248442084,-0.0030304564964978697,0.28415300546448086,771.7499999999999,806.25,840.0000000000001
566,39.82191307,-71.44905097,702.75,7.876422839341085,0.3752470257584904,75.19435798035973,0.015238239149982442,0.28415300546448086,771.7499999999999,806.25,840.0000000000001
566,39.82191307,-71.44905097,702.75,7.769514672766477,0.3763523787577008,76.32074621729379,0.02204561081114127,0.2786885245901639,771.7499999999999,806.25,840.0000000000001
566,39.82191307,-71.44905097,703.5,7.590660600472936,0.379399260220037,76.3218999552151,0.00539973079980338,0.27472527472527475,771.7499999999999,806.25,840.0000000000001
567,39.82187045,-71.44919493,703.5,7.451755168717798,0.3797069749566536,76.09793752814203,0.0004502819468807356,0.2802197802197802,771.7499999999999,806.25,840.0000000000001
567,39.82187045,-71.44919493,703.5,7.338031199646113,0.37914381738970165,75.64817588325747,0.006291152422581189,0.2857142857142857,771.7499999999999,806.25,840.0000000000001
567,39.82187045,-71.44919493,703.5,7.23483763826335,0.37865261089617536,74.52239693986088,0.0049527511181474,0.2802197802197802,771.7499999999999,806.25,840.0000000000001
567,39.82187045,-71.44919493,703.5,7.11968412232121,0.38049017166307986,74.0723452396844,0.001644425520140597,0.25274725274725274,771.7499999999999,806.25,840.0000000000001
568,39.8218294,-71.44933968,703.5,7.149109048442345,0.3817165543193299,74.74839905735722,0.0004684153428640859,0.26373626373626374,771.7499999999999,806.25,840.0000000000001
568,39.8218294,-71.44933968,703.5,7.282031223498512,0.3830437859491604,74.74839801367958,-0.0008512141741859163,0.2802197802197802,771.7499999999999,806.25,840.0000000000001
568,39.8218294,-71.44933968,704.25,7.486303826217417,0.3835944522150059,76.5490940082121,0.01426939740446858,0.23756906077348067,771.7499999999999,806.25,840.0000000000001
568,39.8218294,-71.44933968,704.25,7.63765212149673,0.3796925766832855,77.44910726531609,0.014614903806003167,0.2154696132596685,771.7499999999999,806.25,840.0000000000001
569,39.82179023,-71.44948992,704.25,7.7435004099014,0.37487776144224505,76.32347095365553,0.009946228158685316,0.22099447513812154,771.7499999999999,806.25,840.0000000000001
569,39.82179023,-71.44948992,704.25,8.005612824490763,0.37323771926502736,75.64886341171032,0.015350135088553362,0.23204419889502761,771.7499999999999,806.25,840.0000000000001
569,39.82179023,-71.44948992,704.25,8.078410838630882,0.3747474739172403,75.42381300355912,0.007720969191092062,0.2154696132596685,771.7499999999999,806.25,840.0000000000001
569,39.82179023,-71.44948992,704.25,8.02993975663833,0.3763956159528722,75.19766401223023,0.00196676051449711,0.20994475138121546,771.7499999999999,806.25,840.0000000000001
569,39.82179023,-71.44948992,704.25,8.048508637683655,0.376024889230512,74.29619579359488,0.003202677818216284,0.20441988950276244,771.7499999999999,806.25,840.0000000000001
570,39.82175028,-71.44962767,704.25,8.027521332289755,0.3757869063952423,74.2956730002226,-0.0019266545828927541,0.20441988950276244,772.5,806.25,840.0000000000001
570,39.82175028,-71.44962767,704.25,7.81903003748734,0.3746027080662553,73.61907998007585,0.009040530581584843,0.2154696132596685,772.5,806.25,840.0000000000001
570,39.82175028,-71.44962767,705.0,7.580999998223013,0.3735921091876313,72.94248790454046,0.022809264582924108,0.20555555555555555,772.5,806.25,840.0000000000001
570,39.82175028,-71.44962767,705.0,7.709324730981232,0.3755961673575952,74.51810145697921,0.02008977532955546,0.2111111111111111,772.5,806.25,840.0000000000001
571,39.82171258,-71.44976965,705.0,7.796856180509992,0.37561209752040975,74.29321139576645,0.018189829286906968,0.23333333333333334,771.7499999999999,806.25,840.0000000000001
571,39.82171258,-71.44976965,705.0,8.06299441676303,0.37595294305444665,73.61849153007246,0.012999118628361523,0.26666666666666666,771.7499999999999,806.25,840.0000000000001
571,39.82171258,-71.44976965,705.0,8.001038084985131,0.37627811350090407,75.19544030747153,0.012468344599035574,0.2777777777777778,771.7499999999999,806.25,840.0000000000001
571,39.82171258,-71.44976965,705.0,7.8683872917591,0.3756113100887617,74.07028437203515,0.015036999788993298,0.2833333333333333,771.7499999999999,806.25,840.0000000000001
572,39.82167293,-71.44991125,705.0,7.78302992845375,0.37767143316849333,74.74602385433204,0.0002198685618823889,0.3,771.7499999999999,806.25,840.0000000000001
572,39.82167293,-71.44991125,705.0,7.712349899200222,0.3830268275776759,72.26900774830602,-0.002964254908589589,0.29444444444444445,771.7499999999999,806.25,840.0000000000001
572,39.82167293,-71.44991125,705.0,7.562693774738953,0.3901346003971178,72.71910329096116,-0.003392642224189599,0.2611111111111111,771.7499999999999,806.25,840.0000000000001
572,39.82167293,-71.44991125,705.0,7.591940181631341,0.3942548319649497,74.74559145438998,-0.0042503295867737595,0.2722222222222222,771.7499999999999,806.25,840.0000000000001
573,39.8216309,-71.45005553,705.0,7.411569286091016,0.39539077990360055,75.42130496604705,0.00047465533401258304,0.2722222222222222,771.7499999999999,806.25,840.0000000000001
573,39.8216309,-71.45005553,705.0,7.303679389798991,0.39823188520210406,74.29545017514788,0.004686314506949095,0.24444444444444444,771.7499999999999,806.25,840.0000000000001
573,39.8216309,-71.45005553,705.0,7.341340110675691,0.40129649236585,72.71944271240858,0.008125008994669978,0.25555555555555554,771.7499999999999,806.25,840.0000000000001
573,39.8216309,-71.45005553,705.0,7.425466554850466,0.40554691815796373,74.52143109597517,0.0030750885229055805,0.26666666666666666,771.7499999999999,806.25,840.0000000000001
574,39.82158983,-71.45019947,705.0,7.61668589389895,0.40854594701637065,75.6484802094896,0.002711624187659245,0.26666666666666666,771.7499999999999,806.25,840.0000000000001
574,39.82158983,-71.45019947,705.0,7.734570064118448,0.40904523893885314,75.42480197392116,0.008935099130672251,0.2833333333333333,771.7499999999999,806.25,840.0000000000001
574,39.82158983,-71.45019947,705.0,7.4637058410356225,0.4073704628265189,73.62441393640785,0.01199455443062173,0.3,771.7499999999999,806.25,840.0000000000001
574,39.82158983,-71.45019947,705.0,7.223967801237509,0.41138834722476175,76.10241228399556,0.010790929274858536,0.3055555555555556,771.7499999999999,806.25,840.0000000000001
575,39.8215479,-71.4503418,705.0,7.072840511762043,0.4119415869416873,75.65376761795464,0.010865006912706107,0.28888888888888886,771.7499999999999,806.25,840.0000000000001
575,39.8215479,-71.4503418,705.0,7.112294060037692,0.40542195106177126,75.65497526771154,0.01880753851308227,0.2833333333333333,771.7499999999999,806.25,840.0000000000001
575,39.8215479,-71.4503418,705.0,7.230272631723534,0.39831142060080954,75.65468206828497,0.007867638988962925,0.2722222222222222,771.7499999999999,806.25,840.0000000000001
575,39.8215479,-71.4503418,705.0,7.262067684601654,0.39698011897877905,75.20259031668496,0.006106473146932646,0.31666666666666665,771.7499999999999,806.25,840.0000000000001
575,39.8215479,-71.4503418,705.0,7.299948017019874,0.4026703399786623,73.39858727153249,-0.0022642237505159837,0.32222222222222224,771.7499999999999,806.25,840.0000000000001
576,39.82151005,-71.45049123,705.0,7.218697381146829,0.4043142085358838,73.62164722942464,0.01293923171032392,0.3388888888888889,771.7499999999999,806.25,840.0000000000001
576,39.82151005,-71.45049123,705.0,7.260354860943069,0.39729410677640226,74.29596991881525,0.014315449580362202,0.3388888888888889,770.2499999999999,806.25,840.0000000000001
576,39.82151005,-71.45049123,705.0,7.166868099563064,0.38901617394736054,74.52020135890692,0.010221982757116815,0.3277777777777778,770.2499999999999,806.25,840.0000000000001
576,39.82151005,-71.45049123,705.0,7.178935268944732,0.38353242745652105,74.7434337587276,-0.0047177197863155365,0.31666666666666665,770.2499999999999,806.25,840.0000000000001
577,39.82147212,-71.45063263,705.0,7.383931024901663,0.3794430406248482,76.0907719460882,0.008721008280803534,0.3,770.2499999999999,806.25,840.0000000000001
577,39.82147212,-71.45063263,705.0,7.641480059032134,0.3751807454836546,76.98873716779231,0.010555652210442138,0.28888888888888886,770.2499999999999,806.25,840.0000000000001
577,39.82147212,-71.45063263,705.0,7.752267222738041,0.37526943468323654,76.76777206163577,0.014578526132860124,0.29444444444444445,770.2499999999999,806.25,840.0000000000001
577,39.82147212,-71.45063263,705.0,7.780404663579638,0.3777388827508308,74.97283410918587,0.013960171649110589,0.28888888888888886,770.2499999999999,806.25,840.0000000000001
578,39.82143522,-71.45077997,705.0,7.944058699269661,0.38206111006844545,74.29927159687577,0.010813505655530012,0.26666666666666666,770.2499999999999,806.25,840.0000000000001
578,39.82143522,-71.45077997,705.0,8.047705370799957,0.3842978468543873,74.97227362483669,0.017164830458221637,0.2722222222222222,770.2499999999999,806.25,840.0000000000001
578,39.82143522,-71.45077997,705.0,7.86073894866111,0.38737244678798793,74.29147647682335,0.015869527307207924,0.25555555555555554,770.2499999999999,806.25,840.0000000000001
578,39.82143522,-71.45077997,705.0,7.429498787865435,0.38721355440702876,75.1916351373677,0.01205205859493115,0.26666666666666666,770.2499999999999,806.25,840.0000000000001
579,39.82139302,-71.45091912,705.0,6.9919654690113235,0.38440636736726036,73.65384716245855,0.014684719234542738,0.2611111111111111,770.2499999999999,806.25,840.0000000000001
579,39.82139302,-71.45091912,705.0,6.867858508385268,0.38338560635099,74.32967938915249,0.015683201339471042,0.2611111111111111,770.2499999999999,806.25,840.0000000000001
579,39.82139302,-71.45091912,705.0,6.818432020205055,0.3826720332129138,73.19751950849692,0.011123926177300816,0.26666666666666666,770.2499999999999,806.25,840.0000000000001
579,39.82139302,-71.45091912,705.0,6.851333861789566,0.3820316913024821,73.18816619517148,0.009802037672138735,0.2777777777777778,770.2499999999999,806.25,840.0000000000001
580,39.82134352,-71.45106108,705.0,7.105938161015452,0.38667445392726174,73.86683533174457,0.01285097364500274,0.2722222222222222,770.2499999999999,806.25,840.0000000000001
580,39.82134352,-71.45106108,705.0,7.127954137121316,0.39044125192247653,72.97778525454338,0.010280231070449817,0.2388888888888889,770.2499999999999,806.25,840.0000000000001
580,39.82134352,-71.45106108,705.0,6.905245522635287,0.3926933766258554,74.10022840403164,0.00924295315976951,0.2388888888888889,770.2499999999999,806.25,840.0000000000001
580,39.82134352,-71.45106108,705.0,6.540652396955336,0.3923669085059607,73.19381890564581,0.007385247457736253,0.24444444444444444,770.2499999999999,806.25,840.0000000000001
580,39.82134352,-71.45106108,705.0,6.407307272267117,0.39172607543169075,73.64535513777835,0.005351643410932623,0.25,770.2499999999999,806.25,840.0000000000001
581,39.82129375,-71.45120107,705.0,6.560645463165525,0.39453249844264354,73.87117879698407,0.0069098024157559145,0.21666666666666667,770.2499999999999,806.25,840.0000000000001
581,39.82129375,-71.45120107,705.0,6.4891716359052065,0.39507515817571665,71.61498278987406,0.013523232724135952,0.23333333333333334,770.2499999999999,806.25,840.0000000000001
581,39.82129375,-71.45120107,705.0,6.262712278720696,0.39153969140006367,74.31869283965446,0.015472734799712846,0.25,770.2499999999999,806.25,840.0000000000001
581,39.82129375,-71.45120107,705.0,6.309908730027527,0.3900640704720391,74.77180615072756,0.004449207806106998,0.2611111111111111,770.2499999999999,806.25,840.0000000000001
582,39.82124403,-71.45133857,705.0,6.779137733436936,0.39287317160688373,74.76953050328424,0.006834163550398147,0.24444444444444444,770.2499999999999,806.25,840.0000000000001
582,39.82124403,-71.45133857,705.0,7.021335649742492,0.3969735822090344,73.64441858839325,0.005774274455049205,0.25555555555555554,770.2499999999999,806.25,840.0000000000001
582,39.82124403,-71.45133857,705.0,6.840741722296618,0.3981167319908197,73.19863345282324,0.007767497520634121,0.2388888888888889,770.2499999999999,806.25,840.0000000000001
582,39.82124403,-71.45133857,705.0,6.695704850263827,0.3952709492039398,74.10094494580486,0.003886195151990167,0.25,770.2499999999999,806.25,840.0000000000001
583,39.8211966,-71.45148105,705.0,6.55704762221301,0.39447700890707527,73.96795525534985,0.007708171988944925,0.22777777777777777,770.2499999999999,806.25,840.0000000000001
583,39.8211966,-71.45148105,705.0,6.41024844053871,0.39457813598045227,72.95252749715421,-0.009184443250988075,0.2222222222222222,770.2499999999999,806.25,840.0000000000001
583,39.8211966,-71.45148105,705.0,6.23960111543141,0.3908081354617596,74.72919003283073,-0.011187610964876365,0.26666666666666666,770.2499999999999,806.25,840.0000000000001
583,39.8211966,-71.45148105,705.0,6.339886359210998,0.38728406084485184,75.39511361554824,-0.01234656855283485,0.2611111111111111,770.2499999999999,806.25,840.0000000000001
584,39.8211556,-71.45162507,705.0,6.438716051194019,0.38665769024588664,76.94503940762823,0.014340203789203835,0.23333333333333334,770.2499999999999,806.25,840.0000000000001
584,39.8211556,-71.45162507,705.0,6.210727005634019,0.39051593734863554,75.1515932280305,0.013561294208271613,0.22777777777777777,770.2499999999999,806.25,840.0000000000001
584,39.8211556,-71.45162507,705.0,6.056093898592217,0.39037036115977214,74.68339917847987,-0.0008259601055781873,0.2111111111111111,770.2499999999999,806.25,840.0000000000001
584,39.8211556,-71.45162507,705.0,6.276324481475574,0.39221025382595465,74.43943672495253,-0.009368963339532858,0.2222222222222222,770.2499999999999,806.25,840.0000000000001
585,39.8211165,-71.45177043,705.0,6.437987554452057,0.3963233017590979,74.17687795269221,-0.003333194112616218,0.2388888888888889,770.2499999999999,806.25,840.0000000000001
585,39.8211165,-71.45177043,705.0,6.317801338282892,0.3981296373034311,73.27285263520821,-0.005475699363031491,0.2777777777777778,770.2499999999999,806.25,840.0000000000001
585,39.8211165,-71.45177043,705.0,6.227579293635331,0.39823263472038256,73.98239656339098,-0.007041146777599517,0.28888888888888886,770.2499999999999,806.25,840.0000000000001
585,39.8211165,-71.45177043,705.0,6.237399939403079,0.3978299811004692,73.42784013097858,-0.006421101193697015,0.28888888888888886,770.2499999999999,806.25,840.0000000000001
585,39.8211165,-71.45177043,705.0,6.2850423451560555,0.3957009861461007,72.74131862341444,-0.008193808153102815,0.2777777777777778,770.2499999999999,806.25,840.0000000000001
586,39.82108678,-71.45191605,705.0,6.338859299166841,0.3905482127622941,72.29134937342695,0.0025049651708335023,0.2833333333333333,770.2499999999999,806.25,840.0000000000001
586,39.82108678,-71.45191605,705.0,6.546744188592651,0.3886672693491828,72.95260312813136,-0.007818445927551664,0.2722222222222222,770.2499999999999,806.25,840.0000000000001
586,39.82108678,-71.45191605,705.0,6.632458143052799,0.38840464783659817,73.85140417636643,-0.010229512067189002,0.26666666666666666,770.2499999999999,806.25,840.0000000000001
586,39.82108678,-71.45191605,705.0,6.744509792787252,0.3897886732231592,74.07319309822734,-0.007096695419272447,0.2388888888888889,770.2499999999999,806.25,840.0000000000001
587,39.82105442,-71.45206173,705.0,7.096977209139504,0.39044817476126337,73.61917770537292,-0.006307610996726104,0.24444444444444444,770.2499999999999,806.25,840.0000000000001
587,39.82105442,-71.45206173,705.0,7.326501771590341,0.3886556395343414,72.94379559701576,-0.008711478714822697,0.2388888888888889,770.2499999999999,806.25,840.0000000000001
587,39.82105442,-71.45206173,705.0,7.529560001397577,0.3844227822490287,72.72087301270318,-0.007731649752048822,0.22777777777777777,770.2499999999999,806.25,840.0000000000001
587,39.82105442,-71.45206173,705.0,7.743468843002183,0.38432547148148993,72.0466887062769,-0.012267963654226813,0.24444444444444444,770.2499999999999,802.5,840.0000000000001
588,39.82101538,-71.45220278,705.0,7.904116584029353,0.3851209048313326,73.6237331564397,-0.0064557920646663314,0.26666666666666666,770.2499999999999,802.5,840.0000000000001
588,39.82101538,-71.45220278,705.0,7.99349726251638,0.38536376475902806,74.29994030463884,-0.013572627356694553,0.2388888888888889,770.2499999999999,802.5,840.0000000000001
588,39.82101538,-71.45220278,705.0,7.94539509858459,0.3856866144710376,73.39952242820007,-0.017494269664324904,0.25,770.2499999999999,802.5,840.0000000000001
588,39.82101538,-71.45220278,705.0,7.886321947514576,0.38497832546773847,73.62473339449126,-0.01223571983359555,0.2388888888888889,770.2499999999999,802.5,840.0000000000001
589,39.82097858,-71.45234232,705.0,8.179327802309576,0.3853334951778659,72.49962357322606,-0.01708477282775381,0.23333333333333334,770.2499999999999,802.5,840.0000000000001
589,39.82097858,-71.45234232,705.0,8.487180255187736,0.38895150155792063,72.72648234056241,-0.01940186290227128,0.25555555555555554,770.2499999999999,802.5,840.0000000000001
589,39.82097858,-71.45234232,705.0,8.639486145834363,0.3900647366500226,72.95296924193336,-0.013846981524125042,0.2596685082872928,770.2499999999999,802.5,840.75
589,39.82097858,-71.45234232,705.0,8.61900273013246,0.3871670342770421,72.50231445640895,-0.012305901780810433,0.26519337016574585,770.2499999999999,802.5,840.75
590,39.82092748,-71.45247897,705.0,8.61943418534339,0.384829142061043,73.40188251374822,-0.012115451545294736,0.2983425414364641,770.2499999999999,802.5,840.75
590,39.82092748,-71.45247897,705.0,8.529665480897437,0.3871111884467204,73.85221789170546,-0.00881756856509969,0.292817679558011,770.2499999999999,802.5,840.75
590,39.82092748,-71.45247897,705.0,8.132911219577062,0.38718362008532575,74.5288910282589,-0.01254707166549862,0.2983425414364641,770.2499999999999,802.5,840.75
590,39.82092748,-71.45247897,704.25,7.912162915219526,0.38232804004151044,74.5299082688694,-0.008219780562385492,0.2692307692307692,770.2499999999999,802.5,840.75
591,39.82087807,-71.45261322,704.25,7.564967210070856,0.37833842777161025,74.07972195175266,-0.011562742071544044,0.2692307692307692,770.2499999999999,802.5,840.75
591,39.82087807,-71.45261322,704.25,7.188594343342468,0.37485652594308577,72.95358446468809,-0.009288464389796927,0.2692307692307692,770.2499999999999,802.5,840.75
591,39.82087807,-71.45261322,704.25,7.01267886990653,0.3722472344603089,73.85405694318852,-0.00705427612415135,0.2802197802197802,770.2499999999999,802.5,840.75
591,39.82087807,-71.45261322,704.25,7.309723828279562,0.3713124535297393,73.62903661233422,-0.00027610810272635667,0.27472527472527475,770.2499999999999,802.5,840.75
592,39.82082262,-71.45274667,704.25,7.789979937827522,0.36955717627917706,73.8553427414922,0.0015816784095218461,0.29120879120879123,770.2499999999999,802.5,840.75
592,39.82082262,-71.45274667,704.25,8.302518203944805,0.36801788733516283,74.75795004332369,-0.004423352845134505,0.29120879120879123,770.2499999999999,802.5,840.75
592,39.82082262,-71.45274667,704.25,8.514852726449057,0.369480917521558,74.75921071404056,-0.012631439580733785,0.2857142857142857,770.2499999999999,802.5,840.75
592,39.82082262,-71.45274667,704.25,8.063659855723374,0.36982467486483195,74.98464937600775,-0.01226303143125778,0.2857142857142857,770.2499999999999,802.5,840.75
593,39.82076992,-71.45287692,704.25,7.88522477872241,0.3686154604332608,74.08373009475764,-0.010844130133218397,0.2857142857142857,770.2499999999999,802.5,840.75
593,39.82076992,-71.45287692,703.5,7.85261510229288,0.36852219138743714,73.85960166969512,-0.009358961219385372,0.3005464480874317,770.2499999999999,802.5,840.75
593,39.82076992,-71.45287692,703.5,8.491328883491077,0.37195099797424785,76.1143360801317,-0.011763104538186906,0.273224043715847,770.2499999999999,802.5,840.75
593,39.82076992,-71.45287692,703.5,9.162926802356155,0.3764308974145435,73.19210186913887,-0.017697236415313473,0.2677595628415301,770.2499999999999,802.5,840.75
594,39.820716,-71.45301098,703.5,9.589839369583826,0.38203201640003365,74.32622930837873,-0.016611114785499714,0.2677595628415301,770.2499999999999,802.5,840.75
594,39.820716,-71.45301098,703.5,9.666411610276532,0.3808570436232359,75.01419712387701,-0.015462164292412851,0.25136612021857924,770.2499999999999,802.5,840.75
594,39.820716,-71.45301098,702.75,9.42863030077247,0.3740795003542012,75.59188800765068,-0.015522860978676879,0.25,770.2499999999999,802.5,840.75
594,39.820716,-71.45301098,702.75,9.380225334951302,0.3673191572456356,75.16574663439764,-0.011647082289000158,0.2391304347826087,770.2499999999999,802.5,840.75
594,39.820716,-71.45301098,702.75,9.808138803116334,0.36345063351960777,75.88640086535331,-0.00759087905275698,0.23369565217391305,770.2499999999999,802.5,840.75
595,39.82066308,-71.45314747,702.75,9.799124923570643,0.36182048886712803,74.98985894884402,-0.008337522870722864,0.2391304347826087,770.2499999999999,802.5,840.75
595,39.82066308,-71.45314747,702.75,9.742443856846485,0.36291887305239706,74.97124075577044,-0.012382201308344522,0.24456521739130435,770.2499999999999,802.5,840.75
595,39.82066308,-71.45314747,702.0,9.441705094943295,0.36613590536441204,75.18654466386069,-0.0054497708129073496,0.22702702702702704,770.2499999999999,802.5,840.75
595,39.82066308,-71.45314747,702.0,9.976349933890301,0.36719303994305225,74.04763430202489,-0.0001517431812423507,0.2,770.2499999999999,802.5,840.75
596,39.820609,-71.45328487,702.0,9.96966277775261,0.36902922395279075,74.92603888143151,-0.007336985051932169,0.2,770.2499999999999,802.5,840.75
596,39.820609,-71.45328487,701.25,9.444628301092779,0.3676686633129715,73.22078070658283,-0.011116599561046873,0.1935483870967742,770.2499999999999,802.5,840.75
596,39.820609,-71.45328487,701.25,9.3611372066522,0.367486923130239,72.76093030596341,-0.008126220740474643,0.1881720430107527,770.2499999999999,802.5,840.75
596,39.820609,-71.45328487,701.25,9.47407075134408,0.36077063097248874,72.9802767604091,-0.006009812256285505,0.20430107526881722,770.2499999999999,802.5,840.75
597,39.82056728,-71.4534303,701.25,9.198784399171327,0.35476277286604607,71.84890594044865,-0.01687389024358072,0.20430107526881722,770.2499999999999,803.25,840.75
597,39.82056728,-71.4534303,700.5,8.519522695482554,0.34854047165717034,71.84462818855853,-0.012636804296401431,0.20320855614973263,770.2499999999999,803.25,840.75
597,39.82056728,-71.4534303,700.5,8.519441125139263,0.3434533892493908,74.09242253734841,-0.014143718211019167,0.2192513368983957,770.2499999999999,803.25,840.75
597,39.82056728,-71.4534303,700.5,8.536847733548342,0.3363146129101097,73.18729666044207,-0.009029200670521867,0.2192513368983957,770.2499999999999,803.25,840.75
598,39.8205246,-71.45357043,700.5,8.233108064967448,0.33346672976442737,75.21099153463267,-0.0031085914589830147,0.24598930481283424,770.2499999999999,803.25,840.75
598,39.8205246,-71.45357043,699.75,7.6333070602831326,0.33452143445629223,72.73614216588517,-0.001598539036920437,0.2553191489361702,770.2499999999999,803.25,840.75
598,39.8205246,-71.45357043,699.75,7.746566423542369,0.3329602590223695,72.9660734747426,-0.005727062014008893,0.2074468085106383,770.2499999999999,803.25,840.75
598,39.8205246,-71.45357043,699.75,7.76924399374129,0.33023113350607264,74.0951149405756,-0.008737458040561575,0.21808510638297873,770.2499999999999,803.25,840.75
599,39.82048477,-71.45371793,699.0,7.626193469823803,0.33066170813611523,75.44728622214613,-0.0031456601609378665,0.19576719576719576,759.0,803.25,840.75
599,39.82048477,-71.45371793,699.0,7.3418498316938425,0.3365996760096479,74.54789117668075,0.008332735354512533,0.19576719576719576,759.0,803.25,840.75
599,39.82048477,-71.45371793,699.0,7.1791489873733,0.34364721731016584,73.8760443102026,0.0032745889818140577,0.19576719576719576,759.0,803.25,840.75
599,39.82048477,-71.45371793,699.0,7.103286950033556,0.34820311071726245,74.7817507820127,-0.0018254405205376106,0.164021164021164,759.0,803.25,840.75
599,39.82048477,-71.45371793,698.25,6.929224534115353,0.34985764488451315,73.99754229405961,0.004150388251785075,0.19473684210526315,759.0,803.25,840.75
600,39.82044157,-71.4538586,698.25,6.620877296364408,0.3540903176542847,73.99954376007541,0.000902815372397042,0.21578947368421053,759.0,803.25,840.75
600,39.82044157,-71.4538586,698.25,6.2051889227027015,0.3576463400490047,74.45216714363981,-0.003453989639366232,0.21578947368421053,759.0,803.25,840.75
600,39.82044157,-71.4538586,698.25,6.352697770378323,0.3609267042117781,74.67361041347763,-0.003847690245453016,0.23157894736842105,759.0,803.25,840.75
600,39.82044157,-71.4538586,698.25,6.493089052921328,0.3580156950555525,74.40685380079086,-0.009281017512590339,0.22105263157894736,759.0,803.25,840.75
601,39.82039613,-71.4540017,697.5,6.64444923833358,0.3537823464976279,74.79665847365695,-0.00041001891620491847,0.23036649214659685,759.0,803.25,840.75
601,39.82039613,-71.4540017,697.5,6.779731757896148,0.3511107275331798,75.02841790570622,-0.00020840584046566817,0.21465968586387435,759.0,803.25,840.75
601,39.82039613,-71.4540017,697.5,6.542713556062687,0.3516668298127117,74.39350843425348,-0.003379754870409529,0.2094240837696335,759.0,803.25,840.75
601,39.82039613,-71.4540017,697.5,5.954943985741067,0.35285900963565053,73.6365272309542,-0.011053148872780008,0.21465968586387435,759.0,803.25,840.75
602,39.82034748,-71.45413723,697.5,5.6693831271290245,0.35393467012366164,73.18975140126334,-0.004646437009881285,0.193717277486911,759.0,803.25,840.75
602,39.82034748,-71.45413723,697.5,5.566598674316741,0.35486006009611903,74.31365158242127,-0.0007734296920591682,0.193717277486911,759.0,803.25,840.75
602,39.82034748,-71.45413723,697.5,5.612543755431041,0.3568585169532238,75.66272048394087,-0.004218265840112879,0.193717277486911,759.0,803.25,840.75
602,39.82034748,-71.45413723,697.5,5.697320964472997,0.3575198470383465,76.1120340406739,-0.011310850809794,0.2094240837696335,759.0,803.25,840.75
603,39.8202998,-71.454281,697.5,5.782435483334645,0.3580083677591726,74.76098478693002,-0.021889694740388235,0.21465968586387435,758.2500000000001,803.25,840.75
603,39.8202998,-71.454281,696.75,6.498873196279062,0.3634090887381437,75.43654227311181,-0.00901792024887243,0.21875,758.2500000000001,803.25,840.75
603,39.8202998,-71.454281,696.75,6.951276294400693,0.3697890653126091,74.31017877191984,-0.010348784515416216,0.21875,758.2500000000001,803.25,840.75
603,39.8202998,-71.454281,696.75,6.823050622970813,0.37273309186948944,75.20998823944687,-0.01396203598352155,0.1875,758.2500000000001,803.25,840.75
604,39.82025342,-71.45441935,696.75,6.526816322336695,0.3697298788086738,74.53312024276843,-0.008939222084463457,0.18229166666666666,758.2500000000001,803.25,840.75
604,39.82025342,-71.45441935,696.75,6.350984756878347,0.36730124213129345,75.65670973233107,0.007283288187066567,0.1875,758.2500000000001,803.25,840.75
604,39.82025342,-71.45441935,696.75,6.28603739284708,0.3631287995740892,74.52975974886509,-0.002543251739129843,0.203125,758.2500000000001,803.25,840.75
604,39.82025342,-71.45441935,696.75,6.2033856041542705,0.3559307627849568,74.7563486130618,-0.003538788035696773,0.203125,758.2500000000001,803.25,840.75
604,39.82025342,-71.45441935,696.75,5.963741414550716,0.35387554299252705,74.30896022797016,-0.004342302935313866,0.1875,757.5,803.25,840.75
605,39.8202116,-71.45455892,696.75,5.972963713847123,0.3582370012330488,73.86052333605683,0.008473245804293872,0.171875,757.5,803.25,840.75
605,39.8202116,-71.45455892,696.75,6.125553351529541,0.3627634380790179,74.53722567494164,0.001375812641304276,0.17708333333333334,757.5,803.25,840.75
605,39.8202116,-71.45455892,696.75,6.173565656499586,0.363419179012293,73.18706703733413,-0.004067942490319029,0.15104166666666666,757.5,803.25,840.75
605,39.8202116,-71.45455892,696.75,6.117972528345469,0.3638027409448673,72.73699777248181,-0.0025346449166698125,0.16145833333333334,757.5,803.25,840.75
606,39.8201731,-71.45469993,696.75,6.053650927229626,0.36354162059332507,72.06205516268659,-0.0036108132277190845,0.17708333333333334,757.5,803.25,840.75
606,39.8201731,-71.45469993,696.75,6.046103550418458,0.3621362525827055,73.41354997345832,-0.006477632017002921,0.1875,757.5,803.25,840.75
606,39.8201731,-71.45469993,696.75,6.147302309038888,0.36219943231066964,72.06213581239311,-0.008491149253257085,0.17708333333333334,757.5,803.25,840.75
606,39.8201731,-71.45469993,696.75,6.189251176396816,0.3607321962156287,71.8373133124382,-0.00496855075879271,0.16666666666666666,757.5,803.25,840.75
607,39.82013012,-71.45483985,696.75,6.344809753451197,0.3632194641830596,72.06460274355871,0.012633219289312714,0.16145833333333334,757.5,804.0,840.75
607,39.82013012,-71.45483985,696.0,6.604043741527258,0.37009892468527616,72.74172359800149,0.007820031110109727,0.17098445595854922,757.5,804.0,840.75
607,39.82013012,-71.45483985,696.0,6.69261124233058,0.37513891778854525,70.94088367700816,-0.00011488620183138747,0.18134715025906736,757.5,804.0,840.75
607,39.82013012,-71.45483985,696.0,6.526741842702228,0.37722395950989235,71.38989278842868,-0.006281706703001472,0.17098445595854922,757.5,804.0,840.75
608,39.82008298,-71.45497675,696.0,6.449556252835491,0.3799224354147061,72.28603317662545,-0.006619716356530713,0.17616580310880828,757.5,804.0,840.75
608,39.82008298,-71.45497675,696.0,6.456791274439167,0.3838300621536832,71.60451480688117,-0.0063897433671119335,0.19170984455958548,757.5,804.0,840.75
608,39.82008298,-71.45497675,696.0,6.5751426873204,0.3912862416257545,70.69913411785068,-0.0037534096290455237,0.16580310880829016,757.5,804.0,840.75
608,39.82008298,-71.45497675,696.0,6.59084110415746,0.3982082204659186,70.46952408580077,-0.004737594180721591,0.16062176165803108,757.5,804.0,840.75
609,39.82003388,-71.45511163,696.0,6.419264892605535,0.40018118419221715,71.36542870858902,-0.011944666574754027,0.19170984455958548,757.5,804.0,840.75
609,39.82003388,-71.45511163,696.0,6.408880742463306,0.3995317784795952,70.91171140984805,-0.015514113646340042,0.19170984455958548,757.5,804.0,840.75
609,39.82003388,-71.45511163,696.0,6.516808451035263,0.39712208272581917,72.26361435291086,-0.01145917290933402,0.19689119170984457,757.5,804.0,840.75
609,39.82003388,-71.45511163,696.0,6.604243091213471,0.3943343373118705,71.59004977025,-0.018180186131766647,0.19170984455958548,757.5,804.0,840.75
610,39.81998302,-71.45524823,696.0,6.773297713914787,0.3924730029965859,70.91164705316679,-0.019078134102974778,0.19689119170984457,757.5,804.0,840.75
610,39.81998302,-71.45524823,696.0,6.792024981189587,0.39200304752840476,71.80527056768395,-0.008261753045993648,0.19170984455958548,757.5,804.0,840.75
610,39.81998302,-71.45524823,696.0,6.658356259888551,0.3943557081833985,71.109362436756,-0.00048428836178388083,0.19689119170984457,757.5,804.0,840.75
610,39.81998302,-71.45524823,696.0,6.629953612210698,0.3971658620669827,71.48012854816866,0.0060746851278907586,0.19170984455958548,757.5,804.0,840.75
611,39.81992725,-71.45538057,696.0,6.8253052699106584,0.3999515941696368,71.91424685069492,0.0018023352778642101,0.21243523316062177,757.5,804.0,840.75
611,39.81992725,-71.45538057,696.0,6.925581399162555,0.40171311645525043,74.15527342205658,-0.01075801899253686,0.21761658031088082,757.5,804.0,840.75
611,39.81992725,-71.45538057,696.0,7.2634597221599595,0.39652488024571997,73.00412848931151,-0.010766718253937694,0.21243523316062177,757.5,804.0,840.75
611,39.81992725,-71.45538057,696.0,7.5896191644455815,0.3901557355143679,71.39045541344626,-0.004925249299679865,0.21243523316062177,757.5,804.0,840.75
612,39.81987123,-71.45551457,696.0,7.570510381581828,0.387941331984215,71.37177506580491,-0.004921606990157259,0.19689119170984457,757.5,804.0,840.75
612,39.81987123,-71.45551457,696.0,7.323502414617135,0.393809821815978,71.15615179657335,-0.006563939742474079,0.18652849740932642,757.5,804.0,840.75
612,39.81987123,-71.45551457,696.0,6.929862189571818,0.39839952861659345,72.99056177686991,-0.006760290781786,0.19689119170984457,757.5,804.0,840.75
612,39.81987123,-71.45551457,696.0,6.853364270605217,0.3986136259396223,71.66567025862686,-0.008765811525611152,0.20725388601036268,757.5,804.0,840.75
612,39.81987123,-71.45551457,696.0,7.015611694810452,0.40079003883991265,71.89522093201461,-0.007634580097701676,0.21243523316062177,757.5,804.0,840.75
613,39.81981668,-71.45565327,696.0,6.962487988211874,0.4020512167573358,71.89162069970952,-0.013266183560644696,0.22279792746113988,757.5,804.0,840.75
613,39.81981668,-71.45565327,696.0,6.844244695231536,0.40084979557373823,72.33873752947834,-0.012407755287783845,0.20207253886010362,757.5,804.0,840.75
613,39.81981668,-71.45565327,696.0,6.899246120438831,0.39850234584443767,71.66099620496405,-0.01123424038906052,0.20207253886010362,757.5,804.0,840.75
613,39.81981668,-71.45565327,696.0,7.0565480221749235,0.3974284526308448,71.2152816685662,-0.01424623294349872,0.20207253886010362,757.5,804.0,840.75
614,39.81976643,-71.455789,696.0,7.104262380315614,0.39653335599188355,70.09098161586257,-0.014231513562558178,0.19170984455958548,757.5,804.0,840.75
614,39.81976643,-71.455789,696.0,6.995840694280661,0.392524047867799,70.753681309473,-0.01466458303522014,0.19689119170984457,757.5,804.0,840.75
614,39.81976643,-71.455789,696.0,6.906433626854362,0.38846397053538256,72.31290369859894,-0.010408046227358858,0.19170984455958548,757.5,804.0,840.75
614,39.81976643,-71.455789,696.0,6.964469091813144,0.38285719849638916,71.40230949804888,-0.010691031352435966,0.19170984455958548,757.5,804.0,840.75
615,39.81971673,-71.45592638,696.0,7.043021682934217,0.37986516169593426,72.5322861516216,-0.013384475691422218,0.17616580310880828,757.5,804.0,840.75
615,39.81971673,-71.45592638,696.0,6.8224328277311095,0.38276071140196016,73.23042383110501,-0.01180862685848662,0.17616580310880828,757.5,804.0,840.75
615,39.81971673,-71.45592638,696.0,6.788636286573623,0.3854422459814989,71.89346352483325,0.00046489876955447916,0.18134715025906736,757.5,804.0,840.75
615,39.81971673,-71.45592638,696.0,6.840466847342091,0.3928961808803155,73.20114727625722,0.005854845930822039,0.18134715025906736,757.5,804.0,840.75
616,39.81966273,-71.45606348,696.0,6.7605665030404785,0.39671589881767466,72.92481194647948,-0.00517101311191282,0.18134715025906736,757.5,804.0,840.75
616,39.81966273,-71.45606348,696.0,6.635028802249002,0.3987271173082332,73.35267772746982,-0.012217402057591278,0.19170984455958548,757.5,804.0,840.75
616,39.81966273,-71.45606348,696.0,6.53402126094405,0.4015492566776552,75.14347166879324,-0.007792579417977222,0.18134715025906736,757.5,804.0,840.75
616,39.81966273,-71.45606348,696.0,6.806189527767242,0.40497598120833994,73.11181464091682,-0.0011904081879363104,0.18134715025906736,757.5,804.0,840.75
617,39.81961268,-71.45620382,696.0,7.219863971191822,0.40992039958713467,73.1099503899284,0.005047651941365341,0.17616580310880828,757.5,804.0,840.75
617,39.81961268,-71.45620382,696.0,7.545102870036141,0.4159996284469602,73.7889024060285,-0.000647022266559046,0.17098445595854922,757.5,804.0,840.75
617,39.81961268,-71.45620382,696.0,7.644760860387786,0.41800825048459256,73.80307824081922,-0.00817927455743911,0.15544041450777202,757.5,804.0,840.75
617,39.81961268,-71.45620382,696.0,7.797855344762013,0.41822288642699584,73.85349552860052,-0.004071933518928419,0.14507772020725387,757.5,804.0,840.75
617,39.81961268,-71.45620382,696.0,7.8659508526096555,0.4186938756572703,73.48490810878032,-0.0085160976909325,0.15025906735751296,757.5,804.0,840.75
618,39.81956082,-71.4563455,696.0,7.807061579701683,0.4209826890834471,72.61317424070211,-0.010489045955926236,0.16062176165803108,757.5,804.0,840.75
618,39.81956082,-71.4563455,696.0,7.9960549920725725,0.42229627035114187,72.62384422005448,-0.012362060255987331,0.17098445595854922,757.5,804.0,840.75
618,39.81956082,-71.4563455,696.0,8.307974995394964,0.42227387503268,73.53670135790986,-0.00989316243352857,0.17098445595854922,757.5,804.0,840.75
618,39.81956082,-71.4563455,696.0,8.199332815320131,0.4212273918495572,73.32736464754234,-0.005685763609339744,0.18652849740932642,757.5,804.0,840.75
619,39.81951222,-71.45648508,696.0,7.857036473075844,0.4213116492883015,71.53983501793115,-0.012144473786914828,0.19170984455958548,757.5,804.0,840.75
619,39.81951222,-71.45648508,696.0,7.697420663887284,0.42500053881242306,71.77517383721188,-0.0208047853415767,0.18652849740932642,757.5,804.0,840.75
619,39.81951222,-71.45648508,696.0,7.905694751141665,0.42875074269525454,70.88408299132227,-0.02203298541777318,0.17525773195876287,757.5,804.0,841.5000000000001
619,39.81951222,-71.45648508,696.0,8.16039294777802,0.429298226341296,70.43974050145312,-0.017368148341166057,0.20103092783505155,757.5,804.0,841.5000000000001
620,39.8194693,-71.45662928,696.0,8.472198534556775,0.42773865296217845,71.790840252796,-0.011613904635480473,0.20618556701030927,757.5,804.0,841.5000000000001
620,39.8194693,-71.45662928,696.0,8.672215943444856,0.422967881436564,71.5610835377399,-0.010542163266851723,0.20618556701030927,757.5,804.0,841.5000000000001
620,39.8194693,-71.45662928,696.0,8.523122736231175,0.41683006698182934,71.78475974711377,-0.011506742160046443,0.19072164948453607,757.5,804.0,841.5000000000001
620,39.8194693,-71.45662928,696.0,8.044765889048815,0.4112172900954044,72.46557410781489,-0.004163447226758259,0.18556701030927836,757.5,804.0,841.5000000000001
621,39.81941998,-71.45677187,696.0,7.732120000904956,0.4077415395277635,72.69587899757258,-0.016646141937163225,0.1958762886597938,757.5,804.0,841.5000000000001
621,39.81941998,-71.45677187,696.0,7.511057657315355,0.40707690418248077,71.57024177098727,-0.019240144281458656,0.17525773195876287,757.5,804.0,841.5000000000001
621,39.81941998,-71.45677187,696.0,7.240687994904246,0.40602428929048967,71.56714153897421,-0.015604174304121138,0.19072164948453607,757.5,804.0,841.5000000000001
621,39.81941998,-71.45677187,696.0,7.159046475082731,0.4060989202672362,72.46387660805286,-0.011437906937427899,0.19072164948453607,757.5,804.0,841.5000000000001
621,39.81941998,-71.45677187,696.0,6.844461887588877,0.4050180114191746,72.01194537964285,-0.013188434629178387,0.22164948453608246,757.5,804.0,841.5000000000001
622,39.81937257,-71.45691463,696.0,6.366314244713928,0.4056797890016265,71.78416168193228,-0.011438243274901333,0.1958762886597938,757.5,804.0,841.5000000000001
622,39.81937257,-71.45691463,696.0,6.453924206866092,0.40179072172143254,72.0037457240131,-0.016813747093286584,0.19072164948453607,757.5,804.0,841.5000000000001
622,39.81937257,-71.45691463,696.0,6.5327981898954315,0.40223677290324256,72.00825065059547,-0.015358506398720266,0.19072164948453607,757.5,804.0,841.5000000000001
622,39.81937257,-71.45691463,696.0,6.516187244618016,0.40356567341050525,72.25052506095204,-0.012123290068419628,0.19072164948453607,757.5,804.0,841.5000000000001
623,39.8193304,-71.45706365,696.0,6.592089067221785,0.4030979055415738,71.1342177305345,-0.008651167278876546,0.211340206185567,757.5,804.0,841.5000000000001
623,39.8193304,-71.45706365,696.0,6.619313227793337,0.3992854397637798,70.23215216737327,-0.004153659567287536,0.20103092783505155,757.5,804.75,841.5000000000001
623,39.8193304,-71.45706365,696.0,6.567099106360529,0.3988186650460288,71.5745637998129,-0.0051665964799037165,0.21649484536082475,757.5,804.75,841.5000000000001
623,39.8193304,-71.45706365,696.0,6.60744883975248,0.40213094905512986,71.82396515746282,-7.041034578021756e-06,0.1958762886597938,757.5,804.75,841.5000000000001
624,39.81928138,-71.4572032,696.0,6.644991738178239,0.40649788733228914,71.04601872412364,-0.006852701586171272,0.20618556701030927,757.5,804.75,841.5000000000001
624,39.81928138,-71.4572032,696.0,6.6860036123524536,0.4069985144997394,71.61706196499254,-0.014639623184871536,0.20618556701030927,757.5,804.75,841.5000000000001
624,39.81928138,-71.4572032,696.0,6.671690560530523,0.40625814018337875,71.84375310038638,-0.014275511009607804,0.22164948453608246,757.5,804.75,841.5000000000001
624,39.81928138,-71.4572032,696.0,6.69161749497696,0.4065688711866077,71.39210925392182,-0.016032959306704467,0.1958762886597938,757.5,804.75,841.5000000000001
624,39.81928138,-71.4572032,696.0,6.826878337986503,0.4102827165485659,71.83990146671695,-0.015877906667284433,0.1958762886597938,757.5,804.75,841.5000000000001
625,39.81923297,-71.45735057,696.0,6.739286249721415,0.4093961560974779,72.73811949394003,-0.015529197159536708,0.1958762886597938,757.5,804.75,841.5000000000001
625,39.81923297,-71.45735057,696.0,6.664620856995014,0.4056877777056604,72.51199934554968,-0.008544733620300806,0.1958762886597938,757.5,804.75,841.5000000000001
625,39.81923297,-71.45735057,696.0,6.664683325060948,0.404520219031851,72.2857443629306,-0.006070773377266596,0.18556701030927836,757.5,804.75,841.5000000000001
625,39.81923297,-71.45735057,696.0,6.677403639157091,0.407008003085166,72.7350541134351,-0.010026706500255974,0.18041237113402062,757.5,804.75,841.5000000000001
626,39.8191826,-71.45748753,696.0,6.810004596092529,0.4083635158272762,71.83349008434843,-0.006815872100711848,0.20103092783505155,758.2500000000001,804.75,841.5000000000001
626,39.8191826,-71.45748753,696.0,6.848358411808979,0.4068302033828471,72.28322571332063,-0.0020019399433395813,0.18041237113402062,758.2500000000001,804.75,841.5000000000001
626,39.8191826,-71.45748753,696.0,6.9954103929094735,0.4067565861029646,73.1830161242326,-0.012254745694861844,0.18041237113402062,758.2500000000001,804.75,841.5000000000001
626,39.8191826,-71.45748753,696.0,6.976226147080973,0.40917262140926225,73.63223492071909,-0.012621807212921837,0.20618556701030927,758.2500000000001,804.75,841.5000000000001
627,39.819134,-71.45763453,696.0,7.063355539719659,0.41493635436959947,72.7302654011438,-0.013323381481474682,0.20618556701030927,758.2500000000001,804.75,841.5000000000001
627,39.819134,-71.45763453,696.0,7.10689789811297,0.41715315746725035,73.40450339407363,-0.008101534034656018,0.20618556701030927,758.2500000000001,804.75,841.5000000000001
627,39.819134,-71.45763453,696.0,7.2319933882828895,0.4152928356004077,72.9534599179791,-0.013451680368467892,0.18556701030927836,758.2500000000001,804.75,841.5000000000001
627,39.819134,-71.45763453,696.0,7.316014273195769,0.4140528408863929,73.85431141821617,-0.012331858018386538,0.1958762886597938,758.2500000000001,804.75,841.5000000000001
628,39.81909187,-71.4577798,696.0,7.297644194694631,0.41484955396225714,72.50368731250896,-0.009696756213036844,0.20618556701030927,758.2500000000001,804.75,841.5000000000001
628,39.81909187,-71.4577798,696.0,7.2183792484192555,0.415813280522965,73.17929559880301,-0.006509797396118828,0.20618556701030927,758.2500000000001,804.75,841.5000000000001
628,39.81909187,-71.4577798,696.0,7.1830160761507384,0.415894765271457,73.40409655876515,-0.008651283362709346,0.211340206185567,758.2500000000001,804.75,841.5000000000001
628,39.81909187,-71.4577798,696.0,7.196121094693868,0.41625571072300366,72.72836341826901,-0.009372880442598822,0.20618556701030927,761.2500000000001,804.75,841.5000000000001
628,39.81909187,-71.4577798,696.0,7.1140512267700995,0.419332325452312,73.62975316807115,-0.005954423227247419,0.20103092783505155,761.2500000000001,804.75,841.5000000000001
629,39.81905252,-71.45792267,696.0,7.0994593955274565,0.4196816555130821,72.95683776004762,-0.0008731666328770098,0.20103092783505155,761.2500000000001,804.75,841.5000000000001
629,39.81905252,-71.45792267,696.0,6.956434215508629,0.4148108245233088,72.73875525777666,-0.00789748766613074,0.1958762886597938,761.2500000000001,804.75,841.5000000000001
629,39.81905252,-71.45792267,696.0,6.787306340180478,0.4075117156824169,70.95088187418314,-0.007167566432961928,0.1958762886597938,761.2500000000001,804.75,841.5000000000001
629,39.81905252,-71.45792267,696.0,6.664676735987513,0.40414075663495874,73.4545966160413,-0.013061477835318344,0.1958762886597938,761.2500000000001,804.75,841.5000000000001
630,39.81901278,-71.45807122,696.0,6.596481414336276,0.4028806434566148,73.60505454073625,-0.023947218618002017,0.19072164948453607,761.2500000000001,804.75,841.5000000000001
630,39.81901278,-71.45807122,696.0,6.576862642460366,0.40319226479132436,72.72028981275261,-0.012922705226390874,0.17010309278350516,761.2500000000001,804.75,841.5000000000001
630,39.81901278,-71.45807122,696.0,6.678010995815493,0.4091804867479286,74.74254536413427,-0.009578929108346002,0.15463917525773196,761.2500000000001,804.75,841.5000000000001
630,39.81901278,-71.45807122,696.0,6.814197784785419,0.4166293667289351,74.26940918006869,-0.0026926479794405255,0.15979381443298968,761.2500000000001,804.75,841.5000000000001
631,39.81897345,-71.45821192,696.0,6.870914207472498,0.4235343251882695,74.35490556565351,0.00035216244116698976,0.18041237113402062,761.2500000000001,804.75,841.5000000000001
631,39.81897345,-71.45821192,696.0,6.839244243531469,0.4274742870614069,74.1123272220668,-0.0013793942880363722,0.17010309278350516,761.2500000000001,804.75,841.5000000000001
631,39.81897345,-71.45821192,696.0,6.8982110645455785,0.43087169393990554,72.75332053608639,-0.0007988012832962606,0.17010309278350516,762.0,804.75,841.5000000000001
631,39.81897345,-71.45821192,696.0,6.9583164673109374,0.43174831486948734,73.65066830565186,-0.001706857179575144,0.17010309278350516,762.0,804.75,841.5000000000001
632,39.81893103,-71.45835553,696.0,6.906337565973431,0.43207747178250994,74.99983772587468,-0.0022148520933149805,0.17010309278350516,762.0,804.75,841.5000000000001
632,39.81893103,-71.45835553,696.0,6.978890075993513,0.4348136151666217,74.32254071891163,-0.005454133672985944,0.15979381443298968,762.0,804.75,841.5000000000001
632,39.81893103,-71.45835553,696.0,6.992737831303756,0.43457478485743967,73.87055376688133,-0.009353540080175332,0.15979381443298968,762.0,804.75,841.5000000000001
632,39.81893103,-71.45835553,696.0,6.846702861232855,0.43119810545003917,73.41955347022562,-0.012945389497175094,0.14432989690721648,762.0,804.75,841.5000000000001
633,39.81888472,-71.45849648,696.0,6.809056219545577,0.42848218590439685,73.42039594668005,-0.006360510366439592,0.14948453608247422,762.0,804.75,841.5000000000001
633,39.81888472,-71.45849648,696.0,6.8021774079507,0.4266239170836432,74.3224938546697,-7.021293692374341e-05,0.17010309278350516,762.0,804.75,841.5000000000001
633,39.81888472,-71.45849648,696.0,6.757267383614221,0.4259273780152237,74.32406592583797,0.0027895432532986076,0.18041237113402062,762.0,804.75,841.5000000000001
633,39.81888472,-71.45849648,696.0,6.713049707334854,0.42290414289535067,75.22754847921544,0.002049447087006051,0.17525773195876287,762.0,804.75,841.5000000000001
633,39.81888472,-71.45849648,696.0,6.64879319810664,0.41998893771034224,76.35982782706995,0.007543133584164451,0.18556701030927836,762.0,804.75,841.5000000000001
634,39.81883708,-71.45863645,696.0,6.584915469366649,0.4141204147996167,75.69736925872346,-0.001849561833392891,0.18556701030927836,762.0,804.75,841.5000000000001
634,39.81883708,-71.45863645,696.0,6.614033088047709,0.4105964212074999,75.48945794314028,-0.004388198034833269,0.17525773195876287,762.0,804.75,841.5000000000001
634,39.81883708,-71.45863645,696.0,6.645282767978214,0.41015711357037477,76.06816181124371,-0.004807300284679644,0.19072164948453607,762.0,804.75,841.5000000000001
634,39.81883708,-71.45863645,696.0,6.634629744242896,0.4120281289138131,76.53184120568555,-0.008251659250399224,0.19072164948453607,762.0,804.75,841.5000000000001
635,39.81879405,-71.45877467,696.0,6.589863530251464,0.4138633957171174,76.54536998122168,-0.007001305703034226,0.18556701030927836,762.0,804.75,841.5000000000001
635,39.81879405,-71.45877467,696.0,6.57163049478566,0.41540530202023823,75.88458518240901,-0.010427600005027349,0.19072164948453607,762.0,804.75,841.5000000000001
635,39.81879405,-71.45877467,696.0,6.4801773662453295,0.411448751631142,74.77039547895997,-0.011872622366053935,0.20618556701030927,762.0,804.75,841.5000000000001
635,39.81879405,-71.45877467,696.0,6.405815966112251,0.40611794335774143,75.00269746369489,-0.006608924093540013,0.20103092783505155,762.0,804.75,841.5000000000001
636,39.81874857,-71.4589199,696.0,6.52001993898295,0.4036332374703203,74.78091944101283,-0.0071127967277667195,0.1958762886597938,762.0,804.75,841.5000000000001
636,39.81874857,-71.4589199,696.0,6.555143103169598,0.40388170832828846,76.58104521095832,-0.00480423769743695,0.18556701030927836,774.7499999999999,804.75,841.5000000000001
636,39.81874857,-71.4589199,696.0,6.504999479968714,0.3982825836232258,76.1117489723322,-0.0010314807794504514,0.18041237113402062,774.7499999999999,804.75,841.5000000000001
636,39.81874857,-71.4589199,696.0,6.439345210724241,0.3946769811373711,75.38445858280934,0.006498268036767281,0.18041237113402062,774.7499999999999,804.75,841.5000000000001
637,39.81869823,-71.45905642,696.0,6.48373338342255,0.39625537016412865,77.72227726881016,-0.009846826925840737,0.18041237113402062,774.7499999999999,804.75,841.5000000000001
637,39.81869823,-71.45905642,696.0,6.417578988608037,0.39700145740057535,76.13580220379635,-0.014250540367144173,0.1641025641025641,774.7499999999999,804.75,842.25
637,39.81869823,-71.45905642,696.0,6.42291218123179,0.3954416030808362,74.5543852357202,-0.00577410000316188,0.1794871794871795,774.7499999999999,804.75,842.25
637,39.81869823,-71.45905642,696.0,6.367605564854652,0.3957282210094045,75.45287034106731,-0.0026435803917280185,0.18974358974358974,774.7499999999999,805.5,842.25
638,39.8186525,-71.4592041,696.0,6.15758255411337,0.3922033482458847,76.1291438355602,-0.0036888395109023523,0.1794871794871795,774.7499999999999,805.5,842.25
638,39.8186525,-71.4592041,696.0,6.1197627083384045,0.38726295640954794,74.77985262914781,-0.0030688380961876906,0.18974358974358974,774.7499999999999,805.5,842.25
638,39.8186525,-71.4592041,696.0,6.106644226348621,0.3823678092372646,75.00589934449636,-0.00046785166587730607,0.18974358974358974,774.7499999999999,805.5,842.25
638,39.8186525,-71.4592041,696.0,6.196742004131984,0.3803323537873585,75.23149270047661,-0.002273635037278878,0.1794871794871795,774.7499999999999,805.5,842.25
638,39.8186525,-71.4592041,696.75,6.217274217161932,0.37735546358728234,74.78111782067401,-0.008196649697235379,0.17525773195876287,774.7499999999999,805.5,842.25
639,39.8186023,-71.45934218,696.75,6.1583355078874025,0.37265017813163537,75.904886881143,-0.0011185260187678088,0.18556701030927836,774.7499999999999,805.5,842.25
639,39.8186023,-71.45934218,696.75,6.237830597860529,0.3713346083758698,76.57658440884406,0.0016844184951315293,0.17010309278350516,774.7499999999999,805.5,842.25
639,39.8186023,-71.45934218,696.75,6.280306319703823,0.37426859402010654,75.67125473763093,-0.0023097619633854504,0.18041237113402062,774.7499999999999,805.5,842.25
639,39.8186023,-71.45934218,696.75,6.372656287439518,0.3747771285562194,76.1181691241263,0.004781588406974419,0.1958762886597938,774.7499999999999,805.5,842.25
640,39.8185529,-71.45948862,696.75,6.472150027601737,0.3758546628768978,75.44107344621227,-0.008177605365341421,0.18556701030927836,774.7499999999999,805.5,842.25
640,39.8185529,-71.45948862,696.75,6.559705474566989,0.37947386564072716,74.99046424568424,-0.004768689626116,0.18041237113402062,774.7499999999999,805.5,842.25
640,39.8185529,-71.45948862,696.75,6.555175472480923,0.3836816795420545,74.76526369449604,-0.0023982669431221134,0.1958762886597938,774.7499999999999,805.5,842.25
640,39.8185529,-71.45948862,696.75,6.6203048709840555,0.3858295588467407,73.63901247235906,0.005595267852181523,0.1958762886597938,774.7499999999999,805.5,842.25
641,39.81850832,-71.45963147,696.75,6.701309258801367,0.3868166775014531,73.86325305755695,-0.006475838145755075,0.18556701030927836,774.7499999999999,805.5,842.25
641,39.81850832,-71.45963147,696.75,6.832811670752485,0.382920860092844,73.41216074454132,-0.001797794522651181,0.18556701030927836,774.7499999999999,805.5,842.25
641,39.81850832,-71.45963147,696.75,6.859129197408419,0.3791024349463873,74.08724210421761,-0.0075988444680296936,0.20103092783505155,774.7499999999999,806.25,842.25
641,39.81850832,-71.45963147,696.75,6.884355564066281,0.38118084775499517,74.76228435327894,-0.0011474443852654962,0.2268041237113402,774.7499999999999,806.25,842.25
641,39.81850832,-71.45963147,696.75,6.864956378571152,0.3827139347209783,73.41067361749845,-0.007080847070731323,0.2268041237113402,774.7499999999999,806.25,842.25
642,39.81846322,-71.45977468,696.75,6.712570592890457,0.37981047959901937,72.50988854990092,-0.003183846350787846,0.2268041237113402,774.7499999999999,806.25,842.25
642,39.81846322,-71.45977468,696.75,6.711481223168081,0.37774562016967517,74.0863217510033,0.003963936862346324,0.20103092783505155,774.7499999999999,806.25,842.25
642,39.81846322,-71.45977468,696.75,6.728260356757745,0.37881195635086445,75.4372908661507,0.003387233365239985,0.211340206185567,774.7499999999999,806.25,842.25
642,39.81846322,-71.45977468,696.75,6.657467139622207,0.38028265045770987,74.98614284852839,-0.002937480075901384,0.22164948453608246,774.7499999999999,806.25,842.25
643,39.81842387,-71.45992458,696.75,6.763313044511801,0.37721674419979484,75.21009813896673,-0.006590015446986385,0.23195876288659795,774.7499999999999,806.25,842.25
643,39.81842387,-71.45992458,696.75,6.791203260642879,0.3776052005127776,75.88478877476715,0.0005300964440940499,0.2268041237113402,774.7499999999999,806.25,842.25
643,39.81842387,-71.45992458,696.75,6.686101807835036,0.3798964134773759,75.20919841236609,-0.004674737267487706,0.23195876288659795,774.7499999999999,806.25,842.25
643,39.81842387,-71.45992458,696.75,6.62768985980034,0.3783362535403433,74.75971605487659,-0.004612303239090758,0.20618556701030927,774.7499999999999,806.25,842.25
644,39.81838183,-71.46007162,696.75,6.458608345746868,0.37716439461570556,74.98645845675053,-0.0030589174670103644,0.211340206185567,774.7499999999999,806.25,842.25
644,39.81838183,-71.46007162,697.5,6.238468411814179,0.37609940639233075,76.56416819201438,-0.006183395085076164,0.20725388601036268,774.7499999999999,806.25,842.25
644,39.81838183,-71.46007162,697.5,6.146670101947477,0.37521058175868066,77.6904063489702,-0.004386179995044702,0.20207253886010362,774.7499999999999,807.75,842.25
644,39.81838183,-71.46007162,697.5,6.139149960332495,0.3733151777116551,75.66297637842436,-0.003551545395415316,0.20207253886010362,774.7499999999999,808.5,842.25
645,39.8183373,-71.4602156,697.5,6.12884116576489,0.3728157248647474,74.3103443470889,-0.0021248795558101064,0.19170984455958548,774.7499999999999,808.5,842.25
645,39.8183373,-71.4602156,697.5,6.067740062324188,0.37135115774683475,74.08335074980941,0.00016391785210755265,0.17098445595854922,774.7499999999999,808.5,842.25
645,39.8183373,-71.4602156,697.5,6.091374495152833,0.37000066019176825,74.30707846146224,-0.003496144793123401,0.18134715025906736,774.7499999999999,808.5,842.25
645,39.8183373,-71.4602156,697.5,6.265032513486708,0.36708173749301554,74.30611163889836,-0.010833674526435681,0.17616580310880828,774.7499999999999,808.5,842.25
645,39.8183373,-71.4602156,697.5,6.377166861745322,0.3650469054070867,73.85489975672337,-0.01483971070279458,0.18134715025906736,774.7499999999999,808.5,842.25
646,39.81828702,-71.46036317,697.5,6.30383028105563,0.36268540762647394,73.17830889334229,-0.009928074518987851,0.19170984455958548,774.7499999999999,808.5,842.25
646,39.81828702,-71.46036317,697.5,6.351890902999984,0.36503229827312317,74.97895046794,-0.002220626277226502,0.17616580310880828,775.5,808.5,842.25
646,39.81828702,-71.46036317,697.5,6.4781819714150775,0.36595758959919134,75.20399042577586,-0.005796798548697968,0.20207253886010362,775.5,809.25,842.25
646,39.81828702,-71.46036317,697.5,6.575542488621182,0.36420352347822815,75.65425603464742,-0.008538670779848686,0.20207253886010362,775.5,809.25,842.25
647,39.81823757,-71.46050695,697.5,6.6428734175332895,0.36352753846662267,74.30250130584444,-0.009842913515849485,0.19170984455958548,775.5,809.25,842.25
647,39.81823757,-71.46050695,697.5,6.762553974822397,0.36309626621413327,74.75115807253158,-0.002333361907360018,0.18134715025906736,775.5,809.25,842.25
647,39.81823757,-71.46050695,697.5,6.787504226998378,0.36673048137289627,75.6495089338388,-0.005718182961727414,0.18134715025906736,775.5,809.25,842.25
647,39.81823757,-71.46050695,697.5,6.969604996572979,0.37016354565889936,76.54759459082126,-0.006896071125029191,0.18652849740932642,775.5,809.25,842.25
648,39.81818985,-71.46065045,697.5,7.156390396435565,0.3735067126614657,75.86961539839014,-0.004591200806941903,0.17616580310880828,775.5,809.25,842.25
648,39.81818985,-71.46065045,697.5,7.378876988117705,0.37348111834873593,74.96781119773678,-0.0013763470019624022,0.18134715025906736,775.5,809.25,842.25
648,39.81818985,-71.46065045,697.5,7.426866170900938,0.37139094325437083,74.96862320709013,-0.003838478952624634,0.18556701030927836,775.5,809.25,843.0000000000001
648,39.81818985,-71.46065045,697.5,7.373268955448597,0.3710688571458973,73.6185616954154,0.0005683743929130364,0.17525773195876287,775.5,809.25,843.0000000000001
648,39.81818985,-71.46065045,697.5,7.385092540928816,0.3720708859953548,74.51826220312573,0.0024318897401064284,0.20103092783505155,775.5,809.25,843.0000000000001
649,39.81814642,-71.4607965,697.5,7.42401599871948,0.372099483338717,74.51373085712478,-0.008331532186098134,0.1958762886597938,775.5,809.25,843.0000000000001
649,39.81814642,-71.4607965,697.5,7.710670761455057,0.3746029431102567,73.83046993558729,-0.011810782551299253,0.23195876288659795,775.5,809.25,843.0000000000001
649,39.81814642,-71.4607965,697.5,8.123384734475954,0.37734122405716747,72.92427387532886,-0.0012269901218577928,0.23711340206185566,775.5,809.25,843.0000000000001
649,39.81814642,-71.4607965,697.5,8.143421064972616,0.3801888832708994,72.92797758673343,-0.005934003689346897,0.22164948453608246,775.5,809.25,843.0000000000001
650,39.81809712,-71.46093953,697.5,7.7741882714854995,0.38450515546172626,73.3864955270492,-0.008089708085606492,0.2268041237113402,775.5,809.25,843.0000000000001
650,39.81809712,-71.46093953,697.5,7.445362473999119,0.3865028799474492,74.74382212490738,-0.00831960372337806,0.23195876288659795,775.5,809.25,843.0000000000001
650,39.81809712,-71.46093953,697.5,7.22427822074508,0.38503645213926696,72.04482980245557,-0.010754815183423099,0.2268041237113402,775.5,809.25,843.0000000000001
650,39.81809712,-71.46093953,697.5,6.957342243990367,0.3818472147165264,73.39821668273866,-0.0035828344351753094,0.23195876288659795,775.5,809.25,843.0000000000001
651,39.81805278,-71.4610888,698.25,6.619735252233183,0.3781744300828511,75.43855999682626,-0.007274814265362042,0.20833333333333334,775.5,809.25,842.25
651,39.81805278,-71.4610888,698.25,6.647062305595705,0.378964251059321,76.7799497771379,-0.010477391688509901,0.20833333333333334,775.5,809.25,842.25
651,39.81805278,-71.4610888,698.25,6.968284259996611,0.3793909505503605,76.32338459790869,-0.005219365967406492,0.19270833333333334,775.5,809.25,842.25
651,39.81805278,-71.4610888,698.25,7.346078020187203,0.3798742995704306,73.61984322345853,-0.004229791496720976,0.21875,775.5,809.25,842.25
651,39.81805278,-71.4610888,698.25,7.372686262539097,0.38098162903102506,73.17493380960937,-0.007704391074567938,0.234375,775.5,809.25,842.25
652,39.8180061,-71.46123073,698.25,7.297034169316526,0.3813899637398222,73.18001310002478,-0.009796965518763374,0.22395833333333334,775.5,809.25,842.25
652,39.8180061,-71.46123073,698.25,7.561024098702066,0.3849117323748934,73.85699110831754,-0.010497667529792356,0.203125,775.5,809.25,842.25
652,39.8180061,-71.46123073,698.25,8.040652462941495,0.3901283582261374,74.08215955309339,-0.00607357070771257,0.203125,775.5,809.25,842.25
652,39.8180061,-71.46123073,698.25,8.187140047105808,0.395569622552467,75.8834301335584,-0.003963371941669125,0.20833333333333334,775.5,809.25,842.25
653,39.8179592,-71.46137848,698.25,8.313632277353374,0.4022766919766692,75.6584173535225,-0.007469598545250399,0.21354166666666666,775.5,809.25,842.25
653,39.8179592,-71.46137848,698.25,8.510990975318592,0.4022400893761514,75.20768319396596,-0.013249484893968844,0.21354166666666666,775.5,809.25,842.25
653,39.8179592,-71.46137848,698.25,8.36262689455058,0.398237686920733,74.30635046164866,-0.010766620052200306,0.19170984455958548,775.5,809.25,843.0000000000001
653,39.8179592,-71.46137848,698.25,7.806914423761425,0.39465320710495244,74.0801343035384,-0.0016511028047211972,0.20725388601036268,775.5,809.25,843.0000000000001
654,39.81791552,-71.46152628,698.25,7.212114307152072,0.3937947849642611,75.20565839228034,0.0001306491189181328,0.20725388601036268,775.5,809.25,843.0000000000001
654,39.81791552,-71.46152628,698.25,6.7621714832167905,0.39125110944121194,74.30328731560463,-0.00915817337605062,0.21761658031088082,775.5,809.25,843.0000000000001
654,39.81791552,-71.46152628,698.25,6.317465122639985,0.3889091258181819,75.42739813531871,-0.01690733838184976,0.21761658031088082,775.5,809.25,843.0000000000001
654,39.81791552,-71.46152628,698.25,6.531567780154826,0.38832248436868577,75.8782378269839,-0.015168861961966255,0.22797927461139897,775.5,809.25,843.0000000000001
654,39.81791552,-71.46152628,698.25,6.5506479639458615,0.38530143417114854,74.98107282242388,-0.015097611139176412,0.24352331606217617,775.5,809.25,843.0000000000001
655,39.81787022,-71.46167593,698.25,6.542721802603994,0.38235085030731936,76.33710668659035,-0.008841821479626167,0.23834196891191708,775.5,809.25,843.0000000000001
655,39.81787022,-71.46167593,698.25,6.605885180579649,0.3767506930348284,74.54058365337143,-0.0020250479200966966,0.24352331606217617,775.5,809.25,843.0000000000001
655,39.81787022,-71.46167593,698.25,6.68078183757823,0.37419185911858405,73.41966397187853,-0.010331060295445648,0.21761658031088082,775.5,809.25,843.0000000000001
655,39.81787022,-71.46167593,698.25,6.796034338821141,0.37403325048522323,74.77908488022084,-0.007347949329702248,0.22279792746113988,775.5,809.25,843.0000000000001
656,39.8178272,-71.46182413,698.25,6.975544297746546,0.3732632743867894,75.69984136967125,-0.011283272769170205,0.22797927461139897,775.5,809.25,843.0000000000001
656,39.8178272,-71.46182413,699.0,6.9788020856861825,0.3684885061262138,75.8804604125923,-0.01069338611276564,0.23958333333333334,775.5,809.25,843.0000000000001
656,39.8178272,-71.46182413,699.0,7.00374570443229,0.36399542585166883,74.85877221500726,-0.01129644480470504,0.23958333333333334,775.5,809.25,843.0000000000001
656,39.8178272,-71.46182413,699.0,7.098340262522119,0.36441028178799867,75.12369094984506,-0.013336494416820572,0.2604166666666667,775.5,809.25,843.0000000000001
657,39.81778278,-71.46197073,699.0,6.956347019532648,0.3660043547423141,74.46468289673872,-0.010280623334544936,0.23958333333333334,775.5,809.25,843.0000000000001
657,39.81778278,-71.46197073,699.0,6.68691048564969,0.36935208456411545,76.730217768083,-0.011929999106183581,0.24479166666666666,775.5,809.25,843.0000000000001
657,39.81778278,-71.46197073,699.0,6.46754516679411,0.37368359553365227,75.17144045605056,-0.011255579284746327,0.24479166666666666,775.5,809.25,843.0000000000001
657,39.81778278,-71.46197073,699.0,6.536397914554323,0.37326330044663125,72.97570530222619,-0.008812720392855949,0.22916666666666666,775.5,809.25,843.0000000000001
657,39.81778278,-71.46197073,699.0,6.5663946117238945,0.37357979833061894,72.51789729163104,-0.01302615654753251,0.21354166666666666,775.5,809.25,843.0000000000001
658,39.81774182,-71.46212505,699.0,6.4842465873108095,0.37414638154439533,74.76965272440297,-0.015317615542300015,0.203125,775.5,809.25,843.0000000000001
658,39.81774182,-71.46212505,699.0,6.433507299081016,0.3732215447466616,74.08764468534004,-0.010989306697649043,0.19270833333333334,775.5,809.25,843.0000000000001
658,39.81774182,-71.46212505,699.0,6.527827046260113,0.3703220226870826,75.2081008332369,-0.006839901377178551,0.18229166666666666,775.5,809.25,843.0000000000001
658,39.81774182,-71.46212505,699.0,6.661084281304272,0.3705187419435482,75.43136691132153,-0.010912813889515687,0.16666666666666666,775.5,809.25,843.0000000000001
659,39.81769913,-71.46227063,699.0,6.803516144044501,0.36918098178319403,73.85447358731192,-0.007422663365247763,0.15625,776.2499999999999,809.25,843.0000000000001
659,39.81769913,-71.46227063,699.0,6.779001926079356,0.3698443217542515,75.20406715640387,0.0002997887058283949,0.14583333333333334,776.2499999999999,809.25,843.0000000000001
659,39.81769913,-71.46227063,699.0,6.817226260789282,0.36983005277037506,74.75154268922715,2.9784330016771185e-05,0.13020833333333334,776.2499999999999,809.25,843.0000000000001
659,39.81769913,-71.46227063,699.0,7.035080119024573,0.3698776102715191,74.75021007588077,-0.0070851452850570875,0.15104166666666666,776.2499999999999,809.25,843.0000000000001
659,39.81769913,-71.46227063,699.0,7.114382454436217,0.3686624920556557,77.45259295112366,-0.005016481958666134,0.16666666666666666,776.2499999999999,809.25,843.0000000000001
660,39.8176596,-71.46242382,699.0,7.128605706191112,0.36679418253467627,77.45500579902073,-0.010728243777844149,0.18229166666666666,776.2499999999999,809.25,843.0000000000001
660,39.8176596,-71.46242382,699.0,7.038396030311436,0.364691886432038,77.45780659639392,-0.007021239089718499,0.171875,776.2499999999999,809.25,843.0000000000001
660,39.8176596,-71.46242382,699.0,7.006971653437787,0.36772906314822157,78.58519269400855,-0.002000111256242547,0.171875,776.2499999999999,809.25,843.0000000000001
660,39.8176596,-71.46242382,699.0,6.900478027415841,0.37323011175289494,77.6850877794565,-0.006720163290051537,0.17708333333333334,776.2499999999999,809.25,843.0000000000001
661,39.81761153,-71.46256833,699.0,6.86642415167719,0.3701691766104855,76.78443240423493,-0.010394375351515217,0.1875,776.2499999999999,809.25,843.0000000000001
661,39.81761153,-71.46256833,699.0,6.754437244001414,0.3636449326029386,76.33339704305186,-0.012929360336867349,0.19791666666666666,776.2499999999999,809.25,843.0000000000001
661,39.81761153,-71.46256833,699.0,6.792245714917619,0.3641817906296232,79.0343153747227,-0.008476147465958043,0.17708333333333334,776.2499999999999,809.25,843.0000000000001
661,39.81761153,-71.46256833,699.0,6.902283868801582,0.36526046949435237,77.23340863791066,-0.008430499483850225,0.17708333333333334,776.2499999999999,809.25,843.0000000000001
662,39.81756708,-71.46272002,699.0,6.870935089320823,0.36498241224193234,76.55885076609466,-0.005866819173530493,0.17708333333333334,776.2499999999999,809.25,843.0000000000001
662,39.81756708,-71.46272002,699.0,6.827086818556656,0.36734376453826145,78.81179782466272,-0.004261268048085934,0.18229166666666666,776.2499999999999,809.25,843.0000000000001
662,39.81756708,-71.46272002,699.0,6.904983134147638,0.3710972069196948,78.81122913019526,1.6803398978333954e-05,0.1875,776.2499999999999,806.25,843.0000000000001
662,39.81756708,-71.46272002,699.0,7.113071175471784,0.37426403638601946,77.45853414911038,0.0023776984008658237,0.17708333333333334,776.2499999999999,809.25,843.0000000000001
662,39.81756708,-71.46272002,699.0,7.223315352571629,0.37555575911447847,78.8098208643254,0.0013219927556407335,0.19791666666666666,776.2499999999999,806.25,843.0000000000001
663,39.81752547,-71.46286817,699.0,7.333086625035874,0.3771479237915014,79.26061953950115,-0.007884214858203818,0.18229166666666666,776.2499999999999,806.25,843.0000000000001
663,39.81752547,-71.46286817,699.0,7.364431219737471,0.38042638250273897,79.48440372585638,-0.013906086888507444,0.171875,776.2499999999999,806.25,843.0000000000001
663,39.81752547,-71.46286817,699.0,7.368983107199367,0.3828865255306056,78.80753900902306,-0.012981343528793201,0.171875,776.2499999999999,806.25,843.0000000000001
663,39.81752547,-71.46286817,699.0,7.466209033746174,0.384824852520749,77.68097593172813,-0.014317462740261848,0.17708333333333334,776.2499999999999,806.25,843.0000000000001
664,39.81748153,-71.46301203,699.0,7.939628018983745,0.3850864699036268,76.55487436058569,-0.008923515811501474,0.17708333333333334,776.2499999999999,806.25,843.0000000000001
664,39.81748153,-71.46301203,699.0,8.099761437588423,0.38413321809201034,78.35533599979041,-0.00015033023372879603,0.17708333333333334,776.2499999999999,806.25,843.0000000000001
664,39.81748153,-71.46301203,699.0,8.03680116060224,0.3845140088228277,78.35383543567869,-0.00618086350286565,0.18229166666666666,776.2499999999999,806.25,843.0000000000001
664,39.81748153,-71.46301203,699.0,7.781154625935794,0.383487527614719,79.0292039998493,-0.008950138599329907,0.17708333333333334,776.2499999999999,806.25,843.0000000000001
665,39.81743938,-71.46316005,699.0,7.6819849784081615,0.3795154184258793,79.48078571891685,-0.007390143353323874,0.18229166666666666,776.2499999999999,806.25,843.0000000000001
665,39.81743938,-71.46316005,699.0,7.697092915295969,0.375446674993396,77.45602239564393,-0.002164807743724263,0.19791666666666666,776.2499999999999,806.25,843.0000000000001
665,39.81743938,-71.46316005,699.0,7.644056660995127,0.3711947223818279,77.00684818562695,-0.0019428765431860843,0.20833333333333334,776.2499999999999,806.25,843.0000000000001
665,39.81743938,-71.46316005,699.0,7.4561744834959365,0.3675077889760692,79.25921749578318,-0.001926825980182762,0.20833333333333334,776.2499999999999,806.25,843.0000000000001
665,39.81743938,-71.46316005,699.0,7.353428868917716,0.3646680958289881,79.93554782063903,-0.00659207839825404,0.21875,776.2499999999999,806.25,843.0000000000001
666,39.81739482,-71.46330833,699.0,7.340279450257277,0.3653302980412587,80.16216563916205,-0.0064677443412294745,0.20833333333333334,776.2499999999999,806.25,843.0000000000001
666,39.81739482,-71.46330833,699.0,7.573961166987723,0.3666241587122548,78.36280997205598,-0.015544921791890202,0.21354166666666666,776.2499999999999,806.25,843.0000000000001
666,39.81739482,-71.46330833,699.0,7.628111056842049,0.3662031359585647,78.5903792458199,-0.016904474796307023,0.21354166666666666,776.2499999999999,806.25,843.0000000000001
666,39.81739482,-71.46330833,699.0,7.818475645940468,0.3657780644782504,78.36733698730472,-0.01604902147770351,0.203125,776.2499999999999,806.25,843.0000000000001
667,39.81734483,-71.46344992,699.0,8.026106784676301,0.36464856166994625,77.91812231402314,-0.017371573195697446,0.1875,776.2499999999999,806.25,843.0000000000001
667,39.81734483,-71.46344992,699.0,7.850230960548319,0.36328197273012236,77.91566179695259,-0.009819226669705219,0.17708333333333334,776.2499999999999,806.25,843.0000000000001
667,39.81734483,-71.46344992,699.0,7.465464162549138,0.3605286820783941,78.13436048132773,-0.013286793140906996,0.18229166666666666,776.2499999999999,806.25,843.0000000000001
667,39.81734483,-71.46344992,699.0,7.24871601530892,0.35733855192375685,77.68171115837717,-0.0165091917849741,0.1875,776.2499999999999,806.25,843.0000000000001
668,39.81729227,-71.4635943,699.0,7.092470204705616,0.3555538953580617,76.33471701901816,-0.009360935559323557,0.1875,776.2499999999999,806.25,843.0000000000001
668,39.81729227,-71.4635943,699.0,7.005854134024931,0.3594343512115214,76.5661782105291,-0.004872477847880759,0.16666666666666666,776.2499999999999,806.25,843.0000000000001
668,39.81729227,-71.4635943,699.0,7.019509576658419,0.36340533158096383,75.8982370156356,-0.006848814649284391,0.17708333333333334,776.2499999999999,806.25,843.0000000000001
668,39.81729227,-71.4635943,699.0,7.1300275555114085,0.3658230317906029,77.25462496399861,-0.0026451581580090957,0.1875,776.2499999999999,807.0,843.0000000000001
668,39.81729227,-71.4635943,699.0,7.018820837027315,0.3650491510817941,77.93130609030439,-0.005545741532411577,0.1875,776.2499999999999,807.0,843.0000000000001
669,39.8172431,-71.4637404,699.0,6.9441798767107565,0.36432900947357305,76.57739556427396,-0.008063941100168679,0.19270833333333334,776.2499999999999,807.0,843.0000000000001
669,39.8172431,-71.4637404,699.0,7.1320265333826445,0.36997170541777613,76.79987187404666,-0.009071460084199876,0.171875,776.2499999999999,807.0,843.0000000000001
669,39.8172431,-71.4637404,699.0,7.349566922042011,0.3746125649864091,76.34833146696083,-0.009647441776664876,0.18229166666666666,776.2499999999999,807.0,843.0000000000001
669,39.8172431,-71.4637404,699.0,7.308381501184053,0.37129874703543214,75.44897472158888,0.0006199853982294723,0.171875,776.2499999999999,807.0,843.0000000000001
670,39.8171974,-71.46388367,699.0,7.384720367502616,0.3652213582760627,76.12826234395492,0.004527762039427539,0.171875,776.2499999999999,807.0,843.0000000000001
670,39.8171974,-71.46388367,699.0,7.654891878174692,0.360860754307286,77.03651629865392,-0.0010109910975395762,0.19270833333333334,776.2499999999999,807.0,843.0000000000001
670,39.8171974,-71.46388367,699.0,7.861065249932013,0.3570319699328504,77.28140299373337,-0.004374552361311444,0.19270833333333334,775.5,807.0,843.0000000000001
670,39.8171974,-71.46388367,699.0,7.7861404450352145,0.35472173693513254,77.0884028255436,-0.003218109434482511,0.16666666666666666,775.5,807.0,843.0000000000001
671,39.81714845,-71.46402898,699.0,7.640545834573237,0.3537593314588593,76.56517366999465,-0.0038389935499945145,0.16666666666666666,775.5,807.0,843.0000000000001
671,39.81714845,-71.46402898,699.0,7.557099381505087,0.3564757857354556,77.07932321707167,-0.0004785388789717447,0.18229166666666666,775.5,807.0,843.0000000000001
671,39.81714845,-71.46402898,699.0,7.512892697381386,0.35769882031883204,76.9357487431089,-0.010649745572901635,0.16666666666666666,775.5,807.0,843.0000000000001
671,39.81714845,-71.46402898,699.0,7.493169210407912,0.35520143468337556,77.62129209323204,-0.005467405034658049,0.16666666666666666,775.5,807.0,843.0000000000001
672,39.81710077,-71.46417257,699.0,7.3236056818910935,0.3499460120529764,79.42255199422713,-0.005571961296059193,0.17708333333333334,775.5,807.0,843.0000000000001
672,39.81710077,-71.46417257,699.0,7.1253185557769285,0.34629486864309383,78.76797215822768,-0.006704134704186354,0.18229166666666666,774.7499999999999,807.0,843.0000000000001
672,39.81710077,-71.46417257,699.0,7.187980357633117,0.3460912499845383,79.9091071768842,-0.010748791442554537,0.19791666666666666,774.7499999999999,807.0,843.0000000000001
672,39.81710077,-71.46417257,699.0,7.412807432909258,0.34546040754214563,77.89044763656928,-0.014882278349866251,0.21354166666666666,774.7499999999999,807.0,843.0000000000001
672,39.81710077,-71.46417257,699.0,7.374770301432926,0.3463079944028331,76.76873674235388,-0.008887646926898,0.18229166666666666,774.7499999999999,807.0,843.0000000000001
673,39.8170534,-71.46431888,699.0,7.298451229609219,0.34872753825610436,77.22248949169548,-0.00772268823957133,0.19270833333333334,774.7499999999999,807.0,843.0000000000001
673,39.8170534,-71.46431888,699.0,7.386689629874407,0.3534651311870059,78.57279479251764,-0.009476292836250962,0.17708333333333334,774.7499999999999,807.0,843.0000000000001
673,39.8170534,-71.46431888,699.0,7.500235345329853,0.35806100799846236,77.89186861022814,-0.011077611882701382,0.17708333333333334,774.7499999999999,807.0,843.0000000000001
673,39.8170534,-71.46431888,699.0,7.556198490474141,0.35683884718412456,79.4625551850177,-0.011843294141602463,0.171875,775.5,807.0,843.0000000000001
674,39.81700667,-71.46446463,699.0,7.541530742593335,0.3514307330610636,77.67139568140784,-0.003792033739922796,0.16666666666666666,775.5,807.0,843.0000000000001
674,39.81700667,-71.46446463,699.0,7.5603741720803255,0.3487256628648223,77.00573517919649,-0.006943863359262648,0.1875,775.5,807.0,843.0000000000001
674,39.81700667,-71.46446463,699.0,7.904577384620264,0.34721355255342945,76.33366356767903,-0.006818560424076371,0.19791666666666666,775.5,807.0,843.0000000000001
674,39.81700667,-71.46446463,699.0,8.206351803021075,0.3454523737494954,77.68398540085572,-0.007809739419274967,0.19270833333333334,775.5,807.0,843.0000000000001
674,39.81700667,-71.46446463,699.0,8.296715311764554,0.3447708493171909,78.5822429618129,-0.0126364548481252,0.203125,775.5,807.0,843.0000000000001
675,39.81696032,-71.46461872,699.0,8.135345850130616,0.3409306479160516,76.77862201035045,-0.009277576974369579,0.203125,775.5,807.0,843.0000000000001
675,39.81696032,-71.46461872,699.0,7.688275398025511,0.33499615891212026,75.87696901651425,-0.00733781199420664,0.21354166666666666,775.5,807.0,843.0000000000001
675,39.81696032,-71.46461872,699.0,7.355842095881504,0.3295577230334359,75.20268406867201,-0.007597295552866542,0.20833333333333334,775.5,807.0,843.0000000000001
675,39.81696032,-71.46461872,699.0,7.4045248150638034,0.32827408103201894,75.65422176514596,-0.00139378097980227,0.22916666666666666,775.5,807.0,843.0000000000001
676,39.8169138,-71.46476483,699.0,7.488576122566332,0.3357954135098503,74.07762167062143,0.00040712760774667733,0.25,775.5,807.0,843.0000000000001
676,39.8169138,-71.46476483,699.0,7.510602778233638,0.3377692024865471,74.75133055417518,-0.0022884835782732275,0.25,775.5,807.0,843.0000000000001
676,39.8169138,-71.46476483,699.0,7.4635323456058895,0.33608086428201356,75.20159526163228,-0.001395723401342278,0.25,775.5,807.0,843.0000000000001
676,39.8169138,-71.46476483,699.0,7.322200294206068,0.33724242580517605,74.75412213034237,-0.001084355973278025,0.22916666666666666,775.5,807.0,843.0000000000001
677,39.81686537,-71.46491182,699.0,7.483605694508768,0.34086645496991763,75.20830187192254,-0.006955133779449608,0.22916666666666666,775.5,807.0,843.0000000000001
677,39.81686537,-71.46491182,699.0,7.928886262311752,0.3414366862766245,77.68693647212469,-0.013023666807424207,0.23958333333333334,774.7499999999999,807.0,843.0000000000001
677,39.81686537,-71.46491182,699.0,8.2230930717253,0.34104123270718295,76.11064700946982,-0.012501937417147462,0.234375,774.7499999999999,807.0,843.0000000000001
677,39.81686537,-71.46491182,699.0,7.988414107682193,0.3419865921123558,77.6863699069281,-0.011085012131761728,0.21875,774.7499999999999,807.0,843.0000000000001
677,39.81686537,-71.46491182,699.0,7.4929046336452725,0.34368261051608523,77.01112271997916,-0.01063784324257371,0.19791666666666666,774.7499999999999,807.0,843.0000000000001
678,39.81681542,-71.46506118,699.0,7.104595531077348,0.3439726284095717,75.88657289524205,-0.008565020403946732,0.20833333333333334,774.7499999999999,807.0,843.0000000000001
678,39.81681542,-71.46506118,699.0,6.854111701834591,0.3434753530057399,77.68911373498082,-0.011940739112458652,0.21354166666666666,774.7499999999999,807.0,843.0000000000001
678,39.81681542,-71.46506118,699.0,6.675364120274508,0.3454309647195433,76.56296749103706,-0.015026712273680437,0.22395833333333334,774.7499999999999,807.0,843.0000000000001
678,39.81681542,-71.46506118,699.0,6.421867460561323,0.3506986447253073,75.88589672283236,-0.010860039078925042,0.1875,774.7499999999999,807.0,843.0000000000001
679,39.8167647,-71.46520403,699.0,6.387139275802456,0.3567691867827949,76.33558921525979,-0.015055755542244278,0.19270833333333334,774.7499999999999,807.0,843.0000000000001
679,39.8167647,-71.46520403,699.0,6.3229009583110045,0.358867187584115,75.43630260117453,-0.015396578343254624,0.21875,774.7499999999999,807.0,843.0000000000001
679,39.8167647,-71.46520403,699.0,6.404058352969152,0.3622322290142611,75.66368989530963,-0.0073454938147028285,0.234375,774.7499999999999,807.0,843.0000000000001
679,39.8167647,-71.46520403,699.0,6.326950767216888,0.3650656069679282,75.43937480968486,-0.0018433271973598414,0.21875,774.7499999999999,807.0,843.0000000000001
680,39.81671777,-71.46535055,699.0,6.253441449495679,0.3659416567975193,76.33966428182572,-0.004791221946296579,0.19791666666666666,774.7499999999999,807.0,843.0000000000001
680,39.81671777,-71.46535055,699.0,6.30980904827683,0.36432943519330313,75.21277180944435,-0.0030579050349211242,0.16666666666666666,774.7499999999999,807.0,843.0000000000001
680,39.81671777,-71.46535055,699.0,6.4803381111514256,0.3627199665258752,75.21066969330101,-0.00297783563238075,0.19791666666666666,774.7499999999999,807.0,843.0000000000001
680,39.81671777,-71.46535055,699.0,6.437723528491972,0.3609868127480834,74.98208251653146,-0.0038957316046045764,0.171875,774.7499999999999,807.0,843.0000000000001
680,39.81671777,-71.46535055,698.25,6.27974284530245,0.35861948959720263,76.78007311875774,-0.0015306065846948972,0.16062176165803108,774.0,807.0,843.0000000000001
681,39.81667137,-71.4654955,698.25,6.128005926443543,0.3530314797914607,76.55293217959762,-0.0029870255583379236,0.16062176165803108,774.0,807.0,843.0000000000001
681,39.81667137,-71.4654955,698.25,6.287734312276192,0.34847164044229706,77.45371664057403,0.0035422931341312523,0.16580310880829016,774.0,807.0,843.0000000000001
681,39.81667137,-71.4654955,698.25,6.435078306804414,0.34783039750947065,77.00468681691184,0.007579589541128618,0.16580310880829016,774.0,807.0,843.0000000000001
681,39.81667137,-71.4654955,698.25,6.470401178966057,0.3491680202443891,77.45683352439127,-0.0017608100598134385,0.16580310880829016,774.0,807.0,843.0000000000001
682,39.8166266,-71.46564918,698.25,6.515052269087496,0.35142627964390266,76.10721107876186,0.002289346212007115,0.17616580310880828,774.0,807.0,843.0000000000001
682,39.8166266,-71.46564918,698.25,6.8462869091452685,0.3537101833938283,75.65724611728044,0.0031402587683964124,0.15544041450777202,774.0,807.0,843.0000000000001
682,39.8166266,-71.46564918,698.25,7.047191039955606,0.35617666897008576,74.75628397013544,0.004270902072396307,0.17098445595854922,774.0,807.0,843.0000000000001
682,39.8166266,-71.46564918,698.25,6.948765639106835,0.3566383037736136,76.55734807734754,-0.002472669013736399,0.18134715025906736,774.0,807.0,843.0000000000001
682,39.8166266,-71.46564918,698.25,6.9487568237860495,0.3577023522036345,75.2066003301731,-0.0021945057407387774,0.18652849740932642,774.0,807.0,843.0000000000001
683,39.8165814,-71.46579212,698.25,7.0987860430591825,0.3580319779806043,75.43253898082484,-0.0026138564886148846,0.17098445595854922,774.0,807.0,843.0000000000001
683,39.8165814,-71.46579212,698.25,7.1388224614706,0.35775874000351243,76.7850439595417,-0.006444480293246786,0.17098445595854922,774.0,807.0,843.0000000000001
683,39.8165814,-71.46579212,698.25,6.992431124789085,0.355554675791415,78.3634992606944,-0.005142786582086775,0.18134715025906736,774.0,807.0,843.0000000000001
683,39.8165814,-71.46579212,698.25,6.848506259675221,0.3489602510297099,78.59142471869325,-0.0017423682900560367,0.16062176165803108,774.0,807.0,843.0000000000001
684,39.81654035,-71.46594372,698.25,6.676295501846161,0.34290423653268876,77.24339804400135,-0.0026839191879949515,0.17098445595854922,774.0,807.0,843.0000000000001
684,39.81654035,-71.46594372,697.5,6.705164058089708,0.34180971201126364,78.37135600969575,-0.007773759977538239,0.18556701030927836,774.0,807.0,843.0000000000001
684,39.81654035,-71.46594372,697.5,6.759518447240279,0.3394142091297567,77.24707376899448,-0.016298155250003315,0.20618556701030927,774.0,807.0,843.0000000000001
684,39.81654035,-71.46594372,697.5,6.793983004796579,0.33772872267834414,78.37693469172265,-0.0071364899709499665,0.211340206185567,774.0,807.0,843.0000000000001
685,39.8165058,-71.4660931,697.5,6.833456455054289,0.33820649915489504,78.38422872450359,-0.0029979391015160996,0.211340206185567,769.5,807.0,843.0000000000001
685,39.8165058,-71.4660931,697.5,6.848759406040856,0.33700942396807604,78.05895380921143,-0.003259557593386246,0.1958762886597938,769.5,807.0,843.0000000000001
685,39.8165058,-71.4660931,697.5,6.946915229293874,0.3361028356348772,77.63586038303582,-0.005380472004594646,0.19072164948453607,769.5,807.0,843.0000000000001
685,39.8165058,-71.4660931,697.5,7.0303109582214836,0.3357326035327335,76.64603095212185,-0.003638331694403175,0.1958762886597938,769.5,807.0,843.0000000000001
686,39.81646893,-71.46624048,697.5,7.041292229907159,0.33939482007958527,77.40807528729033,-0.007751880617057321,0.21649484536082475,763.5,807.0,843.0000000000001
686,39.81646893,-71.46624048,697.5,7.059392213796837,0.34525399636314874,77.8822596631895,-0.0049320961685189344,0.211340206185567,763.5,807.0,843.0000000000001
686,39.81646893,-71.46624048,697.5,7.274644209938192,0.3492916756167442,77.4393186953689,-0.0022496390559810443,0.22164948453608246,763.5,807.0,843.0000000000001
686,39.81646893,-71.46624048,697.5,7.339313567715972,0.3515970198054297,78.1198016888318,-0.01363771631985675,0.22164948453608246,759.7500000000001,807.0,843.0000000000001
686,39.81646893,-71.46624048,697.5,7.2084696253719684,0.3525415794444718,77.89909993351873,-0.011101981711589765,0.2268041237113402,758.2500000000001,807.0,843.0000000000001
687,39.81643485,-71.46639212,696.75,7.367793989497289,0.3579140219963092,78.1271852807696,-0.012123173965701778,0.24615384615384617,758.2500000000001,807.0,843.0000000000001
687,39.81643485,-71.46639212,696.75,7.643799579642377,0.36169149233859005,77.67764770771092,-0.020279193312195316,0.2564102564102564,758.2500000000001,807.0,843.0000000000001
687,39.81643485,-71.46639212,696.75,7.939942948855153,0.36285886459586525,77.90174375667843,-0.017202239263355425,0.2512820512820513,758.2500000000001,807.0,843.0000000000001
687,39.81643485,-71.46639212,696.75,8.073024777946099,0.36316188173799824,76.99890275508699,-0.0063740620537330915,0.23076923076923078,758.2500000000001,807.0,843.0000000000001
688,39.81639483,-71.46653798,696.75,7.9874452588722376,0.36491360175667464,76.0972771959528,-0.004288514809028023,0.2153846153846154,758.2500000000001,807.0,843.0000000000001
688,39.81639483,-71.46653798,696.75,7.684501001577042,0.368071465855872,76.54949554453347,-0.0007425469265041216,0.22564102564102564,758.2500000000001,807.0,843.0000000000001
688,39.81639483,-71.46653798,696.75,7.560810788232508,0.36628917877366024,77.00440568922804,-0.006167458015182703,0.23076923076923078,758.2500000000001,807.0,843.0000000000001
688,39.81639483,-71.46653798,696.0,7.513085470299569,0.36398430421084155,77.23332880655822,-0.01323620807612463,0.22959183673469388,758.2500000000001,807.0,843.0000000000001
689,39.81635177,-71.46668408,696.0,7.3968704216390675,0.3618228762565134,75.43322466305224,-0.009071109956271856,0.22959183673469388,757.5,807.0,843.0000000000001
689,39.81635177,-71.46668408,696.0,7.160905617826595,0.35869275862697536,76.33413277944845,-0.010092840849804316,0.21428571428571427,757.5,807.0,843.0000000000001
689,39.81635177,-71.46668408,696.0,7.350352637366631,0.35558565115414825,75.43406034070578,-0.010740824387926654,0.23469387755102042,757.5,807.0,843.0000000000001
689,39.81635177,-71.46668408,696.0,7.1982345419297245,0.35225426275592053,76.33632805939178,-0.017982324692167137,0.2193877551020408,757.5,807.0,843.0000000000001
690,39.81630462,-71.46682605,696.0,7.19787377225604,0.3489689592664918,77.01339936444998,-0.019610184307430435,0.22959183673469388,757.5,807.0,843.0000000000001
690,39.81630462,-71.46682605,696.0,7.018059339717145,0.34916420432817225,77.23860814422781,-0.021141563157680773,0.2193877551020408,757.5,807.75,843.0000000000001
690,39.81630462,-71.46682605,696.0,6.962558443911212,0.35302681058586305,77.23695879653414,-0.014625837296008528,0.2193877551020408,757.5,808.5,843.0000000000001
690,39.81630462,-71.46682605,696.0,7.189733352762365,0.35358482587775597,77.23510364416614,-0.002538731976138701,0.22959183673469388,757.5,808.5,843.0000000000001
690,39.81630462,-71.46682605,696.0,7.464366635627079,0.35413626635001866,75.65765375743496,-0.008111442738534886,0.22448979591836735,757.5,808.5,843.0000000000001
691,39.81626505,-71.46697412,696.0,7.490925698883005,0.3556456469140203,74.53141278805668,-0.015385098138294605,0.2193877551020408,757.5,808.5,843.0000000000001
691,39.81626505,-71.46697412,696.0,7.284597959151197,0.35796363428910877,74.0810790684521,-0.010029206441756235,0.1989795918367347,757.5,808.5,843.0000000000001
691,39.81626505,-71.46697412,696.0,7.232572324272598,0.358637575591868,75.43205211066095,-0.016103278809231764,0.1989795918367347,757.5,808.5,843.0000000000001
691,39.81626505,-71.46697412,696.0,7.408961232175868,0.3571907782695532,75.43168317156928,-0.011920430125026216,0.20408163265306123,757.5,808.5,843.0000000000001
692,39.81622052,-71.4671175,695.25,7.522384014687484,0.3531506289301742,74.30540438491772,-0.015295722183931368,0.233502538071066,757.5,808.5,843.0000000000001
692,39.81622052,-71.4671175,695.25,7.138582850706254,0.35270316634776305,74.30553432498378,-0.012323982578090897,0.2436548223350254,757.5,808.5,843.0000000000001
692,39.81622052,-71.4671175,695.25,6.82334013555912,0.35312904015205876,75.43248102772942,-0.006100829733927306,0.23857868020304568,757.5,808.5,843.0000000000001
692,39.81622052,-71.4671175,695.25,6.756321454283892,0.35293701945933104,75.65906938282552,-0.000488975634086383,0.233502538071066,757.5,808.5,843.0000000000001
693,39.81617218,-71.46725858,695.25,6.7459929134004435,0.3526192851142191,74.98447050710632,-0.00987917353249759,0.2639593908629442,757.5,808.5,843.0000000000001
693,39.81617218,-71.46725858,695.25,6.583974282430821,0.3562778531977965,75.66044944326872,-0.01494097996656492,0.25380710659898476,757.5,808.5,843.0000000000001
693,39.81617218,-71.46725858,695.25,6.566436875145289,0.3608990117053619,72.73357133272616,-0.015740531278227613,0.26903553299492383,757.5,808.5,843.0000000000001
693,39.81617218,-71.46725858,695.25,6.617126710344939,0.35903895855637996,74.53500954612096,-0.010818040833847497,0.26903553299492383,757.5,808.5,843.0000000000001
693,39.81617218,-71.46725858,695.25,6.8344335537869005,0.35545116065620347,74.53473418521781,-0.019023697176614965,0.233502538071066,757.5,808.5,843.0000000000001
694,39.81612875,-71.46740745,695.25,6.951520757489281,0.3555079689108905,72.50792754735272,-0.026584640556055715,0.2233502538071066,757.5,808.5,843.0000000000001
694,39.81612875,-71.46740745,695.25,6.867465092304539,0.35742862278683546,74.53427677882887,-0.019397902292471934,0.24873096446700507,757.5,808.5,843.0000000000001
694,39.81612875,-71.46740745,695.25,7.02203507996429,0.3533328366567357,74.98405258460751,-0.016749215258822107,0.2436548223350254,757.5,808.5,843.0000000000001
694,39.81612875,-71.46740745,695.25,7.189055664254551,0.34887689569871466,75.43347734782992,-0.013092080611116877,0.233502538071066,757.5,808.5,843.0000000000001
695,39.8160843,-71.46755308,694.5,7.435235535363433,0.34874864142212497,75.65771260170487,-0.011752120910920816,0.23232323232323232,757.5,808.5,843.0000000000001
695,39.8160843,-71.46755308,694.5,7.361393867905195,0.3505973267505935,74.98193542830225,-0.001969305565668998,0.25252525252525254,757.5,808.5,843.0000000000001
695,39.8160843,-71.46755308,694.5,7.2139999721826324,0.35364436611419975,75.20772027411044,-0.0067673397755157955,0.22727272727272727,757.5,808.5,843.0000000000001
695,39.8160843,-71.46755308,694.5,7.319534934092772,0.35777345441212827,76.3340442933884,-0.009396507422976198,0.2474747474747475,757.5,808.5,843.0000000000001
696,39.81604013,-71.46769333,694.5,7.4336488273963655,0.3644273617705083,74.30659017649681,-0.017038366917064743,0.23232323232323232,757.5,808.5,843.0000000000001
696,39.81604013,-71.46769333,694.5,7.398574783298803,0.37301192576918674,72.95275141750851,-0.0034183494238422658,0.21717171717171718,757.5,808.5,843.0000000000001
696,39.81604013,-71.46769333,694.5,7.34276451167239,0.3763637017005638,73.17551900539692,-0.005036365440218541,0.22727272727272727,757.5,808.5,843.0000000000001
696,39.81604013,-71.46769333,694.5,7.559812066243055,0.37482020575921066,74.52738633917203,-0.018302358956493788,0.25252525252525254,757.5,808.5,843.0000000000001
697,39.81599698,-71.4678395,694.5,7.722859995774462,0.36964133844298525,74.52982309715708,-0.017459696518549193,0.23737373737373738,757.5,808.5,843.0000000000001
697,39.81599698,-71.4678395,694.5,7.793031036568127,0.3681651799717094,74.75531240100194,-0.017375858582294578,0.23737373737373738,757.5,808.5,843.0000000000001
697,39.81599698,-71.4678395,694.5,7.788778073053962,0.36798926181249497,75.4270129861934,-0.015095892344527902,0.23737373737373738,757.5,808.5,843.0000000000001
697,39.81599698,-71.4678395,694.5,7.856931188013189,0.36552024750976303,76.99598172723722,-0.008455277447574334,0.23737373737373738,757.5,808.5,843.0000000000001
697,39.81599698,-71.4678395,693.75,7.7719883371776035,0.3623568339189103,75.86254141090558,-0.012389991476507874,0.23115577889447236,757.5,810.75,843.0000000000001
698,39.81595477,-71.46798623,693.75,7.714614881087322,0.3614102822521657,75.4056117057774,-0.011409823875442726,0.25125628140703515,757.5,808.5,843.0000000000001
698,39.81595477,-71.46798623,693.75,7.50330758114682,0.36384009826818475,74.94609463230049,-0.0061827663423450665,0.2562814070351759,757.5,808.5,843.0000000000001
698,39.81595477,-71.46798623,693.75,7.125616569612231,0.3632612253572262,76.51134805562025,-0.003402195838173201,0.25125628140703515,757.5,808.5,843.0000000000001
698,39.81595477,-71.46798623,693.75,7.248194534014334,0.3622009179873412,75.37527884078115,0.00034740319470764544,0.25125628140703515,757.5,808.5,843.0000000000001
699,39.81591123,-71.46812655,693.75,7.382434112147592,0.3648583714257391,74.92454619280431,-0.0033527590282446946,0.24120603015075376,757.5,808.5,843.0000000000001
699,39.81591123,-71.46812655,693.75,7.314867663520978,0.371777252789815,74.94819604001735,-0.0057476415613953585,0.23115577889447236,757.5,808.5,843.0000000000001
699,39.81591123,-71.46812655,693.75,7.235481728771155,0.374670727086789,77.22167292462325,-0.005173511007602169,0.20100502512562815,757.5,808.5,843.0000000000001
699,39.81591123,-71.46812655,693.75,7.252126264573437,0.3704169631531468,76.10116792857097,-0.002019264738250994,0.21105527638190955,757.5,808.5,843.0000000000001
700,39.81586733,-71.4682716,693.75,7.207844951238035,0.36498806487753005,75.42491956716859,-0.006208342627047581,0.21105527638190955,757.5,808.5,843.0000000000001
700,39.81586733,-71.4682716,693.0,7.234410249207269,0.36512591864010785,73.39490026309244,-0.005206920290489475,0.195,757.5,810.75,843.0000000000001
700,39.81586733,-71.4682716,693.0,7.219565188716287,0.36662214091165707,74.067286212369,-0.009181461241041886,0.2,757.5,810.75,843.0000000000001
700,39.81586733,-71.4682716,693.0,7.013495816120227,0.368342719139764,73.3942553567819,-0.009268212309612365,0.195,757.5,810.75,843.0000000000001
701,39.81582377,-71.46841723,693.0,7.224083457417304,0.3682119699803368,73.62721303466397,-0.009943332890743143,0.17,757.5,810.75,843.0000000000001
701,39.81582377,-71.46841723,693.0,7.472770146553742,0.37004466513055534,74.53371891601138,-0.006495682445889586,0.18,757.5,810.75,843.0000000000001
701,39.81582377,-71.46841723,693.0,7.769410208019974,0.3729714441741711,75.21187871290016,-0.0030086914505784964,0.185,757.5,810.75,843.0000000000001
701,39.81582377,-71.46841723,693.0,7.99120376475159,0.3736470625997583,76.11316285135344,-0.0072334039354785586,0.175,757.5,810.75,843.0000000000001
701,39.81582377,-71.46841723,693.0,8.01335901849394,0.37178689231634743,75.43610941439486,-0.0012475793887712432,0.205,757.5,810.75,843.0000000000001
702,39.8157846,-71.46856453,693.0,8.029638020316453,0.3681157583907179,77.45922622990929,0.0003998754211331838,0.205,757.5,810.75,843.0000000000001
702,39.8157846,-71.46856453,692.25,8.067337294511887,0.3657172332493545,77.45637702831073,0.001119322461714676,0.22388059701492538,757.5,810.75,843.0000000000001
702,39.8157846,-71.46856453,692.25,8.043871388786728,0.36663065098684516,77.45612983300708,-0.003668934530973531,0.21393034825870647,757.5,810.75,843.0000000000001
702,39.8157846,-71.46856453,692.25,8.274620736301362,0.3661937050681733,76.33135494585545,-0.005532736241389437,0.20398009950248755,757.5,809.25,843.0000000000001
703,39.81574027,-71.46870993,692.25,8.352372156204938,0.36735887149660357,76.33213500874832,-0.006732783105852374,0.20398009950248755,757.5,809.25,843.0000000000001
703,39.81574027,-71.46870993,692.25,8.375227457454312,0.37004418853372256,76.3320607997029,-0.005514560421191728,0.208955223880597,757.5,809.25,843.0000000000001
703,39.81574027,-71.46870993,691.5,8.49590545485843,0.3710629997089544,76.33127650147976,-0.00960921133310021,0.19306930693069307,757.5,809.25,843.0000000000001
703,39.81574027,-71.46870993,691.5,8.428620127144479,0.3695894369713416,76.77990417391777,-0.012355319569529063,0.1782178217821782,757.5,809.25,843.0000000000001
704,39.81569937,-71.46885647,691.5,8.040534727587309,0.3704320548430256,75.65179712091225,-0.016544397811097816,0.19801980198019803,757.5,809.25,843.0000000000001
704,39.81569937,-71.46885647,691.5,7.742501371532109,0.3735396069725197,77.0005421005087,-0.01298516277912643,0.18811881188118812,757.5,809.25,843.0000000000001
704,39.81569937,-71.46885647,691.5,8.01643361940448,0.3729865994361316,75.64741135985552,-0.010602593008751854,0.18316831683168316,757.5,809.25,843.0000000000001
704,39.81569937,-71.46885647,691.5,8.231018437549467,0.3702928826227906,74.51920771894588,-0.012759813660805313,0.19306930693069307,757.5,809.25,843.0000000000001
704,39.81569937,-71.46885647,690.75,8.30670521524832,0.37166380711056723,75.19102596454637,-0.010564403615263484,0.1921182266009852,757.5,809.25,843.0000000000001
705,39.81565798,-71.46900743,690.75,8.191499964377991,0.3768484206883601,76.98644065938065,-0.009690809980196061,0.19704433497536947,757.5,809.25,843.0000000000001
705,39.81565798,-71.46900743,690.75,7.975281484727424,0.37876982687989313,76.75233526308604,-0.003780575567168493,0.23645320197044334,757.5,809.25,843.0000000000001
705,39.81565798,-71.46900743,690.75,7.871375660484024,0.380722021158825,77.41473606331995,-0.006798120879225331,0.26108374384236455,757.5,809.25,843.0000000000001
705,39.81565798,-71.46900743,690.0,8.16292363216558,0.38354404787572366,77.8485598195869,-0.010350335591474184,0.24509803921568626,757.5,809.25,843.0000000000001
706,39.81561708,-71.46915482,690.0,8.49315154624175,0.3880632888153154,79.17964822419809,-0.007590708915283064,0.25,757.5,809.25,843.0000000000001
706,39.81561708,-71.46915482,690.0,8.484606984855025,0.38773121179562253,78.4484334024488,-0.006255013228171447,0.2107843137254902,757.5,809.25,843.0000000000001
706,39.81561708,-71.46915482,690.0,8.542596444198198,0.38695265060608025,79.73913653506806,-0.012771404546323209,0.22058823529411764,757.5,809.25,843.0000000000001
706,39.81561708,-71.46915482,690.0,8.561664492126667,0.3862522894981069,79.04459809493585,-0.00997142556617017,0.22058823529411764,757.5,809.25,843.0000000000001
707,39.81558045,-71.4693065,690.0,8.412149448320653,0.38608518222078153,78.81574833875457,-0.0006713660921945563,0.2107843137254902,757.5,809.25,843.0000000000001
707,39.81558045,-71.4693065,689.25,7.934163837591985,0.38595595445806213,78.13869784365781,-0.004186126762914837,0.2146341463414634,756.7500000000001,809.25,843.0000000000001
707,39.81558045,-71.4693065,689.25,7.89565606209757,0.3876876944029354,79.03789715080703,-0.008726503430212942,0.2097560975609756,756.7500000000001,809.25,843.0000000000001
707,39.81558045,-71.4693065,689.25,7.8842527621399725,0.38927825288537365,79.26136922986274,-0.01054727803449534,0.2146341463414634,756.7500000000001,809.25,843.0000000000001
708,39.8155419,-71.4694496,689.25,8.049653346160445,0.39289319879007634,79.7105752901572,-0.009748647634527775,0.2048780487804878,756.7500000000001,809.25,843.0000000000001
708,39.8155419,-71.4694496,689.25,7.950733187985667,0.39475517632393253,79.93531793195766,-0.013403798692240001,0.17560975609756097,756.7500000000001,809.25,843.0000000000001
708,39.8155419,-71.4694496,689.25,7.470010181742371,0.39180919631211597,80.38622560120538,-0.008772116444788779,0.17560975609756097,756.7500000000001,809.25,843.0000000000001
708,39.8155419,-71.4694496,689.25,7.141265972368736,0.38813453586573926,79.26147653455402,-0.009167797311395253,0.16585365853658537,756.7500000000001,809.25,843.0000000000001
708,39.8155419,-71.4694496,689.25,7.584264245632004,0.38566727429077363,79.03696814164522,-0.015104931284021558,0.18536585365853658,756.7500000000001,809.25,843.0000000000001
709,39.8155061,-71.46959828,689.25,8.04039167952086,0.3843532708011069,79.48774726066796,-0.007677690091452578,0.18048780487804877,756.7500000000001,809.25,843.0000000000001
709,39.8155061,-71.46959828,689.25,8.14317753119774,0.38460558610015116,79.26487860387451,-0.0013334190751801527,0.1902439024390244,756.7500000000001,809.25,843.0000000000001
709,39.8155061,-71.46959828,688.5,8.04229489257861,0.3851620678440575,79.04408704371285,-0.002643104002266104,0.19902912621359223,756.0,809.25,843.0000000000001
709,39.8155061,-71.46959828,688.5,8.216110171898517,0.3848419333304126,80.17407194033458,-0.007556029445398634,0.1941747572815534,756.0,809.25,843.0000000000001
710,39.81546837,-71.46974812,688.5,8.433449418421365,0.38588728256972143,83.1047532859073,-0.005504834512196439,0.21359223300970873,756.0,809.25,843.0000000000001
710,39.81546837,-71.46974812,688.5,8.35529360316931,0.38711595922152453,83.44547712256862,-0.0024588127871753595,0.21844660194174756,756.0,809.25,843.0000000000001
710,39.81546837,-71.46974812,688.5,8.442190611785362,0.38455964106135804,84.60864963244222,-0.001619453123213431,0.21359223300970873,756.0,809.25,843.0000000000001
710,39.81546837,-71.46974812,688.5,8.506520208997998,0.38333055228283475,82.59180688572131,-0.009093344900603992,0.1941747572815534,756.0,809.25,843.0000000000001
711,39.81542323,-71.46988917,687.75,8.534290395423275,0.38446118117467803,81.91930134850925,-0.01013412462599445,0.18840579710144928,756.0,809.25,843.0000000000001
711,39.81542323,-71.46988917,687.75,8.423048641681858,0.3871298520743722,82.36670280011384,-0.002728906423552054,0.178743961352657,756.0,809.25,843.0000000000001
711,39.81542323,-71.46988917,687.75,8.102813824524755,0.38986570821839006,81.69007850640153,-0.005920327255166922,0.2222222222222222,756.0,809.25,843.0000000000001
711,39.81542323,-71.46988917,687.75,7.600580078873696,0.3891188870396967,81.69592515889309,-0.008806732137414666,0.2318840579710145,754.5,809.25,843.0000000000001
711,39.81542323,-71.46988917,687.75,7.623651268196558,0.38533004008986593,82.15424962192144,-0.007729691885999672,0.2318840579710145,754.5,809.25,843.0000000000001
712,39.8153843,-71.47004042,687.75,7.734296301566568,0.3811503820981619,81.25876134991923,-0.0079284520936901,0.22705314009661837,753.7500000000001,809.25,843.0000000000001
712,39.8153843,-71.47004042,687.75,7.836386852349109,0.3785219905475709,82.15908389225937,-0.012544756701211746,0.24154589371980675,753.7500000000001,809.25,843.0000000000001
712,39.8153843,-71.47004042,687.75,7.851322757698156,0.3774074271608918,80.57852732736077,-0.01414363436201876,0.24154589371980675,753.7500000000001,809.25,843.0000000000001
712,39.8153843,-71.47004042,687.75,7.745895491023506,0.37768396288133627,80.12322885117509,-0.012871599285648936,0.2463768115942029,753.7500000000001,809.25,843.0000000000001
713,39.81533702,-71.47017993,687.75,7.690012442849094,0.38015544295321224,79.89602104982735,-0.011198482769351955,0.23671497584541062,753.7500000000001,809.25,843.0000000000001
713,39.81533702,-71.47017993,687.75,7.6381331019111345,0.3830921939205847,81.47330300575456,-0.01537071585177629,0.2222222222222222,753.7500000000001,809.25,843.0000000000001
713,39.81533702,-71.47017993,687.0,7.5595499677266105,0.3850701026884197,80.57658498997469,-0.021461846742471504,0.1971153846153846,753.7500000000001,809.25,843.0000000000001
713,39.81533702,-71.47017993,687.0,7.771980930900285,0.38578724601102593,80.58054540707744,-0.017189453070816298,0.19230769230769232,753.7500000000001,809.25,843.0000000000001
714,39.81529465,-71.47032695,687.0,7.874242800033513,0.3827529384103765,79.00576649308982,-0.01205304258768994,0.18269230769230768,753.7500000000001,809.25,843.0000000000001
714,39.81529465,-71.47032695,687.0,8.014678183251897,0.37908778807847693,78.78085409524716,-0.006712728873982282,0.1875,753.7500000000001,809.25,843.0000000000001
714,39.81529465,-71.47032695,687.0,8.126881188524068,0.37813176617007294,78.10824946444136,-0.009774585029472677,0.1875,753.7500000000001,809.25,843.0000000000001
714,39.81529465,-71.47032695,687.0,8.036721553798298,0.3796019282568163,78.78858169099874,-0.022322397383393495,0.17307692307692307,753.7500000000001,809.25,843.0000000000001
715,39.81525068,-71.47046837,687.0,7.72320053019898,0.3826463615905589,78.11691857003945,-0.02081462738428086,0.1875,753.0,809.25,843.0000000000001
715,39.81525068,-71.47046837,686.25,7.416933771422372,0.38691704704463853,78.79361226955687,-0.01025608695655589,0.20574162679425836,753.0,809.25,843.0000000000001
715,39.81525068,-71.47046837,686.25,7.552070263990574,0.39277650433144323,79.91803291603924,-0.010585149175834368,0.22009569377990432,753.0,809.25,843.0000000000001
715,39.81525068,-71.47046837,686.25,7.87993901236142,0.3949164014100466,79.24012186036306,-0.01880521448506222,0.215311004784689,753.0,809.25,843.0000000000001
716,39.81520692,-71.47061447,686.25,7.867326507890571,0.39298873838007353,79.01401416203923,-0.014943502777975733,0.22009569377990432,753.0,809.25,843.0000000000001
716,39.81520692,-71.47061447,686.25,7.671734832938797,0.3907648226375793,79.69078334140058,-0.014597333409656956,0.22966507177033493,753.0,809.25,843.0000000000001
716,39.81520692,-71.47061447,686.25,7.731211955475948,0.3863136108529699,78.34024301877547,-0.007858743228873064,0.24401913875598086,753.0,809.25,843.0000000000001
716,39.81520692,-71.47061447,686.25,7.853451776789971,0.3835794851361757,78.56264116368455,-0.003914013779981233,0.2535885167464115,753.0,809.25,843.0000000000001
716,39.81520692,-71.47061447,686.25,7.6651756592422755,0.38408330638526367,80.58446564319588,-0.0029004096801896135,0.24880382775119617,753.0,809.25,843.0000000000001
717,39.81516582,-71.47075473,685.5,7.332389250121906,0.38481513722538646,79.90742535702654,-0.007901811933422955,0.2571428571428571,753.0,809.25,843.0000000000001
717,39.81516582,-71.47075473,685.5,7.3935096967265315,0.3829208883249057,80.13549629961845,-0.004182852509740821,0.2619047619047619,753.0,809.25,843.0000000000001
717,39.81516582,-71.47075473,685.5,7.540770221414729,0.37790223664117,78.56274589161714,0.0018596181559563357,0.24285714285714285,753.0,809.25,843.0000000000001
717,39.81516582,-71.47075473,685.5,7.931276204174083,0.37330599901599887,78.56105675666986,-0.0013129025227524049,0.21904761904761905,753.0,809.25,843.0000000000001
718,39.81512405,-71.47090228,685.5,8.059557000057438,0.3727649025093078,78.780460483544,-0.003415633614259584,0.20476190476190476,753.0,809.25,843.0000000000001
718,39.81512405,-71.47090228,685.5,8.012639111020913,0.3706596224193524,78.55743692564697,-0.006064814446830274,0.21428571428571427,753.0,809.25,843.0000000000001
718,39.81512405,-71.47090228,685.5,7.962945769279093,0.3688207428404851,79.69261888487145,-0.012510424127107268,0.23809523809523808,753.0,809.25,843.0000000000001
718,39.81512405,-71.47090228,685.5,8.063398425180175,0.36934231961799735,78.79469706193136,-0.013022440957214347,0.23333333333333334,753.0,809.25,843.0000000000001
719,39.81508138,-71.47105248,685.5,7.9324122296556965,0.3679844527758453,78.80568763601438,-0.009433255214170422,0.20952380952380953,753.0,809.25,843.0000000000001
719,39.81508138,-71.47105248,684.75,7.584717238892286,0.3673936253765664,79.15403107663234,-0.01280836586364604,0.2132701421800948,753.0,809.25,843.0000000000001
719,39.81508138,-71.47105248,684.75,7.709920734931017,0.3656402900054994,80.40808838357182,-0.0063129111517936185,0.23222748815165878,753.0,809.25,843.0000000000001
719,39.81508138,-71.47105248,684.75,7.694485615641225,0.363433718343966,79.50312241856757,0.0011007780334582338,0.24644549763033174,753.0,809.25,843.0000000000001
719,39.81508138,-71.47105248,684.75,7.693659684065745,0.36336403332075207,78.82458492101564,0.003470099402304512,0.26570048309178745,753.0,809.25,840.0000000000001
720,39.81503943,-71.4712,684.75,7.762713827804039,0.363010705827773,78.3746523493308,0.0007086497212892732,0.2608695652173913,753.0,809.25,840.0000000000001
720,39.81503943,-71.4712,684.75,7.944258460624982,0.36161128528993075,79.27344122796926,-0.003432893186917025,0.23671497584541062,753.0,809.25,840.0000000000001
720,39.81503943,-71.4712,684.75,7.869089758577996,0.358775775155928,79.70673038288436,-0.004994101714012488,0.22705314009661837,753.0,809.25,840.0000000000001
720,39.81503943,-71.4712,684.75,7.833978827264039,0.35812013157755046,79.44883566221158,-2.009955309259489e-05,0.23671497584541062,753.0,809.25,840.0000000000001
721,39.8150007,-71.47134578,684.75,7.883076922817156,0.36213850175505674,79.0794453128234,-0.0058110982557538216,0.25120772946859904,753.0,809.25,840.0000000000001
721,39.8150007,-71.47134578,684.75,7.869385921090038,0.3671791240697,77.26286410983218,-0.006576984739835478,0.2463768115942029,753.0,809.25,840.0000000000001
721,39.8150007,-71.47134578,684.75,7.93353562248676,0.37144363861290797,78.38098770577463,-0.006069461950285178,0.26570048309178745,753.0,809.25,840.0000000000001
721,39.8150007,-71.47134578,684.75,7.922386089024705,0.37128355172327787,79.28481712610632,-0.0063995770738689015,0.2753623188405797,753.0,809.25,840.0000000000001
722,39.8149663,-71.47148885,684.75,7.688578903256266,0.3695328662813048,79.53890431638192,-0.011519306969650976,0.2608695652173913,753.0,809.25,840.0000000000001
722,39.8149663,-71.47148885,684.75,7.770050968835006,0.36797761124780093,80.37526182395773,-0.007982129344815684,0.28502415458937197,753.0,809.25,840.0000000000001
722,39.8149663,-71.47148885,684.75,7.794626062495333,0.36667307981338004,79.04952304834738,-0.0014963733542250107,0.3140096618357488,753.0,809.25,840.0000000000001
722,39.8149663,-71.47148885,684.75,7.842512064230605,0.3627675712486409,79.28692060979095,-0.004036136288905867,0.3188405797101449,753.0,809.25,840.0000000000001
723,39.81493472,-71.47163302,684.75,7.8951922049159045,0.3606543437426966,79.74303694157419,-0.009542970652109146,0.2995169082125604,753.0,809.25,840.0000000000001
723,39.81493472,-71.47163302,684.75,7.897295732196158,0.35996725592546436,81.32213685802016,-0.007604659052075435,0.3188405797101449,753.0,809.25,840.0000000000001
723,39.81493472,-71.47163302,684.75,7.873726791254878,0.3613507555497198,79.96463258972624,-0.010770372111405165,0.30917874396135264,752.2500000000001,809.25,840.0000000000001
723,39.81493472,-71.47163302,684.75,8.068638909342148,0.36274931417302536,78.83069114641957,-0.01099504114474819,0.30917874396135264,752.2500000000001,809.25,840.0000000000001
724,39.81489543,-71.47177558,684.75,8.19197219533783,0.36203376934174947,77.25146659702979,-0.008445979423758722,0.30434782608695654,752.2500000000001,809.25,840.0000000000001
724,39.81489543,-71.47177558,684.75,8.06473016034404,0.36162678850736407,78.82728547136323,-0.009286733872392414,0.2898550724637681,752.2500000000001,809.25,840.0000000000001
724,39.81489543,-71.47177558,684.0,8.069903441426503,0.36466346547136835,78.82749470985185,-0.01468218959996528,0.25,751.5,809.25,840.0000000000001
724,39.81489543,-71.47177558,684.0,8.105514190249833,0.37156715014586567,79.72832889188108,-0.017734488218824753,0.25961538461538464,751.5,808.5,840.0000000000001
725,39.8148504,-71.4719166,684.0,8.159724857008205,0.3755739279056993,78.37675670260685,-0.012867978716783201,0.2692307692307692,751.5,808.5,840.0000000000001
725,39.8148504,-71.4719166,684.0,8.058128709634946,0.37635841676541554,77.69869499678222,-0.013893479541960723,0.27472527472527475,751.5,788.25,820.5000000000001
725,39.8148504,-71.4719166,684.0,7.888637668080544,0.37469861080889627,78.82896506419455,-0.006801513802742808,0.2967032967032967,751.5,788.25,820.5000000000001
725,39.8148504,-71.4719166,684.0,7.768320309850921,0.37046862939430586,79.2863722078115,-0.00903924886396754,0.3021978021978022,751.5,788.25,820.5000000000001
726,39.81480185,-71.4720541,684.0,7.653726254110935,0.36474041770772725,78.37487348419013,-0.008146291292450227,0.2982456140350877,751.5,782.25,812.25
726,39.81480185,-71.4720541,684.0,7.59923606346066,0.3606084153285992,75.64645979019876,-0.00450277056038328,0.26900584795321636,751.5,782.25,812.25
726,39.81480185,-71.4720541,684.0,7.3879884796732425,0.35860528825785826,78.10219076304422,-0.009020723784882341,0.24561403508771928,751.5,782.25,812.25
726,39.81480185,-71.4720541,684.0,7.351952429691532,0.3586164142798004,78.20060345902898,-0.006400498453876672,0.24561403508771928,751.5,782.25,812.25
726,39.81480185,-71.4720541,684.0,7.514998384095812,0.35404187090677725,77.06038881221009,-0.010154408764567302,0.23976608187134502,750.7500000000001,782.25,812.25
727,39.81475,-71.47219073,684.0,7.6608530418199114,0.34751074367249324,78.16823025923631,-0.007334004758416189,0.23976608187134502,750.7500000000001,782.25,812.25
727,39.81475,-71.47219073,684.0,7.735098201183168,0.34385217436199234,78.60352687852856,-0.008842563898145013,0.24561403508771928,750.7500000000001,781.5,812.25
727,39.81475,-71.47219073,684.0,7.736529513035945,0.3438141988653983,78.14214276198781,-0.006336169792147531,0.24561403508771928,750.7500000000001,781.5,812.25
727,39.81475,-71.47219073,684.0,7.811670982014862,0.3452911936517028,78.13597034412723,-0.001862100160584341,0.2807017543859649,750.7500000000001,781.5,812.25
728,39.81469332,-71.47232092,684.0,7.774090340184143,0.3473491042015618,79.03402118282705,-0.004694356162434831,0.2807017543859649,750.7500000000001,781.5,812.25
728,39.81469332,-71.47232092,684.0,7.743466169163915,0.35062763808648706,78.80763976533872,-0.011917063687480025,0.30409356725146197,750.7500000000001,781.5,812.25
728,39.81469332,-71.47232092,684.0,7.742836157358182,0.35864720413075274,77.22959794384829,-0.018377485148613665,0.2807017543859649,750.7500000000001,781.5,812.25
728,39.81469332,-71.47232092,684.0,7.610211635544511,0.36747129477676627,77.22791734203874,-0.01936606443264847,0.25146198830409355,750.7500000000001,781.5,812.25
729,39.814637,-71.4724603,684.0,7.519385650411304,0.3725336293255378,77.45290736384221,-0.01804167668565509,0.27485380116959063,750.7500000000001,781.5,812.25
729,39.814637,-71.4724603,684.0,7.594841919545964,0.3775776106850379,79.02951442231021,-0.013128988696285631,0.26900584795321636,750.7500000000001,781.5,812.25
729,39.814637,-71.4724603,684.0,7.709948044100059,0.38248798230990816,79.47951477716504,-0.014275858021095078,0.23976608187134502,750.0,781.5,812.25
729,39.814637,-71.4724603,684.0,7.74703628010782,0.38393514333199624,79.47892823957977,-0.009680293349831842,0.26900584795321636,750.0,781.5,812.25
730,39.81458522,-71.4725968,684.0,7.713750594598693,0.38425390662976733,79.92952090906641,-0.012111582518680476,0.27485380116959063,750.0,781.5,812.25
730,39.81458522,-71.4725968,684.0,7.689800894399635,0.3868578761222842,80.6059818192142,-0.010660854418745055,0.25146198830409355,750.0,781.5,812.25
730,39.81458522,-71.4725968,684.0,7.8421688265004565,0.388639937702123,81.95731429608016,-0.008060487425777607,0.26900584795321636,750.0,781.5,812.25
730,39.81458522,-71.4725968,684.0,7.85679788440621,0.38981414232884337,81.2812174366593,-0.009195028002636312,0.26900584795321636,750.0,781.5,812.25
730,39.81458522,-71.4725968,684.0,7.83470192547328,0.3842122184634052,80.60486247731917,-0.010568514943938102,0.2631578947368421,749.25,781.5,812.25
731,39.8145383,-71.4727416,684.0,7.822388533262421,0.3759566538182693,80.37946799377767,-0.016578959411687237,0.23391812865497075,749.25,781.5,812.25
731,39.8145383,-71.4727416,684.0,7.872831889187317,0.3718414445194372,77.2271914451091,-0.010421782556307595,0.26900584795321636,749.25,781.5,812.25
731,39.8145383,-71.4727416,684.0,7.718910773098248,0.37124521538765914,77.90297740833165,-0.010772953147737954,0.2631578947368421,749.25,781.5,812.25
731,39.8145383,-71.4727416,684.0,7.3212914312725195,0.36831603084812364,77.90327927821971,-0.008567595399891716,0.23391812865497075,749.25,781.5,812.25
732,39.81448905,-71.47288167,684.0,7.338605754088444,0.36473166178153327,77.6786637254812,-0.015219022199674448,0.21637426900584794,749.25,781.5,812.25
732,39.81448905,-71.47288167,684.0,7.6926922635055535,0.3642204675039906,78.35501677165378,-0.01444625030571809,0.23391812865497075,749.25,781.5,812.25
732,39.81448905,-71.47288167,684.0,7.707905062263139,0.3651771033193273,77.68024518182305,-0.006100886325351353,0.22807017543859648,749.25,781.5,812.25
732,39.81448905,-71.47288167,684.0,7.672895183027082,0.3643014168719854,77.90576589417272,-0.003808061531634887,0.24561403508771928,749.25,781.5,812.25
733,39.8144481,-71.4730274,684.0,7.722793480700108,0.36663153177674884,79.03149982306103,-0.012851496143388298,0.26900584795321636,749.25,781.5,812.25
733,39.8144481,-71.4730274,684.0,7.910688917110136,0.3704129838535981,77.90535656353882,-0.007221008596565052,0.23976608187134502,749.25,781.5,812.25
733,39.8144481,-71.4730274,684.0,7.746713398680603,0.372395671867198,77.4549882343201,-0.007837774645817308,0.23976608187134502,749.25,781.5,812.25
733,39.8144481,-71.4730274,684.0,7.588033420695379,0.3700075007054299,78.581050914645,-0.009083837668943167,0.24561403508771928,749.25,781.5,812.25
734,39.81440757,-71.47317188,684.0,7.766449802577315,0.3648148486606705,77.90559255386947,-0.006017984064889706,0.23391812865497075,749.25,781.5,812.25
734,39.81440757,-71.47317188,684.0,7.886500281622169,0.35973312066157037,76.10404515202207,-0.006335899525255136,0.21637426900584794,749.25,781.5,812.25
734,39.81440757,-71.47317188,684.0,7.949872939719475,0.35713309498006557,77.45475161177272,-0.010627543881798021,0.2046783625730994,749.25,781.5,812.25
734,39.81440757,-71.47317188,684.0,7.926196267512008,0.35631526070974895,78.12950056043418,-0.017111788152227206,0.19883040935672514,749.25,781.5,812.25
735,39.8143644,-71.47331507,684.0,7.992504509558147,0.35445672648251425,78.80331989065726,-0.015961378792247537,0.19883040935672514,749.25,781.5,812.25
735,39.8143644,-71.47331507,684.75,8.001958605251275,0.35357452650553645,78.12447025926532,-0.015112671260450449,0.21764705882352942,749.25,781.5,812.25
735,39.8143644,-71.47331507,684.75,7.945225633282981,0.35224479910797857,76.99514166103222,-0.015203403558197224,0.20588235294117646,749.25,781.5,812.25
735,39.8143644,-71.47331507,684.75,8.000909767299866,0.3556397212919651,78.34513125973785,-0.013107540340420968,0.21176470588235294,749.25,781.5,812.25
735,39.8143644,-71.47331507,684.75,8.253283625814088,0.3597842699064493,79.02222808409635,-0.009443608501935093,0.21764705882352942,750.0,781.5,812.25
736,39.81432498,-71.47346552,684.75,8.44921741401688,0.36154115779821094,78.34812146512812,-0.010841870699768028,0.21764705882352942,750.0,781.5,812.25
736,39.81432498,-71.47346552,684.75,8.60077700586764,0.36119195011567684,78.3477618528329,-0.018781365557675792,0.2235294117647059,750.0,781.5,812.25
736,39.81432498,-71.47346552,684.75,8.608732828390174,0.36352940991053956,77.22044189143823,-0.017327230710310473,0.22941176470588234,750.0,781.5,812.25
736,39.81432498,-71.47346552,684.75,8.686066778094848,0.368739314948565,78.11994065985307,-0.01828060545647743,0.2529411764705882,750.0,781.5,812.25
737,39.8142836,-71.47360633,684.75,8.647088596451812,0.3724627783878706,78.79535127771453,-0.01586090898633347,0.25882352941176473,750.0,781.5,812.25
737,39.8142836,-71.47360633,685.5,8.484785870705961,0.37423149568444347,78.79485908151976,-0.012143547844225038,0.25443786982248523,750.0,781.5,812.25
737,39.8142836,-71.47360633,685.5,8.43377472385725,0.37318712784716124,77.44060614400155,-0.017793492969795,0.2781065088757396,750.0,781.5,812.25
737,39.8142836,-71.47360633,685.5,8.173541378070313,0.3693689391003213,77.6611487054319,-0.024697142793955327,0.25443786982248523,750.0,781.5,812.25
738,39.814238,-71.47374928,685.5,7.750476620735601,0.36537690345498647,79.01062020539956,-0.016080436808555303,0.25443786982248523,750.0,781.5,812.25
738,39.814238,-71.47374928,685.5,7.542082406105522,0.366684640060558,78.55970770835552,-0.009513201858002933,0.2485207100591716,750.0,781.5,812.25
738,39.814238,-71.47374928,685.5,7.816720859594664,0.36874843639882227,79.45581018189891,-0.0065907374575190966,0.25443786982248523,750.0,781.5,812.25
738,39.814238,-71.47374928,685.5,8.068315029256805,0.36969793117682825,80.79833275270681,-0.012658457516317717,0.23668639053254437,750.0,781.5,812.25
739,39.8141894,-71.47388758,686.25,8.232523098182424,0.368230463963615,80.33866067214463,-0.011616319898418458,0.24404761904761904,750.0,781.5,812.25
739,39.8141894,-71.47388758,686.25,8.257994540626669,0.36691741165447894,76.05397324928987,-0.0016463473498341266,0.23809523809523808,750.0,781.5,812.25
739,39.8141894,-71.47388758,686.25,8.382740962159005,0.3641217905445682,76.05292159989989,-0.009716121581786953,0.23214285714285715,750.0,781.5,812.25
739,39.8141894,-71.47388758,686.25,8.265441230556986,0.3641046768895939,78.08148566823346,-0.01666606949593216,0.23214285714285715,750.0,781.5,812.25
739,39.8141894,-71.47388758,686.25,8.101479494458854,0.36236174179493974,77.40854096554581,-0.009706462092570794,0.25,750.0,781.5,812.25
740,39.81414112,-71.47402993,686.25,7.93376451575562,0.364917011454049,78.08735614983883,-0.0011181578021540587,0.27380952380952384,750.0,781.5,812.25
740,39.81414112,-71.47402993,686.25,7.913207692005406,0.36888058711057,78.31526608309476,-0.0032195410565900398,0.26785714285714285,750.0,781.5,812.25
740,39.81414112,-71.47402993,686.25,7.65249457502114,0.3734439078274621,78.98720826512854,-0.009655712234978176,0.25,750.0,781.5,812.25
740,39.81414112,-71.47402993,686.25,7.888402685626524,0.3758149974515037,78.97380373946805,-0.013843262374444935,0.25,750.0,781.5,812.25
741,39.81408713,-71.4741662,687.0,8.221077234615873,0.3770585977058495,81.20245668662679,-0.006263311481568179,0.2634730538922156,750.0,781.5,812.25
741,39.81408713,-71.4741662,687.0,8.33744922018313,0.3734742924339183,80.7371507209836,-0.004494731674082477,0.2754491017964072,750.0,781.5,812.25
741,39.81408713,-71.4741662,687.0,8.39834159504009,0.3699816020891312,79.61729641849021,-0.01228303490341487,0.281437125748503,750.0,781.5,812.25
741,39.81408713,-71.4741662,687.0,8.617395268439223,0.37172501813287384,78.05212178896826,-0.00010577624232271436,0.2694610778443114,750.0,781.5,812.25
742,39.81403468,-71.47430953,687.0,8.755877355952478,0.37743789921337234,80.08004721456517,-0.0021381631740398943,0.2754491017964072,750.0,781.5,812.25
742,39.81403468,-71.47430953,687.0,8.647864480518372,0.3821711368003308,78.95159403660337,-0.0005549212106881004,0.2634730538922156,750.0,781.5,812.25
742,39.81403468,-71.47430953,687.0,8.535526650944362,0.3863590784266749,78.73101507358774,-0.006300539111804644,0.2694610778443114,750.0,781.5,812.25
742,39.81403468,-71.47430953,687.75,8.98367310483348,0.3914497056846686,80.9976678339239,-0.014884210740140959,0.25903614457831325,750.0,781.5,812.25
743,39.81398832,-71.4744518,687.75,9.33549903273086,0.39513024631775706,80.56335244935717,-0.015340793284448546,0.26506024096385544,750.0,781.5,812.25
743,39.81398832,-71.4744518,687.75,9.20745372204445,0.4007380227926133,78.76898688286597,-0.009258024423796486,0.2469879518072289,750.0,781.5,812.25
743,39.81398832,-71.4744518,687.75,9.027342686369304,0.4042964204298215,79.21820697797281,-0.014998281201517128,0.2469879518072289,750.0,781.5,812.25
743,39.81398832,-71.4744518,687.75,9.04526477056449,0.40464527049539056,78.53951471278528,-0.016187916712372585,0.2469879518072289,750.0,781.5,812.25
744,39.81394058,-71.47458992,687.75,9.06029033233343,0.40677746498190526,78.98968091634222,-0.014564230192848667,0.25301204819277107,750.0,781.5,812.25
744,39.81394058,-71.47458992,687.75,8.790061349862524,0.4072766208314227,79.66426791127047,-0.014114101080269682,0.22289156626506024,750.0,781.5,812.25
744,39.81394058,-71.47458992,687.75,8.420322453322482,0.40569838682045334,78.75996340739948,-0.017948938267106487,0.21686746987951808,750.0,781.5,812.25
744,39.81394058,-71.47458992,687.75,8.056830895385007,0.40219502303080684,77.85968235988459,-0.015516363069472775,0.21084337349397592,750.0,781.5,812.25
744,39.81394058,-71.47458992,687.75,8.373803207229628,0.39797567499795883,78.31737082231004,-0.0010499813832529515,0.21084337349397592,750.0,781.5,812.25
745,39.8138953,-71.47473032,687.75,8.624092238610922,0.39718385790410754,80.57700953710457,0.000901077927172945,0.22289156626506024,750.0,781.5,812.25
745,39.8138953,-71.47473032,688.5,8.516675299526486,0.3984491736602551,80.8133816882405,-0.003834905819408932,0.23030303030303031,750.0,781.5,812.25
745,39.8138953,-71.47473032,688.5,8.550508280287474,0.39790721696282344,80.17897695497973,-0.0055989811554726454,0.20606060606060606,750.0,781.5,812.25
745,39.8138953,-71.47473032,688.5,8.696658168784795,0.39551803023483184,79.14914147387667,-0.008617210217983033,0.18787878787878787,750.0,781.5,812.25
746,39.8138535,-71.474874,688.5,8.8421032754579,0.393765388119966,77.02968797886263,-0.008908156193701836,0.20606060606060606,750.0,781.5,812.25
746,39.8138535,-71.474874,688.5,8.723322568798167,0.3904252197929405,77.93122077468946,-0.008786421855763173,0.20606060606060606,750.0,781.5,812.25
746,39.8138535,-71.474874,688.5,8.406037984338809,0.3837471518020885,77.03022193181664,0.0021546978108771537,0.19393939393939394,750.0,781.5,812.25
746,39.8138535,-71.474874,688.5,8.432380980376674,0.38237440727078426,77.70585753111158,0.007764104066376893,0.18787878787878787,750.0,781.5,812.25
747,39.81380528,-71.47501777,689.25,8.822022052037672,0.38636011068760084,79.7319103584609,-0.0024356174674677847,0.1951219512195122,750.0,781.5,812.25
747,39.81380528,-71.47501777,689.25,8.880218247244578,0.39100428644213525,79.28001259153827,-0.0066134146453295595,0.2073170731707317,750.0,781.5,812.25
747,39.81380528,-71.47501777,689.25,8.67388155053376,0.39498129914475827,79.05311592991856,-0.007512289231439135,0.23170731707317074,750.0,781.5,812.25
747,39.81380528,-71.47501777,689.25,8.770375608279215,0.3952039622415648,79.05246223612497,-0.0060250414235612105,0.23170731707317074,750.0,781.5,812.25
747,39.81380528,-71.47501777,689.25,8.91778584285498,0.3932801551922305,78.60255157950343,-0.00918335300830803,0.22560975609756098,750.0,781.5,812.25
748,39.81376457,-71.47516673,689.25,8.820374628175967,0.3913488338927493,78.03805341002453,-0.005692479096904671,0.25609756097560976,750.0,781.5,812.25
748,39.81376457,-71.47516673,689.25,8.513162572478045,0.39209707528946564,76.00314544613286,-0.013250759610973582,0.23780487804878048,750.0,781.5,812.25
748,39.81376457,-71.47516673,689.25,8.403728837827883,0.3956456178382278,77.1028548926117,-0.011509438798338824,0.25609756097560976,750.0,781.5,812.25
748,39.81376457,-71.47516673,689.25,8.464557341369803,0.39644204339936145,76.853652233331,-0.010293195359663315,0.25,750.0,781.5,812.25
749,39.81371372,-71.47530565,689.25,8.322959946279584,0.3937338900452684,77.46409499889815,-0.008174532096708953,0.23170731707317074,750.0,781.5,812.25
749,39.81371372,-71.47530565,690.0,8.465084251452298,0.39197585494958936,75.44881336259364,-0.011263235230681515,0.2331288343558282,750.0,781.5,812.25
749,39.81371372,-71.47530565,690.0,8.811824554986702,0.39390452990398733,76.57981642219278,-0.010364660488204683,0.24539877300613497,750.0,781.5,812.25
749,39.81371372,-71.47530565,690.0,9.117602595350174,0.3967536881576011,77.20790411037974,-0.00824004613536565,0.26380368098159507,750.0,781.5,812.25
750,39.81366487,-71.47544493,690.0,9.112635718210209,0.40176301907602996,78.2932157062735,-0.013688218687290143,0.25766871165644173,750.0,781.5,812.25
750,39.81366487,-71.47544493,690.0,8.947645773725226,0.4046705578109481,78.61861231137438,-0.014798816737120154,0.2331288343558282,750.0,781.5,812.25
750,39.81366487,-71.47544493,690.0,8.856239557748848,0.40499970985126577,78.6129159561175,-0.017754420546452463,0.2085889570552147,750.0,781.5,812.25
750,39.81366487,-71.47544493,690.0,8.746943061328674,0.40578239643658515,78.38444378475236,-0.016082720326952446,0.2147239263803681,750.0,781.5,812.25
751,39.81361458,-71.4755916,690.0,8.307867587643793,0.4055808295572127,78.15561140314412,-0.004692067182161148,0.2392638036809816,750.0,781.5,812.25
751,39.81361458,-71.4755916,690.0,7.816381241687463,0.4010825584372268,77.92627117792289,-0.002981115124935876,0.22699386503067484,750.0,781.5,812.25
751,39.81361458,-71.4755916,690.75,7.936946757347259,0.40048657444448305,77.02109373684313,0.0016163554850895123,0.2222222222222222,750.7500000000001,781.5,812.25
751,39.81361458,-71.4755916,690.75,8.154849914665393,0.40032385442171076,76.5668276927871,-0.002988727059482146,0.2037037037037037,750.7500000000001,781.5,812.25
752,39.81356802,-71.4757296,690.75,8.22013220032811,0.40155226982520986,77.69058193384095,2.7415360300240477e-05,0.2222222222222222,750.7500000000001,781.5,812.25
752,39.81356802,-71.4757296,690.75,8.078017267113974,0.39868963641103167,77.68980658706101,-0.007179376716046752,0.2345679012345679,750.7500000000001,781.5,812.25
752,39.81356802,-71.4757296,690.75,8.020890294563257,0.3986020935434133,78.36456384653569,-0.009272851789744362,0.22839506172839505,750.7500000000001,781.5,812.25
752,39.81356802,-71.4757296,690.75,8.145711834899162,0.3994938420090604,79.03902134846777,-0.006235811035422369,0.21604938271604937,750.7500000000001,781.5,812.25
752,39.81356802,-71.4757296,690.75,8.382065256620828,0.4006115674945264,79.71292121013889,-0.0064001453012867415,0.21287128712871287,750.7500000000001,809.25,842.25
753,39.81351865,-71.47587042,690.75,8.356025931442316,0.4004287025722586,77.23404887526091,-0.009133554889811917,0.21782178217821782,758.2500000000001,811.5,842.25
753,39.81351865,-71.47587042,690.75,8.189867002731276,0.39835302799129313,77.6816337107415,-0.009835977139695942,0.22772277227722773,758.2500000000001,811.5,842.25
753,39.81351865,-71.47587042,690.75,8.264067696606453,0.3969764699005223,78.57611053992677,-0.006851960760726098,0.21287128712871287,758.2500000000001,811.5,842.25
753,39.81351865,-71.47587042,690.75,8.351698731261068,0.398281028414882,77.20082675123375,-0.010709060078579958,0.22277227722772278,759.0,811.5,842.25
754,39.81347058,-71.47600832,691.5,8.422996114729216,0.40033866125166573,77.96186638170468,-0.014270905472449797,0.21393034825870647,759.0,811.5,842.25
754,39.81347058,-71.47600832,691.5,8.385889579707662,0.4017038220334528,79.05939606221838,-0.011611286758417362,0.21393034825870647,759.0,811.5,842.25
754,39.81347058,-71.47600832,691.5,8.6139751746284,0.40404705065593904,77.24491730824472,-0.002435657247570331,0.22388059701492538,759.0,811.5,842.25
754,39.81347058,-71.47600832,691.5,8.872939585402262,0.40481985371719686,77.01356258263095,-0.004749912497677988,0.22885572139303484,759.0,811.5,842.25
755,39.81341872,-71.47615188,691.5,8.794552199667322,0.4016542504432513,75.88508013628355,-0.007882156220301159,0.22885572139303484,759.0,811.5,842.25
755,39.81341872,-71.47615188,691.5,8.40363164062578,0.3972339166476038,76.10963738010298,-0.0031800301450070297,0.22885572139303484,759.0,811.5,842.25
755,39.81341872,-71.47615188,691.5,8.278135471132929,0.39216514418936843,76.55954515833007,0.005549183854723709,0.23383084577114427,759.0,811.5,842.25
755,39.81341872,-71.47615188,691.5,8.329899550288202,0.39260610740037444,76.78430813495636,-0.005748957991357304,0.24378109452736318,759.0,811.5,842.25
756,39.81336935,-71.47628563,691.5,8.175803436699018,0.3961522116465839,76.55912365142409,-0.009266019976110271,0.24378109452736318,759.0,811.5,842.25
756,39.81336935,-71.47628563,691.5,8.115971653045825,0.3971374738168486,77.23580641007665,-0.009858492260467677,0.2537313432835821,759.0,811.5,842.25
756,39.81336935,-71.47628563,691.5,8.432329674713488,0.39718287132550517,76.11235327501673,0.004218722399133593,0.24875621890547264,759.0,811.5,842.25
756,39.81336935,-71.47628563,691.5,8.750583605482973,0.4002160678077234,76.56564141912573,-0.003796149419351188,0.24875621890547264,759.0,811.5,842.25
756,39.81336935,-71.47628563,692.25,8.900353519362403,0.3989957999949796,76.7935640858343,-0.0025905603665299505,0.24,759.0,811.5,842.25
757,39.81332915,-71.47643505,692.25,8.814622170285949,0.39088907472222456,77.02034560509483,-0.004614421890512944,0.24,759.0,811.5,842.25
757,39.81332915,-71.47643505,692.25,8.833264412150411,0.3824333178105415,79.273077053983,0.005899610740679832,0.23,759.0,811.5,842.25
757,39.81332915,-71.47643505,692.25,8.904827504076907,0.3763148693644231,79.274070461464,0.009750345044205721,0.215,759.0,811.5,842.25
757,39.81332915,-71.47643505,692.25,8.9429482570613,0.37463173866859023,79.72465731161368,0.008928120466742318,0.22,759.0,811.5,842.25
758,39.81328887,-71.47657985,692.25,8.858874684764743,0.3706811635225242,81.2995315785292,0.00010155961903610782,0.225,759.0,811.5,842.25
758,39.81328887,-71.47657985,692.25,8.661849093761234,0.3650163138075516,79.94541517752994,-0.004696899740166529,0.25,759.0,811.5,842.25
758,39.81328887,-71.47657985,692.25,8.900164482375446,0.3642245512804396,78.14083994718877,0.0053932355240886715,0.225,759.0,811.5,842.25
758,39.81328887,-71.47657985,692.25,9.439383547590543,0.3645560857040412,78.58941809996364,0.0009989389007285694,0.235,759.0,811.5,842.25
759,39.81324683,-71.47671958,692.25,9.804746188255049,0.36395798771176807,79.26446607106088,0.005044938386031029,0.235,759.0,811.5,842.25
759,39.81324683,-71.47671958,692.25,9.585785767881251,0.36130758932376666,78.81392608100029,0.009044391527202591,0.245,759.0,811.5,842.25
759,39.81324683,-71.47671958,693.0,10.488339641552068,0.36112402146205996,80.61461170646534,0.009707754173532458,0.23115577889447236,759.0,811.5,842.25
759,39.81324683,-71.47671958,693.0,10.440891194112474,0.36606327154320123,79.48784593437071,0.010193033239367226,0.22613065326633167,759.0,811.5,842.25
760,39.81320693,-71.47686463,693.0,11.485047496594243,0.37337187785418413,79.93807336695521,0.007192778527688951,0.23115577889447236,759.0,811.5,842.25
760,39.81320693,-71.47686463,693.0,11.878926289406984,0.3785877622569247,79.48829524685969,0.001111387243776707,0.22110552763819097,759.0,811.5,842.25
760,39.81320693,-71.47686463,693.0,11.882912169892373,0.38720063040907,80.83972001028653,-0.0018437280934651096,0.20603015075376885,759.0,811.5,842.25
760,39.81320693,-71.47686463,693.0,12.19497740748725,0.3967376749340531,79.93856877979606,0.0005218175632720825,0.22110552763819097,759.0,811.5,842.25
761,39.81316002,-71.477004,693.0,11.538897332591043,0.40013723540031526,77.46049227357267,-0.005226413365291776,0.24120603015075376,759.0,811.5,842.25
761,39.81316002,-71.477004,693.75,10.668704073365037,0.39813287980788004,78.36006143005287,-0.005076321043328967,0.25252525252525254,759.0,811.5,842.25
761,39.81316002,-71.477004,693.75,10.759092695251354,0.39513779633237606,77.90921489000831,-0.003717395501558845,0.24242424242424243,759.0,811.5,842.25
761,39.81316002,-71.477004,694.5,10.706863716270123,0.3961031387023734,76.7832553129492,-0.005978563574073777,0.25380710659898476,759.0,811.5,842.25
761,39.81316002,-71.477004,694.5,10.887767503873066,0.4001253830119634,76.55762782326414,-0.006056665966756415,0.22842639593908629,759.0,811.5,842.25
762,39.81310978,-71.47714397,696.0,11.091892173010033,0.4032816059240456,77.68242428001516,-0.011389072844252255,0.22564102564102564,759.0,811.5,842.25
762,39.81310978,-71.47714397,696.75,11.064153734117035,0.4009855847990968,76.78084380129661,-0.012702855523326428,0.23711340206185566,759.0,811.5,842.25
762,39.81310978,-71.47714397,696.75,10.445697747151776,0.3971754363899794,78.58294197320244,-0.008664173662578446,0.24742268041237114,759.0,811.5,842.25
762,39.81310978,-71.47714397,696.75,9.369116704497628,0.39332782513769066,78.13499386638684,-0.008388548360251666,0.26804123711340205,759.0,811.5,842.25
763,39.81306327,-71.47728582,696.75,9.872239978165943,0.38751611646454065,77.23631323567736,-0.006982491026190148,0.25257731958762886,759.0,811.5,842.25
763,39.81306327,-71.47728582,696.75,9.861859122240991,0.3825027468620994,80.16451077861169,-0.004669558289047556,0.24742268041237114,759.7500000000001,811.5,842.25
763,39.81306327,-71.47728582,696.75,9.353839200204785,0.3779386858801315,81.51506375040685,-0.00551738510251128,0.24742268041237114,759.7500000000001,811.5,842.25
763,39.81306327,-71.47728582,696.75,9.373528152008078,0.36974337086886977,78.81227451633838,-0.00479876555157483,0.25773195876288657,759.7500000000001,811.5,842.25
764,39.81301755,-71.47742427,696.75,9.7365902601589,0.3576985756659249,79.03737891689549,0.0057402943159451224,0.2422680412371134,759.7500000000001,811.5,842.25
764,39.81301755,-71.47742427,699.75,9.876415894678532,0.35084089325614204,80.16269443330857,-0.006289829175750282,0.21578947368421053,759.7500000000001,811.5,842.25
764,39.81301755,-71.47742427,699.75,9.43526732985182,0.3462770259918398,80.83658233616484,-0.00756237449824172,0.22105263157894736,759.7500000000001,811.5,842.25
764,39.81301755,-71.47742427,699.75,8.73461140798182,0.3485298701795116,77.9072977584576,-0.013212400817212984,0.21578947368421053,759.7500000000001,811.5,842.25
765,39.8129719,-71.47756947,699.75,8.60011513343794,0.35492759322927764,77.00476623258925,-0.004400303289058756,0.22631578947368422,759.7500000000001,811.5,842.25
765,39.8129719,-71.47756947,699.75,9.78979372236999,0.3602044329940505,76.328028595626,-0.0006159270349541719,0.24210526315789474,759.7500000000001,811.5,842.25
765,39.8129719,-71.47756947,699.75,10.382750757608498,0.36406770977070524,76.7770023905777,-0.005485624977476912,0.23684210526315788,759.7500000000001,811.5,842.25
765,39.8129719,-71.47756947,699.75,10.223635030431652,0.3667411372146137,77.22506012789377,0.00048281640336454175,0.24736842105263157,759.7500000000001,811.5,842.25
766,39.81293015,-71.47770983,699.75,9.817823089186009,0.36626393343386215,76.54740070368432,-0.006013716896552835,0.2789473684210526,759.7500000000001,811.5,842.25
766,39.81293015,-71.47770983,699.75,9.65593801233595,0.36244262558156787,74.29458795275127,-0.0058314509032242135,0.2894736842105263,759.7500000000001,811.5,842.25
766,39.81293015,-71.47770983,699.75,9.72032986713382,0.36325131452593723,76.54679832236879,0.005823116268035238,0.25263157894736843,759.7500000000001,811.5,842.25
766,39.81293015,-71.47770983,699.75,10.07898218987637,0.3677121224574736,77.90925373984034,0.011787547737201975,0.26842105263157895,760.5,811.5,842.25
766,39.81293015,-71.47770983,699.75,9.686798440812472,0.36875691951697653,77.25785002967525,0.010160632534311403,0.2631578947368421,760.5,811.5,842.25
767,39.81289443,-71.4778593,699.75,8.759318100565904,0.36437960311133977,75.67280049081027,-0.0034026381034418705,0.2736842105263158,760.5,811.5,842.25
767,39.81289443,-71.4778593,699.75,8.404246240640802,0.3580724649022839,76.76269432271452,0.013822860810368548,0.23684210526315788,760.5,811.5,842.25
767,39.81289443,-71.4778593,699.75,8.515041391977757,0.35165140436237663,76.60263937063704,0.01923295786554198,0.21578947368421053,760.5,811.5,842.25
767,39.81289443,-71.4778593,699.75,8.41159878301559,0.34425312465141045,77.92630672415355,0.02064656816721113,0.2578947368421053,760.5,811.5,842.25
768,39.81285692,-71.47800288,699.75,9.026983842192125,0.33643357666933654,76.79498979175689,0.012521445877691209,0.23157894736842105,760.5,811.5,842.25
768,39.81285692,-71.47800288,699.75,9.194769489198032,0.3305961886894333,77.92119766261781,0.02321408769153062,0.2,760.5,811.5,842.25
768,39.81285692,-71.47800288,699.75,8.949503477515456,0.33113741967315563,77.46869959008387,0.018181960905228618,0.20526315789473684,760.5,811.5,842.25
768,39.81285692,-71.47800288,699.75,9.254465118308119,0.33619287468838366,77.69003486261938,0.01414385856365412,0.23157894736842105,760.5,811.5,842.25
769,39.81282005,-71.47814783,699.75,9.589694912290375,0.3395179823593868,77.688026615436,0.013200444331006837,0.2578947368421053,760.5,811.5,842.25
769,39.81282005,-71.47814783,699.75,9.400742304707629,0.34127504646736423,77.23757633143063,0.021198651666786486,0.2578947368421053,760.5,811.5,842.25
769,39.81282005,-71.47814783,699.75,9.201195396713146,0.3439515671148484,77.46253762468031,0.015476731524070371,0.2578947368421053,760.5,811.5,842.25
769,39.81282005,-71.47814783,699.75,9.280883126311632,0.3478921127551048,77.23558907451351,0.014741606317063413,0.25263157894736843,760.5,811.5,842.25
770,39.8127725,-71.47828597,699.75,9.312463938542338,0.35390987780796734,74.98130337873734,0.013059485682730092,0.24210526315789474,760.5,811.5,842.25
770,39.8127725,-71.47828597,699.75,9.177696744792648,0.3603191472311931,74.52898097513597,0.014798745690065946,0.26842105263157895,760.5,811.5,842.25
770,39.8127725,-71.47828597,699.75,9.039816215339286,0.36273719478880545,73.85274507989239,0.01438489410612521,0.2631578947368421,760.5,811.5,842.25
770,39.8127725,-71.47828597,699.75,9.021413962867497,0.3622764754814422,72.95212092990234,0.005313452031061463,0.24736842105263157,760.5,811.5,842.25
771,39.81272963,-71.47842432,699.75,8.87731311514713,0.3615728371617403,75.6548981511484,0.00180561737269449,0.24210526315789474,760.5,811.5,842.25
771,39.81272963,-71.47842432,699.75,8.595701661623949,0.36093239532551125,76.55655323208211,0.005140525302405122,0.24210526315789474,760.5,811.5,842.25
771,39.81272963,-71.47842432,699.75,8.497189959681673,0.3592297091705486,76.33210681614953,0.009128059918991193,0.22631578947368422,760.5,811.5,842.25
771,39.81272963,-71.47842432,699.75,8.294124725188059,0.35588534908172403,78.13377481035006,0.0009586126796039112,0.25263157894736843,760.5,811.5,842.25
772,39.81268507,-71.47855867,699.75,8.081223085011336,0.34583831454895825,77.00761319450415,0.001277523999769631,0.24736842105263157,760.5,811.5,842.25
772,39.81268507,-71.47855867,699.75,8.079459375619022,0.33556416765059843,76.10664273735918,0.005611651541913485,0.24210526315789474,760.5,811.5,842.25
772,39.81268507,-71.47855867,699.75,8.422620050435667,0.33099919495884506,74.30564716504567,0.00017473112979206424,0.2736842105263158,760.5,811.5,842.25
772,39.81268507,-71.47855867,699.75,8.59715000053198,0.3303331856002992,74.982355152322,0.0038490827871297895,0.23157894736842105,760.5,811.5,842.25
773,39.81263723,-71.4786949,699.75,8.57169510088815,0.3337416230346238,76.78517593985372,0.005630606249736679,0.23157894736842105,760.5,811.5,842.25
773,39.81263723,-71.4786949,699.75,8.545853918734979,0.333579110176486,74.98471504698477,0.01732352505581279,0.25263157894736843,760.5,811.5,842.25
773,39.81263723,-71.4786949,699.75,8.426753466133576,0.3322085492791558,76.11104270927238,0.011498003058665251,0.24736842105263157,760.5,811.5,842.25
773,39.81263723,-71.4786949,699.75,8.326538057150746,0.33281096597828413,76.33669042827938,0.0031512649954534653,0.23684210526315788,760.5,811.5,842.25
774,39.81258838,-71.47883203,699.75,8.13241379010925,0.3362759117869222,75.43641436551918,0.009373021498864629,0.24210526315789474,760.5,811.5,842.25
774,39.81258838,-71.47883203,699.75,8.20879807165068,0.3367759616213642,77.01288911393628,0.010656909238091695,0.24210526315789474,760.5,811.5,842.25
774,39.81258838,-71.47883203,699.75,8.492010613860865,0.3390185471700713,76.56249726629626,0.012888289940946908,0.24736842105263157,760.5,811.5,842.25
774,39.81258838,-71.47883203,699.75,8.53843439852304,0.339696320538585,74.98576393065674,0.014866432950596505,0.24210526315789474,760.5,811.5,842.25
775,39.81253455,-71.47896373,699.75,8.396535337891423,0.33918575667164025,75.43519870584981,0.008297308176900078,0.25263157894736843,760.5,811.5,842.25
775,39.81253455,-71.47896373,699.75,8.355577726219977,0.3393419234825969,74.08357710480219,0.01076685904795833,0.24210526315789474,760.5,811.5,842.25
775,39.81253455,-71.47896373,699.75,8.494288778994553,0.34071520367344565,74.0833465850762,0.014156169954966581,0.24210526315789474,760.5,811.5,842.25
775,39.81253455,-71.47896373,699.75,8.623927929510538,0.3456919762044424,74.30852013145748,0.018069987334274222,0.2578947368421053,760.5,811.5,842.25
775,39.81253455,-71.47896373,699.75,8.837737322078851,0.35300729412031845,76.11006250345069,0.014527410083455657,0.23684210526315788,760.5,811.5,842.25
776,39.81248057,-71.47910118,699.75,9.175447619491957,0.3609830554376266,73.85867574926928,0.02032500054424247,0.2578947368421053,760.5,811.5,842.25
776,39.81248057,-71.47910118,699.75,9.555368658740537,0.36676777315241865,75.21023861821094,0.019453067531433794,0.24736842105263157,760.5,811.5,842.25
776,39.81248057,-71.47910118,699.75,9.742214696827334,0.3707985109961864,75.88618885359324,0.016300607244818438,0.22631578947368422,760.5,811.5,842.25
776,39.81248057,-71.47910118,699.0,9.891189679348258,0.36906797014410636,76.78724268229207,0.015557894824641193,0.2513089005235602,760.5,811.5,842.25
777,39.81242923,-71.47923665,699.0,10.049524599466594,0.3610454920209795,75.43625769612348,0.003165622644169687,0.27225130890052357,760.5,811.5,842.25
777,39.81242923,-71.47923665,699.0,9.869679779723183,0.3524104926854349,76.11137721140321,0.0021414427187115316,0.27225130890052357,760.5,811.5,842.25
777,39.81242923,-71.47923665,699.0,9.459528210514982,0.3505616079151688,77.2368376498778,0.0038919910006252573,0.27225130890052357,759.0,811.5,842.25
777,39.81242923,-71.47923665,699.0,9.194343990844953,0.3512761131463371,76.78709862456141,0.012915099748014655,0.24607329842931938,759.0,811.5,842.25
778,39.8123789,-71.47937855,699.0,9.526364383624166,0.35233185430462766,76.78911115245938,0.011989357834976466,0.225130890052356,759.0,811.5,842.25
778,39.8123789,-71.47937855,699.0,9.471446112640843,0.3530372495014,76.34118667323315,0.0049776066285533,0.19895287958115182,759.0,811.5,842.25
778,39.8123789,-71.47937855,699.0,8.887008253120863,0.35234228002938206,74.31557052072748,0.0034711464565955266,0.20418848167539266,759.0,811.5,842.25
778,39.8123789,-71.47937855,699.0,8.166831459428598,0.3537748186339721,74.54012612052463,0.010663578563316092,0.20418848167539266,759.0,811.5,842.25
779,39.81232983,-71.47952485,699.0,7.893066711791424,0.35405023357085774,75.6644184477392,0.009506377672208794,0.19895287958115182,759.0,811.5,842.25
779,39.81232983,-71.47952485,699.0,8.010244385671898,0.3538855193076972,75.43814266170601,0.01046011147917605,0.2356020942408377,759.0,811.5,842.25
779,39.81232983,-71.47952485,699.0,8.208690315458771,0.3588777808529888,75.66272409112818,0.0110992271667084,0.23036649214659685,759.0,811.5,842.25
779,39.81232983,-71.47952485,699.0,8.503281624018571,0.3635508031651022,76.5633355257938,0.006736161621650497,0.24083769633507854,759.0,811.5,842.25
779,39.81232983,-71.47952485,699.0,9.039007632215865,0.3675314159673928,75.43711672807348,0.010824378761728145,0.2617801047120419,759.0,811.5,842.25
780,39.81228288,-71.47966707,699.0,9.447296889162642,0.3732170938821609,76.33739585029385,0.011989696028151541,0.2670157068062827,759.0,811.5,842.25
780,39.81228288,-71.47966707,699.0,9.57934364238133,0.3814460403573837,75.88678169958035,0.022923479191152223,0.24607329842931938,759.0,811.5,842.25
780,39.81228288,-71.47966707,699.0,9.672265444927833,0.38347343229232383,74.98565262674457,0.01429982963623602,0.2617801047120419,759.0,811.5,842.25
780,39.81228288,-71.47966707,699.0,9.586657564313768,0.38031631704287583,74.98522725624217,0.01478762115323629,0.2513089005235602,759.0,811.5,842.25
781,39.81223718,-71.47981195,699.0,9.27148747748981,0.37819415677868623,75.21025271786627,0.021514999628023806,0.27225130890052357,759.0,811.5,842.25
781,39.81223718,-71.47981195,699.0,8.863788045882913,0.3764811459633464,75.43528676424066,0.018200371730607096,0.2670157068062827,759.0,811.5,842.25
781,39.81223718,-71.47981195,699.0,8.754463562481076,0.37491506168326466,75.4353103625423,0.005668115520963303,0.225130890052356,759.0,811.5,842.25
781,39.81223718,-71.47981195,699.0,8.905294668225348,0.3734577545280162,74.53483829050487,0.001166995610309377,0.20418848167539266,759.0,811.5,842.25
782,39.8121935,-71.4799592,699.0,8.989689802335754,0.366913417170293,74.98533729123773,0.013062491076556609,0.225130890052356,759.0,811.5,842.25
782,39.8121935,-71.4799592,699.0,8.601546500819602,0.359541203228404,75.88573937290022,0.01861211869896449,0.225130890052356,759.0,811.5,842.25
782,39.8121935,-71.4799592,699.0,8.25516420390657,0.35835233708247094,77.0108569447266,0.013851372023321528,0.225130890052356,759.0,811.5,842.25
782,39.8121935,-71.4799592,699.0,8.29397700176652,0.36271938908783286,77.2353102603416,0.013676697167913771,0.2356020942408377,759.0,811.5,842.25
782,39.8121935,-71.4799592,699.0,8.667231147312188,0.36624444834640557,77.6855314113064,0.01432289575463204,0.2513089005235602,759.0,811.5,842.25
783,39.81214858,-71.48010387,699.0,9.573602853810188,0.3654889786520202,76.55996062042563,0.011397034036512646,0.24083769633507854,759.0,811.5,842.25
783,39.81214858,-71.48010387,698.25,9.931452863045672,0.3603899524464124,75.65960595030404,0.012031060745653886,0.234375,759.0,811.5,842.25
783,39.81214858,-71.48010387,698.25,9.140749035845344,0.3528076574668579,75.20938953765457,0.005702192785993862,0.25,759.0,811.5,842.25
783,39.81214858,-71.48010387,698.25,8.354937789916146,0.34797860271461745,74.98437358441215,0.012580876556602661,0.23958333333333334,759.0,811.5,842.25
784,39.8121001,-71.48024757,697.5,8.37878875697228,0.34859457314034586,74.5346672761305,0.02320133759848239,0.2538860103626943,759.0,811.5,842.25
784,39.8121001,-71.48024757,696.75,8.862450379931264,0.3494828660345291,75.21110359510867,0.023837746433851347,0.25257731958762886,759.0,811.5,842.25
784,39.8121001,-71.48024757,696.75,9.14304399376254,0.3504715444014092,77.01386726002065,0.023460992752364275,0.26288659793814434,759.0,811.5,842.25
784,39.8121001,-71.48024757,696.75,8.649930674576204,0.34812023656212643,75.66506955726686,0.022066944769414835,0.27835051546391754,759.0,811.5,842.25
785,39.81205145,-71.48039187,696.75,8.175762234488744,0.3436727633379069,75.66732469215104,0.011746901310093857,0.26288659793814434,759.0,811.5,842.25
785,39.81205145,-71.48039187,696.0,8.286163760082449,0.34402735570689136,76.79414149857624,0.002104746165974714,0.2717948717948718,759.0,811.5,842.25
785,39.81205145,-71.48039187,696.0,8.793305053235754,0.3447341334212987,77.24382164504277,-0.0022144193186738204,0.2512820512820513,759.0,811.5,842.25
785,39.81205145,-71.48039187,696.0,9.250785270092717,0.34305385137414457,78.81845433024276,0.0007629423146735268,0.24615384615384617,759.0,811.5,842.25
786,39.812005,-71.48053408,695.25,9.300044042579795,0.33666775986784747,79.26702471960695,0.000553148217094898,0.27040816326530615,759.0,811.5,842.25
786,39.812005,-71.48053408,695.25,8.867718632044445,0.32864987907741827,78.13930051070543,0.0023348895738773646,0.2857142857142857,759.0,810.0,842.25
786,39.812005,-71.48053408,695.25,8.89094343438073,0.3223474846429046,77.68712472953604,0.005811673161050961,0.29015544041450775,759.0,810.0,840.0000000000001
786,39.812005,-71.48053408,695.25,9.643133834326079,0.3203448463066925,77.68576221116835,0.00801031606780588,0.2694300518134715,759.0,810.0,840.0000000000001
786,39.812005,-71.48053408,695.25,9.821658916803907,0.32325437887873637,77.00973101360059,0.004897536424383345,0.2849740932642487,759.0,810.0,840.0000000000001
787,39.81195747,-71.48067922,694.5,9.29365130933122,0.3287730713804221,77.00989687218186,-0.001381753283630401,0.26288659793814434,758.2500000000001,810.0,840.0000000000001
787,39.81195747,-71.48067922,694.5,8.761936792469603,0.33445724098720286,77.23534515456348,-0.003434473325207605,0.2422680412371134,758.2500000000001,810.0,840.0000000000001
787,39.81195747,-71.48067922,694.5,8.588788667639447,0.34268894897229707,79.26211929221279,0.00017754797344807748,0.2422680412371134,758.2500000000001,810.0,840.0000000000001
787,39.81195747,-71.48067922,692.25,8.459520007673472,0.34859661027953565,78.81154243798674,-0.0018121018517653852,0.28426395939086296,758.2500000000001,810.0,840.0000000000001
788,39.81191022,-71.48082435,691.5,8.352365412788545,0.35303097567606784,79.93689125739812,-0.007922382581565643,0.29292929292929293,758.2500000000001,810.0,840.0000000000001
788,39.81191022,-71.48082435,691.5,7.731340144185913,0.35201304906449943,79.7113135765766,-0.0034860633522615153,0.2727272727272727,758.2500000000001,810.0,840.0000000000001
788,39.81191022,-71.48082435,691.5,6.928415189545114,0.3482181388354384,78.81078551338948,-0.006128063742141221,0.25757575757575757,758.2500000000001,810.0,840.0000000000001
788,39.81191022,-71.48082435,691.5,6.88144379376824,0.3479586622483213,77.23520033538202,-0.006077331346816183,0.21717171717171718,758.2500000000001,810.0,840.0000000000001
789,39.81186462,-71.48096835,691.5,7.318003621051284,0.34956858444263667,77.01075054170228,-0.007956649164777943,0.2222222222222222,758.2500000000001,810.0,840.0000000000001
789,39.81186462,-71.48096835,691.5,8.201110600131114,0.3495985308627235,78.36209546007301,0.0024949220768367463,0.21212121212121213,758.2500000000001,810.0,840.0000000000001
789,39.81186462,-71.48096835,691.5,9.200780943882881,0.3488071967931141,78.58732897374458,0.010968288227540781,0.2222222222222222,758.2500000000001,810.0,840.0000000000001
789,39.81186462,-71.48096835,690.75,10.289620027942956,0.35338445511551575,78.36213796444615,0.006626841492750075,0.20603015075376885,758.2500000000001,810.0,840.0000000000001
789,39.81186462,-71.48096835,690.75,10.309585629894118,0.35609105646676453,77.9117998068857,0.009857750957330031,0.20603015075376885,758.2500000000001,810.0,840.0000000000001
790,39.81181615,-71.48110953,690.75,10.976775363964732,0.3516617667228547,78.36216276588195,0.012559491677214716,0.23618090452261306,758.2500000000001,810.0,840.0000000000001
790,39.81181615,-71.48110953,690.75,10.718646839220144,0.34404566773704864,76.78564047235366,0.008677148309936461,0.25125628140703515,758.2500000000001,810.0,840.0000000000001
790,39.81181615,-71.48110953,690.75,9.834656049311349,0.34111192485655983,76.55972973285918,0.01067513174312186,0.271356783919598,758.2500000000001,810.0,840.0000000000001
790,39.81181615,-71.48110953,690.75,9.506625307828509,0.3438204205542098,77.45977542094046,0.00749354707764334,0.27638190954773867,758.2500000000001,810.0,840.0000000000001
791,39.81176638,-71.4812606,690.75,8.394109565955526,0.3409764699194607,77.68480925524207,0.0065418847112214155,0.27638190954773867,757.5,810.0,840.0000000000001
791,39.81176638,-71.4812606,690.75,7.63894605764882,0.33653009200635847,77.46074666407488,0.01423120422138965,0.2613065326633166,757.5,810.0,840.0000000000001
791,39.81176638,-71.4812606,690.75,6.837896763071244,0.340601993973143,76.56200556359136,0.009717644852493032,0.2613065326633166,757.5,810.0,840.0000000000001
791,39.81176638,-71.4812606,690.75,6.423848087019225,0.3495984510762942,78.58987947333682,0.01695490153083598,0.23115577889447236,756.0,810.0,840.0000000000001
791,39.81176638,-71.4812606,690.75,6.467225945744474,0.34799394634252495,78.36507402110567,0.02403022450229301,0.22110552763819097,755.2500000000001,809.25,840.0000000000001
792,39.81171503,-71.48141103,690.75,6.366165477415801,0.3358648116208071,77.91485747717351,0.02045238356266978,0.22110552763819097,755.2500000000001,809.25,840.0000000000001
792,39.81171503,-71.48141103,690.75,6.609620378112278,0.3271730757392944,78.8161677459937,0.02049558157497485,0.23618090452261306,755.2500000000001,809.25,840.0000000000001
792,39.81171503,-71.48141103,690.75,7.036874065603235,0.32427200146692275,79.26777727709184,0.02208997694067007,0.22110552763819097,755.2500000000001,809.25,840.0000000000001
792,39.81171503,-71.48141103,690.75,7.233730910380476,0.32405633211571033,77.91808902754967,0.01507463662995668,0.23115577889447236,751.5,809.25,840.0000000000001
793,39.81166515,-71.48155203,690.75,7.224916279131493,0.3259292668459191,78.5943645892311,0.018621099022203682,0.2562814070351759,751.5,809.25,840.0000000000001
793,39.81166515,-71.48155203,690.75,7.220080483415576,0.3284547481856818,78.36950875400252,0.019300594694320723,0.2663316582914573,751.5,809.25,840.0000000000001
793,39.81166515,-71.48155203,690.75,7.36993632160123,0.3288920403505135,77.46949490267872,0.012878387381459994,0.271356783919598,751.5,809.25,840.0000000000001
793,39.81166515,-71.48155203,690.75,7.449597539964875,0.32946053489884736,77.47063832729214,0.0029580860380905615,0.2663316582914573,751.5,809.25,840.0000000000001
794,39.81161832,-71.48169712,690.75,7.204674622293086,0.3266459112817003,75.89607412745464,0.0006982135519464183,0.2613065326633166,751.5,809.25,840.0000000000001
794,39.81161832,-71.48169712,690.75,6.9483428446724975,0.3241009375612445,76.12297284547336,0.0004339609425525092,0.2864321608040201,751.5,809.25,840.0000000000001
794,39.81161832,-71.48169712,690.75,6.686015244987169,0.32362904894074784,75.67399813724927,0.009126274757107672,0.3015075376884422,751.5,809.25,840.0000000000001
794,39.81161832,-71.48169712,690.75,6.625783080439775,0.32885514395137444,75.90105309646096,0.00915051213079926,0.31155778894472363,751.5,790.5,840.0000000000001
794,39.81161832,-71.48169712,690.75,6.487860136124441,0.3342576307310877,77.256245000182,0.0009656931006893872,0.31155778894472363,751.5,790.5,840.0000000000001
795,39.81157315,-71.4818458,690.75,6.320466751969677,0.3351811987946855,78.841412573375,-0.005382882109571846,0.32663316582914576,751.5,790.5,840.0000000000001
795,39.81157315,-71.4818458,690.75,6.131376600056505,0.33372712918526526,79.07757819385175,-0.0005412745595951455,0.3417085427135678,751.5,790.5,840.0000000000001
795,39.81157315,-71.4818458,690.75,6.155249552512582,0.3315873709838119,78.9803592761625,0.008695264512603705,0.3065326633165829,751.5,790.5,840.0000000000001
795,39.81157315,-71.4818458,690.75,6.0764434695487095,0.32866617256592695,79.01165196277964,0.009991708858922296,0.2914572864321608,751.5,790.5,840.0000000000001
796,39.8115224,-71.48199072,690.75,6.080421860692104,0.3245038478043031,79.04444149965941,0.008234827067935081,0.271356783919598,751.5,790.5,840.0000000000001
796,39.8115224,-71.48199072,690.75,6.312446219178838,0.3243437495322223,78.607356685892,0.005471456857377124,0.271356783919598,751.5,790.5,840.0000000000001
796,39.8115224,-71.48199072,690.75,6.558873703692627,0.32796609428269524,78.38951186516721,0.0055812882591881425,0.27638190954773867,751.5,790.5,840.0000000000001
796,39.8115224,-71.48199072,690.75,6.608186544207327,0.32994747971375676,78.1721338617965,0.0036301533194497476,0.2613065326633166,751.5,790.5,840.0000000000001
797,39.81147365,-71.4821307,690.75,6.4707918125395745,0.3322302601105542,79.08502045827134,0.010442546755323,0.27638190954773867,751.5,790.5,840.0000000000001
797,39.81147365,-71.4821307,690.75,6.263606463300445,0.3341528056721438,77.9658675779019,0.007200192407439327,0.2914572864321608,751.5,790.5,840.0000000000001
797,39.81147365,-71.4821307,690.75,6.104223553648051,0.3391105982874643,79.30003459825464,0.002969298693127131,0.3015075376884422,751.5,790.5,840.0000000000001
797,39.81147365,-71.4821307,690.75,6.324071911156943,0.34569341956657595,79.24463714227245,0.005442953158316224,0.3065326633165829,751.5,790.5,840.0000000000001
797,39.81147365,-71.4821307,690.75,6.312028888134708,0.34555426023539704,80.64966013111304,0.01632154242671432,0.2814070351758794,751.5,790.5,840.0000000000001
798,39.81142303,-71.48227825,690.75,6.102161783583812,0.3409611084307043,78.59825400919259,0.014731010799045098,0.27638190954773867,751.5,790.5,840.0000000000001
798,39.81142303,-71.48227825,690.75,5.976210660528215,0.34141016721559714,77.46181632771327,0.018622164479448457,0.2914572864321608,751.5,790.5,840.0000000000001
798,39.81142303,-71.48227825,690.75,6.142940547000007,0.34152801912783504,78.58181581896642,0.014856960812194033,0.27638190954773867,751.5,790.5,840.0000000000001
798,39.81142303,-71.48227825,690.75,6.056339133326039,0.343321162023661,78.80524970031328,0.013630786138117867,0.2562814070351759,751.5,790.5,840.0000000000001
799,39.81137578,-71.48241987,690.75,5.841017906981014,0.3421790819772295,79.25670669061668,0.009171877238269096,0.21105527638190955,751.5,790.5,840.0000000000001
799,39.81137578,-71.48241987,690.75,5.997842626881624,0.3397189399425876,77.90821905183543,0.004789171442665052,0.22110552763819097,751.5,790.5,840.0000000000001
799,39.81137578,-71.48241987,690.75,6.238540246703435,0.34293416561835216,78.81172810175559,0.000721966492391196,0.22110552763819097,751.5,790.5,840.0000000000001
799,39.81137578,-71.48241987,690.75,6.4139081011571095,0.3426264861090249,79.03806670885729,0.0013696653693474176,0.22110552763819097,751.5,790.5,840.0000000000001
800,39.81132688,-71.48256555,690.75,6.399333097763126,0.3438911743745237,79.03803992825301,0.0022901522529541135,0.23618090452261306,751.5,790.5,840.0000000000001
800,39.81132688,-71.48256555,690.75,6.385843267983367,0.3430382242993233,78.81454223229203,-0.0002510081797789731,0.21608040201005024,751.5,790.5,840.0000000000001
800,39.81132688,-71.48256555,690.75,6.563186849031235,0.3426260728550032,78.14312037764196,-0.0017110093109566646,0.22613065326633167,751.5,790.5,840.0000000000001
800,39.81132688,-71.48256555,690.75,6.76849866167834,0.3438596295930257,79.49853681508164,-0.008817816423091623,0.21608040201005024,751.5,790.5,840.0000000000001
801,39.81128057,-71.48271202,690.75,6.693317435414333,0.34688470207546146,78.82623762755124,0.003474823835945887,0.21608040201005024,751.5,790.5,840.0000000000001
801,39.81128057,-71.48271202,690.75,6.582030029792831,0.34969276636398916,78.6022474562635,0.013166372181684097,0.23115577889447236,751.5,790.5,840.0000000000001
801,39.81128057,-71.48271202,690.75,6.698063094964895,0.35487338333509205,79.05168957371004,0.008523824426870481,0.23115577889447236,751.5,790.5,840.0000000000001
801,39.81128057,-71.48271202,690.75,6.732101495500819,0.3584849402249085,78.37405744976832,0.010274653993749059,0.2562814070351759,751.5,790.5,840.0000000000001
801,39.81128057,-71.48271202,690.75,6.51883387245696,0.3625506009800069,78.14663161647128,0.0037195615748730863,0.24120603015075376,751.5,790.5,840.0000000000001
802,39.81122908,-71.48285365,690.75,6.328914503936147,0.365694907905941,79.72067716670786,0.001077765115104985,0.23115577889447236,751.5,790.5,840.0000000000001
802,39.81122908,-71.48285365,690.75,6.287514919459011,0.36178786094474463,78.5929912643237,0.0021706904617293825,0.2613065326633166,751.5,790.5,840.0000000000001
802,39.81122908,-71.48285365,690.75,6.406792598987047,0.35793379322645447,79.04244869529424,0.012549991850927701,0.271356783919598,751.5,790.5,840.0000000000001
802,39.81122908,-71.48285365,690.75,6.489757536288419,0.35389372792583945,79.2682854004834,0.002633991428186453,0.2864321608040201,751.5,790.5,840.0000000000001
803,39.81117943,-71.48299287,690.75,6.405013723728526,0.34815069436115764,79.04404481941432,-0.0003736775487262299,0.2663316582914573,751.5,790.5,840.0000000000001
803,39.81117943,-71.48299287,690.75,6.399363066944864,0.34629531779141903,79.2691493350473,0.004906334181591102,0.2814070351758794,751.5,790.5,840.0000000000001
803,39.81117943,-71.48299287,690.75,6.567648866307136,0.34901203276838116,80.61896542909409,0.004503069634847148,0.3015075376884422,751.5,790.5,840.0000000000001
803,39.81117943,-71.48299287,690.75,6.817883897252366,0.3525321802331972,78.591454836529,-0.0025201906161602876,0.2964824120603015,751.5,790.5,840.0000000000001
804,39.81112985,-71.48314028,690.75,6.983749739153901,0.3575571823384458,79.71785878530183,0.004778953999023508,0.24120603015075376,751.5,790.5,840.0000000000001
804,39.81112985,-71.48314028,690.75,6.902580664494796,0.36249456696553045,80.39443211421879,0.009183414409506731,0.2562814070351759,751.5,790.5,840.0000000000001
804,39.81112985,-71.48314028,690.75,6.915430800580765,0.3657858842935059,78.59359570723973,0.006044820827114639,0.2613065326633166,751.5,790.5,840.0000000000001
804,39.81112985,-71.48314028,690.75,6.887956169067266,0.3648140970606122,78.81841908231578,0.006941913619120378,0.2814070351758794,751.5,790.5,840.0000000000001
804,39.81112985,-71.48314028,690.75,6.7070216587536375,0.3620887810540206,79.04307055055625,0.010272037902311302,0.265,751.5,790.5,840.75
805,39.81108272,-71.48328603,690.75,6.681673426309328,0.3597268155502435,78.5924762923,0.01085417684040204,0.29,751.5,790.5,840.75
805,39.81108272,-71.48328603,690.75,6.737259207826631,0.36100686109653346,77.24156689217027,0.006876519220644155,0.305,751.5,790.5,840.75
805,39.81108272,-71.48328603,690.75,6.514029573897354,0.362329447563309,78.81811026772593,0.00308761041295427,0.295,751.5,790.5,840.75
805,39.81108272,-71.48328603,690.75,6.504521069075926,0.36482432513848756,78.59346434171846,0.0018586411932241444,0.265,751.5,790.5,840.75
806,39.81103678,-71.48343382,690.75,6.615550814881354,0.3670391728429781,78.36865910152217,0.0078301206879962,0.275,751.5,790.5,840.75
806,39.81103678,-71.48343382,690.75,6.612115925586703,0.3671521579481674,78.81914952649217,0.008428993970830795,0.285,751.5,790.5,840.75
806,39.81103678,-71.48343382,690.75,6.508858523140636,0.368685450016989,77.91885410115349,-0.004574322253286847,0.2722772277227723,751.5,790.5,842.25
806,39.81103678,-71.48343382,690.75,6.46270965859851,0.3699325562045489,77.24401803097943,0.01534103890223009,0.25742574257425743,751.5,790.5,842.25
807,39.81099037,-71.48357903,690.75,6.417176731231512,0.36647255875496665,78.59566621356352,0.00792646932688599,0.24630541871921183,751.5,790.5,843.0000000000001
807,39.81099037,-71.48357903,690.75,6.58484888945173,0.35734390535950816,79.27153362037143,0.010296677147154992,0.2561576354679803,751.5,790.5,843.0000000000001
807,39.81099037,-71.48357903,690.75,6.730898648653105,0.34699730368062753,77.47033406202218,-0.0047477424174300195,0.26108374384236455,751.5,790.5,843.0000000000001
807,39.81099037,-71.48357903,690.75,6.628176804835082,0.342299323066409,77.02018544901895,0.00825950816830601,0.23645320197044334,751.5,790.5,843.0000000000001
807,39.81099037,-71.48357903,690.75,6.408189460562817,0.337396731031508,78.37119808351868,0.015036244362780749,0.2315270935960591,751.5,790.5,843.0000000000001
808,39.81094265,-71.48372578,690.75,6.408427811552188,0.33543837582507213,78.14503218823548,0.014035906936970375,0.22660098522167488,752.2500000000001,790.5,843.0000000000001
808,39.81094265,-71.48372578,690.75,6.540712277940072,0.34104002490597946,78.14349710353136,0.001807234776224879,0.2561576354679803,752.2500000000001,790.5,843.0000000000001
808,39.81094265,-71.48372578,690.75,6.3920850473327055,0.3441097662276582,77.4667828429185,-0.00030685808296352827,0.22660098522167488,752.2500000000001,790.5,843.0000000000001
808,39.81094265,-71.48372578,690.75,6.1998247761269365,0.3477298174485917,76.56548858271191,0.0015310428003749885,0.20689655172413793,752.2500000000001,790.5,843.0000000000001
809,39.81089625,-71.48387312,690.75,6.2587146569321295,0.35411021317573305,76.11512261561525,0.003712035426639975,0.2315270935960591,752.2500000000001,790.5,843.0000000000001
809,39.81089625,-71.48387312,690.75,6.271725828013254,0.3593339212559387,74.3141037807006,0.006731217152518223,0.23645320197044334,752.2500000000001,790.5,843.0000000000001
809,39.81089625,-71.48387312,690.75,6.2326026876907585,0.3619494629722719,75.66535639401454,-0.0008744645641611614,0.24630541871921183,752.2500000000001,790.5,843.0000000000001
809,39.81089625,-71.48387312,690.75,6.148837787123076,0.36231811941988323,76.11505948650482,0.02046382672622516,0.24630541871921183,752.2500000000001,790.5,843.0000000000001
810,39.81084772,-71.48401255,690.75,6.102353486682885,0.36231721374881676,77.46452693055373,0.015130727364677948,0.24630541871921183,752.2500000000001,790.5,843.0000000000001
810,39.81084772,-71.48401255,690.75,6.180457285562086,0.3667859975149592,77.23797101576716,-0.008076784386346965,0.2660098522167488,752.2500000000001,790.5,843.0000000000001
810,39.81084772,-71.48401255,690.75,6.193378849055119,0.37319699566195125,77.01232333198311,-0.012113424175170674,0.2512315270935961,752.2500000000001,790.5,843.0000000000001
810,39.81084772,-71.48401255,690.75,6.1462755265315705,0.3742363020562861,77.23856021041321,-0.007800352114469648,0.23645320197044334,752.2500000000001,790.5,843.0000000000001
810,39.81084772,-71.48401255,690.75,6.144528469438208,0.37113943843341746,77.46429432609592,0.009243398909432678,0.23645320197044334,752.2500000000001,791.25,843.0000000000001
811,39.81079837,-71.48416265,691.5,6.284829479540057,0.36908469634619967,76.56310067154966,0.0044559394182555265,0.23267326732673269,752.2500000000001,791.25,843.0000000000001
811,39.81079837,-71.48416265,691.5,6.569143425942969,0.3733889697247706,77.46393754557873,-0.0003338812086368553,0.21782178217821782,752.2500000000001,791.25,843.0000000000001
811,39.81079837,-71.48416265,691.5,6.831482733470635,0.37876898193425,77.01553247786609,0.003246036502198803,0.21782178217821782,752.2500000000001,791.25,843.0000000000001
811,39.81079837,-71.48416265,691.5,7.025533390320816,0.38346169836325833,77.9197539499351,0.0007383959696627509,0.21782178217821782,752.2500000000001,791.25,843.0000000000001
812,39.81074568,-71.4843056,691.5,7.247336604256812,0.38556661672588793,78.82376923571475,-0.007597085523684389,0.22277227722772278,752.2500000000001,791.25,843.0000000000001
812,39.81074568,-71.4843056,691.5,7.47681443672617,0.38358119465410706,80.62671109328599,-0.0025968013829736985,0.22772277227722773,752.2500000000001,791.25,843.0000000000001
812,39.81074568,-71.4843056,691.5,7.95459872913706,0.3801199171779869,81.08307224524167,-0.0012300895060040197,0.23267326732673269,752.2500000000001,791.25,843.0000000000001
812,39.81074568,-71.4843056,691.5,8.851978724207958,0.3830035242524845,81.31548928613081,0.002729872419658093,0.23267326732673269,752.2500000000001,791.25,843.0000000000001
813,39.81069785,-71.48445053,691.5,9.500894091940744,0.39060521125281195,80.63901274883905,-0.0006684849700019177,0.23267326732673269,752.2500000000001,791.25,843.0000000000001
813,39.81069785,-71.48445053,691.5,9.482032348904855,0.3985032535018711,81.07391543942363,-0.007883350852084163,0.23267326732673269,752.2500000000001,791.25,843.0000000000001
813,39.81069785,-71.48445053,691.5,8.938914453606124,0.40123459375285203,81.26233605759205,-0.003063900935849112,0.23267326732673269,752.2500000000001,791.25,843.0000000000001
813,39.81069785,-71.48445053,691.5,8.464604589486235,0.4006271119527632,81.56421503004543,0.009901312374884187,0.24752475247524752,752.2500000000001,791.25,843.0000000000001
813,39.81069785,-71.48445053,691.5,8.310252568626307,0.40214325667033457,81.53583115947306,0.004836440512832581,0.2524752475247525,752.2500000000001,791.25,843.0000000000001
814,39.810653,-71.48459357,691.5,8.409540537604943,0.40602168783587766,81.0729469049596,-0.0023122205705346168,0.2413793103448276,752.2500000000001,791.25,843.75
814,39.810653,-71.48459357,691.5,8.316082035076889,0.4066463179268221,81.97010954204694,-0.0040443858112092675,0.2561576354679803,752.2500000000001,791.25,843.75
814,39.810653,-71.48459357,691.5,7.976940009038636,0.40772112414824324,82.86910938832126,0.00628733330105676,0.23645320197044334,752.2500000000001,791.25,843.75
814,39.810653,-71.48459357,691.5,7.8686894673334535,0.4079785121712039,81.74133204903117,0.003961832843371379,0.24630541871921183,752.2500000000001,791.25,843.75
815,39.8106061,-71.48474443,691.5,8.037356892651262,0.4067968554619393,81.96436089031924,-0.010618228712885577,0.2561576354679803,752.2500000000001,791.25,843.75
815,39.8106061,-71.48474443,691.5,8.039320025281317,0.4093530289154332,83.76307008324369,-0.011518706139031472,0.27586206896551724,752.2500000000001,791.25,843.75
815,39.8106061,-71.48474443,691.5,7.987582898253524,0.4069467375298679,82.1845687887252,-0.0018749042272972064,0.30049261083743845,752.2500000000001,791.25,843.75
815,39.8106061,-71.48474443,691.5,7.875362445752936,0.40304701277321864,79.70697018177007,-0.006281054437018352,0.29064039408866993,752.2500000000001,791.25,843.75
816,39.81056443,-71.48489515,691.5,7.7988354407592215,0.3992323186771742,78.80676831072361,-0.017506402028060523,0.2561576354679803,752.2500000000001,791.25,843.75
816,39.81056443,-71.48489515,691.5,7.7243838862346985,0.3935545188002379,80.15854383827434,-0.015299749697793328,0.2561576354679803,752.2500000000001,791.25,843.75
816,39.81056443,-71.48489515,691.5,7.575719292532387,0.38708945997176164,81.0593617931756,-0.011397840849353198,0.22660098522167488,752.2500000000001,791.25,843.75
816,39.81056443,-71.48489515,691.5,7.344384874518235,0.3835246823153903,79.03266475665636,-0.015831774875172643,0.2315270935960591,752.2500000000001,791.25,843.75
816,39.81056443,-71.48489515,691.5,7.278564006850926,0.3827392144817208,79.93355294040369,-0.013288554419268777,0.23645320197044334,752.2500000000001,791.25,843.75
817,39.81051927,-71.48503128,691.5,7.2312337735322885,0.38069992290444377,80.38386691636617,-0.010711185674420032,0.24630541871921183,752.2500000000001,791.25,843.75
817,39.81051927,-71.48503128,691.5,7.079554984775664,0.378702848944967,80.83363148043861,-0.005715514547069451,0.2413793103448276,752.2500000000001,791.25,843.75
817,39.81051927,-71.48503128,691.5,7.02867123256211,0.3782691794038188,81.28382319292949,-0.009548531483295323,0.24630541871921183,752.2500000000001,791.25,843.75
817,39.81051927,-71.48503128,691.5,7.143393243155446,0.3801136179445435,79.70870600052152,-0.007881691868818213,0.23645320197044334,752.2500000000001,791.25,843.75
818,39.81048357,-71.48519048,691.5,7.24114722470541,0.3823988660552979,79.93628353781673,-0.01782575447252758,0.2512315270935961,752.2500000000001,791.25,843.75
818,39.81048357,-71.48519048,691.5,7.229022815218678,0.38308574230171166,79.26364309202991,-0.006926685065809919,0.26108374384236455,752.2500000000001,791.25,843.75
818,39.81048357,-71.48519048,691.5,7.123309368889259,0.38492526243847774,79.26560821823595,-0.004406148042275581,0.2660098522167488,752.2500000000001,791.25,843.75
818,39.81048357,-71.48519048,691.5,7.250198027875191,0.39223878745412105,78.1401052616545,0.002450064989806982,0.2413793103448276,752.2500000000001,791.25,843.75
819,39.81044385,-71.4853322,691.5,7.427674167606099,0.39799586294808936,78.5894763007042,-0.005094140939341402,0.2315270935960591,752.2500000000001,791.25,843.75
819,39.81044385,-71.4853322,691.5,7.505943699700674,0.3981339724542656,77.91315245156538,-0.005223485129991329,0.22660098522167488,752.2500000000001,791.25,843.75
819,39.81044385,-71.4853322,691.5,7.589088062500655,0.3964664555036919,79.04091681243176,-0.0052568787570879925,0.2561576354679803,752.2500000000001,791.25,843.75
819,39.81044385,-71.4853322,691.5,7.416431701088389,0.39513663737136157,78.59477670106143,-0.0038604465970034215,0.26108374384236455,752.2500000000001,791.25,843.75
820,39.81040293,-71.48547767,691.5,7.207753846210557,0.39475361841325657,78.82424136684384,-0.012683282561479546,0.2857142857142857,752.2500000000001,791.25,843.75
820,39.81040293,-71.48547767,691.5,7.066326809175664,0.3906859874197101,77.0258556094962,-0.019263819999665276,0.29064039408866993,752.2500000000001,791.25,843.75
820,39.81040293,-71.48547767,691.5,7.088319811270501,0.38685843664303426,76.35253797042456,-0.008642016077817595,0.28078817733990147,752.2500000000001,791.25,843.75
820,39.81040293,-71.48547767,691.5,7.073927248014986,0.38610956334931346,77.03106200695481,-0.003469081436563063,0.29064039408866993,752.2500000000001,791.25,843.75
820,39.81040293,-71.48547767,691.5,7.0066378498746325,0.3898068295647604,78.05073549664338,-0.0042090420202957534,0.29064039408866993,752.2500000000001,791.25,843.75
821,39.81036638,-71.48562943,691.5,6.962652738930567,0.3925436551813751,79.1929291429628,-0.01278856121486728,0.31527093596059114,752.2500000000001,791.25,843.75
821,39.81036638,-71.48562943,691.5,6.931049410633752,0.3895234572136345,78.37837606568391,-0.016531261145343493,0.33004926108374383,752.2500000000001,791.25,843.75
821,39.81036638,-71.48562943,691.5,7.0256457719166,0.3847662389580987,78.57702669679286,-0.016797698418676284,0.33497536945812806,752.2500000000001,791.25,843.75
821,39.81036638,-71.48562943,691.5,7.056581439625738,0.38601190547628716,77.65301803427845,-0.009619192367629191,0.32019704433497537,752.2500000000001,791.25,843.75
822,39.81032338,-71.48577155,691.5,7.053289969113567,0.38643583316221036,76.7622570485586,-0.007935717925703,0.31527093596059114,752.2500000000001,791.25,843.75
822,39.81032338,-71.48577155,691.5,7.079488606549261,0.3819663442992628,77.698370769666,-0.012605837313790934,0.3054187192118227,752.2500000000001,791.25,843.75
822,39.81032338,-71.48577155,691.5,7.1294165330236385,0.37529355730669833,77.89282728846285,-0.010102554417749167,0.32019704433497537,752.2500000000001,792.0,843.75
822,39.81032338,-71.48577155,691.5,7.318608910658493,0.37368888994541954,78.07222983199851,-0.006718634597869788,0.32019704433497537,752.2500000000001,792.0,843.75
823,39.81027767,-71.4859195,691.5,7.329280796543168,0.37482512175639354,79.5188817472043,-0.010637443448263567,0.31527093596059114,752.2500000000001,792.0,843.75
823,39.81027767,-71.4859195,691.5,7.169756515748472,0.37685688680287716,79.05871126258654,-0.015591101184526716,0.31527093596059114,752.2500000000001,792.0,843.75
823,39.81027767,-71.4859195,691.5,7.141874304810839,0.3768127951857224,79.27663975753394,-0.006497820180931581,0.3103448275862069,752.2500000000001,792.0,843.75
823,39.81027767,-71.4859195,691.5,7.102065224476098,0.37557614139369694,79.27141911338549,-0.0154172141054453,0.3054187192118227,752.2500000000001,792.0,843.75
823,39.81027767,-71.4859195,691.5,7.01633700896501,0.3774570453320164,79.2681862589129,-0.0064577777384388,0.2857142857142857,752.2500000000001,792.0,843.75
824,39.8102289,-71.48606048,691.5,6.816905836762598,0.38095019846131617,78.8161200027991,-0.0072662114045746315,0.2857142857142857,752.2500000000001,792.0,843.75
824,39.8102289,-71.48606048,691.5,6.745239071434866,0.3794769913121214,78.81516862411168,-0.013155850139242937,0.27586206896551724,752.2500000000001,792.0,843.75
824,39.8102289,-71.48606048,691.5,6.726503422481351,0.37294551399847015,77.23838400923032,-0.01414076925214904,0.30049261083743845,752.2500000000001,792.0,843.75
824,39.8102289,-71.48606048,691.5,6.7467339578621734,0.37042680908424214,78.58927113376018,-0.009727348410865633,0.30049261083743845,752.2500000000001,792.0,843.75
825,39.81017992,-71.48620527,691.5,6.61980341398287,0.37061052879876183,79.71517317956412,-0.011452686151944934,0.3251231527093596,752.2500000000001,792.0,843.75
825,39.81017992,-71.48620527,691.5,6.458935706251273,0.3694394085413147,78.58879532481484,-0.021426732249269782,0.32019704433497537,752.2500000000001,792.0,843.75
825,39.81017992,-71.48620527,691.5,6.498887587710462,0.36627014208009445,78.36241516127095,-0.010433373824001812,0.31527093596059114,752.2500000000001,792.0,843.75
825,39.81017992,-71.48620527,691.5,6.54974131913461,0.36297319463196503,78.81112378819614,-0.00975319598925554,0.3054187192118227,752.2500000000001,792.0,843.75
826,39.81013397,-71.48634638,691.5,6.477216948448225,0.35948230910100754,79.71024847213613,-0.009972651396001724,0.2857142857142857,752.2500000000001,792.0,843.75
826,39.81013397,-71.48634638,691.5,6.390879799192701,0.35595958988574006,80.15888919315569,-0.012783390204401269,0.30049261083743845,752.2500000000001,792.0,843.75
826,39.81013397,-71.48634638,691.5,6.325032824044835,0.3523177930265607,79.25638125859905,-0.005838638599262092,0.3103448275862069,752.2500000000001,792.0,843.75
826,39.81013397,-71.48634638,691.5,6.5357728316445005,0.3530653746420878,79.25548508655902,-0.00038663756686067033,0.3054187192118227,752.2500000000001,792.0,843.75
827,39.81009165,-71.48648945,691.5,6.63627691477897,0.3547238014429648,77.6792852140169,-0.009238785306040914,0.28078817733990147,752.2500000000001,792.0,843.75
827,39.81009165,-71.48648945,691.5,6.56687682564517,0.35622383227692134,78.80484865137461,-0.011018345627798591,0.27586206896551724,752.2500000000001,792.0,843.75
827,39.81009165,-71.48648945,691.5,6.49980583714482,0.35664434029053593,79.02939569121851,-0.011202307145543551,0.2660098522167488,752.2500000000001,792.0,843.75
827,39.81009165,-71.48648945,691.5,6.473125913453264,0.3609357118066023,79.25456701900721,-0.011722596049782602,0.2857142857142857,752.2500000000001,792.0,843.75
827,39.81009165,-71.48648945,691.5,6.7602908324530615,0.36782542613635355,78.12999136862115,-0.013336031253725188,0.27586206896551724,752.2500000000001,792.0,843.75
828,39.81005258,-71.4866327,691.5,6.96171551120984,0.3720579404468343,77.68138575014488,-0.007004768461728549,0.26108374384236455,752.2500000000001,792.0,843.75
828,39.81005258,-71.4866327,691.5,6.583669499848232,0.37168146951196135,78.13239411725256,-0.006809600768637963,0.26108374384236455,752.2500000000001,792.0,843.75
828,39.81005258,-71.4866327,691.5,6.037285224437082,0.3711342782353986,76.78084852435094,-0.006010914660073886,0.270935960591133,752.2500000000001,792.0,843.75
828,39.81005258,-71.4866327,691.5,5.980914068646804,0.3708391402331997,78.80672536306038,-0.005663061715720433,0.27586206896551724,752.2500000000001,792.0,843.75
829,39.81000667,-71.48677435,691.5,6.203306151763359,0.36932311032991266,78.58095192180464,-0.012535667648688452,0.270935960591133,752.2500000000001,792.0,843.75
829,39.81000667,-71.48677435,691.5,6.398210575781642,0.36713677877907586,77.68020026692594,-0.01159179514821684,0.29064039408866993,752.2500000000001,792.0,843.75
829,39.81000667,-71.48677435,691.5,6.511746071344575,0.36871431599488985,77.00537458233637,-0.0036960250601524663,0.30049261083743845,752.2500000000001,792.0,843.75
829,39.81000667,-71.48677435,691.5,6.304296235358166,0.3709953229034001,76.33109165558707,-0.005260914935648031,0.2955665024630542,752.2500000000001,792.0,843.75
830,39.80996135,-71.48691963,691.5,6.049624676193298,0.3704367715436206,76.3319149362095,-0.00801156965845022,0.29064039408866993,752.2500000000001,792.0,843.75
830,39.80996135,-71.48691963,691.5,6.203734069125287,0.3654519689033176,77.00761438413774,-0.00550609063921843,0.27586206896551724,752.2500000000001,792.0,843.75
830,39.80996135,-71.48691963,691.5,6.241027595279761,0.3619711975391952,76.10627224541129,-0.0051656293810184795,0.28078817733990147,752.2500000000001,792.0,843.75
830,39.80996135,-71.48691963,691.5,6.44711967404358,0.3621742652603038,76.55537922289624,-0.004847437346819432,0.2857142857142857,752.2500000000001,792.0,843.75
831,39.80992303,-71.48705995,691.5,6.611171642724051,0.3649663323135475,76.10340866060605,-0.015322566121568086,0.29064039408866993,752.2500000000001,792.0,843.75
831,39.80992303,-71.48705995,691.5,6.594439972734726,0.3708543816348965,77.00240965776565,-0.01635709867609676,0.2857142857142857,752.2500000000001,792.0,843.75
831,39.80992303,-71.48705995,691.5,6.522628815318379,0.3740018003351427,79.47840419250053,-0.021028727006565936,0.29064039408866993,752.2500000000001,792.0,843.75
831,39.80992303,-71.48705995,691.5,6.519901465244109,0.37086736430435213,80.3799932325605,-0.01736934725580391,0.29064039408866993,752.2500000000001,792.0,843.75
832,39.80987428,-71.48720227,691.5,6.42686062475322,0.36623375519057644,77.90364906537829,-0.012493443480773431,0.3103448275862069,752.2500000000001,792.0,843.75
832,39.80987428,-71.48720227,691.5,6.966858312106966,0.3639204069881285,78.35243719212691,-0.013912235489517418,0.30049261083743845,752.2500000000001,792.0,843.75
832,39.80987428,-71.48720227,691.5,7.069539775283253,0.3596472299384832,79.24964003563161,-0.010166237150371047,0.2857142857142857,752.2500000000001,792.0,843.75
832,39.80987428,-71.48720227,691.5,6.751180544742485,0.35794406466168505,78.1207500015577,0.0026575348866354474,0.27586206896551724,752.2500000000001,792.0,843.75
832,39.80987428,-71.48720227,691.5,6.335904984544003,0.3569345722873126,78.12034413678325,-0.0034745738540558784,0.2857142857142857,752.2500000000001,792.0,843.75
833,39.80983303,-71.4873473,691.5,6.06817918776683,0.35702082937464424,76.77047774628812,-0.01436672467603553,0.27586206896551724,752.2500000000001,792.0,843.75
833,39.80983303,-71.4873473,691.5,5.880323917851959,0.35845619279283913,77.67107805032978,-0.010457190592070207,0.2857142857142857,752.2500000000001,792.0,843.75
833,39.80983303,-71.4873473,691.5,5.963206374657923,0.359443998902996,78.34530712121138,-0.012237821691738334,0.2955665024630542,752.2500000000001,792.0,843.75
833,39.80983303,-71.4873473,691.5,6.238477811975653,0.36023477776987956,78.11945245882065,-0.017856769354045936,0.30049261083743845,752.2500000000001,792.0,843.75
834,39.80978925,-71.48749277,691.5,6.39090265984876,0.3603294690826221,77.67049005648842,-0.006997948938930979,0.2955665024630542,752.2500000000001,792.0,843.75
834,39.80978925,-71.48749277,691.5,6.390276155498346,0.35807971612402933,77.67232620937108,-0.007942913999217937,0.29064039408866993,752.2500000000001,792.0,843.75
834,39.80978925,-71.48749277,691.5,6.345408724015429,0.35543811597500863,79.02414107643696,-0.013542110293076335,0.270935960591133,752.2500000000001,792.0,843.75
834,39.80978925,-71.48749277,691.5,6.471598512393576,0.3553028544413441,77.67326692660338,-0.011041897720536058,0.270935960591133,752.2500000000001,792.0,843.75
835,39.80974648,-71.48763547,691.5,6.5424260578820785,0.35930967730074964,76.77331800637536,-0.013607873544267816,0.26108374384236455,752.2500000000001,792.0,843.75
835,39.80974648,-71.48763547,691.5,6.281435813436776,0.3619781258566521,76.54956130069873,-0.010890172291692556,0.27586206896551724,752.2500000000001,792.0,843.75
835,39.80974648,-71.48763547,691.5,5.829034271813103,0.3635885901452217,77.00072856555167,-0.014143917384793071,0.28078817733990147,752.2500000000001,792.0,843.75
835,39.80974648,-71.48763547,691.5,6.0007959355526586,0.36638365280620905,77.45127862671289,-0.015409424235535795,0.2857142857142857,752.2500000000001,792.0,843.75
836,39.8097044,-71.48778175,691.5,6.1601583998518805,0.36572065784272845,78.1261408205917,-0.01819675354313624,0.32019704433497537,752.2500000000001,792.0,843.75
836,39.8097044,-71.48778175,691.5,6.327271764964256,0.3647020715956703,75.4228835530765,-0.01251838789450847,0.3251231527093596,752.2500000000001,792.0,843.75
836,39.8097044,-71.48778175,691.5,6.559351033457575,0.3636066804437387,75.19653505261246,-0.012170280678933602,0.3251231527093596,752.2500000000001,792.0,843.75
836,39.8097044,-71.48778175,691.5,5.983374309658095,0.36210669331442347,76.54702957406438,-0.008620291587526778,0.31527093596059114,752.2500000000001,792.0,843.75
836,39.8097044,-71.48778175,691.5,5.946672681311694,0.36205926683035417,77.89739860081418,-0.01539481393408343,0.30049261083743845,752.2500000000001,792.0,843.75
837,39.80965768,-71.48792385,691.5,6.08762466236671,0.36547787548378324,78.12231003185282,-0.01797824816029876,0.30049261083743845,752.2500000000001,792.0,843.75
837,39.80965768,-71.48792385,691.5,6.176632062955485,0.3650204192347542,78.1226652275964,-0.007164180968646249,0.30049261083743845,752.2500000000001,792.0,843.75
837,39.80965768,-71.48792385,691.5,5.961781508684515,0.3586853149977461,78.7990450160622,-0.009481754750253564,0.30049261083743845,752.2500000000001,792.0,843.75
837,39.80965768,-71.48792385,691.5,5.9820431777866485,0.3516948549496675,78.12445423989955,-0.0062443578053401,0.3103448275862069,752.2500000000001,792.0,843.75
838,39.80961375,-71.48807005,691.5,6.1221733898355915,0.34534798778612164,76.77311153269463,-0.0028849431491454933,0.2955665024630542,752.2500000000001,792.0,843.75
838,39.80961375,-71.48807005,691.5,6.048557677906263,0.3409543618410723,77.22135314103207,-0.002198639446643737,0.31527093596059114,752.2500000000001,792.0,843.75
838,39.80961375,-71.48807005,691.5,5.7573776492496895,0.33707681842527615,77.21844467526456,-0.005855400571666198,0.31527093596059114,752.2500000000001,792.0,843.75
838,39.80961375,-71.48807005,691.5,5.845391182831916,0.334298643176871,76.76815358440854,-0.011150935632396069,0.32019704433497537,752.2500000000001,792.0,843.75
839,39.80956357,-71.48821282,691.5,5.8729037802756885,0.33093093019589365,75.86712297082629,-0.020250603149129486,0.32019704433497537,752.2500000000001,792.0,843.75
839,39.80956357,-71.48821282,691.5,5.822305402772745,0.33050876139279967,74.74763921422763,-0.01808007610830125,0.3103448275862069,752.2500000000001,792.0,843.75
839,39.80956357,-71.48821282,691.5,5.612436276818981,0.3314060232388458,75.65503702392205,-0.010906184125370573,0.3054187192118227,752.2500000000001,792.0,843.75
839,39.80956357,-71.48821282,691.5,5.814808259537768,0.33173036874297157,77.45845920742866,-0.008684873570320037,0.31527093596059114,752.2500000000001,792.0,843.75
840,39.809519,-71.48835375,691.5,6.147566970322943,0.33001952016228736,77.00719716408715,-0.00769824106388649,0.3251231527093596,752.2500000000001,792.0,843.75
840,39.809519,-71.48835375,691.5,6.265041200420477,0.3274197823408416,76.55418225950092,-0.005751493178029115,0.3054187192118227,752.2500000000001,792.0,843.75
840,39.809519,-71.48835375,691.5,6.223229402323921,0.3261477336041262,77.45173656714984,-0.006936367898065504,0.3054187192118227,752.2500000000001,792.0,843.75
840,39.809519,-71.48835375,691.5,6.2407427801093664,0.3231340503698893,78.12564414072358,-0.009639560514227258,0.3103448275862069,752.2500000000001,792.0,843.75
840,39.809519,-71.48835375,691.5,6.9173956993881385,0.3242101458551042,77.00059853755637,-0.01653998607183405,0.29064039408866993,752.2500000000001,792.0,843.75
841,39.8094728,-71.48849318,691.5,6.804859379437469,0.3255657523319458,77.90345807244951,-0.015138445379103856,0.29064039408866993,752.2500000000001,792.0,843.75
841,39.8094728,-71.48849318,691.5,6.067304429745606,0.32615449574051475,77.90517390334023,-0.015879046257722476,0.2857142857142857,752.2500000000001,792.0,843.75
841,39.8094728,-71.48849318,691.5,5.722440338109718,0.3252287471813406,77.229945684272,-0.012542007118301049,0.29064039408866993,752.2500000000001,792.0,843.75
841,39.8094728,-71.48849318,691.5,5.918624631804991,0.32535917539591086,76.55341907774257,-0.00818714633557862,0.2857142857142857,752.2500000000001,792.0,843.75
842,39.80942473,-71.48863737,691.5,6.135988913703838,0.3262186462346811,76.101689848482,-0.007359605575377675,0.28078817733990147,752.2500000000001,792.0,843.75
842,39.80942473,-71.48863737,691.5,6.119943876386186,0.3270678788443354,76.55255208136153,-0.010876347123177015,0.2955665024630542,752.2500000000001,792.0,843.75
842,39.80942473,-71.48863737,691.5,6.377194382607884,0.3279367482495357,75.65414995165783,-0.01950077312116658,0.28078817733990147,752.2500000000001,792.0,843.75
842,39.80942473,-71.48863737,691.5,6.640757694544425,0.3271151310748346,74.97994297335035,-0.02008030669599452,0.28078817733990147,752.2500000000001,792.0,843.75
843,39.80937357,-71.48877508,691.5,6.54373687387813,0.3227646410763281,76.33059352737702,-0.010396827891191947,0.28078817733990147,752.2500000000001,792.0,843.75
843,39.80937357,-71.48877508,691.5,6.490244529286115,0.3239151996705132,75.65422780117707,-0.012566250615796908,0.24630541871921183,752.2500000000001,792.0,843.75
843,39.80937357,-71.48877508,691.5,6.553769550883528,0.331198315237713,75.65477346171241,-0.006544416199180432,0.2660098522167488,752.2500000000001,792.0,843.75
843,39.80937357,-71.48877508,691.5,6.644023238108703,0.33783372490233426,76.10754375473329,-0.0038209838321113547,0.2512315270935961,752.2500000000001,792.0,843.75
844,39.8093286,-71.48891992,691.5,6.641820021458437,0.3401646981270724,75.66007609879473,-0.002619581868616048,0.270935960591133,752.2500000000001,792.0,843.75
844,39.8093286,-71.48891992,691.5,6.737849107748146,0.3425042157843781,74.76178068205714,-0.004901602867872472,0.28078817733990147,752.2500000000001,792.0,843.75
844,39.8093286,-71.48891992,691.5,6.940620048138563,0.34265889237675173,76.11365911303179,-0.001717406143369796,0.27586206896551724,752.2500000000001,792.0,843.75
844,39.8093286,-71.48891992,691.5,7.124839908350919,0.3397078427221975,77.46456305458716,0.0036378980516688754,0.2561576354679803,752.2500000000001,792.0,843.75
844,39.8093286,-71.48891992,691.5,7.337029001787373,0.33778925819533734,77.69042655784828,-0.00681095715314799,0.2561576354679803,752.2500000000001,792.0,843.75
845,39.80928808,-71.4890687,691.5,7.774166833394611,0.339621701471259,77.91700804865796,-0.009633761064746645,0.26108374384236455,752.2500000000001,792.0,843.75
845,39.80928808,-71.4890687,691.5,8.242168623499385,0.34070985827630673,78.5932103486942,-0.007447674277630871,0.24630541871921183,752.2500000000001,792.0,843.75
845,39.80928808,-71.4890687,691.5,8.472033918731805,0.33832021004834717,78.14226690717226,-0.0031773258357202447,0.24630541871921183,752.2500000000001,792.0,843.75
845,39.80928808,-71.4890687,691.5,8.34171681631819,0.3383686556269285,78.365736942921,-0.007927906989186148,0.2512315270935961,752.2500000000001,792.0,843.75
846,39.80924783,-71.48921463,691.5,8.014454402491383,0.33728386887846906,77.68845357402,-0.004739570848768398,0.26108374384236455,752.2500000000001,792.0,843.75
846,39.80924783,-71.48921463,691.5,7.658621651203434,0.33814775927929674,78.3629242505865,-0.008804163355049001,0.28078817733990147,752.2500000000001,792.0,843.75
846,39.80924783,-71.48921463,691.5,7.286265463063617,0.33413702619186847,78.36339793897011,-0.00906420809105009,0.2857142857142857,752.2500000000001,792.0,843.75
846,39.80924783,-71.48921463,691.5,6.712257982700763,0.3323695262701786,77.01360392540354,-0.004841231413681738,0.28078817733990147,752.2500000000001,792.0,843.75
847,39.809205,-71.4893567,691.5,6.614312861543633,0.33197910884607107,77.24010258530967,-0.014691701869681488,0.29064039408866993,752.2500000000001,792.0,843.75
847,39.809205,-71.4893567,691.5,6.596649497971185,0.33160328414046464,78.1418823772688,-0.010569111283248717,0.28078817733990147,752.2500000000001,792.0,843.75
847,39.809205,-71.4893567,691.5,6.570510716862641,0.3321480939679103,78.36390396684784,-0.00800926813828282,0.2660098522167488,752.2500000000001,792.0,843.75
847,39.809205,-71.4893567,691.5,6.663028513286143,0.3341029296311795,78.55863882941036,-0.010658684013782959,0.2512315270935961,752.2500000000001,792.0,843.75
848,39.80916535,-71.4895043,691.5,6.525110601457522,0.3361164488772204,77.9569847015089,-0.008507540352893871,0.24630541871921183,752.2500000000001,792.0,843.75
848,39.80916535,-71.4895043,691.5,6.301627206656507,0.3338155120208166,78.15500065255364,-0.016703756255277813,0.2512315270935961,752.2500000000001,792.0,843.75
848,39.80916535,-71.4895043,691.5,6.327375533451233,0.3343667778950758,78.59321012575661,-0.014023259222996815,0.2512315270935961,752.2500000000001,792.75,843.75
848,39.80916535,-71.4895043,691.5,6.423775159119563,0.3378570398715711,78.58860029256631,-0.011136785787499609,0.2413793103448276,752.2500000000001,792.75,843.75
849,39.80912935,-71.48965022,691.5,6.538320639373481,0.3444517759876106,77.2351285879254,0.002826458979536912,0.23645320197044334,752.2500000000001,792.75,843.75
849,39.80912935,-71.48965022,691.5,6.6476974080354365,0.34567146413671573,76.33505062891457,0.009140585319817356,0.22167487684729065,752.2500000000001,792.75,843.75
849,39.80912935,-71.48965022,691.5,6.760330185284525,0.34446749194108156,77.46290722671519,-0.0012356872335883519,0.23645320197044334,753.0,792.75,843.75
849,39.80912935,-71.48965022,691.5,6.882351696081344,0.3444537905225373,76.78705947429181,-0.006218453226733422,0.2315270935960591,753.0,792.75,843.75
849,39.80912935,-71.48965022,691.5,6.931380997131653,0.34349079358410856,78.36101712710519,-0.00936630228671677,0.22167487684729065,753.0,792.75,843.75
850,39.80909163,-71.48979468,691.5,7.026443295614669,0.34058253449274273,79.48452519620947,-0.014040650824484,0.22660098522167488,753.0,792.75,843.75
850,39.80909163,-71.48979468,690.75,6.946503006315003,0.3390079773806732,77.68289558220297,-0.012752434316065335,0.22549019607843138,753.0,792.75,843.75
850,39.80909163,-71.48979468,690.75,6.945222357935559,0.33987894795267865,77.45995615470406,-0.015595726823251114,0.23529411764705882,753.0,792.75,843.75
850,39.80909163,-71.48979468,690.75,6.816068103771895,0.3430353485954109,79.03750667773595,-0.011614020273858496,0.23529411764705882,753.0,792.75,843.75
851,39.80904617,-71.48994143,690.75,6.757019872156542,0.3428396604213197,77.91064239182855,-0.006357218578560664,0.22058823529411764,753.0,792.75,843.75
851,39.80904617,-71.48994143,690.75,7.061583009393931,0.34003080394365726,78.80828579998894,-0.004983133114258755,0.20588235294117646,753.0,792.75,843.75
851,39.80904617,-71.48994143,690.75,7.205457153713841,0.3381588553904781,78.35466273674358,-0.0052174592343885344,0.20588235294117646,753.0,792.75,843.75
851,39.80904617,-71.48994143,690.75,7.262661099594164,0.3443169210424099,76.77668129052527,-0.00035654281398433973,0.22058823529411764,753.0,792.75,843.75
852,39.8090002,-71.49008142,690.75,7.365678897087874,0.351810103056816,79.25370367588711,0.004465207716991758,0.24019607843137256,753.0,792.75,843.75
852,39.8090002,-71.49008142,690.75,7.490885816410008,0.35704300859457594,79.93047985953217,0.006379058806105018,0.22058823529411764,753.0,792.75,843.75
852,39.8090002,-71.49008142,690.75,7.594982003185537,0.35956428335933927,80.83278769831101,0.0044572059221943275,0.23039215686274508,753.0,792.75,843.75
852,39.8090002,-71.49008142,690.75,7.937537536850208,0.3640030897108423,79.48221251887038,-0.0001430308164760095,0.2549019607843137,753.0,792.75,843.75
853,39.8089543,-71.49022313,690.75,8.283146091971314,0.3712902790327298,79.93158903767167,-0.0015771950216279488,0.25980392156862747,753.0,792.75,843.75
853,39.8089543,-71.49022313,690.75,8.376538883909118,0.37581279091684694,78.35386728508209,-0.000824621937615875,0.25,753.0,792.75,843.75
853,39.8089543,-71.49022313,690.75,8.128358307677399,0.37533224718130065,79.92937239176717,-0.0011351692269230896,0.24019607843137256,753.0,792.75,843.75
853,39.8089543,-71.49022313,690.75,7.757106220833164,0.3731780591396832,81.05545518102839,-0.006647016992630393,0.25,753.0,792.75,843.75
853,39.8089543,-71.49022313,690.75,7.531820516715242,0.371388997597824,79.48004044996333,-0.009870527391597257,0.24509803921568626,753.0,792.75,843.75
854,39.8089094,-71.49036603,690.75,7.564922910355833,0.3676865061134557,79.25575845825502,-0.011897237564085455,0.25980392156862747,753.0,792.75,843.75
854,39.8089094,-71.49036603,690.75,7.4530289877568565,0.3619367976115353,79.70657158489703,-0.013362672982557803,0.2696078431372549,753.0,792.75,843.75
854,39.8089094,-71.49036603,690.75,7.341761231658792,0.3570394551761401,79.25648692349256,-0.009386891297087155,0.27941176470588236,753.0,792.75,843.75
854,39.8089094,-71.49036603,690.75,7.143194449338066,0.3559791345674103,78.13095631951676,-0.0008583441653906556,0.29901960784313725,753.0,792.75,843.75
855,39.80886713,-71.49051317,690.75,6.92550774699995,0.3559646801941453,77.23080045684591,-0.007556896650038682,0.3137254901960784,753.0,792.75,843.75
855,39.80886713,-71.49051317,690.75,6.774343306327199,0.3572528381700254,78.80802601839231,0.0021362329503689667,0.3137254901960784,753.0,792.75,843.75
855,39.80886713,-71.49051317,690.75,6.6127559207874285,0.3569815492869212,79.25921666016406,-0.009983807774537438,0.29901960784313725,753.0,792.75,843.75
855,39.80886713,-71.49051317,690.75,6.500447816876421,0.35789800329300514,78.35846127420281,-0.008794113351929986,0.27941176470588236,753.0,792.75,843.75
856,39.80882275,-71.49064952,690.75,6.532792993511727,0.36016003861678636,78.80834042978752,-0.008603550551400323,0.27450980392156865,753.0,792.75,843.75
856,39.80882275,-71.49064952,690.75,6.648218929559063,0.35894958998661336,78.58281231275562,-0.00416708411944062,0.2696078431372549,753.0,792.75,843.75
856,39.80882275,-71.49064952,690.75,6.717136228342387,0.3571509296692452,79.48329615544307,-0.008421971202906837,0.2696078431372549,753.0,792.75,843.75
856,39.80882275,-71.49064952,690.75,6.78743893781138,0.35800010287541156,79.03265154071926,-0.010771132886540588,0.25980392156862747,753.0,792.75,843.75
857,39.8087809,-71.49079357,690.75,6.834832478278463,0.35900620653857684,78.35690375683626,-0.009569699364809918,0.24509803921568626,753.0,792.75,843.75
857,39.8087809,-71.49079357,690.75,7.1028976565873565,0.3583673884725944,78.35678800763311,-0.0004889857542012799,0.2549019607843137,753.0,792.75,843.75
857,39.8087809,-71.49079357,690.75,7.526226312933327,0.3595452456239322,77.45549978720511,0.001157895509092485,0.25980392156862747,753.0,792.75,843.75
857,39.8087809,-71.49079357,690.75,7.660087046414721,0.36518678675459915,78.13013814360617,0.0012897072748735729,0.25980392156862747,753.0,792.75,843.75
858,39.80873842,-71.49093615,690.75,7.469069469770181,0.37121727037541286,78.57978614008218,-0.0033242246231414557,0.2647058823529412,753.0,792.75,843.75
858,39.80873842,-71.49093615,690.75,7.360452029920649,0.3717559622845725,79.03021931686494,-0.0045026021659427175,0.2549019607843137,753.0,792.75,843.75
858,39.80873842,-71.49093615,690.75,7.343550669884506,0.36919217888365236,78.80534552601445,0.007292494804336715,0.27450980392156865,753.0,792.75,843.75
858,39.80873842,-71.49093615,690.75,7.2287926949429595,0.3704753758981684,78.80501829906602,-0.001960146667336957,0.28431372549019607,753.0,792.75,843.75
858,39.80873842,-71.49093615,690.75,7.115105864751934,0.3690927164859128,77.90344721118906,-0.0031089852238127763,0.29901960784313725,753.0,792.75,843.75
859,39.80869692,-71.49107973,690.75,6.951419667529832,0.36642827187571597,78.12830365844724,-0.0036739121699965534,0.27941176470588236,753.0,792.75,843.75
859,39.80869692,-71.49107973,690.75,6.946986696537418,0.36418613945163925,76.77769714729504,-0.003976443218403409,0.27450980392156865,753.0,792.75,843.75
859,39.80869692,-71.49107973,690.75,7.048355145849376,0.3642237001277709,78.12989502290739,-0.005990576710889819,0.27941176470588236,753.0,792.75,843.75
859,39.80869692,-71.49107973,690.75,7.210211850119794,0.36622569744948497,79.03252878308182,-0.00694092141237245,0.2696078431372549,753.0,792.75,843.75
860,39.80865572,-71.4912215,690.75,7.258248097341306,0.3665093644025128,78.13418024001828,-0.0016528675211119053,0.27941176470588236,753.0,792.75,843.75
860,39.80865572,-71.4912215,690.75,7.480229342500783,0.36242733058526005,79.26091322623775,-0.00789382045838989,0.28921568627450983,753.0,792.75,843.75
860,39.80865572,-71.4912215,690.75,7.516054666368807,0.3620458152399517,80.16087791075319,-0.006667671278923787,0.28431372549019607,753.0,792.75,843.75
860,39.80865572,-71.4912215,690.75,7.493974556037358,0.36415073662843117,79.70875036149982,-0.010460941716633676,0.29411764705882354,753.0,792.75,843.75
861,39.80861638,-71.49137173,690.75,7.554546895004459,0.36665909433867,78.80610666200892,-0.011355202168041964,0.28921568627450983,753.0,792.75,843.75
861,39.80861638,-71.49137173,690.75,7.397931397708258,0.36738006165621145,78.35434161460086,-0.00951588714914161,0.28921568627450983,753.0,792.75,843.75
861,39.80861638,-71.49137173,690.75,7.477443858046298,0.3638236185109709,78.354450279649,-0.0012274678409086393,0.28431372549019607,753.0,792.75,843.75
861,39.80861638,-71.49137173,690.75,7.560221846720597,0.36181882040593627,79.48120355578025,-0.010959945327748943,0.29411764705882354,753.0,792.75,843.75
862,39.80857445,-71.49151718,690.75,7.572223975038978,0.363546385424612,79.03099342414596,-0.009378463193018802,0.29411764705882354,753.0,792.75,843.75
862,39.80857445,-71.49151718,690.75,7.394633978133088,0.3626262838630746,79.25514607556221,-0.00217858217351989,0.29901960784313725,753.0,792.75,843.75
862,39.80857445,-71.49151718,690.75,7.378285966346119,0.36005976302284703,78.3530288669651,0.016956788509443755,0.27941176470588236,753.0,792.75,843.75
862,39.80857445,-71.49151718,690.75,7.402891001912623,0.3594216985927554,77.90184656666897,-0.0028940040877755073,0.28431372549019607,753.0,792.75,843.75
863,39.8085303,-71.49165552,690.75,7.383525390622956,0.3624411300015604,79.02730543139182,-0.01676758026298425,0.28921568627450983,753.0,792.75,843.75
863,39.8085303,-71.49165552,690.75,7.35083353150257,0.3663214631915529,77.22573350301494,-0.018576603494733106,0.28921568627450983,753.0,792.75,843.75
863,39.8085303,-71.49165552,690.75,7.321705219823666,0.3670765422178524,78.35227422085076,-0.017383482952248,0.29411764705882354,753.0,792.75,843.75
863,39.8085303,-71.49165552,690.75,7.251475208070776,0.3645455726447175,78.12811486311605,-0.008907548700244433,0.31862745098039214,753.0,792.75,843.75
863,39.8085303,-71.49165552,690.75,7.537905246095545,0.3619344304750675,76.77771490527114,-0.011265806247895442,0.3088235294117647,753.0,792.75,843.75
864,39.80849397,-71.49180703,690.75,7.746416011697916,0.358514134922933,78.12891380273783,-0.016831773680616433,0.3137254901960784,753.0,792.75,843.75
864,39.80849397,-71.49180703,690.75,7.9068962639384575,0.3563213663832491,76.77821550629028,-0.0009679213526519239,0.29411764705882354,753.0,792.75,843.75
864,39.80849397,-71.49180703,690.75,8.052796909692457,0.3558066583989135,78.3557808719573,0.00792043109202177,0.29411764705882354,753.0,793.5,843.75
864,39.80849397,-71.49180703,690.75,7.984080282956703,0.35678366111908494,78.35740898424584,-0.0008143149387183209,0.31862745098039214,753.0,793.5,843.75
865,39.80845115,-71.49194393,690.75,7.841685314472462,0.35734376866755063,78.80836855999921,-0.009211772144869639,0.29901960784313725,753.0,793.5,843.75
865,39.80845115,-71.49194393,690.75,7.545740267874325,0.35794393694045995,78.58311349325841,0.001197462466393931,0.28431372549019607,753.0,793.5,843.75
865,39.80845115,-71.49194393,690.75,7.541671982587065,0.3588457003978726,77.90695815334269,-0.007164492206484498,0.25,753.0,793.5,843.75
865,39.80845115,-71.49194393,690.75,7.711421972780552,0.3571438920717886,77.68017443790282,-0.01056899155179333,0.2696078431372549,753.0,793.5,843.75
866,39.80841167,-71.49208925,690.75,7.828877322991678,0.3554930508527574,77.90310020156643,-0.014279337565835189,0.2647058823529412,753.0,793.5,843.75
866,39.80841167,-71.49208925,690.75,7.696893259872402,0.3545476757909244,77.90178531131737,-0.011628033578909258,0.25,753.0,793.5,843.75
866,39.80841167,-71.49208925,690.75,7.958947202726014,0.35793958064242526,78.12756589523616,-0.008237886364122173,0.23039215686274508,753.0,793.5,843.75
866,39.80841167,-71.49208925,690.75,8.2126184418263,0.36439052977546427,78.80464646602273,-0.007181171599680449,0.22549019607843138,753.0,793.5,843.75
867,39.80836405,-71.4922336,690.75,8.014963267295878,0.369137689635221,78.8058756153369,-0.007590825998485855,0.22058823529411764,753.0,793.5,843.75
867,39.80836405,-71.4922336,690.75,7.856649266133225,0.37123292038953043,79.48281618125165,-0.009161441841365536,0.20098039215686275,753.0,793.5,843.75
867,39.80836405,-71.4922336,690.75,7.675024366746918,0.3697295975470408,79.2596351327761,-0.01104564681698652,0.2107843137254902,753.0,793.5,843.75
867,39.80836405,-71.4922336,690.75,7.683864864486837,0.3703015099388597,80.16189305625228,-0.0171380149717511,0.20588235294117646,753.0,793.5,843.75
867,39.80836405,-71.4922336,690.75,7.69428554462907,0.36929564528998565,80.16192948415485,-0.01705026020879548,0.2107843137254902,753.0,793.5,843.75
868,39.80831643,-71.49237545,690.75,7.631128927675933,0.3624606021755624,80.16079407606487,-0.011538738210964643,0.19607843137254902,753.0,793.5,843.75
868,39.80831643,-71.49237545,690.75,7.404262746551047,0.35636361410384476,79.70864941802397,-0.004453676342729775,0.20689655172413793,753.0,793.5,843.0000000000001
868,39.80831643,-71.49237545,690.75,7.250082080012609,0.358342078768712,79.93239623429069,0.0021004074927364414,0.19704433497536947,753.0,793.5,843.0000000000001
868,39.80831643,-71.49237545,690.75,7.254910484100101,0.36286757737930847,79.03099844333374,-0.012683568799124766,0.2315270935960591,753.0,793.5,843.0000000000001
869,39.8082723,-71.49252208,690.75,7.280681407841268,0.3646684990487843,77.68044952840918,-0.00488699802398966,0.22660098522167488,753.0,793.5,843.0000000000001
869,39.8082723,-71.49252208,690.75,7.120514905353401,0.36060499981712596,78.35643123492115,-0.007585650488706362,0.23039215686274508,753.0,793.5,843.75
869,39.8082723,-71.49252208,690.75,7.129944562906816,0.3528864823568672,77.23004938743044,0.0006635575046759249,0.23039215686274508,753.0,793.5,843.75
869,39.8082723,-71.49252208,690.75,7.183027615069928,0.34965287934856254,76.77829242946866,0.004225232492379852,0.25,753.0,793.5,843.75
870,39.80822663,-71.49265685,690.75,7.237365340347542,0.34542060537307984,76.32716734445357,0.0012351534929980117,0.2549019607843137,753.0,793.5,843.75
870,39.80822663,-71.49265685,690.75,7.202679345484513,0.34323789173994973,77.67840585673548,-0.011407588971884708,0.24019607843137256,753.0,793.5,843.75
870,39.80822663,-71.49265685,690.75,7.086965081634491,0.33993339868588823,78.80501443808818,-0.013765159472613642,0.24509803921568626,753.0,793.5,843.75
870,39.80822663,-71.49265685,690.75,7.092545916232349,0.33725011205310806,78.35586065163812,-0.010346822922215318,0.2549019607843137,753.0,793.5,843.75
871,39.80817778,-71.49280522,690.75,7.079339454386978,0.3394253024732531,78.80743734065344,-0.00979217779873382,0.2696078431372549,753.0,793.5,843.75
871,39.80817778,-71.49280522,690.75,6.967406147412089,0.3411694179313248,79.0334963256231,-0.01306506845381433,0.27941176470588236,753.0,793.5,843.75
871,39.80817778,-71.49280522,690.75,6.869690919193922,0.34434961793452923,77.23235173412901,-0.011639003118449651,0.28431372549019607,753.0,793.5,843.75
871,39.80817778,-71.49280522,690.75,6.820644137186651,0.34917111722852134,78.3578271710485,-0.008996495367660716,0.25,753.0,793.5,843.75
871,39.80817778,-71.49280522,690.75,6.84777567021106,0.35477279271606105,79.93357031239829,-0.008449621368871098,0.25980392156862747,753.0,793.5,843.75
872,39.80813237,-71.4929508,690.75,6.841956178686746,0.35906231094559654,79.0322198565839,-0.006951465247081644,0.2696078431372549,753.0,793.5,843.75
872,39.80813237,-71.4929508,690.75,6.843677175710891,0.3558109045429449,77.90474623030798,-0.005707967924531152,0.27450980392156865,753.0,793.5,843.75
872,39.80813237,-71.4929508,690.75,6.975433056642691,0.35035317455158127,77.90241422608865,-0.002760672776768959,0.2549019607843137,753.0,793.5,843.75
872,39.80813237,-71.4929508,690.75,7.1014679344263465,0.3482847893255692,79.25187626011741,0.008112615313637673,0.25980392156862747,753.0,793.5,843.75
873,39.80807832,-71.49308835,690.75,7.18676863954126,0.34905604230912557,78.35163227693944,-0.0030368956469139885,0.27586206896551724,753.0,793.5,843.0000000000001
873,39.80807832,-71.49308835,690.75,7.2028000165961465,0.34910496072231584,79.704275613581,-0.007532264652403897,0.270935960591133,753.0,793.5,843.0000000000001
873,39.80807832,-71.49308835,690.75,7.2072503054259025,0.34648669841003554,79.02998531054328,-0.0023915733304495316,0.270935960591133,753.0,793.5,843.0000000000001
873,39.80807832,-71.49308835,690.75,7.2723480753498,0.3452287495376076,78.805061508284,-0.0062902594945148365,0.270935960591133,753.0,793.5,843.0000000000001
874,39.80803352,-71.49323192,690.75,7.339986487428841,0.3463550391019492,79.25499568783894,-0.01168240595651372,0.270935960591133,753.0,793.5,843.0000000000001
874,39.80803352,-71.49323192,690.75,7.271078379428557,0.34379479559129283,77.67855510959966,-0.012373695074756108,0.2857142857142857,753.0,793.5,843.0000000000001
874,39.80803352,-71.49323192,690.75,7.113086645738885,0.3370133293526734,78.12874540900847,-0.012152318602905483,0.27586206896551724,753.0,793.5,843.0000000000001
874,39.80803352,-71.49323192,690.75,7.192736158052469,0.33051316358760197,76.77758820567303,-0.001856472317882108,0.270935960591133,753.0,793.5,843.0000000000001
875,39.80798957,-71.49337453,690.75,7.273376566309655,0.3289411066670256,77.90325268323107,0.001632982508621255,0.2561576354679803,753.0,793.5,843.0000000000001
875,39.80798957,-71.49337453,690.75,7.2507395328412905,0.33291979023962603,79.70442508077599,-6.27344439449735e-05,0.2561576354679803,757.5,793.5,843.0000000000001
875,39.80798957,-71.49337453,690.75,7.269827457069648,0.3360022792267705,78.35372016874182,0.004299817472141839,0.24630541871921183,757.5,793.5,843.0000000000001
875,39.80798957,-71.49337453,690.75,7.438473494123888,0.3407914014228491,77.90406216262417,0.00211256782772338,0.2413793103448276,757.5,793.5,843.0000000000001
875,39.80798957,-71.49337453,690.75,7.607271786324867,0.3468277551101147,78.35459353960874,-0.012466949818158095,0.24630541871921183,757.5,793.5,843.0000000000001
876,39.80794378,-71.49351713,690.75,7.4449034670958545,0.35420508572318327,77.90375672886452,-0.01233920414392954,0.2413793103448276,757.5,793.5,843.0000000000001
876,39.80794378,-71.49351713,690.75,7.2664356888954265,0.36022099123779916,77.22780241759813,-0.01980252427955476,0.24630541871921183,757.5,793.5,843.0000000000001
876,39.80794378,-71.49351713,690.75,7.309225962498489,0.3622454124170546,75.87714345595231,-0.012954956002762101,0.2512315270935961,757.5,793.5,843.0000000000001
876,39.80794378,-71.49351713,690.75,7.439782977976558,0.36183559502877904,76.7788331193101,-0.007619588867551772,0.2512315270935961,757.5,793.5,843.0000000000001
877,39.80789668,-71.49365833,690.75,7.334502054168821,0.36053848831546803,77.68064705534773,-0.00970166179898115,0.24630541871921183,757.5,793.5,843.0000000000001
877,39.80789668,-71.49365833,690.75,7.116242774921876,0.3537819206477125,76.33085613440785,-0.01674375449191672,0.2561576354679803,757.5,793.5,843.0000000000001
877,39.80789668,-71.49365833,690.75,7.0841572530502335,0.34547816968806816,77.90923848239343,-0.01624750950457423,0.24630541871921183,757.5,793.5,843.0000000000001
877,39.80789668,-71.49365833,690.75,7.22726284005014,0.3446754130448253,78.1371632499914,-0.006368562636467525,0.2512315270935961,757.5,793.5,843.0000000000001
878,39.80785463,-71.49380058,690.75,7.141298747180391,0.34829813999920395,76.11252126576456,-0.011338779213192296,0.2660098522167488,756.7500000000001,793.5,843.0000000000001
878,39.80785463,-71.49380058,690.75,6.983350439557626,0.35026551317836974,77.23930271998228,-0.015067943616623435,0.2315270935960591,756.7500000000001,793.5,843.0000000000001
878,39.80785463,-71.49380058,690.75,7.177160775312375,0.34685550849050645,77.2398859984021,-0.0025968663535348244,0.2315270935960591,756.7500000000001,793.5,843.0000000000001
878,39.80785463,-71.49380058,690.75,7.033784988199429,0.34313122798877776,76.34000848361451,0.005340517799914317,0.2315270935960591,756.7500000000001,793.5,843.0000000000001
879,39.8078153,-71.4939425,690.75,6.971447091200338,0.34183234663182066,75.66575407810329,-0.0066719472654142836,0.23645320197044334,756.7500000000001,793.5,843.0000000000001
879,39.8078153,-71.4939425,690.75,6.79500637972715,0.344966136178151,75.44147291217405,-0.008282396878979597,0.2413793103448276,756.7500000000001,793.5,843.0000000000001
879,39.8078153,-71.4939425,690.75,6.744031482008311,0.3455106091552679,76.3446666964983,-0.0014084925867791467,0.2315270935960591,756.7500000000001,793.5,843.0000000000001
879,39.8078153,-71.4939425,690.75,6.759801048129781,0.34210457144824524,75.90235889015149,-0.0018591556258731386,0.2512315270935961,756.7500000000001,793.5,843.0000000000001
880,39.8077756,-71.4940906,690.75,6.766500543090407,0.34019017070575835,77.94684829425746,-0.004208478773370234,0.2413793103448276,756.7500000000001,793.5,843.0000000000001
880,39.8077756,-71.4940906,690.75,6.741819232295375,0.337790787425501,77.96608518908884,-0.01005344977957072,0.2512315270935961,756.7500000000001,793.5,843.0000000000001
880,39.8077756,-71.4940906,690.75,6.698268224615971,0.3347401483677297,78.1969100889186,-0.008337187232691333,0.2512315270935961,756.7500000000001,793.5,843.0000000000001
880,39.8077756,-71.4940906,690.75,6.766661098420499,0.3378896432006252,78.87318202804755,-0.008320862942278667,0.24630541871921183,756.7500000000001,793.5,843.0000000000001
881,39.80773515,-71.49422762,690.75,6.849056952389652,0.34599181473512797,77.07456816976281,8.279920062591338e-05,0.2512315270935961,756.7500000000001,793.5,843.0000000000001
881,39.80773515,-71.49422762,690.75,6.841451150157505,0.35307564643046047,75.94957907118604,0.0026955820664358882,0.26108374384236455,756.7500000000001,793.5,843.0000000000001
881,39.80773515,-71.49422762,690.75,6.868517500527449,0.35615463874963876,77.0718731449596,0.0028934126140233367,0.24630541871921183,756.7500000000001,793.5,843.0000000000001
881,39.80773515,-71.49422762,691.5,6.919579340343954,0.3564881485190696,77.74424844905869,-0.002758986311790184,0.2524752475247525,756.7500000000001,793.5,843.0000000000001
881,39.80773515,-71.49422762,691.5,7.040068530339529,0.35420335344507836,75.93936379280954,-0.006328983393743776,0.25742574257425743,756.7500000000001,793.5,843.0000000000001
882,39.80768982,-71.49437098,691.5,7.195816298336894,0.3544628261931651,76.84283328765885,-0.003909374773498664,0.26732673267326734,756.7500000000001,793.5,843.0000000000001
882,39.80768982,-71.49437098,691.5,7.330432012525325,0.35406000730514525,76.17214754327227,0.0006274523217020642,0.22772277227722773,756.7500000000001,793.5,843.0000000000001
882,39.80768982,-71.49437098,691.5,7.407082521001931,0.35409922355319134,77.18827160833938,-0.01058025938854983,0.21287128712871287,756.7500000000001,793.5,843.0000000000001
882,39.80768982,-71.49437098,691.5,7.332367611880009,0.3574769047883002,78.0902670953281,-0.005513325798592224,0.20297029702970298,756.7500000000001,793.5,843.0000000000001
883,39.80764152,-71.49451208,691.5,7.1613937179834295,0.3596189462200854,78.9955935623853,-0.007090737451561101,0.19801980198019803,756.7500000000001,793.5,843.0000000000001
883,39.80764152,-71.49451208,691.5,7.164347700265188,0.35356075702876427,75.61972481345082,-0.007525570089047165,0.2079207920792079,756.7500000000001,793.5,843.0000000000001
883,39.80764152,-71.49451208,691.5,7.12337775081599,0.3476546505066776,74.94844820923485,-0.005836327036483191,0.21287128712871287,756.7500000000001,793.5,843.0000000000001
883,39.80764152,-71.49451208,691.5,6.958760313624728,0.3448945553792719,77.20180282354906,-0.001064669432127196,0.22772277227722773,756.7500000000001,793.5,843.0000000000001
884,39.80759993,-71.49465008,691.5,6.756037249556536,0.3460291705022724,76.97478788911735,0.002680435716462642,0.2376237623762376,756.7500000000001,793.5,843.0000000000001
884,39.80759993,-71.49465008,691.5,6.616332758140938,0.3477556212447866,76.96813271940508,-0.002813801842078146,0.21287128712871287,756.7500000000001,793.5,843.0000000000001
884,39.80759993,-71.49465008,691.5,6.60332462624279,0.3471237197365985,77.52068714873478,-0.003978050595019027,0.2079207920792079,756.7500000000001,793.5,843.0000000000001
884,39.80759993,-71.49465008,691.5,6.730297284960759,0.3468083416675272,77.50811768679816,0.0025119558312936305,0.22277227722772278,756.7500000000001,793.5,843.0000000000001
885,39.80755572,-71.49479065,691.5,6.825416168078066,0.34956787742307727,77.50007368780085,-0.005074907323893519,0.21287128712871287,756.7500000000001,793.5,843.0000000000001
885,39.80755572,-71.49479065,691.5,6.692315449261116,0.3497440256198117,76.37257401620933,-0.007498331260220411,0.1782178217821782,756.7500000000001,793.5,843.0000000000001
885,39.80755572,-71.49479065,691.5,6.6272886353432545,0.3492222380263977,77.72405725992901,-0.007678405551734057,0.18316831683168316,756.7500000000001,793.5,843.0000000000001
885,39.80755572,-71.49479065,691.5,6.562433976515548,0.34876090042372715,79.07747847080894,-0.004771819325432314,0.19306930693069307,756.7500000000001,793.5,843.0000000000001
886,39.80751393,-71.49493343,691.5,6.694756381065022,0.34952819902102067,78.1795918707438,-0.00125798229679337,0.19801980198019803,756.7500000000001,793.5,843.0000000000001
886,39.80751393,-71.49493343,691.5,6.804538146305105,0.3497267751821197,78.63495671436627,-0.0004900998190535056,0.1782178217821782,756.7500000000001,793.5,843.0000000000001
886,39.80751393,-71.49493343,691.5,6.897176049085615,0.3494279283638104,78.86303680917284,-0.004718842737731194,0.18316831683168316,756.7500000000001,793.5,843.0000000000001
886,39.80751393,-71.49493343,691.5,6.979204686457014,0.347298752920489,78.86117083448084,-0.007636386497120663,0.2079207920792079,756.7500000000001,793.5,843.0000000000001
887,39.80747262,-71.49507372,691.5,7.028660092379406,0.3455057978142808,77.72538377514793,-0.006377344943567657,0.19306930693069307,756.7500000000001,793.5,843.0000000000001
887,39.80747262,-71.49507372,691.5,7.099741582738034,0.34376554487468175,76.3671519336529,-0.011899823579683366,0.19801980198019803,756.7500000000001,793.5,843.0000000000001
887,39.80747262,-71.49507372,691.5,7.105755547620234,0.3402180020144372,76.81324093613345,-0.015440656497079744,0.18811881188118812,756.7500000000001,793.5,843.0000000000001
887,39.80747262,-71.49507372,691.5,7.057749732223602,0.3379696537706691,77.48604074455481,-0.014900610511191431,0.1782178217821782,756.7500000000001,793.5,843.0000000000001
887,39.80747262,-71.49507372,692.25,7.15458812647382,0.3401883311633789,76.58313252387036,-0.004046646341325738,0.20398009950248755,756.7500000000001,793.5,843.0000000000001
888,39.80742847,-71.49521587,692.25,7.092972437673671,0.34409855795721084,76.35637929405482,-0.006624162959737459,0.23880597014925373,756.7500000000001,793.5,843.0000000000001
888,39.80742847,-71.49521587,692.25,7.2267604477486405,0.3485885771443251,77.92833796765416,-0.00869931300714189,0.24378109452736318,756.7500000000001,793.5,843.0000000000001
888,39.80742847,-71.49521587,692.25,7.163030309603175,0.34877277292021996,77.92271810280053,0.0008196023364512168,0.23383084577114427,756.7500000000001,793.5,843.0000000000001
888,39.80742847,-71.49521587,692.25,7.009832460633773,0.3475698623561997,76.79230969362618,0.001942500963388338,0.2537313432835821,756.7500000000001,793.5,843.0000000000001
889,39.80738483,-71.49535888,692.25,6.977931499364043,0.34892671753460286,77.01497541725985,-0.0012961176451534693,0.24875621890547264,756.7500000000001,793.5,843.0000000000001
889,39.80738483,-71.49535888,692.25,7.003835977476602,0.3523406868224242,76.78797041101595,-0.00541379390944572,0.2537313432835821,756.7500000000001,793.5,843.0000000000001
889,39.80738483,-71.49535888,692.25,7.171098590005158,0.35186032723757515,77.01070109190502,-0.0020421991803010846,0.23383084577114427,756.7500000000001,793.5,843.0000000000001
889,39.80738483,-71.49535888,692.25,7.33147243040046,0.3489789263662711,76.10667889170563,0.004343865903956633,0.22885572139303484,756.7500000000001,793.5,843.0000000000001
890,39.80734697,-71.49549768,692.25,7.22453363877513,0.3489216172354691,76.32929174733353,-0.0037247841998569544,0.22885572139303484,756.7500000000001,793.5,843.0000000000001
890,39.80734697,-71.49549768,692.25,6.953186541268569,0.3456716745643692,76.32866503098126,-0.007466588062444337,0.21393034825870647,756.7500000000001,793.5,843.0000000000001
890,39.80734697,-71.49549768,692.25,6.890315243525712,0.3428491455296477,77.00515770983723,-0.005129432635453008,0.208955223880597,756.7500000000001,793.5,843.0000000000001
890,39.80734697,-71.49549768,692.25,7.179811193070069,0.3423659584068103,77.90720006876478,-0.0031045223374091963,0.208955223880597,756.7500000000001,793.5,843.0000000000001
891,39.80730695,-71.49563562,692.25,7.388509214370339,0.3460829276675882,78.35835893807614,-0.006357502261305841,0.22388059701492538,756.7500000000001,792.75,843.0000000000001
891,39.80730695,-71.49563562,692.25,7.295281393402848,0.3439145574883558,78.13290375679736,-0.005765618619897636,0.22885572139303484,756.7500000000001,792.75,843.0000000000001
891,39.80730695,-71.49563562,692.25,6.989955500171369,0.33654677950770834,77.23142324072195,-0.000735105616014166,0.21890547263681592,756.7500000000001,792.75,843.0000000000001
891,39.80730695,-71.49563562,692.25,7.045754968665015,0.33071510268969334,77.00617685398826,-0.004748185704589051,0.21890547263681592,756.7500000000001,792.75,843.0000000000001
892,39.8072624,-71.4957802,692.25,6.980092211419381,0.3335615007801387,76.78154832093252,-0.0007788430361053401,0.23880597014925373,756.7500000000001,792.75,843.0000000000001
892,39.8072624,-71.4957802,693.0,6.796002122356528,0.336474147040969,75.65625243468506,0.002582086444136873,0.225,756.7500000000001,792.75,843.0000000000001
892,39.8072624,-71.4957802,693.0,6.676361518884892,0.3373953467382912,75.8815766873428,0.0016369199555831102,0.215,756.7500000000001,792.75,843.0000000000001
892,39.8072624,-71.4957802,693.0,6.609364206133433,0.33534821246603697,77.00719776974614,0.001596188384236126,0.25,756.7500000000001,792.75,843.0000000000001
893,39.80722392,-71.49592397,693.0,6.6166436300083875,0.3356182064549943,75.43206709040116,-0.005151793330153568,0.265,756.7500000000001,792.75,843.0000000000001
893,39.80722392,-71.49592397,693.0,6.50986455590672,0.34037518510430265,75.66096982352188,-0.0014684308761074144,0.27,756.7500000000001,792.75,843.0000000000001
893,39.80722392,-71.49592397,693.0,6.420842758346851,0.33902743519573264,75.21705904387188,0.003012102298505738,0.265,756.7500000000001,792.75,843.0000000000001
893,39.80722392,-71.49592397,693.0,6.390985689227984,0.3316252011745351,74.31615553609338,0.0024667338129966843,0.255,756.7500000000001,792.75,843.0000000000001
893,39.80722392,-71.49592397,693.0,6.452252593975167,0.3301888934838436,73.63436321410782,-0.003670200723318311,0.245,756.7500000000001,792.75,843.0000000000001
894,39.80718232,-71.49606588,693.0,6.37713102240023,0.33532942784898107,73.63258815059098,-0.0028114945579657555,0.265,756.7500000000001,792.75,843.0000000000001
894,39.80718232,-71.49606588,693.0,6.336948299549097,0.3377272720108249,72.72821188580392,-0.0035145565368755226,0.26,756.7500000000001,792.75,843.0000000000001
894,39.80718232,-71.49606588,693.0,6.426389882596909,0.3365221882901784,72.49829452638774,-0.0017567882960688667,0.265,756.7500000000001,792.75,843.0000000000001
894,39.80718232,-71.49606588,693.0,6.688120198451889,0.33937906099566534,74.52370779044689,-0.005849972027470541,0.28,756.7500000000001,792.75,843.0000000000001
895,39.80714012,-71.4961992,693.0,6.783861142816027,0.34014714474351987,74.97627712527536,0.0022877467715937566,0.275,756.7500000000001,792.75,843.0000000000001
895,39.80714012,-71.4961992,693.0,6.7451211867046625,0.33649612766860737,73.85243522411102,-0.004102688877643887,0.28,756.7500000000001,792.75,843.0000000000001
895,39.80714012,-71.4961992,693.75,6.600482892730037,0.3316994286448532,73.40220867084719,-0.0075770877542638134,0.2964824120603015,756.7500000000001,792.75,843.0000000000001
895,39.80714012,-71.4961992,693.75,6.663731680951888,0.32894514253301155,73.40160863868998,-0.007898559956928043,0.2864321608040201,756.7500000000001,792.75,843.0000000000001
896,39.80709777,-71.49634147,693.75,6.719755546187808,0.3340589882187182,73.40185882630121,-0.006718173712971289,0.2663316582914573,756.7500000000001,792.0,843.0000000000001
896,39.80709777,-71.49634147,693.75,6.648306509740059,0.33752567670409206,74.30448961968881,-0.008624527851901093,0.23618090452261306,756.7500000000001,792.0,843.0000000000001
896,39.80709777,-71.49634147,693.75,6.586187593364959,0.33660631383923056,74.30661907890304,-0.007603879641928085,0.23115577889447236,756.7500000000001,792.0,843.0000000000001
896,39.80709777,-71.49634147,693.75,6.653773967362554,0.33667363489978985,74.9838730586802,-0.00777652038984087,0.22613065326633167,756.7500000000001,792.0,843.0000000000001
897,39.80705148,-71.4964773,693.75,6.557574850308529,0.3387936931793584,74.75943050078226,-0.01370170672373372,0.24120603015075376,756.7500000000001,792.0,843.0000000000001
897,39.80705148,-71.4964773,693.75,6.501483619564411,0.34026486576409404,73.40953736272951,-0.015073624965067303,0.25125628140703515,756.7500000000001,792.0,843.0000000000001
897,39.80705148,-71.4964773,693.75,6.52495711462998,0.3409676837764334,74.98826418375,-0.014459049790666659,0.2613065326633166,756.7500000000001,792.0,843.0000000000001
897,39.80705148,-71.4964773,693.75,6.457882038959277,0.33867581997645113,74.99138317955884,-0.0125299199861291,0.24120603015075376,756.7500000000001,792.0,843.0000000000001
898,39.80700725,-71.49661893,693.75,6.40793175029758,0.3349326503434581,74.76922532455129,-0.0043485239644539195,0.23618090452261306,756.7500000000001,792.0,843.0000000000001
898,39.80700725,-71.49661893,693.75,6.239972538516076,0.33369387382329446,74.54814910907041,-0.015505353454479516,0.2562814070351759,756.7500000000001,792.0,843.0000000000001
898,39.80700725,-71.49661893,693.75,6.28332805192436,0.33136951230486617,75.00450944552381,-0.008596057487326194,0.2613065326633166,756.7500000000001,792.0,843.0000000000001
898,39.80700725,-71.49661893,693.75,6.350748482325664,0.3340441380828733,75.6833270316415,-0.006201049221460571,0.27638190954773867,756.7500000000001,792.0,843.0000000000001
899,39.80696352,-71.4967553,693.75,6.391885854305707,0.33758797812642544,74.55649563811545,-0.0009504723163173911,0.2613065326633166,756.7500000000001,792.0,843.0000000000001
899,39.80696352,-71.4967553,693.75,6.264811912267562,0.3374785308067831,73.65147675309747,-0.0018707211359433634,0.25125628140703515,756.7500000000001,792.0,843.0000000000001
899,39.80696352,-71.4967553,693.75,6.216519567810088,0.33366175806151455,73.4201506692347,-0.0033348511078529824,0.2613065326633166,756.7500000000001,792.0,843.0000000000001
899,39.80696352,-71.4967553,694.5,6.2735367032499205,0.33012087125035444,72.51389848640532,0.0019018611102550181,0.2727272727272727,756.7500000000001,792.0,843.0000000000001
900,39.80692232,-71.49689392,694.5,6.305268196601873,0.3265333015751513,73.8619117976034,0.0031471315390222327,0.2676767676767677,756.7500000000001,792.0,843.0000000000001
900,39.80692232,-71.49689392,694.5,6.330737986203485,0.321836569579375,73.41127954002455,-0.002947703559514055,0.2727272727272727,756.7500000000001,792.0,843.0000000000001
900,39.80692232,-71.49689392,694.5,6.4027157132660175,0.32087838545548386,74.087792051393,-0.0052203540703919474,0.26262626262626265,756.7500000000001,792.0,843.0000000000001
900,39.80692232,-71.49689392,694.5,6.402365577931542,0.324167034725911,76.11657836249974,-0.0010761665347946692,0.25757575757575757,756.7500000000001,792.0,843.0000000000001
901,39.80688028,-71.49703337,694.5,6.246232652028264,0.32428604221280377,76.12064279087346,0.0007538037776288818,0.2727272727272727,756.7500000000001,792.0,843.0000000000001
901,39.80688028,-71.49703337,694.5,6.12588551868896,0.3259222361277861,72.97252511232661,-0.0033417509035372924,0.25252525252525254,756.7500000000001,792.0,843.0000000000001
901,39.80688028,-71.49703337,694.5,6.167650908517534,0.3290306858636494,72.97652911535013,-0.005013092988718333,0.23232323232323232,756.7500000000001,792.0,843.0000000000001
901,39.80688028,-71.49703337,694.5,6.111492509020647,0.32880068566185666,73.20467005861536,-0.004025759099071932,0.23737373737373738,756.7500000000001,792.0,843.0000000000001
902,39.80683988,-71.49716977,694.5,6.126303381140739,0.32990311060328215,73.88232986006656,-0.004581370642933005,0.26262626262626265,756.7500000000001,792.0,843.0000000000001
902,39.80683988,-71.49716977,694.5,6.166872945020206,0.3307201560726055,73.20733533627053,0.002291929553458487,0.2474747474747475,756.7500000000001,792.0,843.0000000000001
902,39.80683988,-71.49716977,694.5,6.298420748481999,0.32984453518186413,72.75671879638489,-0.00013870141745932473,0.2474747474747475,756.7500000000001,792.0,843.0000000000001
902,39.80683988,-71.49716977,694.5,6.487475595756336,0.33188767911153383,73.881022539221,-0.0018593563924359001,0.2676767676767677,757.5,792.0,843.0000000000001
903,39.80680372,-71.49731632,694.5,6.676701381153925,0.3350523268732103,75.90563896993491,-0.00193431451776776,0.2727272727272727,757.5,792.0,843.0000000000001
903,39.80680372,-71.49731632,695.25,6.908871964903721,0.337140921203817,74.5528822025319,0.0012083174801898588,0.25380710659898476,757.5,792.0,843.0000000000001
903,39.80680372,-71.49731632,695.25,7.031550887446516,0.3387324334861746,74.10234470056633,0.001779420357885411,0.28426395939086296,757.5,792.0,843.0000000000001
903,39.80680372,-71.49731632,695.25,7.05657042999598,0.34102202829840333,73.652849890536,0.005811799997676719,0.2893401015228426,758.2500000000001,792.0,843.0000000000001
904,39.8067665,-71.49745288,695.25,7.005500099982194,0.34906425161118054,74.33025246695456,0.0029456123226199375,0.27411167512690354,758.2500000000001,792.0,843.0000000000001
904,39.8067665,-71.49745288,695.25,7.041581683477724,0.3581412368003608,75.00770870795243,-0.001360713352051394,0.26903553299492383,758.2500000000001,792.0,843.0000000000001
904,39.8067665,-71.49745288,695.25,6.979704118601874,0.36652240346760057,75.01074486605039,-0.006167167814319813,0.26903553299492383,758.2500000000001,792.0,843.0000000000001
904,39.8067665,-71.49745288,695.25,6.9642507327745955,0.37308253955773124,74.56719191381382,-0.006408181420131836,0.27411167512690354,758.2500000000001,792.0,843.0000000000001
905,39.8067297,-71.49759435,695.25,6.8711899734102335,0.3751056169701978,74.92028514106408,-0.0008108617258275616,0.27411167512690354,758.2500000000001,792.0,843.0000000000001
905,39.8067297,-71.49759435,695.25,6.658661847180043,0.37319025372680165,73.15204475768542,0.0008964365025855371,0.26903553299492383,758.2500000000001,792.0,843.0000000000001
905,39.8067297,-71.49759435,695.25,6.450386855908756,0.3719651767849644,72.76385462443443,-0.0007739704562126965,0.2639593908629442,758.2500000000001,792.0,843.0000000000001
905,39.8067297,-71.49759435,695.25,6.392279766091903,0.3702301276005808,74.3911425572673,-0.003910498684182498,0.25380710659898476,758.2500000000001,792.0,843.0000000000001
906,39.80668862,-71.4977295,695.25,6.409557275872122,0.3684987956757962,74.41225964412581,-0.0044915658363581966,0.25888324873096447,758.2500000000001,792.0,843.0000000000001
906,39.80668862,-71.4977295,695.25,6.38853920895195,0.3661101582585218,74.1869589585248,-0.0016450704242303516,0.27918781725888325,758.2500000000001,792.0,843.0000000000001
906,39.80668862,-71.4977295,695.25,6.531816819010761,0.36677238005629503,73.27752528917704,-8.527467844337271e-05,0.28426395939086296,758.2500000000001,792.0,843.0000000000001
906,39.80668862,-71.4977295,695.25,6.702724781586681,0.3688050361610278,73.50477273321916,-0.003676084220491819,0.27411167512690354,758.2500000000001,792.0,843.0000000000001
906,39.80668862,-71.4977295,695.25,6.735885869945729,0.371361497670705,72.84060216849441,-0.0070789818919261,0.29441624365482233,758.2500000000001,792.0,843.0000000000001
907,39.8066479,-71.4978692,695.25,6.750076669776276,0.37601641336421066,73.97914981002765,-0.0025329558393674743,0.27918781725888325,758.2500000000001,792.0,843.0000000000001
907,39.8066479,-71.4978692,695.25,6.799567205824253,0.3820985418535636,76.23779636189488,-0.006345220382668187,0.26903553299492383,758.2500000000001,792.0,843.0000000000001
907,39.8066479,-71.4978692,695.25,6.7487627676462,0.3875000947070321,73.99168405140593,-0.004404471935258419,0.2893401015228426,758.2500000000001,792.0,843.0000000000001
908,39.80660342,-71.49800102,695.25,6.6053164700877165,0.39255314742100184,71.97208732371634,0.0009943698163352283,0.3147208121827411,758.2500000000001,792.0,843.0000000000001
908,39.80660342,-71.49800102,695.25,6.651568882413436,0.39532746764218313,72.65694822683547,0.00013330381374680305,0.3096446700507614,758.2500000000001,792.0,843.0000000000001
908,39.80660342,-71.49800102,696.0,6.901438748314253,0.3951317937044005,73.56065984088696,0.0004331738792034761,0.3010204081632653,758.2500000000001,792.0,843.0000000000001
908,39.80660342,-71.49800102,696.0,7.23117817360904,0.3922713731520956,75.13058213978223,-0.004785578500298937,0.29081632653061223,758.2500000000001,792.0,843.0000000000001
909,39.80655617,-71.4981338,696.0,7.377164398025074,0.38873845319552053,74.4465858176026,-0.008574926016754893,0.28061224489795916,758.2500000000001,792.0,843.0000000000001
909,39.80655617,-71.4981338,696.0,7.25007618861829,0.3869729289084924,75.57028447368944,-0.004292244758669246,0.2653061224489796,758.2500000000001,792.0,843.0000000000001
909,39.80655617,-71.4981338,696.0,6.929491986199676,0.38655051875629426,74.90003813380437,-0.005163656396970818,0.25,758.2500000000001,792.0,843.0000000000001
909,39.80655617,-71.4981338,696.0,6.680728209907755,0.38981467831156663,75.13445483745227,-0.003346111135977735,0.2653061224489796,758.2500000000001,792.0,843.0000000000001
910,39.80650873,-71.49826685,696.0,6.690411806152819,0.39381915783099175,75.14017556827213,-0.009304296679793093,0.2653061224489796,758.2500000000001,792.0,843.0000000000001
910,39.80650873,-71.49826685,696.0,6.698484971767337,0.39680051091460966,75.13867438599587,-0.007328907988379064,0.2602040816326531,758.2500000000001,792.0,843.0000000000001
910,39.80650873,-71.49826685,696.0,6.660385118748732,0.40081330994268144,74.45960565157938,-0.010513725791171045,0.2602040816326531,758.2500000000001,792.0,843.0000000000001
910,39.80650873,-71.49826685,696.0,6.568083734660332,0.403015698173844,75.358985835554,-0.012733955892605016,0.2602040816326531,758.2500000000001,792.0,843.0000000000001
910,39.80650873,-71.49826685,696.0,6.600617497124918,0.40309086808575945,75.35655884524725,-0.00601625280344164,0.2602040816326531,758.2500000000001,792.0,843.0000000000001
911,39.80645788,-71.49840028,696.0,6.5060864816265305,0.39981424430649837,74.89744607848185,-0.001445688803818298,0.25510204081632654,759.0,792.0,843.0000000000001
911,39.80645788,-71.49840028,696.0,6.483495043302486,0.400639644633563,74.21527666198335,-0.0052732671291731556,0.2755102040816326,759.0,792.0,843.0000000000001
911,39.80645788,-71.49840028,696.0,6.536426033683034,0.40292632471959083,75.11421430199601,-0.0060640913038346655,0.27040816326530615,759.0,792.0,843.0000000000001
911,39.80645788,-71.49840028,696.0,6.632148993782096,0.40423265478974507,74.89808210538779,-0.005118033890674572,0.2857142857142857,759.0,792.0,843.0000000000001
912,39.80641242,-71.4985323,696.0,6.6667367152878345,0.4036697871028167,74.91042515353978,0.0064287172441252005,0.3010204081632653,759.0,792.0,843.0000000000001
912,39.80641242,-71.4985323,696.0,6.659943375502035,0.40662210260860004,76.27363478411971,0.0059970306905208015,0.29591836734693877,759.0,792.0,843.0000000000001
912,39.80641242,-71.4985323,696.0,6.853439434750106,0.40713663121727844,75.82950829026818,-0.0034910675836525447,0.29081632653061223,759.0,792.0,843.0000000000001
912,39.80641242,-71.4985323,696.0,7.073817146159852,0.40927772997389683,75.83430865289534,0.005488050889006694,0.29591836734693877,759.0,792.0,843.0000000000001
913,39.80636645,-71.49867015,696.0,7.056697668273544,0.41136148817306595,75.15986664988736,0.011702253040515819,0.30612244897959184,759.0,792.0,843.0000000000001
913,39.80636645,-71.49867015,696.0,7.022546769362548,0.4130463770577021,75.15785352178447,0.012492230174642717,0.2857142857142857,759.0,792.0,843.0000000000001
913,39.80636645,-71.49867015,696.0,7.177107135161807,0.41576560035728255,74.48088168815384,0.0022879567840059433,0.2653061224489796,759.0,792.0,843.0000000000001
913,39.80636645,-71.49867015,696.0,7.302478292421205,0.41532399627646355,75.16072953579967,0.0007881122816411637,0.28061224489795916,759.0,792.0,843.0000000000001
914,39.80632287,-71.49880488,696.0,7.265259732371978,0.41464201742730933,74.716006296911,-0.0058083652203374725,0.2755102040816326,759.0,792.0,843.0000000000001
914,39.80632287,-71.49880488,696.0,7.158639299949177,0.4099175101888161,74.71911213160713,-0.01308965949931873,0.2755102040816326,759.0,792.0,843.0000000000001
914,39.80632287,-71.49880488,696.0,6.9733127290947685,0.4040260429923231,76.07030068191332,-0.008116716796596271,0.28061224489795916,759.0,792.0,843.0000000000001
914,39.80632287,-71.49880488,696.0,6.722004725454988,0.3982611833720596,76.06866355320182,-0.007697220260198141,0.29081632653061223,759.0,792.0,843.0000000000001
915,39.80628072,-71.49894542,696.0,6.782943303859843,0.39410238053673585,76.29407811176495,-0.0022342503350327586,0.28061224489795916,759.0,792.0,843.0000000000001
915,39.80628072,-71.49894542,696.0,6.78748232442501,0.3900007499472396,75.39688296362802,0.012908356871441264,0.27040816326530615,759.0,792.0,843.0000000000001
915,39.80628072,-71.49894542,696.0,6.606506298946071,0.3861199320119059,75.62612024238595,0.016300181320502385,0.27040816326530615,759.0,792.0,843.0000000000001
915,39.80628072,-71.49894542,696.0,6.559933995458267,0.38148507222914696,74.95279141266727,0.015306925181481692,0.2602040816326531,759.0,792.0,843.0000000000001
916,39.80624128,-71.4990785,696.0,6.58061115498942,0.37897392639955524,73.82645653103928,0.010937072157061613,0.2602040816326531,759.0,792.0,843.0000000000001
916,39.80624128,-71.4990785,696.0,6.6360720687737045,0.37708081856714504,76.29911969111245,0.009914744655844259,0.28061224489795916,759.0,792.0,843.0000000000001
916,39.80624128,-71.4990785,696.0,6.60217432684883,0.3768796340853733,74.93712565865194,0.009754724613918096,0.2653061224489796,759.0,792.0,843.0000000000001
916,39.80624128,-71.4990785,696.0,6.528019314792803,0.37370924774820097,75.58882999149985,0.010043067346308896,0.25510204081632654,759.0,792.0,843.0000000000001
917,39.80620583,-71.49921793,696.0,6.5357509347875355,0.3707668383141909,76.68060241678897,0.00965332552114398,0.2653061224489796,759.0,792.0,843.0000000000001
917,39.80620583,-71.49921793,696.0,6.463902823101708,0.36757894680043146,77.78900016454587,0.013178505108294582,0.27040816326530615,759.0,792.0,843.0000000000001
917,39.80620583,-71.49921793,696.0,6.549732163154431,0.3647842407434416,77.33519483890895,0.006774278712012203,0.27040816326530615,759.0,792.0,843.0000000000001
917,39.80620583,-71.49921793,696.0,6.673500914203859,0.3612741158555024,76.20860803153498,0.005154601735026258,0.2653061224489796,759.0,792.0,843.0000000000001
918,39.80617208,-71.49935625,696.0,6.7567607682417385,0.3619612225415606,75.75003038445071,0.0029997061116814596,0.2755102040816326,759.0,792.0,843.0000000000001
918,39.80617208,-71.49935625,696.0,6.829420359663155,0.367487357157146,75.50834084496874,0.0013127841101401327,0.2755102040816326,759.0,792.0,843.0000000000001
918,39.80617208,-71.49935625,696.0,7.0422647275885275,0.3728249080134748,75.72286493204385,-0.003780141337532809,0.2857142857142857,759.7500000000001,792.0,843.0000000000001
918,39.80617208,-71.49935625,696.0,7.104270433611426,0.37244468953383536,73.92485855794526,-0.0007141990805021224,0.29591836734693877,759.7500000000001,792.0,843.0000000000001
919,39.80613777,-71.49949047,696.0,6.996288959255881,0.3709758527508635,74.83935523391425,-0.001512888903612763,0.28717948717948716,759.7500000000001,792.0,842.25
919,39.80613777,-71.49949047,696.0,7.054211352225239,0.36861130879037174,76.19618745096825,0.0015665166608244128,0.27692307692307694,759.7500000000001,792.0,842.25
919,39.80613777,-71.49949047,696.0,7.089537672558499,0.3628823401874162,76.19145019955126,0.0032708601963116752,0.28205128205128205,759.7500000000001,792.0,842.25
919,39.80613777,-71.49949047,696.0,7.005916042644353,0.3572888436309565,76.18086400146687,-0.0012080550223166097,0.2923076923076923,759.7500000000001,792.0,842.25
920,39.80609735,-71.49963257,696.0,6.915862589459849,0.35540715529875777,75.94743346750359,0.0032482154026838204,0.28205128205128205,759.7500000000001,792.0,842.25
920,39.80609735,-71.49963257,696.0,6.921051452495405,0.3550367627404522,74.14335231797928,0.0007056083175929408,0.26153846153846155,759.7500000000001,792.0,842.25
920,39.80609735,-71.49963257,696.0,7.070470845814359,0.35300288321514905,73.92606419532483,0.0033735541287940123,0.28205128205128205,759.7500000000001,792.0,842.25
920,39.80609735,-71.49963257,696.0,6.995050342618104,0.3531137868984592,74.84032421137606,0.004612492426135986,0.2564102564102564,759.7500000000001,792.0,842.25
921,39.80605632,-71.49976375,696.0,6.910539237437376,0.35387828204661176,74.85300672343473,0.0009654405506265539,0.2564102564102564,759.7500000000001,792.0,842.25
921,39.80605632,-71.49976375,696.0,6.992892215094774,0.3565522524788971,74.40717336233219,0.008960147552356865,0.2512820512820513,759.7500000000001,792.0,842.25
921,39.80605632,-71.49976375,696.0,7.099912177202801,0.3575198519914998,74.63099491987131,0.008005386110094158,0.24102564102564103,759.7500000000001,792.0,842.25
922,39.80601205,-71.49989073,696.0,7.0177939643346825,0.3598030396858939,75.30689543364659,0.004708527211083329,0.2564102564102564,759.7500000000001,792.0,842.25
922,39.80601205,-71.49989073,696.0,6.897016776836819,0.35701915181592303,73.73429361393741,0.007252301566550173,0.24615384615384617,759.7500000000001,792.0,842.25
922,39.80601205,-71.49989073,696.0,6.909316806387529,0.35410093317106917,72.60744102920475,0.010360933256680823,0.24102564102564103,759.7500000000001,792.0,842.25
922,39.80601205,-71.49989073,696.0,6.966909218040658,0.3552680694514975,72.37923683703313,0.013537366608714487,0.2564102564102564,759.7500000000001,792.0,842.25
923,39.80596732,-71.50002445,696.0,6.9781269236134,0.35433003373409216,73.28100768057944,0.012788053721836673,0.26666666666666666,759.7500000000001,792.0,842.25
923,39.80596732,-71.50002445,696.0,6.940335052584736,0.35088802022183985,73.96693677235265,0.0046877123988159726,0.26666666666666666,759.7500000000001,792.0,842.25
923,39.80596732,-71.50002445,696.0,6.950169085385945,0.35091372684812183,74.20368547996178,0.003427067937714683,0.2512820512820513,759.7500000000001,792.0,842.25
923,39.80596732,-71.50002445,696.0,6.924971411976875,0.354770646993557,75.55638312491591,0.0043974363757679595,0.2512820512820513,759.7500000000001,792.0,842.25
924,39.80592233,-71.50015302,696.0,6.90070914623072,0.35653098473164946,74.19548614730617,0.004585672174749206,0.23076923076923078,759.7500000000001,792.0,842.25
924,39.80592233,-71.50015302,696.0,6.893758140752923,0.35302698958832013,74.63100863405901,0.009291334869016557,0.21025641025641026,759.7500000000001,792.0,842.25
924,39.80592233,-71.50015302,696.0,6.780568647236516,0.346800475835459,74.39271205870882,0.011090855779468228,0.21025641025641026,759.7500000000001,792.0,842.25
924,39.80592233,-71.50015302,696.0,6.684963091544167,0.3413326182278477,74.83369579239849,0.008431169231624324,0.2153846153846154,759.7500000000001,792.0,842.25
925,39.80587338,-71.50028185,696.0,6.583909988123058,0.3373649114250949,74.59755111560487,0.010982478368623512,0.2153846153846154,759.7500000000001,792.0,842.25
925,39.80587338,-71.50028185,696.0,6.626127791094677,0.3348767979760119,75.018454113056,0.009761800305358101,0.21025641025641026,759.7500000000001,792.0,842.25
925,39.80587338,-71.50028185,696.0,6.748835619163433,0.3352675470110771,75.4385252416176,0.001685749372347423,0.2205128205128205,759.7500000000001,792.0,842.25
925,39.80587338,-71.50028185,696.0,6.821076594113649,0.3390867749633224,76.10634688181779,-0.0012227156516951675,0.24102564102564103,759.7500000000001,792.0,842.25
926,39.80582767,-71.50041063,696.0,6.915033495074924,0.3395243243213639,76.13309028879672,-0.007229083125922159,0.2717948717948718,759.7500000000001,792.0,842.25
926,39.80582767,-71.50041063,696.0,6.881558401259545,0.3392987061170604,75.27046782202322,-0.0017263288098119823,0.27692307692307694,759.7500000000001,792.0,842.25
926,39.80582767,-71.50041063,696.0,6.873826139174743,0.33940362834227145,73.93323470488359,0.0006938291957046607,0.27692307692307694,760.5,792.0,842.25
926,39.80582767,-71.50041063,696.0,6.828457800564699,0.3383107508761405,74.37287688629605,0.003994418402163026,0.2717948717948718,760.5,792.0,842.25
927,39.80577555,-71.50053987,696.0,6.792984020393349,0.33800935578257485,74.14288968008363,0.003031878098444906,0.2512820512820513,760.5,792.0,842.25
927,39.80577555,-71.50053987,696.0,6.726062074158336,0.3426417573291819,74.83054072254616,0.009156228265780312,0.2564102564102564,760.5,792.0,842.25
927,39.80577555,-71.50053987,696.0,6.652000516454374,0.3469761250162589,73.49262376374254,0.006823027846825603,0.2512820512820513,760.5,792.0,842.25
927,39.80577555,-71.50053987,696.0,6.679366397329263,0.3461080678812131,74.61248580580457,-0.00022022941062456284,0.24615384615384617,760.5,792.0,842.25
928,39.8057285,-71.5006764,696.0,6.676004297502566,0.3449818178078751,74.58743643125167,-0.0013680776307438923,0.23076923076923078,760.5,792.0,842.25
928,39.8057285,-71.5006764,696.0,6.562267673386677,0.3460167622065329,75.68729266238014,0.0017964683449484215,0.23076923076923078,760.5,792.0,842.25
928,39.8057285,-71.5006764,696.0,6.481128555245192,0.34847760318796633,75.6765481287708,-0.006207073197683871,0.2205128205128205,760.5,792.0,842.25
928,39.8057285,-71.5006764,696.0,6.5100525749292055,0.3482289119269735,74.99010204682607,0.0005803324199121257,0.20512820512820512,760.5,792.0,842.25
929,39.80568012,-71.50080118,696.0,6.590859335191732,0.34544804353408365,74.74238811732293,0.009935932407279996,0.21025641025641026,760.5,792.0,842.25
929,39.80568012,-71.50080118,696.0,6.601016652145768,0.34274489246446693,74.26698652936275,0.004257681789424552,0.20512820512820512,760.5,792.0,842.25
929,39.80568012,-71.50080118,696.0,6.5128863306127,0.340013574298539,76.50302324264652,0.014752741591021724,0.2205128205128205,760.5,792.0,842.25
929,39.80568012,-71.50080118,696.0,6.589641074165987,0.339429763806732,75.59633490772654,0.017819895343836434,0.2205128205128205,760.5,792.0,842.25
930,39.80563323,-71.5009416,696.0,6.70601883712305,0.3411438316812811,74.92081804205728,0.008351244046209745,0.23076923076923078,760.5,792.0,842.25
930,39.80563323,-71.5009416,696.0,6.740419178874131,0.3458946824700477,75.59925175894804,0.00811524196697479,0.24615384615384617,760.5,792.0,842.25
930,39.80563323,-71.5009416,696.0,6.678513761148222,0.34635014448178975,74.92957286895793,0.012102358646146037,0.24615384615384617,760.5,792.0,842.25
930,39.80563323,-71.5009416,696.0,6.543294110466386,0.34300440901097334,74.48743351668911,0.010640573445390546,0.2564102564102564,760.5,792.0,842.25
931,39.80559028,-71.50107773,696.0,6.386270162073977,0.3368112032273208,76.07629109804796,0.0023731939097642817,0.27692307692307694,760.5,792.0,842.25
931,39.80559028,-71.50107773,696.0,6.235657297275844,0.33163515282063905,77.22747613869159,0.0013671521681983046,0.28205128205128205,760.5,792.0,842.25
931,39.80559028,-71.50107773,696.0,6.164689625004674,0.32817161407000917,77.03076678718207,0.0008677311478964796,0.26666666666666666,760.5,792.0,842.25
931,39.80559028,-71.50107773,696.0,6.209751275863433,0.32098010780042646,76.14363728196956,-0.0008245186683131062,0.2512820512820513,760.5,792.0,842.25
932,39.80554675,-71.50121167,696.0,6.260310507315521,0.31593628846857397,75.02867987115819,-0.002719074197284135,0.24102564102564103,760.5,792.0,842.25
932,39.80554675,-71.50121167,696.0,6.356345743322739,0.3148470575026669,75.05419333586373,-0.008583009806330106,0.2512820512820513,760.5,792.0,842.25
932,39.80554675,-71.50121167,696.0,6.439254963558418,0.3141351646657867,75.53158278720112,-0.004565134094486417,0.2512820512820513,760.5,792.0,842.25
932,39.80554675,-71.50121167,696.0,6.488084225916686,0.31242906887753064,74.64203150820686,-0.001103410091246554,0.24102564102564103,760.5,792.0,842.25
933,39.80549778,-71.50134665,696.0,6.469913586016814,0.30954383736948193,73.73024361148109,-0.007429460109126542,0.24102564102564103,760.5,792.0,842.25
933,39.80549778,-71.50134665,696.0,6.442369869269068,0.31016678482562376,73.70342520993827,-0.0013071490256081424,0.2564102564102564,760.5,792.0,842.25
933,39.80549778,-71.50134665,696.0,6.456996822426945,0.31202081270314974,75.24758079081286,0.0015742673249533865,0.26666666666666666,760.5,792.0,842.25
933,39.80549778,-71.50134665,696.0,6.443530747348083,0.3118733701666959,74.55287756775871,0.005397306491386099,0.26153846153846155,760.5,792.0,842.25
934,39.80544707,-71.50147947,696.0,6.27781515304149,0.3131816203220207,75.43689453628947,0.006936797923387375,0.26666666666666666,760.5,792.0,842.25
934,39.80544707,-71.50147947,696.0,6.074727735341397,0.3178281548149272,76.10000488050304,0.004187470463225177,0.24615384615384617,760.5,792.0,842.25
934,39.80544707,-71.50147947,696.0,6.001115814375196,0.31947200551354676,74.51767101452434,0.006081651376600734,0.2358974358974359,760.5,792.0,842.25
934,39.80544707,-71.50147947,696.0,6.00135120199336,0.3167239289797005,73.62420327789907,0.007508494604524202,0.24102564102564103,760.5,792.0,842.25
935,39.80539713,-71.50161162,696.0,6.077436601258977,0.3122480962061588,75.23152280667217,0.0080881942592389,0.24615384615384617,760.5,792.0,842.25
935,39.80539713,-71.50161162,696.0,6.136028204894301,0.3097925478200904,74.15658442041966,0.0060732867404584305,0.2512820512820513,760.5,792.0,842.25
935,39.80539713,-71.50161162,696.0,6.121379167091724,0.30979604390184884,75.31930788197707,0.006775567241347885,0.22564102564102564,760.5,792.0,842.25
935,39.80539713,-71.50161162,696.0,6.136941801450008,0.30814222862587726,74.44031009994823,0.002923610722900239,0.2205128205128205,760.5,792.0,842.25
936,39.80534997,-71.50174285,696.0,6.305160715964031,0.30922753580469964,74.44574143940548,0.0029983251193122194,0.23076923076923078,760.5,792.0,842.25
936,39.80534997,-71.50174285,696.0,6.455413679493412,0.3136087982569012,76.01814040474636,0.008290530498551416,0.2205128205128205,760.5,792.0,842.25
936,39.80534997,-71.50174285,696.0,6.502121394170783,0.31898545145451856,73.76176296640567,0.005772140840035859,0.22564102564102564,760.5,792.0,842.25
936,39.80534997,-71.50174285,696.0,6.527822068494336,0.325470804554071,73.53194450964725,0.003336266794010519,0.21025641025641026,760.5,792.0,842.25
936,39.80534997,-71.50174285,696.0,6.605436313395152,0.3274176142996844,73.75658064010435,0.006184642759799357,0.2205128205128205,760.5,792.0,842.25
937,39.80530043,-71.50187938,696.0,6.6011142823602675,0.33113283278105554,74.89582326270379,0.002316431008116824,0.2358974358974359,760.5,792.0,842.25
937,39.80530043,-71.50187938,696.0,6.629396972386774,0.3353930804895896,75.37445346641884,0.005953454823672828,0.2153846153846154,760.5,792.0,842.25
937,39.80530043,-71.50187938,696.0,6.664672441700839,0.3374483598641281,75.16228134255307,0.0043247719406945065,0.20512820512820512,760.5,792.0,842.25
938,39.80525542,-71.50201232,696.0,6.6718067768970215,0.33630538460855225,74.04102008906243,-0.001041480974536078,0.22564102564102564,760.5,792.0,842.25
938,39.80525542,-71.50201232,696.0,6.5852003849914835,0.334484192135828,74.94439961411796,-0.00012918138867316786,0.21025641025641026,760.5,792.0,842.25
938,39.80525542,-71.50201232,696.0,6.5478499437287025,0.33707618603706746,74.2717154429587,0.005169934059431009,0.2,760.5,792.0,842.25
938,39.80525542,-71.50201232,696.0,6.653757822458295,0.3419458341589396,72.247512231911,0.0017453754935281925,0.2205128205128205,760.5,792.0,842.25
939,39.80521135,-71.50214787,696.0,6.73140995646089,0.34280294442199577,73.37467395103373,0.005226259599288873,0.20512820512820512,760.5,792.0,842.25
939,39.80521135,-71.50214787,696.0,6.785135208415143,0.34081130150496813,75.85054619571251,0.005800484931102891,0.21025641025641026,760.5,792.0,842.25
939,39.80521135,-71.50214787,696.0,6.93576735121596,0.3371828209168866,75.62223041652673,0.011094177582070968,0.1794871794871795,760.5,792.0,842.25
939,39.80521135,-71.50214787,696.0,7.085590606605928,0.33547680697295434,74.26742637852102,0.00717419793130521,0.2,760.5,792.0,842.25
940,39.80517408,-71.50228622,696.0,7.191839296355117,0.33382700642357643,74.93953057021868,-0.0053451199726712645,0.20512820512820512,760.5,792.0,842.25
940,39.80517408,-71.50228622,696.0,7.213016959927213,0.3306443752220502,73.81153915456233,-0.01221153018737628,0.2,760.5,792.0,842.25
940,39.80517408,-71.50228622,696.0,7.12361149516648,0.32838501616354254,73.81595266440006,-0.001155784728766733,0.19487179487179487,760.5,792.0,842.25
940,39.80517408,-71.50228622,696.0,7.173932178851952,0.32974142309128485,74.27425365225429,-0.00511891684356647,0.19487179487179487,760.5,792.0,842.25
941,39.8051335,-71.50242028,696.0,7.129012134923949,0.32764887581081925,74.95438194424042,-0.0051296264568509616,0.2205128205128205,760.5,792.0,842.25
941,39.8051335,-71.50242028,696.0,6.957396473182809,0.326370976338112,74.05333432406944,-0.0056310911604930776,0.2153846153846154,760.5,792.0,842.25
941,39.8051335,-71.50242028,696.0,6.798645520686533,0.3284533775348015,75.17625350500369,-0.008770132207744934,0.19487179487179487,760.5,792.0,842.25
941,39.8051335,-71.50242028,696.0,6.7049674766449545,0.3291985361510953,74.72152343809569,-0.006482162073047393,0.20512820512820512,760.5,792.0,842.25
941,39.8051335,-71.50242028,696.0,6.7930145693800705,0.3305525649437038,74.26518425781948,-0.006219730713749481,0.23076923076923078,760.5,792.0,842.25
942,39.80508653,-71.50255685,696.0,6.866966722823779,0.330115485158311,74.03567797064842,-0.006215629410320899,0.2205128205128205,760.5,792.0,842.25
942,39.80508653,-71.50255685,696.0,6.850059780324829,0.3314432660632575,73.81149355136515,0.0015640401288185741,0.2205128205128205,760.5,792.0,842.25
942,39.80508653,-71.50255685,696.0,6.881565656619888,0.3342942523579438,74.04311135081264,0.013874320043800558,0.20512820512820512,760.5,792.0,842.25
942,39.80508653,-71.50255685,696.0,7.027102692653844,0.3373366700114398,74.94893812229017,0.00645295983697859,0.20512820512820512,760.5,792.0,842.25
943,39.8050432,-71.50269195,696.0,7.012944923882418,0.34056269014871376,74.49685135345462,0.004141302914812079,0.23076923076923078,760.5,792.0,842.25
943,39.8050432,-71.50269195,696.0,7.061156930869127,0.34041036961466553,75.16472488357286,-0.006290285915627765,0.22564102564102564,760.5,792.0,842.25
943,39.8050432,-71.50269195,696.0,7.170467792806511,0.34175939358594354,74.25639660638831,-0.0027935166404797675,0.20512820512820512,760.5,792.0,842.25
944,39.80499603,-71.5028228,696.0,7.2693899207882335,0.3460626329841201,74.2540901901846,-0.0057296210780622804,0.19487179487179487,760.5,792.0,842.25
944,39.80499603,-71.5028228,696.0,7.225948471546969,0.3473320423475255,74.48048391610268,-0.006407861690972963,0.2205128205128205,760.5,792.0,842.25
944,39.80499603,-71.5028228,696.0,7.034024368602627,0.34623870707821963,72.67890242988534,-0.007388326823823138,0.22564102564102564,760.5,792.0,842.25
944,39.80499603,-71.5028228,696.0,6.981414623198148,0.34484580085894484,74.47818696957165,0.004253780552855543,0.2358974358974359,761.2500000000001,792.0,842.25
944,39.80499603,-71.5028228,696.0,6.985361015414565,0.34542019646346317,73.12502452708122,0.007203464850818597,0.23076923076923078,761.2500000000001,792.0,842.25
945,39.80495713,-71.50296415,696.0,6.93489428032239,0.3471689474364015,73.57552623575444,0.0022626005039849384,0.2512820512820513,761.2500000000001,792.0,842.25
945,39.80495713,-71.50296415,696.0,6.845675988234362,0.3482365788876016,72.6784403115237,-0.005745950701606318,0.2564102564102564,761.2500000000001,792.0,842.25
945,39.80495713,-71.50296415,696.0,6.910521808371366,0.34825255989425724,74.03517665138672,0.0008761631275852819,0.24615384615384617,761.2500000000001,792.0,842.25
945,39.80495713,-71.50296415,696.0,7.065821565429343,0.34716418502610863,73.81836643753014,-0.00010566337112056463,0.23076923076923078,761.2500000000001,792.0,842.25
946,39.80491833,-71.50309615,696.0,7.0506875768913035,0.34171295803333485,75.63487508879693,-0.002812878782436855,0.24102564102564103,761.2500000000001,792.0,842.25
946,39.80491833,-71.50309615,696.0,7.067228057928079,0.33870826909945645,76.32908646291774,-0.007423736437038312,0.24615384615384617,761.2500000000001,792.0,842.25
946,39.80491833,-71.50309615,696.0,7.158555955774188,0.34114800292612835,75.20765493086792,-0.0047955280316690305,0.24102564102564103,761.2500000000001,792.0,842.25
947,39.80487667,-71.50322502,696.0,7.232526675017956,0.344011323404013,74.51294269205964,-0.006823627468952045,0.26153846153846155,761.2500000000001,792.0,842.25
947,39.80487667,-71.50322502,696.0,7.32101169002071,0.3432866951696417,74.49962342582145,-0.012033599274142756,0.2602040816326531,761.2500000000001,792.0,843.0000000000001
947,39.80487667,-71.50322502,696.0,7.330349084955305,0.3423149324479087,74.27570668260616,-0.011135125577789553,0.25,761.2500000000001,792.0,843.0000000000001
947,39.80487667,-71.50322502,696.0,7.393991364277219,0.34432709844604,72.02892846321949,-0.007692743134731685,0.23979591836734693,761.2500000000001,792.0,843.0000000000001
948,39.80483022,-71.50335817,696.0,7.492348347951684,0.34354123837875983,73.15711110742038,-0.01151982427959769,0.2602040816326531,761.2500000000001,792.0,843.0000000000001
948,39.80483022,-71.50335817,696.0,7.530580402728958,0.34290590565679174,73.60724279391113,-0.012143163656437745,0.25510204081632654,761.2500000000001,792.0,843.0000000000001
948,39.80483022,-71.50335817,696.0,7.57067077913335,0.3432719259024524,72.9314323045483,-0.004159951807449698,0.25,761.2500000000001,792.0,843.0000000000001
948,39.80483022,-71.50335817,696.0,7.5768914368671005,0.34585537936602007,73.15607956947883,-0.0003094698935206215,0.25,761.2500000000001,792.0,843.0000000000001
949,39.80478102,-71.50348838,696.0,7.558544791065009,0.3467282917522818,72.70225924670866,-0.0033303349390968796,0.23469387755102042,761.2500000000001,795.0,843.0000000000001
949,39.80478102,-71.50348838,696.0,7.414482944769816,0.3452726259434375,72.02053937114813,-0.005682632135616217,0.22448979591836735,761.2500000000001,795.0,843.0000000000001
949,39.80478102,-71.50348838,696.0,7.2436627624159815,0.3421772995797716,74.71881919383033,-0.002703355924133982,0.2193877551020408,761.2500000000001,812.25,843.0000000000001
949,39.80478102,-71.50348838,696.0,7.25977840074197,0.34011142480960843,74.04401049591704,-0.008990370075509364,0.2193877551020408,761.2500000000001,812.25,843.0000000000001
950,39.80473213,-71.50362308,696.0,7.310536243779684,0.3374830960942827,75.84785873107658,-0.011528922586595195,0.2193877551020408,761.2500000000001,812.25,843.0000000000001
950,39.80473213,-71.50362308,696.0,7.33837605233913,0.3361084559471426,72.47273261481902,-0.005638628528597107,0.21428571428571427,761.2500000000001,812.25,843.0000000000001
950,39.80473213,-71.50362308,696.0,7.388511733142822,0.3376224401272512,72.47349634774143,-0.0013941205545511138,0.2193877551020408,761.2500000000001,812.25,843.0000000000001
950,39.80473213,-71.50362308,696.0,7.561551082964357,0.34112856200691455,72.25169731585471,0.0013654806246673429,0.23469387755102042,761.2500000000001,812.25,843.0000000000001
951,39.8046843,-71.50374773,696.0,7.710514394516792,0.34329525866707494,72.49681884829704,-0.008320090292552101,0.23469387755102042,761.2500000000001,812.25,843.0000000000001
951,39.8046843,-71.50374773,696.0,7.638073392389552,0.344495233256255,71.38904592715953,-0.011921957448744051,0.22448979591836735,761.2500000000001,812.25,843.0000000000001
951,39.8046843,-71.50374773,696.0,7.600105976656065,0.34364221359178315,71.6083953252164,-0.009953831203059432,0.23979591836734693,761.2500000000001,812.25,843.0000000000001
951,39.8046843,-71.50374773,696.0,7.51590540781836,0.34333717172281275,73.4012704606683,-0.008617901614536391,0.24489795918367346,761.2500000000001,812.25,843.0000000000001
952,39.8046318,-71.50387437,696.0,7.469175454679076,0.34291913980123623,73.62363690907367,-0.011407202526872162,0.2653061224489796,761.2500000000001,812.25,843.0000000000001
952,39.8046318,-71.50387437,696.0,7.40474480106852,0.3448381314079865,73.62264473515027,-0.0077200937366320235,0.25510204081632654,761.2500000000001,812.25,843.0000000000001
952,39.8046318,-71.50387437,696.0,7.237920985133752,0.3466606556164706,73.84635733937958,-0.005434998066145379,0.24489795918367346,761.2500000000001,812.25,843.0000000000001
952,39.8046318,-71.50387437,696.0,7.133034065578727,0.34738942813543067,71.58544126681032,-0.008669751578221403,0.23979591836734693,761.2500000000001,813.0,843.0000000000001
953,39.8045848,-71.50400967,696.0,7.209546393855557,0.3505658051496956,71.79273430519667,-0.014820667090196084,0.25510204081632654,761.2500000000001,813.0,843.0000000000001
953,39.8045848,-71.50400967,696.0,7.25229732691573,0.34855368821842897,71.11416795378138,-0.011013159419513845,0.23979591836734693,761.2500000000001,813.0,843.0000000000001
953,39.8045848,-71.50400967,696.0,7.196918809041522,0.3466337731194955,72.92652621735165,-0.012598167203263051,0.23979591836734693,761.2500000000001,813.0,843.0000000000001
953,39.8045848,-71.50400967,696.0,7.173291590201125,0.3493514024006899,74.06573436847246,-0.0036635115482367493,0.24489795918367346,761.2500000000001,813.0,843.0000000000001
954,39.80453122,-71.50414255,696.0,7.158577380028701,0.3488834499703722,73.17457589808836,-0.009665434726537745,0.28061224489795916,761.2500000000001,813.0,843.0000000000001
954,39.80453122,-71.50414255,696.0,7.114650241496917,0.34687362534636285,71.3723796467748,-0.009716206769394727,0.29081632653061223,761.2500000000001,813.0,843.0000000000001
954,39.80453122,-71.50414255,696.0,6.923492542113869,0.35128028894480334,72.04133725687807,-0.013082106881323111,0.3112244897959184,761.2500000000001,813.0,843.0000000000001
954,39.80453122,-71.50414255,696.0,6.858911596807014,0.3565035257759547,72.03817301263017,-0.018706161345354497,0.29591836734693877,761.2500000000001,813.0,843.0000000000001
955,39.80448833,-71.50427993,696.0,7.021789827287452,0.357222650732659,72.03778765441763,-0.017721823760625675,0.3112244897959184,761.2500000000001,813.0,843.0000000000001
955,39.80448833,-71.50427993,696.0,7.200654640781455,0.35373996706783845,70.2355929134444,-0.004357987488096384,0.33163265306122447,761.2500000000001,813.0,843.0000000000001
955,39.80448833,-71.50427993,696.0,7.165621381442582,0.3537662980876803,72.93633187194786,-0.004853603584415697,0.3520408163265306,761.2500000000001,813.0,843.0000000000001
955,39.80448833,-71.50427993,696.0,7.104596740721275,0.35476529316311883,72.93451725763524,-0.003646947753821422,0.3520408163265306,761.2500000000001,813.0,843.0000000000001
956,39.8044416,-71.50440968,696.0,7.212688432781963,0.35159250184284824,71.807896680497,-0.010924548978804837,0.35714285714285715,761.2500000000001,813.0,843.0000000000001
956,39.8044416,-71.50440968,696.0,7.296673356347906,0.34442500382199454,71.58371756058797,-0.013224138504774684,0.3622448979591837,761.2500000000001,813.0,843.0000000000001
956,39.8044416,-71.50440968,696.0,7.152213555601062,0.3432000670362647,73.61228993855539,-0.013806903801297319,0.34183673469387754,761.2500000000001,813.0,843.0000000000001
956,39.8044416,-71.50440968,696.0,7.1183683828306235,0.3442693712001881,73.38823211233164,-0.009863750151404177,0.34183673469387754,761.2500000000001,813.0,843.0000000000001
956,39.8044416,-71.50440968,696.0,7.3660171375274235,0.3445701496277511,72.71195154581642,-0.013705277120547048,0.32653061224489793,761.2500000000001,813.0,843.0000000000001
957,39.80438962,-71.50454863,696.0,7.408458258942601,0.34193771096815034,71.5819470952054,-0.01267803769139354,0.33163265306122447,761.2500000000001,813.0,843.0000000000001
957,39.80438962,-71.50454863,696.0,7.3251175589807636,0.3382920582560281,71.35150054858593,-0.0059918379786051855,0.32142857142857145,761.2500000000001,813.0,843.0000000000001
957,39.80438962,-71.50454863,696.0,7.219027211308971,0.33683379286002724,70.52988573171996,-0.015400945648948755,0.3112244897959184,761.2500000000001,813.0,843.0000000000001
957,39.80438962,-71.50454863,696.0,7.363306869231392,0.3365295729497262,70.93001848715163,-0.007893894774106876,0.3112244897959184,761.2500000000001,813.0,843.0000000000001
958,39.80435077,-71.5046848,696.0,7.490861027159796,0.3359541225854167,71.38335111770478,-0.01682286393783829,0.32142857142857145,761.2500000000001,813.0,843.0000000000001
958,39.80435077,-71.5046848,696.0,7.2515034394179185,0.33296676991665763,71.60786010099072,-0.011164257268097862,0.3112244897959184,761.2500000000001,813.0,843.0000000000001
958,39.80435077,-71.5046848,696.0,7.119527390609899,0.3330647759004901,71.60601133072474,-0.016668281616416848,0.32653061224489793,761.2500000000001,813.0,843.0000000000001
958,39.80435077,-71.5046848,696.0,7.117690508375458,0.33226866463749616,70.02995523282226,-0.013943076943439514,0.3163265306122449,761.2500000000001,813.0,843.0000000000001
959,39.80430113,-71.50482133,696.0,7.017771288593745,0.3255061307693993,71.60806613832936,-0.016604482405263337,0.3112244897959184,761.2500000000001,813.0,843.0000000000001
959,39.80430113,-71.50482133,696.0,6.744563673388992,0.3180857059542371,70.26002733765621,-0.014684398747114295,0.3112244897959184,761.2500000000001,813.0,843.0000000000001
959,39.80430113,-71.50482133,696.0,6.7063822995242,0.3129290119868367,70.71343250064598,-0.014212946141448695,0.2755102040816326,761.2500000000001,813.0,843.0000000000001
959,39.80430113,-71.50482133,696.0,6.587972519408287,0.31113101711072993,70.04097833789149,-0.021688713403944973,0.29591836734693877,761.2500000000001,813.0,843.0000000000001
960,39.80425293,-71.50495522,696.0,6.489744869046758,0.3110895494649007,70.04393850235077,-0.023222452164608567,0.28061224489795916,761.2500000000001,813.0,843.0000000000001
960,39.80425293,-71.50495522,696.0,6.509578009107826,0.30973470299354333,70.9478554484405,-0.015618257797044486,0.28061224489795916,761.2500000000001,813.0,843.0000000000001
960,39.80425293,-71.50495522,696.0,6.519435707067758,0.3111516214992785,71.17833854227364,-0.007199651723759656,0.27040816326530615,761.2500000000001,813.0,843.0000000000001
960,39.80425293,-71.50495522,696.0,6.573386541179288,0.31329120199340943,72.53790820845904,0.0032536644176483576,0.25510204081632654,761.2500000000001,813.0,843.0000000000001
961,39.8042045,-71.50508985,696.0,6.654555003581139,0.31306249035027656,71.5304637309089,0.008577600896902758,0.25,761.2500000000001,813.0,843.0000000000001
961,39.8042045,-71.50508985,696.0,6.70781352455215,0.30939356026555226,72.4262598981924,-0.004343492885146601,0.23979591836734693,761.2500000000001,813.0,843.0000000000001
961,39.8042045,-71.50508985,696.0,6.8261650897936885,0.3043293018084655,71.40236998069426,-0.003715376164732213,0.24489795918367346,761.2500000000001,813.0,843.0000000000001
961,39.8042045,-71.50508985,696.0,6.951912697632552,0.3020503301439265,71.17029313592926,-0.0015506616523597557,0.25,761.2500000000001,813.0,843.0000000000001
962,39.80415802,-71.5052312,696.0,6.973060138755122,0.3020303362083489,72.29365988813274,-0.011073221212569949,0.24489795918367346,761.2500000000001,813.0,843.0000000000001
962,39.80415802,-71.5052312,696.0,6.9944403719055614,0.30084782170059116,73.86938203307203,-0.010783212433785456,0.25,761.2500000000001,813.0,843.0000000000001
962,39.80415802,-71.5052312,696.0,7.065226488769394,0.29928499608057874,73.1943239658924,-0.014066973191514868,0.25510204081632654,761.2500000000001,813.0,843.0000000000001
962,39.80415802,-71.5052312,696.75,7.078525589038622,0.3013958507121006,72.74318451986973,-0.005281788260132671,0.2717948717948718,761.2500000000001,813.0,843.0000000000001
963,39.80411628,-71.50536925,696.75,7.053563206439449,0.3071734191568369,73.72693543095636,-2.3671096628118312e-05,0.2923076923076923,761.2500000000001,813.0,843.0000000000001
963,39.80411628,-71.50536925,696.75,7.017582416635821,0.3114744215574817,74.97445635358446,-0.009720965386518449,0.2923076923076923,761.2500000000001,813.0,843.0000000000001
963,39.80411628,-71.50536925,696.75,6.958123766360928,0.31455397142832237,73.61748712410255,-0.011153524438756375,0.28717948717948716,761.2500000000001,813.0,843.0000000000001
963,39.80411628,-71.50536925,696.75,6.973990138817704,0.31487022605830867,73.843337002283,-0.009891374667466969,0.28205128205128205,761.2500000000001,813.0,843.0000000000001
964,39.80407637,-71.50551112,696.75,7.10230818046793,0.31331309830669213,75.19077569434336,-0.00032332449386355817,0.3076923076923077,761.2500000000001,813.0,843.0000000000001
964,39.80407637,-71.50551112,696.75,7.28730132713626,0.3104059421476578,74.73785594178885,-0.0025520421420971717,0.28717948717948716,761.2500000000001,813.0,843.0000000000001
964,39.80407637,-71.50551112,696.75,7.327766841709795,0.30713285962666226,72.94003820693013,-0.003956827069958071,0.28717948717948716,761.2500000000001,813.0,843.0000000000001
964,39.80407637,-71.50551112,696.75,7.17700902364041,0.3034813853499257,73.3966113034672,-0.0036692950122808638,0.2717948717948718,762.0,813.0,843.0000000000001
965,39.80403727,-71.50565205,696.75,7.148697786630845,0.3017111753122243,72.7241210850652,0.0020211610553972055,0.27692307692307694,763.5,813.0,843.0000000000001
965,39.80403727,-71.50565205,696.75,7.295547873586817,0.30255910109528783,74.07389036489863,-0.0020955774650697136,0.2717948717948718,763.5,813.0,843.0000000000001
965,39.80403727,-71.50565205,696.75,7.371511904608799,0.30413157929284795,72.04459444568215,0.0034262432094417186,0.26666666666666666,763.5,813.0,843.0000000000001
965,39.80403727,-71.50565205,696.75,7.3215693167621625,0.3095742924609182,74.07160715316842,0.0009662740874721721,0.2717948717948718,763.5,813.0,843.0000000000001
966,39.80399817,-71.50579387,696.75,7.277575480877588,0.3132072115468492,73.17657061168005,-0.0035165709756074916,0.28205128205128205,763.5,813.0,843.0000000000001
966,39.80399817,-71.50579387,696.75,7.287094688835886,0.31454343706499654,73.18887096605353,0.0019527349844615345,0.26153846153846155,763.5,813.0,843.0000000000001
966,39.80399817,-71.50579387,697.5,7.347960320647103,0.3135963093332245,73.01131456185902,-0.0008531676533260281,0.26804123711340205,764.2500000000001,813.0,843.0000000000001
966,39.80399817,-71.50579387,697.5,7.3145509460931635,0.31111333977967676,73.856232700779,-0.011760019782092087,0.26804123711340205,764.2500000000001,813.0,843.0000000000001
967,39.80396008,-71.50593008,697.5,7.364746013122845,0.30879444499977265,74.08503226368258,-0.013695375087820377,0.28865979381443296,764.2500000000001,813.0,843.0000000000001
967,39.80396008,-71.50593008,697.5,7.540794043733133,0.3057785126605654,74.98229828693817,-0.005720594468673832,0.29381443298969073,764.2500000000001,813.0,843.0000000000001
967,39.80396008,-71.50593008,697.5,7.6431505757821725,0.3034663108522738,71.82472810596042,-0.003838632304812465,0.29381443298969073,764.2500000000001,813.0,843.0000000000001
967,39.80396008,-71.50593008,697.5,7.664471793739826,0.3009286835274632,72.04596033837907,-0.010468485682206098,0.29381443298969073,764.2500000000001,813.0,843.0000000000001
967,39.80396008,-71.50593008,697.5,7.648954879302935,0.30197606490677953,72.721049125396,-0.013396052931399753,0.30412371134020616,764.2500000000001,813.0,843.0000000000001
968,39.80391988,-71.50607533,698.25,7.813136714665743,0.3044027260113332,72.9468126570855,-0.004619560129445787,0.30569948186528495,764.2500000000001,813.0,843.0000000000001
968,39.80391988,-71.50607533,698.25,7.792578351888385,0.30497114632095035,74.2982272948789,-0.0034514045228996476,0.3160621761658031,764.2500000000001,813.0,843.0000000000001
968,39.80391988,-71.50607533,698.25,7.581240945073358,0.30509808344140493,74.29820192486136,-0.006668354818065999,0.3160621761658031,764.2500000000001,813.0,843.0000000000001
968,39.80391988,-71.50607533,698.25,7.555209252080948,0.30844885552098844,75.19843449936897,-0.004736671191789815,0.2849740932642487,764.2500000000001,813.0,843.0000000000001
969,39.80388083,-71.5062144,698.25,7.756422912216035,0.3080653100481865,74.74688863826934,0.0011934895601849402,0.27461139896373055,764.2500000000001,813.0,843.0000000000001
969,39.80388083,-71.5062144,698.25,7.872095921316761,0.3085384973689722,74.7447410100508,0.004631670637154297,0.27461139896373055,764.2500000000001,813.0,843.0000000000001
969,39.80388083,-71.5062144,698.25,7.993082782103674,0.31021072963966273,73.61412287078814,0.0031515282280785116,0.27461139896373055,764.2500000000001,813.0,843.0000000000001
969,39.80388083,-71.5062144,698.25,8.114500841005585,0.31024259244345714,72.03223756242325,-0.0037351217472762024,0.27979274611398963,764.2500000000001,813.0,843.0000000000001
970,39.80383558,-71.50635117,698.25,8.031663333888032,0.3109886497107096,73.60256472273365,-0.000991846336752493,0.24352331606217617,764.2500000000001,813.0,843.0000000000001
970,39.80383558,-71.50635117,698.25,7.875725714921739,0.31031764102581005,73.36779818474527,-0.010429483749879878,0.2538860103626943,764.2500000000001,813.0,843.0000000000001
970,39.80383558,-71.50635117,698.25,7.753448285944581,0.30918230423456405,74.02255493726358,-0.011057207932707551,0.27461139896373055,764.2500000000001,813.0,843.0000000000001
970,39.80383558,-71.50635117,698.25,7.691911002212589,0.30917472672361573,74.0007208977221,-0.008802166618128826,0.29015544041450775,764.2500000000001,813.0,843.0000000000001
971,39.80379237,-71.50648765,699.0,7.90582507475374,0.3098945949654879,73.8023122572864,0.0029734786766192137,0.3125,764.2500000000001,813.0,843.0000000000001
971,39.80379237,-71.50648765,699.0,8.028010829496338,0.3113945304305058,74.5012475567141,0.0048763827402545585,0.3177083333333333,764.2500000000001,813.0,843.0000000000001
971,39.80379237,-71.50648765,699.0,8.201971054100932,0.3122890145461898,74.06098587180132,-0.005541697628300985,0.2916666666666667,764.2500000000001,813.0,843.0000000000001
971,39.80379237,-71.50648765,699.0,8.33798570133349,0.3142008104534643,72.03782864298896,0.002325046792904598,0.2916666666666667,764.2500000000001,813.0,843.0000000000001
972,39.80374678,-71.50662428,699.0,8.378071206552201,0.3181744035654218,73.16410108368771,0.006704294512021376,0.3072916666666667,766.5,813.0,843.0000000000001
972,39.80374678,-71.50662428,699.0,8.287618819625434,0.3182954746529156,72.93881852804518,0.0008988396192539877,0.296875,767.2500000000001,813.0,843.0000000000001
972,39.80374678,-71.50662428,699.75,8.1216246038178,0.31763375799647137,73.61542812329118,0.004054753064664908,0.3036649214659686,777.7499999999999,813.0,843.0000000000001
972,39.80374678,-71.50662428,699.75,8.055458698443392,0.3171855247648177,74.29200846380608,0.00438681721814325,0.3036649214659686,777.7499999999999,813.0,843.0000000000001
973,39.80369967,-71.50676647,699.75,8.138225537766646,0.31706694460758567,74.74170022051726,0.0022204690154471883,0.2879581151832461,777.7499999999999,813.0,843.0000000000001
973,39.80369967,-71.50676647,699.75,8.295239319968763,0.3150686635029117,75.64036213409472,0.0027227879120291735,0.31413612565445026,777.7499999999999,813.0,843.0000000000001
973,39.80369967,-71.50676647,699.75,8.407115598547225,0.31377816317806045,74.96123299809462,-0.0052321352722183335,0.3193717277486911,777.7499999999999,813.0,843.0000000000001
973,39.80369967,-71.50676647,700.5,8.37646319041936,0.3149227643879,76.53357450557579,-0.008331013401022378,0.3157894736842105,777.7499999999999,813.0,843.0000000000001
974,39.80365587,-71.50690483,700.5,8.311824373900318,0.3149818912427788,76.98125593704066,-0.007317168439596627,0.28421052631578947,777.7499999999999,813.0,843.0000000000001
974,39.80365587,-71.50690483,700.5,8.214577318259906,0.3140684963827406,76.97966775394137,-0.017442381659384117,0.2631578947368421,777.7499999999999,813.0,843.0000000000001
974,39.80365587,-71.50690483,700.5,8.074850893714526,0.3164561555727737,76.75427484481074,-0.021180211061252074,0.2789473684210526,777.7499999999999,813.0,843.0000000000001
974,39.80365587,-71.50690483,700.5,7.877566649845294,0.3205764708344464,75.40614191606868,-0.007690032390491412,0.2789473684210526,777.7499999999999,813.0,843.0000000000001
975,39.80361185,-71.5070386,700.5,8.085225051545008,0.32690402494108556,76.53887229279471,-0.006942225183904701,0.2789473684210526,777.7499999999999,813.0,843.0000000000001
975,39.80361185,-71.5070386,700.5,8.46582787768508,0.3307353016214841,75.86926787126977,-0.008719510953410586,0.3,777.7499999999999,813.0,843.0000000000001
975,39.80361185,-71.5070386,701.25,8.671187103654644,0.33281457312600116,73.6202625490946,-0.0011811220276538663,0.2751322751322751,777.7499999999999,813.0,843.0000000000001
975,39.80361185,-71.5070386,701.25,8.699138318639935,0.33603379246886284,72.49418333566122,0.0010273901947264337,0.2804232804232804,777.7499999999999,813.0,843.0000000000001
976,39.80357355,-71.50717935,701.25,8.610977421252821,0.33987953460894665,71.81725854034885,-0.012915537744132717,0.2698412698412698,777.7499999999999,813.0,843.0000000000001
976,39.80357355,-71.50717935,701.25,8.564699014013405,0.3455946404916674,72.49325464972932,-0.01884887307090087,0.2751322751322751,777.7499999999999,813.0,843.0000000000001
976,39.80357355,-71.50717935,701.25,8.552477996288905,0.35076985584933174,72.27027150391649,-0.014681575347116812,0.25925925925925924,777.7499999999999,813.0,843.0000000000001
976,39.80357355,-71.50717935,702.0,8.407622812473415,0.3510112455524718,73.17218218359362,-0.010896122430002058,0.26595744680851063,777.7499999999999,813.0,843.0000000000001
977,39.8035392,-71.50732017,702.0,8.591200066344024,0.34965916049687884,74.29760155211922,-0.010845417009016768,0.26595744680851063,777.7499999999999,813.0,843.0000000000001
977,39.8035392,-71.50732017,702.0,8.726079999470967,0.3498557219037081,74.74664203993515,-0.010941664793525823,0.2765957446808511,777.7499999999999,813.0,843.0000000000001
977,39.8035392,-71.50732017,702.0,8.9418694553249,0.35254921773330317,76.54727469486988,-0.006231005599078965,0.2925531914893617,777.7499999999999,813.0,843.0000000000001
977,39.8035392,-71.50732017,702.0,9.053154947960305,0.3535334905568971,77.22301920856094,-0.0024968592348544685,0.2925531914893617,777.7499999999999,813.0,843.0000000000001
978,39.80350438,-71.5074546,702.0,8.921281745647324,0.35377850724152526,76.32304660481971,-0.011087611582120054,0.2925531914893617,777.7499999999999,813.0,843.0000000000001
978,39.80350438,-71.5074546,702.75,8.600688543722445,0.35352577974770355,76.99976639488794,0.009641999065097058,0.26737967914438504,777.7499999999999,813.0,843.0000000000001
978,39.80350438,-71.5074546,702.75,8.700677733164435,0.35303601185219713,76.10112706590228,0.009737272918506538,0.2620320855614973,780.0,813.0,843.0000000000001
978,39.80350438,-71.5074546,703.5,8.920619245576768,0.35478157180917824,76.3283590310339,0.00039639156165564577,0.27419354838709675,780.0,813.0,843.0000000000001
979,39.80346452,-71.50759837,703.5,8.84950183217473,0.35602672030351773,75.65322600350939,-0.001790093110776664,0.24193548387096775,780.0,813.0,843.0000000000001
979,39.80346452,-71.50759837,703.5,8.611173260968512,0.3556781174464508,75.6519651282603,0.0023862426652178016,0.20967741935483872,780.0,813.0,843.0000000000001
979,39.80346452,-71.50759837,703.5,8.42497066510566,0.3550329098569425,76.32572057595608,-0.004631011806440394,0.1989247311827957,780.0,813.0,843.0000000000001
979,39.80346452,-71.50759837,703.5,8.270224720959273,0.35626410433150174,75.64885492185054,-0.0010292441013622464,0.22043010752688172,780.0,813.0,843.0000000000001
980,39.80342453,-71.50773373,703.5,8.302418792273878,0.35868931238879054,76.09872146275556,-0.003154982953487901,0.22043010752688172,780.0,813.0,843.0000000000001
980,39.80342453,-71.50773373,704.25,8.384333129777296,0.3562173681809655,75.87332574454163,-0.004931079460387291,0.24324324324324326,780.0,813.0,843.0000000000001
980,39.80342453,-71.50773373,704.25,8.335351280936328,0.3533477605314842,75.19721503586354,-0.01102878492970821,0.22162162162162163,780.0,813.0,843.0000000000001
980,39.80342453,-71.50773373,704.25,8.393202533320736,0.3528887544403528,75.42128584177256,-0.012134400163682071,0.22162162162162163,780.0,813.0,843.0000000000001
981,39.80337962,-71.50786518,704.25,8.502907586849494,0.3562024337495523,74.5200065766024,-0.009438700368046391,0.2594594594594595,780.0,813.0,843.0000000000001
981,39.80337962,-71.50786518,704.25,8.43859909410093,0.3571577130718595,74.07007966578367,-0.011728660850898357,0.2702702702702703,780.0,813.0,843.0000000000001
981,39.80337962,-71.50786518,704.25,8.256091797605452,0.35257805483580024,75.42247474066448,-0.006464356578948432,0.3027027027027027,780.0,813.0,843.0000000000001
981,39.80337962,-71.50786518,704.25,8.555846694828206,0.35065877951661534,75.64882292645163,-0.0031267469087776245,0.31891891891891894,780.0,813.0,843.0000000000001
982,39.8033396,-71.50800383,704.25,8.830634365902025,0.3500389653693703,74.29803779913465,-0.0031677034367420917,0.2864864864864865,780.0,813.0,843.0000000000001
982,39.8033396,-71.50800383,704.25,8.833615840777426,0.3479713992417596,75.64886039665461,-0.0039000051341923935,0.2810810810810811,780.0,813.0,843.0000000000001
982,39.8033396,-71.50800383,704.25,8.616066636798426,0.3458577454698504,75.64861352986567,-0.0013530494307312864,0.2702702702702703,780.0,813.0,843.0000000000001
982,39.8033396,-71.50800383,704.25,8.376105509149742,0.34682740089685876,75.64831768163945,0.007426400851212443,0.24864864864864866,780.0,813.0,843.0000000000001
982,39.8033396,-71.50800383,705.0,8.276992023180336,0.346700634152784,77.22440757175285,0.0006756743416305822,0.2391304347826087,780.0,813.0,843.0000000000001
983,39.80329592,-71.50814857,705.0,8.514448685275473,0.34495078156574943,78.57552432120275,-0.0016488942981474847,0.23369565217391305,780.0,813.0,843.0000000000001
983,39.80329592,-71.50814857,705.0,8.492427671937415,0.343821376499448,77.90034890904532,-0.004678693779316725,0.24456521739130435,780.0,813.0,843.0000000000001
983,39.80329592,-71.50814857,705.0,8.352618353080565,0.34298621097029863,76.77503781337188,-0.00852817783404755,0.25,780.0,813.0,843.0000000000001
983,39.80329592,-71.50814857,705.0,8.182559673643011,0.3415363893388886,76.55014771445295,-0.012111556937561142,0.2391304347826087,780.0,813.0,843.0000000000001
984,39.80325673,-71.50828265,705.0,7.947573253582307,0.3389038080954508,74.9738418871597,-0.014811144055883293,0.20652173913043478,780.0,813.0,843.0000000000001
984,39.80325673,-71.50828265,705.75,7.989537294374538,0.33743925185810414,75.64897170150442,-0.023521835995792134,0.20218579234972678,780.0,813.0,843.0000000000001
984,39.80325673,-71.50828265,705.75,8.116479679975033,0.33744885772940036,75.87355804877816,-0.019561778693682207,0.24043715846994534,780.0,813.0,843.0000000000001
984,39.80325673,-71.50828265,705.75,8.213843042332922,0.33408114281108003,75.19726845955712,-0.019447503973822586,0.22950819672131148,780.0,813.0,843.0000000000001
985,39.80321605,-71.50841962,705.75,8.28842562484772,0.33111876150312614,73.8455828006278,-0.0224600808027812,0.25,780.0,813.75,843.75
985,39.80321605,-71.50841962,705.75,8.177400479906805,0.33097550734840303,72.26929215578289,-0.01906654246114547,0.2391304347826087,780.0,813.75,843.75
985,39.80321605,-71.50841962,705.75,7.945421837681826,0.3307365941262108,73.39577800949996,-0.018236890750298596,0.2608695652173913,780.0,813.75,843.75
985,39.80321605,-71.50841962,705.75,8.25683199986462,0.33145602886856673,72.72118794640306,-0.022236970035536537,0.2717391304347826,780.0,813.75,843.75
986,39.80317818,-71.50856595,705.75,8.517036630336973,0.3298623214651443,73.62251776945318,-0.01852876460288599,0.25,780.0,813.75,843.75
986,39.80317818,-71.50856595,705.75,8.623616801798356,0.3282322399802844,73.17207101012076,-0.021479271278659753,0.25,780.0,813.75,843.75
986,39.80317818,-71.50856595,705.75,8.55720814386403,0.32478526956643317,72.49578954667854,-0.0219641520833446,0.2391304347826087,780.0,813.75,843.75
986,39.80317818,-71.50856595,705.75,8.402690801892101,0.32410661447428707,72.72026233485516,-0.024044940841357536,0.24456521739130435,780.0,813.75,843.75
987,39.80314092,-71.50870143,705.75,8.174382928143023,0.3228632459974332,73.39604186722998,-0.014923478906425066,0.25,780.0,813.75,843.75
987,39.80314092,-71.50870143,705.75,7.967859711499575,0.3243982747985471,75.87449883364275,-0.020128247661214516,0.2717391304347826,780.0,813.75,843.75
987,39.80314092,-71.50870143,706.5,7.971519845916072,0.3284362943676395,75.42614940561293,-0.019117599225665232,0.2459016393442623,780.0,813.75,843.75
987,39.80314092,-71.50870143,706.5,7.974555837361302,0.3308776468871559,75.42736371430287,-0.01901079182895283,0.26229508196721313,780.0,813.75,843.75
988,39.80309687,-71.5088359,706.5,7.943686297044274,0.33477446821453577,74.75317967160164,-0.02270022492182267,0.29508196721311475,780.0,813.75,843.75
988,39.80309687,-71.5088359,706.5,7.76984011484857,0.3403526378009713,74.30618812980643,-0.020136260882048947,0.3005464480874317,780.0,813.75,843.75
988,39.80309687,-71.5088359,706.5,7.401290476756487,0.34502221394469557,75.21113160403075,-0.018047873483307563,0.3114754098360656,780.0,813.75,843.75
988,39.80309687,-71.5088359,706.5,7.545213187506466,0.3488733708801766,73.86293630278934,-0.01537267166609795,0.3005464480874317,780.0,813.75,843.75
989,39.80305943,-71.50897418,706.5,7.750711272417217,0.3514307217772711,74.53974820934532,-0.02357513582134693,0.2896174863387978,780.0,813.75,843.75
989,39.80305943,-71.50897418,707.25,8.010438368426335,0.3548805730431784,75.21704071866999,-0.02156510459939571,0.2967032967032967,780.0,813.75,843.75
989,39.80305943,-71.50897418,707.25,8.054513755556046,0.35668567012138713,75.66976595689597,-0.017581737453499613,0.3021978021978022,780.0,813.75,843.75
989,39.80305943,-71.50897418,707.25,7.763626189822635,0.35805030145355826,75.6712576106063,-0.007073091275029722,0.3021978021978022,780.0,813.75,843.75
990,39.80302037,-71.50911002,707.25,7.459442909438842,0.3554532821587704,75.22142657286562,-0.009833959078339921,0.3076923076923077,780.0,813.75,843.75
990,39.80302037,-71.50911002,707.25,7.807976866165406,0.3500783197220216,74.77186060259126,-0.011792728438273505,0.3021978021978022,780.0,813.75,843.75
990,39.80302037,-71.50911002,707.25,7.964709976192985,0.34798300317734043,74.32322483896215,-0.01104192492959246,0.3021978021978022,780.0,813.75,843.75
990,39.80302037,-71.50911002,707.25,7.859695765457236,0.34706432655005054,77.02759821880629,-0.008468776378579445,0.27472527472527475,780.0,813.75,843.75
991,39.80298065,-71.50924745,708.0,7.728461971271039,0.34818488651117396,76.13040934834956,-0.011662934534425016,0.292817679558011,780.0,813.75,843.75
991,39.80298065,-71.50924745,708.0,7.578379210842057,0.3480587672711201,73.20760779797456,-0.014108447608900686,0.287292817679558,780.0,813.75,843.75
991,39.80298065,-71.50924745,708.0,7.364931210128488,0.3459801407040254,72.98707496195203,-0.007633991695298676,0.287292817679558,780.0,813.75,843.75
991,39.80298065,-71.50924745,708.0,7.209002566792255,0.3415940991232368,72.7651661133859,-0.0026701623015841875,0.2596685082872928,780.0,813.75,843.75
992,39.80294417,-71.50938693,708.0,7.217872866640327,0.3381680365376383,72.7703640044568,0.0016257933239243179,0.23204419889502761,780.0,813.75,843.75
992,39.80294417,-71.50938693,708.0,7.3542480770165115,0.3372521165147292,72.55525273532696,-0.00447578065479808,0.23756906077348067,780.0,813.75,843.75
992,39.80294417,-71.50938693,708.75,7.4167305181956555,0.3403231581850517,73.9174283789884,4.1627100393741815e-05,0.25,780.0,813.75,843.75
992,39.80294417,-71.50938693,708.75,7.329005196692165,0.34262748779074387,75.04103636399552,9.911057491686051e-06,0.26666666666666666,780.0,813.75,843.75
993,39.80290135,-71.50952445,708.75,7.13437006178335,0.3441214443394508,75.47916462123108,-0.0048538933726837786,0.25555555555555554,780.0,813.75,843.75
993,39.80290135,-71.50952445,708.75,7.226284764104911,0.34601348170058865,74.34382938813326,-0.009583985462149986,0.22777777777777777,780.0,813.75,843.75
993,39.80290135,-71.50952445,708.75,7.493983193643211,0.3458771836517138,75.24111946029963,-0.006829411253642313,0.2388888888888889,780.0,813.75,843.75
993,39.80290135,-71.50952445,709.5,7.542724772437692,0.34224599700616387,74.78935299938523,-0.011599974825393237,0.26256983240223464,780.0,813.75,843.75
994,39.80286243,-71.50967347,709.5,7.497982121019061,0.343430298323539,75.01197519952167,-0.012967151390663345,0.27932960893854747,780.0,813.75,843.75
994,39.80286243,-71.50967347,709.5,7.4030438210504705,0.3484568885876862,75.68316746102157,-0.009952702657216,0.2569832402234637,780.0,813.75,843.75
994,39.80286243,-71.50967347,709.5,7.230443127698788,0.3514287051076646,75.67842537839554,-0.007684220432614416,0.24022346368715083,780.0,813.75,843.75
994,39.80286243,-71.50967347,709.5,6.988837826117077,0.35108107629834795,74.99916285764208,0.0012802896198864184,0.22905027932960895,780.0,813.75,843.75
995,39.80282302,-71.50980777,710.25,7.111897516529737,0.35353869581880404,74.5457718249816,-0.00807766014026107,0.23595505617977527,780.0,813.75,843.75
995,39.80282302,-71.50980777,710.25,7.105417526818894,0.35470964435863434,75.66818887871895,-0.0043135065804325995,0.2303370786516854,780.0,813.75,843.75
995,39.80282302,-71.50980777,710.25,7.108795670551276,0.3521571059012847,76.56511608910874,-0.0050947695427781044,0.24157303370786518,780.0,813.75,843.75
995,39.80282302,-71.50980777,710.25,7.025073269142326,0.3517908958318755,75.43595562082461,-0.005724356929690023,0.24719101123595505,780.0,813.75,843.75
996,39.80278587,-71.50994537,710.25,6.790405144266356,0.3495830841853538,75.43374695680475,-0.005203737978085299,0.2696629213483146,780.0,813.75,843.75
996,39.80278587,-71.50994537,710.25,6.495714555019544,0.3495587927794884,75.43260615819047,-0.004482776539710795,0.2696629213483146,780.0,813.75,843.75
996,39.80278587,-71.50994537,710.25,6.389767623380628,0.3491304475525712,75.4325443864935,-0.008034253395725987,0.2640449438202247,780.0,813.75,843.75
996,39.80278587,-71.50994537,710.25,6.525747416105131,0.3478857953918436,75.658241575394,-0.0036918890398334684,0.24719101123595505,780.0,813.75,843.75
997,39.80274657,-71.51008577,710.25,6.563991018838917,0.3426653758626775,75.8836289463684,-0.00789311523650794,0.24719101123595505,780.0,813.75,843.75
997,39.80274657,-71.51008577,710.25,6.449020039413833,0.34313399596494365,76.33360944692059,-0.010437447070740595,0.2247191011235955,780.0,813.75,843.75
997,39.80274657,-71.51008577,711.0,6.4553129903521524,0.34416703671759735,74.98162510250283,-0.004742140975124188,0.22598870056497175,780.0,813.75,843.75
997,39.80274657,-71.51008577,711.0,6.528157093845367,0.34459439182983476,75.20555246317188,-0.007272917110361708,0.23728813559322035,780.0,813.75,843.75
998,39.80271018,-71.51022898,711.0,6.326742838796503,0.3449142288660994,74.07872503221186,-0.00580490766614791,0.2542372881355932,780.0,813.75,843.75
998,39.80271018,-71.51022898,711.0,6.074937607675075,0.3483330095811051,73.85337265819746,-0.006980338418189243,0.2542372881355932,780.0,813.75,843.75
998,39.80271018,-71.51022898,711.0,6.225806856660605,0.35278294379939557,72.95327589558838,-0.005786126832314429,0.24858757062146894,780.0,813.75,843.75
998,39.80271018,-71.51022898,711.75,6.513010186535241,0.3582506846370975,72.95421507910301,-0.00034811367930366057,0.23863636363636365,780.0,813.75,843.75
999,39.80267722,-71.51036988,711.75,6.529331472212587,0.36096700901786216,72.50454715819292,0.004294571038682485,0.25,780.0,813.75,843.75
999,39.80267722,-71.51036988,711.75,6.493812480609971,0.3605222972971115,72.05450713141587,-0.0036995482618317915,0.22727272727272727,780.0,813.75,843.75
999,39.80267722,-71.51036988,711.75,6.688177432156654,0.3577849755862641,72.7296846852543,-0.011490068038081716,0.20454545454545456,780.0,813.75,843.75
999,39.80267722,-71.51036988,711.75,6.368344134674687,0.35421123102444524,73.85467437947476,-0.009364671719156762,0.2159090909090909,780.0,813.75,843.75
1000,39.8026373,-71.51050417,712.5,6.40290850309994,0.3524530208395578,74.52964856206376,-0.001332814444733082,0.21142857142857144,780.0,813.75,843.75
1000,39.8026373,-71.51050417,712.5,6.309043056395216,0.35215106134947266,75.43104877704937,0.004768021698611888,0.2,780.0,813.75,843.75
1000,39.8026373,-71.51050417,712.5,6.133296726777659,0.3514872053174918,75.43220404747578,-0.00206608688675184,0.18857142857142858,780.0,813.75,843.75
1000,39.8026373,-71.51050417,712.5,6.0324658996998615,0.3530444088590041,74.75725409627286,-0.008540384735628856,0.2057142857142857,780.0,813.75,843.75
1001,39.80260448,-71.51064982,713.25,6.346716428029665,0.3502382472093594,73.63158847294922,-0.021626640014614795,0.23563218390804597,780.0,813.75,843.75
1001,39.80260448,-71.51064982,713.25,6.527861072720616,0.346084305748239,74.08184717780274,-0.017433728009709003,0.2413793103448276,780.0,813.75,843.75
1001,39.80260448,-71.51064982,713.25,6.478528453937355,0.3444751605392502,75.20728419148178,-0.012782675115854182,0.23563218390804597,780.0,813.75,843.75
1001,39.80260448,-71.51064982,713.25,6.51589866479603,0.34570400159915754,76.5580621810438,-0.012772401070046398,0.20689655172413793,780.0,813.75,843.75
1001,39.80260448,-71.51064982,713.25,6.5677020974080556,0.34611370656151896,75.6576568605823,-0.012289448508542777,0.25862068965517243,780.0,813.75,843.75
1002,39.80256612,-71.51079008,713.25,6.527183988248075,0.3451846472715186,75.43299782209401,-0.015347411368507343,0.27586206896551724,780.0,813.75,843.75
1002,39.80256612,-71.51079008,713.25,6.367658657708241,0.34454795353333023,75.65839724544415,-0.0158987883813681,0.27586206896551724,780.0,813.75,843.75
1002,39.80256612,-71.51079008,713.25,6.558226769077763,0.34575782687060147,75.65830390585032,-0.0054367911439482525,0.26436781609195403,780.0,813.75,843.75
1002,39.80256612,-71.51079008,713.25,6.650230392402191,0.3428926041438298,74.758024587198,-0.0002114312013938943,0.2413793103448276,780.0,813.75,843.75
1003,39.80252585,-71.51092677,713.25,6.56598065925343,0.3381850109587487,74.30924707399575,-0.006721779364453852,0.2471264367816092,780.0,813.75,843.75
1003,39.80252585,-71.51092677,714.0,6.265833313750916,0.33546232397264636,73.63568497116403,-0.013564972067185007,0.2543352601156069,780.0,813.75,843.75
1003,39.80252585,-71.51092677,714.0,6.398713679612306,0.33467937370196255,74.08764891792002,-0.00045052506484259707,0.24277456647398843,780.0,813.75,843.75
1003,39.80252585,-71.51092677,714.0,6.489416412019992,0.33263192465305946,73.8657407584116,-0.0006004297287496379,0.2023121387283237,780.0,813.75,843.75
1004,39.80249202,-71.51107052,714.0,6.45853107946817,0.3290380264864123,75.6793050901995,-0.0046625940454029305,0.1907514450867052,780.0,813.75,843.75
1004,39.80249202,-71.51107052,714.0,6.360667113586337,0.3251168239695224,73.81166903992258,-0.0019964853095504323,0.23121387283236994,780.0,813.75,843.75
1004,39.80249202,-71.51107052,714.0,6.418421882167787,0.32302647346825986,74.33430823498765,0.01135284282989842,0.27167630057803466,780.0,813.75,843.75
1004,39.80249202,-71.51107052,714.0,6.504328574464082,0.3235656311625868,74.5824547318839,0.011795588481290288,0.2658959537572254,780.0,813.75,843.75
1005,39.80245285,-71.51120758,714.0,6.407059714804274,0.32561267366444385,73.23641611647245,-0.007833234883717474,0.26011560693641617,780.0,813.75,843.75
1005,39.80245285,-71.51120758,714.75,6.598861148372575,0.32958993901443784,74.80498060921838,-0.016784286188165166,0.27906976744186046,780.0,813.75,843.75
1005,39.80245285,-71.51120758,714.75,6.7768558765499085,0.3304326565643835,74.1172380973498,-0.009547604340220436,0.26744186046511625,780.0,813.75,843.75
1005,39.80245285,-71.51120758,714.75,6.867733744245417,0.331269602988761,72.97539125779188,0.0019063189201786463,0.25,780.0,813.75,843.75
1006,39.8024195,-71.51135152,714.75,6.842065064706093,0.33392969310781406,72.68413637572553,-0.004677909119761744,0.22093023255813954,780.0,813.75,843.75
1006,39.8024195,-71.51135152,714.75,6.859661565325517,0.33529601416964144,73.42778636338105,-0.011563891237694787,0.20930232558139536,780.0,813.75,843.75
1006,39.8024195,-71.51135152,714.75,6.784334261850758,0.3366777381541913,75.2188800203003,-0.018319411548627543,0.22093023255813954,780.0,813.75,843.75
1006,39.8024195,-71.51135152,714.75,6.6886042103125,0.339419883360619,74.98651352555802,-0.013926939580978542,0.23255813953488372,780.0,813.75,843.75
1007,39.8023792,-71.51149003,714.75,6.705324057849841,0.3426264220617071,73.40597726861735,-0.006949803111438012,0.22674418604651161,780.0,813.75,843.75
1007,39.8023792,-71.51149003,714.75,6.7401885073776855,0.3447244067420718,74.08512780940127,-0.00048492581996329484,0.23255813953488372,780.0,813.75,843.75
1007,39.8023792,-71.51149003,714.75,6.685432678664678,0.348210098521454,73.64286994057522,0.002633597725787044,0.23837209302325582,780.0,813.75,843.75
1007,39.8023792,-71.51149003,714.75,6.644789081044881,0.34801345853923804,72.52542804528923,0.0020539767108324804,0.20930232558139536,780.0,813.75,843.75
1008,39.80234248,-71.51163028,714.75,6.571199494852604,0.347742038100293,72.09858861274411,-0.0008860797024501869,0.22093023255813954,780.0,813.75,843.75
1008,39.80234248,-71.51163028,714.75,6.595419305248918,0.34430148781694037,73.68847048464913,0.0009206131401082013,0.23255813953488372,780.0,813.75,843.75
1008,39.80234248,-71.51163028,714.75,6.668067996244288,0.33929489533995627,71.09329224841481,-0.0032114092362656933,0.23837209302325582,780.0,813.75,843.75
1008,39.80234248,-71.51163028,714.75,6.708163359636062,0.3336500893534564,70.44141070338749,-0.0034119699528924107,0.26744186046511625,780.0,813.75,843.75
1009,39.80230813,-71.5117707,714.75,6.75195643817029,0.3329278539410768,70.20110877444266,-0.00603476243687806,0.27906976744186046,780.0,813.75,843.75
1009,39.80230813,-71.5117707,714.75,6.778140677315194,0.33515772617767847,71.08629029975981,-0.003283680570153749,0.2558139534883721,780.0,813.75,843.75
1009,39.80230813,-71.5117707,714.75,6.925580312008724,0.3359782437024805,71.0770187307061,0.0011715177546736963,0.22674418604651161,780.0,813.75,843.75
1009,39.80230813,-71.5117707,714.75,7.017238538076907,0.3381355015050812,72.86490367951734,0.002540448503268639,0.20930232558139536,780.0,813.75,843.75
1010,39.80226782,-71.51190408,714.75,6.936992944745183,0.3361296009035586,72.19995579122782,-0.0012796582458358826,0.21511627906976744,780.0,813.75,843.75
1010,39.80226782,-71.51190408,714.75,6.834028435488424,0.33396681555290875,73.19180141360896,-0.00030067492039714686,0.19186046511627908,780.0,813.75,843.75
1010,39.80226782,-71.51190408,714.75,6.837579798918947,0.3328592964268878,71.8359033066458,-0.0017075735264197565,0.19767441860465115,780.0,813.75,843.75
1010,39.80226782,-71.51190408,714.75,6.763794205525528,0.3330518764394753,71.6088772587907,-0.013312915895175486,0.22674418604651161,780.0,813.75,843.75
1011,39.80222968,-71.5120444,714.75,6.587422612171205,0.33490972572977606,71.38342083615916,-0.022324923377369955,0.2616279069767442,780.0,813.75,843.75
1011,39.80222968,-71.5120444,714.75,6.787769477408163,0.3382054842578452,71.60804833528928,-0.01262441454831086,0.2616279069767442,780.0,813.75,843.75
1011,39.80222968,-71.5120444,714.75,7.1111143687645075,0.34553098868678256,71.60373508198866,-0.0019356522407821385,0.27906976744186046,780.0,813.75,843.75
1011,39.80222968,-71.5120444,714.75,7.235561679404759,0.3514912493353711,72.60991838809011,-0.005300377446384409,0.29069767441860467,780.0,813.75,843.75
1012,39.8021856,-71.51217948,714.75,7.21328200295676,0.35298951028861036,73.49966048426175,0.001896442806767423,0.2616279069767442,780.0,813.75,843.75
1012,39.8021856,-71.51217948,714.75,7.2358428004901745,0.35386977301606803,72.06450610309801,0.005544200201024797,0.2441860465116279,780.0,813.75,843.75
1012,39.8021856,-71.51217948,714.75,7.220041026108421,0.35659076757402164,72.93335027131732,0.004203757913621058,0.23255813953488372,780.0,813.75,843.75
1012,39.8021856,-71.51217948,714.75,7.2202241904342035,0.3591211242133632,72.03476836306326,0.0027027717619146747,0.23837209302325582,780.0,813.75,843.75
1013,39.80213323,-71.51230268,714.75,7.296647233452524,0.36002983674156863,72.48476108788736,-0.007020593820370981,0.23255813953488372,780.0,813.75,843.75
1013,39.80213323,-71.51230268,714.75,7.4070166077694255,0.35842684614208076,72.48435841550445,-0.010290996371244771,0.22093023255813954,780.0,813.75,843.75
1013,39.80213323,-71.51230268,714.75,7.39330634246801,0.35676888543998064,73.3894783449814,-0.010901687224883742,0.23255813953488372,780.0,813.75,843.75
1013,39.80213323,-71.51230268,714.75,7.3724612262565135,0.35784952490032734,72.94393862226487,-0.004824072280155605,0.20930232558139536,780.0,813.75,843.75
1014,39.80208595,-71.51243595,714.75,7.3884632509287265,0.3615416990970862,73.16858678283444,-0.007268286578716407,0.22674418604651161,780.0,813.75,843.75
1014,39.80208595,-71.51243595,714.75,7.394726532042047,0.3663526241004281,72.94067600532355,-0.010436800511416777,0.2441860465116279,780.0,813.75,843.75
1014,39.80208595,-71.51243595,714.75,7.299334482586466,0.3695826334660087,72.04050277111894,-0.007171486644658722,0.23255813953488372,780.0,813.75,843.75
1014,39.80208595,-71.51243595,714.75,7.268758611115768,0.3717474142680694,72.49377762447503,-0.00824994297817735,0.22093023255813954,780.0,813.75,843.75
1015,39.80203382,-71.51256203,714.75,7.264370992821741,0.37521864676786193,72.94586880639918,-0.009802956501581597,0.21511627906976744,780.0,813.75,843.75
1015,39.80203382,-71.51256203,714.75,7.268724866025379,0.37987267028206106,71.81949425839274,-0.009514224121727453,0.23837209302325582,780.0,813.75,843.75
1015,39.80203382,-71.51256203,714.75,7.271661211362595,0.38131666506014433,71.59348633337059,-0.013910328830312645,0.23255813953488372,780.0,813.75,843.75
1015,39.80203382,-71.51256203,714.75,7.423572383601644,0.3792209763992517,72.26910852210821,-0.012620776001178726,0.2441860465116279,780.0,813.75,843.75
1016,39.80198158,-71.51269212,714.75,7.518479021860086,0.3798221994157878,72.49437432247342,-0.012561823250378147,0.2441860465116279,780.0,813.75,843.75
1016,39.80198158,-71.51269212,714.75,7.567363209846415,0.38211074337632683,72.71960895045721,-0.010116588526208859,0.25,780.0,813.75,843.75
1016,39.80198158,-71.51269212,714.75,7.78482184761848,0.3816614513287871,70.91965221791682,-0.010879881544568279,0.2558139534883721,780.0,813.75,843.75
1016,39.80198158,-71.51269212,714.75,7.986741578237714,0.3782345581353288,71.37244951743851,-0.014156121792794933,0.26136363636363635,780.0,816.75,846.75
1017,39.801937,-71.51283077,714.75,7.942539830417868,0.37645608162721556,72.04989771800426,-0.01360850341108862,0.2727272727272727,780.0,816.75,846.75
1017,39.801937,-71.51283077,714.75,7.71618569591572,0.37566403205157173,70.92544602266923,0.00527336767306983,0.2556818181818182,780.0,816.75,846.75
1017,39.801937,-71.51283077,714.75,7.547959115619216,0.37321231187416887,71.82743011257915,0.0018942129490877354,0.25365853658536586,786.0,816.75,868.4999999999999
1017,39.801937,-71.51283077,714.75,7.452191448868973,0.37096454762424924,69.12616285356684,0.00016944862699914788,0.24878048780487805,786.75,816.75,868.4999999999999
1018,39.80189157,-71.51296077,714.75,7.348204666310172,0.36838313857732136,68.9008563838494,0.00992928924582733,0.23902439024390243,786.75,838.5000000000001,868.4999999999999
1018,39.80189157,-71.51296077,714.75,7.245975057788213,0.36796134150253673,70.70146799449522,0.006148758032354084,0.23444976076555024,786.75,838.5000000000001,871.4999999999999
1018,39.80189157,-71.51296077,714.75,7.068444354758353,0.36654345847698433,70.4755655812981,-0.009276112956734606,0.22488038277511962,789.0,838.5000000000001,871.4999999999999
1018,39.80189157,-71.51296077,714.0,6.946736595203692,0.36680357306138334,70.02497400567127,-0.008959992709795783,0.2383177570093458,789.0,843.0000000000001,874.5
1019,39.80184545,-71.51310448,714.0,6.841839704604791,0.36773010377128396,71.15117222158032,-0.006871025956272897,0.2523364485981308,789.0,843.0000000000001,874.5
1019,39.80184545,-71.51310448,714.0,6.787252995412796,0.3691913660909415,71.15186695806258,-0.0013274198293068552,0.24766355140186916,789.0,843.0000000000001,874.5
1019,39.80184545,-71.51310448,714.0,6.802065280230453,0.3678845633664783,70.9272633701047,-0.00098273273711686,0.2570093457943925,789.0,843.0000000000001,874.5
1019,39.80184545,-71.51310448,714.0,6.781290853811501,0.3671689575669745,71.1526438000098,-0.005069383508548626,0.2757009345794392,789.0,843.0000000000001,874.5
1020,39.8018037,-71.51323857,714.0,6.614949608592648,0.3652142112838684,70.92762858176714,-0.003982091314718843,0.2897196261682243,789.0,843.0000000000001,874.5
1020,39.8018037,-71.51323857,714.0,6.378042126163095,0.36286508021359426,71.60377253699582,0.007555863643103617,0.24766355140186916,789.0,843.0000000000001,874.5
1020,39.8018037,-71.51323857,714.0,6.239928701202428,0.3607342263476008,72.27990238651195,-0.008075615103594417,0.2523364485981308,789.0,843.0000000000001,874.5
1020,39.8018037,-71.51323857,714.0,6.254366830938938,0.36008340260719274,71.60447548569321,-0.007001795202989143,0.21495327102803738,789.0,843.0000000000001,874.5
1021,39.80176298,-71.51338103,714.0,6.217066921529072,0.35991548655010536,71.3791063878659,-0.004670452143953054,0.19626168224299065,789.0,843.0000000000001,874.5
1021,39.80176298,-71.51338103,714.0,6.279436936811419,0.36283233140143334,71.60428624364525,0.005980918757063111,0.205607476635514,789.0,843.0000000000001,874.5
1021,39.80176298,-71.51338103,714.0,6.5362203509679295,0.3618105305675783,70.92943752382075,-0.009021499985757459,0.2102803738317757,789.0,843.0000000000001,874.5
1021,39.80176298,-71.51338103,714.0,6.662828070513576,0.3581235614656737,69.80442176987313,-0.013762417590340513,0.22429906542056074,789.0,843.0000000000001,874.5
1022,39.80171805,-71.51351992,714.0,6.791651296064103,0.3557891089469705,69.35399382512018,-0.0027623183518350265,0.22429906542056074,789.0,843.0000000000001,874.5
1022,39.80171805,-71.51351992,714.0,6.872756319836254,0.35707598882009134,69.57846894013807,0.002757460801513133,0.205607476635514,789.0,843.0000000000001,874.5
1022,39.80171805,-71.51351992,714.0,6.98950550294965,0.35664087263430516,70.0282569942753,-0.00933858521637932,0.21962616822429906,789.0,843.0000000000001,874.5
1022,39.80171805,-71.51351992,714.0,7.138313150347055,0.35384760682431904,70.92863873995987,-0.0067430841158192265,0.22897196261682243,789.0,843.0000000000001,874.5
1023,39.80167115,-71.513652,714.0,7.1987401696250375,0.35079679182394924,69.80204935524526,0.008901294015464118,0.22897196261682243,789.0,843.0000000000001,874.5
1023,39.80167115,-71.513652,714.0,7.185937678515564,0.35052651824433767,69.57560405639853,0.015578680698520449,0.19626168224299065,789.0,843.0000000000001,874.5
1023,39.80167115,-71.513652,714.0,7.250929571029436,0.3524965878983979,70.02468036681397,0.0029796844421113343,0.21962616822429906,789.0,843.0000000000001,874.5
1023,39.80167115,-71.513652,714.0,7.387094343413909,0.3533452659587682,70.69945975294773,0.0013810625962864113,0.21495327102803738,789.0,843.0000000000001,874.5
1023,39.80167115,-71.513652,714.0,7.412193576429974,0.35524469620423943,70.47413565509677,0.003700907513317895,0.20704845814977973,789.0,843.0000000000001,884.25
1024,39.80162342,-71.5137893,714.0,7.43132339850029,0.35687409673193987,71.60041132244741,0.002293690324083604,0.19383259911894274,789.0,843.0000000000001,884.25
1024,39.80162342,-71.5137893,714.0,7.45075756987376,0.3554252633747538,70.70044143936016,0.0014128534064630626,0.19823788546255505,789.0,843.0000000000001,884.25
1024,39.80162342,-71.5137893,714.0,7.516590798702533,0.3566283993746424,70.25066298920343,0.0006366790070099207,0.20704845814977973,789.0,843.0000000000001,884.25
1024,39.80162342,-71.5137893,714.0,7.494318971465485,0.35928943458926577,70.02584243306276,0.0006979731383422645,0.20704845814977973,789.0,843.0000000000001,884.25
1025,39.80157922,-71.51393045,714.0,7.378458612165945,0.3628177998684806,70.92702034110121,-0.0005355169057885825,0.19823788546255505,789.0,843.0000000000001,884.25
1025,39.80157922,-71.51393045,714.0,7.250789351383836,0.36564126059671065,71.82846636592193,0.001506745412277965,0.19823788546255505,789.0,843.0000000000001,884.25
1025,39.80157922,-71.51393045,714.0,7.155799892306428,0.36623902207708614,70.92857350008045,0.00030906924399147354,0.19823788546255505,789.0,843.0000000000001,884.25
1025,39.80157922,-71.51393045,714.0,7.080708892306669,0.36394854459769765,71.60462651336533,0.003947475693662561,0.22466960352422907,789.0,843.0000000000001,884.25
1026,39.80153505,-71.51406793,714.0,7.108871733901058,0.3641652173877074,70.92928236161407,0.007012400891638256,0.22466960352422907,789.0,843.0000000000001,884.25
1026,39.80153505,-71.51406793,714.0,7.092323697902561,0.36793390812526766,71.37966655684914,0.0011695017088578096,0.21585903083700442,789.0,843.0000000000001,884.25
1026,39.80153505,-71.51406793,714.0,7.002878889963069,0.37144660944843527,72.28059501294544,-0.004873295753740762,0.23348017621145375,789.0,843.0000000000001,884.25
1026,39.80153505,-71.51406793,714.0,6.812687215899408,0.37189546760855646,72.73149455607096,0.0010546959666171123,0.22026431718061673,789.0,843.0000000000001,884.25
1027,39.80149003,-71.51420452,714.0,6.739716070440636,0.3693899602100301,71.83137904283839,0.0015859121124406131,0.2026431718061674,789.0,843.0000000000001,884.25
1027,39.80149003,-71.51420452,714.0,6.713404991178748,0.36359634765634036,72.28224523005889,0.003248948140945792,0.2026431718061674,789.0,843.0000000000001,884.25
1027,39.80149003,-71.51420452,714.0,6.7470507953568415,0.3615728783088346,73.18334925290597,-0.002087480813546991,0.21145374449339208,789.0,843.0000000000001,884.25
1027,39.80149003,-71.51420452,714.0,6.624604850351025,0.361365813931509,72.05771787675286,-0.01113341279688139,0.21585903083700442,789.75,843.0000000000001,884.25
1028,39.80144928,-71.51434917,714.0,6.4211913694065315,0.36341354504647244,72.2829678398146,-0.01013332308730279,0.22466960352422907,789.75,843.0000000000001,884.25
1028,39.80144928,-71.51434917,714.0,6.341263788711445,0.36741051736597546,72.7333640083833,-0.005333173094477197,0.21145374449339208,789.75,843.75,884.25
1028,39.80144928,-71.51434917,714.0,6.325741107724915,0.36976433237401446,72.50871795184861,-0.006724050304104933,0.2026431718061674,789.75,843.75,884.25
1028,39.80144928,-71.51434917,714.0,6.136961068294251,0.3727443012971626,72.05943217730905,-0.005726878751230984,0.21585903083700442,789.75,843.75,884.25
1029,39.80141035,-71.51448368,714.0,5.99072758087346,0.3770257313409067,72.73602899157997,-0.00610795341987147,0.22026431718061673,789.75,843.75,884.25
1029,39.80141035,-71.51448368,714.0,5.969284213017545,0.3796489891369238,72.51164882853527,-0.005991460489350004,0.21585903083700442,789.75,843.75,884.25
1029,39.80141035,-71.51448368,714.0,5.982528810040053,0.38198057056574597,73.8633226193555,0.003026649542279604,0.21585903083700442,789.75,843.75,884.25
1029,39.80141035,-71.51448368,714.0,5.908548213277682,0.38139123652554746,73.86390920369854,-0.0014792554073557766,0.21145374449339208,789.75,843.75,884.25
1030,39.80136895,-71.51462593,714.0,5.688472640243051,0.3781746444496036,72.51326356834035,-0.009284705090165749,0.2026431718061674,789.75,843.75,884.25
1030,39.80136895,-71.51462593,714.0,5.692840567175833,0.3729022589937191,72.96369743597411,-0.010375239744127249,0.20704845814977973,789.75,843.75,884.25
1030,39.80136895,-71.51462593,714.0,5.670409724238095,0.36889723443519373,73.41410180782754,-0.009541522733718655,0.20704845814977973,789.75,843.75,884.25
1030,39.80136895,-71.51462593,714.0,5.859947783474208,0.3667026488624204,73.18923996163173,-0.010005522138518451,0.21145374449339208,789.75,843.75,884.25
1031,39.80133177,-71.51476918,714.0,6.073347538773933,0.36734073887697294,74.0906149074661,-0.010226992638581428,0.19823788546255505,789.75,843.75,884.25
1031,39.80133177,-71.51476918,714.0,6.1029984832650825,0.36583158909533636,73.4159765375529,-0.009525631385812016,0.2026431718061674,789.75,843.75,884.25
1031,39.80133177,-71.51476918,713.25,5.937998301036525,0.3646176400314494,74.99333483069108,-0.008843313236908446,0.22807017543859648,789.75,843.75,884.25
1031,39.80133177,-71.51476918,713.25,5.729741304231798,0.3633945136441693,74.76938406579677,-0.008915360555952233,0.2149122807017544,789.75,843.75,884.25
1032,39.80128997,-71.51490428,713.25,5.810879445738254,0.3622844781023016,73.86957748755405,-0.0057105861023279015,0.20614035087719298,789.75,843.75,884.25
1032,39.80128997,-71.51490428,713.25,5.989182102668285,0.36181551192982636,73.87004458792136,-0.011541351310134973,0.2149122807017544,789.75,843.75,884.25
1032,39.80128997,-71.51490428,713.25,6.152840806497118,0.36444227845247584,73.87034408227326,-0.015198153993256077,0.2324561403508772,789.75,843.75,884.25
1032,39.80128997,-71.51490428,713.25,6.159280629801219,0.36844967820410873,74.99681938202907,-0.00873058089787087,0.22807017543859648,789.75,843.75,884.25
1033,39.80124827,-71.51503967,713.25,6.190096805785056,0.3722083823090506,73.42131571008927,-0.0021064292819952895,0.25,789.75,843.75,884.25
1033,39.80124827,-71.51503967,713.25,6.245560808820135,0.37382246081893283,74.99748265749685,0.0001443658302121632,0.23684210526315788,789.75,843.75,884.25
1033,39.80124827,-71.51503967,713.25,6.196112764708062,0.3719945342172001,73.1951734731199,-0.009694327622684547,0.22807017543859648,789.75,843.75,884.25
1033,39.80124827,-71.51503967,713.25,6.034293102056817,0.3711439909100423,73.86979453964129,-0.007093471572349172,0.24561403508771928,789.75,843.75,884.25
1034,39.80120052,-71.51517797,713.25,5.939479908299535,0.36922514538538886,74.5449441039202,-0.008859522667278052,0.22807017543859648,789.75,843.75,884.25
1034,39.80120052,-71.51517797,713.25,5.907683430694615,0.36601509887840855,73.869283504818,-0.01552508982154307,0.2236842105263158,789.75,843.75,884.25
1034,39.80120052,-71.51517797,713.25,5.8523082808376525,0.36394517412963323,72.96821348096196,-0.011243208392138855,0.21052631578947367,789.75,843.75,884.25
1034,39.80120052,-71.51517797,713.25,5.6647398310911905,0.36267351441010787,72.7427351147832,-0.007219008341227675,0.20175438596491227,789.75,843.75,884.25
1034,39.80120052,-71.51517797,712.5,5.652907179319469,0.36275326339384356,71.6171148259478,-0.011006363998050309,0.2096069868995633,789.75,843.75,884.25
1035,39.80115333,-71.5153144,712.5,5.922683104020469,0.3636392080925634,71.39265882568574,-0.010714205871260377,0.2183406113537118,789.75,843.75,884.25
1035,39.80115333,-71.5153144,712.5,6.138206083881472,0.3630691093153038,71.84389599395575,-0.014630857220802835,0.2183406113537118,789.75,843.75,884.25
1035,39.80115333,-71.5153144,712.5,6.103769993416326,0.3619777354267875,72.29531620502011,-0.007225774404761138,0.2096069868995633,789.75,843.75,884.25
1035,39.80115333,-71.5153144,712.5,6.173210921625598,0.3606739871143436,72.29667998305199,-0.007965081346332309,0.2096069868995633,789.75,843.75,884.25
1036,39.80110498,-71.51544815,712.5,6.347575640111159,0.36266899237369987,71.8473838187835,-0.008341957622896972,0.2096069868995633,789.75,843.75,884.25
1036,39.80110498,-71.51544815,712.5,6.5151302602789585,0.35973598030456067,71.6220277989808,-0.006327030195317574,0.22707423580786026,789.75,843.75,884.25
1036,39.80110498,-71.51544815,712.5,6.674754610954482,0.3584772329648372,70.9453051077463,0.007932597051994195,0.22270742358078602,789.75,843.75,884.25
1036,39.80110498,-71.51544815,712.5,6.639010494540827,0.35989697334951337,72.0696759199441,0.004477127908180019,0.22270742358078602,789.75,843.75,884.25
1037,39.80106012,-71.5155866,712.5,6.508785293128592,0.36286845204246393,70.71738269191479,0.00035927426581835125,0.22707423580786026,789.75,843.75,884.25
1037,39.80106012,-71.5155866,712.5,6.438870432938201,0.36665558065178105,71.1665709776835,0.001764017254157328,0.23580786026200873,789.75,843.75,884.25
1037,39.80106012,-71.5155866,712.5,6.465581103795422,0.36866727614370487,71.16555958046588,0.0078318170660888,0.2445414847161572,789.75,843.75,884.25
1037,39.80106012,-71.5155866,712.5,6.322705617207906,0.3655781512756485,70.7146461011259,0.011773399863188934,0.22707423580786026,789.75,843.75,884.25
1038,39.80102202,-71.51572955,712.5,6.146286469079615,0.36346567673737146,71.16499967222363,0.004555963423275467,0.23580786026200873,789.75,843.75,884.25
1038,39.80102202,-71.51572955,712.5,6.0882197353326095,0.36341965088615114,71.3901369495383,-0.010669938068078878,0.22707423580786026,789.75,843.75,884.25
1038,39.80102202,-71.51572955,712.5,6.058923164692546,0.36237599059336456,72.74045495523072,-0.007207518484630834,0.24017467248908297,789.75,843.75,884.25
1038,39.80102202,-71.51572955,711.75,6.106790322542195,0.3619009798868006,72.0629157589308,-0.017263843144681996,0.2217391304347826,789.75,843.75,884.25
1039,39.8009784,-71.51586565,711.75,6.130691874356484,0.360178698648708,71.15951287986726,-0.009780344555117613,0.24347826086956523,789.75,843.75,884.25
1039,39.8009784,-71.51586565,711.75,6.063547399704919,0.3581957790264972,72.50865129623489,-0.002571834143794263,0.2565217391304348,789.75,843.75,884.25
1039,39.8009784,-71.51586565,711.75,5.9014796536947784,0.3593789035368575,72.05711163905366,0.014293237156336106,0.2608695652173913,789.75,843.75,884.25
1039,39.8009784,-71.51586565,711.75,5.945235234779179,0.35797910671882727,72.27930938481029,0.0052121527474023235,0.2565217391304348,789.75,843.75,884.25
1040,39.80093198,-71.51600897,711.75,6.189962586665067,0.35586460795923747,71.37370158693567,-0.01367041897085929,0.2391304347826087,789.75,843.75,884.25
1040,39.80093198,-71.51600897,711.75,6.340280731370971,0.3544001125013739,72.49714088545859,-0.013102053423011363,0.22608695652173913,789.75,843.75,884.25
1040,39.80093198,-71.51600897,711.75,6.362988227385704,0.3513564536216965,71.82414235322746,-0.004951968267268353,0.23478260869565218,789.75,843.75,884.25
1040,39.80093198,-71.51600897,711.75,6.340125000802846,0.3521857140587019,72.05329048161984,-0.006622963635994061,0.23043478260869565,789.75,843.75,884.25
1041,39.80088543,-71.51614558,711.75,6.189480194829657,0.3533537128307017,71.15555756505744,-0.005969440959218931,0.23478260869565218,789.75,843.75,884.25
1041,39.80088543,-71.51614558,711.75,6.065849653898489,0.35606451495168884,71.15723093402158,-0.007165445279371903,0.23043478260869565,789.75,843.75,884.25
1041,39.80088543,-71.51614558,711.75,5.962978681381285,0.3570256718010424,70.70587884440266,0.010173667960456805,0.23043478260869565,789.75,843.75,884.25
1041,39.80088543,-71.51614558,711.75,5.8997378219986105,0.3547312259520483,71.60480152549712,0.007008753183689671,0.24347826086956523,789.75,843.75,884.25
1042,39.80084317,-71.51628492,711.0,5.8473686544737955,0.3488436516883578,71.83025107878515,0.00577763434875816,0.22510822510822512,789.75,843.75,884.25
1042,39.80084317,-71.51628492,711.0,5.750730027762959,0.34525654113668786,71.61123351335713,0.013349658886823537,0.22943722943722944,789.75,843.75,884.25
1042,39.80084317,-71.51628492,711.0,5.6765769491169635,0.3475537474844411,72.07891155900708,0.011432684290718292,0.22510822510822512,789.75,843.75,884.25
1042,39.80084317,-71.51628492,711.0,5.659607993589648,0.3501771117895289,70.97906508286071,0.0032841936377200356,0.22510822510822512,789.75,843.75,884.25
1043,39.80080057,-71.51642303,711.0,5.737943413257914,0.3523875098446847,72.57312426030187,-0.015599101664769806,0.21212121212121213,789.75,843.75,884.25
1043,39.80080057,-71.51642303,711.0,5.913778032603159,0.3533625354406647,72.12474593415925,-0.005869384941449926,0.20346320346320346,789.75,843.75,884.25
1043,39.80080057,-71.51642303,711.0,6.018686533106839,0.3534656751710391,70.99335032847236,-0.007228434015185643,0.22077922077922077,789.75,843.75,884.25
1043,39.80080057,-71.51642303,711.0,6.164119973792912,0.3535713833479653,71.21333413619654,-0.014721961028393519,0.22510822510822512,789.75,843.75,884.25
1043,39.80080057,-71.51642303,711.0,6.202529572750243,0.3533728613603604,71.88604618502328,-0.003705773659573172,0.21645021645021645,789.75,843.75,884.25
1044,39.80076013,-71.51656468,711.0,6.152817810978375,0.35175187537145847,71.20846585472097,-0.003203685528433475,0.22943722943722944,789.75,843.75,884.25
1044,39.80076013,-71.51656468,711.0,6.051296616608054,0.35240019185383636,70.52750799870685,0.0014454376870255083,0.2077922077922078,789.75,843.75,884.25
1044,39.80076013,-71.51656468,711.0,6.1226307723472555,0.3543043709963295,70.73584793645998,0.0023454928972794537,0.20346320346320346,789.75,843.75,884.25
1044,39.80076013,-71.51656468,711.0,6.274060314252658,0.35736792551452645,70.48898992887545,0.0035059904261128204,0.21212121212121213,789.75,843.75,884.25
1045,39.80071862,-71.51670012,711.0,6.242714149779823,0.3610017533036963,70.69868953285648,0.006543025236036231,0.23809523809523808,789.75,843.75,884.25
1045,39.80071862,-71.51670012,711.0,6.195743758715582,0.3659254239786691,71.5892184959915,0.010318848606389314,0.24242424242424243,789.75,843.75,884.25
1045,39.80071862,-71.51670012,711.0,6.404379173717949,0.3658868595025915,71.35740958402387,0.00810474545821486,0.2510822510822511,789.75,843.75,884.25
1045,39.80071862,-71.51670012,711.0,6.520675681168845,0.36296256412733796,70.67937340865922,0.007617275498662126,0.24242424242424243,789.75,843.75,884.25
1046,39.80067475,-71.51684038,711.0,6.661634879503343,0.3604952010195149,69.7776784299151,-0.005050928414539382,0.24675324675324675,789.75,843.75,884.25
1046,39.80067475,-71.51684038,710.25,6.627707983058483,0.35839745048949084,69.55048835817108,-0.0029352470306196416,0.23275862068965517,789.75,843.75,884.25
1046,39.80067475,-71.51684038,710.25,6.586009251276373,0.35843996805347583,70.6728013958681,0.004127848443341619,0.25862068965517243,789.75,843.75,884.25
1046,39.80067475,-71.51684038,710.25,6.577594701321974,0.3598848828351807,70.89462779294445,0.009875680996415876,0.24568965517241378,789.75,843.75,884.25
1047,39.80063655,-71.51698468,710.25,6.616488684301449,0.3603497324346904,71.79539089930088,-0.0011897042306220538,0.25,789.75,843.75,884.25
1047,39.80063655,-71.51698468,710.25,6.629645392096443,0.36007351690634865,70.8988936456086,0.00022322887540864207,0.23706896551724138,789.75,843.75,884.25
1047,39.80063655,-71.51698468,710.25,6.533701183938784,0.35910291939873595,71.57815663146515,0.0023361855723050273,0.2413793103448276,789.75,843.75,884.25
1047,39.80063655,-71.51698468,710.25,6.564249358919801,0.3572009405707722,73.380191088743,-0.004975632628099231,0.23706896551724138,789.75,843.75,884.25
1048,39.8005938,-71.5171203,710.25,6.6458767686939275,0.35181598784007645,71.57727452799074,-0.005483060002525205,0.25,789.75,843.75,884.25
1048,39.8005938,-71.5171203,710.25,6.614096297124813,0.3468388893008173,70.8994666880697,0.0072313501823105955,0.25,789.75,843.75,884.25
1048,39.8005938,-71.5171203,710.25,6.657090871547642,0.3441514886295805,72.24818001439142,0.013695743094899616,0.2629310344827586,789.75,843.75,884.25
1048,39.8005938,-71.5171203,710.25,6.585955720317754,0.34345583128932317,72.02035195173346,0.014165731859149558,0.2543103448275862,789.75,843.75,884.25
1049,39.80055277,-71.51725782,710.25,6.4690755198882774,0.3453421744059084,72.01762518717221,0.01167825642536379,0.2413793103448276,789.75,843.75,884.25
1049,39.80055277,-71.51725782,710.25,6.505209221802779,0.3458700059891178,72.01468917291174,0.01747016796730553,0.25,789.75,843.75,884.25
1049,39.80055277,-71.51725782,710.25,6.7782995422578605,0.34613676533385446,71.78784809466039,0.017993428927399788,0.24568965517241378,789.75,843.75,884.25
1049,39.80055277,-71.51725782,710.25,7.018943574071386,0.3502387987732315,71.33785918150791,-0.000320837467798448,0.24568965517241378,789.75,843.75,884.25
1050,39.80050982,-71.51740005,710.25,7.252046393868069,0.35382699611308704,71.1129873895025,-0.003358585736086856,0.24568965517241378,789.75,843.75,884.25
1050,39.80050982,-71.51740005,710.25,7.330830260504186,0.35544166030273416,71.78653205663397,0.004929149251091473,0.27155172413793105,789.75,843.75,884.25
1050,39.80050982,-71.51740005,710.25,7.247656066035118,0.35619579205326446,72.0080716821317,0.009619732488952615,0.25,789.75,843.75,884.25
1050,39.80050982,-71.51740005,710.25,7.312820380881122,0.3569083315122543,71.55497131425349,0.001936597166791535,0.25,789.75,843.75,884.25
1051,39.80047422,-71.51754155,710.25,7.544939333405875,0.35690530468688564,72.22744385257299,-0.006749576026080943,0.25862068965517243,789.75,843.75,884.25
1051,39.80047422,-71.51754155,710.25,7.614391052513165,0.35666862967013735,71.32466184510997,0.005419696610529976,0.25,789.75,843.75,884.25
1051,39.80047422,-71.51754155,710.25,7.558322839851787,0.35789676365485623,71.77242695757593,0.00911185105300958,0.23275862068965517,789.75,843.75,884.25
1051,39.80047422,-71.51754155,710.25,7.435259906409464,0.35905005045070476,72.21651172520976,0.004774149644145911,0.2543103448275862,789.75,843.75,884.25
1052,39.80043297,-71.51767513,710.25,7.43894915859798,0.3576870710739548,70.63001674004899,9.249724883401926e-05,0.25,789.75,843.75,884.25
1052,39.80043297,-71.51767513,710.25,7.434974660432797,0.35411811947032357,69.72351915527,-0.0017639769740532408,0.27586206896551724,789.75,843.75,884.25
1052,39.80043297,-71.51767513,710.25,7.35343247234646,0.3494837129173572,70.402255816194,0.014888556777194603,0.25862068965517243,789.75,843.75,884.25
1052,39.80043297,-71.51767513,710.25,7.26610045418314,0.3461280882144291,70.62575090578648,0.0008298995978597084,0.24568965517241378,789.75,843.75,884.25
1053,39.80039173,-71.51781895,710.25,7.298396873987039,0.34755759328311575,71.0630459413829,-0.003439328418558327,0.21120689655172414,789.75,843.75,884.25
1053,39.80039173,-71.51781895,710.25,7.4256550313257295,0.35011113382836545,71.03963229641673,0.003647872393738868,0.20689655172413793,789.75,843.0000000000001,884.25
1053,39.80039173,-71.51781895,710.25,7.571999690689835,0.3466775724209586,72.37284949249852,-0.0004938645454040852,0.20689655172413793,789.75,843.0000000000001,884.25
1053,39.80039173,-71.51781895,710.25,7.673727236218748,0.3437570902083238,71.71081855959294,-0.0001995728640652761,0.211864406779661,789.75,843.0000000000001,887.25
1054,39.80035307,-71.5179576,710.25,7.783845442266397,0.34357159360818657,70.37943581145474,-0.00448149865524084,0.21610169491525424,789.75,843.0000000000001,887.25
1054,39.80035307,-71.5179576,710.25,7.925708986887289,0.34389995610701674,71.28421046395836,0.001983161203882274,0.21610169491525424,789.75,843.0000000000001,887.25
1054,39.80035307,-71.5179576,710.25,8.07462130314558,0.34361240496080525,70.82546613750206,0.004569792129134104,0.22033898305084745,789.75,843.0000000000001,887.25
1054,39.80035307,-71.5179576,710.25,8.156055906388243,0.34485630368073833,71.70506025092494,0.0015013161517284201,0.2245762711864407,789.75,843.0000000000001,887.25
1055,39.80031153,-71.51809588,710.25,8.233606562186461,0.3461521843710122,73.91973189201177,0.0002236309967233379,0.23275862068965517,789.75,843.0000000000001,884.25
1055,39.80031153,-71.51809588,710.25,8.187414492588623,0.34552684826698277,73.66166175023425,0.010402401025042427,0.21120689655172414,789.75,843.0000000000001,884.25
1055,39.80031153,-71.51809588,710.25,8.0560048021645,0.3435345449937184,74.54954814413112,0.005429779676663803,0.22844827586206898,789.75,843.0000000000001,884.25
1055,39.80031153,-71.51809588,710.25,8.038027611675853,0.3441879659868289,73.19764798992085,-0.008187876668225383,0.2330508474576271,789.75,843.0000000000001,887.25
1056,39.80027138,-71.51823068,710.25,7.9578814964628215,0.346221901415924,71.39358692589947,-0.003999664544715377,0.2330508474576271,789.75,843.0000000000001,887.25
1056,39.80027138,-71.51823068,710.25,7.821343233012237,0.3470545248308147,72.51673544920143,0.011299307917031879,0.2288135593220339,789.75,843.0000000000001,887.25
1056,39.80027138,-71.51823068,710.25,7.765096299685527,0.34528452729903486,71.39894377754524,0.012783086497258159,0.2330508474576271,789.75,843.0000000000001,887.25
1056,39.80027138,-71.51823068,710.25,7.702872281882023,0.34292453829338887,71.6429835800499,-0.009672007571025836,0.23728813559322035,789.75,843.0000000000001,887.25
1057,39.8002206,-71.51836485,709.5,7.503269083812902,0.3426406632001366,72.32729183120829,-0.004912026861638801,0.24180327868852458,789.75,843.0000000000001,892.5
1057,39.8002206,-71.51836485,709.5,7.339097643598291,0.3425488625096572,71.63894806775915,0.009864896092194275,0.24180327868852458,789.75,843.0000000000001,892.5
1057,39.8002206,-71.51836485,709.5,7.210163295206986,0.3445965254072309,73.19171150191401,0.012420588436167028,0.25,789.75,843.0000000000001,892.5
1057,39.8002206,-71.51836485,709.5,7.099500953853197,0.35016316676975096,72.94994572614881,-0.0008436249044962832,0.25,789.75,843.0000000000001,892.5
1057,39.8002206,-71.51836485,709.5,7.074065677739972,0.3540050779185933,73.84430112844272,-0.0032677372992128704,0.2459016393442623,789.75,843.0000000000001,892.5
1058,39.80017442,-71.51849923,709.5,7.097911553227447,0.35525479476369404,72.93951261508619,-0.0011766575032738573,0.24180327868852458,789.75,843.0000000000001,892.5
1058,39.80017442,-71.51849923,709.5,7.100636283113231,0.35893901639125664,71.80664061145438,-0.0033133538180049413,0.23770491803278687,789.75,843.0000000000001,892.5
1058,39.80017442,-71.51849923,709.5,7.109664278388209,0.3634281885985845,71.57291953408547,-0.005717692554616672,0.22131147540983606,789.75,843.0000000000001,892.5
1058,39.80017442,-71.51849923,709.5,7.167247452174559,0.3636635533475639,71.79424194318935,-0.0068812060967571006,0.22540983606557377,789.75,843.0000000000001,892.5
1059,39.80012855,-71.51863405,709.5,7.238719420237228,0.36114686610015634,71.12203027628605,0.006493105454668042,0.20901639344262296,789.75,843.0000000000001,892.5
1059,39.80012855,-71.51863405,709.5,7.328498387238801,0.3587117264499583,69.55491867596103,0.006800555193446031,0.20901639344262296,789.75,843.0000000000001,892.5
1059,39.80012855,-71.51863405,709.5,7.494732560962654,0.35717137511315333,70.24114680122179,0.004626694756146355,0.20491803278688525,789.75,843.0000000000001,892.5
1059,39.80012855,-71.51863405,709.5,7.517801825885387,0.3570528618006004,70.69719507128299,0.007226428523548417,0.20901639344262296,789.75,843.0000000000001,892.5
1060,39.80008497,-71.51876978,709.5,7.650788692693286,0.35648334863721176,71.14645347133428,0.001236171660866642,0.20901639344262296,789.75,843.0000000000001,892.5
1060,39.80008497,-71.51876978,709.5,7.860799110170188,0.35516339748818565,72.05117839463293,0.001921733537342038,0.22540983606557377,789.75,843.0000000000001,892.5
1060,39.80008497,-71.51876978,709.5,7.792502671821144,0.3530206854950363,72.06753383722516,-0.0023132991497967115,0.23770491803278687,789.75,843.0000000000001,892.5
1060,39.80008497,-71.51876978,709.5,7.610245818749271,0.3513083442493462,73.89037970484495,-0.006569892921158416,0.24180327868852458,789.75,843.0000000000001,892.5
1061,39.80004448,-71.51890878,709.5,7.683710134240459,0.35238922873951367,73.0010474618753,-0.008206474251578166,0.24180327868852458,789.75,843.0000000000001,892.5
1061,39.80004448,-71.51890878,709.5,7.870745390397242,0.35415443968173915,72.53871826333942,-0.008521751218154856,0.26229508196721313,789.75,843.75,892.5
1061,39.80004448,-71.51890878,709.5,7.942731894915089,0.3519532387345066,72.0584644002278,-0.009332515594208418,0.2540983606557377,789.75,843.75,892.5
1061,39.80004448,-71.51890878,709.5,7.962253114300859,0.3478958221215253,71.81019201432944,-0.008936401995952166,0.2459016393442623,789.75,843.75,892.5
1062,39.7999968,-71.51904478,709.5,8.130082850377287,0.34393487378077686,71.57259369462948,-0.007357760297355796,0.24180327868852458,789.75,843.75,892.5
1062,39.7999968,-71.51904478,709.5,8.308826907215936,0.34279123915184545,71.56206378825465,-0.003114632086304285,0.23770491803278687,789.75,843.75,892.5
1062,39.7999968,-71.51904478,709.5,8.310955478128935,0.3445884972049897,72.67753760006285,-0.013453315429271417,0.2336065573770492,789.75,843.75,892.5
1062,39.7999968,-71.51904478,709.5,8.2633160764345,0.34837940292187053,72.67024177847442,-0.0006285250308133875,0.22540983606557377,789.75,843.75,892.5
1063,39.79995385,-71.51918202,709.5,8.23395797456053,0.34958374131841946,72.21607620476726,0.0012176553286183214,0.21721311475409835,789.75,843.75,892.5
1063,39.79995385,-71.51918202,709.5,8.156951114056007,0.35232879577869636,73.11479146949681,-0.0039432611586085065,0.22131147540983606,789.75,843.75,892.5
1063,39.79995385,-71.51918202,709.5,7.978959062546618,0.3564051847471553,73.5641588966619,-0.0036653167356220607,0.23770491803278687,789.75,843.75,892.5
1063,39.79995385,-71.51918202,709.5,7.8594815447974735,0.3577904656893513,71.5370095712185,-0.01132942422435008,0.22950819672131148,789.75,843.75,892.5
1064,39.7999143,-71.51932155,709.5,7.797465137380508,0.35879854262090644,72.43719170594348,-0.015008313271075987,0.22540983606557377,789.75,843.75,892.5
1064,39.7999143,-71.51932155,709.5,7.7780155967046,0.35972817722536976,70.41071997253948,-0.02132380905346298,0.22540983606557377,789.75,843.75,892.5
1064,39.7999143,-71.51932155,709.5,7.729718261356665,0.36099076981741196,71.08728801219426,-0.018824477800941555,0.23770491803278687,789.75,843.75,892.5
1064,39.7999143,-71.51932155,709.5,7.776114724359471,0.3610925745143494,71.76415056348037,-0.011940466218050127,0.2459016393442623,789.75,843.75,892.5
1065,39.79987227,-71.51945563,709.5,7.934682485170837,0.3626551414653738,71.76649933134284,-0.004333700668329669,0.2540983606557377,789.75,843.75,892.5
1065,39.79987227,-71.51945563,709.5,8.143020939011725,0.36403048640857383,71.09486141596935,-0.005816518767363853,0.25,789.75,843.75,892.5
1065,39.79987227,-71.51945563,709.5,8.127641461941723,0.3635690618297539,72.22616374902539,-0.006824926949864254,0.2336065573770492,789.75,843.75,892.5
1065,39.79987227,-71.51945563,709.5,8.044578467109293,0.36006314880419127,70.65459462255426,-0.009925510121203051,0.22950819672131148,789.75,843.75,892.5
1066,39.79983413,-71.51959748,709.5,7.981480140710198,0.3583579387052391,72.00565224773423,0.003056394328211079,0.2336065573770492,789.75,843.75,892.5
1066,39.79983413,-71.51959748,709.5,7.955534475754315,0.35531442644696487,71.32595897546163,-0.006903470957759502,0.22950819672131148,789.75,843.75,892.5
1066,39.79983413,-71.51959748,709.5,7.949244472399749,0.35190681621059416,71.32135832742381,-0.009542993123068473,0.23770491803278687,789.75,843.75,892.5
1066,39.79983413,-71.51959748,709.5,7.977636448885576,0.3513543077160637,70.86814278934278,-0.008316790748134108,0.22540983606557377,789.75,843.75,892.5
1067,39.79979893,-71.51973658,709.5,7.91504205151199,0.3503633522945667,71.99342833824606,0.0008296719024013388,0.21721311475409835,789.75,843.75,892.5
1067,39.79979893,-71.51973658,709.5,7.905630869124305,0.35283198303841673,71.31852392393506,-0.010770234816185047,0.22131147540983606,789.75,843.75,892.5
1067,39.79979893,-71.51973658,709.5,7.971969465999306,0.35616837098479825,71.76882781123814,-0.013322454713341852,0.20081967213114754,789.75,843.75,892.5
1067,39.79979893,-71.51973658,709.5,8.070848062936967,0.35969495080614466,72.89289465227485,-0.014349097216277083,0.20491803278688525,789.75,843.75,892.5
1068,39.79975668,-71.51987047,709.5,8.163674910482143,0.36359351977569343,73.45259654069754,-0.01121506843263057,0.21311475409836064,789.75,843.75,892.5
1068,39.79975668,-71.51987047,709.5,8.285598504715336,0.36576271488076456,72.99911930603125,-0.015698827572207773,0.20901639344262296,789.75,843.75,892.5
1068,39.79975668,-71.51987047,709.5,8.360357694147597,0.36688881012289687,72.32174104263208,-0.019343091704944006,0.22131147540983606,789.75,843.75,892.5
1068,39.79975668,-71.51987047,709.5,8.344251048208399,0.3679058346668428,72.09599868679673,-0.014191793118166164,0.20901639344262296,789.75,843.75,892.5
1069,39.79971498,-71.52000403,709.5,8.240899309906997,0.36901086600137456,71.64505550570817,-0.008197190268777632,0.20081967213114754,789.75,843.75,892.5
1069,39.79971498,-71.52000403,709.5,8.124867902631626,0.3739296905500478,70.51838493786393,-0.009450381180856173,0.19672131147540983,789.75,843.75,892.5
1069,39.79971498,-71.52000403,709.5,7.9953399951622774,0.3738803615215173,70.29287770395936,-0.010038670652139864,0.21721311475409835,789.75,843.75,892.5
1069,39.79971498,-71.52000403,709.5,8.112914536672887,0.37200455682798517,70.29400394826698,-0.007165775322155359,0.20491803278688525,789.75,843.75,892.5
1070,39.79966462,-71.52013665,709.5,8.338595688930234,0.37053499464309847,70.74812656329672,-0.007215093096247482,0.1885245901639344,789.75,843.75,892.5
1070,39.79966462,-71.52013665,709.5,8.566905319053433,0.36891331215021905,70.9803733643571,-0.012181608740808904,0.20491803278688525,789.75,843.75,892.5
1070,39.79966462,-71.52013665,709.5,8.614581028851536,0.36806063961112667,71.1021281172747,-0.011896058153818837,0.20491803278688525,789.75,843.75,892.5
1070,39.79966462,-71.52013665,708.75,8.590414613675668,0.3673613625848408,69.75854326739997,0.00013918929404440404,0.19183673469387755,789.75,843.75,892.5
1071,39.79961107,-71.52026753,708.75,8.589325582111165,0.36604305420996297,69.76244015679988,0.0021373072192575828,0.19591836734693877,789.75,843.75,892.5
1071,39.79961107,-71.52026753,708.75,8.45688616821576,0.3633769542637728,70.216666421537,-0.0011029218734649616,0.20816326530612245,789.75,843.75,892.5
1071,39.79961107,-71.52026753,708.75,8.30867529202568,0.36066930459097557,68.87201427448804,-0.0006210033265118981,0.20816326530612245,789.75,843.75,892.5
1071,39.79961107,-71.52026753,708.75,8.21106317543749,0.3583040525001766,68.87806159980815,-0.0028209170303340526,0.22040816326530613,789.75,843.75,892.5
1072,39.79955707,-71.5203945,708.75,8.154633646984221,0.3568914065022978,69.10952899189964,0.00013131728538939272,0.22857142857142856,789.75,843.75,892.5
1072,39.79955707,-71.5203945,708.75,8.04897958836954,0.3599782025897463,68.43931404361342,0.005359940788501594,0.23265306122448978,789.75,843.75,892.5
1072,39.79955707,-71.5203945,708.75,7.849342218301696,0.36183102547455465,67.98536613310071,0.010917846848462085,0.22448979591836735,789.75,843.75,892.5
1072,39.79955707,-71.5203945,708.75,7.63766712918118,0.36038124706022784,68.64644184990559,0.004332673484775608,0.22040816326530613,789.75,843.75,892.5
1073,39.79949718,-71.52052558,708.75,7.503864348541904,0.359686294415478,69.30602500302084,-0.00310224942985502,0.22448979591836735,789.75,843.75,892.5
1073,39.79949718,-71.52052558,708.75,7.386638376746713,0.3625390839232909,69.40770297232844,0.0003031452545140968,0.23265306122448978,789.75,843.75,892.5
1073,39.79949718,-71.52052558,708.75,7.289241403000584,0.36668988931018837,68.49918488127228,0.0008977814608010489,0.22857142857142856,789.75,843.75,892.5
1073,39.79949718,-71.52052558,708.75,7.14039486779349,0.3704475413605441,68.04122420400127,-0.0035947445815280366,0.23673469387755103,789.75,843.75,892.5
1074,39.7994459,-71.5206586,708.75,7.022859375355863,0.37204542363804555,69.15875916785741,-0.010109999915311375,0.24897959183673468,789.75,843.75,892.5
1074,39.7994459,-71.5206586,708.75,6.9197044513544705,0.3724642193100567,68.25049709663239,-0.008472284532409117,0.2612244897959184,789.75,843.75,892.5
1074,39.7994459,-71.5206586,708.75,6.740846751630612,0.3750711406766555,70.49658539307515,-0.011406576960136437,0.24897959183673468,789.75,843.75,892.5
1074,39.7994459,-71.5206586,708.75,6.517089134673249,0.3785060629110342,69.36672424735443,-0.016692812418686056,0.24081632653061225,789.75,843.75,892.5
1075,39.7993956,-71.52079395,708.75,6.439683167082436,0.3796339886526417,68.23804027132104,-0.011183959117199516,0.23265306122448978,789.75,843.75,892.5
1075,39.7993956,-71.52079395,708.75,6.536017015123588,0.3786259201592052,68.91171856760104,-0.008344099399968349,0.2571428571428571,789.75,843.75,892.5
1075,39.7993956,-71.52079395,708.75,6.444934037225936,0.3788887509231305,68.00952026721696,-0.003773573855338308,0.2530612244897959,789.75,843.75,892.5
1075,39.7993956,-71.52079395,708.75,6.188371496073468,0.37926552324817064,68.45846194864892,-0.00428112932522791,0.24489795918367346,789.75,843.75,892.5
1076,39.79934532,-71.52092423,708.75,6.108845610296854,0.37997812682378523,68.90800485710936,-0.003223427313880915,0.22857142857142856,789.75,843.75,892.5
1076,39.79934532,-71.52092423,708.75,6.148971017417484,0.3805808586063457,69.1332324286927,0.0014931864345671885,0.24489795918367346,789.75,843.75,892.5
1076,39.79934532,-71.52092423,708.75,6.145261919683389,0.38300181692338925,70.70985998187838,-0.0032634916083594864,0.2612244897959184,789.75,843.75,892.5
1076,39.79934532,-71.52092423,708.75,6.129359839089218,0.38369188362836193,69.13359818088357,-0.008075918627166886,0.2571428571428571,789.75,843.75,892.5
1076,39.79934532,-71.52092423,708.75,6.182303634923467,0.3808189176243264,68.45758619851865,-0.012642098278956602,0.2612244897959184,789.75,843.75,892.5
1077,39.79929317,-71.5210609,708.75,6.23509907113329,0.37818067508913294,68.68244805673416,-0.014552586484116056,0.2612244897959184,789.75,843.75,892.5
1077,39.79929317,-71.5210609,708.75,6.233241373492285,0.3782956707536628,68.90746795888657,-0.01424486906135268,0.24897959183673468,789.75,843.75,892.5
1077,39.79929317,-71.5210609,708.75,6.259421681523962,0.380848997653041,68.90738286683597,-0.006492933096792962,0.24897959183673468,789.75,843.75,892.5
1077,39.79929317,-71.5210609,708.75,6.445634851145624,0.3829113961472082,67.10620685937137,-0.0005694532723848382,0.24897959183673468,789.75,843.75,892.5
1078,39.79924168,-71.5211955,708.75,6.548484158346719,0.3840848644784619,68.45777405175532,-0.004036093811894034,0.2571428571428571,789.75,843.75,892.5
1078,39.79924168,-71.5211955,708.75,6.578326440325645,0.3840513433665551,69.13389418438369,-0.008917489749618694,0.24897959183673468,789.75,843.75,892.5
1078,39.79924168,-71.5211955,708.75,6.723266215959839,0.38372837585993624,69.35953005979603,-0.01855015833920282,0.24081632653061225,789.75,843.75,892.5
1078,39.79924168,-71.5211955,708.75,6.960717348235437,0.3838355260797197,69.81019141210187,-0.013348801447382243,0.23265306122448978,789.75,843.75,892.5
1079,39.79919127,-71.52132527,708.75,7.030106635558968,0.3837607543369307,70.2608147988866,-0.014655111133300782,0.22448979591836735,790.5,843.75,892.5
1079,39.79919127,-71.52132527,708.75,7.0016833547855315,0.3870150284912656,70.48615231151967,-0.014489143374922278,0.22857142857142856,790.5,843.75,892.5
1079,39.79919127,-71.52132527,708.75,7.004564101444216,0.38601795553761753,69.13534905702186,-0.008337595412603538,0.22448979591836735,790.5,843.75,892.5
1079,39.79919127,-71.52132527,708.75,6.9380894445884715,0.38568523596876714,70.48709890293057,-0.013452391666534743,0.22448979591836735,790.5,843.75,892.5
1080,39.79914195,-71.52146473,708.75,6.804923772292166,0.38405268691777683,71.6138174445052,-0.016504279110004613,0.22857142857142856,790.5,843.75,892.5
1080,39.79914195,-71.52146473,708.75,6.76926094616101,0.3815979872425002,71.16384921468013,-0.008166762911954305,0.21224489795918366,790.5,843.75,892.5
1080,39.79914195,-71.52146473,708.75,6.9650550671834965,0.3803431381140787,71.38864791787958,-0.005335288411382567,0.22448979591836735,790.5,843.75,892.5
1080,39.79914195,-71.52146473,708.75,7.193575205380561,0.3827113743755188,70.48718951113675,-0.018895906939791488,0.22857142857142856,790.5,843.75,892.5
1081,39.79909743,-71.52159862,708.75,7.279035199073023,0.38806393266104616,70.71177601439015,-0.018303002171300195,0.22040816326530613,790.5,843.75,892.5
1081,39.79909743,-71.52159862,708.0,7.138072598982589,0.39106713607218685,69.81070437349834,-0.0016889441396388957,0.22357723577235772,790.5,843.75,892.5
1081,39.79909743,-71.52159862,708.0,7.051111574028581,0.3891456900559618,68.00893725364554,-0.0014168490472805204,0.22764227642276422,790.5,843.75,892.5
1081,39.79909743,-71.52159862,708.0,6.840768438803275,0.3874863487554198,68.00839387209544,-0.0026259327270715276,0.23983739837398374,790.5,843.75,892.5
1082,39.79904985,-71.52173088,708.0,6.447509266452837,0.3895984787973374,68.45819877073173,-0.0041118301521259944,0.24390243902439024,790.5,843.75,892.5
1082,39.79904985,-71.52173088,708.0,6.493728018360107,0.3903449087547768,69.58391329974425,-0.004161138776397391,0.23577235772357724,790.5,843.75,892.5
1082,39.79904985,-71.52173088,708.0,6.535198499169774,0.3857548921510977,68.23321278833704,-0.005046965013119214,0.24390243902439024,790.5,843.75,892.5
1082,39.79904985,-71.52173088,708.0,6.571402271520933,0.3828384890811449,68.68404549308734,-0.013897852146647727,0.25609756097560976,790.5,843.75,892.5
1083,39.79900242,-71.52186585,708.0,6.59242192508727,0.3819763473165048,68.23393463501428,-0.007453944408475653,0.25609756097560976,790.5,843.75,892.5
1083,39.79900242,-71.52186585,708.0,6.486872844714237,0.38075900633301246,68.00898757594571,-0.007373363541533454,0.25609756097560976,790.5,843.75,892.5
1083,39.79900242,-71.52186585,708.0,6.3274011953544,0.38101914428022315,69.58569487437912,-0.004379802092993358,0.25609756097560976,790.5,843.75,892.5
1083,39.79900242,-71.52186585,708.0,6.506888797190826,0.3797148799645086,68.46043597128273,-0.01088069995911329,0.26422764227642276,790.5,843.75,892.5
1084,39.79895527,-71.52200173,708.0,6.670541450280452,0.3793921499562642,68.46062616689103,-0.007273282298160455,0.26422764227642276,790.5,843.75,892.5
1084,39.79895527,-71.52200173,708.0,6.629622557043834,0.37840172381244463,68.46048022949752,-0.009085947150243209,0.2601626016260163,790.5,843.75,892.5
1084,39.79895527,-71.52200173,708.0,6.557821348906326,0.3795538112436929,68.91090000597642,-0.015963905747138064,0.27235772357723576,790.5,843.75,892.5
1084,39.79895527,-71.52200173,708.0,6.547564850520181,0.37905917033518544,68.23554742273413,-0.016179165569447415,0.25203252032520324,790.5,843.75,892.5
1085,39.79890812,-71.52213273,708.0,6.711755083973859,0.3787271583133925,69.13589655363752,-0.011306276397927214,0.23983739837398374,790.5,843.75,892.5
1085,39.79890812,-71.52213273,708.0,6.8807532702244805,0.3833308046507343,70.48628912948509,-0.0047817080646578415,0.24796747967479674,790.5,843.75,892.5
1085,39.79890812,-71.52213273,708.0,6.864184688005503,0.38650303560749083,71.16148600476834,-0.010344641610806197,0.24796747967479674,790.5,843.75,892.5
1085,39.79890812,-71.52213273,708.0,6.77710293698489,0.38790760612524866,69.81026398212771,-0.009468623357991939,0.2804878048780488,790.5,843.75,892.5
1086,39.79885955,-71.52226853,708.0,6.847071806431316,0.3908981845766368,71.6108515026924,-0.004944196324528008,0.2764227642276423,790.5,843.75,892.5
1086,39.79885955,-71.52226853,708.0,6.915169940284235,0.3941739923279569,70.70879332268855,0.004164806961315448,0.2845528455284553,790.5,843.75,892.5
1086,39.79885955,-71.52226853,708.0,6.961278603208988,0.3958306309805053,70.48260495128571,-0.005979764964835474,0.27235772357723576,790.5,843.75,892.5
1086,39.79885955,-71.52226853,708.0,6.983154711421833,0.4000208136659114,70.93256381530416,-0.0107353456274672,0.27235772357723576,790.5,843.75,892.5
1087,39.79881193,-71.52240075,708.0,6.93982686161989,0.40431934068298964,72.05835171186591,-0.009262773633294433,0.25203252032520324,790.5,843.75,892.5
1087,39.79881193,-71.52240075,708.0,6.865546003172706,0.4069799371878516,73.18422443552804,-0.01019791679291174,0.25203252032520324,790.5,843.75,892.5
1087,39.79881193,-71.52240075,708.0,6.919374836186758,0.41005540647000044,70.48244553599575,-0.012092431485502842,0.25203252032520324,790.5,843.75,892.5
1087,39.79881193,-71.52240075,708.0,7.162957024954526,0.4156272504756583,70.25746264391069,-0.009111808637381407,0.24390243902439024,790.5,843.75,892.5
1088,39.79876237,-71.52253655,708.0,7.528669132722809,0.4216740160369214,71.15796801173775,-0.0047953541908702995,0.24796747967479674,790.5,843.75,892.5
1088,39.79876237,-71.52253655,708.0,7.674679737288772,0.42580333363956013,72.73364713908501,0.0015234717261325902,0.23577235772357724,790.5,843.75,892.5
1088,39.79876237,-71.52253655,708.0,7.495863423233861,0.42597961282716823,71.38199210625008,0.0012051540400775274,0.23577235772357724,790.5,843.75,892.5
1088,39.79876237,-71.52253655,708.0,7.266959342209301,0.4228540802747454,70.03051548871291,-0.004273561124896144,0.24796747967479674,790.5,843.75,892.5
1089,39.7987128,-71.52267513,708.0,7.318719563913127,0.4201025021576487,71.60635647613385,-0.004293365895749033,0.23983739837398374,790.5,843.75,892.5
1089,39.7987128,-71.52267513,708.0,7.518111840228087,0.41902218502705524,72.05661968022771,-0.005959412914144468,0.23983739837398374,790.5,843.75,892.5
1089,39.7987128,-71.52267513,708.0,7.56800363024791,0.42088792638109235,72.50718678110644,-0.014888490753092372,0.23983739837398374,790.5,843.75,892.5
1089,39.7987128,-71.52267513,708.0,7.5266804433701155,0.4215460441719683,72.50743231229596,0.00383843615596366,0.23577235772357724,790.5,843.75,892.5
1090,39.79866343,-71.52280443,708.0,7.523706147429093,0.4219017123197862,70.93096876392241,0.0017011073867995896,0.23983739837398374,790.5,843.75,892.5
1090,39.79866343,-71.52280443,708.0,7.458557544591437,0.4199717073691635,70.47983152258466,-0.0030705164270418035,0.22764227642276422,790.5,843.75,892.5
1090,39.79866343,-71.52280443,708.0,7.345688708995063,0.4209666128502956,71.8300140830689,-0.009161428722760354,0.22357723577235772,790.5,843.75,892.5
1090,39.79866343,-71.52280443,708.0,7.337456005465933,0.42282363394800726,70.7035946020411,0.0010873761472158234,0.23577235772357724,790.5,843.75,892.5
1091,39.79861817,-71.52293788,708.0,7.192504782415015,0.42494529538437387,70.7032232707086,-0.016145467804435716,0.24796747967479674,790.5,843.75,892.5
1091,39.79861817,-71.52293788,708.0,7.0312132376756615,0.4244007068169588,70.47768509868774,-0.012983171513046657,0.23577235772357724,790.5,843.75,892.5
1091,39.79861817,-71.52293788,708.0,6.929571938561744,0.4233020803201605,70.70271385888002,-0.014600940646625359,0.22357723577235772,790.5,843.75,892.5
1091,39.79861817,-71.52293788,708.0,6.774466563505756,0.423305614532436,70.92799108851416,-0.011450388528024744,0.24796747967479674,790.5,843.75,892.5
1092,39.79857063,-71.5230708,708.0,6.694307856286201,0.42547578762587623,68.6765197073153,-0.0072574954523150935,0.23170731707317074,790.5,843.75,892.5
1092,39.79857063,-71.5230708,708.0,6.845329274957906,0.4264951100414457,69.57769437087435,3.22107068619589e-05,0.25609756097560976,790.5,843.75,892.5
1092,39.79857063,-71.5230708,708.0,7.143428672940824,0.4271820160244094,71.60474880088604,0.007353464152041377,0.22357723577235772,790.5,843.75,892.5
1092,39.79857063,-71.5230708,708.0,7.157763394978184,0.42581724495114764,71.15424761168708,0.006978301790582183,0.23983739837398374,790.5,843.75,892.5
1093,39.79852722,-71.5232051,708.0,7.206055377572914,0.42390621132939277,72.5044274278962,-3.0654790073614735e-05,0.22764227642276422,790.5,843.75,892.5
1093,39.79852722,-71.5232051,708.0,7.472253738606497,0.4261372964326809,71.15255384010929,-0.012973427444556188,0.22764227642276422,790.5,843.75,892.5
1093,39.79852722,-71.5232051,708.0,7.576722998395353,0.4290486048074378,71.15239933116584,-0.017817982703511873,0.21951219512195122,790.5,843.75,892.5
1093,39.79852722,-71.5232051,708.0,7.548843295336859,0.42741072564822596,72.50392370079743,-0.013680575368474602,0.21951219512195122,790.5,843.75,892.5
1094,39.79847783,-71.52333745,708.0,7.794463621029785,0.425083360918858,73.40489307840159,-0.014973205153138292,0.22357723577235772,790.5,843.75,892.5
1094,39.79847783,-71.52333745,708.0,8.022678583169583,0.4219421545487646,73.62955495415844,-0.008996276998012203,0.23577235772357724,790.5,843.75,892.5
1094,39.79847783,-71.52333745,708.0,8.009794800576913,0.41658870438000584,73.17800198198219,-0.00814023567530557,0.22764227642276422,790.5,843.75,892.5
1094,39.79847783,-71.52333745,708.0,7.876047692967211,0.41272239012004014,72.72663091244426,-0.005265492387358305,0.22764227642276422,790.5,843.75,892.5
1095,39.79843453,-71.52347083,708.0,7.74231702467691,0.41138468222593255,71.60074398872865,-0.013204265421161387,0.23170731707317074,790.5,843.75,892.5
1095,39.79843453,-71.52347083,708.0,7.599870286120645,0.41282169214395703,71.6014732266414,-0.016385603146793947,0.25609756097560976,790.5,843.75,892.5
1095,39.79843453,-71.52347083,708.0,7.493068944164575,0.4164836671852838,72.05209169427812,-0.003006211832480442,0.26422764227642276,790.5,843.75,892.5
1095,39.79843453,-71.52347083,708.0,7.337828440057462,0.4166072874681494,70.70037578566327,-0.0061446592442924,0.23983739837398374,790.5,843.75,892.5
1096,39.79839288,-71.52360165,708.0,7.077158748626098,0.41504419081848476,70.69946082865177,-0.019133150754589406,0.24796747967479674,790.5,843.75,892.5
1096,39.79839288,-71.52360165,708.0,7.189680138149319,0.4134056419228055,69.34828395929138,-0.019003736298202827,0.24390243902439024,790.5,843.75,892.5
1096,39.79839288,-71.52360165,708.0,7.526266122759415,0.40923755363573944,70.47422497932736,-0.016663014065725755,0.24390243902439024,790.5,843.75,892.5
1096,39.79839288,-71.52360165,708.0,7.70822933061012,0.40572474215018955,69.1232313387298,-0.01607751902153595,0.23983739837398374,790.5,843.75,892.5
1097,39.798355,-71.52373803,708.0,7.728278795547961,0.4044814189800056,71.1501799722042,-0.012024668292852233,0.24796747967479674,790.5,843.75,892.5
1097,39.798355,-71.52373803,708.0,7.777427413770676,0.40159725888958797,71.60120453944022,-0.007846335004188814,0.24796747967479674,790.5,843.75,892.5
1097,39.798355,-71.52373803,708.0,7.981146983950588,0.3974433873493507,71.1517491381828,0.0030871777074934926,0.24390243902439024,790.5,843.75,892.5
1097,39.798355,-71.52373803,708.0,8.025236548191563,0.39558982991566705,71.1525044438957,0.003795361358876754,0.24390243902439024,790.5,843.75,892.5
1098,39.79831928,-71.52387492,708.0,8.081332166924971,0.3948692386090469,70.25151255663287,-0.00672990201793981,0.24390243902439024,790.5,843.75,892.5
1098,39.79831928,-71.52387492,708.0,8.161386502205183,0.3924750586668406,72.05122917958224,-0.004845800821859466,0.25203252032520324,790.5,843.75,892.5
1098,39.79831928,-71.52387492,708.0,8.223237983997063,0.3903708660909975,72.27457427579995,4.4816888068576934e-05,0.25609756097560976,790.5,843.75,892.5
1098,39.79831928,-71.52387492,708.0,8.177294668021363,0.39387748499668235,74.75052867201092,0.006547574443772529,0.2601626016260163,790.5,843.75,892.5
1099,39.79828095,-71.52400797,708.0,8.00481883258391,0.39654669069950815,74.52671284542473,0.008971163037845092,0.23577235772357724,790.5,843.75,892.5
1099,39.79828095,-71.52400797,708.0,7.81110233424795,0.39781616478474874,71.82931161597446,0.004132327858106227,0.23170731707317074,790.5,843.75,892.5
1099,39.79828095,-71.52400797,708.0,7.612772976813185,0.40377161952834517,71.15982919306057,0.002070735825578773,0.23577235772357724,790.5,843.75,892.5
1099,39.79828095,-71.52400797,708.0,7.379785526116325,0.40874795224411997,70.93919518798045,-0.008461502916607164,0.24390243902439024,790.5,843.75,892.5
1100,39.79824228,-71.5241388,708.0,7.340605472579673,0.408795251785797,72.51696912091539,-0.007813097565943197,0.24796747967479674,790.5,843.75,892.5
1100,39.79824228,-71.5241388,708.0,7.44712682450718,0.4075948597186101,70.94070620067566,0.0036453270637678736,0.25609756097560976,790.5,843.75,892.5
1100,39.79824228,-71.5241388,708.0,7.5454154209793876,0.40420058968248757,71.17082752316551,0.005338146500074455,0.2764227642276423,790.5,843.75,892.5
1100,39.79824228,-71.5241388,708.0,7.470592195178711,0.40329627009903685,69.60385092197491,-0.012316432446264899,0.26422764227642276,790.5,843.75,892.5
1101,39.79820448,-71.52427428,708.0,7.445737784732613,0.4045804882672167,71.41457039288045,-0.015042448906955193,0.25609756097560976,790.5,843.75,892.5
1101,39.79820448,-71.52427428,708.0,7.460149022433854,0.4085381688693964,72.10781055393775,-0.010202639193535803,0.25203252032520324,790.5,843.75,892.5
1101,39.79820448,-71.52427428,708.0,7.578531016982391,0.4105106266745219,71.34875594613703,-0.008422975931573916,0.26422764227642276,790.5,843.75,892.5
1101,39.79820448,-71.52427428,708.0,7.584686054496777,0.4103642862668733,70.92362091204562,0.0027017471463134097,0.2601626016260163,790.5,843.75,892.5
1102,39.7981642,-71.52440958,708.0,7.62794006373119,0.4076135529596056,70.25495035466949,-0.0055373569512448696,0.23983739837398374,791.25,843.75,892.5
1102,39.7981642,-71.52440958,708.0,7.6743748331093276,0.4047048225284497,71.15626240088,0.003715149825542295,0.23170731707317074,791.25,843.75,892.5
1102,39.7981642,-71.52440958,708.0,7.622264533697098,0.3990517920552909,70.70569760367574,0.008217002058103613,0.23577235772357724,791.25,843.75,892.5
1102,39.7981642,-71.52440958,708.0,7.464479889545962,0.3921395202370486,72.28185966421383,-0.003136401774165287,0.24390243902439024,791.25,843.75,892.5
1103,39.79811837,-71.52454175,708.0,7.466824961645185,0.38670670150374786,72.05652953386212,-0.010769684631513819,0.24390243902439024,791.25,843.75,892.5
1103,39.79811837,-71.52454175,708.0,7.499363121420363,0.3851533832998418,71.82957571497832,-0.003470076701619867,0.24390243902439024,791.25,843.75,892.5
1103,39.79811837,-71.52454175,708.0,7.57573951523284,0.3820564066782908,72.95296439572377,0.012119650848462058,0.24390243902439024,791.25,843.75,892.5
1103,39.79811837,-71.52454175,708.0,7.663900917732961,0.3777746605813067,73.62808764148207,-0.003593745780439313,0.22357723577235772,791.25,843.75,892.5
1104,39.79807203,-71.52467552,708.0,7.708496193050871,0.3718950297662424,74.3040838528635,-0.008588546305076702,0.23170731707317074,791.25,843.75,892.5
1104,39.79807203,-71.52467552,707.25,7.690232290058383,0.3682463962011284,74.7541014159186,-0.005673416746949773,0.21862348178137653,791.25,843.75,892.5
1104,39.79807203,-71.52467552,707.25,7.682090998854804,0.367219555396395,72.72704541562156,0.017203635940008195,0.21052631578947367,791.25,843.75,892.5
1104,39.79807203,-71.52467552,707.25,7.611309879894342,0.36957258491742523,73.17784096521464,0.002725710227676022,0.21862348178137653,791.25,843.75,892.5
1105,39.79803198,-71.52480558,707.25,7.657718532356604,0.3744495373299977,73.40361005279927,0.001794672205407297,0.22267206477732793,791.25,843.75,892.5
1105,39.79803198,-71.52480558,707.25,7.679755698458857,0.37943201716886854,71.82667007918197,-0.008029967699146386,0.2388663967611336,791.25,843.75,892.5
1105,39.79803198,-71.52480558,707.25,7.672979347100088,0.3821899050605622,72.50028019302681,-0.008410703313244816,0.23076923076923078,791.25,843.75,892.5
1105,39.79803198,-71.52480558,707.25,7.537642996357878,0.38256015302627217,73.62530750763504,-0.007887985591679487,0.23481781376518218,791.25,843.75,892.5
1106,39.79799063,-71.52494523,707.25,7.51762840428705,0.38204316518200154,74.30066040139528,-0.0018946453866412944,0.24696356275303644,791.25,843.75,892.5
1106,39.79799063,-71.52494523,707.25,7.866503600281201,0.38183904677012354,75.65093101729644,-0.009566670460436612,0.2388663967611336,791.25,843.75,892.5
1106,39.79799063,-71.52494523,707.25,8.226997289097923,0.38439591043366217,75.87475382445948,-0.014911434231665311,0.23076923076923078,791.25,843.75,892.5
1106,39.79799063,-71.52494523,707.25,8.127024068029092,0.38805300154783284,74.97193445188023,-0.010497670240056744,0.23076923076923078,791.25,844.5000000000001,892.5
1107,39.79795397,-71.5250762,707.25,7.872281395350989,0.38953879899014,73.61766714872509,-0.006380057416593375,0.2631578947368421,791.25,844.5000000000001,892.5
1107,39.79795397,-71.5250762,707.25,7.849549699059261,0.3872497445960051,73.38701565402332,-0.005394621769369352,0.2631578947368421,791.25,844.5000000000001,892.5
1107,39.79795397,-71.5250762,707.25,7.89045951854235,0.38391944091048585,73.8305115524957,-0.00512307589486295,0.25101214574898784,791.25,844.5000000000001,892.5
1107,39.79795397,-71.5250762,706.5,7.912330260191317,0.3825052592848216,74.28037575554401,-0.003285489236388704,0.24193548387096775,791.25,844.5000000000001,892.5
1108,39.79791453,-71.52521478,706.5,8.068796407472936,0.38264615594314866,72.25854315091826,-0.0019520694934721564,0.22580645161290322,791.25,844.5000000000001,892.5
1108,39.79791453,-71.52521478,706.5,8.2043222357823,0.3779407153158637,72.70805963735765,0.002092634379475406,0.23790322580645162,791.25,844.5000000000001,892.5
1108,39.79791453,-71.52521478,706.5,7.965573135790074,0.3734932396882801,72.47353941148697,0.004087869327388252,0.23293172690763053,791.25,844.5000000000001,893.25
1108,39.79791453,-71.52521478,706.5,7.561942988802667,0.37325690653924576,73.243746192096,0.0072316684779280705,0.2248995983935743,791.25,844.5000000000001,893.25
1109,39.79787435,-71.52534885,706.5,7.175512540315885,0.37621574496201,74.14434539220447,-0.0002669092812064705,0.22088353413654618,791.25,844.5000000000001,893.25
1109,39.79787435,-71.52534885,705.75,7.4585549070630455,0.37969510940238527,75.73849462268318,0.010181096015929755,0.216,791.25,844.5000000000001,893.25
1109,39.79787435,-71.52534885,705.75,7.945633497803103,0.38050622175682763,74.64930437949185,-0.005176781378298308,0.196,791.25,844.5000000000001,893.25
1110,39.79783953,-71.52548283,705.75,8.22197458501769,0.38373596120600517,72.93938697796948,-0.008693758980438582,0.208,791.25,844.5000000000001,893.25
1110,39.79783953,-71.52548283,705.75,8.20001835249274,0.38765525850518195,73.16343377753735,-0.005651331823928421,0.204,791.25,844.5000000000001,893.25
1110,39.79783953,-71.52548283,705.75,8.170089758007617,0.39207876872422603,71.13586322965484,-0.008441727641037861,0.216,791.25,844.5000000000001,893.25
1110,39.79783953,-71.52548283,705.75,8.09029305643068,0.39671466949430556,72.9329828859654,-0.0037469309625306523,0.216,791.25,844.5000000000001,893.25
1111,39.7978004,-71.52561622,705.75,7.889416115705915,0.39881908627370033,73.37725457488365,-0.005818756766899256,0.192,791.25,844.5000000000001,893.25
1111,39.7978004,-71.52561622,705.75,7.6878520919611395,0.39927615186287163,72.92206150051447,-0.009759293681669794,0.188,791.25,844.5000000000001,893.25
1111,39.7978004,-71.52561622,705.75,7.5782838560203585,0.39716933422143735,72.2454747533476,-0.013060288411587604,0.2,791.25,844.5000000000001,893.25
1111,39.7978004,-71.52561622,705.75,7.581366873647386,0.3942087879198472,73.59447431401897,-0.00837806365532767,0.184,791.25,844.5000000000001,893.25
1112,39.79775422,-71.52574883,705.75,7.723668805696014,0.3923127451966828,73.81450394211517,-0.013997917848099235,0.196,791.25,844.5000000000001,893.25
1112,39.79775422,-71.52574883,705.75,7.988797591355562,0.39253820180046717,74.71072436786959,-0.013810830041048877,0.204,791.25,844.5000000000001,893.25
1112,39.79775422,-71.52574883,705.75,8.194759328940822,0.39365420219955644,74.93931995252824,0.004407615541757114,0.204,791.25,844.5000000000001,893.25
1112,39.79775422,-71.52574883,705.75,8.186412632273154,0.395864723137738,75.17490508185192,-0.00319783170799899,0.232,791.25,844.5000000000001,893.25
1113,39.79771108,-71.52588173,705.0,7.9692937161147,0.3955594810337359,75.18186964802342,-0.0139688528721451,0.21912350597609562,791.25,844.5000000000001,893.25
1113,39.79771108,-71.52588173,705.0,7.725862508200554,0.3919918753653721,74.05559974890949,-0.011728744054501245,0.22709163346613545,791.25,844.5000000000001,893.25
1113,39.79771108,-71.52588173,705.0,7.667152027615034,0.38782540001731336,75.40009779161954,-0.00012367372329169732,0.22709163346613545,791.25,844.5000000000001,893.25
1113,39.79771108,-71.52588173,705.0,7.735362999197975,0.3860503189199288,75.84139061520497,-0.00483125493200765,0.22310756972111553,791.25,844.5000000000001,893.25
1114,39.79766395,-71.52601537,705.0,7.811911473598829,0.3844419888010725,76.05852978140258,-0.004512727908279028,0.250996015936255,791.25,844.5000000000001,893.25
1114,39.79766395,-71.52601537,705.0,7.85323502424382,0.38393736505446907,75.60080562137473,-0.008776704847614308,0.24302788844621515,791.25,844.5000000000001,893.25
1114,39.79766395,-71.52601537,705.0,7.8312455351215435,0.3828563897089852,76.0390445944581,-0.012631061655120578,0.22310756972111553,791.25,844.5000000000001,893.25
1114,39.79766395,-71.52601537,705.0,7.676953106621224,0.38010249339482244,73.99620564146863,-0.00886537160982317,0.2151394422310757,791.25,844.5000000000001,893.25
1115,39.7976199,-71.52614842,705.0,7.443742589572578,0.37764168908185414,74.4348254838836,-0.00270066185492247,0.23904382470119523,791.25,844.5000000000001,893.25
1115,39.7976199,-71.52614842,705.0,7.114182461365275,0.37392647021404607,74.42316163885747,-0.004899326891710023,0.22709163346613545,791.25,844.5000000000001,893.25
1115,39.7976199,-71.52614842,705.0,6.779132631531615,0.37237573128254003,75.07789708274179,-0.009313982899747808,0.23904382470119523,791.25,844.5000000000001,893.25
1115,39.7976199,-71.52614842,705.0,6.662434897691102,0.3741032574163823,75.95932123836101,-0.00736548138461486,0.24701195219123506,791.25,844.5000000000001,893.25
1116,39.79757153,-71.52627772,705.0,6.78478783708626,0.3767467599494246,74.84150484923917,0.0004233844002549705,0.24701195219123506,791.25,844.5000000000001,893.25
1116,39.79757153,-71.52627772,705.0,6.945784372058524,0.37539529076280304,74.64559573432616,-0.002819566372120451,0.2549800796812749,791.25,844.5000000000001,893.25
1116,39.79757153,-71.52627772,704.25,7.120199752682335,0.37516781684051526,72.41314959268438,-0.0031243945063363704,0.25396825396825395,791.25,844.5000000000001,893.25
1116,39.79757153,-71.52627772,704.25,7.163389557580076,0.37848336898639673,72.86604558857779,-0.0019199161463662512,0.23809523809523808,791.25,844.5000000000001,893.25
1117,39.79752507,-71.5264105,704.25,7.2459559181207505,0.38234130247017295,72.1822658361079,0.0020424832353836578,0.2222222222222222,791.25,844.5000000000001,893.25
1117,39.79752507,-71.5264105,704.25,7.340318091406332,0.3829131294359668,73.07505759408335,-0.006750231893167497,0.23809523809523808,791.25,844.5000000000001,893.25
1117,39.79752507,-71.5264105,704.25,7.339835361586213,0.38285731901084746,73.52169805009042,-0.012810473774109161,0.2261904761904762,791.25,844.5000000000001,893.25
1117,39.79752507,-71.5264105,704.25,7.327610169369474,0.38076285110739094,72.62328731716212,-0.014797349681352278,0.23412698412698413,791.25,844.5000000000001,893.25
1118,39.79747773,-71.52654402,704.25,7.220755838884701,0.3784561925785173,71.2768873985863,-0.00913612953169054,0.25,791.25,844.5000000000001,893.25
1118,39.79747773,-71.52654402,704.25,7.346455172995466,0.37676410217844314,70.60501189560753,-0.005013949440582047,0.23412698412698413,791.25,844.5000000000001,893.25
1118,39.79747773,-71.52654402,704.25,7.6011484657046315,0.3755781689116851,71.28140019798015,-0.010562142038300339,0.25,791.25,844.5000000000001,893.25
1118,39.79747773,-71.52654402,703.5,7.693037815340079,0.3764259409805716,71.05591120390496,-0.009375494571539465,0.22924901185770752,791.25,844.5000000000001,893.25
1119,39.7974264,-71.52667993,703.5,7.7205370089992655,0.37655362080718197,72.40546479006245,-0.004214315113228839,0.21739130434782608,791.25,844.5000000000001,893.25
1119,39.7974264,-71.52667993,703.5,7.820518466689015,0.3744107398974624,71.73150646954807,-0.002463523297048541,0.2015810276679842,791.25,844.5000000000001,893.25
1119,39.7974264,-71.52667993,703.5,7.9282658828373656,0.3740769650366731,71.06127998400854,-0.0029880748876156093,0.22134387351778656,791.25,844.5000000000001,893.25
1119,39.7974264,-71.52667993,703.5,8.041350534988794,0.37953731380049494,72.4089230874173,-0.00320043975602127,0.21739130434782608,791.25,844.5000000000001,893.25
1120,39.79737828,-71.52681238,703.5,8.201609393327825,0.3869134104803863,71.71846804842279,-0.008800655558175056,0.23715415019762845,791.25,844.5000000000001,893.25
1120,39.79737828,-71.52681238,703.5,8.088693334344313,0.3865453435933903,72.37790408477106,-0.007314215893388323,0.2490118577075099,791.25,844.5000000000001,893.25
1120,39.79737828,-71.52681238,702.75,7.9409038514654835,0.3809677684972383,72.82068452746748,0.00010102744239463599,0.25984251968503935,791.25,844.5000000000001,893.25
1120,39.79737828,-71.52681238,702.75,7.790041309695104,0.3765598134738287,73.0447027361186,-0.006443101934167071,0.2559055118110236,791.25,844.5000000000001,893.25
1121,39.7973321,-71.52694568,702.75,7.485746575504261,0.37294782424487716,73.04249211493094,-0.0074005346163050195,0.2755905511811024,791.25,844.5000000000001,893.25
1121,39.7973321,-71.52694568,702.75,7.106173593179595,0.3696469973134027,73.71414420565316,-0.009754467484107932,0.2755905511811024,791.25,844.5000000000001,893.25
1121,39.7973321,-71.52694568,702.75,6.9484173834538865,0.36357682920450257,73.49127467998004,-0.01194892364777156,0.2755905511811024,791.25,844.5000000000001,893.25
1121,39.7973321,-71.52694568,702.75,6.736728258525098,0.3637107206175707,73.7198273093759,-0.014629867704123172,0.27165354330708663,791.25,844.5000000000001,893.25
1121,39.7973321,-71.52694568,702.75,6.460790105810263,0.3653256998984575,71.91770660948148,-0.008012135369063611,0.2795275590551181,791.25,844.5000000000001,893.25
1122,39.7972886,-71.52708943,702.75,6.3299594449232055,0.36578562777712875,73.03648295355379,-0.00350466406558379,0.28346456692913385,791.25,844.5000000000001,893.25
1122,39.7972886,-71.52708943,702.75,6.22741421102881,0.36635859746366917,73.25547400496205,-0.010765712892061598,0.28346456692913385,791.25,844.5000000000001,893.25
1122,39.7972886,-71.52708943,702.0,6.09341045634731,0.36947559907711147,73.4745995152311,-0.010223102752284685,0.2784313725490196,791.25,844.5000000000001,893.25
1122,39.7972886,-71.52708943,702.0,6.07981517024945,0.37307789954095255,74.81157404432646,-0.012208390895026353,0.27450980392156865,791.25,844.5000000000001,893.25
1123,39.79724657,-71.5272255,702.0,6.275648266919679,0.3706243950707429,72.53276740667111,-0.012817326859434012,0.28627450980392155,791.25,844.5000000000001,893.25
1123,39.79724657,-71.5272255,702.0,6.443373598832195,0.3662533545981286,73.63397083576712,-0.00949309440708159,0.27058823529411763,791.25,844.5000000000001,893.25
1123,39.79724657,-71.5272255,702.0,6.375504198137953,0.36400321771038935,74.97545101665843,0.0032240439808070035,0.27058823529411763,791.25,844.5000000000001,893.25
1123,39.79724657,-71.5272255,702.0,6.27894811219186,0.3642575972468838,75.43172020837656,-0.0005699761404556373,0.24313725490196078,791.25,844.5000000000001,893.25
1124,39.79720628,-71.52736388,702.0,6.36012645074968,0.3619513381490657,74.09329611121296,-0.004144163445921229,0.23137254901960785,791.25,844.5000000000001,893.25
1124,39.79720628,-71.52736388,702.0,6.584181787883973,0.35743293557416156,74.10493610454883,-0.0022525164244659238,0.22745098039215686,791.25,844.5000000000001,893.25
1124,39.79720628,-71.52736388,701.25,6.549237316255049,0.35510916152433364,73.43740878203015,-0.006146975939261403,0.23046875,791.25,844.5000000000001,893.25
1124,39.79720628,-71.52736388,701.25,6.455743364397084,0.35320244419258784,72.9894148266741,-0.01012063513625367,0.21484375,791.25,844.5000000000001,893.25
1125,39.79716778,-71.5275074,701.25,6.393501692957758,0.34986352004731425,74.56267147852493,-0.013736393556188586,0.22265625,791.25,844.5000000000001,893.25
1125,39.79716778,-71.5275074,701.25,6.416355130027949,0.34524910332895625,74.78272551009155,-0.017106407933518062,0.2265625,791.25,844.5000000000001,893.25
1125,39.79716778,-71.5275074,701.25,6.547240102827705,0.3466659062935665,73.8726027597119,-0.01224372736051178,0.23828125,791.25,844.5000000000001,893.25
1125,39.79716778,-71.5275074,701.25,6.710920792547781,0.35175376010838827,74.08714889412968,-0.01296245787020314,0.26171875,791.25,844.5000000000001,893.25
1126,39.79713033,-71.52764812,701.25,6.924147970294454,0.3570901795674405,72.50523011613409,-0.00975032803491711,0.2578125,791.25,844.5000000000001,893.25
1126,39.79713033,-71.52764812,701.25,7.16214108673874,0.36121651570344676,72.9489414415323,-0.009530992572152399,0.28515625,791.25,833.25,893.25
1126,39.79713033,-71.52764812,701.25,7.306593865119075,0.36341322654912084,73.37947896676452,-0.004743006560101409,0.28515625,791.25,833.25,893.25
1126,39.79713033,-71.52764812,701.25,7.223365889604741,0.35978865778924524,73.45115892710336,-0.006283546685844459,0.308411214953271,791.25,830.25,861.75
1127,39.79708698,-71.5277829,700.5,6.893701334092302,0.35163016622480875,72.75074811456761,-0.008204108645475501,0.28837209302325584,791.25,830.25,861.75
1127,39.79708698,-71.5277829,700.5,6.486709905302908,0.34344526881071824,73.4134462977199,-0.007095549380274042,0.2815533980582524,791.25,821.25,855.0000000000001
1127,39.79708698,-71.5277829,700.5,6.356220785361538,0.33896977197524913,74.53218661245425,-0.00892532732421485,0.2780487804878049,791.25,821.25,854.25
1127,39.79708698,-71.5277829,700.5,6.3583267983501806,0.3335121526270932,74.97837419375604,-0.008656595735692598,0.27461139896373055,762.0,792.0,845.25
1128,39.79704285,-71.52792213,700.5,6.195226823929937,0.3285097969429447,76.55200400136016,-0.0134700828904801,0.27461139896373055,761.2500000000001,792.0,845.25
1128,39.79704285,-71.52792213,700.5,6.013737262183957,0.3231693644145242,76.09869356473291,-0.014356562901055688,0.2538860103626943,761.2500000000001,792.0,845.25
1128,39.79704285,-71.52792213,700.5,6.329817714480928,0.3193271615465442,76.09500825401372,-0.014985997737509442,0.2538860103626943,760.5,792.0,845.25
1128,39.79704285,-71.52792213,700.5,6.656366067352329,0.32008394331898393,75.19125959105392,-0.010722741545835605,0.2538860103626943,760.5,792.0,845.25
1129,39.79699755,-71.52805868,699.75,6.740105666579353,0.3288375477005695,74.74176649438587,-0.004586612763575802,0.27835051546391754,760.5,792.0,845.25
1129,39.79699755,-71.52805868,699.75,6.774610426571183,0.33803773753166333,75.19591087238861,-0.014710126883481452,0.27319587628865977,760.5,792.0,845.25
1129,39.79699755,-71.52805868,699.75,6.783555604739674,0.3401636740636614,74.07279663480817,-0.013505997341476712,0.28350515463917525,760.5,792.0,845.25
1129,39.79699755,-71.52805868,699.75,6.641973656506895,0.3408866905911168,75.19927236806639,-0.00783743335019064,0.31443298969072164,760.5,792.0,845.25
1130,39.79695688,-71.52819343,699.75,6.4922012120824455,0.3444212799177487,74.74877265666896,-0.006713438047693383,0.29896907216494845,760.5,792.0,845.25
1130,39.79695688,-71.52819343,699.0,6.228479879214709,0.3510522466052404,74.97366738317069,-0.00986383346534044,0.28205128205128205,760.5,792.0,845.25
1130,39.79695688,-71.52819343,699.0,6.157783578244029,0.35516391521419355,75.64865079993378,-0.00604566444311585,0.26666666666666666,760.5,792.0,845.25
1130,39.79695688,-71.52819343,699.0,6.05450669403343,0.35081564489038036,74.97207454216074,-0.015412350439045975,0.2717948717948718,760.5,792.0,845.25
1131,39.79691645,-71.52832687,699.0,5.661863594495519,0.3464897124455475,75.19591513251524,-0.021732451352174754,0.2923076923076923,760.5,792.0,845.25
1131,39.79691645,-71.52832687,698.25,5.943074841284753,0.34335263627964113,74.06780492619745,-0.012275026946650738,0.3010204081632653,760.5,792.0,845.25
1131,39.79691645,-71.52832687,698.25,6.336601303280046,0.3444714394467571,74.96562146870444,-0.006792082614370027,0.3112244897959184,760.5,792.0,845.25
1131,39.79691645,-71.52832687,698.25,6.306078895155761,0.34270656933541627,73.83866284611517,-0.0032452380629987678,0.34183673469387754,760.5,792.0,845.25
1132,39.79687827,-71.5284667,698.25,6.000124565680469,0.33901379835050777,73.83950630034322,-0.008702457402630353,0.32653061224489793,760.5,792.0,845.25
1132,39.79687827,-71.5284667,698.25,6.0219241629204445,0.33571787024095756,74.51667520523411,-0.012229578063204523,0.30612244897959184,760.5,792.0,845.25
1132,39.79687827,-71.5284667,698.25,6.257054746364668,0.333027285604249,74.96832029321924,-0.008580878795340809,0.3010204081632653,760.5,792.0,845.25
1132,39.79687827,-71.5284667,698.25,6.253390576270325,0.325402605711406,73.61884192690043,-0.011567915435042367,0.30612244897959184,760.5,792.0,845.25
1133,39.79684227,-71.52860288,698.25,6.014200316737239,0.3185540115060188,73.62029356008061,-0.016760924756977415,0.30612244897959184,760.5,792.0,845.25
1133,39.79684227,-71.52860288,698.25,5.834240029108122,0.320353390088535,73.17199144272615,-0.014710182113185952,0.27040816326530615,760.5,792.0,845.25
1133,39.79684227,-71.52860288,698.25,5.83432513012872,0.3235852071790499,76.1012672417988,-0.016593294815618068,0.2653061224489796,760.5,792.0,845.25
1133,39.79684227,-71.52860288,698.25,5.875503022570711,0.32393148714912245,76.10256530707568,-0.012138006868649317,0.2755102040816326,760.5,792.0,845.25
1134,39.79680325,-71.52873662,698.25,6.136771915668021,0.3219778116862809,75.20179991158284,-0.007696394114748808,0.2755102040816326,760.5,792.0,845.25
1134,39.79680325,-71.52873662,698.25,6.397769067748708,0.3244199204684569,76.32632539788256,-0.010853402471101775,0.29591836734693877,760.5,792.0,845.25
1134,39.79680325,-71.52873662,698.25,6.468104732697473,0.3319389860450986,74.07300700216456,-0.008307279668134224,0.2602040816326531,760.5,792.0,845.25
1134,39.79680325,-71.52873662,698.25,6.236906701238867,0.33889645229245174,75.19896175518437,-0.009624361000281445,0.2602040816326531,760.5,792.0,845.25
1135,39.79676167,-71.52887477,698.25,6.0016441766328805,0.3445953773603124,75.20084756711111,-0.009509442410937529,0.23979591836734693,760.5,792.0,845.25
1135,39.79676167,-71.52887477,698.25,6.02735517787731,0.3476966215607672,74.97737247825903,-0.010173901239039364,0.25510204081632654,760.5,792.0,845.25
1135,39.79676167,-71.52887477,698.25,6.363153817135811,0.35533924703196507,74.97841953327504,-0.010069799098152293,0.29081632653061223,760.5,792.0,845.25
1135,39.79676167,-71.52887477,698.25,6.364139193851001,0.3621866036902834,73.62745923387361,-0.014093095790204803,0.3010204081632653,760.5,792.0,845.25
1136,39.79672225,-71.529009,698.25,6.455728568361565,0.36274544368741085,73.62700061674985,-0.009752969779229537,0.3112244897959184,760.5,792.0,845.25
1136,39.79672225,-71.529009,698.25,6.928736100800259,0.3624826130466379,72.05037297763776,-0.01223702120650817,0.34183673469387754,760.5,792.0,845.25
1136,39.79672225,-71.529009,697.5,7.181130400791116,0.363304864174226,72.5006601090931,-0.017523979797249487,0.3401015228426396,760.5,792.0,845.25
1136,39.79672225,-71.529009,697.5,7.0629154104019545,0.3599755718299648,72.72557807978647,-0.009421948463170666,0.3096446700507614,760.5,792.0,845.25
1137,39.79668145,-71.52914493,697.5,6.732734585907229,0.3552132510745412,72.9491909316975,-0.008992881854793116,0.30456852791878175,760.5,792.0,845.25
1137,39.79668145,-71.52914493,697.5,6.489181234372612,0.3521377316662593,72.26673286385643,-0.009409289625505017,0.3197969543147208,760.5,792.0,845.25
1137,39.79668145,-71.52914493,697.5,6.444695393871205,0.35160173632382646,71.75838118512524,-0.0075611637312094585,0.3096446700507614,760.5,792.0,845.25
1137,39.79668145,-71.52914493,697.5,6.516007735537048,0.3507000468320323,73.8913858214967,-0.0050610673014123645,0.3096446700507614,759.7500000000001,792.0,845.25
1138,39.79664115,-71.52928388,697.5,6.49164022523863,0.3546678439913373,74.33836775379086,-0.008231138152147108,0.29441624365482233,759.7500000000001,792.0,845.25
1138,39.79664115,-71.52928388,697.5,6.35119580079444,0.35934939290112344,73.66095437099158,-0.007359604049721934,0.29441624365482233,759.7500000000001,792.0,845.25
1138,39.79664115,-71.52928388,697.5,6.342058446902529,0.3618387077836715,72.07769281930308,-0.008375612727711451,0.27411167512690354,759.7500000000001,792.0,845.25
1138,39.79664115,-71.52928388,697.5,6.572048360282314,0.36724878322408844,73.64202325851302,-0.008464210084287386,0.27411167512690354,759.7500000000001,792.0,845.25
1139,39.79659768,-71.52942183,697.5,6.79511046556278,0.37430698974683513,74.30548972665126,-0.012138782463030481,0.2639593908629442,759.7500000000001,792.0,845.25
1139,39.79659768,-71.52942183,697.5,6.945243720822218,0.37883157850415466,73.6263904750301,-0.013937420403176165,0.30456852791878175,759.7500000000001,792.0,845.25
1139,39.79659768,-71.52942183,697.5,6.949999138046318,0.3812780616805765,72.28055473831266,-0.004931827609237985,0.30456852791878175,759.7500000000001,792.0,845.25
1139,39.79659768,-71.52942183,697.5,6.887477700219203,0.3864180108044315,74.76232278965894,-0.005177026293858859,0.27918781725888325,759.7500000000001,792.0,845.25
1140,39.79655417,-71.52955495,697.5,6.8757714377606955,0.3910379709301094,72.96216443533018,-0.005127914160928027,0.2893401015228426,759.7500000000001,792.0,845.25
1140,39.79655417,-71.52955495,697.5,7.224937522500818,0.38717874632276916,73.63574200260034,1.8666200612111765e-05,0.29949238578680204,759.7500000000001,792.0,845.25
1140,39.79655417,-71.52955495,697.5,7.335239156362829,0.38331676246544694,74.7582606189316,-0.003739154168199371,0.3096446700507614,759.7500000000001,792.0,845.25
1140,39.79655417,-71.52955495,697.5,6.953735370334058,0.381587151580533,74.98429887803916,-0.0037244070917531943,0.3197969543147208,759.7500000000001,792.0,845.25
1141,39.79651197,-71.52969123,697.5,6.679805131216016,0.38131963164021915,74.08912513562976,0.004571742132483977,0.30456852791878175,759.7500000000001,792.0,845.25
1141,39.79651197,-71.52969123,697.5,6.723752939288807,0.3808269333304595,75.44337399473625,0.0058009429555811905,0.3147208121827411,759.7500000000001,792.0,845.25
1141,39.79651197,-71.52969123,697.5,6.798376325266805,0.3796948276034895,74.31618230090933,0.0012211036544999107,0.2893401015228426,759.7500000000001,792.0,845.25
1141,39.79651197,-71.52969123,697.5,6.723108985320476,0.3802867042438465,75.21350403343794,-0.0007018118559915967,0.30456852791878175,759.7500000000001,792.0,845.25
1142,39.79646855,-71.52982627,697.5,6.670481884687492,0.38215062887143914,75.43501378309082,-0.0031904410277432964,0.30456852791878175,759.7500000000001,792.0,845.25
1142,39.79646855,-71.52982627,697.5,6.699312445131724,0.3821798786552694,75.43106036295798,-0.0021271768932704005,0.29441624365482233,759.7500000000001,792.0,845.25
1142,39.79646855,-71.52982627,697.5,6.942955741283224,0.3826447272761363,75.87769824649624,-0.003210002415931603,0.29441624365482233,759.7500000000001,792.0,845.25
1142,39.79646855,-71.52982627,697.5,7.270720091363262,0.38325589580328867,75.19929227244448,-0.002496609703209055,0.29949238578680204,759.7500000000001,792.0,845.25
1143,39.79642755,-71.5299655,697.5,7.320193590728128,0.38301809776984047,73.8468289965796,0.0021480461051208138,0.3147208121827411,759.7500000000001,792.0,845.25
1143,39.79642755,-71.5299655,697.5,7.246999697913608,0.37770019757041823,73.8467234972976,0.005244474164406342,0.29441624365482233,759.7500000000001,792.0,845.25
1143,39.79642755,-71.5299655,697.5,7.149414731098267,0.3724884812784994,74.29774296487757,0.0025706158418050138,0.26903553299492383,759.7500000000001,792.0,845.25
1143,39.79642755,-71.5299655,697.5,7.056879080417053,0.36741972226943237,74.74898045528967,0.002592249104920555,0.2639593908629442,759.7500000000001,792.0,845.25
1144,39.79638505,-71.53009968,697.5,6.9400826769389035,0.36544367820334267,75.4254014528092,-0.00036493053418266687,0.24873096446700507,759.7500000000001,792.0,845.25
1144,39.79638505,-71.53009968,697.5,6.888012636825805,0.36743548615797283,75.65094114255157,-0.0011474033693171816,0.2639593908629442,759.7500000000001,792.0,845.25
1144,39.79638505,-71.53009968,697.5,6.681065859771541,0.3713651072827422,77.90147931244802,-0.0019039080646970283,0.25380710659898476,760.5,792.0,845.25
1144,39.79638505,-71.53009968,697.5,6.641159250505299,0.3755397516068962,76.99776905882054,-0.00458304187278857,0.25888324873096447,760.5,792.0,845.25
1145,39.79634545,-71.53023912,697.5,6.933348004910573,0.3781749280898101,76.5441734630336,-0.0013885202403180346,0.27411167512690354,760.5,792.0,845.25
1145,39.79634545,-71.53023912,697.5,7.238624647393464,0.37971279046108797,75.86750876100554,-0.003719731162419862,0.27918781725888325,760.5,792.0,845.25
1145,39.79634545,-71.53023912,697.5,7.168895075706874,0.37897716044899227,74.51732754213172,-0.0023962006840299896,0.27918781725888325,760.5,792.0,845.25
1145,39.79634545,-71.53023912,696.75,6.871938436570433,0.3749784412735548,75.19317726912757,-0.0032335568327515893,0.2878787878787879,760.5,792.0,845.25
1146,39.79630578,-71.53037152,696.75,6.717198838639489,0.37179862469694647,76.99326113848794,-0.00880524101728001,0.2878787878787879,760.5,792.0,845.25
1146,39.79630578,-71.53037152,696.75,6.806288596234067,0.3676334796671691,77.21689428115604,-0.007767193954433788,0.26262626262626265,760.5,792.0,845.25
1146,39.79630578,-71.53037152,696.75,6.80884177827522,0.3643554557739554,77.66696549594289,-0.012112447615566164,0.2777777777777778,760.5,792.0,845.25
1146,39.79630578,-71.53037152,696.75,6.8453083313634995,0.36540969983354044,79.69457423392276,-0.01274069038389984,0.2878787878787879,760.5,792.0,845.25
1147,39.79626178,-71.53051057,696.75,6.770771958613511,0.367530087576089,80.1456656772685,-0.01584417342739887,0.2727272727272727,760.5,792.0,845.25
1147,39.79626178,-71.53051057,696.75,6.726566221547436,0.3656039446225548,78.5691311194443,-0.012068987745385696,0.2828282828282828,760.5,792.0,845.25
1147,39.79626178,-71.53051057,696.75,6.721690264579303,0.3655393455440168,77.66710269330108,-0.015985430369279276,0.2828282828282828,760.5,792.0,845.25
1147,39.79626178,-71.53051057,696.75,6.694848691851272,0.3670228905087306,77.66586593926493,-0.018083590675693692,0.29292929292929293,760.5,792.0,845.25
1148,39.7962211,-71.53065173,696.75,6.938050911377236,0.3702442282403724,76.7647116540044,-0.012095254774683447,0.2828282828282828,760.5,792.0,845.25
1148,39.7962211,-71.53065173,696.75,7.123082377973581,0.3758750226739339,75.18899030273464,-0.009026137521234023,0.2828282828282828,760.5,792.0,845.25
1148,39.7962211,-71.53065173,696.75,7.162416378349967,0.37863605944896594,76.09029038182497,-0.006051765652645559,0.2878787878787879,760.5,792.0,845.25
1148,39.7962211,-71.53065173,696.75,6.951256187693735,0.3740011551354582,75.86612416390402,-0.015433613674860116,0.3181818181818182,760.5,792.0,845.25
1149,39.7961834,-71.53078383,696.75,6.699093025818276,0.37077504220073043,76.76838386757791,-0.0022608057957495343,0.30303030303030304,760.5,792.0,845.25
1149,39.7961834,-71.53078383,696.75,6.639364889746064,0.3691533836732119,78.12096916693758,-0.005034491979413523,0.3181818181818182,760.5,792.0,845.25
1149,39.7961834,-71.53078383,696.75,6.863228672449132,0.36752769897911436,76.9957759875867,-0.015334753913923142,0.32323232323232326,760.5,792.0,845.25
1149,39.7961834,-71.53078383,696.75,7.2520266426824955,0.36183935609575396,76.99578421711672,-0.011976999685365598,0.29797979797979796,760.5,792.0,845.25
1150,39.7961497,-71.53092273,696.75,7.484892837143279,0.35788235811083485,77.22134489212003,-0.005917641328259693,0.2727272727272727,760.5,792.0,845.25
1150,39.7961497,-71.53092273,696.75,7.430761925494835,0.35660505846300744,77.89826871306668,-0.0008085024582459323,0.25252525252525254,760.5,792.0,845.25
1150,39.7961497,-71.53092273,696.75,7.248367010356434,0.3584708222251811,76.77610823381315,-0.0001301878858982271,0.23232323232323232,760.5,792.0,845.25
1150,39.7961497,-71.53092273,696.75,7.05705894113448,0.36112249274804137,76.55634307478066,-0.0022907504816347835,0.23737373737373738,760.5,792.0,845.25
1151,39.79611325,-71.53106372,696.75,7.042874809252504,0.36481906485466575,74.53385111454419,-0.003918573135595942,0.22727272727272727,760.5,792.0,845.25
1151,39.79611325,-71.53106372,696.75,7.145175137154202,0.36681354871098754,74.9846909640637,-0.008865935327692177,0.23737373737373738,760.5,792.0,845.25
1151,39.79611325,-71.53106372,696.75,7.275594255977553,0.36922111913909694,74.75801917325197,-0.007550810058526572,0.25757575757575757,760.5,792.0,845.25
1151,39.79611325,-71.53106372,696.75,7.121784008300861,0.3681670021378404,77.23403795394158,-0.002529936585739584,0.25757575757575757,760.5,792.0,845.25
1152,39.796071,-71.53119725,696.75,6.705190305601259,0.36429489988764935,77.00906467780672,0.001348701214115598,0.25757575757575757,760.5,792.0,845.25
1152,39.796071,-71.53119725,696.75,6.208599536682562,0.36041426173873603,76.33305219816106,-0.0100429677553844,0.25757575757575757,760.5,792.0,845.25
1152,39.796071,-71.53119725,696.75,6.322136792215684,0.35393431494521116,75.88065247999987,-0.008921043975514792,0.26262626262626265,760.5,792.0,845.25
1152,39.796071,-71.53119725,696.75,6.625521198877039,0.34620342764623485,76.32828829291532,-0.011553711334260095,0.2727272727272727,760.5,792.0,845.25
1153,39.79603138,-71.53133503,696.75,6.645374178299712,0.3407393497138445,76.10096641645421,-0.01884537147355329,0.25252525252525254,760.5,792.0,845.25
1153,39.79603138,-71.53133503,696.75,6.423655247508876,0.3353966584224453,75.42442626274494,-0.007599843355814633,0.25757575757575757,760.5,792.0,845.25
1153,39.79603138,-71.53133503,696.75,6.350715670044402,0.3364252580122689,75.87462144640519,-0.005374484961379361,0.25252525252525254,760.5,792.0,845.25
1153,39.79603138,-71.53133503,696.75,6.438761700441969,0.3435281404850915,75.87488566808064,-0.008963783541603546,0.25252525252525254,760.5,792.0,845.25
1154,39.79598475,-71.53146768,696.75,6.636707153056976,0.3493183518127795,74.52393463296109,-0.0043891073760502115,0.2474747474747475,760.5,792.0,845.25
1154,39.79598475,-71.53146768,696.75,6.8392436456044186,0.34870904279939,74.97416632328041,0.004745306170022175,0.24242424242424243,760.5,792.0,845.25
1154,39.79598475,-71.53146768,696.75,6.999041685110072,0.3489621745506858,76.09942234867997,0.0031259306278628002,0.23232323232323232,760.5,792.0,845.25
1154,39.79598475,-71.53146768,696.75,7.025805701794822,0.3542589038645574,76.77393275868556,0.0023881191727334506,0.23737373737373738,760.5,792.0,845.25
1155,39.79594005,-71.53160437,696.75,6.912152736139611,0.36255487311723233,76.09735188887566,-0.0015050968449695312,0.2474747474747475,760.5,792.0,845.25
1155,39.79594005,-71.53160437,696.75,6.770311657270871,0.36845266649876784,76.09701503682876,-0.007957606509887225,0.24242424242424243,760.5,792.0,845.25
1155,39.79594005,-71.53160437,696.75,6.630204809798358,0.3729285697519443,74.9717243018491,-0.008036195866742368,0.2474747474747475,760.5,792.0,845.25
1155,39.79594005,-71.53160437,696.75,6.481383817957913,0.3782860425708514,77.67486805745308,-0.006129444963668524,0.25757575757575757,760.5,792.0,845.25
1156,39.79589435,-71.5317404,696.75,6.505821215424601,0.38527611501866565,78.12677949472652,-0.011081690757616901,0.2777777777777778,760.5,792.0,845.25
1156,39.79589435,-71.5317404,696.75,6.683759879895914,0.39482945805718367,78.80378551769046,-0.006788264047116468,0.2878787878787879,760.5,792.0,845.25
1156,39.79589435,-71.5317404,696.75,6.768631985626108,0.4009443749407306,79.25464735629808,-0.006108462856796333,0.29797979797979796,760.5,792.0,845.25
1156,39.79589435,-71.5317404,696.75,7.001217633008315,0.40360421908230915,79.9296260111004,-0.0098522809687827,0.2474747474747475,760.5,792.75,845.25
1157,39.79584828,-71.53187233,696.75,7.003934300431967,0.4044382647902973,79.92964267810987,-0.012394797788545771,0.24242424242424243,760.5,792.75,845.25
1157,39.79584828,-71.53187233,696.75,6.961569481652723,0.4064285319574282,80.83360986209502,-0.003349978853789448,0.2474747474747475,760.5,792.75,845.25
1157,39.79584828,-71.53187233,696.75,7.193300840028708,0.4071092546480479,80.39201566298979,-0.001450754225678143,0.26262626262626265,760.5,792.75,845.25
1157,39.79584828,-71.53187233,696.75,7.3468507836019254,0.4087534844526877,79.73053454712698,-0.003692175890529418,0.25757575757575757,760.5,792.75,845.25
1157,39.79584828,-71.53187233,696.75,7.517424382589441,0.41443127401989766,78.18372225864613,-0.008845547595905478,0.26262626262626265,760.5,792.75,845.25
1158,39.7958008,-71.53201175,696.75,7.69844380763167,0.4204029132605808,78.84040921876455,-0.013530249992635062,0.25252525252525254,760.5,792.75,845.25
1158,39.7958008,-71.53201175,696.75,7.745849085110017,0.4190450303566709,79.02509302091748,-0.013984668623925084,0.27638190954773867,760.5,792.75,846.0000000000001
1158,39.7958008,-71.53201175,696.75,7.6395868806877205,0.41598733098336244,78.12358096602817,-0.007525675456528595,0.27638190954773867,760.5,792.75,846.0000000000001
1159,39.79575565,-71.532143,696.75,7.561616257665843,0.41723949352859324,77.67160061644262,-0.012026043829248694,0.27638190954773867,760.5,792.75,846.0000000000001
1159,39.79575565,-71.532143,696.75,7.395237574432088,0.42239585640003124,79.02369820492807,-0.01514600134863489,0.2914572864321608,760.5,792.75,846.0000000000001
1159,39.79575565,-71.532143,696.75,7.229999813524935,0.4255749264715504,77.89956962403834,-0.014858834319712208,0.3015075376884422,760.5,792.75,846.0000000000001
1159,39.79575565,-71.532143,696.75,7.200493498408864,0.42463309500932983,79.9265332042444,-0.010678254668155838,0.3015075376884422,760.5,792.75,846.0000000000001
1159,39.79575565,-71.532143,696.75,7.312366607504061,0.42388332741267387,80.37663353795952,-0.005095558367943159,0.2914572864321608,760.5,792.75,846.0000000000001
1160,39.79570918,-71.53227973,696.75,7.38510192255505,0.4263890987352462,78.57547551340186,-0.008695345590846082,0.3065326633165829,760.5,792.75,846.0000000000001
1160,39.79570918,-71.53227973,696.75,7.314528972785978,0.4291274123555417,80.37781035962433,-0.015289675331025434,0.3015075376884422,760.5,792.75,846.0000000000001
1160,39.79570918,-71.53227973,696.75,7.254338510851191,0.4327563405511405,80.37838598156856,-0.014312929077834501,0.3165829145728643,760.5,792.75,846.0000000000001
1160,39.79570918,-71.53227973,696.75,7.256673583933398,0.4367868260290442,80.37802829799784,-0.014037829887667108,0.3165829145728643,760.5,792.75,846.0000000000001
1161,39.79566958,-71.53241908,696.75,7.230090658326192,0.4395937713309707,81.05284066400277,-0.01589989011385034,0.2914572864321608,760.5,792.75,846.0000000000001
1161,39.79566958,-71.53241908,696.75,7.340488484179886,0.4424041018616609,80.1516184984887,-0.008527172422049324,0.2613065326633166,760.5,792.75,846.0000000000001
1161,39.79566958,-71.53241908,696.75,7.497596634379404,0.4454062775512304,79.92602529008279,-0.011527690261050967,0.24623115577889448,760.5,792.75,846.0000000000001
1161,39.79566958,-71.53241908,696.75,7.52627182029965,0.4482663216244587,79.92550194050023,-0.012002906750972726,0.25125628140703515,760.5,792.75,846.0000000000001
1162,39.79562887,-71.53255567,696.75,7.666934743829839,0.449157653274639,78.34914946223692,-0.00824905204445,0.2663316582914573,760.5,792.75,846.0000000000001
1162,39.79562887,-71.53255567,696.75,7.762876843076198,0.4459325346125349,77.67366111197185,-0.0059056146498293605,0.2663316582914573,760.5,792.75,846.0000000000001
1162,39.79562887,-71.53255567,696.75,7.593652575226196,0.4434923714092256,76.54981023055993,-0.004805203034369785,0.2613065326633166,760.5,792.75,846.0000000000001
1162,39.79562887,-71.53255567,696.75,7.646438733316798,0.43939557983707184,77.23277640499359,-0.0006787034787043853,0.2562814070351759,760.5,792.75,846.0000000000001
1163,39.79558662,-71.53269237,696.75,7.636658326195842,0.4331680168257113,78.15100337683644,0.0022613113059200777,0.27638190954773867,760.5,792.75,846.0000000000001
1163,39.79558662,-71.53269237,696.75,7.457196274377221,0.42305357374310854,77.73386250305,0.0035697379907066854,0.2964824120603015,760.5,792.75,846.0000000000001
1163,39.79558662,-71.53269237,696.75,7.23271534363262,0.41273935474899537,76.16296882875821,0.003801060768723251,0.3065326633165829,760.5,792.75,846.0000000000001
1163,39.79558662,-71.53269237,696.75,7.218228728383297,0.4079029059349599,76.83039401123855,0.004940973900952682,0.3065326633165829,760.5,792.75,846.0000000000001
1164,39.79554312,-71.5328307,696.75,7.259788592990735,0.40585088796069085,75.47333654419225,0.006770558231361755,0.2964824120603015,760.5,792.75,846.0000000000001
1164,39.79554312,-71.5328307,696.75,7.270869120837231,0.4060316341288029,77.7226491896126,0.0022083629597568826,0.32160804020100503,760.5,792.75,846.0000000000001
1164,39.79554312,-71.5328307,696.75,7.1072954470261225,0.40687409442179123,77.94662571275629,-0.001503867720760205,0.3165829145728643,760.5,792.75,846.0000000000001
1164,39.79554312,-71.5328307,696.75,6.965826236210541,0.40609872884460413,75.47191003054233,-0.006249413025372862,0.32663316582914576,760.5,792.75,846.0000000000001
1165,39.79549798,-71.53296582,696.75,7.036132681806559,0.4039340137552744,75.47365704929715,-0.007063352194501481,0.32663316582914576,760.5,792.75,846.0000000000001
1165,39.79549798,-71.53296582,696.75,7.13516382223217,0.3999609651992136,75.00895759403126,-0.0056466209607670325,0.3165829145728643,760.5,792.75,846.0000000000001
1165,39.79549798,-71.53296582,696.75,6.981156223082079,0.39454275880992273,75.44237618401841,-0.005098837765125997,0.31155778894472363,760.5,792.75,846.0000000000001
1165,39.79549798,-71.53296582,696.75,6.8839221603591145,0.391582934147898,78.15164665976171,-0.006574125017191197,0.32160804020100503,760.5,792.75,846.0000000000001
1166,39.79545178,-71.53310098,696.75,7.008129494726717,0.3912556996846703,78.39050793181731,-0.014294040243257044,0.3316582914572864,760.5,792.75,846.0000000000001
1166,39.79545178,-71.53310098,696.75,6.983216612501827,0.38542121923662437,78.83900836097477,-0.013707843658673047,0.36683417085427134,760.5,792.75,846.0000000000001
1166,39.79545178,-71.53310098,696.75,7.01607843348657,0.38086061556605616,76.13312654093109,-0.0019040995059283062,0.34673366834170855,760.5,792.75,846.0000000000001
1166,39.79545178,-71.53310098,696.75,6.943684485842545,0.38141497616995657,76.59473744632913,-0.005773887294486978,0.3065326633165829,760.5,792.75,846.0000000000001
1167,39.7954105,-71.53324217,696.75,6.992714727810553,0.3815310419550476,75.92562182505269,-0.005692968333516773,0.3065326633165829,760.5,792.75,846.0000000000001
1167,39.7954105,-71.53324217,696.75,7.3386208059891525,0.38281856610212994,75.446049104896,-0.009432712345357917,0.2914572864321608,760.5,792.75,846.0000000000001
1167,39.7954105,-71.53324217,696.75,7.537314609274846,0.38061596334629816,76.31512329482393,-0.011848992607684109,0.2914572864321608,760.5,792.75,846.0000000000001
1167,39.7954105,-71.53324217,696.75,7.3252841265906286,0.37710991335865945,75.16919818852237,-0.004556350067857725,0.27638190954773867,760.5,792.75,846.0000000000001
1168,39.79536718,-71.53337712,696.75,6.876617478227952,0.3720947446905296,75.24806689216352,-0.006788952072668431,0.2613065326633166,760.5,792.75,846.0000000000001
1168,39.79536718,-71.53337712,696.75,7.246160872447189,0.36642735598450793,75.22855192806513,-0.008045342406808563,0.2914572864321608,760.5,792.75,846.0000000000001
1168,39.79536718,-71.53337712,696.75,7.259341195042136,0.3610018660755273,76.12003342190333,-0.010328850783951673,0.3316582914572864,760.5,792.75,846.0000000000001
1168,39.79536718,-71.53337712,696.75,7.199443048737835,0.3606186564618489,75.21307663165474,-0.00578343518273515,0.32663316582914576,760.5,792.75,846.0000000000001
1169,39.79532377,-71.53351567,696.75,7.283909766722379,0.36541200725142414,76.33267253472775,-0.007934486996653368,0.3165829145728643,760.5,792.75,846.0000000000001
1169,39.79532377,-71.53351567,696.75,7.322274015652374,0.37178736703930376,75.20020289246568,-0.009306467075481023,0.3065326633165829,760.5,792.75,846.0000000000001
1169,39.79532377,-71.53351567,696.75,7.063769970185864,0.3726532049087006,74.29344756949718,-0.011523298637235856,0.3065326633165829,760.5,792.75,846.0000000000001
1169,39.79532377,-71.53351567,696.75,7.1122186548907065,0.36926734197483374,74.2891451989142,-0.015458419081157106,0.3065326633165829,760.5,792.75,846.0000000000001
1170,39.79527793,-71.53365292,696.75,7.235530408026468,0.36758623502231447,74.28640166141604,-0.015035835551880164,0.2864321608040201,760.5,792.75,846.0000000000001
1170,39.79527793,-71.53365292,696.75,7.267027889405484,0.3702107080969129,74.96125771765583,-0.012719603923022597,0.27638190954773867,760.5,792.75,846.0000000000001
1170,39.79527793,-71.53365292,696.75,7.0663423414449715,0.3766359359319902,75.18407772675887,-0.0018533139573362473,0.3065326633165829,760.5,792.75,846.0000000000001
1170,39.79527793,-71.53365292,696.75,6.610083639516839,0.38053049309771364,74.27734550403805,-0.003685437916676674,0.2964824120603015,761.2500000000001,792.75,846.0000000000001
1171,39.79523367,-71.53379097,696.75,6.497585117469431,0.3794325546266836,74.03563026739516,-0.00414981369727444,0.3316582914572864,761.2500000000001,792.75,846.0000000000001
1171,39.79523367,-71.53379097,696.75,6.351088320515792,0.3807126796647393,72.65130229016762,-0.0067906594759196415,0.33668341708542715,761.2500000000001,792.75,846.0000000000001
1171,39.79523367,-71.53379097,696.75,6.351492398126434,0.38465591714971725,72.62074517738849,-0.0011771590718199772,0.2914572864321608,761.2500000000001,792.75,846.0000000000001
1171,39.79523367,-71.53379097,697.5,6.477945353641548,0.38329695104396316,71.92616373854725,0.004196039261504884,0.2727272727272727,761.2500000000001,792.75,846.0000000000001
1172,39.7951943,-71.53392845,697.5,6.271964716199804,0.38162376831083855,72.13924850021517,0.004293430746679172,0.26262626262626265,761.2500000000001,792.75,846.0000000000001
1172,39.7951943,-71.53392845,697.5,6.285555906578057,0.38073210429613125,75.28644149646178,0.000823978583492683,0.2828282828282828,761.2500000000001,792.75,846.0000000000001
1172,39.7951943,-71.53392845,697.5,6.650491852104574,0.38056831129187146,75.51654592284173,-0.0006656444917431745,0.2777777777777778,761.2500000000001,792.75,846.0000000000001
1172,39.7951943,-71.53392845,697.5,6.59336092189109,0.3815195077353629,76.64208872472585,-0.008553732974845503,0.26262626262626265,761.2500000000001,792.75,846.0000000000001
1173,39.79515858,-71.5340661,698.25,6.063021129839445,0.38260259543082775,75.50933829610274,-0.009698040942510918,0.27918781725888325,761.2500000000001,792.75,846.0000000000001
1173,39.79515858,-71.5340661,698.25,5.930029278161943,0.38037151638926364,74.59416889353763,-0.007897269790521029,0.25380710659898476,761.2500000000001,792.75,846.0000000000001
1173,39.79515858,-71.5340661,698.25,6.450721043626326,0.37859677830467175,73.67192708974444,-0.0009729502584334204,0.2436548223350254,761.2500000000001,792.75,846.0000000000001
1173,39.79515858,-71.5340661,699.0,6.993756585664227,0.3773617681080251,74.31025298621728,-0.002784784518388024,0.22448979591836735,761.2500000000001,792.75,846.0000000000001
1173,39.79515858,-71.5340661,699.0,7.5116265592670795,0.3740317363883909,73.60037465622077,0.0010711748186168827,0.28061224489795916,761.2500000000001,792.75,846.0000000000001
1174,39.79511683,-71.53420878,699.0,7.873451410959117,0.3711999638531883,73.13285387985172,-0.0038719569655582533,0.2857142857142857,761.2500000000001,792.75,846.0000000000001
1174,39.79511683,-71.53420878,699.75,7.897086704729917,0.37226518045105295,73.35656399855087,-0.006143733621364741,0.29743589743589743,761.2500000000001,792.75,846.0000000000001
1174,39.79511683,-71.53420878,700.5,7.8171288329588595,0.3746539579470336,74.28957545932649,-0.0033381690448516924,0.25773195876288657,761.2500000000001,792.75,846.0000000000001
1175,39.79507662,-71.53434435,700.5,7.847464727470789,0.37331993223765847,73.52413303412791,0.0011021675395420484,0.26288659793814434,761.2500000000001,792.75,846.0000000000001
1175,39.79507662,-71.53434435,700.5,7.868884670284444,0.3677268729413461,72.87365398511399,-0.0074190817831395715,0.26804123711340205,761.2500000000001,792.75,846.0000000000001
1175,39.79507662,-71.53434435,700.5,7.581898020190785,0.3653008825462062,75.13398768746539,-0.013239694425955344,0.27319587628865977,761.2500000000001,792.75,846.0000000000001
1175,39.79507662,-71.53434435,700.5,6.964024471635217,0.37072463623268975,72.66340908725103,-0.0014809154176298744,0.24742268041237114,761.2500000000001,792.75,846.0000000000001
1176,39.79503318,-71.53447793,700.5,6.502337704406291,0.37581780450433033,73.34373323362337,-0.011880294063108207,0.25257731958762886,761.2500000000001,792.75,846.0000000000001
1176,39.79503318,-71.53447793,700.5,6.887667792787057,0.3761500496861416,71.54264365800097,-0.006186875926982984,0.27319587628865977,761.2500000000001,792.75,846.0000000000001
1176,39.79503318,-71.53447793,702.0,6.9880835581848935,0.3788594198837271,72.66123577587398,-0.00356466357375718,0.265625,762.7500000000001,792.75,846.0000000000001
1176,39.79503318,-71.53447793,702.0,8.650274830536125,0.3852745452342494,73.55247051834418,-0.008752114576672203,0.2916666666666667,762.7500000000001,792.75,846.0000000000001
1177,39.79498157,-71.53460863,702.0,10.232041302217858,0.3936643442364592,73.77570022290315,0.006345975120845062,0.2864583333333333,762.7500000000001,792.75,846.0000000000001
1177,39.79498157,-71.53460863,702.75,11.640730613710156,0.3940140904455888,74.2339635623287,0.0010971592410735425,0.3036649214659686,762.7500000000001,792.75,846.0000000000001
1177,39.79498157,-71.53460863,702.75,11.394742217418957,0.38936653086764167,75.14157693650571,0.0002545092539471981,0.2926829268292683,783.75,822.0000000000001,856.5000000000001
1177,39.79498157,-71.53460863,703.5,11.136969383404276,0.3811576436080005,75.36437795387083,0.0036166910608205313,0.27450980392156865,783.75,822.0000000000001,856.5000000000001
1177,39.79498157,-71.53460863,703.5,10.459740020629267,0.3748106970631567,75.34797256246354,-0.0013154598763504678,0.23039215686274508,783.75,822.0000000000001,856.5000000000001
1178,39.79493215,-71.53474845,703.5,9.333876642341657,0.37234147805848744,77.30813054782945,0.002706527656308046,0.25,792.0,825.75,856.5000000000001
1178,39.79493215,-71.53474845,703.5,8.343726845485548,0.3693422689882551,78.31369479301154,-0.0019521027466485035,0.24899598393574296,792.75,846.0000000000001,890.25
1178,39.79493215,-71.53474845,703.5,7.827371293189306,0.3653980102068988,75.8183962326836,0.005972403825114155,0.26104417670682734,792.75,846.0000000000001,890.25
1178,39.79493215,-71.53474845,703.5,7.678339469428922,0.3690676451118588,74.68318858673885,0.012369630977071841,0.26506024096385544,792.75,846.0000000000001,890.25
1179,39.79488485,-71.534881,703.5,7.588776784195575,0.3775778909878716,75.35413856462452,0.00792686412479507,0.26104417670682734,792.75,846.0000000000001,890.25
1179,39.79488485,-71.534881,703.5,8.006961572501487,0.38587441737081235,75.46200502312612,0.0030206403624405773,0.26907630522088355,792.75,846.0000000000001,890.25
1179,39.79488485,-71.534881,704.25,8.546656999867523,0.3982590063194078,75.90918023721262,0.006195506505751705,0.28225806451612906,792.75,846.0000000000001,890.25
1179,39.79488485,-71.534881,705.0,8.548238834199784,0.40781981124634886,78.16062067018841,-0.007979313249705385,0.25101214574898784,792.75,846.0000000000001,890.25
1180,39.79484073,-71.53501612,705.0,8.333983224260626,0.4100991232783956,75.1267022653451,-0.009401146162095232,0.242914979757085,792.75,846.0000000000001,890.25
1180,39.79484073,-71.53501612,705.75,8.3370386375568,0.40678239737197963,76.04969554014325,-0.017530924598162932,0.25609756097560976,792.75,846.0000000000001,890.25
1180,39.79484073,-71.53501612,705.75,8.542737496517711,0.3988110553364777,75.45535380071408,-0.0038979964252423603,0.25203252032520324,792.75,846.0000000000001,890.25
1180,39.79484073,-71.53501612,705.75,8.48885842946344,0.3948286377518106,75.07672206524235,-3.6424726893666977e-06,0.250996015936255,792.75,846.0000000000001,894.0
1181,39.79479397,-71.53514915,705.75,7.633539196384882,0.39194525458172796,74.65196945300458,0.0021519658141937693,0.23107569721115537,792.75,846.0000000000001,894.0
1181,39.79479397,-71.53514915,705.75,7.020414274831463,0.38364433157467603,74.21793559062266,-0.0005757151989683629,0.2151394422310757,792.75,846.0000000000001,894.0
1181,39.79479397,-71.53514915,705.75,6.510687466418165,0.38008074192128993,74.45068967894082,-0.0031012279817662553,0.22310756972111553,792.75,846.0000000000001,894.0
1181,39.79479397,-71.53514915,706.5,7.031330089472268,0.383592979777371,71.29681033923517,0.004373928232739597,0.204,792.75,846.0000000000001,894.0
1182,39.79474748,-71.53528775,706.5,7.3769781759775706,0.3883253663638015,72.19188798785511,0.004294956792342907,0.212,792.75,846.0000000000001,894.0
1182,39.79474748,-71.53528775,706.5,7.337418599783029,0.38965673135266476,72.6410951127093,-0.008428608885030737,0.24,792.75,846.0000000000001,894.0
1182,39.79474748,-71.53528775,706.5,7.047516875247968,0.3896553643452102,75.57303066590461,-0.009632713251933944,0.24,792.75,846.0000000000001,894.0
1182,39.79474748,-71.53528775,706.5,7.114621347682357,0.38696222485882864,75.12972598408328,-0.0038305212395092774,0.244,792.75,846.0000000000001,894.0
1183,39.79470237,-71.5354182,706.5,7.072654006083672,0.3856120989664195,76.25735028887576,-0.00671319434456615,0.256,792.75,846.0000000000001,894.0
1183,39.79470237,-71.5354182,706.5,7.0960814693904615,0.38631060460001454,75.35077556536238,-0.010061416713086548,0.248,792.75,846.0000000000001,894.0
1183,39.79470237,-71.5354182,706.5,7.499646619605082,0.389228903792377,74.20686750468595,-0.010744906915669827,0.248,792.75,846.0000000000001,894.0
1183,39.79470237,-71.5354182,706.5,7.622391415855682,0.3919395210681566,73.72875817417349,-0.001332560486118979,0.232,792.75,846.0000000000001,894.0
1184,39.794658,-71.53555535,706.5,7.699184210161344,0.39425127146474204,74.14663086057031,0.002154614645156328,0.236,792.75,846.0000000000001,894.0
1184,39.794658,-71.53555535,706.5,7.709164861280906,0.3905753030729012,74.56898356947292,-5.758837737048479e-05,0.248,792.75,846.0000000000001,894.0
1184,39.794658,-71.53555535,706.5,7.45159561658591,0.38720353269754443,73.88642551726875,-0.008700543203605002,0.248,792.75,846.0000000000001,894.0
1184,39.794658,-71.53555535,706.5,6.878673588125925,0.38804707820219775,74.12547150076976,-0.011198283619098942,0.22,792.75,846.0000000000001,894.0
1185,39.79461087,-71.53568773,706.5,6.721310827506508,0.38690875968197935,74.15070336003578,-0.01291657599834285,0.208,792.75,846.0000000000001,894.0
1185,39.79461087,-71.53568773,706.5,7.378174103933679,0.38078204350838013,72.83169889455121,-0.00809653298217031,0.24,792.75,846.0000000000001,894.0
1185,39.79461087,-71.53568773,706.5,7.437022883777389,0.3769497058412431,74.8912924566695,-0.01403691242071118,0.236,792.75,846.0000000000001,894.0
1185,39.79461087,-71.53568773,706.5,7.108228239313981,0.3776504524028057,74.69206026339376,-0.0123844134317143,0.232,792.75,846.0000000000001,894.0
1186,39.79456243,-71.53582348,706.5,7.170340043280619,0.36900847955366084,74.70730444194734,-0.013254407122312862,0.244,792.75,846.0000000000001,894.0
1186,39.79456243,-71.53582348,706.5,7.6112202641061115,0.36438778049299886,73.3634718898394,-0.00044491844091748014,0.248,792.75,846.0000000000001,894.0
1186,39.79456243,-71.53582348,706.5,7.848917231312271,0.36333720622550714,74.26862519458552,0.003971058290243356,0.276,792.75,846.0000000000001,894.0
1186,39.79456243,-71.53582348,706.5,8.209997282554768,0.3651406959248488,73.59774080823219,-0.0059725584756756345,0.268,792.75,846.0000000000001,894.0
1187,39.7945212,-71.53595935,706.5,8.410534654346193,0.36517966498498167,71.57552689796763,0.005341719743427316,0.276,792.75,846.0000000000001,894.0
1187,39.7945212,-71.53595935,707.25,8.340079959222066,0.37152335380309826,72.47858945682174,0.013072974033574686,0.25301204819277107,792.75,846.0000000000001,894.0
1187,39.7945212,-71.53595935,707.25,8.278067634850341,0.37782221700943036,72.25483429908091,0.015093078333282335,0.24497991967871485,792.75,846.0000000000001,894.0
1187,39.7945212,-71.53595935,707.25,8.313964245492093,0.3774761685793326,74.058463316724,0.012995564914481136,0.2248995983935743,792.75,846.0000000000001,894.0
1188,39.7944838,-71.53609288,707.25,8.34505126677237,0.3716685363344139,74.28656858425681,0.004190457002302902,0.2289156626506024,792.75,846.0000000000001,894.0
1188,39.7944838,-71.53609288,707.25,8.45664838806235,0.3657536591710368,73.38816860291108,0.011665128521028339,0.23293172690763053,792.75,846.0000000000001,894.0
1188,39.7944838,-71.53609288,707.25,8.445350268109607,0.36264732174634373,72.93852131230955,0.0191244794223614,0.2248995983935743,792.75,846.0000000000001,894.0
1188,39.7944838,-71.53609288,707.25,7.887793444335882,0.35576447642329434,74.06385280222912,0.013519160365365851,0.22088353413654618,792.75,846.0000000000001,894.0
1189,39.79444267,-71.53623018,707.25,7.03963148359829,0.34745758950163885,74.0626776927994,0.009828546784720216,0.22088353413654618,792.75,846.0000000000001,894.0
1189,39.79444267,-71.53623018,707.25,6.428755238748691,0.34302222164026847,72.48516269972116,0.005922757160299705,0.23293172690763053,792.75,846.0000000000001,894.0
1189,39.79444267,-71.53623018,707.25,6.442213383314856,0.34068206137010987,73.6100615764595,0.011805528486935732,0.24899598393574296,792.75,846.0000000000001,894.0
1189,39.79444267,-71.53623018,707.25,6.509504913113571,0.34298101449175494,73.60973965469034,0.013262128327767202,0.24096385542168675,792.75,846.0000000000001,894.0
1190,39.79440343,-71.53636498,707.25,6.3282809958983135,0.3422142071521906,74.06045204159633,0.012090714947453668,0.26104417670682734,792.75,846.0000000000001,894.0
1190,39.79440343,-71.53636498,707.25,6.0299277140190615,0.34636988513553757,72.70987718496129,0.00810181722861228,0.2931726907630522,792.75,846.0000000000001,894.0
1190,39.79440343,-71.53636498,707.25,6.040573706301991,0.35092856845137677,72.93402333006784,0.007127393857661417,0.26907630522088355,792.75,846.0000000000001,894.0
1190,39.79440343,-71.53636498,707.25,6.299726113942234,0.3559046018919539,74.28034227509492,0.010568291565763157,0.25301204819277107,792.75,846.0000000000001,894.0
1191,39.7943559,-71.53649733,707.25,6.103139411475646,0.3614980424084791,74.26874580285114,0.006762499861434372,0.25301204819277107,792.75,846.0000000000001,894.0
1191,39.7943559,-71.53649733,707.25,5.769523694746502,0.3688953021342861,74.22312452209492,0.010710177217343632,0.26104417670682734,792.75,846.0000000000001,894.0
1191,39.7943559,-71.53649733,707.25,6.119114449704524,0.37204222637678797,75.05782717150338,0.005484374643533292,0.24899598393574296,792.75,846.0000000000001,894.0
1191,39.7943559,-71.53649733,707.25,6.592986416236507,0.3741275324605865,73.64815967006759,0.0042057259233437465,0.2248995983935743,792.75,846.0000000000001,894.0
1192,39.79430915,-71.536632,707.25,6.968409411404677,0.3752462518870726,74.71352283052697,0.009688928793908686,0.23694779116465864,792.75,846.0000000000001,894.0
1192,39.79430915,-71.536632,707.25,7.158123625612528,0.3735672560133512,75.93173279946392,0.008364240314272365,0.24497991967871485,792.75,846.0000000000001,894.0
1192,39.79430915,-71.536632,707.25,6.873004913366636,0.36676637167959153,75.70120003395459,0.006592432230353188,0.24497991967871485,792.75,846.0000000000001,894.0
1192,39.79430915,-71.536632,707.25,6.526746717378789,0.3627084596963107,75.47685240932798,0.0025664289258072923,0.24899598393574296,792.75,846.0000000000001,894.0
1193,39.79426247,-71.53676655,707.25,6.371932071811451,0.36529314371159377,75.48288121065502,-0.0007269039032985464,0.25301204819277107,792.75,846.0000000000001,894.0
1193,39.79426247,-71.53676655,707.25,6.253973780148555,0.3660415838556389,75.38079241019553,-0.0009907831350717679,0.285140562248996,792.75,846.0000000000001,894.0
1193,39.79426247,-71.53676655,707.25,6.3417796927899035,0.3649881162321753,75.16823081959274,0.0034344919042941964,0.27710843373493976,792.75,846.0000000000001,894.0
1193,39.79426247,-71.53676655,707.25,6.63484791442334,0.36654285348028187,76.75922710359733,0.003957291284903526,0.26104417670682734,792.75,846.0000000000001,894.0
1194,39.79421212,-71.53689558,707.25,6.78007334582009,0.36725958955012905,76.32330443722577,0.007759655383998401,0.2570281124497992,792.75,846.0000000000001,894.0
1194,39.79421212,-71.53689558,707.25,7.267961009469238,0.36742744814335804,78.80908617602306,0.014096992013707317,0.25301204819277107,792.75,846.0000000000001,894.0
1194,39.79421212,-71.53689558,707.25,7.275857924593266,0.36864400458363217,78.36153710370921,0.013618692250236803,0.24899598393574296,792.75,846.0000000000001,894.0
1194,39.79421212,-71.53689558,707.25,7.108955410492647,0.36449904520216697,77.46128124745216,0.003562444315173703,0.26104417670682734,792.75,846.0000000000001,894.0
1195,39.7941638,-71.53702973,707.25,6.915260758655438,0.3640514313199491,78.14374669165981,0.0009474221136250854,0.24497991967871485,792.75,846.0000000000001,894.0
1195,39.7941638,-71.53702973,706.5,7.011041922568434,0.36707111438807366,76.35701997220161,-0.0016341175957917146,0.24,792.75,846.0000000000001,894.0
1195,39.7941638,-71.53702973,706.5,7.166026157333004,0.36727346539647004,75.4732507911157,0.0059414886635430555,0.224,792.75,846.0000000000001,894.0
1195,39.7941638,-71.53702973,706.5,7.5020720429669066,0.370205461876114,74.35618142174731,0.005318538195688641,0.22,792.75,846.0000000000001,894.0
1196,39.7941161,-71.53716523,706.5,8.014430190271005,0.37127063998291787,74.58341767330934,0.0014939672621520849,0.244,792.75,846.0000000000001,894.0
1196,39.7941161,-71.53716523,706.5,8.551307311729479,0.37355910293335615,74.810179309042,0.001723856281990877,0.24,792.75,846.0000000000001,894.0
1196,39.7941161,-71.53716523,706.5,8.70628667038873,0.37321628240672616,75.26652386924447,0.006024044811140258,0.248,792.75,846.0000000000001,894.0
1196,39.7941161,-71.53716523,706.5,8.192804917241505,0.3745210534383267,76.89376859551658,0.004286432967610757,0.248,792.75,846.0000000000001,894.0
1197,39.79407283,-71.53729992,706.5,7.4043318949785455,0.3730012451179773,73.54799275134143,0.007171026907870074,0.236,792.75,846.0000000000001,894.0
1197,39.79407283,-71.53729992,706.5,6.744695596304622,0.3755969837232157,73.28827129191326,-0.0026648468574240005,0.224,792.75,846.0000000000001,894.0
1197,39.79407283,-71.53729992,706.5,6.6104658369128115,0.3762921348518449,74.61516368088415,0.0031343685481526377,0.228,792.75,846.0000000000001,894.0
1197,39.79407283,-71.53729992,706.5,6.57515684515189,0.37833765821246973,75.95609087319727,0.018663191592902393,0.272,792.75,846.0000000000001,894.0
1198,39.79403257,-71.5374377,706.5,7.139547049190381,0.37794373604694154,75.05131276285475,0.022397558532183143,0.284,792.75,846.0000000000001,894.0
1198,39.79403257,-71.5374377,706.5,7.559191471049159,0.3758864377051223,75.27626859111732,0.02011548739818446,0.28,792.75,846.0000000000001,894.0
1198,39.79403257,-71.5374377,706.5,7.653365581865286,0.3716162399285109,74.59942400693582,0.014747167618160894,0.276,792.75,846.0000000000001,894.0
1198,39.79403257,-71.5374377,706.5,7.620712371899818,0.3718083154822989,74.82135772329886,0.015888308331603127,0.292,792.75,846.0000000000001,894.0
1199,39.79399227,-71.53757507,706.5,7.749077951009608,0.3714623328558108,74.59498402465876,0.017348317872408286,0.256,792.75,846.0000000000001,894.0
1199,39.79399227,-71.53757507,706.5,7.961610846356656,0.3705583403996698,74.14642101375964,0.016246244227370744,0.252,792.75,846.0000000000001,894.0
1199,39.79399227,-71.53757507,706.5,7.9342017390120825,0.37028666305866664,73.02304957426006,0.0152765751260474,0.232,792.75,846.0000000000001,894.0
1199,39.79399227,-71.53757507,706.5,7.897361693546526,0.3724857747456007,74.59952865926657,0.017446838931802794,0.272,792.75,846.0000000000001,894.0
1200,39.7939549,-71.5377168,706.5,7.792057609429951,0.37363738990621054,76.16922423895416,0.015985007310870183,0.276,792.75,846.0000000000001,894.0
1200,39.7939549,-71.5377168,706.5,7.789456074760885,0.3724523368696974,74.8055783324596,0.010553035933193728,0.24,792.75,846.0000000000001,894.0
1200,39.7939549,-71.5377168,706.5,7.9713151960204405,0.37416328056907644,72.76796587605689,0.008389051582480305,0.244,792.75,846.0000000000001,894.0
1200,39.7939549,-71.5377168,707.25,7.841384103118954,0.3749636852067023,71.86267330461038,0.012773368962382538,0.23694779116465864,792.75,846.0000000000001,894.0
1201,39.7939125,-71.53785128,707.25,7.3237839587293685,0.3762367722060194,71.86172169631857,0.006243168788642334,0.23293172690763053,792.75,846.0000000000001,894.0
1201,39.7939125,-71.53785128,707.25,7.23069855669801,0.38184224441224246,73.4344648023872,0.0055670292255657365,0.20883534136546184,792.75,846.0000000000001,894.0
1201,39.7939125,-71.53785128,707.25,7.269085787085442,0.38509513745456186,71.17959658056985,-0.0010382878844265454,0.19678714859437751,792.75,846.0000000000001,894.0
1201,39.7939125,-71.53785128,707.25,7.201649226160649,0.38223775035362867,72.98225488600595,0.00219813523425283,0.20883534136546184,792.75,846.0000000000001,894.0
1202,39.79387028,-71.53799098,707.25,6.977442501800294,0.3808107944062726,71.85856816267703,0.00893643103266431,0.19678714859437751,792.75,846.0000000000001,894.0
1202,39.79387028,-71.53799098,707.25,7.135666595790495,0.3817324272745475,72.5299732654839,0.006993074741145942,0.1927710843373494,792.75,846.0000000000001,894.0
1202,39.79387028,-71.53799098,707.25,7.8035018555905795,0.3813024490183148,72.74969183915486,0.0012881281850819007,0.20481927710843373,792.75,846.0000000000001,894.0
1202,39.79387028,-71.53799098,707.25,8.817447749544638,0.37811169824041624,74.5510722108675,0.0010367587372994026,0.20883534136546184,792.75,846.0000000000001,894.0
1202,39.79387028,-71.53799098,707.25,9.773111035864087,0.37480959329627567,72.07892732089883,0.005918097408868216,0.20481927710843373,792.75,846.0000000000001,894.0
1203,39.7938247,-71.53813465,707.25,9.864601010550938,0.3737929490561382,74.33677149794187,0.013609152300038056,0.2248995983935743,792.75,846.0000000000001,894.0
1203,39.7938247,-71.53813465,707.25,9.260597450446289,0.3728478681749167,75.91643505411326,0.007482543678662984,0.24899598393574296,792.75,846.0000000000001,894.0
1203,39.7938247,-71.53813465,707.25,9.21241055048852,0.36933449808527985,76.37077414486195,0.005801618334747861,0.2248995983935743,792.75,846.0000000000001,894.0
1204,39.7937827,-71.53826517,707.25,9.76682049209911,0.3648294952363246,75.70554382068772,0.00792629836905348,0.22088353413654618,792.75,846.0000000000001,894.0
1204,39.7937827,-71.53826517,707.25,10.300122586820079,0.35919656962186564,75.9442287639579,0.0026817341663553755,0.21686746987951808,792.75,846.0000000000001,894.0
1204,39.7937827,-71.53826517,707.25,10.191407111082468,0.362345565896507,74.15412345615282,0.001569917005585541,0.23293172690763053,792.75,846.0000000000001,894.0
1204,39.7937827,-71.53826517,707.25,9.832666668779877,0.36654314849606007,73.48954868588237,0.008758604308773232,0.21686746987951808,792.75,846.0000000000001,894.0
1205,39.79373572,-71.5383992,707.25,9.327086191328295,0.36609184800211786,71.25378335261564,0.009907430355802533,0.19678714859437751,792.75,846.0000000000001,894.0
1205,39.79373572,-71.5383992,707.25,9.137333583599908,0.3671383061046472,71.71879836778128,0.010457693628613691,0.21285140562248997,792.75,846.0000000000001,894.0
1205,39.79373572,-71.5383992,707.25,9.16330519983594,0.36996638057709563,73.3078079510847,0.015610845290183811,0.2248995983935743,792.75,846.0000000000001,894.0
1205,39.79373572,-71.5383992,707.25,8.949153381503812,0.37512686112758226,73.3196826803959,0.01081700194931842,0.23694779116465864,792.75,846.0000000000001,894.0
1205,39.79373572,-71.5383992,708.0,8.528154150238109,0.3759616100208533,72.87892273218911,0.0051696103868095495,0.25,792.75,846.0000000000001,894.0
1206,39.79368677,-71.53853555,708.0,8.265403819902698,0.372979457069452,74.01315733615627,0.0010679922840510683,0.2540322580645161,792.75,846.0000000000001,894.0
1206,39.79368677,-71.53853555,708.0,7.584117833800827,0.37422738617365753,73.79612495846241,0.006718035462441918,0.24596774193548387,792.75,846.0000000000001,894.0
1206,39.79368677,-71.53853555,708.0,7.2603068796879695,0.37897409441923957,76.05708210880198,0.013187405011259229,0.24193548387096775,792.75,846.0000000000001,894.0
1206,39.79368677,-71.53853555,708.0,7.245960455110304,0.3845616826700682,74.26287487195155,0.01702794171623286,0.2620967741935484,792.75,846.0000000000001,894.0
1207,39.79364022,-71.53867488,708.0,7.122745237716924,0.3827472559072126,74.0424753393062,0.014020436299066727,0.2620967741935484,792.75,846.75,894.0
1207,39.79364022,-71.53867488,708.0,6.902820305175027,0.37927949342972617,74.04525066148295,0.018411716009550206,0.2540322580645161,792.75,846.75,894.0
1207,39.79364022,-71.53867488,708.0,7.6943582716059655,0.37741123920455627,73.37132775748688,0.015527307941589543,0.25,792.75,846.75,894.0
1207,39.79364022,-71.53867488,708.0,8.654738845848453,0.37868545227383327,72.6969268266409,0.009462135645236822,0.22983870967741934,792.75,846.75,894.0
1208,39.79359218,-71.53880513,708.0,8.791726658409647,0.37840484530179924,72.92379887591233,0.01699072577412441,0.20967741935483872,792.75,846.75,894.0
1208,39.79359218,-71.53880513,708.0,8.573116960981809,0.37751955516590585,73.82720467939703,0.018328792868111808,0.2056451612903226,792.75,846.75,894.0
1208,39.79359218,-71.53880513,708.0,8.674200372559728,0.38301661134430187,75.18090211273062,0.017297813128311572,0.2217741935483871,792.75,846.75,894.0
1208,39.79359218,-71.53880513,708.0,8.947695196229258,0.39115623606685107,75.40699180758516,0.008690932273024761,0.22580645161290322,792.75,846.75,894.0
1209,39.79354885,-71.53894538,708.0,9.055715740763647,0.39536536795501587,74.95531251262165,-0.0016170142756968611,0.22983870967741934,792.75,846.75,894.0
1209,39.79354885,-71.53894538,708.0,9.26130163049927,0.39955982409647717,73.15224531003904,0.0017301441495033798,0.21774193548387097,792.75,846.75,894.0
1209,39.79354885,-71.53894538,708.0,9.0706772645608,0.4031034717790092,72.92750874996969,0.013474411940170874,0.22580645161290322,792.75,846.75,894.0
1209,39.79354885,-71.53894538,708.0,8.30876593800866,0.4071455580267294,72.93094372870213,0.013927162968640733,0.22983870967741934,792.75,846.75,894.0
1210,39.79350918,-71.53908008,708.0,7.696739031871877,0.4121723728229826,73.61115931477386,0.008648878785847375,0.22983870967741934,792.75,846.75,894.0
1210,39.79350918,-71.53908008,708.0,7.394481925846201,0.41962456736865694,73.8398680004476,0.011038231242186855,0.21370967741935484,792.0,846.75,894.0
1210,39.79350918,-71.53908008,708.0,7.2284070859170875,0.42542709632093045,74.74195666008141,0.008207269431037788,0.22983870967741934,792.0,846.75,894.0
1210,39.79350918,-71.53908008,708.0,7.418216989022967,0.4265754040386797,75.64283605623892,0.007395103792447897,0.24193548387096775,792.0,846.75,894.0
1211,39.79346983,-71.53922252,708.0,7.473808478937862,0.4243487218170741,74.51746131077341,0.008282242590334004,0.2620967741935484,792.0,846.75,894.0
1211,39.79346983,-71.53922252,708.0,7.564678170226085,0.4214018322402989,76.09496217628435,0.005833481895376719,0.25806451612903225,792.0,846.75,894.0
1211,39.79346983,-71.53922252,708.0,7.824297550544543,0.4197775962933419,76.54661847499969,0.010122056856533999,0.23387096774193547,792.0,846.75,894.0
1211,39.79346983,-71.53922252,708.0,8.043674225823843,0.4188831604506996,75.42143858255712,0.013376317207857561,0.23387096774193547,792.0,846.75,894.0
1212,39.79343548,-71.53936657,708.0,8.150522418330764,0.41775780452391525,76.99796291795812,0.007751855078895259,0.2056451612903226,792.0,846.75,894.0
1212,39.79343548,-71.53936657,708.0,8.163477559622304,0.4169812483100012,76.09764717905486,0.012363043650654128,0.20967741935483872,792.0,846.75,894.0
1212,39.79343548,-71.53936657,708.0,7.790354678565261,0.4161177741869717,75.4228701839415,0.011732090785899872,0.1935483870967742,792.0,846.75,894.0
1212,39.79343548,-71.53936657,708.0,7.292669588233647,0.4203395713906372,76.77477093361031,0.004949052195214726,0.1935483870967742,792.0,846.75,894.0
1213,39.79339928,-71.53950317,708.0,7.622260286118933,0.422116933569794,75.19942782248398,-0.0004934555605357139,0.1814516129032258,792.0,846.75,894.0
1213,39.79339928,-71.53950317,708.0,7.484597040522498,0.4183502481161406,75.87572363699809,0.00173138354768033,0.2056451612903226,792.0,846.75,894.0
1213,39.79339928,-71.53950317,708.0,7.3861441742007825,0.409010744704529,74.07496931881865,0.006244168893575683,0.2056451612903226,792.0,846.75,894.0
1213,39.79339928,-71.53950317,708.0,7.657301829579969,0.4052111461872747,74.30092247279616,0.002145239725167328,0.20161290322580644,792.0,846.75,894.0
1214,39.79336237,-71.53963983,708.0,7.668017455568645,0.40438415052534743,74.52725369593205,0.0014909956189994688,0.21774193548387097,792.0,846.75,894.0
1214,39.79336237,-71.53963983,708.0,7.337620015014603,0.4034652305433457,74.75363834884425,0.005086508459940046,0.24193548387096775,792.0,846.75,894.0
1214,39.79336237,-71.53963983,708.0,7.248043693454774,0.40269650984369776,74.52924817460924,0.003064942673675927,0.23387096774193547,792.0,846.75,894.0
1214,39.79336237,-71.53963983,708.0,7.662523524897985,0.40300518164025884,72.27768638840665,0.0057610598475590765,0.21774193548387097,792.0,846.75,894.0
1215,39.79332308,-71.53977793,708.0,8.300516288711844,0.40441186451112476,72.05187517454064,0.0070953717632985976,0.21774193548387097,792.0,846.75,894.0
1215,39.79332308,-71.53977793,708.0,8.590614733966271,0.4073336136409434,73.62676950226542,0.014175247381748577,0.1935483870967742,792.0,846.75,894.0
1215,39.79332308,-71.53977793,708.0,8.74514164732256,0.41204839413779987,73.17518382231381,0.016865833984656135,0.1935483870967742,792.0,846.75,894.0
1215,39.79332308,-71.53977793,708.0,8.589165536164156,0.4181406296479797,73.39970564986636,0.018726889313050773,0.1975806451612903,792.0,846.75,894.0
1216,39.79328388,-71.53991497,708.0,8.053059036327744,0.4229876110627359,73.84976640180949,0.01889229736937607,0.1975806451612903,792.0,846.75,894.0
1216,39.79328388,-71.53991497,708.0,7.962004885398716,0.42740844694612307,74.52517463060427,0.014384773379825955,0.2056451612903226,792.0,846.75,894.0
1216,39.79328388,-71.53991497,708.0,8.202883610923102,0.4260845560201697,74.97565768622027,0.01864412516413676,0.22983870967741934,792.0,846.75,894.0
1216,39.79328388,-71.53991497,708.0,8.048726194552332,0.42298895648709756,74.0749202297543,0.017088808108999685,0.22983870967741934,792.0,846.75,894.0
1217,39.79324307,-71.54004772,708.0,7.592438557537632,0.4162463656382883,74.29946641709593,0.014971460051338776,0.22580645161290322,792.0,846.75,894.0
1217,39.79324307,-71.54004772,708.0,7.579099718464169,0.4062367647373369,73.62301357298765,0.016175192723198523,0.24596774193548387,792.0,846.75,894.0
1217,39.79324307,-71.54004772,708.0,7.434986622028331,0.4007101701262067,74.74840121439404,0.014190914045861825,0.2540322580645161,792.0,846.75,894.0
1217,39.79324307,-71.54004772,708.0,7.5714511599861325,0.40001329864621826,75.42397526247906,0.01027953777808087,0.24596774193548387,792.0,846.75,894.0
1218,39.79320083,-71.54017878,708.0,7.35596792237286,0.39658018306251747,76.09934709406296,0.01183347206510422,0.22580645161290322,792.0,846.75,894.0
1218,39.79320083,-71.54017878,708.0,7.4469940183959125,0.39547653065578553,75.42371526782541,0.006787412611130327,0.24193548387096775,792.0,846.75,894.0
1218,39.79320083,-71.54017878,708.0,8.05283746409336,0.3989305329415812,73.1723852693939,0.007840008564012697,0.23790322580645162,792.0,846.75,894.0
1218,39.79320083,-71.54017878,708.0,8.465443592310576,0.3991404426510299,73.39806534114877,0.012848767965447126,0.24193548387096775,792.0,846.75,894.0
1219,39.7931568,-71.54031717,708.0,8.449953379379279,0.39699208454296303,72.7225446189899,0.016934903595937217,0.24596774193548387,792.0,846.75,894.0
1219,39.7931568,-71.54031717,708.0,8.428919203671242,0.3960153370333654,70.69548270369599,0.014003006661387154,0.24193548387096775,792.0,846.75,894.0
1219,39.7931568,-71.54031717,708.0,8.606740037660067,0.39918280043690424,72.2712943969143,0.011442411933539289,0.24596774193548387,792.0,846.75,894.0
1219,39.7931568,-71.54031717,708.0,8.147317148311354,0.4020001258365642,72.04657235674789,0.007035755046069849,0.25,792.0,846.75,894.0
1220,39.79311365,-71.54044903,708.0,7.69762274976977,0.40251747631039314,73.62409094661868,0.011095882883532231,0.24193548387096775,792.0,846.75,894.0
1220,39.79311365,-71.54044903,708.0,7.948475310032578,0.4048714971086111,73.62561131669133,0.007788202084739311,0.22580645161290322,792.0,846.75,894.0
1220,39.79311365,-71.54044903,708.0,8.217751475605203,0.4062119812271618,73.8516714341417,0.008773818509684443,0.22983870967741934,792.0,846.75,894.0
1220,39.79311365,-71.54044903,708.0,8.511042726215813,0.4075835880124412,74.5269925920339,0.00822594014069691,0.23387096774193547,792.0,846.75,894.0
1221,39.79306583,-71.5405797,708.0,8.57305385928511,0.41251067980045614,73.62543658100071,0.008217623378399553,0.23790322580645162,792.0,846.75,894.0
1221,39.79306583,-71.5405797,708.0,8.690869768433188,0.4165140946252713,74.30095805137765,0.0014513544642140793,0.23790322580645162,792.0,846.75,894.0
1221,39.79306583,-71.5405797,708.0,8.786953805220303,0.41757855390976667,76.10324631695553,0.00661543521568419,0.20161290322580644,792.0,846.75,894.0
1221,39.79306583,-71.5405797,708.0,8.907614950502103,0.41907259394732516,75.87898597020444,0.00961863921260554,0.1975806451612903,792.0,846.75,894.0
1222,39.79301852,-71.5407148,708.0,9.013639996373668,0.4199731763264441,76.78061725965537,0.012232676835346621,0.2056451612903226,792.0,846.75,894.0
1222,39.79301852,-71.5407148,708.0,9.133106157984834,0.4156045656353468,74.52989969232928,0.018687478125071256,0.21370967741935484,792.0,846.75,894.0
1222,39.79301852,-71.5407148,708.0,8.945807874585109,0.4090348066281934,74.75598804700351,0.019379500560036338,0.20967741935483872,792.0,846.75,894.0
1222,39.79301852,-71.5407148,708.0,8.572689457628213,0.4051830454927664,74.98133040253026,0.015646389837862304,0.21774193548387097,792.0,846.75,894.0
1223,39.79297655,-71.54084747,708.0,8.242650523785965,0.4018715660233426,74.75576904664473,0.012744736691835831,0.22983870967741934,792.0,846.75,894.0
1223,39.79297655,-71.54084747,708.0,8.155961490677091,0.4041083436510192,76.10590929671798,0.00793686836865348,0.22983870967741934,792.0,846.75,894.0
1223,39.79297655,-71.54084747,708.0,8.252346166794348,0.40705900836217945,75.4296027683118,0.016588523092129655,0.23790322580645162,792.0,846.75,894.0
1223,39.79297655,-71.54084747,708.0,8.57569469981172,0.41194859244197085,76.10423225286158,0.020919768565690458,0.24596774193548387,792.0,846.75,894.0
1224,39.79293585,-71.54098473,708.0,8.785578452723954,0.4142175433609047,76.10274409517368,0.01620854129268496,0.24193548387096775,792.0,846.75,894.0
1224,39.79293585,-71.54098473,708.0,9.033080752477657,0.41216437107320814,76.3255960317862,0.012987306345418516,0.2540322580645161,792.0,846.75,894.0
1224,39.79293585,-71.54098473,708.0,9.240067233835042,0.41268672595288297,76.5479607908886,0.009350510094507797,0.25806451612903225,792.0,846.75,894.0
1224,39.79293585,-71.54098473,708.0,9.207890626570006,0.4131705024067944,75.19451036561848,0.006061057690302785,0.2540322580645161,792.0,846.75,894.0
1225,39.79289178,-71.54111712,708.0,8.995602784408694,0.4136498388211855,75.64423970848584,0.005810270931826609,0.2620967741935484,792.0,846.75,894.0
1225,39.79289178,-71.54111712,708.0,8.668065223990107,0.4163832037254592,74.74373859909097,0.004964293019647113,0.24193548387096775,792.0,846.75,894.0
1225,39.79289178,-71.54111712,708.0,8.396004999524648,0.41893054381670575,75.64416530039215,0.00427473489823659,0.21774193548387097,792.0,846.75,894.0
1225,39.79289178,-71.54111712,708.0,8.303403546638926,0.4224292467601946,77.21956065774306,0.007636813658639728,0.21370967741935484,792.0,846.75,894.0
1226,39.79285465,-71.5412594,708.0,8.277341365926285,0.42358704367673544,75.86764592826835,0.007216773826083249,0.21774193548387097,792.0,846.75,894.0
1226,39.79285465,-71.5412594,708.0,8.092531899683388,0.42300749962325807,75.86692119546447,0.00772780071823101,0.2056451612903226,792.0,846.75,894.0
1226,39.79285465,-71.5412594,708.0,7.703740654430253,0.42328785022146714,75.86586677071,0.007975636121344366,0.22580645161290322,792.0,846.75,894.0
1226,39.79285465,-71.5412594,708.0,7.487322413377431,0.4251592733813499,76.31426604591991,0.014404938331757931,0.1975806451612903,792.0,846.75,894.0
1227,39.79281438,-71.54139458,708.0,7.764161059025767,0.4269153081801648,76.98791929279199,0.006751303482578907,0.1935483870967742,792.0,846.75,894.0
1227,39.79281438,-71.54139458,708.0,8.180064953101072,0.42697265980980803,78.33884873038669,0.008533596972618906,0.1975806451612903,792.0,846.75,894.0
1227,39.79281438,-71.54139458,708.0,8.31963307568298,0.42438858414747166,76.98806933078555,0.006193902225412301,0.20161290322580644,792.0,846.75,894.0
1227,39.79281438,-71.54139458,708.0,8.20250651464977,0.41972080365483877,76.53759196852295,0.005578033799644242,0.25,792.0,846.75,894.0
1228,39.79277512,-71.54153408,708.0,7.995510816215195,0.4170364439002319,77.66432890289443,0.0023330073969639936,0.23387096774193547,792.0,846.75,894.0
1228,39.79277512,-71.54153408,708.0,7.864620816149494,0.4152266260108717,76.08993730301205,0.004471972688974687,0.24596774193548387,792.0,846.75,894.0
1228,39.79277512,-71.54153408,708.0,7.733455832832925,0.41212422965486406,76.76586920475935,0.014152911827374928,0.23387096774193547,792.0,846.75,894.0
1228,39.79277512,-71.54153408,708.0,7.385070445129532,0.40623123548150175,77.66597375574993,0.019711904334852228,0.22983870967741934,792.0,846.75,894.0
1229,39.7927378,-71.54167347,708.0,7.3729397455332215,0.40502711644446854,78.79240426650436,0.014186127249911284,0.24193548387096775,792.0,846.75,894.0
1229,39.7927378,-71.54167347,708.0,7.7893148430009145,0.40846678579931284,77.21897659047592,0.01080823105376107,0.2620967741935484,792.0,846.75,894.0
1229,39.7927378,-71.54167347,708.0,7.755652163855675,0.40988025212847756,79.02378374540335,0.009542784037622966,0.25806451612903225,792.0,846.75,894.0
1229,39.7927378,-71.54167347,708.0,7.1030955602010515,0.40810056810841966,78.57596681284713,0.008649040520077549,0.23387096774193547,792.0,846.75,894.0
1230,39.79269802,-71.54180823,708.0,7.501339991738543,0.4042226286544095,78.57841495871361,0.005282014027379,0.2540322580645161,792.0,846.75,894.0
1230,39.79269802,-71.54180823,708.0,7.726235831649666,0.4052079739306917,78.35600691434988,0.007927258399270781,0.23790322580645162,792.0,846.75,894.0
1230,39.79269802,-71.54180823,708.0,7.621433187812918,0.4072727172904377,79.93420124870204,0.011553608726889401,0.22580645161290322,792.0,846.75,894.0
1230,39.79269802,-71.54180823,708.0,7.357454366883768,0.41155745503376273,78.13421722537838,0.014009378107705578,0.1975806451612903,792.0,846.75,894.0
1231,39.79266155,-71.54195102,708.0,7.547797657766898,0.41314431796966944,78.58692178428973,0.0037225313277764083,0.21370967741935484,792.0,846.75,894.0
1231,39.79266155,-71.54195102,708.0,7.863453918840471,0.4096553690946787,77.69056250448587,0.00338727249519351,0.21774193548387097,792.0,846.75,894.0
1231,39.79266155,-71.54195102,708.0,8.04952048931067,0.4027921192847714,77.01679941467144,0.011140933544198754,0.21370967741935484,792.0,846.75,894.0
1231,39.79266155,-71.54195102,708.0,7.605868619726173,0.39772305961873605,79.57956492860524,0.008802884143866083,0.21774193548387097,792.0,846.75,894.0
1232,39.79262657,-71.54209192,708.0,7.135928702254637,0.39274247857481237,76.37364360174757,0.011773346670023388,0.1975806451612903,792.0,846.75,894.0
1232,39.79262657,-71.54209192,708.0,7.017468044728383,0.3860644802751362,75.6645843709906,0.01430574681181882,0.19591836734693877,792.0,846.75,891.75
1232,39.79262657,-71.54209192,708.0,6.64000533412785,0.38338076932502835,76.1058795708186,0.0123125135080249,0.2163265306122449,792.0,846.75,891.75
1232,39.79262657,-71.54209192,708.0,6.407172593862536,0.38307332534354915,76.56255967847865,0.006027230036578857,0.21224489795918366,792.0,846.75,891.75
1233,39.79258373,-71.54222763,708.0,5.990491374720811,0.3852276509432709,76.57633379515038,0.006580100535231938,0.20408163265306123,792.0,846.75,891.75
1233,39.79258373,-71.54222763,708.0,5.9955778829470905,0.38916352229466955,75.49013631676291,0.010267689301049307,0.21224489795918366,792.0,846.75,891.75
1233,39.79258373,-71.54222763,708.0,6.235111032248426,0.39522213847361676,75.19816655679817,-0.0003791472738394209,0.20408163265306123,792.0,846.75,891.75
1233,39.79258373,-71.54222763,708.0,6.7117099771649364,0.40236770123770693,76.33382175450612,-0.0020342647279418934,0.18775510204081633,792.0,846.75,891.75
1234,39.79253605,-71.54236658,708.0,7.08865253744274,0.4086274318314796,75.20726747248372,-0.0009604752922829607,0.22040816326530613,792.0,846.75,891.75
1234,39.79253605,-71.54236658,708.0,7.481963377037967,0.4154999235483502,75.43391912819395,0.005808735764736758,0.24081632653061225,792.0,846.75,891.75
1234,39.79253605,-71.54236658,708.0,8.031720989299172,0.4232309904342558,74.98920988112877,0.014379769496242015,0.24897959183673468,792.0,846.75,891.75
1234,39.79253605,-71.54236658,708.0,8.588278715641332,0.42307296032673536,75.4430952723723,0.011589469447408789,0.23265306122448978,792.0,846.75,891.75
1235,39.79249325,-71.54250603,708.0,8.656082522171914,0.4158892016378963,75.44422658106573,0.010373057028900469,0.23265306122448978,792.0,846.75,891.75
1235,39.79249325,-71.54250603,708.0,8.106126678922806,0.40553992096584585,76.1203642424134,0.015903971076794605,0.23673469387755103,792.0,846.75,891.75
1235,39.79249325,-71.54250603,708.0,7.670866925618636,0.39592471278597174,76.34624644334653,0.012920748058455063,0.21224489795918366,792.0,846.75,891.75
1235,39.79249325,-71.54250603,708.0,7.028333448209514,0.39245459514095526,74.99589501062599,0.012182319833929128,0.2,792.0,846.75,891.75
1236,39.79245565,-71.54264258,708.0,7.275012914979475,0.39257976086355467,77.24842991311372,0.016609956884626003,0.21224489795918366,792.0,846.75,891.75
1236,39.79245565,-71.54264258,708.0,7.798301152746702,0.3875474703244079,77.24931240070717,0.006298400652123951,0.21224489795918366,792.0,846.75,891.75
1236,39.79245565,-71.54264258,708.0,7.918128084995565,0.38090516775918837,76.79960884666004,0.0032308137972597933,0.23265306122448978,792.0,846.75,891.75
1236,39.79245565,-71.54264258,708.0,7.7297393159972945,0.3792571330516719,77.02544248696373,-0.0015670174497215148,0.23673469387755103,792.0,846.75,891.75
1237,39.7924144,-71.54277818,708.0,7.532679176865297,0.37747651309190444,76.12443850531346,0.00659703417259646,0.23265306122448978,792.0,846.75,891.75
1237,39.7924144,-71.54277818,708.0,7.5421767857542035,0.37382617043986516,76.12137892828032,0.009724048744340654,0.24081632653061225,792.0,846.75,891.75
1237,39.7924144,-71.54277818,708.0,7.724504071550689,0.371070199241064,75.21633290990388,0.012926202394837888,0.23265306122448978,792.0,846.75,891.75
1237,39.7924144,-71.54277818,708.0,7.828486974277446,0.37331132832566727,76.45004937600827,0.010276418989255654,0.23673469387755103,792.0,846.75,891.75
1237,39.7924144,-71.54277818,708.0,7.062216176278901,0.3775437009665662,75.54476772172835,0.013859540399377679,0.22448979591836735,792.0,846.75,891.75
1238,39.7923776,-71.54292192,708.0,6.139820270961493,0.3815426068196921,76.22083583754173,0.007512407157372305,0.2163265306122449,792.0,846.75,891.75
1238,39.7923776,-71.54292192,708.0,6.123402332527356,0.3850516344202911,74.64726917283862,0.0077370392341991135,0.20816326530612245,792.0,846.75,891.75
1238,39.7923776,-71.54292192,708.0,6.18831329958733,0.38684225120076815,76.89085232455885,0.006650377289661035,0.19183673469387755,792.0,846.75,891.75
1238,39.7923776,-71.54292192,708.0,6.744068378761972,0.3836834911899355,75.93353833517614,0.011192627536074846,0.2163265306122449,792.0,846.75,891.75
1239,39.79233782,-71.54306007,708.0,6.982751552189187,0.37675653685816823,77.01577163654817,0.004011529895956678,0.25,792.0,846.75,891.0
1239,39.79233782,-71.54306007,708.0,7.259040992753373,0.37538561842852275,75.88434994304565,0.01035303555076558,0.22540983606557377,792.0,846.75,891.0
1239,39.79233782,-71.54306007,708.0,8.153490960598356,0.3776114594555262,76.56335690879204,0.022557806792024102,0.23770491803278687,792.0,846.75,891.0
1239,39.79233782,-71.54306007,708.0,8.629631551143351,0.3819079815248259,75.2168034349981,0.014858407664290913,0.2581967213114754,792.0,846.75,891.0
1240,39.79229527,-71.54319462,708.0,8.994949040333644,0.3851178970411289,75.90247554576273,0.009722918904113038,0.2540983606557377,792.0,846.75,891.0
1240,39.79229527,-71.54319462,708.0,9.258754262922505,0.38482117624438794,74.56854566158928,0.007661877634035914,0.2581967213114754,792.0,846.75,891.0
1240,39.79229527,-71.54319462,708.0,9.116364096005102,0.3861723819403225,76.16972835011752,0.005554382535377491,0.26639344262295084,792.0,846.75,891.0
1240,39.79229527,-71.54319462,708.0,8.936819862003667,0.3874090716609524,75.18834065937439,-0.001020960252663608,0.2581967213114754,792.0,846.75,891.0
1241,39.79225402,-71.54332993,708.0,8.905940482416911,0.3889164637114723,76.5625100959297,0.0021355858333188442,0.27049180327868855,792.0,846.75,891.0
1241,39.79225402,-71.54332993,708.0,9.002283147063983,0.3899230257605352,77.01548428595005,0.006816778564112044,0.26229508196721313,792.0,846.75,891.0
1241,39.79225402,-71.54332993,708.0,8.905470986103234,0.39475123684596203,78.3626620449,0.013311128342689943,0.26229508196721313,792.0,846.75,891.0
1241,39.79225402,-71.54332993,708.0,9.020384698460829,0.4044947898345976,77.68416053644447,0.00761310103434285,0.2653061224489796,792.0,846.75,891.75
1242,39.7922137,-71.54347362,708.0,9.010087465110445,0.40553395135383946,77.45788256496859,0.004188771374018145,0.27755102040816326,792.0,846.75,891.75
1242,39.7922137,-71.54347362,708.0,8.43820876603966,0.4002519640884042,79.70889885055296,0.005372260996331333,0.3020408163265306,792.0,846.75,891.75
1242,39.7922137,-71.54347362,708.0,8.214919474479837,0.40044348727256257,79.93277861763224,0.0028687150160302435,0.3155737704918033,792.0,846.75,891.0
1242,39.7922137,-71.54347362,708.0,8.322216548789799,0.39927789553400606,80.15638851353222,0.006203424620396122,0.29508196721311475,792.0,846.75,891.0
1243,39.79217352,-71.54360872,708.0,8.223733097844383,0.39681777881539293,81.05550510204773,0.007744366632778417,0.29508196721311475,792.0,846.75,891.0
1243,39.79217352,-71.54360872,708.0,8.164624142412153,0.3917756538742189,80.82963439774844,0.006798073819740517,0.29918032786885246,792.0,846.75,891.0
1243,39.79217352,-71.54360872,708.0,8.547300017748011,0.3898555154597404,80.83070327540753,0.005072573714049567,0.29918032786885246,792.0,846.75,891.0
1243,39.79217352,-71.54360872,708.0,8.27806780337821,0.3915379737376448,80.15740568087706,0.008973111472698024,0.2827868852459016,792.0,846.75,891.0
1244,39.7921286,-71.54373962,707.25,7.830570803567267,0.3905005215742676,81.28495536120809,0.00799194450059721,0.2816326530612245,792.0,846.75,891.0
1244,39.7921286,-71.54373962,707.25,8.129735285709431,0.3900362690227749,81.06015080916865,0.00037706534923919686,0.24489795918367346,792.0,846.75,891.0
1244,39.7921286,-71.54373962,707.25,8.21350082942046,0.3902973388798178,79.2584692669021,-0.00465891942288097,0.2653061224489796,792.0,846.75,891.0
1244,39.7921286,-71.54373962,707.25,7.972619052647763,0.3892675307303458,79.03354816361275,0.0009758534745028776,0.2816326530612245,792.0,846.75,891.0
1245,39.79208723,-71.54387875,707.25,8.060450611554437,0.39099638894152355,79.70987157428499,0.007884051739384505,0.2857142857142857,792.0,846.75,891.0
1245,39.79208723,-71.54387875,707.25,8.512782946444684,0.3944498007285203,79.0349929516466,0.006223559116836128,0.27346938775510204,792.0,846.75,891.0
1245,39.79208723,-71.54387875,707.25,8.690431632070608,0.3957261020476421,78.13461965178351,0.00272038347182237,0.27755102040816326,792.0,846.75,891.0
1245,39.79208723,-71.54387875,707.25,8.522969650133735,0.3936290933026023,79.48586722019739,0.010593068049885614,0.2938775510204082,792.0,846.75,891.0
1246,39.79203862,-71.54401483,707.25,8.10567253791661,0.39370623980954417,80.16147273385064,0.010943287478079893,0.2938775510204082,792.0,846.75,891.0
1246,39.79203862,-71.54401483,706.5,8.174568867334793,0.3946438309690562,79.93628381712186,0.01390053612650304,0.2886178861788618,792.0,846.75,891.0
1246,39.79203862,-71.54401483,706.5,8.621758917403387,0.39622649206454835,81.06215344232639,0.015076950815850525,0.2845528455284553,792.0,846.75,891.0
1246,39.79203862,-71.54401483,706.5,8.941580272715028,0.395075511739875,79.48612088146677,0.005574671062045108,0.2601626016260163,792.0,846.75,891.0
1247,39.79199742,-71.5441517,706.5,9.066700472073368,0.39200021492259546,79.26143979596665,0.005296577360113709,0.25203252032520324,792.0,846.75,891.0
1247,39.79199742,-71.5441517,706.5,9.23637259470474,0.39418176762509954,80.16295368339838,0.005638877345590184,0.23983739837398374,792.0,846.75,891.0
1247,39.79199742,-71.5441517,706.5,9.090414429744255,0.39386344775957005,79.71369505328362,0.0027416903631176538,0.23170731707317074,792.0,846.75,891.0
1247,39.79199742,-71.5441517,705.75,8.35435926774149,0.3862330854940124,78.81432469232121,0.0069391713627845325,0.23076923076923078,792.0,846.75,891.0
1248,39.79196263,-71.54428917,705.75,7.356877630675091,0.3807682777082878,78.14068298333845,0.004536418598956243,0.23076923076923078,792.0,846.75,891.0
1248,39.79196263,-71.54428917,705.75,6.9071303962164885,0.38109745063266104,78.5940129223938,-0.0003661253689492043,0.22267206477732793,792.0,846.75,891.0
1248,39.79196263,-71.54428917,705.75,6.752257112348129,0.38182155064386025,82.42623306491444,-0.0011917581153542793,0.22267206477732793,792.0,846.75,891.0
1248,39.79196263,-71.54428917,705.75,6.5085057998377245,0.3769549435931261,80.63008668783286,0.003998040813395959,0.21862348178137653,792.0,846.75,891.0
1249,39.79192462,-71.54442833,705.75,6.915215143876553,0.37424159108074684,78.60925433866775,0.010311435794691338,0.23481781376518218,792.0,846.75,891.0
1249,39.79192462,-71.54442833,705.75,7.475391503764033,0.3767660820497056,80.41829045789046,-0.0011411086562183887,0.22672064777327935,792.0,846.75,891.0
1249,39.79192462,-71.54442833,705.75,7.7897923918724175,0.3819719593245431,80.20604608315001,0.0024180337653273575,0.2145748987854251,792.0,846.75,891.0
1249,39.79192462,-71.54442833,705.75,8.08256782468954,0.38232372603141584,79.43929142492368,-0.0007256398969318843,0.24752475247524752,792.0,825.75,857.25
1250,39.79188855,-71.54456225,705.0,8.135339097972698,0.3833241077471662,79.9185451983099,-0.01021030050068543,0.2512315270935961,792.0,825.75,857.25
1250,39.79188855,-71.54456225,705.0,8.265826822860845,0.38892172304220013,81.97247259200863,-0.015547646314360104,0.22167487684729065,792.0,825.75,857.25
1250,39.79188855,-71.54456225,705.0,8.546331549897674,0.3993402862629129,83.55849291665959,-0.00816984721721052,0.2315270935960591,792.0,825.75,857.25
1250,39.79188855,-71.54456225,705.0,8.603053986892615,0.4069503374647415,83.10723262058096,0.005683606762441282,0.22167487684729065,792.0,822.75,857.25
1251,39.79184885,-71.54469888,705.0,8.819452543588184,0.4093453391502698,81.52791382643248,0.01695602772138684,0.23645320197044334,792.0,822.75,857.25
1251,39.79184885,-71.54469888,705.0,9.450528091200761,0.40682808755016164,81.07475658543939,0.005226933366236678,0.270935960591133,791.25,822.75,857.25
1251,39.79184885,-71.54469888,705.0,10.163619495321402,0.41111493776459174,83.09965139253053,0.009787187327239955,0.27586206896551724,791.25,822.75,857.25
1251,39.79184885,-71.54469888,704.25,10.784618163728474,0.41668888664504744,83.32339818056928,-0.00013475562499010404,0.25980392156862747,791.25,822.75,857.25
1252,39.79181668,-71.5448416,704.25,11.001340794383895,0.42097982234760584,84.44810823373011,-0.002416944492380649,0.2549019607843137,791.25,822.75,857.25
1252,39.79181668,-71.5448416,704.25,10.978357343930071,0.42330312491575656,85.57371939529655,-0.0022450058290830097,0.24509803921568626,791.25,822.75,857.25
1252,39.79181668,-71.5448416,704.25,11.359185108432072,0.4304233888196718,83.772369279161,-0.007953759498275167,0.25980392156862747,791.25,822.75,857.25
1252,39.79181668,-71.5448416,703.5,12.250716323569641,0.4371795920380411,81.96956934284579,-0.010681106921389991,0.2682926829268293,791.25,822.75,857.25
1253,39.79177922,-71.54497467,703.5,12.986816406607074,0.4401007053587573,82.4174101041926,-0.009660423047944825,0.2634146341463415,791.25,822.75,857.25
1253,39.79177922,-71.54497467,703.5,13.161057298948077,0.4362618440104499,82.64110388617466,-0.008389356426495095,0.25365853658536586,791.25,822.75,857.25
1253,39.79177922,-71.54497467,703.5,12.844860621619771,0.42885131003099736,83.54271287248906,-0.01067139929977098,0.23902439024390243,791.25,822.75,857.25
1253,39.79177922,-71.54497467,702.75,11.841871009206674,0.4161936140718624,82.867512166572,-0.011616387562286716,0.24271844660194175,791.25,822.75,857.25
1254,39.7917388,-71.54511602,702.75,11.643274638704593,0.4071508970066614,82.86613336641605,-0.002659569607019719,0.24271844660194175,791.25,822.75,857.25
1254,39.7917388,-71.54511602,702.0,11.346479129218887,0.40462880123999506,83.3146395612845,-0.007257368267404441,0.2669902912621359,791.25,822.75,856.5000000000001
1254,39.7917388,-71.54511602,701.25,10.943060923502259,0.40307033387101276,84.21670539929737,-0.0035839947881042646,0.2717948717948718,761.2500000000001,791.25,847.5000000000001
1254,39.7917388,-71.54511602,700.5,10.902682664817508,0.4005178265296939,82.41791154149095,-0.008572202053065761,0.2602040816326531,760.5,791.25,847.5000000000001
1255,39.7916972,-71.54524988,700.5,10.611386950060638,0.39877901685383144,82.64381242361998,-0.01224757635818686,0.2653061224489796,760.5,791.25,847.5000000000001
1255,39.7916972,-71.54524988,699.75,9.618625925701432,0.3973744907797482,81.9668573234742,-0.021203960035674253,0.26903553299492383,760.5,791.25,847.5000000000001
1255,39.7916972,-71.54524988,699.0,8.399876713983833,0.3965199080273295,82.18535184334529,-0.02506226576317112,0.2828282828282828,760.5,791.25,847.5000000000001
1255,39.7916972,-71.54524988,698.25,7.721137304908079,0.39512150672650515,81.04360975455508,-0.018200510898529323,0.2814070351758794,760.5,791.25,847.5000000000001
1256,39.79165212,-71.54538855,698.25,7.766105439359341,0.3933652891667005,84.73772060626862,-0.0019991492451232906,0.2814070351758794,759.7500000000001,791.25,847.5000000000001
1256,39.79165212,-71.54538855,697.5,7.141321740725439,0.38987620392853245,84.49454260738462,-0.005024161411631171,0.28,759.7500000000001,791.25,847.5000000000001
1256,39.79165212,-71.54538855,697.5,6.181020977593521,0.39164948272495387,83.58304100261722,-0.007935831926304288,0.28,759.7500000000001,791.25,847.5000000000001
1256,39.79165212,-71.54538855,697.5,6.090820842091711,0.39679772334687613,81.54449898616367,0.0028139518098819994,0.285,759.7500000000001,791.25,847.5000000000001
1257,39.79160368,-71.54552465,696.75,6.410778640952714,0.4037959471594925,82.19968347038366,-0.010633083135001218,0.2835820895522388,757.5,791.25,847.5000000000001
1257,39.79160368,-71.54552465,696.75,6.71091385191245,0.4106335588170571,83.53817919458292,-0.0081520254250582,0.30845771144278605,757.5,791.25,847.5000000000001
1257,39.79160368,-71.54552465,696.75,6.862451048602229,0.41779313345310837,83.75928582127639,-0.012647262654706984,0.29850746268656714,757.5,791.25,847.5000000000001
1257,39.79160368,-71.54552465,696.0,6.833834505107541,0.4163034237364889,82.40705467187783,-0.001996392935373623,0.3118811881188119,757.5,791.25,847.5000000000001
1258,39.79156042,-71.54566522,696.0,6.342941690396463,0.41767573310955053,83.30760852151954,-0.006336695029065034,0.2623762376237624,757.5,791.25,847.5000000000001
1258,39.79156042,-71.54566522,696.0,7.025730133889128,0.4193140183338748,82.85868098622528,-0.01253104082946651,0.2524752475247525,757.5,791.25,847.5000000000001
1258,39.79156042,-71.54566522,696.0,7.125170145345242,0.42070937663030633,82.18602977635982,-0.002597410447840022,0.24752475247524752,757.5,791.25,847.5000000000001
1258,39.79156042,-71.54566522,696.0,6.7527347574312255,0.4224623044104297,82.41417589449978,0.015217118788521075,0.27722772277227725,757.5,791.25,847.5000000000001
1259,39.79151493,-71.54580388,696.0,6.504733877293862,0.42254039711213626,84.44245181464014,0.016021420225019813,0.24752475247524752,757.5,791.25,847.5000000000001
1259,39.79151493,-71.54580388,696.0,6.6703766169733045,0.41535214068806353,86.01941938465266,0.004803355848164321,0.22277227722772278,757.5,791.25,847.5000000000001
1259,39.79151493,-71.54580388,696.0,6.777129873882276,0.4063799782386988,86.24513905258044,0.0009720397290234187,0.25742574257425743,757.5,791.25,847.5000000000001
1259,39.79151493,-71.54580388,696.0,6.708292723957039,0.3996460867994607,86.24729824575734,0.0013229157555342728,0.28217821782178215,757.5,791.25,847.5000000000001
1259,39.79151493,-71.54580388,696.0,6.556910473220263,0.39669830022320596,86.7018060932537,-0.0014528988872596668,0.25742574257425743,757.5,791.25,847.5000000000001
1260,39.7914703,-71.54594155,696.0,7.140386867250691,0.39238349231975256,85.35484442778859,0.007819026764871579,0.25742574257425743,757.5,791.25,847.5000000000001
1260,39.7914703,-71.54594155,696.0,7.604880139529767,0.39167765901932705,80.85669325290677,0.012547825874336654,0.2623762376237624,757.5,791.25,847.5000000000001
1260,39.7914703,-71.54594155,696.0,7.713349288458435,0.3968755276417137,81.77375807379848,0.0040672473217497505,0.2722772277227723,757.5,791.25,847.5000000000001
1260,39.7914703,-71.54594155,696.0,7.834047088818536,0.3992934681774168,81.24884371713858,-1.6479561253475582e-05,0.2722772277227723,757.5,791.25,847.5000000000001
1261,39.7914305,-71.54609157,696.0,8.020901029021733,0.40154945533906516,79.69117428535338,0.002702564791595102,0.2623762376237624,757.5,791.25,847.5000000000001
1261,39.7914305,-71.54609157,696.0,8.030378171246568,0.40346126763037105,81.92765593685255,0.008085062748647905,0.28217821782178215,757.5,791.25,847.5000000000001
1261,39.7914305,-71.54609157,696.0,8.086824078324264,0.4050934554944469,82.01958118567333,0.012702402821462077,0.297029702970297,757.5,791.25,847.5000000000001
1261,39.7914305,-71.54609157,696.0,8.452767320837639,0.40704736063887226,82.46161248575731,0.010470803106020358,0.3118811881188119,757.5,791.25,847.5000000000001
1262,39.79138623,-71.54623122,696.0,8.551382314915795,0.4047739852440153,83.3629634755413,0.009130705791072946,0.29207920792079206,757.5,791.25,847.5000000000001
1262,39.79138623,-71.54623122,696.0,8.153836485324813,0.400804250713556,82.91040561362762,0.009634339193975635,0.27722772277227725,757.5,791.25,847.5000000000001
1262,39.79138623,-71.54623122,696.0,7.807631602252704,0.3975906248715145,83.12229092512426,0.007084414384598992,0.25742574257425743,757.5,791.25,847.5000000000001
1262,39.79138623,-71.54623122,696.0,7.891630249504713,0.39392099191499075,82.6572642042917,0.006012960032960406,0.2524752475247525,757.5,791.25,847.5000000000001
1263,39.79134263,-71.54637413,696.0,7.976386321834559,0.3864677388757218,84.44878643841939,0.004587809929291184,0.24752475247524752,757.5,791.25,847.5000000000001
1263,39.79134263,-71.54637413,696.0,7.749252691954896,0.37659607450976684,85.343362066304,0.00494482689356611,0.24752475247524752,757.5,791.25,847.5000000000001
1263,39.79134263,-71.54637413,696.0,7.499027073179948,0.3711313910173345,85.33910961454093,0.007117341126110195,0.2524752475247525,757.5,791.25,847.5000000000001
1263,39.79134263,-71.54637413,696.0,7.67292578016922,0.3715367283626416,83.30966860625155,0.012121472774879802,0.26732673267326734,757.5,791.25,847.5000000000001
1264,39.79130093,-71.5465164,696.0,7.744001790152969,0.3729021550125995,81.73240097465796,0.01003118801708343,0.25742574257425743,757.5,791.25,847.5000000000001
1264,39.79130093,-71.5465164,696.0,7.604183324663206,0.3738111087267208,81.73274775302625,0.017200654195545315,0.25742574257425743,757.5,791.25,847.5000000000001
1264,39.79130093,-71.5465164,696.0,7.408379362396085,0.37873746609428244,78.35595126610696,0.026313063465588,0.2623762376237624,757.5,791.25,847.5000000000001
1264,39.79130093,-71.5465164,696.0,7.528380740725254,0.3859619507368157,80.6084769569016,0.021649934248151707,0.24257425742574257,757.5,791.25,847.5000000000001
1264,39.79130093,-71.5465164,696.0,7.691947496461353,0.389807403574772,79.70786314575612,0.019547443608587053,0.24257425742574257,757.5,791.25,847.5000000000001
1265,39.79125273,-71.54665473,696.0,7.575798176102624,0.38796535218021483,79.70660854344652,0.01369160446661651,0.2376237623762376,757.5,791.25,847.5000000000001
1265,39.79125273,-71.54665473,696.0,7.4303898295379165,0.3867196693420092,80.60578499722398,0.01071922684683443,0.22772277227722773,757.5,791.25,847.5000000000001
1265,39.79125273,-71.54665473,696.0,7.5085567598209275,0.3879851344968344,80.3805660163382,0.025522364824998638,0.24257425742574257,757.5,791.25,847.5000000000001
1265,39.79125273,-71.54665473,696.0,7.516455552075944,0.3857791377703316,79.03088486645841,0.02854341392380782,0.24752475247524752,757.5,791.25,847.5000000000001
1266,39.7912106,-71.54680248,696.0,7.246936287273713,0.37982479390498586,78.35643210551125,0.022324082528796748,0.26732673267326734,757.5,791.25,847.5000000000001
1266,39.7912106,-71.54680248,696.0,7.063447419634658,0.37481645620570875,79.93315811949321,0.017482083698358436,0.2524752475247525,757.5,791.25,847.5000000000001
1266,39.7912106,-71.54680248,696.0,7.207859614129044,0.3727598960009148,81.28508646809263,0.017848492437943793,0.24752475247524752,757.5,791.25,847.5000000000001
1266,39.7912106,-71.54680248,696.0,7.301166875224795,0.36735639275164433,80.1605977326356,0.022304435998408707,0.2524752475247525,757.5,791.25,847.5000000000001
1267,39.79116892,-71.5469434,696.0,7.191998256226225,0.36095861490391795,79.9363406018543,0.01628535836494053,0.26732673267326734,757.5,791.25,847.5000000000001
1267,39.79116892,-71.5469434,696.0,7.060419009744598,0.3594051452534069,79.9361595644959,0.018875488505318633,0.27722772277227725,757.5,791.25,847.5000000000001
1267,39.79116892,-71.5469434,696.0,7.2422339348929725,0.36352757311380873,79.71020915373217,0.025236343823469332,0.2524752475247525,757.5,791.25,847.5000000000001
1267,39.79116892,-71.5469434,696.0,7.257457949027052,0.36652369087224457,80.15987846368087,0.02171924696615797,0.2524752475247525,757.5,791.25,847.5000000000001
1268,39.79112253,-71.54708652,696.0,7.110319715635558,0.36452475127398,79.2592659716031,0.025877553936080502,0.25742574257425743,757.5,791.25,847.5000000000001
1268,39.79112253,-71.54708652,696.0,6.939834513852786,0.365376466199433,78.58513668041365,0.018857762019156565,0.26732673267326734,757.5,791.25,847.5000000000001
1268,39.79112253,-71.54708652,696.0,7.170431360758759,0.36853795528084277,77.68670672406546,0.016246154726961465,0.25742574257425743,757.5,791.25,847.5000000000001
1268,39.79112253,-71.54708652,696.0,7.28950057568302,0.3720213110605833,77.68829175447395,0.012603655062497625,0.2722772277227723,757.5,791.25,847.5000000000001
1269,39.79108383,-71.54722808,696.0,7.108368575571518,0.3761419519240146,78.58927215945113,0.014018492423257287,0.2722772277227723,757.5,790.5,847.5000000000001
1269,39.79108383,-71.54722808,696.0,7.095529014927292,0.3776452777552788,78.81390813210473,0.019664322290758804,0.28217821782178215,757.5,790.5,847.5000000000001
1269,39.79108383,-71.54722808,696.0,7.121626742092315,0.38214433355693794,78.13802054267899,0.019944277599775507,0.26732673267326734,757.5,790.5,847.5000000000001
1269,39.79108383,-71.54722808,696.0,7.300212080765724,0.3903591196895838,77.2379738211035,0.0008340967371564656,0.2623762376237624,757.5,790.5,847.5000000000001
1270,39.79103925,-71.54736747,696.0,7.5161174193953935,0.39541264022037487,78.36560368880588,0.019302253302772843,0.24257425742574257,757.5,790.5,847.5000000000001
1270,39.79103925,-71.54736747,696.0,7.555908823301347,0.3975886849012666,77.24139445958781,0.01746791125177968,0.22772277227722773,757.5,790.5,847.5000000000001
1270,39.79103925,-71.54736747,696.0,7.568340235217792,0.402005637394396,78.36784639356515,0.017290019606007904,0.21287128712871287,757.5,790.5,847.5000000000001
1270,39.79103925,-71.54736747,696.0,7.809387467772631,0.40790460161859604,78.81800477774671,0.01248991741643897,0.22772277227722773,757.5,790.5,847.5000000000001
1270,39.79103925,-71.54736747,696.0,7.991043131580792,0.4102149098329874,79.71896534137281,0.002426328631114726,0.2376237623762376,757.5,790.5,847.5000000000001
1271,39.79099368,-71.54751083,696.0,7.932152115577621,0.40950716424190853,79.49610455860477,0.008404145607671418,0.24257425742574257,757.5,790.5,847.5000000000001
1271,39.79099368,-71.54751083,696.0,7.79145763165319,0.4068421071245063,79.50051600439845,0.008961039779619418,0.2376237623762376,757.5,790.5,847.5000000000001
1271,39.79099368,-71.54751083,696.0,7.914905100864995,0.40266691977248,79.05518016506082,0.007489848734258387,0.25742574257425743,757.5,790.5,847.5000000000001
1271,39.79099368,-71.54751083,696.0,8.180352048011693,0.40291954833418187,81.76139076859208,0.021116567223838,0.27722772277227725,757.5,790.5,847.5000000000001
1272,39.7909444,-71.54765357,696.0,8.391417986904026,0.4081946891159306,81.54036186490946,0.015653333640327255,0.2871287128712871,757.5,790.5,847.5000000000001
1272,39.7909444,-71.54765357,696.0,8.687143855257759,0.41211562447923106,80.41727597305649,0.008207960890113795,0.30198019801980197,757.5,790.5,847.5000000000001
1272,39.7909444,-71.54765357,696.0,9.003970535629513,0.4146022818989801,80.41904919929648,0.010822351387681221,0.297029702970297,757.5,790.5,847.5000000000001
1272,39.7909444,-71.54765357,696.0,9.193131013028305,0.4143863611561973,79.51837545199585,0.006088844838369607,0.3217821782178218,757.5,790.5,847.5000000000001
1273,39.79090017,-71.54778988,696.0,9.095998227830632,0.4158146115221921,79.51736677935544,0.005165411715336568,0.3118811881188119,757.5,790.5,847.5000000000001
1273,39.79090017,-71.54778988,696.0,8.963606980757744,0.41891704580651085,78.3886275542103,-0.004149483282238253,0.3069306930693069,757.5,790.5,847.5000000000001
1273,39.79090017,-71.54778988,696.0,8.965100740520121,0.42088128673591985,78.83420301883092,0.0025501618359564226,0.3118811881188119,757.5,790.5,847.5000000000001
1273,39.79090017,-71.54778988,696.0,9.03912730197052,0.42042170967770204,78.60506740909626,-0.002964368812613857,0.3217821782178218,757.5,790.5,847.5000000000001
1274,39.7908577,-71.54793288,696.0,8.91485795100742,0.4153357251379467,79.50348888424364,-0.00407691142001857,0.31683168316831684,757.5,790.5,847.5000000000001
1274,39.7908577,-71.54793288,696.0,8.621387796844358,0.4118453154170424,79.72851421166608,0.0017837403198797015,0.3069306930693069,757.5,790.5,847.5000000000001
1274,39.7908577,-71.54793288,696.0,8.292879991551015,0.4110411203948275,80.63048110284461,0.009064454581885213,0.3069306930693069,757.5,790.5,847.5000000000001
1274,39.7908577,-71.54793288,696.0,8.278713187628314,0.40749934761150375,79.50733173813695,0.01973796067451597,0.3069306930693069,757.5,790.5,847.5000000000001
1275,39.79082067,-71.5480756,696.0,8.374109133580522,0.40526690389723957,79.73572253847432,0.015990447035646282,0.3069306930693069,757.5,790.5,847.5000000000001
1275,39.79082067,-71.5480756,696.0,8.601939686996774,0.41170343507078117,82.4399941336097,0.0008454934717081807,0.29207920792079206,757.5,790.5,847.5000000000001
1275,39.79082067,-71.5480756,696.0,9.058836866350006,0.4191696795784262,81.98844637400302,0.00833745950428511,0.297029702970297,757.5,790.5,847.5000000000001
1275,39.79082067,-71.5480756,696.0,9.539833386572932,0.4229633706969749,82.66052906273731,0.009814967616131418,0.30198019801980197,757.5,790.5,847.5000000000001
1275,39.79082067,-71.5480756,696.75,9.789767740680993,0.4249982260275353,81.75566736583514,0.0026925027867432116,0.29850746268656714,757.5,790.5,847.5000000000001
1276,39.79078307,-71.54822232,696.75,9.784667126248396,0.4261424098845786,82.6532551061903,0.0002498515589299375,0.2935323383084577,757.5,790.5,847.5000000000001
1276,39.79078307,-71.54822232,696.75,9.765205562903988,0.42712584159812583,81.52523194103735,-0.0025300626852452525,0.2935323383084577,757.5,790.5,847.5000000000001
1276,39.79078307,-71.54822232,696.75,9.7062308150346,0.4278615442367864,81.52372876467268,0.002600266175238063,0.29850746268656714,757.5,790.5,847.5000000000001
1276,39.79078307,-71.54822232,696.75,9.568346546361319,0.42532943380352944,81.5222032821739,0.003677157646276233,0.2935323383084577,757.5,790.5,847.5000000000001
1277,39.79074495,-71.54835467,696.75,9.396482613019025,0.42170805810869827,81.9714244257434,0.0035339912900155656,0.2935323383084577,757.5,790.5,847.5000000000001
1277,39.79074495,-71.54835467,696.75,9.13884996067549,0.41686252905724214,82.19531055070007,-0.0015299080666235916,0.2935323383084577,757.5,790.5,847.5000000000001
1277,39.79074495,-71.54835467,696.75,8.652456692721069,0.41198435870176103,80.39116935708326,0.002492930596939404,0.2935323383084577,757.5,790.5,847.5000000000001
1277,39.79074495,-71.54835467,696.75,8.223971450888564,0.4079673479520248,81.73671303262749,0.012275554930198863,0.2736318407960199,757.5,790.5,847.5000000000001
1278,39.790705,-71.5484949,696.75,7.848636851903589,0.4015960077991497,81.05665122419325,0.011653155503224495,0.27860696517412936,757.5,790.5,847.5000000000001
1278,39.790705,-71.5484949,696.75,7.531534587986977,0.39514016277703384,80.83145896006216,0.006583639049791706,0.26865671641791045,757.5,790.5,847.5000000000001
1278,39.790705,-71.5484949,696.75,7.5483737394525505,0.3915005047763788,79.25869294578632,0.009588137905182518,0.24875621890547264,757.5,790.5,847.5000000000001
1278,39.790705,-71.5484949,696.75,7.487414002696118,0.3937220025763049,82.20425978180504,0.0024526197751725725,0.25870646766169153,757.5,790.5,847.5000000000001
1279,39.7906611,-71.54863257,696.75,7.532436394983195,0.39907386372169856,81.04821449450162,-0.008502889129868824,0.24875621890547264,757.5,790.5,847.5000000000001
1279,39.7906611,-71.54863257,696.75,7.628170540716501,0.404783049072523,79.99690304789404,-0.010291446238243145,0.25870646766169153,757.5,790.5,847.5000000000001
1279,39.7906611,-71.54863257,696.75,7.925959454086695,0.4094508774619277,79.46085663718179,-0.008587510452314349,0.24378109452736318,757.5,790.5,847.5000000000001
1279,39.7906611,-71.54863257,696.75,8.322093339006146,0.41103102557886606,80.3919070472373,0.007097727449903856,0.25870646766169153,757.5,790.5,847.5000000000001
1280,39.79062492,-71.54877338,696.75,8.78015635904796,0.41055059943339023,81.97076222003727,-4.6363511580387024e-05,0.263681592039801,757.5,790.5,847.5000000000001
1280,39.79062492,-71.54877338,696.75,9.11900441690294,0.41160902966021395,83.31711775651252,-0.0045048941537259,0.2885572139303483,757.5,790.5,847.5000000000001
1280,39.79062492,-71.54877338,696.75,9.285497366473333,0.4102002427587401,82.40879382353933,0.0089466292794263,0.2935323383084577,757.5,790.5,847.5000000000001
1280,39.79062492,-71.54877338,696.75,9.244002768976266,0.406503646064461,81.50161507035376,0.007974237762303151,0.2835820895522388,757.5,790.5,847.5000000000001
1281,39.79058882,-71.54890697,696.75,8.97711314215182,0.4054200271465339,80.59742569155108,0.010561700878864096,0.29850746268656714,757.5,790.5,847.5000000000001
1281,39.79058882,-71.54890697,696.75,8.553401729570798,0.40246249001580486,80.37081704330485,0.009350774859137852,0.2885572139303483,758.2500000000001,790.5,847.5000000000001
1281,39.79058882,-71.54890697,696.75,8.219939016392349,0.39956409334490534,79.92170731681794,0.008086619469644424,0.26865671641791045,758.2500000000001,790.5,847.5000000000001
1281,39.79058882,-71.54890697,696.75,7.8187048903562095,0.39916061531838015,80.8277471741521,0.014189347524489016,0.2736318407960199,758.2500000000001,790.5,847.5000000000001
1282,39.79055563,-71.54904693,696.75,7.344525221684109,0.39577225537037564,82.63520191022451,-0.000425858500625026,0.2885572139303483,758.2500000000001,790.5,847.5000000000001
1282,39.79055563,-71.54904693,696.75,7.314105101184444,0.391947895979651,81.96559321584922,0.0006576596699567521,0.2935323383084577,758.2500000000001,790.5,847.5000000000001
1282,39.79055563,-71.54904693,696.75,7.553145779839386,0.38845618276261573,81.52903069791586,-0.0012330250088274167,0.2835820895522388,758.2500000000001,790.5,847.5000000000001
1282,39.79055563,-71.54904693,696.75,7.718246257624889,0.38451942421842833,81.04774391950826,0.00025304646157915434,0.2736318407960199,758.2500000000001,790.5,847.5000000000001
1283,39.79052213,-71.54918532,696.75,7.783110304579621,0.3825870847710335,79.48503535291884,-0.0014911706664865606,0.2885572139303483,758.2500000000001,790.5,847.5000000000001
1283,39.79052213,-71.54918532,696.75,7.830513542890889,0.3858953710397089,78.81142340699876,-0.0073846008683695,0.27860696517412936,758.2500000000001,790.5,847.5000000000001
1283,39.79052213,-71.54918532,696.75,7.954503123642488,0.3903184494037996,78.36201570435145,-0.002247022202468816,0.29850746268656714,758.2500000000001,790.5,847.5000000000001
1284,39.79048343,-71.54931547,696.75,7.991243253152184,0.38990859392403243,79.03540062587331,-0.0009395359475506958,0.2835820895522388,758.2500000000001,790.5,847.5000000000001
1284,39.79048343,-71.54931547,696.75,8.057673261874417,0.39002695680645016,79.70576442467042,0.0010285914618805283,0.2736318407960199,758.2500000000001,790.5,847.5000000000001
1284,39.79048343,-71.54931547,696.75,8.089976330568236,0.3903283626569036,79.24835725982678,0.002166590137535111,0.2736318407960199,758.2500000000001,790.5,847.5000000000001
1284,39.79048343,-71.54931547,696.75,7.946427872870042,0.3898111055860065,80.36650553479751,0.0035280948452688964,0.2835820895522388,758.2500000000001,790.5,847.5000000000001
1285,39.79044152,-71.54944753,696.75,7.7116826466775805,0.3875285563756898,79.24063847745892,0.0036237639500918913,0.2885572139303483,758.2500000000001,790.5,847.5000000000001
1285,39.79044152,-71.54944753,696.75,7.576240725280744,0.386486451447401,80.83163364372446,-0.0020768792247772365,0.2885572139303483,758.2500000000001,790.5,847.5000000000001
1285,39.79044152,-71.54944753,696.75,7.49472372788443,0.3860632643948381,81.06755066765749,-0.007654944537385948,0.2935323383084577,758.2500000000001,790.5,847.5000000000001
1285,39.79044152,-71.54944753,696.75,7.276636202302771,0.3839711938333368,81.97804800263717,-0.0019317361659059817,0.30845771144278605,758.2500000000001,790.5,847.5000000000001
1286,39.79039937,-71.54958,696.75,7.04216608842714,0.38604674304712305,83.10960973247344,0.0002664883580978322,0.27860696517412936,758.2500000000001,790.5,847.5000000000001
1286,39.79039937,-71.54958,696.75,6.76788403596849,0.3903617616065813,83.79125046318666,-0.0007400052418058597,0.2885572139303483,758.2500000000001,790.5,847.5000000000001
1286,39.79039937,-71.54958,696.75,6.59969990866029,0.39422509678262757,84.48052068256142,-0.008030679051603522,0.3034825870646766,758.2500000000001,790.5,847.5000000000001
1286,39.79039937,-71.54958,696.75,6.4887782914452545,0.39190999214435046,82.37920605727662,-0.006543629215003322,0.2835820895522388,758.2500000000001,790.5,847.5000000000001
1287,39.79035547,-71.54971425,696.75,6.463982149175496,0.39257010106913154,81.72342085408624,-0.01560316752441283,0.2885572139303483,758.2500000000001,790.5,847.5000000000001
1287,39.79035547,-71.54971425,696.75,6.887487644896241,0.3912019490804544,81.33122748160004,-0.0192590859006514,0.29850746268656714,758.2500000000001,790.5,847.5000000000001
1287,39.79035547,-71.54971425,696.75,7.373575521316159,0.38873400796166585,79.9579678262242,-0.02010613214592829,0.27860696517412936,758.2500000000001,790.5,847.5000000000001
1287,39.79035547,-71.54971425,696.75,7.3771059263231535,0.38467184940890553,80.622017043403,-0.0027695464697424332,0.26865671641791045,758.2500000000001,790.5,847.5000000000001
1288,39.79031547,-71.54984467,696.75,7.007162368473957,0.38147739174954665,81.2901004722567,0.008457732595638989,0.27860696517412936,758.2500000000001,790.5,847.5000000000001
1288,39.79031547,-71.54984467,696.75,6.908361231247317,0.38100117519031923,80.83473414031518,0.006384570836379059,0.2835820895522388,758.2500000000001,790.5,847.5000000000001
1288,39.79031547,-71.54984467,696.75,7.007138058559636,0.3834843276173203,81.73211674964776,0.00984538890156883,0.2835820895522388,758.2500000000001,790.5,847.5000000000001
1288,39.79031547,-71.54984467,696.75,7.001295476797579,0.38458332800708916,81.05473557985691,0.01249425458435932,0.26865671641791045,758.2500000000001,790.5,847.5000000000001
1289,39.79026983,-71.54997523,696.75,7.194256443620097,0.38300552810395877,80.82861662228412,0.006889845967412794,0.27860696517412936,758.2500000000001,790.5,847.5000000000001
1289,39.79026983,-71.54997523,696.75,7.773000374208503,0.3841852042307216,82.40371883090347,-0.003046281729209177,0.27860696517412936,758.2500000000001,790.5,847.5000000000001
1289,39.79026983,-71.54997523,696.75,8.334571335075633,0.38394536839205284,82.62748336586911,-0.013937616482508013,0.2736318407960199,758.2500000000001,790.5,847.5000000000001
1289,39.79026983,-71.54997523,696.75,8.242477872327054,0.38077086496393986,83.7526873979463,-0.01661076317643547,0.25870646766169153,758.2500000000001,790.5,847.5000000000001
1290,39.79022167,-71.55010567,696.75,7.682783132160508,0.3755375925818202,81.7267483406698,-0.012315280529929685,0.2935323383084577,758.2500000000001,790.5,847.5000000000001
1290,39.79022167,-71.55010567,696.75,7.1498132140936335,0.3721129201194789,81.95216898701955,-0.013007238723186706,0.2935323383084577,758.2500000000001,790.5,847.5000000000001
1290,39.79022167,-71.55010567,696.75,6.963832205809505,0.370603765184036,84.8781539831985,-0.018865978564745086,0.27860696517412936,758.2500000000001,790.5,847.5000000000001
1290,39.79022167,-71.55010567,696.75,7.001749366113464,0.3714913747597399,81.72251326115385,-0.015201229582339106,0.263681592039801,758.2500000000001,790.5,847.5000000000001
1291,39.79017257,-71.55023338,696.75,7.558177332068505,0.37735953745904577,81.94385410358947,-0.010157030060914002,0.25870646766169153,758.2500000000001,790.5,847.5000000000001
1291,39.79017257,-71.55023338,696.75,7.7543732171271476,0.38068387960058314,81.71711944111196,-0.011299530845506658,0.25870646766169153,758.2500000000001,790.5,847.5000000000001
1291,39.79017257,-71.55023338,696.75,7.615263597856239,0.37931777714926035,80.59524687616575,-0.015006845966917154,0.2736318407960199,758.2500000000001,790.5,847.5000000000001
1291,39.79017257,-71.55023338,696.75,7.31609499999716,0.3723759929012032,81.27690219948165,-0.003157655403709215,0.25870646766169153,758.2500000000001,790.5,847.5000000000001
1292,39.79012408,-71.55036925,696.75,6.950953767150974,0.36422265178256796,82.40664362475984,-0.004368107265144033,0.27860696517412936,758.2500000000001,790.5,847.5000000000001
1292,39.79012408,-71.55036925,696.75,6.632965896615734,0.35693739335078384,79.93470433134691,-0.019390377274782034,0.2885572139303483,758.2500000000001,790.5,847.5000000000001
1292,39.79012408,-71.55036925,696.75,6.462255758540029,0.3549361256335381,79.27154680539607,-0.017827508304880207,0.25870646766169153,758.2500000000001,790.5,847.5000000000001
1292,39.79012408,-71.55036925,696.75,6.161642106549391,0.35090313822224845,77.92307994832669,0.00012977598163412072,0.2537313432835821,758.2500000000001,790.5,847.5000000000001
1293,39.79007685,-71.55049715,696.75,5.738235992044045,0.34993414744979756,80.38910196217657,-0.007827811401335344,0.263681592039801,758.2500000000001,790.5,847.5000000000001
1293,39.79007685,-71.55049715,696.75,5.513479335887578,0.3512552700586894,77.68448018720579,-0.01627376892166852,0.24875621890547264,758.2500000000001,790.5,847.5000000000001
1293,39.79007685,-71.55049715,696.75,5.823917864061329,0.35131321052905984,78.58982154671888,-0.013814886835161747,0.24378109452736318,758.2500000000001,790.5,847.5000000000001
1293,39.79007685,-71.55049715,696.75,6.137462102055432,0.351851187305559,79.73977032427186,-0.016505252851470746,0.21393034825870647,758.2500000000001,790.5,847.5000000000001
1294,39.79002457,-71.55062517,696.75,6.36369576093932,0.3534764037800981,79.90172762208402,-0.009685568503603146,0.23383084577114427,758.2500000000001,790.5,847.5000000000001
1294,39.79002457,-71.55062517,696.75,6.459639172233181,0.355612678079634,79.71302064773492,-0.009295024084966862,0.24875621890547264,758.2500000000001,790.5,847.5000000000001
1294,39.79002457,-71.55062517,696.75,7.125763260247511,0.3594029901053521,78.57710275195905,-0.00706673750982803,0.24875621890547264,758.2500000000001,790.5,847.5000000000001
1294,39.79002457,-71.55062517,696.75,7.874016658530482,0.3627542645953232,77.00206034915476,-0.004879530396628876,0.263681592039801,758.2500000000001,790.5,847.5000000000001
1295,39.78997677,-71.55075697,696.75,8.364107681282169,0.36437865236514627,78.13033723468877,-0.012243662957163727,0.2537313432835821,758.2500000000001,790.5,847.5000000000001
1295,39.78997677,-71.55075697,696.75,9.068148778033965,0.36800037138177066,77.45544564753621,-0.01710803393799995,0.26865671641791045,758.2500000000001,790.5,847.5000000000001
1295,39.78997677,-71.55075697,696.0,9.932467105209776,0.37262055198653593,76.77977702143038,-0.009401313272873767,0.25742574257425743,759.0,790.5,847.5000000000001
1295,39.78997677,-71.55075697,696.0,10.660794914555572,0.3782782065377929,77.00542162830878,-0.0005134562836708786,0.2871287128712871,759.0,790.5,847.5000000000001
1296,39.78992747,-71.5508902,696.0,11.307151739975744,0.3861021225734963,76.3321210580493,-0.01431245626023972,0.28217821782178215,759.0,790.5,847.5000000000001
1296,39.78992747,-71.5508902,696.0,11.875513213466522,0.39521437592919473,77.91157651809243,-0.00512257954838598,0.2623762376237624,759.0,790.5,847.5000000000001
1296,39.78992747,-71.5508902,696.0,12.436039755797882,0.4013014849604119,77.91518096455897,-0.011343545244953518,0.24257425742574257,759.0,790.5,847.5000000000001
1296,39.78992747,-71.5508902,696.0,12.843635071213802,0.40608065372342156,77.46878866773488,-0.009359396207941729,0.24257425742574257,759.0,790.5,847.5000000000001
1297,39.78987837,-71.5510216,696.0,13.014142745931524,0.40500201520013424,77.24860487473337,-0.007879128920686825,0.24752475247524752,759.0,790.5,847.5000000000001
1297,39.78987837,-71.5510216,696.0,13.262554505268595,0.4059080336533794,77.70954609580927,-0.0025689392176756953,0.2524752475247525,759.0,790.5,847.5000000000001
1297,39.78987837,-71.5510216,696.0,13.569473523364037,0.4106086744330781,78.30678339581371,-1.1866855184677655e-05,0.25742574257425743,759.0,790.5,847.5000000000001
1297,39.78987837,-71.5510216,696.0,13.664943716472811,0.41152157828463176,77.00576111592427,0.0011466244898577645,0.26732673267326734,759.0,790.5,847.5000000000001
1298,39.78983127,-71.55115557,696.0,13.338807876764001,0.40780157751909424,76.99906674398868,0.0027663248581082105,0.2722772277227723,759.0,790.5,847.5000000000001
1298,39.78983127,-71.55115557,696.0,12.869402422618904,0.40674071333799855,76.53343945222227,-0.0041248764383261935,0.27722772277227725,759.0,790.5,847.5000000000001
1298,39.78983127,-71.55115557,696.0,12.374705933024087,0.4057500445890153,77.21363169018714,-0.010778032138517997,0.2623762376237624,759.0,790.5,847.5000000000001
1298,39.78983127,-71.55115557,696.0,11.753269454796651,0.40191311288989584,76.33699835740487,-0.01240507885428686,0.2871287128712871,759.0,790.5,847.5000000000001
1299,39.78978893,-71.55129478,696.0,10.868722075625437,0.3999735643474753,78.61186629633215,-0.006624818822440805,0.28217821782178215,759.0,790.5,847.5000000000001
1299,39.78978893,-71.55129478,696.0,10.000555075753823,0.40222727915261247,77.27327495152424,0.00016157673986055842,0.27722772277227725,759.0,790.5,847.5000000000001
1299,39.78978893,-71.55129478,696.0,9.548189943951034,0.4017815296264014,77.95925525872794,0.003815201957152463,0.26732673267326734,759.0,790.5,847.5000000000001
1299,39.78978893,-71.55129478,696.0,9.250951017248399,0.4032941448026544,76.79419452621443,0.0031991620027206564,0.26732673267326734,759.0,790.5,847.5000000000001
1300,39.7897481,-71.55142473,696.0,8.65183716175588,0.40314492540498503,77.16377576619546,0.0004268903993170041,0.2623762376237624,759.0,790.5,847.5000000000001
1300,39.7897481,-71.55142473,696.0,7.8002027012272865,0.40199466320501454,77.48301041398263,8.140609324745505e-05,0.26732673267326734,759.0,790.5,847.5000000000001
1300,39.7897481,-71.55142473,696.0,7.300600808643518,0.40155651304419243,75.44972590452291,0.0014252395170213266,0.2722772277227723,759.0,790.5,847.5000000000001
1300,39.7897481,-71.55142473,696.0,7.293719201161029,0.40133688468441026,76.34553206460946,0.002166409144266316,0.2623762376237624,759.0,790.5,847.5000000000001
1301,39.78970398,-71.55156067,696.0,7.260012029196501,0.4035081606452193,75.44025662735396,-0.010760384141721828,0.26732673267326734,759.0,790.5,847.5000000000001
1301,39.78970398,-71.55156067,696.0,7.136919034393083,0.4102035141169793,75.21182314524023,-0.0038491484071455184,0.2524752475247525,759.0,790.5,847.5000000000001
1301,39.78970398,-71.55156067,696.0,7.065788527554594,0.41471343257838955,75.66056386295331,-0.00403439343335169,0.23267326732673269,759.0,790.5,847.5000000000001
1301,39.78970398,-71.55156067,696.0,7.710283533109018,0.4184953546834127,76.11007655200576,-0.007550477438728294,0.26732673267326734,759.0,790.5,847.5000000000001
1302,39.78965548,-71.55168865,696.0,8.368200666234344,0.42946258865138653,75.8845989565151,-0.0073864927679548375,0.26732673267326734,759.0,790.5,847.5000000000001
1302,39.78965548,-71.55168865,696.0,8.833308911415399,0.441445715586422,76.78584771343824,-0.01023602751177811,0.26732673267326734,759.0,790.5,847.5000000000001
1302,39.78965548,-71.55168865,696.0,9.242397975354738,0.447253805175579,77.91300767023996,0.007347170443600489,0.2524752475247525,759.0,790.5,847.5000000000001
1302,39.78965548,-71.55168865,696.0,9.766187478248728,0.4472621584206713,79.94085564302974,0.009180816531146807,0.25742574257425743,759.0,790.5,847.5000000000001
1303,39.78960408,-71.55182228,696.0,9.980512413758973,0.444547534562162,79.71608706903594,-0.0043380147794604565,0.2623762376237624,759.0,790.5,847.5000000000001
1303,39.78960408,-71.55182228,696.0,9.76459722537728,0.4406163794953658,79.26525104099385,-0.0020829246533197944,0.24257425742574257,759.0,790.5,847.5000000000001
1303,39.78960408,-71.55182228,696.0,9.45978705406221,0.43992484465106496,79.26442928978743,0.002863608397537513,0.26732673267326734,759.0,790.5,847.5000000000001
1303,39.78960408,-71.55182228,696.0,8.993031891512947,0.43642868445845756,79.03931196511262,0.0044855469975527305,0.2722772277227723,759.0,790.5,847.5000000000001
1304,39.78954908,-71.55195008,695.25,8.692843789875024,0.43103194494993313,77.46401403065937,-0.003487145438941866,0.2857142857142857,759.0,790.5,847.5000000000001
1304,39.78954908,-71.55195008,695.25,8.669259786647675,0.42736758924269647,77.2398454040041,-0.01026845427798715,0.26108374384236455,759.0,790.5,847.5000000000001
1304,39.78954908,-71.55195008,695.25,8.825618857213474,0.42422003348843584,77.01495900560856,-0.002371400260827918,0.24630541871921183,759.0,790.5,847.5000000000001
1304,39.78954908,-71.55195008,695.25,8.855732406528148,0.4186999180022913,77.46509942377911,0.0002422901899634772,0.270935960591133,759.0,790.5,847.5000000000001
1305,39.78949153,-71.55208243,695.25,8.81909206002495,0.41535625222456446,76.33881411767274,-0.010171099907316346,0.2512315270935961,759.0,790.5,847.5000000000001
1305,39.78949153,-71.55208243,695.25,8.716771265198306,0.4096684237988774,76.33824094499042,-0.011508841768243778,0.2413793103448276,759.0,790.5,847.5000000000001
1305,39.78949153,-71.55208243,695.25,8.460407970532664,0.40421419342362863,78.3641104522872,0.007555361101545787,0.2660098522167488,759.0,790.5,847.5000000000001
1305,39.78949153,-71.55208243,695.25,8.438706558710441,0.3985320549442248,78.81402564833228,0.005791335555608576,0.2660098522167488,759.0,790.5,847.5000000000001
1306,39.7894315,-71.55221063,695.25,8.581566213200075,0.3956436142522234,79.03919998118477,-0.008967164354262066,0.2660098522167488,759.0,790.5,847.5000000000001
1306,39.7894315,-71.55221063,695.25,8.588220133700744,0.3903555829651313,79.26455681745904,0.0070151919686132725,0.26108374384236455,759.0,790.5,847.5000000000001
1306,39.7894315,-71.55221063,695.25,8.790525170330087,0.38304305961997265,77.91369009873179,0.012185722605031672,0.30049261083743845,759.0,790.5,847.5000000000001
1306,39.7894315,-71.55221063,695.25,8.990124278141211,0.3797267655146641,76.33731046329835,0.0094212467784723,0.31527093596059114,759.0,790.5,847.5000000000001
1307,39.78937775,-71.55234153,695.25,8.857334466104534,0.3777153959090118,77.23749986132695,0.005312036109694726,0.2857142857142857,759.0,790.5,847.5000000000001
1307,39.78937775,-71.55234153,695.25,8.577485807529433,0.37553876681068954,77.46196201723869,0.007222273536261014,0.270935960591133,759.0,790.5,847.5000000000001
1307,39.78937775,-71.55234153,695.25,8.472354716980526,0.37279821416926856,77.91193032800724,0.00966629512826329,0.2857142857142857,759.0,790.5,847.5000000000001
1307,39.78937775,-71.55234153,695.25,8.415368385641594,0.37385447723226833,78.36244802175273,0.013822180043838528,0.2955665024630542,759.0,790.5,847.5000000000001
1308,39.78932523,-71.55247617,695.25,8.044368161465522,0.3771615972343548,77.91226822626179,-0.0023780587203824713,0.2955665024630542,759.0,790.5,847.5000000000001
1308,39.78932523,-71.55247617,695.25,7.803756865483984,0.38099465283674905,77.6867086767969,-0.008191569790771739,0.3088235294117647,759.0,790.5,848.25
1308,39.78932523,-71.55247617,695.25,7.915980157835589,0.3754887022440625,77.460637272936,0.007682343307794445,0.3137254901960784,759.7500000000001,790.5,848.25
1308,39.78932523,-71.55247617,695.25,8.322915547051315,0.3708804276809177,78.13516842231836,0.010933907699707163,0.31862745098039214,759.7500000000001,790.5,848.25
1308,39.78932523,-71.55247617,695.25,8.749826679615229,0.3703181994438177,77.23377716552162,0.009441260929553916,0.3235294117647059,759.7500000000001,790.5,848.25
1309,39.7892714,-71.5526075,695.25,8.999753320976197,0.3719576476679374,77.00842304429007,0.01456405035367752,0.3137254901960784,759.7500000000001,790.5,848.25
1309,39.7892714,-71.5526075,695.25,9.192085659836632,0.37303505317760266,78.58514576652388,0.015919700849914568,0.3235294117647059,759.7500000000001,790.5,848.25
1309,39.7892714,-71.5526075,695.25,9.342781030775129,0.3771963534867749,77.68570694963209,0.013967978562417285,0.3137254901960784,759.7500000000001,790.5,848.25
1309,39.7892714,-71.5526075,695.25,9.17739543683562,0.3810110625133834,77.46199902969202,0.006151584767732974,0.31862745098039214,759.7500000000001,790.5,848.25
1310,39.78921692,-71.55274548,695.25,8.939467224456449,0.3762924336605839,76.5622406748775,-0.006616025331426446,0.31862745098039214,759.7500000000001,790.5,848.25
1310,39.78921692,-71.55274548,695.25,8.859055838861162,0.3683846677192114,77.46306932951146,-0.005057285164791131,0.3235294117647059,759.7500000000001,790.5,848.25
1310,39.78921692,-71.55274548,695.25,8.867303825406355,0.3639557698882046,77.68827824891137,-0.0013950293785262907,0.3137254901960784,759.7500000000001,790.5,848.25
1310,39.78921692,-71.55274548,695.25,8.827359986494223,0.3619723021207899,79.26485755786973,0.0021319793141823047,0.30392156862745096,759.7500000000001,790.5,848.25
1311,39.78916873,-71.55287888,695.25,8.497676588417262,0.359249385344137,79.0404981630953,0.001483170402399207,0.29901960784313725,759.7500000000001,790.5,848.25
1311,39.78916873,-71.55287888,695.25,8.198438668138833,0.35621739084628107,77.46544695531064,0.005111282037642707,0.3137254901960784,759.7500000000001,790.5,848.25
1311,39.78916873,-71.55287888,695.25,7.926702460276274,0.3585508787816493,76.56681869036525,0.0037859837487025185,0.31862745098039214,759.7500000000001,790.5,848.25
1311,39.78916873,-71.55287888,696.0,7.361248421450331,0.3595512044145998,77.69662515492888,0.0012692206856078176,0.3054187192118227,759.7500000000001,790.5,848.25
1312,39.7891262,-71.55301165,695.25,7.110863799674755,0.3587929704054613,76.80252870029025,0.011468992064618913,0.31862745098039214,759.7500000000001,790.5,848.25
1312,39.7891262,-71.55301165,695.25,7.7505221305690375,0.3578777068494908,78.3867973969406,0.014247185876098672,0.3382352941176471,759.7500000000001,790.5,848.25
1312,39.7891262,-71.55301165,695.25,8.019130278413682,0.35925606429900103,80.830471030679,0.0023193850811201364,0.3382352941176471,759.7500000000001,790.5,848.25
1312,39.7891262,-71.55301165,695.25,7.75221171326852,0.35831209078762993,80.59830662672395,0.005627325550442655,0.3235294117647059,759.7500000000001,790.5,848.25
1313,39.78908845,-71.55314958,695.25,7.795920217056684,0.3593405368368156,79.24496360588441,0.0031148882053935157,0.3235294117647059,759.7500000000001,790.5,848.25
1313,39.78908845,-71.55314958,695.25,8.239378300715732,0.3657229349109829,77.88971072072734,-0.008743650379851522,0.3480392156862745,759.7500000000001,790.5,848.25
1313,39.78908845,-71.55314958,695.25,8.581857402079756,0.3677179766206423,77.4362194764514,-0.0037225451719326693,0.3333333333333333,759.7500000000001,790.5,848.25
1313,39.78908845,-71.55314958,695.25,8.688636743479208,0.3660657438794425,77.66146729099677,-0.007966278276111557,0.3235294117647059,759.7500000000001,790.5,848.25
1314,39.78904688,-71.55328965,695.25,8.594946981452281,0.36688848084372333,78.11536950819699,-0.004287916261247644,0.3382352941176471,759.7500000000001,790.5,848.25
1314,39.78904688,-71.55328965,695.25,8.322902907102863,0.3674115876773073,78.79715416327186,-0.0034338962806950363,0.3382352941176471,759.7500000000001,790.5,848.25
1314,39.78904688,-71.55328965,695.25,8.539933933634039,0.36229609868965984,78.35401491817913,-0.0077510316915888385,0.3284313725490196,759.7500000000001,790.5,848.25
1314,39.78904688,-71.55328965,695.25,9.023543621571507,0.35654734860205245,77.90953636444846,-0.006343459346972399,0.3088235294117647,759.7500000000001,790.5,848.25
1315,39.7890039,-71.55342003,695.25,9.318766366040887,0.35613541516713476,77.9125956039042,-0.006481615227492252,0.3088235294117647,759.7500000000001,790.5,848.25
1315,39.7890039,-71.55342003,695.25,9.316863330477503,0.35357245848534474,78.36415325657893,0.0003183613585215338,0.35294117647058826,759.7500000000001,790.5,848.25
1315,39.7890039,-71.55342003,695.25,9.188817694272391,0.3523825613017488,79.49193969761865,0.0009525696259979878,0.3333333333333333,759.7500000000001,790.5,848.25
1315,39.7890039,-71.55342003,695.25,9.155585612733434,0.3520177741466798,78.59296410414754,0.0068738104757906544,0.3431372549019608,759.7500000000001,790.5,848.25
1316,39.78896178,-71.55356045,695.25,9.018616679365763,0.3528057328295599,79.94360575824082,0.00992563077956003,0.3284313725490196,759.7500000000001,790.5,848.25
1316,39.78896178,-71.55356045,695.25,8.609550971727698,0.35880772201376443,79.94198451384244,-0.0011768286571648423,0.3137254901960784,759.7500000000001,790.5,848.25
1316,39.78896178,-71.55356045,695.25,8.230523747423343,0.36029728936001376,78.81462832042462,-0.00802204593737428,0.3235294117647059,759.7500000000001,790.5,848.25
1316,39.78896178,-71.55356045,695.25,8.281434598523248,0.35856400129593546,77.46267374631569,-0.016218226984726754,0.3235294117647059,759.7500000000001,790.5,848.25
1317,39.78891793,-71.553694,695.25,8.491981244088691,0.36115429001776506,78.13742632029239,-0.014277651360351496,0.3235294117647059,759.7500000000001,790.5,848.25
1317,39.78891793,-71.553694,695.25,8.721647427350756,0.36729273631155585,78.58693010816921,-0.007664757227228871,0.31862745098039214,759.7500000000001,790.5,848.25
1317,39.78891793,-71.553694,695.25,8.946101310501,0.36989811177463283,79.71221302176669,-0.012094024693934141,0.30392156862745096,759.7500000000001,790.5,848.25
1317,39.78891793,-71.553694,695.25,9.379234350824351,0.3694569795210256,79.48721542114595,-0.01475377978653566,0.29901960784313725,759.7500000000001,790.5,848.25
1318,39.78887418,-71.55382762,695.25,9.575679814395919,0.3680824276871639,79.26258433551605,-0.012788408062148508,0.29411764705882354,759.7500000000001,790.5,848.25
1318,39.78887418,-71.55382762,695.25,9.61949190757007,0.3676776444270951,79.03765905634279,-0.00770217915576808,0.28921568627450983,759.7500000000001,790.5,848.25
1318,39.78887418,-71.55382762,695.25,9.762476680554991,0.37002588403101283,78.13688063059146,0.005182292230444179,0.28431372549019607,759.7500000000001,790.5,848.25
1318,39.78887418,-71.55382762,693.75,9.702956440991562,0.37400949134785016,77.2364022801578,0.01822749662093865,0.30097087378640774,759.7500000000001,790.5,848.25
1319,39.7888222,-71.55396235,693.0,9.334140477572914,0.3719567080673168,76.78684275305673,0.021873469899777866,0.2946859903381642,759.7500000000001,790.5,848.25
1319,39.7888222,-71.55396235,692.25,8.901338038148895,0.3649498748657155,77.46348645211945,0.00995862771252392,0.32211538461538464,759.7500000000001,790.5,848.25
1319,39.7888222,-71.55396235,692.25,8.605644630634258,0.36016730783142537,77.46468990788713,0.0025616672825244423,0.3076923076923077,759.7500000000001,790.5,848.25
1319,39.7888222,-71.55396235,692.25,8.724940257582292,0.35430816892097305,78.14111707171736,-0.014799271643353018,0.28365384615384615,760.5,790.5,848.25
1320,39.78877828,-71.55409908,693.0,8.914754075431162,0.35321249876685096,76.79029960584634,-0.013159101949839169,0.26570048309178745,760.5,790.5,848.25
1320,39.78877828,-71.55409908,693.75,8.948441603698884,0.3535017634241226,77.46508448542836,-0.009587995547197657,0.24271844660194175,760.5,790.5,848.25
1320,39.78877828,-71.55409908,695.25,8.860283863671484,0.3530465021789272,78.36455693864113,-0.010455724018553247,0.25,760.5,790.5,848.25
1320,39.78877828,-71.55409908,695.25,8.816617511338798,0.3516349820664272,77.68812617799273,-0.014885662951556192,0.25,760.5,790.5,848.25
1321,39.78873383,-71.55423068,695.25,8.952413344022345,0.3514127060861434,76.56217416117518,-0.009703146621704014,0.2696078431372549,760.5,790.5,848.25
1321,39.78873383,-71.55423068,695.25,9.156409816414401,0.35424124570588755,77.91357951457809,-0.004702609568750081,0.24019607843137256,760.5,790.5,848.25
1321,39.78873383,-71.55423068,695.25,9.176215687213256,0.3569241882384695,79.49012342304847,-0.007046387974611656,0.24509803921568626,760.5,790.5,848.25
1321,39.78873383,-71.55423068,695.25,9.01247757418144,0.35950094267567184,78.8145351415707,-0.00580631073614687,0.24509803921568626,760.5,790.5,848.25
1322,39.78868728,-71.55436313,695.25,8.875283178748395,0.36378389483078555,78.81410003978289,0.007723387471304761,0.24509803921568626,760.5,790.5,848.25
1322,39.78868728,-71.55436313,695.25,8.751849455102255,0.3654161529892998,77.46274553357226,0.007395254233085095,0.23529411764705882,760.5,790.5,848.25
1322,39.78868728,-71.55436313,695.25,8.866590478352805,0.3700468621116588,78.13854115689179,-0.002061430525320236,0.2549019607843137,760.5,790.5,848.25
1322,39.78868728,-71.55436313,695.25,9.036494494770777,0.3761078976006518,78.81440551225643,-0.005136195208088494,0.2549019607843137,760.5,790.5,848.25
1323,39.78864158,-71.55450067,695.25,8.944796930350424,0.37628171115741615,78.8143505252322,-0.005459809563336909,0.2549019607843137,760.5,790.5,848.25
1323,39.78864158,-71.55450067,695.25,8.707906278775479,0.38082434114847824,78.36366625109916,-0.00971739120039462,0.2647058823529412,760.5,790.5,848.25
1323,39.78864158,-71.55450067,695.25,8.356276856579978,0.3821251393987133,77.91355132033189,-0.012710677463179151,0.2696078431372549,760.5,790.5,848.25
1323,39.78864158,-71.55450067,695.25,8.364051165958893,0.37547050109902613,78.36526421790343,-0.013460042555787595,0.24509803921568626,760.5,790.5,848.25
1324,39.78860017,-71.55463098,695.25,8.541185912207192,0.36636313879235105,78.14196062914914,-0.019405436115298682,0.27450980392156865,760.5,790.5,848.25
1324,39.78860017,-71.55463098,695.25,8.539734340907007,0.3630330338504793,78.81889594108122,-0.01010068871911522,0.28921568627450983,760.5,790.5,848.25
1324,39.78860017,-71.55463098,693.75,8.584280270604047,0.3595683782039628,78.59472041345376,-0.00012136301078643435,0.2961165048543689,760.5,790.5,848.25
1324,39.78860017,-71.55463098,695.25,8.733288059861998,0.35217494709785657,77.6950291095282,-0.0077081343435305046,0.30392156862745096,760.5,790.5,848.25
1325,39.78855865,-71.55476613,695.25,8.576281971414135,0.3452653433505543,79.49645980606151,-0.013170539993263489,0.30392156862745096,760.5,790.5,848.25
1325,39.78855865,-71.55476613,695.25,8.139042483684745,0.3445693539989432,78.14427086530637,-0.0015002240472863357,0.29411764705882354,760.5,790.5,848.25
1325,39.78855865,-71.55476613,695.25,8.206377185003587,0.34324786209407626,77.46975082513326,-0.005226315127277668,0.28431372549019607,760.5,790.5,848.25
1325,39.78855865,-71.55476613,695.25,8.462372359346208,0.3397626520958534,77.68248162181128,-0.00840413313330664,0.28431372549019607,760.5,790.5,848.25
1326,39.78851597,-71.55489975,695.25,8.64485753891765,0.3359821701766271,78.55850169336517,-0.005196581855255896,0.2696078431372549,760.5,790.5,848.25
1326,39.78851597,-71.55489975,695.25,8.371431757064748,0.3322500005394215,78.09132914448308,0.0005761650647181757,0.25,760.5,790.5,848.25
1326,39.78851597,-71.55489975,696.0,7.929683803707661,0.3308083709980187,78.61015368320865,0.0030864750567123358,0.2561576354679803,760.5,790.5,848.25
1326,39.78851597,-71.55489975,696.0,7.85716431856523,0.3307213324630225,76.7841627229812,-0.006990014513701835,0.2660098522167488,760.5,790.5,848.25
1327,39.78848492,-71.55504322,696.0,7.8464775259259225,0.3300045817721886,77.67746781453322,-0.0036253355156039145,0.2561576354679803,760.5,790.5,848.25
1327,39.78848492,-71.55504322,696.0,7.785134102042971,0.3234584450961315,76.99705621872592,-0.01019240933262074,0.270935960591133,760.5,790.5,848.25
1327,39.78848492,-71.55504322,696.0,7.698773808276268,0.3204320531104434,77.22053668052817,-0.007073128840400888,0.270935960591133,760.5,790.5,848.25
1327,39.78848492,-71.55504322,696.0,7.789935676453522,0.3224357581026983,77.89708026640288,-0.010533489948276816,0.27586206896551724,760.5,790.5,848.25
1328,39.78844473,-71.55517452,696.0,8.088583004693158,0.32714307412416604,77.67414498165077,-0.0038234537504455365,0.26108374384236455,760.5,790.5,848.25
1328,39.78844473,-71.55517452,696.0,8.402711750977863,0.32806436893610214,75.6484096260355,0.0004821238408901482,0.270935960591133,760.5,790.5,848.25
1328,39.78844473,-71.55517452,696.0,8.518957377507123,0.32486378277515715,76.99834892896358,-0.009179362353691116,0.2660098522167488,760.5,790.5,848.25
1328,39.78844473,-71.55517452,696.0,8.730989600279923,0.32565764490735827,77.22112327251035,-0.009478832624733449,0.27586206896551724,760.5,790.5,848.25
1329,39.78840313,-71.5553104,696.0,8.64862953002976,0.3274655614068449,77.44397393888673,0.008329975038212908,0.28078817733990147,760.5,790.5,848.25
1329,39.78840313,-71.5553104,696.0,8.407038839839226,0.3285219889402946,79.69431346472848,0.009745221531406167,0.28078817733990147,760.5,790.5,848.25
1329,39.78840313,-71.5553104,696.0,8.380438407420884,0.3272042286266935,79.24460603972332,0.008098924010797974,0.27941176470588236,760.5,790.5,849.0000000000001
1329,39.78840313,-71.5553104,696.0,8.392691496359147,0.32189413205872136,78.57154781940366,0.004076720021245842,0.2696078431372549,760.5,790.5,849.0000000000001
1330,39.78836537,-71.5554544,696.0,8.113398941359021,0.3181564050498793,78.12391912416152,0.010580223910528905,0.27941176470588236,760.5,790.5,849.0000000000001
1330,39.78836537,-71.5554544,696.0,7.6192152071113854,0.3177768175251588,79.25145417824324,0.013106567814586694,0.30392156862745096,760.5,790.5,849.0000000000001
1330,39.78836537,-71.5554544,696.0,7.411412100612544,0.31528970639182036,76.99935313020049,0.0015064435630325907,0.3088235294117647,760.5,790.5,849.0000000000001
1330,39.78836537,-71.5554544,696.0,7.643561028539505,0.3163035921912535,76.77185265382019,-0.00709838681857382,0.28921568627450983,760.5,790.5,849.0000000000001
1331,39.78832655,-71.5555871,696.0,7.849124561376028,0.3192268009732576,78.12068736230393,-0.008447529741776351,0.27450980392156865,760.5,790.5,849.0000000000001
1331,39.78832655,-71.5555871,696.0,7.86842762830786,0.3227709567330513,79.02132025897605,-0.012212547927498507,0.2696078431372549,760.5,790.5,849.0000000000001
1331,39.78832655,-71.5555871,696.0,7.652587966121221,0.32059723224877046,77.44567670803771,-0.012230585416000363,0.27450980392156865,760.5,790.5,849.0000000000001
1331,39.78832655,-71.5555871,696.0,7.542691769350216,0.31786311869587885,78.12203452947705,-0.005056381189969974,0.29411764705882354,760.5,790.5,849.0000000000001
1332,39.78828745,-71.55572452,696.0,7.668296071402146,0.31959163369248145,76.99728148526135,-0.001558332236255193,0.2647058823529412,760.5,790.5,849.0000000000001
1332,39.78828745,-71.55572452,696.0,7.818628392710367,0.3269213347842721,76.32293993520265,0.008993481456001238,0.2696078431372549,760.5,790.5,849.0000000000001
1332,39.78828745,-71.55572452,696.0,7.836403287529535,0.3295285474482565,75.87292423181502,-0.000911738022854164,0.29411764705882354,760.5,790.5,849.0000000000001
1332,39.78828745,-71.55572452,696.0,8.01470938500882,0.32728105726392887,75.87301892750773,-0.002919318525352634,0.2549019607843137,760.5,790.5,849.0000000000001
1333,39.78825035,-71.55586472,696.0,8.249490705907018,0.32621811633129344,74.97278564274684,0.016488836756851144,0.25,760.5,790.5,849.0000000000001
1333,39.78825035,-71.55586472,696.0,8.299957017555156,0.3282209685044347,75.19852953332418,0.02042082496942149,0.25980392156862747,760.5,790.5,849.0000000000001
1333,39.78825035,-71.55586472,696.0,8.402505812718019,0.33324675725743225,75.87422273502244,0.016119316650197224,0.2549019607843137,760.5,790.5,849.0000000000001
1333,39.78825035,-71.55586472,696.0,8.553411772423706,0.3325606852069128,75.19849487816936,0.012007103867909352,0.24509803921568626,760.5,790.5,849.0000000000001
1334,39.78820897,-71.55599928,696.0,8.343782682155256,0.3281310670403485,77.67537550992384,0.012000390258327557,0.2647058823529412,760.5,791.25,849.0000000000001
1334,39.78820897,-71.55599928,696.0,8.21057640690807,0.3281708058536124,77.22821979076488,0.009041013681635545,0.25,760.5,791.25,849.0000000000001
1334,39.78820897,-71.55599928,696.0,8.299925990300785,0.32975428585181804,76.78520569663299,-0.008166377090306135,0.25980392156862747,761.2500000000001,791.25,849.0000000000001
1334,39.78820897,-71.55599928,696.0,8.108005776892988,0.3312401589566943,76.11344464158742,-0.011349326877309853,0.2647058823529412,761.2500000000001,791.25,849.0000000000001
1335,39.78816965,-71.55613267,696.0,7.678134407426379,0.3280176230278409,76.3333001964065,-0.004111729307294095,0.28921568627450983,761.2500000000001,791.25,849.0000000000001
1335,39.78816965,-71.55613267,696.0,7.418275776372558,0.3263862066741028,75.18528098239908,-0.008402213042587812,0.27450980392156865,761.2500000000001,791.25,849.0000000000001
1335,39.78816965,-71.55613267,696.0,7.281588231058963,0.3253521518538582,77.52004968742864,-2.4391240366189986e-05,0.28921568627450983,761.2500000000001,791.25,849.0000000000001
1335,39.78816965,-71.55613267,696.0,7.277359813568673,0.325034299484253,78.62258948870951,0.012129941274559165,0.25,761.2500000000001,791.25,849.0000000000001
1336,39.78812448,-71.55626655,693.75,7.302221949259533,0.32548629155439535,78.16080060223477,0.011444815785712882,0.2560386473429952,761.2500000000001,818.25,849.0000000000001
1336,39.78812448,-71.55626655,693.75,7.24728892949536,0.32462221366858307,76.8133433645975,0.01193607915143154,0.24154589371980675,779.2499999999999,818.25,849.0000000000001
1336,39.78812448,-71.55626655,693.75,7.138526250995053,0.3281856707242051,75.70180228085647,0.00622056903936331,0.20772946859903382,779.2499999999999,818.25,849.0000000000001
1336,39.78812448,-71.55626655,693.75,6.864032866251457,0.33213613709717354,78.42494552652258,0.00473659395617569,0.23671497584541062,779.2499999999999,818.25,849.0000000000001
1337,39.7880821,-71.55640885,693.75,6.758458496137618,0.33409152255287344,78.335581510863,0.012507429505171818,0.2560386473429952,779.2499999999999,818.25,849.0000000000001
1337,39.7880821,-71.55640885,693.75,7.088230673767058,0.3331256826911201,78.35244421593322,0.010914622256755869,0.25120772946859904,779.2499999999999,818.25,849.0000000000001
1337,39.7880821,-71.55640885,695.25,7.267730316792582,0.33167558934679797,78.58870439652713,0.009906717432474623,0.23902439024390243,779.2499999999999,818.25,849.0000000000001
1337,39.7880821,-71.55640885,695.25,7.262893964118249,0.33188329606140843,77.24155227800495,0.009796515893296422,0.23902439024390243,779.2499999999999,818.25,849.0000000000001
1338,39.78803903,-71.55654117,693.75,7.446177385865425,0.3290827645372143,76.78629282534303,0.002673580187830109,0.2463768115942029,779.2499999999999,818.25,849.0000000000001
1338,39.78803903,-71.55654117,693.75,7.583779127808674,0.32715334230658993,77.00498333440935,0.013250699770879589,0.2222222222222222,779.2499999999999,818.25,849.0000000000001
1338,39.78803903,-71.55654117,693.75,7.563870775240141,0.32679830332796267,75.87619240382337,0.02428705817258924,0.2318840579710145,779.2499999999999,818.25,849.0000000000001
1338,39.78803903,-71.55654117,695.25,7.5259834588936885,0.32439419588031354,77.22752206549029,0.013453284086806926,0.22926829268292684,779.2499999999999,818.25,849.0000000000001
1339,39.78799255,-71.55667133,695.25,7.461658752663309,0.3219040287501748,75.65431771354291,0.01644873757658266,0.25853658536585367,779.2499999999999,818.25,849.0000000000001
1339,39.78799255,-71.55667133,695.25,7.510986857382387,0.32628069912123947,75.43397691649011,0.018151334349973368,0.25365853658536586,779.2499999999999,818.25,849.0000000000001
1339,39.78799255,-71.55667133,695.25,7.575929813329334,0.33327444584483806,76.33782263459229,0.010527277704356838,0.2634146341463415,779.2499999999999,818.25,849.0000000000001
1339,39.78799255,-71.55667133,695.25,7.300315120483376,0.33273044160371557,76.78927801358869,0.016382682872928107,0.2682926829268293,779.2499999999999,818.25,849.0000000000001
1340,39.78794687,-71.5568122,695.25,6.966992730149006,0.32957965985961496,79.48702355545848,0.017359419447307727,0.25853658536585367,779.2499999999999,818.25,849.0000000000001
1340,39.78794687,-71.5568122,695.25,6.63290759066349,0.32836490305569593,79.24307106507548,0.008146014609766158,0.25365853658536586,779.2499999999999,818.25,849.0000000000001
1340,39.78794687,-71.5568122,695.25,6.264381282470432,0.3272467408698706,77.6527508510479,0.009390469194271953,0.2634146341463415,779.2499999999999,818.25,849.0000000000001
1340,39.78794687,-71.5568122,695.25,6.355798102550631,0.32540491744137806,77.65531724457692,0.008216020072210999,0.25365853658536586,779.2499999999999,818.25,849.0000000000001
1341,39.78790358,-71.55694443,694.5,6.68900641037595,0.32409899075279425,77.8883945246096,0.0067065091612877195,0.2621359223300971,779.2499999999999,818.25,849.0000000000001
1341,39.78790358,-71.55694443,694.5,7.341553368813199,0.3302480139572403,77.44142856738254,0.010708886414226229,0.2669902912621359,779.2499999999999,818.25,849.0000000000001
1341,39.78790358,-71.55694443,694.5,7.854347548024971,0.33850353728930943,78.33829138790223,0.00972558910033111,0.25728155339805825,779.2499999999999,818.25,849.0000000000001
1341,39.78790358,-71.55694443,694.5,7.75071336662761,0.33961769211512816,77.20608430717861,0.0059460001790808,0.24757281553398058,779.2499999999999,818.25,849.0000000000001
1342,39.78786003,-71.55708232,694.5,7.4225091866575195,0.3389027247206681,78.10388400392479,0.006510139263776314,0.24757281553398058,779.2499999999999,818.25,849.0000000000001
1342,39.78786003,-71.55708232,694.5,7.263895257488956,0.3368069476647505,77.43365226491328,0.018046732888240817,0.23786407766990292,779.2499999999999,818.25,849.0000000000001
1342,39.78786003,-71.55708232,694.5,7.156843637716155,0.33177967423907745,77.44653577747154,0.019181475025465997,0.22815533980582525,779.2499999999999,818.25,849.0000000000001
1342,39.78786003,-71.55708232,694.5,7.2396832514435925,0.3294680716267274,77.22932507266687,0.01216311296513674,0.22815533980582525,779.2499999999999,818.25,849.0000000000001
1343,39.78781863,-71.5572233,694.5,7.646168085251563,0.325116330381401,78.35730002163501,0.017073843597565336,0.2524271844660194,779.2499999999999,818.25,849.0000000000001
1343,39.78781863,-71.5572233,694.5,7.751498424855383,0.32530905973419777,78.14131684771169,0.02441296767840589,0.28640776699029125,779.2499999999999,818.25,849.0000000000001
1343,39.78781863,-71.5572233,694.5,7.439577668544104,0.325883519518142,77.01761747528656,0.020948639778263133,0.2669902912621359,779.2499999999999,818.25,849.0000000000001
1343,39.78781863,-71.5572233,694.5,7.048909678410997,0.32777879554318845,78.63670008203583,0.015805576728529065,0.2621359223300971,779.2499999999999,818.25,849.0000000000001
1344,39.78777182,-71.55736307,694.5,6.865769749368267,0.3274563369100936,76.57891297148656,0.010972660581787575,0.24757281553398058,779.2499999999999,818.25,849.0000000000001
1344,39.78777182,-71.55736307,694.5,7.096685107874466,0.3268501950799843,74.99354290113706,0.004211532929289331,0.2669902912621359,779.2499999999999,818.25,849.0000000000001
1344,39.78777182,-71.55736307,694.5,7.617257178476907,0.32492778298478125,76.34071566070614,-0.005995729338500697,0.24757281553398058,779.2499999999999,818.25,849.0000000000001
1344,39.78777182,-71.55736307,694.5,7.686849105707491,0.32407445636140625,77.9151854743766,0.007890411401972485,0.2524271844660194,761.2500000000001,818.25,849.0000000000001
1344,39.78777182,-71.55736307,694.5,7.478654574314817,0.32355140219328343,79.0406375694595,0.012354171940941218,0.2524271844660194,761.2500000000001,818.25,849.0000000000001
1345,39.78773377,-71.55750155,694.5,7.568253550791104,0.3234104725082912,75.88850358930249,0.0025239629834408472,0.23786407766990292,761.2500000000001,818.25,849.0000000000001
1345,39.78773377,-71.55750155,694.5,7.82235080854341,0.323954088513757,77.01457814063433,0.011971283349947692,0.23786407766990292,761.2500000000001,818.25,849.0000000000001
1345,39.78773377,-71.55750155,694.5,8.0076722102261,0.32129472941262804,75.88879463474802,0.010312692267223533,0.23786407766990292,761.2500000000001,818.25,849.0000000000001
1346,39.78769783,-71.55763395,694.5,8.098494203439673,0.3210919587538873,76.56496296413167,0.013245394690890436,0.23786407766990292,761.2500000000001,818.25,849.0000000000001
1346,39.78769783,-71.55763395,694.5,7.962952062920352,0.32477987942623343,76.56655437463068,0.007826664843243245,0.25728155339805825,761.2500000000001,818.25,849.0000000000001
1346,39.78769783,-71.55763395,694.5,7.946223736059476,0.3262744449214517,77.24374799602597,0.006890500177287218,0.24271844660194175,761.2500000000001,791.25,849.0000000000001
1346,39.78769783,-71.55763395,694.5,8.219283405549866,0.3232520561708639,76.34586496995284,0.007826969265368387,0.2524271844660194,761.2500000000001,791.25,849.0000000000001
1347,39.78765752,-71.55776627,694.5,8.249490983355223,0.32112582096954906,77.70383775639638,0.018152803794466044,0.2621359223300971,761.2500000000001,791.25,849.0000000000001
1347,39.78765752,-71.55776627,694.5,8.025306912526748,0.3163081417117078,76.36588680104983,0.01638906315562087,0.27184466019417475,761.2500000000001,818.25,849.0000000000001
1347,39.78765752,-71.55776627,694.5,7.8149153061967,0.31421061902442804,75.82488530558143,0.017031074956669896,0.2669902912621359,761.2500000000001,791.25,849.0000000000001
1347,39.78765752,-71.55776627,694.5,7.293310872157659,0.3163214786700053,77.66563896055955,0.014000955805209225,0.2815533980582524,761.2500000000001,791.25,849.0000000000001
1348,39.78762068,-71.55790217,694.5,6.834833929336104,0.3216925427790664,76.35950572642547,0.012999439400098916,0.28640776699029125,761.2500000000001,791.25,849.0000000000001
1348,39.78762068,-71.55790217,694.5,6.731389867254174,0.3281988518817144,76.13919698291437,0.002879611032650042,0.2815533980582524,761.2500000000001,791.25,849.0000000000001
1348,39.78762068,-71.55790217,694.5,6.824154982204709,0.33234727872744657,74.53952973998713,-0.0007718184026386507,0.2766990291262136,761.2500000000001,791.25,849.0000000000001
1348,39.78762068,-71.55790217,694.5,7.053613766908762,0.3353602001289815,75.41792494562134,0.0010477827831224004,0.2669902912621359,761.2500000000001,791.25,849.0000000000001
1349,39.78757893,-71.55803218,694.5,7.208688925320533,0.33412052297886713,77.88526522611808,0.013688651344696344,0.2669902912621359,761.2500000000001,791.25,849.0000000000001
1349,39.78757893,-71.55803218,694.5,6.944892004427979,0.33149514990262974,77.8754296487604,0.014138303045608685,0.2623762376237624,760.5,791.25,846.0000000000001
1349,39.78757893,-71.55803218,694.5,6.750358542140523,0.327266412736668,80.56830124075657,0.014915619278655545,0.2722772277227723,760.5,791.25,846.0000000000001
1349,39.78757893,-71.55803218,694.5,6.956677512444962,0.3291902224265121,80.33334358422665,0.008542773454020314,0.27722772277227725,758.2500000000001,791.25,846.0000000000001
1350,39.7875348,-71.55816338,694.5,7.1510357675227025,0.33306900182917043,77.95914181252344,0.006486350358702289,0.29207920792079206,758.2500000000001,791.25,846.0000000000001
1350,39.7875348,-71.55816338,694.5,7.137795073391819,0.3332798073944129,79.07699355034639,0.0069452686130002765,0.27722772277227725,758.2500000000001,791.25,846.0000000000001
1350,39.7875348,-71.55816338,694.5,7.244900149092744,0.32667411067981666,78.17332938824708,0.003715738199823524,0.27722772277227725,758.2500000000001,791.25,846.0000000000001
1350,39.7875348,-71.55816338,693.75,7.107991870416607,0.3218207144805136,78.1741237247441,0.0028929922896226896,0.270935960591133,758.2500000000001,790.5,846.0000000000001
1351,39.78750005,-71.55829843,693.75,6.943109053109065,0.31873395843301594,79.52723256422891,0.011925276202011727,0.270935960591133,758.2500000000001,791.25,846.0000000000001
1351,39.78750005,-71.55829843,693.75,7.205751351926717,0.3167907201088204,79.97564379290858,0.008918093162830763,0.2660098522167488,758.2500000000001,791.25,846.0000000000001
1351,39.78750005,-71.55829843,693.75,7.56135130402065,0.31713754380053855,79.51880122309649,0.0075699552110805035,0.270935960591133,758.2500000000001,790.5,846.0000000000001
1351,39.78750005,-71.55829843,693.75,7.503532719288547,0.31684653280386593,77.26048206608498,0.007141744203123622,0.28078817733990147,758.2500000000001,790.5,846.0000000000001
1352,39.78746007,-71.55842962,693.75,7.482140759659788,0.31659881437402926,76.12987384988188,0.00589202340739479,0.26108374384236455,758.2500000000001,790.5,846.0000000000001
1352,39.78746007,-71.55842962,693.0,7.600359534827359,0.31611381966612506,77.25170637453208,0.0074027649204947985,0.2647058823529412,758.2500000000001,790.5,846.0000000000001
1352,39.78746007,-71.55842962,693.0,7.5422185651311855,0.3148193916056011,77.92367071546818,0.004290324681469298,0.2737430167597765,758.2500000000001,790.5,827.25
1352,39.78746007,-71.55842962,693.0,7.064518120044848,0.31774322522079657,77.69614431135678,0.007105641950805633,0.2681564245810056,758.2500000000001,790.5,827.25
1353,39.78742318,-71.5585672,693.0,6.585018231703585,0.3259301830622339,76.11890441025639,-0.001897152689233251,0.25139664804469275,755.2500000000001,790.5,827.25
1353,39.78742318,-71.5585672,693.0,6.576312673893647,0.33259065169073576,77.47011713586006,0.0020192351059008526,0.25139664804469275,755.2500000000001,790.5,827.25
1353,39.78742318,-71.5585672,693.0,6.738832503800815,0.33396373418327396,76.57012850596374,0.010241733278773008,0.24022346368715083,753.0,790.5,827.25
1353,39.78742318,-71.5585672,693.0,6.877080257816172,0.3385304025911961,76.79575758628039,0.0013207826682520947,0.2569832402234637,753.0,788.25,827.25
1354,39.78738958,-71.55870048,693.0,7.184336343042305,0.3437650468413889,77.24604134723334,-0.005642205400801137,0.26785714285714285,753.0,788.25,819.0000000000001
1354,39.78738958,-71.55870048,693.0,7.522505099666293,0.34164608260663426,75.6700256063126,0.0003893615823793477,0.30357142857142855,753.0,788.25,819.0000000000001
1354,39.78738958,-71.55870048,693.0,8.10229283482421,0.3394224900761694,76.57060137198123,-0.00014449689832212758,0.2916666666666667,753.0,788.25,819.0000000000001
1355,39.78735212,-71.5588321,693.0,8.112403295704263,0.33528984004639295,77.92081877891269,-0.0058170428615202776,0.2916666666666667,753.0,788.25,819.0000000000001
1355,39.78735212,-71.5588321,693.0,7.770488018465796,0.33171548629277015,77.4685230528575,0.010368461456982883,0.30357142857142855,753.0,788.25,819.0000000000001
1355,39.78735212,-71.5588321,693.0,7.666790878474514,0.32767054207342555,77.91623414589138,0.009069908737936158,0.27976190476190477,753.0,788.25,819.0000000000001
1355,39.78735212,-71.5588321,693.0,7.680997258861749,0.3281285633768939,77.91399079540189,0.004304922824542798,0.30357142857142855,753.0,788.25,819.0000000000001
1356,39.7873136,-71.55896892,693.0,7.829823285040707,0.3311503314526947,78.81400443972123,0.0065987378276050335,0.31736526946107785,753.0,788.25,818.25
1356,39.7873136,-71.55896892,693.0,8.120083006390292,0.3345160204845605,77.91387163500329,0.007045824560088257,0.31736526946107785,753.0,788.25,818.25
1356,39.7873136,-71.55896892,693.0,8.31752497866232,0.3379786523751006,78.36538573184149,0.0013183357717082517,0.2754491017964072,753.0,788.25,818.25
1356,39.7873136,-71.55896892,693.0,8.318740842673877,0.34076455767023006,77.69100087945216,0.003384357404756863,0.2754491017964072,753.0,788.25,818.25
1357,39.78727835,-71.55910848,693.0,8.187081634898142,0.342565002291034,77.46659619644721,-0.00537992530312259,0.31137724550898205,753.0,788.25,818.25
1357,39.78727835,-71.55910848,693.0,8.251693545583002,0.3459460520497348,78.14221880415971,-0.01472865007207117,0.2754491017964072,753.0,788.25,818.25
1357,39.78727835,-71.55910848,693.0,8.063798077433463,0.34564714923074963,78.14206909822668,0.007245471151247321,0.281437125748503,753.0,788.25,818.25
1357,39.78727835,-71.55910848,693.0,7.45616732053147,0.34124417846139105,77.91727443868264,0.006622990735266505,0.2694610778443114,753.0,788.25,818.25
1358,39.78723972,-71.55924242,693.0,7.432441142771314,0.3395283253406185,76.56801682185642,0.009484870320796458,0.2874251497005988,753.0,788.25,818.25
1358,39.78723972,-71.55924242,693.0,7.970742263505681,0.3465661632377859,78.59887201565022,0.003525302335089578,0.2874251497005988,753.0,788.25,818.25
1358,39.78723972,-71.55924242,693.0,8.40459668793752,0.3520200270793747,80.18139623302757,0.006709608877566903,0.25748502994011974,753.0,788.25,818.25
1358,39.78723972,-71.55924242,693.0,8.74371324072148,0.35255797967448615,79.51150773457334,0.011016050449017005,0.25748502994011974,753.0,788.25,818.25
1359,39.7871993,-71.55937215,692.25,8.967013151905597,0.3475557718381563,77.71328488889354,0.013376387731379849,0.25595238095238093,753.0,788.25,818.25
1359,39.7871993,-71.55937215,692.25,8.873678690534575,0.34541667449627983,76.58912113666197,0.006873844142160096,0.27380952380952384,753.0,788.25,818.25
1359,39.7871993,-71.55937215,692.25,8.680699431945126,0.34621979108949635,77.93527689372279,0.00867713681323624,0.2916666666666667,753.0,788.25,818.25
1359,39.7871993,-71.55937215,692.25,8.698195594308089,0.3482422562454959,78.15400835460777,0.01069523443676796,0.2976190476190476,753.0,788.25,818.25
1360,39.78716138,-71.55950757,692.25,8.784083200577479,0.3518339213307865,79.05177094766404,-0.013195197487089024,0.30952380952380953,753.0,788.25,818.25
1360,39.78716138,-71.55950757,692.25,8.529664249495573,0.3535872211985011,77.69866118449039,-0.009196407676814306,0.2976190476190476,753.0,788.25,818.25
1360,39.78716138,-71.55950757,692.25,8.39428852877526,0.3529138805021911,78.37117070894551,-0.012095864133965292,0.2976190476190476,753.0,788.25,818.25
1360,39.78716138,-71.55950757,692.25,8.395628281595428,0.35127746048524877,79.04337011833836,-0.002983448175710758,0.2916666666666667,753.0,788.25,818.25
1361,39.78711868,-71.55963945,692.25,8.660099645008865,0.3519274775416954,78.1403944712492,0.0009777345594760769,0.32142857142857145,753.0,788.25,818.25
1361,39.78711868,-71.55963945,692.25,8.362773323084564,0.3530127799961604,77.68893731825207,0.005887900844441231,0.2976190476190476,753.0,788.25,818.25
1361,39.78711868,-71.55963945,692.25,8.086935914101783,0.3500482847706711,78.58881970090319,0.01256956000438491,0.2916666666666667,753.0,788.25,818.25
1361,39.78711868,-71.55963945,692.25,8.044686456265776,0.3448286435096308,80.83987983334917,0.00762741262450952,0.30952380952380953,753.0,788.25,818.25
1362,39.78707658,-71.55977462,692.25,8.039620260587236,0.34154510391747683,78.5877944613888,0.00840927879021828,0.2976190476190476,753.0,788.25,818.25
1362,39.78707658,-71.55977462,692.25,8.330715612891536,0.33977237623080975,78.13708019623972,0.00846765886818343,0.31547619047619047,753.0,788.25,818.25
1362,39.78707658,-71.55977462,692.25,8.334780505882692,0.3396263483905244,76.78523481359859,0.01358119947747595,0.2976190476190476,753.0,788.25,818.25
1362,39.78707658,-71.55977462,692.25,8.421452482596344,0.340286995098915,77.23475024606293,0.006471972325502539,0.31547619047619047,753.0,788.25,818.25
1363,39.78703557,-71.55990738,692.25,8.805543574831542,0.3442431313574764,77.6847727218018,0.011379933798961184,0.30952380952380953,753.0,788.25,818.25
1363,39.78703557,-71.55990738,692.25,8.882731759848692,0.34594978168238155,79.71114575310996,0.0016310458904833943,0.34523809523809523,753.0,788.25,818.25
1363,39.78703557,-71.55990738,692.25,8.508063179202527,0.3504758468347484,77.45859496432271,0.003138785724687172,0.3333333333333333,753.0,788.25,818.25
1363,39.78703557,-71.55990738,692.25,8.75769304361739,0.35374311113794743,76.7815589834563,-0.00877661014835837,0.3273809523809524,753.0,788.25,818.25
1364,39.78699013,-71.56004163,692.25,8.956616464837332,0.35690926171687204,77.23034805150998,-0.01048795227037049,0.31547619047619047,753.0,788.25,818.25
1364,39.78699013,-71.56004163,692.25,9.068826799263382,0.35976762157645725,76.3288052359175,-0.010320658990072952,0.34523809523809523,753.0,788.25,818.25
1364,39.78699013,-71.56004163,692.25,9.20132510494244,0.3637911404692995,75.65326391488655,-0.011095009317806527,0.3630952380952381,753.0,788.25,818.25
1364,39.78699013,-71.56004163,692.25,9.207290431175792,0.36624950362594455,75.4284196202663,-0.007894293103346368,0.3392857142857143,753.0,788.25,818.25
1365,39.78694595,-71.56018212,692.25,9.091799693559533,0.3709007163153855,76.77990921199029,-0.00803985282477316,0.32142857142857145,753.0,788.25,818.25
1365,39.78694595,-71.56018212,692.25,9.012157197407092,0.3708075444211474,76.78001173616373,-0.008985322303735778,0.34523809523809523,753.0,788.25,818.25
1365,39.78694595,-71.56018212,692.25,9.264066794867025,0.3677699339935948,77.45537617684671,-0.017894793668491144,0.3273809523809524,753.0,788.25,818.25
1365,39.78694595,-71.56018212,692.25,9.565768214250054,0.36242232287295767,76.32963539354074,-0.022961970412044015,0.3392857142857143,753.0,788.25,818.25
1366,39.78690365,-71.56031277,692.25,9.677773297546178,0.35973558344993606,75.65509084391005,-0.018822926095504244,0.35714285714285715,753.0,788.25,818.25
1366,39.78690365,-71.56031277,692.25,9.53135209110151,0.3635951757417623,76.55687204895152,-0.013686692281185573,0.35119047619047616,753.0,788.25,818.25
1366,39.78690365,-71.56031277,692.25,9.4206087873637,0.36717964383912993,75.88183061054823,-0.004003727456772791,0.3392857142857143,753.0,788.25,818.25
1366,39.78690365,-71.56031277,692.25,9.257038141973664,0.36793677366401467,76.10678748355706,0.002309705137487429,0.3273809523809524,753.0,788.25,818.25
1367,39.78686408,-71.56045305,692.25,8.957953928517451,0.36515583294894266,76.10672166872983,-0.0047779579804874146,0.30952380952380953,753.0,788.25,818.25
1367,39.78686408,-71.56045305,692.25,9.076376359318486,0.36372899143491416,76.55780779854948,-0.006143289598719172,0.3333333333333333,753.0,788.25,818.25
1367,39.78686408,-71.56045305,692.25,9.325271934476019,0.3657498409633683,76.10888543389501,-0.009555411943076873,0.32142857142857145,753.0,788.25,818.25
1367,39.78686408,-71.56045305,692.25,8.914054846658722,0.3664689375111256,75.66026059579484,-0.014973565469119217,0.3630952380952381,753.0,788.25,818.25
1368,39.78682718,-71.5605886,692.25,8.82306006195824,0.3642326108572824,75.2118217215251,-0.018798453421430123,0.35714285714285715,753.0,788.25,818.25
1368,39.78682718,-71.5605886,692.25,8.65542075614404,0.36119360511187826,74.98869678321525,-0.01312695997423933,0.35119047619047616,753.0,788.25,818.25
1368,39.78682718,-71.5605886,692.25,8.589066218013155,0.35671488000468976,75.2158133146273,-0.01368541665271871,0.34523809523809523,753.0,788.25,818.25
1368,39.78682718,-71.5605886,692.25,8.496698647324022,0.35296855490045187,74.99232084318687,-0.0029663702224582192,0.3392857142857143,753.0,788.25,818.25
1369,39.786785,-71.56072122,692.25,8.377517007969123,0.3508593400654793,77.47006800554944,-0.00214697172274023,0.34523809523809523,753.0,788.25,818.25
1369,39.786785,-71.56072122,692.25,8.372167797955203,0.34866710889838076,75.89439364585822,-0.006970641629655949,0.32142857142857145,753.0,788.25,818.25
1369,39.786785,-71.56072122,692.25,8.408846093088016,0.3464887201485088,75.89508649592166,-0.012108896082974593,0.3273809523809524,753.0,788.25,818.25
1369,39.786785,-71.56072122,692.25,8.613057300884739,0.3471232620739882,75.8968464338339,-0.009197024264464596,0.3333333333333333,753.0,788.25,818.25
1370,39.78674437,-71.56086358,692.25,8.696900777303677,0.343614967639322,75.22386634901557,-0.0040566752159076425,0.3273809523809524,753.0,788.25,818.25
1370,39.78674437,-71.56086358,692.25,8.407594621184721,0.33896708104915174,75.67731620628467,-0.006707227491376501,0.3333333333333333,753.0,788.25,818.25
1370,39.78674437,-71.56086358,692.25,7.923460151835237,0.33643958183046224,78.60878374564338,-0.005288262689172249,0.32142857142857145,753.0,788.25,818.25
1370,39.78674437,-71.56086358,692.25,7.485003369920531,0.3344323462913804,77.49035396196047,-0.011018254605772689,0.31547619047619047,753.0,788.25,818.25
1371,39.7867038,-71.56099762,692.25,7.1680496418465065,0.33084912626327156,76.49373776022252,-0.017544270552235546,0.2857142857142857,753.0,788.25,818.25
1371,39.7867038,-71.56099762,692.25,7.541649089471452,0.3295384595199817,75.87946058888866,-0.012424298069400336,0.2976190476190476,753.0,788.25,818.25
1371,39.7867038,-71.56099762,692.25,8.024464550580987,0.33061461376722406,75.32183806267575,-0.006190533132327866,0.30357142857142855,753.0,788.25,818.25
1371,39.7867038,-71.56099762,692.25,8.289660381056182,0.3275800490468785,76.02017156870295,-0.015893002263958223,0.2976190476190476,753.0,788.25,818.25
1372,39.78666082,-71.5611345,692.25,8.15047269756391,0.32318376824519485,73.54065384927193,-0.0029797297829515963,0.30952380952380953,753.0,788.25,818.25
1372,39.78666082,-71.5611345,692.25,7.851536206041581,0.3256712525329949,75.33835396204913,0.0012166385310579742,0.2916666666666667,753.0,788.25,818.25
1372,39.78666082,-71.5611345,692.25,7.7020054642175735,0.3282955076787533,77.16228564240357,-0.008332111499157987,0.27380952380952384,753.0,788.25,818.25
1372,39.78666082,-71.5611345,692.25,7.631251585307596,0.3264066118555759,77.64287507888662,-0.010235498296900082,0.25595238095238093,753.0,788.25,818.25
1373,39.78661982,-71.56127383,692.25,7.615666294877176,0.31661482037492816,78.1097354265854,-0.010038588286785288,0.23809523809523808,753.0,788.25,818.25
1373,39.78661982,-71.56127383,692.25,7.791914978593425,0.30899755529861944,79.24098812279983,-0.012315525023041892,0.26785714285714285,753.0,788.25,818.25
1373,39.78661982,-71.56127383,692.25,7.317041596263525,0.30799091065989004,78.11580834451037,-0.00018827599925701625,0.24404761904761904,753.0,788.25,818.25
1373,39.78661982,-71.56127383,692.25,7.037230306499158,0.31066447600229746,77.44001701802189,0.0013430254097514089,0.23809523809523808,753.0,788.25,818.25
1374,39.78658285,-71.56140697,692.25,6.820950789352014,0.31488840936777124,77.89028785040477,0.0021312739698030173,0.26785714285714285,753.0,788.25,818.25
1374,39.78658285,-71.56140697,692.25,7.381364053316147,0.31624948543297327,77.44115177495719,0.005517288810080358,0.2619047619047619,753.0,788.25,818.25
1374,39.78658285,-71.56140697,692.25,7.951885094091929,0.317256066971431,77.6700184592877,0.0011569931792473232,0.25595238095238093,753.0,788.25,818.25
1374,39.78658285,-71.56140697,692.25,8.274385686389714,0.32176611599252114,78.57633367215522,-0.0031008479786859616,0.26785714285714285,753.0,788.25,818.25
1375,39.78654365,-71.5615405,692.25,8.298113669554029,0.3307151279373408,77.68097275512342,-0.003055213800173225,0.30952380952380953,753.0,788.25,818.25
1375,39.78654365,-71.5615405,692.25,8.116080112289922,0.33603377952041474,76.56220136121176,-7.305070105326129e-05,0.30952380952380953,753.0,788.25,818.25
1375,39.78654365,-71.5615405,692.25,7.843274904909058,0.34195785194789435,77.69979452971393,-0.003762691950708404,0.30357142857142855,753.0,788.25,818.25
1375,39.78654365,-71.5615405,692.25,7.863916735660434,0.34354926448304735,77.03829553719666,-0.01363552435037102,0.2976190476190476,753.0,788.25,818.25
1376,39.7865038,-71.56167533,692.25,8.088767418331981,0.3408610646068179,76.8241676182359,-0.012263941199669568,0.30952380952380953,753.0,788.25,818.25
1376,39.7865038,-71.56167533,692.25,8.146106771219854,0.3375618061165719,78.40717474561103,-0.007562195476935221,0.30357142857142855,753.0,788.25,818.25
1376,39.7865038,-71.56167533,692.25,8.384584218841022,0.33387169042653736,78.85868949293028,-0.00348980081940723,0.27380952380952384,753.0,788.25,818.25
1376,39.7865038,-71.56167533,692.25,8.412153576690285,0.3358481984230233,79.52546131492174,-0.0017459319813546944,0.27380952380952384,753.0,788.25,818.25
1377,39.78645752,-71.56181112,692.25,8.203587667408915,0.3392972227942056,80.6407895689383,0.002103663320490999,0.26785714285714285,753.0,788.25,818.25
1377,39.78645752,-71.56181112,692.25,7.770263772305938,0.3362915264971695,79.96106301239834,0.0006427636557358479,0.27380952380952384,753.0,788.25,818.25
1377,39.78645752,-71.56181112,692.25,7.810325682648946,0.3359311261838166,78.61424516191485,-0.0054776393795003715,0.2976190476190476,753.0,788.25,818.25
1377,39.78645752,-71.56181112,692.25,8.275445557143911,0.3386331954513838,77.72182536722883,-0.005693634267461457,0.30952380952380953,753.0,788.25,818.25
1378,39.78641513,-71.56194768,692.25,8.431298434521139,0.34180266431116846,77.95251150765311,-0.004723830743822051,0.2976190476190476,753.0,788.25,818.25
1378,39.78641513,-71.56194768,692.25,8.130340071788199,0.34664297989234205,79.06495033311059,0.003625182264745483,0.2976190476190476,753.0,788.25,818.25
1378,39.78641513,-71.56194768,692.25,7.7401779367278145,0.3491138211155318,79.5109147232187,-0.0023424023838618897,0.2916666666666667,753.0,788.25,818.25
1378,39.78641513,-71.56194768,692.25,7.529911637719082,0.3457498442242936,78.61030224817141,-0.0015604323996084926,0.27380952380952384,753.0,788.25,818.25
1379,39.78637047,-71.56208265,692.25,8.059332221506669,0.3455435066509358,76.3604908358129,-0.005907905974007633,0.27976190476190477,753.0,788.25,818.25
1379,39.78637047,-71.56208265,692.25,8.834083282527567,0.34692934389533625,79.28886110375566,-0.009101406613637364,0.27976190476190477,757.5,788.25,818.25
1379,39.78637047,-71.56208265,692.25,9.130794625020465,0.347132418697156,79.51374904087666,-0.011861072400524607,0.27976190476190477,758.2500000000001,788.25,818.25
1379,39.78637047,-71.56208265,692.25,8.686450246817701,0.34940685448264786,78.38307978903538,-0.007014188727218471,0.26785714285714285,758.2500000000001,788.25,818.25
1380,39.78632653,-71.56220892,692.25,8.149162829652564,0.350915107650626,77.701824053733,-0.0073510542563513534,0.2857142857142857,758.2500000000001,788.25,818.25
1380,39.78632653,-71.56220892,692.25,8.331137881806184,0.3526786319197706,78.37190723888065,-0.006895669398543497,0.26666666666666666,758.2500000000001,791.25,827.25
1380,39.78632653,-71.56220892,692.25,8.036844464272988,0.3523638829935539,77.92030462022088,-0.00547335233741977,0.2722222222222222,758.2500000000001,791.25,827.25
1380,39.78632653,-71.56220892,692.25,7.33440702953664,0.3507403946805835,77.69835168151153,-0.0020000271704326603,0.2611111111111111,758.2500000000001,791.25,827.25
1381,39.786286,-71.56234945,692.25,7.064043788067443,0.3496413452833989,77.48462921562279,-0.010849832229164044,0.22380952380952382,760.5,818.25,849.75
1381,39.786286,-71.56234945,692.25,7.719607101068051,0.3534237878299419,78.4116792787423,-0.012536631219478327,0.24285714285714285,760.5,818.25,849.75
1381,39.786286,-71.56234945,692.25,8.56869657374595,0.3585519796307224,79.21233895519825,-0.0030625252259245863,0.22857142857142856,760.5,818.25,849.75
1381,39.786286,-71.56234945,692.25,8.881335118415002,0.36003934706565105,79.74935501601362,0.0007799921122639271,0.20952380952380953,760.5,818.25,849.75
1382,39.78623918,-71.56248065,692.25,8.590495047404534,0.3601778054876291,78.16032950171704,-0.003059735217693921,0.22857142857142856,760.5,818.25,849.75
1382,39.78623918,-71.56248065,692.25,8.441379038055807,0.3595246520259022,76.80859720773067,-0.0013020759109988887,0.24285714285714285,760.5,818.25,849.75
1382,39.78623918,-71.56248065,692.25,8.252649413076835,0.3531864709993772,76.58974320564225,-0.002338725224408564,0.24761904761904763,760.5,818.25,849.75
1382,39.78623918,-71.56248065,692.25,8.249134152990496,0.3486876066531513,76.27524345647974,-0.0023787857584542,0.26666666666666666,760.5,818.25,849.75
1383,39.7861972,-71.56261215,692.25,7.95132960576111,0.3511762574879985,77.69818817940536,-0.0012023698958092263,0.2619047619047619,760.5,818.25,849.75
1383,39.7861972,-71.56261215,693.0,8.02388829261232,0.3554261032424085,78.66717078814327,-0.0015767087604418569,0.23444976076555024,760.5,818.25,849.75
1383,39.7861972,-71.56261215,693.0,7.966979074113366,0.36015325952846106,78.45882346389581,-0.0019563514165831385,0.22966507177033493,760.5,818.25,849.75
1383,39.7861972,-71.56261215,693.0,7.788349824973469,0.36286910122934657,78.23574734425311,-0.010038334097884611,0.23444976076555024,760.5,818.25,849.75
1384,39.78615407,-71.56274533,693.0,7.685586583449846,0.3602370995221629,77.59012953637986,-0.0163156734772258,0.22009569377990432,760.5,818.25,849.75
1384,39.78615407,-71.56274533,693.0,7.666704261662631,0.361387839977201,77.40157345994558,-0.008959026546103265,0.22488038277511962,760.5,818.25,849.75
1384,39.78615407,-71.56274533,693.0,7.4846366902090065,0.3631815368583283,76.74350821633087,-0.01471623580048518,0.24401913875598086,760.5,818.25,849.75
1384,39.78615407,-71.56274533,693.0,7.2820515858552515,0.3629416937487802,76.5281247020777,-0.015131462773753988,0.2535885167464115,760.5,818.25,849.75
1385,39.78610952,-71.56287703,693.0,7.613129666199575,0.36005950207621795,76.98234652653355,-0.01251004166387896,0.24880382775119617,760.5,818.25,849.75
1385,39.78610952,-71.56287703,693.0,7.704634451789274,0.36163336360982506,77.20857007831168,-0.00945403922315376,0.23444976076555024,760.5,818.25,849.75
1385,39.78610952,-71.56287703,693.0,7.464321264173538,0.3619456678223912,76.30812936869411,-0.014622865807101188,0.23923444976076555,760.5,818.25,849.75
1385,39.78610952,-71.56287703,693.0,7.278930253788219,0.35967703224852454,77.88434726113302,-0.008872871241273941,0.2535885167464115,760.5,818.25,849.75
1386,39.78606893,-71.56300985,693.0,7.546937025956247,0.3605380376736015,77.65680017238974,-0.008806903111132558,0.2631578947368421,760.5,818.25,849.75
1386,39.78606893,-71.56300985,693.75,7.937464125677517,0.3636806189110594,77.87388989174022,-0.007403355801410524,0.2692307692307692,760.5,818.25,849.75
1386,39.78606893,-71.56300985,693.75,8.279184107921465,0.3640522602839589,77.85674698816628,-0.004568291331885689,0.25961538461538464,760.5,818.25,849.75
1386,39.78606893,-71.56300985,693.75,8.393077697857844,0.35962841058830053,76.48394638848842,-0.009415137325421818,0.25,760.5,818.25,849.75
1387,39.78602612,-71.563142,693.75,8.124758512607553,0.3600317950887717,78.27140083090043,-0.01437785236914682,0.23557692307692307,760.5,818.25,849.75
1387,39.78602612,-71.563142,693.75,7.9685584269660215,0.35944727921470726,78.71691458987345,-0.01340566414201485,0.2403846153846154,760.5,818.25,849.75
1387,39.78602612,-71.563142,693.75,7.688421911412174,0.3605009479985628,78.37414910243274,-0.007831129786096146,0.25,760.5,818.25,849.75
1387,39.78602612,-71.563142,693.75,7.297751364849914,0.35948039821810984,78.82159089055018,-0.007154765643578867,0.2403846153846154,760.5,818.25,849.75
1388,39.785987,-71.56327535,693.75,7.367616517615694,0.3560240972105244,77.69350363532605,-0.002956375650732512,0.21634615384615385,760.5,818.25,849.75
1388,39.785987,-71.56327535,694.5,7.6993136480264175,0.3564047236128355,77.01650520030891,0.0026393612154000327,0.2318840579710145,760.5,818.25,849.75
1388,39.785987,-71.56327535,694.5,8.297235224264252,0.3586924732375501,77.46670633302737,-0.00048615106622155844,0.21739130434782608,760.5,818.25,849.75
1388,39.785987,-71.56327535,694.5,8.721768217990727,0.3619866143531307,78.81920686836271,-0.0026283380497350685,0.2318840579710145,760.5,818.25,849.75
1389,39.78594508,-71.5634078,694.5,8.648347183295886,0.36599974569146293,79.27180717144957,-0.007552173147624751,0.23557692307692307,760.5,818.25,850.5000000000001
1389,39.78594508,-71.5634078,694.5,7.991653381417089,0.36709891119800725,79.49905983417747,-0.0022396922801388116,0.25961538461538464,760.5,818.25,850.5000000000001
1389,39.78594508,-71.5634078,694.5,7.305306545090583,0.3692853669522493,79.05013637452603,-0.0032305823359097727,0.25,760.5,818.25,850.5000000000001
1389,39.78594508,-71.5634078,694.5,7.653205377893593,0.3729685161019419,78.60056018940953,-0.0002820213096715962,0.25,760.5,818.25,850.5000000000001
1390,39.78589868,-71.56354092,694.5,8.335878602829847,0.3748567906626232,77.69976033475751,-0.001519944814204147,0.2403846153846154,760.5,818.25,850.5000000000001
1390,39.78589868,-71.56354092,694.5,8.655416539583499,0.37354532676182073,76.34791685403907,0.00019203746463109422,0.24519230769230768,760.5,818.25,850.5000000000001
1390,39.78589868,-71.56354092,694.5,8.546601930730088,0.3693939585426061,76.79727475141276,0.004348486115060662,0.2403846153846154,760.5,818.25,850.5000000000001
1391,39.78584963,-71.5636694,694.5,8.138099781741996,0.36212096618809453,77.24636623390593,0.0033570187011296407,0.25,760.5,818.25,850.5000000000001
1391,39.78584963,-71.5636694,694.5,7.749641291352483,0.3606370659064926,77.01938864163492,0.0017566690727563565,0.23557692307692307,760.5,818.25,850.5000000000001
1391,39.78584963,-71.5636694,694.5,7.623940481367949,0.36255874793507475,76.56702946625248,-0.005051366809267725,0.25961538461538464,760.5,818.25,850.5000000000001
1391,39.78584963,-71.5636694,694.5,7.836306353843403,0.36054129617984104,76.11550498400389,-0.007348988733091195,0.2548076923076923,760.5,818.25,850.5000000000001
1392,39.78579978,-71.56380252,694.5,8.01475352179546,0.3588745684142089,77.46646962019545,-0.01218383138230112,0.25961538461538464,760.5,818.25,850.5000000000001
1392,39.78579978,-71.56380252,694.5,8.016641714988925,0.3601399709433718,75.89100847055556,-0.011797317524437901,0.25,760.5,818.25,850.5000000000001
1392,39.78579978,-71.56380252,694.5,7.783983668888269,0.36244360276206616,76.11695650903062,-0.009658139328195904,0.2692307692307692,760.5,818.25,850.5000000000001
1392,39.78579978,-71.56380252,695.25,7.796410399842116,0.35930329702983865,76.34251661823608,-0.003577122123919096,0.2560386473429952,760.5,818.25,850.5000000000001
1392,39.78579978,-71.56380252,695.25,7.882449761257936,0.35707079945399944,76.11768935112899,-0.0006649544162906203,0.25120772946859904,760.5,818.25,850.5000000000001
1393,39.78574782,-71.56393372,695.25,7.844618980654258,0.3582790534091421,78.59556238345152,-0.008660378651306044,0.2560386473429952,760.5,818.25,850.5000000000001
1393,39.78574782,-71.56393372,695.25,7.753041721021605,0.35692007698580347,78.82216276437123,-0.008819680611573521,0.27053140096618356,760.5,818.25,850.5000000000001
1393,39.78574782,-71.56393372,695.25,7.582345408085922,0.3502149799720978,77.47302475273692,-0.0029381677915655295,0.26570048309178745,760.5,818.25,850.5000000000001
1394,39.7857051,-71.56406193,695.25,7.182691094256031,0.3465010195315947,77.92525563153612,0.003248704006623878,0.25120772946859904,760.5,818.25,850.5000000000001
1394,39.7857051,-71.56406193,695.25,6.904573014066928,0.34741338647265585,77.92594095964138,0.0026594162507477762,0.23671497584541062,760.5,818.25,850.5000000000001
1394,39.7857051,-71.56406193,695.25,7.050095532165796,0.35085038616408554,78.82522185665674,-0.0001474382028265919,0.2463768115942029,760.5,818.25,850.5000000000001
1394,39.7857051,-71.56406193,695.25,7.173467300169295,0.35373908052363146,78.37278084874445,-0.001904065369381911,0.2318840579710145,760.5,818.25,850.5000000000001
1395,39.78565987,-71.56419242,695.25,7.394603855508423,0.3527401950628566,79.7231284781198,1.3092468448843634e-05,0.25120772946859904,760.5,818.25,850.5000000000001
1395,39.78565987,-71.56419242,695.25,7.396872437896068,0.35150770242579554,79.04882422696711,0.0012008426028531822,0.2560386473429952,760.5,818.25,850.5000000000001
1395,39.78565987,-71.56419242,695.25,7.275346864753605,0.34931577462582586,79.72586701626015,-0.003054721347221592,0.26570048309178745,760.5,818.25,850.5000000000001
1395,39.78565987,-71.56419242,695.25,7.203388384714489,0.34929831216736373,79.50021515929201,-0.0027206886190187843,0.26570048309178745,760.5,818.25,850.5000000000001
1396,39.78561593,-71.5643298,695.25,7.29059595210113,0.34836574523200714,77.9219803186024,-0.005473015310091742,0.27053140096618356,760.5,818.25,850.5000000000001
1396,39.78561593,-71.5643298,696.0,7.07317545332173,0.3503108883945458,78.59635029124898,-0.011357607342616304,0.2621359223300971,760.5,818.25,850.5000000000001
1396,39.78561593,-71.5643298,696.0,6.525663933024757,0.3520713632132066,77.46933266767435,-0.0137633966305659,0.24757281553398058,760.5,818.25,850.5000000000001
1396,39.78561593,-71.5643298,696.0,6.722315951800167,0.3505906905888017,77.46692751710857,-0.009640400232866777,0.2621359223300971,760.5,818.25,850.5000000000001
1397,39.78556925,-71.56445792,696.0,6.544054422510263,0.3519348266658667,77.46146028993257,-0.00832836691988472,0.27184466019417475,760.5,818.25,850.5000000000001
1397,39.78556925,-71.56445792,696.0,6.655104816206728,0.3572671650359179,77.79407451607413,-0.0066481025310634306,0.2621359223300971,760.5,818.25,850.5000000000001
1397,39.78556925,-71.56445792,696.0,6.970215051505129,0.3623010341541385,79.1517767169875,0.0008889116612642165,0.2815533980582524,760.5,818.25,850.5000000000001
1397,39.78556925,-71.56445792,696.0,7.112846768014541,0.361627706500314,78.13637126108641,-0.004357002050509907,0.25728155339805825,760.5,818.25,850.5000000000001
1398,39.78552477,-71.56458967,696.0,7.321586023121946,0.3609911698993549,76.56238764473453,-0.004484708881512,0.23786407766990292,760.5,818.25,850.5000000000001
1398,39.78552477,-71.56458967,696.0,7.644865049997417,0.3638404876610615,77.23900280839085,0.0002246939729539698,0.24271844660194175,760.5,818.25,850.5000000000001
1398,39.78552477,-71.56458967,696.0,8.039623441748146,0.3684841884185233,78.36686732320241,-0.004182153638404519,0.24271844660194175,760.5,818.25,850.5000000000001
1398,39.78552477,-71.56458967,696.0,8.351738648537903,0.36986467029291425,76.34303021036455,-0.0090748127815446,0.24757281553398058,760.5,818.25,850.5000000000001
1399,39.7854848,-71.56472615,696.0,8.342145473787193,0.364817908132644,77.2446990091336,-0.0061625353185230155,0.2766990291262136,760.5,818.25,850.5000000000001
1399,39.7854848,-71.56472615,696.0,8.210827404368144,0.35717748573767555,78.14569701839656,-0.010639447879438739,0.2912621359223301,760.5,818.25,850.5000000000001
1399,39.7854848,-71.56472615,696.0,8.04128062588316,0.3537461310389013,77.46985221543045,0.00042907175942455736,0.2912621359223301,760.5,818.25,850.5000000000001
1399,39.7854848,-71.56472615,696.75,7.9084202138089195,0.35104283469651665,78.59383515368881,-0.006230289353487085,0.2975609756097561,760.5,818.25,850.5000000000001
1400,39.78544253,-71.56485422,696.75,7.881994572966439,0.34949441050682195,77.01390635842021,-0.005240993845551636,0.2975609756097561,760.5,818.25,850.5000000000001
1400,39.78544253,-71.56485422,696.75,8.127036785462497,0.3498364367105997,78.69860448938013,-0.005409787987280614,0.28780487804878047,760.5,818.25,850.5000000000001
1400,39.78544253,-71.56485422,696.75,8.405352772576832,0.3519676242146329,78.24475093968152,-0.007755797899359089,0.28780487804878047,760.5,818.25,850.5000000000001
1400,39.78544253,-71.56485422,696.75,8.438474968104925,0.3536584716961415,77.56234707637478,-0.007445546571754004,0.2731707317073171,760.5,818.25,850.5000000000001
1401,39.78540948,-71.56498858,696.75,8.283202335488156,0.35596110571564227,78.41628975950984,-0.006789400159057065,0.28292682926829266,760.5,818.25,850.5000000000001
1401,39.78540948,-71.56498858,696.75,8.16069659425654,0.3567337006457447,78.79390107794808,-0.0041803414515023595,0.2926829268292683,760.5,818.25,850.5000000000001
1401,39.78540948,-71.56498858,696.75,8.017106404666626,0.35594916616264516,79.89384891850594,-0.004492621251410848,0.28292682926829266,760.5,818.25,850.5000000000001
1401,39.78540948,-71.56498858,696.75,7.6222660244624745,0.3506008750014359,77.85709310624411,-0.003626198266956078,0.3024390243902439,760.5,818.25,850.5000000000001
1402,39.78536617,-71.56511982,696.75,7.396491520722256,0.3442682794172446,74.03684294783498,-0.013847057882967893,0.3170731707317073,760.5,818.25,850.5000000000001
1402,39.78536617,-71.56511982,696.75,7.1603741115119295,0.34332240805542824,74.95443335364466,-0.008266236147583587,0.2780487804878049,760.5,818.25,850.5000000000001
1402,39.78536617,-71.56511982,697.5,6.959269758689994,0.3460062953032049,75.86534320254944,-0.007512837955190819,0.2647058823529412,759.7500000000001,817.5000000000001,850.5000000000001
1402,39.78536617,-71.56511982,697.5,6.996373620643551,0.34313621462577576,75.64238327177925,-0.007113390472468412,0.2647058823529412,759.7500000000001,817.5000000000001,850.5000000000001
1403,39.78532777,-71.56525267,697.5,7.369275677063622,0.3372631774897495,74.06450827997347,-0.0008287816752725575,0.29901960784313725,759.7500000000001,817.5000000000001,850.5000000000001
1403,39.78532777,-71.56525267,697.5,7.547486345517888,0.33586710389992613,76.09028987181685,0.004900330184858325,0.2549019607843137,759.7500000000001,817.5000000000001,850.5000000000001
1403,39.78532777,-71.56525267,697.5,7.328971387565048,0.3354304861763399,76.54258582927892,-0.010459173233953472,0.25980392156862747,759.7500000000001,817.5000000000001,850.5000000000001
1403,39.78532777,-71.56525267,697.5,7.217809295270845,0.33217375214734224,75.19372665102183,-0.006015374064682513,0.2647058823529412,759.7500000000001,817.5000000000001,850.5000000000001
1404,39.78528683,-71.56538755,697.5,7.2950323507010815,0.3310088765293196,76.5457897011437,-0.0035572631305123247,0.24509803921568626,759.7500000000001,817.5000000000001,850.5000000000001
1404,39.78528683,-71.56538755,697.5,7.536092591793192,0.32910544870005276,76.77074771905436,-0.0036545312946594816,0.24019607843137256,759.7500000000001,817.5000000000001,850.5000000000001
1404,39.78528683,-71.56538755,697.5,7.441956849423665,0.3248546673898876,76.09467514409118,-0.009434474340600598,0.21568627450980393,759.7500000000001,817.5000000000001,850.5000000000001
1405,39.7852473,-71.56551665,697.5,7.065286068430444,0.32377661172029976,76.54470499244013,-0.009150412678449111,0.22058823529411764,759.7500000000001,817.5000000000001,850.5000000000001
1405,39.7852473,-71.56551665,697.5,6.796956901804043,0.3258021336794858,75.19388522762253,-0.005641807370602829,0.24019607843137256,759.7500000000001,817.5000000000001,850.5000000000001
1405,39.7852473,-71.56551665,697.5,6.8354975255166766,0.32806267970391806,74.96904081940941,-0.0003598191692640919,0.24509803921568626,759.7500000000001,817.5000000000001,850.5000000000001
1405,39.7852473,-71.56551665,697.5,7.251079471565019,0.3287872873836782,76.0949257924628,-0.005812334293659209,0.2549019607843137,759.7500000000001,817.5000000000001,850.5000000000001
1406,39.78520857,-71.56564905,697.5,7.2181781864253365,0.32923171873970275,75.86948950905946,-0.006158714543266369,0.25980392156862747,759.7500000000001,817.5000000000001,850.5000000000001
1406,39.78520857,-71.56564905,697.5,6.951592972156695,0.33166638954775784,76.54487758749431,0.0026945993083148097,0.2647058823529412,759.7500000000001,817.5000000000001,850.5000000000001
1406,39.78520857,-71.56564905,697.5,6.964624791302563,0.3337000363522683,76.99528159331857,0.004667418702956846,0.28921568627450983,759.7500000000001,817.5000000000001,850.5000000000001
1406,39.78520857,-71.56564905,698.25,7.126912020439647,0.3374910830957371,76.76976694526941,0.0025131153463467757,0.27586206896551724,759.7500000000001,817.5000000000001,850.5000000000001
1407,39.78516523,-71.56578487,698.25,7.3984976726878955,0.33728144155539036,76.54313319106546,0.010824498769698244,0.28078817733990147,759.7500000000001,817.5000000000001,850.5000000000001
1407,39.78516523,-71.56578487,698.25,7.614412719054516,0.3327640808264476,77.21544459674621,0.006321212794936752,0.26108374384236455,759.7500000000001,817.5000000000001,850.5000000000001
1407,39.78516523,-71.56578487,698.25,7.376814285458716,0.32945326191394164,76.53597126613346,0.005698882662610365,0.27586206896551724,759.7500000000001,817.5000000000001,850.5000000000001
1407,39.78516523,-71.56578487,698.25,6.899872014188341,0.3294917147935817,75.63243407946398,0.005389795062864578,0.24630541871921183,759.7500000000001,817.5000000000001,850.5000000000001
1408,39.78511803,-71.5659146,698.25,6.781702226635268,0.3312707948694244,75.85668534576986,0.01294338273643714,0.2561576354679803,759.7500000000001,817.5000000000001,850.5000000000001
1408,39.78511803,-71.5659146,698.25,7.017706080275685,0.33065076309887176,76.53225950694663,0.006595279967193618,0.2561576354679803,759.7500000000001,817.5000000000001,850.5000000000001
1408,39.78511803,-71.5659146,698.25,7.1324172216771675,0.33078347633805316,76.53176801673736,0.006212339033157618,0.26108374384236455,759.7500000000001,817.5000000000001,850.5000000000001
1408,39.78511803,-71.5659146,698.25,7.229654586278516,0.33112780965504873,75.85594960519018,0.008169378967116246,0.24630541871921183,759.7500000000001,817.5000000000001,850.5000000000001
1409,39.78507648,-71.56604777,698.25,7.140210733709735,0.33245190943993896,75.181679394501,0.005146629325619938,0.2512315270935961,759.7500000000001,817.5000000000001,850.5000000000001
1409,39.78507648,-71.56604777,698.25,7.08833431085367,0.33304971226483726,75.63423422898968,0.0027163702573545613,0.2660098522167488,759.7500000000001,817.5000000000001,850.5000000000001
1409,39.78507648,-71.56604777,698.25,7.181417101290836,0.33815675330867867,75.63509227007961,0.005951536300466207,0.2561576354679803,759.7500000000001,817.5000000000001,850.5000000000001
1409,39.78507648,-71.56604777,698.25,7.260887195402841,0.3445292609578242,77.43502434241087,0.014189767873986682,0.2413793103448276,759.7500000000001,817.5000000000001,850.5000000000001
1410,39.78503255,-71.56617655,698.25,7.5079671441776465,0.3453994242204447,77.88265014263945,0.0059762740377355475,0.2561576354679803,759.7500000000001,817.5000000000001,850.5000000000001
1410,39.78503255,-71.56617655,698.25,7.824741054121531,0.3444965042563663,76.75430564393119,0.0013318996966104892,0.2512315270935961,759.7500000000001,816.75,850.5000000000001
1410,39.78503255,-71.56617655,698.25,7.769535934514332,0.34456726328569337,75.40168402567643,-0.0018291249016687738,0.2512315270935961,759.7500000000001,816.75,850.5000000000001
1410,39.78503255,-71.56617655,698.25,7.829219871454886,0.3466288341894185,74.72339031788135,-0.0030580613150639293,0.2512315270935961,759.7500000000001,816.75,850.5000000000001
1411,39.78498565,-71.56630448,697.5,8.14256409877695,0.34863060245269123,76.06843209144577,-0.0014624847074381129,0.2696078431372549,759.7500000000001,816.75,850.5000000000001
1411,39.78498565,-71.56630448,697.5,8.25445128733853,0.3475432678716834,74.70531594494977,-0.002161355706876036,0.2549019607843137,759.7500000000001,816.75,850.5000000000001
1411,39.78498565,-71.56630448,697.5,8.10833214286182,0.3453186510377154,74.69064593798994,0.004783315096791911,0.25,759.7500000000001,816.75,850.5000000000001
1411,39.78498565,-71.56630448,697.5,7.754887384321327,0.3410088773845819,75.12512650625465,0.0018986345047178063,0.2549019607843137,759.7500000000001,816.75,850.5000000000001
1412,39.7849464,-71.56643342,697.5,7.286997044035403,0.3327105194367444,74.1920222533959,0.008758071757754098,0.24019607843137256,759.7500000000001,816.75,850.5000000000001
1412,39.7849464,-71.56643342,697.5,7.076354756634159,0.32588185535883535,74.71495285144958,0.002286867348444596,0.22549019607843138,759.7500000000001,816.75,850.5000000000001
1412,39.7849464,-71.56643342,697.5,7.137954836152751,0.3255648276190732,74.10843750377735,-0.0007136395503778088,0.24509803921568626,759.7500000000001,816.75,850.5000000000001
1412,39.7849464,-71.56643342,697.5,7.3450415833507785,0.32773806767257996,74.32329367203768,-0.006240701708814247,0.24509803921568626,759.7500000000001,816.75,850.5000000000001
1413,39.78489963,-71.56656028,697.5,7.521667215049958,0.3313188274196467,73.64355992456922,0.010457732434242384,0.23529411764705882,759.7500000000001,816.75,850.5000000000001
1413,39.78489963,-71.56656028,695.25,7.502889103302272,0.3331679738075825,75.44173382118451,0.009533330624083791,0.2318840579710145,759.7500000000001,816.75,850.5000000000001
1413,39.78489963,-71.56656028,695.25,7.295323325265545,0.3312786075618302,72.96126745280561,0.003680375052503709,0.24154589371980675,759.7500000000001,816.75,850.5000000000001
1413,39.78489963,-71.56656028,697.5,6.94276121677902,0.32579064551273595,72.50814319718764,-0.0025142152973212676,0.24019607843137256,759.7500000000001,816.75,850.5000000000001
1414,39.78485437,-71.56669138,697.5,6.839883645045194,0.32421927938287365,71.15619459134211,-0.009899373228676761,0.24509803921568626,759.7500000000001,816.75,850.5000000000001
1414,39.78485437,-71.56669138,697.5,7.009549612012739,0.32373846347870017,72.5074578692972,-0.004548336736657137,0.22549019607843138,759.7500000000001,816.75,850.5000000000001
1414,39.78485437,-71.56669138,697.5,7.1971862352269715,0.3236169242382264,72.05704997751586,-0.00024915899418695263,0.22167487684729065,759.7500000000001,816.75,849.75
1415,39.78480947,-71.56681932,697.5,7.382900287815739,0.32366312371423256,71.60576109366501,0.006292991944912199,0.2413793103448276,759.7500000000001,816.75,849.75
1415,39.78480947,-71.56681932,697.5,7.502735595666555,0.3235787052963792,73.6309642609398,0.00696092818804088,0.2413793103448276,759.7500000000001,816.75,849.75
1415,39.78480947,-71.56681932,697.5,7.464090597085052,0.3188040795287139,72.0537888255304,0.005581001341591427,0.23645320197044334,759.7500000000001,816.75,849.75
1415,39.78480947,-71.56681932,697.5,7.353943721568125,0.312486513092905,71.82849466855723,0.0008134333126369889,0.23645320197044334,759.7500000000001,816.75,849.75
1416,39.78476142,-71.56695157,697.5,7.199565795630235,0.30858436129388495,70.92808183108347,0.00825790932214137,0.22660098522167488,759.7500000000001,816.75,849.75
1416,39.78476142,-71.56695157,697.5,7.1630435847439955,0.30140827671316145,70.92811848540033,0.016190245350868417,0.22167487684729065,759.7500000000001,816.75,849.75
1416,39.78476142,-71.56695157,697.5,7.128375688456959,0.29942567664705605,70.9277386173088,0.023592299235882914,0.21182266009852216,759.7500000000001,816.75,849.75
1416,39.78476142,-71.56695157,696.75,7.0120120822253735,0.300268536762346,70.70256369991779,0.023866169715086108,0.22549019607843138,759.7500000000001,816.75,849.75
1417,39.78471568,-71.5670848,696.75,6.961836627420155,0.3006868861952596,72.50455309784876,0.02104810811997247,0.20588235294117646,759.7500000000001,816.75,849.75
1417,39.78471568,-71.5670848,696.75,6.97667419336737,0.301621233197847,72.05462284302398,0.0173134281005883,0.20588235294117646,759.7500000000001,816.75,849.75
1417,39.78471568,-71.5670848,696.75,7.046498418616944,0.30449480790752503,74.08096936294872,0.011897220620613795,0.20098039215686275,759.7500000000001,816.75,849.75
1417,39.78471568,-71.5670848,696.75,7.1302967533308745,0.3060522878892624,72.50419569568686,0.0016328521793177223,0.23039215686274508,759.7500000000001,816.75,849.75
1418,39.78466985,-71.56721945,696.75,7.309118416470592,0.30917738700871117,74.75595693343996,0.0027523908111942988,0.23529411764705882,759.7500000000001,816.75,849.75
1418,39.78466985,-71.56721945,696.75,7.5045554914174195,0.3095205265483799,76.78358210625225,0.009506810582559207,0.22549019607843138,759.7500000000001,816.75,849.75
1418,39.78466985,-71.56721945,696.75,7.801739026302585,0.307123843693744,75.20862511974636,0.013723196035177604,0.19607843137254902,759.7500000000001,816.75,849.75
1418,39.78466985,-71.56721945,696.75,8.019599197132388,0.30585906004710534,72.95770363271622,0.0026042202826041913,0.20098039215686275,759.7500000000001,816.75,849.75
1418,39.78466985,-71.56721945,696.75,7.773825780570748,0.3097701863296318,70.25539888256672,0.006021485103026468,0.22549019607843138,759.7500000000001,816.75,849.75
1419,39.78462307,-71.567355,696.75,7.421432255357865,0.31604437890262876,72.05572251695786,0.0119602885895229,0.24019607843137256,759.7500000000001,816.75,849.75
1419,39.78462307,-71.567355,697.5,7.595002481339397,0.3235734622347818,73.40600467067512,0.01214157300776388,0.2413793103448276,759.7500000000001,816.75,849.75
1419,39.78462307,-71.567355,697.5,8.096376731715932,0.3265570921409394,72.73110842859123,0.005869757375353869,0.24630541871921183,759.7500000000001,816.75,849.75
1419,39.78462307,-71.567355,697.5,8.624765523309893,0.32817639099238993,70.48091168995707,0.0060705866936904395,0.2315270935960591,759.7500000000001,816.75,849.75
1420,39.7845802,-71.56748848,697.5,8.865866845081028,0.33252742155703713,71.38293483753114,0.009242075394438935,0.22167487684729065,759.7500000000001,816.75,849.75
1420,39.7845802,-71.56748848,697.5,8.780975243251682,0.33027075830111136,72.05917683934325,0.0082972684122998,0.21182266009852216,759.7500000000001,816.75,849.75
1420,39.7845802,-71.56748848,697.5,8.274672630761366,0.3243574465306028,70.93390557351387,0.015035536357517155,0.21674876847290642,759.7500000000001,816.75,849.75
1421,39.78454282,-71.56761925,697.5,8.13408854174379,0.3212734076972604,70.48412441141532,0.011887140757830605,0.2315270935960591,759.7500000000001,816.75,849.75
1421,39.78454282,-71.56761925,697.5,7.996463215226808,0.3218363552665171,72.51096708756084,0.015859155971170852,0.2660098522167488,759.7500000000001,816.75,849.75
1421,39.78454282,-71.56761925,697.5,7.691823527168665,0.3212316220493862,72.51068701304325,0.020352823072929294,0.2512315270935961,759.7500000000001,816.75,849.75
1421,39.78454282,-71.56761925,697.5,7.27583772695361,0.3181110278371785,74.0856097584732,0.017673017517310628,0.2512315270935961,759.7500000000001,816.75,849.75
1422,39.78450315,-71.5677494,697.5,7.068951651041113,0.3191550498887686,73.63335051212327,0.010104497776263642,0.23645320197044334,759.7500000000001,816.75,849.75
1422,39.78450315,-71.5677494,697.5,7.2577305924697475,0.3230328472071941,71.83071370192233,0.012237912900004559,0.2315270935960591,759.7500000000001,816.75,849.75
1422,39.78450315,-71.5677494,697.5,7.489830656791166,0.32318236914765,72.05561052258324,0.005708366288313561,0.2315270935960591,759.7500000000001,816.75,849.75
1422,39.78450315,-71.5677494,697.5,7.4671076147389055,0.32613248642999443,72.95636552964736,0.0033248936679326287,0.23645320197044334,759.7500000000001,816.75,849.75
1423,39.78446262,-71.56788177,697.5,7.505645606320569,0.3319211279737418,74.75805909864178,0.012789125198716519,0.22660098522167488,759.7500000000001,816.75,849.75
1423,39.78446262,-71.56788177,697.5,8.036825195241052,0.33651694065292437,74.5330494573834,0.014263888604093363,0.20689655172413793,759.7500000000001,816.75,849.75
1423,39.78446262,-71.56788177,697.5,8.374424590192692,0.34163522457654805,73.18112397274075,0.008793552806833554,0.21182266009852216,759.7500000000001,816.75,849.75
1423,39.78446262,-71.56788177,697.5,8.02256318846718,0.34578657759533055,74.08017577041879,0.011319209678512855,0.1921182266009852,759.7500000000001,816.75,849.75
1424,39.78442102,-71.56801333,697.5,7.547686684788244,0.3441839512975527,73.8538659169242,0.015140327822044915,0.1921182266009852,759.7500000000001,816.75,849.75
1424,39.78442102,-71.56801333,697.5,7.417665482133548,0.3395152278455603,74.52959787425827,0.004900908674310908,0.18719211822660098,759.7500000000001,816.75,849.75
1424,39.78442102,-71.56801333,697.5,7.473488215658501,0.337085205349255,74.53042577338621,-0.003105746137580853,0.2019704433497537,759.7500000000001,816.75,849.75
1424,39.78442102,-71.56801333,697.5,7.307697830753902,0.3354907694961598,76.33233991503782,0.005384957218331759,0.21674876847290642,759.7500000000001,816.75,849.75
1425,39.7843759,-71.56814848,697.5,7.283754156645208,0.3335943036440091,74.08057688641533,0.011778684371461226,0.2315270935960591,759.7500000000001,816.75,849.75
1425,39.7843759,-71.56814848,697.5,7.157546502686335,0.33106333724887793,73.63018551227104,0.00943549215492281,0.2315270935960591,759.7500000000001,816.75,849.75
1425,39.7843759,-71.56814848,697.5,6.982898021024137,0.3296836750554982,74.75666051405591,0.006861719632030008,0.2660098522167488,759.7500000000001,816.75,849.75
1425,39.7843759,-71.56814848,697.5,6.983081731603815,0.331091565356696,75.88359011319909,0.003457374307685887,0.23645320197044334,759.7500000000001,816.75,849.75
1426,39.78433263,-71.56827507,697.5,7.226137654032685,0.3277001974215963,75.20865596888316,-0.0004991434045451327,0.23645320197044334,759.7500000000001,816.75,849.75
1426,39.78433263,-71.56827507,697.5,7.465162672268894,0.3208650303113494,74.3072861856872,0.00651900883923377,0.2413793103448276,759.7500000000001,816.75,849.75
1426,39.78433263,-71.56827507,697.5,7.455012994466763,0.3199154755969501,73.85515054376157,0.004804558844881575,0.23645320197044334,759.7500000000001,816.75,849.75
1426,39.78433263,-71.56827507,697.5,6.953623003860101,0.32208752852239003,74.75363615532041,0.012241229749927406,0.22167487684729065,759.7500000000001,816.75,849.75
1427,39.78428737,-71.56841052,697.5,6.269775921344649,0.32457299174452314,74.97661124800801,0.018221336335964258,0.22660098522167488,759.7500000000001,816.75,849.75
1427,39.78428737,-71.56841052,697.5,6.215098446371054,0.3264687714277413,74.52443016115882,0.01195755413089428,0.24630541871921183,759.7500000000001,816.75,849.75
1427,39.78428737,-71.56841052,697.5,6.988377347426539,0.3222342620280683,72.04725414368255,0.0037958752184100476,0.2512315270935961,759.7500000000001,816.75,849.75
1427,39.78428737,-71.56841052,697.5,7.981828005294556,0.3159495261716085,70.92175324340606,0.005868082034899134,0.21674876847290642,759.7500000000001,790.5,849.75
1428,39.78424485,-71.56853725,697.5,8.089970154664137,0.3144673270256698,73.62341712224521,0.017965636359177382,0.21674876847290642,759.7500000000001,790.5,849.75
1428,39.78424485,-71.56853725,697.5,7.6678444190097625,0.31501029911609446,75.6487033541121,0.012970180717749058,0.19704433497536947,759.7500000000001,790.5,849.75
1428,39.78424485,-71.56853725,697.5,7.328869612033931,0.3120643540290649,74.74719263403921,0.013100418961849488,0.21674876847290642,759.7500000000001,790.5,849.75
1428,39.78424485,-71.56853725,697.5,7.354323386562957,0.31232421082587597,73.17162238016941,0.007999340693409615,0.2512315270935961,759.7500000000001,816.75,849.75
1429,39.78419867,-71.56867225,697.5,7.543705675344249,0.318350377630664,72.4971658911081,0.008001532938216574,0.27586206896551724,759.7500000000001,816.75,849.75
1429,39.78419867,-71.56867225,697.5,7.522349206284036,0.3223330418777315,71.82167530681537,0.004478445650840586,0.2561576354679803,759.7500000000001,816.75,849.75
1429,39.78419867,-71.56867225,697.5,7.286445116857365,0.3249901871612938,72.72109665846841,0.00793877144608289,0.24630541871921183,759.7500000000001,816.75,849.75
1429,39.78419867,-71.56867225,697.5,7.143862634374182,0.3289156948508872,73.39462527090468,0.008813162878165054,0.2512315270935961,759.7500000000001,816.75,849.75
1430,39.78416202,-71.5688084,697.5,7.16253880242759,0.32975697106495677,74.29358019757616,0.003996523529650886,0.23645320197044334,759.7500000000001,816.75,849.75
1430,39.78416202,-71.5688084,697.5,7.112640938657099,0.32905999584622675,74.96873508690382,0.0069119505868878465,0.2413793103448276,759.7500000000001,816.75,849.75
1430,39.78416202,-71.5688084,697.5,7.236343245286246,0.3281039872419523,75.42017165550988,0.009245155490744488,0.2561576354679803,759.7500000000001,816.75,849.75
1431,39.78412095,-71.56893458,697.5,7.7013906927461155,0.32936649132024043,75.19643412678478,0.0074235765483746914,0.22660098522167488,759.7500000000001,816.75,849.75
1431,39.78412095,-71.56893458,697.5,8.135203496509586,0.3308630192214149,74.29694502410182,0.005468204901627563,0.22167487684729065,759.7500000000001,816.75,849.75
1431,39.78412095,-71.56893458,697.5,8.165381067266534,0.330155695568331,74.29781341421754,0.005700932505754948,0.22660098522167488,759.7500000000001,816.75,849.75
1431,39.78412095,-71.56893458,697.5,7.879950184960912,0.3303736872320423,72.7219487674005,0.007236969278503664,0.23645320197044334,759.7500000000001,816.75,849.75
1432,39.78408368,-71.56907182,697.5,7.641285220252512,0.33409659159008676,70.9202726596451,0.011000460907321978,0.2315270935960591,759.7500000000001,816.75,849.75
1432,39.78408368,-71.56907182,697.5,7.870761490912259,0.33599994634343877,71.82063154290717,0.015392406494067421,0.21674876847290642,759.7500000000001,816.75,849.75
1432,39.78408368,-71.56907182,697.5,8.319129564597706,0.3343748789690185,71.5957992214489,0.014076969703490542,0.2019704433497537,759.7500000000001,816.75,849.75
1432,39.78408368,-71.56907182,697.5,8.3403546781726,0.33652772863347014,72.27170332540253,0.01770565914481914,0.22167487684729065,759.7500000000001,816.75,849.75
1433,39.78404383,-71.56920125,697.5,8.044658241086305,0.339180019662904,72.49687778587148,0.01877708700236996,0.23645320197044334,759.7500000000001,816.75,849.75
1433,39.78404383,-71.56920125,697.5,7.824969737560856,0.336174485022395,71.14575114044368,0.022100766248816982,0.2413793103448276,759.7500000000001,816.75,849.75
1433,39.78404383,-71.56920125,697.5,7.652386616252967,0.33416529292110786,72.04639342235936,0.017127025463763195,0.2512315270935961,759.7500000000001,816.75,849.75
1433,39.78404383,-71.56920125,697.5,7.5510074951302535,0.3371389522450667,70.69468389881995,0.01499180253355781,0.2512315270935961,759.7500000000001,816.75,849.75
1434,39.78400177,-71.56933607,697.5,7.411629653359569,0.3402278294559914,72.94571630096657,0.013726494490212035,0.2561576354679803,759.7500000000001,816.75,849.75
1434,39.78400177,-71.56933607,697.5,7.610647330647953,0.34184391616267834,74.52234593941485,0.010219715911360628,0.23645320197044334,759.7500000000001,816.75,849.75
1434,39.78400177,-71.56933607,697.5,8.282625944037267,0.337197458029827,73.39780792339145,0.017498695220796355,0.20689655172413793,759.7500000000001,816.75,849.75
1434,39.78400177,-71.56933607,697.5,9.041947920724484,0.3339909595884961,72.27286571228943,0.017428335797932158,0.20689655172413793,759.7500000000001,816.75,849.75
1435,39.78396035,-71.56946665,697.5,9.42843618807106,0.3349561251893208,73.17360531771723,0.014292581696191511,0.20689655172413793,759.7500000000001,816.75,849.75
1435,39.78396035,-71.56946665,697.5,9.461391572227136,0.33669737867073696,72.72272346977795,0.010168444789945429,0.20689655172413793,759.7500000000001,816.75,849.75
1435,39.78396035,-71.56946665,697.5,9.129742699079378,0.33854706203129165,73.84802123365976,0.010150638103802737,0.21182266009852216,759.7500000000001,816.75,849.75
1435,39.78396035,-71.56946665,697.5,8.737860440408033,0.33832323976248624,74.52311449394415,0.0181975382953723,0.22660098522167488,759.7500000000001,816.75,849.75
1436,39.783913,-71.56960528,697.5,8.499569203090822,0.338299517576401,73.1754784301639,0.00853296792793375,0.22167487684729065,759.7500000000001,816.75,849.75
1436,39.783913,-71.56960528,697.5,8.487919320207142,0.3395982631077656,72.74033714139627,0.0017209228036086381,0.2413793103448276,759.7500000000001,816.75,849.75
1436,39.783913,-71.56960528,697.5,8.405747289160361,0.3414800792263895,74.97691367740846,0.004551716561878083,0.24630541871921183,759.7500000000001,816.75,849.75
1436,39.783913,-71.56960528,696.75,8.148975198863033,0.3410749279163957,74.67725877509385,0.005627784604495024,0.24509803921568626,759.7500000000001,816.75,849.75
1437,39.7838761,-71.56973743,696.75,8.056794675045765,0.3420547737481597,73.38232590134291,0.004720590711427804,0.22549019607843138,759.7500000000001,816.75,849.75
1437,39.7838761,-71.56973743,696.75,7.929858110564518,0.3398082132212899,73.84668582255917,-0.0030907836095524807,0.22058823529411764,759.7500000000001,816.75,849.75
1437,39.7838761,-71.56973743,696.75,7.5849410078566555,0.33709317044147347,72.73260091250054,0.002509143402400912,0.2549019607843137,759.7500000000001,816.75,849.75
1437,39.7838761,-71.56973743,696.75,7.340490417564054,0.3321287012514373,74.33370694620638,0.007982646903281614,0.23529411764705882,759.7500000000001,816.75,849.75
1438,39.78384023,-71.56986758,696.75,7.461223381913736,0.3284786471393634,74.52659341838833,0.010876334166212158,0.25,759.7500000000001,816.75,849.75
1438,39.78384023,-71.56986758,696.75,7.657599420898214,0.3250283417852985,73.17790175959058,0.017592112700014876,0.24509803921568626,759.7500000000001,816.75,849.75
1438,39.78384023,-71.56986758,696.75,7.528157684482976,0.32522828765971207,73.62788324328203,0.013822004665094935,0.23529411764705882,759.7500000000001,816.75,849.75
1438,39.78384023,-71.56986758,697.5,7.090429242933491,0.3263024618148715,75.42683579947557,0.011326992749932721,0.23645320197044334,759.7500000000001,816.75,849.75
1439,39.78380245,-71.57000763,697.5,7.051060120462993,0.3301350325488519,75.4248671793337,0.008858459205010404,0.22167487684729065,759.7500000000001,816.75,849.75
1439,39.78380245,-71.57000763,697.5,7.70966065202096,0.33446439948881584,74.52636827964128,0.0069200084953145455,0.2019704433497537,759.7500000000001,816.75,849.75
1439,39.78380245,-71.57000763,697.5,8.252085861981756,0.33639726306135725,74.75650821957535,0.011069163168372259,0.20689655172413793,759.7500000000001,816.75,849.75
1439,39.78380245,-71.57000763,696.75,8.295966975936114,0.3347885276786192,74.08469794124568,0.014863143327992654,0.22058823529411764,759.7500000000001,816.75,849.75
1440,39.78376867,-71.57014292,696.75,8.66483901464044,0.33743002430948277,76.11046775455934,0.013305576489256773,0.22058823529411764,759.7500000000001,816.75,849.75
1440,39.78376867,-71.57014292,696.75,9.072287975851353,0.3412019885533539,75.42919473200763,0.011556771263486528,0.23039215686274508,759.7500000000001,816.75,849.75
1440,39.78376867,-71.57014292,696.75,8.973204598494586,0.3409459607115147,74.97679309184699,0.01315179425213351,0.24509803921568626,759.7500000000001,816.75,849.75
1440,39.78376867,-71.57014292,696.75,8.658389229452572,0.3347477693803947,75.88252772304526,0.015354635829877611,0.24019607843137256,759.7500000000001,816.75,849.75
1441,39.7837329,-71.57027943,696.75,8.72875408387533,0.32918092802757387,75.66571088502837,0.007693708549875796,0.23039215686274508,759.7500000000001,816.75,849.75
1441,39.7837329,-71.57027943,696.75,9.036230194569416,0.32508960879113585,74.54926159579212,0.010493448348655295,0.24509803921568626,759.7500000000001,816.75,849.75
1441,39.7837329,-71.57027943,697.5,9.046811857176063,0.3207301078255592,74.10761271594657,0.009305567989050528,0.26108374384236455,759.7500000000001,790.5,849.75
1441,39.7837329,-71.57027943,697.5,8.848316417184854,0.31681937898074874,75.6942476063306,0.008641520281186157,0.23645320197044334,759.7500000000001,790.5,849.75
1442,39.78369765,-71.57041453,697.5,8.97229073859035,0.3112458298529786,76.83771587644026,0.006293084655336595,0.22660098522167488,759.7500000000001,790.5,849.75
1442,39.78369765,-71.57041453,697.5,9.094126909063373,0.304120503238801,78.10627670014637,0.0016789549486466667,0.2413793103448276,759.7500000000001,790.5,849.75
1442,39.78369765,-71.57041453,697.5,8.815893413063398,0.29911236371208066,76.33400857004118,-0.0031016125832016126,0.22660098522167488,759.7500000000001,790.5,849.75
1442,39.78369765,-71.57041453,697.5,8.39679254078297,0.29775105723543094,75.00251547296878,0.008007361154566453,0.22660098522167488,759.7500000000001,790.5,849.75
1443,39.7836594,-71.57055582,697.5,8.287015517456503,0.3020273220418027,75.71728044286043,0.0065044456649674684,0.2512315270935961,759.7500000000001,790.5,849.75
1443,39.7836594,-71.57055582,697.5,8.695903595827083,0.3090947536637928,73.52459781114624,-0.001335719653599247,0.2413793103448276,759.7500000000001,790.5,849.75
1443,39.7836594,-71.57055582,697.5,9.196853857557523,0.31343937507006303,74.0206647860131,0.0017760315674192188,0.21674876847290642,759.7500000000001,790.5,849.75
1443,39.7836594,-71.57055582,696.75,9.306179006575555,0.3146949652485444,74.94000211505217,0.0018850667176820873,0.22549019607843138,759.7500000000001,790.5,849.75
1444,39.7836204,-71.57068715,696.75,9.114903986009674,0.3116600654980732,75.846414069801,0.002778244798058954,0.23039215686274508,759.7500000000001,790.5,849.75
1444,39.7836204,-71.57068715,696.75,8.459198175507142,0.3095990988428876,75.84316853923453,0.004484840685734162,0.23039215686274508,759.7500000000001,790.5,849.75
1444,39.7836204,-71.57068715,696.75,7.9906115181695805,0.31086320838078896,76.0601945758757,-0.0005834991749898194,0.23529411764705882,759.7500000000001,790.5,849.75
1444,39.7836204,-71.57068715,696.75,8.02315592123753,0.31003799063463106,75.82773957117148,-0.002807038219767485,0.22058823529411764,759.7500000000001,790.5,849.75
1445,39.7835762,-71.57082115,696.75,8.480151480128745,0.3102691660007324,73.12218432756563,-0.012244530077962673,0.2107843137254902,759.7500000000001,790.5,849.75
1445,39.7835762,-71.57082115,696.75,8.655719924311786,0.31077191019951167,74.4745098487883,-0.012369614400901627,0.22926829268292684,759.7500000000001,790.5,850.5000000000001
1445,39.7835762,-71.57082115,696.75,8.418597039275838,0.30996959224841303,74.98660780859127,-0.011078228553575483,0.2097560975609756,759.7500000000001,790.5,850.5000000000001
1445,39.7835762,-71.57082115,696.75,8.107237902772367,0.30772239048822403,74.31494186664777,-0.010093769708945622,0.2097560975609756,759.7500000000001,790.5,850.5000000000001
1446,39.78353143,-71.57095732,696.75,7.990391563766621,0.3105966120341783,75.44079362554884,-0.006810678587764025,0.2146341463414634,759.7500000000001,790.5,850.5000000000001
1446,39.78353143,-71.57095732,696.75,8.050798410409586,0.313115142576909,75.66656745644653,0.0013510609490613678,0.21951219512195122,759.7500000000001,790.5,850.5000000000001
1446,39.78353143,-71.57095732,696.75,7.868747634067237,0.3107306668722249,74.3137795370159,0.01637927469608686,0.22439024390243903,759.7500000000001,790.5,850.5000000000001
1446,39.78353143,-71.57095732,696.75,7.644503679906308,0.3082988069104735,73.41058315116575,0.01889682103635629,0.2097560975609756,759.7500000000001,790.5,850.5000000000001
1447,39.78348585,-71.57108863,696.75,7.677722776082142,0.30747900497847064,73.4093390693016,0.007913232224198142,0.21951219512195122,759.7500000000001,790.5,850.5000000000001
1447,39.78348585,-71.57108863,693.75,7.685223962773708,0.3103149654465586,73.63489984188337,-0.003159313785332011,0.22966507177033493,759.7500000000001,790.5,850.5000000000001
1447,39.78348585,-71.57108863,693.75,7.637988231824611,0.31246782788066163,73.86132368186564,-0.0035424953905595787,0.22966507177033493,759.7500000000001,790.5,850.5000000000001
1447,39.78348585,-71.57108863,693.0,7.716548773216804,0.3144722946459934,73.63486003881012,-0.0077340270096149435,0.23444976076555024,759.7500000000001,790.5,849.75
1448,39.78344375,-71.57122343,693.0,7.74670594561612,0.3150771659421374,73.17713701204778,-0.010915879798904151,0.25925925925925924,759.7500000000001,790.5,834.75
1448,39.78344375,-71.57122343,693.0,7.596287659419457,0.31779705027442223,72.27260278573803,-0.002427853226764136,0.2698412698412698,759.7500000000001,790.5,834.75
1448,39.78344375,-71.57122343,693.0,7.471720903646336,0.3225834088511875,74.52969920841883,-0.002940475705076399,0.27472527472527475,759.7500000000001,790.5,829.5000000000001
1448,39.78344375,-71.57122343,693.0,7.539757283460623,0.3250479731530984,73.63643705235256,-0.007862365165988905,0.26373626373626374,759.7500000000001,790.5,829.5000000000001
1449,39.78339855,-71.57136113,693.0,7.458448486171423,0.3266403482045748,72.73927533807588,-0.0025399748155055793,0.25824175824175827,759.7500000000001,790.5,829.5000000000001
1449,39.78339855,-71.57136113,693.0,7.187310118613859,0.33040091720264586,72.96424531717416,-0.0040452248804108085,0.27472527472527475,759.7500000000001,789.75,829.5000000000001
1449,39.78339855,-71.57136113,693.0,7.285116405701521,0.33445483577279356,72.96416812242406,-0.0024202924924134938,0.2802197802197802,759.7500000000001,789.75,829.5000000000001
1449,39.78339855,-71.57136113,693.0,7.777331540892767,0.3348535327281638,72.51426870301383,-0.0006493488695441627,0.25274725274725274,759.7500000000001,789.75,829.5000000000001
1450,39.78335753,-71.57149633,693.0,8.522737901089387,0.3375473259737826,74.09150663893759,-0.005131958163802831,0.25842696629213485,759.7500000000001,789.75,826.5000000000001
1450,39.78335753,-71.57149633,693.0,8.901132736999019,0.3384510547217613,74.09229662884509,-0.004731948777314817,0.24719101123595505,759.7500000000001,789.75,826.5000000000001
1450,39.78335753,-71.57149633,693.0,8.84610055831278,0.33463379121328146,73.86748756833647,0.0001263590297914015,0.2640449438202247,759.7500000000001,789.75,826.5000000000001
1450,39.78335753,-71.57149633,693.0,8.52943223946123,0.32823671303820606,73.41925567086614,0.0036041594787977137,0.2752808988764045,759.7500000000001,789.75,826.5000000000001
1451,39.7833225,-71.57163657,693.0,8.172924260073541,0.32431021945351135,75.2225622143764,-0.004213316951591977,0.2752808988764045,759.7500000000001,789.75,826.5000000000001
1451,39.7833225,-71.57163657,693.0,7.507204281216907,0.32332445997808734,75.8945853779094,-0.00073957620075534,0.24725274725274726,759.7500000000001,789.75,829.5000000000001
1451,39.7833225,-71.57163657,693.0,7.05872361702961,0.31965569423161333,75.40980050666757,-0.008375845208906234,0.27472527472527475,759.7500000000001,789.75,829.5000000000001
1451,39.7833225,-71.57163657,693.0,7.111711042586598,0.31819340716321737,73.43593270727986,-0.015340670347088541,0.29120879120879123,759.7500000000001,789.75,829.5000000000001
1452,39.78328758,-71.57177132,693.0,7.499983872164909,0.3222970020626601,73.87327951057419,-0.013416889147334158,0.2692307692307692,759.7500000000001,789.75,829.5000000000001
1452,39.78328758,-71.57177132,693.0,7.657561845548277,0.3244694287356354,72.74888498038014,-0.012753568276786906,0.27472527472527475,759.7500000000001,789.75,829.5000000000001
1452,39.78328758,-71.57177132,693.0,7.4866769809460765,0.3227693146975995,72.75603716203233,-0.00809217693713938,0.26373626373626374,759.7500000000001,789.75,829.5000000000001
1452,39.78328758,-71.57177132,693.0,7.487064425106033,0.3245131787451482,72.99764773409788,-0.01626083759503056,0.2802197802197802,759.7500000000001,789.75,829.5000000000001
1453,39.78325475,-71.57191128,693.0,7.581792876883224,0.3295166401154004,73.58695841691294,-0.014236661276437856,0.29120879120879123,759.7500000000001,789.75,829.5000000000001
1453,39.78325475,-71.57191128,693.0,7.663710184904709,0.33040472490916717,72.93471883665246,-0.008376683171377549,0.29120879120879123,759.7500000000001,789.75,829.5000000000001
1453,39.78325475,-71.57191128,693.0,7.654000651406411,0.3278610096562736,72.72447255985337,0.0031683658855303455,0.25274725274725274,759.7500000000001,789.75,829.5000000000001
1453,39.78325475,-71.57191128,693.0,7.650156897314648,0.3238779136111537,75.20271427049867,-0.0029968828603686337,0.25824175824175827,759.7500000000001,789.75,829.5000000000001
1454,39.78322175,-71.57204652,693.0,7.673423091756458,0.3233614585945967,75.8710160369279,-0.008395792596767093,0.2857142857142857,759.7500000000001,789.75,829.5000000000001
1454,39.78322175,-71.57204652,693.0,7.603142827776894,0.32693339930322224,74.96960740491227,-0.006212323904783307,0.2857142857142857,759.7500000000001,789.75,829.5000000000001
1454,39.78322175,-71.57204652,693.0,7.640671635199676,0.3258690580549563,73.1854191399351,-0.005902963316293541,0.27472527472527475,759.7500000000001,789.75,829.5000000000001
1455,39.78318442,-71.57217618,693.0,7.639824737963924,0.3210703138989545,72.29845130891911,-0.0022875614442239337,0.29120879120879123,759.7500000000001,789.75,829.5000000000001
1455,39.78318442,-71.57217618,693.0,7.700315381500449,0.3203510520558914,71.84703505353639,-0.00903241496000875,0.2857142857142857,759.7500000000001,789.75,829.5000000000001
1455,39.78318442,-71.57217618,693.0,7.56530879937907,0.3212862013388369,71.39105409295857,-0.0134861349646209,0.2802197802197802,759.7500000000001,789.75,829.5000000000001
1455,39.78318442,-71.57217618,693.0,7.5471549083000244,0.3187417749731593,72.28449844756729,-0.014374533247028856,0.26373626373626374,759.7500000000001,789.75,829.5000000000001
1456,39.78314912,-71.57230983,693.0,7.596237984834842,0.3138320051194086,72.49737275695028,-0.010757857385982148,0.26373626373626374,759.7500000000001,789.75,829.5000000000001
1456,39.78314912,-71.57230983,693.0,7.620305937969723,0.31493412719144753,74.4960223462772,-0.0070308199211323264,0.2802197802197802,759.7500000000001,789.75,829.5000000000001
1456,39.78314912,-71.57230983,693.0,7.8262049086962255,0.31796062056292657,75.0153962377081,-0.017322076977366957,0.25824175824175827,759.7500000000001,789.75,829.5000000000001
1456,39.78314912,-71.57230983,693.0,8.192219430587008,0.3176400815801651,75.21979549806497,-0.011787857946795627,0.24175824175824176,759.7500000000001,789.75,829.5000000000001
1457,39.78310762,-71.57244382,693.0,8.749887389425378,0.3141225946877522,73.18701013747976,-0.015378247914773444,0.24725274725274726,759.7500000000001,789.75,829.5000000000001
1457,39.78310762,-71.57244382,693.0,9.106287604857274,0.3111136617010807,72.96018087362754,-0.014196912688178508,0.27472527472527475,759.7500000000001,789.75,829.5000000000001
1457,39.78310762,-71.57244382,693.0,8.699189765861668,0.3087993530417864,74.08558608088178,-0.019206908555691574,0.29120879120879123,759.7500000000001,789.75,829.5000000000001
1457,39.78310762,-71.57244382,693.0,8.10618383997645,0.3060944092701505,74.08448916738494,0.0012211942026663122,0.29120879120879123,759.7500000000001,789.75,829.5000000000001
1458,39.78306493,-71.57257238,693.0,7.986411509834555,0.3022389091812582,74.30797531986455,-0.007813248905076831,0.29120879120879123,759.7500000000001,789.75,829.5000000000001
1458,39.78306493,-71.57257238,693.0,8.092154534942281,0.3027696896604537,73.18159746419829,-0.007534341256780076,0.2802197802197802,759.7500000000001,789.75,829.5000000000001
1458,39.78306493,-71.57257238,693.0,8.306931450839414,0.30666779425288143,72.05737437763034,-0.010182537206362382,0.29120879120879123,759.7500000000001,789.75,829.5000000000001
1458,39.78306493,-71.57257238,693.0,8.554819228530327,0.3066830779547557,70.70903447183773,-0.014697682478710302,0.29120879120879123,759.7500000000001,789.75,829.5000000000001
1459,39.7830263,-71.57269868,693.0,8.795838867255705,0.3050696236446528,71.38678058696271,-0.010214091459889834,0.2857142857142857,759.7500000000001,789.75,829.5000000000001
1459,39.7830263,-71.57269868,693.0,8.699348142886192,0.3035033694167053,71.6123763209236,-0.007415025571719151,0.26373626373626374,759.7500000000001,789.75,829.5000000000001
1459,39.7830263,-71.57269868,693.0,8.632705627947411,0.30782724453938387,71.8375193185448,-0.005478065175349371,0.2802197802197802,759.7500000000001,789.75,829.5000000000001
1459,39.7830263,-71.57269868,693.0,8.75379736922115,0.31419034270635016,73.18782694594442,-0.004110752637524963,0.27472527472527475,759.7500000000001,789.75,829.5000000000001
1460,39.78298,-71.57283007,693.0,9.003876461602175,0.31637604360311117,73.86187972575674,-0.00321287953351803,0.26373626373626374,759.7500000000001,789.75,829.5000000000001
1460,39.78298,-71.57283007,693.0,9.238341668085685,0.31479638966696577,75.66142102505707,-0.0013531226099507264,0.2692307692307692,759.7500000000001,789.75,829.5000000000001
1460,39.78298,-71.57283007,693.0,9.074995185644969,0.3172375824822354,75.20880350193809,-0.008827060885579855,0.25274725274725274,759.7500000000001,789.75,829.5000000000001
1460,39.78298,-71.57283007,693.0,8.77876883196246,0.32083056824299544,74.98177598644546,-0.005696568635395041,0.25824175824175827,759.7500000000001,789.75,829.5000000000001
1461,39.78293095,-71.57295917,693.0,8.363268541764388,0.32166318246263653,73.6295747597498,-0.010345930217021942,0.25824175824175827,759.7500000000001,789.75,829.5000000000001
1461,39.78293095,-71.57295917,693.0,8.281089051608973,0.32222172830920404,75.65680035838264,0.00029074282114670904,0.27472527472527475,759.7500000000001,789.75,829.5000000000001
1461,39.78293095,-71.57295917,693.0,8.65440086448448,0.32280295763410405,73.8592785971428,-0.0030662100514864342,0.2692307692307692,759.7500000000001,789.75,829.5000000000001
1461,39.78293095,-71.57295917,693.0,9.09960921336871,0.3240741175775828,73.64476002174764,-0.005481760558369919,0.25824175824175827,759.7500000000001,789.75,829.5000000000001
1462,39.78289165,-71.57309087,693.0,9.194350971014705,0.3252859818142621,73.46934011093362,-0.005086899616495619,0.27472527472527475,759.7500000000001,789.75,829.5000000000001
1462,39.78289165,-71.57309087,693.0,9.077628786338455,0.32621937608829266,75.21590134277143,-0.005821085072916167,0.25274725274725274,759.7500000000001,789.75,829.5000000000001
1462,39.78289165,-71.57309087,693.0,8.848793138416253,0.3248163969360303,76.328178346983,-0.01225964678235959,0.26373626373626374,759.7500000000001,789.75,829.5000000000001
1463,39.78284742,-71.57321845,693.0,9.088094633341566,0.32101459456959114,73.85026361179042,-0.005054284755039876,0.25274725274725274,759.7500000000001,789.75,829.5000000000001
1463,39.78284742,-71.57321845,693.0,9.268225843236022,0.3194306973383141,72.49124727301387,-0.0029688889898152504,0.24725274725274726,759.7500000000001,789.75,829.5000000000001
1463,39.78284742,-71.57321845,693.0,9.22898449818409,0.31698232947980937,74.05532205916455,-0.0019462359114874304,0.25274725274725274,759.7500000000001,789.75,829.5000000000001
1463,39.78284742,-71.57321845,693.0,9.218346522350128,0.3117109993334866,73.37910467724537,0.000630511083828848,0.26373626373626374,759.7500000000001,789.75,829.5000000000001
1464,39.7828022,-71.57334352,693.0,9.24248279097711,0.31065893399688066,72.71202734048046,0.0011467138687793219,0.2692307692307692,759.7500000000001,789.75,829.5000000000001
1464,39.7828022,-71.57334352,693.0,9.260058228264695,0.30678139586029646,70.24019158130228,0.0015095947014134633,0.3076923076923077,759.7500000000001,789.75,829.5000000000001
1464,39.7828022,-71.57334352,693.0,9.263402874114592,0.3032611073904418,72.94172715340669,-0.003274848843373624,0.3021978021978022,759.7500000000001,789.75,829.5000000000001
1464,39.7828022,-71.57334352,693.0,9.315269685949572,0.3059440791050847,74.96876366964324,0.0024356394846583593,0.3021978021978022,759.7500000000001,789.75,829.5000000000001
1465,39.78276002,-71.57347728,693.0,9.712037513525626,0.3127372004083907,76.10004968744141,0.009200126468980996,0.31868131868131866,759.7500000000001,789.75,829.5000000000001
1465,39.78276002,-71.57347728,693.0,9.765863908458044,0.3162331618187673,74.52879180651823,0.007162976100395105,0.3131868131868132,759.7500000000001,789.75,829.5000000000001
1465,39.78276002,-71.57347728,693.0,9.011416487405995,0.3152751585624765,74.98041580754938,0.005363051285420673,0.3021978021978022,759.7500000000001,789.75,829.5000000000001
1465,39.78276002,-71.57347728,693.0,8.405100294802466,0.3136991800451395,75.20473162873462,-0.005916153622254932,0.2967032967032967,759.7500000000001,789.75,829.5000000000001
1466,39.7827119,-71.57360557,693.0,8.44362279489638,0.31256735210424696,74.07896619040174,-0.0156781198143183,0.2692307692307692,759.7500000000001,789.75,829.5000000000001
1466,39.7827119,-71.57360557,693.0,8.484128021975202,0.3119690992601534,74.08068240079058,-0.014634585734536716,0.2692307692307692,759.7500000000001,789.75,829.5000000000001
1466,39.7827119,-71.57360557,693.0,8.29334624476407,0.30861368121272686,73.63257565969137,-0.010392550181556168,0.2692307692307692,759.7500000000001,789.75,829.5000000000001
1466,39.7827119,-71.57360557,693.0,7.760460722396175,0.30668795881913624,74.98471619530106,-0.0095983900230593,0.2692307692307692,759.7500000000001,789.75,829.5000000000001
1467,39.78266862,-71.57373492,693.0,7.285712181207174,0.30669562192151556,75.88457275001001,-0.006797370763466861,0.25824175824175827,759.7500000000001,789.75,829.5000000000001
1467,39.78266862,-71.57373492,692.25,7.449218095119106,0.3068052691673786,75.88384657347514,-0.002836372689584403,0.26229508196721313,759.7500000000001,789.75,829.5000000000001
1467,39.78266862,-71.57373492,692.25,7.657457230308261,0.30737443612808923,74.98639324882745,-0.0036485758061617904,0.2677595628415301,759.7500000000001,789.75,829.5000000000001
1467,39.78266862,-71.57373492,692.25,7.285090268049889,0.30351997190703367,75.66809277819243,-0.009787267205112438,0.2459016393442623,759.7500000000001,789.75,829.5000000000001
1468,39.78262368,-71.57386472,692.25,7.119291086164801,0.297556225963881,74.77491320293764,-0.009447666764811518,0.25136612021857924,759.7500000000001,789.75,829.5000000000001
1468,39.78262368,-71.57386472,692.25,7.2976089981646695,0.2962134319516789,73.630588247791,-0.006419332780594551,0.29508196721311475,759.7500000000001,789.75,829.5000000000001
1468,39.78262368,-71.57386472,692.25,7.5215751922436995,0.29803275633827553,73.87220366306929,-0.010153199962552456,0.2786885245901639,759.7500000000001,789.75,829.5000000000001
1468,39.78262368,-71.57386472,692.25,7.755948647021133,0.29898403475934154,74.78355813113528,-0.011579886772508948,0.25136612021857924,759.7500000000001,789.75,829.5000000000001
1469,39.78257705,-71.573995,692.25,7.813552880438788,0.30063560040723386,75.92505414433175,-0.006461501823779298,0.2568306010928962,759.7500000000001,789.75,829.5000000000001
1469,39.78257705,-71.573995,692.25,7.30064374592963,0.30363989886438697,77.87405974547111,-0.0005127323293043159,0.25136612021857924,759.7500000000001,789.75,829.5000000000001
1469,39.78257705,-71.573995,691.5,6.849258824764723,0.30459922625137204,78.38990815730911,-0.0026703582239967537,0.2608695652173913,759.7500000000001,789.75,829.5000000000001
1469,39.78257705,-71.573995,691.5,7.302319011245319,0.30573309808963695,77.96575725550652,-0.003039608573138278,0.2608695652173913,759.7500000000001,789.75,829.5000000000001
1470,39.78253235,-71.57413132,691.5,7.71484166300808,0.30221737779939456,76.59262607545915,-0.0021868789560006534,0.266304347826087,759.7500000000001,789.75,829.5000000000001
1470,39.78253235,-71.57413132,691.5,7.44424408196517,0.29588756962484275,76.13853607108081,-0.005390215125146574,0.29347826086956524,759.7500000000001,789.75,829.5000000000001
1470,39.78253235,-71.57413132,691.5,6.882089734718247,0.2925973204108785,76.13495041889135,-0.004797751951535472,0.28804347826086957,759.7500000000001,789.75,829.5000000000001
1470,39.78253235,-71.57413132,691.5,6.815791266540991,0.29067472199844735,77.25575349212174,0.0018192011662846266,0.23369565217391305,759.7500000000001,789.75,829.5000000000001
1471,39.78249265,-71.57426305,691.5,7.280455770355467,0.2900753271912776,76.56921777187083,0.002120265567610612,0.25,759.7500000000001,789.75,829.5000000000001
1471,39.78249265,-71.57426305,691.5,7.598842051371803,0.2899365937436155,76.76836023709063,-0.00047292957090125793,0.2554347826086957,759.7500000000001,789.75,829.5000000000001
1471,39.78249265,-71.57426305,691.5,7.546063761600329,0.28705118821904524,77.28932731888105,0.007605595153147462,0.2826086956521739,759.7500000000001,789.75,829.5000000000001
1472,39.78244445,-71.57438862,691.5,7.724209154154032,0.28672837353721503,77.48648998679602,-0.00045090836066442094,0.30978260869565216,759.7500000000001,789.75,829.5000000000001
1472,39.78244445,-71.57438862,691.5,8.074972625285758,0.2887325491748862,77.47434274372876,-0.003963404379632612,0.29347826086956524,759.7500000000001,789.75,829.5000000000001
1472,39.78244445,-71.57438862,691.5,8.199371884306757,0.2926359912303424,77.01775399337535,-0.0007095940571634821,0.27717391304347827,759.7500000000001,789.75,829.5000000000001
1472,39.78244445,-71.57438862,691.5,8.089576101773167,0.29759440490710426,75.43807807261167,0.004682465427387442,0.3063583815028902,759.7500000000001,789.75,821.25
1473,39.78240062,-71.57452168,691.5,7.688029581984623,0.2999882536316604,74.9859388319546,0.0048454787734933166,0.3179190751445087,759.7500000000001,789.75,821.25
1473,39.78240062,-71.57452168,691.5,7.344997571807545,0.30002930490340357,75.66031826828102,0.005755892784533531,0.3179190751445087,759.7500000000001,789.75,821.25
1473,39.78240062,-71.57452168,691.5,7.177550794866083,0.2962884212763932,74.08244071732526,-0.00043981132679797797,0.2947976878612717,759.7500000000001,789.75,821.25
1473,39.78240062,-71.57452168,691.5,7.118003368473317,0.2923902853049855,72.27913754043354,-0.0028590045574825866,0.2658959537572254,759.7500000000001,789.75,821.25
1474,39.78235692,-71.5746512,691.5,7.021500378453667,0.2943336021718266,72.72817429893216,0.002527421027256489,0.28901734104046245,759.7500000000001,789.75,821.25
1474,39.78235692,-71.5746512,691.5,7.045028680759039,0.2959580370053919,73.17792951117099,-0.00415694223264079,0.31213872832369943,759.7500000000001,789.75,821.25
1474,39.78235692,-71.5746512,691.5,7.319544216322658,0.2927797569259228,72.27739351810635,-0.014227393624334787,0.2832369942196532,759.7500000000001,789.75,821.25
1474,39.78235692,-71.5746512,691.5,7.449686859556382,0.289374354651847,72.50268702848516,-0.014569094179465275,0.2947976878612717,759.7500000000001,789.75,821.25
1475,39.78231028,-71.5747864,691.5,7.251236182723849,0.2905571984952015,73.40273483752068,-0.013433166980161823,0.3179190751445087,759.7500000000001,789.75,821.25
1475,39.78231028,-71.5747864,691.5,7.141234727710082,0.2943683310705888,74.52735974371699,-0.0074825990416674615,0.28901734104046245,759.7500000000001,789.75,821.25
1475,39.78231028,-71.5747864,691.5,7.475334994905895,0.2921348526580048,76.10239800063547,-0.007595042700128831,0.2774566473988439,759.7500000000001,789.75,821.25
1475,39.78231028,-71.5747864,691.5,7.815652688014472,0.292148855342689,75.4259497586974,-0.00190598747896696,0.2658959537572254,759.7500000000001,789.75,821.25
1476,39.78225938,-71.57491195,691.5,8.05784212350755,0.29434566575041266,75.87553870867964,-0.006986698620637318,0.27167630057803466,759.7500000000001,789.75,821.25
1476,39.78225938,-71.57491195,691.5,8.172859918726749,0.2951909431917342,74.97430233013338,5.7285596440675845e-05,0.24855491329479767,759.7500000000001,789.75,821.25
1476,39.78225938,-71.57491195,691.5,8.059250031706217,0.29484608353959435,72.94768890236344,-9.491541184140811e-05,0.24277456647398843,759.7500000000001,789.75,821.25
1476,39.78225938,-71.57491195,690.75,7.706535765127442,0.29556831202419814,73.84894565407131,-0.006910100880314427,0.25862068965517243,759.7500000000001,789.75,821.25
1477,39.78221165,-71.57504708,690.75,7.535296339981679,0.29218205780064277,74.07492368531884,-0.010437289866876044,0.27586206896551724,759.7500000000001,789.75,821.25
1477,39.78221165,-71.57504708,690.75,7.562075873732225,0.2869481147174725,73.1746337649382,-0.011447644941361796,0.27586206896551724,759.7500000000001,789.75,821.25
1477,39.78221165,-71.57504708,690.75,7.4706693513633,0.2838472683472473,72.49855091495381,-0.009771875012310331,0.27586206896551724,759.7500000000001,789.75,821.25
1477,39.78221165,-71.57504708,690.75,7.147200250494051,0.2818826599445343,71.59623319580969,-0.003941865060860949,0.25287356321839083,759.7500000000001,789.75,821.25
1478,39.78215893,-71.57517533,690.75,7.00160590654993,0.280733667039279,73.39551234410871,-0.002808403387195725,0.26436781609195403,759.7500000000001,789.75,821.25
1478,39.78215893,-71.57517533,690.75,7.50281442513401,0.2843667114938966,71.81811516568023,-0.005861015827653218,0.26436781609195403,759.7500000000001,789.75,821.25
1478,39.78215893,-71.57517533,690.75,7.977694895794349,0.286469630564832,72.94396410205502,-0.005579147920679807,0.27586206896551724,759.7500000000001,789.75,821.25
1478,39.78215893,-71.57517533,690.75,7.85902574815746,0.2855181094019728,73.61965565567621,-0.0005973770250048184,0.2471264367816092,759.7500000000001,789.75,821.25
1479,39.78211175,-71.57530777,690.75,7.7128940922208375,0.2843899167722711,72.2681128092,-0.008172684483008568,0.2471264367816092,759.7500000000001,789.75,821.25
1479,39.78211175,-71.57530777,690.75,7.9584244610222745,0.28513923909045613,74.29373149279142,-0.011567533122987776,0.2413793103448276,759.7500000000001,789.75,821.25
1479,39.78211175,-71.57530777,690.0,8.07307741536894,0.2861896145490327,73.84244186326427,-0.00866343822821159,0.22857142857142856,759.7500000000001,789.75,821.25
1479,39.78211175,-71.57530777,689.25,7.769786154297002,0.28580140800614035,73.16632768441688,-0.011327875708568401,0.2215909090909091,759.7500000000001,789.75,821.25
1480,39.78206553,-71.57544228,689.25,7.459413471138758,0.2877289501025375,72.94072659376334,-0.007888800815652314,0.21022727272727273,759.7500000000001,789.75,821.25
1480,39.78206553,-71.57544228,688.5,7.344035173016195,0.2904713412040699,73.84081532706794,-0.005441130832290895,0.22033898305084745,759.7500000000001,789.75,821.25
1480,39.78206553,-71.57544228,688.5,7.078000564660614,0.29410894423458533,73.38955106656702,-0.008485536087756845,0.23728813559322035,759.7500000000001,789.75,821.25
1480,39.78206553,-71.57544228,689.25,6.5834892058411025,0.29732561716343303,72.71249847924285,-0.01596752514067369,0.23295454545454544,759.7500000000001,789.75,821.25
1481,39.78201912,-71.57557662,689.25,6.471510292968452,0.2966891723757243,71.80954182601734,-0.011470101429575554,0.2556818181818182,759.7500000000001,789.75,821.25
1481,39.78201912,-71.57557662,689.25,6.876681140365742,0.2938407060444071,72.25682044833873,-0.00975837506585462,0.26704545454545453,759.7500000000001,789.75,821.25
1481,39.78201912,-71.57557662,690.0,7.407923942806056,0.2919786998865202,71.57757323814491,-0.009883363658984944,0.28,759.7500000000001,789.75,821.25
1481,39.78201912,-71.57557662,690.0,7.487511822133872,0.2936877455184951,72.47524724039343,-0.00732736286865404,0.3028571428571429,759.7500000000001,789.75,821.25
1482,39.78198515,-71.57571407,690.0,7.041494551676458,0.2935902494619579,72.69924090435467,-0.003038379588108942,0.2914285714285714,759.7500000000001,789.75,821.25
1482,39.78198515,-71.57571407,689.25,6.728922706297528,0.2911390708581196,73.60000893208156,-0.003677232562534229,0.2727272727272727,759.7500000000001,789.75,821.25
1482,39.78198515,-71.57571407,689.25,6.994085277932695,0.28952952847064445,75.4001202140496,-0.006679365571775903,0.30113636363636365,759.7500000000001,789.75,821.25
1482,39.78198515,-71.57571407,689.25,7.181103234325783,0.28636827468085935,74.49645243061904,-0.010889983452557928,0.2727272727272727,759.7500000000001,790.5,821.25
1483,39.78194697,-71.57584038,689.25,6.7415461511190715,0.28544969926756897,74.26986832356057,-0.007652713296941589,0.25,759.7500000000001,790.5,821.25
1483,39.78194697,-71.57584038,688.5,6.235083468186291,0.28625417627855576,73.82203854656285,-0.0030481289750304156,0.2598870056497175,759.7500000000001,790.5,821.25
1483,39.78194697,-71.57584038,688.5,6.313377184200703,0.28976320246217674,74.05079968971668,-0.0031707981283305266,0.2655367231638418,759.7500000000001,790.5,821.25
1483,39.78194697,-71.57584038,688.5,7.289766499241355,0.2910861177378539,73.60321957293566,-0.0034783796086568907,0.24858757062146894,759.7500000000001,790.5,821.25
1484,39.78191385,-71.57597925,688.5,7.932266455210889,0.29118990889046203,73.15554764664775,-0.0010607047356466367,0.2655367231638418,759.7500000000001,790.5,821.25
1484,39.78191385,-71.57597925,688.5,7.972996989345548,0.29035551538070453,73.3830740577276,-0.0025736651012742053,0.24858757062146894,759.7500000000001,790.5,821.25
1484,39.78191385,-71.57597925,688.5,7.498822740845115,0.2903518153346329,71.5828166832797,-0.005750537786092118,0.2542372881355932,759.7500000000001,790.5,821.25
1484,39.78191385,-71.57597925,688.5,6.778402576494897,0.2916077428498845,72.93303553155847,-0.0032489534824383325,0.2655367231638418,759.7500000000001,790.5,821.25
1485,39.78187285,-71.57611257,688.5,6.4134216581200105,0.297613646315212,73.38084558155558,-0.0039989391501136055,0.2824858757062147,759.7500000000001,790.5,821.25
1485,39.78187285,-71.57611257,689.25,6.43912437540129,0.30466142141618047,73.82842264956102,-0.0023430109661183576,0.29545454545454547,759.7500000000001,790.5,821.25
1485,39.78187285,-71.57611257,689.25,6.5866546749543895,0.31248989413728867,72.47578478565393,-0.00325570852939743,0.3181818181818182,759.7500000000001,790.5,821.25
1485,39.78187285,-71.57611257,689.25,6.7996000228524105,0.320248387558901,72.02391374220429,-0.0036566705426877306,0.32386363636363635,759.7500000000001,790.5,821.25
1486,39.78182785,-71.57623992,689.25,7.0522714369625445,0.3252017938314294,73.59802441746929,-0.002870462120233809,0.3352272727272727,759.7500000000001,790.5,821.25
1486,39.78182785,-71.57623992,688.5,7.336748026235164,0.32490346381146384,74.72140258838978,-0.0030812102150319393,0.3446327683615819,759.7500000000001,790.5,821.25
1486,39.78182785,-71.57623992,688.5,7.494785893720204,0.3222454099240543,74.71809189700616,-0.009021029786765916,0.327683615819209,759.7500000000001,790.5,821.25
1486,39.78182785,-71.57623992,688.5,7.738147185517431,0.31888443474686673,73.14319685562835,-0.019589313806879203,0.3333333333333333,759.7500000000001,790.5,821.25
1487,39.78178092,-71.5763739,688.5,8.066456706476309,0.31668737942678005,73.81905986117172,-0.021377724750686746,0.2994350282485876,757.5,790.5,821.25
1487,39.78178092,-71.5763739,688.5,7.958881358523074,0.3129961105662828,73.81176212698315,-0.017355737703800927,0.288135593220339,757.5,790.5,821.25
1487,39.78178092,-71.5763739,687.75,7.461320804503485,0.30892626207673857,75.60388945888981,-0.012502693826135893,0.3146067415730337,757.5,790.5,821.25
1487,39.78178092,-71.5763739,687.75,7.284551928162969,0.30350993445828633,75.14904507076136,-0.014349343125924426,0.30337078651685395,757.5,790.5,821.25
1488,39.78173112,-71.57650958,687.75,7.394957182826193,0.3004747419177956,74.02326294562376,-0.012724528301159582,0.28651685393258425,757.5,790.5,821.25
1488,39.78173112,-71.57650958,687.75,7.417618995162821,0.3000842070009381,72.21948715506595,-0.013110630633154652,0.29213483146067415,751.5,790.5,821.25
1488,39.78173112,-71.57650958,687.75,7.2795863832217655,0.3039364772845463,71.98325857212053,-0.010284750700955782,0.29213483146067415,751.5,790.5,821.25
1488,39.78173112,-71.57650958,687.75,7.2877663717823475,0.31007982914947346,72.64219014597964,-0.006750298109626909,0.29775280898876405,751.5,790.5,821.25
1489,39.78168718,-71.57663835,687.75,7.514247845450421,0.3186112094475785,72.41078919465973,-0.010725600731732766,0.29775280898876405,751.5,790.5,821.25
1489,39.78168718,-71.57663835,687.75,7.631626615973846,0.3223219598235702,71.52045295970254,-0.015323095846807095,0.29775280898876405,751.5,790.5,821.25
1489,39.78168718,-71.57663835,688.5,7.4065461681841915,0.3216836632141602,72.19999154632015,-0.011900382272276931,0.3050847457627119,751.5,790.5,821.25
1489,39.78168718,-71.57663835,688.5,6.898516760525216,0.3200137455825749,72.1907001195213,-0.011259525525919908,0.3107344632768362,751.5,790.5,821.25
1490,39.78163852,-71.57676935,688.5,6.587510867775398,0.3195799506961181,70.61278320097759,-0.005617570312488662,0.3107344632768362,751.5,790.5,821.25
1490,39.78163852,-71.57676935,687.75,6.629409036307628,0.31671917691812007,69.94755117834444,-0.006939126798256481,0.3258426966292135,751.5,790.5,821.25
1490,39.78163852,-71.57676935,687.75,6.455950413603707,0.3132726493509219,70.86041796558114,-0.009134754131652096,0.3202247191011236,751.5,790.5,821.25
1490,39.78163852,-71.57676935,687.75,6.14884138577395,0.3096092222676889,70.64615798660269,-0.012519360604902668,0.3202247191011236,751.5,790.5,821.25
1491,39.78159243,-71.57690503,687.75,6.192022800389231,0.3081494692747095,72.00273515864983,-0.009824319458750175,0.30337078651685395,751.5,790.5,821.25
1491,39.78159243,-71.57690503,687.75,6.489484475655596,0.30453657201740036,74.02798876555418,-0.005425553552955612,0.3089887640449438,751.5,790.5,821.25
1491,39.78159243,-71.57690503,687.0,6.779059574170659,0.30221885367116696,72.22085453232278,-0.0016991527279162251,0.31843575418994413,751.5,790.5,821.25
1491,39.78159243,-71.57690503,687.0,6.93241252443331,0.3028546670231998,71.31237878022391,0.0003799042445102703,0.30726256983240224,751.5,790.5,821.25
1491,39.78159243,-71.57690503,687.0,6.858733348195688,0.30736230009965887,72.2001827545765,0.0014864488029628863,0.31843575418994413,751.5,790.5,821.25
1491,39.78159243,-71.57690503,687.0,6.701437977985609,0.3089828221923064,72.85701755183315,-0.0023983125960606753,0.3240223463687151,751.5,790.5,821.25
1491,39.78159243,-71.57690503,687.0,6.780311941323642,0.3092178236529449,72.62453261160974,0.00013881344760656016,0.329608938547486,751.5,790.5,821.25
1491,39.78159243,-71.57690503,687.0,6.7271143640154945,0.30967805551817223,72.63592830982718,-0.005599473487335619,0.3128491620111732,751.5,790.5,821.25
1491,39.78159243,-71.57690503,687.0,6.288863722146893,0.3134188627479099,71.97595664589502,-0.00985905154593213,0.31843575418994413,751.5,790.5,821.25
1491,39.78159243,-71.57690503,687.0,6.208381496303101,0.32101057082949364,72.21065875591366,-0.01874931143041474,0.3240223463687151,751.5,790.5,821.25
1491,39.78159243,-71.57690503,687.0,6.332673213060908,0.329612986775975,73.5652205663375,-0.01756804364398725,0.31843575418994413,751.5,790.5,821.25
1491,39.78159243,-71.57690503,687.0,6.433587837571622,0.3328698022257375,73.79127513680733,-0.015155549064615952,0.3016759776536313,751.5,790.5,821.25
1491,39.78159243,-71.57690503,687.0,6.615397965797105,0.33431383037943496,75.36941570742712,-0.013669786750250533,0.3240223463687151,751.5,790.5,821.25
1491,39.78159243,-71.57690503,687.0,6.945172331127926,0.3373238316017327,75.14163013252988,-0.00940587389403448,0.31843575418994413,751.5,790.5,821.25
1491,39.78159243,-71.57690503,686.25,7.46116173271279,0.3391900569487532,73.32331581918838,-0.01045251916251053,0.3333333333333333,751.5,790.5,821.25
1491,39.78159243,-71.57690503,686.25,7.7691411103249255,0.34267900958696723,73.28908914133473,-0.013679233651333753,0.3333333333333333,751.5,790.5,821.25
1491,39.78159243,-71.57690503,686.25,7.734106643692993,0.3467029528356952,72.58891247088542,-0.017779537454169537,0.3333333333333333,751.5,790.5,821.25
1491,39.78159243,-71.57690503,686.25,7.674705618694905,0.3543432572661314,73.92550368404113,-0.016467388492989985,0.3388888888888889,751.5,790.5,821.25
1491,39.78159243,-71.57690503,686.25,7.804926176011513,0.3598675349675917,74.58507204741507,-0.012221893223869474,0.32222222222222224,751.5,790.5,821.25
1491,39.78159243,-71.57690503,686.25,7.734982429682567,0.35828844421588335,75.23825437681388,-0.013802640955927916,0.3111111111111111,751.5,790.5,821.25
1491,39.78159243,-71.57690503,686.25,7.659399224035541,0.35539627294356796,74.99162423445148,-0.014818242489404188,0.2777777777777778,751.5,790.5,821.25
1491,39.78159243,-71.57690503,686.25,7.86337809674174,0.3580068617754353,75.21000401004618,-0.015565842111712013,0.2777777777777778,751.5,790.5,821.25
1491,39.78159243,-71.57690503,686.25,8.189114286969437,0.36158182601665556,75.21670362443993,-0.01520177090682659,0.2611111111111111,751.5,790.5,821.25
1491,39.78159243,-71.57690503,686.25,8.202088182538425,0.3614538526059791,75.22181811406817,-0.014377265139309979,0.3111111111111111,751.5,790.5,821.25
1491,39.78159243,-71.57690503,686.25,8.00741636017998,0.36004468144565427,76.7890719367516,-0.016055511042169443,0.2777777777777778,751.5,790.5,821.25
1491,39.78159243,-71.57690503,686.25,7.998837531667713,0.3569400163844016,75.86162543830561,-0.01543634740052144,0.26666666666666666,750.7500000000001,790.5,821.25
1491,39.78159243,-71.57690503,686.25,8.290074888730345,0.3517992050405044,74.59124489017341,-0.011611297690274393,0.25555555555555554,750.7500000000001,790.5,821.25
1491,39.78159243,-71.57690503,686.25,8.549205392967778,0.3466075589050356,75.47210182094794,-0.013290411619729707,0.25555555555555554,746.25,790.5,821.25
1491,39.78159243,-71.57690503,686.25,8.41595276889338,0.3411504892305552,76.13863903443956,-0.01317709807491071,0.25555555555555554,746.25,790.5,821.25
1491,39.78159243,-71.57690503,686.25,8.34501235941241,0.33977852353927873,76.36029591728581,-0.0016517812025162281,0.2722222222222222,746.25,790.5,821.25
1491,39.78159243,-71.57690503,685.5,8.404687107342934,0.34052721467000907,76.58387767676608,-0.006433325088698909,0.27624309392265195,746.25,790.5,821.25
1491,39.78159243,-71.57690503,685.5,8.638761499795981,0.33908201951320893,77.70568368581661,-0.008585703518852133,0.27624309392265195,746.25,790.5,821.25
1491,39.78159243,-71.57690503,685.5,8.8430019479021,0.33162813304946653,76.12289404896877,-0.016031632788951145,0.2541436464088398,746.25,790.5,821.25
1491,39.78159243,-71.57690503,684.0,8.595604189011919,0.3221326330426214,76.79347044816471,-0.01017643009636588,0.23497267759562843,744.0,790.5,821.25
1491,39.78159243,-71.57690503,684.0,8.10521730704781,0.3143854386279436,78.1421814237498,-0.007186900422563339,0.23497267759562843,744.0,790.5,821.25
1491,39.78159243,-71.57690503,684.0,8.069789967748932,0.31229878519993726,79.49215484829926,-0.006893045609153139,0.23497267759562843,744.0,790.5,821.25
1491,39.78159243,-71.57690503,684.0,8.081453813607798,0.31070199803653653,79.49152268045853,-0.013607858192521898,0.2459016393442623,744.0,790.5,821.25
1491,39.78159243,-71.57690503,684.0,7.696648084798032,0.30592421096093486,78.36562783128844,-0.015688149551690043,0.2896174863387978,744.0,790.5,821.25
1491,39.78159243,-71.57690503,684.0,7.221843377321841,0.29855969078827005,79.94233315628148,-0.00945090444886157,0.3224043715846995,744.0,790.5,821.25
1491,39.78159243,-71.57690503,684.0,6.901209595179569,0.28814536869688717,76.5655248965955,-0.013136548851974832,0.3333333333333333,744.0,790.5,821.25
1491,39.78159243,-71.57690503,684.0,6.741760677398322,0.2773961624255049,76.11601356199633,-0.01657149083647239,0.3333333333333333,744.0,790.5,821.25
1491,39.78159243,-71.57690503,681.0,6.604589279714538,0.2660845047856062,78.14336135104836,-0.02222465691397325,0.35294117647058826,741.0,790.5,821.25
1491,39.78159243,-71.57690503,681.0,6.412363422786787,0.2567666466035787,77.918356274552,-0.02363430824163284,0.36363636363636365,741.0,790.5,821.25
1491,39.78159243,-71.57690503,680.25,6.199935055712548,0.25007244857563593,78.59327103274522,-0.019824972227851193,0.3776595744680851,740.25,790.5,821.25
1491,39.78159243,-71.57690503,680.25,5.890120972670284,0.2406342590881114,79.26764442382483,-0.018612486018667038,0.3989071038251366,740.25,787.5,817.5000000000001
1491,39.78159243,-71.57690503,678.75,5.381328643768182,0.23101515126313485,78.81637167407429,-0.017052654196687087,0.43783783783783786,740.25,781.5,817.5000000000001
1491,39.78159243,-71.57690503,678.75,4.891738957322617,0.22655666147094616,81.74361868134567,-0.020994228809461703,0.4594594594594595,740.25,781.5,817.5000000000001
1491,39.78159243,-71.57690503,678.0,4.808435087341562,0.2223346918431365,79.71725320863361,-0.005328497388209896,0.510752688172043,740.25,781.5,817.5000000000001
