[17:16:23] [INFO ] ============================================================
[17:16:23] [INFO ]   NAMSS Seismic Fault Pipeline v2
[17:16:23] [INFO ]   Started : 2026-04-07 17:16:23
[17:16:23] [INFO ]   Run dir : /Users/lennylukach/Personal/School/CS4100/namss/pipeline/results/run_20260407_171623
[17:16:23] [INFO ]   SA mode : single (seed=50)
[17:16:23] [INFO ] ============================================================
[17:16:23] [INFO ] 
Discovered 278 unique lines across all datasets
[17:16:23] [INFO ] Val lines (every 5th): ['104_1208', '109_1213', '114_1218', '202wg82stk', '209wg82stk', '217wg82stk', '85-026_15189', 'H_2987', 'L_13905', 'P_43033', 'R_49017', 'T2010.103.mig.1500', 'T2010.108.mig.1500', 'T2010.1103.mig.1500', 'T2010.2102.mig.1500', 'f1088stk01', 'f1088stk06', 'f1088stk11', 'f1088stk16', 'f1088stk21', 'f1088stk26', 'f1088stk31', 'f1289stk02', 'f1289stk07', 'f1289stk12', 'f1289stk17', 'f1289stk22', 'f1289stk27', 'f287stk01', 'f287stk06', 'f287stk11', 'f287stk15', 'f287stk20', 'f287stk25', 'f287stk30', 'f287stk35', 'f287stk41', 'f287stk46', 'f287stk51', 'f287stk56', 'f287stks1', 'f287stks5', 'f387stk02', 'f387stk07', 'f387stk11', 'f387stk16', 'f387stk21', 'f387stk26', 'f387stk31', 'f688stk01', 'f688stk04', 'f688stk06a', 'f688stk09a', 'f688stk12', 'f688stk15']
[17:16:23] [INFO ] 
Processing 278 SGY files across all datasets in ../../airgun_data
[17:16:23] [INFO ]   namss.F-10-88-HW.mcs.airgun               f1088stk01
[17:16:23] [INFO ]   namss.F-10-88-HW.mcs.airgun               f1088stk02
[17:16:23] [INFO ]   namss.F-10-88-HW.mcs.airgun               f1088stk03
[17:16:23] [INFO ]   namss.F-10-88-HW.mcs.airgun               f1088stk04
[17:16:23] [INFO ]   namss.F-10-88-HW.mcs.airgun               f1088stk05
[17:16:23] [INFO ]   namss.F-10-88-HW.mcs.airgun               f1088stk06
[17:16:23] [INFO ]   namss.F-10-88-HW.mcs.airgun               f1088stk07
[17:16:23] [INFO ]   namss.F-10-88-HW.mcs.airgun               f1088stk08
[17:16:23] [INFO ]   namss.F-10-88-HW.mcs.airgun               f1088stk09
[17:16:23] [INFO ]   namss.F-10-88-HW.mcs.airgun               f1088stk10
[17:16:23] [INFO ]   namss.F-10-88-HW.mcs.airgun               f1088stk11
[17:16:23] [INFO ]   namss.F-10-88-HW.mcs.airgun               f1088stk12
[17:16:23] [INFO ]   namss.F-10-88-HW.mcs.airgun               f1088stk13
[17:16:23] [INFO ]   namss.F-10-88-HW.mcs.airgun               f1088stk14
[17:16:23] [INFO ]   namss.F-10-88-HW.mcs.airgun               f1088stk15
[17:16:23] [INFO ]   namss.F-10-88-HW.mcs.airgun               f1088stk16
[17:16:23] [INFO ]   namss.F-10-88-HW.mcs.airgun               f1088stk17
[17:16:23] [INFO ]   namss.F-10-88-HW.mcs.airgun               f1088stk18
[17:16:23] [INFO ]   namss.F-10-88-HW.mcs.airgun               f1088stk19
[17:16:23] [INFO ]   namss.F-10-88-HW.mcs.airgun               f1088stk20
[17:16:23] [INFO ]   namss.F-10-88-HW.mcs.airgun               f1088stk21
[17:16:23] [INFO ]   namss.F-10-88-HW.mcs.airgun               f1088stk22
[17:16:23] [INFO ]   namss.F-10-88-HW.mcs.airgun               f1088stk23
[17:16:23] [INFO ]   namss.F-10-88-HW.mcs.airgun               f1088stk24
[17:16:23] [INFO ]   namss.F-10-88-HW.mcs.airgun               f1088stk25
[17:16:23] [INFO ]   namss.F-10-88-HW.mcs.airgun               f1088stk26
[17:16:23] [INFO ]   namss.F-10-88-HW.mcs.airgun               f1088stk27
[17:16:23] [INFO ]   namss.F-10-88-HW.mcs.airgun               f1088stk28
[17:16:23] [INFO ]   namss.F-10-88-HW.mcs.airgun               f1088stk29
[17:16:23] [INFO ]   namss.F-10-88-HW.mcs.airgun               f1088stk30
[17:16:23] [INFO ]   namss.F-10-88-HW.mcs.airgun               f1088stk31
[17:16:23] [INFO ]   namss.F-10-88-HW.mcs.airgun               f1088stk32
[17:16:23] [INFO ]   namss.F-10-88-HW.mcs.airgun               f1088stk33
[17:16:23] [INFO ]   namss.F-10-88-HW.mcs.airgun               f1088stk34
[17:16:23] [INFO ]   namss.F-12-89-HW.mcs.airgun               f1289stk01
[17:16:23] [INFO ]   namss.F-12-89-HW.mcs.airgun               f1289stk02
[17:16:23] [INFO ]   namss.F-12-89-HW.mcs.airgun               f1289stk03
[17:16:23] [INFO ]   namss.F-12-89-HW.mcs.airgun               f1289stk04
[17:16:23] [INFO ]   namss.F-12-89-HW.mcs.airgun               f1289stk05
[17:16:23] [INFO ]   namss.F-12-89-HW.mcs.airgun               f1289stk06
[17:16:23] [INFO ]   namss.F-12-89-HW.mcs.airgun               f1289stk07
[17:16:23] [INFO ]   namss.F-12-89-HW.mcs.airgun               f1289stk08
[17:16:23] [INFO ]   namss.F-12-89-HW.mcs.airgun               f1289stk09
[17:16:23] [INFO ]   namss.F-12-89-HW.mcs.airgun               f1289stk10
[17:16:23] [INFO ]   namss.F-12-89-HW.mcs.airgun               f1289stk11
[17:16:23] [INFO ]   namss.F-12-89-HW.mcs.airgun               f1289stk12
[17:16:23] [INFO ]   namss.F-12-89-HW.mcs.airgun               f1289stk13
[17:16:23] [INFO ]   namss.F-12-89-HW.mcs.airgun               f1289stk14
[17:16:23] [INFO ]   namss.F-12-89-HW.mcs.airgun               f1289stk15
[17:16:23] [INFO ]   namss.F-12-89-HW.mcs.airgun               f1289stk16
[17:16:23] [INFO ]   namss.F-12-89-HW.mcs.airgun               f1289stk17
[17:16:23] [INFO ]   namss.F-12-89-HW.mcs.airgun               f1289stk18
[17:16:23] [INFO ]   namss.F-12-89-HW.mcs.airgun               f1289stk19
[17:16:23] [INFO ]   namss.F-12-89-HW.mcs.airgun               f1289stk20
[17:16:23] [INFO ]   namss.F-12-89-HW.mcs.airgun               f1289stk21
[17:16:23] [INFO ]   namss.F-12-89-HW.mcs.airgun               f1289stk22
[17:16:23] [INFO ]   namss.F-12-89-HW.mcs.airgun               f1289stk23
[17:16:23] [INFO ]   namss.F-12-89-HW.mcs.airgun               f1289stk24
[17:16:23] [INFO ]   namss.F-12-89-HW.mcs.airgun               f1289stk25
[17:16:23] [INFO ]   namss.F-12-89-HW.mcs.airgun               f1289stk26
[17:16:23] [INFO ]   namss.F-12-89-HW.mcs.airgun               f1289stk27
[17:16:23] [INFO ]   namss.F-12-89-HW.mcs.airgun               f1289stk28
[17:16:23] [INFO ]   namss.F-12-89-HW.mcs.airgun               f1289stk29
[17:16:23] [INFO ]   namss.F-12-89-HW.mcs.airgun               f1289stk30
[17:16:23] [INFO ]   namss.F-12-89-HW.mcs.airgun               f1289stk32
[17:16:23] [INFO ]   namss.F-2-87-AA.mcs.airgun                f287stk01
[17:16:23] [INFO ]   namss.F-2-87-AA.mcs.airgun                f287stk02
[17:16:23] [INFO ]   namss.F-2-87-AA.mcs.airgun                f287stk03
[17:16:23] [INFO ]   namss.F-2-87-AA.mcs.airgun                f287stk04
[17:16:23] [INFO ]   namss.F-2-87-AA.mcs.airgun                f287stk05
[17:16:23] [INFO ]   namss.F-2-87-AA.mcs.airgun                f287stk06
[17:16:23] [INFO ]   namss.F-2-87-AA.mcs.airgun                f287stk07
[17:16:23] [INFO ]   namss.F-2-87-AA.mcs.airgun                f287stk08
[17:16:23] [INFO ]   namss.F-2-87-AA.mcs.airgun                f287stk09
[17:16:23] [INFO ]   namss.F-2-87-AA.mcs.airgun                f287stk10
[17:16:23] [INFO ]   namss.F-2-87-AA.mcs.airgun                f287stk11
[17:16:23] [INFO ]   namss.F-2-87-AA.mcs.airgun                f287stk12
[17:16:23] [INFO ]   namss.F-2-87-AA.mcs.airgun                f287stk13
[17:16:23] [INFO ]   namss.F-2-87-AA.mcs.airgun                f287stk14
[17:16:23] [INFO ]   namss.F-2-87-AA.mcs.airgun                f287stk14a
[17:16:23] [INFO ]   namss.F-2-87-AA.mcs.airgun                f287stk15
[17:16:23] [INFO ]   namss.F-2-87-AA.mcs.airgun                f287stk16
[17:16:23] [INFO ]   namss.F-2-87-AA.mcs.airgun                f287stk17
[17:16:23] [INFO ]   namss.F-2-87-AA.mcs.airgun                f287stk18
[17:16:23] [INFO ]   namss.F-2-87-AA.mcs.airgun                f287stk19
[17:16:23] [INFO ]   namss.F-2-87-AA.mcs.airgun                f287stk20
[17:16:23] [INFO ]   namss.F-2-87-AA.mcs.airgun                f287stk21
[17:16:23] [INFO ]   namss.F-2-87-AA.mcs.airgun                f287stk22
[17:16:23] [INFO ]   namss.F-2-87-AA.mcs.airgun                f287stk23
[17:16:23] [INFO ]   namss.F-2-87-AA.mcs.airgun                f287stk24
[17:16:23] [INFO ]   namss.F-2-87-AA.mcs.airgun                f287stk25
[17:16:23] [INFO ]   namss.F-2-87-AA.mcs.airgun                f287stk26
[17:16:23] [INFO ]   namss.F-2-87-AA.mcs.airgun                f287stk27
[17:16:23] [INFO ]   namss.F-2-87-AA.mcs.airgun                f287stk28
[17:16:23] [INFO ]   namss.F-2-87-AA.mcs.airgun                f287stk29
[17:16:23] [INFO ]   namss.F-2-87-AA.mcs.airgun                f287stk30
[17:16:23] [INFO ]   namss.F-2-87-AA.mcs.airgun                f287stk31
[17:16:23] [INFO ]   namss.F-2-87-AA.mcs.airgun                f287stk32
[17:16:23] [INFO ]   namss.F-2-87-AA.mcs.airgun                f287stk33
[17:16:23] [INFO ]   namss.F-2-87-AA.mcs.airgun                f287stk34
[17:16:23] [INFO ]   namss.F-2-87-AA.mcs.airgun                f287stk35
[17:16:23] [INFO ]   namss.F-2-87-AA.mcs.airgun                f287stk36
[17:16:23] [INFO ]   namss.F-2-87-AA.mcs.airgun                f287stk37
[17:16:23] [INFO ]   namss.F-2-87-AA.mcs.airgun                f287stk38
[17:16:23] [INFO ]   namss.F-2-87-AA.mcs.airgun                f287stk39
[17:16:23] [INFO ]   namss.F-2-87-AA.mcs.airgun                f287stk41
[17:16:23] [INFO ]   namss.F-2-87-AA.mcs.airgun                f287stk42
[17:16:23] [INFO ]   namss.F-2-87-AA.mcs.airgun                f287stk43
[17:16:23] [INFO ]   namss.F-2-87-AA.mcs.airgun                f287stk44
[17:16:23] [INFO ]   namss.F-2-87-AA.mcs.airgun                f287stk45
[17:16:23] [INFO ]   namss.F-2-87-AA.mcs.airgun                f287stk46
[17:16:23] [INFO ]   namss.F-2-87-AA.mcs.airgun                f287stk47
[17:16:23] [INFO ]   namss.F-2-87-AA.mcs.airgun                f287stk48
[17:16:23] [INFO ]   namss.F-2-87-AA.mcs.airgun                f287stk49
[17:16:23] [INFO ]   namss.F-2-87-AA.mcs.airgun                f287stk50
[17:16:23] [INFO ]   namss.F-2-87-AA.mcs.airgun                f287stk51
[17:16:23] [INFO ]   namss.F-2-87-AA.mcs.airgun                f287stk52
[17:16:23] [INFO ]   namss.F-2-87-AA.mcs.airgun                f287stk53
[17:16:23] [INFO ]   namss.F-2-87-AA.mcs.airgun                f287stk54
[17:16:23] [INFO ]   namss.F-2-87-AA.mcs.airgun                f287stk55
[17:16:23] [INFO ]   namss.F-2-87-AA.mcs.airgun                f287stk56
[17:16:23] [INFO ]   namss.F-2-87-AA.mcs.airgun                f287stk57
[17:16:23] [INFO ]   namss.F-2-87-AA.mcs.airgun                f287stk58
[17:16:23] [INFO ]   namss.F-2-87-AA.mcs.airgun                f287stk59
[17:16:23] [INFO ]   namss.F-2-87-AA.mcs.airgun                f287stk60
[17:16:23] [INFO ]   namss.F-2-87-AA.mcs.airgun                f287stks1
[17:16:23] [INFO ]   namss.F-2-87-AA.mcs.airgun                f287stks10
[17:16:23] [INFO ]   namss.F-2-87-AA.mcs.airgun                f287stks2
[17:16:23] [INFO ]   namss.F-2-87-AA.mcs.airgun                f287stks3
[17:16:23] [INFO ]   namss.F-2-87-AA.mcs.airgun                f287stks4
[17:16:23] [INFO ]   namss.F-2-87-AA.mcs.airgun                f287stks5
[17:16:23] [INFO ]   namss.F-2-87-AA.mcs.airgun                f287stks7
[17:16:23] [INFO ]   namss.F-2-87-AA.mcs.airgun                f287stks8
[17:16:23] [INFO ]   namss.F-2-87-AA.mcs.airgun                f287stks9
[17:16:23] [INFO ]   namss.F-3-87-AA.mcs.airgun                f387stk01
[17:16:23] [INFO ]   namss.F-3-87-AA.mcs.airgun                f387stk02
[17:16:23] [INFO ]   namss.F-3-87-AA.mcs.airgun                f387stk03
[17:16:23] [INFO ]   namss.F-3-87-AA.mcs.airgun                f387stk04
[17:16:23] [INFO ]   namss.F-3-87-AA.mcs.airgun                f387stk05
[17:16:23] [INFO ]   namss.F-3-87-AA.mcs.airgun                f387stk06
[17:16:23] [INFO ]   namss.F-3-87-AA.mcs.airgun                f387stk07
[17:16:23] [INFO ]   namss.F-3-87-AA.mcs.airgun                f387stk07_3150
[17:16:23] [INFO ]   namss.F-3-87-AA.mcs.airgun                f387stk08
[17:16:23] [INFO ]   namss.F-3-87-AA.mcs.airgun                f387stk09
[17:16:23] [INFO ]   namss.F-3-87-AA.mcs.airgun                f387stk10
[17:16:23] [INFO ]   namss.F-3-87-AA.mcs.airgun                f387stk11
[17:16:23] [INFO ]   namss.F-3-87-AA.mcs.airgun                f387stk12
[17:16:23] [INFO ]   namss.F-3-87-AA.mcs.airgun                f387stk13
[17:16:23] [INFO ]   namss.F-3-87-AA.mcs.airgun                f387stk14
[17:16:23] [INFO ]   namss.F-3-87-AA.mcs.airgun                f387stk15
[17:16:23] [INFO ]   namss.F-3-87-AA.mcs.airgun                f387stk16
[17:16:23] [INFO ]   namss.F-3-87-AA.mcs.airgun                f387stk17
[17:16:23] [INFO ]   namss.F-3-87-AA.mcs.airgun                f387stk18
[17:16:23] [INFO ]   namss.F-3-87-AA.mcs.airgun                f387stk19
[17:16:23] [INFO ]   namss.F-3-87-AA.mcs.airgun                f387stk20
[17:16:23] [INFO ]   namss.F-3-87-AA.mcs.airgun                f387stk21
[17:16:23] [INFO ]   namss.F-3-87-AA.mcs.airgun                f387stk22
[17:16:23] [INFO ]   namss.F-3-87-AA.mcs.airgun                f387stk23
[17:16:23] [INFO ]   namss.F-3-87-AA.mcs.airgun                f387stk24
[17:16:23] [INFO ]   namss.F-3-87-AA.mcs.airgun                f387stk25
[17:16:23] [INFO ]   namss.F-3-87-AA.mcs.airgun                f387stk26
[17:16:23] [INFO ]   namss.F-3-87-AA.mcs.airgun                f387stk27
[17:16:23] [INFO ]   namss.F-3-87-AA.mcs.airgun                f387stk28
[17:16:23] [INFO ]   namss.F-3-87-AA.mcs.airgun                f387stk29
[17:16:23] [INFO ]   namss.F-3-87-AA.mcs.airgun                f387stk30
[17:16:23] [INFO ]   namss.F-3-87-AA.mcs.airgun                f387stk31
[17:16:23] [INFO ]   namss.F-3-87-AA.mcs.airgun                f387stk32
[17:16:23] [INFO ]   namss.F-3-87-AA.mcs.airgun                f387stk33
[17:16:23] [INFO ]   namss.F-3-87-AA.mcs.airgun                f387stk34
[17:16:23] [INFO ]   namss.F-3-87-AA.mcs.airgun                f387stk35
[17:16:23] [INFO ]   namss.F-6-88-HW.mcs.airgun                f688stk01
[17:16:23] [INFO ]   namss.F-6-88-HW.mcs.airgun                f688stk02
[17:16:23] [INFO ]   namss.F-6-88-HW.mcs.airgun                f688stk02a
[17:16:23] [INFO ]   namss.F-6-88-HW.mcs.airgun                f688stk03
[17:16:23] [INFO ]   namss.F-6-88-HW.mcs.airgun                f688stk03a
[17:16:23] [INFO ]   namss.F-6-88-HW.mcs.airgun                f688stk04
[17:16:23] [INFO ]   namss.F-6-88-HW.mcs.airgun                f688stk04a
[17:16:23] [INFO ]   namss.F-6-88-HW.mcs.airgun                f688stk05
[17:16:23] [INFO ]   namss.F-6-88-HW.mcs.airgun                f688stk05a
[17:16:23] [INFO ]   namss.F-6-88-HW.mcs.airgun                f688stk06
[17:16:23] [INFO ]   namss.F-6-88-HW.mcs.airgun                f688stk06a
[17:16:23] [INFO ]   namss.F-6-88-HW.mcs.airgun                f688stk07
[17:16:23] [INFO ]   namss.F-6-88-HW.mcs.airgun                f688stk07a
[17:16:23] [INFO ]   namss.F-6-88-HW.mcs.airgun                f688stk08
[17:16:23] [INFO ]   namss.F-6-88-HW.mcs.airgun                f688stk09
[17:16:23] [INFO ]   namss.F-6-88-HW.mcs.airgun                f688stk09a
[17:16:23] [INFO ]   namss.F-6-88-HW.mcs.airgun                f688stk10
[17:16:23] [INFO ]   namss.F-6-88-HW.mcs.airgun                f688stk10a
[17:16:23] [INFO ]   namss.F-6-88-HW.mcs.airgun                f688stk11
[17:16:23] [INFO ]   namss.F-6-88-HW.mcs.airgun                f688stk11a
[17:16:23] [INFO ]   namss.F-6-88-HW.mcs.airgun                f688stk12
[17:16:23] [INFO ]   namss.F-6-88-HW.mcs.airgun                f688stk12a
[17:16:23] [INFO ]   namss.F-6-88-HW.mcs.airgun                f688stk13
[17:16:23] [INFO ]   namss.F-6-88-HW.mcs.airgun                f688stk14
[17:16:23] [INFO ]   namss.F-6-88-HW.mcs.airgun                f688stk14a
[17:16:23] [INFO ]   namss.F-6-88-HW.mcs.airgun                f688stk15
[17:16:23] [INFO ]   namss.F-6-88-HW.mcs.airgun                f688stk16
[17:16:23] [INFO ]   namss.F-6-88-HW.mcs.airgun                f688stk16a
[17:16:23] [INFO ]   namss.F-6-88-HW.mcs.airgun                f688stk17
[17:16:23] [INFO ]   namss.L-12-82-WG.mcs.airgun               201wg82stk
[17:16:23] [INFO ]   namss.L-12-82-WG.mcs.airgun               202wg82stk
[17:16:23] [INFO ]   namss.L-12-82-WG.mcs.airgun               203wg82stk
[17:16:23] [INFO ]   namss.L-12-82-WG.mcs.airgun               204wg82stk
[17:16:23] [INFO ]   namss.L-12-82-WG.mcs.airgun               205wg82stk
[17:16:23] [INFO ]   namss.L-12-82-WG.mcs.airgun               208wg82stk
[17:16:23] [INFO ]   namss.L-12-82-WG.mcs.airgun               209wg82stk
[17:16:23] [INFO ]   namss.L-12-82-WG.mcs.airgun               211wg82stk
[17:16:23] [INFO ]   namss.L-12-82-WG.mcs.airgun               212wg82stk
[17:16:23] [INFO ]   namss.L-12-82-WG.mcs.airgun               213wg82stk
[17:16:23] [INFO ]   namss.L-12-82-WG.mcs.airgun               215wg82stk
[17:16:23] [INFO ]   namss.L-12-82-WG.mcs.airgun               217wg82stk
[17:16:23] [INFO ]   namss.L-12-82-WG.mcs.airgun               219wg82stk
[17:16:23] [INFO ]   namss.L-12-82-WG.mcs.airgun               221wg82stk
[17:16:23] [INFO ]   namss.L-12-82-WG.mcs.airgun               222wg82stk
[17:16:23] [INFO ]   namss.L-12-82-WG.mcs.airgun               226wg82stk
[17:16:23] [INFO ]   namss.L-8-81-WG.mcs.airgun                100_1204
[17:16:23] [INFO ]   namss.L-8-81-WG.mcs.airgun                101_1205
[17:16:23] [INFO ]   namss.L-8-81-WG.mcs.airgun                102_1206
[17:16:23] [INFO ]   namss.L-8-81-WG.mcs.airgun                103_1207
[17:16:23] [INFO ]   namss.L-8-81-WG.mcs.airgun                104_1208
[17:16:23] [INFO ]   namss.L-8-81-WG.mcs.airgun                105_1209
[17:16:23] [INFO ]   namss.L-8-81-WG.mcs.airgun                106_1210
[17:16:23] [INFO ]   namss.L-8-81-WG.mcs.airgun                107_1211
[17:16:23] [INFO ]   namss.L-8-81-WG.mcs.airgun                108_1212
[17:16:23] [INFO ]   namss.L-8-81-WG.mcs.airgun                109_1213
[17:16:23] [INFO ]   namss.L-8-81-WG.mcs.airgun                110_1214
[17:16:23] [INFO ]   namss.L-8-81-WG.mcs.airgun                111_1215
[17:16:23] [INFO ]   namss.L-8-81-WG.mcs.airgun                112_1216
[17:16:23] [INFO ]   namss.L-8-81-WG.mcs.airgun                113_1217
[17:16:23] [INFO ]   namss.L-8-81-WG.mcs.airgun                114_1218
[17:16:23] [INFO ]   namss.L-8-81-WG.mcs.airgun                115_1219
[17:16:23] [INFO ]   namss.L-8-81-WG.mcs.airgun                116_1220
[17:16:23] [INFO ]   namss.L-8-81-WG.mcs.airgun                117_1221
[17:16:23] [INFO ]   namss.T-21-10-AT.mcs.airgun               T2010.100.mig.1500
[17:16:23] [INFO ]   namss.T-21-10-AT.mcs.airgun               T2010.101.mig.1500
[17:16:23] [INFO ]   namss.T-21-10-AT.mcs.airgun               T2010.102.mig.1500
[17:16:23] [INFO ]   namss.T-21-10-AT.mcs.airgun               T2010.103.mig.1500
[17:16:23] [INFO ]   namss.T-21-10-AT.mcs.airgun               T2010.104.mig.1500
[17:16:23] [INFO ]   namss.T-21-10-AT.mcs.airgun               T2010.105.mig.1500
[17:16:23] [INFO ]   namss.T-21-10-AT.mcs.airgun               T2010.106.mig.1500
[17:16:23] [INFO ]   namss.T-21-10-AT.mcs.airgun               T2010.107.mig.1500
[17:16:23] [INFO ]   namss.T-21-10-AT.mcs.airgun               T2010.108.mig.1500
[17:16:23] [INFO ]   namss.T-21-10-AT.mcs.airgun               T2010.109.mig.1500
[17:16:23] [INFO ]   namss.T-21-10-AT.mcs.airgun               T2010.110.mig.1500
[17:16:23] [INFO ]   namss.T-21-10-AT.mcs.airgun               T2010.1100.mig.1500
[17:16:23] [INFO ]   namss.T-21-10-AT.mcs.airgun               T2010.1101.mig.1500
[17:16:23] [INFO ]   namss.T-21-10-AT.mcs.airgun               T2010.1103.mig.1500
[17:16:23] [INFO ]   namss.T-21-10-AT.mcs.airgun               T2010.1104.mig.1500
[17:16:23] [INFO ]   namss.T-21-10-AT.mcs.airgun               T2010.111.mig.1500
[17:16:23] [INFO ]   namss.T-21-10-AT.mcs.airgun               T2010.112.mig.1500
[17:16:23] [INFO ]   namss.T-21-10-AT.mcs.airgun               T2010.2100.mig.1500
[17:16:23] [INFO ]   namss.T-21-10-AT.mcs.airgun               T2010.2102.mig.1500
[17:16:23] [INFO ]   namss.T-21-10-AT.mcs.airgun               T2010.3100.mig.1500
[17:16:23] [INFO ]   namss.T-21-10-AT.mcs.airgun               T2010.4100.mig.1500
[17:16:23] [INFO ]   namss.W-3-69-BS.mcs.airgun                85-026_15189
[17:16:23] [INFO ]   namss.W-3-69-BS.mcs.airgun                85-027_25715
[17:16:23] [INFO ]   namss.W-3-69-BS.mcs.airgun                G_17558
[17:16:23] [INFO ]   namss.W-3-69-BS.mcs.airgun                G_1_408
[17:16:23] [INFO ]   namss.W-3-69-BS.mcs.airgun                H_1_10416
[17:16:23] [INFO ]   namss.W-3-69-BS.mcs.airgun                H_2987
[17:16:23] [INFO ]   namss.W-3-69-BS.mcs.airgun                I_12552
[17:16:23] [INFO ]   namss.W-3-69-BS.mcs.airgun                J_11795
[17:16:23] [INFO ]   namss.W-3-69-BS.mcs.airgun                J_1_16452
[17:16:23] [INFO ]   namss.W-3-69-BS.mcs.airgun                K_16989
[17:16:23] [INFO ]   namss.W-3-69-BS.mcs.airgun                L_13905
[17:16:23] [INFO ]   namss.W-3-69-BS.mcs.airgun                O_1_45871
[17:16:23] [INFO ]   namss.W-3-69-BS.mcs.airgun                O_2_48619
[17:16:23] [INFO ]   namss.W-3-69-BS.mcs.airgun                O_48354
[17:16:23] [INFO ]   namss.W-3-69-BS.mcs.airgun                P_1_49149
[17:16:23] [INFO ]   namss.W-3-69-BS.mcs.airgun                P_43033
[17:16:23] [INFO ]   namss.W-3-69-BS.mcs.airgun                Q-EXT_45287
[17:16:23] [INFO ]   namss.W-3-69-BS.mcs.airgun                Q_39795
[17:16:23] [INFO ]   namss.W-3-69-BS.mcs.airgun                R-EXT_49224
[17:16:23] [INFO ]   namss.W-3-69-BS.mcs.airgun                R_1_43206
[17:16:23] [INFO ]   namss.W-3-69-BS.mcs.airgun                R_49017
[17:16:23] [INFO ]   namss.W-3-69-BS.mcs.airgun                S_44822
[17:16:23] [INFO ]   namss.W-3-69-BS.mcs.airgun                WA-024_1187
[17:16:23] [INFO ]   namss.W-3-69-BS.mcs.airgun                WA-025_15564
[17:16:23] [INFO ] 
[17:16:23] [INFO ] ──────────────────────────────────────────────────
[17:16:23] [INFO ]   LINE: f1088stk01
[17:16:23] [INFO ] ──────────────────────────────────────────────────
[17:16:23] [INFO ] Dataset  : namss.F-10-88-HW.mcs.airgun
[17:16:23] [INFO ] SGY      : ../../airgun_data/namss.F-10-88-HW.mcs.airgun/Data/f1088stk01.sgy
[17:16:23] [INFO ] NAV      : ../../airgun_data/namss.F-10-88-HW.mcs.airgun/Navigation/f-10-88-hw_NAV-WGS84.csv
[17:16:23] [INFO ] SA mode  : single (seed=50)
[17:16:23] [INFO ] 
[17:16:23] [INFO ] STEP 1 — Feature extraction
[17:16:23] [INFO ]   Loading navigation...
[17:16:23] [INFO ]   Loading SEG-Y...
[17:16:24] [INFO ]   Traces: 10893  Samples: 3000  dt: 4.000 ms
[17:16:24] [INFO ]   Depth:  0.0 m → 8997.0 m
[17:16:24] [INFO ]   Matching traces to navigation...
[17:16:24] [INFO ]   NAV line matched via translation: 'f1088stk01' -> '1'
[17:16:25] [INFO ]   Matched 10893 / 10893 traces
[17:16:25] [INFO ]   Bandpass filtering...
[17:16:25] [INFO ]   Computing seismic attributes...
[17:16:27] [INFO ]   Picking seafloor...
[17:16:28] [INFO ]   Seafloor depth: 0–5229 m  (112 shallow traces masked)
[17:16:28] [INFO ]   Picking horizons...
[17:16:28] [INFO ]   Computing NCC coherence (slow)...
[17:16:29] [INFO ]   Saving CNN section image...
[17:16:32] [INFO ]   Saved: f1088stk01_section_cnn.png  (2700x1500px)
[17:16:32] [INFO ]   Step 1 complete
[17:16:32] [INFO ] 
[17:16:32] [INFO ] STEP 2 — Fault detection
[17:16:32] [INFO ]   Mode: single SA run (seed=50)
[17:16:46] [INFO ]   Detected 29 high-confidence faults
[17:16:46] [INFO ]     Fault  1 | trace ~   69 | prob=0.613
[17:16:46] [INFO ]     Fault  2 | trace ~  339 | prob=0.680
[17:16:46] [INFO ]     Fault  3 | trace ~  683 | prob=0.659
[17:16:46] [INFO ]     Fault  4 | trace ~  940 | prob=0.613
[17:16:46] [INFO ]     Fault  5 | trace ~ 2125 | prob=0.743
[17:16:46] [INFO ]     Fault  6 | trace ~ 2653 | prob=0.685
[17:16:46] [INFO ]     Fault  7 | trace ~ 2872 | prob=0.625
[17:16:46] [INFO ]     Fault  8 | trace ~ 3084 | prob=0.711
[17:16:46] [INFO ]     Fault  9 | trace ~ 3364 | prob=0.636
[17:16:46] [INFO ]     Fault 10 | trace ~ 3638 | prob=0.671
[17:16:46] [INFO ]     Fault 11 | trace ~ 3930 | prob=0.685
[17:16:46] [INFO ]     Fault 12 | trace ~ 4213 | prob=0.665
[17:16:46] [INFO ]     Fault 13 | trace ~ 4735 | prob=0.686
[17:16:46] [INFO ]     Fault 14 | trace ~ 4948 | prob=0.655
[17:16:46] [INFO ]     Fault 15 | trace ~ 5250 | prob=0.683
[17:16:46] [INFO ]     Fault 16 | trace ~ 5629 | prob=0.656
[17:16:46] [INFO ]     Fault 17 | trace ~ 6259 | prob=0.638
[17:16:46] [INFO ]     Fault 18 | trace ~ 6611 | prob=0.678
[17:16:46] [INFO ]     Fault 19 | trace ~ 6967 | prob=0.646
[17:16:46] [INFO ]     Fault 20 | trace ~ 7329 | prob=0.693
[17:16:46] [INFO ]     Fault 21 | trace ~ 7548 | prob=0.655
[17:16:46] [INFO ]     Fault 22 | trace ~ 7793 | prob=0.623
[17:16:46] [INFO ]     Fault 23 | trace ~ 8438 | prob=0.658
[17:16:46] [INFO ]     Fault 24 | trace ~ 8992 | prob=0.668
[17:16:46] [INFO ]     Fault 25 | trace ~ 9360 | prob=0.658
[17:16:46] [INFO ]     Fault 26 | trace ~ 9654 | prob=0.680
[17:16:46] [INFO ]     Fault 27 | trace ~10003 | prob=0.633
[17:16:46] [INFO ]     Fault 28 | trace ~10235 | prob=0.664
[17:16:46] [INFO ]     Fault 29 | trace ~10848 | prob=0.699
[17:16:46] [INFO ]   Step 2 complete
[17:16:46] [INFO ] 
[17:16:46] [INFO ] STEP 3 — Bounding boxes
[17:16:46] [INFO ]   Box  1 | [0, 847, 65w, 122h px]
[17:16:46] [INFO ]   Box  2 | [38, 845, 91w, 124h px]
[17:16:46] [INFO ]   Box  3 | [123, 855, 91w, 119h px]
[17:16:46] [INFO ]   Box  4 | [185, 852, 94w, 122h px]
[17:16:46] [INFO ]   Box  5 | [483, 843, 89w, 114h px]
[17:16:46] [INFO ]   Box  6 | [609, 771, 96w, 124h px]
[17:16:46] [INFO ]   Box  7 | [667, 843, 88w, 127h px]
[17:16:46] [INFO ]   Box  8 | [719, 832, 91w, 119h px]
[17:16:46] [INFO ]   Box  9 | [785, 832, 100w, 119h px]
[17:16:46] [INFO ]   Box 10 | [856, 815, 94w, 127h px]
[17:16:46] [INFO ]   Box 11 | [928, 799, 96w, 117h px]
[17:16:46] [INFO ]   Box 12 | [997, 810, 96w, 119h px]
[17:16:46] [INFO ]   Box 13 | [1131, 812, 88w, 119h px]
[17:16:46] [INFO ]   Box 14 | [1179, 816, 92w, 119h px]
[17:16:46] [INFO ]   Box 15 | [1257, 811, 98w, 122h px]
[17:16:46] [INFO ]   Box 16 | [1348, 814, 94w, 119h px]
[17:16:46] [INFO ]   Box 17 | [1502, 808, 93w, 119h px]
[17:16:46] [INFO ]   Box 18 | [1592, 793, 95w, 124h px]
[17:16:46] [INFO ]   Box 19 | [1682, 805, 88w, 119h px]
[17:16:46] [INFO ]   Box 20 | [1764, 812, 101w, 124h px]
[17:16:46] [INFO ]   Box 21 | [1816, 813, 102w, 122h px]
[17:16:46] [INFO ]   Box 22 | [1882, 794, 94w, 117h px]
[17:16:46] [INFO ]   Box 23 | [2042, 787, 102w, 119h px]
[17:16:46] [INFO ]   Box 24 | [2185, 776, 91w, 117h px]
[17:16:46] [INFO ]   Box 25 | [2275, 768, 93w, 119h px]
[17:16:46] [INFO ]   Box 26 | [2349, 751, 89w, 122h px]
[17:16:46] [INFO ]   Box 27 | [2435, 745, 89w, 122h px]
[17:16:46] [INFO ]   Box 28 | [2489, 751, 98w, 119h px]
[17:16:46] [INFO ]   Box 29 | [2641, 743, 59w, 112h px]
[17:16:46] [INFO ]   Generated 29 boxes
[17:16:46] [INFO ]   Step 3 complete
[17:16:46] [INFO ] 
[17:16:46] [INFO ] STEP 4 — Dataset building
[17:16:46] [INFO ]   Saving labeled review image...
[17:16:46] [INFO ]   Saved: f1088stk01_labeled.png
[17:16:46] [INFO ]   Split: val
[17:16:46] [INFO ]   Added 29 annotations to val.json
[17:16:46] [INFO ]   train.json: 0 images, 0 annotations
[17:16:46] [INFO ]   val.json:   1 images,  29 annotations
[17:16:46] [INFO ]   Step 4 complete
[17:16:46] [INFO ] 
[17:16:46] [INFO ]   DONE  f1088stk01  →  val  |  29 faults  |  29 boxes
[17:16:46] [INFO ] 
[17:16:46] [INFO ] ──────────────────────────────────────────────────
[17:16:46] [INFO ]   LINE: f1088stk02
[17:16:46] [INFO ] ──────────────────────────────────────────────────
[17:16:46] [INFO ] Dataset  : namss.F-10-88-HW.mcs.airgun
[17:16:46] [INFO ] SGY      : ../../airgun_data/namss.F-10-88-HW.mcs.airgun/Data/f1088stk02.sgy
[17:16:46] [INFO ] NAV      : ../../airgun_data/namss.F-10-88-HW.mcs.airgun/Navigation/f-10-88-hw_NAV-WGS84.csv
[17:16:46] [INFO ] SA mode  : single (seed=50)
[17:16:46] [INFO ] 
[17:16:46] [INFO ] STEP 1 — Feature extraction
[17:16:46] [INFO ]   Loading navigation...
[17:16:47] [INFO ]   Loading SEG-Y...
[17:16:47] [INFO ]   Traces: 678  Samples: 2750  dt: 4.000 ms
[17:16:47] [INFO ]   Depth:  0.0 m → 8247.0 m
[17:16:47] [INFO ]   Matching traces to navigation...
[17:16:47] [INFO ]   NAV line matched via translation: 'f1088stk02' -> '2'
[17:16:47] [INFO ]   Matched 678 / 678 traces
[17:16:47] [INFO ]   Bandpass filtering...
[17:16:47] [INFO ]   Computing seismic attributes...
[17:16:47] [INFO ]   Picking seafloor...
[17:16:47] [INFO ]   Seafloor depth: 4509–4674 m  (0 shallow traces masked)
[17:16:47] [INFO ]   Picking horizons...
[17:16:47] [INFO ]   Computing NCC coherence (slow)...
[17:16:47] [INFO ]   Saving CNN section image...
[17:16:47] [INFO ]   Saved: f1088stk02_section_cnn.png  (2700x1500px)
[17:16:47] [INFO ]   Step 1 complete
[17:16:47] [INFO ] 
[17:16:47] [INFO ] STEP 2 — Fault detection
[17:16:47] [INFO ]   Mode: single SA run (seed=50)
[17:16:48] [INFO ]   Detected 3 high-confidence faults
[17:16:48] [INFO ]     Fault  1 | trace ~   11 | prob=0.614
[17:16:48] [INFO ]     Fault  2 | trace ~  312 | prob=0.750
[17:16:48] [INFO ]     Fault  3 | trace ~  595 | prob=0.702
[17:16:48] [INFO ]   Step 2 complete
[17:16:48] [INFO ] 
[17:16:48] [INFO ] STEP 3 — Bounding boxes
[17:16:48] [INFO ]   Box  1 | [0, 832, 324w, 128h px]
[17:16:48] [INFO ]   Box  2 | [922, 824, 704w, 128h px]
[17:16:48] [INFO ]   Box  3 | [1888, 815, 812w, 130h px]
[17:16:48] [INFO ]   Generated 3 boxes
[17:16:48] [INFO ]   Step 3 complete
[17:16:48] [INFO ] 
[17:16:48] [INFO ] STEP 4 — Dataset building
[17:16:48] [INFO ]   Saving labeled review image...
[17:16:48] [INFO ]   Saved: f1088stk02_labeled.png
[17:16:48] [INFO ]   Split: train
[17:16:48] [INFO ]   Added 3 annotations to train.json
[17:16:48] [INFO ]   train.json: 1 images, 3 annotations
[17:16:48] [INFO ]   val.json:   1 images,  29 annotations
[17:16:48] [INFO ]   Step 4 complete
[17:16:48] [INFO ] 
[17:16:48] [INFO ]   DONE  f1088stk02  →  train  |  3 faults  |  3 boxes
[17:16:48] [INFO ] 
[17:16:48] [INFO ] ──────────────────────────────────────────────────
[17:16:48] [INFO ]   LINE: f1088stk03
[17:16:48] [INFO ] ──────────────────────────────────────────────────
[17:16:48] [INFO ] Dataset  : namss.F-10-88-HW.mcs.airgun
[17:16:48] [INFO ] SGY      : ../../airgun_data/namss.F-10-88-HW.mcs.airgun/Data/f1088stk03.sgy
[17:16:48] [INFO ] NAV      : ../../airgun_data/namss.F-10-88-HW.mcs.airgun/Navigation/f-10-88-hw_NAV-WGS84.csv
[17:16:48] [INFO ] SA mode  : single (seed=50)
[17:16:48] [INFO ] 
[17:16:48] [INFO ] STEP 1 — Feature extraction
[17:16:48] [INFO ]   Loading navigation...
[17:16:49] [INFO ]   Loading SEG-Y...
[17:16:49] [INFO ]   Traces: 4688  Samples: 2750  dt: 4.000 ms
[17:16:49] [INFO ]   Depth:  0.0 m → 8247.0 m
[17:16:49] [INFO ]   Matching traces to navigation...
[17:16:49] [INFO ]   NAV line matched via translation: 'f1088stk03' -> '3'
[17:16:49] [INFO ]   Matched 4688 / 4688 traces
[17:16:49] [INFO ]   Bandpass filtering...
[17:16:49] [INFO ]   Computing seismic attributes...
[17:16:50] [INFO ]   Picking seafloor...
[17:16:50] [INFO ]   Seafloor depth: 0–5025 m  (62 shallow traces masked)
[17:16:50] [INFO ]   Picking horizons...
[17:16:51] [INFO ]   Computing NCC coherence (slow)...
[17:16:51] [INFO ]   Saving CNN section image...
[17:16:52] [INFO ]   Saved: f1088stk03_section_cnn.png  (2700x1500px)
[17:16:52] [INFO ]   Step 1 complete
[17:16:52] [INFO ] 
[17:16:52] [INFO ] STEP 2 — Fault detection
[17:16:52] [INFO ]   Mode: single SA run (seed=50)
[17:16:58] [INFO ]   Detected 12 high-confidence faults
[17:16:58] [INFO ]     Fault  1 | trace ~   80 | prob=0.707
[17:16:58] [INFO ]     Fault  2 | trace ~  480 | prob=0.727
[17:16:58] [INFO ]     Fault  3 | trace ~  949 | prob=0.692
[17:16:58] [INFO ]     Fault  4 | trace ~ 1410 | prob=0.647
[17:16:58] [INFO ]     Fault  5 | trace ~ 1701 | prob=0.719
[17:16:58] [INFO ]     Fault  6 | trace ~ 1931 | prob=0.558
[17:16:58] [INFO ]     Fault  7 | trace ~ 2170 | prob=0.661
[17:16:58] [INFO ]     Fault  8 | trace ~ 2655 | prob=0.669
[17:16:58] [INFO ]     Fault  9 | trace ~ 2964 | prob=0.687
[17:16:58] [INFO ]     Fault 10 | trace ~ 3715 | prob=0.664
[17:16:58] [INFO ]     Fault 11 | trace ~ 4047 | prob=0.649
[17:16:58] [INFO ]     Fault 12 | trace ~ 4508 | prob=0.681
[17:16:58] [INFO ]   Step 2 complete
[17:16:58] [INFO ] 
[17:16:58] [INFO ] STEP 3 — Bounding boxes
[17:16:58] [INFO ]   Box  1 | [0, 818, 116w, 136h px]
[17:16:58] [INFO ]   Box  2 | [222, 835, 105w, 128h px]
[17:16:58] [INFO ]   Box  3 | [490, 866, 109w, 125h px]
[17:16:58] [INFO ]   Box  4 | [757, 870, 112w, 130h px]
[17:16:58] [INFO ]   Box  5 | [926, 750, 109w, 130h px]
[17:16:58] [INFO ]   Box  6 | [1040, 869, 143w, 125h px]
[17:16:58] [INFO ]   Box  7 | [1196, 889, 112w, 128h px]
[17:16:58] [INFO ]   Box  8 | [1474, 875, 112w, 130h px]
[17:16:58] [INFO ]   Box  9 | [1634, 876, 133w, 128h px]
[17:16:58] [INFO ]   Box 10 | [2090, 891, 97w, 128h px]
[17:16:58] [INFO ]   Box 11 | [2273, 894, 117w, 128h px]
[17:16:58] [INFO ]   Box 12 | [2545, 899, 102w, 128h px]
[17:16:58] [INFO ]   Generated 12 boxes
[17:16:58] [INFO ]   Step 3 complete
[17:16:58] [INFO ] 
[17:16:58] [INFO ] STEP 4 — Dataset building
[17:16:58] [INFO ]   Saving labeled review image...
[17:16:58] [INFO ]   Saved: f1088stk03_labeled.png
[17:16:58] [INFO ]   Split: train
[17:16:58] [INFO ]   Added 12 annotations to train.json
[17:16:58] [INFO ]   train.json: 2 images, 15 annotations
[17:16:58] [INFO ]   val.json:   1 images,  29 annotations
[17:16:58] [INFO ]   Step 4 complete
[17:16:58] [INFO ] 
[17:16:58] [INFO ]   DONE  f1088stk03  →  train  |  12 faults  |  12 boxes
[17:16:58] [INFO ] 
[17:16:58] [INFO ] ──────────────────────────────────────────────────
[17:16:58] [INFO ]   LINE: f1088stk04
[17:16:58] [INFO ] ──────────────────────────────────────────────────
[17:16:58] [INFO ] Dataset  : namss.F-10-88-HW.mcs.airgun
[17:16:58] [INFO ] SGY      : ../../airgun_data/namss.F-10-88-HW.mcs.airgun/Data/f1088stk04.sgy
[17:16:58] [INFO ] NAV      : ../../airgun_data/namss.F-10-88-HW.mcs.airgun/Navigation/f-10-88-hw_NAV-WGS84.csv
[17:16:58] [INFO ] SA mode  : single (seed=50)
[17:16:58] [INFO ] 
[17:16:58] [INFO ] STEP 1 — Feature extraction
[17:16:58] [INFO ]   Loading navigation...
[17:16:58] [INFO ]   Loading SEG-Y...
[17:16:58] [INFO ]   Traces: 572  Samples: 2750  dt: 4.000 ms
[17:16:58] [INFO ]   Depth:  0.0 m → 8247.0 m
[17:16:58] [INFO ]   Matching traces to navigation...
[17:16:58] [INFO ]   NAV line matched via translation: 'f1088stk04' -> '4'
[17:16:58] [INFO ]   Matched 572 / 572 traces
[17:16:58] [INFO ]   Bandpass filtering...
[17:16:58] [INFO ]   Computing seismic attributes...
[17:16:58] [INFO ]   Picking seafloor...
[17:16:58] [INFO ]   Seafloor depth: 4854–5061 m  (0 shallow traces masked)
[17:16:58] [INFO ]   Picking horizons...
[17:16:58] [INFO ]   Computing NCC coherence (slow)...
[17:16:58] [INFO ]   Saving CNN section image...
[17:16:59] [INFO ]   Saved: f1088stk04_section_cnn.png  (2700x1500px)
[17:16:59] [INFO ]   Step 1 complete
[17:16:59] [INFO ] 
[17:16:59] [INFO ] STEP 2 — Fault detection
[17:16:59] [INFO ]   Mode: single SA run (seed=50)
[17:16:59] [INFO ]   Detected 2 high-confidence faults
[17:16:59] [INFO ]     Fault  1 | trace ~  188 | prob=0.722
[17:16:59] [INFO ]     Fault  2 | trace ~  422 | prob=0.706
[17:16:59] [INFO ]   Step 2 complete
[17:16:59] [INFO ] 
[17:16:59] [INFO ] STEP 3 — Bounding boxes
[17:16:59] [INFO ]   Box  1 | [521, 906, 770w, 128h px]
[17:16:59] [INFO ]   Box  2 | [1559, 891, 947w, 130h px]
[17:16:59] [INFO ]   Generated 2 boxes
[17:16:59] [INFO ]   Step 3 complete
[17:16:59] [INFO ] 
[17:16:59] [INFO ] STEP 4 — Dataset building
[17:16:59] [INFO ]   Saving labeled review image...
[17:16:59] [INFO ]   Saved: f1088stk04_labeled.png
[17:16:59] [INFO ]   Split: train
[17:16:59] [INFO ]   Added 2 annotations to train.json
[17:16:59] [INFO ]   train.json: 3 images, 17 annotations
[17:16:59] [INFO ]   val.json:   1 images,  29 annotations
[17:16:59] [INFO ]   Step 4 complete
[17:16:59] [INFO ] 
[17:16:59] [INFO ]   DONE  f1088stk04  →  train  |  2 faults  |  2 boxes
[17:16:59] [INFO ] 
[17:16:59] [INFO ] ──────────────────────────────────────────────────
[17:16:59] [INFO ]   LINE: f1088stk05
[17:16:59] [INFO ] ──────────────────────────────────────────────────
[17:16:59] [INFO ] Dataset  : namss.F-10-88-HW.mcs.airgun
[17:16:59] [INFO ] SGY      : ../../airgun_data/namss.F-10-88-HW.mcs.airgun/Data/f1088stk05.sgy
[17:16:59] [INFO ] NAV      : ../../airgun_data/namss.F-10-88-HW.mcs.airgun/Navigation/f-10-88-hw_NAV-WGS84.csv
[17:16:59] [INFO ] SA mode  : single (seed=50)
[17:16:59] [INFO ] 
[17:16:59] [INFO ] STEP 1 — Feature extraction
[17:16:59] [INFO ]   Loading navigation...
[17:17:00] [INFO ]   Loading SEG-Y...
[17:17:00] [INFO ]   Traces: 4317  Samples: 2750  dt: 4.000 ms
[17:17:00] [INFO ]   Depth:  0.0 m → 8247.0 m
[17:17:00] [INFO ]   Matching traces to navigation...
[17:17:00] [INFO ]   NAV line matched via translation: 'f1088stk05' -> '5'
[17:17:00] [INFO ]   Matched 4317 / 4317 traces
[17:17:00] [INFO ]   Bandpass filtering...
[17:17:00] [INFO ]   Computing seismic attributes...
[17:17:01] [INFO ]   Picking seafloor...
[17:17:01] [INFO ]   Seafloor depth: 0–5139 m  (120 shallow traces masked)
[17:17:01] [INFO ]   Picking horizons...
[17:17:01] [INFO ]   Computing NCC coherence (slow)...
[17:17:02] [INFO ]   Saving CNN section image...
[17:17:03] [INFO ]   Saved: f1088stk05_section_cnn.png  (2700x1500px)
[17:17:03] [INFO ]   Step 1 complete
[17:17:03] [INFO ] 
[17:17:03] [INFO ] STEP 2 — Fault detection
[17:17:03] [INFO ]   Mode: single SA run (seed=50)
[17:17:08] [INFO ]   Detected 13 high-confidence faults
[17:17:08] [INFO ]     Fault  1 | trace ~  157 | prob=0.697
[17:17:08] [INFO ]     Fault  2 | trace ~  384 | prob=0.673
[17:17:08] [INFO ]     Fault  3 | trace ~  640 | prob=0.659
[17:17:08] [INFO ]     Fault  4 | trace ~ 1152 | prob=0.697
[17:17:08] [INFO ]     Fault  5 | trace ~ 1365 | prob=0.694
[17:17:08] [INFO ]     Fault  6 | trace ~ 1593 | prob=0.636
[17:17:08] [INFO ]     Fault  7 | trace ~ 2134 | prob=0.665
[17:17:08] [INFO ]     Fault  8 | trace ~ 2403 | prob=0.732
[17:17:08] [INFO ]     Fault  9 | trace ~ 2996 | prob=0.666
[17:17:08] [INFO ]     Fault 10 | trace ~ 3202 | prob=0.696
[17:17:08] [INFO ]     Fault 11 | trace ~ 3584 | prob=0.610
[17:17:08] [INFO ]     Fault 12 | trace ~ 3812 | prob=0.711
[17:17:08] [INFO ]     Fault 13 | trace ~ 4275 | prob=0.676
[17:17:08] [INFO ]   Step 2 complete
[17:17:08] [INFO ] 
[17:17:08] [INFO ] STEP 3 — Bounding boxes
[17:17:08] [INFO ]   Box  1 | [44, 908, 110w, 130h px]
[17:17:08] [INFO ]   Box  2 | [166, 905, 140w, 133h px]
[17:17:08] [INFO ]   Box  3 | [348, 901, 105w, 130h px]
[17:17:08] [INFO ]   Box  4 | [664, 896, 121w, 122h px]
[17:17:08] [INFO ]   Box  5 | [797, 901, 113w, 130h px]
[17:17:08] [INFO ]   Box  6 | [939, 886, 117w, 130h px]
[17:17:08] [INFO ]   Box  7 | [1264, 886, 134w, 128h px]
[17:17:08] [INFO ]   Box  8 | [1454, 875, 103w, 130h px]
[17:17:08] [INFO ]   Box  9 | [1816, 888, 113w, 128h px]
[17:17:08] [INFO ]   Box 10 | [1944, 733, 111w, 128h px]
[17:17:08] [INFO ]   Box 11 | [2187, 659, 106w, 122h px]
[17:17:08] [INFO ]   Box 12 | [2319, 880, 140w, 130h px]
[17:17:08] [INFO ]   Box 13 | [2596, 855, 104w, 130h px]
[17:17:08] [INFO ]   Generated 13 boxes
[17:17:08] [INFO ]   Step 3 complete
[17:17:08] [INFO ] 
[17:17:08] [INFO ] STEP 4 — Dataset building
[17:17:08] [INFO ]   Saving labeled review image...
[17:17:08] [INFO ]   Saved: f1088stk05_labeled.png
[17:17:08] [INFO ]   Split: train
[17:17:08] [INFO ]   Added 13 annotations to train.json
[17:17:08] [INFO ]   train.json: 4 images, 30 annotations
[17:17:08] [INFO ]   val.json:   1 images,  29 annotations
[17:17:08] [INFO ]   Step 4 complete
[17:17:08] [INFO ] 
[17:17:08] [INFO ]   DONE  f1088stk05  →  train  |  13 faults  |  13 boxes
[17:17:08] [INFO ] 
[17:17:08] [INFO ] ──────────────────────────────────────────────────
[17:17:08] [INFO ]   LINE: f1088stk06
[17:17:08] [INFO ] ──────────────────────────────────────────────────
[17:17:08] [INFO ] Dataset  : namss.F-10-88-HW.mcs.airgun
[17:17:08] [INFO ] SGY      : ../../airgun_data/namss.F-10-88-HW.mcs.airgun/Data/f1088stk06.sgy
[17:17:08] [INFO ] NAV      : ../../airgun_data/namss.F-10-88-HW.mcs.airgun/Navigation/f-10-88-hw_NAV-WGS84.csv
[17:17:08] [INFO ] SA mode  : single (seed=50)
[17:17:08] [INFO ] 
[17:17:08] [INFO ] STEP 1 — Feature extraction
[17:17:08] [INFO ]   Loading navigation...
[17:17:08] [INFO ]   Loading SEG-Y...
[17:17:08] [INFO ]   Traces: 2473  Samples: 2750  dt: 4.000 ms
[17:17:08] [INFO ]   Depth:  0.0 m → 8247.0 m
[17:17:08] [INFO ]   Matching traces to navigation...
[17:17:08] [INFO ]   NAV line matched via translation: 'f1088stk06' -> '6'
[17:17:08] [INFO ]   Matched 2473 / 2473 traces
[17:17:08] [INFO ]   Bandpass filtering...
[17:17:09] [INFO ]   Computing seismic attributes...
[17:17:09] [INFO ]   Picking seafloor...
[17:17:09] [INFO ]   Seafloor depth: 0–4830 m  (874 shallow traces masked)
[17:17:09] [INFO ]   Picking horizons...
[17:17:09] [INFO ]   Computing NCC coherence (slow)...
[17:17:09] [INFO ]   Saving CNN section image...
[17:17:10] [INFO ]   Saved: f1088stk06_section_cnn.png  (2700x1500px)
[17:17:10] [INFO ]   Step 1 complete
[17:17:10] [INFO ] 
[17:17:10] [INFO ] STEP 2 — Fault detection
[17:17:10] [INFO ]   Mode: single SA run (seed=50)
[17:17:12] [INFO ]   Detected 6 high-confidence faults
[17:17:12] [INFO ]     Fault  1 | trace ~   44 | prob=0.760
[17:17:12] [INFO ]     Fault  2 | trace ~  274 | prob=0.677
[17:17:12] [INFO ]     Fault  3 | trace ~  493 | prob=0.763
[17:17:12] [INFO ]     Fault  4 | trace ~ 1366 | prob=0.782
[17:17:12] [INFO ]     Fault  5 | trace ~ 1772 | prob=0.676
[17:17:12] [INFO ]     Fault  6 | trace ~ 2149 | prob=0.703
[17:17:12] [INFO ]   Step 2 complete
[17:17:12] [INFO ] 
[17:17:12] [INFO ] STEP 3 — Bounding boxes
[17:17:12] [INFO ]   Box  1 | [0, 854, 165w, 133h px]
[17:17:12] [INFO ]   Box  2 | [141, 843, 334w, 133h px]
[17:17:12] [INFO ]   Box  3 | [453, 824, 167w, 111h px]
[17:17:12] [INFO ]   Box  4 | [1367, 813, 252w, 117h px]
[17:17:12] [INFO ]   Box  5 | [1845, 818, 171w, 128h px]
[17:17:12] [INFO ]   Box  6 | [2267, 829, 148w, 133h px]
[17:17:12] [INFO ]   Generated 6 boxes
[17:17:12] [INFO ]   Step 3 complete
[17:17:12] [INFO ] 
[17:17:12] [INFO ] STEP 4 — Dataset building
[17:17:12] [INFO ]   Saving labeled review image...
[17:17:12] [INFO ]   Saved: f1088stk06_labeled.png
[17:17:12] [INFO ]   Split: val
[17:17:12] [INFO ]   Added 6 annotations to val.json
[17:17:12] [INFO ]   train.json: 4 images, 30 annotations
[17:17:12] [INFO ]   val.json:   2 images,  35 annotations
[17:17:12] [INFO ]   Step 4 complete
[17:17:12] [INFO ] 
[17:17:12] [INFO ]   DONE  f1088stk06  →  val  |  6 faults  |  6 boxes
[17:17:12] [INFO ] 
[17:17:12] [INFO ] ──────────────────────────────────────────────────
[17:17:12] [INFO ]   LINE: f1088stk07
[17:17:12] [INFO ] ──────────────────────────────────────────────────
[17:17:12] [INFO ] Dataset  : namss.F-10-88-HW.mcs.airgun
[17:17:12] [INFO ] SGY      : ../../airgun_data/namss.F-10-88-HW.mcs.airgun/Data/f1088stk07.sgy
[17:17:12] [INFO ] NAV      : ../../airgun_data/namss.F-10-88-HW.mcs.airgun/Navigation/f-10-88-hw_NAV-WGS84.csv
[17:17:12] [INFO ] SA mode  : single (seed=50)
[17:17:12] [INFO ] 
[17:17:12] [INFO ] STEP 1 — Feature extraction
[17:17:12] [INFO ]   Loading navigation...
[17:17:12] [INFO ]   Loading SEG-Y...
[17:17:13] [INFO ]   Traces: 12754  Samples: 2750  dt: 4.000 ms
[17:17:13] [INFO ]   Depth:  0.0 m → 8247.0 m
[17:17:13] [INFO ]   Matching traces to navigation...
[17:17:13] [INFO ]   NAV line matched via translation: 'f1088stk07' -> '7'
[17:17:14] [INFO ]   Matched 12754 / 12754 traces
[17:17:14] [INFO ]   Bandpass filtering...
[17:17:14] [INFO ]   Computing seismic attributes...
[17:17:16] [INFO ]   Picking seafloor...
[17:17:17] [INFO ]   Seafloor depth: 3414–5475 m  (0 shallow traces masked)
[17:17:17] [INFO ]   Picking horizons...
[17:17:18] [INFO ]   Computing NCC coherence (slow)...
[17:17:19] [INFO ]   Saving CNN section image...
[17:17:22] [INFO ]   Saved: f1088stk07_section_cnn.png  (2700x1500px)
[17:17:22] [INFO ]   Step 1 complete
[17:17:22] [INFO ] 
[17:17:22] [INFO ] STEP 2 — Fault detection
[17:17:22] [INFO ]   Mode: single SA run (seed=50)
[17:17:38] [INFO ]   Detected 33 high-confidence faults
[17:17:38] [INFO ]     Fault  1 | trace ~  297 | prob=0.707
[17:17:38] [INFO ]     Fault  2 | trace ~  710 | prob=0.690
[17:17:38] [INFO ]     Fault  3 | trace ~  995 | prob=0.708
[17:17:38] [INFO ]     Fault  4 | trace ~ 1417 | prob=0.731
[17:17:38] [INFO ]     Fault  5 | trace ~ 1964 | prob=0.677
[17:17:38] [INFO ]     Fault  6 | trace ~ 2296 | prob=0.684
[17:17:38] [INFO ]     Fault  7 | trace ~ 2795 | prob=0.680
[17:17:38] [INFO ]     Fault  8 | trace ~ 3394 | prob=0.694
[17:17:38] [INFO ]     Fault  9 | trace ~ 3725 | prob=0.762
[17:17:38] [INFO ]     Fault 10 | trace ~ 4209 | prob=0.722
[17:17:38] [INFO ]     Fault 11 | trace ~ 4516 | prob=0.647
[17:17:38] [INFO ]     Fault 12 | trace ~ 4723 | prob=0.688
[17:17:38] [INFO ]     Fault 13 | trace ~ 5053 | prob=0.743
[17:17:38] [INFO ]     Fault 14 | trace ~ 5349 | prob=0.672
[17:17:38] [INFO ]     Fault 15 | trace ~ 5660 | prob=0.689
[17:17:38] [INFO ]     Fault 16 | trace ~ 6347 | prob=0.662
[17:17:38] [INFO ]     Fault 17 | trace ~ 6728 | prob=0.646
[17:17:38] [INFO ]     Fault 18 | trace ~ 7083 | prob=0.667
[17:17:38] [INFO ]     Fault 19 | trace ~ 7344 | prob=0.678
[17:17:38] [INFO ]     Fault 20 | trace ~ 7729 | prob=0.737
[17:17:38] [INFO ]     Fault 21 | trace ~ 8049 | prob=0.619
[17:17:38] [INFO ]     Fault 22 | trace ~ 8382 | prob=0.712
[17:17:38] [INFO ]     Fault 23 | trace ~ 8575 | prob=0.668
[17:17:38] [INFO ]     Fault 24 | trace ~ 9441 | prob=0.677
[17:17:38] [INFO ]     Fault 25 | trace ~ 9781 | prob=0.716
[17:17:38] [INFO ]     Fault 26 | trace ~10062 | prob=0.690
[17:17:38] [INFO ]     Fault 27 | trace ~10399 | prob=0.725
[17:17:38] [INFO ]     Fault 28 | trace ~10871 | prob=0.679
[17:17:38] [INFO ]     Fault 29 | trace ~11175 | prob=0.687
[17:17:38] [INFO ]     Fault 30 | trace ~11704 | prob=0.637
[17:17:38] [INFO ]     Fault 31 | trace ~11894 | prob=0.648
[17:17:38] [INFO ]     Fault 32 | trace ~12331 | prob=0.644
[17:17:38] [INFO ]     Fault 33 | trace ~12629 | prob=0.736
[17:17:38] [INFO ]   Step 2 complete
[17:17:38] [INFO ] 
[17:17:38] [INFO ] STEP 3 — Bounding boxes
[17:17:38] [INFO ]   Box  1 | [19, 821, 88w, 130h px]
[17:17:38] [INFO ]   Box  2 | [107, 816, 88w, 130h px]
[17:17:38] [INFO ]   Box  3 | [160, 818, 96w, 130h px]
[17:17:38] [INFO ]   Box  4 | [254, 817, 89w, 130h px]
[17:17:38] [INFO ]   Box  5 | [368, 832, 96w, 133h px]
[17:17:38] [INFO ]   Box  6 | [440, 845, 91w, 130h px]
[17:17:38] [INFO ]   Box  7 | [544, 858, 95w, 130h px]
[17:17:38] [INFO ]   Box  8 | [674, 771, 91w, 130h px]
[17:17:38] [INFO ]   Box  9 | [746, 833, 90w, 125h px]
[17:17:38] [INFO ]   Box 10 | [848, 877, 87w, 128h px]
[17:17:38] [INFO ]   Box 11 | [911, 871, 89w, 130h px]
[17:17:38] [INFO ]   Box 12 | [955, 865, 91w, 130h px]
[17:17:38] [INFO ]   Box 13 | [1025, 876, 88w, 130h px]
[17:17:38] [INFO ]   Box 14 | [1082, 843, 100w, 133h px]
[17:17:38] [INFO ]   Box 15 | [1152, 883, 92w, 128h px]
[17:17:38] [INFO ]   Box 16 | [1299, 876, 91w, 128h px]
[17:17:38] [INFO ]   Box 17 | [1376, 874, 95w, 130h px]
[17:17:38] [INFO ]   Box 18 | [1455, 877, 91w, 128h px]
[17:17:38] [INFO ]   Box 19 | [1509, 873, 91w, 128h px]
[17:17:38] [INFO ]   Box 20 | [1589, 864, 99w, 128h px]
[17:17:38] [INFO ]   Box 21 | [1654, 840, 95w, 130h px]
[17:17:38] [INFO ]   Box 22 | [1728, 872, 93w, 130h px]
[17:17:38] [INFO ]   Box 23 | [1770, 916, 90w, 130h px]
[17:17:38] [INFO ]   Box 24 | [1953, 897, 91w, 130h px]
[17:17:38] [INFO ]   Box 25 | [2024, 907, 92w, 133h px]
[17:17:38] [INFO ]   Box 26 | [2085, 909, 89w, 128h px]
[17:17:38] [INFO ]   Box 27 | [2155, 908, 92w, 128h px]
[17:17:38] [INFO ]   Box 28 | [2257, 913, 91w, 130h px]
[17:17:38] [INFO ]   Box 29 | [2322, 915, 87w, 130h px]
[17:17:38] [INFO ]   Box 30 | [2432, 911, 90w, 128h px]
[17:17:38] [INFO ]   Box 31 | [2473, 934, 91w, 133h px]
[17:17:38] [INFO ]   Box 32 | [2560, 942, 99w, 133h px]
[17:17:38] [INFO ]   Box 33 | [2626, 868, 74w, 128h px]
[17:17:38] [INFO ]   Generated 33 boxes
[17:17:38] [INFO ]   Step 3 complete
[17:17:38] [INFO ] 
[17:17:38] [INFO ] STEP 4 — Dataset building
[17:17:38] [INFO ]   Saving labeled review image...
[17:17:38] [INFO ]   Saved: f1088stk07_labeled.png
[17:17:38] [INFO ]   Split: train
[17:17:38] [INFO ]   Added 33 annotations to train.json
[17:17:38] [INFO ]   train.json: 5 images, 63 annotations
[17:17:38] [INFO ]   val.json:   2 images,  35 annotations
[17:17:38] [INFO ]   Step 4 complete
[17:17:38] [INFO ] 
[17:17:38] [INFO ]   DONE  f1088stk07  →  train  |  33 faults  |  33 boxes
[17:17:38] [INFO ] 
[17:17:38] [INFO ] ──────────────────────────────────────────────────
[17:17:38] [INFO ]   LINE: f1088stk08
[17:17:38] [INFO ] ──────────────────────────────────────────────────
[17:17:38] [INFO ] Dataset  : namss.F-10-88-HW.mcs.airgun
[17:17:38] [INFO ] SGY      : ../../airgun_data/namss.F-10-88-HW.mcs.airgun/Data/f1088stk08.sgy
[17:17:38] [INFO ] NAV      : ../../airgun_data/namss.F-10-88-HW.mcs.airgun/Navigation/f-10-88-hw_NAV-WGS84.csv
[17:17:38] [INFO ] SA mode  : single (seed=50)
[17:17:38] [INFO ] 
[17:17:38] [INFO ] STEP 1 — Feature extraction
[17:17:38] [INFO ]   Loading navigation...
[17:17:38] [INFO ]   Loading SEG-Y...
[17:17:38] [INFO ]   Traces: 892  Samples: 2750  dt: 4.000 ms
[17:17:38] [INFO ]   Depth:  0.0 m → 8247.0 m
[17:17:38] [INFO ]   Matching traces to navigation...
[17:17:38] [INFO ]   NAV line matched via translation: 'f1088stk08' -> '8'
[17:17:38] [INFO ]   Matched 892 / 892 traces
[17:17:38] [INFO ]   Bandpass filtering...
[17:17:38] [INFO ]   Computing seismic attributes...
[17:17:38] [INFO ]   Picking seafloor...
[17:17:38] [INFO ]   Seafloor depth: 3534–5127 m  (0 shallow traces masked)
[17:17:38] [INFO ]   Picking horizons...
[17:17:39] [INFO ]   Computing NCC coherence (slow)...
[17:17:39] [INFO ]   Saving CNN section image...
[17:17:39] [INFO ]   Saved: f1088stk08_section_cnn.png  (2700x1500px)
[17:17:39] [INFO ]   Step 1 complete
[17:17:39] [INFO ] 
[17:17:39] [INFO ] STEP 2 — Fault detection
[17:17:39] [INFO ]   Mode: single SA run (seed=50)
[17:17:40] [INFO ]   Detected 3 high-confidence faults
[17:17:40] [INFO ]     Fault  1 | trace ~   86 | prob=0.722
[17:17:40] [INFO ]     Fault  2 | trace ~  455 | prob=0.658
[17:17:40] [INFO ]     Fault  3 | trace ~  855 | prob=0.720
[17:17:40] [INFO ]   Step 2 complete
[17:17:40] [INFO ] 
[17:17:40] [INFO ] STEP 3 — Bounding boxes
[17:17:40] [INFO ]   Box  1 | [0, 641, 558w, 136h px]
[17:17:40] [INFO ]   Box  2 | [997, 830, 700w, 130h px]
[17:17:40] [INFO ]   Box  3 | [2362, 921, 338w, 122h px]
[17:17:40] [INFO ]   Generated 3 boxes
[17:17:40] [INFO ]   Step 3 complete
[17:17:40] [INFO ] 
[17:17:40] [INFO ] STEP 4 — Dataset building
[17:17:40] [INFO ]   Saving labeled review image...
[17:17:40] [INFO ]   Saved: f1088stk08_labeled.png
[17:17:40] [INFO ]   Split: train
[17:17:40] [INFO ]   Added 3 annotations to train.json
[17:17:40] [INFO ]   train.json: 6 images, 66 annotations
[17:17:40] [INFO ]   val.json:   2 images,  35 annotations
[17:17:40] [INFO ]   Step 4 complete
[17:17:40] [INFO ] 
[17:17:40] [INFO ]   DONE  f1088stk08  →  train  |  3 faults  |  3 boxes
[17:17:40] [INFO ] 
[17:17:40] [INFO ] ──────────────────────────────────────────────────
[17:17:40] [INFO ]   LINE: f1088stk09
[17:17:40] [INFO ] ──────────────────────────────────────────────────
[17:17:40] [INFO ] Dataset  : namss.F-10-88-HW.mcs.airgun
[17:17:40] [INFO ] SGY      : ../../airgun_data/namss.F-10-88-HW.mcs.airgun/Data/f1088stk09.sgy
[17:17:40] [INFO ] NAV      : ../../airgun_data/namss.F-10-88-HW.mcs.airgun/Navigation/f-10-88-hw_NAV-WGS84.csv
[17:17:40] [INFO ] SA mode  : single (seed=50)
[17:17:40] [INFO ] 
[17:17:40] [INFO ] STEP 1 — Feature extraction
[17:17:40] [INFO ]   Loading navigation...
[17:17:40] [INFO ]   Loading SEG-Y...
[17:17:41] [INFO ]   Traces: 13225  Samples: 2750  dt: 4.000 ms
[17:17:41] [INFO ]   Depth:  0.0 m → 8247.0 m
[17:17:41] [INFO ]   Matching traces to navigation...
[17:17:41] [INFO ]   NAV line matched via translation: 'f1088stk09' -> '9'
[17:17:42] [INFO ]   Matched 13225 / 13225 traces
[17:17:42] [INFO ]   Bandpass filtering...
[17:17:43] [INFO ]   Computing seismic attributes...
[17:17:44] [INFO ]   Picking seafloor...
[17:17:45] [INFO ]   Seafloor depth: 3246–5439 m  (0 shallow traces masked)
[17:17:45] [INFO ]   Picking horizons...
[17:17:46] [INFO ]   Computing NCC coherence (slow)...
[17:17:47] [INFO ]   Saving CNN section image...
[17:17:50] [INFO ]   Saved: f1088stk09_section_cnn.png  (2700x1500px)
[17:17:50] [INFO ]   Step 1 complete
[17:17:50] [INFO ] 
[17:17:50] [INFO ] STEP 2 — Fault detection
[17:17:50] [INFO ]   Mode: single SA run (seed=50)
[17:18:06] [INFO ]   Detected 35 high-confidence faults
[17:18:06] [INFO ]     Fault  1 | trace ~  180 | prob=0.725
[17:18:06] [INFO ]     Fault  2 | trace ~  397 | prob=0.713
[17:18:06] [INFO ]     Fault  3 | trace ~  597 | prob=0.675
[17:18:06] [INFO ]     Fault  4 | trace ~  828 | prob=0.697
[17:18:06] [INFO ]     Fault  5 | trace ~ 1055 | prob=0.715
[17:18:06] [INFO ]     Fault  6 | trace ~ 1452 | prob=0.690
[17:18:06] [INFO ]     Fault  7 | trace ~ 1881 | prob=0.693
[17:18:06] [INFO ]     Fault  8 | trace ~ 2280 | prob=0.682
[17:18:06] [INFO ]     Fault  9 | trace ~ 2737 | prob=0.655
[17:18:06] [INFO ]     Fault 10 | trace ~ 3086 | prob=0.702
[17:18:06] [INFO ]     Fault 11 | trace ~ 3400 | prob=0.715
[17:18:06] [INFO ]     Fault 12 | trace ~ 3649 | prob=0.671
[17:18:06] [INFO ]     Fault 13 | trace ~ 4052 | prob=0.704
[17:18:06] [INFO ]     Fault 14 | trace ~ 4266 | prob=0.731
[17:18:06] [INFO ]     Fault 15 | trace ~ 4562 | prob=0.658
[17:18:06] [INFO ]     Fault 16 | trace ~ 4844 | prob=0.693
[17:18:06] [INFO ]     Fault 17 | trace ~ 5124 | prob=0.685
[17:18:06] [INFO ]     Fault 18 | trace ~ 5381 | prob=0.637
[17:18:06] [INFO ]     Fault 19 | trace ~ 5619 | prob=0.645
[17:18:06] [INFO ]     Fault 20 | trace ~ 5855 | prob=0.661
[17:18:06] [INFO ]     Fault 21 | trace ~ 6269 | prob=0.671
[17:18:06] [INFO ]     Fault 22 | trace ~ 6689 | prob=0.694
[17:18:06] [INFO ]     Fault 23 | trace ~ 7222 | prob=0.699
[17:18:06] [INFO ]     Fault 24 | trace ~ 7498 | prob=0.664
[17:18:06] [INFO ]     Fault 25 | trace ~ 7801 | prob=0.681
[17:18:06] [INFO ]     Fault 26 | trace ~ 8124 | prob=0.719
[17:18:06] [INFO ]     Fault 27 | trace ~ 8656 | prob=0.701
[17:18:06] [INFO ]     Fault 28 | trace ~ 9093 | prob=0.728
[17:18:06] [INFO ]     Fault 29 | trace ~10835 | prob=0.722
[17:18:06] [INFO ]     Fault 30 | trace ~11295 | prob=0.647
[17:18:06] [INFO ]     Fault 31 | trace ~11524 | prob=0.660
[17:18:06] [INFO ]     Fault 32 | trace ~11807 | prob=0.683
[17:18:06] [INFO ]     Fault 33 | trace ~12088 | prob=0.701
[17:18:06] [INFO ]     Fault 34 | trace ~12388 | prob=0.653
[17:18:06] [INFO ]     Fault 35 | trace ~12943 | prob=0.717
[17:18:06] [INFO ]   Step 2 complete
[17:18:06] [INFO ] 
[17:18:06] [INFO ] STEP 3 — Bounding boxes
[17:18:06] [INFO ]   Box  1 | [0, 926, 83w, 128h px]
[17:18:06] [INFO ]   Box  2 | [37, 918, 91w, 136h px]
[17:18:06] [INFO ]   Box  3 | [77, 971, 97w, 133h px]
[17:18:06] [INFO ]   Box  4 | [123, 929, 95w, 133h px]
[17:18:06] [INFO ]   Box  5 | [172, 892, 91w, 130h px]
[17:18:06] [INFO ]   Box  6 | [250, 892, 90w, 130h px]
[17:18:06] [INFO ]   Box  7 | [338, 896, 92w, 130h px]
[17:18:06] [INFO ]   Box  8 | [419, 899, 94w, 130h px]
[17:18:06] [INFO ]   Box  9 | [513, 895, 91w, 130h px]
[17:18:06] [INFO ]   Box 10 | [586, 880, 91w, 130h px]
[17:18:06] [INFO ]   Box 11 | [649, 876, 90w, 128h px]
[17:18:06] [INFO ]   Box 12 | [700, 881, 92w, 130h px]
[17:18:06] [INFO ]   Box 13 | [783, 870, 87w, 133h px]
[17:18:06] [INFO ]   Box 14 | [827, 862, 88w, 128h px]
[17:18:06] [INFO ]   Box 15 | [888, 882, 90w, 133h px]
[17:18:06] [INFO ]   Box 16 | [944, 883, 91w, 130h px]
[17:18:06] [INFO ]   Box 17 | [1001, 849, 93w, 130h px]
[17:18:06] [INFO ]   Box 18 | [1053, 864, 91w, 130h px]
[17:18:06] [INFO ]   Box 19 | [1102, 872, 89w, 128h px]
[17:18:06] [INFO ]   Box 20 | [1150, 875, 90w, 128h px]
[17:18:06] [INFO ]   Box 21 | [1235, 878, 89w, 130h px]
[17:18:06] [INFO ]   Box 22 | [1321, 881, 91w, 130h px]
[17:18:06] [INFO ]   Box 23 | [1430, 883, 89w, 130h px]
[17:18:06] [INFO ]   Box 24 | [1486, 862, 88w, 130h px]
[17:18:06] [INFO ]   Box 25 | [1546, 875, 92w, 130h px]
[17:18:06] [INFO ]   Box 26 | [1613, 874, 92w, 125h px]
[17:18:06] [INFO ]   Box 27 | [1724, 862, 90w, 130h px]
[17:18:06] [INFO ]   Box 28 | [1810, 861, 91w, 130h px]
[17:18:06] [INFO ]   Box 29 | [2164, 842, 94w, 130h px]
[17:18:06] [INFO ]   Box 30 | [2256, 831, 96w, 133h px]
[17:18:06] [INFO ]   Box 31 | [2310, 822, 87w, 130h px]
[17:18:06] [INFO ]   Box 32 | [2364, 816, 92w, 133h px]
[17:18:06] [INFO ]   Box 33 | [2422, 816, 90w, 130h px]
[17:18:06] [INFO ]   Box 34 | [2485, 809, 91w, 128h px]
[17:18:06] [INFO ]   Box 35 | [2599, 756, 88w, 128h px]
[17:18:06] [INFO ]   Generated 35 boxes
[17:18:06] [INFO ]   Step 3 complete
[17:18:06] [INFO ] 
[17:18:06] [INFO ] STEP 4 — Dataset building
[17:18:06] [INFO ]   Saving labeled review image...
[17:18:06] [INFO ]   Saved: f1088stk09_labeled.png
[17:18:06] [INFO ]   Split: train
[17:18:06] [INFO ]   Added 35 annotations to train.json
[17:18:06] [INFO ]   train.json: 7 images, 101 annotations
[17:18:06] [INFO ]   val.json:   2 images,  35 annotations
[17:18:06] [INFO ]   Step 4 complete
[17:18:06] [INFO ] 
[17:18:06] [INFO ]   DONE  f1088stk09  →  train  |  35 faults  |  35 boxes
[17:18:06] [INFO ] 
[17:18:06] [INFO ] ──────────────────────────────────────────────────
[17:18:06] [INFO ]   LINE: f1088stk10
[17:18:06] [INFO ] ──────────────────────────────────────────────────
[17:18:06] [INFO ] Dataset  : namss.F-10-88-HW.mcs.airgun
[17:18:06] [INFO ] SGY      : ../../airgun_data/namss.F-10-88-HW.mcs.airgun/Data/f1088stk10.sgy
[17:18:06] [INFO ] NAV      : ../../airgun_data/namss.F-10-88-HW.mcs.airgun/Navigation/f-10-88-hw_NAV-WGS84.csv
[17:18:06] [INFO ] SA mode  : single (seed=50)
[17:18:06] [INFO ] 
[17:18:06] [INFO ] STEP 1 — Feature extraction
[17:18:06] [INFO ]   Loading navigation...
[17:18:06] [INFO ]   Loading SEG-Y...
[17:18:06] [INFO ]   Traces: 392  Samples: 2750  dt: 4.000 ms
[17:18:06] [INFO ]   Depth:  0.0 m → 8247.0 m
[17:18:06] [INFO ]   Matching traces to navigation...
[17:18:06] [INFO ]   NAV line matched via translation: 'f1088stk10' -> '10'
[17:18:06] [INFO ]   Matched 392 / 392 traces
[17:18:06] [INFO ]   Bandpass filtering...
[17:18:06] [INFO ]   Computing seismic attributes...
[17:18:06] [INFO ]   Picking seafloor...
[17:18:06] [INFO ]   Seafloor depth: 4014–4698 m  (0 shallow traces masked)
[17:18:06] [INFO ]   Picking horizons...
[17:18:06] [INFO ]   Computing NCC coherence (slow)...
[17:18:06] [INFO ]   Saving CNN section image...
[17:18:06] [INFO ]   Saved: f1088stk10_section_cnn.png  (2700x1500px)
[17:18:06] [INFO ]   Step 1 complete
[17:18:06] [INFO ] 
[17:18:06] [INFO ] STEP 2 — Fault detection
[17:18:06] [INFO ]   Mode: single SA run (seed=50)
[17:18:07] [INFO ]   Detected 1 high-confidence faults
[17:18:07] [INFO ]     Fault  1 | trace ~   50 | prob=0.776
[17:18:07] [INFO ]   Step 2 complete
[17:18:07] [INFO ] 
[17:18:07] [INFO ] STEP 3 — Bounding boxes
[17:18:07] [INFO ]   Box  1 | [0, 747, 952w, 133h px]
[17:18:07] [INFO ]   Generated 1 boxes
[17:18:07] [INFO ]   Step 3 complete
[17:18:07] [INFO ] 
[17:18:07] [INFO ] STEP 4 — Dataset building
[17:18:07] [INFO ]   Saving labeled review image...
[17:18:07] [INFO ]   Saved: f1088stk10_labeled.png
[17:18:07] [INFO ]   Split: train
[17:18:07] [INFO ]   Added 1 annotations to train.json
[17:18:07] [INFO ]   train.json: 8 images, 102 annotations
[17:18:07] [INFO ]   val.json:   2 images,  35 annotations
[17:18:07] [INFO ]   Step 4 complete
[17:18:07] [INFO ] 
[17:18:07] [INFO ]   DONE  f1088stk10  →  train  |  1 faults  |  1 boxes
[17:18:07] [INFO ] 
[17:18:07] [INFO ] ──────────────────────────────────────────────────
[17:18:07] [INFO ]   LINE: f1088stk11
[17:18:07] [INFO ] ──────────────────────────────────────────────────
[17:18:07] [INFO ] Dataset  : namss.F-10-88-HW.mcs.airgun
[17:18:07] [INFO ] SGY      : ../../airgun_data/namss.F-10-88-HW.mcs.airgun/Data/f1088stk11.sgy
[17:18:07] [INFO ] NAV      : ../../airgun_data/namss.F-10-88-HW.mcs.airgun/Navigation/f-10-88-hw_NAV-WGS84.csv
[17:18:07] [INFO ] SA mode  : single (seed=50)
[17:18:07] [INFO ] 
[17:18:07] [INFO ] STEP 1 — Feature extraction
[17:18:07] [INFO ]   Loading navigation...
[17:18:07] [INFO ]   Loading SEG-Y...
[17:18:08] [INFO ]   Traces: 13529  Samples: 2750  dt: 4.000 ms
[17:18:08] [INFO ]   Depth:  0.0 m → 8247.0 m
[17:18:08] [INFO ]   Matching traces to navigation...
[17:18:08] [INFO ]   NAV line matched via translation: 'f1088stk11' -> '11'
[17:18:09] [INFO ]   Matched 13529 / 13529 traces
[17:18:09] [INFO ]   Bandpass filtering...
[17:18:09] [INFO ]   Computing seismic attributes...
[17:18:11] [INFO ]   Picking seafloor...
[17:18:12] [INFO ]   Seafloor depth: 3417–5313 m  (0 shallow traces masked)
[17:18:12] [INFO ]   Picking horizons...
[17:18:13] [INFO ]   Computing NCC coherence (slow)...
[17:18:14] [INFO ]   Saving CNN section image...
[17:18:17] [INFO ]   Saved: f1088stk11_section_cnn.png  (2700x1500px)
[17:18:17] [INFO ]   Step 1 complete
[17:18:17] [INFO ] 
[17:18:17] [INFO ] STEP 2 — Fault detection
[17:18:17] [INFO ]   Mode: single SA run (seed=50)
[17:18:35] [INFO ]   Detected 40 high-confidence faults
[17:18:35] [INFO ]     Fault  1 | trace ~  695 | prob=0.598
[17:18:35] [INFO ]     Fault  2 | trace ~ 1039 | prob=0.617
[17:18:35] [INFO ]     Fault  3 | trace ~ 1370 | prob=0.696
[17:18:35] [INFO ]     Fault  4 | trace ~ 1763 | prob=0.655
[17:18:35] [INFO ]     Fault  5 | trace ~ 1998 | prob=0.645
[17:18:35] [INFO ]     Fault  6 | trace ~ 2242 | prob=0.658
[17:18:35] [INFO ]     Fault  7 | trace ~ 2621 | prob=0.700
[17:18:35] [INFO ]     Fault  8 | trace ~ 2831 | prob=0.675
[17:18:35] [INFO ]     Fault  9 | trace ~ 3078 | prob=0.621
[17:18:35] [INFO ]     Fault 10 | trace ~ 4247 | prob=0.711
[17:18:35] [INFO ]     Fault 11 | trace ~ 4595 | prob=0.633
[17:18:35] [INFO ]     Fault 12 | trace ~ 4849 | prob=0.644
[17:18:35] [INFO ]     Fault 13 | trace ~ 5070 | prob=0.708
[17:18:35] [INFO ]     Fault 14 | trace ~ 5436 | prob=0.636
[17:18:35] [INFO ]     Fault 15 | trace ~ 5658 | prob=0.628
[17:18:35] [INFO ]     Fault 16 | trace ~ 6017 | prob=0.676
[17:18:35] [INFO ]     Fault 17 | trace ~ 6230 | prob=0.648
[17:18:35] [INFO ]     Fault 18 | trace ~ 6674 | prob=0.625
[17:18:35] [INFO ]     Fault 19 | trace ~ 7048 | prob=0.659
[17:18:35] [INFO ]     Fault 20 | trace ~ 7395 | prob=0.673
[17:18:35] [INFO ]     Fault 21 | trace ~ 7653 | prob=0.648
[17:18:35] [INFO ]     Fault 22 | trace ~ 7999 | prob=0.651
[17:18:35] [INFO ]     Fault 23 | trace ~ 8229 | prob=0.659
[17:18:35] [INFO ]     Fault 24 | trace ~ 8450 | prob=0.665
[17:18:35] [INFO ]     Fault 25 | trace ~ 8707 | prob=0.706
[17:18:35] [INFO ]     Fault 26 | trace ~ 8937 | prob=0.690
[17:18:35] [INFO ]     Fault 27 | trace ~ 9147 | prob=0.697
[17:18:35] [INFO ]     Fault 28 | trace ~ 9408 | prob=0.685
[17:18:35] [INFO ]     Fault 29 | trace ~ 9769 | prob=0.688
[17:18:35] [INFO ]     Fault 30 | trace ~10021 | prob=0.637
[17:18:35] [INFO ]     Fault 31 | trace ~10243 | prob=0.624
[17:18:35] [INFO ]     Fault 32 | trace ~10584 | prob=0.687
[17:18:35] [INFO ]     Fault 33 | trace ~10837 | prob=0.670
[17:18:35] [INFO ]     Fault 34 | trace ~11126 | prob=0.689
[17:18:35] [INFO ]     Fault 35 | trace ~11388 | prob=0.627
[17:18:35] [INFO ]     Fault 36 | trace ~11952 | prob=0.638
[17:18:35] [INFO ]     Fault 37 | trace ~12248 | prob=0.650
[17:18:35] [INFO ]     Fault 38 | trace ~12987 | prob=0.649
[17:18:35] [INFO ]     Fault 39 | trace ~13271 | prob=0.672
[17:18:35] [INFO ]     Fault 40 | trace ~13474 | prob=0.600
[17:18:35] [INFO ]   Step 2 complete
[17:18:35] [INFO ] 
[17:18:35] [INFO ] STEP 3 — Bounding boxes
[17:18:35] [INFO ]   Box  1 | [92, 833, 95w, 130h px]
[17:18:35] [INFO ]   Box  2 | [163, 818, 89w, 128h px]
[17:18:35] [INFO ]   Box  3 | [228, 820, 89w, 128h px]
[17:18:35] [INFO ]   Box  4 | [309, 829, 88w, 130h px]
[17:18:35] [INFO ]   Box  5 | [353, 826, 93w, 133h px]
[17:18:35] [INFO ]   Box  6 | [402, 832, 91w, 128h px]
[17:18:35] [INFO ]   Box  7 | [476, 838, 93w, 125h px]
[17:18:35] [INFO ]   Box  8 | [515, 840, 96w, 125h px]
[17:18:35] [INFO ]   Box  9 | [569, 847, 94w, 128h px]
[17:18:35] [INFO ]   Box 10 | [803, 842, 92w, 133h px]
[17:18:35] [INFO ]   Box 11 | [873, 694, 91w, 133h px]
[17:18:35] [INFO ]   Box 12 | [919, 856, 94w, 128h px]
[17:18:35] [INFO ]   Box 13 | [969, 863, 85w, 128h px]
[17:18:35] [INFO ]   Box 14 | [1039, 868, 92w, 130h px]
[17:18:35] [INFO ]   Box 15 | [1085, 850, 87w, 122h px]
[17:18:35] [INFO ]   Box 16 | [1154, 868, 93w, 128h px]
[17:18:35] [INFO ]   Box 17 | [1198, 880, 92w, 125h px]
[17:18:35] [INFO ]   Box 18 | [1287, 812, 91w, 139h px]
[17:18:35] [INFO ]   Box 19 | [1363, 880, 92w, 128h px]
[17:18:35] [INFO ]   Box 20 | [1430, 876, 91w, 133h px]
[17:18:35] [INFO ]   Box 21 | [1481, 874, 91w, 128h px]
[17:18:35] [INFO ]   Box 22 | [1548, 870, 93w, 130h px]
[17:18:35] [INFO ]   Box 23 | [1586, 869, 104w, 130h px]
[17:18:35] [INFO ]   Box 24 | [1642, 865, 88w, 128h px]
[17:18:35] [INFO ]   Box 25 | [1693, 863, 89w, 125h px]
[17:18:35] [INFO ]   Box 26 | [1740, 853, 89w, 128h px]
[17:18:35] [INFO ]   Box 27 | [1778, 850, 92w, 128h px]
[17:18:35] [INFO ]   Box 28 | [1835, 858, 88w, 130h px]
[17:18:35] [INFO ]   Box 29 | [1906, 853, 89w, 133h px]
[17:18:35] [INFO ]   Box 30 | [1956, 885, 88w, 128h px]
[17:18:35] [INFO ]   Box 31 | [1999, 886, 91w, 130h px]
[17:18:35] [INFO ]   Box 32 | [2068, 865, 89w, 133h px]
[17:18:35] [INFO ]   Box 33 | [2120, 871, 86w, 130h px]
[17:18:35] [INFO ]   Box 34 | [2176, 879, 91w, 130h px]
[17:18:35] [INFO ]   Box 35 | [2225, 893, 94w, 130h px]
[17:18:35] [INFO ]   Box 36 | [2340, 887, 94w, 130h px]
[17:18:35] [INFO ]   Box 37 | [2400, 889, 89w, 130h px]
[17:18:35] [INFO ]   Box 38 | [2546, 890, 93w, 130h px]
[17:18:35] [INFO ]   Box 39 | [2603, 953, 92w, 122h px]
[17:18:35] [INFO ]   Box 40 | [2644, 921, 56w, 139h px]
[17:18:35] [INFO ]   Generated 40 boxes
[17:18:35] [INFO ]   Step 3 complete
[17:18:35] [INFO ] 
[17:18:35] [INFO ] STEP 4 — Dataset building
[17:18:35] [INFO ]   Saving labeled review image...
[17:18:35] [INFO ]   Saved: f1088stk11_labeled.png
[17:18:35] [INFO ]   Split: val
[17:18:35] [INFO ]   Added 40 annotations to val.json
[17:18:35] [INFO ]   train.json: 8 images, 102 annotations
[17:18:35] [INFO ]   val.json:   3 images,  75 annotations
[17:18:35] [INFO ]   Step 4 complete
[17:18:35] [INFO ] 
[17:18:35] [INFO ]   DONE  f1088stk11  →  val  |  40 faults  |  40 boxes
[17:18:35] [INFO ] 
[17:18:35] [INFO ] ──────────────────────────────────────────────────
[17:18:35] [INFO ]   LINE: f1088stk12
[17:18:35] [INFO ] ──────────────────────────────────────────────────
[17:18:35] [INFO ] Dataset  : namss.F-10-88-HW.mcs.airgun
[17:18:35] [INFO ] SGY      : ../../airgun_data/namss.F-10-88-HW.mcs.airgun/Data/f1088stk12.sgy
[17:18:35] [INFO ] NAV      : ../../airgun_data/namss.F-10-88-HW.mcs.airgun/Navigation/f-10-88-hw_NAV-WGS84.csv
[17:18:35] [INFO ] SA mode  : single (seed=50)
[17:18:35] [INFO ] 
[17:18:35] [INFO ] STEP 1 — Feature extraction
[17:18:35] [INFO ]   Loading navigation...
[17:18:36] [INFO ]   Loading SEG-Y...
[17:18:36] [INFO ]   Traces: 13248  Samples: 2750  dt: 4.000 ms
[17:18:36] [INFO ]   Depth:  0.0 m → 8247.0 m
[17:18:36] [INFO ]   Matching traces to navigation...
[17:18:36] [INFO ]   NAV line matched via translation: 'f1088stk12' -> '12'
[17:18:37] [INFO ]   Matched 698 / 13248 traces
[17:18:37] [INFO ]   Bandpass filtering...
[17:18:37] [INFO ]   Computing seismic attributes...
[17:18:37] [INFO ]   Picking seafloor...
[17:18:37] [INFO ]   Seafloor depth: 4746–4866 m  (0 shallow traces masked)
[17:18:37] [INFO ]   Picking horizons...
[17:18:37] [INFO ]   Computing NCC coherence (slow)...
[17:18:37] [INFO ]   Saving CNN section image...
[17:18:37] [INFO ]   Saved: f1088stk12_section_cnn.png  (2700x1500px)
[17:18:37] [INFO ]   Step 1 complete
[17:18:37] [INFO ] 
[17:18:37] [INFO ] STEP 2 — Fault detection
[17:18:37] [INFO ]   Mode: single SA run (seed=50)
[17:18:39] [INFO ]   Detected 4 high-confidence faults
[17:18:39] [INFO ]     Fault  1 | trace ~   19 | prob=0.680
[17:18:39] [INFO ]     Fault  2 | trace ~  233 | prob=0.696
[17:18:39] [INFO ]     Fault  3 | trace ~  451 | prob=0.747
[17:18:39] [INFO ]     Fault  4 | trace ~  668 | prob=0.723
[17:18:39] [INFO ]   Step 2 complete
[17:18:39] [INFO ] 
[17:18:39] [INFO ] STEP 3 — Bounding boxes
[17:18:39] [INFO ]   Box  1 | [0, 862, 400w, 119h px]
[17:18:39] [INFO ]   Box  2 | [474, 859, 815w, 133h px]
[17:18:39] [INFO ]   Box  3 | [1521, 868, 447w, 128h px]
[17:18:39] [INFO ]   Box  4 | [2368, 868, 332w, 128h px]
[17:18:39] [INFO ]   Generated 4 boxes
[17:18:39] [INFO ]   Step 3 complete
[17:18:39] [INFO ] 
[17:18:39] [INFO ] STEP 4 — Dataset building
[17:18:39] [INFO ]   Saving labeled review image...
[17:18:39] [INFO ]   Saved: f1088stk12_labeled.png
[17:18:39] [INFO ]   Split: train
[17:18:39] [INFO ]   Added 4 annotations to train.json
[17:18:39] [INFO ]   train.json: 9 images, 106 annotations
[17:18:39] [INFO ]   val.json:   3 images,  75 annotations
[17:18:39] [INFO ]   Step 4 complete
[17:18:39] [INFO ] 
[17:18:39] [INFO ]   DONE  f1088stk12  →  train  |  4 faults  |  4 boxes
[17:18:39] [INFO ] 
[17:18:39] [INFO ] ──────────────────────────────────────────────────
[17:18:39] [INFO ]   LINE: f1088stk13
[17:18:39] [INFO ] ──────────────────────────────────────────────────
[17:18:39] [INFO ] Dataset  : namss.F-10-88-HW.mcs.airgun
[17:18:39] [INFO ] SGY      : ../../airgun_data/namss.F-10-88-HW.mcs.airgun/Data/f1088stk13.sgy
[17:18:39] [INFO ] NAV      : ../../airgun_data/namss.F-10-88-HW.mcs.airgun/Navigation/f-10-88-hw_NAV-WGS84.csv
[17:18:39] [INFO ] SA mode  : single (seed=50)
[17:18:39] [INFO ] 
[17:18:39] [INFO ] STEP 1 — Feature extraction
[17:18:39] [INFO ]   Loading navigation...
[17:18:39] [INFO ]   Loading SEG-Y...
[17:18:39] [INFO ]   Traces: 13529  Samples: 2750  dt: 4.000 ms
[17:18:39] [INFO ]   Depth:  0.0 m → 8247.0 m
[17:18:39] [INFO ]   Matching traces to navigation...
[17:18:39] [INFO ]   NAV line matched via translation: 'f1088stk13' -> '13'
[17:18:41] [INFO ]   Matched 13248 / 13529 traces
[17:18:41] [INFO ]   Bandpass filtering...
[17:18:41] [INFO ]   Computing seismic attributes...
[17:18:43] [INFO ]   Picking seafloor...
[17:18:44] [INFO ]   Seafloor depth: 3924–4920 m  (0 shallow traces masked)
[17:18:44] [INFO ]   Picking horizons...
[17:18:45] [INFO ]   Computing NCC coherence (slow)...
[17:18:46] [INFO ]   Saving CNN section image...
[17:18:48] [INFO ]   Saved: f1088stk13_section_cnn.png  (2700x1500px)
[17:18:48] [INFO ]   Step 1 complete
[17:18:48] [INFO ] 
[17:18:48] [INFO ] STEP 2 — Fault detection
[17:18:48] [INFO ]   Mode: single SA run (seed=50)
[17:19:05] [INFO ]   Detected 37 high-confidence faults
[17:19:05] [INFO ]     Fault  1 | trace ~   24 | prob=0.684
[17:19:05] [INFO ]     Fault  2 | trace ~  243 | prob=0.702
[17:19:05] [INFO ]     Fault  3 | trace ~  451 | prob=0.724
[17:19:05] [INFO ]     Fault  4 | trace ~  665 | prob=0.703
[17:19:05] [INFO ]     Fault  5 | trace ~  966 | prob=0.703
[17:19:05] [INFO ]     Fault  6 | trace ~ 1345 | prob=0.680
[17:19:05] [INFO ]     Fault  7 | trace ~ 1972 | prob=0.732
[17:19:05] [INFO ]     Fault  8 | trace ~ 2264 | prob=0.701
[17:19:05] [INFO ]     Fault  9 | trace ~ 2861 | prob=0.714
[17:19:05] [INFO ]     Fault 10 | trace ~ 3095 | prob=0.714
[17:19:05] [INFO ]     Fault 11 | trace ~ 3481 | prob=0.711
[17:19:05] [INFO ]     Fault 12 | trace ~ 3824 | prob=0.684
[17:19:05] [INFO ]     Fault 13 | trace ~ 4082 | prob=0.684
[17:19:05] [INFO ]     Fault 14 | trace ~ 4486 | prob=0.662
[17:19:05] [INFO ]     Fault 15 | trace ~ 4888 | prob=0.693
[17:19:05] [INFO ]     Fault 16 | trace ~ 5163 | prob=0.702
[17:19:05] [INFO ]     Fault 17 | trace ~ 5905 | prob=0.645
[17:19:05] [INFO ]     Fault 18 | trace ~ 6231 | prob=0.661
[17:19:05] [INFO ]     Fault 19 | trace ~ 6583 | prob=0.676
[17:19:05] [INFO ]     Fault 20 | trace ~ 6816 | prob=0.713
[17:19:05] [INFO ]     Fault 21 | trace ~ 7383 | prob=0.685
[17:19:05] [INFO ]     Fault 22 | trace ~ 8090 | prob=0.747
[17:19:05] [INFO ]     Fault 23 | trace ~ 8431 | prob=0.655
[17:19:05] [INFO ]     Fault 24 | trace ~ 8945 | prob=0.660
[17:19:05] [INFO ]     Fault 25 | trace ~ 9284 | prob=0.694
[17:19:05] [INFO ]     Fault 26 | trace ~ 9702 | prob=0.683
[17:19:05] [INFO ]     Fault 27 | trace ~ 9909 | prob=0.695
[17:19:05] [INFO ]     Fault 28 | trace ~10113 | prob=0.690
[17:19:05] [INFO ]     Fault 29 | trace ~10445 | prob=0.717
[17:19:05] [INFO ]     Fault 30 | trace ~10835 | prob=0.742
[17:19:05] [INFO ]     Fault 31 | trace ~11129 | prob=0.709
[17:19:05] [INFO ]     Fault 32 | trace ~11387 | prob=0.705
[17:19:05] [INFO ]     Fault 33 | trace ~11645 | prob=0.709
[17:19:05] [INFO ]     Fault 34 | trace ~11935 | prob=0.732
[17:19:05] [INFO ]     Fault 35 | trace ~12256 | prob=0.683
[17:19:05] [INFO ]     Fault 36 | trace ~12846 | prob=0.692
[17:19:05] [INFO ]     Fault 37 | trace ~13062 | prob=0.691
[17:19:05] [INFO ]   Step 2 complete
[17:19:05] [INFO ] 
[17:19:05] [INFO ] STEP 3 — Bounding boxes
[17:19:05] [INFO ]   Box  1 | [0, 862, 50w, 119h px]
[17:19:05] [INFO ]   Box  2 | [4, 859, 93w, 133h px]
[17:19:05] [INFO ]   Box  3 | [48, 868, 87w, 128h px]
[17:19:05] [INFO ]   Box  4 | [93, 868, 87w, 130h px]
[17:19:05] [INFO ]   Box  5 | [150, 864, 91w, 128h px]
[17:19:05] [INFO ]   Box  6 | [230, 876, 90w, 128h px]
[17:19:05] [INFO ]   Box  7 | [357, 875, 90w, 130h px]
[17:19:05] [INFO ]   Box  8 | [412, 872, 98w, 128h px]
[17:19:05] [INFO ]   Box  9 | [535, 845, 93w, 133h px]
[17:19:05] [INFO ]   Box 10 | [588, 867, 86w, 130h px]
[17:19:05] [INFO ]   Box 11 | [664, 853, 90w, 130h px]
[17:19:05] [INFO ]   Box 12 | [733, 832, 94w, 133h px]
[17:19:05] [INFO ]   Box 13 | [784, 850, 95w, 133h px]
[17:19:05] [INFO ]   Box 14 | [870, 859, 90w, 133h px]
[17:19:05] [INFO ]   Box 15 | [953, 862, 87w, 130h px]
[17:19:05] [INFO ]   Box 16 | [1003, 865, 95w, 130h px]
[17:19:05] [INFO ]   Box 17 | [1157, 870, 94w, 128h px]
[17:19:05] [INFO ]   Box 18 | [1224, 871, 95w, 128h px]
[17:19:05] [INFO ]   Box 19 | [1297, 864, 89w, 125h px]
[17:19:05] [INFO ]   Box 20 | [1344, 866, 88w, 130h px]
[17:19:05] [INFO ]   Box 21 | [1459, 857, 91w, 128h px]
[17:19:05] [INFO ]   Box 22 | [1602, 840, 92w, 130h px]
[17:19:05] [INFO ]   Box 23 | [1673, 849, 91w, 128h px]
[17:19:05] [INFO ]   Box 24 | [1774, 846, 98w, 128h px]
[17:19:05] [INFO ]   Box 25 | [1845, 841, 91w, 130h px]
[17:19:05] [INFO ]   Box 26 | [1934, 843, 88w, 122h px]
[17:19:05] [INFO ]   Box 27 | [1974, 712, 93w, 141h px]
[17:19:05] [INFO ]   Box 28 | [2014, 832, 95w, 128h px]
[17:19:05] [INFO ]   Box 29 | [2082, 831, 91w, 128h px]
[17:19:05] [INFO ]   Box 30 | [2165, 835, 87w, 128h px]
[17:19:05] [INFO ]   Box 31 | [2220, 846, 92w, 133h px]
[17:19:05] [INFO ]   Box 32 | [2275, 810, 91w, 144h px]
[17:19:05] [INFO ]   Box 33 | [2327, 826, 92w, 130h px]
[17:19:05] [INFO ]   Box 34 | [2387, 827, 89w, 125h px]
[17:19:05] [INFO ]   Box 35 | [2447, 833, 99w, 130h px]
[17:19:05] [INFO ]   Box 36 | [2570, 853, 92w, 128h px]
[17:19:05] [INFO ]   Box 37 | [2616, 861, 84w, 128h px]
[17:19:05] [INFO ]   Generated 37 boxes
[17:19:05] [INFO ]   Step 3 complete
[17:19:05] [INFO ] 
[17:19:05] [INFO ] STEP 4 — Dataset building
[17:19:05] [INFO ]   Saving labeled review image...
[17:19:05] [INFO ]   Saved: f1088stk13_labeled.png
[17:19:05] [INFO ]   Split: train
[17:19:05] [INFO ]   Added 37 annotations to train.json
[17:19:05] [INFO ]   train.json: 10 images, 143 annotations
[17:19:05] [INFO ]   val.json:   3 images,  75 annotations
[17:19:05] [INFO ]   Step 4 complete
[17:19:05] [INFO ] 
[17:19:05] [INFO ]   DONE  f1088stk13  →  train  |  37 faults  |  37 boxes
[17:19:05] [INFO ] 
[17:19:05] [INFO ] ──────────────────────────────────────────────────
[17:19:05] [INFO ]   LINE: f1088stk14
[17:19:05] [INFO ] ──────────────────────────────────────────────────
[17:19:05] [INFO ] Dataset  : namss.F-10-88-HW.mcs.airgun
[17:19:05] [INFO ] SGY      : ../../airgun_data/namss.F-10-88-HW.mcs.airgun/Data/f1088stk14.sgy
[17:19:05] [INFO ] NAV      : ../../airgun_data/namss.F-10-88-HW.mcs.airgun/Navigation/f-10-88-hw_NAV-WGS84.csv
[17:19:05] [INFO ] SA mode  : single (seed=50)
[17:19:05] [INFO ] 
[17:19:05] [INFO ] STEP 1 — Feature extraction
[17:19:05] [INFO ]   Loading navigation...
[17:19:05] [INFO ]   Loading SEG-Y...
[17:19:05] [INFO ]   Traces: 634  Samples: 2750  dt: 4.000 ms
[17:19:05] [INFO ]   Depth:  0.0 m → 8247.0 m
[17:19:05] [INFO ]   Matching traces to navigation...
[17:19:05] [INFO ]   NAV line matched via translation: 'f1088stk14' -> '14'
[17:19:05] [INFO ]   Matched 634 / 634 traces
[17:19:05] [INFO ]   Bandpass filtering...
[17:19:05] [INFO ]   Computing seismic attributes...
[17:19:05] [INFO ]   Picking seafloor...
[17:19:05] [INFO ]   Seafloor depth: 4686–4716 m  (0 shallow traces masked)
[17:19:05] [INFO ]   Picking horizons...
[17:19:05] [INFO ]   Computing NCC coherence (slow)...
[17:19:05] [INFO ]   Saving CNN section image...
[17:19:05] [INFO ]   Saved: f1088stk14_section_cnn.png  (2700x1500px)
[17:19:05] [INFO ]   Step 1 complete
[17:19:05] [INFO ] 
[17:19:05] [INFO ] STEP 2 — Fault detection
[17:19:05] [INFO ]   Mode: single SA run (seed=50)
[17:19:06] [INFO ]   Detected 1 high-confidence faults
[17:19:06] [INFO ]     Fault  1 | trace ~  141 | prob=0.653
[17:19:06] [INFO ]   Step 2 complete
[17:19:06] [INFO ] 
[17:19:06] [INFO ] STEP 3 — Bounding boxes
[17:19:06] [INFO ]   Box  1 | [302, 845, 594w, 130h px]
[17:19:06] [INFO ]   Generated 1 boxes
[17:19:06] [INFO ]   Step 3 complete
[17:19:06] [INFO ] 
[17:19:06] [INFO ] STEP 4 — Dataset building
[17:19:06] [INFO ]   Saving labeled review image...
[17:19:06] [INFO ]   Saved: f1088stk14_labeled.png
[17:19:06] [INFO ]   Split: train
[17:19:06] [INFO ]   Added 1 annotations to train.json
[17:19:06] [INFO ]   train.json: 11 images, 144 annotations
[17:19:06] [INFO ]   val.json:   3 images,  75 annotations
[17:19:06] [INFO ]   Step 4 complete
[17:19:06] [INFO ] 
[17:19:06] [INFO ]   DONE  f1088stk14  →  train  |  1 faults  |  1 boxes
[17:19:06] [INFO ] 
[17:19:06] [INFO ] ──────────────────────────────────────────────────
[17:19:06] [INFO ]   LINE: f1088stk15
[17:19:06] [INFO ] ──────────────────────────────────────────────────
[17:19:06] [INFO ] Dataset  : namss.F-10-88-HW.mcs.airgun
[17:19:06] [INFO ] SGY      : ../../airgun_data/namss.F-10-88-HW.mcs.airgun/Data/f1088stk15.sgy
[17:19:06] [INFO ] NAV      : ../../airgun_data/namss.F-10-88-HW.mcs.airgun/Navigation/f-10-88-hw_NAV-WGS84.csv
[17:19:06] [INFO ] SA mode  : single (seed=50)
[17:19:06] [INFO ] 
[17:19:06] [INFO ] STEP 1 — Feature extraction
[17:19:06] [INFO ]   Loading navigation...
[17:19:06] [INFO ]   Loading SEG-Y...
[17:19:06] [INFO ]   Traces: 10746  Samples: 2750  dt: 4.000 ms
[17:19:06] [INFO ]   Depth:  0.0 m → 8247.0 m
[17:19:06] [INFO ]   Matching traces to navigation...
[17:19:07] [INFO ]   NAV line matched via translation: 'f1088stk15' -> '15'
[17:19:08] [INFO ]   Matched 10746 / 10746 traces
[17:19:08] [INFO ]   Bandpass filtering...
[17:19:08] [INFO ]   Computing seismic attributes...
[17:19:09] [INFO ]   Picking seafloor...
[17:19:10] [INFO ]   Seafloor depth: 3684–4863 m  (0 shallow traces masked)
[17:19:10] [INFO ]   Picking horizons...
[17:19:11] [INFO ]   Computing NCC coherence (slow)...
[17:19:12] [INFO ]   Saving CNN section image...
[17:19:13] [INFO ]   Saved: f1088stk15_section_cnn.png  (2700x1500px)
[17:19:13] [INFO ]   Step 1 complete
[17:19:13] [INFO ] 
[17:19:13] [INFO ] STEP 2 — Fault detection
[17:19:13] [INFO ]   Mode: single SA run (seed=50)
[17:19:26] [INFO ]   Detected 29 high-confidence faults
[17:19:26] [INFO ]     Fault  1 | trace ~ 1015 | prob=0.756
[17:19:26] [INFO ]     Fault  2 | trace ~ 1324 | prob=0.731
[17:19:26] [INFO ]     Fault  3 | trace ~ 1643 | prob=0.669
[17:19:26] [INFO ]     Fault  4 | trace ~ 1921 | prob=0.681
[17:19:26] [INFO ]     Fault  5 | trace ~ 2752 | prob=0.652
[17:19:26] [INFO ]     Fault  6 | trace ~ 3374 | prob=0.682
[17:19:26] [INFO ]     Fault  7 | trace ~ 3705 | prob=0.664
[17:19:26] [INFO ]     Fault  8 | trace ~ 3892 | prob=0.666
[17:19:26] [INFO ]     Fault  9 | trace ~ 4728 | prob=0.673
[17:19:26] [INFO ]     Fault 10 | trace ~ 4968 | prob=0.679
[17:19:26] [INFO ]     Fault 11 | trace ~ 5167 | prob=0.700
[17:19:26] [INFO ]     Fault 12 | trace ~ 5488 | prob=0.692
[17:19:26] [INFO ]     Fault 13 | trace ~ 5920 | prob=0.717
[17:19:26] [INFO ]     Fault 14 | trace ~ 6141 | prob=0.708
[17:19:26] [INFO ]     Fault 15 | trace ~ 6468 | prob=0.673
[17:19:26] [INFO ]     Fault 16 | trace ~ 6782 | prob=0.694
[17:19:26] [INFO ]     Fault 17 | trace ~ 7111 | prob=0.678
[17:19:26] [INFO ]     Fault 18 | trace ~ 7335 | prob=0.709
[17:19:26] [INFO ]     Fault 19 | trace ~ 7556 | prob=0.709
[17:19:26] [INFO ]     Fault 20 | trace ~ 7764 | prob=0.701
[17:19:26] [INFO ]     Fault 21 | trace ~ 8087 | prob=0.692
[17:19:26] [INFO ]     Fault 22 | trace ~ 8466 | prob=0.675
[17:19:26] [INFO ]     Fault 23 | trace ~ 8683 | prob=0.680
[17:19:26] [INFO ]     Fault 24 | trace ~ 9436 | prob=0.688
[17:19:26] [INFO ]     Fault 25 | trace ~ 9654 | prob=0.698
[17:19:26] [INFO ]     Fault 26 | trace ~ 9879 | prob=0.708
[17:19:26] [INFO ]     Fault 27 | trace ~10095 | prob=0.768
[17:19:26] [INFO ]     Fault 28 | trace ~10309 | prob=0.730
[17:19:26] [INFO ]     Fault 29 | trace ~10690 | prob=0.661
[17:19:26] [INFO ]   Step 2 complete
[17:19:26] [INFO ] 
[17:19:26] [INFO ] STEP 3 — Bounding boxes
[17:19:26] [INFO ]   Box  1 | [210, 827, 91w, 133h px]
[17:19:26] [INFO ]   Box  2 | [287, 824, 92w, 128h px]
[17:19:26] [INFO ]   Box  3 | [369, 824, 90w, 133h px]
[17:19:26] [INFO ]   Box  4 | [437, 828, 93w, 133h px]
[17:19:26] [INFO ]   Box  5 | [645, 832, 97w, 130h px]
[17:19:26] [INFO ]   Box  6 | [800, 827, 93w, 130h px]
[17:19:26] [INFO ]   Box  7 | [877, 779, 107w, 133h px]
[17:19:26] [INFO ]   Box  8 | [930, 756, 96w, 133h px]
[17:19:26] [INFO ]   Box  9 | [1141, 839, 94w, 130h px]
[17:19:26] [INFO ]   Box 10 | [1202, 838, 90w, 128h px]
[17:19:26] [INFO ]   Box 11 | [1248, 834, 98w, 128h px]
[17:19:26] [INFO ]   Box 12 | [1333, 841, 90w, 128h px]
[17:19:26] [INFO ]   Box 13 | [1442, 820, 91w, 125h px]
[17:19:26] [INFO ]   Box 14 | [1498, 854, 92w, 128h px]
[17:19:26] [INFO ]   Box 15 | [1575, 856, 103w, 128h px]
[17:19:26] [INFO ]   Box 16 | [1652, 851, 101w, 130h px]
[17:19:26] [INFO ]   Box 17 | [1739, 852, 92w, 130h px]
[17:19:26] [INFO ]   Box 18 | [1795, 852, 94w, 130h px]
[17:19:26] [INFO ]   Box 19 | [1851, 846, 96w, 130h px]
[17:19:26] [INFO ]   Box 20 | [1905, 854, 91w, 130h px]
[17:19:26] [INFO ]   Box 21 | [1986, 853, 95w, 130h px]
[17:19:26] [INFO ]   Box 22 | [2076, 854, 97w, 130h px]
[17:19:26] [INFO ]   Box 23 | [2137, 853, 93w, 128h px]
[17:19:26] [INFO ]   Box 24 | [2323, 845, 93w, 133h px]
[17:19:26] [INFO ]   Box 25 | [2380, 842, 93w, 128h px]
[17:19:26] [INFO ]   Box 26 | [2429, 829, 98w, 133h px]
[17:19:26] [INFO ]   Box 27 | [2491, 819, 88w, 130h px]
[17:19:26] [INFO ]   Box 28 | [2546, 833, 89w, 136h px]
[17:19:26] [INFO ]   Box 29 | [2641, 848, 59w, 133h px]
[17:19:26] [INFO ]   Generated 29 boxes
[17:19:26] [INFO ]   Step 3 complete
[17:19:26] [INFO ] 
[17:19:26] [INFO ] STEP 4 — Dataset building
[17:19:26] [INFO ]   Saving labeled review image...
[17:19:26] [INFO ]   Saved: f1088stk15_labeled.png
[17:19:26] [INFO ]   Split: train
[17:19:26] [INFO ]   Added 29 annotations to train.json
[17:19:26] [INFO ]   train.json: 12 images, 173 annotations
[17:19:26] [INFO ]   val.json:   3 images,  75 annotations
[17:19:26] [INFO ]   Step 4 complete
[17:19:26] [INFO ] 
[17:19:26] [INFO ]   DONE  f1088stk15  →  train  |  29 faults  |  29 boxes
[17:19:26] [INFO ] 
[17:19:26] [INFO ] ──────────────────────────────────────────────────
[17:19:26] [INFO ]   LINE: f1088stk16
[17:19:26] [INFO ] ──────────────────────────────────────────────────
[17:19:26] [INFO ] Dataset  : namss.F-10-88-HW.mcs.airgun
[17:19:26] [INFO ] SGY      : ../../airgun_data/namss.F-10-88-HW.mcs.airgun/Data/f1088stk16.sgy
[17:19:26] [INFO ] NAV      : ../../airgun_data/namss.F-10-88-HW.mcs.airgun/Navigation/f-10-88-hw_NAV-WGS84.csv
[17:19:26] [INFO ] SA mode  : single (seed=50)
[17:19:26] [INFO ] 
[17:19:26] [INFO ] STEP 1 — Feature extraction
[17:19:26] [INFO ]   Loading navigation...
[17:19:27] [INFO ]   Loading SEG-Y...
[17:19:27] [INFO ]   Traces: 393  Samples: 2750  dt: 4.000 ms
[17:19:27] [INFO ]   Depth:  0.0 m → 8247.0 m
[17:19:27] [INFO ]   Matching traces to navigation...
[17:19:27] [INFO ]   NAV line matched via translation: 'f1088stk16' -> '16'
[17:19:27] [INFO ]   Matched 393 / 393 traces
[17:19:27] [INFO ]   Bandpass filtering...
[17:19:27] [INFO ]   Computing seismic attributes...
[17:19:27] [INFO ]   Picking seafloor...
[17:19:27] [INFO ]   Seafloor depth: 4401–4623 m  (0 shallow traces masked)
[17:19:27] [INFO ]   Picking horizons...
[17:19:27] [INFO ]   Computing NCC coherence (slow)...
[17:19:27] [INFO ]   Saving CNN section image...
[17:19:27] [INFO ]   Saved: f1088stk16_section_cnn.png  (2700x1500px)
[17:19:27] [INFO ]   Step 1 complete
[17:19:27] [INFO ] 
[17:19:27] [INFO ] STEP 2 — Fault detection
[17:19:27] [INFO ]   Mode: single SA run (seed=50)
[17:19:28] [INFO ]   Detected 2 high-confidence faults
[17:19:28] [INFO ]     Fault  1 | trace ~  163 | prob=0.733
[17:19:28] [INFO ]     Fault  2 | trace ~  366 | prob=0.706
[17:19:28] [INFO ]   Step 2 complete
[17:19:28] [INFO ] 
[17:19:28] [INFO ] STEP 3 — Bounding boxes
[17:19:28] [INFO ]   Box  1 | [383, 802, 1658w, 128h px]
[17:19:28] [INFO ]   Box  2 | [2093, 826, 607w, 119h px]
[17:19:28] [INFO ]   Generated 2 boxes
[17:19:28] [INFO ]   Step 3 complete
[17:19:28] [INFO ] 
[17:19:28] [INFO ] STEP 4 — Dataset building
[17:19:28] [INFO ]   Saving labeled review image...
[17:19:28] [INFO ]   Saved: f1088stk16_labeled.png
[17:19:28] [INFO ]   Split: val
[17:19:28] [INFO ]   Added 2 annotations to val.json
[17:19:28] [INFO ]   train.json: 12 images, 173 annotations
[17:19:28] [INFO ]   val.json:   4 images,  77 annotations
[17:19:28] [INFO ]   Step 4 complete
[17:19:28] [INFO ] 
[17:19:28] [INFO ]   DONE  f1088stk16  →  val  |  2 faults  |  2 boxes
[17:19:28] [INFO ] 
[17:19:28] [INFO ] ──────────────────────────────────────────────────
[17:19:28] [INFO ]   LINE: f1088stk17
[17:19:28] [INFO ] ──────────────────────────────────────────────────
[17:19:28] [INFO ] Dataset  : namss.F-10-88-HW.mcs.airgun
[17:19:28] [INFO ] SGY      : ../../airgun_data/namss.F-10-88-HW.mcs.airgun/Data/f1088stk17.sgy
[17:19:28] [INFO ] NAV      : ../../airgun_data/namss.F-10-88-HW.mcs.airgun/Navigation/f-10-88-hw_NAV-WGS84.csv
[17:19:28] [INFO ] SA mode  : single (seed=50)
[17:19:28] [INFO ] 
[17:19:28] [INFO ] STEP 1 — Feature extraction
[17:19:28] [INFO ]   Loading navigation...
[17:19:28] [INFO ]   Loading SEG-Y...
[17:19:28] [INFO ]   Traces: 10681  Samples: 2750  dt: 4.000 ms
[17:19:28] [INFO ]   Depth:  0.0 m → 8247.0 m
[17:19:28] [INFO ]   Matching traces to navigation...
[17:19:28] [INFO ]   NAV line matched via translation: 'f1088stk17' -> '17'
[17:19:29] [INFO ]   Matched 10681 / 10681 traces
[17:19:29] [INFO ]   Bandpass filtering...
[17:19:30] [INFO ]   Computing seismic attributes...
[17:19:31] [INFO ]   Picking seafloor...
[17:19:32] [INFO ]   Seafloor depth: 3531–4809 m  (0 shallow traces masked)
[17:19:32] [INFO ]   Picking horizons...
[17:19:32] [INFO ]   Computing NCC coherence (slow)...
[17:19:33] [INFO ]   Saving CNN section image...
[17:19:35] [INFO ]   Saved: f1088stk17_section_cnn.png  (2700x1500px)
[17:19:35] [INFO ]   Step 1 complete
[17:19:35] [INFO ] 
[17:19:35] [INFO ] STEP 2 — Fault detection
[17:19:35] [INFO ]   Mode: single SA run (seed=50)
[17:19:47] [INFO ]   Detected 22 high-confidence faults
[17:19:47] [INFO ]     Fault  1 | trace ~  154 | prob=0.669
[17:19:47] [INFO ]     Fault  2 | trace ~  567 | prob=0.738
[17:19:47] [INFO ]     Fault  3 | trace ~  818 | prob=0.696
[17:19:47] [INFO ]     Fault  4 | trace ~ 1103 | prob=0.711
[17:19:47] [INFO ]     Fault  5 | trace ~ 1889 | prob=0.688
[17:19:47] [INFO ]     Fault  6 | trace ~ 2165 | prob=0.746
[17:19:47] [INFO ]     Fault  7 | trace ~ 2385 | prob=0.748
[17:19:47] [INFO ]     Fault  8 | trace ~ 2779 | prob=0.734
[17:19:47] [INFO ]     Fault  9 | trace ~ 3363 | prob=0.739
[17:19:47] [INFO ]     Fault 10 | trace ~ 3605 | prob=0.681
[17:19:47] [INFO ]     Fault 11 | trace ~ 4821 | prob=0.641
[17:19:47] [INFO ]     Fault 12 | trace ~ 6099 | prob=0.708
[17:19:47] [INFO ]     Fault 13 | trace ~ 6333 | prob=0.707
[17:19:47] [INFO ]     Fault 14 | trace ~ 6524 | prob=0.685
[17:19:47] [INFO ]     Fault 15 | trace ~ 7606 | prob=0.702
[17:19:47] [INFO ]     Fault 16 | trace ~ 8090 | prob=0.693
[17:19:47] [INFO ]     Fault 17 | trace ~ 8348 | prob=0.714
[17:19:47] [INFO ]     Fault 18 | trace ~ 8863 | prob=0.737
[17:19:47] [INFO ]     Fault 19 | trace ~ 9076 | prob=0.701
[17:19:47] [INFO ]     Fault 20 | trace ~ 9556 | prob=0.738
[17:19:47] [INFO ]     Fault 21 | trace ~10261 | prob=0.682
[17:19:47] [INFO ]     Fault 22 | trace ~10589 | prob=0.703
[17:19:47] [INFO ]   Step 2 complete
[17:19:47] [INFO ] 
[17:19:47] [INFO ] STEP 3 — Bounding boxes
[17:19:47] [INFO ]   Box  1 | [0, 836, 87w, 130h px]
[17:19:47] [INFO ]   Box  2 | [99, 834, 93w, 130h px]
[17:19:47] [INFO ]   Box  3 | [159, 845, 96w, 130h px]
[17:19:47] [INFO ]   Box  4 | [235, 844, 91w, 130h px]
[17:19:47] [INFO ]   Box  5 | [426, 841, 96w, 133h px]
[17:19:47] [INFO ]   Box  6 | [497, 847, 99w, 130h px]
[17:19:47] [INFO ]   Box  7 | [558, 836, 92w, 130h px]
[17:19:47] [INFO ]   Box  8 | [655, 830, 93w, 133h px]
[17:19:47] [INFO ]   Box  9 | [802, 784, 94w, 133h px]
[17:19:47] [INFO ]   Box 10 | [865, 821, 94w, 130h px]
[17:19:47] [INFO ]   Box 11 | [1172, 841, 94w, 128h px]
[17:19:47] [INFO ]   Box 12 | [1494, 843, 93w, 133h px]
[17:19:47] [INFO ]   Box 13 | [1555, 846, 94w, 133h px]
[17:19:47] [INFO ]   Box 14 | [1601, 847, 93w, 130h px]
[17:19:47] [INFO ]   Box 15 | [1878, 840, 88w, 130h px]
[17:19:47] [INFO ]   Box 16 | [1999, 829, 92w, 130h px]
[17:19:47] [INFO ]   Box 17 | [2066, 831, 90w, 128h px]
[17:19:47] [INFO ]   Box 18 | [2193, 832, 93w, 122h px]
[17:19:47] [INFO ]   Box 19 | [2252, 848, 88w, 125h px]
[17:19:47] [INFO ]   Box 20 | [2371, 630, 93w, 139h px]
[17:19:47] [INFO ]   Box 21 | [2543, 825, 98w, 130h px]
[17:19:47] [INFO ]   Box 22 | [2630, 828, 70w, 128h px]
[17:19:47] [INFO ]   Generated 22 boxes
[17:19:47] [INFO ]   Step 3 complete
[17:19:47] [INFO ] 
[17:19:47] [INFO ] STEP 4 — Dataset building
[17:19:47] [INFO ]   Saving labeled review image...
[17:19:47] [INFO ]   Saved: f1088stk17_labeled.png
[17:19:47] [INFO ]   Split: train
[17:19:47] [INFO ]   Added 22 annotations to train.json
[17:19:47] [INFO ]   train.json: 13 images, 195 annotations
[17:19:47] [INFO ]   val.json:   4 images,  77 annotations
[17:19:47] [INFO ]   Step 4 complete
[17:19:47] [INFO ] 
[17:19:47] [INFO ]   DONE  f1088stk17  →  train  |  22 faults  |  22 boxes
[17:19:47] [INFO ] 
[17:19:47] [INFO ] ──────────────────────────────────────────────────
[17:19:47] [INFO ]   LINE: f1088stk18
[17:19:47] [INFO ] ──────────────────────────────────────────────────
[17:19:47] [INFO ] Dataset  : namss.F-10-88-HW.mcs.airgun
[17:19:47] [INFO ] SGY      : ../../airgun_data/namss.F-10-88-HW.mcs.airgun/Data/f1088stk18.sgy
[17:19:47] [INFO ] NAV      : ../../airgun_data/namss.F-10-88-HW.mcs.airgun/Navigation/f-10-88-hw_NAV-WGS84.csv
[17:19:47] [INFO ] SA mode  : single (seed=50)
[17:19:47] [INFO ] 
[17:19:47] [INFO ] STEP 1 — Feature extraction
[17:19:47] [INFO ]   Loading navigation...
[17:19:47] [INFO ]   Loading SEG-Y...
[17:19:47] [INFO ]   Traces: 639  Samples: 2750  dt: 4.000 ms
[17:19:47] [INFO ]   Depth:  0.0 m → 8247.0 m
[17:19:47] [INFO ]   Matching traces to navigation...
[17:19:47] [INFO ]   NAV line matched via translation: 'f1088stk18' -> '18'
[17:19:47] [INFO ]   Matched 639 / 639 traces
[17:19:47] [INFO ]   Bandpass filtering...
[17:19:47] [INFO ]   Computing seismic attributes...
[17:19:47] [INFO ]   Picking seafloor...
[17:19:47] [INFO ]   Seafloor depth: 4689–4737 m  (0 shallow traces masked)
[17:19:47] [INFO ]   Picking horizons...
[17:19:47] [INFO ]   Computing NCC coherence (slow)...
[17:19:47] [INFO ]   Saving CNN section image...
[17:19:48] [INFO ]   Saved: f1088stk18_section_cnn.png  (2700x1500px)
[17:19:48] [INFO ]   Step 1 complete
[17:19:48] [INFO ] 
[17:19:48] [INFO ] STEP 2 — Fault detection
[17:19:48] [INFO ]   Mode: single SA run (seed=50)
[17:19:48] [INFO ]   Detected 2 high-confidence faults
[17:19:48] [INFO ]     Fault  1 | trace ~  148 | prob=0.708
[17:19:48] [INFO ]     Fault  2 | trace ~  566 | prob=0.686
[17:19:48] [INFO ]   Step 2 complete
[17:19:48] [INFO ] 
[17:19:48] [INFO ] STEP 3 — Bounding boxes
[17:19:48] [INFO ]   Box  1 | [336, 848, 603w, 130h px]
[17:19:48] [INFO ]   Box  2 | [1920, 849, 780w, 130h px]
[17:19:48] [INFO ]   Generated 2 boxes
[17:19:48] [INFO ]   Step 3 complete
[17:19:48] [INFO ] 
[17:19:48] [INFO ] STEP 4 — Dataset building
[17:19:48] [INFO ]   Saving labeled review image...
[17:19:48] [INFO ]   Saved: f1088stk18_labeled.png
[17:19:48] [INFO ]   Split: train
[17:19:48] [INFO ]   Added 2 annotations to train.json
[17:19:48] [INFO ]   train.json: 14 images, 197 annotations
[17:19:48] [INFO ]   val.json:   4 images,  77 annotations
[17:19:48] [INFO ]   Step 4 complete
[17:19:48] [INFO ] 
[17:19:48] [INFO ]   DONE  f1088stk18  →  train  |  2 faults  |  2 boxes
[17:19:48] [INFO ] 
[17:19:48] [INFO ] ──────────────────────────────────────────────────
[17:19:48] [INFO ]   LINE: f1088stk19
[17:19:48] [INFO ] ──────────────────────────────────────────────────
[17:19:48] [INFO ] Dataset  : namss.F-10-88-HW.mcs.airgun
[17:19:48] [INFO ] SGY      : ../../airgun_data/namss.F-10-88-HW.mcs.airgun/Data/f1088stk19.sgy
[17:19:48] [INFO ] NAV      : ../../airgun_data/namss.F-10-88-HW.mcs.airgun/Navigation/f-10-88-hw_NAV-WGS84.csv
[17:19:48] [INFO ] SA mode  : single (seed=50)
[17:19:48] [INFO ] 
[17:19:48] [INFO ] STEP 1 — Feature extraction
[17:19:48] [INFO ]   Loading navigation...
[17:19:49] [INFO ]   Loading SEG-Y...
[17:19:49] [INFO ]   Traces: 13891  Samples: 2750  dt: 4.000 ms
[17:19:49] [INFO ]   Depth:  0.0 m → 8247.0 m
[17:19:49] [INFO ]   Matching traces to navigation...
[17:19:49] [INFO ]   NAV line matched via translation: 'f1088stk19' -> '19'
[17:19:50] [INFO ]   Matched 13891 / 13891 traces
[17:19:50] [INFO ]   Bandpass filtering...
[17:19:51] [INFO ]   Computing seismic attributes...
[17:19:53] [INFO ]   Picking seafloor...
[17:19:54] [INFO ]   Seafloor depth: 3540–4779 m  (0 shallow traces masked)
[17:19:54] [INFO ]   Picking horizons...
[17:19:55] [INFO ]   Computing NCC coherence (slow)...
[17:19:56] [INFO ]   Saving CNN section image...
[17:19:58] [INFO ]   Saved: f1088stk19_section_cnn.png  (2700x1500px)
[17:19:58] [INFO ]   Step 1 complete
[17:19:58] [INFO ] 
[17:19:58] [INFO ] STEP 2 — Fault detection
[17:19:58] [INFO ]   Mode: single SA run (seed=50)
[17:20:15] [INFO ]   Detected 30 high-confidence faults
[17:20:15] [INFO ]     Fault  1 | trace ~   71 | prob=0.646
[17:20:15] [INFO ]     Fault  2 | trace ~  427 | prob=0.697
[17:20:15] [INFO ]     Fault  3 | trace ~ 1035 | prob=0.654
[17:20:15] [INFO ]     Fault  4 | trace ~ 2243 | prob=0.684
[17:20:15] [INFO ]     Fault  5 | trace ~ 2922 | prob=0.655
[17:20:15] [INFO ]     Fault  6 | trace ~ 3372 | prob=0.665
[17:20:15] [INFO ]     Fault  7 | trace ~ 3713 | prob=0.646
[17:20:15] [INFO ]     Fault  8 | trace ~ 3963 | prob=0.624
[17:20:15] [INFO ]     Fault  9 | trace ~ 4541 | prob=0.693
[17:20:15] [INFO ]     Fault 10 | trace ~ 5116 | prob=0.672
[17:20:15] [INFO ]     Fault 11 | trace ~ 5325 | prob=0.730
[17:20:15] [INFO ]     Fault 12 | trace ~ 5532 | prob=0.744
[17:20:15] [INFO ]     Fault 13 | trace ~ 5762 | prob=0.675
[17:20:15] [INFO ]     Fault 14 | trace ~ 6177 | prob=0.688
[17:20:15] [INFO ]     Fault 15 | trace ~ 6432 | prob=0.639
[17:20:15] [INFO ]     Fault 16 | trace ~ 6921 | prob=0.733
[17:20:15] [INFO ]     Fault 17 | trace ~ 7152 | prob=0.707
[17:20:15] [INFO ]     Fault 18 | trace ~ 7854 | prob=0.654
[17:20:15] [INFO ]     Fault 19 | trace ~ 8146 | prob=0.676
[17:20:15] [INFO ]     Fault 20 | trace ~ 8352 | prob=0.655
[17:20:15] [INFO ]     Fault 21 | trace ~ 8958 | prob=0.609
[17:20:15] [INFO ]     Fault 22 | trace ~ 9496 | prob=0.665
[17:20:15] [INFO ]     Fault 23 | trace ~ 9874 | prob=0.654
[17:20:15] [INFO ]     Fault 24 | trace ~10591 | prob=0.706
[17:20:15] [INFO ]     Fault 25 | trace ~10802 | prob=0.719
[17:20:15] [INFO ]     Fault 26 | trace ~11079 | prob=0.628
[17:20:15] [INFO ]     Fault 27 | trace ~11548 | prob=0.690
[17:20:15] [INFO ]     Fault 28 | trace ~11976 | prob=0.711
[17:20:15] [INFO ]     Fault 29 | trace ~12247 | prob=0.697
[17:20:15] [INFO ]     Fault 30 | trace ~13173 | prob=0.665
[17:20:15] [INFO ]   Step 2 complete
[17:20:15] [INFO ] 
[17:20:15] [INFO ] STEP 3 — Bounding boxes
[17:20:15] [INFO ]   Box  1 | [0, 847, 59w, 130h px]
[17:20:15] [INFO ]   Box  2 | [39, 839, 91w, 130h px]
[17:20:15] [INFO ]   Box  3 | [158, 828, 88w, 133h px]
[17:20:15] [INFO ]   Box  4 | [392, 827, 89w, 130h px]
[17:20:15] [INFO ]   Box  5 | [525, 825, 87w, 128h px]
[17:20:15] [INFO ]   Box  6 | [612, 815, 90w, 125h px]
[17:20:15] [INFO ]   Box  7 | [678, 812, 90w, 130h px]
[17:20:15] [INFO ]   Box  8 | [724, 635, 94w, 139h px]
[17:20:15] [INFO ]   Box  9 | [838, 844, 94w, 130h px]
[17:20:15] [INFO ]   Box 10 | [947, 839, 92w, 128h px]
[17:20:15] [INFO ]   Box 11 | [989, 807, 91w, 130h px]
[17:20:15] [INFO ]   Box 12 | [1030, 831, 91w, 128h px]
[17:20:15] [INFO ]   Box 13 | [1077, 835, 86w, 128h px]
[17:20:15] [INFO ]   Box 14 | [1153, 809, 91w, 141h px]
[17:20:15] [INFO ]   Box 15 | [1196, 835, 98w, 125h px]
[17:20:15] [INFO ]   Box 16 | [1302, 766, 86w, 133h px]
[17:20:15] [INFO ]   Box 17 | [1343, 844, 90w, 128h px]
[17:20:15] [INFO ]   Box 18 | [1480, 842, 92w, 125h px]
[17:20:15] [INFO ]   Box 19 | [1537, 839, 91w, 128h px]
[17:20:15] [INFO ]   Box 20 | [1570, 836, 99w, 130h px]
[17:20:15] [INFO ]   Box 21 | [1695, 832, 92w, 130h px]
[17:20:15] [INFO ]   Box 22 | [1802, 824, 91w, 130h px]
[17:20:15] [INFO ]   Box 23 | [1875, 822, 91w, 130h px]
[17:20:15] [INFO ]   Box 24 | [2012, 811, 100w, 133h px]
[17:20:15] [INFO ]   Box 25 | [2055, 810, 92w, 130h px]
[17:20:15] [INFO ]   Box 26 | [2106, 834, 92w, 130h px]
[17:20:15] [INFO ]   Box 27 | [2199, 848, 89w, 130h px]
[17:20:15] [INFO ]   Box 28 | [2281, 843, 90w, 130h px]
[17:20:15] [INFO ]   Box 29 | [2335, 843, 90w, 130h px]
[17:20:15] [INFO ]   Box 30 | [2515, 840, 91w, 130h px]
[17:20:15] [INFO ]   Generated 30 boxes
[17:20:15] [INFO ]   Step 3 complete
[17:20:15] [INFO ] 
[17:20:15] [INFO ] STEP 4 — Dataset building
[17:20:15] [INFO ]   Saving labeled review image...
[17:20:15] [INFO ]   Saved: f1088stk19_labeled.png
[17:20:15] [INFO ]   Split: train
[17:20:15] [INFO ]   Added 30 annotations to train.json
[17:20:15] [INFO ]   train.json: 15 images, 227 annotations
[17:20:15] [INFO ]   val.json:   4 images,  77 annotations
[17:20:15] [INFO ]   Step 4 complete
[17:20:15] [INFO ] 
[17:20:15] [INFO ]   DONE  f1088stk19  →  train  |  30 faults  |  30 boxes
[17:20:15] [INFO ] 
[17:20:15] [INFO ] ──────────────────────────────────────────────────
[17:20:15] [INFO ]   LINE: f1088stk20
[17:20:15] [INFO ] ──────────────────────────────────────────────────
[17:20:15] [INFO ] Dataset  : namss.F-10-88-HW.mcs.airgun
[17:20:15] [INFO ] SGY      : ../../airgun_data/namss.F-10-88-HW.mcs.airgun/Data/f1088stk20.sgy
[17:20:15] [INFO ] NAV      : ../../airgun_data/namss.F-10-88-HW.mcs.airgun/Navigation/f-10-88-hw_NAV-WGS84.csv
[17:20:15] [INFO ] SA mode  : single (seed=50)
[17:20:15] [INFO ] 
[17:20:15] [INFO ] STEP 1 — Feature extraction
[17:20:15] [INFO ]   Loading navigation...
[17:20:15] [INFO ]   Loading SEG-Y...
[17:20:15] [INFO ]   Traces: 586  Samples: 2750  dt: 4.000 ms
[17:20:15] [INFO ]   Depth:  0.0 m → 8247.0 m
[17:20:15] [INFO ]   Matching traces to navigation...
[17:20:15] [INFO ]   NAV line matched via translation: 'f1088stk20' -> '20'
[17:20:15] [INFO ]   Matched 586 / 586 traces
[17:20:15] [INFO ]   Bandpass filtering...
[17:20:15] [INFO ]   Computing seismic attributes...
[17:20:15] [INFO ]   Picking seafloor...
[17:20:15] [INFO ]   Seafloor depth: 4629–4650 m  (0 shallow traces masked)
[17:20:15] [INFO ]   Picking horizons...
[17:20:15] [INFO ]   Computing NCC coherence (slow)...
[17:20:15] [INFO ]   Saving CNN section image...
[17:20:16] [INFO ]   Saved: f1088stk20_section_cnn.png  (2700x1500px)
[17:20:16] [INFO ]   Step 1 complete
[17:20:16] [INFO ] 
[17:20:16] [INFO ] STEP 2 — Fault detection
[17:20:16] [INFO ]   Mode: single SA run (seed=50)
[17:20:17] [INFO ]   Detected 3 high-confidence faults
[17:20:17] [INFO ]     Fault  1 | trace ~   29 | prob=0.675
[17:20:17] [INFO ]     Fault  2 | trace ~  226 | prob=0.665
[17:20:17] [INFO ]     Fault  3 | trace ~  450 | prob=0.656
[17:20:17] [INFO ]   Step 2 complete
[17:20:17] [INFO ] 
[17:20:17] [INFO ] STEP 3 — Bounding boxes
[17:20:17] [INFO ]   Box  1 | [0, 833, 493w, 125h px]
[17:20:17] [INFO ]   Box  2 | [710, 831, 705w, 130h px]
[17:20:17] [INFO ]   Box  3 | [1778, 833, 642w, 130h px]
[17:20:17] [INFO ]   Generated 3 boxes
[17:20:17] [INFO ]   Step 3 complete
[17:20:17] [INFO ] 
[17:20:17] [INFO ] STEP 4 — Dataset building
[17:20:17] [INFO ]   Saving labeled review image...
[17:20:17] [INFO ]   Saved: f1088stk20_labeled.png
[17:20:17] [INFO ]   Split: train
[17:20:17] [INFO ]   Added 3 annotations to train.json
[17:20:17] [INFO ]   train.json: 16 images, 230 annotations
[17:20:17] [INFO ]   val.json:   4 images,  77 annotations
[17:20:17] [INFO ]   Step 4 complete
[17:20:17] [INFO ] 
[17:20:17] [INFO ]   DONE  f1088stk20  →  train  |  3 faults  |  3 boxes
[17:20:17] [INFO ] 
[17:20:17] [INFO ] ──────────────────────────────────────────────────
[17:20:17] [INFO ]   LINE: f1088stk21
[17:20:17] [INFO ] ──────────────────────────────────────────────────
[17:20:17] [INFO ] Dataset  : namss.F-10-88-HW.mcs.airgun
[17:20:17] [INFO ] SGY      : ../../airgun_data/namss.F-10-88-HW.mcs.airgun/Data/f1088stk21.sgy
[17:20:17] [INFO ] NAV      : ../../airgun_data/namss.F-10-88-HW.mcs.airgun/Navigation/f-10-88-hw_NAV-WGS84.csv
[17:20:17] [INFO ] SA mode  : single (seed=50)
[17:20:17] [INFO ] 
[17:20:17] [INFO ] STEP 1 — Feature extraction
[17:20:17] [INFO ]   Loading navigation...
[17:20:17] [INFO ]   Loading SEG-Y...
[17:20:17] [INFO ]   Traces: 12916  Samples: 2750  dt: 4.000 ms
[17:20:17] [INFO ]   Depth:  0.0 m → 8247.0 m
[17:20:17] [INFO ]   Matching traces to navigation...
[17:20:17] [INFO ]   NAV line matched via translation: 'f1088stk21' -> '21'
[17:20:19] [INFO ]   Matched 12916 / 12916 traces
[17:20:19] [INFO ]   Bandpass filtering...
[17:20:19] [INFO ]   Computing seismic attributes...
[17:20:21] [INFO ]   Picking seafloor...
[17:20:22] [INFO ]   Seafloor depth: 3462–4743 m  (0 shallow traces masked)
[17:20:22] [INFO ]   Picking horizons...
[17:20:23] [INFO ]   Computing NCC coherence (slow)...
[17:20:24] [INFO ]   Saving CNN section image...
[17:20:26] [INFO ]   Saved: f1088stk21_section_cnn.png  (2700x1500px)
[17:20:26] [INFO ]   Step 1 complete
[17:20:26] [INFO ] 
[17:20:26] [INFO ] STEP 2 — Fault detection
[17:20:26] [INFO ]   Mode: single SA run (seed=50)
[17:20:40] [INFO ]   Detected 32 high-confidence faults
[17:20:40] [INFO ]     Fault  1 | trace ~   75 | prob=0.645
[17:20:40] [INFO ]     Fault  2 | trace ~  284 | prob=0.697
[17:20:40] [INFO ]     Fault  3 | trace ~  929 | prob=0.684
[17:20:40] [INFO ]     Fault  4 | trace ~ 1863 | prob=0.749
[17:20:40] [INFO ]     Fault  5 | trace ~ 2067 | prob=0.725
[17:20:40] [INFO ]     Fault  6 | trace ~ 2277 | prob=0.721
[17:20:40] [INFO ]     Fault  7 | trace ~ 3378 | prob=0.660
[17:20:40] [INFO ]     Fault  8 | trace ~ 3892 | prob=0.682
[17:20:40] [INFO ]     Fault  9 | trace ~ 4546 | prob=0.689
[17:20:40] [INFO ]     Fault 10 | trace ~ 4931 | prob=0.773
[17:20:40] [INFO ]     Fault 11 | trace ~ 5184 | prob=0.684
[17:20:40] [INFO ]     Fault 12 | trace ~ 5486 | prob=0.695
[17:20:40] [INFO ]     Fault 13 | trace ~ 7405 | prob=0.678
[17:20:40] [INFO ]     Fault 14 | trace ~ 7852 | prob=0.679
[17:20:40] [INFO ]     Fault 15 | trace ~ 8144 | prob=0.690
[17:20:40] [INFO ]     Fault 16 | trace ~ 8371 | prob=0.654
[17:20:40] [INFO ]     Fault 17 | trace ~ 8670 | prob=0.641
[17:20:40] [INFO ]     Fault 18 | trace ~ 8911 | prob=0.705
[17:20:40] [INFO ]     Fault 19 | trace ~ 9122 | prob=0.688
[17:20:40] [INFO ]     Fault 20 | trace ~ 9382 | prob=0.688
[17:20:40] [INFO ]     Fault 21 | trace ~ 9603 | prob=0.713
[17:20:40] [INFO ]     Fault 22 | trace ~10010 | prob=0.680
[17:20:40] [INFO ]     Fault 23 | trace ~10429 | prob=0.669
[17:20:40] [INFO ]     Fault 24 | trace ~10682 | prob=0.698
[17:20:40] [INFO ]     Fault 25 | trace ~11098 | prob=0.750
[17:20:40] [INFO ]     Fault 26 | trace ~11354 | prob=0.731
[17:20:40] [INFO ]     Fault 27 | trace ~11578 | prob=0.743
[17:20:40] [INFO ]     Fault 28 | trace ~11923 | prob=0.714
[17:20:40] [INFO ]     Fault 29 | trace ~12151 | prob=0.745
[17:20:40] [INFO ]     Fault 30 | trace ~12466 | prob=0.745
[17:20:40] [INFO ]     Fault 31 | trace ~12685 | prob=0.722
[17:20:40] [INFO ]     Fault 32 | trace ~12892 | prob=0.736
[17:20:40] [INFO ]   Step 2 complete
[17:20:40] [INFO ] 
[17:20:40] [INFO ] STEP 3 — Bounding boxes
[17:20:40] [INFO ]   Box  1 | [0, 835, 61w, 128h px]
[17:20:40] [INFO ]   Box  2 | [14, 838, 92w, 130h px]
[17:20:40] [INFO ]   Box  3 | [143, 844, 95w, 130h px]
[17:20:40] [INFO ]   Box  4 | [345, 845, 88w, 128h px]
[17:20:40] [INFO ]   Box  5 | [384, 816, 98w, 128h px]
[17:20:40] [INFO ]   Box  6 | [431, 815, 88w, 130h px]
[17:20:40] [INFO ]   Box  7 | [662, 816, 94w, 128h px]
[17:20:40] [INFO ]   Box  8 | [770, 821, 87w, 128h px]
[17:20:40] [INFO ]   Box  9 | [904, 810, 95w, 130h px]
[17:20:40] [INFO ]   Box 10 | [986, 828, 95w, 122h px]
[17:20:40] [INFO ]   Box 11 | [1035, 832, 94w, 133h px]
[17:20:40] [INFO ]   Box 12 | [1102, 832, 89w, 130h px]
[17:20:40] [INFO ]   Box 13 | [1503, 829, 92w, 128h px]
[17:20:40] [INFO ]   Box 14 | [1598, 828, 86w, 130h px]
[17:20:40] [INFO ]   Box 15 | [1658, 837, 89w, 130h px]
[17:20:40] [INFO ]   Box 16 | [1704, 839, 99w, 128h px]
[17:20:40] [INFO ]   Box 17 | [1769, 845, 88w, 128h px]
[17:20:40] [INFO ]   Box 18 | [1817, 847, 91w, 133h px]
[17:20:40] [INFO ]   Box 19 | [1862, 743, 93w, 130h px]
[17:20:40] [INFO ]   Box 20 | [1915, 799, 94w, 130h px]
[17:20:40] [INFO ]   Box 21 | [1963, 809, 90w, 125h px]
[17:20:40] [INFO ]   Box 22 | [2048, 815, 90w, 130h px]
[17:20:40] [INFO ]   Box 23 | [2134, 822, 92w, 130h px]
[17:20:40] [INFO ]   Box 24 | [2183, 823, 95w, 128h px]
[17:20:40] [INFO ]   Box 25 | [2275, 824, 91w, 125h px]
[17:20:40] [INFO ]   Box 26 | [2329, 817, 89w, 128h px]
[17:20:40] [INFO ]   Box 27 | [2374, 817, 92w, 130h px]
[17:20:40] [INFO ]   Box 28 | [2448, 816, 90w, 128h px]
[17:20:40] [INFO ]   Box 29 | [2494, 815, 92w, 130h px]
[17:20:40] [INFO ]   Box 30 | [2562, 822, 90w, 128h px]
[17:20:40] [INFO ]   Box 31 | [2601, 827, 95w, 130h px]
[17:20:40] [INFO ]   Box 32 | [2652, 833, 48w, 122h px]
[17:20:40] [INFO ]   Generated 32 boxes
[17:20:40] [INFO ]   Step 3 complete
[17:20:40] [INFO ] 
[17:20:40] [INFO ] STEP 4 — Dataset building
[17:20:40] [INFO ]   Saving labeled review image...
[17:20:41] [INFO ]   Saved: f1088stk21_labeled.png
[17:20:41] [INFO ]   Split: val
[17:20:41] [INFO ]   Added 32 annotations to val.json
[17:20:41] [INFO ]   train.json: 16 images, 230 annotations
[17:20:41] [INFO ]   val.json:   5 images,  109 annotations
[17:20:41] [INFO ]   Step 4 complete
[17:20:41] [INFO ] 
[17:20:41] [INFO ]   DONE  f1088stk21  →  val  |  32 faults  |  32 boxes
[17:20:41] [INFO ] 
[17:20:41] [INFO ] ──────────────────────────────────────────────────
[17:20:41] [INFO ]   LINE: f1088stk22
[17:20:41] [INFO ] ──────────────────────────────────────────────────
[17:20:41] [INFO ] Dataset  : namss.F-10-88-HW.mcs.airgun
[17:20:41] [INFO ] SGY      : ../../airgun_data/namss.F-10-88-HW.mcs.airgun/Data/f1088stk22.sgy
[17:20:41] [INFO ] NAV      : ../../airgun_data/namss.F-10-88-HW.mcs.airgun/Navigation/f-10-88-hw_NAV-WGS84.csv
[17:20:41] [INFO ] SA mode  : single (seed=50)
[17:20:41] [INFO ] 
[17:20:41] [INFO ] STEP 1 — Feature extraction
[17:20:41] [INFO ]   Loading navigation...
[17:20:41] [INFO ]   Loading SEG-Y...
[17:20:41] [INFO ]   Traces: 3345  Samples: 2750  dt: 4.000 ms
[17:20:41] [INFO ]   Depth:  0.0 m → 8247.0 m
[17:20:41] [INFO ]   Matching traces to navigation...
[17:20:41] [INFO ]   NAV line matched via translation: 'f1088stk22' -> '22'
[17:20:41] [INFO ]   Matched 3345 / 3345 traces
[17:20:41] [INFO ]   Bandpass filtering...
[17:20:41] [INFO ]   Computing seismic attributes...
[17:20:42] [INFO ]   Picking seafloor...
[17:20:42] [INFO ]   Seafloor depth: 4440–4749 m  (0 shallow traces masked)
[17:20:42] [INFO ]   Picking horizons...
[17:20:42] [INFO ]   Computing NCC coherence (slow)...
[17:20:42] [INFO ]   Saving CNN section image...
[17:20:43] [INFO ]   Saved: f1088stk22_section_cnn.png  (2700x1500px)
[17:20:43] [INFO ]   Step 1 complete
[17:20:43] [INFO ] 
[17:20:43] [INFO ] STEP 2 — Fault detection
[17:20:43] [INFO ]   Mode: single SA run (seed=50)
[17:20:47] [INFO ]   Detected 7 high-confidence faults
[17:20:47] [INFO ]     Fault  1 | trace ~  116 | prob=0.775
[17:20:47] [INFO ]     Fault  2 | trace ~  309 | prob=0.695
[17:20:47] [INFO ]     Fault  3 | trace ~  558 | prob=0.636
[17:20:47] [INFO ]     Fault  4 | trace ~ 1183 | prob=0.612
[17:20:47] [INFO ]     Fault  5 | trace ~ 2602 | prob=0.664
[17:20:47] [INFO ]     Fault  6 | trace ~ 2921 | prob=0.615
[17:20:47] [INFO ]     Fault  7 | trace ~ 3318 | prob=0.676
[17:20:47] [INFO ]   Step 2 complete
[17:20:47] [INFO ] 
[17:20:47] [INFO ] STEP 3 — Bounding boxes
[17:20:47] [INFO ]   Box  1 | [33, 808, 118w, 128h px]
[17:20:47] [INFO ]   Box  2 | [167, 851, 189w, 130h px]
[17:20:47] [INFO ]   Box  3 | [361, 851, 181w, 128h px]
[17:20:47] [INFO ]   Box  4 | [899, 848, 121w, 125h px]
[17:20:47] [INFO ]   Box  5 | [2017, 844, 167w, 133h px]
[17:20:47] [INFO ]   Box  6 | [2298, 839, 124w, 130h px]
[17:20:47] [INFO ]   Box  7 | [2621, 840, 79w, 128h px]
[17:20:47] [INFO ]   Generated 7 boxes
[17:20:47] [INFO ]   Step 3 complete
[17:20:47] [INFO ] 
[17:20:47] [INFO ] STEP 4 — Dataset building
[17:20:47] [INFO ]   Saving labeled review image...
[17:20:47] [INFO ]   Saved: f1088stk22_labeled.png
[17:20:47] [INFO ]   Split: train
[17:20:47] [INFO ]   Added 7 annotations to train.json
[17:20:47] [INFO ]   train.json: 17 images, 237 annotations
[17:20:47] [INFO ]   val.json:   5 images,  109 annotations
[17:20:47] [INFO ]   Step 4 complete
[17:20:47] [INFO ] 
[17:20:47] [INFO ]   DONE  f1088stk22  →  train  |  7 faults  |  7 boxes
[17:20:47] [INFO ] 
[17:20:47] [INFO ] ──────────────────────────────────────────────────
[17:20:47] [INFO ]   LINE: f1088stk23
[17:20:47] [INFO ] ──────────────────────────────────────────────────
[17:20:47] [INFO ] Dataset  : namss.F-10-88-HW.mcs.airgun
[17:20:47] [INFO ] SGY      : ../../airgun_data/namss.F-10-88-HW.mcs.airgun/Data/f1088stk23.sgy
[17:20:47] [INFO ] NAV      : ../../airgun_data/namss.F-10-88-HW.mcs.airgun/Navigation/f-10-88-hw_NAV-WGS84.csv
[17:20:47] [INFO ] SA mode  : single (seed=50)
[17:20:47] [INFO ] 
[17:20:47] [INFO ] STEP 1 — Feature extraction
[17:20:47] [INFO ]   Loading navigation...
[17:20:47] [INFO ]   Loading SEG-Y...
[17:20:47] [INFO ]   Traces: 403  Samples: 2500  dt: 4.000 ms
[17:20:47] [INFO ]   Depth:  0.0 m → 7497.0 m
[17:20:47] [INFO ]   Matching traces to navigation...
[17:20:47] [INFO ]   NAV line matched via translation: 'f1088stk23' -> '23'
[17:20:47] [INFO ]   Matched 403 / 403 traces
[17:20:47] [INFO ]   Bandpass filtering...
[17:20:47] [INFO ]   Computing seismic attributes...
[17:20:47] [INFO ]   Picking seafloor...
[17:20:47] [INFO ]   Seafloor depth: 1953–3336 m  (0 shallow traces masked)
[17:20:47] [INFO ]   Picking horizons...
[17:20:47] [INFO ]   Computing NCC coherence (slow)...
[17:20:47] [INFO ]   Saving CNN section image...
[17:20:47] [INFO ]   Saved: f1088stk23_section_cnn.png  (2700x1500px)
[17:20:47] [INFO ]   Step 1 complete
[17:20:47] [INFO ] 
[17:20:47] [INFO ] STEP 2 — Fault detection
[17:20:47] [INFO ]   Mode: single SA run (seed=50)
[17:20:48] [INFO ]   Detected 1 high-confidence faults
[17:20:48] [INFO ]     Fault  1 | trace ~  101 | prob=0.734
[17:20:48] [INFO ]   Step 2 complete
[17:20:48] [INFO ] 
[17:20:48] [INFO ] STEP 3 — Bounding boxes
[17:20:48] [INFO ]   Box  1 | [92, 468, 1162w, 132h px]
[17:20:48] [INFO ]   Generated 1 boxes
[17:20:48] [INFO ]   Step 3 complete
[17:20:48] [INFO ] 
[17:20:48] [INFO ] STEP 4 — Dataset building
[17:20:48] [INFO ]   Saving labeled review image...
[17:20:48] [INFO ]   Saved: f1088stk23_labeled.png
[17:20:48] [INFO ]   Split: train
[17:20:48] [INFO ]   Added 1 annotations to train.json
[17:20:48] [INFO ]   train.json: 18 images, 238 annotations
[17:20:48] [INFO ]   val.json:   5 images,  109 annotations
[17:20:48] [INFO ]   Step 4 complete
[17:20:48] [INFO ] 
[17:20:48] [INFO ]   DONE  f1088stk23  →  train  |  1 faults  |  1 boxes
[17:20:48] [INFO ] 
[17:20:48] [INFO ] ──────────────────────────────────────────────────
[17:20:48] [INFO ]   LINE: f1088stk24
[17:20:48] [INFO ] ──────────────────────────────────────────────────
[17:20:48] [INFO ] Dataset  : namss.F-10-88-HW.mcs.airgun
[17:20:48] [INFO ] SGY      : ../../airgun_data/namss.F-10-88-HW.mcs.airgun/Data/f1088stk24.sgy
[17:20:48] [INFO ] NAV      : ../../airgun_data/namss.F-10-88-HW.mcs.airgun/Navigation/f-10-88-hw_NAV-WGS84.csv
[17:20:48] [INFO ] SA mode  : single (seed=50)
[17:20:48] [INFO ] 
[17:20:48] [INFO ] STEP 1 — Feature extraction
[17:20:48] [INFO ]   Loading navigation...
[17:20:48] [INFO ]   Loading SEG-Y...
[17:20:48] [INFO ]   Traces: 4191  Samples: 2500  dt: 4.000 ms
[17:20:48] [INFO ]   Depth:  0.0 m → 7497.0 m
[17:20:48] [INFO ]   Matching traces to navigation...
[17:20:48] [INFO ]   NAV line matched via translation: 'f1088stk24' -> '24'
[17:20:48] [INFO ]   Matched 4191 / 4191 traces
[17:20:48] [INFO ]   Bandpass filtering...
[17:20:49] [INFO ]   Computing seismic attributes...
[17:20:49] [INFO ]   Picking seafloor...
[17:20:49] [INFO ]   Seafloor depth: 3978–4587 m  (0 shallow traces masked)
[17:20:49] [INFO ]   Picking horizons...
[17:20:50] [INFO ]   Computing NCC coherence (slow)...
[17:20:50] [INFO ]   Saving CNN section image...
[17:20:51] [INFO ]   Saved: f1088stk24_section_cnn.png  (2700x1500px)
[17:20:51] [INFO ]   Step 1 complete
[17:20:51] [INFO ] 
[17:20:51] [INFO ] STEP 2 — Fault detection
[17:20:51] [INFO ]   Mode: single SA run (seed=50)
[17:20:56] [INFO ]   Detected 14 high-confidence faults
[17:20:56] [INFO ]     Fault  1 | trace ~  149 | prob=0.725
[17:20:56] [INFO ]     Fault  2 | trace ~  419 | prob=0.705
[17:20:56] [INFO ]     Fault  3 | trace ~  612 | prob=0.756
[17:20:56] [INFO ]     Fault  4 | trace ~  849 | prob=0.705
[17:20:56] [INFO ]     Fault  5 | trace ~ 1102 | prob=0.647
[17:20:56] [INFO ]     Fault  6 | trace ~ 1388 | prob=0.773
[17:20:56] [INFO ]     Fault  7 | trace ~ 1587 | prob=0.698
[17:20:56] [INFO ]     Fault  8 | trace ~ 2205 | prob=0.727
[17:20:56] [INFO ]     Fault  9 | trace ~ 2496 | prob=0.713
[17:20:56] [INFO ]     Fault 10 | trace ~ 2934 | prob=0.707
[17:20:56] [INFO ]     Fault 11 | trace ~ 3423 | prob=0.715
[17:20:56] [INFO ]     Fault 12 | trace ~ 3696 | prob=0.718
[17:20:56] [INFO ]     Fault 13 | trace ~ 3906 | prob=0.707
[17:20:56] [INFO ]     Fault 14 | trace ~ 4118 | prob=0.768
[17:20:56] [INFO ]   Step 2 complete
[17:20:56] [INFO ] 
[17:20:56] [INFO ] STEP 3 — Bounding boxes
[17:20:56] [INFO ]   Box  1 | [32, 847, 142w, 141h px]
[17:20:56] [INFO ]   Box  2 | [220, 884, 104w, 138h px]
[17:20:56] [INFO ]   Box  3 | [342, 891, 113w, 135h px]
[17:20:56] [INFO ]   Box  4 | [480, 905, 131w, 138h px]
[17:20:56] [INFO ]   Box  5 | [637, 894, 131w, 135h px]
[17:20:56] [INFO ]   Box  6 | [836, 833, 123w, 132h px]
[17:20:56] [INFO ]   Box  7 | [966, 871, 110w, 135h px]
[17:20:56] [INFO ]   Box  8 | [1348, 891, 140w, 138h px]
[17:20:56] [INFO ]   Box  9 | [1508, 884, 191w, 141h px]
[17:20:56] [INFO ]   Box 10 | [1836, 869, 112w, 144h px]
[17:20:56] [INFO ]   Box 11 | [2152, 866, 109w, 135h px]
[17:20:56] [INFO ]   Box 12 | [2329, 855, 108w, 138h px]
[17:20:56] [INFO ]   Box 13 | [2446, 842, 131w, 144h px]
[17:20:56] [INFO ]   Box 14 | [2603, 818, 97w, 141h px]
[17:20:56] [INFO ]   Generated 14 boxes
[17:20:56] [INFO ]   Step 3 complete
[17:20:56] [INFO ] 
[17:20:56] [INFO ] STEP 4 — Dataset building
[17:20:56] [INFO ]   Saving labeled review image...
[17:20:56] [INFO ]   Saved: f1088stk24_labeled.png
[17:20:56] [INFO ]   Split: train
[17:20:56] [INFO ]   Added 14 annotations to train.json
[17:20:56] [INFO ]   train.json: 19 images, 252 annotations
[17:20:56] [INFO ]   val.json:   5 images,  109 annotations
[17:20:56] [INFO ]   Step 4 complete
[17:20:56] [INFO ] 
[17:20:56] [INFO ]   DONE  f1088stk24  →  train  |  14 faults  |  14 boxes
[17:20:56] [INFO ] 
[17:20:56] [INFO ] ──────────────────────────────────────────────────
[17:20:56] [INFO ]   LINE: f1088stk25
[17:20:56] [INFO ] ──────────────────────────────────────────────────
[17:20:56] [INFO ] Dataset  : namss.F-10-88-HW.mcs.airgun
[17:20:56] [INFO ] SGY      : ../../airgun_data/namss.F-10-88-HW.mcs.airgun/Data/f1088stk25.sgy
[17:20:56] [INFO ] NAV      : ../../airgun_data/namss.F-10-88-HW.mcs.airgun/Navigation/f-10-88-hw_NAV-WGS84.csv
[17:20:56] [INFO ] SA mode  : single (seed=50)
[17:20:56] [INFO ] 
[17:20:56] [INFO ] STEP 1 — Feature extraction
[17:20:56] [INFO ]   Loading navigation...
[17:20:56] [INFO ]   Loading SEG-Y...
[17:20:57] [INFO ]   Traces: 13336  Samples: 2750  dt: 4.000 ms
[17:20:57] [INFO ]   Depth:  0.0 m → 8247.0 m
[17:20:57] [INFO ]   Matching traces to navigation...
[17:20:57] [INFO ]   NAV line matched via translation: 'f1088stk25' -> '25'
[17:20:58] [INFO ]   Matched 13336 / 13336 traces
[17:20:58] [INFO ]   Bandpass filtering...
[17:20:59] [INFO ]   Computing seismic attributes...
[17:21:00] [INFO ]   Picking seafloor...
[17:21:01] [INFO ]   Seafloor depth: 2874–4722 m  (0 shallow traces masked)
[17:21:01] [INFO ]   Picking horizons...
[17:21:02] [INFO ]   Computing NCC coherence (slow)...
[17:21:03] [INFO ]   Saving CNN section image...
[17:21:06] [INFO ]   Saved: f1088stk25_section_cnn.png  (2700x1500px)
[17:21:06] [INFO ]   Step 1 complete
[17:21:06] [INFO ] 
[17:21:06] [INFO ] STEP 2 — Fault detection
[17:21:06] [INFO ]   Mode: single SA run (seed=50)
[17:21:21] [INFO ]   Detected 28 high-confidence faults
[17:21:21] [INFO ]     Fault  1 | trace ~   29 | prob=0.728
[17:21:21] [INFO ]     Fault  2 | trace ~  255 | prob=0.720
[17:21:21] [INFO ]     Fault  3 | trace ~  510 | prob=0.686
[17:21:21] [INFO ]     Fault  4 | trace ~  716 | prob=0.753
[17:21:21] [INFO ]     Fault  5 | trace ~ 1030 | prob=0.716
[17:21:21] [INFO ]     Fault  6 | trace ~ 1347 | prob=0.743
[17:21:21] [INFO ]     Fault  7 | trace ~ 1701 | prob=0.762
[17:21:21] [INFO ]     Fault  8 | trace ~ 1913 | prob=0.642
[17:21:21] [INFO ]     Fault  9 | trace ~ 2163 | prob=0.733
[17:21:21] [INFO ]     Fault 10 | trace ~ 2545 | prob=0.732
[17:21:21] [INFO ]     Fault 11 | trace ~ 2894 | prob=0.705
[17:21:21] [INFO ]     Fault 12 | trace ~ 3407 | prob=0.741
[17:21:21] [INFO ]     Fault 13 | trace ~ 3731 | prob=0.696
[17:21:21] [INFO ]     Fault 14 | trace ~ 3985 | prob=0.670
[17:21:21] [INFO ]     Fault 15 | trace ~ 4278 | prob=0.657
[17:21:21] [INFO ]     Fault 16 | trace ~ 4970 | prob=0.617
[17:21:21] [INFO ]     Fault 17 | trace ~ 5381 | prob=0.711
[17:21:21] [INFO ]     Fault 18 | trace ~ 5631 | prob=0.642
[17:21:21] [INFO ]     Fault 19 | trace ~ 5919 | prob=0.651
[17:21:21] [INFO ]     Fault 20 | trace ~ 6851 | prob=0.696
[17:21:21] [INFO ]     Fault 21 | trace ~ 7892 | prob=0.714
[17:21:21] [INFO ]     Fault 22 | trace ~ 8271 | prob=0.624
[17:21:21] [INFO ]     Fault 23 | trace ~ 8491 | prob=0.681
[17:21:21] [INFO ]     Fault 24 | trace ~ 8729 | prob=0.694
[17:21:21] [INFO ]     Fault 25 | trace ~11074 | prob=0.698
[17:21:21] [INFO ]     Fault 26 | trace ~11619 | prob=0.668
[17:21:21] [INFO ]     Fault 27 | trace ~11930 | prob=0.690
[17:21:21] [INFO ]     Fault 28 | trace ~12128 | prob=0.740
[17:21:21] [INFO ]   Step 2 complete
[17:21:21] [INFO ] 
[17:21:21] [INFO ] STEP 3 — Bounding boxes
[17:21:21] [INFO ]   Box  1 | [0, 732, 50w, 125h px]
[17:21:21] [INFO ]   Box  2 | [6, 713, 93w, 130h px]
[17:21:21] [INFO ]   Box  3 | [59, 693, 91w, 128h px]
[17:21:21] [INFO ]   Box  4 | [99, 679, 91w, 128h px]
[17:21:21] [INFO ]   Box  5 | [163, 731, 89w, 128h px]
[17:21:21] [INFO ]   Box  6 | [225, 717, 94w, 128h px]
[17:21:21] [INFO ]   Box  7 | [301, 748, 87w, 128h px]
[17:21:21] [INFO ]   Box  8 | [342, 780, 92w, 130h px]
[17:21:21] [INFO ]   Box  9 | [391, 790, 91w, 130h px]
[17:21:21] [INFO ]   Box 10 | [468, 799, 91w, 128h px]
[17:21:21] [INFO ]   Box 11 | [540, 817, 95w, 128h px]
[17:21:21] [INFO ]   Box 12 | [644, 801, 92w, 136h px]
[17:21:21] [INFO ]   Box 13 | [707, 806, 95w, 130h px]
[17:21:21] [INFO ]   Box 14 | [760, 799, 93w, 130h px]
[17:21:21] [INFO ]   Box 15 | [822, 792, 90w, 133h px]
[17:21:21] [INFO ]   Box 16 | [961, 834, 91w, 128h px]
[17:21:21] [INFO ]   Box 17 | [1045, 836, 93w, 133h px]
[17:21:21] [INFO ]   Box 18 | [1091, 824, 96w, 133h px]
[17:21:21] [INFO ]   Box 19 | [1155, 822, 88w, 130h px]
[17:21:21] [INFO ]   Box 20 | [1343, 824, 92w, 130h px]
[17:21:21] [INFO ]   Box 21 | [1553, 831, 90w, 133h px]
[17:21:21] [INFO ]   Box 22 | [1631, 818, 87w, 128h px]
[17:21:21] [INFO ]   Box 23 | [1675, 519, 89w, 136h px]
[17:21:21] [INFO ]   Box 24 | [1719, 817, 96w, 128h px]
[17:21:21] [INFO ]   Box 25 | [2197, 821, 90w, 128h px]
[17:21:21] [INFO ]   Box 26 | [2306, 817, 90w, 130h px]
[17:21:21] [INFO ]   Box 27 | [2368, 813, 92w, 133h px]
[17:21:21] [INFO ]   Box 28 | [2409, 836, 93w, 128h px]
[17:21:21] [INFO ]   Generated 28 boxes
[17:21:21] [INFO ]   Step 3 complete
[17:21:21] [INFO ] 
[17:21:21] [INFO ] STEP 4 — Dataset building
[17:21:21] [INFO ]   Saving labeled review image...
[17:21:21] [INFO ]   Saved: f1088stk25_labeled.png
[17:21:21] [INFO ]   Split: train
[17:21:21] [INFO ]   Added 28 annotations to train.json
[17:21:21] [INFO ]   train.json: 20 images, 280 annotations
[17:21:21] [INFO ]   val.json:   5 images,  109 annotations
[17:21:21] [INFO ]   Step 4 complete
[17:21:21] [INFO ] 
[17:21:21] [INFO ]   DONE  f1088stk25  →  train  |  28 faults  |  28 boxes
[17:21:21] [INFO ] 
[17:21:21] [INFO ] ──────────────────────────────────────────────────
[17:21:21] [INFO ]   LINE: f1088stk26
[17:21:21] [INFO ] ──────────────────────────────────────────────────
[17:21:21] [INFO ] Dataset  : namss.F-10-88-HW.mcs.airgun
[17:21:21] [INFO ] SGY      : ../../airgun_data/namss.F-10-88-HW.mcs.airgun/Data/f1088stk26.sgy
[17:21:21] [INFO ] NAV      : ../../airgun_data/namss.F-10-88-HW.mcs.airgun/Navigation/f-10-88-hw_NAV-WGS84.csv
[17:21:21] [INFO ] SA mode  : single (seed=50)
[17:21:21] [INFO ] 
[17:21:21] [INFO ] STEP 1 — Feature extraction
[17:21:21] [INFO ]   Loading navigation...
[17:21:21] [INFO ]   Loading SEG-Y...
[17:21:21] [INFO ]   Traces: 613  Samples: 2750  dt: 4.000 ms
[17:21:21] [INFO ]   Depth:  0.0 m → 8247.0 m
[17:21:21] [INFO ]   Matching traces to navigation...
[17:21:21] [INFO ]   NAV line matched via translation: 'f1088stk26' -> '26'
[17:21:21] [INFO ]   Matched 613 / 613 traces
[17:21:21] [INFO ]   Bandpass filtering...
[17:21:21] [INFO ]   Computing seismic attributes...
[17:21:21] [INFO ]   Picking seafloor...
[17:21:21] [INFO ]   Seafloor depth: 4629–4665 m  (0 shallow traces masked)
[17:21:21] [INFO ]   Picking horizons...
[17:21:21] [INFO ]   Computing NCC coherence (slow)...
[17:21:21] [INFO ]   Saving CNN section image...
[17:21:22] [INFO ]   Saved: f1088stk26_section_cnn.png  (2700x1500px)
[17:21:22] [INFO ]   Step 1 complete
[17:21:22] [INFO ] 
[17:21:22] [INFO ] STEP 2 — Fault detection
[17:21:22] [INFO ]   Mode: single SA run (seed=50)
[17:21:23] [INFO ]   Detected 3 high-confidence faults
[17:21:23] [INFO ]     Fault  1 | trace ~   62 | prob=0.685
[17:21:23] [INFO ]     Fault  2 | trace ~  280 | prob=0.613
[17:21:23] [INFO ]     Fault  3 | trace ~  494 | prob=0.637
[17:21:23] [INFO ]   Step 2 complete
[17:21:23] [INFO ] 
[17:21:23] [INFO ] STEP 3 — Bounding boxes
[17:21:23] [INFO ]   Box  1 | [0, 835, 627w, 128h px]
[17:21:23] [INFO ]   Box  2 | [567, 836, 1363w, 130h px]
[17:21:23] [INFO ]   Box  3 | [1760, 836, 854w, 130h px]
[17:21:23] [INFO ]   Generated 3 boxes
[17:21:23] [INFO ]   Step 3 complete
[17:21:23] [INFO ] 
[17:21:23] [INFO ] STEP 4 — Dataset building
[17:21:23] [INFO ]   Saving labeled review image...
[17:21:23] [INFO ]   Saved: f1088stk26_labeled.png
[17:21:23] [INFO ]   Split: val
[17:21:23] [INFO ]   Added 3 annotations to val.json
[17:21:23] [INFO ]   train.json: 20 images, 280 annotations
[17:21:23] [INFO ]   val.json:   6 images,  112 annotations
[17:21:23] [INFO ]   Step 4 complete
[17:21:23] [INFO ] 
[17:21:23] [INFO ]   DONE  f1088stk26  →  val  |  3 faults  |  3 boxes
[17:21:23] [INFO ] 
[17:21:23] [INFO ] ──────────────────────────────────────────────────
[17:21:23] [INFO ]   LINE: f1088stk27
[17:21:23] [INFO ] ──────────────────────────────────────────────────
[17:21:23] [INFO ] Dataset  : namss.F-10-88-HW.mcs.airgun
[17:21:23] [INFO ] SGY      : ../../airgun_data/namss.F-10-88-HW.mcs.airgun/Data/f1088stk27.sgy
[17:21:23] [INFO ] NAV      : ../../airgun_data/namss.F-10-88-HW.mcs.airgun/Navigation/f-10-88-hw_NAV-WGS84.csv
[17:21:23] [INFO ] SA mode  : single (seed=50)
[17:21:23] [INFO ] 
[17:21:23] [INFO ] STEP 1 — Feature extraction
[17:21:23] [INFO ]   Loading navigation...
[17:21:23] [INFO ]   Loading SEG-Y...
[17:21:23] [INFO ]   Traces: 10391  Samples: 2750  dt: 4.000 ms
[17:21:23] [INFO ]   Depth:  0.0 m → 8247.0 m
[17:21:23] [INFO ]   Matching traces to navigation...
[17:21:23] [INFO ]   NAV line matched via translation: 'f1088stk27' -> '27'
[17:21:24] [INFO ]   Matched 10391 / 10391 traces
[17:21:24] [INFO ]   Bandpass filtering...
[17:21:25] [INFO ]   Computing seismic attributes...
[17:21:26] [INFO ]   Picking seafloor...
[17:21:27] [INFO ]   Seafloor depth: 2097–4659 m  (0 shallow traces masked)
[17:21:27] [INFO ]   Picking horizons...
[17:21:27] [INFO ]   Computing NCC coherence (slow)...
[17:21:28] [INFO ]   Saving CNN section image...
[17:21:30] [INFO ]   Saved: f1088stk27_section_cnn.png  (2700x1500px)
[17:21:30] [INFO ]   Step 1 complete
[17:21:30] [INFO ] 
[17:21:30] [INFO ] STEP 2 — Fault detection
[17:21:30] [INFO ]   Mode: single SA run (seed=50)
[17:21:42] [INFO ]   Detected 27 high-confidence faults
[17:21:42] [INFO ]     Fault  1 | trace ~  258 | prob=0.705
[17:21:42] [INFO ]     Fault  2 | trace ~  696 | prob=0.785
[17:21:42] [INFO ]     Fault  3 | trace ~ 1032 | prob=0.723
[17:21:42] [INFO ]     Fault  4 | trace ~ 1341 | prob=0.782
[17:21:42] [INFO ]     Fault  5 | trace ~ 1621 | prob=0.667
[17:21:42] [INFO ]     Fault  6 | trace ~ 1827 | prob=0.736
[17:21:42] [INFO ]     Fault  7 | trace ~ 2036 | prob=0.730
[17:21:42] [INFO ]     Fault  8 | trace ~ 2366 | prob=0.701
[17:21:42] [INFO ]     Fault  9 | trace ~ 3543 | prob=0.690
[17:21:42] [INFO ]     Fault 10 | trace ~ 5635 | prob=0.696
[17:21:42] [INFO ]     Fault 11 | trace ~ 5909 | prob=0.686
[17:21:42] [INFO ]     Fault 12 | trace ~ 6104 | prob=0.689
[17:21:42] [INFO ]     Fault 13 | trace ~ 6310 | prob=0.722
[17:21:42] [INFO ]     Fault 14 | trace ~ 6533 | prob=0.649
[17:21:42] [INFO ]     Fault 15 | trace ~ 6942 | prob=0.723
[17:21:42] [INFO ]     Fault 16 | trace ~ 7217 | prob=0.727
[17:21:42] [INFO ]     Fault 17 | trace ~ 7525 | prob=0.670
[17:21:42] [INFO ]     Fault 18 | trace ~ 7717 | prob=0.684
[17:21:42] [INFO ]     Fault 19 | trace ~ 8341 | prob=0.646
[17:21:42] [INFO ]     Fault 20 | trace ~ 8563 | prob=0.682
[17:21:42] [INFO ]     Fault 21 | trace ~ 8779 | prob=0.693
[17:21:42] [INFO ]     Fault 22 | trace ~ 9122 | prob=0.764
[17:21:42] [INFO ]     Fault 23 | trace ~ 9362 | prob=0.680
[17:21:42] [INFO ]     Fault 24 | trace ~ 9577 | prob=0.743
[17:21:42] [INFO ]     Fault 25 | trace ~ 9878 | prob=0.688
[17:21:42] [INFO ]     Fault 26 | trace ~10088 | prob=0.724
[17:21:42] [INFO ]     Fault 27 | trace ~10316 | prob=0.651
[17:21:42] [INFO ]   Step 2 complete
[17:21:42] [INFO ] 
[17:21:42] [INFO ] STEP 3 — Bounding boxes
[17:21:42] [INFO ]   Box  1 | [22, 829, 93w, 128h px]
[17:21:42] [INFO ]   Box  2 | [137, 829, 87w, 130h px]
[17:21:42] [INFO ]   Box  3 | [221, 796, 94w, 130h px]
[17:21:42] [INFO ]   Box  4 | [303, 774, 92w, 128h px]
[17:21:42] [INFO ]   Box  5 | [372, 766, 98w, 128h px]
[17:21:42] [INFO ]   Box  6 | [426, 781, 94w, 128h px]
[17:21:42] [INFO ]   Box  7 | [485, 794, 89w, 130h px]
[17:21:42] [INFO ]   Box  8 | [571, 817, 96w, 130h px]
[17:21:42] [INFO ]   Box  9 | [874, 822, 94w, 133h px]
[17:21:42] [INFO ]   Box 10 | [1416, 806, 93w, 130h px]
[17:21:42] [INFO ]   Box 11 | [1486, 805, 96w, 133h px]
[17:21:42] [INFO ]   Box 12 | [1538, 639, 97w, 125h px]
[17:21:42] [INFO ]   Box 13 | [1594, 401, 94w, 122h px]
[17:21:42] [INFO ]   Box 14 | [1650, 811, 98w, 130h px]
[17:21:42] [INFO ]   Box 15 | [1759, 810, 90w, 130h px]
[17:21:42] [INFO ]   Box 16 | [1829, 809, 95w, 130h px]
[17:21:42] [INFO ]   Box 17 | [1907, 810, 97w, 130h px]
[17:21:42] [INFO ]   Box 18 | [1959, 812, 92w, 128h px]
[17:21:42] [INFO ]   Box 19 | [2122, 799, 90w, 128h px]
[17:21:42] [INFO ]   Box 20 | [2179, 777, 98w, 128h px]
[17:21:42] [INFO ]   Box 21 | [2234, 772, 96w, 133h px]
[17:21:42] [INFO ]   Box 22 | [2322, 775, 95w, 128h px]
[17:21:42] [INFO ]   Box 23 | [2382, 779, 102w, 130h px]
[17:21:42] [INFO ]   Box 24 | [2444, 786, 90w, 130h px]
[17:21:42] [INFO ]   Box 25 | [2518, 792, 101w, 133h px]
[17:21:42] [INFO ]   Box 26 | [2576, 806, 91w, 136h px]
[17:21:42] [INFO ]   Box 27 | [2635, 808, 65w, 130h px]
[17:21:42] [INFO ]   Generated 27 boxes
[17:21:42] [INFO ]   Step 3 complete
[17:21:42] [INFO ] 
[17:21:42] [INFO ] STEP 4 — Dataset building
[17:21:42] [INFO ]   Saving labeled review image...
[17:21:42] [INFO ]   Saved: f1088stk27_labeled.png
[17:21:42] [INFO ]   Split: train
[17:21:42] [INFO ]   Added 27 annotations to train.json
[17:21:42] [INFO ]   train.json: 21 images, 307 annotations
[17:21:42] [INFO ]   val.json:   6 images,  112 annotations
[17:21:42] [INFO ]   Step 4 complete
[17:21:42] [INFO ] 
[17:21:42] [INFO ]   DONE  f1088stk27  →  train  |  27 faults  |  27 boxes
[17:21:42] [INFO ] 
[17:21:42] [INFO ] ──────────────────────────────────────────────────
[17:21:42] [INFO ]   LINE: f1088stk28
[17:21:42] [INFO ] ──────────────────────────────────────────────────
[17:21:42] [INFO ] Dataset  : namss.F-10-88-HW.mcs.airgun
[17:21:42] [INFO ] SGY      : ../../airgun_data/namss.F-10-88-HW.mcs.airgun/Data/f1088stk28.sgy
[17:21:42] [INFO ] NAV      : ../../airgun_data/namss.F-10-88-HW.mcs.airgun/Navigation/f-10-88-hw_NAV-WGS84.csv
[17:21:42] [INFO ] SA mode  : single (seed=50)
[17:21:42] [INFO ] 
[17:21:42] [INFO ] STEP 1 — Feature extraction
[17:21:42] [INFO ]   Loading navigation...
[17:21:43] [INFO ]   Loading SEG-Y...
[17:21:43] [INFO ]   Traces: 707  Samples: 2750  dt: 4.000 ms
[17:21:43] [INFO ]   Depth:  0.0 m → 8247.0 m
[17:21:43] [INFO ]   Matching traces to navigation...
[17:21:43] [INFO ]   NAV line matched via translation: 'f1088stk28' -> '28'
[17:21:43] [INFO ]   Matched 707 / 707 traces
[17:21:43] [INFO ]   Bandpass filtering...
[17:21:43] [INFO ]   Computing seismic attributes...
[17:21:43] [INFO ]   Picking seafloor...
[17:21:43] [INFO ]   Seafloor depth: 2046–4077 m  (0 shallow traces masked)
[17:21:43] [INFO ]   Picking horizons...
[17:21:43] [INFO ]   Computing NCC coherence (slow)...
[17:21:43] [INFO ]   Saving CNN section image...
[17:21:43] [INFO ]   Saved: f1088stk28_section_cnn.png  (2700x1500px)
[17:21:43] [INFO ]   Step 1 complete
[17:21:43] [INFO ] 
[17:21:43] [INFO ] STEP 2 — Fault detection
[17:21:43] [INFO ]   Mode: single SA run (seed=50)
[17:21:44] [INFO ]   Detected 3 high-confidence faults
[17:21:44] [INFO ]     Fault  1 | trace ~   42 | prob=0.716
[17:21:44] [INFO ]     Fault  2 | trace ~  278 | prob=0.788
[17:21:44] [INFO ]     Fault  3 | trace ~  506 | prob=0.762
[17:21:44] [INFO ]   Step 2 complete
[17:21:44] [INFO ] 
[17:21:44] [INFO ] STEP 3 — Bounding boxes
[17:21:44] [INFO ]   Box  1 | [0, 730, 464w, 122h px]
[17:21:44] [INFO ]   Box  2 | [800, 360, 545w, 136h px]
[17:21:44] [INFO ]   Box  3 | [1485, 704, 987w, 128h px]
[17:21:44] [INFO ]   Generated 3 boxes
[17:21:44] [INFO ]   Step 3 complete
[17:21:44] [INFO ] 
[17:21:44] [INFO ] STEP 4 — Dataset building
[17:21:44] [INFO ]   Saving labeled review image...
[17:21:44] [INFO ]   Saved: f1088stk28_labeled.png
[17:21:44] [INFO ]   Split: train
[17:21:44] [INFO ]   Added 3 annotations to train.json
[17:21:44] [INFO ]   train.json: 22 images, 310 annotations
[17:21:44] [INFO ]   val.json:   6 images,  112 annotations
[17:21:44] [INFO ]   Step 4 complete
[17:21:44] [INFO ] 
[17:21:44] [INFO ]   DONE  f1088stk28  →  train  |  3 faults  |  3 boxes
[17:21:44] [INFO ] 
[17:21:44] [INFO ] ──────────────────────────────────────────────────
[17:21:44] [INFO ]   LINE: f1088stk29
[17:21:44] [INFO ] ──────────────────────────────────────────────────
[17:21:44] [INFO ] Dataset  : namss.F-10-88-HW.mcs.airgun
[17:21:44] [INFO ] SGY      : ../../airgun_data/namss.F-10-88-HW.mcs.airgun/Data/f1088stk29.sgy
[17:21:44] [INFO ] NAV      : ../../airgun_data/namss.F-10-88-HW.mcs.airgun/Navigation/f-10-88-hw_NAV-WGS84.csv
[17:21:44] [INFO ] SA mode  : single (seed=50)
[17:21:44] [INFO ] 
[17:21:44] [INFO ] STEP 1 — Feature extraction
[17:21:44] [INFO ]   Loading navigation...
[17:21:45] [INFO ]   Loading SEG-Y...
[17:21:45] [INFO ]   Traces: 8948  Samples: 2750  dt: 4.000 ms
[17:21:45] [INFO ]   Depth:  0.0 m → 8247.0 m
[17:21:45] [INFO ]   Matching traces to navigation...
[17:21:45] [INFO ]   NAV line matched via translation: 'f1088stk29' -> '29'
[17:21:46] [INFO ]   Matched 8948 / 8948 traces
[17:21:46] [INFO ]   Bandpass filtering...
[17:21:46] [INFO ]   Computing seismic attributes...
[17:21:47] [INFO ]   Picking seafloor...
[17:21:48] [INFO ]   Seafloor depth: 0–4584 m  (88 shallow traces masked)
[17:21:48] [INFO ]   Picking horizons...
[17:21:48] [INFO ]   Computing NCC coherence (slow)...
[17:21:49] [INFO ]   Saving CNN section image...
[17:21:51] [INFO ]   Saved: f1088stk29_section_cnn.png  (2700x1500px)
[17:21:51] [INFO ]   Step 1 complete
[17:21:51] [INFO ] 
[17:21:51] [INFO ] STEP 2 — Fault detection
[17:21:51] [INFO ]   Mode: single SA run (seed=50)
[17:22:01] [INFO ]   Detected 23 high-confidence faults
[17:22:01] [INFO ]     Fault  1 | trace ~  374 | prob=0.693
[17:22:01] [INFO ]     Fault  2 | trace ~  744 | prob=0.716
[17:22:01] [INFO ]     Fault  3 | trace ~ 1057 | prob=0.677
[17:22:01] [INFO ]     Fault  4 | trace ~ 1297 | prob=0.689
[17:22:01] [INFO ]     Fault  5 | trace ~ 1527 | prob=0.730
[17:22:01] [INFO ]     Fault  6 | trace ~ 1868 | prob=0.684
[17:22:01] [INFO ]     Fault  7 | trace ~ 2095 | prob=0.742
[17:22:01] [INFO ]     Fault  8 | trace ~ 2745 | prob=0.650
[17:22:01] [INFO ]     Fault  9 | trace ~ 2965 | prob=0.646
[17:22:01] [INFO ]     Fault 10 | trace ~ 3197 | prob=0.666
[17:22:01] [INFO ]     Fault 11 | trace ~ 3512 | prob=0.695
[17:22:01] [INFO ]     Fault 12 | trace ~ 3727 | prob=0.747
[17:22:01] [INFO ]     Fault 13 | trace ~ 4009 | prob=0.670
[17:22:01] [INFO ]     Fault 14 | trace ~ 4262 | prob=0.638
[17:22:01] [INFO ]     Fault 15 | trace ~ 5080 | prob=0.654
[17:22:01] [INFO ]     Fault 16 | trace ~ 5368 | prob=0.659
[17:22:01] [INFO ]     Fault 17 | trace ~ 7312 | prob=0.665
[17:22:01] [INFO ]     Fault 18 | trace ~ 7627 | prob=0.677
[17:22:01] [INFO ]     Fault 19 | trace ~ 7825 | prob=0.684
[17:22:01] [INFO ]     Fault 20 | trace ~ 8067 | prob=0.718
[17:22:01] [INFO ]     Fault 21 | trace ~ 8258 | prob=0.731
[17:22:01] [INFO ]     Fault 22 | trace ~ 8504 | prob=0.756
[17:22:01] [INFO ]     Fault 23 | trace ~ 8741 | prob=0.627
[17:22:01] [INFO ]   Step 2 complete
[17:22:01] [INFO ] 
[17:22:01] [INFO ] STEP 3 — Bounding boxes
[17:22:01] [INFO ]   Box  1 | [69, 699, 90w, 128h px]
[17:22:01] [INFO ]   Box  2 | [175, 679, 98w, 130h px]
[17:22:01] [INFO ]   Box  3 | [270, 690, 101w, 130h px]
[17:22:01] [INFO ]   Box  4 | [344, 680, 95w, 133h px]
[17:22:01] [INFO ]   Box  5 | [413, 695, 97w, 128h px]
[17:22:01] [INFO ]   Box  6 | [513, 746, 95w, 130h px]
[17:22:01] [INFO ]   Box  7 | [582, 772, 96w, 128h px]
[17:22:01] [INFO ]   Box  8 | [780, 781, 97w, 133h px]
[17:22:01] [INFO ]   Box  9 | [845, 779, 98w, 130h px]
[17:22:01] [INFO ]   Box 10 | [918, 769, 99w, 128h px]
[17:22:01] [INFO ]   Box 11 | [1000, 751, 107w, 136h px]
[17:22:01] [INFO ]   Box 12 | [1071, 766, 103w, 128h px]
[17:22:01] [INFO ]   Box 13 | [1164, 776, 90w, 130h px]
[17:22:01] [INFO ]   Box 14 | [1239, 786, 94w, 125h px]
[17:22:01] [INFO ]   Box 15 | [1482, 809, 99w, 130h px]
[17:22:01] [INFO ]   Box 16 | [1571, 817, 98w, 130h px]
[17:22:01] [INFO ]   Box 17 | [2162, 792, 87w, 133h px]
[17:22:01] [INFO ]   Box 18 | [2254, 770, 93w, 128h px]
[17:22:01] [INFO ]   Box 19 | [2300, 711, 109w, 133h px]
[17:22:01] [INFO ]   Box 20 | [2384, 650, 100w, 130h px]
[17:22:01] [INFO ]   Box 21 | [2444, 591, 96w, 133h px]
[17:22:01] [INFO ]   Box 22 | [2515, 663, 99w, 128h px]
[17:22:01] [INFO ]   Box 23 | [2589, 738, 96w, 119h px]
[17:22:01] [INFO ]   Generated 23 boxes
[17:22:01] [INFO ]   Step 3 complete
[17:22:01] [INFO ] 
[17:22:01] [INFO ] STEP 4 — Dataset building
[17:22:01] [INFO ]   Saving labeled review image...
[17:22:01] [INFO ]   Saved: f1088stk29_labeled.png
[17:22:01] [INFO ]   Split: train
[17:22:01] [INFO ]   Added 23 annotations to train.json
[17:22:01] [INFO ]   train.json: 23 images, 333 annotations
[17:22:01] [INFO ]   val.json:   6 images,  112 annotations
[17:22:01] [INFO ]   Step 4 complete
[17:22:01] [INFO ] 
[17:22:01] [INFO ]   DONE  f1088stk29  →  train  |  23 faults  |  23 boxes
[17:22:01] [INFO ] 
[17:22:01] [INFO ] ──────────────────────────────────────────────────
[17:22:01] [INFO ]   LINE: f1088stk30
[17:22:01] [INFO ] ──────────────────────────────────────────────────
[17:22:01] [INFO ] Dataset  : namss.F-10-88-HW.mcs.airgun
[17:22:01] [INFO ] SGY      : ../../airgun_data/namss.F-10-88-HW.mcs.airgun/Data/f1088stk30.sgy
[17:22:01] [INFO ] NAV      : ../../airgun_data/namss.F-10-88-HW.mcs.airgun/Navigation/f-10-88-hw_NAV-WGS84.csv
[17:22:01] [INFO ] SA mode  : single (seed=50)
[17:22:01] [INFO ] 
[17:22:01] [INFO ] STEP 1 — Feature extraction
[17:22:01] [INFO ]   Loading navigation...
[17:22:01] [INFO ]   Loading SEG-Y...
[17:22:01] [INFO ]   Traces: 1693  Samples: 2500  dt: 4.000 ms
[17:22:01] [INFO ]   Depth:  0.0 m → 7497.0 m
[17:22:01] [INFO ]   Matching traces to navigation...
[17:22:01] [INFO ]   NAV line matched via translation: 'f1088stk30' -> '30'
[17:22:01] [INFO ]   Matched 1693 / 1693 traces
[17:22:01] [INFO ]   Bandpass filtering...
[17:22:01] [INFO ]   Computing seismic attributes...
[17:22:02] [INFO ]   Picking seafloor...
[17:22:02] [INFO ]   Seafloor depth: 660–4338 m  (0 shallow traces masked)
[17:22:02] [INFO ]   Picking horizons...
[17:22:02] [INFO ]   Computing NCC coherence (slow)...
[17:22:02] [INFO ]   Saving CNN section image...
[17:22:02] [INFO ]   Saved: f1088stk30_section_cnn.png  (2700x1500px)
[17:22:02] [INFO ]   Step 1 complete
[17:22:02] [INFO ] 
[17:22:02] [INFO ] STEP 2 — Fault detection
[17:22:02] [INFO ]   Mode: single SA run (seed=50)
[17:22:04] [INFO ]   Detected 5 high-confidence faults
[17:22:04] [INFO ]     Fault  1 | trace ~  296 | prob=0.686
[17:22:04] [INFO ]     Fault  2 | trace ~  811 | prob=0.718
[17:22:04] [INFO ]     Fault  3 | trace ~ 1224 | prob=0.715
[17:22:04] [INFO ]     Fault  4 | trace ~ 1415 | prob=0.594
[17:22:04] [INFO ]     Fault  5 | trace ~ 1656 | prob=0.742
[17:22:04] [INFO ]   Step 2 complete
[17:22:04] [INFO ] 
[17:22:04] [INFO ] STEP 3 — Bounding boxes
[17:22:04] [INFO ]   Box  1 | [342, 789, 260w, 141h px]
[17:22:04] [INFO ]   Box  2 | [1141, 438, 314w, 135h px]
[17:22:04] [INFO ]   Box  3 | [1848, 209, 217w, 132h px]
[17:22:04] [INFO ]   Box  4 | [2080, 232, 380w, 141h px]
[17:22:04] [INFO ]   Box  5 | [2511, 212, 189w, 129h px]
[17:22:04] [INFO ]   Generated 5 boxes
[17:22:04] [INFO ]   Step 3 complete
[17:22:04] [INFO ] 
[17:22:04] [INFO ] STEP 4 — Dataset building
[17:22:04] [INFO ]   Saving labeled review image...
[17:22:04] [INFO ]   Saved: f1088stk30_labeled.png
[17:22:04] [INFO ]   Split: train
[17:22:04] [INFO ]   Added 5 annotations to train.json
[17:22:04] [INFO ]   train.json: 24 images, 338 annotations
[17:22:04] [INFO ]   val.json:   6 images,  112 annotations
[17:22:04] [INFO ]   Step 4 complete
[17:22:04] [INFO ] 
[17:22:04] [INFO ]   DONE  f1088stk30  →  train  |  5 faults  |  5 boxes
[17:22:04] [INFO ] 
[17:22:04] [INFO ] ──────────────────────────────────────────────────
[17:22:04] [INFO ]   LINE: f1088stk31
[17:22:04] [INFO ] ──────────────────────────────────────────────────
[17:22:04] [INFO ] Dataset  : namss.F-10-88-HW.mcs.airgun
[17:22:04] [INFO ] SGY      : ../../airgun_data/namss.F-10-88-HW.mcs.airgun/Data/f1088stk31.sgy
[17:22:04] [INFO ] NAV      : ../../airgun_data/namss.F-10-88-HW.mcs.airgun/Navigation/f-10-88-hw_NAV-WGS84.csv
[17:22:04] [INFO ] SA mode  : single (seed=50)
[17:22:04] [INFO ] 
[17:22:04] [INFO ] STEP 1 — Feature extraction
[17:22:04] [INFO ]   Loading navigation...
[17:22:04] [INFO ]   Loading SEG-Y...
[17:22:04] [INFO ]   Traces: 1416  Samples: 2250  dt: 4.000 ms
[17:22:04] [INFO ]   Depth:  0.0 m → 6747.0 m
[17:22:04] [INFO ]   Matching traces to navigation...
[17:22:04] [INFO ]   NAV line matched via translation: 'f1088stk31' -> '31'
[17:22:05] [INFO ]   Matched 1416 / 1416 traces
[17:22:05] [INFO ]   Bandpass filtering...
[17:22:05] [INFO ]   Computing seismic attributes...
[17:22:05] [INFO ]   Picking seafloor...
[17:22:05] [INFO ]   Seafloor depth: 798–3618 m  (0 shallow traces masked)
[17:22:05] [INFO ]   Picking horizons...
[17:22:05] [INFO ]   Computing NCC coherence (slow)...
[17:22:05] [INFO ]   Saving CNN section image...
[17:22:05] [INFO ]   Saved: f1088stk31_section_cnn.png  (2700x1500px)
[17:22:05] [INFO ]   Step 1 complete
[17:22:05] [INFO ] 
[17:22:05] [INFO ] STEP 2 — Fault detection
[17:22:05] [INFO ]   Mode: single SA run (seed=50)
[17:22:07] [INFO ]   Detected 5 high-confidence faults
[17:22:07] [INFO ]     Fault  1 | trace ~   94 | prob=0.694
[17:22:07] [INFO ]     Fault  2 | trace ~  368 | prob=0.607
[17:22:07] [INFO ]     Fault  3 | trace ~  578 | prob=0.724
[17:22:07] [INFO ]     Fault  4 | trace ~  874 | prob=0.550
[17:22:07] [INFO ]     Fault  5 | trace ~ 1162 | prob=0.639
[17:22:07] [INFO ]   Step 2 complete
[17:22:07] [INFO ] 
[17:22:07] [INFO ] STEP 3 — Bounding boxes
[17:22:07] [INFO ]   Box  1 | [18, 360, 337w, 144h px]
[17:22:07] [INFO ]   Box  2 | [527, 175, 376w, 161h px]
[17:22:07] [INFO ]   Box  3 | [998, 511, 214w, 151h px]
[17:22:07] [INFO ]   Box  4 | [1525, 469, 298w, 184h px]
[17:22:07] [INFO ]   Box  5 | [1998, 790, 402w, 147h px]
[17:22:07] [INFO ]   Generated 5 boxes
[17:22:07] [INFO ]   Step 3 complete
[17:22:07] [INFO ] 
[17:22:07] [INFO ] STEP 4 — Dataset building
[17:22:07] [INFO ]   Saving labeled review image...
[17:22:07] [INFO ]   Saved: f1088stk31_labeled.png
[17:22:07] [INFO ]   Split: val
[17:22:07] [INFO ]   Added 5 annotations to val.json
[17:22:07] [INFO ]   train.json: 24 images, 338 annotations
[17:22:07] [INFO ]   val.json:   7 images,  117 annotations
[17:22:07] [INFO ]   Step 4 complete
[17:22:07] [INFO ] 
[17:22:07] [INFO ]   DONE  f1088stk31  →  val  |  5 faults  |  5 boxes
[17:22:07] [INFO ] 
[17:22:07] [INFO ] ──────────────────────────────────────────────────
[17:22:07] [INFO ]   LINE: f1088stk32
[17:22:07] [INFO ] ──────────────────────────────────────────────────
[17:22:07] [INFO ] Dataset  : namss.F-10-88-HW.mcs.airgun
[17:22:07] [INFO ] SGY      : ../../airgun_data/namss.F-10-88-HW.mcs.airgun/Data/f1088stk32.sgy
[17:22:07] [INFO ] NAV      : ../../airgun_data/namss.F-10-88-HW.mcs.airgun/Navigation/f-10-88-hw_NAV-WGS84.csv
[17:22:07] [INFO ] SA mode  : single (seed=50)
[17:22:07] [INFO ] 
[17:22:07] [INFO ] STEP 1 — Feature extraction
[17:22:07] [INFO ]   Loading navigation...
[17:22:07] [INFO ]   Loading SEG-Y...
[17:22:08] [INFO ]   Traces: 3591  Samples: 2750  dt: 4.000 ms
[17:22:08] [INFO ]   Depth:  0.0 m → 8247.0 m
[17:22:08] [INFO ]   Matching traces to navigation...
[17:22:08] [INFO ]   NAV line matched via translation: 'f1088stk32' -> '32'
[17:22:08] [INFO ]   Matched 3591 / 3591 traces
[17:22:08] [INFO ]   Bandpass filtering...
[17:22:08] [INFO ]   Computing seismic attributes...
[17:22:08] [INFO ]   Picking seafloor...
[17:22:09] [INFO ]   Seafloor depth: 3009–4569 m  (0 shallow traces masked)
[17:22:09] [INFO ]   Picking horizons...
[17:22:09] [INFO ]   Computing NCC coherence (slow)...
[17:22:09] [INFO ]   Saving CNN section image...
[17:22:10] [INFO ]   Saved: f1088stk32_section_cnn.png  (2700x1500px)
[17:22:10] [INFO ]   Step 1 complete
[17:22:10] [INFO ] 
[17:22:10] [INFO ] STEP 2 — Fault detection
[17:22:10] [INFO ]   Mode: single SA run (seed=50)
[17:22:14] [INFO ]   Detected 7 high-confidence faults
[17:22:14] [INFO ]     Fault  1 | trace ~   25 | prob=0.799
[17:22:14] [INFO ]     Fault  2 | trace ~  297 | prob=0.725
[17:22:14] [INFO ]     Fault  3 | trace ~  538 | prob=0.768
[17:22:14] [INFO ]     Fault  4 | trace ~  901 | prob=0.726
[17:22:14] [INFO ]     Fault  5 | trace ~ 1141 | prob=0.667
[17:22:14] [INFO ]     Fault  6 | trace ~ 3115 | prob=0.682
[17:22:14] [INFO ]     Fault  7 | trace ~ 3369 | prob=0.710
[17:22:14] [INFO ]   Step 2 complete
[17:22:14] [INFO ] 
[17:22:14] [INFO ] STEP 3 — Bounding boxes
[17:22:14] [INFO ]   Box  1 | [0, 541, 75w, 128h px]
[17:22:14] [INFO ]   Box  2 | [132, 587, 176w, 133h px]
[17:22:14] [INFO ]   Box  3 | [330, 668, 153w, 128h px]
[17:22:14] [INFO ]   Box  4 | [572, 755, 212w, 130h px]
[17:22:14] [INFO ]   Box  5 | [792, 779, 128w, 128h px]
[17:22:14] [INFO ]   Box  6 | [2257, 796, 174w, 133h px]
[17:22:14] [INFO ]   Box  7 | [2456, 785, 161w, 125h px]
[17:22:14] [INFO ]   Generated 7 boxes
[17:22:14] [INFO ]   Step 3 complete
[17:22:14] [INFO ] 
[17:22:14] [INFO ] STEP 4 — Dataset building
[17:22:14] [INFO ]   Saving labeled review image...
[17:22:14] [INFO ]   Saved: f1088stk32_labeled.png
[17:22:14] [INFO ]   Split: train
[17:22:14] [INFO ]   Added 7 annotations to train.json
[17:22:14] [INFO ]   train.json: 25 images, 345 annotations
[17:22:14] [INFO ]   val.json:   7 images,  117 annotations
[17:22:14] [INFO ]   Step 4 complete
[17:22:14] [INFO ] 
[17:22:14] [INFO ]   DONE  f1088stk32  →  train  |  7 faults  |  7 boxes
[17:22:14] [INFO ] 
[17:22:14] [INFO ] ──────────────────────────────────────────────────
[17:22:14] [INFO ]   LINE: f1088stk33
[17:22:14] [INFO ] ──────────────────────────────────────────────────
[17:22:14] [INFO ] Dataset  : namss.F-10-88-HW.mcs.airgun
[17:22:14] [INFO ] SGY      : ../../airgun_data/namss.F-10-88-HW.mcs.airgun/Data/f1088stk33.sgy
[17:22:14] [INFO ] NAV      : ../../airgun_data/namss.F-10-88-HW.mcs.airgun/Navigation/f-10-88-hw_NAV-WGS84.csv
[17:22:14] [INFO ] SA mode  : single (seed=50)
[17:22:14] [INFO ] 
[17:22:14] [INFO ] STEP 1 — Feature extraction
[17:22:14] [INFO ]   Loading navigation...
[17:22:14] [INFO ]   Loading SEG-Y...
[17:22:14] [INFO ]   Traces: 891  Samples: 2750  dt: 4.000 ms
[17:22:14] [INFO ]   Depth:  0.0 m → 8247.0 m
[17:22:14] [INFO ]   Matching traces to navigation...
[17:22:14] [INFO ]   NAV line matched via translation: 'f1088stk33' -> '33'
[17:22:14] [INFO ]   Matched 891 / 891 traces
[17:22:14] [INFO ]   Bandpass filtering...
[17:22:14] [INFO ]   Computing seismic attributes...
[17:22:15] [INFO ]   Picking seafloor...
[17:22:15] [INFO ]   Seafloor depth: 4248–4422 m  (0 shallow traces masked)
[17:22:15] [INFO ]   Picking horizons...
[17:22:15] [INFO ]   Computing NCC coherence (slow)...
[17:22:15] [INFO ]   Saving CNN section image...
[17:22:15] [INFO ]   Saved: f1088stk33_section_cnn.png  (2700x1500px)
[17:22:15] [INFO ]   Step 1 complete
[17:22:15] [INFO ] 
[17:22:15] [INFO ] STEP 2 — Fault detection
[17:22:15] [INFO ]   Mode: single SA run (seed=50)
[17:22:16] [INFO ]   Detected 3 high-confidence faults
[17:22:16] [INFO ]     Fault  1 | trace ~  253 | prob=0.663
[17:22:16] [INFO ]     Fault  2 | trace ~  464 | prob=0.675
[17:22:16] [INFO ]     Fault  3 | trace ~  735 | prob=0.672
[17:22:16] [INFO ]   Step 2 complete
[17:22:16] [INFO ] 
[17:22:16] [INFO ] STEP 3 — Bounding boxes
[17:22:16] [INFO ]   Box  1 | [304, 775, 865w, 130h px]
[17:22:16] [INFO ]   Box  2 | [1139, 774, 577w, 130h px]
[17:22:16] [INFO ]   Box  3 | [1864, 790, 711w, 128h px]
[17:22:16] [INFO ]   Generated 3 boxes
[17:22:16] [INFO ]   Step 3 complete
[17:22:16] [INFO ] 
[17:22:16] [INFO ] STEP 4 — Dataset building
[17:22:16] [INFO ]   Saving labeled review image...
[17:22:16] [INFO ]   Saved: f1088stk33_labeled.png
[17:22:16] [INFO ]   Split: train
[17:22:16] [INFO ]   Added 3 annotations to train.json
[17:22:16] [INFO ]   train.json: 26 images, 348 annotations
[17:22:16] [INFO ]   val.json:   7 images,  117 annotations
[17:22:16] [INFO ]   Step 4 complete
[17:22:16] [INFO ] 
[17:22:16] [INFO ]   DONE  f1088stk33  →  train  |  3 faults  |  3 boxes
[17:22:16] [INFO ] 
[17:22:16] [INFO ] ──────────────────────────────────────────────────
[17:22:16] [INFO ]   LINE: f1088stk34
[17:22:16] [INFO ] ──────────────────────────────────────────────────
[17:22:16] [INFO ] Dataset  : namss.F-10-88-HW.mcs.airgun
[17:22:16] [INFO ] SGY      : ../../airgun_data/namss.F-10-88-HW.mcs.airgun/Data/f1088stk34.sgy
[17:22:16] [INFO ] NAV      : ../../airgun_data/namss.F-10-88-HW.mcs.airgun/Navigation/f-10-88-hw_NAV-WGS84.csv
[17:22:16] [INFO ] SA mode  : single (seed=50)
[17:22:16] [INFO ] 
[17:22:16] [INFO ] STEP 1 — Feature extraction
[17:22:16] [INFO ]   Loading navigation...
[17:22:16] [INFO ]   Loading SEG-Y...
[17:22:17] [INFO ]   Traces: 2521  Samples: 2750  dt: 4.000 ms
[17:22:17] [INFO ]   Depth:  0.0 m → 8247.0 m
[17:22:17] [INFO ]   Matching traces to navigation...
[17:22:17] [INFO ]   NAV line matched via translation: 'f1088stk34' -> '34'
[17:22:17] [INFO ]   Matched 2521 / 2521 traces
[17:22:17] [INFO ]   Bandpass filtering...
[17:22:17] [INFO ]   Computing seismic attributes...
[17:22:17] [INFO ]   Picking seafloor...
[17:22:17] [INFO ]   Seafloor depth: 3624–4557 m  (0 shallow traces masked)
[17:22:17] [INFO ]   Picking horizons...
[17:22:18] [INFO ]   Computing NCC coherence (slow)...
[17:22:18] [INFO ]   Saving CNN section image...
[17:22:18] [INFO ]   Saved: f1088stk34_section_cnn.png  (2700x1500px)
[17:22:18] [INFO ]   Step 1 complete
[17:22:18] [INFO ] 
[17:22:18] [INFO ] STEP 2 — Fault detection
[17:22:18] [INFO ]   Mode: single SA run (seed=50)
[17:22:21] [INFO ]   Detected 5 high-confidence faults
[17:22:21] [INFO ]     Fault  1 | trace ~  193 | prob=0.728
[17:22:21] [INFO ]     Fault  2 | trace ~  660 | prob=0.699
[17:22:21] [INFO ]     Fault  3 | trace ~ 1264 | prob=0.723
[17:22:21] [INFO ]     Fault  4 | trace ~ 2261 | prob=0.781
[17:22:21] [INFO ]     Fault  5 | trace ~ 2488 | prob=0.775
[17:22:21] [INFO ]   Step 2 complete
[17:22:21] [INFO ] 
[17:22:21] [INFO ] STEP 3 — Bounding boxes
[17:22:21] [INFO ]   Box  1 | [112, 794, 204w, 128h px]
[17:22:21] [INFO ]   Box  2 | [590, 810, 233w, 128h px]
[17:22:21] [INFO ]   Box  3 | [1195, 800, 288w, 130h px]
[17:22:21] [INFO ]   Box  4 | [2282, 695, 284w, 128h px]
[17:22:21] [INFO ]   Box  5 | [2596, 653, 104w, 122h px]
[17:22:21] [INFO ]   Generated 5 boxes
[17:22:21] [INFO ]   Step 3 complete
[17:22:21] [INFO ] 
[17:22:21] [INFO ] STEP 4 — Dataset building
[17:22:21] [INFO ]   Saving labeled review image...
[17:22:21] [INFO ]   Saved: f1088stk34_labeled.png
[17:22:21] [INFO ]   Split: train
[17:22:21] [INFO ]   Added 5 annotations to train.json
[17:22:21] [INFO ]   train.json: 27 images, 353 annotations
[17:22:21] [INFO ]   val.json:   7 images,  117 annotations
[17:22:21] [INFO ]   Step 4 complete
[17:22:21] [INFO ] 
[17:22:21] [INFO ]   DONE  f1088stk34  →  train  |  5 faults  |  5 boxes
[17:22:21] [INFO ] 
[17:22:21] [INFO ] ──────────────────────────────────────────────────
[17:22:21] [INFO ]   LINE: f1289stk01
[17:22:21] [INFO ] ──────────────────────────────────────────────────
[17:22:21] [INFO ] Dataset  : namss.F-12-89-HW.mcs.airgun
[17:22:21] [INFO ] SGY      : ../../airgun_data/namss.F-12-89-HW.mcs.airgun/Data/f1289stk01.sgy
[17:22:21] [INFO ] NAV      : ../../airgun_data/namss.F-12-89-HW.mcs.airgun/Navigation/f-12-89-hw_NAV-WGS84.csv
[17:22:21] [INFO ] SA mode  : single (seed=50)
[17:22:21] [INFO ] 
[17:22:21] [INFO ] STEP 1 — Feature extraction
[17:22:21] [INFO ]   Loading navigation...
[17:22:21] [INFO ]   Loading SEG-Y...
[17:22:21] [INFO ]   Traces: 6864  Samples: 2750  dt: 4.000 ms
[17:22:21] [INFO ]   Depth:  0.0 m → 8247.0 m
[17:22:21] [INFO ]   Matching traces to navigation...
[17:22:21] [INFO ]   NAV line matched via translation: 'f1289stk01' -> '1'
[17:22:22] [INFO ]   Matched 6864 / 6864 traces
[17:22:22] [INFO ]   Bandpass filtering...
[17:22:22] [INFO ]   Computing seismic attributes...
[17:22:23] [INFO ]   Picking seafloor...
[17:22:23] [INFO ]   Seafloor depth: 345–4365 m  (237 shallow traces masked)
[17:22:23] [INFO ]   Picking horizons...
[17:22:24] [INFO ]   Computing NCC coherence (slow)...
[17:22:24] [INFO ]   Saving CNN section image...
[17:22:26] [INFO ]   Saved: f1289stk01_section_cnn.png  (2700x1500px)
[17:22:26] [INFO ]   Step 1 complete
[17:22:26] [INFO ] 
[17:22:26] [INFO ] STEP 2 — Fault detection
[17:22:26] [INFO ]   Mode: single SA run (seed=50)
[17:22:33] [INFO ]   Detected 13 high-confidence faults
[17:22:33] [INFO ]     Fault  1 | trace ~  425 | prob=0.624
[17:22:33] [INFO ]     Fault  2 | trace ~ 1983 | prob=0.630
[17:22:33] [INFO ]     Fault  3 | trace ~ 3193 | prob=0.616
[17:22:33] [INFO ]     Fault  4 | trace ~ 3658 | prob=0.565
[17:22:33] [INFO ]     Fault  5 | trace ~ 3959 | prob=0.620
[17:22:33] [INFO ]     Fault  6 | trace ~ 4408 | prob=0.652
[17:22:33] [INFO ]     Fault  7 | trace ~ 4667 | prob=0.579
[17:22:33] [INFO ]     Fault  8 | trace ~ 4892 | prob=0.723
[17:22:33] [INFO ]     Fault  9 | trace ~ 5129 | prob=0.582
[17:22:33] [INFO ]     Fault 10 | trace ~ 5390 | prob=0.627
[17:22:33] [INFO ]     Fault 11 | trace ~ 5722 | prob=0.645
[17:22:33] [INFO ]     Fault 12 | trace ~ 6099 | prob=0.646
[17:22:33] [INFO ]     Fault 13 | trace ~ 6775 | prob=0.645
[17:22:33] [INFO ]   Step 2 complete
[17:22:33] [INFO ] 
[17:22:33] [INFO ] STEP 3 — Bounding boxes
[17:22:33] [INFO ]   Box  1 | [120, 762, 93w, 128h px]
[17:22:33] [INFO ]   Box  2 | [731, 698, 98w, 130h px]
[17:22:33] [INFO ]   Box  3 | [1206, 693, 99w, 130h px]
[17:22:33] [INFO ]   Box  4 | [1389, 290, 109w, 130h px]
[17:22:33] [INFO ]   Box  5 | [1510, 467, 98w, 122h px]
[17:22:33] [INFO ]   Box  6 | [1684, 534, 97w, 125h px]
[17:22:33] [INFO ]   Box  7 | [1788, 127, 92w, 125h px]
[17:22:33] [INFO ]   Box  8 | [1876, 72, 97w, 152h px]
[17:22:33] [INFO ]   Box  9 | [1967, 447, 99w, 133h px]
[17:22:33] [INFO ]   Box 10 | [2072, 576, 100w, 130h px]
[17:22:33] [INFO ]   Box 11 | [2204, 696, 97w, 128h px]
[17:22:33] [INFO ]   Box 12 | [2352, 687, 94w, 130h px]
[17:22:33] [INFO ]   Box 13 | [2614, 218, 86w, 125h px]
[17:22:33] [INFO ]   Generated 13 boxes
[17:22:33] [INFO ]   Step 3 complete
[17:22:33] [INFO ] 
[17:22:33] [INFO ] STEP 4 — Dataset building
[17:22:33] [INFO ]   Saving labeled review image...
[17:22:33] [INFO ]   Saved: f1289stk01_labeled.png
[17:22:33] [INFO ]   Split: train
[17:22:33] [INFO ]   Added 13 annotations to train.json
[17:22:33] [INFO ]   train.json: 28 images, 366 annotations
[17:22:33] [INFO ]   val.json:   7 images,  117 annotations
[17:22:33] [INFO ]   Step 4 complete
[17:22:33] [INFO ] 
[17:22:33] [INFO ]   DONE  f1289stk01  →  train  |  13 faults  |  13 boxes
[17:22:33] [INFO ] 
[17:22:33] [INFO ] ──────────────────────────────────────────────────
[17:22:33] [INFO ]   LINE: f1289stk02
[17:22:33] [INFO ] ──────────────────────────────────────────────────
[17:22:33] [INFO ] Dataset  : namss.F-12-89-HW.mcs.airgun
[17:22:33] [INFO ] SGY      : ../../airgun_data/namss.F-12-89-HW.mcs.airgun/Data/f1289stk02.sgy
[17:22:33] [INFO ] NAV      : ../../airgun_data/namss.F-12-89-HW.mcs.airgun/Navigation/f-12-89-hw_NAV-WGS84.csv
[17:22:33] [INFO ] SA mode  : single (seed=50)
[17:22:33] [INFO ] 
[17:22:33] [INFO ] STEP 1 — Feature extraction
[17:22:33] [INFO ]   Loading navigation...
[17:22:33] [INFO ]   Loading SEG-Y...
[17:22:33] [INFO ]   Traces: 730  Samples: 1750  dt: 4.000 ms
[17:22:33] [INFO ]   Depth:  0.0 m → 5247.0 m
[17:22:33] [INFO ]   Matching traces to navigation...
[17:22:33] [INFO ]   NAV line matched via translation: 'f1289stk02' -> '2'
[17:22:33] [INFO ]   Matched 730 / 730 traces
[17:22:33] [INFO ]   Bandpass filtering...
[17:22:34] [INFO ]   Computing seismic attributes...
[17:22:34] [INFO ]   Picking seafloor...
[17:22:34] [INFO ]   Seafloor depth: 891–1149 m  (0 shallow traces masked)
[17:22:34] [INFO ]   Picking horizons...
[17:22:34] [INFO ]   Computing NCC coherence (slow)...
[17:22:34] [INFO ]   Saving CNN section image...
[17:22:34] [INFO ]   Saved: f1289stk02_section_cnn.png  (2700x1500px)
[17:22:34] [INFO ]   Step 1 complete
[17:22:34] [INFO ] 
[17:22:34] [INFO ] STEP 2 — Fault detection
[17:22:34] [INFO ]   Mode: single SA run (seed=50)
[17:22:35] [INFO ]   Detected 3 high-confidence faults
[17:22:35] [INFO ]     Fault  1 | trace ~  161 | prob=0.729
[17:22:35] [INFO ]     Fault  2 | trace ~  456 | prob=0.711
[17:22:35] [INFO ]     Fault  3 | trace ~  681 | prob=0.693
[17:22:35] [INFO ]   Step 2 complete
[17:22:35] [INFO ] 
[17:22:35] [INFO ] STEP 3 — Bounding boxes
[17:22:35] [INFO ]   Box  1 | [341, 251, 553w, 191h px]
[17:22:35] [INFO ]   Box  2 | [1261, 269, 817w, 187h px]
[17:22:35] [INFO ]   Box  3 | [2190, 316, 510w, 183h px]
[17:22:35] [INFO ]   Generated 3 boxes
[17:22:35] [INFO ]   Step 3 complete
[17:22:35] [INFO ] 
[17:22:35] [INFO ] STEP 4 — Dataset building
[17:22:35] [INFO ]   Saving labeled review image...
[17:22:35] [INFO ]   Saved: f1289stk02_labeled.png
[17:22:35] [INFO ]   Split: val
[17:22:35] [INFO ]   Added 3 annotations to val.json
[17:22:35] [INFO ]   train.json: 28 images, 366 annotations
[17:22:35] [INFO ]   val.json:   8 images,  120 annotations
[17:22:35] [INFO ]   Step 4 complete
[17:22:35] [INFO ] 
[17:22:35] [INFO ]   DONE  f1289stk02  →  val  |  3 faults  |  3 boxes
[17:22:35] [INFO ] 
[17:22:35] [INFO ] ──────────────────────────────────────────────────
[17:22:35] [INFO ]   LINE: f1289stk03
[17:22:35] [INFO ] ──────────────────────────────────────────────────
[17:22:35] [INFO ] Dataset  : namss.F-12-89-HW.mcs.airgun
[17:22:35] [INFO ] SGY      : ../../airgun_data/namss.F-12-89-HW.mcs.airgun/Data/f1289stk03.sgy
[17:22:35] [INFO ] NAV      : ../../airgun_data/namss.F-12-89-HW.mcs.airgun/Navigation/f-12-89-hw_NAV-WGS84.csv
[17:22:35] [INFO ] SA mode  : single (seed=50)
[17:22:35] [INFO ] 
[17:22:35] [INFO ] STEP 1 — Feature extraction
[17:22:35] [INFO ]   Loading navigation...
[17:22:35] [INFO ]   Loading SEG-Y...
[17:22:36] [INFO ]   Traces: 715  Samples: 2750  dt: 4.000 ms
[17:22:36] [INFO ]   Depth:  0.0 m → 8247.0 m
[17:22:36] [INFO ]   Matching traces to navigation...
[17:22:36] [INFO ]   NAV line matched via translation: 'f1289stk03' -> '3'
[17:22:36] [INFO ]   Matched 0 / 715 traces
[17:22:36] [ERROR] SKIPPING f1289stk03 (namss.F-12-89-HW.mcs.airgun): No traces matched navigation — check line name vs NAV file.
[17:22:36] [ERROR]   Traceback (most recent call last):
[17:22:36] [ERROR]     File "/Users/lennylukach/Personal/School/CS4100/namss/pipeline/src/pipeline.py", line 848, in <module>
[17:22:36] [ERROR]       process_line(line, sgy_path, nav_path, dataset)
[17:22:36] [ERROR]     File "/Users/lennylukach/Personal/School/CS4100/namss/pipeline/src/pipeline.py", line 431, in process_line
[17:22:36] [ERROR]       raise RuntimeError(
[17:22:36] [ERROR]   RuntimeError: No traces matched navigation — check line name vs NAV file.
[17:22:36] [INFO ] 
[17:22:36] [INFO ] ──────────────────────────────────────────────────
[17:22:36] [INFO ]   LINE: f1289stk04
[17:22:36] [INFO ] ──────────────────────────────────────────────────
[17:22:36] [INFO ] Dataset  : namss.F-12-89-HW.mcs.airgun
[17:22:36] [INFO ] SGY      : ../../airgun_data/namss.F-12-89-HW.mcs.airgun/Data/f1289stk04.sgy
[17:22:36] [INFO ] NAV      : ../../airgun_data/namss.F-12-89-HW.mcs.airgun/Navigation/f-12-89-hw_NAV-WGS84.csv
[17:22:36] [INFO ] SA mode  : single (seed=50)
[17:22:36] [INFO ] 
[17:22:36] [INFO ] STEP 1 — Feature extraction
[17:22:36] [INFO ]   Loading navigation...
[17:22:36] [INFO ]   Loading SEG-Y...
[17:22:36] [INFO ]   Traces: 5992  Samples: 2500  dt: 4.000 ms
[17:22:36] [INFO ]   Depth:  0.0 m → 7497.0 m
[17:22:36] [INFO ]   Matching traces to navigation...
[17:22:36] [INFO ]   NAV line matched via translation: 'f1289stk04' -> '4'
[17:22:36] [INFO ]   Matched 5992 / 5992 traces
[17:22:36] [INFO ]   Bandpass filtering...
[17:22:37] [INFO ]   Computing seismic attributes...
[17:22:37] [INFO ]   Picking seafloor...
[17:22:38] [INFO ]   Seafloor depth: 0–4122 m  (10 shallow traces masked)
[17:22:38] [INFO ]   Picking horizons...
[17:22:38] [INFO ]   Computing NCC coherence (slow)...
[17:22:39] [INFO ]   Saving CNN section image...
[17:22:40] [INFO ]   Saved: f1289stk04_section_cnn.png  (2700x1500px)
[17:22:40] [INFO ]   Step 1 complete
[17:22:40] [INFO ] 
[17:22:40] [INFO ] STEP 2 — Fault detection
[17:22:40] [INFO ]   Mode: single SA run (seed=50)
[17:22:46] [INFO ]   Detected 13 high-confidence faults
[17:22:46] [INFO ]     Fault  1 | trace ~   73 | prob=0.616
[17:22:46] [INFO ]     Fault  2 | trace ~  477 | prob=0.608
[17:22:46] [INFO ]     Fault  3 | trace ~ 1610 | prob=0.699
[17:22:46] [INFO ]     Fault  4 | trace ~ 1852 | prob=0.695
[17:22:46] [INFO ]     Fault  5 | trace ~ 2121 | prob=0.719
[17:22:46] [INFO ]     Fault  6 | trace ~ 2441 | prob=0.580
[17:22:46] [INFO ]     Fault  7 | trace ~ 2654 | prob=0.642
[17:22:46] [INFO ]     Fault  8 | trace ~ 2886 | prob=0.585
[17:22:46] [INFO ]     Fault  9 | trace ~ 3379 | prob=0.582
[17:22:46] [INFO ]     Fault 10 | trace ~ 3623 | prob=0.637
[17:22:46] [INFO ]     Fault 11 | trace ~ 5158 | prob=0.604
[17:22:46] [INFO ]     Fault 12 | trace ~ 5367 | prob=0.669
[17:22:46] [INFO ]     Fault 13 | trace ~ 5837 | prob=0.741
[17:22:46] [INFO ]   Step 2 complete
[17:22:46] [INFO ] 
[17:22:46] [INFO ] STEP 3 — Bounding boxes
[17:22:46] [INFO ]   Box  1 | [0, 499, 86w, 132h px]
[17:22:46] [INFO ]   Box  2 | [154, 741, 120w, 144h px]
[17:22:46] [INFO ]   Box  3 | [676, 167, 103w, 141h px]
[17:22:46] [INFO ]   Box  4 | [780, 160, 106w, 141h px]
[17:22:46] [INFO ]   Box  5 | [902, 388, 109w, 141h px]
[17:22:46] [INFO ]   Box  6 | [1048, 433, 105w, 141h px]
[17:22:46] [INFO ]   Box  7 | [1144, 151, 103w, 138h px]
[17:22:46] [INFO ]   Box  8 | [1252, 190, 104w, 147h px]
[17:22:46] [INFO ]   Box  9 | [1465, 465, 109w, 144h px]
[17:22:46] [INFO ]   Box 10 | [1582, 543, 108w, 144h px]
[17:22:46] [INFO ]   Box 11 | [2262, 613, 118w, 129h px]
[17:22:46] [INFO ]   Box 12 | [2346, 514, 135w, 141h px]
[17:22:46] [INFO ]   Box 13 | [2578, 139, 105w, 144h px]
[17:22:46] [INFO ]   Generated 13 boxes
[17:22:46] [INFO ]   Step 3 complete
[17:22:46] [INFO ] 
[17:22:46] [INFO ] STEP 4 — Dataset building
[17:22:46] [INFO ]   Saving labeled review image...
[17:22:46] [INFO ]   Saved: f1289stk04_labeled.png
[17:22:46] [INFO ]   Split: train
[17:22:46] [INFO ]   Added 13 annotations to train.json
[17:22:46] [INFO ]   train.json: 29 images, 379 annotations
[17:22:46] [INFO ]   val.json:   8 images,  120 annotations
[17:22:46] [INFO ]   Step 4 complete
[17:22:46] [INFO ] 
[17:22:46] [INFO ]   DONE  f1289stk04  →  train  |  13 faults  |  13 boxes
[17:22:46] [INFO ] 
[17:22:46] [INFO ] ──────────────────────────────────────────────────
[17:22:46] [INFO ]   LINE: f1289stk05
[17:22:46] [INFO ] ──────────────────────────────────────────────────
[17:22:46] [INFO ] Dataset  : namss.F-12-89-HW.mcs.airgun
[17:22:46] [INFO ] SGY      : ../../airgun_data/namss.F-12-89-HW.mcs.airgun/Data/f1289stk05.sgy
[17:22:46] [INFO ] NAV      : ../../airgun_data/namss.F-12-89-HW.mcs.airgun/Navigation/f-12-89-hw_NAV-WGS84.csv
[17:22:46] [INFO ] SA mode  : single (seed=50)
[17:22:46] [INFO ] 
[17:22:46] [INFO ] STEP 1 — Feature extraction
[17:22:46] [INFO ]   Loading navigation...
[17:22:46] [INFO ]   Loading SEG-Y...
[17:22:46] [INFO ]   Traces: 855  Samples: 1500  dt: 4.000 ms
[17:22:46] [INFO ]   Depth:  0.0 m → 4497.0 m
[17:22:46] [INFO ]   Matching traces to navigation...
[17:22:46] [INFO ]   NAV line matched via translation: 'f1289stk05' -> '5'
[17:22:46] [INFO ]   Matched 660 / 855 traces
[17:22:46] [INFO ]   Bandpass filtering...
[17:22:46] [INFO ]   Computing seismic attributes...
[17:22:46] [INFO ]   Picking seafloor...
[17:22:46] [INFO ]   Seafloor depth: 636–840 m  (0 shallow traces masked)
[17:22:46] [INFO ]   Picking horizons...
[17:22:46] [INFO ]   Computing NCC coherence (slow)...
[17:22:46] [INFO ]   Saving CNN section image...
[17:22:47] [INFO ]   Saved: f1289stk05_section_cnn.png  (2700x1500px)
[17:22:47] [INFO ]   Step 1 complete
[17:22:47] [INFO ] 
[17:22:47] [INFO ] STEP 2 — Fault detection
[17:22:47] [INFO ]   Mode: single SA run (seed=50)
[17:22:48] [INFO ]   Detected 3 high-confidence faults
[17:22:48] [INFO ]     Fault  1 | trace ~   22 | prob=0.709
[17:22:48] [INFO ]     Fault  2 | trace ~  223 | prob=0.662
[17:22:48] [INFO ]     Fault  3 | trace ~  605 | prob=0.728
[17:22:48] [INFO ]   Step 2 complete
[17:22:48] [INFO ] 
[17:22:48] [INFO ] STEP 3 — Bounding boxes
[17:22:48] [INFO ]   Box  1 | [0, 211, 389w, 219h px]
[17:22:48] [INFO ]   Box  2 | [576, 252, 709w, 214h px]
[17:22:48] [INFO ]   Box  3 | [2104, 247, 596w, 209h px]
[17:22:48] [INFO ]   Generated 3 boxes
[17:22:48] [INFO ]   Step 3 complete
[17:22:48] [INFO ] 
[17:22:48] [INFO ] STEP 4 — Dataset building
[17:22:48] [INFO ]   Saving labeled review image...
[17:22:48] [INFO ]   Saved: f1289stk05_labeled.png
[17:22:48] [INFO ]   Split: train
[17:22:48] [INFO ]   Added 3 annotations to train.json
[17:22:48] [INFO ]   train.json: 30 images, 382 annotations
[17:22:48] [INFO ]   val.json:   8 images,  120 annotations
[17:22:48] [INFO ]   Step 4 complete
[17:22:48] [INFO ] 
[17:22:48] [INFO ]   DONE  f1289stk05  →  train  |  3 faults  |  3 boxes
[17:22:48] [INFO ] 
[17:22:48] [INFO ] ──────────────────────────────────────────────────
[17:22:48] [INFO ]   LINE: f1289stk06
[17:22:48] [INFO ] ──────────────────────────────────────────────────
[17:22:48] [INFO ] Dataset  : namss.F-12-89-HW.mcs.airgun
[17:22:48] [INFO ] SGY      : ../../airgun_data/namss.F-12-89-HW.mcs.airgun/Data/f1289stk06.sgy
[17:22:48] [INFO ] NAV      : ../../airgun_data/namss.F-12-89-HW.mcs.airgun/Navigation/f-12-89-hw_NAV-WGS84.csv
[17:22:48] [INFO ] SA mode  : single (seed=50)
[17:22:48] [INFO ] 
[17:22:48] [INFO ] STEP 1 — Feature extraction
[17:22:48] [INFO ]   Loading navigation...
[17:22:48] [INFO ]   Loading SEG-Y...
[17:22:48] [INFO ]   Traces: 12610  Samples: 2750  dt: 4.000 ms
[17:22:48] [INFO ]   Depth:  0.0 m → 8247.0 m
[17:22:48] [INFO ]   Matching traces to navigation...
[17:22:48] [INFO ]   NAV line matched via translation: 'f1289stk06' -> '6'
[17:22:49] [INFO ]   Matched 3892 / 12610 traces
[17:22:49] [INFO ]   Bandpass filtering...
[17:22:49] [INFO ]   Computing seismic attributes...
[17:22:50] [INFO ]   Picking seafloor...
[17:22:50] [INFO ]   Seafloor depth: 579–5151 m  (94 shallow traces masked)
[17:22:50] [INFO ]   Picking horizons...
[17:22:50] [INFO ]   Computing NCC coherence (slow)...
[17:22:51] [INFO ]   Saving CNN section image...
[17:22:51] [INFO ]   Saved: f1289stk06_section_cnn.png  (2700x1500px)
[17:22:51] [INFO ]   Step 1 complete
[17:22:51] [INFO ] 
[17:22:51] [INFO ] STEP 2 — Fault detection
[17:22:51] [INFO ]   Mode: single SA run (seed=50)
[17:22:55] [INFO ]   Detected 7 high-confidence faults
[17:22:55] [INFO ]     Fault  1 | trace ~   90 | prob=0.698
[17:22:55] [INFO ]     Fault  2 | trace ~  398 | prob=0.618
[17:22:55] [INFO ]     Fault  3 | trace ~  650 | prob=0.621
[17:22:55] [INFO ]     Fault  4 | trace ~  928 | prob=0.620
[17:22:55] [INFO ]     Fault  5 | trace ~ 2326 | prob=0.613
[17:22:55] [INFO ]     Fault  6 | trace ~ 3164 | prob=0.709
[17:22:55] [INFO ]     Fault  7 | trace ~ 3511 | prob=0.670
[17:22:55] [INFO ]   Step 2 complete
[17:22:55] [INFO ] 
[17:22:55] [INFO ] STEP 3 — Bounding boxes
[17:22:55] [INFO ]   Box  1 | [0, 154, 141w, 125h px]
[17:22:55] [INFO ]   Box  2 | [222, 511, 109w, 130h px]
[17:22:55] [INFO ]   Box  3 | [378, 661, 149w, 136h px]
[17:22:55] [INFO ]   Box  4 | [590, 695, 111w, 125h px]
[17:22:55] [INFO ]   Box  5 | [1524, 599, 177w, 133h px]
[17:22:55] [INFO ]   Box  6 | [2086, 130, 217w, 130h px]
[17:22:55] [INFO ]   Box  7 | [2374, 337, 144w, 130h px]
[17:22:55] [INFO ]   Generated 7 boxes
[17:22:55] [INFO ]   Step 3 complete
[17:22:55] [INFO ] 
[17:22:55] [INFO ] STEP 4 — Dataset building
[17:22:55] [INFO ]   Saving labeled review image...
[17:22:55] [INFO ]   Saved: f1289stk06_labeled.png
[17:22:55] [INFO ]   Split: train
[17:22:55] [INFO ]   Added 7 annotations to train.json
[17:22:55] [INFO ]   train.json: 31 images, 389 annotations
[17:22:55] [INFO ]   val.json:   8 images,  120 annotations
[17:22:55] [INFO ]   Step 4 complete
[17:22:55] [INFO ] 
[17:22:55] [INFO ]   DONE  f1289stk06  →  train  |  7 faults  |  7 boxes
[17:22:55] [INFO ] 
[17:22:55] [INFO ] ──────────────────────────────────────────────────
[17:22:55] [INFO ]   LINE: f1289stk07
[17:22:55] [INFO ] ──────────────────────────────────────────────────
[17:22:55] [INFO ] Dataset  : namss.F-12-89-HW.mcs.airgun
[17:22:55] [INFO ] SGY      : ../../airgun_data/namss.F-12-89-HW.mcs.airgun/Data/f1289stk07.sgy
[17:22:55] [INFO ] NAV      : ../../airgun_data/namss.F-12-89-HW.mcs.airgun/Navigation/f-12-89-hw_NAV-WGS84.csv
[17:22:55] [INFO ] SA mode  : single (seed=50)
[17:22:55] [INFO ] 
[17:22:55] [INFO ] STEP 1 — Feature extraction
[17:22:55] [INFO ]   Loading navigation...
[17:22:55] [INFO ]   Loading SEG-Y...
[17:22:56] [INFO ]   Traces: 598  Samples: 2250  dt: 4.000 ms
[17:22:56] [INFO ]   Depth:  0.0 m → 6747.0 m
[17:22:56] [INFO ]   Matching traces to navigation...
[17:22:56] [INFO ]   NAV line matched via translation: 'f1289stk07' -> '7'
[17:22:56] [INFO ]   Matched 0 / 598 traces
[17:22:56] [ERROR] SKIPPING f1289stk07 (namss.F-12-89-HW.mcs.airgun): No traces matched navigation — check line name vs NAV file.
[17:22:56] [ERROR]   Traceback (most recent call last):
[17:22:56] [ERROR]     File "/Users/lennylukach/Personal/School/CS4100/namss/pipeline/src/pipeline.py", line 848, in <module>
[17:22:56] [ERROR]       process_line(line, sgy_path, nav_path, dataset)
[17:22:56] [ERROR]     File "/Users/lennylukach/Personal/School/CS4100/namss/pipeline/src/pipeline.py", line 431, in process_line
[17:22:56] [ERROR]       raise RuntimeError(
[17:22:56] [ERROR]   RuntimeError: No traces matched navigation — check line name vs NAV file.
[17:22:56] [INFO ] 
[17:22:56] [INFO ] ──────────────────────────────────────────────────
[17:22:56] [INFO ]   LINE: f1289stk08
[17:22:56] [INFO ] ──────────────────────────────────────────────────
[17:22:56] [INFO ] Dataset  : namss.F-12-89-HW.mcs.airgun
[17:22:56] [INFO ] SGY      : ../../airgun_data/namss.F-12-89-HW.mcs.airgun/Data/f1289stk08.sgy
[17:22:56] [INFO ] NAV      : ../../airgun_data/namss.F-12-89-HW.mcs.airgun/Navigation/f-12-89-hw_NAV-WGS84.csv
[17:22:56] [INFO ] SA mode  : single (seed=50)
[17:22:56] [INFO ] 
[17:22:56] [INFO ] STEP 1 — Feature extraction
[17:22:56] [INFO ]   Loading navigation...
[17:22:56] [INFO ]   Loading SEG-Y...
[17:22:56] [INFO ]   Traces: 12723  Samples: 2750  dt: 4.000 ms
[17:22:56] [INFO ]   Depth:  0.0 m → 8247.0 m
[17:22:56] [INFO ]   Matching traces to navigation...
[17:22:56] [INFO ]   NAV line matched via translation: 'f1289stk08' -> '8'
[17:22:57] [INFO ]   Matched 12723 / 12723 traces
[17:22:57] [INFO ]   Bandpass filtering...
[17:22:58] [INFO ]   Computing seismic attributes...
[17:22:59] [INFO ]   Picking seafloor...
[17:23:00] [INFO ]   Seafloor depth: 735–5142 m  (0 shallow traces masked)
[17:23:00] [INFO ]   Picking horizons...
[17:23:01] [INFO ]   Computing NCC coherence (slow)...
[17:23:02] [INFO ]   Saving CNN section image...
[17:23:05] [INFO ]   Saved: f1289stk08_section_cnn.png  (2700x1500px)
[17:23:05] [INFO ]   Step 1 complete
[17:23:05] [INFO ] 
[17:23:05] [INFO ] STEP 2 — Fault detection
[17:23:05] [INFO ]   Mode: single SA run (seed=50)
[17:23:21] [INFO ]   Detected 32 high-confidence faults
[17:23:21] [INFO ]     Fault  1 | trace ~  130 | prob=0.667
[17:23:21] [INFO ]     Fault  2 | trace ~  325 | prob=0.685
[17:23:21] [INFO ]     Fault  3 | trace ~  582 | prob=0.679
[17:23:21] [INFO ]     Fault  4 | trace ~  783 | prob=0.679
[17:23:21] [INFO ]     Fault  5 | trace ~ 1106 | prob=0.680
[17:23:21] [INFO ]     Fault  6 | trace ~ 1362 | prob=0.645
[17:23:21] [INFO ]     Fault  7 | trace ~ 1675 | prob=0.646
[17:23:21] [INFO ]     Fault  8 | trace ~ 1896 | prob=0.671
[17:23:21] [INFO ]     Fault  9 | trace ~ 2132 | prob=0.644
[17:23:21] [INFO ]     Fault 10 | trace ~ 2467 | prob=0.677
[17:23:21] [INFO ]     Fault 11 | trace ~ 2702 | prob=0.641
[17:23:21] [INFO ]     Fault 12 | trace ~ 2953 | prob=0.654
[17:23:21] [INFO ]     Fault 13 | trace ~ 3332 | prob=0.632
[17:23:21] [INFO ]     Fault 14 | trace ~ 3545 | prob=0.653
[17:23:21] [INFO ]     Fault 15 | trace ~ 3775 | prob=0.607
[17:23:21] [INFO ]     Fault 16 | trace ~ 4253 | prob=0.631
[17:23:21] [INFO ]     Fault 17 | trace ~ 5053 | prob=0.634
[17:23:21] [INFO ]     Fault 18 | trace ~ 5335 | prob=0.667
[17:23:21] [INFO ]     Fault 19 | trace ~ 5596 | prob=0.654
[17:23:21] [INFO ]     Fault 20 | trace ~ 6134 | prob=0.651
[17:23:21] [INFO ]     Fault 21 | trace ~ 6420 | prob=0.658
[17:23:21] [INFO ]     Fault 22 | trace ~ 6819 | prob=0.649
[17:23:21] [INFO ]     Fault 23 | trace ~ 7238 | prob=0.665
[17:23:21] [INFO ]     Fault 24 | trace ~ 8076 | prob=0.669
[17:23:21] [INFO ]     Fault 25 | trace ~ 8375 | prob=0.650
[17:23:21] [INFO ]     Fault 26 | trace ~ 8814 | prob=0.628
[17:23:21] [INFO ]     Fault 27 | trace ~ 9109 | prob=0.671
[17:23:21] [INFO ]     Fault 28 | trace ~ 9338 | prob=0.615
[17:23:21] [INFO ]     Fault 29 | trace ~11850 | prob=0.661
[17:23:21] [INFO ]     Fault 30 | trace ~12165 | prob=0.633
[17:23:21] [INFO ]     Fault 31 | trace ~12363 | prob=0.603
[17:23:21] [INFO ]     Fault 32 | trace ~12603 | prob=0.729
[17:23:21] [INFO ]   Step 2 complete
[17:23:21] [INFO ] 
[17:23:21] [INFO ] STEP 3 — Bounding boxes
[17:23:21] [INFO ]   Box  1 | [0, 626, 72w, 128h px]
[17:23:21] [INFO ]   Box  2 | [21, 593, 100w, 125h px]
[17:23:21] [INFO ]   Box  3 | [79, 706, 89w, 130h px]
[17:23:21] [INFO ]   Box  4 | [119, 793, 92w, 133h px]
[17:23:21] [INFO ]   Box  5 | [190, 817, 89w, 128h px]
[17:23:21] [INFO ]   Box  6 | [245, 787, 88w, 130h px]
[17:23:21] [INFO ]   Box  7 | [310, 784, 91w, 128h px]
[17:23:21] [INFO ]   Box  8 | [359, 791, 91w, 133h px]
[17:23:21] [INFO ]   Box  9 | [408, 806, 89w, 130h px]
[17:23:21] [INFO ]   Box 10 | [476, 819, 93w, 130h px]
[17:23:21] [INFO ]   Box 11 | [528, 818, 90w, 133h px]
[17:23:21] [INFO ]   Box 12 | [582, 791, 95w, 136h px]
[17:23:21] [INFO ]   Box 13 | [663, 824, 89w, 128h px]
[17:23:21] [INFO ]   Box 14 | [707, 823, 92w, 133h px]
[17:23:21] [INFO ]   Box 15 | [755, 838, 90w, 130h px]
[17:23:21] [INFO ]   Box 16 | [856, 855, 94w, 130h px]
[17:23:21] [INFO ]   Box 17 | [1029, 866, 89w, 133h px]
[17:23:21] [INFO ]   Box 18 | [1089, 856, 87w, 130h px]
[17:23:21] [INFO ]   Box 19 | [1141, 851, 92w, 133h px]
[17:23:21] [INFO ]   Box 20 | [1254, 855, 93w, 130h px]
[17:23:21] [INFO ]   Box 21 | [1316, 870, 93w, 133h px]
[17:23:21] [INFO ]   Box 22 | [1403, 875, 92w, 130h px]
[17:23:21] [INFO ]   Box 23 | [1492, 865, 87w, 130h px]
[17:23:21] [INFO ]   Box 24 | [1671, 857, 86w, 133h px]
[17:23:21] [INFO ]   Box 25 | [1731, 871, 90w, 130h px]
[17:23:21] [INFO ]   Box 26 | [1826, 862, 97w, 130h px]
[17:23:21] [INFO ]   Box 27 | [1884, 876, 93w, 130h px]
[17:23:21] [INFO ]   Box 28 | [1935, 897, 93w, 130h px]
[17:23:21] [INFO ]   Box 29 | [2468, 886, 93w, 125h px]
[17:23:21] [INFO ]   Box 30 | [2538, 706, 87w, 122h px]
[17:23:21] [INFO ]   Box 31 | [2580, 547, 91w, 133h px]
[17:23:21] [INFO ]   Box 32 | [2631, 135, 69w, 136h px]
[17:23:21] [INFO ]   Generated 32 boxes
[17:23:21] [INFO ]   Step 3 complete
[17:23:21] [INFO ] 
[17:23:21] [INFO ] STEP 4 — Dataset building
[17:23:21] [INFO ]   Saving labeled review image...
[17:23:21] [INFO ]   Saved: f1289stk08_labeled.png
[17:23:21] [INFO ]   Split: train
[17:23:21] [INFO ]   Added 32 annotations to train.json
[17:23:21] [INFO ]   train.json: 32 images, 421 annotations
[17:23:21] [INFO ]   val.json:   8 images,  120 annotations
[17:23:21] [INFO ]   Step 4 complete
[17:23:21] [INFO ] 
[17:23:21] [INFO ]   DONE  f1289stk08  →  train  |  32 faults  |  32 boxes
[17:23:21] [INFO ] 
[17:23:21] [INFO ] ──────────────────────────────────────────────────
[17:23:21] [INFO ]   LINE: f1289stk09
[17:23:21] [INFO ] ──────────────────────────────────────────────────
[17:23:21] [INFO ] Dataset  : namss.F-12-89-HW.mcs.airgun
[17:23:21] [INFO ] SGY      : ../../airgun_data/namss.F-12-89-HW.mcs.airgun/Data/f1289stk09.sgy
[17:23:21] [INFO ] NAV      : ../../airgun_data/namss.F-12-89-HW.mcs.airgun/Navigation/f-12-89-hw_NAV-WGS84.csv
[17:23:21] [INFO ] SA mode  : single (seed=50)
[17:23:21] [INFO ] 
[17:23:21] [INFO ] STEP 1 — Feature extraction
[17:23:21] [INFO ]   Loading navigation...
[17:23:21] [INFO ]   Loading SEG-Y...
[17:23:21] [INFO ]   Traces: 354  Samples: 1750  dt: 4.000 ms
[17:23:21] [INFO ]   Depth:  0.0 m → 5247.0 m
[17:23:21] [INFO ]   Matching traces to navigation...
[17:23:21] [INFO ]   NAV line matched via translation: 'f1289stk09' -> '9'
[17:23:21] [INFO ]   Matched 0 / 354 traces
[17:23:21] [ERROR] SKIPPING f1289stk09 (namss.F-12-89-HW.mcs.airgun): No traces matched navigation — check line name vs NAV file.
[17:23:21] [ERROR]   Traceback (most recent call last):
[17:23:21] [ERROR]     File "/Users/lennylukach/Personal/School/CS4100/namss/pipeline/src/pipeline.py", line 848, in <module>
[17:23:21] [ERROR]       process_line(line, sgy_path, nav_path, dataset)
[17:23:21] [ERROR]     File "/Users/lennylukach/Personal/School/CS4100/namss/pipeline/src/pipeline.py", line 431, in process_line
[17:23:21] [ERROR]       raise RuntimeError(
[17:23:21] [ERROR]   RuntimeError: No traces matched navigation — check line name vs NAV file.
[17:23:21] [INFO ] 
[17:23:21] [INFO ] ──────────────────────────────────────────────────
[17:23:21] [INFO ]   LINE: f1289stk10
[17:23:21] [INFO ] ──────────────────────────────────────────────────
[17:23:21] [INFO ] Dataset  : namss.F-12-89-HW.mcs.airgun
[17:23:21] [INFO ] SGY      : ../../airgun_data/namss.F-12-89-HW.mcs.airgun/Data/f1289stk10.sgy
[17:23:21] [INFO ] NAV      : ../../airgun_data/namss.F-12-89-HW.mcs.airgun/Navigation/f-12-89-hw_NAV-WGS84.csv
[17:23:21] [INFO ] SA mode  : single (seed=50)
[17:23:21] [INFO ] 
[17:23:21] [INFO ] STEP 1 — Feature extraction
[17:23:21] [INFO ]   Loading navigation...
[17:23:21] [INFO ]   Loading SEG-Y...
[17:23:22] [INFO ]   Traces: 11635  Samples: 2750  dt: 4.000 ms
[17:23:22] [INFO ]   Depth:  0.0 m → 8247.0 m
[17:23:22] [INFO ]   Matching traces to navigation...
[17:23:22] [INFO ]   NAV line matched via translation: 'f1289stk10' -> '10'
[17:23:23] [INFO ]   Matched 11635 / 11635 traces
[17:23:23] [INFO ]   Bandpass filtering...
[17:23:23] [INFO ]   Computing seismic attributes...
[17:23:25] [INFO ]   Picking seafloor...
[17:23:26] [INFO ]   Seafloor depth: 1683–5082 m  (0 shallow traces masked)
[17:23:26] [INFO ]   Picking horizons...
[17:23:27] [INFO ]   Computing NCC coherence (slow)...
[17:23:28] [INFO ]   Saving CNN section image...
[17:23:30] [INFO ]   Saved: f1289stk10_section_cnn.png  (2700x1500px)
[17:23:30] [INFO ]   Step 1 complete
[17:23:30] [INFO ] 
[17:23:30] [INFO ] STEP 2 — Fault detection
[17:23:30] [INFO ]   Mode: single SA run (seed=50)
[17:23:42] [INFO ]   Detected 23 high-confidence faults
[17:23:42] [INFO ]     Fault  1 | trace ~  137 | prob=0.557
[17:23:42] [INFO ]     Fault  2 | trace ~  364 | prob=0.688
[17:23:42] [INFO ]     Fault  3 | trace ~  629 | prob=0.562
[17:23:42] [INFO ]     Fault  4 | trace ~ 1134 | prob=0.585
[17:23:42] [INFO ]     Fault  5 | trace ~ 2760 | prob=0.678
[17:23:42] [INFO ]     Fault  6 | trace ~ 3243 | prob=0.628
[17:23:42] [INFO ]     Fault  7 | trace ~ 4708 | prob=0.640
[17:23:42] [INFO ]     Fault  8 | trace ~ 5681 | prob=0.648
[17:23:42] [INFO ]     Fault  9 | trace ~ 6167 | prob=0.690
[17:23:42] [INFO ]     Fault 10 | trace ~ 6740 | prob=0.651
[17:23:42] [INFO ]     Fault 11 | trace ~ 7067 | prob=0.643
[17:23:42] [INFO ]     Fault 12 | trace ~ 7586 | prob=0.647
[17:23:42] [INFO ]     Fault 13 | trace ~ 7830 | prob=0.650
[17:23:42] [INFO ]     Fault 14 | trace ~ 8173 | prob=0.657
[17:23:42] [INFO ]     Fault 15 | trace ~ 8767 | prob=0.658
[17:23:42] [INFO ]     Fault 16 | trace ~ 9064 | prob=0.701
[17:23:42] [INFO ]     Fault 17 | trace ~ 9346 | prob=0.683
[17:23:42] [INFO ]     Fault 18 | trace ~ 9687 | prob=0.649
[17:23:42] [INFO ]     Fault 19 | trace ~ 9977 | prob=0.702
[17:23:42] [INFO ]     Fault 20 | trace ~10278 | prob=0.708
[17:23:42] [INFO ]     Fault 21 | trace ~10543 | prob=0.701
[17:23:42] [INFO ]     Fault 22 | trace ~11371 | prob=0.628
[17:23:42] [INFO ]     Fault 23 | trace ~11611 | prob=0.690
[17:23:42] [INFO ]   Step 2 complete
[17:23:42] [INFO ] 
[17:23:42] [INFO ] STEP 3 — Bounding boxes
[17:23:42] [INFO ]   Box  1 | [0, 370, 77w, 144h px]
[17:23:42] [INFO ]   Box  2 | [35, 724, 97w, 130h px]
[17:23:42] [INFO ]   Box  3 | [99, 821, 90w, 133h px]
[17:23:42] [INFO ]   Box  4 | [214, 911, 94w, 130h px]
[17:23:42] [INFO ]   Box  5 | [591, 898, 93w, 130h px]
[17:23:42] [INFO ]   Box  6 | [707, 894, 90w, 128h px]
[17:23:42] [INFO ]   Box  7 | [1043, 895, 97w, 133h px]
[17:23:42] [INFO ]   Box  8 | [1273, 888, 90w, 130h px]
[17:23:42] [INFO ]   Box  9 | [1386, 880, 91w, 128h px]
[17:23:42] [INFO ]   Box 10 | [1520, 877, 92w, 133h px]
[17:23:42] [INFO ]   Box 11 | [1594, 872, 92w, 130h px]
[17:23:42] [INFO ]   Box 12 | [1709, 863, 98w, 136h px]
[17:23:42] [INFO ]   Box 13 | [1774, 865, 88w, 130h px]
[17:23:42] [INFO ]   Box 14 | [1846, 865, 106w, 130h px]
[17:23:42] [INFO ]   Box 15 | [1990, 861, 89w, 133h px]
[17:23:42] [INFO ]   Box 16 | [2056, 848, 93w, 130h px]
[17:23:42] [INFO ]   Box 17 | [2124, 852, 90w, 133h px]
[17:23:42] [INFO ]   Box 18 | [2200, 846, 94w, 130h px]
[17:23:42] [INFO ]   Box 19 | [2271, 849, 91w, 130h px]
[17:23:42] [INFO ]   Box 20 | [2335, 851, 98w, 133h px]
[17:23:42] [INFO ]   Box 21 | [2397, 854, 101w, 128h px]
[17:23:42] [INFO ]   Box 22 | [2594, 826, 91w, 133h px]
[17:23:42] [INFO ]   Box 23 | [2648, 802, 52w, 125h px]
[17:23:42] [INFO ]   Generated 23 boxes
[17:23:42] [INFO ]   Step 3 complete
[17:23:42] [INFO ] 
[17:23:42] [INFO ] STEP 4 — Dataset building
[17:23:42] [INFO ]   Saving labeled review image...
[17:23:42] [INFO ]   Saved: f1289stk10_labeled.png
[17:23:42] [INFO ]   Split: train
[17:23:42] [INFO ]   Added 23 annotations to train.json
[17:23:42] [INFO ]   train.json: 33 images, 444 annotations
[17:23:42] [INFO ]   val.json:   8 images,  120 annotations
[17:23:42] [INFO ]   Step 4 complete
[17:23:42] [INFO ] 
[17:23:42] [INFO ]   DONE  f1289stk10  →  train  |  23 faults  |  23 boxes
[17:23:42] [INFO ] 
[17:23:42] [INFO ] ──────────────────────────────────────────────────
[17:23:42] [INFO ]   LINE: f1289stk11
[17:23:42] [INFO ] ──────────────────────────────────────────────────
[17:23:42] [INFO ] Dataset  : namss.F-12-89-HW.mcs.airgun
[17:23:42] [INFO ] SGY      : ../../airgun_data/namss.F-12-89-HW.mcs.airgun/Data/f1289stk11.sgy
[17:23:42] [INFO ] NAV      : ../../airgun_data/namss.F-12-89-HW.mcs.airgun/Navigation/f-12-89-hw_NAV-WGS84.csv
[17:23:42] [INFO ] SA mode  : single (seed=50)
[17:23:42] [INFO ] 
[17:23:42] [INFO ] STEP 1 — Feature extraction
[17:23:42] [INFO ]   Loading navigation...
[17:23:43] [INFO ]   Loading SEG-Y...
[17:23:43] [INFO ]   Traces: 604  Samples: 2750  dt: 4.000 ms
[17:23:43] [INFO ]   Depth:  0.0 m → 8247.0 m
[17:23:43] [INFO ]   Matching traces to navigation...
[17:23:43] [INFO ]   NAV line matched via translation: 'f1289stk11' -> '11'
[17:23:43] [INFO ]   Matched 0 / 604 traces
[17:23:43] [ERROR] SKIPPING f1289stk11 (namss.F-12-89-HW.mcs.airgun): No traces matched navigation — check line name vs NAV file.
[17:23:43] [ERROR]   Traceback (most recent call last):
[17:23:43] [ERROR]     File "/Users/lennylukach/Personal/School/CS4100/namss/pipeline/src/pipeline.py", line 848, in <module>
[17:23:43] [ERROR]       process_line(line, sgy_path, nav_path, dataset)
[17:23:43] [ERROR]     File "/Users/lennylukach/Personal/School/CS4100/namss/pipeline/src/pipeline.py", line 431, in process_line
[17:23:43] [ERROR]       raise RuntimeError(
[17:23:43] [ERROR]   RuntimeError: No traces matched navigation — check line name vs NAV file.
[17:23:43] [INFO ] 
[17:23:43] [INFO ] ──────────────────────────────────────────────────
[17:23:43] [INFO ]   LINE: f1289stk12
[17:23:43] [INFO ] ──────────────────────────────────────────────────
[17:23:43] [INFO ] Dataset  : namss.F-12-89-HW.mcs.airgun
[17:23:43] [INFO ] SGY      : ../../airgun_data/namss.F-12-89-HW.mcs.airgun/Data/f1289stk12.sgy
[17:23:43] [INFO ] NAV      : ../../airgun_data/namss.F-12-89-HW.mcs.airgun/Navigation/f-12-89-hw_NAV-WGS84.csv
[17:23:43] [INFO ] SA mode  : single (seed=50)
[17:23:43] [INFO ] 
[17:23:43] [INFO ] STEP 1 — Feature extraction
[17:23:43] [INFO ]   Loading navigation...
[17:23:43] [INFO ]   Loading SEG-Y...
[17:23:43] [INFO ]   Traces: 2418  Samples: 2750  dt: 4.000 ms
[17:23:43] [INFO ]   Depth:  0.0 m → 8247.0 m
[17:23:43] [INFO ]   Matching traces to navigation...
[17:23:43] [INFO ]   NAV line matched via translation: 'f1289stk12' -> '12'
[17:23:43] [INFO ]   Matched 2418 / 2418 traces
[17:23:43] [INFO ]   Bandpass filtering...
[17:23:43] [INFO ]   Computing seismic attributes...
[17:23:43] [INFO ]   Picking seafloor...
[17:23:44] [INFO ]   Seafloor depth: 2730–5016 m  (0 shallow traces masked)
[17:23:44] [INFO ]   Picking horizons...
[17:23:44] [INFO ]   Computing NCC coherence (slow)...
[17:23:44] [INFO ]   Saving CNN section image...
[17:23:44] [INFO ]   Saved: f1289stk12_section_cnn.png  (2700x1500px)
[17:23:44] [INFO ]   Step 1 complete
[17:23:44] [INFO ] 
[17:23:44] [INFO ] STEP 2 — Fault detection
[17:23:44] [INFO ]   Mode: single SA run (seed=50)
[17:23:47] [INFO ]   Detected 6 high-confidence faults
[17:23:47] [INFO ]     Fault  1 | trace ~ 1109 | prob=0.726
[17:23:47] [INFO ]     Fault  2 | trace ~ 1411 | prob=0.661
[17:23:47] [INFO ]     Fault  3 | trace ~ 1687 | prob=0.723
[17:23:47] [INFO ]     Fault  4 | trace ~ 1960 | prob=0.661
[17:23:47] [INFO ]     Fault  5 | trace ~ 2208 | prob=0.645
[17:23:47] [INFO ]     Fault  6 | trace ~ 2402 | prob=0.751
[17:23:47] [INFO ]   Step 2 complete
[17:23:47] [INFO ] 
[17:23:47] [INFO ] STEP 3 — Bounding boxes
[17:23:47] [INFO ]   Box  1 | [1154, 899, 167w, 128h px]
[17:23:47] [INFO ]   Box  2 | [1459, 858, 243w, 139h px]
[17:23:47] [INFO ]   Box  3 | [1769, 868, 224w, 128h px]
[17:23:47] [INFO ]   Box  4 | [2079, 781, 216w, 136h px]
[17:23:47] [INFO ]   Box  5 | [2294, 672, 315w, 125h px]
[17:23:47] [INFO ]   Box  6 | [2497, 491, 203w, 122h px]
[17:23:47] [INFO ]   Generated 6 boxes
[17:23:47] [INFO ]   Step 3 complete
[17:23:47] [INFO ] 
[17:23:47] [INFO ] STEP 4 — Dataset building
[17:23:47] [INFO ]   Saving labeled review image...
[17:23:47] [INFO ]   Saved: f1289stk12_labeled.png
[17:23:47] [INFO ]   Split: val
[17:23:47] [INFO ]   Added 6 annotations to val.json
[17:23:47] [INFO ]   train.json: 33 images, 444 annotations
[17:23:47] [INFO ]   val.json:   9 images,  126 annotations
[17:23:47] [INFO ]   Step 4 complete
[17:23:47] [INFO ] 
[17:23:47] [INFO ]   DONE  f1289stk12  →  val  |  6 faults  |  6 boxes
[17:23:47] [INFO ] 
[17:23:47] [INFO ] ──────────────────────────────────────────────────
[17:23:47] [INFO ]   LINE: f1289stk13
[17:23:47] [INFO ] ──────────────────────────────────────────────────
[17:23:47] [INFO ] Dataset  : namss.F-12-89-HW.mcs.airgun
[17:23:47] [INFO ] SGY      : ../../airgun_data/namss.F-12-89-HW.mcs.airgun/Data/f1289stk13.sgy
[17:23:47] [INFO ] NAV      : ../../airgun_data/namss.F-12-89-HW.mcs.airgun/Navigation/f-12-89-hw_NAV-WGS84.csv
[17:23:47] [INFO ] SA mode  : single (seed=50)
[17:23:47] [INFO ] 
[17:23:47] [INFO ] STEP 1 — Feature extraction
[17:23:47] [INFO ]   Loading navigation...
[17:23:47] [INFO ]   Loading SEG-Y...
[17:23:47] [INFO ]   Traces: 633  Samples: 2750  dt: 4.000 ms
[17:23:47] [INFO ]   Depth:  0.0 m → 8247.0 m
[17:23:47] [INFO ]   Matching traces to navigation...
[17:23:47] [INFO ]   NAV line matched via translation: 'f1289stk13' -> '13'
[17:23:47] [INFO ]   Matched 0 / 633 traces
[17:23:47] [ERROR] SKIPPING f1289stk13 (namss.F-12-89-HW.mcs.airgun): No traces matched navigation — check line name vs NAV file.
[17:23:47] [ERROR]   Traceback (most recent call last):
[17:23:47] [ERROR]     File "/Users/lennylukach/Personal/School/CS4100/namss/pipeline/src/pipeline.py", line 848, in <module>
[17:23:47] [ERROR]       process_line(line, sgy_path, nav_path, dataset)
[17:23:47] [ERROR]     File "/Users/lennylukach/Personal/School/CS4100/namss/pipeline/src/pipeline.py", line 431, in process_line
[17:23:47] [ERROR]       raise RuntimeError(
[17:23:47] [ERROR]   RuntimeError: No traces matched navigation — check line name vs NAV file.
[17:23:47] [INFO ] 
[17:23:47] [INFO ] ──────────────────────────────────────────────────
[17:23:47] [INFO ]   LINE: f1289stk14
[17:23:47] [INFO ] ──────────────────────────────────────────────────
[17:23:47] [INFO ] Dataset  : namss.F-12-89-HW.mcs.airgun
[17:23:47] [INFO ] SGY      : ../../airgun_data/namss.F-12-89-HW.mcs.airgun/Data/f1289stk14.sgy
[17:23:47] [INFO ] NAV      : ../../airgun_data/namss.F-12-89-HW.mcs.airgun/Navigation/f-12-89-hw_NAV-WGS84.csv
[17:23:47] [INFO ] SA mode  : single (seed=50)
[17:23:47] [INFO ] 
[17:23:47] [INFO ] STEP 1 — Feature extraction
[17:23:47] [INFO ]   Loading navigation...
[17:23:47] [INFO ]   Loading SEG-Y...
[17:23:47] [INFO ]   Traces: 4559  Samples: 2750  dt: 4.000 ms
[17:23:47] [INFO ]   Depth:  0.0 m → 8247.0 m
[17:23:47] [INFO ]   Matching traces to navigation...
[17:23:47] [INFO ]   NAV line matched via translation: 'f1289stk14' -> '14'
[17:23:48] [INFO ]   Matched 4559 / 4559 traces
[17:23:48] [INFO ]   Bandpass filtering...
[17:23:48] [INFO ]   Computing seismic attributes...
[17:23:49] [INFO ]   Picking seafloor...
[17:23:49] [INFO ]   Seafloor depth: 4080–4941 m  (0 shallow traces masked)
[17:23:49] [INFO ]   Picking horizons...
[17:23:49] [INFO ]   Computing NCC coherence (slow)...
[17:23:50] [INFO ]   Saving CNN section image...
[17:23:50] [INFO ]   Saved: f1289stk14_section_cnn.png  (2700x1500px)
[17:23:50] [INFO ]   Step 1 complete
[17:23:50] [INFO ] 
[17:23:50] [INFO ] STEP 2 — Fault detection
[17:23:50] [INFO ]   Mode: single SA run (seed=50)
[17:23:55] [INFO ]   Detected 8 high-confidence faults
[17:23:55] [INFO ]     Fault  1 | trace ~ 1450 | prob=0.717
[17:23:55] [INFO ]     Fault  2 | trace ~ 1739 | prob=0.686
[17:23:55] [INFO ]     Fault  3 | trace ~ 2085 | prob=0.760
[17:23:55] [INFO ]     Fault  4 | trace ~ 2388 | prob=0.693
[17:23:55] [INFO ]     Fault  5 | trace ~ 2734 | prob=0.697
[17:23:55] [INFO ]     Fault  6 | trace ~ 3782 | prob=0.707
[17:23:55] [INFO ]     Fault  7 | trace ~ 4030 | prob=0.663
[17:23:55] [INFO ]     Fault  8 | trace ~ 4448 | prob=0.647
[17:23:55] [INFO ]   Step 2 complete
[17:23:55] [INFO ] 
[17:23:55] [INFO ] STEP 3 — Bounding boxes
[17:23:55] [INFO ]   Box  1 | [799, 869, 111w, 133h px]
[17:23:55] [INFO ]   Box  2 | [981, 865, 97w, 130h px]
[17:23:55] [INFO ]   Box  3 | [1182, 856, 110w, 128h px]
[17:23:55] [INFO ]   Box  4 | [1332, 882, 157w, 125h px]
[17:23:55] [INFO ]   Box  5 | [1548, 883, 151w, 136h px]
[17:23:55] [INFO ]   Box  6 | [2184, 863, 112w, 130h px]
[17:23:55] [INFO ]   Box  7 | [2311, 850, 163w, 130h px]
[17:23:55] [INFO ]   Box  8 | [2582, 827, 104w, 133h px]
[17:23:55] [INFO ]   Generated 8 boxes
[17:23:55] [INFO ]   Step 3 complete
[17:23:55] [INFO ] 
[17:23:55] [INFO ] STEP 4 — Dataset building
[17:23:55] [INFO ]   Saving labeled review image...
[17:23:55] [INFO ]   Saved: f1289stk14_labeled.png
[17:23:55] [INFO ]   Split: train
[17:23:55] [INFO ]   Added 8 annotations to train.json
[17:23:55] [INFO ]   train.json: 34 images, 452 annotations
[17:23:55] [INFO ]   val.json:   9 images,  126 annotations
[17:23:55] [INFO ]   Step 4 complete
[17:23:55] [INFO ] 
[17:23:55] [INFO ]   DONE  f1289stk14  →  train  |  8 faults  |  8 boxes
[17:23:55] [INFO ] 
[17:23:55] [INFO ] ──────────────────────────────────────────────────
[17:23:55] [INFO ]   LINE: f1289stk15
[17:23:55] [INFO ] ──────────────────────────────────────────────────
[17:23:55] [INFO ] Dataset  : namss.F-12-89-HW.mcs.airgun
[17:23:55] [INFO ] SGY      : ../../airgun_data/namss.F-12-89-HW.mcs.airgun/Data/f1289stk15.sgy
[17:23:55] [INFO ] NAV      : ../../airgun_data/namss.F-12-89-HW.mcs.airgun/Navigation/f-12-89-hw_NAV-WGS84.csv
[17:23:55] [INFO ] SA mode  : single (seed=50)
[17:23:55] [INFO ] 
[17:23:55] [INFO ] STEP 1 — Feature extraction
[17:23:55] [INFO ]   Loading navigation...
[17:23:55] [INFO ]   Loading SEG-Y...
[17:23:55] [INFO ]   Traces: 578  Samples: 2750  dt: 4.000 ms
[17:23:55] [INFO ]   Depth:  0.0 m → 8247.0 m
[17:23:55] [INFO ]   Matching traces to navigation...
[17:23:55] [INFO ]   NAV line matched via translation: 'f1289stk15' -> '15'
[17:23:55] [INFO ]   Matched 0 / 578 traces
[17:23:55] [ERROR] SKIPPING f1289stk15 (namss.F-12-89-HW.mcs.airgun): No traces matched navigation — check line name vs NAV file.
[17:23:55] [ERROR]   Traceback (most recent call last):
[17:23:55] [ERROR]     File "/Users/lennylukach/Personal/School/CS4100/namss/pipeline/src/pipeline.py", line 848, in <module>
[17:23:55] [ERROR]       process_line(line, sgy_path, nav_path, dataset)
[17:23:55] [ERROR]     File "/Users/lennylukach/Personal/School/CS4100/namss/pipeline/src/pipeline.py", line 431, in process_line
[17:23:55] [ERROR]       raise RuntimeError(
[17:23:55] [ERROR]   RuntimeError: No traces matched navigation — check line name vs NAV file.
[17:23:55] [INFO ] 
[17:23:55] [INFO ] ──────────────────────────────────────────────────
[17:23:55] [INFO ]   LINE: f1289stk16
[17:23:55] [INFO ] ──────────────────────────────────────────────────
[17:23:55] [INFO ] Dataset  : namss.F-12-89-HW.mcs.airgun
[17:23:55] [INFO ] SGY      : ../../airgun_data/namss.F-12-89-HW.mcs.airgun/Data/f1289stk16.sgy
[17:23:55] [INFO ] NAV      : ../../airgun_data/namss.F-12-89-HW.mcs.airgun/Navigation/f-12-89-hw_NAV-WGS84.csv
[17:23:55] [INFO ] SA mode  : single (seed=50)
[17:23:55] [INFO ] 
[17:23:55] [INFO ] STEP 1 — Feature extraction
[17:23:55] [INFO ]   Loading navigation...
[17:23:55] [INFO ]   Loading SEG-Y...
[17:23:56] [INFO ]   Traces: 14021  Samples: 2750  dt: 4.000 ms
[17:23:56] [INFO ]   Depth:  0.0 m → 8247.0 m
[17:23:56] [INFO ]   Matching traces to navigation...
[17:23:56] [INFO ]   NAV line matched via translation: 'f1289stk16' -> '16'
[17:23:57] [INFO ]   Matched 14021 / 14021 traces
[17:23:57] [INFO ]   Bandpass filtering...
[17:23:58] [INFO ]   Computing seismic attributes...
[17:23:59] [INFO ]   Picking seafloor...
[17:24:00] [INFO ]   Seafloor depth: 0–4977 m  (2198 shallow traces masked)
[17:24:00] [INFO ]   Picking horizons...
[17:24:01] [INFO ]   Computing NCC coherence (slow)...
[17:24:02] [INFO ]   Saving CNN section image...
[17:24:05] [INFO ]   Saved: f1289stk16_section_cnn.png  (2700x1500px)
[17:24:05] [INFO ]   Step 1 complete
[17:24:05] [INFO ] 
[17:24:05] [INFO ] STEP 2 — Fault detection
[17:24:05] [INFO ]   Mode: single SA run (seed=50)
[17:24:22] [INFO ]   Detected 37 high-confidence faults
[17:24:22] [INFO ]     Fault  1 | trace ~   90 | prob=0.671
[17:24:22] [INFO ]     Fault  2 | trace ~  371 | prob=0.583
[17:24:22] [INFO ]     Fault  3 | trace ~  597 | prob=0.628
[17:24:22] [INFO ]     Fault  4 | trace ~  820 | prob=0.681
[17:24:22] [INFO ]     Fault  5 | trace ~ 1126 | prob=0.643
[17:24:22] [INFO ]     Fault  6 | trace ~ 1472 | prob=0.643
[17:24:22] [INFO ]     Fault  7 | trace ~ 1834 | prob=0.683
[17:24:22] [INFO ]     Fault  8 | trace ~ 2121 | prob=0.637
[17:24:22] [INFO ]     Fault  9 | trace ~ 2443 | prob=0.674
[17:24:22] [INFO ]     Fault 10 | trace ~ 2837 | prob=0.654
[17:24:22] [INFO ]     Fault 11 | trace ~ 3713 | prob=0.661
[17:24:22] [INFO ]     Fault 12 | trace ~ 3924 | prob=0.665
[17:24:22] [INFO ]     Fault 13 | trace ~ 4761 | prob=0.642
[17:24:22] [INFO ]     Fault 14 | trace ~ 5125 | prob=0.639
[17:24:22] [INFO ]     Fault 15 | trace ~ 5356 | prob=0.670
[17:24:22] [INFO ]     Fault 16 | trace ~ 5829 | prob=0.635
[17:24:22] [INFO ]     Fault 17 | trace ~ 6205 | prob=0.626
[17:24:22] [INFO ]     Fault 18 | trace ~ 6497 | prob=0.676
[17:24:22] [INFO ]     Fault 19 | trace ~ 6799 | prob=0.638
[17:24:22] [INFO ]     Fault 20 | trace ~ 7011 | prob=0.716
[17:24:22] [INFO ]     Fault 21 | trace ~ 7260 | prob=0.663
[17:24:22] [INFO ]     Fault 22 | trace ~ 7501 | prob=0.640
[17:24:22] [INFO ]     Fault 23 | trace ~ 7723 | prob=0.678
[17:24:22] [INFO ]     Fault 24 | trace ~ 8054 | prob=0.677
[17:24:22] [INFO ]     Fault 25 | trace ~ 8287 | prob=0.670
[17:24:22] [INFO ]     Fault 26 | trace ~ 8701 | prob=0.654
[17:24:22] [INFO ]     Fault 27 | trace ~ 8984 | prob=0.655
[17:24:22] [INFO ]     Fault 28 | trace ~ 9209 | prob=0.700
[17:24:22] [INFO ]     Fault 29 | trace ~ 9588 | prob=0.750
[17:24:22] [INFO ]     Fault 30 | trace ~ 9810 | prob=0.705
[17:24:22] [INFO ]     Fault 31 | trace ~10045 | prob=0.638
[17:24:22] [INFO ]     Fault 32 | trace ~10330 | prob=0.708
[17:24:22] [INFO ]     Fault 33 | trace ~12523 | prob=0.699
[17:24:22] [INFO ]     Fault 34 | trace ~12755 | prob=0.669
[17:24:22] [INFO ]     Fault 35 | trace ~13204 | prob=0.656
[17:24:22] [INFO ]     Fault 36 | trace ~13597 | prob=0.687
[17:24:22] [INFO ]     Fault 37 | trace ~13939 | prob=0.647
[17:24:22] [INFO ]   Step 2 complete
[17:24:22] [INFO ] 
[17:24:22] [INFO ] STEP 3 — Bounding boxes
[17:24:22] [INFO ]   Box  1 | [0, 860, 61w, 125h px]
[17:24:22] [INFO ]   Box  2 | [28, 880, 91w, 125h px]
[17:24:22] [INFO ]   Box  3 | [69, 876, 90w, 133h px]
[17:24:22] [INFO ]   Box  4 | [113, 852, 92w, 139h px]
[17:24:22] [INFO ]   Box  5 | [169, 862, 95w, 133h px]
[17:24:22] [INFO ]   Box  6 | [236, 885, 96w, 130h px]
[17:24:22] [INFO ]   Box  7 | [311, 886, 87w, 136h px]
[17:24:22] [INFO ]   Box  8 | [362, 887, 91w, 130h px]
[17:24:22] [INFO ]   Box  9 | [425, 885, 92w, 130h px]
[17:24:22] [INFO ]   Box 10 | [501, 889, 91w, 130h px]
[17:24:22] [INFO ]   Box 11 | [667, 887, 93w, 130h px]
[17:24:22] [INFO ]   Box 12 | [713, 887, 87w, 128h px]
[17:24:22] [INFO ]   Box 13 | [873, 890, 89w, 130h px]
[17:24:22] [INFO ]   Box 14 | [939, 893, 94w, 130h px]
[17:24:22] [INFO ]   Box 15 | [986, 892, 92w, 130h px]
[17:24:22] [INFO ]   Box 16 | [1078, 885, 89w, 130h px]
[17:24:22] [INFO ]   Box 17 | [1149, 885, 91w, 130h px]
[17:24:22] [INFO ]   Box 18 | [1199, 886, 100w, 133h px]
[17:24:22] [INFO ]   Box 19 | [1263, 881, 90w, 125h px]
[17:24:22] [INFO ]   Box 20 | [1306, 817, 90w, 133h px]
[17:24:22] [INFO ]   Box 21 | [1357, 866, 85w, 128h px]
[17:24:22] [INFO ]   Box 22 | [1400, 871, 88w, 128h px]
[17:24:22] [INFO ]   Box 23 | [1441, 874, 91w, 130h px]
[17:24:22] [INFO ]   Box 24 | [1506, 873, 93w, 130h px]
[17:24:22] [INFO ]   Box 25 | [1548, 872, 92w, 130h px]
[17:24:22] [INFO ]   Box 26 | [1631, 870, 92w, 128h px]
[17:24:22] [INFO ]   Box 27 | [1684, 864, 90w, 128h px]
[17:24:22] [INFO ]   Box 28 | [1727, 817, 94w, 125h px]
[17:24:22] [INFO ]   Box 29 | [1801, 625, 92w, 130h px]
[17:24:22] [INFO ]   Box 30 | [1844, 838, 90w, 119h px]
[17:24:22] [INFO ]   Box 31 | [1887, 854, 92w, 128h px]
[17:24:22] [INFO ]   Box 32 | [1943, 850, 92w, 150h px]
[17:24:22] [INFO ]   Box 33 | [2368, 823, 88w, 130h px]
[17:24:22] [INFO ]   Box 34 | [2413, 833, 89w, 128h px]
[17:24:22] [INFO ]   Box 35 | [2498, 826, 89w, 128h px]
[17:24:22] [INFO ]   Box 36 | [2576, 822, 86w, 125h px]
[17:24:22] [INFO ]   Box 37 | [2640, 821, 60w, 125h px]
[17:24:22] [INFO ]   Generated 37 boxes
[17:24:22] [INFO ]   Step 3 complete
[17:24:22] [INFO ] 
[17:24:22] [INFO ] STEP 4 — Dataset building
[17:24:22] [INFO ]   Saving labeled review image...
[17:24:23] [INFO ]   Saved: f1289stk16_labeled.png
[17:24:23] [INFO ]   Split: train
[17:24:23] [INFO ]   Added 37 annotations to train.json
[17:24:23] [INFO ]   train.json: 35 images, 489 annotations
[17:24:23] [INFO ]   val.json:   9 images,  126 annotations
[17:24:23] [INFO ]   Step 4 complete
[17:24:23] [INFO ] 
[17:24:23] [INFO ]   DONE  f1289stk16  →  train  |  37 faults  |  37 boxes
[17:24:23] [INFO ] 
[17:24:23] [INFO ] ──────────────────────────────────────────────────
[17:24:23] [INFO ]   LINE: f1289stk17
[17:24:23] [INFO ] ──────────────────────────────────────────────────
[17:24:23] [INFO ] Dataset  : namss.F-12-89-HW.mcs.airgun
[17:24:23] [INFO ] SGY      : ../../airgun_data/namss.F-12-89-HW.mcs.airgun/Data/f1289stk17.sgy
[17:24:23] [INFO ] NAV      : ../../airgun_data/namss.F-12-89-HW.mcs.airgun/Navigation/f-12-89-hw_NAV-WGS84.csv
[17:24:23] [INFO ] SA mode  : single (seed=50)
[17:24:23] [INFO ] 
[17:24:23] [INFO ] STEP 1 — Feature extraction
[17:24:23] [INFO ]   Loading navigation...
[17:24:23] [INFO ]   Loading SEG-Y...
[17:24:23] [ERROR] SKIPPING f1289stk17 (namss.F-12-89-HW.mcs.airgun): 'julday' out of bounds for year 1986: 0
[17:24:23] [ERROR]   Traceback (most recent call last):
[17:24:23] [ERROR]     File "/Users/lennylukach/Personal/School/CS4100/namss/pipeline/src/pipeline.py", line 848, in <module>
[17:24:23] [ERROR]       process_line(line, sgy_path, nav_path, dataset)
[17:24:23] [ERROR]     File "/Users/lennylukach/Personal/School/CS4100/namss/pipeline/src/pipeline.py", line 405, in process_line
[17:24:23] [ERROR]       st = read(sgy_path)
[17:24:23] [ERROR]     File "/Users/lennylukach/Personal/School/CS4100/namss/venv/lib/python3.10/site-packages/decorator.py", line 235, in fun
[17:24:23] [ERROR]       return caller(func, *(extras + args), **kw)
[17:24:23] [ERROR]     File "/Users/lennylukach/Personal/School/CS4100/namss/venv/lib/python3.10/site-packages/obspy/core/util/decorator.py", line 298, in _map_example_filename
[17:24:23] [ERROR]       return func(*args, **kwargs)
[17:24:23] [ERROR]     File "/Users/lennylukach/Personal/School/CS4100/namss/venv/lib/python3.10/site-packages/obspy/core/stream.py", line 210, in read
[17:24:23] [ERROR]       st = _generic_reader(pathname_or_url, _read, **kwargs)
[17:24:23] [ERROR]     File "/Users/lennylukach/Personal/School/CS4100/namss/venv/lib/python3.10/site-packages/obspy/core/util/base.py", line 822, in _generic_reader
[17:24:23] [ERROR]       generic = callback_func(pathnames[0], **kwargs)
[17:24:23] [ERROR]     File "/Users/lennylukach/Personal/School/CS4100/namss/venv/lib/python3.10/site-packages/decorator.py", line 235, in fun
[17:24:23] [ERROR]       return caller(func, *(extras + args), **kw)
[17:24:23] [ERROR]     File "/Users/lennylukach/Personal/School/CS4100/namss/venv/lib/python3.10/site-packages/obspy/core/util/decorator.py", line 209, in uncompress_file
[17:24:23] [ERROR]       result = func(filename, *args, **kwargs)
[17:24:23] [ERROR]     File "/Users/lennylukach/Personal/School/CS4100/namss/venv/lib/python3.10/site-packages/obspy/core/stream.py", line 255, in _read
[17:24:23] [ERROR]       stream, format = _read_from_plugin('waveform', filename, format=format,
[17:24:23] [ERROR]     File "/Users/lennylukach/Personal/School/CS4100/namss/venv/lib/python3.10/site-packages/obspy/core/util/base.py", line 559, in _read_from_plugin
[17:24:23] [ERROR]       list_obj = read_format(filename, **kwargs)
[17:24:23] [ERROR]     File "/Users/lennylukach/Personal/School/CS4100/namss/venv/lib/python3.10/site-packages/obspy/io/segy/core.py", line 204, in _read_segy
[17:24:23] [ERROR]       stream.append(tr.to_obspy_trace(
[17:24:23] [ERROR]     File "/Users/lennylukach/Personal/School/CS4100/namss/venv/lib/python3.10/site-packages/obspy/io/segy/segy.py", line 775, in to_obspy_trace
[17:24:23] [ERROR]       trace.stats.starttime = UTCDateTime(
[17:24:23] [ERROR]     File "/Users/lennylukach/Personal/School/CS4100/namss/venv/lib/python3.10/site-packages/obspy/core/utcdatetime.py", line 440, in __init__
[17:24:23] [ERROR]       raise ValueError(msg)
[17:24:23] [ERROR]   ValueError: 'julday' out of bounds for year 1986: 0
[17:24:23] [INFO ] 
[17:24:23] [INFO ] ──────────────────────────────────────────────────
[17:24:23] [INFO ]   LINE: f1289stk18
[17:24:23] [INFO ] ──────────────────────────────────────────────────
[17:24:23] [INFO ] Dataset  : namss.F-12-89-HW.mcs.airgun
[17:24:23] [INFO ] SGY      : ../../airgun_data/namss.F-12-89-HW.mcs.airgun/Data/f1289stk18.sgy
[17:24:23] [INFO ] NAV      : ../../airgun_data/namss.F-12-89-HW.mcs.airgun/Navigation/f-12-89-hw_NAV-WGS84.csv
[17:24:23] [INFO ] SA mode  : single (seed=50)
[17:24:23] [INFO ] 
[17:24:23] [INFO ] STEP 1 — Feature extraction
[17:24:23] [INFO ]   Loading navigation...
[17:24:23] [INFO ]   Loading SEG-Y...
[17:24:23] [INFO ]   Traces: 10874  Samples: 2750  dt: 4.000 ms
[17:24:23] [INFO ]   Depth:  0.0 m → 8247.0 m
[17:24:23] [INFO ]   Matching traces to navigation...
[17:24:23] [INFO ]   NAV line matched via translation: 'f1289stk18' -> '18'
[17:24:24] [INFO ]   Matched 10874 / 10874 traces
[17:24:24] [INFO ]   Bandpass filtering...
[17:24:25] [INFO ]   Computing seismic attributes...
[17:24:26] [INFO ]   Picking seafloor...
[17:24:27] [INFO ]   Seafloor depth: 2631–4989 m  (0 shallow traces masked)
[17:24:27] [INFO ]   Picking horizons...
[17:24:28] [INFO ]   Computing NCC coherence (slow)...
[17:24:29] [INFO ]   Saving CNN section image...
[17:24:31] [INFO ]   Saved: f1289stk18_section_cnn.png  (2700x1500px)
[17:24:31] [INFO ]   Step 1 complete
[17:24:31] [INFO ] 
[17:24:31] [INFO ] STEP 2 — Fault detection
[17:24:31] [INFO ]   Mode: single SA run (seed=50)
[17:24:45] [INFO ]   Detected 30 high-confidence faults
[17:24:45] [INFO ]     Fault  1 | trace ~  122 | prob=0.755
[17:24:45] [INFO ]     Fault  2 | trace ~  506 | prob=0.698
[17:24:45] [INFO ]     Fault  3 | trace ~  757 | prob=0.711
[17:24:45] [INFO ]     Fault  4 | trace ~  977 | prob=0.748
[17:24:45] [INFO ]     Fault  5 | trace ~ 1268 | prob=0.646
[17:24:45] [INFO ]     Fault  6 | trace ~ 1636 | prob=0.744
[17:24:45] [INFO ]     Fault  7 | trace ~ 1860 | prob=0.682
[17:24:45] [INFO ]     Fault  8 | trace ~ 2198 | prob=0.683
[17:24:45] [INFO ]     Fault  9 | trace ~ 2737 | prob=0.716
[17:24:45] [INFO ]     Fault 10 | trace ~ 2968 | prob=0.653
[17:24:45] [INFO ]     Fault 11 | trace ~ 3183 | prob=0.728
[17:24:45] [INFO ]     Fault 12 | trace ~ 3535 | prob=0.722
[17:24:45] [INFO ]     Fault 13 | trace ~ 3761 | prob=0.715
[17:24:45] [INFO ]     Fault 14 | trace ~ 4112 | prob=0.716
[17:24:45] [INFO ]     Fault 15 | trace ~ 4449 | prob=0.710
[17:24:45] [INFO ]     Fault 16 | trace ~ 4838 | prob=0.714
[17:24:45] [INFO ]     Fault 17 | trace ~ 5102 | prob=0.731
[17:24:45] [INFO ]     Fault 18 | trace ~ 5588 | prob=0.680
[17:24:45] [INFO ]     Fault 19 | trace ~ 6049 | prob=0.560
[17:24:45] [INFO ]     Fault 20 | trace ~ 6367 | prob=0.749
[17:24:45] [INFO ]     Fault 21 | trace ~ 6761 | prob=0.740
[17:24:45] [INFO ]     Fault 22 | trace ~ 7067 | prob=0.672
[17:24:45] [INFO ]     Fault 23 | trace ~ 7273 | prob=0.600
[17:24:45] [INFO ]     Fault 24 | trace ~ 7651 | prob=0.740
[17:24:45] [INFO ]     Fault 25 | trace ~ 8272 | prob=0.723
[17:24:45] [INFO ]     Fault 26 | trace ~ 8620 | prob=0.599
[17:24:45] [INFO ]     Fault 27 | trace ~ 9011 | prob=0.660
[17:24:45] [INFO ]     Fault 28 | trace ~ 9393 | prob=0.711
[17:24:45] [INFO ]     Fault 29 | trace ~10047 | prob=0.732
[17:24:45] [INFO ]     Fault 30 | trace ~10360 | prob=0.702
[17:24:45] [INFO ]   Step 2 complete
[17:24:45] [INFO ] 
[17:24:45] [INFO ] STEP 3 — Bounding boxes
[17:24:45] [INFO ]   Box  1 | [0, 774, 78w, 130h px]
[17:24:45] [INFO ]   Box  2 | [82, 786, 89w, 130h px]
[17:24:45] [INFO ]   Box  3 | [140, 790, 93w, 128h px]
[17:24:45] [INFO ]   Box  4 | [197, 787, 91w, 130h px]
[17:24:45] [INFO ]   Box  5 | [270, 783, 93w, 130h px]
[17:24:45] [INFO ]   Box  6 | [361, 786, 96w, 128h px]
[17:24:45] [INFO ]   Box  7 | [416, 812, 93w, 125h px]
[17:24:45] [INFO ]   Box  8 | [499, 812, 97w, 130h px]
[17:24:45] [INFO ]   Box  9 | [626, 812, 102w, 130h px]
[17:24:45] [INFO ]   Box 10 | [690, 816, 97w, 130h px]
[17:24:45] [INFO ]   Box 11 | [744, 824, 92w, 130h px]
[17:24:45] [INFO ]   Box 12 | [831, 824, 93w, 130h px]
[17:24:45] [INFO ]   Box 13 | [888, 817, 92w, 128h px]
[17:24:45] [INFO ]   Box 14 | [977, 817, 89w, 128h px]
[17:24:45] [INFO ]   Box 15 | [1060, 819, 91w, 125h px]
[17:24:45] [INFO ]   Box 16 | [1156, 850, 95w, 128h px]
[17:24:45] [INFO ]   Box 17 | [1221, 862, 94w, 128h px]
[17:24:45] [INFO ]   Box 18 | [1329, 794, 107w, 130h px]
[17:24:45] [INFO ]   Box 19 | [1455, 860, 90w, 128h px]
[17:24:45] [INFO ]   Box 20 | [1532, 846, 95w, 128h px]
[17:24:45] [INFO ]   Box 21 | [1633, 821, 90w, 128h px]
[17:24:45] [INFO ]   Box 22 | [1708, 589, 99w, 128h px]
[17:24:45] [INFO ]   Box 23 | [1755, 843, 100w, 125h px]
[17:24:45] [INFO ]   Box 24 | [1854, 503, 92w, 133h px]
[17:24:45] [INFO ]   Box 25 | [2006, 669, 99w, 128h px]
[17:24:45] [INFO ]   Box 26 | [2097, 871, 89w, 128h px]
[17:24:45] [INFO ]   Box 27 | [2190, 889, 94w, 133h px]
[17:24:45] [INFO ]   Box 28 | [2286, 889, 96w, 128h px]
[17:24:45] [INFO ]   Box 29 | [2451, 881, 90w, 130h px]
[17:24:45] [INFO ]   Box 30 | [2525, 891, 94w, 128h px]
[17:24:45] [INFO ]   Generated 30 boxes
[17:24:45] [INFO ]   Step 3 complete
[17:24:45] [INFO ] 
[17:24:45] [INFO ] STEP 4 — Dataset building
[17:24:45] [INFO ]   Saving labeled review image...
[17:24:45] [INFO ]   Saved: f1289stk18_labeled.png
[17:24:45] [INFO ]   Split: train
[17:24:45] [INFO ]   Added 30 annotations to train.json
[17:24:45] [INFO ]   train.json: 36 images, 519 annotations
[17:24:45] [INFO ]   val.json:   9 images,  126 annotations
[17:24:45] [INFO ]   Step 4 complete
[17:24:45] [INFO ] 
[17:24:45] [INFO ]   DONE  f1289stk18  →  train  |  30 faults  |  30 boxes
[17:24:45] [INFO ] 
[17:24:45] [INFO ] ──────────────────────────────────────────────────
[17:24:45] [INFO ]   LINE: f1289stk19
[17:24:45] [INFO ] ──────────────────────────────────────────────────
[17:24:45] [INFO ] Dataset  : namss.F-12-89-HW.mcs.airgun
[17:24:45] [INFO ] SGY      : ../../airgun_data/namss.F-12-89-HW.mcs.airgun/Data/f1289stk19.sgy
[17:24:45] [INFO ] NAV      : ../../airgun_data/namss.F-12-89-HW.mcs.airgun/Navigation/f-12-89-hw_NAV-WGS84.csv
[17:24:45] [INFO ] SA mode  : single (seed=50)
[17:24:45] [INFO ] 
[17:24:45] [INFO ] STEP 1 — Feature extraction
[17:24:45] [INFO ]   Loading navigation...
[17:24:45] [INFO ]   Loading SEG-Y...
[17:24:45] [INFO ]   Traces: 700  Samples: 2750  dt: 4.000 ms
[17:24:45] [INFO ]   Depth:  0.0 m → 8247.0 m
[17:24:45] [INFO ]   Matching traces to navigation...
[17:24:45] [INFO ]   NAV line matched via translation: 'f1289stk19' -> '19'
[17:24:45] [INFO ]   Matched 0 / 700 traces
[17:24:45] [ERROR] SKIPPING f1289stk19 (namss.F-12-89-HW.mcs.airgun): No traces matched navigation — check line name vs NAV file.
[17:24:45] [ERROR]   Traceback (most recent call last):
[17:24:45] [ERROR]     File "/Users/lennylukach/Personal/School/CS4100/namss/pipeline/src/pipeline.py", line 848, in <module>
[17:24:45] [ERROR]       process_line(line, sgy_path, nav_path, dataset)
[17:24:45] [ERROR]     File "/Users/lennylukach/Personal/School/CS4100/namss/pipeline/src/pipeline.py", line 431, in process_line
[17:24:45] [ERROR]       raise RuntimeError(
[17:24:45] [ERROR]   RuntimeError: No traces matched navigation — check line name vs NAV file.
[17:24:45] [INFO ] 
[17:24:45] [INFO ] ──────────────────────────────────────────────────
[17:24:45] [INFO ]   LINE: f1289stk20
[17:24:45] [INFO ] ──────────────────────────────────────────────────
[17:24:45] [INFO ] Dataset  : namss.F-12-89-HW.mcs.airgun
[17:24:45] [INFO ] SGY      : ../../airgun_data/namss.F-12-89-HW.mcs.airgun/Data/f1289stk20.sgy
[17:24:45] [INFO ] NAV      : ../../airgun_data/namss.F-12-89-HW.mcs.airgun/Navigation/f-12-89-hw_NAV-WGS84.csv
[17:24:45] [INFO ] SA mode  : single (seed=50)
[17:24:45] [INFO ] 
[17:24:45] [INFO ] STEP 1 — Feature extraction
[17:24:45] [INFO ]   Loading navigation...
[17:24:45] [INFO ]   Loading SEG-Y...
[17:24:45] [INFO ]   Traces: 10675  Samples: 2750  dt: 4.000 ms
[17:24:45] [INFO ]   Depth:  0.0 m → 8247.0 m
[17:24:45] [INFO ]   Matching traces to navigation...
[17:24:45] [INFO ]   NAV line matched via translation: 'f1289stk20' -> '20'
[17:24:46] [INFO ]   Matched 10675 / 10675 traces
[17:24:46] [INFO ]   Bandpass filtering...
[17:24:47] [INFO ]   Computing seismic attributes...
[17:24:48] [INFO ]   Picking seafloor...
[17:24:49] [INFO ]   Seafloor depth: 2298–5001 m  (0 shallow traces masked)
[17:24:49] [INFO ]   Picking horizons...
[17:24:50] [INFO ]   Computing NCC coherence (slow)...
[17:24:51] [INFO ]   Saving CNN section image...
[17:24:53] [INFO ]   Saved: f1289stk20_section_cnn.png  (2700x1500px)
[17:24:53] [INFO ]   Step 1 complete
[17:24:53] [INFO ] 
[17:24:53] [INFO ] STEP 2 — Fault detection
[17:24:53] [INFO ]   Mode: single SA run (seed=50)
[17:25:07] [INFO ]   Detected 34 high-confidence faults
[17:25:07] [INFO ]     Fault  1 | trace ~   36 | prob=0.694
[17:25:07] [INFO ]     Fault  2 | trace ~  491 | prob=0.676
[17:25:07] [INFO ]     Fault  3 | trace ~  854 | prob=0.645
[17:25:07] [INFO ]     Fault  4 | trace ~ 1354 | prob=0.711
[17:25:07] [INFO ]     Fault  5 | trace ~ 1729 | prob=0.741
[17:25:07] [INFO ]     Fault  6 | trace ~ 2140 | prob=0.693
[17:25:07] [INFO ]     Fault  7 | trace ~ 2547 | prob=0.731
[17:25:07] [INFO ]     Fault  8 | trace ~ 2916 | prob=0.723
[17:25:07] [INFO ]     Fault  9 | trace ~ 3428 | prob=0.694
[17:25:07] [INFO ]     Fault 10 | trace ~ 3641 | prob=0.586
[17:25:07] [INFO ]     Fault 11 | trace ~ 3867 | prob=0.716
[17:25:07] [INFO ]     Fault 12 | trace ~ 4123 | prob=0.712
[17:25:07] [INFO ]     Fault 13 | trace ~ 4489 | prob=0.686
[17:25:07] [INFO ]     Fault 14 | trace ~ 4849 | prob=0.702
[17:25:07] [INFO ]     Fault 15 | trace ~ 5075 | prob=0.722
[17:25:07] [INFO ]     Fault 16 | trace ~ 5324 | prob=0.715
[17:25:07] [INFO ]     Fault 17 | trace ~ 5733 | prob=0.725
[17:25:07] [INFO ]     Fault 18 | trace ~ 5952 | prob=0.707
[17:25:07] [INFO ]     Fault 19 | trace ~ 6160 | prob=0.671
[17:25:07] [INFO ]     Fault 20 | trace ~ 6398 | prob=0.728
[17:25:07] [INFO ]     Fault 21 | trace ~ 6850 | prob=0.724
[17:25:07] [INFO ]     Fault 22 | trace ~ 7059 | prob=0.728
[17:25:07] [INFO ]     Fault 23 | trace ~ 7315 | prob=0.740
[17:25:07] [INFO ]     Fault 24 | trace ~ 7754 | prob=0.708
[17:25:07] [INFO ]     Fault 25 | trace ~ 8017 | prob=0.739
[17:25:07] [INFO ]     Fault 26 | trace ~ 8336 | prob=0.672
[17:25:07] [INFO ]     Fault 27 | trace ~ 8604 | prob=0.725
[17:25:07] [INFO ]     Fault 28 | trace ~ 8838 | prob=0.694
[17:25:07] [INFO ]     Fault 29 | trace ~ 9230 | prob=0.693
[17:25:07] [INFO ]     Fault 30 | trace ~ 9458 | prob=0.737
[17:25:07] [INFO ]     Fault 31 | trace ~ 9734 | prob=0.750
[17:25:07] [INFO ]     Fault 32 | trace ~10142 | prob=0.725
[17:25:07] [INFO ]     Fault 33 | trace ~10348 | prob=0.745
[17:25:07] [INFO ]     Fault 34 | trace ~10592 | prob=0.733
[17:25:07] [INFO ]   Step 2 complete
[17:25:07] [INFO ] 
[17:25:07] [INFO ] STEP 3 — Bounding boxes
[17:25:07] [INFO ]   Box  1 | [0, 887, 58w, 125h px]
[17:25:07] [INFO ]   Box  2 | [75, 892, 97w, 128h px]
[17:25:07] [INFO ]   Box  3 | [167, 893, 102w, 130h px]
[17:25:07] [INFO ]   Box  4 | [298, 881, 92w, 133h px]
[17:25:07] [INFO ]   Box  5 | [393, 885, 91w, 128h px]
[17:25:07] [INFO ]   Box  6 | [495, 884, 99w, 130h px]
[17:25:07] [INFO ]   Box  7 | [598, 893, 94w, 130h px]
[17:25:07] [INFO ]   Box  8 | [691, 894, 92w, 130h px]
[17:25:07] [INFO ]   Box  9 | [818, 898, 96w, 130h px]
[17:25:07] [INFO ]   Box 10 | [875, 872, 90w, 130h px]
[17:25:07] [INFO ]   Box 11 | [933, 877, 89w, 128h px]
[17:25:07] [INFO ]   Box 12 | [994, 865, 98w, 130h px]
[17:25:07] [INFO ]   Box 13 | [1083, 865, 99w, 130h px]
[17:25:07] [INFO ]   Box 14 | [1181, 864, 95w, 130h px]
[17:25:07] [INFO ]   Box 15 | [1236, 868, 98w, 130h px]
[17:25:07] [INFO ]   Box 16 | [1301, 858, 96w, 130h px]
[17:25:07] [INFO ]   Box 17 | [1402, 409, 93w, 139h px]
[17:25:07] [INFO ]   Box 18 | [1459, 715, 93w, 122h px]
[17:25:07] [INFO ]   Box 19 | [1512, 814, 94w, 136h px]
[17:25:07] [INFO ]   Box 20 | [1570, 837, 97w, 130h px]
[17:25:07] [INFO ]   Box 21 | [1688, 815, 89w, 128h px]
[17:25:07] [INFO ]   Box 22 | [1739, 813, 95w, 130h px]
[17:25:07] [INFO ]   Box 23 | [1805, 811, 93w, 128h px]
[17:25:07] [INFO ]   Box 24 | [1915, 814, 93w, 130h px]
[17:25:07] [INFO ]   Box 25 | [1983, 820, 95w, 130h px]
[17:25:07] [INFO ]   Box 26 | [2062, 812, 97w, 128h px]
[17:25:07] [INFO ]   Box 27 | [2121, 804, 104w, 130h px]
[17:25:07] [INFO ]   Box 28 | [2188, 791, 94w, 130h px]
[17:25:07] [INFO ]   Box 29 | [2289, 789, 101w, 133h px]
[17:25:07] [INFO ]   Box 30 | [2347, 796, 95w, 130h px]
[17:25:07] [INFO ]   Box 31 | [2415, 803, 93w, 125h px]
[17:25:07] [INFO ]   Box 32 | [2521, 810, 92w, 130h px]
[17:25:07] [INFO ]   Box 33 | [2573, 802, 90w, 128h px]
[17:25:07] [INFO ]   Box 34 | [2632, 772, 68w, 125h px]
[17:25:07] [INFO ]   Generated 34 boxes
[17:25:07] [INFO ]   Step 3 complete
[17:25:07] [INFO ] 
[17:25:07] [INFO ] STEP 4 — Dataset building
[17:25:07] [INFO ]   Saving labeled review image...
[17:25:07] [INFO ]   Saved: f1289stk20_labeled.png
[17:25:07] [INFO ]   Split: train
[17:25:07] [INFO ]   Added 34 annotations to train.json
[17:25:07] [INFO ]   train.json: 37 images, 553 annotations
[17:25:07] [INFO ]   val.json:   9 images,  126 annotations
[17:25:07] [INFO ]   Step 4 complete
[17:25:07] [INFO ] 
[17:25:07] [INFO ]   DONE  f1289stk20  →  train  |  34 faults  |  34 boxes
[17:25:07] [INFO ] 
[17:25:07] [INFO ] ──────────────────────────────────────────────────
[17:25:07] [INFO ]   LINE: f1289stk21
[17:25:07] [INFO ] ──────────────────────────────────────────────────
[17:25:07] [INFO ] Dataset  : namss.F-12-89-HW.mcs.airgun
[17:25:07] [INFO ] SGY      : ../../airgun_data/namss.F-12-89-HW.mcs.airgun/Data/f1289stk21.sgy
[17:25:07] [INFO ] NAV      : ../../airgun_data/namss.F-12-89-HW.mcs.airgun/Navigation/f-12-89-hw_NAV-WGS84.csv
[17:25:07] [INFO ] SA mode  : single (seed=50)
[17:25:07] [INFO ] 
[17:25:07] [INFO ] STEP 1 — Feature extraction
[17:25:07] [INFO ]   Loading navigation...
[17:25:07] [INFO ]   Loading SEG-Y...
[17:25:07] [INFO ]   Traces: 653  Samples: 2750  dt: 4.000 ms
[17:25:07] [INFO ]   Depth:  0.0 m → 8247.0 m
[17:25:07] [INFO ]   Matching traces to navigation...
[17:25:07] [INFO ]   NAV line matched via translation: 'f1289stk21' -> '21'
[17:25:07] [INFO ]   Matched 653 / 653 traces
[17:25:07] [INFO ]   Bandpass filtering...
[17:25:07] [INFO ]   Computing seismic attributes...
[17:25:07] [INFO ]   Picking seafloor...
[17:25:07] [INFO ]   Seafloor depth: 3141–4536 m  (0 shallow traces masked)
[17:25:07] [INFO ]   Picking horizons...
[17:25:07] [INFO ]   Computing NCC coherence (slow)...
[17:25:07] [INFO ]   Saving CNN section image...
[17:25:08] [INFO ]   Saved: f1289stk21_section_cnn.png  (2700x1500px)
[17:25:08] [INFO ]   Step 1 complete
[17:25:08] [INFO ] 
[17:25:08] [INFO ] STEP 2 — Fault detection
[17:25:08] [INFO ]   Mode: single SA run (seed=50)
[17:25:09] [INFO ]   Detected 2 high-confidence faults
[17:25:09] [INFO ]     Fault  1 | trace ~  143 | prob=0.744
[17:25:09] [INFO ]     Fault  2 | trace ~  356 | prob=0.722
[17:25:09] [INFO ]   Step 2 complete
[17:25:09] [INFO ] 
[17:25:09] [INFO ] STEP 3 — Bounding boxes
[17:25:09] [INFO ]   Box  1 | [230, 678, 731w, 133h px]
[17:25:09] [INFO ]   Box  2 | [1113, 746, 689w, 133h px]
[17:25:09] [INFO ]   Generated 2 boxes
[17:25:09] [INFO ]   Step 3 complete
[17:25:09] [INFO ] 
[17:25:09] [INFO ] STEP 4 — Dataset building
[17:25:09] [INFO ]   Saving labeled review image...
[17:25:09] [INFO ]   Saved: f1289stk21_labeled.png
[17:25:09] [INFO ]   Split: train
[17:25:09] [INFO ]   Added 2 annotations to train.json
[17:25:09] [INFO ]   train.json: 38 images, 555 annotations
[17:25:09] [INFO ]   val.json:   9 images,  126 annotations
[17:25:09] [INFO ]   Step 4 complete
[17:25:09] [INFO ] 
[17:25:09] [INFO ]   DONE  f1289stk21  →  train  |  2 faults  |  2 boxes
[17:25:09] [INFO ] 
[17:25:09] [INFO ] ──────────────────────────────────────────────────
[17:25:09] [INFO ]   LINE: f1289stk22
[17:25:09] [INFO ] ──────────────────────────────────────────────────
[17:25:09] [INFO ] Dataset  : namss.F-12-89-HW.mcs.airgun
[17:25:09] [INFO ] SGY      : ../../airgun_data/namss.F-12-89-HW.mcs.airgun/Data/f1289stk22.sgy
[17:25:09] [INFO ] NAV      : ../../airgun_data/namss.F-12-89-HW.mcs.airgun/Navigation/f-12-89-hw_NAV-WGS84.csv
[17:25:09] [INFO ] SA mode  : single (seed=50)
[17:25:09] [INFO ] 
[17:25:09] [INFO ] STEP 1 — Feature extraction
[17:25:09] [INFO ]   Loading navigation...
[17:25:09] [INFO ]   Loading SEG-Y...
[17:25:09] [INFO ]   Traces: 11180  Samples: 2750  dt: 4.000 ms
[17:25:09] [INFO ]   Depth:  0.0 m → 8247.0 m
[17:25:09] [INFO ]   Matching traces to navigation...
[17:25:09] [INFO ]   NAV line matched via translation: 'f1289stk22' -> '22'
[17:25:10] [INFO ]   Matched 11180 / 11180 traces
[17:25:10] [INFO ]   Bandpass filtering...
[17:25:11] [INFO ]   Computing seismic attributes...
[17:25:12] [INFO ]   Picking seafloor...
[17:25:13] [INFO ]   Seafloor depth: 0–4998 m  (265 shallow traces masked)
[17:25:13] [INFO ]   Picking horizons...
[17:25:13] [INFO ]   Computing NCC coherence (slow)...
[17:25:14] [INFO ]   Saving CNN section image...
[17:25:16] [INFO ]   Saved: f1289stk22_section_cnn.png  (2700x1500px)
[17:25:16] [INFO ]   Step 1 complete
[17:25:16] [INFO ] 
[17:25:16] [INFO ] STEP 2 — Fault detection
[17:25:16] [INFO ]   Mode: single SA run (seed=50)
[17:25:31] [INFO ]   Detected 33 high-confidence faults
[17:25:31] [INFO ]     Fault  1 | trace ~  137 | prob=0.665
[17:25:31] [INFO ]     Fault  2 | trace ~  478 | prob=0.710
[17:25:31] [INFO ]     Fault  3 | trace ~  817 | prob=0.696
[17:25:31] [INFO ]     Fault  4 | trace ~ 1038 | prob=0.727
[17:25:31] [INFO ]     Fault  5 | trace ~ 1849 | prob=0.676
[17:25:31] [INFO ]     Fault  6 | trace ~ 2263 | prob=0.684
[17:25:31] [INFO ]     Fault  7 | trace ~ 2472 | prob=0.691
[17:25:31] [INFO ]     Fault  8 | trace ~ 2697 | prob=0.676
[17:25:31] [INFO ]     Fault  9 | trace ~ 3021 | prob=0.677
[17:25:31] [INFO ]     Fault 10 | trace ~ 3234 | prob=0.675
[17:25:31] [INFO ]     Fault 11 | trace ~ 3516 | prob=0.696
[17:25:31] [INFO ]     Fault 12 | trace ~ 3724 | prob=0.675
[17:25:31] [INFO ]     Fault 13 | trace ~ 4388 | prob=0.660
[17:25:31] [INFO ]     Fault 14 | trace ~ 4762 | prob=0.668
[17:25:31] [INFO ]     Fault 15 | trace ~ 5106 | prob=0.724
[17:25:31] [INFO ]     Fault 16 | trace ~ 5443 | prob=0.660
[17:25:31] [INFO ]     Fault 17 | trace ~ 5683 | prob=0.689
[17:25:31] [INFO ]     Fault 18 | trace ~ 6026 | prob=0.726
[17:25:31] [INFO ]     Fault 19 | trace ~ 6344 | prob=0.677
[17:25:31] [INFO ]     Fault 20 | trace ~ 6589 | prob=0.628
[17:25:31] [INFO ]     Fault 21 | trace ~ 6797 | prob=0.661
[17:25:31] [INFO ]     Fault 22 | trace ~ 7065 | prob=0.667
[17:25:31] [INFO ]     Fault 23 | trace ~ 7468 | prob=0.688
[17:25:31] [INFO ]     Fault 24 | trace ~ 7841 | prob=0.686
[17:25:31] [INFO ]     Fault 25 | trace ~ 8138 | prob=0.688
[17:25:31] [INFO ]     Fault 26 | trace ~ 8554 | prob=0.655
[17:25:31] [INFO ]     Fault 27 | trace ~ 9104 | prob=0.693
[17:25:31] [INFO ]     Fault 28 | trace ~ 9362 | prob=0.724
[17:25:31] [INFO ]     Fault 29 | trace ~ 9707 | prob=0.653
[17:25:31] [INFO ]     Fault 30 | trace ~ 9996 | prob=0.681
[17:25:31] [INFO ]     Fault 31 | trace ~10273 | prob=0.677
[17:25:31] [INFO ]     Fault 32 | trace ~10532 | prob=0.704
[17:25:31] [INFO ]     Fault 33 | trace ~10845 | prob=0.672
[17:25:31] [INFO ]   Step 2 complete
[17:25:31] [INFO ] 
[17:25:31] [INFO ] STEP 3 — Bounding boxes
[17:25:31] [INFO ]   Box  1 | [0, 820, 77w, 128h px]
[17:25:31] [INFO ]   Box  2 | [67, 772, 95w, 130h px]
[17:25:31] [INFO ]   Box  3 | [152, 804, 94w, 130h px]
[17:25:31] [INFO ]   Box  4 | [206, 804, 89w, 130h px]
[17:25:31] [INFO ]   Box  5 | [400, 821, 94w, 133h px]
[17:25:31] [INFO ]   Box  6 | [493, 816, 100w, 130h px]
[17:25:31] [INFO ]   Box  7 | [552, 824, 93w, 130h px]
[17:25:31] [INFO ]   Box  8 | [604, 820, 94w, 128h px]
[17:25:31] [INFO ]   Box  9 | [682, 804, 94w, 130h px]
[17:25:31] [INFO ]   Box 10 | [734, 812, 94w, 128h px]
[17:25:31] [INFO ]   Box 11 | [800, 821, 98w, 128h px]
[17:25:31] [INFO ]   Box 12 | [848, 829, 102w, 128h px]
[17:25:31] [INFO ]   Box 13 | [1017, 836, 88w, 130h px]
[17:25:31] [INFO ]   Box 14 | [1101, 835, 95w, 133h px]
[17:25:31] [INFO ]   Box 15 | [1188, 859, 93w, 128h px]
[17:25:31] [INFO ]   Box 16 | [1268, 861, 93w, 128h px]
[17:25:31] [INFO ]   Box 17 | [1327, 863, 91w, 130h px]
[17:25:31] [INFO ]   Box 18 | [1408, 857, 92w, 128h px]
[17:25:31] [INFO ]   Box 19 | [1487, 863, 92w, 128h px]
[17:25:31] [INFO ]   Box 20 | [1546, 862, 92w, 128h px]
[17:25:31] [INFO ]   Box 21 | [1597, 853, 92w, 117h px]
[17:25:31] [INFO ]   Box 22 | [1653, 858, 102w, 125h px]
[17:25:31] [INFO ]   Box 23 | [1757, 875, 92w, 125h px]
[17:25:31] [INFO ]   Box 24 | [1848, 880, 91w, 128h px]
[17:25:31] [INFO ]   Box 25 | [1919, 876, 98w, 130h px]
[17:25:31] [INFO ]   Box 26 | [2016, 885, 96w, 130h px]
[17:25:31] [INFO ]   Box 27 | [2153, 897, 91w, 130h px]
[17:25:31] [INFO ]   Box 28 | [2215, 894, 95w, 130h px]
[17:25:31] [INFO ]   Box 29 | [2293, 893, 97w, 130h px]
[17:25:31] [INFO ]   Box 30 | [2369, 891, 94w, 133h px]
[17:25:31] [INFO ]   Box 31 | [2437, 886, 89w, 128h px]
[17:25:31] [INFO ]   Box 32 | [2500, 889, 92w, 125h px]
[17:25:31] [INFO ]   Box 33 | [2573, 891, 91w, 130h px]
[17:25:31] [INFO ]   Generated 33 boxes
[17:25:31] [INFO ]   Step 3 complete
[17:25:31] [INFO ] 
[17:25:31] [INFO ] STEP 4 — Dataset building
[17:25:31] [INFO ]   Saving labeled review image...
[17:25:31] [INFO ]   Saved: f1289stk22_labeled.png
[17:25:31] [INFO ]   Split: val
[17:25:31] [INFO ]   Added 33 annotations to val.json
[17:25:31] [INFO ]   train.json: 38 images, 555 annotations
[17:25:31] [INFO ]   val.json:   10 images,  159 annotations
[17:25:31] [INFO ]   Step 4 complete
[17:25:31] [INFO ] 
[17:25:31] [INFO ]   DONE  f1289stk22  →  val  |  33 faults  |  33 boxes
[17:25:31] [INFO ] 
[17:25:31] [INFO ] ──────────────────────────────────────────────────
[17:25:31] [INFO ]   LINE: f1289stk23
[17:25:31] [INFO ] ──────────────────────────────────────────────────
[17:25:31] [INFO ] Dataset  : namss.F-12-89-HW.mcs.airgun
[17:25:31] [INFO ] SGY      : ../../airgun_data/namss.F-12-89-HW.mcs.airgun/Data/f1289stk23.sgy
[17:25:31] [INFO ] NAV      : ../../airgun_data/namss.F-12-89-HW.mcs.airgun/Navigation/f-12-89-hw_NAV-WGS84.csv
[17:25:31] [INFO ] SA mode  : single (seed=50)
[17:25:31] [INFO ] 
[17:25:31] [INFO ] STEP 1 — Feature extraction
[17:25:31] [INFO ]   Loading navigation...
[17:25:31] [INFO ]   Loading SEG-Y...
[17:25:31] [INFO ]   Traces: 388  Samples: 2750  dt: 4.000 ms
[17:25:31] [INFO ]   Depth:  0.0 m → 8247.0 m
[17:25:31] [INFO ]   Matching traces to navigation...
[17:25:31] [INFO ]   NAV line matched via translation: 'f1289stk23' -> '23'
[17:25:31] [INFO ]   Matched 0 / 388 traces
[17:25:31] [ERROR] SKIPPING f1289stk23 (namss.F-12-89-HW.mcs.airgun): No traces matched navigation — check line name vs NAV file.
[17:25:31] [ERROR]   Traceback (most recent call last):
[17:25:31] [ERROR]     File "/Users/lennylukach/Personal/School/CS4100/namss/pipeline/src/pipeline.py", line 848, in <module>
[17:25:31] [ERROR]       process_line(line, sgy_path, nav_path, dataset)
[17:25:31] [ERROR]     File "/Users/lennylukach/Personal/School/CS4100/namss/pipeline/src/pipeline.py", line 431, in process_line
[17:25:31] [ERROR]       raise RuntimeError(
[17:25:31] [ERROR]   RuntimeError: No traces matched navigation — check line name vs NAV file.
[17:25:32] [INFO ] 
[17:25:32] [INFO ] ──────────────────────────────────────────────────
[17:25:32] [INFO ]   LINE: f1289stk24
[17:25:32] [INFO ] ──────────────────────────────────────────────────
[17:25:32] [INFO ] Dataset  : namss.F-12-89-HW.mcs.airgun
[17:25:32] [INFO ] SGY      : ../../airgun_data/namss.F-12-89-HW.mcs.airgun/Data/f1289stk24.sgy
[17:25:32] [INFO ] NAV      : ../../airgun_data/namss.F-12-89-HW.mcs.airgun/Navigation/f-12-89-hw_NAV-WGS84.csv
[17:25:32] [INFO ] SA mode  : single (seed=50)
[17:25:32] [INFO ] 
[17:25:32] [INFO ] STEP 1 — Feature extraction
[17:25:32] [INFO ]   Loading navigation...
[17:25:32] [INFO ]   Loading SEG-Y...
[17:25:32] [INFO ]   Traces: 11704  Samples: 2750  dt: 4.000 ms
[17:25:32] [INFO ]   Depth:  0.0 m → 8247.0 m
[17:25:32] [INFO ]   Matching traces to navigation...
[17:25:32] [INFO ]   NAV line matched via translation: 'f1289stk24' -> '24'
[17:25:33] [INFO ]   Matched 11704 / 11704 traces
[17:25:33] [INFO ]   Bandpass filtering...
[17:25:34] [INFO ]   Computing seismic attributes...
[17:25:35] [INFO ]   Picking seafloor...
[17:25:36] [INFO ]   Seafloor depth: 4392–5010 m  (0 shallow traces masked)
[17:25:36] [INFO ]   Picking horizons...
[17:25:37] [INFO ]   Computing NCC coherence (slow)...
[17:25:38] [INFO ]   Saving CNN section image...
[17:25:40] [INFO ]   Saved: f1289stk24_section_cnn.png  (2700x1500px)
[17:25:40] [INFO ]   Step 1 complete
[17:25:40] [INFO ] 
[17:25:40] [INFO ] STEP 2 — Fault detection
[17:25:40] [INFO ]   Mode: single SA run (seed=50)
[17:25:56] [INFO ]   Detected 39 high-confidence faults
[17:25:56] [INFO ]     Fault  1 | trace ~  137 | prob=0.680
[17:25:56] [INFO ]     Fault  2 | trace ~  444 | prob=0.690
[17:25:56] [INFO ]     Fault  3 | trace ~  767 | prob=0.700
[17:25:56] [INFO ]     Fault  4 | trace ~ 1138 | prob=0.720
[17:25:56] [INFO ]     Fault  5 | trace ~ 1376 | prob=0.708
[17:25:56] [INFO ]     Fault  6 | trace ~ 1612 | prob=0.665
[17:25:56] [INFO ]     Fault  7 | trace ~ 1869 | prob=0.662
[17:25:56] [INFO ]     Fault  8 | trace ~ 2119 | prob=0.686
[17:25:56] [INFO ]     Fault  9 | trace ~ 2356 | prob=0.659
[17:25:56] [INFO ]     Fault 10 | trace ~ 2575 | prob=0.706
[17:25:56] [INFO ]     Fault 11 | trace ~ 2895 | prob=0.670
[17:25:56] [INFO ]     Fault 12 | trace ~ 3278 | prob=0.685
[17:25:56] [INFO ]     Fault 13 | trace ~ 3649 | prob=0.673
[17:25:56] [INFO ]     Fault 14 | trace ~ 3927 | prob=0.715
[17:25:56] [INFO ]     Fault 15 | trace ~ 4191 | prob=0.673
[17:25:56] [INFO ]     Fault 16 | trace ~ 4428 | prob=0.665
[17:25:56] [INFO ]     Fault 17 | trace ~ 4649 | prob=0.622
[17:25:56] [INFO ]     Fault 18 | trace ~ 4949 | prob=0.713
[17:25:56] [INFO ]     Fault 19 | trace ~ 5262 | prob=0.633
[17:25:56] [INFO ]     Fault 20 | trace ~ 5574 | prob=0.679
[17:25:56] [INFO ]     Fault 21 | trace ~ 5852 | prob=0.705
[17:25:56] [INFO ]     Fault 22 | trace ~ 6273 | prob=0.661
[17:25:56] [INFO ]     Fault 23 | trace ~ 6478 | prob=0.651
[17:25:56] [INFO ]     Fault 24 | trace ~ 6725 | prob=0.667
[17:25:56] [INFO ]     Fault 25 | trace ~ 7036 | prob=0.698
[17:25:56] [INFO ]     Fault 26 | trace ~ 7244 | prob=0.676
[17:25:56] [INFO ]     Fault 27 | trace ~ 7602 | prob=0.727
[17:25:56] [INFO ]     Fault 28 | trace ~ 7901 | prob=0.691
[17:25:56] [INFO ]     Fault 29 | trace ~ 8202 | prob=0.633
[17:25:56] [INFO ]     Fault 30 | trace ~ 8437 | prob=0.666
[17:25:56] [INFO ]     Fault 31 | trace ~ 8686 | prob=0.636
[17:25:56] [INFO ]     Fault 32 | trace ~ 9341 | prob=0.680
[17:25:56] [INFO ]     Fault 33 | trace ~ 9612 | prob=0.674
[17:25:56] [INFO ]     Fault 34 | trace ~10033 | prob=0.658
[17:25:56] [INFO ]     Fault 35 | trace ~10334 | prob=0.676
[17:25:56] [INFO ]     Fault 36 | trace ~10635 | prob=0.677
[17:25:56] [INFO ]     Fault 37 | trace ~10969 | prob=0.748
[17:25:56] [INFO ]     Fault 38 | trace ~11169 | prob=0.645
[17:25:56] [INFO ]     Fault 39 | trace ~11618 | prob=0.643
[17:25:56] [INFO ]   Step 2 complete
[17:25:56] [INFO ] 
[17:25:56] [INFO ] STEP 3 — Bounding boxes
[17:25:56] [INFO ]   Box  1 | [0, 895, 84w, 128h px]
[17:25:56] [INFO ]   Box  2 | [56, 895, 91w, 128h px]
[17:25:56] [INFO ]   Box  3 | [130, 898, 93w, 130h px]
[17:25:56] [INFO ]   Box  4 | [218, 881, 89w, 133h px]
[17:25:56] [INFO ]   Box  5 | [265, 888, 97w, 128h px]
[17:25:56] [INFO ]   Box  6 | [326, 890, 91w, 130h px]
[17:25:56] [INFO ]   Box  7 | [384, 894, 95w, 128h px]
[17:25:56] [INFO ]   Box  8 | [444, 890, 89w, 130h px]
[17:25:56] [INFO ]   Box  9 | [497, 882, 93w, 128h px]
[17:25:56] [INFO ]   Box 10 | [549, 885, 94w, 128h px]
[17:25:56] [INFO ]   Box 11 | [623, 888, 93w, 128h px]
[17:25:56] [INFO ]   Box 12 | [707, 885, 95w, 130h px]
[17:25:56] [INFO ]   Box 13 | [795, 894, 92w, 128h px]
[17:25:56] [INFO ]   Box 14 | [858, 887, 96w, 128h px]
[17:25:56] [INFO ]   Box 15 | [916, 871, 97w, 130h px]
[17:25:56] [INFO ]   Box 16 | [975, 868, 96w, 128h px]
[17:25:56] [INFO ]   Box 17 | [1020, 861, 98w, 133h px]
[17:25:56] [INFO ]   Box 18 | [1097, 858, 94w, 128h px]
[17:25:56] [INFO ]   Box 19 | [1167, 866, 95w, 133h px]
[17:25:56] [INFO ]   Box 20 | [1241, 851, 93w, 125h px]
[17:25:56] [INFO ]   Box 21 | [1303, 856, 92w, 128h px]
[17:25:56] [INFO ]   Box 22 | [1402, 842, 92w, 130h px]
[17:25:56] [INFO ]   Box 23 | [1448, 823, 91w, 130h px]
[17:25:56] [INFO ]   Box 24 | [1505, 841, 91w, 128h px]
[17:25:56] [INFO ]   Box 25 | [1579, 829, 90w, 128h px]
[17:25:56] [INFO ]   Box 26 | [1627, 832, 89w, 128h px]
[17:25:56] [INFO ]   Box 27 | [1709, 837, 87w, 128h px]
[17:25:56] [INFO ]   Box 28 | [1777, 832, 96w, 130h px]
[17:25:56] [INFO ]   Box 29 | [1848, 843, 88w, 130h px]
[17:25:56] [INFO ]   Box 30 | [1898, 845, 93w, 130h px]
[17:25:56] [INFO ]   Box 31 | [1957, 846, 93w, 128h px]
[17:25:56] [INFO ]   Box 32 | [2110, 831, 91w, 130h px]
[17:25:56] [INFO ]   Box 33 | [2170, 820, 95w, 130h px]
[17:25:56] [INFO ]   Box 34 | [2266, 800, 95w, 128h px]
[17:25:56] [INFO ]   Box 35 | [2340, 842, 92w, 130h px]
[17:25:56] [INFO ]   Box 36 | [2406, 842, 92w, 130h px]
[17:25:56] [INFO ]   Box 37 | [2486, 814, 91w, 125h px]
[17:25:56] [INFO ]   Box 38 | [2531, 822, 92w, 133h px]
[17:25:56] [INFO ]   Box 39 | [2627, 787, 73w, 136h px]
[17:25:56] [INFO ]   Generated 39 boxes
[17:25:56] [INFO ]   Step 3 complete
[17:25:56] [INFO ] 
[17:25:56] [INFO ] STEP 4 — Dataset building
[17:25:56] [INFO ]   Saving labeled review image...
[17:25:56] [INFO ]   Saved: f1289stk24_labeled.png
[17:25:56] [INFO ]   Split: train
[17:25:56] [INFO ]   Added 39 annotations to train.json
[17:25:56] [INFO ]   train.json: 39 images, 594 annotations
[17:25:56] [INFO ]   val.json:   10 images,  159 annotations
[17:25:56] [INFO ]   Step 4 complete
[17:25:56] [INFO ] 
[17:25:56] [INFO ]   DONE  f1289stk24  →  train  |  39 faults  |  39 boxes
[17:25:56] [INFO ] 
[17:25:56] [INFO ] ──────────────────────────────────────────────────
[17:25:56] [INFO ]   LINE: f1289stk25
[17:25:56] [INFO ] ──────────────────────────────────────────────────
[17:25:56] [INFO ] Dataset  : namss.F-12-89-HW.mcs.airgun
[17:25:56] [INFO ] SGY      : ../../airgun_data/namss.F-12-89-HW.mcs.airgun/Data/f1289stk25.sgy
[17:25:56] [INFO ] NAV      : ../../airgun_data/namss.F-12-89-HW.mcs.airgun/Navigation/f-12-89-hw_NAV-WGS84.csv
[17:25:56] [INFO ] SA mode  : single (seed=50)
[17:25:56] [INFO ] 
[17:25:56] [INFO ] STEP 1 — Feature extraction
[17:25:56] [INFO ]   Loading navigation...
[17:25:56] [INFO ]   Loading SEG-Y...
[17:25:56] [INFO ]   Traces: 446  Samples: 2750  dt: 4.000 ms
[17:25:56] [INFO ]   Depth:  0.0 m → 8247.0 m
[17:25:56] [INFO ]   Matching traces to navigation...
[17:25:56] [INFO ]   NAV line matched via translation: 'f1289stk25' -> '25'
[17:25:56] [INFO ]   Matched 446 / 446 traces
[17:25:56] [INFO ]   Bandpass filtering...
[17:25:56] [INFO ]   Computing seismic attributes...
[17:25:56] [INFO ]   Picking seafloor...
[17:25:56] [INFO ]   Seafloor depth: 4611–4659 m  (0 shallow traces masked)
[17:25:56] [INFO ]   Picking horizons...
[17:25:56] [INFO ]   Computing NCC coherence (slow)...
[17:25:57] [INFO ]   Saving CNN section image...
[17:25:57] [INFO ]   Saved: f1289stk25_section_cnn.png  (2700x1500px)
[17:25:57] [INFO ]   Step 1 complete
[17:25:57] [INFO ] 
[17:25:57] [INFO ] STEP 2 — Fault detection
[17:25:57] [INFO ]   Mode: single SA run (seed=50)
[17:25:58] [INFO ]   Detected 2 high-confidence faults
[17:25:58] [INFO ]     Fault  1 | trace ~   39 | prob=0.717
[17:25:58] [INFO ]     Fault  2 | trace ~  267 | prob=0.809
[17:25:58] [INFO ]   Step 2 complete
[17:25:58] [INFO ] 
[17:25:58] [INFO ] STEP 3 — Bounding boxes
[17:25:58] [INFO ]   Box  1 | [0, 833, 753w, 128h px]
[17:25:58] [INFO ]   Box  2 | [1279, 833, 700w, 130h px]
[17:25:58] [INFO ]   Generated 2 boxes
[17:25:58] [INFO ]   Step 3 complete
[17:25:58] [INFO ] 
[17:25:58] [INFO ] STEP 4 — Dataset building
[17:25:58] [INFO ]   Saving labeled review image...
[17:25:58] [INFO ]   Saved: f1289stk25_labeled.png
[17:25:58] [INFO ]   Split: train
[17:25:58] [INFO ]   Added 2 annotations to train.json
[17:25:58] [INFO ]   train.json: 40 images, 596 annotations
[17:25:58] [INFO ]   val.json:   10 images,  159 annotations
[17:25:58] [INFO ]   Step 4 complete
[17:25:58] [INFO ] 
[17:25:58] [INFO ]   DONE  f1289stk25  →  train  |  2 faults  |  2 boxes
[17:25:58] [INFO ] 
[17:25:58] [INFO ] ──────────────────────────────────────────────────
[17:25:58] [INFO ]   LINE: f1289stk26
[17:25:58] [INFO ] ──────────────────────────────────────────────────
[17:25:58] [INFO ] Dataset  : namss.F-12-89-HW.mcs.airgun
[17:25:58] [INFO ] SGY      : ../../airgun_data/namss.F-12-89-HW.mcs.airgun/Data/f1289stk26.sgy
[17:25:58] [INFO ] NAV      : ../../airgun_data/namss.F-12-89-HW.mcs.airgun/Navigation/f-12-89-hw_NAV-WGS84.csv
[17:25:58] [INFO ] SA mode  : single (seed=50)
[17:25:58] [INFO ] 
[17:25:58] [INFO ] STEP 1 — Feature extraction
[17:25:58] [INFO ]   Loading navigation...
[17:25:58] [INFO ]   Loading SEG-Y...
[17:25:58] [INFO ]   Traces: 13925  Samples: 2750  dt: 4.000 ms
[17:25:58] [INFO ]   Depth:  0.0 m → 8247.0 m
[17:25:58] [INFO ]   Matching traces to navigation...
[17:25:58] [INFO ]   NAV line matched via translation: 'f1289stk26' -> '26'
[17:26:00] [INFO ]   Matched 13925 / 13925 traces
[17:26:00] [INFO ]   Bandpass filtering...
[17:26:00] [INFO ]   Computing seismic attributes...
[17:26:02] [INFO ]   Picking seafloor...
[17:26:03] [INFO ]   Seafloor depth: 0–5193 m  (426 shallow traces masked)
[17:26:03] [INFO ]   Picking horizons...
[17:26:04] [INFO ]   Computing NCC coherence (slow)...
[17:26:05] [INFO ]   Saving CNN section image...
[17:26:08] [INFO ]   Saved: f1289stk26_section_cnn.png  (2700x1500px)
[17:26:08] [INFO ]   Step 1 complete
[17:26:08] [INFO ] 
[17:26:08] [INFO ] STEP 2 — Fault detection
[17:26:08] [INFO ]   Mode: single SA run (seed=50)
[17:26:27] [INFO ]   Detected 41 high-confidence faults
[17:26:27] [INFO ]     Fault  1 | trace ~  650 | prob=0.624
[17:26:27] [INFO ]     Fault  2 | trace ~  926 | prob=0.585
[17:26:27] [INFO ]     Fault  3 | trace ~ 1273 | prob=0.649
[17:26:27] [INFO ]     Fault  4 | trace ~ 1618 | prob=0.682
[17:26:27] [INFO ]     Fault  5 | trace ~ 2053 | prob=0.663
[17:26:27] [INFO ]     Fault  6 | trace ~ 2429 | prob=0.589
[17:26:27] [INFO ]     Fault  7 | trace ~ 2785 | prob=0.639
[17:26:27] [INFO ]     Fault  8 | trace ~ 3037 | prob=0.700
[17:26:27] [INFO ]     Fault  9 | trace ~ 3251 | prob=0.684
[17:26:27] [INFO ]     Fault 10 | trace ~ 3630 | prob=0.675
[17:26:27] [INFO ]     Fault 11 | trace ~ 4166 | prob=0.767
[17:26:27] [INFO ]     Fault 12 | trace ~ 4464 | prob=0.632
[17:26:27] [INFO ]     Fault 13 | trace ~ 4714 | prob=0.648
[17:26:27] [INFO ]     Fault 14 | trace ~ 5001 | prob=0.611
[17:26:27] [INFO ]     Fault 15 | trace ~ 5203 | prob=0.669
[17:26:27] [INFO ]     Fault 16 | trace ~ 5509 | prob=0.653
[17:26:27] [INFO ]     Fault 17 | trace ~ 5811 | prob=0.697
[17:26:27] [INFO ]     Fault 18 | trace ~ 6155 | prob=0.653
[17:26:27] [INFO ]     Fault 19 | trace ~ 6538 | prob=0.675
[17:26:27] [INFO ]     Fault 20 | trace ~ 6911 | prob=0.693
[17:26:27] [INFO ]     Fault 21 | trace ~ 7173 | prob=0.671
[17:26:27] [INFO ]     Fault 22 | trace ~ 7563 | prob=0.700
[17:26:27] [INFO ]     Fault 23 | trace ~ 7818 | prob=0.705
[17:26:27] [INFO ]     Fault 24 | trace ~ 8129 | prob=0.611
[17:26:27] [INFO ]     Fault 25 | trace ~ 8404 | prob=0.673
[17:26:27] [INFO ]     Fault 26 | trace ~ 8699 | prob=0.662
[17:26:27] [INFO ]     Fault 27 | trace ~ 9051 | prob=0.701
[17:26:27] [INFO ]     Fault 28 | trace ~ 9392 | prob=0.691
[17:26:27] [INFO ]     Fault 29 | trace ~ 9777 | prob=0.620
[17:26:27] [INFO ]     Fault 30 | trace ~10103 | prob=0.669
[17:26:27] [INFO ]     Fault 31 | trace ~10354 | prob=0.684
[17:26:27] [INFO ]     Fault 32 | trace ~10737 | prob=0.660
[17:26:27] [INFO ]     Fault 33 | trace ~10964 | prob=0.668
[17:26:27] [INFO ]     Fault 34 | trace ~11170 | prob=0.661
[17:26:27] [INFO ]     Fault 35 | trace ~11492 | prob=0.646
[17:26:27] [INFO ]     Fault 36 | trace ~11815 | prob=0.674
[17:26:27] [INFO ]     Fault 37 | trace ~12086 | prob=0.675
[17:26:27] [INFO ]     Fault 38 | trace ~12306 | prob=0.706
[17:26:27] [INFO ]     Fault 39 | trace ~12731 | prob=0.690
[17:26:27] [INFO ]     Fault 40 | trace ~13522 | prob=0.705
[17:26:27] [INFO ]     Fault 41 | trace ~13749 | prob=0.619
[17:26:27] [INFO ]   Step 2 complete
[17:26:27] [INFO ] 
[17:26:27] [INFO ] STEP 3 — Bounding boxes
[17:26:27] [INFO ]   Box  1 | [77, 830, 94w, 125h px]
[17:26:27] [INFO ]   Box  2 | [135, 776, 90w, 136h px]
[17:26:27] [INFO ]   Box  3 | [201, 872, 91w, 133h px]
[17:26:27] [INFO ]   Box  4 | [267, 841, 94w, 125h px]
[17:26:27] [INFO ]   Box  5 | [354, 849, 89w, 125h px]
[17:26:27] [INFO ]   Box  6 | [427, 857, 91w, 130h px]
[17:26:27] [INFO ]   Box  7 | [492, 810, 93w, 136h px]
[17:26:27] [INFO ]   Box  8 | [546, 826, 90w, 130h px]
[17:26:27] [INFO ]   Box  9 | [578, 846, 98w, 130h px]
[17:26:27] [INFO ]   Box 10 | [662, 833, 85w, 125h px]
[17:26:27] [INFO ]   Box 11 | [762, 771, 91w, 125h px]
[17:26:27] [INFO ]   Box 12 | [821, 856, 90w, 128h px]
[17:26:27] [INFO ]   Box 13 | [869, 865, 90w, 130h px]
[17:26:27] [INFO ]   Box 14 | [922, 859, 96w, 128h px]
[17:26:27] [INFO ]   Box 15 | [962, 853, 93w, 133h px]
[17:26:27] [INFO ]   Box 16 | [1024, 851, 89w, 130h px]
[17:26:27] [INFO ]   Box 17 | [1081, 851, 90w, 128h px]
[17:26:27] [INFO ]   Box 18 | [1146, 864, 94w, 130h px]
[17:26:27] [INFO ]   Box 19 | [1224, 866, 90w, 130h px]
[17:26:27] [INFO ]   Box 20 | [1296, 874, 88w, 130h px]
[17:26:27] [INFO ]   Box 21 | [1346, 876, 89w, 130h px]
[17:26:27] [INFO ]   Box 22 | [1423, 882, 86w, 130h px]
[17:26:27] [INFO ]   Box 23 | [1472, 897, 89w, 125h px]
[17:26:27] [INFO ]   Box 24 | [1530, 899, 92w, 128h px]
[17:26:27] [INFO ]   Box 25 | [1581, 893, 93w, 130h px]
[17:26:27] [INFO ]   Box 26 | [1642, 897, 88w, 130h px]
[17:26:27] [INFO ]   Box 27 | [1711, 894, 94w, 130h px]
[17:26:27] [INFO ]   Box 28 | [1777, 894, 89w, 130h px]
[17:26:27] [INFO ]   Box 29 | [1848, 898, 92w, 130h px]
[17:26:27] [INFO ]   Box 30 | [1916, 901, 91w, 128h px]
[17:26:27] [INFO ]   Box 31 | [1963, 898, 94w, 133h px]
[17:26:27] [INFO ]   Box 32 | [2037, 904, 94w, 130h px]
[17:26:27] [INFO ]   Box 33 | [2080, 916, 91w, 130h px]
[17:26:27] [INFO ]   Box 34 | [2121, 930, 90w, 128h px]
[17:26:27] [INFO ]   Box 35 | [2183, 910, 90w, 133h px]
[17:26:27] [INFO ]   Box 36 | [2246, 873, 90w, 130h px]
[17:26:27] [INFO ]   Box 37 | [2301, 875, 89w, 128h px]
[17:26:27] [INFO ]   Box 38 | [2341, 889, 91w, 133h px]
[17:26:27] [INFO ]   Box 39 | [2425, 893, 90w, 117h px]
[17:26:27] [INFO ]   Box 40 | [2578, 880, 89w, 130h px]
[17:26:27] [INFO ]   Box 41 | [2620, 870, 80w, 136h px]
[17:26:27] [INFO ]   Generated 41 boxes
[17:26:27] [INFO ]   Step 3 complete
[17:26:27] [INFO ] 
[17:26:27] [INFO ] STEP 4 — Dataset building
[17:26:27] [INFO ]   Saving labeled review image...
[17:26:27] [INFO ]   Saved: f1289stk26_labeled.png
[17:26:27] [INFO ]   Split: train
[17:26:27] [INFO ]   Added 41 annotations to train.json
[17:26:27] [INFO ]   train.json: 41 images, 637 annotations
[17:26:27] [INFO ]   val.json:   10 images,  159 annotations
[17:26:27] [INFO ]   Step 4 complete
[17:26:27] [INFO ] 
[17:26:27] [INFO ]   DONE  f1289stk26  →  train  |  41 faults  |  41 boxes
[17:26:27] [INFO ] 
[17:26:27] [INFO ] ──────────────────────────────────────────────────
[17:26:27] [INFO ]   LINE: f1289stk27
[17:26:27] [INFO ] ──────────────────────────────────────────────────
[17:26:27] [INFO ] Dataset  : namss.F-12-89-HW.mcs.airgun
[17:26:27] [INFO ] SGY      : ../../airgun_data/namss.F-12-89-HW.mcs.airgun/Data/f1289stk27.sgy
[17:26:27] [INFO ] NAV      : ../../airgun_data/namss.F-12-89-HW.mcs.airgun/Navigation/f-12-89-hw_NAV-WGS84.csv
[17:26:27] [INFO ] SA mode  : single (seed=50)
[17:26:27] [INFO ] 
[17:26:27] [INFO ] STEP 1 — Feature extraction
[17:26:27] [INFO ]   Loading navigation...
[17:26:27] [INFO ]   Loading SEG-Y...
[17:26:27] [INFO ]   Traces: 531  Samples: 2750  dt: 4.000 ms
[17:26:27] [INFO ]   Depth:  0.0 m → 8247.0 m
[17:26:27] [INFO ]   Matching traces to navigation...
[17:26:27] [INFO ]   NAV line matched via translation: 'f1289stk27' -> '27'
[17:26:27] [INFO ]   Matched 531 / 531 traces
[17:26:27] [INFO ]   Bandpass filtering...
[17:26:27] [INFO ]   Computing seismic attributes...
[17:26:27] [INFO ]   Picking seafloor...
[17:26:27] [INFO ]   Seafloor depth: 4776–4971 m  (0 shallow traces masked)
[17:26:27] [INFO ]   Picking horizons...
[17:26:27] [INFO ]   Computing NCC coherence (slow)...
[17:26:27] [INFO ]   Saving CNN section image...
[17:26:28] [INFO ]   Saved: f1289stk27_section_cnn.png  (2700x1500px)
[17:26:28] [INFO ]   Step 1 complete
[17:26:28] [INFO ] 
[17:26:28] [INFO ] STEP 2 — Fault detection
[17:26:28] [INFO ]   Mode: single SA run (seed=50)
[17:26:28] [INFO ]   Detected 2 high-confidence faults
[17:26:28] [INFO ]     Fault  1 | trace ~   78 | prob=0.810
[17:26:28] [INFO ]     Fault  2 | trace ~  434 | prob=0.746
[17:26:28] [INFO ]   Step 2 complete
[17:26:28] [INFO ] 
[17:26:28] [INFO ] STEP 3 — Bounding boxes
[17:26:28] [INFO ]   Box  1 | [163, 876, 519w, 125h px]
[17:26:28] [INFO ]   Box  2 | [1713, 889, 968w, 130h px]
[17:26:28] [INFO ]   Generated 2 boxes
[17:26:28] [INFO ]   Step 3 complete
[17:26:28] [INFO ] 
[17:26:28] [INFO ] STEP 4 — Dataset building
[17:26:28] [INFO ]   Saving labeled review image...
[17:26:29] [INFO ]   Saved: f1289stk27_labeled.png
[17:26:29] [INFO ]   Split: val
[17:26:29] [INFO ]   Added 2 annotations to val.json
[17:26:29] [INFO ]   train.json: 41 images, 637 annotations
[17:26:29] [INFO ]   val.json:   11 images,  161 annotations
[17:26:29] [INFO ]   Step 4 complete
[17:26:29] [INFO ] 
[17:26:29] [INFO ]   DONE  f1289stk27  →  val  |  2 faults  |  2 boxes
[17:26:29] [INFO ] 
[17:26:29] [INFO ] ──────────────────────────────────────────────────
[17:26:29] [INFO ]   LINE: f1289stk28
[17:26:29] [INFO ] ──────────────────────────────────────────────────
[17:26:29] [INFO ] Dataset  : namss.F-12-89-HW.mcs.airgun
[17:26:29] [INFO ] SGY      : ../../airgun_data/namss.F-12-89-HW.mcs.airgun/Data/f1289stk28.sgy
[17:26:29] [INFO ] NAV      : ../../airgun_data/namss.F-12-89-HW.mcs.airgun/Navigation/f-12-89-hw_NAV-WGS84.csv
[17:26:29] [INFO ] SA mode  : single (seed=50)
[17:26:29] [INFO ] 
[17:26:29] [INFO ] STEP 1 — Feature extraction
[17:26:29] [INFO ]   Loading navigation...
[17:26:29] [INFO ]   Loading SEG-Y...
[17:26:29] [INFO ]   Traces: 4375  Samples: 2750  dt: 4.000 ms
[17:26:29] [INFO ]   Depth:  0.0 m → 8247.0 m
[17:26:29] [INFO ]   Matching traces to navigation...
[17:26:29] [INFO ]   NAV line matched via translation: 'f1289stk28' -> '28'
[17:26:29] [INFO ]   Matched 4375 / 4375 traces
[17:26:29] [INFO ]   Bandpass filtering...
[17:26:29] [INFO ]   Computing seismic attributes...
[17:26:30] [INFO ]   Picking seafloor...
[17:26:30] [INFO ]   Seafloor depth: 2535–5214 m  (0 shallow traces masked)
[17:26:30] [INFO ]   Picking horizons...
[17:26:31] [INFO ]   Computing NCC coherence (slow)...
[17:26:31] [INFO ]   Saving CNN section image...
[17:26:32] [INFO ]   Saved: f1289stk28_section_cnn.png  (2700x1500px)
[17:26:32] [INFO ]   Step 1 complete
[17:26:32] [INFO ] 
[17:26:32] [INFO ] STEP 2 — Fault detection
[17:26:32] [INFO ]   Mode: single SA run (seed=50)
[17:26:38] [INFO ]   Detected 14 high-confidence faults
[17:26:38] [INFO ]     Fault  1 | trace ~  419 | prob=0.721
[17:26:38] [INFO ]     Fault  2 | trace ~  725 | prob=0.691
[17:26:38] [INFO ]     Fault  3 | trace ~ 1129 | prob=0.741
[17:26:38] [INFO ]     Fault  4 | trace ~ 1337 | prob=0.734
[17:26:38] [INFO ]     Fault  5 | trace ~ 1637 | prob=0.726
[17:26:38] [INFO ]     Fault  6 | trace ~ 1901 | prob=0.694
[17:26:38] [INFO ]     Fault  7 | trace ~ 2108 | prob=0.773
[17:26:38] [INFO ]     Fault  8 | trace ~ 2561 | prob=0.664
[17:26:38] [INFO ]     Fault  9 | trace ~ 2938 | prob=0.702
[17:26:38] [INFO ]     Fault 10 | trace ~ 3150 | prob=0.719
[17:26:38] [INFO ]     Fault 11 | trace ~ 3418 | prob=0.677
[17:26:38] [INFO ]     Fault 12 | trace ~ 3663 | prob=0.677
[17:26:38] [INFO ]     Fault 13 | trace ~ 3888 | prob=0.665
[17:26:38] [INFO ]     Fault 14 | trace ~ 4233 | prob=0.720
[17:26:38] [INFO ]   Step 2 complete
[17:26:38] [INFO ] 
[17:26:38] [INFO ] STEP 3 — Bounding boxes
[17:26:38] [INFO ]   Box  1 | [209, 744, 104w, 136h px]
[17:26:38] [INFO ]   Box  2 | [389, 770, 118w, 128h px]
[17:26:38] [INFO ]   Box  3 | [646, 736, 110w, 122h px]
[17:26:38] [INFO ]   Box  4 | [773, 752, 110w, 125h px]
[17:26:38] [INFO ]   Box  5 | [952, 536, 113w, 130h px]
[17:26:38] [INFO ]   Box  6 | [1112, 565, 126w, 128h px]
[17:26:38] [INFO ]   Box  7 | [1248, 653, 108w, 128h px]
[17:26:38] [INFO ]   Box  8 | [1526, 921, 110w, 122h px]
[17:26:38] [INFO ]   Box  9 | [1760, 931, 105w, 133h px]
[17:26:38] [INFO ]   Box 10 | [1886, 906, 115w, 130h px]
[17:26:38] [INFO ]   Box 11 | [2060, 899, 103w, 128h px]
[17:26:38] [INFO ]   Box 12 | [2201, 911, 130w, 128h px]
[17:26:38] [INFO ]   Box 13 | [2343, 903, 111w, 125h px]
[17:26:38] [INFO ]   Box 14 | [2537, 899, 151w, 128h px]
[17:26:38] [INFO ]   Generated 14 boxes
[17:26:38] [INFO ]   Step 3 complete
[17:26:38] [INFO ] 
[17:26:38] [INFO ] STEP 4 — Dataset building
[17:26:38] [INFO ]   Saving labeled review image...
[17:26:38] [INFO ]   Saved: f1289stk28_labeled.png
[17:26:38] [INFO ]   Split: train
[17:26:38] [INFO ]   Added 14 annotations to train.json
[17:26:38] [INFO ]   train.json: 42 images, 651 annotations
[17:26:38] [INFO ]   val.json:   11 images,  161 annotations
[17:26:38] [INFO ]   Step 4 complete
[17:26:38] [INFO ] 
[17:26:38] [INFO ]   DONE  f1289stk28  →  train  |  14 faults  |  14 boxes
[17:26:38] [INFO ] 
[17:26:38] [INFO ] ──────────────────────────────────────────────────
[17:26:38] [INFO ]   LINE: f1289stk29
[17:26:38] [INFO ] ──────────────────────────────────────────────────
[17:26:38] [INFO ] Dataset  : namss.F-12-89-HW.mcs.airgun
[17:26:38] [INFO ] SGY      : ../../airgun_data/namss.F-12-89-HW.mcs.airgun/Data/f1289stk29.sgy
[17:26:38] [INFO ] NAV      : ../../airgun_data/namss.F-12-89-HW.mcs.airgun/Navigation/f-12-89-hw_NAV-WGS84.csv
[17:26:38] [INFO ] SA mode  : single (seed=50)
[17:26:38] [INFO ] 
[17:26:38] [INFO ] STEP 1 — Feature extraction
[17:26:38] [INFO ]   Loading navigation...
[17:26:38] [INFO ]   Loading SEG-Y...
[17:26:38] [INFO ]   Traces: 621  Samples: 2750  dt: 4.000 ms
[17:26:38] [INFO ]   Depth:  0.0 m → 8247.0 m
[17:26:38] [INFO ]   Matching traces to navigation...
[17:26:38] [INFO ]   NAV line matched via translation: 'f1289stk29' -> '29'
[17:26:38] [INFO ]   Matched 0 / 621 traces
[17:26:38] [ERROR] SKIPPING f1289stk29 (namss.F-12-89-HW.mcs.airgun): No traces matched navigation — check line name vs NAV file.
[17:26:38] [ERROR]   Traceback (most recent call last):
[17:26:38] [ERROR]     File "/Users/lennylukach/Personal/School/CS4100/namss/pipeline/src/pipeline.py", line 848, in <module>
[17:26:38] [ERROR]       process_line(line, sgy_path, nav_path, dataset)
[17:26:38] [ERROR]     File "/Users/lennylukach/Personal/School/CS4100/namss/pipeline/src/pipeline.py", line 431, in process_line
[17:26:38] [ERROR]       raise RuntimeError(
[17:26:38] [ERROR]   RuntimeError: No traces matched navigation — check line name vs NAV file.
[17:26:38] [INFO ] 
[17:26:38] [INFO ] ──────────────────────────────────────────────────
[17:26:38] [INFO ]   LINE: f1289stk30
[17:26:38] [INFO ] ──────────────────────────────────────────────────
[17:26:38] [INFO ] Dataset  : namss.F-12-89-HW.mcs.airgun
[17:26:38] [INFO ] SGY      : ../../airgun_data/namss.F-12-89-HW.mcs.airgun/Data/f1289stk30.sgy
[17:26:38] [INFO ] NAV      : ../../airgun_data/namss.F-12-89-HW.mcs.airgun/Navigation/f-12-89-hw_NAV-WGS84.csv
[17:26:38] [INFO ] SA mode  : single (seed=50)
[17:26:38] [INFO ] 
[17:26:38] [INFO ] STEP 1 — Feature extraction
[17:26:38] [INFO ]   Loading navigation...
[17:26:39] [INFO ]   Loading SEG-Y...
[17:26:39] [INFO ]   Traces: 4785  Samples: 2750  dt: 4.000 ms
[17:26:39] [INFO ]   Depth:  0.0 m → 8247.0 m
[17:26:39] [INFO ]   Matching traces to navigation...
[17:26:39] [INFO ]   NAV line matched via translation: 'f1289stk30' -> '30'
[17:26:39] [INFO ]   Matched 4785 / 4785 traces
[17:26:39] [INFO ]   Bandpass filtering...
[17:26:39] [INFO ]   Computing seismic attributes...
[17:26:40] [INFO ]   Picking seafloor...
[17:26:40] [INFO ]   Seafloor depth: 4542–5214 m  (0 shallow traces masked)
[17:26:40] [INFO ]   Picking horizons...
[17:26:41] [INFO ]   Computing NCC coherence (slow)...
[17:26:41] [INFO ]   Saving CNN section image...
[17:26:42] [INFO ]   Saved: f1289stk30_section_cnn.png  (2700x1500px)
[17:26:42] [INFO ]   Step 1 complete
[17:26:42] [INFO ] 
[17:26:42] [INFO ] STEP 2 — Fault detection
[17:26:42] [INFO ]   Mode: single SA run (seed=50)
[17:26:48] [INFO ]   Detected 16 high-confidence faults
[17:26:48] [INFO ]     Fault  1 | trace ~   35 | prob=0.756
[17:26:48] [INFO ]     Fault  2 | trace ~  358 | prob=0.770
[17:26:48] [INFO ]     Fault  3 | trace ~  573 | prob=0.760
[17:26:48] [INFO ]     Fault  4 | trace ~  865 | prob=0.711
[17:26:48] [INFO ]     Fault  5 | trace ~ 1106 | prob=0.759
[17:26:48] [INFO ]     Fault  6 | trace ~ 1314 | prob=0.739
[17:26:48] [INFO ]     Fault  7 | trace ~ 1728 | prob=0.782
[17:26:48] [INFO ]     Fault  8 | trace ~ 2453 | prob=0.731
[17:26:48] [INFO ]     Fault  9 | trace ~ 2785 | prob=0.700
[17:26:48] [INFO ]     Fault 10 | trace ~ 3010 | prob=0.743
[17:26:48] [INFO ]     Fault 11 | trace ~ 3357 | prob=0.720
[17:26:48] [INFO ]     Fault 12 | trace ~ 3766 | prob=0.726
[17:26:48] [INFO ]     Fault 13 | trace ~ 3997 | prob=0.738
[17:26:48] [INFO ]     Fault 14 | trace ~ 4221 | prob=0.707
[17:26:48] [INFO ]     Fault 15 | trace ~ 4442 | prob=0.701
[17:26:48] [INFO ]     Fault 16 | trace ~ 4759 | prob=0.744
[17:26:48] [INFO ]   Step 2 complete
[17:26:48] [INFO ] 
[17:26:48] [INFO ] STEP 3 — Bounding boxes
[17:26:48] [INFO ]   Box  1 | [0, 924, 80w, 125h px]
[17:26:48] [INFO ]   Box  2 | [113, 915, 178w, 130h px]
[17:26:48] [INFO ]   Box  3 | [255, 915, 142w, 128h px]
[17:26:48] [INFO ]   Box  4 | [438, 917, 102w, 130h px]
[17:26:48] [INFO ]   Box  5 | [569, 900, 115w, 130h px]
[17:26:48] [INFO ]   Box  6 | [691, 911, 103w, 128h px]
[17:26:48] [INFO ]   Box  7 | [925, 928, 99w, 128h px]
[17:26:48] [INFO ]   Box  8 | [1335, 929, 105w, 130h px]
[17:26:48] [INFO ]   Box  9 | [1522, 912, 103w, 128h px]
[17:26:48] [INFO ]   Box 10 | [1646, 929, 107w, 125h px]
[17:26:48] [INFO ]   Box 11 | [1830, 928, 129w, 128h px]
[17:26:48] [INFO ]   Box 12 | [2071, 912, 109w, 130h px]
[17:26:48] [INFO ]   Box 13 | [2205, 915, 103w, 128h px]
[17:26:48] [INFO ]   Box 14 | [2333, 900, 100w, 128h px]
[17:26:48] [INFO ]   Box 15 | [2442, 895, 134w, 130h px]
[17:26:48] [INFO ]   Box 16 | [2636, 883, 64w, 125h px]
[17:26:48] [INFO ]   Generated 16 boxes
[17:26:48] [INFO ]   Step 3 complete
[17:26:48] [INFO ] 
[17:26:48] [INFO ] STEP 4 — Dataset building
[17:26:48] [INFO ]   Saving labeled review image...
[17:26:48] [INFO ]   Saved: f1289stk30_labeled.png
[17:26:48] [INFO ]   Split: train
[17:26:49] [INFO ]   Added 16 annotations to train.json
[17:26:49] [INFO ]   train.json: 43 images, 667 annotations
[17:26:49] [INFO ]   val.json:   11 images,  161 annotations
[17:26:49] [INFO ]   Step 4 complete
[17:26:49] [INFO ] 
[17:26:49] [INFO ]   DONE  f1289stk30  →  train  |  16 faults  |  16 boxes
[17:26:49] [INFO ] 
[17:26:49] [INFO ] ──────────────────────────────────────────────────
[17:26:49] [INFO ]   LINE: f1289stk32
[17:26:49] [INFO ] ──────────────────────────────────────────────────
[17:26:49] [INFO ] Dataset  : namss.F-12-89-HW.mcs.airgun
[17:26:49] [INFO ] SGY      : ../../airgun_data/namss.F-12-89-HW.mcs.airgun/Data/f1289stk32.sgy
[17:26:49] [INFO ] NAV      : ../../airgun_data/namss.F-12-89-HW.mcs.airgun/Navigation/f-12-89-hw_NAV-WGS84.csv
[17:26:49] [INFO ] SA mode  : single (seed=50)
[17:26:49] [INFO ] 
[17:26:49] [INFO ] STEP 1 — Feature extraction
[17:26:49] [INFO ]   Loading navigation...
[17:26:49] [INFO ]   Loading SEG-Y...
[17:26:49] [INFO ]   Traces: 2803  Samples: 2750  dt: 4.000 ms
[17:26:49] [INFO ]   Depth:  0.0 m → 8247.0 m
[17:26:49] [INFO ]   Matching traces to navigation...
[17:26:49] [INFO ]   NAV line matched via translation: 'f1289stk32' -> '32'
[17:26:49] [INFO ]   Matched 2803 / 2803 traces
[17:26:49] [INFO ]   Bandpass filtering...
[17:26:49] [INFO ]   Computing seismic attributes...
[17:26:49] [INFO ]   Picking seafloor...
[17:26:50] [INFO ]   Seafloor depth: 12–4812 m  (166 shallow traces masked)
[17:26:50] [INFO ]   Picking horizons...
[17:26:50] [INFO ]   Computing NCC coherence (slow)...
[17:26:50] [INFO ]   Saving CNN section image...
[17:26:51] [INFO ]   Saved: f1289stk32_section_cnn.png  (2700x1500px)
[17:26:51] [INFO ]   Step 1 complete
[17:26:51] [INFO ] 
[17:26:51] [INFO ] STEP 2 — Fault detection
[17:26:51] [INFO ]   Mode: single SA run (seed=50)
[17:26:53] [INFO ]   Detected 7 high-confidence faults
[17:26:53] [INFO ]     Fault  1 | trace ~  793 | prob=0.621
[17:26:53] [INFO ]     Fault  2 | trace ~ 1027 | prob=0.555
[17:26:53] [INFO ]     Fault  3 | trace ~ 1389 | prob=0.554
[17:26:53] [INFO ]     Fault  4 | trace ~ 1842 | prob=0.643
[17:26:53] [INFO ]     Fault  5 | trace ~ 2087 | prob=0.601
[17:26:53] [INFO ]     Fault  6 | trace ~ 2323 | prob=0.689
[17:26:53] [INFO ]     Fault  7 | trace ~ 2635 | prob=0.842
[17:26:53] [INFO ]   Step 2 complete
[17:26:53] [INFO ] 
[17:26:53] [INFO ] STEP 3 — Bounding boxes
[17:26:53] [INFO ]   Box  1 | [669, 839, 183w, 133h px]
[17:26:53] [INFO ]   Box  2 | [889, 789, 223w, 133h px]
[17:26:53] [INFO ]   Box  3 | [1247, 695, 174w, 125h px]
[17:26:53] [INFO ]   Box  4 | [1715, 593, 115w, 130h px]
[17:26:53] [INFO ]   Box  5 | [1934, 521, 151w, 133h px]
[17:26:53] [INFO ]   Box  6 | [2182, 426, 115w, 128h px]
[17:26:53] [INFO ]   Box  7 | [2483, 102, 112w, 125h px]
[17:26:53] [INFO ]   Generated 7 boxes
[17:26:53] [INFO ]   Step 3 complete
[17:26:53] [INFO ] 
[17:26:53] [INFO ] STEP 4 — Dataset building
[17:26:53] [INFO ]   Saving labeled review image...
[17:26:53] [INFO ]   Saved: f1289stk32_labeled.png
[17:26:53] [INFO ]   Split: train
[17:26:53] [INFO ]   Added 7 annotations to train.json
[17:26:53] [INFO ]   train.json: 44 images, 674 annotations
[17:26:53] [INFO ]   val.json:   11 images,  161 annotations
[17:26:53] [INFO ]   Step 4 complete
[17:26:53] [INFO ] 
[17:26:53] [INFO ]   DONE  f1289stk32  →  train  |  7 faults  |  7 boxes
[17:26:53] [INFO ] 
[17:26:53] [INFO ] ──────────────────────────────────────────────────
[17:26:53] [INFO ]   LINE: f287stk01
[17:26:53] [INFO ] ──────────────────────────────────────────────────
[17:26:53] [INFO ] Dataset  : namss.F-2-87-AA.mcs.airgun
[17:26:53] [INFO ] SGY      : ../../airgun_data/namss.F-2-87-AA.mcs.airgun/Data/f287stk01.sgy
[17:26:53] [INFO ] NAV      : ../../airgun_data/namss.F-2-87-AA.mcs.airgun/Navigation/f-2-87-aa_NAV-WGS84.csv
[17:26:53] [INFO ] SA mode  : single (seed=50)
[17:26:53] [INFO ] 
[17:26:53] [INFO ] STEP 1 — Feature extraction
[17:26:53] [INFO ]   Loading navigation...
[17:26:54] [INFO ]   Loading SEG-Y...
[17:26:54] [INFO ]   Traces: 3097  Samples: 1750  dt: 4.000 ms
[17:26:54] [INFO ]   Depth:  0.0 m → 5247.0 m
[17:26:54] [INFO ]   Matching traces to navigation...
[17:26:54] [INFO ]   NAV line matched via translation: 'f287stk01' -> 'F287-1'
[17:26:54] [INFO ]   Matched 3096 / 3097 traces
[17:26:54] [INFO ]   Bandpass filtering...
[17:26:54] [INFO ]   Computing seismic attributes...
[17:26:54] [INFO ]   Picking seafloor...
[17:26:55] [INFO ]   Seafloor depth: 465–1392 m  (616 shallow traces masked)
[17:26:55] [INFO ]   Picking horizons...
[17:26:55] [INFO ]   Computing NCC coherence (slow)...
[17:26:55] [INFO ]   Saving CNN section image...
[17:26:55] [INFO ]   Saved: f287stk01_section_cnn.png  (2700x1500px)
[17:26:55] [INFO ]   Step 1 complete
[17:26:55] [INFO ] 
[17:26:55] [INFO ] STEP 2 — Fault detection
[17:26:55] [INFO ]   Mode: single SA run (seed=50)
[17:26:58] [INFO ]   Detected 7 high-confidence faults
[17:26:58] [INFO ]     Fault  1 | trace ~   21 | prob=0.617
[17:26:58] [INFO ]     Fault  2 | trace ~  424 | prob=0.715
[17:26:58] [INFO ]     Fault  3 | trace ~  657 | prob=0.634
[17:26:58] [INFO ]     Fault  4 | trace ~  980 | prob=0.684
[17:26:58] [INFO ]     Fault  5 | trace ~ 1497 | prob=0.667
[17:26:58] [INFO ]     Fault  6 | trace ~ 1729 | prob=0.650
[17:26:58] [INFO ]     Fault  7 | trace ~ 2474 | prob=0.646
[17:26:58] [INFO ]   Step 2 complete
[17:26:58] [INFO ] 
[17:26:58] [INFO ] STEP 3 — Bounding boxes
[17:26:58] [INFO ]   Box  1 | [0, 343, 82w, 196h px]
[17:26:58] [INFO ]   Box  2 | [279, 197, 202w, 183h px]
[17:26:58] [INFO ]   Box  3 | [505, 173, 128w, 166h px]
[17:26:58] [INFO ]   Box  4 | [782, 219, 160w, 178h px]
[17:26:58] [INFO ]   Box  5 | [1236, 163, 139w, 187h px]
[17:26:58] [INFO ]   Box  6 | [1419, 193, 178w, 196h px]
[17:26:58] [INFO ]   Box  7 | [2033, 187, 255w, 183h px]
[17:26:58] [INFO ]   Generated 7 boxes
[17:26:58] [INFO ]   Step 3 complete
[17:26:58] [INFO ] 
[17:26:58] [INFO ] STEP 4 — Dataset building
[17:26:58] [INFO ]   Saving labeled review image...
[17:26:58] [INFO ]   Saved: f287stk01_labeled.png
[17:26:58] [INFO ]   Split: val
[17:26:58] [INFO ]   Added 7 annotations to val.json
[17:26:58] [INFO ]   train.json: 44 images, 674 annotations
[17:26:58] [INFO ]   val.json:   12 images,  168 annotations
[17:26:58] [INFO ]   Step 4 complete
[17:26:58] [INFO ] 
[17:26:58] [INFO ]   DONE  f287stk01  →  val  |  7 faults  |  7 boxes
[17:26:58] [INFO ] 
[17:26:58] [INFO ] ──────────────────────────────────────────────────
[17:26:58] [INFO ]   LINE: f287stk02
[17:26:58] [INFO ] ──────────────────────────────────────────────────
[17:26:58] [INFO ] Dataset  : namss.F-2-87-AA.mcs.airgun
[17:26:58] [INFO ] SGY      : ../../airgun_data/namss.F-2-87-AA.mcs.airgun/Data/f287stk02.sgy
[17:26:58] [INFO ] NAV      : ../../airgun_data/namss.F-2-87-AA.mcs.airgun/Navigation/f-2-87-aa_NAV-WGS84.csv
[17:26:58] [INFO ] SA mode  : single (seed=50)
[17:26:58] [INFO ] 
[17:26:58] [INFO ] STEP 1 — Feature extraction
[17:26:58] [INFO ]   Loading navigation...
[17:26:58] [INFO ]   Loading SEG-Y...
[17:26:58] [INFO ]   Traces: 547  Samples: 1750  dt: 4.000 ms
[17:26:58] [INFO ]   Depth:  0.0 m → 5247.0 m
[17:26:58] [INFO ]   Matching traces to navigation...
[17:26:58] [INFO ]   NAV line matched via translation: 'f287stk02' -> 'F287-2'
[17:26:58] [INFO ]   Matched 546 / 547 traces
[17:26:58] [INFO ]   Bandpass filtering...
[17:26:58] [INFO ]   Computing seismic attributes...
[17:26:58] [INFO ]   Picking seafloor...
[17:26:58] [INFO ]   Seafloor depth: 0–483 m  (546 shallow traces masked)
[17:26:58] [INFO ]   Picking horizons...
[17:26:58] [INFO ]   Computing NCC coherence (slow)...
[17:26:58] [INFO ]   Saving CNN section image...
[17:26:59] [INFO ]   Saved: f287stk02_section_cnn.png  (2700x1500px)
[17:26:59] [INFO ]   Step 1 complete
[17:26:59] [INFO ] 
[17:26:59] [INFO ] STEP 2 — Fault detection
[17:26:59] [INFO ]   Mode: single SA run (seed=50)
[17:26:59] [INFO ]   Detected 0 high-confidence faults
[17:26:59] [INFO ]   Step 2 complete
[17:26:59] [INFO ] 
[17:26:59] [INFO ] STEP 3 — Bounding boxes
[17:26:59] [INFO ]   Generated 0 boxes
[17:26:59] [INFO ]   Step 3 complete
[17:26:59] [INFO ] 
[17:26:59] [INFO ] STEP 4 — Dataset building
[17:26:59] [INFO ]   Saving labeled review image...
[17:26:59] [INFO ]   Saved: f287stk02_labeled.png
[17:26:59] [INFO ]   Split: train
[17:26:59] [INFO ]   Added 0 annotations to train.json
[17:26:59] [INFO ]   train.json: 45 images, 674 annotations
[17:26:59] [INFO ]   val.json:   12 images,  168 annotations
[17:26:59] [INFO ]   Step 4 complete
[17:26:59] [INFO ] 
[17:26:59] [INFO ]   DONE  f287stk02  →  train  |  0 faults  |  0 boxes
[17:26:59] [INFO ] 
[17:26:59] [INFO ] ──────────────────────────────────────────────────
[17:26:59] [INFO ]   LINE: f287stk03
[17:26:59] [INFO ] ──────────────────────────────────────────────────
[17:26:59] [INFO ] Dataset  : namss.F-2-87-AA.mcs.airgun
[17:26:59] [INFO ] SGY      : ../../airgun_data/namss.F-2-87-AA.mcs.airgun/Data/f287stk03.sgy
[17:26:59] [INFO ] NAV      : ../../airgun_data/namss.F-2-87-AA.mcs.airgun/Navigation/f-2-87-aa_NAV-WGS84.csv
[17:26:59] [INFO ] SA mode  : single (seed=50)
[17:26:59] [INFO ] 
[17:26:59] [INFO ] STEP 1 — Feature extraction
[17:26:59] [INFO ]   Loading navigation...
[17:26:59] [INFO ]   Loading SEG-Y...
[17:26:59] [INFO ]   Traces: 4162  Samples: 2250  dt: 4.000 ms
[17:26:59] [INFO ]   Depth:  0.0 m → 6747.0 m
[17:26:59] [INFO ]   Matching traces to navigation...
[17:26:59] [INFO ]   NAV line matched via translation: 'f287stk03' -> 'F287-3'
[17:26:59] [INFO ]   Matched 4157 / 4162 traces
[17:26:59] [INFO ]   Bandpass filtering...
[17:27:00] [INFO ]   Computing seismic attributes...
[17:27:00] [INFO ]   Picking seafloor...
[17:27:00] [INFO ]   Seafloor depth: 891–3174 m  (0 shallow traces masked)
[17:27:00] [INFO ]   Picking horizons...
[17:27:01] [INFO ]   Computing NCC coherence (slow)...
[17:27:01] [INFO ]   Saving CNN section image...
[17:27:02] [INFO ]   Saved: f287stk03_section_cnn.png  (2700x1500px)
[17:27:02] [INFO ]   Step 1 complete
[17:27:02] [INFO ] 
[17:27:02] [INFO ] STEP 2 — Fault detection
[17:27:02] [INFO ]   Mode: single SA run (seed=50)
[17:27:07] [INFO ]   Detected 10 high-confidence faults
[17:27:07] [INFO ]     Fault  1 | trace ~   39 | prob=0.708
[17:27:07] [INFO ]     Fault  2 | trace ~  440 | prob=0.640
[17:27:07] [INFO ]     Fault  3 | trace ~  697 | prob=0.564
[17:27:07] [INFO ]     Fault  4 | trace ~ 1169 | prob=0.644
[17:27:07] [INFO ]     Fault  5 | trace ~ 1462 | prob=0.649
[17:27:07] [INFO ]     Fault  6 | trace ~ 1810 | prob=0.594
[17:27:07] [INFO ]     Fault  7 | trace ~ 2058 | prob=0.760
[17:27:07] [INFO ]     Fault  8 | trace ~ 2330 | prob=0.587
[17:27:07] [INFO ]     Fault  9 | trace ~ 3607 | prob=0.683
[17:27:07] [INFO ]     Fault 10 | trace ~ 4112 | prob=0.607
[17:27:07] [INFO ]   Step 2 complete
[17:27:07] [INFO ] 
[17:27:07] [INFO ] STEP 3 — Bounding boxes
[17:27:07] [INFO ]   Box  1 | [0, 215, 80w, 147h px]
[17:27:07] [INFO ]   Box  2 | [235, 290, 101w, 147h px]
[17:27:07] [INFO ]   Box  3 | [378, 341, 148w, 147h px]
[17:27:07] [INFO ]   Box  4 | [702, 321, 112w, 154h px]
[17:27:07] [INFO ]   Box  5 | [895, 372, 115w, 157h px]
[17:27:07] [INFO ]   Box  6 | [1123, 450, 105w, 154h px]
[17:27:07] [INFO ]   Box  7 | [1290, 392, 103w, 151h px]
[17:27:07] [INFO ]   Box  8 | [1429, 400, 152w, 151h px]
[17:27:07] [INFO ]   Box  9 | [2280, 608, 135w, 151h px]
[17:27:07] [INFO ]   Box 10 | [2616, 694, 84w, 151h px]
[17:27:07] [INFO ]   Generated 10 boxes
[17:27:07] [INFO ]   Step 3 complete
[17:27:07] [INFO ] 
[17:27:07] [INFO ] STEP 4 — Dataset building
[17:27:07] [INFO ]   Saving labeled review image...
[17:27:07] [INFO ]   Saved: f287stk03_labeled.png
[17:27:07] [INFO ]   Split: train
[17:27:07] [INFO ]   Added 10 annotations to train.json
[17:27:07] [INFO ]   train.json: 46 images, 684 annotations
[17:27:07] [INFO ]   val.json:   12 images,  168 annotations
[17:27:07] [INFO ]   Step 4 complete
[17:27:07] [INFO ] 
[17:27:07] [INFO ]   DONE  f287stk03  →  train  |  10 faults  |  10 boxes
[17:27:07] [INFO ] 
[17:27:07] [INFO ] ──────────────────────────────────────────────────
[17:27:07] [INFO ]   LINE: f287stk04
[17:27:07] [INFO ] ──────────────────────────────────────────────────
[17:27:07] [INFO ] Dataset  : namss.F-2-87-AA.mcs.airgun
[17:27:07] [INFO ] SGY      : ../../airgun_data/namss.F-2-87-AA.mcs.airgun/Data/f287stk04.sgy
[17:27:07] [INFO ] NAV      : ../../airgun_data/namss.F-2-87-AA.mcs.airgun/Navigation/f-2-87-aa_NAV-WGS84.csv
[17:27:07] [INFO ] SA mode  : single (seed=50)
[17:27:07] [INFO ] 
[17:27:07] [INFO ] STEP 1 — Feature extraction
[17:27:07] [INFO ]   Loading navigation...
[17:27:07] [INFO ]   Loading SEG-Y...
[17:27:07] [INFO ]   Traces: 628  Samples: 2500  dt: 4.000 ms
[17:27:07] [INFO ]   Depth:  0.0 m → 7497.0 m
[17:27:07] [INFO ]   Matching traces to navigation...
[17:27:07] [INFO ]   NAV line matched via translation: 'f287stk04' -> 'F287-4'
[17:27:07] [INFO ]   Matched 627 / 628 traces
[17:27:07] [INFO ]   Bandpass filtering...
[17:27:07] [INFO ]   Computing seismic attributes...
[17:27:07] [INFO ]   Picking seafloor...
[17:27:07] [INFO ]   Seafloor depth: 3417–4545 m  (0 shallow traces masked)
[17:27:07] [INFO ]   Picking horizons...
[17:27:07] [INFO ]   Computing NCC coherence (slow)...
[17:27:07] [INFO ]   Saving CNN section image...
[17:27:07] [INFO ]   Saved: f287stk04_section_cnn.png  (2700x1500px)
[17:27:07] [INFO ]   Step 1 complete
[17:27:07] [INFO ] 
[17:27:07] [INFO ] STEP 2 — Fault detection
[17:27:07] [INFO ]   Mode: single SA run (seed=50)
[17:27:08] [INFO ]   Detected 2 high-confidence faults
[17:27:08] [INFO ]     Fault  1 | trace ~   20 | prob=0.712
[17:27:08] [INFO ]     Fault  2 | trace ~  216 | prob=0.722
[17:27:08] [INFO ]   Step 2 complete
[17:27:08] [INFO ] 
[17:27:08] [INFO ] STEP 3 — Bounding boxes
[17:27:08] [INFO ]   Box  1 | [0, 673, 493w, 132h px]
[17:27:08] [INFO ]   Box  2 | [456, 736, 1025w, 141h px]
[17:27:08] [INFO ]   Generated 2 boxes
[17:27:08] [INFO ]   Step 3 complete
[17:27:08] [INFO ] 
[17:27:08] [INFO ] STEP 4 — Dataset building
[17:27:08] [INFO ]   Saving labeled review image...
[17:27:08] [INFO ]   Saved: f287stk04_labeled.png
[17:27:08] [INFO ]   Split: train
[17:27:08] [INFO ]   Added 2 annotations to train.json
[17:27:08] [INFO ]   train.json: 47 images, 686 annotations
[17:27:08] [INFO ]   val.json:   12 images,  168 annotations
[17:27:08] [INFO ]   Step 4 complete
[17:27:08] [INFO ] 
[17:27:08] [INFO ]   DONE  f287stk04  →  train  |  2 faults  |  2 boxes
[17:27:08] [INFO ] 
[17:27:08] [INFO ] ──────────────────────────────────────────────────
[17:27:08] [INFO ]   LINE: f287stk05
[17:27:08] [INFO ] ──────────────────────────────────────────────────
[17:27:08] [INFO ] Dataset  : namss.F-2-87-AA.mcs.airgun
[17:27:08] [INFO ] SGY      : ../../airgun_data/namss.F-2-87-AA.mcs.airgun/Data/f287stk05.sgy
[17:27:08] [INFO ] NAV      : ../../airgun_data/namss.F-2-87-AA.mcs.airgun/Navigation/f-2-87-aa_NAV-WGS84.csv
[17:27:08] [INFO ] SA mode  : single (seed=50)
[17:27:08] [INFO ] 
[17:27:08] [INFO ] STEP 1 — Feature extraction
[17:27:08] [INFO ]   Loading navigation...
[17:27:08] [INFO ]   Loading SEG-Y...
[17:27:09] [INFO ]   Traces: 4145  Samples: 2500  dt: 4.000 ms
[17:27:09] [INFO ]   Depth:  0.0 m → 7497.0 m
[17:27:09] [INFO ]   Matching traces to navigation...
[17:27:09] [INFO ]   NAV line matched via translation: 'f287stk05' -> 'F287-5'
[17:27:09] [INFO ]   Matched 4144 / 4145 traces
[17:27:09] [INFO ]   Bandpass filtering...
[17:27:09] [INFO ]   Computing seismic attributes...
[17:27:10] [INFO ]   Picking seafloor...
[17:27:10] [INFO ]   Seafloor depth: 915–4770 m  (0 shallow traces masked)
[17:27:10] [INFO ]   Picking horizons...
[17:27:10] [INFO ]   Computing NCC coherence (slow)...
[17:27:10] [INFO ]   Saving CNN section image...
[17:27:11] [INFO ]   Saved: f287stk05_section_cnn.png  (2700x1500px)
[17:27:11] [INFO ]   Step 1 complete
[17:27:11] [INFO ] 
[17:27:11] [INFO ] STEP 2 — Fault detection
[17:27:11] [INFO ]   Mode: single SA run (seed=50)
[17:27:15] [INFO ]   Detected 7 high-confidence faults
[17:27:15] [INFO ]     Fault  1 | trace ~ 1350 | prob=0.590
[17:27:15] [INFO ]     Fault  2 | trace ~ 2379 | prob=0.669
[17:27:15] [INFO ]     Fault  3 | trace ~ 3052 | prob=0.659
[17:27:15] [INFO ]     Fault  4 | trace ~ 3258 | prob=0.590
[17:27:15] [INFO ]     Fault  5 | trace ~ 3533 | prob=0.641
[17:27:15] [INFO ]     Fault  6 | trace ~ 3760 | prob=0.701
[17:27:15] [INFO ]     Fault  7 | trace ~ 3983 | prob=0.807
[17:27:15] [INFO ]   Step 2 complete
[17:27:15] [INFO ] 
[17:27:15] [INFO ] STEP 3 — Bounding boxes
[17:27:15] [INFO ]   Box  1 | [829, 687, 100w, 144h px]
[17:27:15] [INFO ]   Box  2 | [1489, 777, 112w, 141h px]
[17:27:15] [INFO ]   Box  3 | [1933, 586, 111w, 162h px]
[17:27:15] [INFO ]   Box  4 | [2013, 525, 224w, 141h px]
[17:27:15] [INFO ]   Box  5 | [2250, 464, 111w, 132h px]
[17:27:15] [INFO ]   Box  6 | [2376, 375, 148w, 132h px]
[17:27:15] [INFO ]   Box  7 | [2527, 242, 144w, 147h px]
[17:27:15] [INFO ]   Generated 7 boxes
[17:27:15] [INFO ]   Step 3 complete
[17:27:15] [INFO ] 
[17:27:15] [INFO ] STEP 4 — Dataset building
[17:27:15] [INFO ]   Saving labeled review image...
[17:27:15] [INFO ]   Saved: f287stk05_labeled.png
[17:27:15] [INFO ]   Split: train
[17:27:15] [INFO ]   Added 7 annotations to train.json
[17:27:15] [INFO ]   train.json: 48 images, 693 annotations
[17:27:15] [INFO ]   val.json:   12 images,  168 annotations
[17:27:15] [INFO ]   Step 4 complete
[17:27:15] [INFO ] 
[17:27:15] [INFO ]   DONE  f287stk05  →  train  |  7 faults  |  7 boxes
[17:27:15] [INFO ] 
[17:27:15] [INFO ] ──────────────────────────────────────────────────
[17:27:15] [INFO ]   LINE: f287stk06
[17:27:15] [INFO ] ──────────────────────────────────────────────────
[17:27:15] [INFO ] Dataset  : namss.F-2-87-AA.mcs.airgun
[17:27:15] [INFO ] SGY      : ../../airgun_data/namss.F-2-87-AA.mcs.airgun/Data/f287stk06.sgy
[17:27:15] [INFO ] NAV      : ../../airgun_data/namss.F-2-87-AA.mcs.airgun/Navigation/f-2-87-aa_NAV-WGS84.csv
[17:27:15] [INFO ] SA mode  : single (seed=50)
[17:27:15] [INFO ] 
[17:27:15] [INFO ] STEP 1 — Feature extraction
[17:27:15] [INFO ]   Loading navigation...
[17:27:15] [INFO ]   Loading SEG-Y...
[17:27:15] [INFO ]   Traces: 864  Samples: 2500  dt: 4.000 ms
[17:27:15] [INFO ]   Depth:  0.0 m → 7497.0 m
[17:27:15] [INFO ]   Matching traces to navigation...
[17:27:15] [INFO ]   NAV line matched via translation: 'f287stk06' -> 'F287-6'
[17:27:15] [INFO ]   Matched 863 / 864 traces
[17:27:15] [INFO ]   Bandpass filtering...
[17:27:15] [INFO ]   Computing seismic attributes...
[17:27:16] [INFO ]   Picking seafloor...
[17:27:16] [INFO ]   Seafloor depth: 738–2538 m  (0 shallow traces masked)
[17:27:16] [INFO ]   Picking horizons...
[17:27:16] [INFO ]   Computing NCC coherence (slow)...
[17:27:16] [INFO ]   Saving CNN section image...
[17:27:16] [INFO ]   Saved: f287stk06_section_cnn.png  (2700x1500px)
[17:27:16] [INFO ]   Step 1 complete
[17:27:16] [INFO ] 
[17:27:16] [INFO ] STEP 2 — Fault detection
[17:27:16] [INFO ]   Mode: single SA run (seed=50)
[17:27:17] [INFO ]   Detected 2 high-confidence faults
[17:27:17] [INFO ]     Fault  1 | trace ~  429 | prob=0.669
[17:27:17] [INFO ]     Fault  2 | trace ~  776 | prob=0.788
[17:27:17] [INFO ]   Step 2 complete
[17:27:17] [INFO ] 
[17:27:17] [INFO ] STEP 3 — Bounding boxes
[17:27:17] [INFO ]   Box  1 | [1113, 194, 489w, 138h px]
[17:27:17] [INFO ]   Box  2 | [2067, 238, 633w, 141h px]
[17:27:17] [INFO ]   Generated 2 boxes
[17:27:17] [INFO ]   Step 3 complete
[17:27:17] [INFO ] 
[17:27:17] [INFO ] STEP 4 — Dataset building
[17:27:17] [INFO ]   Saving labeled review image...
[17:27:17] [INFO ]   Saved: f287stk06_labeled.png
[17:27:17] [INFO ]   Split: val
[17:27:17] [INFO ]   Added 2 annotations to val.json
[17:27:17] [INFO ]   train.json: 48 images, 693 annotations
[17:27:17] [INFO ]   val.json:   13 images,  170 annotations
[17:27:17] [INFO ]   Step 4 complete
[17:27:17] [INFO ] 
[17:27:17] [INFO ]   DONE  f287stk06  →  val  |  2 faults  |  2 boxes
[17:27:17] [INFO ] 
[17:27:17] [INFO ] ──────────────────────────────────────────────────
[17:27:17] [INFO ]   LINE: f287stk07
[17:27:17] [INFO ] ──────────────────────────────────────────────────
[17:27:17] [INFO ] Dataset  : namss.F-2-87-AA.mcs.airgun
[17:27:17] [INFO ] SGY      : ../../airgun_data/namss.F-2-87-AA.mcs.airgun/Data/f287stk07.sgy
[17:27:17] [INFO ] NAV      : ../../airgun_data/namss.F-2-87-AA.mcs.airgun/Navigation/f-2-87-aa_NAV-WGS84.csv
[17:27:17] [INFO ] SA mode  : single (seed=50)
[17:27:17] [INFO ] 
[17:27:17] [INFO ] STEP 1 — Feature extraction
[17:27:17] [INFO ]   Loading navigation...
[17:27:17] [INFO ]   Loading SEG-Y...
[17:27:17] [INFO ]   Traces: 208  Samples: 2500  dt: 4.000 ms
[17:27:17] [INFO ]   Depth:  0.0 m → 7497.0 m
[17:27:17] [INFO ]   Matching traces to navigation...
[17:27:17] [INFO ]   NAV line matched via translation: 'f287stk07' -> 'F287-7'
[17:27:17] [INFO ]   Matched 207 / 208 traces
[17:27:17] [INFO ]   Bandpass filtering...
[17:27:17] [INFO ]   Computing seismic attributes...
[17:27:17] [INFO ]   Picking seafloor...
[17:27:17] [INFO ]   Seafloor depth: 765–1662 m  (0 shallow traces masked)
[17:27:17] [INFO ]   Picking horizons...
[17:27:17] [INFO ]   Computing NCC coherence (slow)...
[17:27:17] [INFO ]   Saving CNN section image...
[17:27:17] [INFO ]   Saved: f287stk07_section_cnn.png  (2700x1500px)
[17:27:17] [INFO ]   Step 1 complete
[17:27:17] [INFO ] 
[17:27:17] [INFO ] STEP 2 — Fault detection
[17:27:17] [INFO ]   Mode: single SA run (seed=50)
[17:27:18] [INFO ]   Detected 1 high-confidence faults
[17:27:18] [INFO ]     Fault  1 | trace ~   81 | prob=0.687
[17:27:18] [INFO ]   Step 2 complete
[17:27:18] [INFO ] 
[17:27:18] [INFO ] STEP 3 — Bounding boxes
[17:27:18] [INFO ]   Box  1 | [0, 277, 2473w, 132h px]
[17:27:18] [INFO ]   Generated 1 boxes
[17:27:18] [INFO ]   Step 3 complete
[17:27:18] [INFO ] 
[17:27:18] [INFO ] STEP 4 — Dataset building
[17:27:18] [INFO ]   Saving labeled review image...
[17:27:18] [INFO ]   Saved: f287stk07_labeled.png
[17:27:18] [INFO ]   Split: train
[17:27:18] [INFO ]   Added 1 annotations to train.json
[17:27:18] [INFO ]   train.json: 49 images, 694 annotations
[17:27:18] [INFO ]   val.json:   13 images,  170 annotations
[17:27:18] [INFO ]   Step 4 complete
[17:27:18] [INFO ] 
[17:27:18] [INFO ]   DONE  f287stk07  →  train  |  1 faults  |  1 boxes
[17:27:18] [INFO ] 
[17:27:18] [INFO ] ──────────────────────────────────────────────────
[17:27:18] [INFO ]   LINE: f287stk08
[17:27:18] [INFO ] ──────────────────────────────────────────────────
[17:27:18] [INFO ] Dataset  : namss.F-2-87-AA.mcs.airgun
[17:27:18] [INFO ] SGY      : ../../airgun_data/namss.F-2-87-AA.mcs.airgun/Data/f287stk08.sgy
[17:27:18] [INFO ] NAV      : ../../airgun_data/namss.F-2-87-AA.mcs.airgun/Navigation/f-2-87-aa_NAV-WGS84.csv
[17:27:18] [INFO ] SA mode  : single (seed=50)
[17:27:18] [INFO ] 
[17:27:18] [INFO ] STEP 1 — Feature extraction
[17:27:18] [INFO ]   Loading navigation...
[17:27:18] [INFO ]   Loading SEG-Y...
[17:27:18] [INFO ]   Traces: 1406  Samples: 2500  dt: 4.000 ms
[17:27:18] [INFO ]   Depth:  0.0 m → 7497.0 m
[17:27:18] [INFO ]   Matching traces to navigation...
[17:27:18] [INFO ]   NAV line matched via translation: 'f287stk08' -> 'F287-8'
[17:27:18] [INFO ]   Matched 1404 / 1406 traces
[17:27:18] [INFO ]   Bandpass filtering...
[17:27:18] [INFO ]   Computing seismic attributes...
[17:27:18] [INFO ]   Picking seafloor...
[17:27:19] [INFO ]   Seafloor depth: 732–2607 m  (0 shallow traces masked)
[17:27:19] [INFO ]   Picking horizons...
[17:27:19] [INFO ]   Computing NCC coherence (slow)...
[17:27:19] [INFO ]   Saving CNN section image...
[17:27:19] [INFO ]   Saved: f287stk08_section_cnn.png  (2700x1500px)
[17:27:19] [INFO ]   Step 1 complete
[17:27:19] [INFO ] 
[17:27:19] [INFO ] STEP 2 — Fault detection
[17:27:19] [INFO ]   Mode: single SA run (seed=50)
[17:27:20] [INFO ]   Detected 3 high-confidence faults
[17:27:20] [INFO ]     Fault  1 | trace ~  227 | prob=0.721
[17:27:20] [INFO ]     Fault  2 | trace ~  473 | prob=0.742
[17:27:20] [INFO ]     Fault  3 | trace ~  744 | prob=0.649
[17:27:20] [INFO ]   Step 2 complete
[17:27:20] [INFO ] 
[17:27:20] [INFO ] STEP 3 — Bounding boxes
[17:27:20] [INFO ]   Box  1 | [250, 150, 353w, 135h px]
[17:27:20] [INFO ]   Box  2 | [785, 211, 248w, 132h px]
[17:27:20] [INFO ]   Box  3 | [1225, 346, 399w, 135h px]
[17:27:20] [INFO ]   Generated 3 boxes
[17:27:20] [INFO ]   Step 3 complete
[17:27:20] [INFO ] 
[17:27:20] [INFO ] STEP 4 — Dataset building
[17:27:20] [INFO ]   Saving labeled review image...
[17:27:20] [INFO ]   Saved: f287stk08_labeled.png
[17:27:20] [INFO ]   Split: train
[17:27:20] [INFO ]   Added 3 annotations to train.json
[17:27:20] [INFO ]   train.json: 50 images, 697 annotations
[17:27:20] [INFO ]   val.json:   13 images,  170 annotations
[17:27:20] [INFO ]   Step 4 complete
[17:27:20] [INFO ] 
[17:27:20] [INFO ]   DONE  f287stk08  →  train  |  3 faults  |  3 boxes
[17:27:21] [INFO ] 
[17:27:21] [INFO ] ──────────────────────────────────────────────────
[17:27:21] [INFO ]   LINE: f287stk09
[17:27:21] [INFO ] ──────────────────────────────────────────────────
[17:27:21] [INFO ] Dataset  : namss.F-2-87-AA.mcs.airgun
[17:27:21] [INFO ] SGY      : ../../airgun_data/namss.F-2-87-AA.mcs.airgun/Data/f287stk09.sgy
[17:27:21] [INFO ] NAV      : ../../airgun_data/namss.F-2-87-AA.mcs.airgun/Navigation/f-2-87-aa_NAV-WGS84.csv
[17:27:21] [INFO ] SA mode  : single (seed=50)
[17:27:21] [INFO ] 
[17:27:21] [INFO ] STEP 1 — Feature extraction
[17:27:21] [INFO ]   Loading navigation...
[17:27:21] [INFO ]   Loading SEG-Y...
[17:27:21] [INFO ]   Traces: 679  Samples: 2500  dt: 4.000 ms
[17:27:21] [INFO ]   Depth:  0.0 m → 7497.0 m
[17:27:21] [INFO ]   Matching traces to navigation...
[17:27:21] [INFO ]   NAV line matched via translation: 'f287stk09' -> 'F287-9'
[17:27:21] [INFO ]   Matched 678 / 679 traces
[17:27:21] [INFO ]   Bandpass filtering...
[17:27:21] [INFO ]   Computing seismic attributes...
[17:27:21] [INFO ]   Picking seafloor...
[17:27:21] [INFO ]   Seafloor depth: 975–3078 m  (0 shallow traces masked)
[17:27:21] [INFO ]   Picking horizons...
[17:27:21] [INFO ]   Computing NCC coherence (slow)...
[17:27:21] [INFO ]   Saving CNN section image...
[17:27:21] [INFO ]   Saved: f287stk09_section_cnn.png  (2700x1500px)
[17:27:21] [INFO ]   Step 1 complete
[17:27:21] [INFO ] 
[17:27:21] [INFO ] STEP 2 — Fault detection
[17:27:21] [INFO ]   Mode: single SA run (seed=50)
[17:27:22] [INFO ]   Detected 2 high-confidence faults
[17:27:22] [INFO ]     Fault  1 | trace ~  298 | prob=0.701
[17:27:22] [INFO ]     Fault  2 | trace ~  585 | prob=0.741
[17:27:22] [INFO ]   Step 2 complete
[17:27:22] [INFO ] 
[17:27:22] [INFO ] STEP 3 — Bounding boxes
[17:27:22] [INFO ]   Box  1 | [819, 486, 839w, 144h px]
[17:27:22] [INFO ]   Box  2 | [1975, 197, 677w, 144h px]
[17:27:22] [INFO ]   Generated 2 boxes
[17:27:22] [INFO ]   Step 3 complete
[17:27:22] [INFO ] 
[17:27:22] [INFO ] STEP 4 — Dataset building
[17:27:22] [INFO ]   Saving labeled review image...
[17:27:22] [INFO ]   Saved: f287stk09_labeled.png
[17:27:22] [INFO ]   Split: train
[17:27:22] [INFO ]   Added 2 annotations to train.json
[17:27:22] [INFO ]   train.json: 51 images, 699 annotations
[17:27:22] [INFO ]   val.json:   13 images,  170 annotations
[17:27:22] [INFO ]   Step 4 complete
[17:27:22] [INFO ] 
[17:27:22] [INFO ]   DONE  f287stk09  →  train  |  2 faults  |  2 boxes
[17:27:22] [INFO ] 
[17:27:22] [INFO ] ──────────────────────────────────────────────────
[17:27:22] [INFO ]   LINE: f287stk10
[17:27:22] [INFO ] ──────────────────────────────────────────────────
[17:27:22] [INFO ] Dataset  : namss.F-2-87-AA.mcs.airgun
[17:27:22] [INFO ] SGY      : ../../airgun_data/namss.F-2-87-AA.mcs.airgun/Data/f287stk10.sgy
[17:27:22] [INFO ] NAV      : ../../airgun_data/namss.F-2-87-AA.mcs.airgun/Navigation/f-2-87-aa_NAV-WGS84.csv
[17:27:22] [INFO ] SA mode  : single (seed=50)
[17:27:22] [INFO ] 
[17:27:22] [INFO ] STEP 1 — Feature extraction
[17:27:22] [INFO ]   Loading navigation...
[17:27:22] [INFO ]   Loading SEG-Y...
[17:27:22] [INFO ]   Traces: 417  Samples: 2500  dt: 4.000 ms
[17:27:22] [INFO ]   Depth:  0.0 m → 7497.0 m
[17:27:22] [INFO ]   Matching traces to navigation...
[17:27:22] [INFO ]   NAV line matched via translation: 'f287stk10' -> 'F287-10'
[17:27:22] [INFO ]   Matched 416 / 417 traces
[17:27:22] [INFO ]   Bandpass filtering...
[17:27:22] [INFO ]   Computing seismic attributes...
[17:27:22] [INFO ]   Picking seafloor...
[17:27:22] [INFO ]   Seafloor depth: 615–1452 m  (0 shallow traces masked)
[17:27:22] [INFO ]   Picking horizons...
[17:27:22] [INFO ]   Computing NCC coherence (slow)...
[17:27:22] [INFO ]   Saving CNN section image...
[17:27:23] [INFO ]   Saved: f287stk10_section_cnn.png  (2700x1500px)
[17:27:23] [INFO ]   Step 1 complete
[17:27:23] [INFO ] 
[17:27:23] [INFO ] STEP 2 — Fault detection
[17:27:23] [INFO ]   Mode: single SA run (seed=50)
[17:27:23] [INFO ]   Detected 1 high-confidence faults
[17:27:23] [INFO ]     Fault  1 | trace ~  221 | prob=0.684
[17:27:23] [INFO ]   Step 2 complete
[17:27:23] [INFO ] 
[17:27:23] [INFO ] STEP 3 — Bounding boxes
[17:27:23] [INFO ]   Box  1 | [722, 160, 1412w, 138h px]
[17:27:23] [INFO ]   Generated 1 boxes
[17:27:23] [INFO ]   Step 3 complete
[17:27:23] [INFO ] 
[17:27:23] [INFO ] STEP 4 — Dataset building
[17:27:23] [INFO ]   Saving labeled review image...
[17:27:23] [INFO ]   Saved: f287stk10_labeled.png
[17:27:23] [INFO ]   Split: train
[17:27:23] [INFO ]   Added 1 annotations to train.json
[17:27:23] [INFO ]   train.json: 52 images, 700 annotations
[17:27:23] [INFO ]   val.json:   13 images,  170 annotations
[17:27:23] [INFO ]   Step 4 complete
[17:27:23] [INFO ] 
[17:27:23] [INFO ]   DONE  f287stk10  →  train  |  1 faults  |  1 boxes
[17:27:23] [INFO ] 
[17:27:23] [INFO ] ──────────────────────────────────────────────────
[17:27:23] [INFO ]   LINE: f287stk11
[17:27:23] [INFO ] ──────────────────────────────────────────────────
[17:27:23] [INFO ] Dataset  : namss.F-2-87-AA.mcs.airgun
[17:27:23] [INFO ] SGY      : ../../airgun_data/namss.F-2-87-AA.mcs.airgun/Data/f287stk11.sgy
[17:27:23] [INFO ] NAV      : ../../airgun_data/namss.F-2-87-AA.mcs.airgun/Navigation/f-2-87-aa_NAV-WGS84.csv
[17:27:23] [INFO ] SA mode  : single (seed=50)
[17:27:23] [INFO ] 
[17:27:23] [INFO ] STEP 1 — Feature extraction
[17:27:23] [INFO ]   Loading navigation...
[17:27:23] [INFO ]   Loading SEG-Y...
[17:27:23] [INFO ]   Traces: 1209  Samples: 2500  dt: 4.000 ms
[17:27:23] [INFO ]   Depth:  0.0 m → 7497.0 m
[17:27:23] [INFO ]   Matching traces to navigation...
[17:27:23] [INFO ]   NAV line matched via translation: 'f287stk11' -> 'F287-11'
[17:27:24] [INFO ]   Matched 1208 / 1209 traces
[17:27:24] [INFO ]   Bandpass filtering...
[17:27:24] [INFO ]   Computing seismic attributes...
[17:27:24] [INFO ]   Picking seafloor...
[17:27:24] [INFO ]   Seafloor depth: 372–921 m  (292 shallow traces masked)
[17:27:24] [INFO ]   Picking horizons...
[17:27:24] [INFO ]   Computing NCC coherence (slow)...
[17:27:24] [INFO ]   Saving CNN section image...
[17:27:24] [INFO ]   Saved: f287stk11_section_cnn.png  (2700x1500px)
[17:27:24] [INFO ]   Step 1 complete
[17:27:24] [INFO ] 
[17:27:24] [INFO ] STEP 2 — Fault detection
[17:27:24] [INFO ]   Mode: single SA run (seed=50)
[17:27:26] [INFO ]   Detected 4 high-confidence faults
[17:27:26] [INFO ]     Fault  1 | trace ~  129 | prob=0.616
[17:27:26] [INFO ]     Fault  2 | trace ~  416 | prob=0.678
[17:27:26] [INFO ]     Fault  3 | trace ~  640 | prob=0.718
[17:27:26] [INFO ]     Fault  4 | trace ~  967 | prob=0.680
[17:27:26] [INFO ]   Step 2 complete
[17:27:26] [INFO ] 
[17:27:26] [INFO ] STEP 3 — Bounding boxes
[17:27:26] [INFO ]   Box  1 | [71, 133, 426w, 135h px]
[17:27:26] [INFO ]   Box  2 | [722, 75, 418w, 171h px]
[17:27:26] [INFO ]   Box  3 | [1273, 125, 327w, 135h px]
[17:27:26] [INFO ]   Box  4 | [1931, 166, 494w, 138h px]
[17:27:26] [INFO ]   Generated 4 boxes
[17:27:26] [INFO ]   Step 3 complete
[17:27:26] [INFO ] 
[17:27:26] [INFO ] STEP 4 — Dataset building
[17:27:26] [INFO ]   Saving labeled review image...
[17:27:26] [INFO ]   Saved: f287stk11_labeled.png
[17:27:26] [INFO ]   Split: val
[17:27:26] [INFO ]   Added 4 annotations to val.json
[17:27:26] [INFO ]   train.json: 52 images, 700 annotations
[17:27:26] [INFO ]   val.json:   14 images,  174 annotations
[17:27:26] [INFO ]   Step 4 complete
[17:27:26] [INFO ] 
[17:27:26] [INFO ]   DONE  f287stk11  →  val  |  4 faults  |  4 boxes
[17:27:26] [INFO ] 
[17:27:26] [INFO ] ──────────────────────────────────────────────────
[17:27:26] [INFO ]   LINE: f287stk12
[17:27:26] [INFO ] ──────────────────────────────────────────────────
[17:27:26] [INFO ] Dataset  : namss.F-2-87-AA.mcs.airgun
[17:27:26] [INFO ] SGY      : ../../airgun_data/namss.F-2-87-AA.mcs.airgun/Data/f287stk12.sgy
[17:27:26] [INFO ] NAV      : ../../airgun_data/namss.F-2-87-AA.mcs.airgun/Navigation/f-2-87-aa_NAV-WGS84.csv
[17:27:26] [INFO ] SA mode  : single (seed=50)
[17:27:26] [INFO ] 
[17:27:26] [INFO ] STEP 1 — Feature extraction
[17:27:26] [INFO ]   Loading navigation...
[17:27:26] [INFO ]   Loading SEG-Y...
[17:27:26] [INFO ]   Traces: 1119  Samples: 1500  dt: 4.000 ms
[17:27:26] [INFO ]   Depth:  0.0 m → 4497.0 m
[17:27:26] [INFO ]   Matching traces to navigation...
[17:27:26] [INFO ]   NAV line matched via translation: 'f287stk12' -> 'F287-12'
[17:27:26] [INFO ]   Matched 1118 / 1119 traces
[17:27:26] [INFO ]   Bandpass filtering...
[17:27:26] [INFO ]   Computing seismic attributes...
[17:27:26] [INFO ]   Picking seafloor...
[17:27:26] [INFO ]   Seafloor depth: 0–3993 m  (197 shallow traces masked)
[17:27:26] [INFO ]   Picking horizons...
[17:27:26] [INFO ]   Computing NCC coherence (slow)...
[17:27:26] [INFO ]   Saving CNN section image...
[17:27:27] [INFO ]   Saved: f287stk12_section_cnn.png  (2700x1500px)
[17:27:27] [INFO ]   Step 1 complete
[17:27:27] [INFO ] 
[17:27:27] [INFO ] STEP 2 — Fault detection
[17:27:27] [INFO ]   Mode: single SA run (seed=50)
[17:27:28] [INFO ]   Detected 4 high-confidence faults
[17:27:28] [INFO ]     Fault  1 | trace ~   43 | prob=0.713
[17:27:28] [INFO ]     Fault  2 | trace ~  281 | prob=0.623
[17:27:28] [INFO ]     Fault  3 | trace ~  571 | prob=0.668
[17:27:28] [INFO ]     Fault  4 | trace ~  896 | prob=0.638
[17:27:28] [INFO ]   Step 2 complete
[17:27:28] [INFO ] 
[17:27:28] [INFO ] STEP 3 — Bounding boxes
[17:27:28] [INFO ]   Box  1 | [0, 362, 294w, 229h px]
[17:27:28] [INFO ]   Box  2 | [433, 781, 517w, 214h px]
[17:27:28] [INFO ]   Box  3 | [1152, 1319, 452w, 181h px]
[17:27:28] [INFO ]   Box  4 | [1985, 1316, 378w, 184h px]
[17:27:28] [INFO ]   Generated 4 boxes
[17:27:28] [INFO ]   Step 3 complete
[17:27:28] [INFO ] 
[17:27:28] [INFO ] STEP 4 — Dataset building
[17:27:28] [INFO ]   Saving labeled review image...
[17:27:28] [INFO ]   Saved: f287stk12_labeled.png
[17:27:28] [INFO ]   Split: train
[17:27:28] [INFO ]   Added 4 annotations to train.json
[17:27:28] [INFO ]   train.json: 53 images, 704 annotations
[17:27:28] [INFO ]   val.json:   14 images,  174 annotations
[17:27:28] [INFO ]   Step 4 complete
[17:27:28] [INFO ] 
[17:27:28] [INFO ]   DONE  f287stk12  →  train  |  4 faults  |  4 boxes
[17:27:28] [INFO ] 
[17:27:28] [INFO ] ──────────────────────────────────────────────────
[17:27:28] [INFO ]   LINE: f287stk13
[17:27:28] [INFO ] ──────────────────────────────────────────────────
[17:27:28] [INFO ] Dataset  : namss.F-2-87-AA.mcs.airgun
[17:27:28] [INFO ] SGY      : ../../airgun_data/namss.F-2-87-AA.mcs.airgun/Data/f287stk13.sgy
[17:27:28] [INFO ] NAV      : ../../airgun_data/namss.F-2-87-AA.mcs.airgun/Navigation/f-2-87-aa_NAV-WGS84.csv
[17:27:28] [INFO ] SA mode  : single (seed=50)
[17:27:28] [INFO ] 
[17:27:28] [INFO ] STEP 1 — Feature extraction
[17:27:28] [INFO ]   Loading navigation...
[17:27:28] [INFO ]   Loading SEG-Y...
[17:27:28] [INFO ]   Traces: 1429  Samples: 2500  dt: 4.000 ms
[17:27:28] [INFO ]   Depth:  0.0 m → 7497.0 m
[17:27:28] [INFO ]   Matching traces to navigation...
[17:27:28] [INFO ]   NAV line matched via translation: 'f287stk13' -> 'F287-13'
[17:27:28] [INFO ]   Matched 1428 / 1429 traces
[17:27:28] [INFO ]   Bandpass filtering...
[17:27:28] [INFO ]   Computing seismic attributes...
[17:27:28] [INFO ]   Picking seafloor...
[17:27:28] [INFO ]   Seafloor depth: 2319–5202 m  (0 shallow traces masked)
[17:27:28] [INFO ]   Picking horizons...
[17:27:29] [INFO ]   Computing NCC coherence (slow)...
[17:27:29] [INFO ]   Saving CNN section image...
[17:27:29] [INFO ]   Saved: f287stk13_section_cnn.png  (2700x1500px)
[17:27:29] [INFO ]   Step 1 complete
[17:27:29] [INFO ] 
[17:27:29] [INFO ] STEP 2 — Fault detection
[17:27:29] [INFO ]   Mode: single SA run (seed=50)
[17:27:31] [INFO ]   Detected 5 high-confidence faults
[17:27:31] [INFO ]     Fault  1 | trace ~  141 | prob=0.686
[17:27:31] [INFO ]     Fault  2 | trace ~  664 | prob=0.683
[17:27:31] [INFO ]     Fault  3 | trace ~  958 | prob=0.743
[17:27:31] [INFO ]     Fault  4 | trace ~ 1155 | prob=0.759
[17:27:31] [INFO ]     Fault  5 | trace ~ 1367 | prob=0.712
[17:27:31] [INFO ]   Step 2 complete
[17:27:31] [INFO ] 
[17:27:31] [INFO ] STEP 3 — Bounding boxes
[17:27:31] [INFO ]   Box  1 | [23, 951, 476w, 168h px]
[17:27:31] [INFO ]   Box  2 | [1127, 872, 251w, 135h px]
[17:27:31] [INFO ]   Box  3 | [1615, 453, 386w, 144h px]
[17:27:31] [INFO ]   Box  4 | [2001, 477, 373w, 141h px]
[17:27:31] [INFO ]   Box  5 | [2399, 526, 301w, 138h px]
[17:27:31] [INFO ]   Generated 5 boxes
[17:27:31] [INFO ]   Step 3 complete
[17:27:31] [INFO ] 
[17:27:31] [INFO ] STEP 4 — Dataset building
[17:27:31] [INFO ]   Saving labeled review image...
[17:27:31] [INFO ]   Saved: f287stk13_labeled.png
[17:27:31] [INFO ]   Split: train
[17:27:31] [INFO ]   Added 5 annotations to train.json
[17:27:31] [INFO ]   train.json: 54 images, 709 annotations
[17:27:31] [INFO ]   val.json:   14 images,  174 annotations
[17:27:31] [INFO ]   Step 4 complete
[17:27:31] [INFO ] 
[17:27:31] [INFO ]   DONE  f287stk13  →  train  |  5 faults  |  5 boxes
[17:27:31] [INFO ] 
[17:27:31] [INFO ] ──────────────────────────────────────────────────
[17:27:31] [INFO ]   LINE: f287stk14
[17:27:31] [INFO ] ──────────────────────────────────────────────────
[17:27:31] [INFO ] Dataset  : namss.F-2-87-AA.mcs.airgun
[17:27:31] [INFO ] SGY      : ../../airgun_data/namss.F-2-87-AA.mcs.airgun/Data/f287stk14.sgy
[17:27:31] [INFO ] NAV      : ../../airgun_data/namss.F-2-87-AA.mcs.airgun/Navigation/f-2-87-aa_NAV-WGS84.csv
[17:27:31] [INFO ] SA mode  : single (seed=50)
[17:27:31] [INFO ] 
[17:27:31] [INFO ] STEP 1 — Feature extraction
[17:27:31] [INFO ]   Loading navigation...
[17:27:31] [INFO ]   Loading SEG-Y...
[17:27:31] [INFO ]   Traces: 1211  Samples: 2500  dt: 4.000 ms
[17:27:31] [INFO ]   Depth:  0.0 m → 7497.0 m
[17:27:31] [INFO ]   Matching traces to navigation...
[17:27:31] [INFO ]   NAV line matched via translation: 'f287stk14' -> 'F287-14'
[17:27:31] [INFO ]   Matched 1211 / 1211 traces
[17:27:31] [INFO ]   Bandpass filtering...
[17:27:31] [INFO ]   Computing seismic attributes...
[17:27:31] [INFO ]   Picking seafloor...
[17:27:31] [INFO ]   Seafloor depth: 0–1905 m  (9 shallow traces masked)
[17:27:31] [INFO ]   Picking horizons...
[17:27:32] [INFO ]   Computing NCC coherence (slow)...
[17:27:32] [INFO ]   Saving CNN section image...
[17:27:32] [INFO ]   Saved: f287stk14_section_cnn.png  (2700x1500px)
[17:27:32] [INFO ]   Step 1 complete
[17:27:32] [INFO ] 
[17:27:32] [INFO ] STEP 2 — Fault detection
[17:27:32] [INFO ]   Mode: single SA run (seed=50)
[17:27:33] [INFO ]   Detected 4 high-confidence faults
[17:27:33] [INFO ]     Fault  1 | trace ~   65 | prob=0.579
[17:27:33] [INFO ]     Fault  2 | trace ~  355 | prob=0.706
[17:27:33] [INFO ]     Fault  3 | trace ~  616 | prob=0.770
[17:27:33] [INFO ]     Fault  4 | trace ~ 1191 | prob=0.661
[17:27:33] [INFO ]   Step 2 complete
[17:27:33] [INFO ] 
[17:27:33] [INFO ] STEP 3 — Bounding boxes
[17:27:33] [INFO ]   Box  1 | [0, 353, 346w, 135h px]
[17:27:33] [INFO ]   Box  2 | [490, 172, 569w, 144h px]
[17:27:33] [INFO ]   Box  3 | [1190, 120, 387w, 141h px]
[17:27:33] [INFO ]   Box  4 | [2551, 134, 149w, 129h px]
[17:27:33] [INFO ]   Generated 4 boxes
[17:27:33] [INFO ]   Step 3 complete
[17:27:33] [INFO ] 
[17:27:33] [INFO ] STEP 4 — Dataset building
[17:27:33] [INFO ]   Saving labeled review image...
[17:27:34] [INFO ]   Saved: f287stk14_labeled.png
[17:27:34] [INFO ]   Split: train
[17:27:34] [INFO ]   Added 4 annotations to train.json
[17:27:34] [INFO ]   train.json: 55 images, 713 annotations
[17:27:34] [INFO ]   val.json:   14 images,  174 annotations
[17:27:34] [INFO ]   Step 4 complete
[17:27:34] [INFO ] 
[17:27:34] [INFO ]   DONE  f287stk14  →  train  |  4 faults  |  4 boxes
[17:27:34] [INFO ] 
[17:27:34] [INFO ] ──────────────────────────────────────────────────
[17:27:34] [INFO ]   LINE: f287stk14a
[17:27:34] [INFO ] ──────────────────────────────────────────────────
[17:27:34] [INFO ] Dataset  : namss.F-2-87-AA.mcs.airgun
[17:27:34] [INFO ] SGY      : ../../airgun_data/namss.F-2-87-AA.mcs.airgun/Data/f287stk14a.sgy
[17:27:34] [INFO ] NAV      : ../../airgun_data/namss.F-2-87-AA.mcs.airgun/Navigation/f-2-87-aa_NAV-WGS84.csv
[17:27:34] [INFO ] SA mode  : single (seed=50)
[17:27:34] [INFO ] 
[17:27:34] [INFO ] STEP 1 — Feature extraction
[17:27:34] [INFO ]   Loading navigation...
[17:27:34] [INFO ]   Loading SEG-Y...
[17:27:34] [INFO ]   Traces: 780  Samples: 2500  dt: 4.000 ms
[17:27:34] [INFO ]   Depth:  0.0 m → 7497.0 m
[17:27:34] [INFO ]   Matching traces to navigation...
[17:27:34] [INFO ]   NAV line matched via translation: 'f287stk14a' -> 'F287-14A'
[17:27:34] [INFO ]   Matched 779 / 780 traces
[17:27:34] [INFO ]   Bandpass filtering...
[17:27:34] [INFO ]   Computing seismic attributes...
[17:27:34] [INFO ]   Picking seafloor...
[17:27:34] [INFO ]   Seafloor depth: 651–840 m  (0 shallow traces masked)
[17:27:34] [INFO ]   Picking horizons...
[17:27:34] [INFO ]   Computing NCC coherence (slow)...
[17:27:34] [INFO ]   Saving CNN section image...
[17:27:34] [INFO ]   Saved: f287stk14a_section_cnn.png  (2700x1500px)
[17:27:34] [INFO ]   Step 1 complete
[17:27:34] [INFO ] 
[17:27:34] [INFO ] STEP 2 — Fault detection
[17:27:34] [INFO ]   Mode: single SA run (seed=50)
[17:27:35] [INFO ]   Detected 3 high-confidence faults
[17:27:35] [INFO ]     Fault  1 | trace ~   50 | prob=0.647
[17:27:35] [INFO ]     Fault  2 | trace ~  344 | prob=0.664
[17:27:35] [INFO ]     Fault  3 | trace ~  538 | prob=0.634
[17:27:35] [INFO ]   Step 2 complete
[17:27:35] [INFO ] 
[17:27:35] [INFO ] STEP 3 — Bounding boxes
[17:27:35] [INFO ]   Box  1 | [0, 124, 514w, 135h px]
[17:27:35] [INFO ]   Box  2 | [862, 139, 731w, 135h px]
[17:27:35] [INFO ]   Box  3 | [1590, 150, 554w, 138h px]
[17:27:35] [INFO ]   Generated 3 boxes
[17:27:35] [INFO ]   Step 3 complete
[17:27:35] [INFO ] 
[17:27:35] [INFO ] STEP 4 — Dataset building
[17:27:35] [INFO ]   Saving labeled review image...
[17:27:36] [INFO ]   Saved: f287stk14a_labeled.png
[17:27:36] [INFO ]   Split: train
[17:27:36] [INFO ]   Added 3 annotations to train.json
[17:27:36] [INFO ]   train.json: 56 images, 716 annotations
[17:27:36] [INFO ]   val.json:   14 images,  174 annotations
[17:27:36] [INFO ]   Step 4 complete
[17:27:36] [INFO ] 
[17:27:36] [INFO ]   DONE  f287stk14a  →  train  |  3 faults  |  3 boxes
[17:27:36] [INFO ] 
[17:27:36] [INFO ] ──────────────────────────────────────────────────
[17:27:36] [INFO ]   LINE: f287stk15
[17:27:36] [INFO ] ──────────────────────────────────────────────────
[17:27:36] [INFO ] Dataset  : namss.F-2-87-AA.mcs.airgun
[17:27:36] [INFO ] SGY      : ../../airgun_data/namss.F-2-87-AA.mcs.airgun/Data/f287stk15.sgy
[17:27:36] [INFO ] NAV      : ../../airgun_data/namss.F-2-87-AA.mcs.airgun/Navigation/f-2-87-aa_NAV-WGS84.csv
[17:27:36] [INFO ] SA mode  : single (seed=50)
[17:27:36] [INFO ] 
[17:27:36] [INFO ] STEP 1 — Feature extraction
[17:27:36] [INFO ]   Loading navigation...
[17:27:36] [INFO ]   Loading SEG-Y...
[17:27:36] [INFO ]   Traces: 168  Samples: 1500  dt: 4.000 ms
[17:27:36] [INFO ]   Depth:  0.0 m → 4497.0 m
[17:27:36] [INFO ]   Matching traces to navigation...
[17:27:36] [INFO ]   NAV line matched via translation: 'f287stk15' -> 'F287-15'
[17:27:36] [INFO ]   Matched 167 / 168 traces
[17:27:36] [INFO ]   Bandpass filtering...
[17:27:36] [INFO ]   Computing seismic attributes...
[17:27:36] [INFO ]   Picking seafloor...
[17:27:36] [INFO ]   Seafloor depth: 582–636 m  (32 shallow traces masked)
[17:27:36] [INFO ]   Picking horizons...
[17:27:36] [INFO ]   Computing NCC coherence (slow)...
[17:27:36] [INFO ]   Saving CNN section image...
[17:27:36] [INFO ]   Saved: f287stk15_section_cnn.png  (2700x1500px)
[17:27:36] [INFO ]   Step 1 complete
[17:27:36] [INFO ] 
[17:27:36] [INFO ] STEP 2 — Fault detection
[17:27:36] [INFO ]   Mode: single SA run (seed=50)
[17:27:36] [INFO ]   Detected 1 high-confidence faults
[17:27:36] [INFO ]     Fault  1 | trace ~  123 | prob=0.618
[17:27:36] [INFO ]   Step 2 complete
[17:27:36] [INFO ] 
[17:27:36] [INFO ] STEP 3 — Bounding boxes
[17:27:36] [INFO ]   Box  1 | [495, 188, 2205w, 234h px]
[17:27:36] [INFO ]   Generated 1 boxes
[17:27:36] [INFO ]   Step 3 complete
[17:27:36] [INFO ] 
[17:27:36] [INFO ] STEP 4 — Dataset building
[17:27:36] [INFO ]   Saving labeled review image...
[17:27:36] [INFO ]   Saved: f287stk15_labeled.png
[17:27:36] [INFO ]   Split: val
[17:27:36] [INFO ]   Added 1 annotations to val.json
[17:27:36] [INFO ]   train.json: 56 images, 716 annotations
[17:27:36] [INFO ]   val.json:   15 images,  175 annotations
[17:27:36] [INFO ]   Step 4 complete
[17:27:36] [INFO ] 
[17:27:36] [INFO ]   DONE  f287stk15  →  val  |  1 faults  |  1 boxes
[17:27:36] [INFO ] 
[17:27:36] [INFO ] ──────────────────────────────────────────────────
[17:27:36] [INFO ]   LINE: f287stk16
[17:27:36] [INFO ] ──────────────────────────────────────────────────
[17:27:36] [INFO ] Dataset  : namss.F-2-87-AA.mcs.airgun
[17:27:36] [INFO ] SGY      : ../../airgun_data/namss.F-2-87-AA.mcs.airgun/Data/f287stk16.sgy
[17:27:36] [INFO ] NAV      : ../../airgun_data/namss.F-2-87-AA.mcs.airgun/Navigation/f-2-87-aa_NAV-WGS84.csv
[17:27:36] [INFO ] SA mode  : single (seed=50)
[17:27:36] [INFO ] 
[17:27:36] [INFO ] STEP 1 — Feature extraction
[17:27:36] [INFO ]   Loading navigation...
[17:27:36] [INFO ]   Loading SEG-Y...
[17:27:36] [INFO ]   Traces: 1045  Samples: 1500  dt: 4.000 ms
[17:27:36] [INFO ]   Depth:  0.0 m → 4497.0 m
[17:27:36] [INFO ]   Matching traces to navigation...
[17:27:36] [INFO ]   NAV line matched via translation: 'f287stk16' -> 'F287-16'
[17:27:36] [INFO ]   Matched 1044 / 1045 traces
[17:27:36] [INFO ]   Bandpass filtering...
[17:27:36] [INFO ]   Computing seismic attributes...
[17:27:37] [INFO ]   Picking seafloor...
[17:27:37] [INFO ]   Seafloor depth: 591–858 m  (8 shallow traces masked)
[17:27:37] [INFO ]   Picking horizons...
[17:27:37] [INFO ]   Computing NCC coherence (slow)...
[17:27:37] [INFO ]   Saving CNN section image...
[17:27:37] [INFO ]   Saved: f287stk16_section_cnn.png  (2700x1500px)
[17:27:37] [INFO ]   Step 1 complete
[17:27:37] [INFO ] 
[17:27:37] [INFO ] STEP 2 — Fault detection
[17:27:37] [INFO ]   Mode: single SA run (seed=50)
[17:27:38] [INFO ]   Detected 4 high-confidence faults
[17:27:38] [INFO ]     Fault  1 | trace ~   41 | prob=0.684
[17:27:38] [INFO ]     Fault  2 | trace ~  388 | prob=0.640
[17:27:38] [INFO ]     Fault  3 | trace ~  625 | prob=0.637
[17:27:38] [INFO ]     Fault  4 | trace ~  838 | prob=0.681
[17:27:38] [INFO ]   Step 2 complete
[17:27:38] [INFO ] 
[17:27:38] [INFO ] STEP 3 — Bounding boxes
[17:27:38] [INFO ]   Box  1 | [0, 198, 344w, 224h px]
[17:27:38] [INFO ]   Box  2 | [706, 236, 616w, 214h px]
[17:27:38] [INFO ]   Box  3 | [1333, 246, 545w, 209h px]
[17:27:38] [INFO ]   Box  4 | [2000, 260, 343w, 219h px]
[17:27:38] [INFO ]   Generated 4 boxes
[17:27:38] [INFO ]   Step 3 complete
[17:27:38] [INFO ] 
[17:27:38] [INFO ] STEP 4 — Dataset building
[17:27:38] [INFO ]   Saving labeled review image...
[17:27:38] [INFO ]   Saved: f287stk16_labeled.png
[17:27:38] [INFO ]   Split: train
[17:27:38] [INFO ]   Added 4 annotations to train.json
[17:27:38] [INFO ]   train.json: 57 images, 720 annotations
[17:27:38] [INFO ]   val.json:   15 images,  175 annotations
[17:27:38] [INFO ]   Step 4 complete
[17:27:38] [INFO ] 
[17:27:38] [INFO ]   DONE  f287stk16  →  train  |  4 faults  |  4 boxes
[17:27:38] [INFO ] 
[17:27:38] [INFO ] ──────────────────────────────────────────────────
[17:27:38] [INFO ]   LINE: f287stk17
[17:27:38] [INFO ] ──────────────────────────────────────────────────
[17:27:38] [INFO ] Dataset  : namss.F-2-87-AA.mcs.airgun
[17:27:38] [INFO ] SGY      : ../../airgun_data/namss.F-2-87-AA.mcs.airgun/Data/f287stk17.sgy
[17:27:38] [INFO ] NAV      : ../../airgun_data/namss.F-2-87-AA.mcs.airgun/Navigation/f-2-87-aa_NAV-WGS84.csv
[17:27:38] [INFO ] SA mode  : single (seed=50)
[17:27:38] [INFO ] 
[17:27:38] [INFO ] STEP 1 — Feature extraction
[17:27:38] [INFO ]   Loading navigation...
[17:27:39] [INFO ]   Loading SEG-Y...
[17:27:39] [INFO ]   Traces: 348  Samples: 1500  dt: 4.000 ms
[17:27:39] [INFO ]   Depth:  0.0 m → 4497.0 m
[17:27:39] [INFO ]   Matching traces to navigation...
[17:27:39] [INFO ]   NAV line matched via translation: 'f287stk17' -> 'F287-17'
[17:27:39] [INFO ]   Matched 347 / 348 traces
[17:27:39] [INFO ]   Bandpass filtering...
[17:27:39] [INFO ]   Computing seismic attributes...
[17:27:39] [INFO ]   Picking seafloor...
[17:27:39] [INFO ]   Seafloor depth: 477–705 m  (159 shallow traces masked)
[17:27:39] [INFO ]   Picking horizons...
[17:27:39] [INFO ]   Computing NCC coherence (slow)...
[17:27:39] [INFO ]   Saving CNN section image...
[17:27:39] [INFO ]   Saved: f287stk17_section_cnn.png  (2700x1500px)
[17:27:39] [INFO ]   Step 1 complete
[17:27:39] [INFO ] 
[17:27:39] [INFO ] STEP 2 — Fault detection
[17:27:39] [INFO ]   Mode: single SA run (seed=50)
[17:27:39] [INFO ]   Detected 1 high-confidence faults
[17:27:39] [INFO ]     Fault  1 | trace ~   58 | prob=0.816
[17:27:39] [INFO ]   Step 2 complete
[17:27:39] [INFO ] 
[17:27:39] [INFO ] STEP 3 — Bounding boxes
[17:27:39] [INFO ]   Box  1 | [76, 213, 820w, 209h px]
[17:27:39] [INFO ]   Generated 1 boxes
[17:27:39] [INFO ]   Step 3 complete
[17:27:39] [INFO ] 
[17:27:39] [INFO ] STEP 4 — Dataset building
[17:27:39] [INFO ]   Saving labeled review image...
[17:27:39] [INFO ]   Saved: f287stk17_labeled.png
[17:27:39] [INFO ]   Split: train
[17:27:39] [INFO ]   Added 1 annotations to train.json
[17:27:39] [INFO ]   train.json: 58 images, 721 annotations
[17:27:39] [INFO ]   val.json:   15 images,  175 annotations
[17:27:39] [INFO ]   Step 4 complete
[17:27:39] [INFO ] 
[17:27:39] [INFO ]   DONE  f287stk17  →  train  |  1 faults  |  1 boxes
[17:27:39] [INFO ] 
[17:27:39] [INFO ] ──────────────────────────────────────────────────
[17:27:39] [INFO ]   LINE: f287stk18
[17:27:39] [INFO ] ──────────────────────────────────────────────────
[17:27:39] [INFO ] Dataset  : namss.F-2-87-AA.mcs.airgun
[17:27:39] [INFO ] SGY      : ../../airgun_data/namss.F-2-87-AA.mcs.airgun/Data/f287stk18.sgy
[17:27:39] [INFO ] NAV      : ../../airgun_data/namss.F-2-87-AA.mcs.airgun/Navigation/f-2-87-aa_NAV-WGS84.csv
[17:27:39] [INFO ] SA mode  : single (seed=50)
[17:27:39] [INFO ] 
[17:27:39] [INFO ] STEP 1 — Feature extraction
[17:27:39] [INFO ]   Loading navigation...
[17:27:39] [INFO ]   Loading SEG-Y...
[17:27:39] [INFO ]   Traces: 622  Samples: 1500  dt: 4.000 ms
[17:27:39] [INFO ]   Depth:  0.0 m → 4497.0 m
[17:27:39] [INFO ]   Matching traces to navigation...
[17:27:39] [INFO ]   NAV line matched via translation: 'f287stk18' -> 'F287-18'
[17:27:39] [INFO ]   Matched 621 / 622 traces
[17:27:39] [INFO ]   Bandpass filtering...
[17:27:39] [INFO ]   Computing seismic attributes...
[17:27:39] [INFO ]   Picking seafloor...
[17:27:39] [INFO ]   Seafloor depth: 396–1827 m  (279 shallow traces masked)
[17:27:39] [INFO ]   Picking horizons...
[17:27:40] [INFO ]   Computing NCC coherence (slow)...
[17:27:40] [INFO ]   Saving CNN section image...
[17:27:40] [INFO ]   Saved: f287stk18_section_cnn.png  (2700x1500px)
[17:27:40] [INFO ]   Step 1 complete
[17:27:40] [INFO ] 
[17:27:40] [INFO ] STEP 2 — Fault detection
[17:27:40] [INFO ]   Mode: single SA run (seed=50)
[17:27:40] [INFO ]   Detected 2 high-confidence faults
[17:27:40] [INFO ]     Fault  1 | trace ~   86 | prob=0.787
[17:27:40] [INFO ]     Fault  2 | trace ~  594 | prob=0.672
[17:27:40] [INFO ]   Step 2 complete
[17:27:40] [INFO ] 
[17:27:40] [INFO ] STEP 3 — Bounding boxes
[17:27:40] [INFO ]   Box  1 | [0, 144, 987w, 264h px]
[17:27:40] [INFO ]   Box  2 | [2365, 314, 335w, 229h px]
[17:27:40] [INFO ]   Generated 2 boxes
[17:27:40] [INFO ]   Step 3 complete
[17:27:40] [INFO ] 
[17:27:40] [INFO ] STEP 4 — Dataset building
[17:27:40] [INFO ]   Saving labeled review image...
[17:27:41] [INFO ]   Saved: f287stk18_labeled.png
[17:27:41] [INFO ]   Split: train
[17:27:41] [INFO ]   Added 2 annotations to train.json
[17:27:41] [INFO ]   train.json: 59 images, 723 annotations
[17:27:41] [INFO ]   val.json:   15 images,  175 annotations
[17:27:41] [INFO ]   Step 4 complete
[17:27:41] [INFO ] 
[17:27:41] [INFO ]   DONE  f287stk18  →  train  |  2 faults  |  2 boxes
[17:27:41] [INFO ] 
[17:27:41] [INFO ] ──────────────────────────────────────────────────
[17:27:41] [INFO ]   LINE: f287stk19
[17:27:41] [INFO ] ──────────────────────────────────────────────────
[17:27:41] [INFO ] Dataset  : namss.F-2-87-AA.mcs.airgun
[17:27:41] [INFO ] SGY      : ../../airgun_data/namss.F-2-87-AA.mcs.airgun/Data/f287stk19.sgy
[17:27:41] [INFO ] NAV      : ../../airgun_data/namss.F-2-87-AA.mcs.airgun/Navigation/f-2-87-aa_NAV-WGS84.csv
[17:27:41] [INFO ] SA mode  : single (seed=50)
[17:27:41] [INFO ] 
[17:27:41] [INFO ] STEP 1 — Feature extraction
[17:27:41] [INFO ]   Loading navigation...
[17:27:41] [INFO ]   Loading SEG-Y...
[17:27:41] [INFO ]   Traces: 1347  Samples: 1500  dt: 4.000 ms
[17:27:41] [INFO ]   Depth:  0.0 m → 4497.0 m
[17:27:41] [INFO ]   Matching traces to navigation...
[17:27:41] [INFO ]   NAV line matched via translation: 'f287stk19' -> 'F287-19'
[17:27:41] [INFO ]   Matched 1345 / 1347 traces
[17:27:41] [INFO ]   Bandpass filtering...
[17:27:41] [INFO ]   Computing seismic attributes...
[17:27:41] [INFO ]   Picking seafloor...
[17:27:41] [INFO ]   Seafloor depth: 597–1485 m  (40 shallow traces masked)
[17:27:41] [INFO ]   Picking horizons...
[17:27:41] [INFO ]   Computing NCC coherence (slow)...
[17:27:41] [INFO ]   Saving CNN section image...
[17:27:42] [INFO ]   Saved: f287stk19_section_cnn.png  (2700x1500px)
[17:27:42] [INFO ]   Step 1 complete
[17:27:42] [INFO ] 
[17:27:42] [INFO ] STEP 2 — Fault detection
[17:27:42] [INFO ]   Mode: single SA run (seed=50)
[17:27:43] [INFO ]   Detected 5 high-confidence faults
[17:27:43] [INFO ]     Fault  1 | trace ~   39 | prob=0.709
[17:27:43] [INFO ]     Fault  2 | trace ~  264 | prob=0.671
[17:27:43] [INFO ]     Fault  3 | trace ~  697 | prob=0.738
[17:27:43] [INFO ]     Fault  4 | trace ~ 1093 | prob=0.745
[17:27:43] [INFO ]     Fault  5 | trace ~ 1321 | prob=0.631
[17:27:43] [INFO ]   Step 2 complete
[17:27:43] [INFO ] 
[17:27:43] [INFO ] STEP 3 — Bounding boxes
[17:27:43] [INFO ]   Box  1 | [0, 296, 218w, 199h px]
[17:27:43] [INFO ]   Box  2 | [287, 229, 553w, 229h px]
[17:27:43] [INFO ]   Box  3 | [1169, 265, 437w, 224h px]
[17:27:43] [INFO ]   Box  4 | [2049, 365, 314w, 204h px]
[17:27:43] [INFO ]   Box  5 | [2504, 483, 196w, 204h px]
[17:27:43] [INFO ]   Generated 5 boxes
[17:27:43] [INFO ]   Step 3 complete
[17:27:43] [INFO ] 
[17:27:43] [INFO ] STEP 4 — Dataset building
[17:27:43] [INFO ]   Saving labeled review image...
[17:27:43] [INFO ]   Saved: f287stk19_labeled.png
[17:27:43] [INFO ]   Split: train
[17:27:43] [INFO ]   Added 5 annotations to train.json
[17:27:43] [INFO ]   train.json: 60 images, 728 annotations
[17:27:43] [INFO ]   val.json:   15 images,  175 annotations
[17:27:43] [INFO ]   Step 4 complete
[17:27:43] [INFO ] 
[17:27:43] [INFO ]   DONE  f287stk19  →  train  |  5 faults  |  5 boxes
[17:27:43] [INFO ] 
[17:27:43] [INFO ] ──────────────────────────────────────────────────
[17:27:43] [INFO ]   LINE: f287stk20
[17:27:43] [INFO ] ──────────────────────────────────────────────────
[17:27:43] [INFO ] Dataset  : namss.F-2-87-AA.mcs.airgun
[17:27:43] [INFO ] SGY      : ../../airgun_data/namss.F-2-87-AA.mcs.airgun/Data/f287stk20.sgy
[17:27:43] [INFO ] NAV      : ../../airgun_data/namss.F-2-87-AA.mcs.airgun/Navigation/f-2-87-aa_NAV-WGS84.csv
[17:27:43] [INFO ] SA mode  : single (seed=50)
[17:27:43] [INFO ] 
[17:27:43] [INFO ] STEP 1 — Feature extraction
[17:27:43] [INFO ]   Loading navigation...
[17:27:43] [INFO ]   Loading SEG-Y...
[17:27:43] [INFO ]   Traces: 1823  Samples: 2250  dt: 4.000 ms
[17:27:43] [INFO ]   Depth:  0.0 m → 6747.0 m
[17:27:43] [INFO ]   Matching traces to navigation...
[17:27:43] [INFO ]   NAV line matched via translation: 'f287stk20' -> 'F287-20'
[17:27:44] [INFO ]   Matched 1819 / 1823 traces
[17:27:44] [INFO ]   Bandpass filtering...
[17:27:44] [INFO ]   Computing seismic attributes...
[17:27:44] [INFO ]   Picking seafloor...
[17:27:44] [INFO ]   Seafloor depth: 471–3270 m  (168 shallow traces masked)
[17:27:44] [INFO ]   Picking horizons...
[17:27:44] [INFO ]   Computing NCC coherence (slow)...
[17:27:44] [INFO ]   Saving CNN section image...
[17:27:45] [INFO ]   Saved: f287stk20_section_cnn.png  (2700x1500px)
[17:27:45] [INFO ]   Step 1 complete
[17:27:45] [INFO ] 
[17:27:45] [INFO ] STEP 2 — Fault detection
[17:27:45] [INFO ]   Mode: single SA run (seed=50)
[17:27:46] [INFO ]   Detected 4 high-confidence faults
[17:27:46] [INFO ]     Fault  1 | trace ~  147 | prob=0.683
[17:27:46] [INFO ]     Fault  2 | trace ~  627 | prob=0.661
[17:27:46] [INFO ]     Fault  3 | trace ~  993 | prob=0.770
[17:27:46] [INFO ]     Fault  4 | trace ~ 1305 | prob=0.651
[17:27:46] [INFO ]   Step 2 complete
[17:27:46] [INFO ] 
[17:27:46] [INFO ] STEP 3 — Bounding boxes
[17:27:46] [INFO ]   Box  1 | [35, 349, 389w, 157h px]
[17:27:46] [INFO ]   Box  2 | [840, 709, 182w, 144h px]
[17:27:46] [INFO ]   Box  3 | [1304, 111, 333w, 177h px]
[17:27:46] [INFO ]   Box  4 | [1817, 253, 247w, 154h px]
[17:27:46] [INFO ]   Generated 4 boxes
[17:27:46] [INFO ]   Step 3 complete
[17:27:46] [INFO ] 
[17:27:46] [INFO ] STEP 4 — Dataset building
[17:27:46] [INFO ]   Saving labeled review image...
[17:27:46] [INFO ]   Saved: f287stk20_labeled.png
[17:27:46] [INFO ]   Split: val
[17:27:46] [INFO ]   Added 4 annotations to val.json
[17:27:46] [INFO ]   train.json: 60 images, 728 annotations
[17:27:46] [INFO ]   val.json:   16 images,  179 annotations
[17:27:46] [INFO ]   Step 4 complete
[17:27:46] [INFO ] 
[17:27:46] [INFO ]   DONE  f287stk20  →  val  |  4 faults  |  4 boxes
[17:27:46] [INFO ] 
[17:27:46] [INFO ] ──────────────────────────────────────────────────
[17:27:46] [INFO ]   LINE: f287stk21
[17:27:46] [INFO ] ──────────────────────────────────────────────────
[17:27:46] [INFO ] Dataset  : namss.F-2-87-AA.mcs.airgun
[17:27:46] [INFO ] SGY      : ../../airgun_data/namss.F-2-87-AA.mcs.airgun/Data/f287stk21.sgy
[17:27:46] [INFO ] NAV      : ../../airgun_data/namss.F-2-87-AA.mcs.airgun/Navigation/f-2-87-aa_NAV-WGS84.csv
[17:27:46] [INFO ] SA mode  : single (seed=50)
[17:27:46] [INFO ] 
[17:27:46] [INFO ] STEP 1 — Feature extraction
[17:27:46] [INFO ]   Loading navigation...
[17:27:47] [INFO ]   Loading SEG-Y...
[17:27:47] [INFO ]   Traces: 388  Samples: 2250  dt: 4.000 ms
[17:27:47] [INFO ]   Depth:  0.0 m → 6747.0 m
[17:27:47] [INFO ]   Matching traces to navigation...
[17:27:47] [INFO ]   NAV line matched via translation: 'f287stk21' -> 'F287-21'
[17:27:47] [INFO ]   Matched 387 / 388 traces
[17:27:47] [INFO ]   Bandpass filtering...
[17:27:47] [INFO ]   Computing seismic attributes...
[17:27:47] [INFO ]   Picking seafloor...
[17:27:47] [INFO ]   Seafloor depth: 2544–2955 m  (0 shallow traces masked)
[17:27:47] [INFO ]   Picking horizons...
[17:27:47] [INFO ]   Computing NCC coherence (slow)...
[17:27:47] [INFO ]   Saving CNN section image...
[17:27:47] [INFO ]   Saved: f287stk21_section_cnn.png  (2700x1500px)
[17:27:47] [INFO ]   Step 1 complete
[17:27:47] [INFO ] 
[17:27:47] [INFO ] STEP 2 — Fault detection
[17:27:47] [INFO ]   Mode: single SA run (seed=50)
[17:27:47] [INFO ]   Detected 1 high-confidence faults
[17:27:47] [INFO ]     Fault  1 | trace ~  106 | prob=0.759
[17:27:47] [INFO ]   Step 2 complete
[17:27:47] [INFO ] 
[17:27:47] [INFO ] STEP 3 — Bounding boxes
[17:27:47] [INFO ]   Box  1 | [0, 603, 1683w, 154h px]
[17:27:47] [INFO ]   Generated 1 boxes
[17:27:47] [INFO ]   Step 3 complete
[17:27:47] [INFO ] 
[17:27:47] [INFO ] STEP 4 — Dataset building
[17:27:47] [INFO ]   Saving labeled review image...
[17:27:48] [INFO ]   Saved: f287stk21_labeled.png
[17:27:48] [INFO ]   Split: train
[17:27:48] [INFO ]   Added 1 annotations to train.json
[17:27:48] [INFO ]   train.json: 61 images, 729 annotations
[17:27:48] [INFO ]   val.json:   16 images,  179 annotations
[17:27:48] [INFO ]   Step 4 complete
[17:27:48] [INFO ] 
[17:27:48] [INFO ]   DONE  f287stk21  →  train  |  1 faults  |  1 boxes
[17:27:48] [INFO ] 
[17:27:48] [INFO ] ──────────────────────────────────────────────────
[17:27:48] [INFO ]   LINE: f287stk22
[17:27:48] [INFO ] ──────────────────────────────────────────────────
[17:27:48] [INFO ] Dataset  : namss.F-2-87-AA.mcs.airgun
[17:27:48] [INFO ] SGY      : ../../airgun_data/namss.F-2-87-AA.mcs.airgun/Data/f287stk22.sgy
[17:27:48] [INFO ] NAV      : ../../airgun_data/namss.F-2-87-AA.mcs.airgun/Navigation/f-2-87-aa_NAV-WGS84.csv
[17:27:48] [INFO ] SA mode  : single (seed=50)
[17:27:48] [INFO ] 
[17:27:48] [INFO ] STEP 1 — Feature extraction
[17:27:48] [INFO ]   Loading navigation...
[17:27:48] [INFO ]   Loading SEG-Y...
[17:27:48] [INFO ]   Traces: 3505  Samples: 2250  dt: 4.000 ms
[17:27:48] [INFO ]   Depth:  0.0 m → 6747.0 m
[17:27:48] [INFO ]   Matching traces to navigation...
[17:27:48] [INFO ]   NAV line matched via translation: 'f287stk22' -> 'F287-22'
[17:27:48] [INFO ]   Matched 3504 / 3505 traces
[17:27:48] [INFO ]   Bandpass filtering...
[17:27:48] [INFO ]   Computing seismic attributes...
[17:27:49] [INFO ]   Picking seafloor...
[17:27:49] [INFO ]   Seafloor depth: 720–3537 m  (0 shallow traces masked)
[17:27:49] [INFO ]   Picking horizons...
[17:27:49] [INFO ]   Computing NCC coherence (slow)...
[17:27:49] [INFO ]   Saving CNN section image...
[17:27:50] [INFO ]   Saved: f287stk22_section_cnn.png  (2700x1500px)
[17:27:50] [INFO ]   Step 1 complete
[17:27:50] [INFO ] 
[17:27:50] [INFO ] STEP 2 — Fault detection
[17:27:50] [INFO ]   Mode: single SA run (seed=50)
[17:27:53] [INFO ]   Detected 7 high-confidence faults
[17:27:53] [INFO ]     Fault  1 | trace ~  498 | prob=0.658
[17:27:53] [INFO ]     Fault  2 | trace ~ 1626 | prob=0.699
[17:27:53] [INFO ]     Fault  3 | trace ~ 2197 | prob=0.795
[17:27:53] [INFO ]     Fault  4 | trace ~ 2524 | prob=0.606
[17:27:53] [INFO ]     Fault  5 | trace ~ 2810 | prob=0.771
[17:27:53] [INFO ]     Fault  6 | trace ~ 3136 | prob=0.783
[17:27:53] [INFO ]     Fault  7 | trace ~ 3380 | prob=0.778
[17:27:53] [INFO ]   Step 2 complete
[17:27:53] [INFO ] 
[17:27:53] [INFO ] STEP 3 — Bounding boxes
[17:27:53] [INFO ]   Box  1 | [316, 567, 147w, 154h px]
[17:27:53] [INFO ]   Box  2 | [1202, 731, 109w, 154h px]
[17:27:53] [INFO ]   Box  3 | [1644, 372, 110w, 161h px]
[17:27:53] [INFO ]   Box  4 | [1878, 455, 139w, 147h px]
[17:27:53] [INFO ]   Box  5 | [2094, 347, 155w, 157h px]
[17:27:53] [INFO ]   Box  6 | [2351, 410, 147w, 154h px]
[17:27:53] [INFO ]   Box  7 | [2534, 276, 147w, 154h px]
[17:27:53] [INFO ]   Generated 7 boxes
[17:27:53] [INFO ]   Step 3 complete
[17:27:53] [INFO ] 
[17:27:53] [INFO ] STEP 4 — Dataset building
[17:27:53] [INFO ]   Saving labeled review image...
[17:27:54] [INFO ]   Saved: f287stk22_labeled.png
[17:27:54] [INFO ]   Split: train
[17:27:54] [INFO ]   Added 7 annotations to train.json
[17:27:54] [INFO ]   train.json: 62 images, 736 annotations
[17:27:54] [INFO ]   val.json:   16 images,  179 annotations
[17:27:54] [INFO ]   Step 4 complete
[17:27:54] [INFO ] 
[17:27:54] [INFO ]   DONE  f287stk22  →  train  |  7 faults  |  7 boxes
[17:27:54] [INFO ] 
[17:27:54] [INFO ] ──────────────────────────────────────────────────
[17:27:54] [INFO ]   LINE: f287stk23
[17:27:54] [INFO ] ──────────────────────────────────────────────────
[17:27:54] [INFO ] Dataset  : namss.F-2-87-AA.mcs.airgun
[17:27:54] [INFO ] SGY      : ../../airgun_data/namss.F-2-87-AA.mcs.airgun/Data/f287stk23.sgy
[17:27:54] [INFO ] NAV      : ../../airgun_data/namss.F-2-87-AA.mcs.airgun/Navigation/f-2-87-aa_NAV-WGS84.csv
[17:27:54] [INFO ] SA mode  : single (seed=50)
[17:27:54] [INFO ] 
[17:27:54] [INFO ] STEP 1 — Feature extraction
[17:27:54] [INFO ]   Loading navigation...
[17:27:54] [INFO ]   Loading SEG-Y...
[17:27:54] [INFO ]   Traces: 2914  Samples: 2000  dt: 4.000 ms
[17:27:54] [INFO ]   Depth:  0.0 m → 5997.0 m
[17:27:54] [INFO ]   Matching traces to navigation...
[17:27:54] [INFO ]   NAV line matched via translation: 'f287stk23' -> 'F287-23'
[17:28:12] [INFO ]   Matched 2911 / 2914 traces
[17:28:12] [INFO ]   Bandpass filtering...
[17:28:12] [INFO ]   Computing seismic attributes...
[17:28:12] [INFO ]   Picking seafloor...
[17:28:12] [INFO ]   Seafloor depth: 420–3333 m  (146 shallow traces masked)
[17:28:12] [INFO ]   Picking horizons...
[17:28:12] [INFO ]   Computing NCC coherence (slow)...
[17:28:13] [INFO ]   Saving CNN section image...
[17:28:13] [INFO ]   Saved: f287stk23_section_cnn.png  (2700x1500px)
[17:28:13] [INFO ]   Step 1 complete
[17:28:13] [INFO ] 
[17:28:13] [INFO ] STEP 2 — Fault detection
[17:28:13] [INFO ]   Mode: single SA run (seed=50)
[17:28:15] [INFO ]   Detected 6 high-confidence faults
[17:28:15] [INFO ]     Fault  1 | trace ~  127 | prob=0.732
[17:28:15] [INFO ]     Fault  2 | trace ~  896 | prob=0.747
[17:28:15] [INFO ]     Fault  3 | trace ~ 1114 | prob=0.769
[17:28:15] [INFO ]     Fault  4 | trace ~ 1586 | prob=0.680
[17:28:15] [INFO ]     Fault  5 | trace ~ 2302 | prob=0.652
[17:28:15] [INFO ]     Fault  6 | trace ~ 2567 | prob=0.716
[17:28:15] [INFO ]   Step 2 complete
[17:28:15] [INFO ] 
[17:28:15] [INFO ] STEP 3 — Bounding boxes
[17:28:15] [INFO ]   Box  1 | [36, 128, 173w, 170h px]
[17:28:15] [INFO ]   Box  2 | [773, 372, 120w, 163h px]
[17:28:15] [INFO ]   Box  3 | [952, 251, 170w, 167h px]
[17:28:15] [INFO ]   Box  4 | [1394, 473, 158w, 167h px]
[17:28:15] [INFO ]   Box  5 | [1995, 185, 278w, 167h px]
[17:28:15] [INFO ]   Box  6 | [2289, 723, 177w, 174h px]
[17:28:15] [INFO ]   Generated 6 boxes
[17:28:15] [INFO ]   Step 3 complete
[17:28:15] [INFO ] 
[17:28:15] [INFO ] STEP 4 — Dataset building
[17:28:15] [INFO ]   Saving labeled review image...
[17:28:16] [INFO ]   Saved: f287stk23_labeled.png
[17:28:16] [INFO ]   Split: train
[17:28:16] [INFO ]   Added 6 annotations to train.json
[17:28:16] [INFO ]   train.json: 63 images, 742 annotations
[17:28:16] [INFO ]   val.json:   16 images,  179 annotations
[17:28:16] [INFO ]   Step 4 complete
[17:28:16] [INFO ] 
[17:28:16] [INFO ]   DONE  f287stk23  →  train  |  6 faults  |  6 boxes
[17:28:16] [INFO ] 
[17:28:16] [INFO ] ──────────────────────────────────────────────────
[17:28:16] [INFO ]   LINE: f287stk24
[17:28:16] [INFO ] ──────────────────────────────────────────────────
[17:28:16] [INFO ] Dataset  : namss.F-2-87-AA.mcs.airgun
[17:28:16] [INFO ] SGY      : ../../airgun_data/namss.F-2-87-AA.mcs.airgun/Data/f287stk24.sgy
[17:28:16] [INFO ] NAV      : ../../airgun_data/namss.F-2-87-AA.mcs.airgun/Navigation/f-2-87-aa_NAV-WGS84.csv
[17:28:16] [INFO ] SA mode  : single (seed=50)
[17:28:16] [INFO ] 
[17:28:16] [INFO ] STEP 1 — Feature extraction
[17:28:16] [INFO ]   Loading navigation...
[17:28:16] [INFO ]   Loading SEG-Y...
[17:28:16] [INFO ]   Traces: 975  Samples: 1750  dt: 4.000 ms
[17:28:16] [INFO ]   Depth:  0.0 m → 5247.0 m
[17:28:16] [INFO ]   Matching traces to navigation...
[17:28:16] [INFO ]   NAV line matched via translation: 'f287stk24' -> 'F287-24'
[17:28:16] [INFO ]   Matched 974 / 975 traces
[17:28:16] [INFO ]   Bandpass filtering...
[17:28:16] [INFO ]   Computing seismic attributes...
[17:28:16] [INFO ]   Picking seafloor...
[17:28:16] [INFO ]   Seafloor depth: 384–1866 m  (410 shallow traces masked)
[17:28:16] [INFO ]   Picking horizons...
[17:28:16] [INFO ]   Computing NCC coherence (slow)...
[17:28:16] [INFO ]   Saving CNN section image...
[17:28:17] [INFO ]   Saved: f287stk24_section_cnn.png  (2700x1500px)
[17:28:17] [INFO ]   Step 1 complete
[17:28:17] [INFO ] 
[17:28:17] [INFO ] STEP 2 — Fault detection
[17:28:17] [INFO ]   Mode: single SA run (seed=50)
[17:28:18] [INFO ]   Detected 3 high-confidence faults
[17:28:18] [INFO ]     Fault  1 | trace ~  158 | prob=0.675
[17:28:18] [INFO ]     Fault  2 | trace ~  502 | prob=0.633
[17:28:18] [INFO ]     Fault  3 | trace ~  749 | prob=0.679
[17:28:18] [INFO ]   Step 2 complete
[17:28:18] [INFO ] 
[17:28:18] [INFO ] STEP 3 — Bounding boxes
[17:28:18] [INFO ]   Box  1 | [197, 413, 462w, 196h px]
[17:28:18] [INFO ]   Box  2 | [960, 269, 839w, 200h px]
[17:28:18] [INFO ]   Box  3 | [1738, 118, 669w, 221h px]
[17:28:18] [INFO ]   Generated 3 boxes
[17:28:18] [INFO ]   Step 3 complete
[17:28:18] [INFO ] 
[17:28:18] [INFO ] STEP 4 — Dataset building
[17:28:18] [INFO ]   Saving labeled review image...
[17:28:18] [INFO ]   Saved: f287stk24_labeled.png
[17:28:18] [INFO ]   Split: train
[17:28:18] [INFO ]   Added 3 annotations to train.json
[17:28:18] [INFO ]   train.json: 64 images, 745 annotations
[17:28:18] [INFO ]   val.json:   16 images,  179 annotations
[17:28:18] [INFO ]   Step 4 complete
[17:28:18] [INFO ] 
[17:28:18] [INFO ]   DONE  f287stk24  →  train  |  3 faults  |  3 boxes
[17:28:18] [INFO ] 
[17:28:18] [INFO ] ──────────────────────────────────────────────────
[17:28:18] [INFO ]   LINE: f287stk25
[17:28:18] [INFO ] ──────────────────────────────────────────────────
[17:28:18] [INFO ] Dataset  : namss.F-2-87-AA.mcs.airgun
[17:28:18] [INFO ] SGY      : ../../airgun_data/namss.F-2-87-AA.mcs.airgun/Data/f287stk25.sgy
[17:28:18] [INFO ] NAV      : ../../airgun_data/namss.F-2-87-AA.mcs.airgun/Navigation/f-2-87-aa_NAV-WGS84.csv
[17:28:18] [INFO ] SA mode  : single (seed=50)
[17:28:18] [INFO ] 
[17:28:18] [INFO ] STEP 1 — Feature extraction
[17:28:18] [INFO ]   Loading navigation...
[17:28:19] [INFO ]   Loading SEG-Y...
[17:28:19] [INFO ]   Traces: 1752  Samples: 2000  dt: 4.000 ms
[17:28:19] [INFO ]   Depth:  0.0 m → 5997.0 m
[17:28:19] [INFO ]   Matching traces to navigation...
[17:28:19] [INFO ]   NAV line matched via translation: 'f287stk25' -> 'F287-25'
[17:28:19] [INFO ]   Matched 1751 / 1752 traces
[17:28:19] [INFO ]   Bandpass filtering...
[17:28:19] [INFO ]   Computing seismic attributes...
[17:28:20] [INFO ]   Picking seafloor...
[17:28:20] [INFO ]   Seafloor depth: 558–2145 m  (10 shallow traces masked)
[17:28:20] [INFO ]   Picking horizons...
[17:28:20] [INFO ]   Computing NCC coherence (slow)...
[17:28:20] [INFO ]   Saving CNN section image...
[17:28:21] [INFO ]   Saved: f287stk25_section_cnn.png  (2700x1500px)
[17:28:21] [INFO ]   Step 1 complete
[17:28:21] [INFO ] 
[17:28:21] [INFO ] STEP 2 — Fault detection
[17:28:21] [INFO ]   Mode: single SA run (seed=50)
[17:28:24] [INFO ]   Detected 5 high-confidence faults
[17:28:24] [INFO ]     Fault  1 | trace ~  164 | prob=0.645
[17:28:24] [INFO ]     Fault  2 | trace ~  528 | prob=0.694
[17:28:24] [INFO ]     Fault  3 | trace ~  954 | prob=0.695
[17:28:24] [INFO ]     Fault  4 | trace ~ 1224 | prob=0.652
[17:28:24] [INFO ]     Fault  5 | trace ~ 1558 | prob=0.684
[17:28:24] [INFO ]   Step 2 complete
[17:28:24] [INFO ] 
[17:28:24] [INFO ] STEP 3 — Bounding boxes
[17:28:24] [INFO ]   Box  1 | [175, 176, 163w, 163h px]
[17:28:24] [INFO ]   Box  2 | [686, 356, 267w, 174h px]
[17:28:24] [INFO ]   Box  3 | [1318, 433, 288w, 182h px]
[17:28:24] [INFO ]   Box  4 | [1652, 422, 440w, 182h px]
[17:28:24] [INFO ]   Box  5 | [2265, 284, 246w, 163h px]
[17:28:24] [INFO ]   Generated 5 boxes
[17:28:24] [INFO ]   Step 3 complete
[17:28:24] [INFO ] 
[17:28:24] [INFO ] STEP 4 — Dataset building
[17:28:24] [INFO ]   Saving labeled review image...
[17:28:25] [INFO ]   Saved: f287stk25_labeled.png
[17:28:25] [INFO ]   Split: val
[17:28:25] [INFO ]   Added 5 annotations to val.json
[17:28:25] [INFO ]   train.json: 64 images, 745 annotations
[17:28:25] [INFO ]   val.json:   17 images,  184 annotations
[17:28:25] [INFO ]   Step 4 complete
[17:28:25] [INFO ] 
[17:28:25] [INFO ]   DONE  f287stk25  →  val  |  5 faults  |  5 boxes
[17:28:25] [INFO ] 
[17:28:25] [INFO ] ──────────────────────────────────────────────────
[17:28:25] [INFO ]   LINE: f287stk26
[17:28:25] [INFO ] ──────────────────────────────────────────────────
[17:28:25] [INFO ] Dataset  : namss.F-2-87-AA.mcs.airgun
[17:28:25] [INFO ] SGY      : ../../airgun_data/namss.F-2-87-AA.mcs.airgun/Data/f287stk26.sgy
[17:28:25] [INFO ] NAV      : ../../airgun_data/namss.F-2-87-AA.mcs.airgun/Navigation/f-2-87-aa_NAV-WGS84.csv
[17:28:25] [INFO ] SA mode  : single (seed=50)
[17:28:25] [INFO ] 
[17:28:25] [INFO ] STEP 1 — Feature extraction
[17:28:25] [INFO ]   Loading navigation...
[17:28:25] [INFO ]   Loading SEG-Y...
[17:28:25] [ERROR] SKIPPING f287stk26 (namss.F-2-87-AA.mcs.airgun): Unknown format for file ../../airgun_data/namss.F-2-87-AA.mcs.airgun/Data/f287stk26.sgy
[17:28:25] [ERROR]   Traceback (most recent call last):
[17:28:25] [ERROR]     File "/Users/lennylukach/Personal/School/CS4100/namss/pipeline/src/pipeline.py", line 848, in <module>
[17:28:25] [ERROR]       process_line(line, sgy_path, nav_path, dataset)
[17:28:25] [ERROR]     File "/Users/lennylukach/Personal/School/CS4100/namss/pipeline/src/pipeline.py", line 405, in process_line
[17:28:25] [ERROR]       st = read(sgy_path)
[17:28:25] [ERROR]     File "/Users/lennylukach/Personal/School/CS4100/namss/venv/lib/python3.10/site-packages/decorator.py", line 235, in fun
[17:28:25] [ERROR]       return caller(func, *(extras + args), **kw)
[17:28:25] [ERROR]     File "/Users/lennylukach/Personal/School/CS4100/namss/venv/lib/python3.10/site-packages/obspy/core/util/decorator.py", line 298, in _map_example_filename
[17:28:25] [ERROR]       return func(*args, **kwargs)
[17:28:25] [ERROR]     File "/Users/lennylukach/Personal/School/CS4100/namss/venv/lib/python3.10/site-packages/obspy/core/stream.py", line 210, in read
[17:28:25] [ERROR]       st = _generic_reader(pathname_or_url, _read, **kwargs)
[17:28:25] [ERROR]     File "/Users/lennylukach/Personal/School/CS4100/namss/venv/lib/python3.10/site-packages/obspy/core/util/base.py", line 822, in _generic_reader
[17:28:25] [ERROR]       generic = callback_func(pathnames[0], **kwargs)
[17:28:25] [ERROR]     File "/Users/lennylukach/Personal/School/CS4100/namss/venv/lib/python3.10/site-packages/decorator.py", line 235, in fun
[17:28:25] [ERROR]       return caller(func, *(extras + args), **kw)
[17:28:25] [ERROR]     File "/Users/lennylukach/Personal/School/CS4100/namss/venv/lib/python3.10/site-packages/obspy/core/util/decorator.py", line 209, in uncompress_file
[17:28:25] [ERROR]       result = func(filename, *args, **kwargs)
[17:28:25] [ERROR]     File "/Users/lennylukach/Personal/School/CS4100/namss/venv/lib/python3.10/site-packages/obspy/core/stream.py", line 255, in _read
[17:28:25] [ERROR]       stream, format = _read_from_plugin('waveform', filename, format=format,
[17:28:25] [ERROR]     File "/Users/lennylukach/Personal/School/CS4100/namss/venv/lib/python3.10/site-packages/obspy/core/util/base.py", line 539, in _read_from_plugin
[17:28:25] [ERROR]       raise TypeError('Unknown format for file %s' % filename)
[17:28:25] [ERROR]   TypeError: Unknown format for file ../../airgun_data/namss.F-2-87-AA.mcs.airgun/Data/f287stk26.sgy
[17:28:25] [INFO ] 
[17:28:25] [INFO ] ──────────────────────────────────────────────────
[17:28:25] [INFO ]   LINE: f287stk27
[17:28:25] [INFO ] ──────────────────────────────────────────────────
[17:28:25] [INFO ] Dataset  : namss.F-2-87-AA.mcs.airgun
[17:28:25] [INFO ] SGY      : ../../airgun_data/namss.F-2-87-AA.mcs.airgun/Data/f287stk27.sgy
[17:28:25] [INFO ] NAV      : ../../airgun_data/namss.F-2-87-AA.mcs.airgun/Navigation/f-2-87-aa_NAV-WGS84.csv
[17:28:25] [INFO ] SA mode  : single (seed=50)
[17:28:25] [INFO ] 
[17:28:25] [INFO ] STEP 1 — Feature extraction
[17:28:25] [INFO ]   Loading navigation...
[17:28:25] [INFO ]   Loading SEG-Y...
[17:28:25] [INFO ]   Traces: 710  Samples: 2250  dt: 4.000 ms
[17:28:25] [INFO ]   Depth:  0.0 m → 6747.0 m
[17:28:25] [INFO ]   Matching traces to navigation...
[17:28:25] [INFO ]   NAV line matched via translation: 'f287stk27' -> 'F287-27'
[17:28:25] [INFO ]   Matched 709 / 710 traces
[17:28:25] [INFO ]   Bandpass filtering...
[17:28:25] [INFO ]   Computing seismic attributes...
[17:28:25] [INFO ]   Picking seafloor...
[17:28:25] [INFO ]   Seafloor depth: 1881–3258 m  (0 shallow traces masked)
[17:28:25] [INFO ]   Picking horizons...
[17:28:25] [INFO ]   Computing NCC coherence (slow)...
[17:28:25] [INFO ]   Saving CNN section image...
[17:28:25] [INFO ]   Saved: f287stk27_section_cnn.png  (2700x1500px)
[17:28:25] [INFO ]   Step 1 complete
[17:28:25] [INFO ] 
[17:28:25] [INFO ] STEP 2 — Fault detection
[17:28:25] [INFO ]   Mode: single SA run (seed=50)
[17:28:26] [INFO ]   Detected 3 high-confidence faults
[17:28:26] [INFO ]     Fault  1 | trace ~   69 | prob=0.581
[17:28:26] [INFO ]     Fault  2 | trace ~  341 | prob=0.713
[17:28:26] [INFO ]     Fault  3 | trace ~  679 | prob=0.606
[17:28:26] [INFO ]   Step 2 complete
[17:28:26] [INFO ] 
[17:28:26] [INFO ] STEP 3 — Bounding boxes
[17:28:26] [INFO ]   Box  1 | [0, 664, 594w, 164h px]
[17:28:26] [INFO ]   Box  2 | [882, 467, 868w, 144h px]
[17:28:26] [INFO ]   Box  3 | [2388, 485, 312w, 147h px]
[17:28:26] [INFO ]   Generated 3 boxes
[17:28:26] [INFO ]   Step 3 complete
[17:28:26] [INFO ] 
[17:28:26] [INFO ] STEP 4 — Dataset building
[17:28:26] [INFO ]   Saving labeled review image...
[17:28:27] [INFO ]   Saved: f287stk27_labeled.png
[17:28:27] [INFO ]   Split: train
[17:28:27] [INFO ]   Added 3 annotations to train.json
[17:28:27] [INFO ]   train.json: 65 images, 748 annotations
[17:28:27] [INFO ]   val.json:   17 images,  184 annotations
[17:28:27] [INFO ]   Step 4 complete
[17:28:27] [INFO ] 
[17:28:27] [INFO ]   DONE  f287stk27  →  train  |  3 faults  |  3 boxes
[17:28:27] [INFO ] 
[17:28:27] [INFO ] ──────────────────────────────────────────────────
[17:28:27] [INFO ]   LINE: f287stk28
[17:28:27] [INFO ] ──────────────────────────────────────────────────
[17:28:27] [INFO ] Dataset  : namss.F-2-87-AA.mcs.airgun
[17:28:27] [INFO ] SGY      : ../../airgun_data/namss.F-2-87-AA.mcs.airgun/Data/f287stk28.sgy
[17:28:27] [INFO ] NAV      : ../../airgun_data/namss.F-2-87-AA.mcs.airgun/Navigation/f-2-87-aa_NAV-WGS84.csv
[17:28:27] [INFO ] SA mode  : single (seed=50)
[17:28:27] [INFO ] 
[17:28:27] [INFO ] STEP 1 — Feature extraction
[17:28:27] [INFO ]   Loading navigation...
[17:28:27] [INFO ]   Loading SEG-Y...
[17:28:27] [INFO ]   Traces: 643  Samples: 2500  dt: 4.000 ms
[17:28:27] [INFO ]   Depth:  0.0 m → 7497.0 m
[17:28:27] [INFO ]   Matching traces to navigation...
[17:28:27] [INFO ]   NAV line matched via translation: 'f287stk28' -> 'F287-28'
[17:28:27] [INFO ]   Matched 643 / 643 traces
[17:28:27] [INFO ]   Bandpass filtering...
[17:28:27] [INFO ]   Computing seismic attributes...
[17:28:27] [INFO ]   Picking seafloor...
[17:28:27] [INFO ]   Seafloor depth: 0–4377 m  (41 shallow traces masked)
[17:28:27] [INFO ]   Picking horizons...
[17:28:27] [INFO ]   Computing NCC coherence (slow)...
[17:28:27] [INFO ]   Saving CNN section image...
[17:28:27] [INFO ]   Saved: f287stk28_section_cnn.png  (2700x1500px)
[17:28:27] [INFO ]   Step 1 complete
[17:28:27] [INFO ] 
[17:28:27] [INFO ] STEP 2 — Fault detection
[17:28:27] [INFO ]   Mode: single SA run (seed=50)
[17:28:28] [INFO ]   Detected 3 high-confidence faults
[17:28:28] [INFO ]     Fault  1 | trace ~   57 | prob=0.750
[17:28:28] [INFO ]     Fault  2 | trace ~  285 | prob=0.620
[17:28:28] [INFO ]     Fault  3 | trace ~  601 | prob=0.572
[17:28:28] [INFO ]   Step 2 complete
[17:28:28] [INFO ] 
[17:28:28] [INFO ] STEP 3 — Bounding boxes
[17:28:28] [INFO ]   Box  1 | [0, 486, 638w, 141h px]
[17:28:28] [INFO ]   Box  2 | [783, 766, 828w, 141h px]
[17:28:28] [INFO ]   Box  3 | [2081, 809, 619w, 153h px]
[17:28:28] [INFO ]   Generated 3 boxes
[17:28:28] [INFO ]   Step 3 complete
[17:28:28] [INFO ] 
[17:28:28] [INFO ] STEP 4 — Dataset building
[17:28:28] [INFO ]   Saving labeled review image...
[17:28:28] [INFO ]   Saved: f287stk28_labeled.png
[17:28:28] [INFO ]   Split: train
[17:28:28] [INFO ]   Added 3 annotations to train.json
[17:28:28] [INFO ]   train.json: 66 images, 751 annotations
[17:28:28] [INFO ]   val.json:   17 images,  184 annotations
[17:28:28] [INFO ]   Step 4 complete
[17:28:28] [INFO ] 
[17:28:28] [INFO ]   DONE  f287stk28  →  train  |  3 faults  |  3 boxes
[17:28:28] [INFO ] 
[17:28:28] [INFO ] ──────────────────────────────────────────────────
[17:28:28] [INFO ]   LINE: f287stk29
[17:28:28] [INFO ] ──────────────────────────────────────────────────
[17:28:28] [INFO ] Dataset  : namss.F-2-87-AA.mcs.airgun
[17:28:28] [INFO ] SGY      : ../../airgun_data/namss.F-2-87-AA.mcs.airgun/Data/f287stk29.sgy
[17:28:28] [INFO ] NAV      : ../../airgun_data/namss.F-2-87-AA.mcs.airgun/Navigation/f-2-87-aa_NAV-WGS84.csv
[17:28:28] [INFO ] SA mode  : single (seed=50)
[17:28:28] [INFO ] 
[17:28:28] [INFO ] STEP 1 — Feature extraction
[17:28:28] [INFO ]   Loading navigation...
[17:28:28] [INFO ]   Loading SEG-Y...
[17:28:29] [INFO ]   Traces: 10162  Samples: 2500  dt: 4.000 ms
[17:28:29] [INFO ]   Depth:  0.0 m → 7497.0 m
[17:28:29] [INFO ]   Matching traces to navigation...
[17:28:29] [INFO ]   NAV line matched via translation: 'f287stk29' -> 'F287-29'
[17:28:30] [INFO ]   Matched 10161 / 10162 traces
[17:28:30] [INFO ]   Bandpass filtering...
[17:28:30] [INFO ]   Computing seismic attributes...
[17:28:32] [INFO ]   Picking seafloor...
[17:28:32] [INFO ]   Seafloor depth: 1104–6717 m  (0 shallow traces masked)
[17:28:32] [INFO ]   Picking horizons...
[17:28:33] [INFO ]   Computing NCC coherence (slow)...
[17:28:34] [INFO ]   Saving CNN section image...
[17:28:36] [INFO ]   Saved: f287stk29_section_cnn.png  (2700x1500px)
[17:28:36] [INFO ]   Step 1 complete
[17:28:36] [INFO ] 
[17:28:36] [INFO ] STEP 2 — Fault detection
[17:28:36] [INFO ]   Mode: single SA run (seed=50)
[17:28:47] [INFO ]   Detected 22 high-confidence faults
[17:28:47] [INFO ]     Fault  1 | trace ~  136 | prob=0.566
[17:28:47] [INFO ]     Fault  2 | trace ~  352 | prob=0.629
[17:28:47] [INFO ]     Fault  3 | trace ~  547 | prob=0.705
[17:28:47] [INFO ]     Fault  4 | trace ~  843 | prob=0.721
[17:28:47] [INFO ]     Fault  5 | trace ~ 1126 | prob=0.564
[17:28:47] [INFO ]     Fault  6 | trace ~ 1446 | prob=0.626
[17:28:47] [INFO ]     Fault  7 | trace ~ 2213 | prob=0.665
[17:28:47] [INFO ]     Fault  8 | trace ~ 2459 | prob=0.631
[17:28:47] [INFO ]     Fault  9 | trace ~ 2752 | prob=0.681
[17:28:47] [INFO ]     Fault 10 | trace ~ 3224 | prob=0.604
[17:28:47] [INFO ]     Fault 11 | trace ~ 3837 | prob=0.602
[17:28:47] [INFO ]     Fault 12 | trace ~ 4076 | prob=0.685
[17:28:47] [INFO ]     Fault 13 | trace ~ 4564 | prob=0.667
[17:28:47] [INFO ]     Fault 14 | trace ~ 4786 | prob=0.627
[17:28:47] [INFO ]     Fault 15 | trace ~ 5233 | prob=0.651
[17:28:47] [INFO ]     Fault 16 | trace ~ 5487 | prob=0.637
[17:28:47] [INFO ]     Fault 17 | trace ~ 5874 | prob=0.688
[17:28:47] [INFO ]     Fault 18 | trace ~ 6290 | prob=0.654
[17:28:47] [INFO ]     Fault 19 | trace ~ 6546 | prob=0.644
[17:28:47] [INFO ]     Fault 20 | trace ~ 6943 | prob=0.577
[17:28:47] [INFO ]     Fault 21 | trace ~ 7418 | prob=0.613
[17:28:47] [INFO ]     Fault 22 | trace ~ 9793 | prob=0.654
[17:28:47] [INFO ]   Step 2 complete
[17:28:47] [INFO ] 
[17:28:47] [INFO ] STEP 3 — Bounding boxes
[17:28:47] [INFO ]   Box  1 | [0, 484, 80w, 135h px]
[17:28:47] [INFO ]   Box  2 | [43, 474, 101w, 141h px]
[17:28:47] [INFO ]   Box  3 | [100, 337, 93w, 150h px]
[17:28:47] [INFO ]   Box  4 | [177, 209, 93w, 147h px]
[17:28:47] [INFO ]   Box  5 | [254, 306, 94w, 135h px]
[17:28:47] [INFO ]   Box  6 | [339, 363, 98w, 147h px]
[17:28:47] [INFO ]   Box  7 | [541, 613, 91w, 138h px]
[17:28:47] [INFO ]   Box  8 | [604, 738, 99w, 144h px]
[17:28:47] [INFO ]   Box  9 | [686, 881, 95w, 141h px]
[17:28:47] [INFO ]   Box 10 | [806, 959, 102w, 141h px]
[17:28:47] [INFO ]   Box 11 | [968, 558, 96w, 135h px]
[17:28:47] [INFO ]   Box 12 | [1040, 691, 89w, 135h px]
[17:28:47] [INFO ]   Box 13 | [1168, 691, 91w, 141h px]
[17:28:47] [INFO ]   Box 14 | [1226, 726, 95w, 138h px]
[17:28:47] [INFO ]   Box 15 | [1341, 628, 96w, 138h px]
[17:28:47] [INFO ]   Box 16 | [1410, 732, 95w, 141h px]
[17:28:47] [INFO ]   Box 17 | [1510, 757, 98w, 147h px]
[17:28:47] [INFO ]   Box 18 | [1625, 773, 96w, 141h px]
[17:28:47] [INFO ]   Box 19 | [1692, 670, 95w, 141h px]
[17:28:47] [INFO ]   Box 20 | [1800, 755, 91w, 138h px]
[17:28:47] [INFO ]   Box 21 | [1925, 813, 95w, 144h px]
[17:28:47] [INFO ]   Box 22 | [2553, 1331, 101w, 159h px]
[17:28:47] [INFO ]   Generated 22 boxes
[17:28:47] [INFO ]   Step 3 complete
[17:28:47] [INFO ] 
[17:28:47] [INFO ] STEP 4 — Dataset building
[17:28:47] [INFO ]   Saving labeled review image...
[17:28:47] [INFO ]   Saved: f287stk29_labeled.png
[17:28:47] [INFO ]   Split: train
[17:28:47] [INFO ]   Added 22 annotations to train.json
[17:28:47] [INFO ]   train.json: 67 images, 773 annotations
[17:28:47] [INFO ]   val.json:   17 images,  184 annotations
[17:28:47] [INFO ]   Step 4 complete
[17:28:47] [INFO ] 
[17:28:47] [INFO ]   DONE  f287stk29  →  train  |  22 faults  |  22 boxes
[17:28:47] [INFO ] 
[17:28:47] [INFO ] ──────────────────────────────────────────────────
[17:28:47] [INFO ]   LINE: f287stk30
[17:28:47] [INFO ] ──────────────────────────────────────────────────
[17:28:47] [INFO ] Dataset  : namss.F-2-87-AA.mcs.airgun
[17:28:47] [INFO ] SGY      : ../../airgun_data/namss.F-2-87-AA.mcs.airgun/Data/f287stk30.sgy
[17:28:47] [INFO ] NAV      : ../../airgun_data/namss.F-2-87-AA.mcs.airgun/Navigation/f-2-87-aa_NAV-WGS84.csv
[17:28:47] [INFO ] SA mode  : single (seed=50)
[17:28:47] [INFO ] 
[17:28:47] [INFO ] STEP 1 — Feature extraction
[17:28:47] [INFO ]   Loading navigation...
[17:28:48] [INFO ]   Loading SEG-Y...
[17:28:48] [INFO ]   Traces: 432  Samples: 2500  dt: 4.000 ms
[17:28:48] [INFO ]   Depth:  0.0 m → 7497.0 m
[17:28:48] [INFO ]   Matching traces to navigation...
[17:28:48] [INFO ]   NAV line matched via translation: 'f287stk30' -> 'F287-30'
[17:28:48] [INFO ]   Matched 431 / 432 traces
[17:28:48] [INFO ]   Bandpass filtering...
[17:28:48] [INFO ]   Computing seismic attributes...
[17:28:48] [INFO ]   Picking seafloor...
[17:28:48] [INFO ]   Seafloor depth: 5325–6696 m  (0 shallow traces masked)
[17:28:48] [INFO ]   Picking horizons...
[17:28:48] [INFO ]   Computing NCC coherence (slow)...
[17:28:48] [INFO ]   Saving CNN section image...
[17:28:48] [INFO ]   Saved: f287stk30_section_cnn.png  (2700x1500px)
[17:28:48] [INFO ]   Step 1 complete
[17:28:48] [INFO ] 
[17:28:48] [INFO ] STEP 2 — Fault detection
[17:28:48] [INFO ]   Mode: single SA run (seed=50)
[17:28:48] [INFO ]   Detected 1 high-confidence faults
[17:28:48] [INFO ]     Fault  1 | trace ~  218 | prob=0.723
[17:28:48] [INFO ]   Step 2 complete
[17:28:48] [INFO ] 
[17:28:48] [INFO ] STEP 3 — Bounding boxes
[17:28:48] [INFO ]   Box  1 | [1080, 1190, 596w, 141h px]
[17:28:48] [INFO ]   Generated 1 boxes
[17:28:48] [INFO ]   Step 3 complete
[17:28:48] [INFO ] 
[17:28:48] [INFO ] STEP 4 — Dataset building
[17:28:48] [INFO ]   Saving labeled review image...
[17:28:48] [INFO ]   Saved: f287stk30_labeled.png
[17:28:48] [INFO ]   Split: val
[17:28:48] [INFO ]   Added 1 annotations to val.json
[17:28:48] [INFO ]   train.json: 67 images, 773 annotations
[17:28:48] [INFO ]   val.json:   18 images,  185 annotations
[17:28:48] [INFO ]   Step 4 complete
[17:28:48] [INFO ] 
[17:28:48] [INFO ]   DONE  f287stk30  →  val  |  1 faults  |  1 boxes
[17:28:48] [INFO ] 
[17:28:48] [INFO ] ──────────────────────────────────────────────────
[17:28:48] [INFO ]   LINE: f287stk31
[17:28:48] [INFO ] ──────────────────────────────────────────────────
[17:28:48] [INFO ] Dataset  : namss.F-2-87-AA.mcs.airgun
[17:28:48] [INFO ] SGY      : ../../airgun_data/namss.F-2-87-AA.mcs.airgun/Data/f287stk31.sgy
[17:28:48] [INFO ] NAV      : ../../airgun_data/namss.F-2-87-AA.mcs.airgun/Navigation/f-2-87-aa_NAV-WGS84.csv
[17:28:48] [INFO ] SA mode  : single (seed=50)
[17:28:48] [INFO ] 
[17:28:48] [INFO ] STEP 1 — Feature extraction
[17:28:48] [INFO ]   Loading navigation...
[17:28:49] [INFO ]   Loading SEG-Y...
[17:28:49] [ERROR] SKIPPING f287stk31 (namss.F-2-87-AA.mcs.airgun): second must be in 0..59
[17:28:49] [ERROR]   Traceback (most recent call last):
[17:28:49] [ERROR]     File "/Users/lennylukach/Personal/School/CS4100/namss/pipeline/src/pipeline.py", line 848, in <module>
[17:28:49] [ERROR]       process_line(line, sgy_path, nav_path, dataset)
[17:28:49] [ERROR]     File "/Users/lennylukach/Personal/School/CS4100/namss/pipeline/src/pipeline.py", line 405, in process_line
[17:28:49] [ERROR]       st = read(sgy_path)
[17:28:49] [ERROR]     File "/Users/lennylukach/Personal/School/CS4100/namss/venv/lib/python3.10/site-packages/decorator.py", line 235, in fun
[17:28:49] [ERROR]       return caller(func, *(extras + args), **kw)
[17:28:49] [ERROR]     File "/Users/lennylukach/Personal/School/CS4100/namss/venv/lib/python3.10/site-packages/obspy/core/util/decorator.py", line 298, in _map_example_filename
[17:28:49] [ERROR]       return func(*args, **kwargs)
[17:28:49] [ERROR]     File "/Users/lennylukach/Personal/School/CS4100/namss/venv/lib/python3.10/site-packages/obspy/core/stream.py", line 210, in read
[17:28:49] [ERROR]       st = _generic_reader(pathname_or_url, _read, **kwargs)
[17:28:49] [ERROR]     File "/Users/lennylukach/Personal/School/CS4100/namss/venv/lib/python3.10/site-packages/obspy/core/util/base.py", line 822, in _generic_reader
[17:28:49] [ERROR]       generic = callback_func(pathnames[0], **kwargs)
[17:28:49] [ERROR]     File "/Users/lennylukach/Personal/School/CS4100/namss/venv/lib/python3.10/site-packages/decorator.py", line 235, in fun
[17:28:49] [ERROR]       return caller(func, *(extras + args), **kw)
[17:28:49] [ERROR]     File "/Users/lennylukach/Personal/School/CS4100/namss/venv/lib/python3.10/site-packages/obspy/core/util/decorator.py", line 209, in uncompress_file
[17:28:49] [ERROR]       result = func(filename, *args, **kwargs)
[17:28:49] [ERROR]     File "/Users/lennylukach/Personal/School/CS4100/namss/venv/lib/python3.10/site-packages/obspy/core/stream.py", line 255, in _read
[17:28:49] [ERROR]       stream, format = _read_from_plugin('waveform', filename, format=format,
[17:28:49] [ERROR]     File "/Users/lennylukach/Personal/School/CS4100/namss/venv/lib/python3.10/site-packages/obspy/core/util/base.py", line 559, in _read_from_plugin
[17:28:49] [ERROR]       list_obj = read_format(filename, **kwargs)
[17:28:49] [ERROR]     File "/Users/lennylukach/Personal/School/CS4100/namss/venv/lib/python3.10/site-packages/obspy/io/segy/core.py", line 204, in _read_segy
[17:28:49] [ERROR]       stream.append(tr.to_obspy_trace(
[17:28:49] [ERROR]     File "/Users/lennylukach/Personal/School/CS4100/namss/venv/lib/python3.10/site-packages/obspy/io/segy/segy.py", line 775, in to_obspy_trace
[17:28:49] [ERROR]       trace.stats.starttime = UTCDateTime(
[17:28:49] [ERROR]     File "/Users/lennylukach/Personal/School/CS4100/namss/venv/lib/python3.10/site-packages/obspy/core/utcdatetime.py", line 460, in __init__
[17:28:49] [ERROR]       dt = datetime.datetime(*args, **kwargs)
[17:28:49] [ERROR]   ValueError: second must be in 0..59
[17:28:49] [INFO ] 
[17:28:49] [INFO ] ──────────────────────────────────────────────────
[17:28:49] [INFO ]   LINE: f287stk32
[17:28:49] [INFO ] ──────────────────────────────────────────────────
[17:28:49] [INFO ] Dataset  : namss.F-2-87-AA.mcs.airgun
[17:28:49] [INFO ] SGY      : ../../airgun_data/namss.F-2-87-AA.mcs.airgun/Data/f287stk32.sgy
[17:28:49] [INFO ] NAV      : ../../airgun_data/namss.F-2-87-AA.mcs.airgun/Navigation/f-2-87-aa_NAV-WGS84.csv
[17:28:49] [INFO ] SA mode  : single (seed=50)
[17:28:49] [INFO ] 
[17:28:49] [INFO ] STEP 1 — Feature extraction
[17:28:49] [INFO ]   Loading navigation...
[17:28:49] [INFO ]   Loading SEG-Y...
[17:28:49] [INFO ]   Traces: 388  Samples: 2500  dt: 4.000 ms
[17:28:49] [INFO ]   Depth:  0.0 m → 7497.0 m
[17:28:49] [INFO ]   Matching traces to navigation...
[17:28:49] [INFO ]   NAV line matched via translation: 'f287stk32' -> 'F287-32'
[17:28:49] [INFO ]   Matched 387 / 388 traces
[17:28:49] [INFO ]   Bandpass filtering...
[17:28:49] [INFO ]   Computing seismic attributes...
[17:28:49] [INFO ]   Picking seafloor...
[17:28:49] [INFO ]   Seafloor depth: 5499–6471 m  (0 shallow traces masked)
[17:28:49] [INFO ]   Picking horizons...
[17:28:49] [INFO ]   Computing NCC coherence (slow)...
[17:28:49] [INFO ]   Saving CNN section image...
[17:28:49] [INFO ]   Saved: f287stk32_section_cnn.png  (2700x1500px)
[17:28:49] [INFO ]   Step 1 complete
[17:28:49] [INFO ] 
[17:28:49] [INFO ] STEP 2 — Fault detection
[17:28:49] [INFO ]   Mode: single SA run (seed=50)
[17:28:50] [INFO ]   Detected 1 high-confidence faults
[17:28:50] [INFO ]     Fault  1 | trace ~  285 | prob=0.704
[17:28:50] [INFO ]   Step 2 complete
[17:28:50] [INFO ] 
[17:28:50] [INFO ] STEP 3 — Bounding boxes
[17:28:50] [INFO ]   Box  1 | [1546, 1250, 878w, 135h px]
[17:28:50] [INFO ]   Generated 1 boxes
[17:28:50] [INFO ]   Step 3 complete
[17:28:50] [INFO ] 
[17:28:50] [INFO ] STEP 4 — Dataset building
[17:28:50] [INFO ]   Saving labeled review image...
[17:28:50] [INFO ]   Saved: f287stk32_labeled.png
[17:28:50] [INFO ]   Split: train
[17:28:50] [INFO ]   Added 1 annotations to train.json
[17:28:50] [INFO ]   train.json: 68 images, 774 annotations
[17:28:50] [INFO ]   val.json:   18 images,  185 annotations
[17:28:50] [INFO ]   Step 4 complete
[17:28:50] [INFO ] 
[17:28:50] [INFO ]   DONE  f287stk32  →  train  |  1 faults  |  1 boxes
[17:28:50] [INFO ] 
[17:28:50] [INFO ] ──────────────────────────────────────────────────
[17:28:50] [INFO ]   LINE: f287stk33
[17:28:50] [INFO ] ──────────────────────────────────────────────────
[17:28:50] [INFO ] Dataset  : namss.F-2-87-AA.mcs.airgun
[17:28:50] [INFO ] SGY      : ../../airgun_data/namss.F-2-87-AA.mcs.airgun/Data/f287stk33.sgy
[17:28:50] [INFO ] NAV      : ../../airgun_data/namss.F-2-87-AA.mcs.airgun/Navigation/f-2-87-aa_NAV-WGS84.csv
[17:28:50] [INFO ] SA mode  : single (seed=50)
[17:28:50] [INFO ] 
[17:28:50] [INFO ] STEP 1 — Feature extraction
[17:28:50] [INFO ]   Loading navigation...
[17:28:50] [INFO ]   Loading SEG-Y...
[17:28:50] [INFO ]   Traces: 7862  Samples: 3000  dt: 4.000 ms
[17:28:50] [INFO ]   Depth:  0.0 m → 8997.0 m
[17:28:50] [INFO ]   Matching traces to navigation...
[17:28:50] [INFO ]   NAV line matched via translation: 'f287stk33' -> 'F287-33'
[17:28:51] [INFO ]   Matched 7859 / 7862 traces
[17:28:51] [INFO ]   Bandpass filtering...
[17:28:51] [INFO ]   Computing seismic attributes...
[17:28:52] [INFO ]   Picking seafloor...
[17:28:53] [INFO ]   Seafloor depth: 4329–6636 m  (0 shallow traces masked)
[17:28:53] [INFO ]   Picking horizons...
[17:28:53] [INFO ]   Computing NCC coherence (slow)...
[17:28:54] [INFO ]   Saving CNN section image...
[17:28:56] [INFO ]   Saved: f287stk33_section_cnn.png  (2700x1500px)
[17:28:56] [INFO ]   Step 1 complete
[17:28:56] [INFO ] 
[17:28:56] [INFO ] STEP 2 — Fault detection
[17:28:56] [INFO ]   Mode: single SA run (seed=50)
[17:29:49] [INFO ]   Detected 0 high-confidence faults
[17:29:49] [INFO ]   Step 2 complete
[17:29:49] [INFO ] 
[17:29:49] [INFO ] STEP 3 — Bounding boxes
[17:29:49] [INFO ]   Generated 0 boxes
[17:29:49] [INFO ]   Step 3 complete
[17:29:49] [INFO ] 
[17:29:49] [INFO ] STEP 4 — Dataset building
[17:29:49] [INFO ]   Saving labeled review image...
[17:29:49] [INFO ]   Saved: f287stk33_labeled.png
[17:29:49] [INFO ]   Split: train
[17:29:49] [INFO ]   Added 0 annotations to train.json
[17:29:49] [INFO ]   train.json: 69 images, 774 annotations
[17:29:49] [INFO ]   val.json:   18 images,  185 annotations
[17:29:49] [INFO ]   Step 4 complete
[17:29:49] [INFO ] 
[17:29:49] [INFO ]   DONE  f287stk33  →  train  |  0 faults  |  0 boxes
[17:29:49] [INFO ] 
[17:29:49] [INFO ] ──────────────────────────────────────────────────
[17:29:49] [INFO ]   LINE: f287stk34
[17:29:49] [INFO ] ──────────────────────────────────────────────────
[17:29:49] [INFO ] Dataset  : namss.F-2-87-AA.mcs.airgun
[17:29:49] [INFO ] SGY      : ../../airgun_data/namss.F-2-87-AA.mcs.airgun/Data/f287stk34.sgy
[17:29:49] [INFO ] NAV      : ../../airgun_data/namss.F-2-87-AA.mcs.airgun/Navigation/f-2-87-aa_NAV-WGS84.csv
[17:29:49] [INFO ] SA mode  : single (seed=50)
[17:29:49] [INFO ] 
[17:29:49] [INFO ] STEP 1 — Feature extraction
[17:29:49] [INFO ]   Loading navigation...
[17:29:49] [INFO ]   Loading SEG-Y...
[17:29:49] [INFO ]   Traces: 454  Samples: 3000  dt: 4.000 ms
[17:29:49] [INFO ]   Depth:  0.0 m → 8997.0 m
[17:29:49] [INFO ]   Matching traces to navigation...
[17:29:49] [INFO ]   NAV line matched via translation: 'f287stk34' -> 'F287-34'
[17:29:49] [INFO ]   Matched 453 / 454 traces
[17:29:49] [INFO ]   Bandpass filtering...
[17:29:49] [INFO ]   Computing seismic attributes...
[17:29:49] [INFO ]   Picking seafloor...
[17:29:49] [INFO ]   Seafloor depth: 4512–4776 m  (0 shallow traces masked)
[17:29:49] [INFO ]   Picking horizons...
[17:29:49] [INFO ]   Computing NCC coherence (slow)...
[17:29:49] [INFO ]   Saving CNN section image...
[17:29:49] [INFO ]   Saved: f287stk34_section_cnn.png  (2700x1500px)
[17:29:49] [INFO ]   Step 1 complete
[17:29:49] [INFO ] 
[17:29:49] [INFO ] STEP 2 — Fault detection
[17:29:49] [INFO ]   Mode: single SA run (seed=50)
[17:29:50] [INFO ]   Detected 2 high-confidence faults
[17:29:50] [INFO ]     Fault  1 | trace ~   90 | prob=0.763
[17:29:50] [INFO ]     Fault  2 | trace ~  310 | prob=0.763
[17:29:50] [INFO ]   Step 2 complete
[17:29:50] [INFO ] 
[17:29:50] [INFO ] STEP 3 — Bounding boxes
[17:29:50] [INFO ]   Box  1 | [0, 774, 1320w, 117h px]
[17:29:50] [INFO ]   Box  2 | [1359, 752, 912w, 127h px]
[17:29:50] [INFO ]   Generated 2 boxes
[17:29:50] [INFO ]   Step 3 complete
[17:29:50] [INFO ] 
[17:29:50] [INFO ] STEP 4 — Dataset building
[17:29:50] [INFO ]   Saving labeled review image...
[17:29:50] [INFO ]   Saved: f287stk34_labeled.png
[17:29:50] [INFO ]   Split: train
[17:29:50] [INFO ]   Added 2 annotations to train.json
[17:29:50] [INFO ]   train.json: 70 images, 776 annotations
[17:29:50] [INFO ]   val.json:   18 images,  185 annotations
[17:29:50] [INFO ]   Step 4 complete
[17:29:50] [INFO ] 
[17:29:50] [INFO ]   DONE  f287stk34  →  train  |  2 faults  |  2 boxes
[17:29:50] [INFO ] 
[17:29:50] [INFO ] ──────────────────────────────────────────────────
[17:29:50] [INFO ]   LINE: f287stk35
[17:29:50] [INFO ] ──────────────────────────────────────────────────
[17:29:50] [INFO ] Dataset  : namss.F-2-87-AA.mcs.airgun
[17:29:50] [INFO ] SGY      : ../../airgun_data/namss.F-2-87-AA.mcs.airgun/Data/f287stk35.sgy
[17:29:50] [INFO ] NAV      : ../../airgun_data/namss.F-2-87-AA.mcs.airgun/Navigation/f-2-87-aa_NAV-WGS84.csv
[17:29:50] [INFO ] SA mode  : single (seed=50)
[17:29:50] [INFO ] 
[17:29:50] [INFO ] STEP 1 — Feature extraction
[17:29:50] [INFO ]   Loading navigation...
[17:29:50] [INFO ]   Loading SEG-Y...
[17:29:51] [ERROR] SKIPPING f287stk35 (namss.F-2-87-AA.mcs.airgun): 'julday' out of bounds for year 1987: 0
[17:29:51] [ERROR]   Traceback (most recent call last):
[17:29:51] [ERROR]     File "/Users/lennylukach/Personal/School/CS4100/namss/pipeline/src/pipeline.py", line 848, in <module>
[17:29:51] [ERROR]       process_line(line, sgy_path, nav_path, dataset)
[17:29:51] [ERROR]     File "/Users/lennylukach/Personal/School/CS4100/namss/pipeline/src/pipeline.py", line 405, in process_line
[17:29:51] [ERROR]       st = read(sgy_path)
[17:29:51] [ERROR]     File "/Users/lennylukach/Personal/School/CS4100/namss/venv/lib/python3.10/site-packages/decorator.py", line 235, in fun
[17:29:51] [ERROR]       return caller(func, *(extras + args), **kw)
[17:29:51] [ERROR]     File "/Users/lennylukach/Personal/School/CS4100/namss/venv/lib/python3.10/site-packages/obspy/core/util/decorator.py", line 298, in _map_example_filename
[17:29:51] [ERROR]       return func(*args, **kwargs)
[17:29:51] [ERROR]     File "/Users/lennylukach/Personal/School/CS4100/namss/venv/lib/python3.10/site-packages/obspy/core/stream.py", line 210, in read
[17:29:51] [ERROR]       st = _generic_reader(pathname_or_url, _read, **kwargs)
[17:29:51] [ERROR]     File "/Users/lennylukach/Personal/School/CS4100/namss/venv/lib/python3.10/site-packages/obspy/core/util/base.py", line 822, in _generic_reader
[17:29:51] [ERROR]       generic = callback_func(pathnames[0], **kwargs)
[17:29:51] [ERROR]     File "/Users/lennylukach/Personal/School/CS4100/namss/venv/lib/python3.10/site-packages/decorator.py", line 235, in fun
[17:29:51] [ERROR]       return caller(func, *(extras + args), **kw)
[17:29:51] [ERROR]     File "/Users/lennylukach/Personal/School/CS4100/namss/venv/lib/python3.10/site-packages/obspy/core/util/decorator.py", line 209, in uncompress_file
[17:29:51] [ERROR]       result = func(filename, *args, **kwargs)
[17:29:51] [ERROR]     File "/Users/lennylukach/Personal/School/CS4100/namss/venv/lib/python3.10/site-packages/obspy/core/stream.py", line 255, in _read
[17:29:51] [ERROR]       stream, format = _read_from_plugin('waveform', filename, format=format,
[17:29:51] [ERROR]     File "/Users/lennylukach/Personal/School/CS4100/namss/venv/lib/python3.10/site-packages/obspy/core/util/base.py", line 559, in _read_from_plugin
[17:29:51] [ERROR]       list_obj = read_format(filename, **kwargs)
[17:29:51] [ERROR]     File "/Users/lennylukach/Personal/School/CS4100/namss/venv/lib/python3.10/site-packages/obspy/io/segy/core.py", line 204, in _read_segy
[17:29:51] [ERROR]       stream.append(tr.to_obspy_trace(
[17:29:51] [ERROR]     File "/Users/lennylukach/Personal/School/CS4100/namss/venv/lib/python3.10/site-packages/obspy/io/segy/segy.py", line 775, in to_obspy_trace
[17:29:51] [ERROR]       trace.stats.starttime = UTCDateTime(
[17:29:51] [ERROR]     File "/Users/lennylukach/Personal/School/CS4100/namss/venv/lib/python3.10/site-packages/obspy/core/utcdatetime.py", line 440, in __init__
[17:29:51] [ERROR]       raise ValueError(msg)
[17:29:51] [ERROR]   ValueError: 'julday' out of bounds for year 1987: 0
[17:29:51] [INFO ] 
[17:29:51] [INFO ] ──────────────────────────────────────────────────
[17:29:51] [INFO ]   LINE: f287stk36
[17:29:51] [INFO ] ──────────────────────────────────────────────────
[17:29:51] [INFO ] Dataset  : namss.F-2-87-AA.mcs.airgun
[17:29:51] [INFO ] SGY      : ../../airgun_data/namss.F-2-87-AA.mcs.airgun/Data/f287stk36.sgy
[17:29:51] [INFO ] NAV      : ../../airgun_data/namss.F-2-87-AA.mcs.airgun/Navigation/f-2-87-aa_NAV-WGS84.csv
[17:29:51] [INFO ] SA mode  : single (seed=50)
[17:29:51] [INFO ] 
[17:29:51] [INFO ] STEP 1 — Feature extraction
[17:29:51] [INFO ]   Loading navigation...
[17:29:51] [INFO ]   Loading SEG-Y...
[17:29:51] [INFO ]   Traces: 427  Samples: 3000  dt: 4.000 ms
[17:29:51] [INFO ]   Depth:  0.0 m → 8997.0 m
[17:29:51] [INFO ]   Matching traces to navigation...
[17:29:51] [INFO ]   NAV line matched via translation: 'f287stk36' -> 'F287-36'
[17:29:51] [INFO ]   Matched 426 / 427 traces
[17:29:51] [INFO ]   Bandpass filtering...
[17:29:51] [INFO ]   Computing seismic attributes...
[17:29:51] [INFO ]   Picking seafloor...
[17:29:51] [INFO ]   Seafloor depth: 4617–4923 m  (0 shallow traces masked)
[17:29:51] [INFO ]   Picking horizons...
[17:29:51] [INFO ]   Computing NCC coherence (slow)...
[17:29:51] [INFO ]   Saving CNN section image...
[17:29:51] [INFO ]   Saved: f287stk36_section_cnn.png  (2700x1500px)
[17:29:51] [INFO ]   Step 1 complete
[17:29:51] [INFO ] 
[17:29:51] [INFO ] STEP 2 — Fault detection
[17:29:51] [INFO ]   Mode: single SA run (seed=50)
[17:29:52] [INFO ]   Detected 2 high-confidence faults
[17:29:52] [INFO ]     Fault  1 | trace ~  109 | prob=0.743
[17:29:52] [INFO ]     Fault  2 | trace ~  338 | prob=0.753
[17:29:52] [INFO ]   Step 2 complete
[17:29:52] [INFO ] 
[17:29:52] [INFO ] STEP 3 — Bounding boxes
[17:29:52] [INFO ]   Box  1 | [0, 803, 1478w, 117h px]
[17:29:52] [INFO ]   Box  2 | [1601, 772, 1099w, 114h px]
[17:29:52] [INFO ]   Generated 2 boxes
[17:29:52] [INFO ]   Step 3 complete
[17:29:52] [INFO ] 
[17:29:52] [INFO ] STEP 4 — Dataset building
[17:29:52] [INFO ]   Saving labeled review image...
[17:29:52] [INFO ]   Saved: f287stk36_labeled.png
[17:29:52] [INFO ]   Split: train
[17:29:52] [INFO ]   Added 2 annotations to train.json
[17:29:52] [INFO ]   train.json: 71 images, 778 annotations
[17:29:52] [INFO ]   val.json:   18 images,  185 annotations
[17:29:52] [INFO ]   Step 4 complete
[17:29:52] [INFO ] 
[17:29:52] [INFO ]   DONE  f287stk36  →  train  |  2 faults  |  2 boxes
[17:29:52] [INFO ] 
[17:29:52] [INFO ] ──────────────────────────────────────────────────
[17:29:52] [INFO ]   LINE: f287stk37
[17:29:52] [INFO ] ──────────────────────────────────────────────────
[17:29:52] [INFO ] Dataset  : namss.F-2-87-AA.mcs.airgun
[17:29:52] [INFO ] SGY      : ../../airgun_data/namss.F-2-87-AA.mcs.airgun/Data/f287stk37.sgy
[17:29:52] [INFO ] NAV      : ../../airgun_data/namss.F-2-87-AA.mcs.airgun/Navigation/f-2-87-aa_NAV-WGS84.csv
[17:29:52] [INFO ] SA mode  : single (seed=50)
[17:29:52] [INFO ] 
[17:29:52] [INFO ] STEP 1 — Feature extraction
[17:29:52] [INFO ]   Loading navigation...
[17:29:52] [INFO ]   Loading SEG-Y...
[17:29:52] [INFO ]   Traces: 6611  Samples: 3000  dt: 4.000 ms
[17:29:52] [INFO ]   Depth:  0.0 m → 8997.0 m
[17:29:52] [INFO ]   Matching traces to navigation...
[17:29:52] [INFO ]   NAV line matched via translation: 'f287stk37' -> 'F287-37'
[17:29:53] [INFO ]   Matched 6610 / 6611 traces
[17:29:53] [INFO ]   Bandpass filtering...
[17:29:53] [INFO ]   Computing seismic attributes...
[17:29:54] [INFO ]   Picking seafloor...
[17:29:54] [INFO ]   Seafloor depth: 2655–4986 m  (0 shallow traces masked)
[17:29:54] [INFO ]   Picking horizons...
[17:29:55] [INFO ]   Computing NCC coherence (slow)...
[17:29:55] [INFO ]   Saving CNN section image...
[17:29:57] [INFO ]   Saved: f287stk37_section_cnn.png  (2700x1500px)
[17:29:57] [INFO ]   Step 1 complete
[17:29:57] [INFO ] 
[17:29:57] [INFO ] STEP 2 — Fault detection
[17:29:57] [INFO ]   Mode: single SA run (seed=50)
[17:30:05] [INFO ]   Detected 19 high-confidence faults
[17:30:05] [INFO ]     Fault  1 | trace ~   27 | prob=0.650
[17:30:05] [INFO ]     Fault  2 | trace ~  442 | prob=0.603
[17:30:05] [INFO ]     Fault  3 | trace ~ 1057 | prob=0.639
[17:30:05] [INFO ]     Fault  4 | trace ~ 1891 | prob=0.583
[17:30:05] [INFO ]     Fault  5 | trace ~ 2193 | prob=0.589
[17:30:05] [INFO ]     Fault  6 | trace ~ 2465 | prob=0.657
[17:30:05] [INFO ]     Fault  7 | trace ~ 2746 | prob=0.609
[17:30:05] [INFO ]     Fault  8 | trace ~ 3056 | prob=0.657
[17:30:05] [INFO ]     Fault  9 | trace ~ 3375 | prob=0.690
[17:30:05] [INFO ]     Fault 10 | trace ~ 3719 | prob=0.626
[17:30:05] [INFO ]     Fault 11 | trace ~ 4072 | prob=0.683
[17:30:05] [INFO ]     Fault 12 | trace ~ 4347 | prob=0.629
[17:30:05] [INFO ]     Fault 13 | trace ~ 4759 | prob=0.551
[17:30:05] [INFO ]     Fault 14 | trace ~ 5006 | prob=0.633
[17:30:05] [INFO ]     Fault 15 | trace ~ 5185 | prob=0.582
[17:30:05] [INFO ]     Fault 16 | trace ~ 5423 | prob=0.628
[17:30:05] [INFO ]     Fault 17 | trace ~ 5837 | prob=0.629
[17:30:05] [INFO ]     Fault 18 | trace ~ 6240 | prob=0.612
[17:30:05] [INFO ]     Fault 19 | trace ~ 6512 | prob=0.580
[17:30:05] [INFO ]   Step 2 complete
[17:30:05] [INFO ] 
[17:30:05] [INFO ] STEP 3 — Bounding boxes
[17:30:05] [INFO ]   Box  1 | [0, 761, 61w, 122h px]
[17:30:05] [INFO ]   Box  2 | [116, 790, 124w, 124h px]
[17:30:05] [INFO ]   Box  3 | [380, 781, 104w, 122h px]
[17:30:05] [INFO ]   Box  4 | [721, 802, 103w, 122h px]
[17:30:05] [INFO ]   Box  5 | [843, 799, 105w, 122h px]
[17:30:05] [INFO ]   Box  6 | [955, 691, 102w, 119h px]
[17:30:05] [INFO ]   Box  7 | [1071, 636, 98w, 117h px]
[17:30:05] [INFO ]   Box  8 | [1202, 435, 99w, 124h px]
[17:30:05] [INFO ]   Box  9 | [1326, 671, 102w, 122h px]
[17:30:05] [INFO ]   Box 10 | [1462, 645, 108w, 122h px]
[17:30:05] [INFO ]   Box 11 | [1611, 674, 108w, 124h px]
[17:30:05] [INFO ]   Box 12 | [1730, 724, 93w, 124h px]
[17:30:05] [INFO ]   Box 13 | [1895, 731, 103w, 129h px]
[17:30:05] [INFO ]   Box 14 | [1993, 766, 105w, 124h px]
[17:30:05] [INFO ]   Box 15 | [2071, 783, 95w, 119h px]
[17:30:05] [INFO ]   Box 16 | [2167, 766, 96w, 122h px]
[17:30:05] [INFO ]   Box 17 | [2334, 779, 98w, 122h px]
[17:30:05] [INFO ]   Box 18 | [2500, 794, 99w, 117h px]
[17:30:05] [INFO ]   Box 19 | [2613, 793, 87w, 124h px]
[17:30:05] [INFO ]   Generated 19 boxes
[17:30:05] [INFO ]   Step 3 complete
[17:30:05] [INFO ] 
[17:30:05] [INFO ] STEP 4 — Dataset building
[17:30:05] [INFO ]   Saving labeled review image...
[17:30:05] [INFO ]   Saved: f287stk37_labeled.png
[17:30:05] [INFO ]   Split: train
[17:30:05] [INFO ]   Added 19 annotations to train.json
[17:30:05] [INFO ]   train.json: 72 images, 797 annotations
[17:30:05] [INFO ]   val.json:   18 images,  185 annotations
[17:30:05] [INFO ]   Step 4 complete
[17:30:05] [INFO ] 
[17:30:05] [INFO ]   DONE  f287stk37  →  train  |  19 faults  |  19 boxes
[17:30:05] [INFO ] 
[17:30:05] [INFO ] ──────────────────────────────────────────────────
[17:30:05] [INFO ]   LINE: f287stk38
[17:30:05] [INFO ] ──────────────────────────────────────────────────
[17:30:05] [INFO ] Dataset  : namss.F-2-87-AA.mcs.airgun
[17:30:05] [INFO ] SGY      : ../../airgun_data/namss.F-2-87-AA.mcs.airgun/Data/f287stk38.sgy
[17:30:05] [INFO ] NAV      : ../../airgun_data/namss.F-2-87-AA.mcs.airgun/Navigation/f-2-87-aa_NAV-WGS84.csv
[17:30:05] [INFO ] SA mode  : single (seed=50)
[17:30:05] [INFO ] 
[17:30:05] [INFO ] STEP 1 — Feature extraction
[17:30:05] [INFO ]   Loading navigation...
[17:30:06] [INFO ]   Loading SEG-Y...
[17:30:06] [INFO ]   Traces: 401  Samples: 2750  dt: 4.000 ms
[17:30:06] [INFO ]   Depth:  0.0 m → 8247.0 m
[17:30:06] [INFO ]   Matching traces to navigation...
[17:30:06] [INFO ]   NAV line matched via translation: 'f287stk38' -> 'F287-38'
[17:30:06] [INFO ]   Matched 400 / 401 traces
[17:30:06] [INFO ]   Bandpass filtering...
[17:30:06] [INFO ]   Computing seismic attributes...
[17:30:06] [INFO ]   Picking seafloor...
[17:30:06] [INFO ]   Seafloor depth: 4740–4809 m  (0 shallow traces masked)
[17:30:06] [INFO ]   Picking horizons...
[17:30:06] [INFO ]   Computing NCC coherence (slow)...
[17:30:06] [INFO ]   Saving CNN section image...
[17:30:06] [INFO ]   Saved: f287stk38_section_cnn.png  (2700x1500px)
[17:30:06] [INFO ]   Step 1 complete
[17:30:06] [INFO ] 
[17:30:06] [INFO ] STEP 2 — Fault detection
[17:30:06] [INFO ]   Mode: single SA run (seed=50)
[17:30:07] [INFO ]   Detected 2 high-confidence faults
[17:30:07] [INFO ]     Fault  1 | trace ~  150 | prob=0.732
[17:30:07] [INFO ]     Fault  2 | trace ~  358 | prob=0.761
[17:30:07] [INFO ]   Step 2 complete
[17:30:07] [INFO ] 
[17:30:07] [INFO ] STEP 3 — Bounding boxes
[17:30:07] [INFO ]   Box  1 | [396, 855, 1308w, 130h px]
[17:30:07] [INFO ]   Box  2 | [1886, 860, 814w, 130h px]
[17:30:07] [INFO ]   Generated 2 boxes
[17:30:07] [INFO ]   Step 3 complete
[17:30:07] [INFO ] 
[17:30:07] [INFO ] STEP 4 — Dataset building
[17:30:07] [INFO ]   Saving labeled review image...
[17:30:07] [INFO ]   Saved: f287stk38_labeled.png
[17:30:07] [INFO ]   Split: train
[17:30:07] [INFO ]   Added 2 annotations to train.json
[17:30:07] [INFO ]   train.json: 73 images, 799 annotations
[17:30:07] [INFO ]   val.json:   18 images,  185 annotations
[17:30:07] [INFO ]   Step 4 complete
[17:30:07] [INFO ] 
[17:30:07] [INFO ]   DONE  f287stk38  →  train  |  2 faults  |  2 boxes
[17:30:07] [INFO ] 
[17:30:07] [INFO ] ──────────────────────────────────────────────────
[17:30:07] [INFO ]   LINE: f287stk39
[17:30:07] [INFO ] ──────────────────────────────────────────────────
[17:30:07] [INFO ] Dataset  : namss.F-2-87-AA.mcs.airgun
[17:30:07] [INFO ] SGY      : ../../airgun_data/namss.F-2-87-AA.mcs.airgun/Data/f287stk39.sgy
[17:30:07] [INFO ] NAV      : ../../airgun_data/namss.F-2-87-AA.mcs.airgun/Navigation/f-2-87-aa_NAV-WGS84.csv
[17:30:07] [INFO ] SA mode  : single (seed=50)
[17:30:07] [INFO ] 
[17:30:07] [INFO ] STEP 1 — Feature extraction
[17:30:07] [INFO ]   Loading navigation...
[17:30:07] [INFO ]   Loading SEG-Y...
[17:30:07] [INFO ]   Traces: 6265  Samples: 2750  dt: 4.000 ms
[17:30:07] [INFO ]   Depth:  0.0 m → 8247.0 m
[17:30:07] [INFO ]   Matching traces to navigation...
[17:30:07] [INFO ]   NAV line matched via translation: 'f287stk39' -> 'F287-39'
[17:30:08] [INFO ]   Matched 6264 / 6265 traces
[17:30:08] [INFO ]   Bandpass filtering...
[17:30:08] [INFO ]   Computing seismic attributes...
[17:30:09] [INFO ]   Picking seafloor...
[17:30:09] [INFO ]   Seafloor depth: 3480–5577 m  (0 shallow traces masked)
[17:30:09] [INFO ]   Picking horizons...
[17:30:09] [INFO ]   Computing NCC coherence (slow)...
[17:30:10] [INFO ]   Saving CNN section image...
[17:30:11] [INFO ]   Saved: f287stk39_section_cnn.png  (2700x1500px)
[17:30:11] [INFO ]   Step 1 complete
[17:30:11] [INFO ] 
[17:30:11] [INFO ] STEP 2 — Fault detection
[17:30:11] [INFO ]   Mode: single SA run (seed=50)
[17:30:18] [INFO ]   Detected 14 high-confidence faults
[17:30:18] [INFO ]     Fault  1 | trace ~  134 | prob=0.605
[17:30:18] [INFO ]     Fault  2 | trace ~  605 | prob=0.574
[17:30:18] [INFO ]     Fault  3 | trace ~  873 | prob=0.596
[17:30:18] [INFO ]     Fault  4 | trace ~ 1461 | prob=0.572
[17:30:18] [INFO ]     Fault  5 | trace ~ 2322 | prob=0.567
[17:30:18] [INFO ]     Fault  6 | trace ~ 2582 | prob=0.572
[17:30:18] [INFO ]     Fault  7 | trace ~ 2962 | prob=0.586
[17:30:18] [INFO ]     Fault  8 | trace ~ 3507 | prob=0.625
[17:30:18] [INFO ]     Fault  9 | trace ~ 4517 | prob=0.606
[17:30:18] [INFO ]     Fault 10 | trace ~ 4889 | prob=0.565
[17:30:18] [INFO ]     Fault 11 | trace ~ 5234 | prob=0.598
[17:30:18] [INFO ]     Fault 12 | trace ~ 5518 | prob=0.550
[17:30:18] [INFO ]     Fault 13 | trace ~ 5968 | prob=0.586
[17:30:18] [INFO ]     Fault 14 | trace ~ 6235 | prob=0.639
[17:30:18] [INFO ]   Step 2 complete
[17:30:18] [INFO ] 
[17:30:18] [INFO ] STEP 3 — Bounding boxes
[17:30:18] [INFO ]   Box  1 | [0, 853, 121w, 130h px]
[17:30:18] [INFO ]   Box  2 | [210, 830, 105w, 125h px]
[17:30:18] [INFO ]   Box  3 | [323, 666, 102w, 128h px]
[17:30:18] [INFO ]   Box  4 | [581, 965, 101w, 136h px]
[17:30:18] [INFO ]   Box  5 | [949, 930, 107w, 130h px]
[17:30:18] [INFO ]   Box  6 | [1065, 924, 98w, 128h px]
[17:30:18] [INFO ]   Box  7 | [1230, 911, 98w, 128h px]
[17:30:18] [INFO ]   Box  8 | [1460, 908, 102w, 128h px]
[17:30:18] [INFO ]   Box  9 | [1895, 761, 108w, 125h px]
[17:30:18] [INFO ]   Box 10 | [2059, 795, 94w, 130h px]
[17:30:18] [INFO ]   Box 11 | [2193, 691, 138w, 133h px]
[17:30:18] [INFO ]   Box 12 | [2326, 777, 101w, 130h px]
[17:30:18] [INFO ]   Box 13 | [2524, 785, 102w, 130h px]
[17:30:18] [INFO ]   Box 14 | [2640, 671, 60w, 125h px]
[17:30:18] [INFO ]   Generated 14 boxes
[17:30:18] [INFO ]   Step 3 complete
[17:30:18] [INFO ] 
[17:30:18] [INFO ] STEP 4 — Dataset building
[17:30:18] [INFO ]   Saving labeled review image...
[17:30:19] [INFO ]   Saved: f287stk39_labeled.png
[17:30:19] [INFO ]   Split: train
[17:30:19] [INFO ]   Added 14 annotations to train.json
[17:30:19] [INFO ]   train.json: 74 images, 813 annotations
[17:30:19] [INFO ]   val.json:   18 images,  185 annotations
[17:30:19] [INFO ]   Step 4 complete
[17:30:19] [INFO ] 
[17:30:19] [INFO ]   DONE  f287stk39  →  train  |  14 faults  |  14 boxes
[17:30:19] [INFO ] 
[17:30:19] [INFO ] ──────────────────────────────────────────────────
[17:30:19] [INFO ]   LINE: f287stk41
[17:30:19] [INFO ] ──────────────────────────────────────────────────
[17:30:19] [INFO ] Dataset  : namss.F-2-87-AA.mcs.airgun
[17:30:19] [INFO ] SGY      : ../../airgun_data/namss.F-2-87-AA.mcs.airgun/Data/f287stk41.sgy
[17:30:19] [INFO ] NAV      : ../../airgun_data/namss.F-2-87-AA.mcs.airgun/Navigation/f-2-87-aa_NAV-WGS84.csv
[17:30:19] [INFO ] SA mode  : single (seed=50)
[17:30:19] [INFO ] 
[17:30:19] [INFO ] STEP 1 — Feature extraction
[17:30:19] [INFO ]   Loading navigation...
[17:30:19] [INFO ]   Loading SEG-Y...
[17:30:19] [INFO ]   Traces: 3911  Samples: 2750  dt: 4.000 ms
[17:30:19] [INFO ]   Depth:  0.0 m → 8247.0 m
[17:30:19] [INFO ]   Matching traces to navigation...
[17:30:19] [INFO ]   NAV line matched via translation: 'f287stk41' -> 'F287-41'
[17:30:19] [INFO ]   Matched 3910 / 3911 traces
[17:30:19] [INFO ]   Bandpass filtering...
[17:30:19] [INFO ]   Computing seismic attributes...
[17:30:20] [INFO ]   Picking seafloor...
[17:30:20] [INFO ]   Seafloor depth: 2349–4305 m  (0 shallow traces masked)
[17:30:20] [INFO ]   Picking horizons...
[17:30:20] [INFO ]   Computing NCC coherence (slow)...
[17:30:21] [INFO ]   Saving CNN section image...
[17:30:22] [INFO ]   Saved: f287stk41_section_cnn.png  (2700x1500px)
[17:30:22] [INFO ]   Step 1 complete
[17:30:22] [INFO ] 
[17:30:22] [INFO ] STEP 2 — Fault detection
[17:30:22] [INFO ]   Mode: single SA run (seed=50)
[17:30:30] [INFO ]   Detected 11 high-confidence faults
[17:30:30] [INFO ]     Fault  1 | trace ~  105 | prob=0.645
[17:30:30] [INFO ]     Fault  2 | trace ~  790 | prob=0.717
[17:30:30] [INFO ]     Fault  3 | trace ~  985 | prob=0.720
[17:30:30] [INFO ]     Fault  4 | trace ~ 1309 | prob=0.659
[17:30:30] [INFO ]     Fault  5 | trace ~ 1553 | prob=0.639
[17:30:30] [INFO ]     Fault  6 | trace ~ 2134 | prob=0.688
[17:30:30] [INFO ]     Fault  7 | trace ~ 2473 | prob=0.672
[17:30:30] [INFO ]     Fault  8 | trace ~ 2922 | prob=0.651
[17:30:30] [INFO ]     Fault  9 | trace ~ 3176 | prob=0.667
[17:30:30] [INFO ]     Fault 10 | trace ~ 3599 | prob=0.684
[17:30:30] [INFO ]     Fault 11 | trace ~ 3889 | prob=0.839
[17:30:30] [INFO ]   Step 2 complete
[17:30:30] [INFO ] 
[17:30:30] [INFO ] STEP 3 — Bounding boxes
[17:30:30] [INFO ]   Box  1 | [11, 666, 124w, 128h px]
[17:30:30] [INFO ]   Box  2 | [487, 661, 110w, 133h px]
[17:30:30] [INFO ]   Box  3 | [623, 606, 120w, 128h px]
[17:30:30] [INFO ]   Box  4 | [820, 560, 167w, 128h px]
[17:30:30] [INFO ]   Box  5 | [994, 444, 160w, 133h px]
[17:30:30] [INFO ]   Box  6 | [1418, 429, 108w, 125h px]
[17:30:30] [INFO ]   Box  7 | [1645, 461, 127w, 136h px]
[17:30:30] [INFO ]   Box  8 | [1944, 469, 146w, 136h px]
[17:30:30] [INFO ]   Box  9 | [2141, 448, 106w, 128h px]
[17:30:30] [INFO ]   Box 10 | [2420, 469, 129w, 133h px]
[17:30:30] [INFO ]   Box 11 | [2630, 771, 70w, 122h px]
[17:30:30] [INFO ]   Generated 11 boxes
[17:30:30] [INFO ]   Step 3 complete
[17:30:30] [INFO ] 
[17:30:30] [INFO ] STEP 4 — Dataset building
[17:30:30] [INFO ]   Saving labeled review image...
[17:30:31] [INFO ]   Saved: f287stk41_labeled.png
[17:30:31] [INFO ]   Split: val
[17:30:31] [INFO ]   Added 11 annotations to val.json
[17:30:31] [INFO ]   train.json: 74 images, 813 annotations
[17:30:31] [INFO ]   val.json:   19 images,  196 annotations
[17:30:31] [INFO ]   Step 4 complete
[17:30:31] [INFO ] 
[17:30:31] [INFO ]   DONE  f287stk41  →  val  |  11 faults  |  11 boxes
[17:30:31] [INFO ] 
[17:30:31] [INFO ] ──────────────────────────────────────────────────
[17:30:31] [INFO ]   LINE: f287stk42
[17:30:31] [INFO ] ──────────────────────────────────────────────────
[17:30:31] [INFO ] Dataset  : namss.F-2-87-AA.mcs.airgun
[17:30:31] [INFO ] SGY      : ../../airgun_data/namss.F-2-87-AA.mcs.airgun/Data/f287stk42.sgy
[17:30:31] [INFO ] NAV      : ../../airgun_data/namss.F-2-87-AA.mcs.airgun/Navigation/f-2-87-aa_NAV-WGS84.csv
[17:30:31] [INFO ] SA mode  : single (seed=50)
[17:30:31] [INFO ] 
[17:30:31] [INFO ] STEP 1 — Feature extraction
[17:30:31] [INFO ]   Loading navigation...
[17:30:31] [INFO ]   Loading SEG-Y...
[17:30:31] [INFO ]   Traces: 613  Samples: 2750  dt: 4.000 ms
[17:30:31] [INFO ]   Depth:  0.0 m → 8247.0 m
[17:30:31] [INFO ]   Matching traces to navigation...
[17:30:31] [INFO ]   NAV line matched via translation: 'f287stk42' -> 'F287-42'
[17:30:31] [INFO ]   Matched 612 / 613 traces
[17:30:31] [INFO ]   Bandpass filtering...
[17:30:31] [INFO ]   Computing seismic attributes...
[17:30:31] [INFO ]   Picking seafloor...
[17:30:31] [INFO ]   Seafloor depth: 2895–4590 m  (0 shallow traces masked)
[17:30:31] [INFO ]   Picking horizons...
[17:30:31] [INFO ]   Computing NCC coherence (slow)...
[17:30:31] [INFO ]   Saving CNN section image...
[17:30:31] [INFO ]   Saved: f287stk42_section_cnn.png  (2700x1500px)
[17:30:31] [INFO ]   Step 1 complete
[17:30:31] [INFO ] 
[17:30:31] [INFO ] STEP 2 — Fault detection
[17:30:31] [INFO ]   Mode: single SA run (seed=50)
[17:30:32] [INFO ]   Detected 3 high-confidence faults
[17:30:32] [INFO ]     Fault  1 | trace ~   25 | prob=0.788
[17:30:32] [INFO ]     Fault  2 | trace ~  347 | prob=0.720
[17:30:32] [INFO ]     Fault  3 | trace ~  586 | prob=0.689
[17:30:32] [INFO ]   Step 2 complete
[17:30:32] [INFO ] 
[17:30:32] [INFO ] STEP 3 — Bounding boxes
[17:30:32] [INFO ]   Box  1 | [0, 823, 306w, 119h px]
[17:30:32] [INFO ]   Box  2 | [1189, 561, 705w, 128h px]
[17:30:32] [INFO ]   Box  3 | [2242, 522, 458w, 125h px]
[17:30:32] [INFO ]   Generated 3 boxes
[17:30:32] [INFO ]   Step 3 complete
[17:30:32] [INFO ] 
[17:30:32] [INFO ] STEP 4 — Dataset building
[17:30:32] [INFO ]   Saving labeled review image...
[17:30:32] [INFO ]   Saved: f287stk42_labeled.png
[17:30:32] [INFO ]   Split: train
[17:30:32] [INFO ]   Added 3 annotations to train.json
[17:30:32] [INFO ]   train.json: 75 images, 816 annotations
[17:30:32] [INFO ]   val.json:   19 images,  196 annotations
[17:30:32] [INFO ]   Step 4 complete
[17:30:32] [INFO ] 
[17:30:32] [INFO ]   DONE  f287stk42  →  train  |  3 faults  |  3 boxes
[17:30:32] [INFO ] 
[17:30:32] [INFO ] ──────────────────────────────────────────────────
[17:30:32] [INFO ]   LINE: f287stk43
[17:30:32] [INFO ] ──────────────────────────────────────────────────
[17:30:32] [INFO ] Dataset  : namss.F-2-87-AA.mcs.airgun
[17:30:32] [INFO ] SGY      : ../../airgun_data/namss.F-2-87-AA.mcs.airgun/Data/f287stk43.sgy
[17:30:32] [INFO ] NAV      : ../../airgun_data/namss.F-2-87-AA.mcs.airgun/Navigation/f-2-87-aa_NAV-WGS84.csv
[17:30:32] [INFO ] SA mode  : single (seed=50)
[17:30:32] [INFO ] 
[17:30:32] [INFO ] STEP 1 — Feature extraction
[17:30:32] [INFO ]   Loading navigation...
[17:30:33] [INFO ]   Loading SEG-Y...
[17:30:33] [INFO ]   Traces: 4167  Samples: 2500  dt: 4.000 ms
[17:30:33] [INFO ]   Depth:  0.0 m → 7497.0 m
[17:30:33] [INFO ]   Matching traces to navigation...
[17:30:33] [INFO ]   NAV line matched via translation: 'f287stk43' -> 'F287-43'
[17:30:33] [INFO ]   Matched 4166 / 4167 traces
[17:30:33] [INFO ]   Bandpass filtering...
[17:30:33] [INFO ]   Computing seismic attributes...
[17:30:34] [INFO ]   Picking seafloor...
[17:30:34] [INFO ]   Seafloor depth: 2436–3888 m  (0 shallow traces masked)
[17:30:34] [INFO ]   Picking horizons...
[17:30:34] [INFO ]   Computing NCC coherence (slow)...
[17:30:35] [INFO ]   Saving CNN section image...
[17:30:36] [INFO ]   Saved: f287stk43_section_cnn.png  (2700x1500px)
[17:30:36] [INFO ]   Step 1 complete
[17:30:36] [INFO ] 
[17:30:36] [INFO ] STEP 2 — Fault detection
[17:30:36] [INFO ]   Mode: single SA run (seed=50)
[17:30:40] [INFO ]   Detected 10 high-confidence faults
[17:30:40] [INFO ]     Fault  1 | trace ~   53 | prob=0.651
[17:30:40] [INFO ]     Fault  2 | trace ~  424 | prob=0.712
[17:30:40] [INFO ]     Fault  3 | trace ~  651 | prob=0.668
[17:30:40] [INFO ]     Fault  4 | trace ~  996 | prob=0.760
[17:30:40] [INFO ]     Fault  5 | trace ~ 1399 | prob=0.702
[17:30:40] [INFO ]     Fault  6 | trace ~ 1620 | prob=0.664
[17:30:40] [INFO ]     Fault  7 | trace ~ 2071 | prob=0.620
[17:30:40] [INFO ]     Fault  8 | trace ~ 2376 | prob=0.645
[17:30:40] [INFO ]     Fault  9 | trace ~ 3547 | prob=0.631
[17:30:40] [INFO ]     Fault 10 | trace ~ 4035 | prob=0.671
[17:30:40] [INFO ]   Step 2 complete
[17:30:40] [INFO ] 
[17:30:40] [INFO ] STEP 3 — Bounding boxes
[17:30:40] [INFO ]   Box  1 | [0, 601, 122w, 138h px]
[17:30:40] [INFO ]   Box  2 | [196, 534, 150w, 135h px]
[17:30:40] [INFO ]   Box  3 | [368, 619, 109w, 138h px]
[17:30:40] [INFO ]   Box  4 | [588, 519, 132w, 147h px]
[17:30:40] [INFO ]   Box  5 | [816, 522, 176w, 141h px]
[17:30:40] [INFO ]   Box  6 | [986, 629, 130w, 135h px]
[17:30:40] [INFO ]   Box  7 | [1286, 651, 115w, 135h px]
[17:30:40] [INFO ]   Box  8 | [1480, 691, 113w, 138h px]
[17:30:40] [INFO ]   Box  9 | [2245, 744, 109w, 141h px]
[17:30:40] [INFO ]   Box 10 | [2535, 732, 145w, 141h px]
[17:30:40] [INFO ]   Generated 10 boxes
[17:30:40] [INFO ]   Step 3 complete
[17:30:40] [INFO ] 
[17:30:40] [INFO ] STEP 4 — Dataset building
[17:30:40] [INFO ]   Saving labeled review image...
[17:30:40] [INFO ]   Saved: f287stk43_labeled.png
[17:30:40] [INFO ]   Split: train
[17:30:40] [INFO ]   Added 10 annotations to train.json
[17:30:40] [INFO ]   train.json: 76 images, 826 annotations
[17:30:40] [INFO ]   val.json:   19 images,  196 annotations
[17:30:40] [INFO ]   Step 4 complete
[17:30:40] [INFO ] 
[17:30:40] [INFO ]   DONE  f287stk43  →  train  |  10 faults  |  10 boxes
[17:30:40] [INFO ] 
[17:30:40] [INFO ] ──────────────────────────────────────────────────
[17:30:40] [INFO ]   LINE: f287stk44
[17:30:40] [INFO ] ──────────────────────────────────────────────────
[17:30:40] [INFO ] Dataset  : namss.F-2-87-AA.mcs.airgun
[17:30:40] [INFO ] SGY      : ../../airgun_data/namss.F-2-87-AA.mcs.airgun/Data/f287stk44.sgy
[17:30:40] [INFO ] NAV      : ../../airgun_data/namss.F-2-87-AA.mcs.airgun/Navigation/f-2-87-aa_NAV-WGS84.csv
[17:30:40] [INFO ] SA mode  : single (seed=50)
[17:30:40] [INFO ] 
[17:30:40] [INFO ] STEP 1 — Feature extraction
[17:30:40] [INFO ]   Loading navigation...
[17:30:40] [INFO ]   Loading SEG-Y...
[17:30:40] [INFO ]   Traces: 664  Samples: 2500  dt: 4.000 ms
[17:30:40] [INFO ]   Depth:  0.0 m → 7497.0 m
[17:30:40] [INFO ]   Matching traces to navigation...
[17:30:40] [INFO ]   NAV line matched via translation: 'f287stk44' -> 'F287-44'
[17:30:40] [INFO ]   Matched 663 / 664 traces
[17:30:40] [INFO ]   Bandpass filtering...
[17:30:40] [INFO ]   Computing seismic attributes...
[17:30:40] [INFO ]   Picking seafloor...
[17:30:40] [INFO ]   Seafloor depth: 3786–4002 m  (0 shallow traces masked)
[17:30:40] [INFO ]   Picking horizons...
[17:30:41] [INFO ]   Computing NCC coherence (slow)...
[17:30:41] [INFO ]   Saving CNN section image...
[17:30:41] [INFO ]   Saved: f287stk44_section_cnn.png  (2700x1500px)
[17:30:41] [INFO ]   Step 1 complete
[17:30:41] [INFO ] 
[17:30:41] [INFO ] STEP 2 — Fault detection
[17:30:41] [INFO ]   Mode: single SA run (seed=50)
[17:30:42] [INFO ]   Detected 3 high-confidence faults
[17:30:42] [INFO ]     Fault  1 | trace ~   43 | prob=0.754
[17:30:42] [INFO ]     Fault  2 | trace ~  372 | prob=0.733
[17:30:42] [INFO ]     Fault  3 | trace ~  633 | prob=0.721
[17:30:42] [INFO ]   Step 2 complete
[17:30:42] [INFO ] 
[17:30:42] [INFO ] STEP 3 — Bounding boxes
[17:30:42] [INFO ]   Box  1 | [0, 774, 461w, 135h px]
[17:30:42] [INFO ]   Box  2 | [1220, 777, 651w, 141h px]
[17:30:42] [INFO ]   Box  3 | [2430, 746, 270w, 135h px]
[17:30:42] [INFO ]   Generated 3 boxes
[17:30:42] [INFO ]   Step 3 complete
[17:30:42] [INFO ] 
[17:30:42] [INFO ] STEP 4 — Dataset building
[17:30:42] [INFO ]   Saving labeled review image...
[17:30:42] [INFO ]   Saved: f287stk44_labeled.png
[17:30:42] [INFO ]   Split: train
[17:30:42] [INFO ]   Added 3 annotations to train.json
[17:30:42] [INFO ]   train.json: 77 images, 829 annotations
[17:30:42] [INFO ]   val.json:   19 images,  196 annotations
[17:30:42] [INFO ]   Step 4 complete
[17:30:42] [INFO ] 
[17:30:42] [INFO ]   DONE  f287stk44  →  train  |  3 faults  |  3 boxes
[17:30:42] [INFO ] 
[17:30:42] [INFO ] ──────────────────────────────────────────────────
[17:30:42] [INFO ]   LINE: f287stk45
[17:30:42] [INFO ] ──────────────────────────────────────────────────
[17:30:42] [INFO ] Dataset  : namss.F-2-87-AA.mcs.airgun
[17:30:42] [INFO ] SGY      : ../../airgun_data/namss.F-2-87-AA.mcs.airgun/Data/f287stk45.sgy
[17:30:42] [INFO ] NAV      : ../../airgun_data/namss.F-2-87-AA.mcs.airgun/Navigation/f-2-87-aa_NAV-WGS84.csv
[17:30:42] [INFO ] SA mode  : single (seed=50)
[17:30:42] [INFO ] 
[17:30:42] [INFO ] STEP 1 — Feature extraction
[17:30:42] [INFO ]   Loading navigation...
[17:30:42] [INFO ]   Loading SEG-Y...
[17:30:42] [INFO ]   Traces: 2461  Samples: 2500  dt: 4.000 ms
[17:30:42] [INFO ]   Depth:  0.0 m → 7497.0 m
[17:30:42] [INFO ]   Matching traces to navigation...
[17:30:42] [INFO ]   NAV line matched via translation: 'f287stk45' -> 'F287-45'
[17:30:42] [INFO ]   Matched 2460 / 2461 traces
[17:30:42] [INFO ]   Bandpass filtering...
[17:30:42] [INFO ]   Computing seismic attributes...
[17:30:43] [INFO ]   Picking seafloor...
[17:30:43] [INFO ]   Seafloor depth: 2577–4245 m  (0 shallow traces masked)
[17:30:43] [INFO ]   Picking horizons...
[17:30:43] [INFO ]   Computing NCC coherence (slow)...
[17:30:43] [INFO ]   Saving CNN section image...
[17:30:44] [INFO ]   Saved: f287stk45_section_cnn.png  (2700x1500px)
[17:30:44] [INFO ]   Step 1 complete
[17:30:44] [INFO ] 
[17:30:44] [INFO ] STEP 2 — Fault detection
[17:30:44] [INFO ]   Mode: single SA run (seed=50)
[17:30:47] [INFO ]   Detected 8 high-confidence faults
[17:30:47] [INFO ]     Fault  1 | trace ~  186 | prob=0.676
[17:30:47] [INFO ]     Fault  2 | trace ~  498 | prob=0.715
[17:30:47] [INFO ]     Fault  3 | trace ~  740 | prob=0.716
[17:30:47] [INFO ]     Fault  4 | trace ~ 1174 | prob=0.670
[17:30:47] [INFO ]     Fault  5 | trace ~ 1455 | prob=0.653
[17:30:47] [INFO ]     Fault  6 | trace ~ 1710 | prob=0.679
[17:30:47] [INFO ]     Fault  7 | trace ~ 2006 | prob=0.696
[17:30:47] [INFO ]     Fault  8 | trace ~ 2433 | prob=0.644
[17:30:47] [INFO ]   Step 2 complete
[17:30:47] [INFO ] 
[17:30:47] [INFO ] STEP 3 — Bounding boxes
[17:30:47] [INFO ]   Box  1 | [90, 740, 224w, 138h px]
[17:30:47] [INFO ]   Box  2 | [450, 594, 213w, 141h px]
[17:30:47] [INFO ]   Box  3 | [712, 542, 216w, 141h px]
[17:30:47] [INFO ]   Box  4 | [1189, 830, 194w, 138h px]
[17:30:47] [INFO ]   Box  5 | [1486, 783, 202w, 138h px]
[17:30:47] [INFO ]   Box  6 | [1758, 772, 213w, 138h px]
[17:30:47] [INFO ]   Box  7 | [2129, 752, 160w, 138h px]
[17:30:47] [INFO ]   Box  8 | [2583, 708, 117w, 129h px]
[17:30:47] [INFO ]   Generated 8 boxes
[17:30:47] [INFO ]   Step 3 complete
[17:30:47] [INFO ] 
[17:30:47] [INFO ] STEP 4 — Dataset building
[17:30:47] [INFO ]   Saving labeled review image...
[17:30:47] [INFO ]   Saved: f287stk45_labeled.png
[17:30:47] [INFO ]   Split: train
[17:30:47] [INFO ]   Added 8 annotations to train.json
[17:30:47] [INFO ]   train.json: 78 images, 837 annotations
[17:30:47] [INFO ]   val.json:   19 images,  196 annotations
[17:30:47] [INFO ]   Step 4 complete
[17:30:47] [INFO ] 
[17:30:47] [INFO ]   DONE  f287stk45  →  train  |  8 faults  |  8 boxes
[17:30:47] [INFO ] 
[17:30:47] [INFO ] ──────────────────────────────────────────────────
[17:30:47] [INFO ]   LINE: f287stk46
[17:30:47] [INFO ] ──────────────────────────────────────────────────
[17:30:47] [INFO ] Dataset  : namss.F-2-87-AA.mcs.airgun
[17:30:47] [INFO ] SGY      : ../../airgun_data/namss.F-2-87-AA.mcs.airgun/Data/f287stk46.sgy
[17:30:47] [INFO ] NAV      : ../../airgun_data/namss.F-2-87-AA.mcs.airgun/Navigation/f-2-87-aa_NAV-WGS84.csv
[17:30:47] [INFO ] SA mode  : single (seed=50)
[17:30:47] [INFO ] 
[17:30:47] [INFO ] STEP 1 — Feature extraction
[17:30:47] [INFO ]   Loading navigation...
[17:30:47] [INFO ]   Loading SEG-Y...
[17:30:47] [INFO ]   Traces: 479  Samples: 2500  dt: 4.000 ms
[17:30:47] [INFO ]   Depth:  0.0 m → 7497.0 m
[17:30:47] [INFO ]   Matching traces to navigation...
[17:30:47] [INFO ]   NAV line matched via translation: 'f287stk46' -> 'F287-46'
[17:30:47] [INFO ]   Matched 478 / 479 traces
[17:30:47] [INFO ]   Bandpass filtering...
[17:30:47] [INFO ]   Computing seismic attributes...
[17:30:47] [INFO ]   Picking seafloor...
[17:30:47] [INFO ]   Seafloor depth: 3753–4290 m  (0 shallow traces masked)
[17:30:47] [INFO ]   Picking horizons...
[17:30:47] [INFO ]   Computing NCC coherence (slow)...
[17:30:47] [INFO ]   Saving CNN section image...
[17:30:47] [INFO ]   Saved: f287stk46_section_cnn.png  (2700x1500px)
[17:30:47] [INFO ]   Step 1 complete
[17:30:47] [INFO ] 
[17:30:47] [INFO ] STEP 2 — Fault detection
[17:30:47] [INFO ]   Mode: single SA run (seed=50)
[17:30:48] [INFO ]   Detected 2 high-confidence faults
[17:30:48] [INFO ]     Fault  1 | trace ~   22 | prob=0.735
[17:30:48] [INFO ]     Fault  2 | trace ~  282 | prob=0.746
[17:30:48] [INFO ]   Step 2 complete
[17:30:48] [INFO ] 
[17:30:48] [INFO ] STEP 3 — Bounding boxes
[17:30:48] [INFO ]   Box  1 | [0, 752, 429w, 132h px]
[17:30:48] [INFO ]   Box  2 | [1190, 833, 807w, 141h px]
[17:30:48] [INFO ]   Generated 2 boxes
[17:30:48] [INFO ]   Step 3 complete
[17:30:48] [INFO ] 
[17:30:48] [INFO ] STEP 4 — Dataset building
[17:30:48] [INFO ]   Saving labeled review image...
[17:30:48] [INFO ]   Saved: f287stk46_labeled.png
[17:30:48] [INFO ]   Split: val
[17:30:48] [INFO ]   Added 2 annotations to val.json
[17:30:48] [INFO ]   train.json: 78 images, 837 annotations
[17:30:48] [INFO ]   val.json:   20 images,  198 annotations
[17:30:48] [INFO ]   Step 4 complete
[17:30:48] [INFO ] 
[17:30:48] [INFO ]   DONE  f287stk46  →  val  |  2 faults  |  2 boxes
[17:30:48] [INFO ] 
[17:30:48] [INFO ] ──────────────────────────────────────────────────
[17:30:48] [INFO ]   LINE: f287stk47
[17:30:48] [INFO ] ──────────────────────────────────────────────────
[17:30:48] [INFO ] Dataset  : namss.F-2-87-AA.mcs.airgun
[17:30:48] [INFO ] SGY      : ../../airgun_data/namss.F-2-87-AA.mcs.airgun/Data/f287stk47.sgy
[17:30:48] [INFO ] NAV      : ../../airgun_data/namss.F-2-87-AA.mcs.airgun/Navigation/f-2-87-aa_NAV-WGS84.csv
[17:30:48] [INFO ] SA mode  : single (seed=50)
[17:30:48] [INFO ] 
[17:30:48] [INFO ] STEP 1 — Feature extraction
[17:30:48] [INFO ]   Loading navigation...
[17:30:48] [INFO ]   Loading SEG-Y...
[17:30:48] [INFO ]   Traces: 2632  Samples: 2500  dt: 4.000 ms
[17:30:48] [INFO ]   Depth:  0.0 m → 7497.0 m
[17:30:48] [INFO ]   Matching traces to navigation...
[17:30:48] [INFO ]   NAV line matched via translation: 'f287stk47' -> 'F287-47'
[17:30:49] [INFO ]   Matched 2631 / 2632 traces
[17:30:49] [INFO ]   Bandpass filtering...
[17:30:49] [INFO ]   Computing seismic attributes...
[17:30:49] [INFO ]   Picking seafloor...
[17:30:49] [INFO ]   Seafloor depth: 2736–4647 m  (0 shallow traces masked)
[17:30:49] [INFO ]   Picking horizons...
[17:30:49] [INFO ]   Computing NCC coherence (slow)...
[17:30:49] [INFO ]   Saving CNN section image...
[17:30:50] [INFO ]   Saved: f287stk47_section_cnn.png  (2700x1500px)
[17:30:50] [INFO ]   Step 1 complete
[17:30:50] [INFO ] 
[17:30:50] [INFO ] STEP 2 — Fault detection
[17:30:50] [INFO ]   Mode: single SA run (seed=50)
[17:30:53] [INFO ]   Detected 7 high-confidence faults
[17:30:53] [INFO ]     Fault  1 | trace ~   57 | prob=0.679
[17:30:53] [INFO ]     Fault  2 | trace ~  318 | prob=0.725
[17:30:53] [INFO ]     Fault  3 | trace ~  675 | prob=0.744
[17:30:53] [INFO ]     Fault  4 | trace ~ 1027 | prob=0.715
[17:30:53] [INFO ]     Fault  5 | trace ~ 1365 | prob=0.694
[17:30:53] [INFO ]     Fault  6 | trace ~ 2229 | prob=0.649
[17:30:53] [INFO ]     Fault  7 | trace ~ 2526 | prob=0.625
[17:30:53] [INFO ]   Step 2 complete
[17:30:53] [INFO ] 
[17:30:53] [INFO ] STEP 3 — Bounding boxes
[17:30:53] [INFO ]   Box  1 | [0, 855, 173w, 132h px]
[17:30:53] [INFO ]   Box  2 | [222, 796, 185w, 147h px]
[17:30:53] [INFO ]   Box  3 | [610, 568, 174w, 141h px]
[17:30:53] [INFO ]   Box  4 | [973, 586, 164w, 141h px]
[17:30:53] [INFO ]   Box  5 | [1311, 896, 188w, 129h px]
[17:30:53] [INFO ]   Box  6 | [2197, 782, 178w, 147h px]
[17:30:53] [INFO ]   Box  7 | [2477, 715, 220w, 150h px]
[17:30:53] [INFO ]   Generated 7 boxes
[17:30:53] [INFO ]   Step 3 complete
[17:30:53] [INFO ] 
[17:30:53] [INFO ] STEP 4 — Dataset building
[17:30:53] [INFO ]   Saving labeled review image...
[17:30:53] [INFO ]   Saved: f287stk47_labeled.png
[17:30:53] [INFO ]   Split: train
[17:30:53] [INFO ]   Added 7 annotations to train.json
[17:30:53] [INFO ]   train.json: 79 images, 844 annotations
[17:30:53] [INFO ]   val.json:   20 images,  198 annotations
[17:30:53] [INFO ]   Step 4 complete
[17:30:53] [INFO ] 
[17:30:53] [INFO ]   DONE  f287stk47  →  train  |  7 faults  |  7 boxes
[17:30:53] [INFO ] 
[17:30:53] [INFO ] ──────────────────────────────────────────────────
[17:30:53] [INFO ]   LINE: f287stk48
[17:30:53] [INFO ] ──────────────────────────────────────────────────
[17:30:53] [INFO ] Dataset  : namss.F-2-87-AA.mcs.airgun
[17:30:53] [INFO ] SGY      : ../../airgun_data/namss.F-2-87-AA.mcs.airgun/Data/f287stk48.sgy
[17:30:53] [INFO ] NAV      : ../../airgun_data/namss.F-2-87-AA.mcs.airgun/Navigation/f-2-87-aa_NAV-WGS84.csv
[17:30:53] [INFO ] SA mode  : single (seed=50)
[17:30:53] [INFO ] 
[17:30:53] [INFO ] STEP 1 — Feature extraction
[17:30:53] [INFO ]   Loading navigation...
[17:30:53] [INFO ]   Loading SEG-Y...
[17:30:53] [INFO ]   Traces: 669  Samples: 2500  dt: 4.000 ms
[17:30:53] [INFO ]   Depth:  0.0 m → 7497.0 m
[17:30:53] [INFO ]   Matching traces to navigation...
[17:30:53] [INFO ]   NAV line matched via translation: 'f287stk48' -> 'F287-48'
[17:30:53] [INFO ]   Matched 668 / 669 traces
[17:30:53] [INFO ]   Bandpass filtering...
[17:30:53] [INFO ]   Computing seismic attributes...
[17:30:53] [INFO ]   Picking seafloor...
[17:30:53] [INFO ]   Seafloor depth: 3639–3930 m  (0 shallow traces masked)
[17:30:53] [INFO ]   Picking horizons...
[17:30:53] [INFO ]   Computing NCC coherence (slow)...
[17:30:53] [INFO ]   Saving CNN section image...
[17:30:54] [INFO ]   Saved: f287stk48_section_cnn.png  (2700x1500px)
[17:30:54] [INFO ]   Step 1 complete
[17:30:54] [INFO ] 
[17:30:54] [INFO ] STEP 2 — Fault detection
[17:30:54] [INFO ]   Mode: single SA run (seed=50)
[17:30:54] [INFO ]   Detected 2 high-confidence faults
[17:30:54] [INFO ]     Fault  1 | trace ~  245 | prob=0.755
[17:30:54] [INFO ]     Fault  2 | trace ~  535 | prob=0.709
[17:30:54] [INFO ]   Step 2 complete
[17:30:54] [INFO ] 
[17:30:54] [INFO ] STEP 3 — Bounding boxes
[17:30:54] [INFO ]   Box  1 | [630, 746, 770w, 135h px]
[17:30:54] [INFO ]   Box  2 | [1766, 753, 756w, 141h px]
[17:30:54] [INFO ]   Generated 2 boxes
[17:30:54] [INFO ]   Step 3 complete
[17:30:54] [INFO ] 
[17:30:54] [INFO ] STEP 4 — Dataset building
[17:30:54] [INFO ]   Saving labeled review image...
[17:30:54] [INFO ]   Saved: f287stk48_labeled.png
[17:30:54] [INFO ]   Split: train
[17:30:54] [INFO ]   Added 2 annotations to train.json
[17:30:54] [INFO ]   train.json: 80 images, 846 annotations
[17:30:54] [INFO ]   val.json:   20 images,  198 annotations
[17:30:54] [INFO ]   Step 4 complete
[17:30:54] [INFO ] 
[17:30:54] [INFO ]   DONE  f287stk48  →  train  |  2 faults  |  2 boxes
[17:30:54] [INFO ] 
[17:30:54] [INFO ] ──────────────────────────────────────────────────
[17:30:54] [INFO ]   LINE: f287stk49
[17:30:54] [INFO ] ──────────────────────────────────────────────────
[17:30:54] [INFO ] Dataset  : namss.F-2-87-AA.mcs.airgun
[17:30:54] [INFO ] SGY      : ../../airgun_data/namss.F-2-87-AA.mcs.airgun/Data/f287stk49.sgy
[17:30:54] [INFO ] NAV      : ../../airgun_data/namss.F-2-87-AA.mcs.airgun/Navigation/f-2-87-aa_NAV-WGS84.csv
[17:30:54] [INFO ] SA mode  : single (seed=50)
[17:30:54] [INFO ] 
[17:30:54] [INFO ] STEP 1 — Feature extraction
[17:30:54] [INFO ]   Loading navigation...
[17:30:54] [INFO ]   Loading SEG-Y...
[17:30:55] [INFO ]   Traces: 2978  Samples: 2500  dt: 4.000 ms
[17:30:55] [INFO ]   Depth:  0.0 m → 7497.0 m
[17:30:55] [INFO ]   Matching traces to navigation...
[17:30:55] [INFO ]   NAV line matched via translation: 'f287stk49' -> 'F287-49'
[17:30:55] [INFO ]   Matched 2977 / 2978 traces
[17:30:55] [INFO ]   Bandpass filtering...
[17:30:55] [INFO ]   Computing seismic attributes...
[17:30:55] [INFO ]   Picking seafloor...
[17:30:55] [INFO ]   Seafloor depth: 3555–4704 m  (0 shallow traces masked)
[17:30:55] [INFO ]   Picking horizons...
[17:30:56] [INFO ]   Computing NCC coherence (slow)...
[17:30:56] [INFO ]   Saving CNN section image...
[17:30:57] [INFO ]   Saved: f287stk49_section_cnn.png  (2700x1500px)
[17:30:57] [INFO ]   Step 1 complete
[17:30:57] [INFO ] 
[17:30:57] [INFO ] STEP 2 — Fault detection
[17:30:57] [INFO ]   Mode: single SA run (seed=50)
[17:31:00] [INFO ]   Detected 7 high-confidence faults
[17:31:00] [INFO ]     Fault  1 | trace ~  209 | prob=0.622
[17:31:00] [INFO ]     Fault  2 | trace ~  517 | prob=0.640
[17:31:00] [INFO ]     Fault  3 | trace ~ 1224 | prob=0.617
[17:31:00] [INFO ]     Fault  4 | trace ~ 1750 | prob=0.578
[17:31:00] [INFO ]     Fault  5 | trace ~ 2108 | prob=0.616
[17:31:00] [INFO ]     Fault  6 | trace ~ 2587 | prob=0.567
[17:31:00] [INFO ]     Fault  7 | trace ~ 2895 | prob=0.666
[17:31:00] [INFO ]   Step 2 complete
[17:31:00] [INFO ] 
[17:31:00] [INFO ] STEP 3 — Bounding boxes
[17:31:00] [INFO ]   Box  1 | [74, 875, 207w, 141h px]
[17:31:00] [INFO ]   Box  2 | [385, 875, 170w, 135h px]
[17:31:00] [INFO ]   Box  3 | [1034, 782, 154w, 141h px]
[17:31:00] [INFO ]   Box  4 | [1519, 874, 142w, 138h px]
[17:31:00] [INFO ]   Box  5 | [1819, 923, 200w, 138h px]
[17:31:00] [INFO ]   Box  6 | [2253, 738, 191w, 144h px]
[17:31:00] [INFO ]   Box  7 | [2572, 912, 117w, 144h px]
[17:31:00] [INFO ]   Generated 7 boxes
[17:31:00] [INFO ]   Step 3 complete
[17:31:00] [INFO ] 
[17:31:00] [INFO ] STEP 4 — Dataset building
[17:31:00] [INFO ]   Saving labeled review image...
[17:31:00] [INFO ]   Saved: f287stk49_labeled.png
[17:31:00] [INFO ]   Split: train
[17:31:00] [INFO ]   Added 7 annotations to train.json
[17:31:00] [INFO ]   train.json: 81 images, 853 annotations
[17:31:00] [INFO ]   val.json:   20 images,  198 annotations
[17:31:00] [INFO ]   Step 4 complete
[17:31:00] [INFO ] 
[17:31:00] [INFO ]   DONE  f287stk49  →  train  |  7 faults  |  7 boxes
[17:31:00] [INFO ] 
[17:31:00] [INFO ] ──────────────────────────────────────────────────
[17:31:00] [INFO ]   LINE: f287stk50
[17:31:00] [INFO ] ──────────────────────────────────────────────────
[17:31:00] [INFO ] Dataset  : namss.F-2-87-AA.mcs.airgun
[17:31:00] [INFO ] SGY      : ../../airgun_data/namss.F-2-87-AA.mcs.airgun/Data/f287stk50.sgy
[17:31:00] [INFO ] NAV      : ../../airgun_data/namss.F-2-87-AA.mcs.airgun/Navigation/f-2-87-aa_NAV-WGS84.csv
[17:31:00] [INFO ] SA mode  : single (seed=50)
[17:31:00] [INFO ] 
[17:31:00] [INFO ] STEP 1 — Feature extraction
[17:31:00] [INFO ]   Loading navigation...
[17:31:00] [INFO ]   Loading SEG-Y...
[17:31:00] [INFO ]   Traces: 368  Samples: 2750  dt: 4.000 ms
[17:31:00] [INFO ]   Depth:  0.0 m → 8247.0 m
[17:31:00] [INFO ]   Matching traces to navigation...
[17:31:00] [INFO ]   NAV line matched via translation: 'f287stk50' -> 'F287-50'
[17:31:00] [INFO ]   Matched 367 / 368 traces
[17:31:00] [INFO ]   Bandpass filtering...
[17:31:00] [INFO ]   Computing seismic attributes...
[17:31:00] [INFO ]   Picking seafloor...
[17:31:00] [INFO ]   Seafloor depth: 4782–5031 m  (0 shallow traces masked)
[17:31:00] [INFO ]   Picking horizons...
[17:31:00] [INFO ]   Computing NCC coherence (slow)...
[17:31:00] [INFO ]   Saving CNN section image...
[17:31:00] [INFO ]   Saved: f287stk50_section_cnn.png  (2700x1500px)
[17:31:00] [INFO ]   Step 1 complete
[17:31:00] [INFO ] 
[17:31:00] [INFO ] STEP 2 — Fault detection
[17:31:00] [INFO ]   Mode: single SA run (seed=50)
[17:31:01] [INFO ]   Detected 1 high-confidence faults
[17:31:01] [INFO ]     Fault  1 | trace ~   41 | prob=0.713
[17:31:01] [INFO ]   Step 2 complete
[17:31:01] [INFO ] 
[17:31:01] [INFO ] STEP 3 — Bounding boxes
[17:31:01] [INFO ]   Box  1 | [0, 870, 1124w, 128h px]
[17:31:01] [INFO ]   Generated 1 boxes
[17:31:01] [INFO ]   Step 3 complete
[17:31:01] [INFO ] 
[17:31:01] [INFO ] STEP 4 — Dataset building
[17:31:01] [INFO ]   Saving labeled review image...
[17:31:01] [INFO ]   Saved: f287stk50_labeled.png
[17:31:01] [INFO ]   Split: train
[17:31:01] [INFO ]   Added 1 annotations to train.json
[17:31:01] [INFO ]   train.json: 82 images, 854 annotations
[17:31:01] [INFO ]   val.json:   20 images,  198 annotations
[17:31:01] [INFO ]   Step 4 complete
[17:31:01] [INFO ] 
[17:31:01] [INFO ]   DONE  f287stk50  →  train  |  1 faults  |  1 boxes
[17:31:01] [INFO ] 
[17:31:01] [INFO ] ──────────────────────────────────────────────────
[17:31:01] [INFO ]   LINE: f287stk51
[17:31:01] [INFO ] ──────────────────────────────────────────────────
[17:31:01] [INFO ] Dataset  : namss.F-2-87-AA.mcs.airgun
[17:31:01] [INFO ] SGY      : ../../airgun_data/namss.F-2-87-AA.mcs.airgun/Data/f287stk51.sgy
[17:31:01] [INFO ] NAV      : ../../airgun_data/namss.F-2-87-AA.mcs.airgun/Navigation/f-2-87-aa_NAV-WGS84.csv
[17:31:01] [INFO ] SA mode  : single (seed=50)
[17:31:01] [INFO ] 
[17:31:01] [INFO ] STEP 1 — Feature extraction
[17:31:01] [INFO ]   Loading navigation...
[17:31:01] [INFO ]   Loading SEG-Y...
[17:31:01] [INFO ]   Traces: 3016  Samples: 2750  dt: 4.000 ms
[17:31:01] [INFO ]   Depth:  0.0 m → 8247.0 m
[17:31:01] [INFO ]   Matching traces to navigation...
[17:31:01] [INFO ]   NAV line matched via translation: 'f287stk51' -> 'F287-51'
[17:31:01] [INFO ]   Matched 3015 / 3016 traces
[17:31:01] [INFO ]   Bandpass filtering...
[17:31:02] [INFO ]   Computing seismic attributes...
[17:31:02] [INFO ]   Picking seafloor...
[17:31:02] [INFO ]   Seafloor depth: 3015–4875 m  (0 shallow traces masked)
[17:31:02] [INFO ]   Picking horizons...
[17:31:02] [INFO ]   Computing NCC coherence (slow)...
[17:31:03] [INFO ]   Saving CNN section image...
[17:31:03] [INFO ]   Saved: f287stk51_section_cnn.png  (2700x1500px)
[17:31:03] [INFO ]   Step 1 complete
[17:31:03] [INFO ] 
[17:31:03] [INFO ] STEP 2 — Fault detection
[17:31:03] [INFO ]   Mode: single SA run (seed=50)
[17:31:07] [INFO ]   Detected 10 high-confidence faults
[17:31:07] [INFO ]     Fault  1 | trace ~   19 | prob=0.669
[17:31:07] [INFO ]     Fault  2 | trace ~  285 | prob=0.666
[17:31:07] [INFO ]     Fault  3 | trace ~  523 | prob=0.712
[17:31:07] [INFO ]     Fault  4 | trace ~  810 | prob=0.659
[17:31:07] [INFO ]     Fault  5 | trace ~ 1310 | prob=0.690
[17:31:07] [INFO ]     Fault  6 | trace ~ 1533 | prob=0.628
[17:31:07] [INFO ]     Fault  7 | trace ~ 1822 | prob=0.612
[17:31:07] [INFO ]     Fault  8 | trace ~ 2120 | prob=0.713
[17:31:07] [INFO ]     Fault  9 | trace ~ 2331 | prob=0.638
[17:31:07] [INFO ]     Fault 10 | trace ~ 2974 | prob=0.758
[17:31:07] [INFO ]   Step 2 complete
[17:31:07] [INFO ] 
[17:31:07] [INFO ] STEP 3 — Bounding boxes
[17:31:07] [INFO ]   Box  1 | [0, 871, 68w, 128h px]
[17:31:07] [INFO ]   Box  2 | [195, 852, 119w, 125h px]
[17:31:07] [INFO ]   Box  3 | [402, 812, 134w, 128h px]
[17:31:07] [INFO ]   Box  4 | [651, 841, 149w, 133h px]
[17:31:07] [INFO ]   Box  5 | [1069, 744, 201w, 130h px]
[17:31:07] [INFO ]   Box  6 | [1282, 581, 186w, 133h px]
[17:31:07] [INFO ]   Box  7 | [1560, 725, 146w, 133h px]
[17:31:07] [INFO ]   Box  8 | [1832, 750, 143w, 128h px]
[17:31:07] [INFO ]   Box  9 | [1982, 825, 244w, 130h px]
[17:31:07] [INFO ]   Box 10 | [2600, 845, 100w, 125h px]
[17:31:07] [INFO ]   Generated 10 boxes
[17:31:07] [INFO ]   Step 3 complete
[17:31:07] [INFO ] 
[17:31:07] [INFO ] STEP 4 — Dataset building
[17:31:07] [INFO ]   Saving labeled review image...
[17:31:07] [INFO ]   Saved: f287stk51_labeled.png
[17:31:07] [INFO ]   Split: val
[17:31:07] [INFO ]   Added 10 annotations to val.json
[17:31:07] [INFO ]   train.json: 82 images, 854 annotations
[17:31:07] [INFO ]   val.json:   21 images,  208 annotations
[17:31:07] [INFO ]   Step 4 complete
[17:31:07] [INFO ] 
[17:31:07] [INFO ]   DONE  f287stk51  →  val  |  10 faults  |  10 boxes
[17:31:07] [INFO ] 
[17:31:07] [INFO ] ──────────────────────────────────────────────────
[17:31:07] [INFO ]   LINE: f287stk52
[17:31:07] [INFO ] ──────────────────────────────────────────────────
[17:31:07] [INFO ] Dataset  : namss.F-2-87-AA.mcs.airgun
[17:31:07] [INFO ] SGY      : ../../airgun_data/namss.F-2-87-AA.mcs.airgun/Data/f287stk52.sgy
[17:31:07] [INFO ] NAV      : ../../airgun_data/namss.F-2-87-AA.mcs.airgun/Navigation/f-2-87-aa_NAV-WGS84.csv
[17:31:07] [INFO ] SA mode  : single (seed=50)
[17:31:07] [INFO ] 
[17:31:07] [INFO ] STEP 1 — Feature extraction
[17:31:07] [INFO ]   Loading navigation...
[17:31:07] [INFO ]   Loading SEG-Y...
[17:31:07] [INFO ]   Traces: 663  Samples: 2750  dt: 4.000 ms
[17:31:07] [INFO ]   Depth:  0.0 m → 8247.0 m
[17:31:07] [INFO ]   Matching traces to navigation...
[17:31:07] [INFO ]   NAV line matched via translation: 'f287stk52' -> 'F287-52'
[17:31:07] [INFO ]   Matched 662 / 663 traces
[17:31:07] [INFO ]   Bandpass filtering...
[17:31:07] [INFO ]   Computing seismic attributes...
[17:31:07] [INFO ]   Picking seafloor...
[17:31:07] [INFO ]   Seafloor depth: 3435–4494 m  (0 shallow traces masked)
[17:31:07] [INFO ]   Picking horizons...
[17:31:08] [INFO ]   Computing NCC coherence (slow)...
[17:31:08] [INFO ]   Saving CNN section image...
[17:31:08] [INFO ]   Saved: f287stk52_section_cnn.png  (2700x1500px)
[17:31:08] [INFO ]   Step 1 complete
[17:31:08] [INFO ] 
[17:31:08] [INFO ] STEP 2 — Fault detection
[17:31:08] [INFO ]   Mode: single SA run (seed=50)
[17:31:09] [INFO ]   Detected 2 high-confidence faults
[17:31:09] [INFO ]     Fault  1 | trace ~  148 | prob=0.710
[17:31:09] [INFO ]     Fault  2 | trace ~  379 | prob=0.727
[17:31:09] [INFO ]   Step 2 complete
[17:31:09] [INFO ] 
[17:31:09] [INFO ] STEP 3 — Bounding boxes
[17:31:09] [INFO ]   Box  1 | [205, 629, 818w, 139h px]
[17:31:09] [INFO ]   Box  2 | [1151, 805, 957w, 130h px]
[17:31:09] [INFO ]   Generated 2 boxes
[17:31:09] [INFO ]   Step 3 complete
[17:31:09] [INFO ] 
[17:31:09] [INFO ] STEP 4 — Dataset building
[17:31:09] [INFO ]   Saving labeled review image...
[17:31:09] [INFO ]   Saved: f287stk52_labeled.png
[17:31:09] [INFO ]   Split: train
[17:31:09] [INFO ]   Added 2 annotations to train.json
[17:31:09] [INFO ]   train.json: 83 images, 856 annotations
[17:31:09] [INFO ]   val.json:   21 images,  208 annotations
[17:31:09] [INFO ]   Step 4 complete
[17:31:09] [INFO ] 
[17:31:09] [INFO ]   DONE  f287stk52  →  train  |  2 faults  |  2 boxes
[17:31:09] [INFO ] 
[17:31:09] [INFO ] ──────────────────────────────────────────────────
[17:31:09] [INFO ]   LINE: f287stk53
[17:31:09] [INFO ] ──────────────────────────────────────────────────
[17:31:09] [INFO ] Dataset  : namss.F-2-87-AA.mcs.airgun
[17:31:09] [INFO ] SGY      : ../../airgun_data/namss.F-2-87-AA.mcs.airgun/Data/f287stk53.sgy
[17:31:09] [INFO ] NAV      : ../../airgun_data/namss.F-2-87-AA.mcs.airgun/Navigation/f-2-87-aa_NAV-WGS84.csv
[17:31:09] [INFO ] SA mode  : single (seed=50)
[17:31:09] [INFO ] 
[17:31:09] [INFO ] STEP 1 — Feature extraction
[17:31:09] [INFO ]   Loading navigation...
[17:31:09] [INFO ]   Loading SEG-Y...
[17:31:09] [INFO ]   Traces: 1673  Samples: 2750  dt: 4.000 ms
[17:31:09] [INFO ]   Depth:  0.0 m → 8247.0 m
[17:31:09] [INFO ]   Matching traces to navigation...
[17:31:09] [INFO ]   NAV line matched via translation: 'f287stk53' -> 'F287-53'
[17:31:09] [INFO ]   Matched 1672 / 1673 traces
[17:31:09] [INFO ]   Bandpass filtering...
[17:31:09] [INFO ]   Computing seismic attributes...
[17:31:09] [INFO ]   Picking seafloor...
[17:31:09] [INFO ]   Seafloor depth: 3852–4941 m  (0 shallow traces masked)
[17:31:09] [INFO ]   Picking horizons...
[17:31:10] [INFO ]   Computing NCC coherence (slow)...
[17:31:10] [INFO ]   Saving CNN section image...
[17:31:10] [INFO ]   Saved: f287stk53_section_cnn.png  (2700x1500px)
[17:31:10] [INFO ]   Step 1 complete
[17:31:10] [INFO ] 
[17:31:10] [INFO ] STEP 2 — Fault detection
[17:31:10] [INFO ]   Mode: single SA run (seed=50)
[17:31:12] [INFO ]   Detected 1 high-confidence faults
[17:31:12] [INFO ]     Fault  1 | trace ~ 1643 | prob=0.589
[17:31:12] [INFO ]   Step 2 complete
[17:31:12] [INFO ] 
[17:31:12] [INFO ] STEP 3 — Bounding boxes
[17:31:12] [INFO ]   Box  1 | [2571, 875, 129w, 130h px]
[17:31:12] [INFO ]   Generated 1 boxes
[17:31:12] [INFO ]   Step 3 complete
[17:31:12] [INFO ] 
[17:31:12] [INFO ] STEP 4 — Dataset building
[17:31:12] [INFO ]   Saving labeled review image...
[17:31:12] [INFO ]   Saved: f287stk53_labeled.png
[17:31:12] [INFO ]   Split: train
[17:31:12] [INFO ]   Added 1 annotations to train.json
[17:31:12] [INFO ]   train.json: 84 images, 857 annotations
[17:31:12] [INFO ]   val.json:   21 images,  208 annotations
[17:31:12] [INFO ]   Step 4 complete
[17:31:12] [INFO ] 
[17:31:12] [INFO ]   DONE  f287stk53  →  train  |  1 faults  |  1 boxes
[17:31:12] [INFO ] 
[17:31:12] [INFO ] ──────────────────────────────────────────────────
[17:31:12] [INFO ]   LINE: f287stk54
[17:31:12] [INFO ] ──────────────────────────────────────────────────
[17:31:12] [INFO ] Dataset  : namss.F-2-87-AA.mcs.airgun
[17:31:12] [INFO ] SGY      : ../../airgun_data/namss.F-2-87-AA.mcs.airgun/Data/f287stk54.sgy
[17:31:12] [INFO ] NAV      : ../../airgun_data/namss.F-2-87-AA.mcs.airgun/Navigation/f-2-87-aa_NAV-WGS84.csv
[17:31:12] [INFO ] SA mode  : single (seed=50)
[17:31:12] [INFO ] 
[17:31:12] [INFO ] STEP 1 — Feature extraction
[17:31:12] [INFO ]   Loading navigation...
[17:31:12] [INFO ]   Loading SEG-Y...
[17:31:12] [INFO ]   Traces: 646  Samples: 2750  dt: 4.000 ms
[17:31:12] [INFO ]   Depth:  0.0 m → 8247.0 m
[17:31:12] [INFO ]   Matching traces to navigation...
[17:31:12] [INFO ]   NAV line matched via translation: 'f287stk54' -> 'F287-54'
[17:31:12] [INFO ]   Matched 645 / 646 traces
[17:31:12] [INFO ]   Bandpass filtering...
[17:31:12] [INFO ]   Computing seismic attributes...
[17:31:12] [INFO ]   Picking seafloor...
[17:31:13] [INFO ]   Seafloor depth: 4350–4872 m  (0 shallow traces masked)
[17:31:13] [INFO ]   Picking horizons...
[17:31:13] [INFO ]   Computing NCC coherence (slow)...
[17:31:13] [INFO ]   Saving CNN section image...
[17:31:13] [INFO ]   Saved: f287stk54_section_cnn.png  (2700x1500px)
[17:31:13] [INFO ]   Step 1 complete
[17:31:13] [INFO ] 
[17:31:13] [INFO ] STEP 2 — Fault detection
[17:31:13] [INFO ]   Mode: single SA run (seed=50)
[17:31:14] [INFO ]   Detected 2 high-confidence faults
[17:31:14] [INFO ]     Fault  1 | trace ~  248 | prob=0.647
[17:31:14] [INFO ]     Fault  2 | trace ~  476 | prob=0.663
[17:31:14] [INFO ]   Step 2 complete
[17:31:14] [INFO ] 
[17:31:14] [INFO ] STEP 3 — Bounding boxes
[17:31:14] [INFO ]   Box  1 | [824, 850, 441w, 125h px]
[17:31:14] [INFO ]   Box  2 | [1675, 779, 626w, 130h px]
[17:31:14] [INFO ]   Generated 2 boxes
[17:31:14] [INFO ]   Step 3 complete
[17:31:14] [INFO ] 
[17:31:14] [INFO ] STEP 4 — Dataset building
[17:31:14] [INFO ]   Saving labeled review image...
[17:31:14] [INFO ]   Saved: f287stk54_labeled.png
[17:31:14] [INFO ]   Split: train
[17:31:14] [INFO ]   Added 2 annotations to train.json
[17:31:14] [INFO ]   train.json: 85 images, 859 annotations
[17:31:14] [INFO ]   val.json:   21 images,  208 annotations
[17:31:14] [INFO ]   Step 4 complete
[17:31:14] [INFO ] 
[17:31:14] [INFO ]   DONE  f287stk54  →  train  |  2 faults  |  2 boxes
[17:31:14] [INFO ] 
[17:31:14] [INFO ] ──────────────────────────────────────────────────
[17:31:14] [INFO ]   LINE: f287stk55
[17:31:14] [INFO ] ──────────────────────────────────────────────────
[17:31:14] [INFO ] Dataset  : namss.F-2-87-AA.mcs.airgun
[17:31:14] [INFO ] SGY      : ../../airgun_data/namss.F-2-87-AA.mcs.airgun/Data/f287stk55.sgy
[17:31:14] [INFO ] NAV      : ../../airgun_data/namss.F-2-87-AA.mcs.airgun/Navigation/f-2-87-aa_NAV-WGS84.csv
[17:31:14] [INFO ] SA mode  : single (seed=50)
[17:31:14] [INFO ] 
[17:31:14] [INFO ] STEP 1 — Feature extraction
[17:31:14] [INFO ]   Loading navigation...
[17:31:14] [INFO ]   Loading SEG-Y...
[17:31:14] [INFO ]   Traces: 1127  Samples: 2750  dt: 4.000 ms
[17:31:14] [INFO ]   Depth:  0.0 m → 8247.0 m
[17:31:14] [INFO ]   Matching traces to navigation...
[17:31:14] [INFO ]   NAV line matched via translation: 'f287stk55' -> 'F287-55'
[17:31:14] [INFO ]   Matched 1126 / 1127 traces
[17:31:14] [INFO ]   Bandpass filtering...
[17:31:14] [INFO ]   Computing seismic attributes...
[17:31:14] [INFO ]   Picking seafloor...
[17:31:14] [INFO ]   Seafloor depth: 3669–4608 m  (0 shallow traces masked)
[17:31:14] [INFO ]   Picking horizons...
[17:31:14] [INFO ]   Computing NCC coherence (slow)...
[17:31:14] [INFO ]   Saving CNN section image...
[17:31:15] [INFO ]   Saved: f287stk55_section_cnn.png  (2700x1500px)
[17:31:15] [INFO ]   Step 1 complete
[17:31:15] [INFO ] 
[17:31:15] [INFO ] STEP 2 — Fault detection
[17:31:15] [INFO ]   Mode: single SA run (seed=50)
[17:31:26] [INFO ]   Detected 4 high-confidence faults
[17:31:26] [INFO ]     Fault  1 | trace ~   72 | prob=0.632
[17:31:26] [INFO ]     Fault  2 | trace ~  413 | prob=0.614
[17:31:26] [INFO ]     Fault  3 | trace ~  771 | prob=0.684
[17:31:26] [INFO ]     Fault  4 | trace ~ 1098 | prob=0.568
[17:31:26] [INFO ]   Step 2 complete
[17:31:26] [INFO ] 
[17:31:26] [INFO ] STEP 3 — Bounding boxes
[17:31:26] [INFO ]   Box  1 | [0, 796, 535w, 130h px]
[17:31:26] [INFO ]   Box  2 | [695, 824, 620w, 139h px]
[17:31:26] [INFO ]   Box  3 | [1701, 655, 310w, 136h px]
[17:31:26] [INFO ]   Box  4 | [2492, 814, 208w, 128h px]
[17:31:26] [INFO ]   Generated 4 boxes
[17:31:26] [INFO ]   Step 3 complete
[17:31:26] [INFO ] 
[17:31:26] [INFO ] STEP 4 — Dataset building
[17:31:26] [INFO ]   Saving labeled review image...
[17:31:26] [INFO ]   Saved: f287stk55_labeled.png
[17:31:26] [INFO ]   Split: train
[17:31:26] [INFO ]   Added 4 annotations to train.json
[17:31:26] [INFO ]   train.json: 86 images, 863 annotations
[17:31:26] [INFO ]   val.json:   21 images,  208 annotations
[17:31:26] [INFO ]   Step 4 complete
[17:31:26] [INFO ] 
[17:31:26] [INFO ]   DONE  f287stk55  →  train  |  4 faults  |  4 boxes
[17:31:26] [INFO ] 
[17:31:26] [INFO ] ──────────────────────────────────────────────────
[17:31:26] [INFO ]   LINE: f287stk56
[17:31:26] [INFO ] ──────────────────────────────────────────────────
[17:31:26] [INFO ] Dataset  : namss.F-2-87-AA.mcs.airgun
[17:31:26] [INFO ] SGY      : ../../airgun_data/namss.F-2-87-AA.mcs.airgun/Data/f287stk56.sgy
[17:31:26] [INFO ] NAV      : ../../airgun_data/namss.F-2-87-AA.mcs.airgun/Navigation/f-2-87-aa_NAV-WGS84.csv
[17:31:26] [INFO ] SA mode  : single (seed=50)
[17:31:26] [INFO ] 
[17:31:26] [INFO ] STEP 1 — Feature extraction
[17:31:26] [INFO ]   Loading navigation...
[17:31:26] [INFO ]   Loading SEG-Y...
[17:31:27] [INFO ]   Traces: 4870  Samples: 3000  dt: 4.000 ms
[17:31:27] [INFO ]   Depth:  0.0 m → 8997.0 m
[17:31:27] [INFO ]   Matching traces to navigation...
[17:31:27] [INFO ]   NAV line matched via translation: 'f287stk56' -> 'F287-56'
[17:31:27] [INFO ]   Matched 4870 / 4870 traces
[17:31:27] [INFO ]   Bandpass filtering...
[17:31:27] [INFO ]   Computing seismic attributes...
[17:31:28] [INFO ]   Picking seafloor...
[17:31:28] [INFO ]   Seafloor depth: 0–5289 m  (637 shallow traces masked)
[17:31:28] [INFO ]   Picking horizons...
[17:31:28] [INFO ]   Computing NCC coherence (slow)...
[17:31:29] [INFO ]   Saving CNN section image...
[17:31:30] [INFO ]   Saved: f287stk56_section_cnn.png  (2700x1500px)
[17:31:30] [INFO ]   Step 1 complete
[17:31:30] [INFO ] 
[17:31:30] [INFO ] STEP 2 — Fault detection
[17:31:30] [INFO ]   Mode: single SA run (seed=50)
[17:31:36] [INFO ]   Detected 14 high-confidence faults
[17:31:36] [INFO ]     Fault  1 | trace ~  272 | prob=0.695
[17:31:36] [INFO ]     Fault  2 | trace ~  528 | prob=0.616
[17:31:36] [INFO ]     Fault  3 | trace ~  880 | prob=0.658
[17:31:36] [INFO ]     Fault  4 | trace ~ 1476 | prob=0.726
[17:31:36] [INFO ]     Fault  5 | trace ~ 1754 | prob=0.624
[17:31:36] [INFO ]     Fault  6 | trace ~ 2319 | prob=0.652
[17:31:36] [INFO ]     Fault  7 | trace ~ 2958 | prob=0.720
[17:31:36] [INFO ]     Fault  8 | trace ~ 3204 | prob=0.632
[17:31:36] [INFO ]     Fault  9 | trace ~ 3433 | prob=0.642
[17:31:36] [INFO ]     Fault 10 | trace ~ 3734 | prob=0.701
[17:31:36] [INFO ]     Fault 11 | trace ~ 3974 | prob=0.666
[17:31:36] [INFO ]     Fault 12 | trace ~ 4179 | prob=0.601
[17:31:36] [INFO ]     Fault 13 | trace ~ 4447 | prob=0.651
[17:31:36] [INFO ]     Fault 14 | trace ~ 4811 | prob=0.670
[17:31:36] [INFO ]   Step 2 complete
[17:31:36] [INFO ] 
[17:31:36] [INFO ] STEP 3 — Bounding boxes
[17:31:36] [INFO ]   Box  1 | [106, 701, 96w, 124h px]
[17:31:36] [INFO ]   Box  2 | [235, 721, 117w, 122h px]
[17:31:36] [INFO ]   Box  3 | [436, 786, 100w, 114h px]
[17:31:36] [INFO ]   Box  4 | [767, 821, 102w, 119h px]
[17:31:36] [INFO ]   Box  5 | [916, 833, 109w, 122h px]
[17:31:36] [INFO ]   Box  6 | [1231, 867, 107w, 122h px]
[17:31:36] [INFO ]   Box  7 | [1568, 811, 162w, 142h px]
[17:31:36] [INFO ]   Box  8 | [1724, 597, 102w, 119h px]
[17:31:36] [INFO ]   Box  9 | [1844, 734, 111w, 117h px]
[17:31:36] [INFO ]   Box 10 | [2017, 742, 102w, 124h px]
[17:31:36] [INFO ]   Box 11 | [2146, 765, 109w, 119h px]
[17:31:36] [INFO ]   Box 12 | [2260, 788, 117w, 119h px]
[17:31:36] [INFO ]   Box 13 | [2403, 797, 134w, 117h px]
[17:31:36] [INFO ]   Box 14 | [2619, 798, 81w, 114h px]
[17:31:36] [INFO ]   Generated 14 boxes
[17:31:36] [INFO ]   Step 3 complete
[17:31:36] [INFO ] 
[17:31:36] [INFO ] STEP 4 — Dataset building
[17:31:36] [INFO ]   Saving labeled review image...
[17:31:36] [INFO ]   Saved: f287stk56_labeled.png
[17:31:36] [INFO ]   Split: val
[17:31:36] [INFO ]   Added 14 annotations to val.json
[17:31:36] [INFO ]   train.json: 86 images, 863 annotations
[17:31:36] [INFO ]   val.json:   22 images,  222 annotations
[17:31:36] [INFO ]   Step 4 complete
[17:31:36] [INFO ] 
[17:31:36] [INFO ]   DONE  f287stk56  →  val  |  14 faults  |  14 boxes
[17:31:36] [INFO ] 
[17:31:36] [INFO ] ──────────────────────────────────────────────────
[17:31:36] [INFO ]   LINE: f287stk57
[17:31:36] [INFO ] ──────────────────────────────────────────────────
[17:31:36] [INFO ] Dataset  : namss.F-2-87-AA.mcs.airgun
[17:31:36] [INFO ] SGY      : ../../airgun_data/namss.F-2-87-AA.mcs.airgun/Data/f287stk57.sgy
[17:31:36] [INFO ] NAV      : ../../airgun_data/namss.F-2-87-AA.mcs.airgun/Navigation/f-2-87-aa_NAV-WGS84.csv
[17:31:36] [INFO ] SA mode  : single (seed=50)
[17:31:36] [INFO ] 
[17:31:36] [INFO ] STEP 1 — Feature extraction
[17:31:36] [INFO ]   Loading navigation...
[17:31:36] [INFO ]   Loading SEG-Y...
[17:31:36] [INFO ]   Traces: 2276  Samples: 3000  dt: 4.000 ms
[17:31:36] [INFO ]   Depth:  0.0 m → 8997.0 m
[17:31:36] [INFO ]   Matching traces to navigation...
[17:31:36] [INFO ]   NAV line matched via translation: 'f287stk57' -> 'F287-57'
[17:31:36] [INFO ]   Matched 2275 / 2276 traces
[17:31:36] [INFO ]   Bandpass filtering...
[17:31:36] [INFO ]   Computing seismic attributes...
[17:31:37] [INFO ]   Picking seafloor...
[17:31:37] [INFO ]   Seafloor depth: 4482–4968 m  (0 shallow traces masked)
[17:31:37] [INFO ]   Picking horizons...
[17:31:37] [INFO ]   Computing NCC coherence (slow)...
[17:31:37] [INFO ]   Saving CNN section image...
[17:31:38] [INFO ]   Saved: f287stk57_section_cnn.png  (2700x1500px)
[17:31:38] [INFO ]   Step 1 complete
[17:31:38] [INFO ] 
[17:31:38] [INFO ] STEP 2 — Fault detection
[17:31:38] [INFO ]   Mode: single SA run (seed=50)
[17:31:41] [INFO ]   Detected 8 high-confidence faults
[17:31:41] [INFO ]     Fault  1 | trace ~   52 | prob=0.721
[17:31:41] [INFO ]     Fault  2 | trace ~  405 | prob=0.666
[17:31:41] [INFO ]     Fault  3 | trace ~  708 | prob=0.688
[17:31:41] [INFO ]     Fault  4 | trace ~  983 | prob=0.664
[17:31:41] [INFO ]     Fault  5 | trace ~ 1229 | prob=0.717
[17:31:41] [INFO ]     Fault  6 | trace ~ 1530 | prob=0.669
[17:31:41] [INFO ]     Fault  7 | trace ~ 2047 | prob=0.671
[17:31:41] [INFO ]     Fault  8 | trace ~ 2242 | prob=0.666
[17:31:41] [INFO ]   Step 2 complete
[17:31:41] [INFO ] 
[17:31:41] [INFO ] STEP 3 — Bounding boxes
[17:31:41] [INFO ]   Box  1 | [0, 774, 143w, 117h px]
[17:31:41] [INFO ]   Box  2 | [370, 746, 230w, 119h px]
[17:31:41] [INFO ]   Box  3 | [741, 782, 202w, 124h px]
[17:31:41] [INFO ]   Box  4 | [1035, 793, 258w, 117h px]
[17:31:41] [INFO ]   Box  5 | [1362, 783, 186w, 122h px]
[17:31:41] [INFO ]   Box  6 | [1703, 804, 230w, 127h px]
[17:31:41] [INFO ]   Box  7 | [2335, 816, 190w, 117h px]
[17:31:41] [INFO ]   Box  8 | [2589, 807, 111w, 117h px]
[17:31:41] [INFO ]   Generated 8 boxes
[17:31:41] [INFO ]   Step 3 complete
[17:31:41] [INFO ] 
[17:31:41] [INFO ] STEP 4 — Dataset building
[17:31:41] [INFO ]   Saving labeled review image...
[17:31:41] [INFO ]   Saved: f287stk57_labeled.png
[17:31:41] [INFO ]   Split: train
[17:31:41] [INFO ]   Added 8 annotations to train.json
[17:31:41] [INFO ]   train.json: 87 images, 871 annotations
[17:31:41] [INFO ]   val.json:   22 images,  222 annotations
[17:31:41] [INFO ]   Step 4 complete
[17:31:41] [INFO ] 
[17:31:41] [INFO ]   DONE  f287stk57  →  train  |  8 faults  |  8 boxes
[17:31:41] [INFO ] 
[17:31:41] [INFO ] ──────────────────────────────────────────────────
[17:31:41] [INFO ]   LINE: f287stk58
[17:31:41] [INFO ] ──────────────────────────────────────────────────
[17:31:41] [INFO ] Dataset  : namss.F-2-87-AA.mcs.airgun
[17:31:41] [INFO ] SGY      : ../../airgun_data/namss.F-2-87-AA.mcs.airgun/Data/f287stk58.sgy
[17:31:41] [INFO ] NAV      : ../../airgun_data/namss.F-2-87-AA.mcs.airgun/Navigation/f-2-87-aa_NAV-WGS84.csv
[17:31:41] [INFO ] SA mode  : single (seed=50)
[17:31:41] [INFO ] 
[17:31:41] [INFO ] STEP 1 — Feature extraction
[17:31:41] [INFO ]   Loading navigation...
[17:31:41] [INFO ]   Loading SEG-Y...
[17:31:41] [INFO ]   Traces: 2000  Samples: 3750  dt: 4.000 ms
[17:31:41] [INFO ]   Depth:  0.0 m → 11247.0 m
[17:31:41] [INFO ]   Matching traces to navigation...
[17:31:41] [INFO ]   NAV line matched via translation: 'f287stk58' -> 'F287-58'
[17:31:41] [INFO ]   Matched 1999 / 2000 traces
[17:31:41] [INFO ]   Bandpass filtering...
[17:31:41] [INFO ]   Computing seismic attributes...
[17:31:41] [INFO ]   Picking seafloor...
[17:31:42] [INFO ]   Seafloor depth: 4701–6753 m  (0 shallow traces masked)
[17:31:42] [INFO ]   Picking horizons...
[17:31:42] [INFO ]   Computing NCC coherence (slow)...
[17:31:42] [INFO ]   Saving CNN section image...
[17:31:42] [INFO ]   Saved: f287stk58_section_cnn.png  (2700x1500px)
[17:31:42] [INFO ]   Step 1 complete
[17:31:42] [INFO ] 
[17:31:42] [INFO ] STEP 2 — Fault detection
[17:31:42] [INFO ]   Mode: single SA run (seed=50)
[17:31:44] [INFO ]   Detected 3 high-confidence faults
[17:31:44] [INFO ]     Fault  1 | trace ~  995 | prob=0.585
[17:31:44] [INFO ]     Fault  2 | trace ~ 1691 | prob=0.577
[17:31:44] [INFO ]     Fault  3 | trace ~ 1949 | prob=0.786
[17:31:44] [INFO ]   Step 2 complete
[17:31:44] [INFO ] 
[17:31:44] [INFO ] STEP 3 — Bounding boxes
[17:31:44] [INFO ]   Box  1 | [1139, 873, 409w, 100h px]
[17:31:44] [INFO ]   Box  2 | [2171, 657, 253w, 100h px]
[17:31:44] [INFO ]   Box  3 | [2519, 620, 181w, 100h px]
[17:31:44] [INFO ]   Generated 3 boxes
[17:31:44] [INFO ]   Step 3 complete
[17:31:44] [INFO ] 
[17:31:44] [INFO ] STEP 4 — Dataset building
[17:31:44] [INFO ]   Saving labeled review image...
[17:31:44] [INFO ]   Saved: f287stk58_labeled.png
[17:31:44] [INFO ]   Split: train
[17:31:44] [INFO ]   Added 3 annotations to train.json
[17:31:44] [INFO ]   train.json: 88 images, 874 annotations
[17:31:44] [INFO ]   val.json:   22 images,  222 annotations
[17:31:44] [INFO ]   Step 4 complete
[17:31:44] [INFO ] 
[17:31:44] [INFO ]   DONE  f287stk58  →  train  |  3 faults  |  3 boxes
[17:31:44] [INFO ] 
[17:31:44] [INFO ] ──────────────────────────────────────────────────
[17:31:44] [INFO ]   LINE: f287stk59
[17:31:44] [INFO ] ──────────────────────────────────────────────────
[17:31:44] [INFO ] Dataset  : namss.F-2-87-AA.mcs.airgun
[17:31:44] [INFO ] SGY      : ../../airgun_data/namss.F-2-87-AA.mcs.airgun/Data/f287stk59.sgy
[17:31:44] [INFO ] NAV      : ../../airgun_data/namss.F-2-87-AA.mcs.airgun/Navigation/f-2-87-aa_NAV-WGS84.csv
[17:31:44] [INFO ] SA mode  : single (seed=50)
[17:31:44] [INFO ] 
[17:31:44] [INFO ] STEP 1 — Feature extraction
[17:31:44] [INFO ]   Loading navigation...
[17:31:44] [INFO ]   Loading SEG-Y...
[17:31:44] [INFO ]   Traces: 2515  Samples: 3000  dt: 4.000 ms
[17:31:44] [INFO ]   Depth:  0.0 m → 8997.0 m
[17:31:44] [INFO ]   Matching traces to navigation...
[17:31:44] [INFO ]   NAV line matched via translation: 'f287stk59' -> 'F287-59'
[17:31:45] [INFO ]   Matched 2514 / 2515 traces
[17:31:45] [INFO ]   Bandpass filtering...
[17:31:45] [INFO ]   Computing seismic attributes...
[17:31:45] [INFO ]   Picking seafloor...
[17:31:45] [INFO ]   Seafloor depth: 3813–5499 m  (0 shallow traces masked)
[17:31:45] [INFO ]   Picking horizons...
[17:31:45] [INFO ]   Computing NCC coherence (slow)...
[17:31:46] [INFO ]   Saving CNN section image...
[17:31:46] [INFO ]   Saved: f287stk59_section_cnn.png  (2700x1500px)
[17:31:46] [INFO ]   Step 1 complete
[17:31:46] [INFO ] 
[17:31:46] [INFO ] STEP 2 — Fault detection
[17:31:46] [INFO ]   Mode: single SA run (seed=50)
[17:31:49] [INFO ]   Detected 8 high-confidence faults
[17:31:49] [INFO ]     Fault  1 | trace ~   41 | prob=0.629
[17:31:49] [INFO ]     Fault  2 | trace ~  256 | prob=0.679
[17:31:49] [INFO ]     Fault  3 | trace ~  477 | prob=0.665
[17:31:49] [INFO ]     Fault  4 | trace ~  743 | prob=0.667
[17:31:49] [INFO ]     Fault  5 | trace ~ 1218 | prob=0.700
[17:31:49] [INFO ]     Fault  6 | trace ~ 1544 | prob=0.583
[17:31:49] [INFO ]     Fault  7 | trace ~ 1766 | prob=0.658
[17:31:49] [INFO ]     Fault  8 | trace ~ 2135 | prob=0.641
[17:31:49] [INFO ]   Step 2 complete
[17:31:49] [INFO ] 
[17:31:49] [INFO ] STEP 3 — Bounding boxes
[17:31:49] [INFO ]   Box  1 | [0, 773, 133w, 119h px]
[17:31:49] [INFO ]   Box  2 | [182, 759, 175w, 124h px]
[17:31:49] [INFO ]   Box  3 | [436, 747, 161w, 122h px]
[17:31:49] [INFO ]   Box  4 | [676, 707, 234w, 124h px]
[17:31:49] [INFO ]   Box  5 | [1200, 641, 219w, 129h px]
[17:31:49] [INFO ]   Box  6 | [1596, 714, 120w, 119h px]
[17:31:49] [INFO ]   Box  7 | [1780, 735, 230w, 124h px]
[17:31:49] [INFO ]   Box  8 | [2168, 738, 274w, 127h px]
[17:31:49] [INFO ]   Generated 8 boxes
[17:31:49] [INFO ]   Step 3 complete
[17:31:49] [INFO ] 
[17:31:49] [INFO ] STEP 4 — Dataset building
[17:31:49] [INFO ]   Saving labeled review image...
[17:31:49] [INFO ]   Saved: f287stk59_labeled.png
[17:31:49] [INFO ]   Split: train
[17:31:49] [INFO ]   Added 8 annotations to train.json
[17:31:49] [INFO ]   train.json: 89 images, 882 annotations
[17:31:49] [INFO ]   val.json:   22 images,  222 annotations
[17:31:49] [INFO ]   Step 4 complete
[17:31:49] [INFO ] 
[17:31:49] [INFO ]   DONE  f287stk59  →  train  |  8 faults  |  8 boxes
[17:31:49] [INFO ] 
[17:31:49] [INFO ] ──────────────────────────────────────────────────
[17:31:49] [INFO ]   LINE: f287stk60
[17:31:49] [INFO ] ──────────────────────────────────────────────────
[17:31:49] [INFO ] Dataset  : namss.F-2-87-AA.mcs.airgun
[17:31:49] [INFO ] SGY      : ../../airgun_data/namss.F-2-87-AA.mcs.airgun/Data/f287stk60.sgy
[17:31:49] [INFO ] NAV      : ../../airgun_data/namss.F-2-87-AA.mcs.airgun/Navigation/f-2-87-aa_NAV-WGS84.csv
[17:31:49] [INFO ] SA mode  : single (seed=50)
[17:31:49] [INFO ] 
[17:31:49] [INFO ] STEP 1 — Feature extraction
[17:31:49] [INFO ]   Loading navigation...
[17:31:50] [INFO ]   Loading SEG-Y...
[17:31:50] [INFO ]   Traces: 1586  Samples: 3750  dt: 4.000 ms
[17:31:50] [INFO ]   Depth:  0.0 m → 11247.0 m
[17:31:50] [INFO ]   Matching traces to navigation...
[17:31:50] [INFO ]   NAV line matched via translation: 'f287stk60' -> 'F287-60'
[17:31:50] [INFO ]   Matched 1584 / 1586 traces
[17:31:50] [INFO ]   Bandpass filtering...
[17:31:50] [INFO ]   Computing seismic attributes...
[17:31:50] [INFO ]   Picking seafloor...
[17:31:50] [INFO ]   Seafloor depth: 0–6753 m  (1 shallow traces masked)
[17:31:50] [INFO ]   Picking horizons...
[17:31:50] [INFO ]   Computing NCC coherence (slow)...
[17:31:50] [INFO ]   Saving CNN section image...
[17:31:51] [INFO ]   Saved: f287stk60_section_cnn.png  (2700x1500px)
[17:31:51] [INFO ]   Step 1 complete
[17:31:51] [INFO ] 
[17:31:51] [INFO ] STEP 2 — Fault detection
[17:31:51] [INFO ]   Mode: single SA run (seed=50)
[17:31:53] [INFO ]   Detected 4 high-confidence faults
[17:31:53] [INFO ]     Fault  1 | trace ~   62 | prob=0.734
[17:31:53] [INFO ]     Fault  2 | trace ~  623 | prob=0.737
[17:31:53] [INFO ]     Fault  3 | trace ~ 1057 | prob=0.660
[17:31:53] [INFO ]     Fault  4 | trace ~ 1485 | prob=0.688
[17:31:53] [INFO ]   Step 2 complete
[17:31:53] [INFO ] 
[17:31:53] [INFO ] STEP 3 — Bounding boxes
[17:31:53] [INFO ]   Box  1 | [0, 885, 389w, 100h px]
[17:31:53] [INFO ]   Box  2 | [890, 603, 365w, 108h px]
[17:31:53] [INFO ]   Box  3 | [1674, 435, 255w, 100h px]
[17:31:53] [INFO ]   Box  4 | [2381, 151, 296w, 106h px]
[17:31:53] [INFO ]   Generated 4 boxes
[17:31:53] [INFO ]   Step 3 complete
[17:31:53] [INFO ] 
[17:31:53] [INFO ] STEP 4 — Dataset building
[17:31:53] [INFO ]   Saving labeled review image...
[17:31:53] [INFO ]   Saved: f287stk60_labeled.png
[17:31:53] [INFO ]   Split: train
[17:31:53] [INFO ]   Added 4 annotations to train.json
[17:31:53] [INFO ]   train.json: 90 images, 886 annotations
[17:31:53] [INFO ]   val.json:   22 images,  222 annotations
[17:31:53] [INFO ]   Step 4 complete
[17:31:53] [INFO ] 
[17:31:53] [INFO ]   DONE  f287stk60  →  train  |  4 faults  |  4 boxes
[17:31:53] [INFO ] 
[17:31:53] [INFO ] ──────────────────────────────────────────────────
[17:31:53] [INFO ]   LINE: f287stks1
[17:31:53] [INFO ] ──────────────────────────────────────────────────
[17:31:53] [INFO ] Dataset  : namss.F-2-87-AA.mcs.airgun
[17:31:53] [INFO ] SGY      : ../../airgun_data/namss.F-2-87-AA.mcs.airgun/Data/f287stks1.sgy
[17:31:53] [INFO ] NAV      : ../../airgun_data/namss.F-2-87-AA.mcs.airgun/Navigation/f-2-87-aa_NAV-WGS84.csv
[17:31:53] [INFO ] SA mode  : single (seed=50)
[17:31:53] [INFO ] 
[17:31:53] [INFO ] STEP 1 — Feature extraction
[17:31:53] [INFO ]   Loading navigation...
[17:31:53] [INFO ]   Loading SEG-Y...
[17:31:53] [ERROR] SKIPPING f287stks1 (namss.F-2-87-AA.mcs.airgun): hour must be in 0..23
[17:31:53] [ERROR]   Traceback (most recent call last):
[17:31:53] [ERROR]     File "/Users/lennylukach/Personal/School/CS4100/namss/pipeline/src/pipeline.py", line 848, in <module>
[17:31:53] [ERROR]       process_line(line, sgy_path, nav_path, dataset)
[17:31:53] [ERROR]     File "/Users/lennylukach/Personal/School/CS4100/namss/pipeline/src/pipeline.py", line 405, in process_line
[17:31:53] [ERROR]       st = read(sgy_path)
[17:31:53] [ERROR]     File "/Users/lennylukach/Personal/School/CS4100/namss/venv/lib/python3.10/site-packages/decorator.py", line 235, in fun
[17:31:53] [ERROR]       return caller(func, *(extras + args), **kw)
[17:31:53] [ERROR]     File "/Users/lennylukach/Personal/School/CS4100/namss/venv/lib/python3.10/site-packages/obspy/core/util/decorator.py", line 298, in _map_example_filename
[17:31:53] [ERROR]       return func(*args, **kwargs)
[17:31:53] [ERROR]     File "/Users/lennylukach/Personal/School/CS4100/namss/venv/lib/python3.10/site-packages/obspy/core/stream.py", line 210, in read
[17:31:53] [ERROR]       st = _generic_reader(pathname_or_url, _read, **kwargs)
[17:31:53] [ERROR]     File "/Users/lennylukach/Personal/School/CS4100/namss/venv/lib/python3.10/site-packages/obspy/core/util/base.py", line 822, in _generic_reader
[17:31:53] [ERROR]       generic = callback_func(pathnames[0], **kwargs)
[17:31:53] [ERROR]     File "/Users/lennylukach/Personal/School/CS4100/namss/venv/lib/python3.10/site-packages/decorator.py", line 235, in fun
[17:31:53] [ERROR]       return caller(func, *(extras + args), **kw)
[17:31:53] [ERROR]     File "/Users/lennylukach/Personal/School/CS4100/namss/venv/lib/python3.10/site-packages/obspy/core/util/decorator.py", line 209, in uncompress_file
[17:31:53] [ERROR]       result = func(filename, *args, **kwargs)
[17:31:53] [ERROR]     File "/Users/lennylukach/Personal/School/CS4100/namss/venv/lib/python3.10/site-packages/obspy/core/stream.py", line 255, in _read
[17:31:53] [ERROR]       stream, format = _read_from_plugin('waveform', filename, format=format,
[17:31:53] [ERROR]     File "/Users/lennylukach/Personal/School/CS4100/namss/venv/lib/python3.10/site-packages/obspy/core/util/base.py", line 559, in _read_from_plugin
[17:31:53] [ERROR]       list_obj = read_format(filename, **kwargs)
[17:31:53] [ERROR]     File "/Users/lennylukach/Personal/School/CS4100/namss/venv/lib/python3.10/site-packages/obspy/io/segy/core.py", line 204, in _read_segy
[17:31:53] [ERROR]       stream.append(tr.to_obspy_trace(
[17:31:53] [ERROR]     File "/Users/lennylukach/Personal/School/CS4100/namss/venv/lib/python3.10/site-packages/obspy/io/segy/segy.py", line 775, in to_obspy_trace
[17:31:53] [ERROR]       trace.stats.starttime = UTCDateTime(
[17:31:53] [ERROR]     File "/Users/lennylukach/Personal/School/CS4100/namss/venv/lib/python3.10/site-packages/obspy/core/utcdatetime.py", line 460, in __init__
[17:31:53] [ERROR]       dt = datetime.datetime(*args, **kwargs)
[17:31:53] [ERROR]   ValueError: hour must be in 0..23
[17:31:53] [INFO ] 
[17:31:53] [INFO ] ──────────────────────────────────────────────────
[17:31:53] [INFO ]   LINE: f287stks10
[17:31:53] [INFO ] ──────────────────────────────────────────────────
[17:31:53] [INFO ] Dataset  : namss.F-2-87-AA.mcs.airgun
[17:31:53] [INFO ] SGY      : ../../airgun_data/namss.F-2-87-AA.mcs.airgun/Data/f287stks10.sgy
[17:31:53] [INFO ] NAV      : ../../airgun_data/namss.F-2-87-AA.mcs.airgun/Navigation/f-2-87-aa_NAV-WGS84.csv
[17:31:53] [INFO ] SA mode  : single (seed=50)
[17:31:53] [INFO ] 
[17:31:53] [INFO ] STEP 1 — Feature extraction
[17:31:53] [INFO ]   Loading navigation...
[17:31:53] [INFO ]   Loading SEG-Y...
[17:31:53] [INFO ]   Traces: 713  Samples: 2500  dt: 4.000 ms
[17:31:53] [INFO ]   Depth:  0.0 m → 7497.0 m
[17:31:53] [INFO ]   Matching traces to navigation...
[17:31:53] [INFO ]   NAV line matched via translation: 'f287stks10' -> 'F287-S10'
[17:31:53] [INFO ]   Matched 712 / 713 traces
[17:31:53] [INFO ]   Bandpass filtering...
[17:31:53] [INFO ]   Computing seismic attributes...
[17:31:53] [INFO ]   Picking seafloor...
[17:31:53] [INFO ]   Seafloor depth: 1131–2136 m  (0 shallow traces masked)
[17:31:53] [INFO ]   Picking horizons...
[17:31:53] [INFO ]   Computing NCC coherence (slow)...
[17:31:53] [INFO ]   Saving CNN section image...
[17:31:54] [INFO ]   Saved: f287stks10_section_cnn.png  (2700x1500px)
[17:31:54] [INFO ]   Step 1 complete
[17:31:54] [INFO ] 
[17:31:54] [INFO ] STEP 2 — Fault detection
[17:31:54] [INFO ]   Mode: single SA run (seed=50)
[17:31:54] [INFO ]   Detected 2 high-confidence faults
[17:31:54] [INFO ]     Fault  1 | trace ~  157 | prob=0.773
[17:31:54] [INFO ]     Fault  2 | trace ~  426 | prob=0.651
[17:31:54] [INFO ]   Step 2 complete
[17:31:54] [INFO ] 
[17:31:54] [INFO ] STEP 3 — Bounding boxes
[17:31:54] [INFO ]   Box  1 | [300, 300, 645w, 141h px]
[17:31:54] [INFO ]   Box  2 | [1326, 396, 593w, 135h px]
[17:31:54] [INFO ]   Generated 2 boxes
[17:31:54] [INFO ]   Step 3 complete
[17:31:54] [INFO ] 
[17:31:54] [INFO ] STEP 4 — Dataset building
[17:31:54] [INFO ]   Saving labeled review image...
[17:31:55] [INFO ]   Saved: f287stks10_labeled.png
[17:31:55] [INFO ]   Split: train
[17:31:55] [INFO ]   Added 2 annotations to train.json
[17:31:55] [INFO ]   train.json: 91 images, 888 annotations
[17:31:55] [INFO ]   val.json:   22 images,  222 annotations
[17:31:55] [INFO ]   Step 4 complete
[17:31:55] [INFO ] 
[17:31:55] [INFO ]   DONE  f287stks10  →  train  |  2 faults  |  2 boxes
[17:31:55] [INFO ] 
[17:31:55] [INFO ] ──────────────────────────────────────────────────
[17:31:55] [INFO ]   LINE: f287stks2
[17:31:55] [INFO ] ──────────────────────────────────────────────────
[17:31:55] [INFO ] Dataset  : namss.F-2-87-AA.mcs.airgun
[17:31:55] [INFO ] SGY      : ../../airgun_data/namss.F-2-87-AA.mcs.airgun/Data/f287stks2.sgy
[17:31:55] [INFO ] NAV      : ../../airgun_data/namss.F-2-87-AA.mcs.airgun/Navigation/f-2-87-aa_NAV-WGS84.csv
[17:31:55] [INFO ] SA mode  : single (seed=50)
[17:31:55] [INFO ] 
[17:31:55] [INFO ] STEP 1 — Feature extraction
[17:31:55] [INFO ]   Loading navigation...
[17:31:55] [INFO ]   Loading SEG-Y...
[17:31:55] [INFO ]   Traces: 1804  Samples: 2500  dt: 4.000 ms
[17:31:55] [INFO ]   Depth:  0.0 m → 7497.0 m
[17:31:55] [INFO ]   Matching traces to navigation...
[17:31:55] [INFO ]   NAV line matched via translation: 'f287stks2' -> 'F287-S2'
[17:31:55] [INFO ]   Matched 1803 / 1804 traces
[17:31:55] [INFO ]   Bandpass filtering...
[17:31:55] [INFO ]   Computing seismic attributes...
[17:31:55] [INFO ]   Picking seafloor...
[17:31:55] [INFO ]   Seafloor depth: 4896–6702 m  (0 shallow traces masked)
[17:31:55] [INFO ]   Picking horizons...
[17:31:55] [INFO ]   Computing NCC coherence (slow)...
[17:31:55] [INFO ]   Saving CNN section image...
[17:31:56] [INFO ]   Saved: f287stks2_section_cnn.png  (2700x1500px)
[17:31:56] [INFO ]   Step 1 complete
[17:31:56] [INFO ] 
[17:31:56] [INFO ] STEP 2 — Fault detection
[17:31:56] [INFO ]   Mode: single SA run (seed=50)
[17:31:58] [INFO ]   Detected 6 high-confidence faults
[17:31:58] [INFO ]     Fault  1 | trace ~  109 | prob=0.644
[17:31:58] [INFO ]     Fault  2 | trace ~  421 | prob=0.673
[17:31:58] [INFO ]     Fault  3 | trace ~  677 | prob=0.751
[17:31:58] [INFO ]     Fault  4 | trace ~ 1056 | prob=0.708
[17:31:58] [INFO ]     Fault  5 | trace ~ 1380 | prob=0.612
[17:31:58] [INFO ]     Fault  6 | trace ~ 1670 | prob=0.683
[17:31:58] [INFO ]   Step 2 complete
[17:31:58] [INFO ] 
[17:31:58] [INFO ] STEP 3 — Bounding boxes
[17:31:58] [INFO ]   Box  1 | [20, 1261, 290w, 135h px]
[17:31:58] [INFO ]   Box  2 | [497, 1304, 290w, 141h px]
[17:31:58] [INFO ]   Box  3 | [937, 1327, 163w, 156h px]
[17:31:58] [INFO ]   Box  4 | [1462, 1326, 265w, 156h px]
[17:31:58] [INFO ]   Box  5 | [1838, 1031, 418w, 150h px]
[17:31:58] [INFO ]   Box  6 | [2356, 1044, 295w, 138h px]
[17:31:58] [INFO ]   Generated 6 boxes
[17:31:58] [INFO ]   Step 3 complete
[17:31:58] [INFO ] 
[17:31:58] [INFO ] STEP 4 — Dataset building
[17:31:58] [INFO ]   Saving labeled review image...
[17:31:58] [INFO ]   Saved: f287stks2_labeled.png
[17:31:58] [INFO ]   Split: train
[17:31:58] [INFO ]   Added 6 annotations to train.json
[17:31:58] [INFO ]   train.json: 92 images, 894 annotations
[17:31:58] [INFO ]   val.json:   22 images,  222 annotations
[17:31:58] [INFO ]   Step 4 complete
[17:31:58] [INFO ] 
[17:31:58] [INFO ]   DONE  f287stks2  →  train  |  6 faults  |  6 boxes
[17:31:58] [INFO ] 
[17:31:58] [INFO ] ──────────────────────────────────────────────────
[17:31:58] [INFO ]   LINE: f287stks3
[17:31:58] [INFO ] ──────────────────────────────────────────────────
[17:31:58] [INFO ] Dataset  : namss.F-2-87-AA.mcs.airgun
[17:31:58] [INFO ] SGY      : ../../airgun_data/namss.F-2-87-AA.mcs.airgun/Data/f287stks3.sgy
[17:31:58] [INFO ] NAV      : ../../airgun_data/namss.F-2-87-AA.mcs.airgun/Navigation/f-2-87-aa_NAV-WGS84.csv
[17:31:58] [INFO ] SA mode  : single (seed=50)
[17:31:58] [INFO ] 
[17:31:58] [INFO ] STEP 1 — Feature extraction
[17:31:58] [INFO ]   Loading navigation...
[17:31:58] [INFO ]   Loading SEG-Y...
[17:31:58] [INFO ]   Traces: 1135  Samples: 2500  dt: 4.000 ms
[17:31:58] [INFO ]   Depth:  0.0 m → 7497.0 m
[17:31:58] [INFO ]   Matching traces to navigation...
[17:31:58] [INFO ]   NAV line matched via translation: 'f287stks3' -> 'F287-S3'
[17:31:58] [INFO ]   Matched 1133 / 1135 traces
[17:31:58] [INFO ]   Bandpass filtering...
[17:31:58] [INFO ]   Computing seismic attributes...
[17:31:58] [INFO ]   Picking seafloor...
[17:31:59] [INFO ]   Seafloor depth: 5340–6711 m  (0 shallow traces masked)
[17:31:59] [INFO ]   Picking horizons...
[17:31:59] [INFO ]   Computing NCC coherence (slow)...
[17:31:59] [INFO ]   Saving CNN section image...
[17:31:59] [INFO ]   Saved: f287stks3_section_cnn.png  (2700x1500px)
[17:31:59] [INFO ]   Step 1 complete
[17:31:59] [INFO ] 
[17:31:59] [INFO ] STEP 2 — Fault detection
[17:31:59] [INFO ]   Mode: single SA run (seed=50)
[17:32:00] [INFO ]   Detected 4 high-confidence faults
[17:32:00] [INFO ]     Fault  1 | trace ~   97 | prob=0.760
[17:32:00] [INFO ]     Fault  2 | trace ~  354 | prob=0.635
[17:32:00] [INFO ]     Fault  3 | trace ~  866 | prob=0.743
[17:32:00] [INFO ]     Fault  4 | trace ~ 1093 | prob=0.761
[17:32:00] [INFO ]   Step 2 complete
[17:32:00] [INFO ] 
[17:32:00] [INFO ] STEP 3 — Bounding boxes
[17:32:00] [INFO ]   Box  1 | [0, 1065, 478w, 141h px]
[17:32:00] [INFO ]   Box  2 | [712, 1265, 259w, 144h px]
[17:32:00] [INFO ]   Box  3 | [1793, 1313, 583w, 135h px]
[17:32:00] [INFO ]   Box  4 | [2442, 1116, 258w, 138h px]
[17:32:00] [INFO ]   Generated 4 boxes
[17:32:00] [INFO ]   Step 3 complete
[17:32:00] [INFO ] 
[17:32:00] [INFO ] STEP 4 — Dataset building
[17:32:00] [INFO ]   Saving labeled review image...
[17:32:00] [INFO ]   Saved: f287stks3_labeled.png
[17:32:00] [INFO ]   Split: train
[17:32:00] [INFO ]   Added 4 annotations to train.json
[17:32:00] [INFO ]   train.json: 93 images, 898 annotations
[17:32:00] [INFO ]   val.json:   22 images,  222 annotations
[17:32:00] [INFO ]   Step 4 complete
[17:32:00] [INFO ] 
[17:32:00] [INFO ]   DONE  f287stks3  →  train  |  4 faults  |  4 boxes
[17:32:00] [INFO ] 
[17:32:00] [INFO ] ──────────────────────────────────────────────────
[17:32:00] [INFO ]   LINE: f287stks4
[17:32:00] [INFO ] ──────────────────────────────────────────────────
[17:32:00] [INFO ] Dataset  : namss.F-2-87-AA.mcs.airgun
[17:32:00] [INFO ] SGY      : ../../airgun_data/namss.F-2-87-AA.mcs.airgun/Data/f287stks4.sgy
[17:32:00] [INFO ] NAV      : ../../airgun_data/namss.F-2-87-AA.mcs.airgun/Navigation/f-2-87-aa_NAV-WGS84.csv
[17:32:00] [INFO ] SA mode  : single (seed=50)
[17:32:00] [INFO ] 
[17:32:00] [INFO ] STEP 1 — Feature extraction
[17:32:00] [INFO ]   Loading navigation...
[17:32:01] [INFO ]   Loading SEG-Y...
[17:32:01] [INFO ]   Traces: 653  Samples: 3500  dt: 4.000 ms
[17:32:01] [INFO ]   Depth:  0.0 m → 10497.0 m
[17:32:01] [INFO ]   Matching traces to navigation...
[17:32:01] [INFO ]   NAV line matched via translation: 'f287stks4' -> 'F287-S4'
[17:32:01] [INFO ]   Matched 652 / 653 traces
[17:32:01] [INFO ]   Bandpass filtering...
[17:32:01] [INFO ]   Computing seismic attributes...
[17:32:01] [INFO ]   Picking seafloor...
[17:32:01] [INFO ]   Seafloor depth: 5598–7125 m  (0 shallow traces masked)
[17:32:01] [INFO ]   Picking horizons...
[17:32:01] [INFO ]   Computing NCC coherence (slow)...
[17:32:01] [INFO ]   Saving CNN section image...
[17:32:01] [INFO ]   Saved: f287stks4_section_cnn.png  (2700x1500px)
[17:32:01] [INFO ]   Step 1 complete
[17:32:01] [INFO ] 
[17:32:01] [INFO ] STEP 2 — Fault detection
[17:32:01] [INFO ]   Mode: single SA run (seed=50)
[17:32:02] [INFO ]   Detected 2 high-confidence faults
[17:32:02] [INFO ]     Fault  1 | trace ~   31 | prob=0.707
[17:32:02] [INFO ]     Fault  2 | trace ~  589 | prob=0.713
[17:32:02] [INFO ]   Step 2 complete
[17:32:02] [INFO ] 
[17:32:02] [INFO ] STEP 3 — Bounding boxes
[17:32:02] [INFO ]   Box  1 | [0, 802, 456w, 103h px]
[17:32:02] [INFO ]   Box  2 | [2129, 1005, 571w, 101h px]
[17:32:02] [INFO ]   Generated 2 boxes
[17:32:02] [INFO ]   Step 3 complete
[17:32:02] [INFO ] 
[17:32:02] [INFO ] STEP 4 — Dataset building
[17:32:02] [INFO ]   Saving labeled review image...
[17:32:02] [INFO ]   Saved: f287stks4_labeled.png
[17:32:02] [INFO ]   Split: train
[17:32:02] [INFO ]   Added 2 annotations to train.json
[17:32:02] [INFO ]   train.json: 94 images, 900 annotations
[17:32:02] [INFO ]   val.json:   22 images,  222 annotations
[17:32:02] [INFO ]   Step 4 complete
[17:32:02] [INFO ] 
[17:32:02] [INFO ]   DONE  f287stks4  →  train  |  2 faults  |  2 boxes
[17:32:02] [INFO ] 
[17:32:02] [INFO ] ──────────────────────────────────────────────────
[17:32:02] [INFO ]   LINE: f287stks5
[17:32:02] [INFO ] ──────────────────────────────────────────────────
[17:32:02] [INFO ] Dataset  : namss.F-2-87-AA.mcs.airgun
[17:32:02] [INFO ] SGY      : ../../airgun_data/namss.F-2-87-AA.mcs.airgun/Data/f287stks5.sgy
[17:32:02] [INFO ] NAV      : ../../airgun_data/namss.F-2-87-AA.mcs.airgun/Navigation/f-2-87-aa_NAV-WGS84.csv
[17:32:02] [INFO ] SA mode  : single (seed=50)
[17:32:02] [INFO ] 
[17:32:02] [INFO ] STEP 1 — Feature extraction
[17:32:02] [INFO ]   Loading navigation...
[17:32:02] [INFO ]   Loading SEG-Y...
[17:32:02] [INFO ]   Traces: 573  Samples: 3500  dt: 4.000 ms
[17:32:02] [INFO ]   Depth:  0.0 m → 10497.0 m
[17:32:02] [INFO ]   Matching traces to navigation...
[17:32:02] [INFO ]   NAV line matched via translation: 'f287stks5' -> 'F287-S5'
[17:32:03] [INFO ]   Matched 572 / 573 traces
[17:32:03] [INFO ]   Bandpass filtering...
[17:32:03] [INFO ]   Computing seismic attributes...
[17:32:03] [INFO ]   Picking seafloor...
[17:32:03] [INFO ]   Seafloor depth: 6615–7008 m  (0 shallow traces masked)
[17:32:03] [INFO ]   Picking horizons...
[17:32:03] [INFO ]   Computing NCC coherence (slow)...
[17:32:03] [INFO ]   Saving CNN section image...
[17:32:03] [INFO ]   Saved: f287stks5_section_cnn.png  (2700x1500px)
[17:32:03] [INFO ]   Step 1 complete
[17:32:03] [INFO ] 
[17:32:03] [INFO ] STEP 2 — Fault detection
[17:32:03] [INFO ]   Mode: single SA run (seed=50)
[17:32:04] [INFO ]   Detected 1 high-confidence faults
[17:32:04] [INFO ]     Fault  1 | trace ~   59 | prob=0.715
[17:32:04] [INFO ]   Step 2 complete
[17:32:04] [INFO ] 
[17:32:04] [INFO ] STEP 3 — Bounding boxes
[17:32:04] [INFO ]   Box  1 | [0, 947, 783w, 108h px]
[17:32:04] [INFO ]   Generated 1 boxes
[17:32:04] [INFO ]   Step 3 complete
[17:32:04] [INFO ] 
[17:32:04] [INFO ] STEP 4 — Dataset building
[17:32:04] [INFO ]   Saving labeled review image...
[17:32:04] [INFO ]   Saved: f287stks5_labeled.png
[17:32:04] [INFO ]   Split: val
[17:32:04] [INFO ]   Added 1 annotations to val.json
[17:32:04] [INFO ]   train.json: 94 images, 900 annotations
[17:32:04] [INFO ]   val.json:   23 images,  223 annotations
[17:32:04] [INFO ]   Step 4 complete
[17:32:04] [INFO ] 
[17:32:04] [INFO ]   DONE  f287stks5  →  val  |  1 faults  |  1 boxes
[17:32:04] [INFO ] 
[17:32:04] [INFO ] ──────────────────────────────────────────────────
[17:32:04] [INFO ]   LINE: f287stks7
[17:32:04] [INFO ] ──────────────────────────────────────────────────
[17:32:04] [INFO ] Dataset  : namss.F-2-87-AA.mcs.airgun
[17:32:04] [INFO ] SGY      : ../../airgun_data/namss.F-2-87-AA.mcs.airgun/Data/f287stks7.sgy
[17:32:04] [INFO ] NAV      : ../../airgun_data/namss.F-2-87-AA.mcs.airgun/Navigation/f-2-87-aa_NAV-WGS84.csv
[17:32:04] [INFO ] SA mode  : single (seed=50)
[17:32:04] [INFO ] 
[17:32:04] [INFO ] STEP 1 — Feature extraction
[17:32:04] [INFO ]   Loading navigation...
[17:32:04] [INFO ]   Loading SEG-Y...
[17:32:04] [INFO ]   Traces: 487  Samples: 3250  dt: 4.000 ms
[17:32:04] [INFO ]   Depth:  0.0 m → 9747.0 m
[17:32:04] [INFO ]   Matching traces to navigation...
[17:32:04] [INFO ]   NAV line matched via translation: 'f287stks7' -> 'F287-S7'
[17:32:04] [INFO ]   Matched 486 / 487 traces
[17:32:04] [INFO ]   Bandpass filtering...
[17:32:04] [INFO ]   Computing seismic attributes...
[17:32:04] [INFO ]   Picking seafloor...
[17:32:04] [INFO ]   Seafloor depth: 5322–6249 m  (0 shallow traces masked)
[17:32:04] [INFO ]   Picking horizons...
[17:32:04] [INFO ]   Computing NCC coherence (slow)...
[17:32:04] [INFO ]   Saving CNN section image...
[17:32:04] [INFO ]   Saved: f287stks7_section_cnn.png  (2700x1500px)
[17:32:04] [INFO ]   Step 1 complete
[17:32:04] [INFO ] 
[17:32:04] [INFO ] STEP 2 — Fault detection
[17:32:04] [INFO ]   Mode: single SA run (seed=50)
[17:32:05] [INFO ]   Detected 2 high-confidence faults
[17:32:05] [INFO ]     Fault  1 | trace ~   44 | prob=0.645
[17:32:05] [INFO ]     Fault  2 | trace ~  279 | prob=0.724
[17:32:05] [INFO ]   Step 2 complete
[17:32:05] [INFO ] 
[17:32:05] [INFO ] STEP 3 — Bounding boxes
[17:32:05] [INFO ]   Box  1 | [0, 939, 711w, 114h px]
[17:32:05] [INFO ]   Box  2 | [956, 815, 1133w, 119h px]
[17:32:05] [INFO ]   Generated 2 boxes
[17:32:05] [INFO ]   Step 3 complete
[17:32:05] [INFO ] 
[17:32:05] [INFO ] STEP 4 — Dataset building
[17:32:05] [INFO ]   Saving labeled review image...
[17:32:05] [INFO ]   Saved: f287stks7_labeled.png
[17:32:05] [INFO ]   Split: train
[17:32:05] [INFO ]   Added 2 annotations to train.json
[17:32:05] [INFO ]   train.json: 95 images, 902 annotations
[17:32:05] [INFO ]   val.json:   23 images,  223 annotations
[17:32:05] [INFO ]   Step 4 complete
[17:32:05] [INFO ] 
[17:32:05] [INFO ]   DONE  f287stks7  →  train  |  2 faults  |  2 boxes
[17:32:05] [INFO ] 
[17:32:05] [INFO ] ──────────────────────────────────────────────────
[17:32:05] [INFO ]   LINE: f287stks8
[17:32:05] [INFO ] ──────────────────────────────────────────────────
[17:32:05] [INFO ] Dataset  : namss.F-2-87-AA.mcs.airgun
[17:32:05] [INFO ] SGY      : ../../airgun_data/namss.F-2-87-AA.mcs.airgun/Data/f287stks8.sgy
[17:32:05] [INFO ] NAV      : ../../airgun_data/namss.F-2-87-AA.mcs.airgun/Navigation/f-2-87-aa_NAV-WGS84.csv
[17:32:05] [INFO ] SA mode  : single (seed=50)
[17:32:05] [INFO ] 
[17:32:05] [INFO ] STEP 1 — Feature extraction
[17:32:05] [INFO ]   Loading navigation...
[17:32:05] [INFO ]   Loading SEG-Y...
[17:32:05] [INFO ]   Traces: 292  Samples: 3000  dt: 4.000 ms
[17:32:05] [INFO ]   Depth:  0.0 m → 8997.0 m
[17:32:05] [INFO ]   Matching traces to navigation...
[17:32:05] [INFO ]   NAV line matched via translation: 'f287stks8' -> 'F287-S8'
[17:32:05] [INFO ]   Matched 291 / 292 traces
[17:32:05] [INFO ]   Bandpass filtering...
[17:32:05] [INFO ]   Computing seismic attributes...
[17:32:05] [INFO ]   Picking seafloor...
[17:32:05] [INFO ]   Seafloor depth: 4236–5043 m  (0 shallow traces masked)
[17:32:05] [INFO ]   Picking horizons...
[17:32:05] [INFO ]   Computing NCC coherence (slow)...
[17:32:05] [INFO ]   Saving CNN section image...
[17:32:06] [INFO ]   Saved: f287stks8_section_cnn.png  (2700x1500px)
[17:32:06] [INFO ]   Step 1 complete
[17:32:06] [INFO ] 
[17:32:06] [INFO ] STEP 2 — Fault detection
[17:32:06] [INFO ]   Mode: single SA run (seed=50)
[17:32:06] [INFO ]   Detected 0 high-confidence faults
[17:32:06] [INFO ]   Step 2 complete
[17:32:06] [INFO ] 
[17:32:06] [INFO ] STEP 3 — Bounding boxes
[17:32:06] [INFO ]   Generated 0 boxes
[17:32:06] [INFO ]   Step 3 complete
[17:32:06] [INFO ] 
[17:32:06] [INFO ] STEP 4 — Dataset building
[17:32:06] [INFO ]   Saving labeled review image...
[17:32:06] [INFO ]   Saved: f287stks8_labeled.png
[17:32:06] [INFO ]   Split: train
[17:32:06] [INFO ]   Added 0 annotations to train.json
[17:32:06] [INFO ]   train.json: 96 images, 902 annotations
[17:32:06] [INFO ]   val.json:   23 images,  223 annotations
[17:32:06] [INFO ]   Step 4 complete
[17:32:06] [INFO ] 
[17:32:06] [INFO ]   DONE  f287stks8  →  train  |  0 faults  |  0 boxes
[17:32:06] [INFO ] 
[17:32:06] [INFO ] ──────────────────────────────────────────────────
[17:32:06] [INFO ]   LINE: f287stks9
[17:32:06] [INFO ] ──────────────────────────────────────────────────
[17:32:06] [INFO ] Dataset  : namss.F-2-87-AA.mcs.airgun
[17:32:06] [INFO ] SGY      : ../../airgun_data/namss.F-2-87-AA.mcs.airgun/Data/f287stks9.sgy
[17:32:06] [INFO ] NAV      : ../../airgun_data/namss.F-2-87-AA.mcs.airgun/Navigation/f-2-87-aa_NAV-WGS84.csv
[17:32:06] [INFO ] SA mode  : single (seed=50)
[17:32:06] [INFO ] 
[17:32:06] [INFO ] STEP 1 — Feature extraction
[17:32:06] [INFO ]   Loading navigation...
[17:32:06] [INFO ]   Loading SEG-Y...
[17:32:06] [INFO ]   Traces: 1519  Samples: 2500  dt: 4.000 ms
[17:32:06] [INFO ]   Depth:  0.0 m → 7497.0 m
[17:32:06] [INFO ]   Matching traces to navigation...
[17:32:06] [INFO ]   NAV line matched via translation: 'f287stks9' -> 'F287-S9'
[17:32:07] [INFO ]   Matched 1518 / 1519 traces
[17:32:07] [INFO ]   Bandpass filtering...
[17:32:07] [INFO ]   Computing seismic attributes...
[17:32:07] [INFO ]   Picking seafloor...
[17:32:07] [INFO ]   Seafloor depth: 1077–6678 m  (0 shallow traces masked)
[17:32:07] [INFO ]   Picking horizons...
[17:32:07] [INFO ]   Computing NCC coherence (slow)...
[17:32:07] [INFO ]   Saving CNN section image...
[17:32:07] [INFO ]   Saved: f287stks9_section_cnn.png  (2700x1500px)
[17:32:07] [INFO ]   Step 1 complete
[17:32:07] [INFO ] 
[17:32:07] [INFO ] STEP 2 — Fault detection
[17:32:07] [INFO ]   Mode: single SA run (seed=50)
[17:32:09] [INFO ]   Detected 3 high-confidence faults
[17:32:09] [INFO ]     Fault  1 | trace ~  809 | prob=0.664
[17:32:09] [INFO ]     Fault  2 | trace ~ 1096 | prob=0.709
[17:32:09] [INFO ]     Fault  3 | trace ~ 1400 | prob=0.716
[17:32:09] [INFO ]   Step 2 complete
[17:32:09] [INFO ] 
[17:32:09] [INFO ] STEP 3 — Bounding boxes
[17:32:09] [INFO ]   Box  1 | [1309, 524, 272w, 138h px]
[17:32:09] [INFO ]   Box  2 | [1848, 421, 218w, 138h px]
[17:32:09] [INFO ]   Box  3 | [2288, 379, 412w, 132h px]
[17:32:09] [INFO ]   Generated 3 boxes
[17:32:09] [INFO ]   Step 3 complete
[17:32:09] [INFO ] 
[17:32:09] [INFO ] STEP 4 — Dataset building
[17:32:09] [INFO ]   Saving labeled review image...
[17:32:09] [INFO ]   Saved: f287stks9_labeled.png
[17:32:09] [INFO ]   Split: train
[17:32:09] [INFO ]   Added 3 annotations to train.json
[17:32:09] [INFO ]   train.json: 97 images, 905 annotations
[17:32:09] [INFO ]   val.json:   23 images,  223 annotations
[17:32:09] [INFO ]   Step 4 complete
[17:32:09] [INFO ] 
[17:32:09] [INFO ]   DONE  f287stks9  →  train  |  3 faults  |  3 boxes
[17:32:09] [INFO ] 
[17:32:09] [INFO ] ──────────────────────────────────────────────────
[17:32:09] [INFO ]   LINE: f387stk01
[17:32:09] [INFO ] ──────────────────────────────────────────────────
[17:32:09] [INFO ] Dataset  : namss.F-3-87-AA.mcs.airgun
[17:32:09] [INFO ] SGY      : ../../airgun_data/namss.F-3-87-AA.mcs.airgun/Data/f387stk01.sgy
[17:32:09] [INFO ] NAV      : ../../airgun_data/namss.F-3-87-AA.mcs.airgun/Navigation/f-3-87-aa_NAV-WGS84.csv
[17:32:09] [INFO ] SA mode  : single (seed=50)
[17:32:09] [INFO ] 
[17:32:09] [INFO ] STEP 1 — Feature extraction
[17:32:09] [INFO ]   Loading navigation...
[17:32:09] [INFO ]   Loading SEG-Y...
[17:32:09] [INFO ]   Traces: 3149  Samples: 3000  dt: 4.000 ms
[17:32:09] [INFO ]   Depth:  0.0 m → 8997.0 m
[17:32:09] [INFO ]   Matching traces to navigation...
[17:32:09] [INFO ]   NAV line matched via translation: 'f387stk01' -> 'F387-1'
[17:32:09] [INFO ]   Matched 3147 / 3149 traces
[17:32:09] [INFO ]   Bandpass filtering...
[17:32:09] [INFO ]   Computing seismic attributes...
[17:32:10] [INFO ]   Picking seafloor...
[17:32:10] [INFO ]   Seafloor depth: 0–5880 m  (268 shallow traces masked)
[17:32:10] [INFO ]   Picking horizons...
[17:32:10] [INFO ]   Computing NCC coherence (slow)...
[17:32:11] [INFO ]   Saving CNN section image...
[17:33:38] [INFO ]   Saved: f387stk01_section_cnn.png  (2700x1500px)
[17:33:38] [INFO ]   Step 1 complete
[17:33:38] [INFO ] 
[17:33:38] [INFO ] STEP 2 — Fault detection
[17:33:38] [INFO ]   Mode: single SA run (seed=50)
[17:33:42] [INFO ]   Detected 9 high-confidence faults
[17:33:42] [INFO ]     Fault  1 | trace ~   24 | prob=0.577
[17:33:42] [INFO ]     Fault  2 | trace ~  284 | prob=0.661
[17:33:42] [INFO ]     Fault  3 | trace ~  799 | prob=0.606
[17:33:42] [INFO ]     Fault  4 | trace ~ 1064 | prob=0.660
[17:33:42] [INFO ]     Fault  5 | trace ~ 1348 | prob=0.652
[17:33:42] [INFO ]     Fault  6 | trace ~ 1949 | prob=0.666
[17:33:42] [INFO ]     Fault  7 | trace ~ 2359 | prob=0.650
[17:33:42] [INFO ]     Fault  8 | trace ~ 2695 | prob=0.661
[17:33:42] [INFO ]     Fault  9 | trace ~ 3091 | prob=0.682
[17:33:42] [INFO ]   Step 2 complete
[17:33:42] [INFO ] 
[17:33:42] [INFO ] STEP 3 — Bounding boxes
[17:33:42] [INFO ]   Box  1 | [0, 968, 77w, 112h px]
[17:33:42] [INFO ]   Box  2 | [165, 747, 149w, 129h px]
[17:33:42] [INFO ]   Box  3 | [605, 909, 178w, 109h px]
[17:33:42] [INFO ]   Box  4 | [822, 871, 181w, 124h px]
[17:33:42] [INFO ]   Box  5 | [1065, 914, 172w, 114h px]
[17:33:42] [INFO ]   Box  6 | [1613, 788, 123w, 122h px]
[17:33:42] [INFO ]   Box  7 | [1946, 612, 155w, 124h px]
[17:33:42] [INFO ]   Box  8 | [2259, 709, 109w, 117h px]
[17:33:42] [INFO ]   Box  9 | [2592, 716, 108w, 122h px]
[17:33:42] [INFO ]   Generated 9 boxes
[17:33:42] [INFO ]   Step 3 complete
[17:33:42] [INFO ] 
[17:33:42] [INFO ] STEP 4 — Dataset building
[17:33:42] [INFO ]   Saving labeled review image...
[17:33:42] [INFO ]   Saved: f387stk01_labeled.png
[17:33:42] [INFO ]   Split: train
[17:33:42] [INFO ]   Added 9 annotations to train.json
[17:33:42] [INFO ]   train.json: 98 images, 914 annotations
[17:33:42] [INFO ]   val.json:   23 images,  223 annotations
[17:33:42] [INFO ]   Step 4 complete
[17:33:42] [INFO ] 
[17:33:42] [INFO ]   DONE  f387stk01  →  train  |  9 faults  |  9 boxes
[17:33:42] [INFO ] 
[17:33:42] [INFO ] ──────────────────────────────────────────────────
[17:33:42] [INFO ]   LINE: f387stk02
[17:33:42] [INFO ] ──────────────────────────────────────────────────
[17:33:42] [INFO ] Dataset  : namss.F-3-87-AA.mcs.airgun
[17:33:42] [INFO ] SGY      : ../../airgun_data/namss.F-3-87-AA.mcs.airgun/Data/f387stk02.sgy
[17:33:42] [INFO ] NAV      : ../../airgun_data/namss.F-3-87-AA.mcs.airgun/Navigation/f-3-87-aa_NAV-WGS84.csv
[17:33:42] [INFO ] SA mode  : single (seed=50)
[17:33:42] [INFO ] 
[17:33:42] [INFO ] STEP 1 — Feature extraction
[17:33:42] [INFO ]   Loading navigation...
[17:33:42] [INFO ]   Loading SEG-Y...
[17:33:42] [INFO ]   Traces: 372  Samples: 3000  dt: 4.000 ms
[17:33:42] [INFO ]   Depth:  0.0 m → 8997.0 m
[17:33:42] [INFO ]   Matching traces to navigation...
[17:33:42] [INFO ]   NAV line matched via translation: 'f387stk02' -> 'F387-2'
[17:33:42] [INFO ]   Matched 371 / 372 traces
[17:33:42] [INFO ]   Bandpass filtering...
[17:33:42] [INFO ]   Computing seismic attributes...
[17:33:42] [INFO ]   Picking seafloor...
[17:33:42] [INFO ]   Seafloor depth: 3444–4041 m  (0 shallow traces masked)
[17:33:42] [INFO ]   Picking horizons...
[17:33:42] [INFO ]   Computing NCC coherence (slow)...
[17:33:42] [INFO ]   Saving CNN section image...
[17:33:42] [INFO ]   Saved: f387stk02_section_cnn.png  (2700x1500px)
[17:33:42] [INFO ]   Step 1 complete
[17:33:42] [INFO ] 
[17:33:42] [INFO ] STEP 2 — Fault detection
[17:33:42] [INFO ]   Mode: single SA run (seed=50)
[17:33:43] [INFO ]   Detected 2 high-confidence faults
[17:33:43] [INFO ]     Fault  1 | trace ~   28 | prob=0.819
[17:33:43] [INFO ]     Fault  2 | trace ~  342 | prob=0.766
[17:33:43] [INFO ]   Step 2 complete
[17:33:43] [INFO ] 
[17:33:43] [INFO ] STEP 3 — Bounding boxes
[17:33:43] [INFO ]   Box  1 | [0, 644, 601w, 117h px]
[17:33:43] [INFO ]   Box  2 | [1985, 662, 715w, 114h px]
[17:33:43] [INFO ]   Generated 2 boxes
[17:33:43] [INFO ]   Step 3 complete
[17:33:43] [INFO ] 
[17:33:43] [INFO ] STEP 4 — Dataset building
[17:33:43] [INFO ]   Saving labeled review image...
[17:33:43] [INFO ]   Saved: f387stk02_labeled.png
[17:33:43] [INFO ]   Split: val
[17:33:43] [INFO ]   Added 2 annotations to val.json
[17:33:43] [INFO ]   train.json: 98 images, 914 annotations
[17:33:43] [INFO ]   val.json:   24 images,  225 annotations
[17:33:43] [INFO ]   Step 4 complete
[17:33:43] [INFO ] 
[17:33:43] [INFO ]   DONE  f387stk02  →  val  |  2 faults  |  2 boxes
[17:33:43] [INFO ] 
[17:33:43] [INFO ] ──────────────────────────────────────────────────
[17:33:43] [INFO ]   LINE: f387stk03
[17:33:43] [INFO ] ──────────────────────────────────────────────────
[17:33:43] [INFO ] Dataset  : namss.F-3-87-AA.mcs.airgun
[17:33:43] [INFO ] SGY      : ../../airgun_data/namss.F-3-87-AA.mcs.airgun/Data/f387stk03.sgy
[17:33:43] [INFO ] NAV      : ../../airgun_data/namss.F-3-87-AA.mcs.airgun/Navigation/f-3-87-aa_NAV-WGS84.csv
[17:33:43] [INFO ] SA mode  : single (seed=50)
[17:33:43] [INFO ] 
[17:33:43] [INFO ] STEP 1 — Feature extraction
[17:33:43] [INFO ]   Loading navigation...
[17:33:43] [INFO ]   Loading SEG-Y...
[17:33:43] [INFO ]   Traces: 3956  Samples: 3000  dt: 4.000 ms
[17:33:43] [INFO ]   Depth:  0.0 m → 8997.0 m
[17:33:43] [INFO ]   Matching traces to navigation...
[17:33:43] [INFO ]   NAV line matched via translation: 'f387stk03' -> 'F387-3'
[17:33:44] [INFO ]   Matched 3954 / 3956 traces
[17:33:44] [INFO ]   Bandpass filtering...
[17:33:44] [INFO ]   Computing seismic attributes...
[17:33:44] [INFO ]   Picking seafloor...
[17:33:45] [INFO ]   Seafloor depth: 4068–5721 m  (0 shallow traces masked)
[17:33:45] [INFO ]   Picking horizons...
[17:33:45] [INFO ]   Computing NCC coherence (slow)...
[17:33:45] [INFO ]   Saving CNN section image...
[17:33:46] [INFO ]   Saved: f387stk03_section_cnn.png  (2700x1500px)
[17:33:46] [INFO ]   Step 1 complete
[17:33:46] [INFO ] 
[17:33:46] [INFO ] STEP 2 — Fault detection
[17:33:46] [INFO ]   Mode: single SA run (seed=50)
[17:33:51] [INFO ]   Detected 12 high-confidence faults
[17:33:51] [INFO ]     Fault  1 | trace ~  168 | prob=0.682
[17:33:51] [INFO ]     Fault  2 | trace ~  360 | prob=0.634
[17:33:51] [INFO ]     Fault  3 | trace ~  713 | prob=0.701
[17:33:51] [INFO ]     Fault  4 | trace ~  915 | prob=0.695
[17:33:51] [INFO ]     Fault  5 | trace ~ 1344 | prob=0.709
[17:33:51] [INFO ]     Fault  6 | trace ~ 1563 | prob=0.663
[17:33:51] [INFO ]     Fault  7 | trace ~ 1806 | prob=0.652
[17:33:51] [INFO ]     Fault  8 | trace ~ 2140 | prob=0.696
[17:33:51] [INFO ]     Fault  9 | trace ~ 2445 | prob=0.648
[17:33:51] [INFO ]     Fault 10 | trace ~ 3095 | prob=0.662
[17:33:51] [INFO ]     Fault 11 | trace ~ 3494 | prob=0.680
[17:33:51] [INFO ]     Fault 12 | trace ~ 3917 | prob=0.660
[17:33:51] [INFO ]   Step 2 complete
[17:33:51] [INFO ] 
[17:33:51] [INFO ] STEP 3 — Bounding boxes
[17:33:51] [INFO ]   Box  1 | [47, 794, 125w, 127h px]
[17:33:51] [INFO ]   Box  2 | [179, 779, 128w, 124h px]
[17:33:51] [INFO ]   Box  3 | [432, 696, 111w, 124h px]
[17:33:51] [INFO ]   Box  4 | [558, 800, 132w, 117h px]
[17:33:51] [INFO ]   Box  5 | [868, 778, 101w, 119h px]
[17:33:51] [INFO ]   Box  6 | [984, 712, 167w, 124h px]
[17:33:51] [INFO ]   Box  7 | [1172, 835, 125w, 122h px]
[17:33:51] [INFO ]   Box  8 | [1411, 884, 102w, 117h px]
[17:33:51] [INFO ]   Box  9 | [1617, 941, 105w, 119h px]
[17:33:51] [INFO ]   Box 10 | [2054, 666, 112w, 124h px]
[17:33:51] [INFO ]   Box 11 | [2306, 888, 156w, 124h px]
[17:33:51] [INFO ]   Box 12 | [2614, 789, 86w, 117h px]
[17:33:51] [INFO ]   Generated 12 boxes
[17:33:51] [INFO ]   Step 3 complete
[17:33:51] [INFO ] 
[17:33:51] [INFO ] STEP 4 — Dataset building
[17:33:51] [INFO ]   Saving labeled review image...
[17:33:51] [INFO ]   Saved: f387stk03_labeled.png
[17:33:51] [INFO ]   Split: train
[17:33:51] [INFO ]   Added 12 annotations to train.json
[17:33:51] [INFO ]   train.json: 99 images, 926 annotations
[17:33:51] [INFO ]   val.json:   24 images,  225 annotations
[17:33:51] [INFO ]   Step 4 complete
[17:33:51] [INFO ] 
[17:33:51] [INFO ]   DONE  f387stk03  →  train  |  12 faults  |  12 boxes
[17:33:51] [INFO ] 
[17:33:51] [INFO ] ──────────────────────────────────────────────────
[17:33:51] [INFO ]   LINE: f387stk04
[17:33:51] [INFO ] ──────────────────────────────────────────────────
[17:33:51] [INFO ] Dataset  : namss.F-3-87-AA.mcs.airgun
[17:33:51] [INFO ] SGY      : ../../airgun_data/namss.F-3-87-AA.mcs.airgun/Data/f387stk04.sgy
[17:33:51] [INFO ] NAV      : ../../airgun_data/namss.F-3-87-AA.mcs.airgun/Navigation/f-3-87-aa_NAV-WGS84.csv
[17:33:51] [INFO ] SA mode  : single (seed=50)
[17:33:51] [INFO ] 
[17:33:51] [INFO ] STEP 1 — Feature extraction
[17:33:51] [INFO ]   Loading navigation...
[17:33:51] [INFO ]   Loading SEG-Y...
[17:33:51] [INFO ]   Traces: 702  Samples: 3000  dt: 4.000 ms
[17:33:51] [INFO ]   Depth:  0.0 m → 8997.0 m
[17:33:51] [INFO ]   Matching traces to navigation...
[17:33:51] [INFO ]   NAV line matched via translation: 'f387stk04' -> 'F387-4'
[17:33:52] [INFO ]   Matched 701 / 702 traces
[17:33:52] [INFO ]   Bandpass filtering...
[17:33:52] [INFO ]   Computing seismic attributes...
[17:33:52] [INFO ]   Picking seafloor...
[17:33:52] [INFO ]   Seafloor depth: 4551–5088 m  (0 shallow traces masked)
[17:33:52] [INFO ]   Picking horizons...
[17:33:52] [INFO ]   Computing NCC coherence (slow)...
[17:33:52] [INFO ]   Saving CNN section image...
[17:33:52] [INFO ]   Saved: f387stk04_section_cnn.png  (2700x1500px)
[17:33:52] [INFO ]   Step 1 complete
[17:33:52] [INFO ] 
[17:33:52] [INFO ] STEP 2 — Fault detection
[17:33:52] [INFO ]   Mode: single SA run (seed=50)
[17:33:53] [INFO ]   Detected 3 high-confidence faults
[17:33:53] [INFO ]     Fault  1 | trace ~  151 | prob=0.733
[17:33:53] [INFO ]     Fault  2 | trace ~  390 | prob=0.681
[17:33:53] [INFO ]     Fault  3 | trace ~  626 | prob=0.692
[17:33:53] [INFO ]   Step 2 complete
[17:33:53] [INFO ] 
[17:33:53] [INFO ] STEP 3 — Bounding boxes
[17:33:53] [INFO ]   Box  1 | [163, 762, 904w, 122h px]
[17:33:53] [INFO ]   Box  2 | [1207, 834, 563w, 132h px]
[17:33:53] [INFO ]   Box  3 | [2040, 819, 660w, 117h px]
[17:33:53] [INFO ]   Generated 3 boxes
[17:33:53] [INFO ]   Step 3 complete
[17:33:53] [INFO ] 
[17:33:53] [INFO ] STEP 4 — Dataset building
[17:33:53] [INFO ]   Saving labeled review image...
[17:33:53] [INFO ]   Saved: f387stk04_labeled.png
[17:33:53] [INFO ]   Split: train
[17:33:53] [INFO ]   Added 3 annotations to train.json
[17:33:53] [INFO ]   train.json: 100 images, 929 annotations
[17:33:53] [INFO ]   val.json:   24 images,  225 annotations
[17:33:53] [INFO ]   Step 4 complete
[17:33:53] [INFO ] 
[17:33:53] [INFO ]   DONE  f387stk04  →  train  |  3 faults  |  3 boxes
[17:33:53] [INFO ] 
[17:33:53] [INFO ] ──────────────────────────────────────────────────
[17:33:53] [INFO ]   LINE: f387stk05
[17:33:53] [INFO ] ──────────────────────────────────────────────────
[17:33:53] [INFO ] Dataset  : namss.F-3-87-AA.mcs.airgun
[17:33:53] [INFO ] SGY      : ../../airgun_data/namss.F-3-87-AA.mcs.airgun/Data/f387stk05.sgy
[17:33:53] [INFO ] NAV      : ../../airgun_data/namss.F-3-87-AA.mcs.airgun/Navigation/f-3-87-aa_NAV-WGS84.csv
[17:33:53] [INFO ] SA mode  : single (seed=50)
[17:33:53] [INFO ] 
[17:33:53] [INFO ] STEP 1 — Feature extraction
[17:33:53] [INFO ]   Loading navigation...
[17:33:53] [INFO ]   Loading SEG-Y...
[17:33:53] [INFO ]   Traces: 2998  Samples: 3000  dt: 4.000 ms
[17:33:53] [INFO ]   Depth:  0.0 m → 8997.0 m
[17:33:53] [INFO ]   Matching traces to navigation...
[17:33:53] [INFO ]   NAV line matched via translation: 'f387stk05' -> 'F387-5'
[17:33:54] [INFO ]   Matched 2995 / 2998 traces
[17:33:54] [INFO ]   Bandpass filtering...
[17:33:54] [INFO ]   Computing seismic attributes...
[17:33:54] [INFO ]   Picking seafloor...
[17:33:54] [INFO ]   Seafloor depth: 0–3864 m  (350 shallow traces masked)
[17:33:54] [INFO ]   Picking horizons...
[17:33:55] [INFO ]   Computing NCC coherence (slow)...
[17:33:55] [INFO ]   Saving CNN section image...
[17:33:55] [INFO ]   Saved: f387stk05_section_cnn.png  (2700x1500px)
[17:33:55] [INFO ]   Step 1 complete
[17:33:55] [INFO ] 
[17:33:55] [INFO ] STEP 2 — Fault detection
[17:33:55] [INFO ]   Mode: single SA run (seed=50)
[17:33:59] [INFO ]   Detected 8 high-confidence faults
[17:33:59] [INFO ]     Fault  1 | trace ~  105 | prob=0.678
[17:33:59] [INFO ]     Fault  2 | trace ~  617 | prob=0.663
[17:33:59] [INFO ]     Fault  3 | trace ~ 1247 | prob=0.668
[17:33:59] [INFO ]     Fault  4 | trace ~ 1806 | prob=0.611
[17:33:59] [INFO ]     Fault  5 | trace ~ 2116 | prob=0.651
[17:33:59] [INFO ]     Fault  6 | trace ~ 2469 | prob=0.657
[17:33:59] [INFO ]     Fault  7 | trace ~ 2711 | prob=0.638
[17:33:59] [INFO ]     Fault  8 | trace ~ 2951 | prob=0.639
[17:33:59] [INFO ]   Step 2 complete
[17:33:59] [INFO ] 
[17:33:59] [INFO ] STEP 3 — Bounding boxes
[17:33:59] [INFO ]   Box  1 | [0, 619, 183w, 124h px]
[17:33:59] [INFO ]   Box  2 | [474, 625, 162w, 124h px]
[17:33:59] [INFO ]   Box  3 | [1066, 631, 113w, 122h px]
[17:33:59] [INFO ]   Box  4 | [1567, 626, 120w, 124h px]
[17:33:59] [INFO ]   Box  5 | [1812, 624, 208w, 119h px]
[17:33:59] [INFO ]   Box  6 | [2159, 613, 126w, 132h px]
[17:33:59] [INFO ]   Box  7 | [2371, 622, 144w, 122h px]
[17:33:59] [INFO ]   Box  8 | [2571, 618, 129w, 124h px]
[17:33:59] [INFO ]   Generated 8 boxes
[17:33:59] [INFO ]   Step 3 complete
[17:33:59] [INFO ] 
[17:33:59] [INFO ] STEP 4 — Dataset building
[17:33:59] [INFO ]   Saving labeled review image...
[17:33:59] [INFO ]   Saved: f387stk05_labeled.png
[17:33:59] [INFO ]   Split: train
[17:33:59] [INFO ]   Added 8 annotations to train.json
[17:33:59] [INFO ]   train.json: 101 images, 937 annotations
[17:33:59] [INFO ]   val.json:   24 images,  225 annotations
[17:33:59] [INFO ]   Step 4 complete
[17:33:59] [INFO ] 
[17:33:59] [INFO ]   DONE  f387stk05  →  train  |  8 faults  |  8 boxes
[17:33:59] [INFO ] 
[17:33:59] [INFO ] ──────────────────────────────────────────────────
[17:33:59] [INFO ]   LINE: f387stk06
[17:33:59] [INFO ] ──────────────────────────────────────────────────
[17:33:59] [INFO ] Dataset  : namss.F-3-87-AA.mcs.airgun
[17:33:59] [INFO ] SGY      : ../../airgun_data/namss.F-3-87-AA.mcs.airgun/Data/f387stk06.sgy
[17:33:59] [INFO ] NAV      : ../../airgun_data/namss.F-3-87-AA.mcs.airgun/Navigation/f-3-87-aa_NAV-WGS84.csv
[17:33:59] [INFO ] SA mode  : single (seed=50)
[17:33:59] [INFO ] 
[17:33:59] [INFO ] STEP 1 — Feature extraction
[17:33:59] [INFO ]   Loading navigation...
[17:33:59] [INFO ]   Loading SEG-Y...
[17:33:59] [INFO ]   Traces: 813  Samples: 3000  dt: 4.000 ms
[17:33:59] [INFO ]   Depth:  0.0 m → 8997.0 m
[17:33:59] [INFO ]   Matching traces to navigation...
[17:33:59] [INFO ]   NAV line matched via translation: 'f387stk06' -> 'F387-6'
[17:33:59] [INFO ]   Matched 812 / 813 traces
[17:33:59] [INFO ]   Bandpass filtering...
[17:33:59] [INFO ]   Computing seismic attributes...
[17:33:59] [INFO ]   Picking seafloor...
[17:33:59] [INFO ]   Seafloor depth: 3645–4962 m  (0 shallow traces masked)
[17:33:59] [INFO ]   Picking horizons...
[17:34:00] [INFO ]   Computing NCC coherence (slow)...
[17:34:00] [INFO ]   Saving CNN section image...
[17:34:00] [INFO ]   Saved: f387stk06_section_cnn.png  (2700x1500px)
[17:34:00] [INFO ]   Step 1 complete
[17:34:00] [INFO ] 
[17:34:00] [INFO ] STEP 2 — Fault detection
[17:34:00] [INFO ]   Mode: single SA run (seed=50)
[17:34:01] [INFO ]   Detected 3 high-confidence faults
[17:34:01] [INFO ]     Fault  1 | trace ~   34 | prob=0.736
[17:34:01] [INFO ]     Fault  2 | trace ~  380 | prob=0.764
[17:34:01] [INFO ]     Fault  3 | trace ~  671 | prob=0.774
[17:34:01] [INFO ]   Step 2 complete
[17:34:01] [INFO ] 
[17:34:01] [INFO ] STEP 3 — Bounding boxes
[17:34:01] [INFO ]   Box  1 | [0, 810, 429w, 117h px]
[17:34:01] [INFO ]   Box  2 | [974, 759, 577w, 119h px]
[17:34:01] [INFO ]   Box  3 | [1824, 739, 814w, 119h px]
[17:34:01] [INFO ]   Generated 3 boxes
[17:34:01] [INFO ]   Step 3 complete
[17:34:01] [INFO ] 
[17:34:01] [INFO ] STEP 4 — Dataset building
[17:34:01] [INFO ]   Saving labeled review image...
[17:34:01] [INFO ]   Saved: f387stk06_labeled.png
[17:34:01] [INFO ]   Split: train
[17:34:01] [INFO ]   Added 3 annotations to train.json
[17:34:01] [INFO ]   train.json: 102 images, 940 annotations
[17:34:01] [INFO ]   val.json:   24 images,  225 annotations
[17:34:01] [INFO ]   Step 4 complete
[17:34:01] [INFO ] 
[17:34:01] [INFO ]   DONE  f387stk06  →  train  |  3 faults  |  3 boxes
[17:34:01] [INFO ] 
[17:34:01] [INFO ] ──────────────────────────────────────────────────
[17:34:01] [INFO ]   LINE: f387stk07
[17:34:01] [INFO ] ──────────────────────────────────────────────────
[17:34:01] [INFO ] Dataset  : namss.F-3-87-AA.mcs.airgun
[17:34:01] [INFO ] SGY      : ../../airgun_data/namss.F-3-87-AA.mcs.airgun/Data/f387stk07.sgy
[17:34:01] [INFO ] NAV      : ../../airgun_data/namss.F-3-87-AA.mcs.airgun/Navigation/f-3-87-aa_NAV-WGS84.csv
[17:34:01] [INFO ] SA mode  : single (seed=50)
[17:34:01] [INFO ] 
[17:34:01] [INFO ] STEP 1 — Feature extraction
[17:34:01] [INFO ]   Loading navigation...
[17:34:01] [INFO ]   Loading SEG-Y...
[17:34:01] [INFO ]   Traces: 6280  Samples: 3000  dt: 4.000 ms
[17:34:01] [INFO ]   Depth:  0.0 m → 8997.0 m
[17:34:01] [INFO ]   Matching traces to navigation...
[17:34:01] [INFO ]   NAV line matched via translation: 'f387stk07' -> 'F387-7'
[17:34:02] [INFO ]   Matched 6210 / 6280 traces
[17:34:02] [INFO ]   Bandpass filtering...
[17:34:02] [INFO ]   Computing seismic attributes...
[17:34:03] [INFO ]   Picking seafloor...
[17:34:04] [INFO ]   Seafloor depth: 3000–4527 m  (0 shallow traces masked)
[17:34:04] [INFO ]   Picking horizons...
[17:34:04] [INFO ]   Computing NCC coherence (slow)...
[17:34:05] [INFO ]   Saving CNN section image...
[17:34:06] [INFO ]   Saved: f387stk07_section_cnn.png  (2700x1500px)
[17:34:06] [INFO ]   Step 1 complete
[17:34:06] [INFO ] 
[17:34:06] [INFO ] STEP 2 — Fault detection
[17:34:06] [INFO ]   Mode: single SA run (seed=50)
[17:34:14] [INFO ]   Detected 6 high-confidence faults
[17:34:14] [INFO ]     Fault  1 | trace ~  361 | prob=0.554
[17:34:14] [INFO ]     Fault  2 | trace ~  621 | prob=0.554
[17:34:14] [INFO ]     Fault  3 | trace ~  983 | prob=0.569
[17:34:14] [INFO ]     Fault  4 | trace ~ 3561 | prob=0.552
[17:34:14] [INFO ]     Fault  5 | trace ~ 4249 | prob=0.565
[17:34:14] [INFO ]     Fault  6 | trace ~ 6130 | prob=0.713
[17:34:14] [INFO ]   Step 2 complete
[17:34:14] [INFO ] 
[17:34:14] [INFO ] STEP 3 — Bounding boxes
[17:34:14] [INFO ]   Box  1 | [105, 496, 100w, 124h px]
[17:34:14] [INFO ]   Box  2 | [217, 497, 104w, 124h px]
[17:34:14] [INFO ]   Box  3 | [376, 496, 100w, 124h px]
[17:34:14] [INFO ]   Box  4 | [1497, 617, 100w, 124h px]
[17:34:14] [INFO ]   Box  5 | [1798, 499, 100w, 129h px]
[17:34:14] [INFO ]   Box  6 | [2613, 740, 87w, 127h px]
[17:34:14] [INFO ]   Generated 6 boxes
[17:34:14] [INFO ]   Step 3 complete
[17:34:14] [INFO ] 
[17:34:14] [INFO ] STEP 4 — Dataset building
[17:34:14] [INFO ]   Saving labeled review image...
[17:34:14] [INFO ]   Saved: f387stk07_labeled.png
[17:34:14] [INFO ]   Split: val
[17:34:14] [INFO ]   Added 6 annotations to val.json
[17:34:14] [INFO ]   train.json: 102 images, 940 annotations
[17:34:14] [INFO ]   val.json:   25 images,  231 annotations
[17:34:14] [INFO ]   Step 4 complete
[17:34:14] [INFO ] 
[17:34:14] [INFO ]   DONE  f387stk07  →  val  |  6 faults  |  6 boxes
[17:34:14] [INFO ] 
[17:34:14] [INFO ] ──────────────────────────────────────────────────
[17:34:14] [INFO ]   LINE: f387stk07_3150
[17:34:14] [INFO ] ──────────────────────────────────────────────────
[17:34:14] [INFO ] Dataset  : namss.F-3-87-AA.mcs.airgun
[17:34:14] [INFO ] SGY      : ../../airgun_data/namss.F-3-87-AA.mcs.airgun/Data/f387stk07_3150.sgy
[17:34:14] [INFO ] NAV      : ../../airgun_data/namss.F-3-87-AA.mcs.airgun/Navigation/f-3-87-aa_NAV-WGS84.csv
[17:34:14] [INFO ] SA mode  : single (seed=50)
[17:34:14] [INFO ] 
[17:34:14] [INFO ] STEP 1 — Feature extraction
[17:34:14] [INFO ]   Loading navigation...
[17:34:14] [INFO ]   Loading SEG-Y...
[17:34:14] [INFO ]   Traces: 6279  Samples: 3000  dt: 4.000 ms
[17:34:14] [INFO ]   Depth:  0.0 m → 8997.0 m
[17:34:14] [INFO ]   Matching traces to navigation...
[17:34:14] [WARN ]   NAV match failed for 'f387stk07_3150'. Tried: ['f387stk07_3150', 'F387-7_3150', 'f387stk07']. Available: ['F387-1', 'F387-10', 'F387-11', 'F387-12', 'F387-13', 'F387-14', 'F387-15', 'F387-16', 'F387-17', 'F387-18', 'F387-19', 'F387-2', 'F387-20', 'F387-21', 'F387-22', 'F387-23', 'F387-24', 'F387-25', 'F387-26', 'F387-27', 'F387-28', 'F387-29', 'F387-3', 'F387-30', 'F387-31', 'F387-32', 'F387-33', 'F387-34', 'F387-35', 'F387-4', 'F387-5', 'F387-6', 'F387-7', 'F387-8', 'F387-9']
[17:34:14] [ERROR] SKIPPING f387stk07_3150 (namss.F-3-87-AA.mcs.airgun): No NAV line matched 'f387stk07_3150'. Tried: ['f387stk07_3150', 'F387-7_3150', 'f387stk07'].
[17:34:14] [ERROR]   Traceback (most recent call last):
[17:34:14] [ERROR]     File "/Users/lennylukach/Personal/School/CS4100/namss/pipeline/src/pipeline.py", line 848, in <module>
[17:34:14] [ERROR]       process_line(line, sgy_path, nav_path, dataset)
[17:34:14] [ERROR]     File "/Users/lennylukach/Personal/School/CS4100/namss/pipeline/src/pipeline.py", line 415, in process_line
[17:34:14] [ERROR]       line_nav = resolve_nav_line(line, nav, log_fn=log)
[17:34:14] [ERROR]     File "/Users/lennylukach/Personal/School/CS4100/namss/pipeline/src/pipeline.py", line 230, in resolve_nav_line
[17:34:14] [ERROR]       raise RuntimeError(
[17:34:14] [ERROR]   RuntimeError: No NAV line matched 'f387stk07_3150'. Tried: ['f387stk07_3150', 'F387-7_3150', 'f387stk07'].
[17:34:14] [INFO ] 
[17:34:14] [INFO ] ──────────────────────────────────────────────────
[17:34:14] [INFO ]   LINE: f387stk08
[17:34:14] [INFO ] ──────────────────────────────────────────────────
[17:34:14] [INFO ] Dataset  : namss.F-3-87-AA.mcs.airgun
[17:34:14] [INFO ] SGY      : ../../airgun_data/namss.F-3-87-AA.mcs.airgun/Data/f387stk08.sgy
[17:34:14] [INFO ] NAV      : ../../airgun_data/namss.F-3-87-AA.mcs.airgun/Navigation/f-3-87-aa_NAV-WGS84.csv
[17:34:14] [INFO ] SA mode  : single (seed=50)
[17:34:14] [INFO ] 
[17:34:14] [INFO ] STEP 1 — Feature extraction
[17:34:14] [INFO ]   Loading navigation...
[17:34:14] [INFO ]   Loading SEG-Y...
[17:34:14] [INFO ]   Traces: 734  Samples: 3000  dt: 4.000 ms
[17:34:14] [INFO ]   Depth:  0.0 m → 8997.0 m
[17:34:14] [INFO ]   Matching traces to navigation...
[17:34:14] [INFO ]   NAV line matched via translation: 'f387stk08' -> 'F387-8'
[17:34:14] [INFO ]   Matched 732 / 734 traces
[17:34:14] [INFO ]   Bandpass filtering...
[17:34:14] [INFO ]   Computing seismic attributes...
[17:34:14] [INFO ]   Picking seafloor...
[17:34:14] [INFO ]   Seafloor depth: 4500–4554 m  (0 shallow traces masked)
[17:34:14] [INFO ]   Picking horizons...
[17:34:15] [INFO ]   Computing NCC coherence (slow)...
[17:34:15] [INFO ]   Saving CNN section image...
[17:34:15] [INFO ]   Saved: f387stk08_section_cnn.png  (2700x1500px)
[17:34:15] [INFO ]   Step 1 complete
[17:34:15] [INFO ] 
[17:34:15] [INFO ] STEP 2 — Fault detection
[17:34:15] [INFO ]   Mode: single SA run (seed=50)
[17:34:16] [INFO ]   Detected 3 high-confidence faults
[17:34:16] [INFO ]     Fault  1 | trace ~   47 | prob=0.719
[17:34:16] [INFO ]     Fault  2 | trace ~  394 | prob=0.725
[17:34:16] [INFO ]     Fault  3 | trace ~  655 | prob=0.694
[17:34:16] [INFO ]   Step 2 complete
[17:34:16] [INFO ] 
[17:34:16] [INFO ] STEP 3 — Bounding boxes
[17:34:16] [INFO ]   Box  1 | [0, 743, 454w, 124h px]
[17:34:16] [INFO ]   Box  2 | [1180, 744, 514w, 127h px]
[17:34:16] [INFO ]   Box  3 | [1993, 743, 707w, 127h px]
[17:34:16] [INFO ]   Generated 3 boxes
[17:34:16] [INFO ]   Step 3 complete
[17:34:16] [INFO ] 
[17:34:16] [INFO ] STEP 4 — Dataset building
[17:34:16] [INFO ]   Saving labeled review image...
[17:34:16] [INFO ]   Saved: f387stk08_labeled.png
[17:34:16] [INFO ]   Split: train
[17:34:16] [INFO ]   Added 3 annotations to train.json
[17:34:16] [INFO ]   train.json: 103 images, 943 annotations
[17:34:16] [INFO ]   val.json:   25 images,  231 annotations
[17:34:16] [INFO ]   Step 4 complete
[17:34:16] [INFO ] 
[17:34:16] [INFO ]   DONE  f387stk08  →  train  |  3 faults  |  3 boxes
[17:34:16] [INFO ] 
[17:34:16] [INFO ] ──────────────────────────────────────────────────
[17:34:16] [INFO ]   LINE: f387stk09
[17:34:16] [INFO ] ──────────────────────────────────────────────────
[17:34:16] [INFO ] Dataset  : namss.F-3-87-AA.mcs.airgun
[17:34:16] [INFO ] SGY      : ../../airgun_data/namss.F-3-87-AA.mcs.airgun/Data/f387stk09.sgy
[17:34:16] [INFO ] NAV      : ../../airgun_data/namss.F-3-87-AA.mcs.airgun/Navigation/f-3-87-aa_NAV-WGS84.csv
[17:34:16] [INFO ] SA mode  : single (seed=50)
[17:34:16] [INFO ] 
[17:34:16] [INFO ] STEP 1 — Feature extraction
[17:34:16] [INFO ]   Loading navigation...
[17:34:16] [INFO ]   Loading SEG-Y...
[17:34:17] [INFO ]   Traces: 7811  Samples: 3000  dt: 4.000 ms
[17:34:17] [INFO ]   Depth:  0.0 m → 8997.0 m
[17:34:17] [INFO ]   Matching traces to navigation...
[17:34:17] [INFO ]   NAV line matched via translation: 'f387stk09' -> 'F387-9'
[17:34:17] [INFO ]   Matched 7810 / 7811 traces
[17:34:17] [INFO ]   Bandpass filtering...
[17:34:18] [INFO ]   Computing seismic attributes...
[17:34:19] [INFO ]   Picking seafloor...
[17:34:19] [INFO ]   Seafloor depth: 2517–5985 m  (0 shallow traces masked)
[17:34:19] [INFO ]   Picking horizons...
[17:34:20] [INFO ]   Computing NCC coherence (slow)...
[17:34:20] [INFO ]   Saving CNN section image...
[17:34:22] [INFO ]   Saved: f387stk09_section_cnn.png  (2700x1500px)
[17:34:22] [INFO ]   Step 1 complete
[17:34:22] [INFO ] 
[17:34:22] [INFO ] STEP 2 — Fault detection
[17:34:22] [INFO ]   Mode: single SA run (seed=50)
[17:36:17] [INFO ]   Detected 22 high-confidence faults
[17:36:17] [INFO ]     Fault  1 | trace ~   70 | prob=0.563
[17:36:17] [INFO ]     Fault  2 | trace ~  278 | prob=0.708
[17:36:17] [INFO ]     Fault  3 | trace ~  498 | prob=0.711
[17:36:17] [INFO ]     Fault  4 | trace ~  730 | prob=0.596
[17:36:17] [INFO ]     Fault  5 | trace ~ 1051 | prob=0.589
[17:36:17] [INFO ]     Fault  6 | trace ~ 1749 | prob=0.555
[17:36:17] [INFO ]     Fault  7 | trace ~ 1975 | prob=0.666
[17:36:17] [INFO ]     Fault  8 | trace ~ 2329 | prob=0.626
[17:36:17] [INFO ]     Fault  9 | trace ~ 2549 | prob=0.654
[17:36:17] [INFO ]     Fault 10 | trace ~ 2994 | prob=0.607
[17:36:17] [INFO ]     Fault 11 | trace ~ 3526 | prob=0.649
[17:36:17] [INFO ]     Fault 12 | trace ~ 3750 | prob=0.647
[17:36:17] [INFO ]     Fault 13 | trace ~ 4008 | prob=0.627
[17:36:17] [INFO ]     Fault 14 | trace ~ 4299 | prob=0.607
[17:36:17] [INFO ]     Fault 15 | trace ~ 4911 | prob=0.706
[17:36:17] [INFO ]     Fault 16 | trace ~ 5322 | prob=0.636
[17:36:17] [INFO ]     Fault 17 | trace ~ 5683 | prob=0.674
[17:36:17] [INFO ]     Fault 18 | trace ~ 6408 | prob=0.589
[17:36:17] [INFO ]     Fault 19 | trace ~ 6842 | prob=0.666
[17:36:17] [INFO ]     Fault 20 | trace ~ 7083 | prob=0.686
[17:36:17] [INFO ]     Fault 21 | trace ~ 7311 | prob=0.653
[17:36:17] [INFO ]     Fault 22 | trace ~ 7576 | prob=0.629
[17:36:17] [INFO ]   Step 2 complete
[17:36:17] [INFO ] 
[17:36:17] [INFO ] STEP 3 — Bounding boxes
[17:36:17] [INFO ]   Box  1 | [0, 821, 77w, 119h px]
[17:36:17] [INFO ]   Box  2 | [46, 926, 99w, 117h px]
[17:36:17] [INFO ]   Box  3 | [124, 887, 107w, 122h px]
[17:36:17] [INFO ]   Box  4 | [202, 898, 100w, 129h px]
[17:36:17] [INFO ]   Box  5 | [310, 954, 108w, 122h px]
[17:36:17] [INFO ]   Box  6 | [554, 853, 101w, 122h px]
[17:36:17] [INFO ]   Box  7 | [635, 907, 98w, 119h px]
[17:36:17] [INFO ]   Box  8 | [758, 829, 96w, 124h px]
[17:36:17] [INFO ]   Box  9 | [831, 864, 102w, 119h px]
[17:36:17] [INFO ]   Box 10 | [981, 827, 102w, 122h px]
[17:36:17] [INFO ]   Box 11 | [1166, 847, 104w, 122h px]
[17:36:17] [INFO ]   Box 12 | [1246, 755, 98w, 119h px]
[17:36:17] [INFO ]   Box 13 | [1335, 735, 102w, 127h px]
[17:36:17] [INFO ]   Box 14 | [1437, 548, 99w, 124h px]
[17:36:17] [INFO ]   Box 15 | [1652, 783, 92w, 122h px]
[17:36:17] [INFO ]   Box 16 | [1794, 585, 95w, 129h px]
[17:36:17] [INFO ]   Box 17 | [1913, 871, 99w, 127h px]
[17:36:17] [INFO ]   Box 18 | [2165, 870, 98w, 117h px]
[17:36:17] [INFO ]   Box 19 | [2313, 776, 105w, 122h px]
[17:36:17] [INFO ]   Box 20 | [2390, 764, 107w, 122h px]
[17:36:17] [INFO ]   Box 21 | [2475, 781, 101w, 124h px]
[17:36:17] [INFO ]   Box 22 | [2572, 801, 97w, 122h px]
[17:36:17] [INFO ]   Generated 22 boxes
[17:36:17] [INFO ]   Step 3 complete
[17:36:17] [INFO ] 
[17:36:17] [INFO ] STEP 4 — Dataset building
[17:36:17] [INFO ]   Saving labeled review image...
[17:36:17] [INFO ]   Saved: f387stk09_labeled.png
[17:36:17] [INFO ]   Split: train
[17:36:17] [INFO ]   Added 22 annotations to train.json
[17:36:17] [INFO ]   train.json: 104 images, 965 annotations
[17:36:17] [INFO ]   val.json:   25 images,  231 annotations
[17:36:17] [INFO ]   Step 4 complete
[17:36:17] [INFO ] 
[17:36:17] [INFO ]   DONE  f387stk09  →  train  |  22 faults  |  22 boxes
[17:36:17] [INFO ] 
[17:36:17] [INFO ] ──────────────────────────────────────────────────
[17:36:17] [INFO ]   LINE: f387stk10
[17:36:17] [INFO ] ──────────────────────────────────────────────────
[17:36:17] [INFO ] Dataset  : namss.F-3-87-AA.mcs.airgun
[17:36:17] [INFO ] SGY      : ../../airgun_data/namss.F-3-87-AA.mcs.airgun/Data/f387stk10.sgy
[17:36:17] [INFO ] NAV      : ../../airgun_data/namss.F-3-87-AA.mcs.airgun/Navigation/f-3-87-aa_NAV-WGS84.csv
[17:36:17] [INFO ] SA mode  : single (seed=50)
[17:36:17] [INFO ] 
[17:36:17] [INFO ] STEP 1 — Feature extraction
[17:36:17] [INFO ]   Loading navigation...
[17:36:17] [INFO ]   Loading SEG-Y...
[17:36:18] [ERROR] SKIPPING f387stk10 (namss.F-3-87-AA.mcs.airgun): 'julday' out of bounds for year 1987: 1986
[17:36:18] [ERROR]   Traceback (most recent call last):
[17:36:18] [ERROR]     File "/Users/lennylukach/Personal/School/CS4100/namss/pipeline/src/pipeline.py", line 848, in <module>
[17:36:18] [ERROR]       process_line(line, sgy_path, nav_path, dataset)
[17:36:18] [ERROR]     File "/Users/lennylukach/Personal/School/CS4100/namss/pipeline/src/pipeline.py", line 405, in process_line
[17:36:18] [ERROR]       st = read(sgy_path)
[17:36:18] [ERROR]     File "/Users/lennylukach/Personal/School/CS4100/namss/venv/lib/python3.10/site-packages/decorator.py", line 235, in fun
[17:36:18] [ERROR]       return caller(func, *(extras + args), **kw)
[17:36:18] [ERROR]     File "/Users/lennylukach/Personal/School/CS4100/namss/venv/lib/python3.10/site-packages/obspy/core/util/decorator.py", line 298, in _map_example_filename
[17:36:18] [ERROR]       return func(*args, **kwargs)
[17:36:18] [ERROR]     File "/Users/lennylukach/Personal/School/CS4100/namss/venv/lib/python3.10/site-packages/obspy/core/stream.py", line 210, in read
[17:36:18] [ERROR]       st = _generic_reader(pathname_or_url, _read, **kwargs)
[17:36:18] [ERROR]     File "/Users/lennylukach/Personal/School/CS4100/namss/venv/lib/python3.10/site-packages/obspy/core/util/base.py", line 822, in _generic_reader
[17:36:18] [ERROR]       generic = callback_func(pathnames[0], **kwargs)
[17:36:18] [ERROR]     File "/Users/lennylukach/Personal/School/CS4100/namss/venv/lib/python3.10/site-packages/decorator.py", line 235, in fun
[17:36:18] [ERROR]       return caller(func, *(extras + args), **kw)
[17:36:18] [ERROR]     File "/Users/lennylukach/Personal/School/CS4100/namss/venv/lib/python3.10/site-packages/obspy/core/util/decorator.py", line 209, in uncompress_file
[17:36:18] [ERROR]       result = func(filename, *args, **kwargs)
[17:36:18] [ERROR]     File "/Users/lennylukach/Personal/School/CS4100/namss/venv/lib/python3.10/site-packages/obspy/core/stream.py", line 255, in _read
[17:36:18] [ERROR]       stream, format = _read_from_plugin('waveform', filename, format=format,
[17:36:18] [ERROR]     File "/Users/lennylukach/Personal/School/CS4100/namss/venv/lib/python3.10/site-packages/obspy/core/util/base.py", line 559, in _read_from_plugin
[17:36:18] [ERROR]       list_obj = read_format(filename, **kwargs)
[17:36:18] [ERROR]     File "/Users/lennylukach/Personal/School/CS4100/namss/venv/lib/python3.10/site-packages/obspy/io/segy/core.py", line 204, in _read_segy
[17:36:18] [ERROR]       stream.append(tr.to_obspy_trace(
[17:36:18] [ERROR]     File "/Users/lennylukach/Personal/School/CS4100/namss/venv/lib/python3.10/site-packages/obspy/io/segy/segy.py", line 775, in to_obspy_trace
[17:36:18] [ERROR]       trace.stats.starttime = UTCDateTime(
[17:36:18] [ERROR]     File "/Users/lennylukach/Personal/School/CS4100/namss/venv/lib/python3.10/site-packages/obspy/core/utcdatetime.py", line 440, in __init__
[17:36:18] [ERROR]       raise ValueError(msg)
[17:36:18] [ERROR]   ValueError: 'julday' out of bounds for year 1987: 1986
[17:36:18] [INFO ] 
[17:36:18] [INFO ] ──────────────────────────────────────────────────
[17:36:18] [INFO ]   LINE: f387stk11
[17:36:18] [INFO ] ──────────────────────────────────────────────────
[17:36:18] [INFO ] Dataset  : namss.F-3-87-AA.mcs.airgun
[17:36:18] [INFO ] SGY      : ../../airgun_data/namss.F-3-87-AA.mcs.airgun/Data/f387stk11.sgy
[17:36:18] [INFO ] NAV      : ../../airgun_data/namss.F-3-87-AA.mcs.airgun/Navigation/f-3-87-aa_NAV-WGS84.csv
[17:36:18] [INFO ] SA mode  : single (seed=50)
[17:36:18] [INFO ] 
[17:36:18] [INFO ] STEP 1 — Feature extraction
[17:36:18] [INFO ]   Loading navigation...
[17:36:18] [INFO ]   Loading SEG-Y...
[17:36:18] [INFO ]   Traces: 3600  Samples: 3000  dt: 4.000 ms
[17:36:18] [INFO ]   Depth:  0.0 m → 8997.0 m
[17:36:18] [INFO ]   Matching traces to navigation...
[17:36:18] [INFO ]   NAV line matched via translation: 'f387stk11' -> 'F387-11'
[17:36:18] [INFO ]   Matched 3599 / 3600 traces
[17:36:18] [INFO ]   Bandpass filtering...
[17:36:18] [INFO ]   Computing seismic attributes...
[17:36:19] [INFO ]   Picking seafloor...
[17:36:19] [INFO ]   Seafloor depth: 1569–4524 m  (0 shallow traces masked)
[17:36:19] [INFO ]   Picking horizons...
[17:36:19] [INFO ]   Computing NCC coherence (slow)...
[17:36:20] [INFO ]   Saving CNN section image...
[17:36:21] [INFO ]   Saved: f387stk11_section_cnn.png  (2700x1500px)
[17:36:21] [INFO ]   Step 1 complete
[17:36:21] [INFO ] 
[17:36:21] [INFO ] STEP 2 — Fault detection
[17:36:21] [INFO ]   Mode: single SA run (seed=50)
[17:36:26] [INFO ]   Detected 10 high-confidence faults
[17:36:26] [INFO ]     Fault  1 | trace ~   23 | prob=0.684
[17:36:26] [INFO ]     Fault  2 | trace ~  395 | prob=0.721
[17:36:26] [INFO ]     Fault  3 | trace ~  623 | prob=0.735
[17:36:26] [INFO ]     Fault  4 | trace ~ 1150 | prob=0.722
[17:36:26] [INFO ]     Fault  5 | trace ~ 1523 | prob=0.714
[17:36:26] [INFO ]     Fault  6 | trace ~ 1790 | prob=0.724
[17:36:26] [INFO ]     Fault  7 | trace ~ 2179 | prob=0.669
[17:36:26] [INFO ]     Fault  8 | trace ~ 2382 | prob=0.705
[17:36:26] [INFO ]     Fault  9 | trace ~ 2857 | prob=0.706
[17:36:26] [INFO ]     Fault 10 | trace ~ 3426 | prob=0.733
[17:36:26] [INFO ]   Step 2 complete
[17:36:26] [INFO ] 
[17:36:26] [INFO ] STEP 3 — Bounding boxes
[17:36:26] [INFO ]   Box  1 | [0, 615, 78w, 117h px]
[17:36:26] [INFO ]   Box  2 | [218, 618, 171w, 124h px]
[17:36:26] [INFO ]   Box  3 | [415, 619, 112w, 122h px]
[17:36:26] [INFO ]   Box  4 | [797, 617, 135w, 122h px]
[17:36:26] [INFO ]   Box  5 | [1049, 617, 179w, 122h px]
[17:36:26] [INFO ]   Box  6 | [1265, 617, 145w, 127h px]
[17:36:26] [INFO ]   Box  7 | [1566, 617, 140w, 124h px]
[17:36:26] [INFO ]   Box  8 | [1705, 619, 166w, 122h px]
[17:36:26] [INFO ]   Box  9 | [2085, 742, 120w, 124h px]
[17:36:26] [INFO ]   Box 10 | [2518, 741, 106w, 122h px]
[17:36:26] [INFO ]   Generated 10 boxes
[17:36:26] [INFO ]   Step 3 complete
[17:36:26] [INFO ] 
[17:36:26] [INFO ] STEP 4 — Dataset building
[17:36:26] [INFO ]   Saving labeled review image...
[17:36:26] [INFO ]   Saved: f387stk11_labeled.png
[17:36:26] [INFO ]   Split: val
[17:36:26] [INFO ]   Added 10 annotations to val.json
[17:36:26] [INFO ]   train.json: 104 images, 965 annotations
[17:36:26] [INFO ]   val.json:   26 images,  241 annotations
[17:36:26] [INFO ]   Step 4 complete
[17:36:26] [INFO ] 
[17:36:26] [INFO ]   DONE  f387stk11  →  val  |  10 faults  |  10 boxes
[17:36:26] [INFO ] 
[17:36:26] [INFO ] ──────────────────────────────────────────────────
[17:36:26] [INFO ]   LINE: f387stk12
[17:36:26] [INFO ] ──────────────────────────────────────────────────
[17:36:26] [INFO ] Dataset  : namss.F-3-87-AA.mcs.airgun
[17:36:26] [INFO ] SGY      : ../../airgun_data/namss.F-3-87-AA.mcs.airgun/Data/f387stk12.sgy
[17:36:26] [INFO ] NAV      : ../../airgun_data/namss.F-3-87-AA.mcs.airgun/Navigation/f-3-87-aa_NAV-WGS84.csv
[17:36:26] [INFO ] SA mode  : single (seed=50)
[17:36:26] [INFO ] 
[17:36:26] [INFO ] STEP 1 — Feature extraction
[17:36:26] [INFO ]   Loading navigation...
[17:36:26] [INFO ]   Loading SEG-Y...
[17:36:26] [INFO ]   Traces: 267  Samples: 3000  dt: 4.000 ms
[17:36:26] [INFO ]   Depth:  0.0 m → 8997.0 m
[17:36:26] [INFO ]   Matching traces to navigation...
[17:36:26] [INFO ]   NAV line matched via translation: 'f387stk12' -> 'F387-12'
[17:36:26] [INFO ]   Matched 266 / 267 traces
[17:36:26] [INFO ]   Bandpass filtering...
[17:36:26] [INFO ]   Computing seismic attributes...
[17:36:26] [INFO ]   Picking seafloor...
[17:36:26] [INFO ]   Seafloor depth: 3750–3777 m  (0 shallow traces masked)
[17:36:26] [INFO ]   Picking horizons...
[17:36:26] [INFO ]   Computing NCC coherence (slow)...
[17:36:26] [INFO ]   Saving CNN section image...
[17:36:26] [INFO ]   Saved: f387stk12_section_cnn.png  (2700x1500px)
[17:36:26] [INFO ]   Step 1 complete
[17:36:26] [INFO ] 
[17:36:26] [INFO ] STEP 2 — Fault detection
[17:36:26] [INFO ]   Mode: single SA run (seed=50)
[17:36:27] [INFO ]   Detected 1 high-confidence faults
[17:36:27] [INFO ]     Fault  1 | trace ~  201 | prob=0.733
[17:36:27] [INFO ]   Step 2 complete
[17:36:27] [INFO ] 
[17:36:27] [INFO ] STEP 3 — Bounding boxes
[17:36:27] [INFO ]   Box  1 | [901, 617, 1799w, 122h px]
[17:36:27] [INFO ]   Generated 1 boxes
[17:36:27] [INFO ]   Step 3 complete
[17:36:27] [INFO ] 
[17:36:27] [INFO ] STEP 4 — Dataset building
[17:36:27] [INFO ]   Saving labeled review image...
[17:36:27] [INFO ]   Saved: f387stk12_labeled.png
[17:36:27] [INFO ]   Split: train
[17:36:27] [INFO ]   Added 1 annotations to train.json
[17:36:27] [INFO ]   train.json: 105 images, 966 annotations
[17:36:27] [INFO ]   val.json:   26 images,  241 annotations
[17:36:27] [INFO ]   Step 4 complete
[17:36:27] [INFO ] 
[17:36:27] [INFO ]   DONE  f387stk12  →  train  |  1 faults  |  1 boxes
[17:36:27] [INFO ] 
[17:36:27] [INFO ] ──────────────────────────────────────────────────
[17:36:27] [INFO ]   LINE: f387stk13
[17:36:27] [INFO ] ──────────────────────────────────────────────────
[17:36:27] [INFO ] Dataset  : namss.F-3-87-AA.mcs.airgun
[17:36:27] [INFO ] SGY      : ../../airgun_data/namss.F-3-87-AA.mcs.airgun/Data/f387stk13.sgy
[17:36:27] [INFO ] NAV      : ../../airgun_data/namss.F-3-87-AA.mcs.airgun/Navigation/f-3-87-aa_NAV-WGS84.csv
[17:36:27] [INFO ] SA mode  : single (seed=50)
[17:36:27] [INFO ] 
[17:36:27] [INFO ] STEP 1 — Feature extraction
[17:36:27] [INFO ]   Loading navigation...
[17:36:27] [INFO ]   Loading SEG-Y...
[17:36:27] [INFO ]   Traces: 2848  Samples: 3000  dt: 4.000 ms
[17:36:27] [INFO ]   Depth:  0.0 m → 8997.0 m
[17:36:27] [INFO ]   Matching traces to navigation...
[17:36:27] [INFO ]   NAV line matched via translation: 'f387stk13' -> 'F387-13'
[17:36:27] [INFO ]   Matched 2846 / 2848 traces
[17:36:27] [INFO ]   Bandpass filtering...
[17:36:27] [INFO ]   Computing seismic attributes...
[17:36:28] [INFO ]   Picking seafloor...
[17:36:28] [INFO ]   Seafloor depth: 3045–4524 m  (0 shallow traces masked)
[17:36:28] [INFO ]   Picking horizons...
[17:36:28] [INFO ]   Computing NCC coherence (slow)...
[17:36:28] [INFO ]   Saving CNN section image...
[17:36:29] [INFO ]   Saved: f387stk13_section_cnn.png  (2700x1500px)
[17:36:29] [INFO ]   Step 1 complete
[17:36:29] [INFO ] 
[17:36:29] [INFO ] STEP 2 — Fault detection
[17:36:29] [INFO ]   Mode: single SA run (seed=50)
[17:36:32] [INFO ]   Detected 6 high-confidence faults
[17:36:32] [INFO ]     Fault  1 | trace ~   35 | prob=0.702
[17:36:32] [INFO ]     Fault  2 | trace ~  271 | prob=0.676
[17:36:32] [INFO ]     Fault  3 | trace ~ 1719 | prob=0.604
[17:36:32] [INFO ]     Fault  4 | trace ~ 2152 | prob=0.687
[17:36:32] [INFO ]     Fault  5 | trace ~ 2412 | prob=0.715
[17:36:32] [INFO ]     Fault  6 | trace ~ 2754 | prob=0.705
[17:36:32] [INFO ]   Step 2 complete
[17:36:32] [INFO ] 
[17:36:32] [INFO ] STEP 3 — Bounding boxes
[17:36:32] [INFO ]   Box  1 | [0, 616, 121w, 122h px]
[17:36:32] [INFO ]   Box  2 | [120, 617, 290w, 124h px]
[17:36:32] [INFO ]   Box  3 | [1566, 637, 139w, 132h px]
[17:36:32] [INFO ]   Box  4 | [1960, 742, 161w, 122h px]
[17:36:32] [INFO ]   Box  5 | [2196, 615, 194w, 124h px]
[17:36:32] [INFO ]   Box  6 | [2532, 617, 161w, 124h px]
[17:36:32] [INFO ]   Generated 6 boxes
[17:36:32] [INFO ]   Step 3 complete
[17:36:32] [INFO ] 
[17:36:32] [INFO ] STEP 4 — Dataset building
[17:36:32] [INFO ]   Saving labeled review image...
[17:36:33] [INFO ]   Saved: f387stk13_labeled.png
[17:36:33] [INFO ]   Split: train
[17:36:33] [INFO ]   Added 6 annotations to train.json
[17:36:33] [INFO ]   train.json: 106 images, 972 annotations
[17:36:33] [INFO ]   val.json:   26 images,  241 annotations
[17:36:33] [INFO ]   Step 4 complete
[17:36:33] [INFO ] 
[17:36:33] [INFO ]   DONE  f387stk13  →  train  |  6 faults  |  6 boxes
[17:36:33] [INFO ] 
[17:36:33] [INFO ] ──────────────────────────────────────────────────
[17:36:33] [INFO ]   LINE: f387stk14
[17:36:33] [INFO ] ──────────────────────────────────────────────────
[17:36:33] [INFO ] Dataset  : namss.F-3-87-AA.mcs.airgun
[17:36:33] [INFO ] SGY      : ../../airgun_data/namss.F-3-87-AA.mcs.airgun/Data/f387stk14.sgy
[17:36:33] [INFO ] NAV      : ../../airgun_data/namss.F-3-87-AA.mcs.airgun/Navigation/f-3-87-aa_NAV-WGS84.csv
[17:36:33] [INFO ] SA mode  : single (seed=50)
[17:36:33] [INFO ] 
[17:36:33] [INFO ] STEP 1 — Feature extraction
[17:36:33] [INFO ]   Loading navigation...
[17:36:33] [INFO ]   Loading SEG-Y...
[17:36:33] [INFO ]   Traces: 404  Samples: 3000  dt: 4.000 ms
[17:36:33] [INFO ]   Depth:  0.0 m → 8997.0 m
[17:36:33] [INFO ]   Matching traces to navigation...
[17:36:33] [INFO ]   NAV line matched via translation: 'f387stk14' -> 'F387-14'
[17:36:33] [INFO ]   Matched 403 / 404 traces
[17:36:33] [INFO ]   Bandpass filtering...
[17:36:33] [INFO ]   Computing seismic attributes...
[17:36:33] [INFO ]   Picking seafloor...
[17:36:33] [INFO ]   Seafloor depth: 4626–4884 m  (0 shallow traces masked)
[17:36:33] [INFO ]   Picking horizons...
[17:36:33] [INFO ]   Computing NCC coherence (slow)...
[17:36:33] [INFO ]   Saving CNN section image...
[17:36:33] [INFO ]   Saved: f387stk14_section_cnn.png  (2700x1500px)
[17:36:33] [INFO ]   Step 1 complete
[17:36:33] [INFO ] 
[17:36:33] [INFO ] STEP 2 — Fault detection
[17:36:33] [INFO ]   Mode: single SA run (seed=50)
[17:36:34] [INFO ]   Detected 2 high-confidence faults
[17:36:34] [INFO ]     Fault  1 | trace ~  102 | prob=0.740
[17:36:34] [INFO ]     Fault  2 | trace ~  370 | prob=0.770
[17:36:34] [INFO ]   Step 2 complete
[17:36:34] [INFO ] 
[17:36:34] [INFO ] STEP 3 — Bounding boxes
[17:36:34] [INFO ]   Box  1 | [72, 796, 1276w, 117h px]
[17:36:34] [INFO ]   Box  2 | [2187, 762, 513w, 122h px]
[17:36:34] [INFO ]   Generated 2 boxes
[17:36:34] [INFO ]   Step 3 complete
[17:36:34] [INFO ] 
[17:36:34] [INFO ] STEP 4 — Dataset building
[17:36:34] [INFO ]   Saving labeled review image...
[17:36:34] [INFO ]   Saved: f387stk14_labeled.png
[17:36:34] [INFO ]   Split: train
[17:36:34] [INFO ]   Added 2 annotations to train.json
[17:36:34] [INFO ]   train.json: 107 images, 974 annotations
[17:36:34] [INFO ]   val.json:   26 images,  241 annotations
[17:36:34] [INFO ]   Step 4 complete
[17:36:34] [INFO ] 
[17:36:34] [INFO ]   DONE  f387stk14  →  train  |  2 faults  |  2 boxes
[17:36:34] [INFO ] 
[17:36:34] [INFO ] ──────────────────────────────────────────────────
[17:36:34] [INFO ]   LINE: f387stk15
[17:36:34] [INFO ] ──────────────────────────────────────────────────
[17:36:34] [INFO ] Dataset  : namss.F-3-87-AA.mcs.airgun
[17:36:34] [INFO ] SGY      : ../../airgun_data/namss.F-3-87-AA.mcs.airgun/Data/f387stk15.sgy
[17:36:34] [INFO ] NAV      : ../../airgun_data/namss.F-3-87-AA.mcs.airgun/Navigation/f-3-87-aa_NAV-WGS84.csv
[17:36:34] [INFO ] SA mode  : single (seed=50)
[17:36:34] [INFO ] 
[17:36:34] [INFO ] STEP 1 — Feature extraction
[17:36:34] [INFO ]   Loading navigation...
[17:36:34] [INFO ]   Loading SEG-Y...
[17:36:34] [INFO ]   Traces: 5240  Samples: 3000  dt: 4.000 ms
[17:36:34] [INFO ]   Depth:  0.0 m → 8997.0 m
[17:36:34] [INFO ]   Matching traces to navigation...
[17:36:34] [INFO ]   NAV line matched via translation: 'f387stk15' -> 'F387-15'
[17:36:35] [INFO ]   Matched 5239 / 5240 traces
[17:36:35] [INFO ]   Bandpass filtering...
[17:36:35] [INFO ]   Computing seismic attributes...
[17:36:36] [INFO ]   Picking seafloor...
[17:36:36] [INFO ]   Seafloor depth: 3555–5808 m  (0 shallow traces masked)
[17:36:36] [INFO ]   Picking horizons...
[17:36:36] [INFO ]   Computing NCC coherence (slow)...
[17:36:37] [INFO ]   Saving CNN section image...
[17:36:38] [INFO ]   Saved: f387stk15_section_cnn.png  (2700x1500px)
[17:36:38] [INFO ]   Step 1 complete
[17:36:38] [INFO ] 
[17:36:38] [INFO ] STEP 2 — Fault detection
[17:36:38] [INFO ]   Mode: single SA run (seed=50)
[17:36:44] [INFO ]   Detected 12 high-confidence faults
[17:36:44] [INFO ]     Fault  1 | trace ~   16 | prob=0.630
[17:36:44] [INFO ]     Fault  2 | trace ~  216 | prob=0.674
[17:36:44] [INFO ]     Fault  3 | trace ~  503 | prob=0.740
[17:36:44] [INFO ]     Fault  4 | trace ~  792 | prob=0.651
[17:36:44] [INFO ]     Fault  5 | trace ~ 1039 | prob=0.680
[17:36:44] [INFO ]     Fault  6 | trace ~ 1265 | prob=0.641
[17:36:44] [INFO ]     Fault  7 | trace ~ 2741 | prob=0.693
[17:36:44] [INFO ]     Fault  8 | trace ~ 2989 | prob=0.675
[17:36:44] [INFO ]     Fault  9 | trace ~ 3333 | prob=0.637
[17:36:44] [INFO ]     Fault 10 | trace ~ 3657 | prob=0.723
[17:36:44] [INFO ]     Fault 11 | trace ~ 3985 | prob=0.609
[17:36:44] [INFO ]     Fault 12 | trace ~ 4769 | prob=0.709
[17:36:44] [INFO ]   Step 2 complete
[17:36:44] [INFO ] 
[17:36:44] [INFO ] STEP 3 — Bounding boxes
[17:36:44] [INFO ]   Box  1 | [0, 761, 55w, 114h px]
[17:36:44] [INFO ]   Box  2 | [40, 761, 156w, 122h px]
[17:36:44] [INFO ]   Box  3 | [207, 766, 105w, 122h px]
[17:36:44] [INFO ]   Box  4 | [356, 764, 107w, 122h px]
[17:36:44] [INFO ]   Box  5 | [479, 762, 106w, 124h px]
[17:36:44] [INFO ]   Box  6 | [594, 772, 110w, 124h px]
[17:36:44] [INFO ]   Box  7 | [1361, 752, 112w, 119h px]
[17:36:44] [INFO ]   Box  8 | [1486, 914, 123w, 117h px]
[17:36:44] [INFO ]   Box  9 | [1661, 598, 110w, 124h px]
[17:36:44] [INFO ]   Box 10 | [1835, 764, 96w, 127h px]
[17:36:44] [INFO ]   Box 11 | [2001, 838, 109w, 114h px]
[17:36:44] [INFO ]   Box 12 | [2404, 798, 104w, 119h px]
[17:36:44] [INFO ]   Generated 12 boxes
[17:36:44] [INFO ]   Step 3 complete
[17:36:44] [INFO ] 
[17:36:44] [INFO ] STEP 4 — Dataset building
[17:36:44] [INFO ]   Saving labeled review image...
[17:36:44] [INFO ]   Saved: f387stk15_labeled.png
[17:36:44] [INFO ]   Split: train
[17:36:44] [INFO ]   Added 12 annotations to train.json
[17:36:44] [INFO ]   train.json: 108 images, 986 annotations
[17:36:44] [INFO ]   val.json:   26 images,  241 annotations
[17:36:44] [INFO ]   Step 4 complete
[17:36:44] [INFO ] 
[17:36:44] [INFO ]   DONE  f387stk15  →  train  |  12 faults  |  12 boxes
[17:36:44] [INFO ] 
[17:36:44] [INFO ] ──────────────────────────────────────────────────
[17:36:44] [INFO ]   LINE: f387stk16
[17:36:44] [INFO ] ──────────────────────────────────────────────────
[17:36:44] [INFO ] Dataset  : namss.F-3-87-AA.mcs.airgun
[17:36:44] [INFO ] SGY      : ../../airgun_data/namss.F-3-87-AA.mcs.airgun/Data/f387stk16.sgy
[17:36:44] [INFO ] NAV      : ../../airgun_data/namss.F-3-87-AA.mcs.airgun/Navigation/f-3-87-aa_NAV-WGS84.csv
[17:36:44] [INFO ] SA mode  : single (seed=50)
[17:36:44] [INFO ] 
[17:36:44] [INFO ] STEP 1 — Feature extraction
[17:36:44] [INFO ]   Loading navigation...
[17:36:44] [INFO ]   Loading SEG-Y...
[17:36:44] [INFO ]   Traces: 409  Samples: 3000  dt: 4.000 ms
[17:36:44] [INFO ]   Depth:  0.0 m → 8997.0 m
[17:36:44] [INFO ]   Matching traces to navigation...
[17:36:44] [INFO ]   NAV line matched via translation: 'f387stk16' -> 'F387-16'
[17:36:44] [INFO ]   Matched 408 / 409 traces
[17:36:44] [INFO ]   Bandpass filtering...
[17:36:44] [INFO ]   Computing seismic attributes...
[17:36:44] [INFO ]   Picking seafloor...
[17:36:44] [INFO ]   Seafloor depth: 4782–5331 m  (0 shallow traces masked)
[17:36:44] [INFO ]   Picking horizons...
[17:36:44] [INFO ]   Computing NCC coherence (slow)...
[17:36:44] [INFO ]   Saving CNN section image...
[17:36:45] [INFO ]   Saved: f387stk16_section_cnn.png  (2700x1500px)
[17:36:45] [INFO ]   Step 1 complete
[17:36:45] [INFO ] 
[17:36:45] [INFO ] STEP 2 — Fault detection
[17:36:45] [INFO ]   Mode: single SA run (seed=50)
[17:36:45] [INFO ]   Detected 1 high-confidence faults
[17:36:45] [INFO ]     Fault  1 | trace ~  217 | prob=0.724
[17:36:45] [INFO ]   Step 2 complete
[17:36:45] [INFO ] 
[17:36:45] [INFO ] STEP 3 — Bounding boxes
[17:36:45] [INFO ]   Box  1 | [829, 796, 1215w, 122h px]
[17:36:45] [INFO ]   Generated 1 boxes
[17:36:45] [INFO ]   Step 3 complete
[17:36:45] [INFO ] 
[17:36:45] [INFO ] STEP 4 — Dataset building
[17:36:45] [INFO ]   Saving labeled review image...
[17:36:45] [INFO ]   Saved: f387stk16_labeled.png
[17:36:45] [INFO ]   Split: val
[17:36:45] [INFO ]   Added 1 annotations to val.json
[17:36:45] [INFO ]   train.json: 108 images, 986 annotations
[17:36:45] [INFO ]   val.json:   27 images,  242 annotations
[17:36:45] [INFO ]   Step 4 complete
[17:36:45] [INFO ] 
[17:36:45] [INFO ]   DONE  f387stk16  →  val  |  1 faults  |  1 boxes
[17:36:45] [INFO ] 
[17:36:45] [INFO ] ──────────────────────────────────────────────────
[17:36:45] [INFO ]   LINE: f387stk17
[17:36:45] [INFO ] ──────────────────────────────────────────────────
[17:36:45] [INFO ] Dataset  : namss.F-3-87-AA.mcs.airgun
[17:36:45] [INFO ] SGY      : ../../airgun_data/namss.F-3-87-AA.mcs.airgun/Data/f387stk17.sgy
[17:36:45] [INFO ] NAV      : ../../airgun_data/namss.F-3-87-AA.mcs.airgun/Navigation/f-3-87-aa_NAV-WGS84.csv
[17:36:45] [INFO ] SA mode  : single (seed=50)
[17:36:45] [INFO ] 
[17:36:45] [INFO ] STEP 1 — Feature extraction
[17:36:45] [INFO ]   Loading navigation...
[17:36:45] [INFO ]   Loading SEG-Y...
[17:36:45] [INFO ]   Traces: 4669  Samples: 3000  dt: 4.000 ms
[17:36:45] [INFO ]   Depth:  0.0 m → 8997.0 m
[17:36:45] [INFO ]   Matching traces to navigation...
[17:36:45] [INFO ]   NAV line matched via translation: 'f387stk17' -> 'F387-17'
[17:36:46] [INFO ]   Matched 4668 / 4669 traces
[17:36:46] [INFO ]   Bandpass filtering...
[17:36:46] [INFO ]   Computing seismic attributes...
[17:36:47] [INFO ]   Picking seafloor...
[17:36:47] [INFO ]   Seafloor depth: 4266–5430 m  (0 shallow traces masked)
[17:36:47] [INFO ]   Picking horizons...
[17:36:47] [INFO ]   Computing NCC coherence (slow)...
[17:36:48] [INFO ]   Saving CNN section image...
[17:36:49] [INFO ]   Saved: f387stk17_section_cnn.png  (2700x1500px)
[17:36:49] [INFO ]   Step 1 complete
[17:36:49] [INFO ] 
[17:36:49] [INFO ] STEP 2 — Fault detection
[17:36:49] [INFO ]   Mode: single SA run (seed=50)
[17:37:01] [INFO ]   Detected 15 high-confidence faults
[17:37:01] [INFO ]     Fault  1 | trace ~  227 | prob=0.611
[17:37:01] [INFO ]     Fault  2 | trace ~  616 | prob=0.715
[17:37:01] [INFO ]     Fault  3 | trace ~  866 | prob=0.757
[17:37:01] [INFO ]     Fault  4 | trace ~ 1206 | prob=0.683
[17:37:01] [INFO ]     Fault  5 | trace ~ 1468 | prob=0.752
[17:37:01] [INFO ]     Fault  6 | trace ~ 1677 | prob=0.690
[17:37:01] [INFO ]     Fault  7 | trace ~ 1935 | prob=0.671
[17:37:01] [INFO ]     Fault  8 | trace ~ 2489 | prob=0.753
[17:37:01] [INFO ]     Fault  9 | trace ~ 2696 | prob=0.602
[17:37:01] [INFO ]     Fault 10 | trace ~ 3064 | prob=0.679
[17:37:01] [INFO ]     Fault 11 | trace ~ 3287 | prob=0.707
[17:37:01] [INFO ]     Fault 12 | trace ~ 3632 | prob=0.742
[17:37:01] [INFO ]     Fault 13 | trace ~ 3895 | prob=0.684
[17:37:01] [INFO ]     Fault 14 | trace ~ 4224 | prob=0.666
[17:37:01] [INFO ]     Fault 15 | trace ~ 4484 | prob=0.695
[17:37:01] [INFO ]   Step 2 complete
[17:37:01] [INFO ] 
[17:37:01] [INFO ] STEP 3 — Bounding boxes
[17:37:01] [INFO ]   Box  1 | [47, 826, 151w, 122h px]
[17:37:01] [INFO ]   Box  2 | [309, 798, 101w, 124h px]
[17:37:01] [INFO ]   Box  3 | [450, 793, 107w, 122h px]
[17:37:01] [INFO ]   Box  4 | [648, 789, 104w, 122h px]
[17:37:01] [INFO ]   Box  5 | [800, 781, 103w, 124h px]
[17:37:01] [INFO ]   Box  6 | [910, 753, 108w, 119h px]
[17:37:01] [INFO ]   Box  7 | [1062, 771, 110w, 119h px]
[17:37:01] [INFO ]   Box  8 | [1349, 706, 177w, 122h px]
[17:37:01] [INFO ]   Box  9 | [1507, 792, 111w, 117h px]
[17:37:01] [INFO ]   Box 10 | [1716, 771, 107w, 119h px]
[17:37:01] [INFO ]   Box 11 | [1847, 764, 107w, 127h px]
[17:37:01] [INFO ]   Box 12 | [2049, 768, 108w, 124h px]
[17:37:01] [INFO ]   Box 13 | [2198, 781, 105w, 124h px]
[17:37:01] [INFO ]   Box 14 | [2331, 772, 242w, 124h px]
[17:37:01] [INFO ]   Box 15 | [2544, 770, 110w, 124h px]
[17:37:01] [INFO ]   Generated 15 boxes
[17:37:01] [INFO ]   Step 3 complete
[17:37:01] [INFO ] 
[17:37:01] [INFO ] STEP 4 — Dataset building
[17:37:01] [INFO ]   Saving labeled review image...
[17:37:01] [INFO ]   Saved: f387stk17_labeled.png
[17:37:01] [INFO ]   Split: train
[17:37:01] [INFO ]   Added 15 annotations to train.json
[17:37:01] [INFO ]   train.json: 109 images, 1001 annotations
[17:37:01] [INFO ]   val.json:   27 images,  242 annotations
[17:37:01] [INFO ]   Step 4 complete
[17:37:01] [INFO ] 
[17:37:01] [INFO ]   DONE  f387stk17  →  train  |  15 faults  |  15 boxes
[17:37:01] [INFO ] 
[17:37:01] [INFO ] ──────────────────────────────────────────────────
[17:37:01] [INFO ]   LINE: f387stk18
[17:37:01] [INFO ] ──────────────────────────────────────────────────
[17:37:01] [INFO ] Dataset  : namss.F-3-87-AA.mcs.airgun
[17:37:01] [INFO ] SGY      : ../../airgun_data/namss.F-3-87-AA.mcs.airgun/Data/f387stk18.sgy
[17:37:01] [INFO ] NAV      : ../../airgun_data/namss.F-3-87-AA.mcs.airgun/Navigation/f-3-87-aa_NAV-WGS84.csv
[17:37:01] [INFO ] SA mode  : single (seed=50)
[17:37:01] [INFO ] 
[17:37:01] [INFO ] STEP 1 — Feature extraction
[17:37:01] [INFO ]   Loading navigation...
[17:37:01] [INFO ]   Loading SEG-Y...
[17:37:01] [INFO ]   Traces: 430  Samples: 3000  dt: 4.000 ms
[17:37:01] [INFO ]   Depth:  0.0 m → 8997.0 m
[17:37:01] [INFO ]   Matching traces to navigation...
[17:37:01] [INFO ]   NAV line matched via translation: 'f387stk18' -> 'F387-18'
[17:37:01] [INFO ]   Matched 429 / 430 traces
[17:37:01] [INFO ]   Bandpass filtering...
[17:37:01] [INFO ]   Computing seismic attributes...
[17:37:01] [INFO ]   Picking seafloor...
[17:37:01] [INFO ]   Seafloor depth: 4689–5604 m  (0 shallow traces masked)
[17:37:01] [INFO ]   Picking horizons...
[17:37:01] [INFO ]   Computing NCC coherence (slow)...
[17:37:01] [INFO ]   Saving CNN section image...
[17:37:02] [INFO ]   Saved: f387stk18_section_cnn.png  (2700x1500px)
[17:37:02] [INFO ]   Step 1 complete
[17:37:02] [INFO ] 
[17:37:02] [INFO ] STEP 2 — Fault detection
[17:37:02] [INFO ]   Mode: single SA run (seed=50)
[17:37:02] [INFO ]   Detected 2 high-confidence faults
[17:37:02] [INFO ]     Fault  1 | trace ~   16 | prob=0.715
[17:37:02] [INFO ]     Fault  2 | trace ~  268 | prob=0.692
[17:37:02] [INFO ]   Step 2 complete
[17:37:02] [INFO ] 
[17:37:02] [INFO ] STEP 3 — Bounding boxes
[17:37:02] [INFO ]   Box  1 | [0, 774, 364w, 117h px]
[17:37:02] [INFO ]   Box  2 | [1171, 842, 1070w, 127h px]
[17:37:02] [INFO ]   Generated 2 boxes
[17:37:02] [INFO ]   Step 3 complete
[17:37:02] [INFO ] 
[17:37:02] [INFO ] STEP 4 — Dataset building
[17:37:02] [INFO ]   Saving labeled review image...
[17:37:02] [INFO ]   Saved: f387stk18_labeled.png
[17:37:02] [INFO ]   Split: train
[17:37:02] [INFO ]   Added 2 annotations to train.json
[17:37:02] [INFO ]   train.json: 110 images, 1003 annotations
[17:37:02] [INFO ]   val.json:   27 images,  242 annotations
[17:37:02] [INFO ]   Step 4 complete
[17:37:02] [INFO ] 
[17:37:02] [INFO ]   DONE  f387stk18  →  train  |  2 faults  |  2 boxes
[17:37:02] [INFO ] 
[17:37:02] [INFO ] ──────────────────────────────────────────────────
[17:37:02] [INFO ]   LINE: f387stk19
[17:37:02] [INFO ] ──────────────────────────────────────────────────
[17:37:02] [INFO ] Dataset  : namss.F-3-87-AA.mcs.airgun
[17:37:02] [INFO ] SGY      : ../../airgun_data/namss.F-3-87-AA.mcs.airgun/Data/f387stk19.sgy
[17:37:02] [INFO ] NAV      : ../../airgun_data/namss.F-3-87-AA.mcs.airgun/Navigation/f-3-87-aa_NAV-WGS84.csv
[17:37:02] [INFO ] SA mode  : single (seed=50)
[17:37:02] [INFO ] 
[17:37:02] [INFO ] STEP 1 — Feature extraction
[17:37:02] [INFO ]   Loading navigation...
[17:37:02] [INFO ]   Loading SEG-Y...
[17:37:03] [INFO ]   Traces: 4431  Samples: 3000  dt: 4.000 ms
[17:37:03] [INFO ]   Depth:  0.0 m → 8997.0 m
[17:37:03] [INFO ]   Matching traces to navigation...
[17:37:03] [INFO ]   NAV line matched via translation: 'f387stk19' -> 'F387-19'
[17:37:03] [INFO ]   Matched 4430 / 4431 traces
[17:37:03] [INFO ]   Bandpass filtering...
[17:37:03] [INFO ]   Computing seismic attributes...
[17:37:04] [INFO ]   Picking seafloor...
[17:37:04] [INFO ]   Seafloor depth: 3675–5667 m  (0 shallow traces masked)
[17:37:04] [INFO ]   Picking horizons...
[17:37:04] [INFO ]   Computing NCC coherence (slow)...
[17:37:05] [INFO ]   Saving CNN section image...
[17:37:06] [INFO ]   Saved: f387stk19_section_cnn.png  (2700x1500px)
[17:37:06] [INFO ]   Step 1 complete
[17:37:06] [INFO ] 
[17:37:06] [INFO ] STEP 2 — Fault detection
[17:37:06] [INFO ]   Mode: single SA run (seed=50)
[17:37:15] [INFO ]   Detected 13 high-confidence faults
[17:37:15] [INFO ]     Fault  1 | trace ~  575 | prob=0.676
[17:37:15] [INFO ]     Fault  2 | trace ~  924 | prob=0.642
[17:37:15] [INFO ]     Fault  3 | trace ~ 1198 | prob=0.672
[17:37:15] [INFO ]     Fault  4 | trace ~ 1436 | prob=0.639
[17:37:15] [INFO ]     Fault  5 | trace ~ 1887 | prob=0.681
[17:37:15] [INFO ]     Fault  6 | trace ~ 2347 | prob=0.552
[17:37:15] [INFO ]     Fault  7 | trace ~ 2584 | prob=0.713
[17:37:15] [INFO ]     Fault  8 | trace ~ 2848 | prob=0.697
[17:37:15] [INFO ]     Fault  9 | trace ~ 3119 | prob=0.711
[17:37:15] [INFO ]     Fault 10 | trace ~ 3372 | prob=0.728
[17:37:15] [INFO ]     Fault 11 | trace ~ 3782 | prob=0.667
[17:37:15] [INFO ]     Fault 12 | trace ~ 4011 | prob=0.667
[17:37:15] [INFO ]     Fault 13 | trace ~ 4225 | prob=0.685
[17:37:15] [INFO ]   Step 2 complete
[17:37:15] [INFO ] 
[17:37:15] [INFO ] STEP 3 — Bounding boxes
[17:37:15] [INFO ]   Box  1 | [297, 909, 106w, 124h px]
[17:37:15] [INFO ]   Box  2 | [510, 846, 109w, 119h px]
[17:37:15] [INFO ]   Box  3 | [681, 816, 101w, 122h px]
[17:37:15] [INFO ]   Box  4 | [819, 811, 113w, 124h px]
[17:37:15] [INFO ]   Box  5 | [1094, 820, 112w, 124h px]
[17:37:15] [INFO ]   Box  6 | [1371, 910, 118w, 114h px]
[17:37:15] [INFO ]   Box  7 | [1515, 767, 120w, 117h px]
[17:37:15] [INFO ]   Box  8 | [1684, 772, 104w, 114h px]
[17:37:15] [INFO ]   Box  9 | [1841, 753, 131w, 122h px]
[17:37:15] [INFO ]   Box 10 | [1982, 780, 143w, 122h px]
[17:37:15] [INFO ]   Box 11 | [2255, 771, 106w, 119h px]
[17:37:15] [INFO ]   Box 12 | [2387, 797, 116w, 122h px]
[17:37:15] [INFO ]   Box 13 | [2493, 780, 166w, 119h px]
[17:37:15] [INFO ]   Generated 13 boxes
[17:37:15] [INFO ]   Step 3 complete
[17:37:15] [INFO ] 
[17:37:15] [INFO ] STEP 4 — Dataset building
[17:37:15] [INFO ]   Saving labeled review image...
[17:37:15] [INFO ]   Saved: f387stk19_labeled.png
[17:37:15] [INFO ]   Split: train
[17:37:15] [INFO ]   Added 13 annotations to train.json
[17:37:15] [INFO ]   train.json: 111 images, 1016 annotations
[17:37:15] [INFO ]   val.json:   27 images,  242 annotations
[17:37:15] [INFO ]   Step 4 complete
[17:37:15] [INFO ] 
[17:37:15] [INFO ]   DONE  f387stk19  →  train  |  13 faults  |  13 boxes
[17:37:15] [INFO ] 
[17:37:15] [INFO ] ──────────────────────────────────────────────────
[17:37:15] [INFO ]   LINE: f387stk20
[17:37:15] [INFO ] ──────────────────────────────────────────────────
[17:37:15] [INFO ] Dataset  : namss.F-3-87-AA.mcs.airgun
[17:37:15] [INFO ] SGY      : ../../airgun_data/namss.F-3-87-AA.mcs.airgun/Data/f387stk20.sgy
[17:37:15] [INFO ] NAV      : ../../airgun_data/namss.F-3-87-AA.mcs.airgun/Navigation/f-3-87-aa_NAV-WGS84.csv
[17:37:15] [INFO ] SA mode  : single (seed=50)
[17:37:15] [INFO ] 
[17:37:15] [INFO ] STEP 1 — Feature extraction
[17:37:15] [INFO ]   Loading navigation...
[17:37:15] [INFO ]   Loading SEG-Y...
[17:37:16] [INFO ]   Traces: 518  Samples: 3000  dt: 4.000 ms
[17:37:16] [INFO ]   Depth:  0.0 m → 8997.0 m
[17:37:16] [INFO ]   Matching traces to navigation...
[17:37:16] [INFO ]   NAV line matched via translation: 'f387stk20' -> 'F387-20'
[17:37:16] [INFO ]   Matched 517 / 518 traces
[17:37:16] [INFO ]   Bandpass filtering...
[17:37:16] [INFO ]   Computing seismic attributes...
[17:37:16] [INFO ]   Picking seafloor...
[17:37:17] [INFO ]   Seafloor depth: 4314–4857 m  (0 shallow traces masked)
[17:37:17] [INFO ]   Picking horizons...
[17:37:17] [INFO ]   Computing NCC coherence (slow)...
[17:37:17] [INFO ]   Saving CNN section image...
[17:37:19] [INFO ]   Saved: f387stk20_section_cnn.png  (2700x1500px)
[17:37:19] [INFO ]   Step 1 complete
[17:37:19] [INFO ] 
[17:37:19] [INFO ] STEP 2 — Fault detection
[17:37:19] [INFO ]   Mode: single SA run (seed=50)
[17:37:23] [INFO ]   Detected 2 high-confidence faults
[17:37:23] [INFO ]     Fault  1 | trace ~  185 | prob=0.670
[17:37:23] [INFO ]     Fault  2 | trace ~  411 | prob=0.702
[17:37:23] [INFO ]   Step 2 complete
[17:37:23] [INFO ] 
[17:37:23] [INFO ] STEP 3 — Bounding boxes
[17:37:23] [INFO ]   Box  1 | [446, 780, 1119w, 119h px]
[17:37:23] [INFO ]   Box  2 | [1652, 793, 1048w, 119h px]
[17:37:23] [INFO ]   Generated 2 boxes
[17:37:23] [INFO ]   Step 3 complete
[17:37:23] [INFO ] 
[17:37:23] [INFO ] STEP 4 — Dataset building
[17:37:23] [INFO ]   Saving labeled review image...
[17:37:23] [INFO ]   Saved: f387stk20_labeled.png
[17:37:23] [INFO ]   Split: train
[17:37:23] [INFO ]   Added 2 annotations to train.json
[17:37:23] [INFO ]   train.json: 112 images, 1018 annotations
[17:37:23] [INFO ]   val.json:   27 images,  242 annotations
[17:37:23] [INFO ]   Step 4 complete
[17:37:23] [INFO ] 
[17:37:23] [INFO ]   DONE  f387stk20  →  train  |  2 faults  |  2 boxes
[17:37:23] [INFO ] 
[17:37:23] [INFO ] ──────────────────────────────────────────────────
[17:37:23] [INFO ]   LINE: f387stk21
[17:37:23] [INFO ] ──────────────────────────────────────────────────
[17:37:23] [INFO ] Dataset  : namss.F-3-87-AA.mcs.airgun
[17:37:23] [INFO ] SGY      : ../../airgun_data/namss.F-3-87-AA.mcs.airgun/Data/f387stk21.sgy
[17:37:23] [INFO ] NAV      : ../../airgun_data/namss.F-3-87-AA.mcs.airgun/Navigation/f-3-87-aa_NAV-WGS84.csv
[17:37:23] [INFO ] SA mode  : single (seed=50)
[17:37:23] [INFO ] 
[17:37:23] [INFO ] STEP 1 — Feature extraction
[17:37:23] [INFO ]   Loading navigation...
[17:37:24] [INFO ]   Loading SEG-Y...
[17:37:25] [INFO ]   Traces: 4409  Samples: 3000  dt: 4.000 ms
[17:37:25] [INFO ]   Depth:  0.0 m → 8997.0 m
[17:37:25] [INFO ]   Matching traces to navigation...
[17:37:25] [INFO ]   NAV line matched via translation: 'f387stk21' -> 'F387-21'
[17:37:27] [INFO ]   Matched 4342 / 4409 traces
[17:37:27] [INFO ]   Bandpass filtering...
[17:37:28] [INFO ]   Computing seismic attributes...
[17:37:31] [INFO ]   Picking seafloor...
[17:37:33] [INFO ]   Seafloor depth: 4359–6915 m  (0 shallow traces masked)
[17:37:33] [INFO ]   Picking horizons...
[17:37:34] [INFO ]   Computing NCC coherence (slow)...
[17:37:37] [INFO ]   Saving CNN section image...
[17:37:42] [INFO ]   Saved: f387stk21_section_cnn.png  (2700x1500px)
[17:37:42] [INFO ]   Step 1 complete
[17:37:42] [INFO ] 
[17:37:42] [INFO ] STEP 2 — Fault detection
[17:37:42] [INFO ]   Mode: single SA run (seed=50)
[17:37:58] [INFO ]   Detected 14 high-confidence faults
[17:37:58] [INFO ]     Fault  1 | trace ~  209 | prob=0.680
[17:37:58] [INFO ]     Fault  2 | trace ~  469 | prob=0.712
[17:37:58] [INFO ]     Fault  3 | trace ~  754 | prob=0.722
[17:37:58] [INFO ]     Fault  4 | trace ~  950 | prob=0.703
[17:37:58] [INFO ]     Fault  5 | trace ~ 1278 | prob=0.712
[17:37:58] [INFO ]     Fault  6 | trace ~ 1618 | prob=0.648
[17:37:58] [INFO ]     Fault  7 | trace ~ 1884 | prob=0.705
[17:37:58] [INFO ]     Fault  8 | trace ~ 2267 | prob=0.671
[17:37:58] [INFO ]     Fault  9 | trace ~ 2515 | prob=0.647
[17:37:58] [INFO ]     Fault 10 | trace ~ 2814 | prob=0.628
[17:37:58] [INFO ]     Fault 11 | trace ~ 3236 | prob=0.650
[17:37:58] [INFO ]     Fault 12 | trace ~ 3450 | prob=0.744
[17:37:58] [INFO ]     Fault 13 | trace ~ 3668 | prob=0.710
[17:37:58] [INFO ]     Fault 14 | trace ~ 3990 | prob=0.659
[17:37:58] [INFO ]   Step 2 complete
[17:37:58] [INFO ] 
[17:37:58] [INFO ] STEP 3 — Bounding boxes
[17:37:58] [INFO ]   Box  1 | [81, 762, 107w, 119h px]
[17:37:58] [INFO ]   Box  2 | [217, 781, 142w, 119h px]
[17:37:58] [INFO ]   Box  3 | [419, 775, 108w, 124h px]
[17:37:58] [INFO ]   Box  4 | [528, 796, 131w, 119h px]
[17:37:58] [INFO ]   Box  5 | [744, 835, 112w, 119h px]
[17:37:58] [INFO ]   Box  6 | [936, 909, 129w, 124h px]
[17:37:58] [INFO ]   Box  7 | [1118, 949, 112w, 119h px]
[17:37:58] [INFO ]   Box  8 | [1356, 1079, 110w, 119h px]
[17:37:58] [INFO ]   Box  9 | [1500, 989, 131w, 124h px]
[17:37:58] [INFO ]   Box 10 | [1672, 1028, 165w, 122h px]
[17:37:58] [INFO ]   Box 11 | [1949, 1122, 125w, 124h px]
[17:37:58] [INFO ]   Box 12 | [2079, 1128, 148w, 114h px]
[17:37:58] [INFO ]   Box 13 | [2226, 1127, 112w, 119h px]
[17:37:58] [INFO ]   Box 14 | [2421, 1131, 127w, 117h px]
[17:37:58] [INFO ]   Generated 14 boxes
[17:37:58] [INFO ]   Step 3 complete
[17:37:58] [INFO ] 
[17:37:58] [INFO ] STEP 4 — Dataset building
[17:37:58] [INFO ]   Saving labeled review image...
[17:37:58] [INFO ]   Saved: f387stk21_labeled.png
[17:37:58] [INFO ]   Split: val
[17:37:58] [INFO ]   Added 14 annotations to val.json
[17:37:58] [INFO ]   train.json: 112 images, 1018 annotations
[17:37:58] [INFO ]   val.json:   28 images,  256 annotations
[17:37:58] [INFO ]   Step 4 complete
[17:37:58] [INFO ] 
[17:37:58] [INFO ]   DONE  f387stk21  →  val  |  14 faults  |  14 boxes
[17:37:58] [INFO ] 
[17:37:58] [INFO ] ──────────────────────────────────────────────────
[17:37:58] [INFO ]   LINE: f387stk22
[17:37:58] [INFO ] ──────────────────────────────────────────────────
[17:37:58] [INFO ] Dataset  : namss.F-3-87-AA.mcs.airgun
[17:37:58] [INFO ] SGY      : ../../airgun_data/namss.F-3-87-AA.mcs.airgun/Data/f387stk22.sgy
[17:37:58] [INFO ] NAV      : ../../airgun_data/namss.F-3-87-AA.mcs.airgun/Navigation/f-3-87-aa_NAV-WGS84.csv
[17:37:58] [INFO ] SA mode  : single (seed=50)
[17:37:58] [INFO ] 
[17:37:58] [INFO ] STEP 1 — Feature extraction
[17:37:58] [INFO ]   Loading navigation...
[17:37:58] [INFO ]   Loading SEG-Y...
[17:37:58] [INFO ]   Traces: 451  Samples: 3000  dt: 4.000 ms
[17:37:58] [INFO ]   Depth:  0.0 m → 8997.0 m
[17:37:58] [INFO ]   Matching traces to navigation...
[17:37:58] [INFO ]   NAV line matched via translation: 'f387stk22' -> 'F387-22'
[17:37:58] [INFO ]   Matched 450 / 451 traces
[17:37:58] [INFO ]   Bandpass filtering...
[17:37:58] [INFO ]   Computing seismic attributes...
[17:37:58] [INFO ]   Picking seafloor...
[17:37:58] [INFO ]   Seafloor depth: 5208–7197 m  (0 shallow traces masked)
[17:37:58] [INFO ]   Picking horizons...
[17:37:58] [INFO ]   Computing NCC coherence (slow)...
[17:37:59] [INFO ]   Saving CNN section image...
[17:37:59] [INFO ]   Saved: f387stk22_section_cnn.png  (2700x1500px)
[17:37:59] [INFO ]   Step 1 complete
[17:37:59] [INFO ] 
[17:37:59] [INFO ] STEP 2 — Fault detection
[17:37:59] [INFO ]   Mode: single SA run (seed=50)
[17:38:00] [INFO ]   Detected 2 high-confidence faults
[17:38:00] [INFO ]     Fault  1 | trace ~  138 | prob=0.695
[17:38:00] [INFO ]     Fault  2 | trace ~  423 | prob=0.616
[17:38:00] [INFO ]   Step 2 complete
[17:38:00] [INFO ] 
[17:38:00] [INFO ] STEP 3 — Bounding boxes
[17:38:00] [INFO ]   Box  1 | [367, 1143, 1000w, 132h px]
[17:38:00] [INFO ]   Box  2 | [2054, 873, 646w, 119h px]
[17:38:00] [INFO ]   Generated 2 boxes
[17:38:00] [INFO ]   Step 3 complete
[17:38:00] [INFO ] 
[17:38:00] [INFO ] STEP 4 — Dataset building
[17:38:00] [INFO ]   Saving labeled review image...
[17:38:00] [INFO ]   Saved: f387stk22_labeled.png
[17:38:00] [INFO ]   Split: train
[17:38:00] [INFO ]   Added 2 annotations to train.json
[17:38:00] [INFO ]   train.json: 113 images, 1020 annotations
[17:38:00] [INFO ]   val.json:   28 images,  256 annotations
[17:38:00] [INFO ]   Step 4 complete
[17:38:00] [INFO ] 
[17:38:00] [INFO ]   DONE  f387stk22  →  train  |  2 faults  |  2 boxes
[17:38:00] [INFO ] 
[17:38:00] [INFO ] ──────────────────────────────────────────────────
[17:38:00] [INFO ]   LINE: f387stk23
[17:38:00] [INFO ] ──────────────────────────────────────────────────
[17:38:00] [INFO ] Dataset  : namss.F-3-87-AA.mcs.airgun
[17:38:00] [INFO ] SGY      : ../../airgun_data/namss.F-3-87-AA.mcs.airgun/Data/f387stk23.sgy
[17:38:00] [INFO ] NAV      : ../../airgun_data/namss.F-3-87-AA.mcs.airgun/Navigation/f-3-87-aa_NAV-WGS84.csv
[17:38:00] [INFO ] SA mode  : single (seed=50)
[17:38:00] [INFO ] 
[17:38:00] [INFO ] STEP 1 — Feature extraction
[17:38:00] [INFO ]   Loading navigation...
[17:38:00] [INFO ]   Loading SEG-Y...
[17:38:00] [INFO ]   Traces: 4048  Samples: 3000  dt: 4.000 ms
[17:38:00] [INFO ]   Depth:  0.0 m → 8997.0 m
[17:38:00] [INFO ]   Matching traces to navigation...
[17:38:00] [INFO ]   NAV line matched via translation: 'f387stk23' -> 'F387-23'
[17:38:00] [INFO ]   Matched 4047 / 4048 traces
[17:38:00] [INFO ]   Bandpass filtering...
[17:38:00] [INFO ]   Computing seismic attributes...
[17:38:02] [INFO ]   Picking seafloor...
[17:38:04] [INFO ]   Seafloor depth: 4350–6894 m  (0 shallow traces masked)
[17:38:04] [INFO ]   Picking horizons...
[17:38:05] [INFO ]   Computing NCC coherence (slow)...
[17:38:07] [INFO ]   Saving CNN section image...
[17:38:11] [INFO ]   Saved: f387stk23_section_cnn.png  (2700x1500px)
[17:38:11] [INFO ]   Step 1 complete
[17:38:11] [INFO ] 
[17:38:11] [INFO ] STEP 2 — Fault detection
[17:38:11] [INFO ]   Mode: single SA run (seed=50)
[17:38:37] [INFO ]   Detected 10 high-confidence faults
[17:38:37] [INFO ]     Fault  1 | trace ~   60 | prob=0.723
[17:38:37] [INFO ]     Fault  2 | trace ~  285 | prob=0.724
[17:38:37] [INFO ]     Fault  3 | trace ~  663 | prob=0.690
[17:38:37] [INFO ]     Fault  4 | trace ~  910 | prob=0.626
[17:38:37] [INFO ]     Fault  5 | trace ~ 1403 | prob=0.608
[17:38:37] [INFO ]     Fault  6 | trace ~ 2041 | prob=0.762
[17:38:37] [INFO ]     Fault  7 | trace ~ 3011 | prob=0.707
[17:38:37] [INFO ]     Fault  8 | trace ~ 3278 | prob=0.655
[17:38:37] [INFO ]     Fault  9 | trace ~ 3635 | prob=0.722
[17:38:37] [INFO ]     Fault 10 | trace ~ 3846 | prob=0.703
[17:38:37] [INFO ]   Step 2 complete
[17:38:37] [INFO ] 
[17:38:37] [INFO ] STEP 3 — Bounding boxes
[17:38:37] [INFO ]   Box  1 | [0, 887, 116w, 119h px]
[17:38:37] [INFO ]   Box  2 | [133, 871, 129w, 122h px]
[17:38:37] [INFO ]   Box  3 | [390, 891, 109w, 117h px]
[17:38:37] [INFO ]   Box  4 | [556, 822, 107w, 127h px]
[17:38:37] [INFO ]   Box  5 | [878, 969, 120w, 129h px]
[17:38:37] [INFO ]   Box  6 | [1291, 1122, 166w, 119h px]
[17:38:37] [INFO ]   Box  7 | [1947, 1061, 118w, 119h px]
[17:38:37] [INFO ]   Box  8 | [2106, 1043, 157w, 124h px]
[17:38:37] [INFO ]   Box  9 | [2372, 969, 105w, 127h px]
[17:38:37] [INFO ]   Box 10 | [2500, 903, 129w, 119h px]
[17:38:37] [INFO ]   Generated 10 boxes
[17:38:37] [INFO ]   Step 3 complete
[17:38:37] [INFO ] 
[17:38:37] [INFO ] STEP 4 — Dataset building
[17:38:37] [INFO ]   Saving labeled review image...
[17:38:38] [INFO ]   Saved: f387stk23_labeled.png
[17:38:38] [INFO ]   Split: train
[17:38:38] [INFO ]   Added 10 annotations to train.json
[17:38:38] [INFO ]   train.json: 114 images, 1030 annotations
[17:38:38] [INFO ]   val.json:   28 images,  256 annotations
[17:38:38] [INFO ]   Step 4 complete
[17:38:38] [INFO ] 
[17:38:38] [INFO ]   DONE  f387stk23  →  train  |  10 faults  |  10 boxes
[17:38:38] [INFO ] 
[17:38:38] [INFO ] ──────────────────────────────────────────────────
[17:38:38] [INFO ]   LINE: f387stk24
[17:38:38] [INFO ] ──────────────────────────────────────────────────
[17:38:38] [INFO ] Dataset  : namss.F-3-87-AA.mcs.airgun
[17:38:38] [INFO ] SGY      : ../../airgun_data/namss.F-3-87-AA.mcs.airgun/Data/f387stk24.sgy
[17:38:38] [INFO ] NAV      : ../../airgun_data/namss.F-3-87-AA.mcs.airgun/Navigation/f-3-87-aa_NAV-WGS84.csv
[17:38:38] [INFO ] SA mode  : single (seed=50)
[17:38:38] [INFO ] 
[17:38:38] [INFO ] STEP 1 — Feature extraction
[17:38:38] [INFO ]   Loading navigation...
[17:38:38] [INFO ]   Loading SEG-Y...
[17:38:39] [INFO ]   Traces: 2569  Samples: 3000  dt: 4.000 ms
[17:38:39] [INFO ]   Depth:  0.0 m → 8997.0 m
[17:38:39] [INFO ]   Matching traces to navigation...
[17:38:39] [INFO ]   NAV line matched via translation: 'f387stk24' -> 'F387-24'
[17:43:43] [INFO ]   Matched 2568 / 2569 traces
[17:43:43] [INFO ]   Bandpass filtering...
[17:43:43] [INFO ]   Computing seismic attributes...
[17:43:43] [INFO ]   Picking seafloor...
[17:43:43] [INFO ]   Seafloor depth: 750–6864 m  (0 shallow traces masked)
[17:43:43] [INFO ]   Picking horizons...
[17:43:43] [INFO ]   Computing NCC coherence (slow)...
[17:43:44] [INFO ]   Saving CNN section image...
[17:43:44] [INFO ]   Saved: f387stk24_section_cnn.png  (2700x1500px)
[17:43:44] [INFO ]   Step 1 complete
[17:43:44] [INFO ] 
[17:43:44] [INFO ] STEP 2 — Fault detection
[17:43:44] [INFO ]   Mode: single SA run (seed=50)
[17:43:46] [INFO ]   Detected 3 high-confidence faults
[17:43:46] [INFO ]     Fault  1 | trace ~ 1720 | prob=0.666
[17:43:46] [INFO ]     Fault  2 | trace ~ 2170 | prob=0.788
[17:43:46] [INFO ]     Fault  3 | trace ~ 2516 | prob=0.744
[17:43:46] [INFO ]   Step 2 complete
[17:43:46] [INFO ] 
[17:43:46] [INFO ] STEP 3 — Bounding boxes
[17:43:46] [INFO ]   Box  1 | [1693, 621, 211w, 122h px]
[17:43:46] [INFO ]   Box  2 | [2169, 170, 211w, 117h px]
[17:43:46] [INFO ]   Box  3 | [2560, 138, 140w, 122h px]
[17:43:46] [INFO ]   Generated 3 boxes
[17:43:46] [INFO ]   Step 3 complete
[17:43:46] [INFO ] 
[17:43:46] [INFO ] STEP 4 — Dataset building
[17:43:46] [INFO ]   Saving labeled review image...
[17:43:46] [INFO ]   Saved: f387stk24_labeled.png
[17:43:46] [INFO ]   Split: train
[17:43:46] [INFO ]   Added 3 annotations to train.json
[17:43:46] [INFO ]   train.json: 115 images, 1033 annotations
[17:43:46] [INFO ]   val.json:   28 images,  256 annotations
[17:43:46] [INFO ]   Step 4 complete
[17:43:46] [INFO ] 
[17:43:46] [INFO ]   DONE  f387stk24  →  train  |  3 faults  |  3 boxes
[17:43:46] [INFO ] 
[17:43:46] [INFO ] ──────────────────────────────────────────────────
[17:43:46] [INFO ]   LINE: f387stk25
[17:43:46] [INFO ] ──────────────────────────────────────────────────
[17:43:46] [INFO ] Dataset  : namss.F-3-87-AA.mcs.airgun
[17:43:46] [INFO ] SGY      : ../../airgun_data/namss.F-3-87-AA.mcs.airgun/Data/f387stk25.sgy
[17:43:46] [INFO ] NAV      : ../../airgun_data/namss.F-3-87-AA.mcs.airgun/Navigation/f-3-87-aa_NAV-WGS84.csv
[17:43:46] [INFO ] SA mode  : single (seed=50)
[17:43:46] [INFO ] 
[17:43:46] [INFO ] STEP 1 — Feature extraction
[17:43:46] [INFO ]   Loading navigation...
[17:43:46] [INFO ]   Loading SEG-Y...
[17:43:46] [INFO ]   Traces: 1874  Samples: 3000  dt: 4.000 ms
[17:43:46] [INFO ]   Depth:  0.0 m → 8997.0 m
[17:43:46] [INFO ]   Matching traces to navigation...
[17:43:46] [INFO ]   NAV line matched via translation: 'f387stk25' -> 'F387-25'
[17:43:47] [INFO ]   Matched 1873 / 1874 traces
[17:43:47] [INFO ]   Bandpass filtering...
[17:43:47] [INFO ]   Computing seismic attributes...
[17:43:47] [INFO ]   Picking seafloor...
[17:43:47] [INFO ]   Seafloor depth: 510–1725 m  (368 shallow traces masked)
[17:43:47] [INFO ]   Picking horizons...
[17:43:47] [INFO ]   Computing NCC coherence (slow)...
[17:43:47] [INFO ]   Saving CNN section image...
[17:43:48] [INFO ]   Saved: f387stk25_section_cnn.png  (2700x1500px)
[17:43:48] [INFO ]   Step 1 complete
[17:43:48] [INFO ] 
[17:43:48] [INFO ] STEP 2 — Fault detection
[17:43:48] [INFO ]   Mode: single SA run (seed=50)
[17:43:50] [INFO ]   Detected 3 high-confidence faults
[17:43:50] [INFO ]     Fault  1 | trace ~   75 | prob=0.634
[17:43:50] [INFO ]     Fault  2 | trace ~  781 | prob=0.697
[17:43:50] [INFO ]     Fault  3 | trace ~ 1544 | prob=0.672
[17:43:50] [INFO ]   Step 2 complete
[17:43:50] [INFO ] 
[17:43:50] [INFO ] STEP 3 — Bounding boxes
[17:43:50] [INFO ]   Box  1 | [2, 106, 206w, 114h px]
[17:43:50] [INFO ]   Box  2 | [994, 172, 274w, 124h px]
[17:43:50] [INFO ]   Box  3 | [2065, 94, 333w, 117h px]
[17:43:50] [INFO ]   Generated 3 boxes
[17:43:50] [INFO ]   Step 3 complete
[17:43:50] [INFO ] 
[17:43:50] [INFO ] STEP 4 — Dataset building
[17:43:50] [INFO ]   Saving labeled review image...
[17:43:50] [INFO ]   Saved: f387stk25_labeled.png
[17:43:50] [INFO ]   Split: train
[17:43:50] [INFO ]   Added 3 annotations to train.json
[17:43:50] [INFO ]   train.json: 116 images, 1036 annotations
[17:43:50] [INFO ]   val.json:   28 images,  256 annotations
[17:43:50] [INFO ]   Step 4 complete
[17:43:50] [INFO ] 
[17:43:50] [INFO ]   DONE  f387stk25  →  train  |  3 faults  |  3 boxes
[17:43:50] [INFO ] 
[17:43:50] [INFO ] ──────────────────────────────────────────────────
[17:43:50] [INFO ]   LINE: f387stk26
[17:43:50] [INFO ] ──────────────────────────────────────────────────
[17:43:50] [INFO ] Dataset  : namss.F-3-87-AA.mcs.airgun
[17:43:50] [INFO ] SGY      : ../../airgun_data/namss.F-3-87-AA.mcs.airgun/Data/f387stk26.sgy
[17:43:50] [INFO ] NAV      : ../../airgun_data/namss.F-3-87-AA.mcs.airgun/Navigation/f-3-87-aa_NAV-WGS84.csv
[17:43:50] [INFO ] SA mode  : single (seed=50)
[17:43:50] [INFO ] 
[17:43:50] [INFO ] STEP 1 — Feature extraction
[17:43:50] [INFO ]   Loading navigation...
[17:43:50] [INFO ]   Loading SEG-Y...
[17:43:50] [INFO ]   Traces: 179  Samples: 3000  dt: 4.000 ms
[17:43:50] [INFO ]   Depth:  0.0 m → 8997.0 m
[17:43:50] [INFO ]   Matching traces to navigation...
[17:43:50] [INFO ]   NAV line matched via translation: 'f387stk26' -> 'F387-26'
[17:43:50] [INFO ]   Matched 178 / 179 traces
[17:43:50] [INFO ]   Bandpass filtering...
[17:43:50] [INFO ]   Computing seismic attributes...
[17:43:51] [INFO ]   Picking seafloor...
[17:43:51] [INFO ]   Seafloor depth: 1197–1854 m  (0 shallow traces masked)
[17:43:51] [INFO ]   Picking horizons...
[17:43:51] [INFO ]   Computing NCC coherence (slow)...
[17:43:51] [INFO ]   Saving CNN section image...
[17:43:52] [INFO ]   Saved: f387stk26_section_cnn.png  (2700x1500px)
[17:43:52] [INFO ]   Step 1 complete
[17:43:52] [INFO ] 
[17:43:52] [INFO ] STEP 2 — Fault detection
[17:43:52] [INFO ]   Mode: single SA run (seed=50)
[17:43:54] [INFO ]   Detected 1 high-confidence faults
[17:43:54] [INFO ]     Fault  1 | trace ~   62 | prob=0.749
[17:43:54] [INFO ]   Step 2 complete
[17:43:54] [INFO ] 
[17:43:54] [INFO ] STEP 3 — Bounding boxes
[17:43:54] [INFO ]   Box  1 | [0, 239, 2278w, 129h px]
[17:43:54] [INFO ]   Generated 1 boxes
[17:43:54] [INFO ]   Step 3 complete
[17:43:54] [INFO ] 
[17:43:54] [INFO ] STEP 4 — Dataset building
[17:43:54] [INFO ]   Saving labeled review image...
[17:43:55] [INFO ]   Saved: f387stk26_labeled.png
[17:43:55] [INFO ]   Split: val
[17:43:55] [INFO ]   Added 1 annotations to val.json
[17:43:55] [INFO ]   train.json: 116 images, 1036 annotations
[17:43:55] [INFO ]   val.json:   29 images,  257 annotations
[17:43:55] [INFO ]   Step 4 complete
[17:43:55] [INFO ] 
[17:43:55] [INFO ]   DONE  f387stk26  →  val  |  1 faults  |  1 boxes
[17:43:55] [INFO ] 
[17:43:55] [INFO ] ──────────────────────────────────────────────────
[17:43:55] [INFO ]   LINE: f387stk27
[17:43:55] [INFO ] ──────────────────────────────────────────────────
[17:43:55] [INFO ] Dataset  : namss.F-3-87-AA.mcs.airgun
[17:43:55] [INFO ] SGY      : ../../airgun_data/namss.F-3-87-AA.mcs.airgun/Data/f387stk27.sgy
[17:43:55] [INFO ] NAV      : ../../airgun_data/namss.F-3-87-AA.mcs.airgun/Navigation/f-3-87-aa_NAV-WGS84.csv
[17:43:55] [INFO ] SA mode  : single (seed=50)
[17:43:55] [INFO ] 
[17:43:55] [INFO ] STEP 1 — Feature extraction
[17:43:55] [INFO ]   Loading navigation...
[17:43:55] [INFO ]   Loading SEG-Y...
[17:43:56] [INFO ]   Traces: 1494  Samples: 3000  dt: 4.000 ms
[17:43:56] [INFO ]   Depth:  0.0 m → 8997.0 m
[17:43:56] [INFO ]   Matching traces to navigation...
[17:43:56] [INFO ]   NAV line matched via translation: 'f387stk27' -> 'F387-27'
[17:43:56] [INFO ]   Matched 1493 / 1494 traces
[17:43:56] [INFO ]   Bandpass filtering...
[17:43:57] [INFO ]   Computing seismic attributes...
[17:43:58] [INFO ]   Picking seafloor...
[17:43:58] [INFO ]   Seafloor depth: 1155–3450 m  (0 shallow traces masked)
[17:43:58] [INFO ]   Picking horizons...
[17:43:59] [INFO ]   Computing NCC coherence (slow)...
[17:44:00] [INFO ]   Saving CNN section image...
[17:44:02] [INFO ]   Saved: f387stk27_section_cnn.png  (2700x1500px)
[17:44:02] [INFO ]   Step 1 complete
[17:44:02] [INFO ] 
[17:44:02] [INFO ] STEP 2 — Fault detection
[17:44:02] [INFO ]   Mode: single SA run (seed=50)
[17:44:14] [INFO ]   Detected 0 high-confidence faults
[17:44:14] [INFO ]   Step 2 complete
[17:44:14] [INFO ] 
[17:44:14] [INFO ] STEP 3 — Bounding boxes
[17:44:14] [INFO ]   Generated 0 boxes
[17:44:14] [INFO ]   Step 3 complete
[17:44:14] [INFO ] 
[17:44:14] [INFO ] STEP 4 — Dataset building
[17:44:14] [INFO ]   Saving labeled review image...
[17:44:14] [INFO ]   Saved: f387stk27_labeled.png
[17:44:14] [INFO ]   Split: train
[17:44:14] [INFO ]   Added 0 annotations to train.json
[17:44:14] [INFO ]   train.json: 117 images, 1036 annotations
[17:44:14] [INFO ]   val.json:   29 images,  257 annotations
[17:44:14] [INFO ]   Step 4 complete
[17:44:14] [INFO ] 
[17:44:14] [INFO ]   DONE  f387stk27  →  train  |  0 faults  |  0 boxes
[17:44:14] [INFO ] 
[17:44:14] [INFO ] ──────────────────────────────────────────────────
[17:44:14] [INFO ]   LINE: f387stk28
[17:44:14] [INFO ] ──────────────────────────────────────────────────
[17:44:14] [INFO ] Dataset  : namss.F-3-87-AA.mcs.airgun
[17:44:14] [INFO ] SGY      : ../../airgun_data/namss.F-3-87-AA.mcs.airgun/Data/f387stk28.sgy
[17:44:14] [INFO ] NAV      : ../../airgun_data/namss.F-3-87-AA.mcs.airgun/Navigation/f-3-87-aa_NAV-WGS84.csv
[17:44:14] [INFO ] SA mode  : single (seed=50)
[17:44:14] [INFO ] 
[17:44:14] [INFO ] STEP 1 — Feature extraction
[17:44:14] [INFO ]   Loading navigation...
[17:44:15] [INFO ]   Loading SEG-Y...
[17:44:15] [INFO ]   Traces: 453  Samples: 3000  dt: 4.000 ms
[17:44:15] [INFO ]   Depth:  0.0 m → 8997.0 m
[17:44:15] [INFO ]   Matching traces to navigation...
[17:44:15] [INFO ]   NAV line matched via translation: 'f387stk28' -> 'F387-28'
[17:44:15] [INFO ]   Matched 452 / 453 traces
[17:44:15] [INFO ]   Bandpass filtering...
[17:44:15] [INFO ]   Computing seismic attributes...
[17:44:15] [INFO ]   Picking seafloor...
[17:44:16] [INFO ]   Seafloor depth: 987–2508 m  (0 shallow traces masked)
[17:44:16] [INFO ]   Picking horizons...
[17:44:16] [INFO ]   Computing NCC coherence (slow)...
[17:44:16] [INFO ]   Saving CNN section image...
[17:44:18] [INFO ]   Saved: f387stk28_section_cnn.png  (2700x1500px)
[17:44:18] [INFO ]   Step 1 complete
[17:44:18] [INFO ] 
[17:44:18] [INFO ] STEP 2 — Fault detection
[17:44:18] [INFO ]   Mode: single SA run (seed=50)
[17:44:20] [INFO ]   Detected 1 high-confidence faults
[17:44:20] [INFO ]     Fault  1 | trace ~   86 | prob=0.713
[17:44:20] [INFO ]   Step 2 complete
[17:44:20] [INFO ] 
[17:44:20] [INFO ] STEP 3 — Bounding boxes
[17:44:20] [INFO ]   Box  1 | [0, 226, 1074w, 122h px]
[17:44:20] [INFO ]   Generated 1 boxes
[17:44:20] [INFO ]   Step 3 complete
[17:44:20] [INFO ] 
[17:44:20] [INFO ] STEP 4 — Dataset building
[17:44:20] [INFO ]   Saving labeled review image...
[17:44:21] [INFO ]   Saved: f387stk28_labeled.png
[17:44:21] [INFO ]   Split: train
[17:44:21] [INFO ]   Added 1 annotations to train.json
[17:44:21] [INFO ]   train.json: 118 images, 1037 annotations
[17:44:21] [INFO ]   val.json:   29 images,  257 annotations
[17:44:21] [INFO ]   Step 4 complete
[17:44:21] [INFO ] 
[17:44:21] [INFO ]   DONE  f387stk28  →  train  |  1 faults  |  1 boxes
[17:44:21] [INFO ] 
[17:44:21] [INFO ] ──────────────────────────────────────────────────
[17:44:21] [INFO ]   LINE: f387stk29
[17:44:21] [INFO ] ──────────────────────────────────────────────────
[17:44:21] [INFO ] Dataset  : namss.F-3-87-AA.mcs.airgun
[17:44:21] [INFO ] SGY      : ../../airgun_data/namss.F-3-87-AA.mcs.airgun/Data/f387stk29.sgy
[17:44:21] [INFO ] NAV      : ../../airgun_data/namss.F-3-87-AA.mcs.airgun/Navigation/f-3-87-aa_NAV-WGS84.csv
[17:44:21] [INFO ] SA mode  : single (seed=50)
[17:44:21] [INFO ] 
[17:44:21] [INFO ] STEP 1 — Feature extraction
[17:44:21] [INFO ]   Loading navigation...
[17:44:21] [INFO ]   Loading SEG-Y...
[17:44:22] [INFO ]   Traces: 5257  Samples: 3000  dt: 4.000 ms
[17:44:22] [INFO ]   Depth:  0.0 m → 8997.0 m
[17:44:22] [INFO ]   Matching traces to navigation...
[17:44:22] [INFO ]   NAV line matched via translation: 'f387stk29' -> 'F387-29'
[17:44:25] [INFO ]   Matched 5256 / 5257 traces
[17:44:25] [INFO ]   Bandpass filtering...
[17:44:26] [INFO ]   Computing seismic attributes...
[17:46:09] [INFO ]   Picking seafloor...
[17:46:09] [INFO ]   Seafloor depth: 591–4941 m  (112 shallow traces masked)
[17:46:09] [INFO ]   Picking horizons...
[17:46:09] [INFO ]   Computing NCC coherence (slow)...
[17:46:10] [INFO ]   Saving CNN section image...
[17:46:11] [INFO ]   Saved: f387stk29_section_cnn.png  (2700x1500px)
[17:46:11] [INFO ]   Step 1 complete
[17:46:11] [INFO ] 
[17:46:11] [INFO ] STEP 2 — Fault detection
[17:46:11] [INFO ]   Mode: single SA run (seed=50)
[17:46:22] [INFO ]   Detected 10 high-confidence faults
[17:46:22] [INFO ]     Fault  1 | trace ~ 1713 | prob=0.653
[17:46:22] [INFO ]     Fault  2 | trace ~ 1936 | prob=0.601
[17:46:22] [INFO ]     Fault  3 | trace ~ 2138 | prob=0.625
[17:46:22] [INFO ]     Fault  4 | trace ~ 2350 | prob=0.647
[17:46:22] [INFO ]     Fault  5 | trace ~ 2794 | prob=0.694
[17:46:22] [INFO ]     Fault  6 | trace ~ 3643 | prob=0.693
[17:46:22] [INFO ]     Fault  7 | trace ~ 3938 | prob=0.680
[17:46:22] [INFO ]     Fault  8 | trace ~ 4253 | prob=0.652
[17:46:22] [INFO ]     Fault  9 | trace ~ 4597 | prob=0.619
[17:46:22] [INFO ]     Fault 10 | trace ~ 4879 | prob=0.687
[17:46:22] [INFO ]   Step 2 complete
[17:46:22] [INFO ] 
[17:46:22] [INFO ] STEP 3 — Bounding boxes
[17:46:22] [INFO ]   Box  1 | [829, 105, 103w, 124h px]
[17:46:22] [INFO ]   Box  2 | [910, 105, 157w, 122h px]
[17:46:22] [INFO ]   Box  3 | [1046, 153, 105w, 124h px]
[17:46:22] [INFO ]   Box  4 | [1150, 199, 111w, 142h px]
[17:46:22] [INFO ]   Box  5 | [1380, 228, 106w, 127h px]
[17:46:22] [INFO ]   Box  6 | [1820, 144, 103w, 124h px]
[17:46:22] [INFO ]   Box  7 | [1969, 207, 106w, 119h px]
[17:46:22] [INFO ]   Box  8 | [2134, 189, 113w, 122h px]
[17:46:22] [INFO ]   Box  9 | [2311, 245, 103w, 117h px]
[17:46:22] [INFO ]   Box 10 | [2454, 114, 111w, 117h px]
[17:46:22] [INFO ]   Generated 10 boxes
[17:46:22] [INFO ]   Step 3 complete
[17:46:22] [INFO ] 
[17:46:22] [INFO ] STEP 4 — Dataset building
[17:46:22] [INFO ]   Saving labeled review image...
[17:46:22] [INFO ]   Saved: f387stk29_labeled.png
[17:46:22] [INFO ]   Split: train
[17:46:22] [INFO ]   Added 10 annotations to train.json
[17:46:22] [INFO ]   train.json: 119 images, 1047 annotations
[17:46:22] [INFO ]   val.json:   29 images,  257 annotations
[17:46:22] [INFO ]   Step 4 complete
[17:46:22] [INFO ] 
[17:46:22] [INFO ]   DONE  f387stk29  →  train  |  10 faults  |  10 boxes
[17:46:22] [INFO ] 
[17:46:22] [INFO ] ──────────────────────────────────────────────────
[17:46:22] [INFO ]   LINE: f387stk30
[17:46:22] [INFO ] ──────────────────────────────────────────────────
[17:46:22] [INFO ] Dataset  : namss.F-3-87-AA.mcs.airgun
[17:46:22] [INFO ] SGY      : ../../airgun_data/namss.F-3-87-AA.mcs.airgun/Data/f387stk30.sgy
[17:46:22] [INFO ] NAV      : ../../airgun_data/namss.F-3-87-AA.mcs.airgun/Navigation/f-3-87-aa_NAV-WGS84.csv
[17:46:22] [INFO ] SA mode  : single (seed=50)
[17:46:22] [INFO ] 
[17:46:22] [INFO ] STEP 1 — Feature extraction
[17:46:22] [INFO ]   Loading navigation...
[17:46:23] [INFO ]   Loading SEG-Y...
[17:46:23] [INFO ]   Traces: 363  Samples: 3000  dt: 4.000 ms
[17:46:23] [INFO ]   Depth:  0.0 m → 8997.0 m
[17:46:23] [INFO ]   Matching traces to navigation...
[17:46:23] [INFO ]   NAV line matched via translation: 'f387stk30' -> 'F387-30'
[17:46:23] [INFO ]   Matched 362 / 363 traces
[17:46:23] [INFO ]   Bandpass filtering...
[17:46:23] [INFO ]   Computing seismic attributes...
[17:46:23] [INFO ]   Picking seafloor...
[17:46:24] [INFO ]   Seafloor depth: 324–795 m  (146 shallow traces masked)
[17:46:24] [INFO ]   Picking horizons...
[17:46:24] [INFO ]   Computing NCC coherence (slow)...
[17:46:24] [INFO ]   Saving CNN section image...
[17:46:26] [INFO ]   Saved: f387stk30_section_cnn.png  (2700x1500px)
[17:46:26] [INFO ]   Step 1 complete
[17:46:26] [INFO ] 
[17:46:26] [INFO ] STEP 2 — Fault detection
[17:46:26] [INFO ]   Mode: single SA run (seed=50)
[17:46:30] [INFO ]   Detected 2 high-confidence faults
[17:46:30] [INFO ]     Fault  1 | trace ~  112 | prob=0.826
[17:46:30] [INFO ]     Fault  2 | trace ~  338 | prob=0.700
[17:46:30] [INFO ]   Step 2 complete
[17:46:30] [INFO ] 
[17:46:30] [INFO ] STEP 3 — Bounding boxes
[17:46:30] [INFO ]   Box  1 | [169, 67, 1445w, 129h px]
[17:46:30] [INFO ]   Box  2 | [1921, 121, 779w, 109h px]
[17:46:30] [INFO ]   Generated 2 boxes
[17:46:30] [INFO ]   Step 3 complete
[17:46:30] [INFO ] 
[17:46:30] [INFO ] STEP 4 — Dataset building
[17:46:30] [INFO ]   Saving labeled review image...
[17:46:30] [INFO ]   Saved: f387stk30_labeled.png
[17:46:30] [INFO ]   Split: train
[17:46:31] [INFO ]   Added 2 annotations to train.json
[17:46:31] [INFO ]   train.json: 120 images, 1049 annotations
[17:46:31] [INFO ]   val.json:   29 images,  257 annotations
[17:46:31] [INFO ]   Step 4 complete
[17:46:31] [INFO ] 
[17:46:31] [INFO ]   DONE  f387stk30  →  train  |  2 faults  |  2 boxes
[17:46:31] [INFO ] 
[17:46:31] [INFO ] ──────────────────────────────────────────────────
[17:46:31] [INFO ]   LINE: f387stk31
[17:46:31] [INFO ] ──────────────────────────────────────────────────
[17:46:31] [INFO ] Dataset  : namss.F-3-87-AA.mcs.airgun
[17:46:31] [INFO ] SGY      : ../../airgun_data/namss.F-3-87-AA.mcs.airgun/Data/f387stk31.sgy
[17:46:31] [INFO ] NAV      : ../../airgun_data/namss.F-3-87-AA.mcs.airgun/Navigation/f-3-87-aa_NAV-WGS84.csv
[17:46:31] [INFO ] SA mode  : single (seed=50)
[17:46:31] [INFO ] 
[17:46:31] [INFO ] STEP 1 — Feature extraction
[17:46:31] [INFO ]   Loading navigation...
[17:46:31] [INFO ]   Loading SEG-Y...
[17:46:31] [INFO ]   Traces: 1751  Samples: 3000  dt: 4.000 ms
[17:46:31] [INFO ]   Depth:  0.0 m → 8997.0 m
[17:46:31] [INFO ]   Matching traces to navigation...
[17:46:31] [INFO ]   NAV line matched via translation: 'f387stk31' -> 'F387-31'
[17:46:32] [INFO ]   Matched 1750 / 1751 traces
[17:46:32] [INFO ]   Bandpass filtering...
[17:46:33] [INFO ]   Computing seismic attributes...
[17:46:34] [INFO ]   Picking seafloor...
[17:46:35] [INFO ]   Seafloor depth: 885–2931 m  (0 shallow traces masked)
[17:46:35] [INFO ]   Picking horizons...
[17:46:36] [INFO ]   Computing NCC coherence (slow)...
[17:46:37] [INFO ]   Saving CNN section image...
[17:46:40] [INFO ]   Saved: f387stk31_section_cnn.png  (2700x1500px)
[17:46:40] [INFO ]   Step 1 complete
[17:46:40] [INFO ] 
[17:46:40] [INFO ] STEP 2 — Fault detection
[17:46:40] [INFO ]   Mode: single SA run (seed=50)
[17:46:54] [INFO ]   Detected 6 high-confidence faults
[17:46:54] [INFO ]     Fault  1 | trace ~  437 | prob=0.690
[17:46:54] [INFO ]     Fault  2 | trace ~  637 | prob=0.624
[17:46:54] [INFO ]     Fault  3 | trace ~ 1041 | prob=0.609
[17:46:54] [INFO ]     Fault  4 | trace ~ 1290 | prob=0.674
[17:46:54] [INFO ]     Fault  5 | trace ~ 1480 | prob=0.650
[17:46:54] [INFO ]     Fault  6 | trace ~ 1705 | prob=0.652
[17:46:54] [INFO ]   Step 2 complete
[17:46:54] [INFO ] 
[17:46:54] [INFO ] STEP 3 — Bounding boxes
[17:46:54] [INFO ]   Box  1 | [529, 333, 289w, 127h px]
[17:46:54] [INFO ]   Box  2 | [801, 335, 362w, 119h px]
[17:46:54] [INFO ]   Box  3 | [1482, 398, 252w, 122h px]
[17:46:54] [INFO ]   Box  4 | [1785, 360, 399w, 117h px]
[17:46:54] [INFO ]   Box  5 | [2095, 296, 367w, 122h px]
[17:46:54] [INFO ]   Box  6 | [2515, 355, 185w, 117h px]
[17:46:54] [INFO ]   Generated 6 boxes
[17:46:54] [INFO ]   Step 3 complete
[17:46:54] [INFO ] 
[17:46:54] [INFO ] STEP 4 — Dataset building
[17:46:54] [INFO ]   Saving labeled review image...
[17:46:55] [INFO ]   Saved: f387stk31_labeled.png
[17:46:55] [INFO ]   Split: val
[17:46:55] [INFO ]   Added 6 annotations to val.json
[17:46:55] [INFO ]   train.json: 120 images, 1049 annotations
[17:46:55] [INFO ]   val.json:   30 images,  263 annotations
[17:46:55] [INFO ]   Step 4 complete
[17:46:55] [INFO ] 
[17:46:55] [INFO ]   DONE  f387stk31  →  val  |  6 faults  |  6 boxes
[17:46:55] [INFO ] 
[17:46:55] [INFO ] ──────────────────────────────────────────────────
[17:46:55] [INFO ]   LINE: f387stk32
[17:46:55] [INFO ] ──────────────────────────────────────────────────
[17:46:55] [INFO ] Dataset  : namss.F-3-87-AA.mcs.airgun
[17:46:55] [INFO ] SGY      : ../../airgun_data/namss.F-3-87-AA.mcs.airgun/Data/f387stk32.sgy
[17:46:55] [INFO ] NAV      : ../../airgun_data/namss.F-3-87-AA.mcs.airgun/Navigation/f-3-87-aa_NAV-WGS84.csv
[17:46:55] [INFO ] SA mode  : single (seed=50)
[17:46:55] [INFO ] 
[17:46:55] [INFO ] STEP 1 — Feature extraction
[17:46:55] [INFO ]   Loading navigation...
[17:46:55] [INFO ]   Loading SEG-Y...
[17:46:57] [ERROR] SKIPPING f387stk32 (namss.F-3-87-AA.mcs.airgun): 'julday' out of bounds for year 1987: 0
[17:46:57] [ERROR]   Traceback (most recent call last):
[17:46:57] [ERROR]     File "/Users/lennylukach/Personal/School/CS4100/namss/pipeline/src/pipeline.py", line 848, in <module>
[17:46:57] [ERROR]       process_line(line, sgy_path, nav_path, dataset)
[17:46:57] [ERROR]     File "/Users/lennylukach/Personal/School/CS4100/namss/pipeline/src/pipeline.py", line 405, in process_line
[17:46:57] [ERROR]       st = read(sgy_path)
[17:46:57] [ERROR]     File "/Users/lennylukach/Personal/School/CS4100/namss/venv/lib/python3.10/site-packages/decorator.py", line 235, in fun
[17:46:57] [ERROR]       return caller(func, *(extras + args), **kw)
[17:46:57] [ERROR]     File "/Users/lennylukach/Personal/School/CS4100/namss/venv/lib/python3.10/site-packages/obspy/core/util/decorator.py", line 298, in _map_example_filename
[17:46:57] [ERROR]       return func(*args, **kwargs)
[17:46:57] [ERROR]     File "/Users/lennylukach/Personal/School/CS4100/namss/venv/lib/python3.10/site-packages/obspy/core/stream.py", line 210, in read
[17:46:57] [ERROR]       st = _generic_reader(pathname_or_url, _read, **kwargs)
[17:46:57] [ERROR]     File "/Users/lennylukach/Personal/School/CS4100/namss/venv/lib/python3.10/site-packages/obspy/core/util/base.py", line 822, in _generic_reader
[17:46:57] [ERROR]       generic = callback_func(pathnames[0], **kwargs)
[17:46:57] [ERROR]     File "/Users/lennylukach/Personal/School/CS4100/namss/venv/lib/python3.10/site-packages/decorator.py", line 235, in fun
[17:46:57] [ERROR]       return caller(func, *(extras + args), **kw)
[17:46:57] [ERROR]     File "/Users/lennylukach/Personal/School/CS4100/namss/venv/lib/python3.10/site-packages/obspy/core/util/decorator.py", line 209, in uncompress_file
[17:46:57] [ERROR]       result = func(filename, *args, **kwargs)
[17:46:57] [ERROR]     File "/Users/lennylukach/Personal/School/CS4100/namss/venv/lib/python3.10/site-packages/obspy/core/stream.py", line 255, in _read
[17:46:57] [ERROR]       stream, format = _read_from_plugin('waveform', filename, format=format,
[17:46:57] [ERROR]     File "/Users/lennylukach/Personal/School/CS4100/namss/venv/lib/python3.10/site-packages/obspy/core/util/base.py", line 559, in _read_from_plugin
[17:46:57] [ERROR]       list_obj = read_format(filename, **kwargs)
[17:46:57] [ERROR]     File "/Users/lennylukach/Personal/School/CS4100/namss/venv/lib/python3.10/site-packages/obspy/io/segy/core.py", line 204, in _read_segy
[17:46:57] [ERROR]       stream.append(tr.to_obspy_trace(
[17:46:57] [ERROR]     File "/Users/lennylukach/Personal/School/CS4100/namss/venv/lib/python3.10/site-packages/obspy/io/segy/segy.py", line 775, in to_obspy_trace
[17:46:57] [ERROR]       trace.stats.starttime = UTCDateTime(
[17:46:57] [ERROR]     File "/Users/lennylukach/Personal/School/CS4100/namss/venv/lib/python3.10/site-packages/obspy/core/utcdatetime.py", line 440, in __init__
[17:46:57] [ERROR]       raise ValueError(msg)
[17:46:57] [ERROR]   ValueError: 'julday' out of bounds for year 1987: 0
[17:46:57] [INFO ] 
[17:46:57] [INFO ] ──────────────────────────────────────────────────
[17:46:57] [INFO ]   LINE: f387stk33
[17:46:57] [INFO ] ──────────────────────────────────────────────────
[17:46:57] [INFO ] Dataset  : namss.F-3-87-AA.mcs.airgun
[17:46:57] [INFO ] SGY      : ../../airgun_data/namss.F-3-87-AA.mcs.airgun/Data/f387stk33.sgy
[17:46:57] [INFO ] NAV      : ../../airgun_data/namss.F-3-87-AA.mcs.airgun/Navigation/f-3-87-aa_NAV-WGS84.csv
[17:46:57] [INFO ] SA mode  : single (seed=50)
[17:46:57] [INFO ] 
[17:46:57] [INFO ] STEP 1 — Feature extraction
[17:46:57] [INFO ]   Loading navigation...
[17:46:57] [INFO ]   Loading SEG-Y...
[17:46:58] [INFO ]   Traces: 2772  Samples: 3000  dt: 4.000 ms
[17:46:58] [INFO ]   Depth:  0.0 m → 8997.0 m
[17:46:58] [INFO ]   Matching traces to navigation...
[17:46:58] [INFO ]   NAV line matched via translation: 'f387stk33' -> 'F387-33'
[17:46:59] [INFO ]   Matched 2771 / 2772 traces
[17:46:59] [INFO ]   Bandpass filtering...
[17:47:00] [INFO ]   Computing seismic attributes...
[17:47:02] [INFO ]   Picking seafloor...
[17:47:03] [INFO ]   Seafloor depth: 1959–6825 m  (0 shallow traces masked)
[17:47:03] [INFO ]   Picking horizons...
[17:47:04] [INFO ]   Computing NCC coherence (slow)...
[17:47:06] [INFO ]   Saving CNN section image...
[17:47:09] [INFO ]   Saved: f387stk33_section_cnn.png  (2700x1500px)
[17:47:09] [INFO ]   Step 1 complete
[17:47:09] [INFO ] 
[17:47:09] [INFO ] STEP 2 — Fault detection
[17:47:09] [INFO ]   Mode: single SA run (seed=50)
[17:55:31] [INFO ]   Detected 2 high-confidence faults
[17:55:31] [INFO ]     Fault  1 | trace ~  169 | prob=0.579
[17:55:31] [INFO ]     Fault  2 | trace ~  432 | prob=0.657
[17:55:31] [INFO ]   Step 2 complete
[17:55:31] [INFO ] 
[17:55:31] [INFO ] STEP 3 — Bounding boxes
[17:55:31] [INFO ]   Box  1 | [69, 445, 192w, 127h px]
[17:55:31] [INFO ]   Box  2 | [348, 574, 149w, 119h px]
[17:55:31] [INFO ]   Generated 2 boxes
[17:55:31] [INFO ]   Step 3 complete
[17:55:31] [INFO ] 
[17:55:31] [INFO ] STEP 4 — Dataset building
[17:55:31] [INFO ]   Saving labeled review image...
[17:55:31] [INFO ]   Saved: f387stk33_labeled.png
[17:55:31] [INFO ]   Split: train
[17:55:31] [INFO ]   Added 2 annotations to train.json
[17:55:31] [INFO ]   train.json: 121 images, 1051 annotations
[17:55:31] [INFO ]   val.json:   30 images,  263 annotations
[17:55:31] [INFO ]   Step 4 complete
[17:55:31] [INFO ] 
[17:55:31] [INFO ]   DONE  f387stk33  →  train  |  2 faults  |  2 boxes
[17:55:31] [INFO ] 
[17:55:31] [INFO ] ──────────────────────────────────────────────────
[17:55:31] [INFO ]   LINE: f387stk34
[17:55:31] [INFO ] ──────────────────────────────────────────────────
[17:55:31] [INFO ] Dataset  : namss.F-3-87-AA.mcs.airgun
[17:55:31] [INFO ] SGY      : ../../airgun_data/namss.F-3-87-AA.mcs.airgun/Data/f387stk34.sgy
[17:55:31] [INFO ] NAV      : ../../airgun_data/namss.F-3-87-AA.mcs.airgun/Navigation/f-3-87-aa_NAV-WGS84.csv
[17:55:31] [INFO ] SA mode  : single (seed=50)
[17:55:31] [INFO ] 
[17:55:31] [INFO ] STEP 1 — Feature extraction
[17:55:31] [INFO ]   Loading navigation...
[17:55:31] [INFO ]   Loading SEG-Y...
[17:55:31] [INFO ]   Traces: 5976  Samples: 3000  dt: 4.000 ms
[17:55:31] [INFO ]   Depth:  0.0 m → 8997.0 m
[17:55:31] [INFO ]   Matching traces to navigation...
[17:55:31] [INFO ]   NAV line matched via translation: 'f387stk34' -> 'F387-34'
[17:55:33] [INFO ]   Matched 5975 / 5976 traces
[17:55:33] [INFO ]   Bandpass filtering...
[17:55:33] [INFO ]   Computing seismic attributes...
[17:55:34] [INFO ]   Picking seafloor...
[17:55:34] [INFO ]   Seafloor depth: 3372–5532 m  (0 shallow traces masked)
[17:55:34] [INFO ]   Picking horizons...
[17:55:35] [INFO ]   Computing NCC coherence (slow)...
[17:55:36] [INFO ]   Saving CNN section image...
[17:55:44] [INFO ]   Saved: f387stk34_section_cnn.png  (2700x1500px)
[17:55:44] [INFO ]   Step 1 complete
[17:55:44] [INFO ] 
[17:55:44] [INFO ] STEP 2 — Fault detection
[17:55:44] [INFO ]   Mode: single SA run (seed=50)
[17:56:57] [INFO ]   Detected 9 high-confidence faults
[17:56:57] [INFO ]     Fault  1 | trace ~   74 | prob=0.587
[17:56:57] [INFO ]     Fault  2 | trace ~  272 | prob=0.619
[17:56:57] [INFO ]     Fault  3 | trace ~ 2870 | prob=0.599
[17:56:57] [INFO ]     Fault  4 | trace ~ 3607 | prob=0.565
[17:56:57] [INFO ]     Fault  5 | trace ~ 4407 | prob=0.552
[17:56:57] [INFO ]     Fault  6 | trace ~ 4686 | prob=0.563
[17:56:57] [INFO ]     Fault  7 | trace ~ 5071 | prob=0.584
[17:56:57] [INFO ]     Fault  8 | trace ~ 5503 | prob=0.612
[17:56:57] [INFO ]     Fault  9 | trace ~ 5756 | prob=0.570
[17:56:57] [INFO ]   Step 2 complete
[17:56:57] [INFO ] 
[17:56:57] [INFO ] STEP 3 — Bounding boxes
[17:56:57] [INFO ]   Box  1 | [0, 755, 96w, 119h px]
[17:56:57] [INFO ]   Box  2 | [76, 747, 95w, 122h px]
[17:56:57] [INFO ]   Box  3 | [1242, 692, 104w, 122h px]
[17:56:57] [INFO ]   Box  4 | [1575, 687, 109w, 122h px]
[17:56:57] [INFO ]   Box  5 | [1943, 595, 97w, 117h px]
[17:56:57] [INFO ]   Box  6 | [2072, 684, 96w, 119h px]
[17:56:57] [INFO ]   Box  7 | [2236, 736, 110w, 114h px]
[17:56:57] [INFO ]   Box  8 | [2439, 845, 95w, 122h px]
[17:56:57] [INFO ]   Box  9 | [2527, 718, 138w, 122h px]
[17:56:57] [INFO ]   Generated 9 boxes
[17:56:57] [INFO ]   Step 3 complete
[17:56:57] [INFO ] 
[17:56:57] [INFO ] STEP 4 — Dataset building
[17:56:57] [INFO ]   Saving labeled review image...
[17:56:57] [INFO ]   Saved: f387stk34_labeled.png
[17:56:57] [INFO ]   Split: train
[17:56:57] [INFO ]   Added 9 annotations to train.json
[17:56:57] [INFO ]   train.json: 122 images, 1060 annotations
[17:56:57] [INFO ]   val.json:   30 images,  263 annotations
[17:56:57] [INFO ]   Step 4 complete
[17:56:57] [INFO ] 
[17:56:57] [INFO ]   DONE  f387stk34  →  train  |  9 faults  |  9 boxes
[17:56:57] [INFO ] 
[17:56:57] [INFO ] ──────────────────────────────────────────────────
[17:56:57] [INFO ]   LINE: f387stk35
[17:56:57] [INFO ] ──────────────────────────────────────────────────
[17:56:57] [INFO ] Dataset  : namss.F-3-87-AA.mcs.airgun
[17:56:57] [INFO ] SGY      : ../../airgun_data/namss.F-3-87-AA.mcs.airgun/Data/f387stk35.sgy
[17:56:57] [INFO ] NAV      : ../../airgun_data/namss.F-3-87-AA.mcs.airgun/Navigation/f-3-87-aa_NAV-WGS84.csv
[17:56:57] [INFO ] SA mode  : single (seed=50)
[17:56:57] [INFO ] 
[17:56:57] [INFO ] STEP 1 — Feature extraction
[17:56:57] [INFO ]   Loading navigation...
[17:56:57] [INFO ]   Loading SEG-Y...
[17:56:57] [INFO ]   Traces: 4705  Samples: 3000  dt: 4.000 ms
[17:56:57] [INFO ]   Depth:  0.0 m → 8997.0 m
[17:56:57] [INFO ]   Matching traces to navigation...
[17:56:57] [INFO ]   NAV line matched via translation: 'f387stk35' -> 'F387-35'
[17:56:58] [INFO ]   Matched 4703 / 4705 traces
[17:56:58] [INFO ]   Bandpass filtering...
[17:56:58] [INFO ]   Computing seismic attributes...
[17:56:58] [INFO ]   Picking seafloor...
[17:56:59] [INFO ]   Seafloor depth: 3300–5271 m  (0 shallow traces masked)
[17:56:59] [INFO ]   Picking horizons...
[17:56:59] [INFO ]   Computing NCC coherence (slow)...
[17:56:59] [INFO ]   Saving CNN section image...
[17:57:01] [INFO ]   Saved: f387stk35_section_cnn.png  (2700x1500px)
[17:57:01] [INFO ]   Step 1 complete
[17:57:01] [INFO ] 
[17:57:01] [INFO ] STEP 2 — Fault detection
[17:57:01] [INFO ]   Mode: single SA run (seed=50)
[17:57:09] [INFO ]   Detected 12 high-confidence faults
[17:57:09] [INFO ]     Fault  1 | trace ~  362 | prob=0.673
[17:57:09] [INFO ]     Fault  2 | trace ~ 1085 | prob=0.640
[17:57:09] [INFO ]     Fault  3 | trace ~ 1636 | prob=0.640
[17:57:09] [INFO ]     Fault  4 | trace ~ 1934 | prob=0.645
[17:57:09] [INFO ]     Fault  5 | trace ~ 2325 | prob=0.603
[17:57:09] [INFO ]     Fault  6 | trace ~ 2641 | prob=0.602
[17:57:09] [INFO ]     Fault  7 | trace ~ 3051 | prob=0.687
[17:57:09] [INFO ]     Fault  8 | trace ~ 3267 | prob=0.684
[17:57:09] [INFO ]     Fault  9 | trace ~ 3460 | prob=0.713
[17:57:09] [INFO ]     Fault 10 | trace ~ 3849 | prob=0.611
[17:57:09] [INFO ]     Fault 11 | trace ~ 4248 | prob=0.708
[17:57:09] [INFO ]     Fault 12 | trace ~ 4498 | prob=0.668
[17:57:09] [INFO ]   Step 2 complete
[17:57:09] [INFO ] 
[17:57:09] [INFO ] STEP 3 — Bounding boxes
[17:57:09] [INFO ]   Box  1 | [137, 834, 154w, 124h px]
[17:57:09] [INFO ]   Box  2 | [536, 862, 164w, 119h px]
[17:57:09] [INFO ]   Box  3 | [874, 837, 117w, 119h px]
[17:57:09] [INFO ]   Box  4 | [1056, 736, 106w, 124h px]
[17:57:09] [INFO ]   Box  5 | [1274, 701, 131w, 117h px]
[17:57:09] [INFO ]   Box  6 | [1462, 594, 106w, 119h px]
[17:57:09] [INFO ]   Box  7 | [1698, 596, 102w, 122h px]
[17:57:09] [INFO ]   Box  8 | [1822, 608, 108w, 122h px]
[17:57:09] [INFO ]   Box  9 | [1926, 565, 125w, 127h px]
[17:57:09] [INFO ]   Box 10 | [2153, 578, 113w, 122h px]
[17:57:09] [INFO ]   Box 11 | [2389, 579, 106w, 122h px]
[17:57:09] [INFO ]   Box 12 | [2526, 634, 112w, 117h px]
[17:57:09] [INFO ]   Generated 12 boxes
[17:57:09] [INFO ]   Step 3 complete
[17:57:09] [INFO ] 
[17:57:09] [INFO ] STEP 4 — Dataset building
[17:57:09] [INFO ]   Saving labeled review image...
[17:57:09] [INFO ]   Saved: f387stk35_labeled.png
[17:57:09] [INFO ]   Split: train
[17:57:09] [INFO ]   Added 12 annotations to train.json
[17:57:09] [INFO ]   train.json: 123 images, 1072 annotations
[17:57:09] [INFO ]   val.json:   30 images,  263 annotations
[17:57:09] [INFO ]   Step 4 complete
[17:57:09] [INFO ] 
[17:57:09] [INFO ]   DONE  f387stk35  →  train  |  12 faults  |  12 boxes
[17:57:09] [INFO ] 
[17:57:09] [INFO ] ──────────────────────────────────────────────────
[17:57:09] [INFO ]   LINE: f688stk01
[17:57:09] [INFO ] ──────────────────────────────────────────────────
[17:57:09] [INFO ] Dataset  : namss.F-6-88-HW.mcs.airgun
[17:57:09] [INFO ] SGY      : ../../airgun_data/namss.F-6-88-HW.mcs.airgun/Data/f688stk01.sgy
[17:57:09] [INFO ] NAV      : ../../airgun_data/namss.F-6-88-HW.mcs.airgun/Navigation/f-6-88-hw_NAV-WGS84.csv
[17:57:09] [INFO ] SA mode  : single (seed=50)
[17:57:09] [INFO ] 
[17:57:09] [INFO ] STEP 1 — Feature extraction
[17:57:09] [INFO ]   Loading navigation...
[17:57:09] [INFO ]   Loading SEG-Y...
[17:57:09] [INFO ]   Traces: 3265  Samples: 2750  dt: 4.000 ms
[17:57:09] [INFO ]   Depth:  0.0 m → 8247.0 m
[17:57:09] [INFO ]   Matching traces to navigation...
[17:57:09] [INFO ]   NAV line matched via translation: 'f688stk01' -> '1'
[17:57:09] [INFO ]   Matched 3265 / 3265 traces
[17:57:09] [INFO ]   Bandpass filtering...
[17:57:09] [INFO ]   Computing seismic attributes...
[17:57:10] [INFO ]   Picking seafloor...
[17:57:10] [INFO ]   Seafloor depth: 1053–4581 m  (0 shallow traces masked)
[17:57:10] [INFO ]   Picking horizons...
[17:57:10] [INFO ]   Computing NCC coherence (slow)...
[17:57:11] [INFO ]   Saving CNN section image...
[17:57:11] [INFO ]   Saved: f688stk01_section_cnn.png  (2700x1500px)
[17:57:11] [INFO ]   Step 1 complete
[17:57:11] [INFO ] 
[17:57:11] [INFO ] STEP 2 — Fault detection
[17:57:11] [INFO ]   Mode: single SA run (seed=50)
[17:57:15] [INFO ]   Detected 8 high-confidence faults
[17:57:15] [INFO ]     Fault  1 | trace ~   63 | prob=0.602
[17:57:15] [INFO ]     Fault  2 | trace ~  288 | prob=0.630
[17:57:15] [INFO ]     Fault  3 | trace ~ 1333 | prob=0.631
[17:57:15] [INFO ]     Fault  4 | trace ~ 1812 | prob=0.575
[17:57:15] [INFO ]     Fault  5 | trace ~ 2203 | prob=0.585
[17:57:15] [INFO ]     Fault  6 | trace ~ 2753 | prob=0.672
[17:57:15] [INFO ]     Fault  7 | trace ~ 2962 | prob=0.723
[17:57:15] [INFO ]     Fault  8 | trace ~ 3172 | prob=0.697
[17:57:15] [INFO ]   Step 2 complete
[17:57:15] [INFO ] 
[17:57:15] [INFO ] STEP 3 — Bounding boxes
[17:57:15] [INFO ]   Box  1 | [0, 682, 138w, 122h px]
[17:57:15] [INFO ]   Box  2 | [167, 617, 157w, 133h px]
[17:57:15] [INFO ]   Box  3 | [1047, 761, 118w, 133h px]
[17:57:15] [INFO ]   Box  4 | [1383, 660, 233w, 128h px]
[17:57:15] [INFO ]   Box  5 | [1728, 576, 194w, 125h px]
[17:57:15] [INFO ]   Box  6 | [2208, 478, 155w, 125h px]
[17:57:15] [INFO ]   Box  7 | [2359, 392, 194w, 128h px]
[17:57:15] [INFO ]   Box  8 | [2567, 304, 118w, 130h px]
[17:57:15] [INFO ]   Generated 8 boxes
[17:57:15] [INFO ]   Step 3 complete
[17:57:15] [INFO ] 
[17:57:15] [INFO ] STEP 4 — Dataset building
[17:57:15] [INFO ]   Saving labeled review image...
[17:57:15] [INFO ]   Saved: f688stk01_labeled.png
[17:57:15] [INFO ]   Split: val
[17:57:15] [INFO ]   Added 8 annotations to val.json
[17:57:15] [INFO ]   train.json: 123 images, 1072 annotations
[17:57:15] [INFO ]   val.json:   31 images,  271 annotations
[17:57:15] [INFO ]   Step 4 complete
[17:57:15] [INFO ] 
[17:57:15] [INFO ]   DONE  f688stk01  →  val  |  8 faults  |  8 boxes
[17:57:15] [INFO ] 
[17:57:15] [INFO ] ──────────────────────────────────────────────────
[17:57:15] [INFO ]   LINE: f688stk02
[17:57:15] [INFO ] ──────────────────────────────────────────────────
[17:57:15] [INFO ] Dataset  : namss.F-6-88-HW.mcs.airgun
[17:57:15] [INFO ] SGY      : ../../airgun_data/namss.F-6-88-HW.mcs.airgun/Data/f688stk02.sgy
[17:57:15] [INFO ] NAV      : ../../airgun_data/namss.F-6-88-HW.mcs.airgun/Navigation/f-6-88-hw_NAV-WGS84.csv
[17:57:15] [INFO ] SA mode  : single (seed=50)
[17:57:15] [INFO ] 
[17:57:15] [INFO ] STEP 1 — Feature extraction
[17:57:15] [INFO ]   Loading navigation...
[17:57:15] [INFO ]   Loading SEG-Y...
[17:57:15] [INFO ]   Traces: 2348  Samples: 2250  dt: 4.000 ms
[17:57:15] [INFO ]   Depth:  0.0 m → 6747.0 m
[17:57:15] [INFO ]   Matching traces to navigation...
[17:57:15] [INFO ]   NAV line matched via translation: 'f688stk02' -> '2'
[17:57:16] [INFO ]   Matched 2348 / 2348 traces
[17:57:16] [INFO ]   Bandpass filtering...
[17:57:16] [INFO ]   Computing seismic attributes...
[17:57:16] [INFO ]   Picking seafloor...
[17:57:16] [INFO ]   Seafloor depth: 0–3087 m  (331 shallow traces masked)
[17:57:16] [INFO ]   Picking horizons...
[17:57:16] [INFO ]   Computing NCC coherence (slow)...
[17:57:16] [INFO ]   Saving CNN section image...
[17:57:17] [INFO ]   Saved: f688stk02_section_cnn.png  (2700x1500px)
[17:57:17] [INFO ]   Step 1 complete
[17:57:17] [INFO ] 
[17:57:17] [INFO ] STEP 2 — Fault detection
[17:57:17] [INFO ]   Mode: single SA run (seed=50)
[17:57:19] [INFO ]   Detected 6 high-confidence faults
[17:57:19] [INFO ]     Fault  1 | trace ~   62 | prob=0.663
[17:57:19] [INFO ]     Fault  2 | trace ~  603 | prob=0.652
[17:57:19] [INFO ]     Fault  3 | trace ~ 1249 | prob=0.791
[17:57:19] [INFO ]     Fault  4 | trace ~ 1849 | prob=0.704
[17:57:19] [INFO ]     Fault  5 | trace ~ 2068 | prob=0.719
[17:57:19] [INFO ]     Fault  6 | trace ~ 2308 | prob=0.762
[17:57:19] [INFO ]   Step 2 complete
[17:57:19] [INFO ] 
[17:57:19] [INFO ] STEP 3 — Bounding boxes
[17:57:19] [INFO ]   Box  1 | [0, 446, 168w, 154h px]
[17:57:19] [INFO ]   Box  2 | [569, 674, 235w, 144h px]
[17:57:19] [INFO ]   Box  3 | [1341, 253, 192w, 154h px]
[17:57:19] [INFO ]   Box  4 | [2039, 220, 199w, 147h px]
[17:57:19] [INFO ]   Box  5 | [2271, 203, 223w, 151h px]
[17:57:19] [INFO ]   Box  6 | [2554, 161, 146w, 151h px]
[17:57:19] [INFO ]   Generated 6 boxes
[17:57:19] [INFO ]   Step 3 complete
[17:57:19] [INFO ] 
[17:57:19] [INFO ] STEP 4 — Dataset building
[17:57:19] [INFO ]   Saving labeled review image...
[17:57:19] [INFO ]   Saved: f688stk02_labeled.png
[17:57:19] [INFO ]   Split: train
[17:57:19] [INFO ]   Added 6 annotations to train.json
[17:57:19] [INFO ]   train.json: 124 images, 1078 annotations
[17:57:19] [INFO ]   val.json:   31 images,  271 annotations
[17:57:19] [INFO ]   Step 4 complete
[17:57:19] [INFO ] 
[17:57:19] [INFO ]   DONE  f688stk02  →  train  |  6 faults  |  6 boxes
[17:57:19] [INFO ] 
[17:57:19] [INFO ] ──────────────────────────────────────────────────
[17:57:19] [INFO ]   LINE: f688stk02a
[17:57:19] [INFO ] ──────────────────────────────────────────────────
[17:57:19] [INFO ] Dataset  : namss.F-6-88-HW.mcs.airgun
[17:57:19] [INFO ] SGY      : ../../airgun_data/namss.F-6-88-HW.mcs.airgun/Data/f688stk02a.sgy
[17:57:19] [INFO ] NAV      : ../../airgun_data/namss.F-6-88-HW.mcs.airgun/Navigation/f-6-88-hw_NAV-WGS84.csv
[17:57:19] [INFO ] SA mode  : single (seed=50)
[17:57:19] [INFO ] 
[17:57:19] [INFO ] STEP 1 — Feature extraction
[17:57:19] [INFO ]   Loading navigation...
[17:57:19] [INFO ]   Loading SEG-Y...
[17:57:19] [INFO ]   Traces: 768  Samples: 2000  dt: 4.000 ms
[17:57:19] [INFO ]   Depth:  0.0 m → 5997.0 m
[17:57:19] [INFO ]   Matching traces to navigation...
[17:57:19] [INFO ]   NAV line matched via translation: 'f688stk02a' -> '2A'
[17:57:19] [INFO ]   Matched 768 / 768 traces
[17:57:19] [INFO ]   Bandpass filtering...
[17:57:19] [INFO ]   Computing seismic attributes...
[17:57:19] [INFO ]   Picking seafloor...
[17:57:20] [INFO ]   Seafloor depth: 645–2694 m  (0 shallow traces masked)
[17:57:20] [INFO ]   Picking horizons...
[17:57:20] [INFO ]   Computing NCC coherence (slow)...
[17:57:20] [INFO ]   Saving CNN section image...
[17:57:20] [INFO ]   Saved: f688stk02a_section_cnn.png  (2700x1500px)
[17:57:20] [INFO ]   Step 1 complete
[17:57:20] [INFO ] 
[17:57:20] [INFO ] STEP 2 — Fault detection
[17:57:20] [INFO ]   Mode: single SA run (seed=50)
[17:57:21] [INFO ]   Detected 2 high-confidence faults
[17:57:21] [INFO ]     Fault  1 | trace ~  185 | prob=0.816
[17:57:21] [INFO ]     Fault  2 | trace ~  510 | prob=0.676
[17:57:21] [INFO ]   Step 2 complete
[17:57:21] [INFO ] 
[17:57:21] [INFO ] STEP 3 — Bounding boxes
[17:57:21] [INFO ]   Box  1 | [363, 193, 586w, 167h px]
[17:57:21] [INFO ]   Box  2 | [1534, 568, 574w, 159h px]
[17:57:21] [INFO ]   Generated 2 boxes
[17:57:21] [INFO ]   Step 3 complete
[17:57:21] [INFO ] 
[17:57:21] [INFO ] STEP 4 — Dataset building
[17:57:21] [INFO ]   Saving labeled review image...
[17:57:21] [INFO ]   Saved: f688stk02a_labeled.png
[17:57:21] [INFO ]   Split: train
[17:57:21] [INFO ]   Added 2 annotations to train.json
[17:57:21] [INFO ]   train.json: 125 images, 1080 annotations
[17:57:21] [INFO ]   val.json:   31 images,  271 annotations
[17:57:21] [INFO ]   Step 4 complete
[17:57:21] [INFO ] 
[17:57:21] [INFO ]   DONE  f688stk02a  →  train  |  2 faults  |  2 boxes
[17:57:21] [INFO ] 
[17:57:21] [INFO ] ──────────────────────────────────────────────────
[17:57:21] [INFO ]   LINE: f688stk03
[17:57:21] [INFO ] ──────────────────────────────────────────────────
[17:57:21] [INFO ] Dataset  : namss.F-6-88-HW.mcs.airgun
[17:57:21] [INFO ] SGY      : ../../airgun_data/namss.F-6-88-HW.mcs.airgun/Data/f688stk03.sgy
[17:57:21] [INFO ] NAV      : ../../airgun_data/namss.F-6-88-HW.mcs.airgun/Navigation/f-6-88-hw_NAV-WGS84.csv
[17:57:21] [INFO ] SA mode  : single (seed=50)
[17:57:21] [INFO ] 
[17:57:21] [INFO ] STEP 1 — Feature extraction
[17:57:21] [INFO ]   Loading navigation...
[17:57:21] [INFO ]   Loading SEG-Y...
[17:57:21] [INFO ]   Traces: 9737  Samples: 2750  dt: 4.000 ms
[17:57:21] [INFO ]   Depth:  0.0 m → 8247.0 m
[17:57:21] [INFO ]   Matching traces to navigation...
[17:57:21] [INFO ]   NAV line matched via translation: 'f688stk03' -> '3'
[17:57:22] [INFO ]   Matched 9737 / 9737 traces
[17:57:22] [INFO ]   Bandpass filtering...
[17:57:23] [INFO ]   Computing seismic attributes...
[17:57:24] [INFO ]   Picking seafloor...
[17:57:24] [INFO ]   Seafloor depth: 648–4755 m  (0 shallow traces masked)
[17:57:24] [INFO ]   Picking horizons...
[17:57:25] [INFO ]   Computing NCC coherence (slow)...
[17:57:26] [INFO ]   Saving CNN section image...
[17:57:28] [INFO ]   Saved: f688stk03_section_cnn.png  (2700x1500px)
[17:57:28] [INFO ]   Step 1 complete
[17:57:28] [INFO ] 
[17:57:28] [INFO ] STEP 2 — Fault detection
[17:57:28] [INFO ]   Mode: single SA run (seed=50)
[17:57:38] [INFO ]   Detected 16 high-confidence faults
[17:57:38] [INFO ]     Fault  1 | trace ~   27 | prob=0.553
[17:57:38] [INFO ]     Fault  2 | trace ~  229 | prob=0.589
[17:57:38] [INFO ]     Fault  3 | trace ~  859 | prob=0.615
[17:57:38] [INFO ]     Fault  4 | trace ~ 2134 | prob=0.576
[17:57:38] [INFO ]     Fault  5 | trace ~ 2468 | prob=0.555
[17:57:38] [INFO ]     Fault  6 | trace ~ 2935 | prob=0.625
[17:57:38] [INFO ]     Fault  7 | trace ~ 3313 | prob=0.692
[17:57:38] [INFO ]     Fault  8 | trace ~ 3856 | prob=0.596
[17:57:38] [INFO ]     Fault  9 | trace ~ 4066 | prob=0.623
[17:57:38] [INFO ]     Fault 10 | trace ~ 4411 | prob=0.589
[17:57:38] [INFO ]     Fault 11 | trace ~ 7597 | prob=0.606
[17:57:38] [INFO ]     Fault 12 | trace ~ 7831 | prob=0.658
[17:57:38] [INFO ]     Fault 13 | trace ~ 8250 | prob=0.647
[17:57:38] [INFO ]     Fault 14 | trace ~ 8462 | prob=0.565
[17:57:38] [INFO ]     Fault 15 | trace ~ 8786 | prob=0.593
[17:57:38] [INFO ]     Fault 16 | trace ~ 9603 | prob=0.621
[17:57:38] [INFO ]   Step 2 complete
[17:57:38] [INFO ] 
[17:57:38] [INFO ] STEP 3 — Bounding boxes
[17:57:38] [INFO ]   Box  1 | [0, 540, 55w, 122h px]
[17:57:38] [INFO ]   Box  2 | [17, 545, 94w, 136h px]
[17:57:38] [INFO ]   Box  3 | [193, 581, 94w, 128h px]
[17:57:38] [INFO ]   Box  4 | [546, 586, 94w, 133h px]
[17:57:38] [INFO ]   Box  5 | [639, 509, 92w, 128h px]
[17:57:38] [INFO ]   Box  6 | [767, 122, 94w, 130h px]
[17:57:38] [INFO ]   Box  7 | [871, 324, 96w, 125h px]
[17:57:38] [INFO ]   Box  8 | [1021, 196, 101w, 128h px]
[17:57:38] [INFO ]   Box  9 | [1083, 451, 93w, 128h px]
[17:57:38] [INFO ]   Box 10 | [1180, 665, 90w, 128h px]
[17:57:38] [INFO ]   Box 11 | [2062, 408, 88w, 125h px]
[17:57:38] [INFO ]   Box 12 | [2126, 375, 90w, 122h px]
[17:57:38] [INFO ]   Box 13 | [2239, 559, 95w, 128h px]
[17:57:38] [INFO ]   Box 14 | [2295, 686, 101w, 128h px]
[17:57:38] [INFO ]   Box 15 | [2390, 690, 99w, 130h px]
[17:57:38] [INFO ]   Box 16 | [2618, 457, 82w, 128h px]
[17:57:38] [INFO ]   Generated 16 boxes
[17:57:38] [INFO ]   Step 3 complete
[17:57:38] [INFO ] 
[17:57:38] [INFO ] STEP 4 — Dataset building
[17:57:38] [INFO ]   Saving labeled review image...
[17:57:38] [INFO ]   Saved: f688stk03_labeled.png
[17:57:38] [INFO ]   Split: train
[17:57:38] [INFO ]   Added 16 annotations to train.json
[17:57:38] [INFO ]   train.json: 126 images, 1096 annotations
[17:57:38] [INFO ]   val.json:   31 images,  271 annotations
[17:57:38] [INFO ]   Step 4 complete
[17:57:38] [INFO ] 
[17:57:38] [INFO ]   DONE  f688stk03  →  train  |  16 faults  |  16 boxes
[17:57:38] [INFO ] 
[17:57:38] [INFO ] ──────────────────────────────────────────────────
[17:57:38] [INFO ]   LINE: f688stk03a
[17:57:38] [INFO ] ──────────────────────────────────────────────────
[17:57:38] [INFO ] Dataset  : namss.F-6-88-HW.mcs.airgun
[17:57:38] [INFO ] SGY      : ../../airgun_data/namss.F-6-88-HW.mcs.airgun/Data/f688stk03a.sgy
[17:57:38] [INFO ] NAV      : ../../airgun_data/namss.F-6-88-HW.mcs.airgun/Navigation/f-6-88-hw_NAV-WGS84.csv
[17:57:38] [INFO ] SA mode  : single (seed=50)
[17:57:38] [INFO ] 
[17:57:38] [INFO ] STEP 1 — Feature extraction
[17:57:38] [INFO ]   Loading navigation...
[17:57:38] [INFO ]   Loading SEG-Y...
[17:57:38] [INFO ]   Traces: 579  Samples: 2000  dt: 4.000 ms
[17:57:38] [INFO ]   Depth:  0.0 m → 5997.0 m
[17:57:38] [INFO ]   Matching traces to navigation...
[17:57:38] [INFO ]   NAV line matched via translation: 'f688stk03a' -> '3A'
[17:57:38] [INFO ]   Matched 579 / 579 traces
[17:57:38] [INFO ]   Bandpass filtering...
[17:57:38] [INFO ]   Computing seismic attributes...
[17:57:38] [INFO ]   Picking seafloor...
[17:57:38] [INFO ]   Seafloor depth: 1320–2382 m  (0 shallow traces masked)
[17:57:38] [INFO ]   Picking horizons...
[17:57:38] [INFO ]   Computing NCC coherence (slow)...
[17:57:38] [INFO ]   Saving CNN section image...
[17:57:39] [INFO ]   Saved: f688stk03a_section_cnn.png  (2700x1500px)
[17:57:39] [INFO ]   Step 1 complete
[17:57:39] [INFO ] 
[17:57:39] [INFO ] STEP 2 — Fault detection
[17:57:39] [INFO ]   Mode: single SA run (seed=50)
[17:57:40] [INFO ]   Detected 3 high-confidence faults
[17:57:40] [INFO ]     Fault  1 | trace ~   24 | prob=0.818
[17:57:40] [INFO ]     Fault  2 | trace ~  351 | prob=0.785
[17:57:40] [INFO ]     Fault  3 | trace ~  547 | prob=0.769
[17:57:40] [INFO ]   Step 2 complete
[17:57:40] [INFO ] 
[17:57:40] [INFO ] STEP 3 — Bounding boxes
[17:57:40] [INFO ]   Box  1 | [0, 417, 354w, 163h px]
[17:57:40] [INFO ]   Box  2 | [1336, 498, 666w, 163h px]
[17:57:40] [INFO ]   Box  3 | [2258, 584, 442w, 163h px]
[17:57:40] [INFO ]   Generated 3 boxes
[17:57:40] [INFO ]   Step 3 complete
[17:57:40] [INFO ] 
[17:57:40] [INFO ] STEP 4 — Dataset building
[17:57:40] [INFO ]   Saving labeled review image...
[17:57:40] [INFO ]   Saved: f688stk03a_labeled.png
[17:57:40] [INFO ]   Split: train
[17:57:40] [INFO ]   Added 3 annotations to train.json
[17:57:40] [INFO ]   train.json: 127 images, 1099 annotations
[17:57:40] [INFO ]   val.json:   31 images,  271 annotations
[17:57:40] [INFO ]   Step 4 complete
[17:57:40] [INFO ] 
[17:57:40] [INFO ]   DONE  f688stk03a  →  train  |  3 faults  |  3 boxes
[17:57:40] [INFO ] 
[17:57:40] [INFO ] ──────────────────────────────────────────────────
[17:57:40] [INFO ]   LINE: f688stk04
[17:57:40] [INFO ] ──────────────────────────────────────────────────
[17:57:40] [INFO ] Dataset  : namss.F-6-88-HW.mcs.airgun
[17:57:40] [INFO ] SGY      : ../../airgun_data/namss.F-6-88-HW.mcs.airgun/Data/f688stk04.sgy
[17:57:40] [INFO ] NAV      : ../../airgun_data/namss.F-6-88-HW.mcs.airgun/Navigation/f-6-88-hw_NAV-WGS84.csv
[17:57:40] [INFO ] SA mode  : single (seed=50)
[17:57:40] [INFO ] 
[17:57:40] [INFO ] STEP 1 — Feature extraction
[17:57:40] [INFO ]   Loading navigation...
[17:57:40] [INFO ]   Loading SEG-Y...
[17:57:40] [INFO ]   Traces: 5221  Samples: 2750  dt: 4.000 ms
[17:57:40] [INFO ]   Depth:  0.0 m → 8247.0 m
[17:57:40] [INFO ]   Matching traces to navigation...
[17:57:40] [INFO ]   NAV line matched via translation: 'f688stk04' -> '4'
[17:57:41] [INFO ]   Matched 5221 / 5221 traces
[17:57:41] [INFO ]   Bandpass filtering...
[17:57:41] [INFO ]   Computing seismic attributes...
[18:05:59] [INFO ]   Picking seafloor...
[18:05:59] [INFO ]   Seafloor depth: 1068–4482 m  (0 shallow traces masked)
[18:05:59] [INFO ]   Picking horizons...
[18:05:59] [INFO ]   Computing NCC coherence (slow)...
[18:06:00] [INFO ]   Saving CNN section image...
[18:06:01] [INFO ]   Saved: f688stk04_section_cnn.png  (2700x1500px)
[18:06:01] [INFO ]   Step 1 complete
[18:06:01] [INFO ] 
[18:06:01] [INFO ] STEP 2 — Fault detection
[18:06:01] [INFO ]   Mode: single SA run (seed=50)
[18:06:07] [INFO ]   Detected 10 high-confidence faults
[18:06:07] [INFO ]     Fault  1 | trace ~   42 | prob=0.585
[18:06:07] [INFO ]     Fault  2 | trace ~  281 | prob=0.585
[18:06:07] [INFO ]     Fault  3 | trace ~  484 | prob=0.576
[18:06:07] [INFO ]     Fault  4 | trace ~  686 | prob=0.669
[18:06:07] [INFO ]     Fault  5 | trace ~ 1295 | prob=0.629
[18:06:07] [INFO ]     Fault  6 | trace ~ 1778 | prob=0.614
[18:06:07] [INFO ]     Fault  7 | trace ~ 2061 | prob=0.691
[18:06:07] [INFO ]     Fault  8 | trace ~ 2341 | prob=0.635
[18:06:07] [INFO ]     Fault  9 | trace ~ 2862 | prob=0.675
[18:06:07] [INFO ]     Fault 10 | trace ~ 5063 | prob=0.649
[18:06:07] [INFO ]   Step 2 complete
[18:06:07] [INFO ] 
[18:06:07] [INFO ] STEP 3 — Bounding boxes
[18:06:07] [INFO ]   Box  1 | [0, 466, 71w, 128h px]
[18:06:07] [INFO ]   Box  2 | [93, 593, 106w, 128h px]
[18:06:07] [INFO ]   Box  3 | [197, 636, 104w, 136h px]
[18:06:07] [INFO ]   Box  4 | [286, 706, 135w, 133h px]
[18:06:07] [INFO ]   Box  5 | [622, 602, 97w, 125h px]
[18:06:07] [INFO ]   Box  6 | [871, 283, 99w, 128h px]
[18:06:07] [INFO ]   Box  7 | [1018, 447, 105w, 128h px]
[18:06:07] [INFO ]   Box  8 | [1156, 624, 111w, 130h px]
[18:06:07] [INFO ]   Box  9 | [1429, 778, 106w, 125h px]
[18:06:07] [INFO ]   Box 10 | [2573, 354, 94w, 122h px]
[18:06:07] [INFO ]   Generated 10 boxes
[18:06:07] [INFO ]   Step 3 complete
[18:06:07] [INFO ] 
[18:06:07] [INFO ] STEP 4 — Dataset building
[18:06:07] [INFO ]   Saving labeled review image...
[18:06:07] [INFO ]   Saved: f688stk04_labeled.png
[18:06:07] [INFO ]   Split: val
[18:06:07] [INFO ]   Added 10 annotations to val.json
[18:06:07] [INFO ]   train.json: 127 images, 1099 annotations
[18:06:07] [INFO ]   val.json:   32 images,  281 annotations
[18:06:07] [INFO ]   Step 4 complete
[18:06:07] [INFO ] 
[18:06:07] [INFO ]   DONE  f688stk04  →  val  |  10 faults  |  10 boxes
[18:06:07] [INFO ] 
[18:06:07] [INFO ] ──────────────────────────────────────────────────
[18:06:07] [INFO ]   LINE: f688stk04a
[18:06:07] [INFO ] ──────────────────────────────────────────────────
[18:06:07] [INFO ] Dataset  : namss.F-6-88-HW.mcs.airgun
[18:06:07] [INFO ] SGY      : ../../airgun_data/namss.F-6-88-HW.mcs.airgun/Data/f688stk04a.sgy
[18:06:07] [INFO ] NAV      : ../../airgun_data/namss.F-6-88-HW.mcs.airgun/Navigation/f-6-88-hw_NAV-WGS84.csv
[18:06:07] [INFO ] SA mode  : single (seed=50)
[18:06:07] [INFO ] 
[18:06:07] [INFO ] STEP 1 — Feature extraction
[18:06:07] [INFO ]   Loading navigation...
[18:06:07] [INFO ]   Loading SEG-Y...
[18:06:07] [INFO ]   Traces: 533  Samples: 1750  dt: 4.000 ms
[18:06:07] [INFO ]   Depth:  0.0 m → 5247.0 m
[18:06:07] [INFO ]   Matching traces to navigation...
[18:06:07] [INFO ]   NAV line matched via translation: 'f688stk04a' -> '4A'
[18:06:07] [INFO ]   Matched 0 / 533 traces
[18:06:07] [ERROR] SKIPPING f688stk04a (namss.F-6-88-HW.mcs.airgun): No traces matched navigation — check line name vs NAV file.
[18:06:07] [ERROR]   Traceback (most recent call last):
[18:06:07] [ERROR]     File "/Users/lennylukach/Personal/School/CS4100/namss/pipeline/src/pipeline.py", line 848, in <module>
[18:06:07] [ERROR]       process_line(line, sgy_path, nav_path, dataset)
[18:06:07] [ERROR]     File "/Users/lennylukach/Personal/School/CS4100/namss/pipeline/src/pipeline.py", line 431, in process_line
[18:06:07] [ERROR]       raise RuntimeError(
[18:06:07] [ERROR]   RuntimeError: No traces matched navigation — check line name vs NAV file.
[18:06:07] [INFO ] 
[18:06:07] [INFO ] ──────────────────────────────────────────────────
[18:06:07] [INFO ]   LINE: f688stk05
[18:06:07] [INFO ] ──────────────────────────────────────────────────
[18:06:07] [INFO ] Dataset  : namss.F-6-88-HW.mcs.airgun
[18:06:07] [INFO ] SGY      : ../../airgun_data/namss.F-6-88-HW.mcs.airgun/Data/f688stk05.sgy
[18:06:07] [INFO ] NAV      : ../../airgun_data/namss.F-6-88-HW.mcs.airgun/Navigation/f-6-88-hw_NAV-WGS84.csv
[18:06:07] [INFO ] SA mode  : single (seed=50)
[18:06:07] [INFO ] 
[18:06:07] [INFO ] STEP 1 — Feature extraction
[18:06:07] [INFO ]   Loading navigation...
[18:06:07] [INFO ]   Loading SEG-Y...
[18:06:08] [INFO ]   Traces: 6716  Samples: 2750  dt: 4.000 ms
[18:06:08] [INFO ]   Depth:  0.0 m → 8247.0 m
[18:06:08] [INFO ]   Matching traces to navigation...
[18:06:08] [INFO ]   NAV line matched via translation: 'f688stk05' -> '5'
[18:06:08] [INFO ]   Matched 6716 / 6716 traces
[18:06:08] [INFO ]   Bandpass filtering...
[18:06:08] [INFO ]   Computing seismic attributes...
[18:06:09] [INFO ]   Picking seafloor...
[18:06:10] [INFO ]   Seafloor depth: 0–4425 m  (739 shallow traces masked)
[18:06:10] [INFO ]   Picking horizons...
[18:06:10] [INFO ]   Computing NCC coherence (slow)...
[18:06:11] [INFO ]   Saving CNN section image...
[18:06:12] [INFO ]   Saved: f688stk05_section_cnn.png  (2700x1500px)
[18:06:12] [INFO ]   Step 1 complete
[18:06:12] [INFO ] 
[18:06:12] [INFO ] STEP 2 — Fault detection
[18:06:12] [INFO ]   Mode: single SA run (seed=50)
[18:06:18] [INFO ]   Detected 12 high-confidence faults
[18:06:18] [INFO ]     Fault  1 | trace ~   62 | prob=0.621
[18:06:18] [INFO ]     Fault  2 | trace ~  275 | prob=0.699
[18:06:18] [INFO ]     Fault  3 | trace ~  524 | prob=0.738
[18:06:18] [INFO ]     Fault  4 | trace ~  764 | prob=0.669
[18:06:18] [INFO ]     Fault  5 | trace ~ 1541 | prob=0.619
[18:06:18] [INFO ]     Fault  6 | trace ~ 2950 | prob=0.677
[18:06:18] [INFO ]     Fault  7 | trace ~ 3451 | prob=0.604
[18:06:18] [INFO ]     Fault  8 | trace ~ 4136 | prob=0.593
[18:06:18] [INFO ]     Fault  9 | trace ~ 5107 | prob=0.617
[18:06:18] [INFO ]     Fault 10 | trace ~ 5913 | prob=0.620
[18:06:18] [INFO ]     Fault 11 | trace ~ 6397 | prob=0.603
[18:06:18] [INFO ]     Fault 12 | trace ~ 6642 | prob=0.590
[18:06:18] [INFO ]   Step 2 complete
[18:06:18] [INFO ] 
[18:06:18] [INFO ] STEP 3 — Bounding boxes
[18:06:18] [INFO ]   Box  1 | [0, 246, 73w, 128h px]
[18:06:18] [INFO ]   Box  2 | [63, 115, 97w, 136h px]
[18:06:18] [INFO ]   Box  3 | [163, 142, 95w, 125h px]
[18:06:18] [INFO ]   Box  4 | [257, 276, 109w, 125h px]
[18:06:18] [INFO ]   Box  5 | [569, 715, 102w, 133h px]
[18:06:18] [INFO ]   Box  6 | [1136, 750, 106w, 139h px]
[18:06:18] [INFO ]   Box  7 | [1334, 711, 102w, 119h px]
[18:06:18] [INFO ]   Box  8 | [1612, 712, 100w, 133h px]
[18:06:18] [INFO ]   Box  9 | [2005, 704, 96w, 133h px]
[18:06:18] [INFO ]   Box 10 | [2312, 503, 120w, 122h px]
[18:06:18] [INFO ]   Box 11 | [2522, 436, 102w, 125h px]
[18:06:18] [INFO ]   Box 12 | [2612, 364, 88w, 128h px]
[18:06:18] [INFO ]   Generated 12 boxes
[18:06:18] [INFO ]   Step 3 complete
[18:06:18] [INFO ] 
[18:06:18] [INFO ] STEP 4 — Dataset building
[18:06:18] [INFO ]   Saving labeled review image...
[18:06:18] [INFO ]   Saved: f688stk05_labeled.png
[18:06:18] [INFO ]   Split: train
[18:06:18] [INFO ]   Added 12 annotations to train.json
[18:06:18] [INFO ]   train.json: 128 images, 1111 annotations
[18:06:18] [INFO ]   val.json:   32 images,  281 annotations
[18:06:18] [INFO ]   Step 4 complete
[18:06:18] [INFO ] 
[18:06:18] [INFO ]   DONE  f688stk05  →  train  |  12 faults  |  12 boxes
[18:06:18] [INFO ] 
[18:06:18] [INFO ] ──────────────────────────────────────────────────
[18:06:18] [INFO ]   LINE: f688stk05a
[18:06:18] [INFO ] ──────────────────────────────────────────────────
[18:06:18] [INFO ] Dataset  : namss.F-6-88-HW.mcs.airgun
[18:06:18] [INFO ] SGY      : ../../airgun_data/namss.F-6-88-HW.mcs.airgun/Data/f688stk05a.sgy
[18:06:18] [INFO ] NAV      : ../../airgun_data/namss.F-6-88-HW.mcs.airgun/Navigation/f-6-88-hw_NAV-WGS84.csv
[18:06:18] [INFO ] SA mode  : single (seed=50)
[18:06:18] [INFO ] 
[18:06:18] [INFO ] STEP 1 — Feature extraction
[18:06:18] [INFO ]   Loading navigation...
[18:06:18] [INFO ]   Loading SEG-Y...
[18:06:18] [INFO ]   Traces: 1467  Samples: 2500  dt: 4.000 ms
[18:06:18] [INFO ]   Depth:  0.0 m → 7497.0 m
[18:06:18] [INFO ]   Matching traces to navigation...
[18:06:18] [INFO ]   NAV line matched via translation: 'f688stk05a' -> '5A'
[18:06:19] [INFO ]   Matched 416 / 1467 traces
[18:06:19] [INFO ]   Bandpass filtering...
[18:06:19] [INFO ]   Computing seismic attributes...
[18:06:19] [INFO ]   Picking seafloor...
[18:06:19] [INFO ]   Seafloor depth: 1980–2868 m  (0 shallow traces masked)
[18:06:19] [INFO ]   Picking horizons...
[18:06:19] [INFO ]   Computing NCC coherence (slow)...
[18:06:19] [INFO ]   Saving CNN section image...
[18:06:19] [INFO ]   Saved: f688stk05a_section_cnn.png  (2700x1500px)
[18:06:19] [INFO ]   Step 1 complete
[18:06:19] [INFO ] 
[18:06:19] [INFO ] STEP 2 — Fault detection
[18:06:19] [INFO ]   Mode: single SA run (seed=50)
[18:06:19] [INFO ]   Detected 1 high-confidence faults
[18:06:19] [INFO ]     Fault  1 | trace ~  232 | prob=0.684
[18:06:19] [INFO ]   Step 2 complete
[18:06:19] [INFO ] 
[18:06:19] [INFO ] STEP 3 — Bounding boxes
[18:06:19] [INFO ]   Box  1 | [1016, 475, 1037w, 141h px]
[18:06:19] [INFO ]   Generated 1 boxes
[18:06:19] [INFO ]   Step 3 complete
[18:06:19] [INFO ] 
[18:06:19] [INFO ] STEP 4 — Dataset building
[18:06:19] [INFO ]   Saving labeled review image...
[18:06:19] [INFO ]   Saved: f688stk05a_labeled.png
[18:06:19] [INFO ]   Split: train
[18:06:20] [INFO ]   Added 1 annotations to train.json
[18:06:20] [INFO ]   train.json: 129 images, 1112 annotations
[18:06:20] [INFO ]   val.json:   32 images,  281 annotations
[18:06:20] [INFO ]   Step 4 complete
[18:06:20] [INFO ] 
[18:06:20] [INFO ]   DONE  f688stk05a  →  train  |  1 faults  |  1 boxes
[18:06:20] [INFO ] 
[18:06:20] [INFO ] ──────────────────────────────────────────────────
[18:06:20] [INFO ]   LINE: f688stk06
[18:06:20] [INFO ] ──────────────────────────────────────────────────
[18:06:20] [INFO ] Dataset  : namss.F-6-88-HW.mcs.airgun
[18:06:20] [INFO ] SGY      : ../../airgun_data/namss.F-6-88-HW.mcs.airgun/Data/f688stk06.sgy
[18:06:20] [INFO ] NAV      : ../../airgun_data/namss.F-6-88-HW.mcs.airgun/Navigation/f-6-88-hw_NAV-WGS84.csv
[18:06:20] [INFO ] SA mode  : single (seed=50)
[18:06:20] [INFO ] 
[18:06:20] [INFO ] STEP 1 — Feature extraction
[18:06:20] [INFO ]   Loading navigation...
[18:06:20] [INFO ]   Loading SEG-Y...
[18:06:20] [INFO ]   Traces: 10540  Samples: 2750  dt: 4.000 ms
[18:06:20] [INFO ]   Depth:  0.0 m → 8247.0 m
[18:06:20] [INFO ]   Matching traces to navigation...
[18:06:20] [INFO ]   NAV line matched via translation: 'f688stk06' -> '6'
[18:06:21] [INFO ]   Matched 10540 / 10540 traces
[18:06:21] [INFO ]   Bandpass filtering...
[18:06:21] [INFO ]   Computing seismic attributes...
[18:06:23] [INFO ]   Picking seafloor...
[18:06:23] [INFO ]   Seafloor depth: 0–4821 m  (1 shallow traces masked)
[18:06:23] [INFO ]   Picking horizons...
[18:06:24] [INFO ]   Computing NCC coherence (slow)...
[18:06:25] [INFO ]   Saving CNN section image...
[18:06:27] [INFO ]   Saved: f688stk06_section_cnn.png  (2700x1500px)
[18:06:27] [INFO ]   Step 1 complete
[18:06:27] [INFO ] 
[18:06:27] [INFO ] STEP 2 — Fault detection
[18:06:27] [INFO ]   Mode: single SA run (seed=50)
[18:06:40] [INFO ]   Detected 0 high-confidence faults
[18:06:40] [INFO ]   Step 2 complete
[18:06:40] [INFO ] 
[18:06:40] [INFO ] STEP 3 — Bounding boxes
[18:06:40] [INFO ]   Generated 0 boxes
[18:06:40] [INFO ]   Step 3 complete
[18:06:40] [INFO ] 
[18:06:40] [INFO ] STEP 4 — Dataset building
[18:06:40] [INFO ]   Saving labeled review image...
[18:06:40] [INFO ]   Saved: f688stk06_labeled.png
[18:06:40] [INFO ]   Split: train
[18:06:40] [INFO ]   Added 0 annotations to train.json
[18:06:40] [INFO ]   train.json: 130 images, 1112 annotations
[18:06:40] [INFO ]   val.json:   32 images,  281 annotations
[18:06:40] [INFO ]   Step 4 complete
[18:06:40] [INFO ] 
[18:06:40] [INFO ]   DONE  f688stk06  →  train  |  0 faults  |  0 boxes
[18:06:40] [INFO ] 
[18:06:40] [INFO ] ──────────────────────────────────────────────────
[18:06:40] [INFO ]   LINE: f688stk06a
[18:06:40] [INFO ] ──────────────────────────────────────────────────
[18:06:40] [INFO ] Dataset  : namss.F-6-88-HW.mcs.airgun
[18:06:40] [INFO ] SGY      : ../../airgun_data/namss.F-6-88-HW.mcs.airgun/Data/f688stk06a.sgy
[18:06:40] [INFO ] NAV      : ../../airgun_data/namss.F-6-88-HW.mcs.airgun/Navigation/f-6-88-hw_NAV-WGS84.csv
[18:06:40] [INFO ] SA mode  : single (seed=50)
[18:06:40] [INFO ] 
[18:06:40] [INFO ] STEP 1 — Feature extraction
[18:06:40] [INFO ]   Loading navigation...
[18:06:40] [INFO ]   Loading SEG-Y...
[18:06:40] [INFO ]   Traces: 530  Samples: 3000  dt: 4.000 ms
[18:06:40] [INFO ]   Depth:  0.0 m → 8997.0 m
[18:06:40] [INFO ]   Matching traces to navigation...
[18:06:40] [INFO ]   NAV line matched via translation: 'f688stk06a' -> '6A'
[18:06:40] [INFO ]   Matched 353 / 530 traces
[18:06:40] [INFO ]   Bandpass filtering...
[18:06:40] [INFO ]   Computing seismic attributes...
[18:06:40] [INFO ]   Picking seafloor...
[18:06:40] [INFO ]   Seafloor depth: 4755–4890 m  (0 shallow traces masked)
[18:06:40] [INFO ]   Picking horizons...
[18:06:40] [INFO ]   Computing NCC coherence (slow)...
[18:06:40] [INFO ]   Saving CNN section image...
[18:06:40] [INFO ]   Saved: f688stk06a_section_cnn.png  (2700x1500px)
[18:06:40] [INFO ]   Step 1 complete
[18:06:40] [INFO ] 
[18:06:40] [INFO ] STEP 2 — Fault detection
[18:06:40] [INFO ]   Mode: single SA run (seed=50)
[18:06:41] [INFO ]   Detected 2 high-confidence faults
[18:06:41] [INFO ]     Fault  1 | trace ~   39 | prob=0.751
[18:06:41] [INFO ]     Fault  2 | trace ~  315 | prob=0.801
[18:06:41] [INFO ]   Step 2 complete
[18:06:41] [INFO ] 
[18:06:41] [INFO ] STEP 3 — Bounding boxes
[18:06:41] [INFO ]   Box  1 | [0, 784, 852w, 119h px]
[18:06:41] [INFO ]   Box  2 | [1596, 803, 1104w, 117h px]
[18:06:41] [INFO ]   Generated 2 boxes
[18:06:41] [INFO ]   Step 3 complete
[18:06:41] [INFO ] 
[18:06:41] [INFO ] STEP 4 — Dataset building
[18:06:41] [INFO ]   Saving labeled review image...
[18:06:41] [INFO ]   Saved: f688stk06a_labeled.png
[18:06:41] [INFO ]   Split: val
[18:06:41] [INFO ]   Added 2 annotations to val.json
[18:06:41] [INFO ]   train.json: 130 images, 1112 annotations
[18:06:41] [INFO ]   val.json:   33 images,  283 annotations
[18:06:41] [INFO ]   Step 4 complete
[18:06:41] [INFO ] 
[18:06:41] [INFO ]   DONE  f688stk06a  →  val  |  2 faults  |  2 boxes
[18:06:41] [INFO ] 
[18:06:41] [INFO ] ──────────────────────────────────────────────────
[18:06:41] [INFO ]   LINE: f688stk07
[18:06:41] [INFO ] ──────────────────────────────────────────────────
[18:06:41] [INFO ] Dataset  : namss.F-6-88-HW.mcs.airgun
[18:06:41] [INFO ] SGY      : ../../airgun_data/namss.F-6-88-HW.mcs.airgun/Data/f688stk07.sgy
[18:06:41] [INFO ] NAV      : ../../airgun_data/namss.F-6-88-HW.mcs.airgun/Navigation/f-6-88-hw_NAV-WGS84.csv
[18:06:41] [INFO ] SA mode  : single (seed=50)
[18:06:41] [INFO ] 
[18:06:41] [INFO ] STEP 1 — Feature extraction
[18:06:41] [INFO ]   Loading navigation...
[18:06:41] [INFO ]   Loading SEG-Y...
[18:06:41] [INFO ]   Traces: 10306  Samples: 2750  dt: 4.000 ms
[18:06:41] [INFO ]   Depth:  0.0 m → 8247.0 m
[18:06:41] [INFO ]   Matching traces to navigation...
[18:06:41] [INFO ]   NAV line matched via translation: 'f688stk07' -> '7'
[18:06:42] [INFO ]   Matched 10306 / 10306 traces
[18:06:42] [INFO ]   Bandpass filtering...
[18:06:43] [INFO ]   Computing seismic attributes...
[18:06:44] [INFO ]   Picking seafloor...
[18:09:42] [INFO ]   Seafloor depth: 3411–4878 m  (0 shallow traces masked)
[18:09:42] [INFO ]   Picking horizons...
[18:09:43] [INFO ]   Computing NCC coherence (slow)...
[18:09:44] [INFO ]   Saving CNN section image...
[18:09:46] [INFO ]   Saved: f688stk07_section_cnn.png  (2700x1500px)
[18:09:46] [INFO ]   Step 1 complete
[18:09:46] [INFO ] 
[18:09:46] [INFO ] STEP 2 — Fault detection
[18:09:46] [INFO ]   Mode: single SA run (seed=50)
[18:09:57] [INFO ]   Detected 22 high-confidence faults
[18:09:57] [INFO ]     Fault  1 | trace ~  120 | prob=0.591
[18:09:57] [INFO ]     Fault  2 | trace ~  606 | prob=0.554
[18:09:57] [INFO ]     Fault  3 | trace ~ 1048 | prob=0.643
[18:09:57] [INFO ]     Fault  4 | trace ~ 1414 | prob=0.602
[18:09:57] [INFO ]     Fault  5 | trace ~ 1706 | prob=0.635
[18:09:57] [INFO ]     Fault  6 | trace ~ 1925 | prob=0.601
[18:09:57] [INFO ]     Fault  7 | trace ~ 2158 | prob=0.592
[18:09:57] [INFO ]     Fault  8 | trace ~ 2461 | prob=0.636
[18:09:57] [INFO ]     Fault  9 | trace ~ 2920 | prob=0.659
[18:09:57] [INFO ]     Fault 10 | trace ~ 3199 | prob=0.639
[18:09:57] [INFO ]     Fault 11 | trace ~ 3445 | prob=0.571
[18:09:57] [INFO ]     Fault 12 | trace ~ 6404 | prob=0.579
[18:09:57] [INFO ]     Fault 13 | trace ~ 6743 | prob=0.577
[18:09:57] [INFO ]     Fault 14 | trace ~ 6952 | prob=0.568
[18:09:57] [INFO ]     Fault 15 | trace ~ 7183 | prob=0.608
[18:09:57] [INFO ]     Fault 16 | trace ~ 8142 | prob=0.622
[18:09:57] [INFO ]     Fault 17 | trace ~ 8348 | prob=0.621
[18:09:57] [INFO ]     Fault 18 | trace ~ 8555 | prob=0.589
[18:09:57] [INFO ]     Fault 19 | trace ~ 9086 | prob=0.605
[18:09:57] [INFO ]     Fault 20 | trace ~ 9576 | prob=0.648
[18:09:57] [INFO ]     Fault 21 | trace ~ 9861 | prob=0.603
[18:09:57] [INFO ]     Fault 22 | trace ~10212 | prob=0.644
[18:09:57] [INFO ]   Step 2 complete
[18:09:57] [INFO ] 
[18:09:57] [INFO ] STEP 3 — Bounding boxes
[18:09:57] [INFO ]   Box  1 | [0, 869, 80w, 130h px]
[18:09:57] [INFO ]   Box  2 | [111, 784, 96w, 130h px]
[18:09:57] [INFO ]   Box  3 | [227, 680, 92w, 133h px]
[18:09:57] [INFO ]   Box  4 | [322, 647, 96w, 128h px]
[18:09:57] [INFO ]   Box  5 | [399, 627, 94w, 133h px]
[18:09:57] [INFO ]   Box  6 | [458, 639, 92w, 133h px]
[18:09:57] [INFO ]   Box  7 | [520, 621, 91w, 133h px]
[18:09:57] [INFO ]   Box  8 | [601, 723, 90w, 133h px]
[18:09:57] [INFO ]   Box  9 | [710, 745, 103w, 125h px]
[18:09:57] [INFO ]   Box 10 | [792, 757, 90w, 130h px]
[18:09:57] [INFO ]   Box 11 | [854, 844, 108w, 125h px]
[18:09:57] [INFO ]   Box 12 | [1630, 845, 96w, 130h px]
[18:09:57] [INFO ]   Box 13 | [1720, 845, 93w, 128h px]
[18:09:57] [INFO ]   Box 14 | [1773, 846, 95w, 128h px]
[18:09:57] [INFO ]   Box 15 | [1832, 845, 94w, 130h px]
[18:09:57] [INFO ]   Box 16 | [2088, 738, 91w, 128h px]
[18:09:57] [INFO ]   Box 17 | [2139, 716, 101w, 130h px]
[18:09:57] [INFO ]   Box 18 | [2195, 702, 98w, 133h px]
[18:09:57] [INFO ]   Box 19 | [2334, 672, 94w, 130h px]
[18:09:57] [INFO ]   Box 20 | [2464, 712, 92w, 130h px]
[18:09:57] [INFO ]   Box 21 | [2534, 732, 95w, 133h px]
[18:09:57] [INFO ]   Box 22 | [2630, 789, 70w, 128h px]
[18:09:57] [INFO ]   Generated 22 boxes
[18:09:57] [INFO ]   Step 3 complete
[18:09:57] [INFO ] 
[18:09:57] [INFO ] STEP 4 — Dataset building
[18:09:57] [INFO ]   Saving labeled review image...
[18:09:57] [INFO ]   Saved: f688stk07_labeled.png
[18:09:57] [INFO ]   Split: train
[18:09:57] [INFO ]   Added 22 annotations to train.json
[18:09:57] [INFO ]   train.json: 131 images, 1134 annotations
[18:09:57] [INFO ]   val.json:   33 images,  283 annotations
[18:09:57] [INFO ]   Step 4 complete
[18:09:57] [INFO ] 
[18:09:57] [INFO ]   DONE  f688stk07  →  train  |  22 faults  |  22 boxes
[18:09:57] [INFO ] 
[18:09:57] [INFO ] ──────────────────────────────────────────────────
[18:09:57] [INFO ]   LINE: f688stk07a
[18:09:57] [INFO ] ──────────────────────────────────────────────────
[18:09:57] [INFO ] Dataset  : namss.F-6-88-HW.mcs.airgun
[18:09:57] [INFO ] SGY      : ../../airgun_data/namss.F-6-88-HW.mcs.airgun/Data/f688stk07a.sgy
[18:09:57] [INFO ] NAV      : ../../airgun_data/namss.F-6-88-HW.mcs.airgun/Navigation/f-6-88-hw_NAV-WGS84.csv
[18:09:57] [INFO ] SA mode  : single (seed=50)
[18:09:57] [INFO ] 
[18:09:57] [INFO ] STEP 1 — Feature extraction
[18:09:57] [INFO ]   Loading navigation...
[18:09:57] [INFO ]   Loading SEG-Y...
[18:09:57] [INFO ]   Traces: 616  Samples: 2750  dt: 4.000 ms
[18:09:57] [INFO ]   Depth:  0.0 m → 8247.0 m
[18:09:57] [INFO ]   Matching traces to navigation...
[18:09:57] [INFO ]   NAV line matched via translation: 'f688stk07a' -> '7A'
[18:09:57] [INFO ]   Matched 0 / 616 traces
[18:09:57] [ERROR] SKIPPING f688stk07a (namss.F-6-88-HW.mcs.airgun): No traces matched navigation — check line name vs NAV file.
[18:09:57] [ERROR]   Traceback (most recent call last):
[18:09:57] [ERROR]     File "/Users/lennylukach/Personal/School/CS4100/namss/pipeline/src/pipeline.py", line 848, in <module>
[18:09:57] [ERROR]       process_line(line, sgy_path, nav_path, dataset)
[18:09:57] [ERROR]     File "/Users/lennylukach/Personal/School/CS4100/namss/pipeline/src/pipeline.py", line 431, in process_line
[18:09:57] [ERROR]       raise RuntimeError(
[18:09:57] [ERROR]   RuntimeError: No traces matched navigation — check line name vs NAV file.
[18:09:57] [INFO ] 
[18:09:57] [INFO ] ──────────────────────────────────────────────────
[18:09:57] [INFO ]   LINE: f688stk08
[18:09:57] [INFO ] ──────────────────────────────────────────────────
[18:09:57] [INFO ] Dataset  : namss.F-6-88-HW.mcs.airgun
[18:09:57] [INFO ] SGY      : ../../airgun_data/namss.F-6-88-HW.mcs.airgun/Data/f688stk08.sgy
[18:09:57] [INFO ] NAV      : ../../airgun_data/namss.F-6-88-HW.mcs.airgun/Navigation/f-6-88-hw_NAV-WGS84.csv
[18:09:57] [INFO ] SA mode  : single (seed=50)
[18:09:57] [INFO ] 
[18:09:57] [INFO ] STEP 1 — Feature extraction
[18:09:57] [INFO ]   Loading navigation...
[18:09:57] [INFO ]   Loading SEG-Y...
[18:09:58] [INFO ]   Traces: 10030  Samples: 2750  dt: 4.000 ms
[18:09:58] [INFO ]   Depth:  0.0 m → 8247.0 m
[18:09:58] [INFO ]   Matching traces to navigation...
[18:09:58] [INFO ]   NAV line matched via translation: 'f688stk08' -> '8'
[18:09:59] [INFO ]   Matched 10030 / 10030 traces
[18:09:59] [INFO ]   Bandpass filtering...
[18:09:59] [INFO ]   Computing seismic attributes...
[18:10:00] [INFO ]   Picking seafloor...
[18:10:01] [INFO ]   Seafloor depth: 4269–4875 m  (0 shallow traces masked)
[18:10:01] [INFO ]   Picking horizons...
[18:10:01] [INFO ]   Computing NCC coherence (slow)...
[18:10:02] [INFO ]   Saving CNN section image...
[18:10:04] [INFO ]   Saved: f688stk08_section_cnn.png  (2700x1500px)
[18:10:04] [INFO ]   Step 1 complete
[18:10:04] [INFO ] 
[18:10:04] [INFO ] STEP 2 — Fault detection
[18:10:04] [INFO ]   Mode: single SA run (seed=50)
[18:10:21] [INFO ]   Detected 25 high-confidence faults
[18:10:21] [INFO ]     Fault  1 | trace ~   32 | prob=0.747
[18:10:21] [INFO ]     Fault  2 | trace ~  245 | prob=0.695
[18:10:21] [INFO ]     Fault  3 | trace ~  565 | prob=0.747
[18:10:21] [INFO ]     Fault  4 | trace ~  809 | prob=0.703
[18:10:21] [INFO ]     Fault  5 | trace ~ 1037 | prob=0.660
[18:10:21] [INFO ]     Fault  6 | trace ~ 1377 | prob=0.676
[18:10:21] [INFO ]     Fault  7 | trace ~ 1830 | prob=0.719
[18:10:21] [INFO ]     Fault  8 | trace ~ 2486 | prob=0.703
[18:10:21] [INFO ]     Fault  9 | trace ~ 2797 | prob=0.698
[18:10:21] [INFO ]     Fault 10 | trace ~ 2997 | prob=0.738
[18:10:21] [INFO ]     Fault 11 | trace ~ 3481 | prob=0.684
[18:10:21] [INFO ]     Fault 12 | trace ~ 5426 | prob=0.737
[18:10:21] [INFO ]     Fault 13 | trace ~ 5754 | prob=0.776
[18:10:21] [INFO ]     Fault 14 | trace ~ 6073 | prob=0.708
[18:10:21] [INFO ]     Fault 15 | trace ~ 6366 | prob=0.709
[18:10:21] [INFO ]     Fault 16 | trace ~ 6581 | prob=0.699
[18:10:21] [INFO ]     Fault 17 | trace ~ 6797 | prob=0.766
[18:10:21] [INFO ]     Fault 18 | trace ~ 7083 | prob=0.681
[18:10:21] [INFO ]     Fault 19 | trace ~ 7416 | prob=0.799
[18:10:21] [INFO ]     Fault 20 | trace ~ 7867 | prob=0.770
[18:10:21] [INFO ]     Fault 21 | trace ~ 8209 | prob=0.733
[18:10:21] [INFO ]     Fault 22 | trace ~ 8481 | prob=0.696
[18:10:21] [INFO ]     Fault 23 | trace ~ 8774 | prob=0.689
[18:10:21] [INFO ]     Fault 24 | trace ~ 9046 | prob=0.715
[18:10:21] [INFO ]     Fault 25 | trace ~ 9288 | prob=0.667
[18:10:21] [INFO ]   Step 2 complete
[18:10:21] [INFO ] 
[18:10:21] [INFO ] STEP 3 — Bounding boxes
[18:10:21] [INFO ]   Box  1 | [0, 812, 55w, 128h px]
[18:10:21] [INFO ]   Box  2 | [17, 803, 95w, 133h px]
[18:10:21] [INFO ]   Box  3 | [105, 786, 97w, 125h px]
[18:10:21] [INFO ]   Box  4 | [171, 772, 92w, 133h px]
[18:10:21] [INFO ]   Box  5 | [234, 770, 95w, 136h px]
[18:10:21] [INFO ]   Box  6 | [323, 775, 94w, 130h px]
[18:10:21] [INFO ]   Box  7 | [450, 785, 86w, 125h px]
[18:10:21] [INFO ]   Box  8 | [620, 819, 96w, 125h px]
[18:10:21] [INFO ]   Box  9 | [703, 839, 96w, 128h px]
[18:10:21] [INFO ]   Box 10 | [760, 850, 92w, 130h px]
[18:10:21] [INFO ]   Box 11 | [889, 864, 95w, 133h px]
[18:10:21] [INFO ]   Box 12 | [1414, 868, 92w, 130h px]
[18:10:21] [INFO ]   Box 13 | [1501, 871, 101w, 130h px]
[18:10:21] [INFO ]   Box 14 | [1588, 875, 93w, 130h px]
[18:10:21] [INFO ]   Box 15 | [1668, 873, 93w, 130h px]
[18:10:21] [INFO ]   Box 16 | [1725, 871, 92w, 128h px]
[18:10:21] [INFO ]   Box 17 | [1780, 865, 96w, 128h px]
[18:10:21] [INFO ]   Box 18 | [1861, 838, 90w, 130h px]
[18:10:21] [INFO ]   Box 19 | [1952, 857, 91w, 130h px]
[18:10:21] [INFO ]   Box 20 | [2074, 830, 88w, 128h px]
[18:10:21] [INFO ]   Box 21 | [2163, 814, 94w, 128h px]
[18:10:21] [INFO ]   Box 22 | [2234, 794, 97w, 130h px]
[18:10:21] [INFO ]   Box 23 | [2315, 798, 93w, 130h px]
[18:10:21] [INFO ]   Box 24 | [2386, 810, 100w, 125h px]
[18:10:21] [INFO ]   Box 25 | [2453, 861, 91w, 122h px]
[18:10:21] [INFO ]   Generated 25 boxes
[18:10:21] [INFO ]   Step 3 complete
[18:10:21] [INFO ] 
[18:10:21] [INFO ] STEP 4 — Dataset building
[18:10:21] [INFO ]   Saving labeled review image...
[18:10:21] [INFO ]   Saved: f688stk08_labeled.png
[18:10:21] [INFO ]   Split: train
[18:10:21] [INFO ]   Added 25 annotations to train.json
[18:10:21] [INFO ]   train.json: 132 images, 1159 annotations
[18:10:21] [INFO ]   val.json:   33 images,  283 annotations
[18:10:21] [INFO ]   Step 4 complete
[18:10:21] [INFO ] 
[18:10:21] [INFO ]   DONE  f688stk08  →  train  |  25 faults  |  25 boxes
[18:10:21] [INFO ] 
[18:10:21] [INFO ] ──────────────────────────────────────────────────
[18:10:21] [INFO ]   LINE: f688stk09
[18:10:21] [INFO ] ──────────────────────────────────────────────────
[18:10:21] [INFO ] Dataset  : namss.F-6-88-HW.mcs.airgun
[18:10:21] [INFO ] SGY      : ../../airgun_data/namss.F-6-88-HW.mcs.airgun/Data/f688stk09.sgy
[18:10:21] [INFO ] NAV      : ../../airgun_data/namss.F-6-88-HW.mcs.airgun/Navigation/f-6-88-hw_NAV-WGS84.csv
[18:10:21] [INFO ] SA mode  : single (seed=50)
[18:10:21] [INFO ] 
[18:10:21] [INFO ] STEP 1 — Feature extraction
[18:10:21] [INFO ]   Loading navigation...
[18:10:22] [INFO ]   Loading SEG-Y...
[18:10:23] [INFO ]   Traces: 10142  Samples: 2750  dt: 4.000 ms
[18:10:23] [INFO ]   Depth:  0.0 m → 8247.0 m
[18:10:23] [INFO ]   Matching traces to navigation...
[18:10:23] [INFO ]   NAV line matched via translation: 'f688stk09' -> '9'
[18:25:27] [INFO ]   Matched 10142 / 10142 traces
[18:25:27] [INFO ]   Bandpass filtering...
[18:25:27] [INFO ]   Computing seismic attributes...
[18:25:28] [INFO ]   Picking seafloor...
[18:25:29] [INFO ]   Seafloor depth: 0–4851 m  (172 shallow traces masked)
[18:25:29] [INFO ]   Picking horizons...
[18:25:30] [INFO ]   Computing NCC coherence (slow)...
[18:25:30] [INFO ]   Saving CNN section image...
[18:25:32] [INFO ]   Saved: f688stk09_section_cnn.png  (2700x1500px)
[18:25:32] [INFO ]   Step 1 complete
[18:25:32] [INFO ] 
[18:25:32] [INFO ] STEP 2 — Fault detection
[18:25:32] [INFO ]   Mode: single SA run (seed=50)
[18:25:45] [INFO ]   Detected 28 high-confidence faults
[18:25:45] [INFO ]     Fault  1 | trace ~   84 | prob=0.756
[18:25:45] [INFO ]     Fault  2 | trace ~  327 | prob=0.733
[18:25:45] [INFO ]     Fault  3 | trace ~  580 | prob=0.644
[18:25:45] [INFO ]     Fault  4 | trace ~  898 | prob=0.664
[18:25:45] [INFO ]     Fault  5 | trace ~ 1537 | prob=0.707
[18:25:45] [INFO ]     Fault  6 | trace ~ 2239 | prob=0.655
[18:25:45] [INFO ]     Fault  7 | trace ~ 2564 | prob=0.678
[18:25:45] [INFO ]     Fault  8 | trace ~ 2948 | prob=0.664
[18:25:45] [INFO ]     Fault  9 | trace ~ 3855 | prob=0.679
[18:25:45] [INFO ]     Fault 10 | trace ~ 4140 | prob=0.668
[18:25:45] [INFO ]     Fault 11 | trace ~ 4425 | prob=0.729
[18:25:45] [INFO ]     Fault 12 | trace ~ 4755 | prob=0.693
[18:25:45] [INFO ]     Fault 13 | trace ~ 5057 | prob=0.635
[18:25:45] [INFO ]     Fault 14 | trace ~ 5387 | prob=0.729
[18:25:45] [INFO ]     Fault 15 | trace ~ 5892 | prob=0.664
[18:25:45] [INFO ]     Fault 16 | trace ~ 6224 | prob=0.642
[18:25:45] [INFO ]     Fault 17 | trace ~ 6446 | prob=0.670
[18:25:45] [INFO ]     Fault 18 | trace ~ 7019 | prob=0.682
[18:25:45] [INFO ]     Fault 19 | trace ~ 7327 | prob=0.639
[18:25:45] [INFO ]     Fault 20 | trace ~ 7637 | prob=0.670
[18:25:45] [INFO ]     Fault 21 | trace ~ 8013 | prob=0.659
[18:25:45] [INFO ]     Fault 22 | trace ~ 8208 | prob=0.685
[18:25:45] [INFO ]     Fault 23 | trace ~ 8606 | prob=0.704
[18:25:45] [INFO ]     Fault 24 | trace ~ 8817 | prob=0.675
[18:25:45] [INFO ]     Fault 25 | trace ~ 9106 | prob=0.694
[18:25:45] [INFO ]     Fault 26 | trace ~ 9532 | prob=0.748
[18:25:45] [INFO ]     Fault 27 | trace ~ 9792 | prob=0.658
[18:25:45] [INFO ]     Fault 28 | trace ~10077 | prob=0.723
[18:25:45] [INFO ]   Step 2 complete
[18:25:45] [INFO ] 
[18:25:45] [INFO ] STEP 3 — Bounding boxes
[18:25:45] [INFO ]   Box  1 | [0, 846, 66w, 130h px]
[18:25:45] [INFO ]   Box  2 | [42, 846, 92w, 130h px]
[18:25:45] [INFO ]   Box  3 | [108, 851, 93w, 128h px]
[18:25:45] [INFO ]   Box  4 | [192, 851, 96w, 133h px]
[18:25:45] [INFO ]   Box  5 | [361, 859, 96w, 128h px]
[18:25:45] [INFO ]   Box  6 | [544, 863, 100w, 133h px]
[18:25:45] [INFO ]   Box  7 | [635, 864, 100w, 130h px]
[18:25:45] [INFO ]   Box  8 | [734, 866, 106w, 128h px]
[18:25:45] [INFO ]   Box  9 | [978, 870, 96w, 133h px]
[18:25:45] [INFO ]   Box 10 | [1054, 870, 96w, 130h px]
[18:25:45] [INFO ]   Box 11 | [1130, 852, 102w, 130h px]
[18:25:45] [INFO ]   Box 12 | [1222, 869, 89w, 128h px]
[18:25:45] [INFO ]   Box 13 | [1300, 862, 94w, 130h px]
[18:25:45] [INFO ]   Box 14 | [1390, 862, 90w, 130h px]
[18:25:45] [INFO ]   Box 15 | [1521, 859, 94w, 130h px]
[18:25:45] [INFO ]   Box 16 | [1611, 859, 94w, 128h px]
[18:25:45] [INFO ]   Box 17 | [1668, 860, 95w, 128h px]
[18:25:45] [INFO ]   Box 18 | [1823, 853, 95w, 130h px]
[18:25:45] [INFO ]   Box 19 | [1905, 838, 93w, 128h px]
[18:25:45] [INFO ]   Box 20 | [1987, 833, 102w, 133h px]
[18:25:45] [INFO ]   Box 21 | [2086, 818, 96w, 130h px]
[18:25:45] [INFO ]   Box 22 | [2135, 822, 98w, 130h px]
[18:25:45] [INFO ]   Box 23 | [2244, 814, 93w, 133h px]
[18:25:45] [INFO ]   Box 24 | [2292, 816, 102w, 133h px]
[18:25:45] [INFO ]   Box 25 | [2378, 807, 93w, 130h px]
[18:25:45] [INFO ]   Box 26 | [2491, 801, 93w, 128h px]
[18:25:45] [INFO ]   Box 27 | [2560, 795, 90w, 130h px]
[18:25:45] [INFO ]   Box 28 | [2632, 761, 68w, 122h px]
[18:25:45] [INFO ]   Generated 28 boxes
[18:25:45] [INFO ]   Step 3 complete
[18:25:45] [INFO ] 
[18:25:45] [INFO ] STEP 4 — Dataset building
[18:25:45] [INFO ]   Saving labeled review image...
[18:25:45] [INFO ]   Saved: f688stk09_labeled.png
[18:25:45] [INFO ]   Split: train
[18:25:45] [INFO ]   Added 28 annotations to train.json
[18:25:45] [INFO ]   train.json: 133 images, 1187 annotations
[18:25:45] [INFO ]   val.json:   33 images,  283 annotations
[18:25:45] [INFO ]   Step 4 complete
[18:25:45] [INFO ] 
[18:25:45] [INFO ]   DONE  f688stk09  →  train  |  28 faults  |  28 boxes
[18:25:45] [INFO ] 
[18:25:45] [INFO ] ──────────────────────────────────────────────────
[18:25:45] [INFO ]   LINE: f688stk09a
[18:25:45] [INFO ] ──────────────────────────────────────────────────
[18:25:45] [INFO ] Dataset  : namss.F-6-88-HW.mcs.airgun
[18:25:45] [INFO ] SGY      : ../../airgun_data/namss.F-6-88-HW.mcs.airgun/Data/f688stk09a.sgy
[18:25:45] [INFO ] NAV      : ../../airgun_data/namss.F-6-88-HW.mcs.airgun/Navigation/f-6-88-hw_NAV-WGS84.csv
[18:25:45] [INFO ] SA mode  : single (seed=50)
[18:25:45] [INFO ] 
[18:25:45] [INFO ] STEP 1 — Feature extraction
[18:25:45] [INFO ]   Loading navigation...
[18:25:45] [INFO ]   Loading SEG-Y...
[18:25:46] [INFO ]   Traces: 736  Samples: 2750  dt: 4.000 ms
[18:25:46] [INFO ]   Depth:  0.0 m → 8247.0 m
[18:25:46] [INFO ]   Matching traces to navigation...
[18:25:46] [INFO ]   NAV line matched via translation: 'f688stk09a' -> '9A'
[18:25:46] [INFO ]   Matched 0 / 736 traces
[18:25:46] [ERROR] SKIPPING f688stk09a (namss.F-6-88-HW.mcs.airgun): No traces matched navigation — check line name vs NAV file.
[18:25:46] [ERROR]   Traceback (most recent call last):
[18:25:46] [ERROR]     File "/Users/lennylukach/Personal/School/CS4100/namss/pipeline/src/pipeline.py", line 848, in <module>
[18:25:46] [ERROR]       process_line(line, sgy_path, nav_path, dataset)
[18:25:46] [ERROR]     File "/Users/lennylukach/Personal/School/CS4100/namss/pipeline/src/pipeline.py", line 431, in process_line
[18:25:46] [ERROR]       raise RuntimeError(
[18:25:46] [ERROR]   RuntimeError: No traces matched navigation — check line name vs NAV file.
[18:25:46] [INFO ] 
[18:25:46] [INFO ] ──────────────────────────────────────────────────
[18:25:46] [INFO ]   LINE: f688stk10
[18:25:46] [INFO ] ──────────────────────────────────────────────────
[18:25:46] [INFO ] Dataset  : namss.F-6-88-HW.mcs.airgun
[18:25:46] [INFO ] SGY      : ../../airgun_data/namss.F-6-88-HW.mcs.airgun/Data/f688stk10.sgy
[18:25:46] [INFO ] NAV      : ../../airgun_data/namss.F-6-88-HW.mcs.airgun/Navigation/f-6-88-hw_NAV-WGS84.csv
[18:25:46] [INFO ] SA mode  : single (seed=50)
[18:25:46] [INFO ] 
[18:25:46] [INFO ] STEP 1 — Feature extraction
[18:25:46] [INFO ]   Loading navigation...
[18:25:46] [INFO ]   Loading SEG-Y...
[18:25:46] [INFO ]   Traces: 10183  Samples: 2750  dt: 4.000 ms
[18:25:46] [INFO ]   Depth:  0.0 m → 8247.0 m
[18:25:46] [INFO ]   Matching traces to navigation...
[18:25:46] [INFO ]   NAV line matched via translation: 'f688stk10' -> '10'
[18:25:47] [INFO ]   Matched 10183 / 10183 traces
[18:25:47] [INFO ]   Bandpass filtering...
[18:25:47] [INFO ]   Computing seismic attributes...
[18:25:48] [INFO ]   Picking seafloor...
[18:25:49] [INFO ]   Seafloor depth: 3495–4818 m  (0 shallow traces masked)
[18:25:49] [INFO ]   Picking horizons...
[18:25:50] [INFO ]   Computing NCC coherence (slow)...
[18:25:51] [INFO ]   Saving CNN section image...
[18:25:54] [INFO ]   Saved: f688stk10_section_cnn.png  (2700x1500px)
[18:25:54] [INFO ]   Step 1 complete
[18:25:54] [INFO ] 
[18:25:54] [INFO ] STEP 2 — Fault detection
[18:25:54] [INFO ]   Mode: single SA run (seed=50)
[18:26:05] [INFO ]   Detected 24 high-confidence faults
[18:26:05] [INFO ]     Fault  1 | trace ~   53 | prob=0.727
[18:26:05] [INFO ]     Fault  2 | trace ~  411 | prob=0.588
[18:26:05] [INFO ]     Fault  3 | trace ~  689 | prob=0.662
[18:26:05] [INFO ]     Fault  4 | trace ~  945 | prob=0.676
[18:26:05] [INFO ]     Fault  5 | trace ~ 1188 | prob=0.696
[18:26:05] [INFO ]     Fault  6 | trace ~ 1460 | prob=0.668
[18:26:05] [INFO ]     Fault  7 | trace ~ 1779 | prob=0.690
[18:26:05] [INFO ]     Fault  8 | trace ~ 2031 | prob=0.714
[18:26:05] [INFO ]     Fault  9 | trace ~ 2270 | prob=0.622
[18:26:05] [INFO ]     Fault 10 | trace ~ 2733 | prob=0.644
[18:26:05] [INFO ]     Fault 11 | trace ~ 3067 | prob=0.664
[18:26:05] [INFO ]     Fault 12 | trace ~ 3309 | prob=0.677
[18:26:05] [INFO ]     Fault 13 | trace ~ 3837 | prob=0.648
[18:26:05] [INFO ]     Fault 14 | trace ~ 4376 | prob=0.671
[18:26:05] [INFO ]     Fault 15 | trace ~ 4741 | prob=0.672
[18:26:05] [INFO ]     Fault 16 | trace ~ 5476 | prob=0.700
[18:26:05] [INFO ]     Fault 17 | trace ~ 5774 | prob=0.655
[18:26:05] [INFO ]     Fault 18 | trace ~ 5984 | prob=0.633
[18:26:05] [INFO ]     Fault 19 | trace ~ 6509 | prob=0.611
[18:26:05] [INFO ]     Fault 20 | trace ~ 7130 | prob=0.644
[18:26:05] [INFO ]     Fault 21 | trace ~ 8832 | prob=0.667
[18:26:05] [INFO ]     Fault 22 | trace ~ 9210 | prob=0.550
[18:26:05] [INFO ]     Fault 23 | trace ~ 9542 | prob=0.697
[18:26:05] [INFO ]     Fault 24 | trace ~ 9911 | prob=0.692
[18:26:05] [INFO ]   Step 2 complete
[18:26:05] [INFO ] 
[18:26:05] [INFO ] STEP 3 — Bounding boxes
[18:26:05] [INFO ]   Box  1 | [0, 838, 64w, 128h px]
[18:26:05] [INFO ]   Box  2 | [64, 709, 89w, 125h px]
[18:26:05] [INFO ]   Box  3 | [136, 724, 92w, 133h px]
[18:26:05] [INFO ]   Box  4 | [203, 848, 95w, 128h px]
[18:26:05] [INFO ]   Box  5 | [270, 828, 98w, 130h px]
[18:26:05] [INFO ]   Box  6 | [340, 834, 94w, 130h px]
[18:26:05] [INFO ]   Box  7 | [421, 841, 96w, 128h px]
[18:26:05] [INFO ]   Box  8 | [493, 839, 96w, 130h px]
[18:26:05] [INFO ]   Box  9 | [557, 842, 91w, 128h px]
[18:26:05] [INFO ]   Box 10 | [675, 856, 96w, 128h px]
[18:26:05] [INFO ]   Box 11 | [768, 857, 90w, 128h px]
[18:26:05] [INFO ]   Box 12 | [826, 864, 99w, 128h px]
[18:26:05] [INFO ]   Box 13 | [970, 859, 95w, 130h px]
[18:26:05] [INFO ]   Box 14 | [1111, 855, 98w, 130h px]
[18:26:05] [INFO ]   Box 15 | [1211, 855, 94w, 128h px]
[18:26:05] [INFO ]   Box 16 | [1407, 857, 92w, 128h px]
[18:26:05] [INFO ]   Box 17 | [1487, 851, 91w, 130h px]
[18:26:05] [INFO ]   Box 18 | [1535, 856, 98w, 128h px]
[18:26:05] [INFO ]   Box 19 | [1677, 854, 95w, 130h px]
[18:26:05] [INFO ]   Box 20 | [1844, 853, 92w, 128h px]
[18:26:05] [INFO ]   Box 21 | [2292, 844, 94w, 130h px]
[18:26:05] [INFO ]   Box 22 | [2395, 819, 100w, 130h px]
[18:26:05] [INFO ]   Box 23 | [2483, 814, 94w, 130h px]
[18:26:05] [INFO ]   Box 24 | [2581, 827, 97w, 130h px]
[18:26:05] [INFO ]   Generated 24 boxes
[18:26:05] [INFO ]   Step 3 complete
[18:26:05] [INFO ] 
[18:26:05] [INFO ] STEP 4 — Dataset building
[18:26:05] [INFO ]   Saving labeled review image...
[18:26:05] [INFO ]   Saved: f688stk10_labeled.png
[18:26:05] [INFO ]   Split: train
[18:26:05] [INFO ]   Added 24 annotations to train.json
[18:26:05] [INFO ]   train.json: 134 images, 1211 annotations
[18:26:05] [INFO ]   val.json:   33 images,  283 annotations
[18:26:05] [INFO ]   Step 4 complete
[18:26:05] [INFO ] 
[18:26:05] [INFO ]   DONE  f688stk10  →  train  |  24 faults  |  24 boxes
[18:26:05] [INFO ] 
[18:26:05] [INFO ] ──────────────────────────────────────────────────
[18:26:05] [INFO ]   LINE: f688stk10a
[18:26:05] [INFO ] ──────────────────────────────────────────────────
[18:26:05] [INFO ] Dataset  : namss.F-6-88-HW.mcs.airgun
[18:26:05] [INFO ] SGY      : ../../airgun_data/namss.F-6-88-HW.mcs.airgun/Data/f688stk10a.sgy
[18:26:05] [INFO ] NAV      : ../../airgun_data/namss.F-6-88-HW.mcs.airgun/Navigation/f-6-88-hw_NAV-WGS84.csv
[18:26:05] [INFO ] SA mode  : single (seed=50)
[18:26:05] [INFO ] 
[18:26:05] [INFO ] STEP 1 — Feature extraction
[18:26:05] [INFO ]   Loading navigation...
[18:26:05] [INFO ]   Loading SEG-Y...
[18:26:05] [INFO ]   Traces: 648  Samples: 2750  dt: 4.000 ms
[18:26:05] [INFO ]   Depth:  0.0 m → 8247.0 m
[18:26:05] [INFO ]   Matching traces to navigation...
[18:26:05] [INFO ]   NAV line matched via translation: 'f688stk10a' -> '10A'
[18:26:05] [INFO ]   Matched 0 / 648 traces
[18:26:05] [ERROR] SKIPPING f688stk10a (namss.F-6-88-HW.mcs.airgun): No traces matched navigation — check line name vs NAV file.
[18:26:05] [ERROR]   Traceback (most recent call last):
[18:26:05] [ERROR]     File "/Users/lennylukach/Personal/School/CS4100/namss/pipeline/src/pipeline.py", line 848, in <module>
[18:26:05] [ERROR]       process_line(line, sgy_path, nav_path, dataset)
[18:26:05] [ERROR]     File "/Users/lennylukach/Personal/School/CS4100/namss/pipeline/src/pipeline.py", line 431, in process_line
[18:26:05] [ERROR]       raise RuntimeError(
[18:26:05] [ERROR]   RuntimeError: No traces matched navigation — check line name vs NAV file.
[18:26:05] [INFO ] 
[18:26:05] [INFO ] ──────────────────────────────────────────────────
[18:26:05] [INFO ]   LINE: f688stk11
[18:26:05] [INFO ] ──────────────────────────────────────────────────
[18:26:05] [INFO ] Dataset  : namss.F-6-88-HW.mcs.airgun
[18:26:05] [INFO ] SGY      : ../../airgun_data/namss.F-6-88-HW.mcs.airgun/Data/f688stk11.sgy
[18:26:05] [INFO ] NAV      : ../../airgun_data/namss.F-6-88-HW.mcs.airgun/Navigation/f-6-88-hw_NAV-WGS84.csv
[18:26:05] [INFO ] SA mode  : single (seed=50)
[18:26:05] [INFO ] 
[18:26:05] [INFO ] STEP 1 — Feature extraction
[18:26:05] [INFO ]   Loading navigation...
[18:26:05] [INFO ]   Loading SEG-Y...
[18:26:05] [INFO ]   Traces: 10647  Samples: 2750  dt: 4.000 ms
[18:26:05] [INFO ]   Depth:  0.0 m → 8247.0 m
[18:26:05] [INFO ]   Matching traces to navigation...
[18:26:05] [INFO ]   NAV line matched via translation: 'f688stk11' -> '11'
[18:26:06] [INFO ]   Matched 10647 / 10647 traces
[18:26:06] [INFO ]   Bandpass filtering...
[18:26:07] [INFO ]   Computing seismic attributes...
[18:26:09] [INFO ]   Picking seafloor...
[18:26:09] [INFO ]   Seafloor depth: 0–4938 m  (218 shallow traces masked)
[18:26:09] [INFO ]   Picking horizons...
[18:26:10] [INFO ]   Computing NCC coherence (slow)...
[18:26:11] [INFO ]   Saving CNN section image...
[18:26:14] [INFO ]   Saved: f688stk11_section_cnn.png  (2700x1500px)
[18:26:14] [INFO ]   Step 1 complete
[18:26:14] [INFO ] 
[18:26:14] [INFO ] STEP 2 — Fault detection
[18:26:14] [INFO ]   Mode: single SA run (seed=50)
[18:28:32] [INFO ]   Detected 27 high-confidence faults
[18:28:32] [INFO ]     Fault  1 | trace ~   95 | prob=0.674
[18:28:32] [INFO ]     Fault  2 | trace ~  361 | prob=0.695
[18:28:32] [INFO ]     Fault  3 | trace ~  680 | prob=0.651
[18:28:32] [INFO ]     Fault  4 | trace ~  963 | prob=0.735
[18:28:32] [INFO ]     Fault  5 | trace ~ 1188 | prob=0.639
[18:28:32] [INFO ]     Fault  6 | trace ~ 1447 | prob=0.730
[18:28:32] [INFO ]     Fault  7 | trace ~ 2388 | prob=0.709
[18:28:32] [INFO ]     Fault  8 | trace ~ 2612 | prob=0.637
[18:28:32] [INFO ]     Fault  9 | trace ~ 2825 | prob=0.711
[18:28:32] [INFO ]     Fault 10 | trace ~ 3137 | prob=0.673
[18:28:32] [INFO ]     Fault 11 | trace ~ 3399 | prob=0.701
[18:28:32] [INFO ]     Fault 12 | trace ~ 3792 | prob=0.668
[18:28:32] [INFO ]     Fault 13 | trace ~ 4077 | prob=0.644
[18:28:32] [INFO ]     Fault 14 | trace ~ 4519 | prob=0.625
[18:28:32] [INFO ]     Fault 15 | trace ~ 4830 | prob=0.682
[18:28:32] [INFO ]     Fault 16 | trace ~ 5144 | prob=0.645
[18:28:32] [INFO ]     Fault 17 | trace ~ 5363 | prob=0.626
[18:28:32] [INFO ]     Fault 18 | trace ~ 5615 | prob=0.695
[18:28:32] [INFO ]     Fault 19 | trace ~ 6264 | prob=0.677
[18:28:32] [INFO ]     Fault 20 | trace ~ 6533 | prob=0.667
[18:28:32] [INFO ]     Fault 21 | trace ~ 6837 | prob=0.685
[18:28:32] [INFO ]     Fault 22 | trace ~ 7669 | prob=0.635
[18:28:32] [INFO ]     Fault 23 | trace ~ 7885 | prob=0.696
[18:28:32] [INFO ]     Fault 24 | trace ~ 8828 | prob=0.674
[18:28:32] [INFO ]     Fault 25 | trace ~ 9165 | prob=0.626
[18:28:32] [INFO ]     Fault 26 | trace ~ 9376 | prob=0.639
[18:28:32] [INFO ]     Fault 27 | trace ~10319 | prob=0.660
[18:28:32] [INFO ]   Step 2 complete
[18:28:32] [INFO ] 
[18:28:32] [INFO ] STEP 3 — Bounding boxes
[18:28:32] [INFO ]   Box  1 | [0, 802, 73w, 133h px]
[18:28:32] [INFO ]   Box  2 | [42, 804, 98w, 133h px]
[18:28:32] [INFO ]   Box  3 | [123, 818, 99w, 133h px]
[18:28:32] [INFO ]   Box  4 | [199, 822, 88w, 130h px]
[18:28:32] [INFO ]   Box  5 | [256, 791, 90w, 133h px]
[18:28:32] [INFO ]   Box  6 | [321, 814, 96w, 133h px]
[18:28:32] [INFO ]   Box  7 | [558, 836, 103w, 144h px]
[18:28:32] [INFO ]   Box  8 | [617, 829, 90w, 147h px]
[18:28:32] [INFO ]   Box  9 | [669, 838, 94w, 128h px]
[18:28:32] [INFO ]   Box 10 | [742, 817, 101w, 128h px]
[18:28:32] [INFO ]   Box 11 | [816, 806, 95w, 125h px]
[18:28:32] [INFO ]   Box 12 | [914, 703, 104w, 128h px]
[18:28:32] [INFO ]   Box 13 | [985, 847, 97w, 125h px]
[18:28:32] [INFO ]   Box 14 | [1099, 847, 98w, 125h px]
[18:28:32] [INFO ]   Box 15 | [1177, 833, 94w, 130h px]
[18:28:32] [INFO ]   Box 16 | [1259, 851, 91w, 133h px]
[18:28:32] [INFO ]   Box 17 | [1312, 853, 95w, 128h px]
[18:28:32] [INFO ]   Box 18 | [1379, 856, 92w, 128h px]
[18:28:32] [INFO ]   Box 19 | [1543, 859, 95w, 128h px]
[18:28:32] [INFO ]   Box 20 | [1610, 854, 93w, 133h px]
[18:28:32] [INFO ]   Box 21 | [1686, 860, 94w, 128h px]
[18:28:32] [INFO ]   Box 22 | [1898, 761, 92w, 133h px]
[18:28:32] [INFO ]   Box 23 | [1953, 852, 93w, 130h px]
[18:28:32] [INFO ]   Box 24 | [2190, 842, 95w, 128h px]
[18:28:32] [INFO ]   Box 25 | [2276, 861, 96w, 133h px]
[18:28:32] [INFO ]   Box 26 | [2331, 871, 94w, 128h px]
[18:28:32] [INFO ]   Box 27 | [2572, 884, 91w, 128h px]
[18:28:32] [INFO ]   Generated 27 boxes
[18:28:32] [INFO ]   Step 3 complete
[18:28:32] [INFO ] 
[18:28:32] [INFO ] STEP 4 — Dataset building
[18:28:32] [INFO ]   Saving labeled review image...
[18:28:32] [INFO ]   Saved: f688stk11_labeled.png
[18:28:32] [INFO ]   Split: train
[18:28:32] [INFO ]   Added 27 annotations to train.json
[18:28:32] [INFO ]   train.json: 135 images, 1238 annotations
[18:28:32] [INFO ]   val.json:   33 images,  283 annotations
[18:28:32] [INFO ]   Step 4 complete
[18:28:32] [INFO ] 
[18:28:32] [INFO ]   DONE  f688stk11  →  train  |  27 faults  |  27 boxes
[18:28:32] [INFO ] 
[18:28:32] [INFO ] ──────────────────────────────────────────────────
[18:28:32] [INFO ]   LINE: f688stk11a
[18:28:32] [INFO ] ──────────────────────────────────────────────────
[18:28:32] [INFO ] Dataset  : namss.F-6-88-HW.mcs.airgun
[18:28:32] [INFO ] SGY      : ../../airgun_data/namss.F-6-88-HW.mcs.airgun/Data/f688stk11a.sgy
[18:28:32] [INFO ] NAV      : ../../airgun_data/namss.F-6-88-HW.mcs.airgun/Navigation/f-6-88-hw_NAV-WGS84.csv
[18:28:32] [INFO ] SA mode  : single (seed=50)
[18:28:32] [INFO ] 
[18:28:32] [INFO ] STEP 1 — Feature extraction
[18:28:32] [INFO ]   Loading navigation...
[18:28:32] [INFO ]   Loading SEG-Y...
[18:28:32] [INFO ]   Traces: 807  Samples: 2750  dt: 4.000 ms
[18:28:32] [INFO ]   Depth:  0.0 m → 8247.0 m
[18:28:32] [INFO ]   Matching traces to navigation...
[18:28:32] [INFO ]   NAV line matched via translation: 'f688stk11a' -> '11A'
[18:28:32] [INFO ]   Matched 0 / 807 traces
[18:28:32] [ERROR] SKIPPING f688stk11a (namss.F-6-88-HW.mcs.airgun): No traces matched navigation — check line name vs NAV file.
[18:28:32] [ERROR]   Traceback (most recent call last):
[18:28:32] [ERROR]     File "/Users/lennylukach/Personal/School/CS4100/namss/pipeline/src/pipeline.py", line 848, in <module>
[18:28:32] [ERROR]       process_line(line, sgy_path, nav_path, dataset)
[18:28:32] [ERROR]     File "/Users/lennylukach/Personal/School/CS4100/namss/pipeline/src/pipeline.py", line 431, in process_line
[18:28:32] [ERROR]       raise RuntimeError(
[18:28:32] [ERROR]   RuntimeError: No traces matched navigation — check line name vs NAV file.
[18:28:32] [INFO ] 
[18:28:32] [INFO ] ──────────────────────────────────────────────────
[18:28:32] [INFO ]   LINE: f688stk12
[18:28:32] [INFO ] ──────────────────────────────────────────────────
[18:28:32] [INFO ] Dataset  : namss.F-6-88-HW.mcs.airgun
[18:28:32] [INFO ] SGY      : ../../airgun_data/namss.F-6-88-HW.mcs.airgun/Data/f688stk12.sgy
[18:28:32] [INFO ] NAV      : ../../airgun_data/namss.F-6-88-HW.mcs.airgun/Navigation/f-6-88-hw_NAV-WGS84.csv
[18:28:32] [INFO ] SA mode  : single (seed=50)
[18:28:32] [INFO ] 
[18:28:32] [INFO ] STEP 1 — Feature extraction
[18:28:32] [INFO ]   Loading navigation...
[18:28:32] [INFO ]   Loading SEG-Y...
[18:28:32] [INFO ]   Traces: 12678  Samples: 2750  dt: 4.000 ms
[18:28:32] [INFO ]   Depth:  0.0 m → 8247.0 m
[18:28:32] [INFO ]   Matching traces to navigation...
[18:28:32] [INFO ]   NAV line matched via translation: 'f688stk12' -> '12'
[18:28:33] [INFO ]   Matched 12678 / 12678 traces
[18:28:33] [INFO ]   Bandpass filtering...
[18:28:34] [INFO ]   Computing seismic attributes...
[18:28:36] [INFO ]   Picking seafloor...
[18:28:36] [INFO ]   Seafloor depth: 2868–4911 m  (0 shallow traces masked)
[18:28:36] [INFO ]   Picking horizons...
[18:28:37] [INFO ]   Computing NCC coherence (slow)...
[18:28:38] [INFO ]   Saving CNN section image...
[18:28:41] [INFO ]   Saved: f688stk12_section_cnn.png  (2700x1500px)
[18:28:41] [INFO ]   Step 1 complete
[18:28:41] [INFO ] 
[18:28:41] [INFO ] STEP 2 — Fault detection
[18:28:41] [INFO ]   Mode: single SA run (seed=50)
[18:28:55] [INFO ]   Detected 26 high-confidence faults
[18:28:55] [INFO ]     Fault  1 | trace ~  409 | prob=0.617
[18:28:55] [INFO ]     Fault  2 | trace ~  934 | prob=0.627
[18:28:55] [INFO ]     Fault  3 | trace ~ 1213 | prob=0.709
[18:28:55] [INFO ]     Fault  4 | trace ~ 1451 | prob=0.752
[18:28:55] [INFO ]     Fault  5 | trace ~ 1723 | prob=0.643
[18:28:55] [INFO ]     Fault  6 | trace ~ 2048 | prob=0.704
[18:28:55] [INFO ]     Fault  7 | trace ~ 4023 | prob=0.587
[18:28:55] [INFO ]     Fault  8 | trace ~ 4262 | prob=0.619
[18:28:55] [INFO ]     Fault  9 | trace ~ 4989 | prob=0.605
[18:28:55] [INFO ]     Fault 10 | trace ~ 5211 | prob=0.681
[18:28:55] [INFO ]     Fault 11 | trace ~ 6048 | prob=0.633
[18:28:55] [INFO ]     Fault 12 | trace ~ 6721 | prob=0.673
[18:28:55] [INFO ]     Fault 13 | trace ~ 6957 | prob=0.550
[18:28:55] [INFO ]     Fault 14 | trace ~ 7689 | prob=0.669
[18:28:55] [INFO ]     Fault 15 | trace ~ 7953 | prob=0.604
[18:28:55] [INFO ]     Fault 16 | trace ~ 8378 | prob=0.686
[18:28:55] [INFO ]     Fault 17 | trace ~ 8626 | prob=0.705
[18:28:55] [INFO ]     Fault 18 | trace ~ 9083 | prob=0.655
[18:28:55] [INFO ]     Fault 19 | trace ~ 9364 | prob=0.649
[18:28:55] [INFO ]     Fault 20 | trace ~ 9826 | prob=0.668
[18:28:55] [INFO ]     Fault 21 | trace ~10810 | prob=0.675
[18:28:55] [INFO ]     Fault 22 | trace ~11458 | prob=0.639
[18:28:55] [INFO ]     Fault 23 | trace ~11807 | prob=0.675
[18:28:55] [INFO ]     Fault 24 | trace ~12128 | prob=0.674
[18:28:55] [INFO ]     Fault 25 | trace ~12367 | prob=0.665
[18:28:55] [INFO ]     Fault 26 | trace ~12595 | prob=0.642
[18:28:55] [INFO ]   Step 2 complete
[18:28:55] [INFO ] 
[18:28:55] [INFO ] STEP 3 — Bounding boxes
[18:28:55] [INFO ]   Box  1 | [42, 880, 90w, 128h px]
[18:28:55] [INFO ]   Box  2 | [156, 707, 87w, 125h px]
[18:28:55] [INFO ]   Box  3 | [214, 643, 91w, 119h px]
[18:28:55] [INFO ]   Box  4 | [266, 749, 87w, 128h px]
[18:28:55] [INFO ]   Box  5 | [321, 766, 93w, 130h px]
[18:28:55] [INFO ]   Box  6 | [389, 863, 94w, 130h px]
[18:28:55] [INFO ]   Box  7 | [810, 805, 93w, 130h px]
[18:28:55] [INFO ]   Box  8 | [860, 848, 92w, 128h px]
[18:28:55] [INFO ]   Box  9 | [1011, 792, 100w, 133h px]
[18:28:55] [INFO ]   Box 10 | [1063, 839, 94w, 128h px]
[18:28:55] [INFO ]   Box 11 | [1241, 837, 98w, 133h px]
[18:28:55] [INFO ]   Box 12 | [1384, 779, 92w, 133h px]
[18:28:55] [INFO ]   Box 13 | [1436, 770, 92w, 139h px]
[18:28:55] [INFO ]   Box 14 | [1592, 853, 90w, 128h px]
[18:28:55] [INFO ]   Box 15 | [1650, 836, 88w, 130h px]
[18:28:55] [INFO ]   Box 16 | [1740, 838, 91w, 130h px]
[18:28:55] [INFO ]   Box 17 | [1792, 805, 91w, 130h px]
[18:28:55] [INFO ]   Box 18 | [1891, 845, 89w, 130h px]
[18:28:55] [INFO ]   Box 19 | [1949, 845, 92w, 128h px]
[18:28:55] [INFO ]   Box 20 | [2048, 839, 91w, 130h px]
[18:28:55] [INFO ]   Box 21 | [2256, 788, 100w, 130h px]
[18:28:55] [INFO ]   Box 22 | [2396, 826, 93w, 130h px]
[18:28:55] [INFO ]   Box 23 | [2470, 820, 88w, 130h px]
[18:28:55] [INFO ]   Box 24 | [2538, 809, 93w, 128h px]
[18:28:55] [INFO ]   Box 25 | [2589, 807, 92w, 128h px]
[18:28:55] [INFO ]   Box 26 | [2637, 793, 63w, 130h px]
[18:28:55] [INFO ]   Generated 26 boxes
[18:28:55] [INFO ]   Step 3 complete
[18:28:55] [INFO ] 
[18:28:55] [INFO ] STEP 4 — Dataset building
[18:28:55] [INFO ]   Saving labeled review image...
[18:28:56] [INFO ]   Saved: f688stk12_labeled.png
[18:28:56] [INFO ]   Split: val
[18:28:56] [INFO ]   Added 26 annotations to val.json
[18:28:56] [INFO ]   train.json: 135 images, 1238 annotations
[18:28:56] [INFO ]   val.json:   34 images,  309 annotations
[18:28:56] [INFO ]   Step 4 complete
[18:28:56] [INFO ] 
[18:28:56] [INFO ]   DONE  f688stk12  →  val  |  26 faults  |  26 boxes
[18:28:56] [INFO ] 
[18:28:56] [INFO ] ──────────────────────────────────────────────────
[18:28:56] [INFO ]   LINE: f688stk12a
[18:28:56] [INFO ] ──────────────────────────────────────────────────
[18:28:56] [INFO ] Dataset  : namss.F-6-88-HW.mcs.airgun
[18:28:56] [INFO ] SGY      : ../../airgun_data/namss.F-6-88-HW.mcs.airgun/Data/f688stk12a.sgy
[18:28:56] [INFO ] NAV      : ../../airgun_data/namss.F-6-88-HW.mcs.airgun/Navigation/f-6-88-hw_NAV-WGS84.csv
[18:28:56] [INFO ] SA mode  : single (seed=50)
[18:28:56] [INFO ] 
[18:28:56] [INFO ] STEP 1 — Feature extraction
[18:28:56] [INFO ]   Loading navigation...
[18:28:56] [INFO ]   Loading SEG-Y...
[18:28:56] [INFO ]   Traces: 665  Samples: 2750  dt: 4.000 ms
[18:28:56] [INFO ]   Depth:  0.0 m → 8247.0 m
[18:28:56] [INFO ]   Matching traces to navigation...
[18:28:56] [INFO ]   NAV line matched via translation: 'f688stk12a' -> '12A'
[18:28:56] [INFO ]   Matched 0 / 665 traces
[18:28:56] [ERROR] SKIPPING f688stk12a (namss.F-6-88-HW.mcs.airgun): No traces matched navigation — check line name vs NAV file.
[18:28:56] [ERROR]   Traceback (most recent call last):
[18:28:56] [ERROR]     File "/Users/lennylukach/Personal/School/CS4100/namss/pipeline/src/pipeline.py", line 848, in <module>
[18:28:56] [ERROR]       process_line(line, sgy_path, nav_path, dataset)
[18:28:56] [ERROR]     File "/Users/lennylukach/Personal/School/CS4100/namss/pipeline/src/pipeline.py", line 431, in process_line
[18:28:56] [ERROR]       raise RuntimeError(
[18:28:56] [ERROR]   RuntimeError: No traces matched navigation — check line name vs NAV file.
[18:28:56] [INFO ] 
[18:28:56] [INFO ] ──────────────────────────────────────────────────
[18:28:56] [INFO ]   LINE: f688stk13
[18:28:56] [INFO ] ──────────────────────────────────────────────────
[18:28:56] [INFO ] Dataset  : namss.F-6-88-HW.mcs.airgun
[18:28:56] [INFO ] SGY      : ../../airgun_data/namss.F-6-88-HW.mcs.airgun/Data/f688stk13.sgy
[18:28:56] [INFO ] NAV      : ../../airgun_data/namss.F-6-88-HW.mcs.airgun/Navigation/f-6-88-hw_NAV-WGS84.csv
[18:28:56] [INFO ] SA mode  : single (seed=50)
[18:28:56] [INFO ] 
[18:28:56] [INFO ] STEP 1 — Feature extraction
[18:28:56] [INFO ]   Loading navigation...
[18:28:56] [INFO ]   Loading SEG-Y...
[18:28:56] [INFO ]   Traces: 10743  Samples: 2750  dt: 4.000 ms
[18:28:56] [INFO ]   Depth:  0.0 m → 8247.0 m
[18:28:56] [INFO ]   Matching traces to navigation...
[18:28:56] [INFO ]   NAV line matched via translation: 'f688stk13' -> '13'
[18:28:57] [INFO ]   Matched 10743 / 10743 traces
[18:28:57] [INFO ]   Bandpass filtering...
[18:28:58] [INFO ]   Computing seismic attributes...
[18:28:59] [INFO ]   Picking seafloor...
[18:29:00] [INFO ]   Seafloor depth: 0–4962 m  (167 shallow traces masked)
[18:29:00] [INFO ]   Picking horizons...
[18:29:00] [INFO ]   Computing NCC coherence (slow)...
[18:29:01] [INFO ]   Saving CNN section image...
[18:29:03] [INFO ]   Saved: f688stk13_section_cnn.png  (2700x1500px)
[18:29:03] [INFO ]   Step 1 complete
[18:29:03] [INFO ] 
[18:29:03] [INFO ] STEP 2 — Fault detection
[18:29:03] [INFO ]   Mode: single SA run (seed=50)
[18:29:15] [INFO ]   Detected 24 high-confidence faults
[18:29:15] [INFO ]     Fault  1 | trace ~   28 | prob=0.634
[18:29:15] [INFO ]     Fault  2 | trace ~  368 | prob=0.643
[18:29:15] [INFO ]     Fault  3 | trace ~  689 | prob=0.695
[18:29:15] [INFO ]     Fault  4 | trace ~ 1066 | prob=0.701
[18:29:15] [INFO ]     Fault  5 | trace ~ 1450 | prob=0.702
[18:29:15] [INFO ]     Fault  6 | trace ~ 1718 | prob=0.646
[18:29:15] [INFO ]     Fault  7 | trace ~ 1984 | prob=0.659
[18:29:15] [INFO ]     Fault  8 | trace ~ 2205 | prob=0.659
[18:29:15] [INFO ]     Fault  9 | trace ~ 2615 | prob=0.664
[18:29:15] [INFO ]     Fault 10 | trace ~ 2987 | prob=0.634
[18:29:15] [INFO ]     Fault 11 | trace ~ 3685 | prob=0.634
[18:29:15] [INFO ]     Fault 12 | trace ~ 4091 | prob=0.644
[18:29:15] [INFO ]     Fault 13 | trace ~ 4301 | prob=0.663
[18:29:15] [INFO ]     Fault 14 | trace ~ 4608 | prob=0.656
[18:29:15] [INFO ]     Fault 15 | trace ~ 4946 | prob=0.698
[18:29:15] [INFO ]     Fault 16 | trace ~ 6255 | prob=0.641
[18:29:15] [INFO ]     Fault 17 | trace ~ 6944 | prob=0.676
[18:29:15] [INFO ]     Fault 18 | trace ~ 7514 | prob=0.668
[18:29:15] [INFO ]     Fault 19 | trace ~ 7807 | prob=0.625
[18:29:15] [INFO ]     Fault 20 | trace ~ 8592 | prob=0.655
[18:29:15] [INFO ]     Fault 21 | trace ~ 8834 | prob=0.678
[18:29:15] [INFO ]     Fault 22 | trace ~10041 | prob=0.674
[18:29:15] [INFO ]     Fault 23 | trace ~10393 | prob=0.712
[18:29:15] [INFO ]     Fault 24 | trace ~10713 | prob=0.749
[18:29:15] [INFO ]   Step 2 complete
[18:29:15] [INFO ] 
[18:29:15] [INFO ] STEP 3 — Bounding boxes
[18:29:15] [INFO ]   Box  1 | [0, 788, 57w, 122h px]
[18:29:15] [INFO ]   Box  2 | [46, 780, 95w, 130h px]
[18:29:15] [INFO ]   Box  3 | [127, 794, 91w, 125h px]
[18:29:15] [INFO ]   Box  4 | [224, 806, 90w, 128h px]
[18:29:15] [INFO ]   Box  5 | [318, 812, 92w, 130h px]
[18:29:15] [INFO ]   Box  6 | [383, 816, 96w, 128h px]
[18:29:15] [INFO ]   Box  7 | [453, 818, 90w, 128h px]
[18:29:15] [INFO ]   Box  8 | [506, 822, 93w, 130h px]
[18:29:15] [INFO ]   Box  9 | [612, 833, 91w, 128h px]
[18:29:15] [INFO ]   Box 10 | [702, 839, 97w, 128h px]
[18:29:15] [INFO ]   Box 11 | [877, 820, 97w, 136h px]
[18:29:15] [INFO ]   Box 12 | [983, 849, 91w, 128h px]
[18:29:15] [INFO ]   Box 13 | [1032, 852, 95w, 128h px]
[18:29:15] [INFO ]   Box 14 | [1112, 852, 93w, 130h px]
[18:29:15] [INFO ]   Box 15 | [1197, 848, 94w, 128h px]
[18:29:15] [INFO ]   Box 16 | [1527, 853, 90w, 128h px]
[18:29:15] [INFO ]   Box 17 | [1701, 853, 88w, 125h px]
[18:29:15] [INFO ]   Box 18 | [1839, 775, 99w, 133h px]
[18:29:15] [INFO ]   Box 19 | [1913, 870, 98w, 130h px]
[18:29:15] [INFO ]   Box 20 | [2115, 823, 91w, 133h px]
[18:29:15] [INFO ]   Box 21 | [2172, 820, 95w, 128h px]
[18:29:15] [INFO ]   Box 22 | [2477, 841, 94w, 130h px]
[18:29:15] [INFO ]   Box 23 | [2567, 651, 90w, 128h px]
[18:29:15] [INFO ]   Box 24 | [2646, 636, 54w, 122h px]
[18:29:15] [INFO ]   Generated 24 boxes
[18:29:15] [INFO ]   Step 3 complete
[18:29:15] [INFO ] 
[18:29:15] [INFO ] STEP 4 — Dataset building
[18:29:15] [INFO ]   Saving labeled review image...
[18:29:15] [INFO ]   Saved: f688stk13_labeled.png
[18:29:15] [INFO ]   Split: train
[18:29:15] [INFO ]   Added 24 annotations to train.json
[18:29:15] [INFO ]   train.json: 136 images, 1262 annotations
[18:29:15] [INFO ]   val.json:   34 images,  309 annotations
[18:29:15] [INFO ]   Step 4 complete
[18:29:15] [INFO ] 
[18:29:15] [INFO ]   DONE  f688stk13  →  train  |  24 faults  |  24 boxes
[18:29:15] [INFO ] 
[18:29:15] [INFO ] ──────────────────────────────────────────────────
[18:29:15] [INFO ]   LINE: f688stk14
[18:29:15] [INFO ] ──────────────────────────────────────────────────
[18:29:15] [INFO ] Dataset  : namss.F-6-88-HW.mcs.airgun
[18:29:15] [INFO ] SGY      : ../../airgun_data/namss.F-6-88-HW.mcs.airgun/Data/f688stk14.sgy
[18:29:15] [INFO ] NAV      : ../../airgun_data/namss.F-6-88-HW.mcs.airgun/Navigation/f-6-88-hw_NAV-WGS84.csv
[18:29:15] [INFO ] SA mode  : single (seed=50)
[18:29:15] [INFO ] 
[18:29:15] [INFO ] STEP 1 — Feature extraction
[18:29:15] [INFO ]   Loading navigation...
[18:29:15] [INFO ]   Loading SEG-Y...
[18:29:15] [INFO ]   Traces: 10761  Samples: 2750  dt: 4.000 ms
[18:29:15] [INFO ]   Depth:  0.0 m → 8247.0 m
[18:29:15] [INFO ]   Matching traces to navigation...
[18:29:15] [INFO ]   NAV line matched via translation: 'f688stk14' -> '14'
[18:29:16] [INFO ]   Matched 10761 / 10761 traces
[18:29:16] [INFO ]   Bandpass filtering...
[18:29:17] [INFO ]   Computing seismic attributes...
[18:29:18] [INFO ]   Picking seafloor...
[18:29:19] [INFO ]   Seafloor depth: 4062–5001 m  (0 shallow traces masked)
[18:29:19] [INFO ]   Picking horizons...
[18:29:19] [INFO ]   Computing NCC coherence (slow)...
[18:29:20] [INFO ]   Saving CNN section image...
[18:29:22] [INFO ]   Saved: f688stk14_section_cnn.png  (2700x1500px)
[18:29:22] [INFO ]   Step 1 complete
[18:29:22] [INFO ] 
[18:29:22] [INFO ] STEP 2 — Fault detection
[18:29:22] [INFO ]   Mode: single SA run (seed=50)
[18:32:30] [INFO ]   Detected 29 high-confidence faults
[18:32:30] [INFO ]     Fault  1 | trace ~   40 | prob=0.720
[18:32:30] [INFO ]     Fault  2 | trace ~  295 | prob=0.696
[18:32:30] [INFO ]     Fault  3 | trace ~  568 | prob=0.665
[18:32:30] [INFO ]     Fault  4 | trace ~  926 | prob=0.635
[18:32:30] [INFO ]     Fault  5 | trace ~ 1481 | prob=0.655
[18:32:30] [INFO ]     Fault  6 | trace ~ 1686 | prob=0.688
[18:32:30] [INFO ]     Fault  7 | trace ~ 2233 | prob=0.679
[18:32:30] [INFO ]     Fault  8 | trace ~ 2489 | prob=0.671
[18:32:30] [INFO ]     Fault  9 | trace ~ 2838 | prob=0.663
[18:32:30] [INFO ]     Fault 10 | trace ~ 3311 | prob=0.708
[18:32:30] [INFO ]     Fault 11 | trace ~ 3592 | prob=0.645
[18:32:30] [INFO ]     Fault 12 | trace ~ 3846 | prob=0.633
[18:32:30] [INFO ]     Fault 13 | trace ~ 4214 | prob=0.681
[18:32:30] [INFO ]     Fault 14 | trace ~ 4413 | prob=0.725
[18:32:30] [INFO ]     Fault 15 | trace ~ 4759 | prob=0.673
[18:32:30] [INFO ]     Fault 16 | trace ~ 5080 | prob=0.658
[18:32:30] [INFO ]     Fault 17 | trace ~ 5386 | prob=0.660
[18:32:30] [INFO ]     Fault 18 | trace ~ 5761 | prob=0.660
[18:32:30] [INFO ]     Fault 19 | trace ~ 6055 | prob=0.690
[18:32:30] [INFO ]     Fault 20 | trace ~ 6790 | prob=0.671
[18:32:30] [INFO ]     Fault 21 | trace ~ 7071 | prob=0.658
[18:32:30] [INFO ]     Fault 22 | trace ~ 7346 | prob=0.677
[18:32:30] [INFO ]     Fault 23 | trace ~ 7680 | prob=0.726
[18:32:30] [INFO ]     Fault 24 | trace ~ 8070 | prob=0.625
[18:32:30] [INFO ]     Fault 25 | trace ~ 8295 | prob=0.677
[18:32:30] [INFO ]     Fault 26 | trace ~ 8702 | prob=0.668
[18:32:30] [INFO ]     Fault 27 | trace ~ 9205 | prob=0.718
[18:32:30] [INFO ]     Fault 28 | trace ~ 9461 | prob=0.668
[18:32:30] [INFO ]     Fault 29 | trace ~10591 | prob=0.668
[18:32:30] [INFO ]   Step 2 complete
[18:32:30] [INFO ] 
[18:32:30] [INFO ] STEP 3 — Bounding boxes
[18:32:30] [INFO ]   Box  1 | [0, 897, 58w, 125h px]
[18:32:30] [INFO ]   Box  2 | [27, 897, 95w, 125h px]
[18:32:30] [INFO ]   Box  3 | [96, 896, 93w, 128h px]
[18:32:30] [INFO ]   Box  4 | [182, 897, 101w, 130h px]
[18:32:30] [INFO ]   Box  5 | [321, 886, 99w, 128h px]
[18:32:30] [INFO ]   Box  6 | [376, 883, 95w, 133h px]
[18:32:30] [INFO ]   Box  7 | [514, 885, 91w, 133h px]
[18:32:30] [INFO ]   Box  8 | [574, 888, 99w, 128h px]
[18:32:30] [INFO ]   Box  9 | [665, 886, 91w, 128h px]
[18:32:30] [INFO ]   Box 10 | [787, 865, 91w, 128h px]
[18:32:30] [INFO ]   Box 11 | [854, 833, 97w, 136h px]
[18:32:30] [INFO ]   Box 12 | [918, 883, 92w, 128h px]
[18:32:30] [INFO ]   Box 13 | [1012, 877, 94w, 128h px]
[18:32:30] [INFO ]   Box 14 | [1060, 879, 93w, 128h px]
[18:32:30] [INFO ]   Box 15 | [1148, 881, 96w, 128h px]
[18:32:30] [INFO ]   Box 16 | [1229, 856, 96w, 139h px]
[18:32:30] [INFO ]   Box 17 | [1302, 874, 97w, 130h px]
[18:32:30] [INFO ]   Box 18 | [1400, 866, 92w, 130h px]
[18:32:30] [INFO ]   Box 19 | [1472, 857, 93w, 125h px]
[18:32:30] [INFO ]   Box 20 | [1659, 797, 93w, 136h px]
[18:32:30] [INFO ]   Box 21 | [1728, 847, 91w, 128h px]
[18:32:30] [INFO ]   Box 22 | [1796, 841, 92w, 133h px]
[18:32:30] [INFO ]   Box 23 | [1881, 796, 90w, 130h px]
[18:32:30] [INFO ]   Box 24 | [1978, 852, 97w, 125h px]
[18:32:30] [INFO ]   Box 25 | [2034, 851, 96w, 133h px]
[18:32:30] [INFO ]   Box 26 | [2139, 853, 92w, 128h px]
[18:32:30] [INFO ]   Box 27 | [2263, 783, 92w, 139h px]
[18:32:30] [INFO ]   Box 28 | [2330, 851, 95w, 130h px]
[18:32:30] [INFO ]   Box 29 | [2613, 833, 87w, 125h px]
[18:32:30] [INFO ]   Generated 29 boxes
[18:32:30] [INFO ]   Step 3 complete
[18:32:30] [INFO ] 
[18:32:30] [INFO ] STEP 4 — Dataset building
[18:32:30] [INFO ]   Saving labeled review image...
[18:32:30] [INFO ]   Saved: f688stk14_labeled.png
[18:32:30] [INFO ]   Split: train
[18:32:30] [INFO ]   Added 29 annotations to train.json
[18:32:30] [INFO ]   train.json: 137 images, 1291 annotations
[18:32:30] [INFO ]   val.json:   34 images,  309 annotations
[18:32:30] [INFO ]   Step 4 complete
[18:32:30] [INFO ] 
[18:32:30] [INFO ]   DONE  f688stk14  →  train  |  29 faults  |  29 boxes
[18:32:30] [INFO ] 
[18:32:30] [INFO ] ──────────────────────────────────────────────────
[18:32:30] [INFO ]   LINE: f688stk14a
[18:32:30] [INFO ] ──────────────────────────────────────────────────
[18:32:30] [INFO ] Dataset  : namss.F-6-88-HW.mcs.airgun
[18:32:30] [INFO ] SGY      : ../../airgun_data/namss.F-6-88-HW.mcs.airgun/Data/f688stk14a.sgy
[18:32:30] [INFO ] NAV      : ../../airgun_data/namss.F-6-88-HW.mcs.airgun/Navigation/f-6-88-hw_NAV-WGS84.csv
[18:32:30] [INFO ] SA mode  : single (seed=50)
[18:32:30] [INFO ] 
[18:32:30] [INFO ] STEP 1 — Feature extraction
[18:32:30] [INFO ]   Loading navigation...
[18:32:30] [INFO ]   Loading SEG-Y...
[18:32:30] [INFO ]   Traces: 684  Samples: 2750  dt: 4.000 ms
[18:32:30] [INFO ]   Depth:  0.0 m → 8247.0 m
[18:32:30] [INFO ]   Matching traces to navigation...
[18:32:30] [INFO ]   NAV line matched via translation: 'f688stk14a' -> '14A'
[18:32:30] [INFO ]   Matched 0 / 684 traces
[18:32:30] [ERROR] SKIPPING f688stk14a (namss.F-6-88-HW.mcs.airgun): No traces matched navigation — check line name vs NAV file.
[18:32:30] [ERROR]   Traceback (most recent call last):
[18:32:30] [ERROR]     File "/Users/lennylukach/Personal/School/CS4100/namss/pipeline/src/pipeline.py", line 848, in <module>
[18:32:30] [ERROR]       process_line(line, sgy_path, nav_path, dataset)
[18:32:30] [ERROR]     File "/Users/lennylukach/Personal/School/CS4100/namss/pipeline/src/pipeline.py", line 431, in process_line
[18:32:30] [ERROR]       raise RuntimeError(
[18:32:30] [ERROR]   RuntimeError: No traces matched navigation — check line name vs NAV file.
[18:32:30] [INFO ] 
[18:32:30] [INFO ] ──────────────────────────────────────────────────
[18:32:30] [INFO ]   LINE: f688stk15
[18:32:30] [INFO ] ──────────────────────────────────────────────────
[18:32:30] [INFO ] Dataset  : namss.F-6-88-HW.mcs.airgun
[18:32:30] [INFO ] SGY      : ../../airgun_data/namss.F-6-88-HW.mcs.airgun/Data/f688stk15.sgy
[18:32:30] [INFO ] NAV      : ../../airgun_data/namss.F-6-88-HW.mcs.airgun/Navigation/f-6-88-hw_NAV-WGS84.csv
[18:32:30] [INFO ] SA mode  : single (seed=50)
[18:32:30] [INFO ] 
[18:32:30] [INFO ] STEP 1 — Feature extraction
[18:32:30] [INFO ]   Loading navigation...
[18:32:30] [INFO ]   Loading SEG-Y...
[18:32:30] [INFO ]   Traces: 10196  Samples: 2750  dt: 4.000 ms
[18:32:30] [INFO ]   Depth:  0.0 m → 8247.0 m
[18:32:30] [INFO ]   Matching traces to navigation...
[18:32:30] [INFO ]   NAV line matched via translation: 'f688stk15' -> '15'
[18:32:31] [INFO ]   Matched 10196 / 10196 traces
[18:32:31] [INFO ]   Bandpass filtering...
[18:32:32] [INFO ]   Computing seismic attributes...
[18:32:33] [INFO ]   Picking seafloor...
[18:32:34] [INFO ]   Seafloor depth: 4173–5016 m  (0 shallow traces masked)
[18:32:34] [INFO ]   Picking horizons...
[18:32:34] [INFO ]   Computing NCC coherence (slow)...
[18:32:35] [INFO ]   Saving CNN section image...
[18:32:37] [INFO ]   Saved: f688stk15_section_cnn.png  (2700x1500px)
[18:32:37] [INFO ]   Step 1 complete
[18:32:37] [INFO ] 
[18:32:37] [INFO ] STEP 2 — Fault detection
[18:32:37] [INFO ]   Mode: single SA run (seed=50)
[18:32:48] [INFO ]   Detected 24 high-confidence faults
[18:32:48] [INFO ]     Fault  1 | trace ~  103 | prob=0.691
[18:32:48] [INFO ]     Fault  2 | trace ~  361 | prob=0.694
[18:32:48] [INFO ]     Fault  3 | trace ~  566 | prob=0.721
[18:32:48] [INFO ]     Fault  4 | trace ~  872 | prob=0.671
[18:32:48] [INFO ]     Fault  5 | trace ~ 1180 | prob=0.639
[18:32:48] [INFO ]     Fault  6 | trace ~ 1415 | prob=0.673
[18:32:48] [INFO ]     Fault  7 | trace ~ 1905 | prob=0.652
[18:32:48] [INFO ]     Fault  8 | trace ~ 2323 | prob=0.652
[18:32:48] [INFO ]     Fault  9 | trace ~ 2691 | prob=0.668
[18:32:48] [INFO ]     Fault 10 | trace ~ 3900 | prob=0.621
[18:32:48] [INFO ]     Fault 11 | trace ~ 4407 | prob=0.668
[18:32:48] [INFO ]     Fault 12 | trace ~ 4820 | prob=0.656
[18:32:48] [INFO ]     Fault 13 | trace ~ 5209 | prob=0.663
[18:32:48] [INFO ]     Fault 14 | trace ~ 5427 | prob=0.640
[18:32:48] [INFO ]     Fault 15 | trace ~ 5734 | prob=0.667
[18:32:48] [INFO ]     Fault 16 | trace ~ 6410 | prob=0.685
[18:32:48] [INFO ]     Fault 17 | trace ~ 6796 | prob=0.677
[18:32:48] [INFO ]     Fault 18 | trace ~ 7255 | prob=0.666
[18:32:48] [INFO ]     Fault 19 | trace ~ 8452 | prob=0.628
[18:32:48] [INFO ]     Fault 20 | trace ~ 8910 | prob=0.623
[18:32:48] [INFO ]     Fault 21 | trace ~ 9124 | prob=0.695
[18:32:48] [INFO ]     Fault 22 | trace ~ 9412 | prob=0.661
[18:32:48] [INFO ]     Fault 23 | trace ~ 9687 | prob=0.713
[18:32:48] [INFO ]     Fault 24 | trace ~ 9984 | prob=0.768
[18:32:48] [INFO ]   Step 2 complete
[18:32:48] [INFO ] 
[18:32:48] [INFO ] STEP 3 — Bounding boxes
[18:32:48] [INFO ]   Box  1 | [0, 809, 77w, 130h px]
[18:32:48] [INFO ]   Box  2 | [48, 770, 95w, 133h px]
[18:32:48] [INFO ]   Box  3 | [102, 814, 101w, 130h px]
[18:32:48] [INFO ]   Box  4 | [186, 823, 90w, 130h px]
[18:32:48] [INFO ]   Box  5 | [268, 825, 91w, 128h px]
[18:32:48] [INFO ]   Box  6 | [325, 829, 100w, 128h px]
[18:32:48] [INFO ]   Box  7 | [457, 830, 93w, 128h px]
[18:32:48] [INFO ]   Box  8 | [570, 838, 90w, 130h px]
[18:32:48] [INFO ]   Box  9 | [666, 815, 95w, 125h px]
[18:32:48] [INFO ]   Box 10 | [988, 857, 92w, 130h px]
[18:32:48] [INFO ]   Box 11 | [1117, 828, 99w, 128h px]
[18:32:48] [INFO ]   Box 12 | [1228, 858, 97w, 125h px]
[18:32:48] [INFO ]   Box 13 | [1334, 860, 92w, 133h px]
[18:32:48] [INFO ]   Box 14 | [1384, 865, 99w, 128h px]
[18:32:48] [INFO ]   Box 15 | [1469, 865, 95w, 130h px]
[18:32:48] [INFO ]   Box 16 | [1651, 868, 91w, 130h px]
[18:32:48] [INFO ]   Box 17 | [1753, 871, 94w, 125h px]
[18:32:48] [INFO ]   Box 18 | [1876, 877, 91w, 130h px]
[18:32:48] [INFO ]   Box 19 | [2190, 876, 99w, 130h px]
[18:32:48] [INFO ]   Box 20 | [2311, 871, 96w, 128h px]
[18:32:48] [INFO ]   Box 21 | [2369, 897, 95w, 128h px]
[18:32:48] [INFO ]   Box 22 | [2445, 875, 96w, 130h px]
[18:32:48] [INFO ]   Box 23 | [2516, 868, 101w, 130h px]
[18:32:48] [INFO ]   Box 24 | [2598, 871, 95w, 128h px]
[18:32:48] [INFO ]   Generated 24 boxes
[18:32:48] [INFO ]   Step 3 complete
[18:32:48] [INFO ] 
[18:32:48] [INFO ] STEP 4 — Dataset building
[18:32:48] [INFO ]   Saving labeled review image...
[18:32:48] [INFO ]   Saved: f688stk15_labeled.png
[18:32:48] [INFO ]   Split: val
[18:32:48] [INFO ]   Added 24 annotations to val.json
[18:32:48] [INFO ]   train.json: 137 images, 1291 annotations
[18:32:48] [INFO ]   val.json:   35 images,  333 annotations
[18:32:48] [INFO ]   Step 4 complete
[18:32:48] [INFO ] 
[18:32:48] [INFO ]   DONE  f688stk15  →  val  |  24 faults  |  24 boxes
[18:32:48] [INFO ] 
[18:32:48] [INFO ] ──────────────────────────────────────────────────
[18:32:48] [INFO ]   LINE: f688stk16
[18:32:48] [INFO ] ──────────────────────────────────────────────────
[18:32:48] [INFO ] Dataset  : namss.F-6-88-HW.mcs.airgun
[18:32:48] [INFO ] SGY      : ../../airgun_data/namss.F-6-88-HW.mcs.airgun/Data/f688stk16.sgy
[18:32:48] [INFO ] NAV      : ../../airgun_data/namss.F-6-88-HW.mcs.airgun/Navigation/f-6-88-hw_NAV-WGS84.csv
[18:32:48] [INFO ] SA mode  : single (seed=50)
[18:32:48] [INFO ] 
[18:32:48] [INFO ] STEP 1 — Feature extraction
[18:32:48] [INFO ]   Loading navigation...
[18:32:48] [INFO ]   Loading SEG-Y...
[18:32:48] [INFO ]   Traces: 10764  Samples: 2750  dt: 4.000 ms
[18:32:48] [INFO ]   Depth:  0.0 m → 8247.0 m
[18:32:48] [INFO ]   Matching traces to navigation...
[18:32:48] [INFO ]   NAV line matched via translation: 'f688stk16' -> '16'
[18:32:49] [INFO ]   Matched 10764 / 10764 traces
[18:32:49] [INFO ]   Bandpass filtering...
[18:32:50] [INFO ]   Computing seismic attributes...
[18:32:51] [INFO ]   Picking seafloor...
[18:32:52] [INFO ]   Seafloor depth: 2712–5073 m  (0 shallow traces masked)
[18:32:52] [INFO ]   Picking horizons...
[18:32:52] [INFO ]   Computing NCC coherence (slow)...
[18:32:53] [INFO ]   Saving CNN section image...
[18:32:56] [INFO ]   Saved: f688stk16_section_cnn.png  (2700x1500px)
[18:32:56] [INFO ]   Step 1 complete
[18:32:56] [INFO ] 
[18:32:56] [INFO ] STEP 2 — Fault detection
[18:32:56] [INFO ]   Mode: single SA run (seed=50)
[18:33:08] [INFO ]   Detected 23 high-confidence faults
[18:33:08] [INFO ]     Fault  1 | trace ~   14 | prob=0.641
[18:33:08] [INFO ]     Fault  2 | trace ~  707 | prob=0.634
[18:33:08] [INFO ]     Fault  3 | trace ~ 1196 | prob=0.657
[18:33:08] [INFO ]     Fault  4 | trace ~ 1461 | prob=0.632
[18:33:08] [INFO ]     Fault  5 | trace ~ 2116 | prob=0.662
[18:33:08] [INFO ]     Fault  6 | trace ~ 2466 | prob=0.663
[18:33:08] [INFO ]     Fault  7 | trace ~ 3028 | prob=0.660
[18:33:08] [INFO ]     Fault  8 | trace ~ 3328 | prob=0.689
[18:33:08] [INFO ]     Fault  9 | trace ~ 3646 | prob=0.627
[18:33:08] [INFO ]     Fault 10 | trace ~ 4742 | prob=0.643
[18:33:08] [INFO ]     Fault 11 | trace ~ 5239 | prob=0.678
[18:33:08] [INFO ]     Fault 12 | trace ~ 5563 | prob=0.640
[18:33:08] [INFO ]     Fault 13 | trace ~ 6760 | prob=0.609
[18:33:08] [INFO ]     Fault 14 | trace ~ 7782 | prob=0.630
[18:33:08] [INFO ]     Fault 15 | trace ~ 8677 | prob=0.684
[18:33:08] [INFO ]     Fault 16 | trace ~ 8989 | prob=0.684
[18:33:08] [INFO ]     Fault 17 | trace ~ 9189 | prob=0.700
[18:33:08] [INFO ]     Fault 18 | trace ~ 9427 | prob=0.658
[18:33:08] [INFO ]     Fault 19 | trace ~ 9669 | prob=0.659
[18:33:08] [INFO ]     Fault 20 | trace ~ 9881 | prob=0.581
[18:33:08] [INFO ]     Fault 21 | trace ~10116 | prob=0.677
[18:33:08] [INFO ]     Fault 22 | trace ~10393 | prob=0.667
[18:33:08] [INFO ]     Fault 23 | trace ~10611 | prob=0.658
[18:33:08] [INFO ]   Step 2 complete
[18:33:08] [INFO ] 
[18:33:08] [INFO ] STEP 3 — Bounding boxes
[18:33:08] [INFO ]   Box  1 | [0, 854, 48w, 130h px]
[18:33:08] [INFO ]   Box  2 | [129, 877, 95w, 125h px]
[18:33:08] [INFO ]   Box  3 | [252, 884, 96w, 125h px]
[18:33:08] [INFO ]   Box  4 | [320, 899, 93w, 128h px]
[18:33:08] [INFO ]   Box  5 | [486, 869, 91w, 128h px]
[18:33:08] [INFO ]   Box  6 | [568, 538, 101w, 130h px]
[18:33:08] [INFO ]   Box  7 | [715, 784, 89w, 125h px]
[18:33:08] [INFO ]   Box  8 | [790, 903, 92w, 128h px]
[18:33:08] [INFO ]   Box  9 | [866, 893, 94w, 136h px]
[18:33:08] [INFO ]   Box 10 | [1141, 835, 96w, 136h px]
[18:33:08] [INFO ]   Box 11 | [1268, 805, 91w, 128h px]
[18:33:08] [INFO ]   Box 12 | [1349, 871, 92w, 133h px]
[18:33:08] [INFO ]   Box 13 | [1645, 864, 96w, 128h px]
[18:33:08] [INFO ]   Box 14 | [1907, 852, 90w, 128h px]
[18:33:08] [INFO ]   Box 15 | [2131, 839, 94w, 130h px]
[18:33:08] [INFO ]   Box 16 | [2207, 844, 93w, 128h px]
[18:33:08] [INFO ]   Box 17 | [2246, 832, 104w, 130h px]
[18:33:08] [INFO ]   Box 18 | [2319, 826, 91w, 128h px]
[18:33:08] [INFO ]   Box 19 | [2382, 818, 87w, 128h px]
[18:33:08] [INFO ]   Box 20 | [2429, 701, 99w, 128h px]
[18:33:08] [INFO ]   Box 21 | [2491, 784, 92w, 125h px]
[18:33:08] [INFO ]   Box 22 | [2563, 826, 89w, 128h px]
[18:33:08] [INFO ]   Box 23 | [2614, 826, 86w, 125h px]
[18:33:08] [INFO ]   Generated 23 boxes
[18:33:08] [INFO ]   Step 3 complete
[18:33:08] [INFO ] 
[18:33:08] [INFO ] STEP 4 — Dataset building
[18:33:08] [INFO ]   Saving labeled review image...
[18:33:09] [INFO ]   Saved: f688stk16_labeled.png
[18:33:09] [INFO ]   Split: train
[18:33:09] [INFO ]   Added 23 annotations to train.json
[18:33:09] [INFO ]   train.json: 138 images, 1314 annotations
[18:33:09] [INFO ]   val.json:   35 images,  333 annotations
[18:33:09] [INFO ]   Step 4 complete
[18:33:09] [INFO ] 
[18:33:09] [INFO ]   DONE  f688stk16  →  train  |  23 faults  |  23 boxes
[18:33:09] [INFO ] 
[18:33:09] [INFO ] ──────────────────────────────────────────────────
[18:33:09] [INFO ]   LINE: f688stk16a
[18:33:09] [INFO ] ──────────────────────────────────────────────────
[18:33:09] [INFO ] Dataset  : namss.F-6-88-HW.mcs.airgun
[18:33:09] [INFO ] SGY      : ../../airgun_data/namss.F-6-88-HW.mcs.airgun/Data/f688stk16a.sgy
[18:33:09] [INFO ] NAV      : ../../airgun_data/namss.F-6-88-HW.mcs.airgun/Navigation/f-6-88-hw_NAV-WGS84.csv
[18:33:09] [INFO ] SA mode  : single (seed=50)
[18:33:09] [INFO ] 
[18:33:09] [INFO ] STEP 1 — Feature extraction
[18:33:09] [INFO ]   Loading navigation...
[18:33:09] [INFO ]   Loading SEG-Y...
[18:33:09] [INFO ]   Traces: 703  Samples: 2750  dt: 4.000 ms
[18:33:09] [INFO ]   Depth:  0.0 m → 8247.0 m
[18:33:09] [INFO ]   Matching traces to navigation...
[18:33:09] [INFO ]   NAV line matched via translation: 'f688stk16a' -> '16A'
[18:33:09] [INFO ]   Matched 0 / 703 traces
[18:33:09] [ERROR] SKIPPING f688stk16a (namss.F-6-88-HW.mcs.airgun): No traces matched navigation — check line name vs NAV file.
[18:33:09] [ERROR]   Traceback (most recent call last):
[18:33:09] [ERROR]     File "/Users/lennylukach/Personal/School/CS4100/namss/pipeline/src/pipeline.py", line 848, in <module>
[18:33:09] [ERROR]       process_line(line, sgy_path, nav_path, dataset)
[18:33:09] [ERROR]     File "/Users/lennylukach/Personal/School/CS4100/namss/pipeline/src/pipeline.py", line 431, in process_line
[18:33:09] [ERROR]       raise RuntimeError(
[18:33:09] [ERROR]   RuntimeError: No traces matched navigation — check line name vs NAV file.
[18:33:09] [INFO ] 
[18:33:09] [INFO ] ──────────────────────────────────────────────────
[18:33:09] [INFO ]   LINE: f688stk17
[18:33:09] [INFO ] ──────────────────────────────────────────────────
[18:33:09] [INFO ] Dataset  : namss.F-6-88-HW.mcs.airgun
[18:33:09] [INFO ] SGY      : ../../airgun_data/namss.F-6-88-HW.mcs.airgun/Data/f688stk17.sgy
[18:33:09] [INFO ] NAV      : ../../airgun_data/namss.F-6-88-HW.mcs.airgun/Navigation/f-6-88-hw_NAV-WGS84.csv
[18:33:09] [INFO ] SA mode  : single (seed=50)
[18:33:09] [INFO ] 
[18:33:09] [INFO ] STEP 1 — Feature extraction
[18:33:09] [INFO ]   Loading navigation...
[18:33:09] [INFO ]   Loading SEG-Y...
[18:33:09] [INFO ]   Traces: 10831  Samples: 2750  dt: 4.000 ms
[18:33:09] [INFO ]   Depth:  0.0 m → 8247.0 m
[18:33:09] [INFO ]   Matching traces to navigation...
[18:33:09] [INFO ]   NAV line matched via translation: 'f688stk17' -> '17'
[18:33:10] [INFO ]   Matched 10831 / 10831 traces
[18:33:10] [INFO ]   Bandpass filtering...
[18:33:11] [INFO ]   Computing seismic attributes...
[18:33:12] [INFO ]   Picking seafloor...
[18:33:13] [INFO ]   Seafloor depth: 0–5091 m  (235 shallow traces masked)
[18:33:13] [INFO ]   Picking horizons...
[18:33:13] [INFO ]   Computing NCC coherence (slow)...
[18:33:14] [INFO ]   Saving CNN section image...
[18:33:19] [INFO ]   Saved: f688stk17_section_cnn.png  (2700x1500px)
[18:33:19] [INFO ]   Step 1 complete
[18:33:19] [INFO ] 
[18:33:19] [INFO ] STEP 2 — Fault detection
[18:33:19] [INFO ]   Mode: single SA run (seed=50)
[18:33:52] [INFO ]   Detected 26 high-confidence faults
[18:33:52] [INFO ]     Fault  1 | trace ~   17 | prob=0.679
[18:33:52] [INFO ]     Fault  2 | trace ~  509 | prob=0.729
[18:33:52] [INFO ]     Fault  3 | trace ~  844 | prob=0.654
[18:33:52] [INFO ]     Fault  4 | trace ~ 1037 | prob=0.658
[18:33:52] [INFO ]     Fault  5 | trace ~ 1327 | prob=0.670
[18:33:52] [INFO ]     Fault  6 | trace ~ 1740 | prob=0.677
[18:33:52] [INFO ]     Fault  7 | trace ~ 2044 | prob=0.685
[18:33:52] [INFO ]     Fault  8 | trace ~ 2310 | prob=0.693
[18:33:52] [INFO ]     Fault  9 | trace ~ 3225 | prob=0.690
[18:33:52] [INFO ]     Fault 10 | trace ~ 3619 | prob=0.652
[18:33:52] [INFO ]     Fault 11 | trace ~ 4019 | prob=0.665
[18:33:52] [INFO ]     Fault 12 | trace ~ 5395 | prob=0.657
[18:33:52] [INFO ]     Fault 13 | trace ~ 5851 | prob=0.638
[18:33:52] [INFO ]     Fault 14 | trace ~ 6087 | prob=0.650
[18:33:52] [INFO ]     Fault 15 | trace ~ 7133 | prob=0.717
[18:33:52] [INFO ]     Fault 16 | trace ~ 7535 | prob=0.677
[18:33:52] [INFO ]     Fault 17 | trace ~ 7919 | prob=0.679
[18:33:52] [INFO ]     Fault 18 | trace ~ 8116 | prob=0.658
[18:33:52] [INFO ]     Fault 19 | trace ~ 8373 | prob=0.711
[18:33:52] [INFO ]     Fault 20 | trace ~ 8616 | prob=0.653
[18:33:52] [INFO ]     Fault 21 | trace ~ 9249 | prob=0.636
[18:33:52] [INFO ]     Fault 22 | trace ~ 9633 | prob=0.659
[18:33:52] [INFO ]     Fault 23 | trace ~10065 | prob=0.667
[18:33:52] [INFO ]     Fault 24 | trace ~10297 | prob=0.707
[18:33:52] [INFO ]     Fault 25 | trace ~10594 | prob=0.640
[18:33:52] [INFO ]     Fault 26 | trace ~10798 | prob=0.643
[18:33:52] [INFO ]   Step 2 complete
[18:33:52] [INFO ] 
[18:33:52] [INFO ] STEP 3 — Bounding boxes
[18:33:52] [INFO ]   Box  1 | [0, 559, 52w, 130h px]
[18:33:52] [INFO ]   Box  2 | [75, 839, 98w, 128h px]
[18:33:52] [INFO ]   Box  3 | [164, 803, 95w, 119h px]
[18:33:52] [INFO ]   Box  4 | [209, 748, 95w, 133h px]
[18:33:52] [INFO ]   Box  5 | [284, 829, 92w, 125h px]
[18:33:52] [INFO ]   Box  6 | [388, 690, 93w, 122h px]
[18:33:52] [INFO ]   Box  7 | [463, 851, 96w, 128h px]
[18:33:52] [INFO ]   Box  8 | [525, 861, 99w, 130h px]
[18:33:52] [INFO ]   Box  9 | [760, 865, 89w, 125h px]
[18:33:52] [INFO ]   Box 10 | [858, 871, 90w, 128h px]
[18:33:52] [INFO ]   Box 11 | [954, 875, 94w, 130h px]
[18:33:52] [INFO ]   Box 12 | [1298, 880, 94w, 130h px]
[18:33:52] [INFO ]   Box 13 | [1414, 871, 89w, 125h px]
[18:33:52] [INFO ]   Box 14 | [1468, 831, 96w, 147h px]
[18:33:52] [INFO ]   Box 15 | [1735, 767, 86w, 136h px]
[18:33:52] [INFO ]   Box 16 | [1835, 665, 88w, 130h px]
[18:33:52] [INFO ]   Box 17 | [1929, 481, 91w, 141h px]
[18:33:52] [INFO ]   Box 18 | [1977, 638, 91w, 130h px]
[18:33:52] [INFO ]   Box 19 | [2042, 858, 92w, 125h px]
[18:33:52] [INFO ]   Box 20 | [2098, 906, 96w, 128h px]
[18:33:52] [INFO ]   Box 21 | [2260, 901, 89w, 128h px]
[18:33:52] [INFO ]   Box 22 | [2356, 879, 92w, 130h px]
[18:33:52] [INFO ]   Box 23 | [2463, 861, 91w, 128h px]
[18:33:52] [INFO ]   Box 24 | [2520, 875, 95w, 125h px]
[18:33:52] [INFO ]   Box 25 | [2593, 872, 96w, 133h px]
[18:33:52] [INFO ]   Box 26 | [2648, 890, 52w, 122h px]
[18:33:52] [INFO ]   Generated 26 boxes
[18:33:52] [INFO ]   Step 3 complete
[18:33:52] [INFO ] 
[18:33:52] [INFO ] STEP 4 — Dataset building
[18:33:52] [INFO ]   Saving labeled review image...
[18:33:53] [INFO ]   Saved: f688stk17_labeled.png
[18:33:53] [INFO ]   Split: train
[18:33:53] [INFO ]   Added 26 annotations to train.json
[18:33:53] [INFO ]   train.json: 139 images, 1340 annotations
[18:33:53] [INFO ]   val.json:   35 images,  333 annotations
[18:33:53] [INFO ]   Step 4 complete
[18:33:53] [INFO ] 
[18:33:53] [INFO ]   DONE  f688stk17  →  train  |  26 faults  |  26 boxes
[18:33:53] [INFO ] 
[18:33:53] [INFO ] ──────────────────────────────────────────────────
[18:33:53] [INFO ]   LINE: 201wg82stk
[18:33:53] [INFO ] ──────────────────────────────────────────────────
[18:33:53] [INFO ] Dataset  : namss.L-12-82-WG.mcs.airgun
[18:33:53] [INFO ] SGY      : ../../airgun_data/namss.L-12-82-WG.mcs.airgun/Data/201wg82stk.sgy
[18:33:53] [INFO ] NAV      : ../../airgun_data/namss.L-12-82-WG.mcs.airgun/Navigation/l-12-82-wg_NAV-WGS84.csv
[18:33:53] [INFO ] SA mode  : single (seed=50)
[18:33:53] [INFO ] 
[18:33:53] [INFO ] STEP 1 — Feature extraction
[18:33:53] [INFO ]   Loading navigation...
[18:33:53] [INFO ]   Loading SEG-Y...
[18:33:53] [INFO ]   Traces: 3304  Samples: 3500  dt: 4.000 ms
[18:33:53] [INFO ]   Depth:  0.0 m → 10497.0 m
[18:33:53] [INFO ]   Matching traces to navigation...
[18:33:53] [INFO ]   NAV line matched via translation: '201wg82stk' -> '201'
[18:33:55] [INFO ]   Matched 2556 / 3304 traces
[18:33:55] [INFO ]   Bandpass filtering...
[18:33:56] [INFO ]   Computing seismic attributes...
[18:33:58] [INFO ]   Picking seafloor...
[18:33:59] [INFO ]   Seafloor depth: 33–6957 m  (782 shallow traces masked)
[18:33:59] [INFO ]   Picking horizons...
[18:34:00] [INFO ]   Computing NCC coherence (slow)...
[18:34:01] [INFO ]   Saving CNN section image...
[18:34:05] [INFO ]   Saved: 201wg82stk_section_cnn.png  (2700x1500px)
[18:34:05] [INFO ]   Step 1 complete
[18:34:05] [INFO ] 
[18:34:05] [INFO ] STEP 2 — Fault detection
[18:34:05] [INFO ]   Mode: single SA run (seed=50)
[18:34:18] [INFO ]   Detected 4 high-confidence faults
[18:34:18] [INFO ]     Fault  1 | trace ~  745 | prob=0.809
[18:34:18] [INFO ]     Fault  2 | trace ~  943 | prob=0.693
[18:34:18] [INFO ]     Fault  3 | trace ~ 1222 | prob=0.691
[18:34:18] [INFO ]     Fault  4 | trace ~ 2206 | prob=0.637
[18:34:18] [INFO ]   Step 2 complete
[18:34:18] [INFO ] 
[18:34:18] [INFO ] STEP 3 — Bounding boxes
[18:34:18] [INFO ]   Box  1 | [700, 51, 180w, 153h px]
[18:34:18] [INFO ]   Box  2 | [889, 195, 223w, 108h px]
[18:34:18] [INFO ]   Box  3 | [1221, 383, 147w, 101h px]
[18:34:18] [INFO ]   Box  4 | [2254, 970, 176w, 110h px]
[18:34:18] [INFO ]   Generated 4 boxes
[18:34:18] [INFO ]   Step 3 complete
[18:34:18] [INFO ] 
[18:34:18] [INFO ] STEP 4 — Dataset building
[18:34:18] [INFO ]   Saving labeled review image...
[18:34:19] [INFO ]   Saved: 201wg82stk_labeled.png
[18:34:19] [INFO ]   Split: train
[18:34:19] [INFO ]   Added 4 annotations to train.json
[18:34:19] [INFO ]   train.json: 140 images, 1344 annotations
[18:34:19] [INFO ]   val.json:   35 images,  333 annotations
[18:34:19] [INFO ]   Step 4 complete
[18:34:19] [INFO ] 
[18:34:19] [INFO ]   DONE  201wg82stk  →  train  |  4 faults  |  4 boxes
[18:34:19] [INFO ] 
[18:34:19] [INFO ] ──────────────────────────────────────────────────
[18:34:19] [INFO ]   LINE: 202wg82stk
[18:34:19] [INFO ] ──────────────────────────────────────────────────
[18:34:19] [INFO ] Dataset  : namss.L-12-82-WG.mcs.airgun
[18:34:19] [INFO ] SGY      : ../../airgun_data/namss.L-12-82-WG.mcs.airgun/Data/202wg82stk.sgy
[18:34:19] [INFO ] NAV      : ../../airgun_data/namss.L-12-82-WG.mcs.airgun/Navigation/l-12-82-wg_NAV-WGS84.csv
[18:34:19] [INFO ] SA mode  : single (seed=50)
[18:34:19] [INFO ] 
[18:34:19] [INFO ] STEP 1 — Feature extraction
[18:34:19] [INFO ]   Loading navigation...
[18:34:19] [INFO ]   Loading SEG-Y...
[18:34:19] [INFO ]   Traces: 1287  Samples: 4000  dt: 4.000 ms
[18:34:19] [INFO ]   Depth:  0.0 m → 11997.0 m
[18:34:19] [INFO ]   Matching traces to navigation...
[18:34:19] [INFO ]   NAV line matched via translation: '202wg82stk' -> '202'
[18:34:20] [INFO ]   Matched 1285 / 1287 traces
[18:34:20] [INFO ]   Bandpass filtering...
[18:34:20] [INFO ]   Computing seismic attributes...
[18:34:22] [INFO ]   Picking seafloor...
[18:34:22] [INFO ]   Seafloor depth: 5535–6888 m  (0 shallow traces masked)
[18:34:22] [INFO ]   Picking horizons...
[18:34:23] [INFO ]   Computing NCC coherence (slow)...
[18:34:23] [INFO ]   Saving CNN section image...
[18:34:27] [INFO ]   Saved: 202wg82stk_section_cnn.png  (2700x1500px)
[18:34:27] [INFO ]   Step 1 complete
[18:34:27] [INFO ] 
[18:34:27] [INFO ] STEP 2 — Fault detection
[18:34:27] [INFO ]   Mode: single SA run (seed=50)
[18:34:38] [INFO ]   Detected 5 high-confidence faults
[18:34:38] [INFO ]     Fault  1 | trace ~   19 | prob=0.707
[18:34:38] [INFO ]     Fault  2 | trace ~  338 | prob=0.656
[18:34:38] [INFO ]     Fault  3 | trace ~  761 | prob=0.647
[18:34:38] [INFO ]     Fault  4 | trace ~ 1051 | prob=0.629
[18:34:38] [INFO ]     Fault  5 | trace ~ 1262 | prob=0.606
[18:34:38] [INFO ]   Step 2 complete
[18:34:38] [INFO ] 
[18:34:38] [INFO ] STEP 3 — Bounding boxes
[18:34:38] [INFO ]   Box  1 | [0, 678, 207w, 100h px]
[18:34:38] [INFO ]   Box  2 | [557, 729, 314w, 100h px]
[18:34:38] [INFO ]   Box  3 | [1340, 788, 507w, 100h px]
[18:34:38] [INFO ]   Box  4 | [2012, 842, 364w, 100h px]
[18:34:38] [INFO ]   Box  5 | [2495, 834, 205w, 100h px]
[18:34:38] [INFO ]   Generated 5 boxes
[18:34:38] [INFO ]   Step 3 complete
[18:34:38] [INFO ] 
[18:34:38] [INFO ] STEP 4 — Dataset building
[18:34:38] [INFO ]   Saving labeled review image...
[18:34:39] [INFO ]   Saved: 202wg82stk_labeled.png
[18:34:39] [INFO ]   Split: val
[18:34:39] [INFO ]   Added 5 annotations to val.json
[18:34:39] [INFO ]   train.json: 140 images, 1344 annotations
[18:34:39] [INFO ]   val.json:   36 images,  338 annotations
[18:34:39] [INFO ]   Step 4 complete
[18:34:39] [INFO ] 
[18:34:39] [INFO ]   DONE  202wg82stk  →  val  |  5 faults  |  5 boxes
[18:34:39] [INFO ] 
[18:34:39] [INFO ] ──────────────────────────────────────────────────
[18:34:39] [INFO ]   LINE: 203wg82stk
[18:34:39] [INFO ] ──────────────────────────────────────────────────
[18:34:39] [INFO ] Dataset  : namss.L-12-82-WG.mcs.airgun
[18:34:39] [INFO ] SGY      : ../../airgun_data/namss.L-12-82-WG.mcs.airgun/Data/203wg82stk.sgy
[18:34:39] [INFO ] NAV      : ../../airgun_data/namss.L-12-82-WG.mcs.airgun/Navigation/l-12-82-wg_NAV-WGS84.csv
[18:34:39] [INFO ] SA mode  : single (seed=50)
[18:34:39] [INFO ] 
[18:34:39] [INFO ] STEP 1 — Feature extraction
[18:34:39] [INFO ]   Loading navigation...
[18:34:39] [INFO ]   Loading SEG-Y...
[18:34:40] [INFO ]   Traces: 3497  Samples: 4000  dt: 4.000 ms
[18:34:40] [INFO ]   Depth:  0.0 m → 11997.0 m
[18:34:40] [INFO ]   Matching traces to navigation...
[18:34:40] [INFO ]   NAV line matched via translation: '203wg82stk' -> '203'
[18:34:41] [INFO ]   Matched 3373 / 3497 traces
[18:34:41] [INFO ]   Bandpass filtering...
[18:34:43] [INFO ]   Computing seismic attributes...
[18:34:46] [INFO ]   Picking seafloor...
[18:34:48] [INFO ]   Seafloor depth: 3–6666 m  (1586 shallow traces masked)
[18:34:48] [INFO ]   Picking horizons...
[18:34:48] [INFO ]   Computing NCC coherence (slow)...
[18:34:51] [INFO ]   Saving CNN section image...
[18:34:56] [INFO ]   Saved: 203wg82stk_section_cnn.png  (2700x1500px)
[18:34:56] [INFO ]   Step 1 complete
[18:34:56] [INFO ] 
[18:34:56] [INFO ] STEP 2 — Fault detection
[18:34:56] [INFO ]   Mode: single SA run (seed=50)
[18:35:20] [INFO ]   Detected 6 high-confidence faults
[18:35:20] [INFO ]     Fault  1 | trace ~  915 | prob=0.751
[18:35:20] [INFO ]     Fault  2 | trace ~ 1231 | prob=0.776
[18:35:20] [INFO ]     Fault  3 | trace ~ 1546 | prob=0.779
[18:35:20] [INFO ]     Fault  4 | trace ~ 1861 | prob=0.741
[18:35:20] [INFO ]     Fault  5 | trace ~ 2720 | prob=0.619
[18:35:20] [INFO ]     Fault  6 | trace ~ 3218 | prob=0.621
[18:35:20] [INFO ]   Step 2 complete
[18:35:20] [INFO ] 
[18:35:20] [INFO ] STEP 3 — Bounding boxes
[18:35:20] [INFO ]   Box  1 | [670, 508, 128w, 100h px]
[18:35:20] [INFO ]   Box  2 | [893, 332, 174w, 101h px]
[18:35:20] [INFO ]   Box  3 | [1172, 191, 125w, 101h px]
[18:35:20] [INFO ]   Box  4 | [1379, 0, 218w, 159h px]
[18:35:20] [INFO ]   Box  5 | [2035, 0, 308w, 159h px]
[18:35:20] [INFO ]   Box  6 | [2450, 0, 234w, 159h px]
[18:35:20] [INFO ]   Generated 6 boxes
[18:35:20] [INFO ]   Step 3 complete
[18:35:20] [INFO ] 
[18:35:20] [INFO ] STEP 4 — Dataset building
[18:35:20] [INFO ]   Saving labeled review image...
[18:35:21] [INFO ]   Saved: 203wg82stk_labeled.png
[18:35:21] [INFO ]   Split: train
[18:35:21] [INFO ]   Added 6 annotations to train.json
[18:35:21] [INFO ]   train.json: 141 images, 1350 annotations
[18:35:21] [INFO ]   val.json:   36 images,  338 annotations
[18:35:21] [INFO ]   Step 4 complete
[18:35:21] [INFO ] 
[18:35:21] [INFO ]   DONE  203wg82stk  →  train  |  6 faults  |  6 boxes
[18:35:21] [INFO ] 
[18:35:21] [INFO ] ──────────────────────────────────────────────────
[18:35:21] [INFO ]   LINE: 204wg82stk
[18:35:21] [INFO ] ──────────────────────────────────────────────────
[18:35:21] [INFO ] Dataset  : namss.L-12-82-WG.mcs.airgun
[18:35:21] [INFO ] SGY      : ../../airgun_data/namss.L-12-82-WG.mcs.airgun/Data/204wg82stk.sgy
[18:35:21] [INFO ] NAV      : ../../airgun_data/namss.L-12-82-WG.mcs.airgun/Navigation/l-12-82-wg_NAV-WGS84.csv
[18:35:21] [INFO ] SA mode  : single (seed=50)
[18:35:21] [INFO ] 
[18:35:21] [INFO ] STEP 1 — Feature extraction
[18:35:21] [INFO ]   Loading navigation...
[18:35:21] [INFO ]   Loading SEG-Y...
[18:35:21] [INFO ]   Traces: 712  Samples: 2500  dt: 4.000 ms
[18:35:21] [INFO ]   Depth:  0.0 m → 7497.0 m
[18:35:21] [INFO ]   Matching traces to navigation...
[18:35:21] [INFO ]   NAV line matched via translation: '204wg82stk' -> '204'
[18:35:22] [INFO ]   Matched 638 / 712 traces
[18:35:22] [INFO ]   Bandpass filtering...
[18:35:22] [INFO ]   Computing seismic attributes...
[18:35:22] [INFO ]   Picking seafloor...
[18:35:22] [INFO ]   Seafloor depth: 6–42 m  (638 shallow traces masked)
[18:35:22] [INFO ]   Picking horizons...
[18:35:22] [INFO ]   Computing NCC coherence (slow)...
[18:35:23] [INFO ]   Saving CNN section image...
[18:35:25] [INFO ]   Saved: 204wg82stk_section_cnn.png  (2700x1500px)
[18:35:25] [INFO ]   Step 1 complete
[18:35:25] [INFO ] 
[18:35:25] [INFO ] STEP 2 — Fault detection
[18:35:25] [INFO ]   Mode: single SA run (seed=50)
[18:35:26] [INFO ]   Detected 0 high-confidence faults
[18:35:26] [INFO ]   Step 2 complete
[18:35:26] [INFO ] 
[18:35:26] [INFO ] STEP 3 — Bounding boxes
[18:35:26] [INFO ]   Generated 0 boxes
[18:35:26] [INFO ]   Step 3 complete
[18:35:26] [INFO ] 
[18:35:26] [INFO ] STEP 4 — Dataset building
[18:35:26] [INFO ]   Saving labeled review image...
[18:35:28] [INFO ]   Saved: 204wg82stk_labeled.png
[18:35:28] [INFO ]   Split: train
[18:35:28] [INFO ]   Added 0 annotations to train.json
[18:35:28] [INFO ]   train.json: 142 images, 1350 annotations
[18:35:28] [INFO ]   val.json:   36 images,  338 annotations
[18:35:28] [INFO ]   Step 4 complete
[18:35:28] [INFO ] 
[18:35:28] [INFO ]   DONE  204wg82stk  →  train  |  0 faults  |  0 boxes
[18:35:28] [INFO ] 
[18:35:28] [INFO ] ──────────────────────────────────────────────────
[18:35:28] [INFO ]   LINE: 205wg82stk
[18:35:28] [INFO ] ──────────────────────────────────────────────────
[18:35:28] [INFO ] Dataset  : namss.L-12-82-WG.mcs.airgun
[18:35:28] [INFO ] SGY      : ../../airgun_data/namss.L-12-82-WG.mcs.airgun/Data/205wg82stk.sgy
[18:35:28] [INFO ] NAV      : ../../airgun_data/namss.L-12-82-WG.mcs.airgun/Navigation/l-12-82-wg_NAV-WGS84.csv
[18:35:28] [INFO ] SA mode  : single (seed=50)
[18:35:28] [INFO ] 
[18:35:28] [INFO ] STEP 1 — Feature extraction
[18:35:28] [INFO ]   Loading navigation...
[18:35:28] [INFO ]   Loading SEG-Y...
[18:35:28] [INFO ]   Traces: 3314  Samples: 3500  dt: 4.000 ms
[18:35:28] [INFO ]   Depth:  0.0 m → 10497.0 m
[18:35:28] [INFO ]   Matching traces to navigation...
[18:35:28] [INFO ]   NAV line matched via translation: '205wg82stk' -> '205'
[18:35:30] [INFO ]   Matched 2865 / 3314 traces
[18:35:30] [INFO ]   Bandpass filtering...
[18:35:31] [INFO ]   Computing seismic attributes...
[18:35:34] [INFO ]   Picking seafloor...
[18:35:35] [INFO ]   Seafloor depth: 3–6828 m  (1060 shallow traces masked)
[18:35:35] [INFO ]   Picking horizons...
[18:35:35] [INFO ]   Computing NCC coherence (slow)...
[18:35:37] [INFO ]   Saving CNN section image...
[18:35:41] [INFO ]   Saved: 205wg82stk_section_cnn.png  (2700x1500px)
[18:35:41] [INFO ]   Step 1 complete
[18:35:41] [INFO ] 
[18:35:41] [INFO ] STEP 2 — Fault detection
[18:35:41] [INFO ]   Mode: single SA run (seed=50)
[18:36:00] [INFO ]   Detected 4 high-confidence faults
[18:36:00] [INFO ]     Fault  1 | trace ~   49 | prob=0.594
[18:36:00] [INFO ]     Fault  2 | trace ~  543 | prob=0.709
[18:36:00] [INFO ]     Fault  3 | trace ~ 1121 | prob=0.695
[18:36:00] [INFO ]     Fault  4 | trace ~ 2009 | prob=0.554
[18:36:00] [INFO ]   Step 2 complete
[18:36:00] [INFO ] 
[18:36:00] [INFO ] STEP 3 — Bounding boxes
[18:36:00] [INFO ]   Box  1 | [0, 0, 138w, 180h px]
[18:36:00] [INFO ]   Box  2 | [377, 0, 263w, 181h px]
[18:36:00] [INFO ]   Box  3 | [950, 138, 192w, 101h px]
[18:36:00] [INFO ]   Box  4 | [1837, 451, 110w, 108h px]
[18:36:00] [INFO ]   Generated 4 boxes
[18:36:00] [INFO ]   Step 3 complete
[18:36:00] [INFO ] 
[18:36:00] [INFO ] STEP 4 — Dataset building
[18:36:00] [INFO ]   Saving labeled review image...
[18:36:01] [INFO ]   Saved: 205wg82stk_labeled.png
[18:36:01] [INFO ]   Split: train
[18:36:01] [INFO ]   Added 4 annotations to train.json
[18:36:01] [INFO ]   train.json: 143 images, 1354 annotations
[18:36:01] [INFO ]   val.json:   36 images,  338 annotations
[18:36:01] [INFO ]   Step 4 complete
[18:36:01] [INFO ] 
[18:36:01] [INFO ]   DONE  205wg82stk  →  train  |  4 faults  |  4 boxes
[18:36:01] [INFO ] 
[18:36:01] [INFO ] ──────────────────────────────────────────────────
[18:36:01] [INFO ]   LINE: 208wg82stk
[18:36:01] [INFO ] ──────────────────────────────────────────────────
[18:36:01] [INFO ] Dataset  : namss.L-12-82-WG.mcs.airgun
[18:36:01] [INFO ] SGY      : ../../airgun_data/namss.L-12-82-WG.mcs.airgun/Data/208wg82stk.sgy
[18:36:01] [INFO ] NAV      : ../../airgun_data/namss.L-12-82-WG.mcs.airgun/Navigation/l-12-82-wg_NAV-WGS84.csv
[18:36:01] [INFO ] SA mode  : single (seed=50)
[18:36:01] [INFO ] 
[18:36:01] [INFO ] STEP 1 — Feature extraction
[18:36:01] [INFO ]   Loading navigation...
[18:36:01] [INFO ]   Loading SEG-Y...
[18:36:01] [INFO ]   Traces: 2368  Samples: 2500  dt: 4.000 ms
[18:36:01] [INFO ]   Depth:  0.0 m → 7497.0 m
[18:36:01] [INFO ]   Matching traces to navigation...
[18:36:01] [INFO ]   NAV line matched via translation: '208wg82stk' -> '208'
[18:36:03] [INFO ]   Matched 2368 / 2368 traces
[18:36:03] [INFO ]   Bandpass filtering...
[18:36:03] [INFO ]   Computing seismic attributes...
[18:36:05] [INFO ]   Picking seafloor...
[18:36:06] [INFO ]   Seafloor depth: 3–414 m  (2368 shallow traces masked)
[18:36:06] [INFO ]   Picking horizons...
[18:36:06] [INFO ]   Computing NCC coherence (slow)...
[18:36:07] [INFO ]   Saving CNN section image...
[18:36:11] [INFO ]   Saved: 208wg82stk_section_cnn.png  (2700x1500px)
[18:36:11] [INFO ]   Step 1 complete
[18:36:11] [INFO ] 
[18:36:11] [INFO ] STEP 2 — Fault detection
[18:36:11] [INFO ]   Mode: single SA run (seed=50)
[18:36:15] [INFO ]   Detected 0 high-confidence faults
[18:36:15] [INFO ]   Step 2 complete
[18:36:15] [INFO ] 
[18:36:15] [INFO ] STEP 3 — Bounding boxes
[18:36:15] [INFO ]   Generated 0 boxes
[18:36:15] [INFO ]   Step 3 complete
[18:36:15] [INFO ] 
[18:36:15] [INFO ] STEP 4 — Dataset building
[18:36:15] [INFO ]   Saving labeled review image...
[18:36:17] [INFO ]   Saved: 208wg82stk_labeled.png
[18:36:17] [INFO ]   Split: train
[18:36:17] [INFO ]   Added 0 annotations to train.json
[18:36:17] [INFO ]   train.json: 144 images, 1354 annotations
[18:36:17] [INFO ]   val.json:   36 images,  338 annotations
[18:36:17] [INFO ]   Step 4 complete
[18:36:17] [INFO ] 
[18:36:17] [INFO ]   DONE  208wg82stk  →  train  |  0 faults  |  0 boxes
[18:36:17] [INFO ] 
[18:36:17] [INFO ] ──────────────────────────────────────────────────
[18:36:17] [INFO ]   LINE: 209wg82stk
[18:36:17] [INFO ] ──────────────────────────────────────────────────
[18:36:17] [INFO ] Dataset  : namss.L-12-82-WG.mcs.airgun
[18:36:17] [INFO ] SGY      : ../../airgun_data/namss.L-12-82-WG.mcs.airgun/Data/209wg82stk.sgy
[18:36:17] [INFO ] NAV      : ../../airgun_data/namss.L-12-82-WG.mcs.airgun/Navigation/l-12-82-wg_NAV-WGS84.csv
[18:36:17] [INFO ] SA mode  : single (seed=50)
[18:36:17] [INFO ] 
[18:36:17] [INFO ] STEP 1 — Feature extraction
[18:36:17] [INFO ]   Loading navigation...
[18:36:17] [INFO ]   Loading SEG-Y...
[18:36:17] [INFO ]   Traces: 906  Samples: 2500  dt: 2.000 ms
[18:36:17] [INFO ]   Depth:  0.0 m → 3748.5 m
[18:36:17] [INFO ]   Matching traces to navigation...
[18:36:17] [INFO ]   NAV line matched via translation: '209wg82stk' -> '209'
[18:36:17] [INFO ]   Matched 0 / 906 traces
[18:36:17] [ERROR] SKIPPING 209wg82stk (namss.L-12-82-WG.mcs.airgun): No traces matched navigation — check line name vs NAV file.
[18:36:17] [ERROR]   Traceback (most recent call last):
[18:36:17] [ERROR]     File "/Users/lennylukach/Personal/School/CS4100/namss/pipeline/src/pipeline.py", line 848, in <module>
[18:36:17] [ERROR]       process_line(line, sgy_path, nav_path, dataset)
[18:36:17] [ERROR]     File "/Users/lennylukach/Personal/School/CS4100/namss/pipeline/src/pipeline.py", line 431, in process_line
[18:36:17] [ERROR]       raise RuntimeError(
[18:36:17] [ERROR]   RuntimeError: No traces matched navigation — check line name vs NAV file.
[18:36:17] [INFO ] 
[18:36:17] [INFO ] ──────────────────────────────────────────────────
[18:36:17] [INFO ]   LINE: 211wg82stk
[18:36:17] [INFO ] ──────────────────────────────────────────────────
[18:36:17] [INFO ] Dataset  : namss.L-12-82-WG.mcs.airgun
[18:36:17] [INFO ] SGY      : ../../airgun_data/namss.L-12-82-WG.mcs.airgun/Data/211wg82stk.sgy
[18:36:17] [INFO ] NAV      : ../../airgun_data/namss.L-12-82-WG.mcs.airgun/Navigation/l-12-82-wg_NAV-WGS84.csv
[18:36:17] [INFO ] SA mode  : single (seed=50)
[18:36:17] [INFO ] 
[18:36:17] [INFO ] STEP 1 — Feature extraction
[18:36:17] [INFO ]   Loading navigation...
[18:36:17] [INFO ]   Loading SEG-Y...
[18:36:18] [INFO ]   Traces: 2285  Samples: 2500  dt: 4.000 ms
[18:36:18] [INFO ]   Depth:  0.0 m → 7497.0 m
[18:36:18] [INFO ]   Matching traces to navigation...
[18:36:18] [INFO ]   NAV line matched via translation: '211wg82stk' -> '211'
[18:36:19] [INFO ]   Matched 2275 / 2285 traces
[18:36:19] [INFO ]   Bandpass filtering...
[18:36:19] [INFO ]   Computing seismic attributes...
[18:36:21] [INFO ]   Picking seafloor...
[18:36:22] [INFO ]   Seafloor depth: 66–159 m  (2275 shallow traces masked)
[18:36:22] [INFO ]   Picking horizons...
[18:36:22] [INFO ]   Computing NCC coherence (slow)...
[18:36:23] [INFO ]   Saving CNN section image...
[18:36:27] [INFO ]   Saved: 211wg82stk_section_cnn.png  (2700x1500px)
[18:36:27] [INFO ]   Step 1 complete
[18:36:27] [INFO ] 
[18:36:27] [INFO ] STEP 2 — Fault detection
[18:36:27] [INFO ]   Mode: single SA run (seed=50)
[18:36:31] [INFO ]   Detected 0 high-confidence faults
[18:36:31] [INFO ]   Step 2 complete
[18:36:31] [INFO ] 
[18:36:31] [INFO ] STEP 3 — Bounding boxes
[18:36:31] [INFO ]   Generated 0 boxes
[18:36:31] [INFO ]   Step 3 complete
[18:36:31] [INFO ] 
[18:36:31] [INFO ] STEP 4 — Dataset building
[18:36:31] [INFO ]   Saving labeled review image...
[18:36:32] [INFO ]   Saved: 211wg82stk_labeled.png
[18:36:32] [INFO ]   Split: train
[18:36:32] [INFO ]   Added 0 annotations to train.json
[18:36:32] [INFO ]   train.json: 145 images, 1354 annotations
[18:36:32] [INFO ]   val.json:   36 images,  338 annotations
[18:36:32] [INFO ]   Step 4 complete
[18:36:32] [INFO ] 
[18:36:32] [INFO ]   DONE  211wg82stk  →  train  |  0 faults  |  0 boxes
[18:36:32] [INFO ] 
[18:36:32] [INFO ] ──────────────────────────────────────────────────
[18:36:32] [INFO ]   LINE: 212wg82stk
[18:36:32] [INFO ] ──────────────────────────────────────────────────
[18:36:32] [INFO ] Dataset  : namss.L-12-82-WG.mcs.airgun
[18:36:32] [INFO ] SGY      : ../../airgun_data/namss.L-12-82-WG.mcs.airgun/Data/212wg82stk.sgy
[18:36:32] [INFO ] NAV      : ../../airgun_data/namss.L-12-82-WG.mcs.airgun/Navigation/l-12-82-wg_NAV-WGS84.csv
[18:36:32] [INFO ] SA mode  : single (seed=50)
[18:36:32] [INFO ] 
[18:36:32] [INFO ] STEP 1 — Feature extraction
[18:36:32] [INFO ]   Loading navigation...
[18:36:33] [INFO ]   Loading SEG-Y...
[18:36:33] [INFO ]   Traces: 664  Samples: 2500  dt: 4.000 ms
[18:36:33] [INFO ]   Depth:  0.0 m → 7497.0 m
[18:36:33] [INFO ]   Matching traces to navigation...
[18:36:33] [INFO ]   NAV line matched via translation: '212wg82stk' -> '212'
[18:36:33] [INFO ]   Matched 664 / 664 traces
[18:36:33] [INFO ]   Bandpass filtering...
[18:36:33] [INFO ]   Computing seismic attributes...
[18:36:34] [INFO ]   Picking seafloor...
[18:36:34] [INFO ]   Seafloor depth: 6–57 m  (664 shallow traces masked)
[18:36:34] [INFO ]   Picking horizons...
[18:36:34] [INFO ]   Computing NCC coherence (slow)...
[18:36:34] [INFO ]   Saving CNN section image...
[18:36:37] [INFO ]   Saved: 212wg82stk_section_cnn.png  (2700x1500px)
[18:36:37] [INFO ]   Step 1 complete
[18:36:37] [INFO ] 
[18:36:37] [INFO ] STEP 2 — Fault detection
[18:36:37] [INFO ]   Mode: single SA run (seed=50)
[18:36:38] [INFO ]   Detected 0 high-confidence faults
[18:36:38] [INFO ]   Step 2 complete
[18:36:38] [INFO ] 
[18:36:38] [INFO ] STEP 3 — Bounding boxes
[18:36:38] [INFO ]   Generated 0 boxes
[18:36:38] [INFO ]   Step 3 complete
[18:36:38] [INFO ] 
[18:36:38] [INFO ] STEP 4 — Dataset building
[18:36:38] [INFO ]   Saving labeled review image...
[18:36:39] [INFO ]   Saved: 212wg82stk_labeled.png
[18:36:39] [INFO ]   Split: train
[18:36:39] [INFO ]   Added 0 annotations to train.json
[18:36:39] [INFO ]   train.json: 146 images, 1354 annotations
[18:36:39] [INFO ]   val.json:   36 images,  338 annotations
[18:36:39] [INFO ]   Step 4 complete
[18:36:39] [INFO ] 
[18:36:39] [INFO ]   DONE  212wg82stk  →  train  |  0 faults  |  0 boxes
[18:36:39] [INFO ] 
[18:36:39] [INFO ] ──────────────────────────────────────────────────
[18:36:39] [INFO ]   LINE: 213wg82stk
[18:36:39] [INFO ] ──────────────────────────────────────────────────
[18:36:39] [INFO ] Dataset  : namss.L-12-82-WG.mcs.airgun
[18:36:39] [INFO ] SGY      : ../../airgun_data/namss.L-12-82-WG.mcs.airgun/Data/213wg82stk.sgy
[18:36:39] [INFO ] NAV      : ../../airgun_data/namss.L-12-82-WG.mcs.airgun/Navigation/l-12-82-wg_NAV-WGS84.csv
[18:36:39] [INFO ] SA mode  : single (seed=50)
[18:36:39] [INFO ] 
[18:36:39] [INFO ] STEP 1 — Feature extraction
[18:36:39] [INFO ]   Loading navigation...
[18:36:39] [INFO ]   Loading SEG-Y...
[18:36:40] [INFO ]   Traces: 1491  Samples: 3000  dt: 4.000 ms
[18:36:40] [INFO ]   Depth:  0.0 m → 8997.0 m
[18:36:40] [INFO ]   Matching traces to navigation...
[18:36:40] [INFO ]   NAV line matched via translation: '213wg82stk' -> '213'
[18:36:40] [INFO ]   Matched 1491 / 1491 traces
[18:36:40] [INFO ]   Bandpass filtering...
[18:36:41] [INFO ]   Computing seismic attributes...
[18:36:42] [INFO ]   Picking seafloor...
[18:36:43] [INFO ]   Seafloor depth: 33–2409 m  (974 shallow traces masked)
[18:36:43] [INFO ]   Picking horizons...
[18:36:43] [INFO ]   Computing NCC coherence (slow)...
[18:36:44] [INFO ]   Saving CNN section image...
[18:36:47] [INFO ]   Saved: 213wg82stk_section_cnn.png  (2700x1500px)
[18:36:47] [INFO ]   Step 1 complete
[18:36:47] [INFO ] 
[18:36:47] [INFO ] STEP 2 — Fault detection
[18:36:47] [INFO ]   Mode: single SA run (seed=50)
[18:36:55] [INFO ]   Detected 3 high-confidence faults
[18:36:55] [INFO ]     Fault  1 | trace ~  503 | prob=0.673
[18:36:55] [INFO ]     Fault  2 | trace ~ 1058 | prob=0.632
[18:36:55] [INFO ]     Fault  3 | trace ~ 1387 | prob=0.669
[18:36:55] [INFO ]   Step 2 complete
[18:36:55] [INFO ] 
[18:36:55] [INFO ] STEP 3 — Bounding boxes
[18:36:55] [INFO ]   Box  1 | [682, 2, 443w, 222h px]
[18:36:55] [INFO ]   Box  2 | [1696, 149, 413w, 124h px]
[18:36:55] [INFO ]   Box  3 | [2223, 385, 477w, 114h px]
[18:36:55] [INFO ]   Generated 3 boxes
[18:36:55] [INFO ]   Step 3 complete
[18:36:55] [INFO ] 
[18:36:55] [INFO ] STEP 4 — Dataset building
[18:36:55] [INFO ]   Saving labeled review image...
[18:36:56] [INFO ]   Saved: 213wg82stk_labeled.png
[18:36:56] [INFO ]   Split: train
[18:36:56] [INFO ]   Added 3 annotations to train.json
[18:36:56] [INFO ]   train.json: 147 images, 1357 annotations
[18:36:56] [INFO ]   val.json:   36 images,  338 annotations
[18:36:56] [INFO ]   Step 4 complete
[18:36:56] [INFO ] 
[18:36:56] [INFO ]   DONE  213wg82stk  →  train  |  3 faults  |  3 boxes
[18:36:56] [INFO ] 
[18:36:56] [INFO ] ──────────────────────────────────────────────────
[18:36:56] [INFO ]   LINE: 215wg82stk
[18:36:56] [INFO ] ──────────────────────────────────────────────────
[18:36:56] [INFO ] Dataset  : namss.L-12-82-WG.mcs.airgun
[18:36:56] [INFO ] SGY      : ../../airgun_data/namss.L-12-82-WG.mcs.airgun/Data/215wg82stk.sgy
[18:36:56] [INFO ] NAV      : ../../airgun_data/namss.L-12-82-WG.mcs.airgun/Navigation/l-12-82-wg_NAV-WGS84.csv
[18:36:56] [INFO ] SA mode  : single (seed=50)
[18:36:56] [INFO ] 
[18:36:56] [INFO ] STEP 1 — Feature extraction
[18:36:56] [INFO ]   Loading navigation...
[18:36:56] [INFO ]   Loading SEG-Y...
[18:36:57] [INFO ]   Traces: 1448  Samples: 3250  dt: 4.000 ms
[18:36:57] [INFO ]   Depth:  0.0 m → 9747.0 m
[18:36:57] [INFO ]   Matching traces to navigation...
[18:36:57] [INFO ]   NAV line matched via translation: '215wg82stk' -> '215'
[18:36:57] [INFO ]   Matched 1448 / 1448 traces
[18:36:57] [INFO ]   Bandpass filtering...
[18:36:58] [INFO ]   Computing seismic attributes...
[18:36:59] [INFO ]   Picking seafloor...
[18:37:00] [INFO ]   Seafloor depth: 78–2802 m  (917 shallow traces masked)
[18:37:00] [INFO ]   Picking horizons...
[18:37:00] [INFO ]   Computing NCC coherence (slow)...
[18:37:01] [INFO ]   Saving CNN section image...
[18:37:04] [INFO ]   Saved: 215wg82stk_section_cnn.png  (2700x1500px)
[18:37:04] [INFO ]   Step 1 complete
[18:37:04] [INFO ] 
[18:37:04] [INFO ] STEP 2 — Fault detection
[18:37:04] [INFO ]   Mode: single SA run (seed=50)
[18:37:10] [INFO ]   Detected 2 high-confidence faults
[18:37:10] [INFO ]     Fault  1 | trace ~  432 | prob=0.717
[18:37:10] [INFO ]     Fault  2 | trace ~  644 | prob=0.697
[18:37:10] [INFO ]   Step 2 complete
[18:37:10] [INFO ] 
[18:37:10] [INFO ] STEP 3 — Bounding boxes
[18:37:10] [INFO ]   Box  1 | [646, 143, 342w, 112h px]
[18:37:10] [INFO ]   Box  2 | [1021, 39, 368w, 153h px]
[18:37:10] [INFO ]   Generated 2 boxes
[18:37:10] [INFO ]   Step 3 complete
[18:37:10] [INFO ] 
[18:37:10] [INFO ] STEP 4 — Dataset building
[18:37:10] [INFO ]   Saving labeled review image...
[18:37:11] [INFO ]   Saved: 215wg82stk_labeled.png
[18:37:11] [INFO ]   Split: train
[18:37:11] [INFO ]   Added 2 annotations to train.json
[18:37:11] [INFO ]   train.json: 148 images, 1359 annotations
[18:37:11] [INFO ]   val.json:   36 images,  338 annotations
[18:37:11] [INFO ]   Step 4 complete
[18:37:11] [INFO ] 
[18:37:11] [INFO ]   DONE  215wg82stk  →  train  |  2 faults  |  2 boxes
[18:37:11] [INFO ] 
[18:37:11] [INFO ] ──────────────────────────────────────────────────
[18:37:11] [INFO ]   LINE: 217wg82stk
[18:37:11] [INFO ] ──────────────────────────────────────────────────
[18:37:11] [INFO ] Dataset  : namss.L-12-82-WG.mcs.airgun
[18:37:11] [INFO ] SGY      : ../../airgun_data/namss.L-12-82-WG.mcs.airgun/Data/217wg82stk.sgy
[18:37:11] [INFO ] NAV      : ../../airgun_data/namss.L-12-82-WG.mcs.airgun/Navigation/l-12-82-wg_NAV-WGS84.csv
[18:37:11] [INFO ] SA mode  : single (seed=50)
[18:37:11] [INFO ] 
[18:37:11] [INFO ] STEP 1 — Feature extraction
[18:37:11] [INFO ]   Loading navigation...
[18:37:11] [INFO ]   Loading SEG-Y...
[18:37:12] [INFO ]   Traces: 2969  Samples: 4000  dt: 4.000 ms
[18:37:12] [INFO ]   Depth:  0.0 m → 11997.0 m
[18:37:12] [INFO ]   Matching traces to navigation...
[18:37:12] [INFO ]   NAV line matched via translation: '217wg82stk' -> '217'
[18:37:14] [INFO ]   Matched 2969 / 2969 traces
[18:37:14] [INFO ]   Bandpass filtering...
[18:37:15] [INFO ]   Computing seismic attributes...
[18:37:18] [INFO ]   Picking seafloor...
[18:37:19] [INFO ]   Seafloor depth: 132–6489 m  (1345 shallow traces masked)
[18:37:19] [INFO ]   Picking horizons...
[18:37:20] [INFO ]   Computing NCC coherence (slow)...
[18:37:22] [INFO ]   Saving CNN section image...
[18:37:28] [INFO ]   Saved: 217wg82stk_section_cnn.png  (2700x1500px)
[18:37:28] [INFO ]   Step 1 complete
[18:37:28] [INFO ] 
[18:37:28] [INFO ] STEP 2 — Fault detection
[18:37:28] [INFO ]   Mode: single SA run (seed=50)
[18:37:51] [INFO ]   Detected 0 high-confidence faults
[18:37:51] [INFO ]   Step 2 complete
[18:37:51] [INFO ] 
[18:37:51] [INFO ] STEP 3 — Bounding boxes
[18:37:51] [INFO ]   Generated 0 boxes
[18:37:51] [INFO ]   Step 3 complete
[18:37:51] [INFO ] 
[18:37:51] [INFO ] STEP 4 — Dataset building
[18:37:51] [INFO ]   Saving labeled review image...
[18:37:52] [INFO ]   Saved: 217wg82stk_labeled.png
[18:37:52] [INFO ]   Split: val
[18:37:52] [INFO ]   Added 0 annotations to val.json
[18:37:52] [INFO ]   train.json: 148 images, 1359 annotations
[18:37:52] [INFO ]   val.json:   37 images,  338 annotations
[18:37:52] [INFO ]   Step 4 complete
[18:37:52] [INFO ] 
[18:37:52] [INFO ]   DONE  217wg82stk  →  val  |  0 faults  |  0 boxes
[18:37:52] [INFO ] 
[18:37:52] [INFO ] ──────────────────────────────────────────────────
[18:37:52] [INFO ]   LINE: 219wg82stk
[18:37:52] [INFO ] ──────────────────────────────────────────────────
[18:37:52] [INFO ] Dataset  : namss.L-12-82-WG.mcs.airgun
[18:37:52] [INFO ] SGY      : ../../airgun_data/namss.L-12-82-WG.mcs.airgun/Data/219wg82stk.sgy
[18:37:52] [INFO ] NAV      : ../../airgun_data/namss.L-12-82-WG.mcs.airgun/Navigation/l-12-82-wg_NAV-WGS84.csv
[18:37:52] [INFO ] SA mode  : single (seed=50)
[18:37:52] [INFO ] 
[18:37:52] [INFO ] STEP 1 — Feature extraction
[18:37:52] [INFO ]   Loading navigation...
[18:37:52] [INFO ]   Loading SEG-Y...
[18:37:52] [INFO ]   Traces: 1118  Samples: 4250  dt: 4.000 ms
[18:37:52] [INFO ]   Depth:  0.0 m → 12747.0 m
[18:37:52] [INFO ]   Matching traces to navigation...
[18:37:52] [INFO ]   NAV line matched via translation: '219wg82stk' -> '219'
[18:37:53] [INFO ]   Matched 1117 / 1118 traces
[18:37:53] [INFO ]   Bandpass filtering...
[18:37:53] [INFO ]   Computing seismic attributes...
[18:37:55] [INFO ]   Picking seafloor...
[18:37:55] [INFO ]   Seafloor depth: 2379–6375 m  (0 shallow traces masked)
[18:37:55] [INFO ]   Picking horizons...
[18:37:56] [INFO ]   Computing NCC coherence (slow)...
[18:37:57] [INFO ]   Saving CNN section image...
[18:37:59] [INFO ]   Saved: 219wg82stk_section_cnn.png  (2700x1500px)
[18:37:59] [INFO ]   Step 1 complete
[18:37:59] [INFO ] 
[18:37:59] [INFO ] STEP 2 — Fault detection
[18:37:59] [INFO ]   Mode: single SA run (seed=50)
[18:38:06] [INFO ]   Detected 1 high-confidence faults
[18:38:06] [INFO ]     Fault  1 | trace ~  121 | prob=0.716
[18:38:06] [INFO ]   Step 2 complete
[18:38:06] [INFO ] 
[18:38:06] [INFO ] STEP 3 — Bounding boxes
[18:38:06] [INFO ]   Box  1 | [69, 734, 436w, 100h px]
[18:38:06] [INFO ]   Generated 1 boxes
[18:38:06] [INFO ]   Step 3 complete
[18:38:06] [INFO ] 
[18:38:06] [INFO ] STEP 4 — Dataset building
[18:38:06] [INFO ]   Saving labeled review image...
[18:38:06] [INFO ]   Saved: 219wg82stk_labeled.png
[18:38:06] [INFO ]   Split: train
[18:38:06] [INFO ]   Added 1 annotations to train.json
[18:38:06] [INFO ]   train.json: 149 images, 1360 annotations
[18:38:06] [INFO ]   val.json:   37 images,  338 annotations
[18:38:06] [INFO ]   Step 4 complete
[18:38:06] [INFO ] 
[18:38:06] [INFO ]   DONE  219wg82stk  →  train  |  1 faults  |  1 boxes
[18:38:06] [INFO ] 
[18:38:06] [INFO ] ──────────────────────────────────────────────────
[18:38:06] [INFO ]   LINE: 221wg82stk
[18:38:06] [INFO ] ──────────────────────────────────────────────────
[18:38:06] [INFO ] Dataset  : namss.L-12-82-WG.mcs.airgun
[18:38:06] [INFO ] SGY      : ../../airgun_data/namss.L-12-82-WG.mcs.airgun/Data/221wg82stk.sgy
[18:38:06] [INFO ] NAV      : ../../airgun_data/namss.L-12-82-WG.mcs.airgun/Navigation/l-12-82-wg_NAV-WGS84.csv
[18:38:06] [INFO ] SA mode  : single (seed=50)
[18:38:06] [INFO ] 
[18:38:06] [INFO ] STEP 1 — Feature extraction
[18:38:06] [INFO ]   Loading navigation...
[18:38:07] [INFO ]   Loading SEG-Y...
[18:38:07] [INFO ]   Traces: 3316  Samples: 2750  dt: 4.000 ms
[18:38:07] [INFO ]   Depth:  0.0 m → 8247.0 m
[18:38:07] [INFO ]   Matching traces to navigation...
[18:38:07] [INFO ]   NAV line matched via translation: '221wg82stk' -> '221'
[18:38:09] [INFO ]   Matched 3310 / 3316 traces
[18:38:09] [INFO ]   Bandpass filtering...
[18:38:10] [INFO ]   Computing seismic attributes...
[18:38:12] [INFO ]   Picking seafloor...
[18:38:14] [INFO ]   Seafloor depth: 21–1443 m  (1658 shallow traces masked)
[18:38:14] [INFO ]   Picking horizons...
[18:38:14] [INFO ]   Computing NCC coherence (slow)...
[18:38:16] [INFO ]   Saving CNN section image...
[18:38:20] [INFO ]   Saved: 221wg82stk_section_cnn.png  (2700x1500px)
[18:38:20] [INFO ]   Step 1 complete
[18:38:20] [INFO ] 
[18:38:20] [INFO ] STEP 2 — Fault detection
[18:38:20] [INFO ]   Mode: single SA run (seed=50)
[18:38:45] [INFO ]   Detected 9 high-confidence faults
[18:38:45] [INFO ]     Fault  1 | trace ~  234 | prob=0.656
[18:38:45] [INFO ]     Fault  2 | trace ~  633 | prob=0.648
[18:38:45] [INFO ]     Fault  3 | trace ~ 1032 | prob=0.659
[18:38:45] [INFO ]     Fault  4 | trace ~ 1286 | prob=0.769
[18:38:45] [INFO ]     Fault  5 | trace ~ 1542 | prob=0.622
[18:38:45] [INFO ]     Fault  6 | trace ~ 1746 | prob=0.632
[18:38:45] [INFO ]     Fault  7 | trace ~ 2102 | prob=0.686
[18:38:45] [INFO ]     Fault  8 | trace ~ 2375 | prob=0.699
[18:38:45] [INFO ]     Fault  9 | trace ~ 2645 | prob=0.625
[18:38:45] [INFO ]   Step 2 complete
[18:38:45] [INFO ] 
[18:38:45] [INFO ] STEP 3 — Bounding boxes
[18:38:45] [INFO ]   Box  1 | [76, 196, 222w, 130h px]
[18:38:45] [INFO ]   Box  2 | [445, 147, 136w, 128h px]
[18:38:45] [INFO ]   Box  3 | [740, 70, 211w, 163h px]
[18:38:45] [INFO ]   Box  4 | [969, 111, 175w, 125h px]
[18:38:45] [INFO ]   Box  5 | [1155, 115, 202w, 139h px]
[18:38:45] [INFO ]   Box  6 | [1362, 112, 122w, 125h px]
[18:38:45] [INFO ]   Box  7 | [1635, 93, 155w, 158h px]
[18:38:45] [INFO ]   Box  8 | [1833, 4, 214w, 248h px]
[18:38:45] [INFO ]   Box  9 | [2024, 3, 255w, 248h px]
[18:38:45] [INFO ]   Generated 9 boxes
[18:38:45] [INFO ]   Step 3 complete
[18:38:45] [INFO ] 
[18:38:45] [INFO ] STEP 4 — Dataset building
[18:38:45] [INFO ]   Saving labeled review image...
[18:38:46] [INFO ]   Saved: 221wg82stk_labeled.png
[18:38:46] [INFO ]   Split: train
[18:38:46] [INFO ]   Added 9 annotations to train.json
[18:38:46] [INFO ]   train.json: 150 images, 1369 annotations
[18:38:46] [INFO ]   val.json:   37 images,  338 annotations
[18:38:46] [INFO ]   Step 4 complete
[18:38:46] [INFO ] 
[18:38:46] [INFO ]   DONE  221wg82stk  →  train  |  9 faults  |  9 boxes
[18:38:46] [INFO ] 
[18:38:46] [INFO ] ──────────────────────────────────────────────────
[18:38:46] [INFO ]   LINE: 222wg82stk
[18:38:46] [INFO ] ──────────────────────────────────────────────────
[18:38:46] [INFO ] Dataset  : namss.L-12-82-WG.mcs.airgun
[18:38:46] [INFO ] SGY      : ../../airgun_data/namss.L-12-82-WG.mcs.airgun/Data/222wg82stk.sgy
[18:38:46] [INFO ] NAV      : ../../airgun_data/namss.L-12-82-WG.mcs.airgun/Navigation/l-12-82-wg_NAV-WGS84.csv
[18:38:46] [INFO ] SA mode  : single (seed=50)
[18:38:46] [INFO ] 
[18:38:46] [INFO ] STEP 1 — Feature extraction
[18:38:46] [INFO ]   Loading navigation...
[18:38:46] [INFO ]   Loading SEG-Y...
[18:38:47] [INFO ]   Traces: 2190  Samples: 3500  dt: 4.000 ms
[18:38:47] [INFO ]   Depth:  0.0 m → 10497.0 m
[18:38:47] [INFO ]   Matching traces to navigation...
[18:38:47] [INFO ]   NAV line matched via translation: '222wg82stk' -> '222'
[18:38:48] [INFO ]   Matched 2189 / 2190 traces
[18:38:48] [INFO ]   Bandpass filtering...
[18:38:49] [INFO ]   Computing seismic attributes...
[18:38:51] [INFO ]   Picking seafloor...
[18:38:51] [INFO ]   Seafloor depth: 6–6480 m  (439 shallow traces masked)
[18:38:51] [INFO ]   Picking horizons...
[18:38:52] [INFO ]   Computing NCC coherence (slow)...
[18:38:53] [INFO ]   Saving CNN section image...
[18:38:56] [INFO ]   Saved: 222wg82stk_section_cnn.png  (2700x1500px)
[18:38:56] [INFO ]   Step 1 complete
[18:38:56] [INFO ] 
[18:38:56] [INFO ] STEP 2 — Fault detection
[18:38:56] [INFO ]   Mode: single SA run (seed=50)
[18:39:12] [INFO ]   Detected 5 high-confidence faults
[18:39:12] [INFO ]     Fault  1 | trace ~   24 | prob=0.671
[18:39:12] [INFO ]     Fault  2 | trace ~  323 | prob=0.635
[18:39:12] [INFO ]     Fault  3 | trace ~  552 | prob=0.595
[18:39:12] [INFO ]     Fault  4 | trace ~ 1287 | prob=0.665
[18:39:12] [INFO ]     Fault  5 | trace ~ 1791 | prob=0.657
[18:39:12] [INFO ]   Step 2 complete
[18:39:12] [INFO ] 
[18:39:12] [INFO ] STEP 3 — Bounding boxes
[18:39:12] [INFO ]   Box  1 | [0, 0, 142w, 167h px]
[18:39:12] [INFO ]   Box  2 | [197, 0, 386w, 166h px]
[18:39:12] [INFO ]   Box  3 | [567, 121, 239w, 112h px]
[18:39:12] [INFO ]   Box  4 | [1367, 584, 436w, 108h px]
[18:39:12] [INFO ]   Box  5 | [2089, 672, 222w, 101h px]
[18:39:12] [INFO ]   Generated 5 boxes
[18:39:12] [INFO ]   Step 3 complete
[18:39:12] [INFO ] 
[18:39:12] [INFO ] STEP 4 — Dataset building
[18:39:12] [INFO ]   Saving labeled review image...
[18:39:13] [INFO ]   Saved: 222wg82stk_labeled.png
[18:39:13] [INFO ]   Split: train
[18:39:13] [INFO ]   Added 5 annotations to train.json
[18:39:13] [INFO ]   train.json: 151 images, 1374 annotations
[18:39:13] [INFO ]   val.json:   37 images,  338 annotations
[18:39:13] [INFO ]   Step 4 complete
[18:39:13] [INFO ] 
[18:39:13] [INFO ]   DONE  222wg82stk  →  train  |  5 faults  |  5 boxes
[18:39:13] [INFO ] 
[18:39:13] [INFO ] ──────────────────────────────────────────────────
[18:39:13] [INFO ]   LINE: 226wg82stk
[18:39:13] [INFO ] ──────────────────────────────────────────────────
[18:39:13] [INFO ] Dataset  : namss.L-12-82-WG.mcs.airgun
[18:39:13] [INFO ] SGY      : ../../airgun_data/namss.L-12-82-WG.mcs.airgun/Data/226wg82stk.sgy
[18:39:13] [INFO ] NAV      : ../../airgun_data/namss.L-12-82-WG.mcs.airgun/Navigation/l-12-82-wg_NAV-WGS84.csv
[18:39:13] [INFO ] SA mode  : single (seed=50)
[18:39:13] [INFO ] 
[18:39:13] [INFO ] STEP 1 — Feature extraction
[18:39:13] [INFO ]   Loading navigation...
[18:39:13] [INFO ]   Loading SEG-Y...
[18:39:13] [INFO ]   Traces: 254  Samples: 4000  dt: 2.000 ms
[18:39:13] [INFO ]   Depth:  0.0 m → 5998.5 m
[18:39:13] [INFO ]   Matching traces to navigation...
[18:39:13] [INFO ]   NAV line matched via translation: '226wg82stk' -> '226'
[18:39:13] [INFO ]   Matched 0 / 254 traces
[18:39:13] [ERROR] SKIPPING 226wg82stk (namss.L-12-82-WG.mcs.airgun): No traces matched navigation — check line name vs NAV file.
[18:39:13] [ERROR]   Traceback (most recent call last):
[18:39:13] [ERROR]     File "/Users/lennylukach/Personal/School/CS4100/namss/pipeline/src/pipeline.py", line 848, in <module>
[18:39:13] [ERROR]       process_line(line, sgy_path, nav_path, dataset)
[18:39:13] [ERROR]     File "/Users/lennylukach/Personal/School/CS4100/namss/pipeline/src/pipeline.py", line 431, in process_line
[18:39:13] [ERROR]       raise RuntimeError(
[18:39:13] [ERROR]   RuntimeError: No traces matched navigation — check line name vs NAV file.
[18:39:13] [INFO ] 
[18:39:13] [INFO ] ──────────────────────────────────────────────────
[18:39:13] [INFO ]   LINE: 100_1204
[18:39:13] [INFO ] ──────────────────────────────────────────────────
[18:39:13] [INFO ] Dataset  : namss.L-8-81-WG.mcs.airgun
[18:39:13] [INFO ] SGY      : ../../airgun_data/namss.L-8-81-WG.mcs.airgun/Data/100_1204.sgy
[18:39:13] [INFO ] NAV      : ../../airgun_data/namss.L-8-81-WG.mcs.airgun/Navigation/l-8-81-wg_NAV-WGS84.csv
[18:39:13] [INFO ] SA mode  : single (seed=50)
[18:39:13] [INFO ] 
[18:39:13] [INFO ] STEP 1 — Feature extraction
[18:39:13] [INFO ]   Loading navigation...
[18:39:13] [INFO ]   Loading SEG-Y...
[18:39:14] [INFO ]   Traces: 2195  Samples: 2000  dt: 4.000 ms
[18:39:14] [INFO ]   Depth:  0.0 m → 5997.0 m
[18:39:14] [INFO ]   Matching traces to navigation...
[18:39:14] [INFO ]   NAV line matched via translation: '100_1204' -> '100'
[18:39:21] [INFO ]   Matched 0 / 2195 traces
[18:39:21] [ERROR] SKIPPING 100_1204 (namss.L-8-81-WG.mcs.airgun): No traces matched navigation — check line name vs NAV file.
[18:39:21] [ERROR]   Traceback (most recent call last):
[18:39:21] [ERROR]     File "/Users/lennylukach/Personal/School/CS4100/namss/pipeline/src/pipeline.py", line 848, in <module>
[18:39:21] [ERROR]       process_line(line, sgy_path, nav_path, dataset)
[18:39:21] [ERROR]     File "/Users/lennylukach/Personal/School/CS4100/namss/pipeline/src/pipeline.py", line 431, in process_line
[18:39:21] [ERROR]       raise RuntimeError(
[18:39:21] [ERROR]   RuntimeError: No traces matched navigation — check line name vs NAV file.
[18:39:21] [INFO ] 
[18:39:21] [INFO ] ──────────────────────────────────────────────────
[18:39:21] [INFO ]   LINE: 101_1205
[18:39:21] [INFO ] ──────────────────────────────────────────────────
[18:39:21] [INFO ] Dataset  : namss.L-8-81-WG.mcs.airgun
[18:39:21] [INFO ] SGY      : ../../airgun_data/namss.L-8-81-WG.mcs.airgun/Data/101_1205.sgy
[18:39:21] [INFO ] NAV      : ../../airgun_data/namss.L-8-81-WG.mcs.airgun/Navigation/l-8-81-wg_NAV-WGS84.csv
[18:39:21] [INFO ] SA mode  : single (seed=50)
[18:39:21] [INFO ] 
[18:39:21] [INFO ] STEP 1 — Feature extraction
[18:39:21] [INFO ]   Loading navigation...
[18:39:21] [INFO ]   Loading SEG-Y...
[18:39:21] [INFO ]   Traces: 613  Samples: 2000  dt: 4.000 ms
[18:39:21] [INFO ]   Depth:  0.0 m → 5997.0 m
[18:39:21] [INFO ]   Matching traces to navigation...
[18:39:21] [INFO ]   NAV line matched via translation: '101_1205' -> '101'
[18:39:21] [INFO ]   Matched 0 / 613 traces
[18:39:21] [ERROR] SKIPPING 101_1205 (namss.L-8-81-WG.mcs.airgun): No traces matched navigation — check line name vs NAV file.
[18:39:21] [ERROR]   Traceback (most recent call last):
[18:39:21] [ERROR]     File "/Users/lennylukach/Personal/School/CS4100/namss/pipeline/src/pipeline.py", line 848, in <module>
[18:39:21] [ERROR]       process_line(line, sgy_path, nav_path, dataset)
[18:39:21] [ERROR]     File "/Users/lennylukach/Personal/School/CS4100/namss/pipeline/src/pipeline.py", line 431, in process_line
[18:39:21] [ERROR]       raise RuntimeError(
[18:39:21] [ERROR]   RuntimeError: No traces matched navigation — check line name vs NAV file.
[18:39:21] [INFO ] 
[18:39:21] [INFO ] ──────────────────────────────────────────────────
[18:39:21] [INFO ]   LINE: 102_1206
[18:39:21] [INFO ] ──────────────────────────────────────────────────
[18:39:21] [INFO ] Dataset  : namss.L-8-81-WG.mcs.airgun
[18:39:21] [INFO ] SGY      : ../../airgun_data/namss.L-8-81-WG.mcs.airgun/Data/102_1206.sgy
[18:39:21] [INFO ] NAV      : ../../airgun_data/namss.L-8-81-WG.mcs.airgun/Navigation/l-8-81-wg_NAV-WGS84.csv
[18:39:21] [INFO ] SA mode  : single (seed=50)
[18:39:21] [INFO ] 
[18:39:21] [INFO ] STEP 1 — Feature extraction
[18:39:21] [INFO ]   Loading navigation...
[18:39:21] [INFO ]   Loading SEG-Y...
[18:39:21] [INFO ]   Traces: 2796  Samples: 3500  dt: 4.000 ms
[18:39:21] [INFO ]   Depth:  0.0 m → 10497.0 m
[18:39:21] [INFO ]   Matching traces to navigation...
[18:39:21] [INFO ]   NAV line matched via translation: '102_1206' -> '102'
[18:39:21] [INFO ]   Matched 0 / 2796 traces
[18:39:21] [ERROR] SKIPPING 102_1206 (namss.L-8-81-WG.mcs.airgun): No traces matched navigation — check line name vs NAV file.
[18:39:21] [ERROR]   Traceback (most recent call last):
[18:39:21] [ERROR]     File "/Users/lennylukach/Personal/School/CS4100/namss/pipeline/src/pipeline.py", line 848, in <module>
[18:39:21] [ERROR]       process_line(line, sgy_path, nav_path, dataset)
[18:39:21] [ERROR]     File "/Users/lennylukach/Personal/School/CS4100/namss/pipeline/src/pipeline.py", line 431, in process_line
[18:39:21] [ERROR]       raise RuntimeError(
[18:39:21] [ERROR]   RuntimeError: No traces matched navigation — check line name vs NAV file.
[18:39:21] [INFO ] 
[18:39:21] [INFO ] ──────────────────────────────────────────────────
[18:39:21] [INFO ]   LINE: 103_1207
[18:39:21] [INFO ] ──────────────────────────────────────────────────
[18:39:21] [INFO ] Dataset  : namss.L-8-81-WG.mcs.airgun
[18:39:21] [INFO ] SGY      : ../../airgun_data/namss.L-8-81-WG.mcs.airgun/Data/103_1207.sgy
[18:39:21] [INFO ] NAV      : ../../airgun_data/namss.L-8-81-WG.mcs.airgun/Navigation/l-8-81-wg_NAV-WGS84.csv
[18:39:21] [INFO ] SA mode  : single (seed=50)
[18:39:21] [INFO ] 
[18:39:21] [INFO ] STEP 1 — Feature extraction
[18:39:21] [INFO ]   Loading navigation...
[18:39:21] [INFO ]   Loading SEG-Y...
[18:39:21] [INFO ]   Traces: 747  Samples: 3500  dt: 4.000 ms
[18:39:21] [INFO ]   Depth:  0.0 m → 10497.0 m
[18:39:21] [INFO ]   Matching traces to navigation...
[18:39:21] [INFO ]   NAV line matched via translation: '103_1207' -> '103'
[18:39:21] [INFO ]   Matched 0 / 747 traces
[18:39:21] [ERROR] SKIPPING 103_1207 (namss.L-8-81-WG.mcs.airgun): No traces matched navigation — check line name vs NAV file.
[18:39:21] [ERROR]   Traceback (most recent call last):
[18:39:21] [ERROR]     File "/Users/lennylukach/Personal/School/CS4100/namss/pipeline/src/pipeline.py", line 848, in <module>
[18:39:21] [ERROR]       process_line(line, sgy_path, nav_path, dataset)
[18:39:21] [ERROR]     File "/Users/lennylukach/Personal/School/CS4100/namss/pipeline/src/pipeline.py", line 431, in process_line
[18:39:21] [ERROR]       raise RuntimeError(
[18:39:21] [ERROR]   RuntimeError: No traces matched navigation — check line name vs NAV file.
[18:39:21] [INFO ] 
[18:39:21] [INFO ] ──────────────────────────────────────────────────
[18:39:21] [INFO ]   LINE: 104_1208
[18:39:21] [INFO ] ──────────────────────────────────────────────────
[18:39:21] [INFO ] Dataset  : namss.L-8-81-WG.mcs.airgun
[18:39:21] [INFO ] SGY      : ../../airgun_data/namss.L-8-81-WG.mcs.airgun/Data/104_1208.sgy
[18:39:21] [INFO ] NAV      : ../../airgun_data/namss.L-8-81-WG.mcs.airgun/Navigation/l-8-81-wg_NAV-WGS84.csv
[18:39:21] [INFO ] SA mode  : single (seed=50)
[18:39:21] [INFO ] 
[18:39:21] [INFO ] STEP 1 — Feature extraction
[18:39:21] [INFO ]   Loading navigation...
[18:39:21] [INFO ]   Loading SEG-Y...
[18:39:21] [INFO ]   Traces: 4238  Samples: 3750  dt: 4.000 ms
[18:39:21] [INFO ]   Depth:  0.0 m → 11247.0 m
[18:39:21] [INFO ]   Matching traces to navigation...
[18:39:21] [INFO ]   NAV line matched via translation: '104_1208' -> '104'
[18:39:22] [INFO ]   Matched 0 / 4238 traces
[18:39:22] [ERROR] SKIPPING 104_1208 (namss.L-8-81-WG.mcs.airgun): No traces matched navigation — check line name vs NAV file.
[18:39:22] [ERROR]   Traceback (most recent call last):
[18:39:22] [ERROR]     File "/Users/lennylukach/Personal/School/CS4100/namss/pipeline/src/pipeline.py", line 848, in <module>
[18:39:22] [ERROR]       process_line(line, sgy_path, nav_path, dataset)
[18:39:22] [ERROR]     File "/Users/lennylukach/Personal/School/CS4100/namss/pipeline/src/pipeline.py", line 431, in process_line
[18:39:22] [ERROR]       raise RuntimeError(
[18:39:22] [ERROR]   RuntimeError: No traces matched navigation — check line name vs NAV file.
[18:39:22] [INFO ] 
[18:39:22] [INFO ] ──────────────────────────────────────────────────
[18:39:22] [INFO ]   LINE: 105_1209
[18:39:22] [INFO ] ──────────────────────────────────────────────────
[18:39:22] [INFO ] Dataset  : namss.L-8-81-WG.mcs.airgun
[18:39:22] [INFO ] SGY      : ../../airgun_data/namss.L-8-81-WG.mcs.airgun/Data/105_1209.sgy
[18:39:22] [INFO ] NAV      : ../../airgun_data/namss.L-8-81-WG.mcs.airgun/Navigation/l-8-81-wg_NAV-WGS84.csv
[18:39:22] [INFO ] SA mode  : single (seed=50)
[18:39:22] [INFO ] 
[18:39:22] [INFO ] STEP 1 — Feature extraction
[18:39:22] [INFO ]   Loading navigation...
[18:39:22] [INFO ]   Loading SEG-Y...
[18:39:22] [INFO ]   Traces: 545  Samples: 2000  dt: 4.000 ms
[18:39:22] [INFO ]   Depth:  0.0 m → 5997.0 m
[18:39:22] [INFO ]   Matching traces to navigation...
[18:39:22] [INFO ]   NAV line matched via translation: '105_1209' -> '105'
[18:39:22] [INFO ]   Matched 0 / 545 traces
[18:39:22] [ERROR] SKIPPING 105_1209 (namss.L-8-81-WG.mcs.airgun): No traces matched navigation — check line name vs NAV file.
[18:39:22] [ERROR]   Traceback (most recent call last):
[18:39:22] [ERROR]     File "/Users/lennylukach/Personal/School/CS4100/namss/pipeline/src/pipeline.py", line 848, in <module>
[18:39:22] [ERROR]       process_line(line, sgy_path, nav_path, dataset)
[18:39:22] [ERROR]     File "/Users/lennylukach/Personal/School/CS4100/namss/pipeline/src/pipeline.py", line 431, in process_line
[18:39:22] [ERROR]       raise RuntimeError(
[18:39:22] [ERROR]   RuntimeError: No traces matched navigation — check line name vs NAV file.
[18:39:22] [INFO ] 
[18:39:22] [INFO ] ──────────────────────────────────────────────────
[18:39:22] [INFO ]   LINE: 106_1210
[18:39:22] [INFO ] ──────────────────────────────────────────────────
[18:39:22] [INFO ] Dataset  : namss.L-8-81-WG.mcs.airgun
[18:39:22] [INFO ] SGY      : ../../airgun_data/namss.L-8-81-WG.mcs.airgun/Data/106_1210.sgy
[18:39:22] [INFO ] NAV      : ../../airgun_data/namss.L-8-81-WG.mcs.airgun/Navigation/l-8-81-wg_NAV-WGS84.csv
[18:39:22] [INFO ] SA mode  : single (seed=50)
[18:39:22] [INFO ] 
[18:39:22] [INFO ] STEP 1 — Feature extraction
[18:39:22] [INFO ]   Loading navigation...
[18:39:22] [INFO ]   Loading SEG-Y...
[18:39:22] [INFO ]   Traces: 2436  Samples: 2250  dt: 4.000 ms
[18:39:22] [INFO ]   Depth:  0.0 m → 6747.0 m
[18:39:22] [INFO ]   Matching traces to navigation...
[18:39:22] [INFO ]   NAV line matched via translation: '106_1210' -> '106'
[18:39:22] [INFO ]   Matched 0 / 2436 traces
[18:39:22] [ERROR] SKIPPING 106_1210 (namss.L-8-81-WG.mcs.airgun): No traces matched navigation — check line name vs NAV file.
[18:39:22] [ERROR]   Traceback (most recent call last):
[18:39:22] [ERROR]     File "/Users/lennylukach/Personal/School/CS4100/namss/pipeline/src/pipeline.py", line 848, in <module>
[18:39:22] [ERROR]       process_line(line, sgy_path, nav_path, dataset)
[18:39:22] [ERROR]     File "/Users/lennylukach/Personal/School/CS4100/namss/pipeline/src/pipeline.py", line 431, in process_line
[18:39:22] [ERROR]       raise RuntimeError(
[18:39:22] [ERROR]   RuntimeError: No traces matched navigation — check line name vs NAV file.
[18:39:22] [INFO ] 
[18:39:22] [INFO ] ──────────────────────────────────────────────────
[18:39:22] [INFO ]   LINE: 107_1211
[18:39:22] [INFO ] ──────────────────────────────────────────────────
[18:39:22] [INFO ] Dataset  : namss.L-8-81-WG.mcs.airgun
[18:39:22] [INFO ] SGY      : ../../airgun_data/namss.L-8-81-WG.mcs.airgun/Data/107_1211.sgy
[18:39:22] [INFO ] NAV      : ../../airgun_data/namss.L-8-81-WG.mcs.airgun/Navigation/l-8-81-wg_NAV-WGS84.csv
[18:39:22] [INFO ] SA mode  : single (seed=50)
[18:39:22] [INFO ] 
[18:39:22] [INFO ] STEP 1 — Feature extraction
[18:39:22] [INFO ]   Loading navigation...
[18:39:22] [INFO ]   Loading SEG-Y...
[18:39:22] [INFO ]   Traces: 564  Samples: 2250  dt: 4.000 ms
[18:39:22] [INFO ]   Depth:  0.0 m → 6747.0 m
[18:39:22] [INFO ]   Matching traces to navigation...
[18:39:22] [INFO ]   NAV line matched via translation: '107_1211' -> '107'
[18:39:22] [INFO ]   Matched 0 / 564 traces
[18:39:22] [ERROR] SKIPPING 107_1211 (namss.L-8-81-WG.mcs.airgun): No traces matched navigation — check line name vs NAV file.
[18:39:22] [ERROR]   Traceback (most recent call last):
[18:39:22] [ERROR]     File "/Users/lennylukach/Personal/School/CS4100/namss/pipeline/src/pipeline.py", line 848, in <module>
[18:39:22] [ERROR]       process_line(line, sgy_path, nav_path, dataset)
[18:39:22] [ERROR]     File "/Users/lennylukach/Personal/School/CS4100/namss/pipeline/src/pipeline.py", line 431, in process_line
[18:39:22] [ERROR]       raise RuntimeError(
[18:39:22] [ERROR]   RuntimeError: No traces matched navigation — check line name vs NAV file.
[18:39:22] [INFO ] 
[18:39:22] [INFO ] ──────────────────────────────────────────────────
[18:39:22] [INFO ]   LINE: 108_1212
[18:39:22] [INFO ] ──────────────────────────────────────────────────
[18:39:22] [INFO ] Dataset  : namss.L-8-81-WG.mcs.airgun
[18:39:22] [INFO ] SGY      : ../../airgun_data/namss.L-8-81-WG.mcs.airgun/Data/108_1212.sgy
[18:39:22] [INFO ] NAV      : ../../airgun_data/namss.L-8-81-WG.mcs.airgun/Navigation/l-8-81-wg_NAV-WGS84.csv
[18:39:22] [INFO ] SA mode  : single (seed=50)
[18:39:22] [INFO ] 
[18:39:22] [INFO ] STEP 1 — Feature extraction
[18:39:22] [INFO ]   Loading navigation...
[18:39:22] [INFO ]   Loading SEG-Y...
[18:39:22] [INFO ]   Traces: 1378  Samples: 2000  dt: 4.000 ms
[18:39:22] [INFO ]   Depth:  0.0 m → 5997.0 m
[18:39:22] [INFO ]   Matching traces to navigation...
[18:39:22] [INFO ]   NAV line matched via translation: '108_1212' -> '108'
[18:39:22] [INFO ]   Matched 0 / 1378 traces
[18:39:22] [ERROR] SKIPPING 108_1212 (namss.L-8-81-WG.mcs.airgun): No traces matched navigation — check line name vs NAV file.
[18:39:22] [ERROR]   Traceback (most recent call last):
[18:39:22] [ERROR]     File "/Users/lennylukach/Personal/School/CS4100/namss/pipeline/src/pipeline.py", line 848, in <module>
[18:39:22] [ERROR]       process_line(line, sgy_path, nav_path, dataset)
[18:39:22] [ERROR]     File "/Users/lennylukach/Personal/School/CS4100/namss/pipeline/src/pipeline.py", line 431, in process_line
[18:39:22] [ERROR]       raise RuntimeError(
[18:39:22] [ERROR]   RuntimeError: No traces matched navigation — check line name vs NAV file.
[18:39:22] [INFO ] 
[18:39:22] [INFO ] ──────────────────────────────────────────────────
[18:39:22] [INFO ]   LINE: 109_1213
[18:39:22] [INFO ] ──────────────────────────────────────────────────
[18:39:22] [INFO ] Dataset  : namss.L-8-81-WG.mcs.airgun
[18:39:22] [INFO ] SGY      : ../../airgun_data/namss.L-8-81-WG.mcs.airgun/Data/109_1213.sgy
[18:39:22] [INFO ] NAV      : ../../airgun_data/namss.L-8-81-WG.mcs.airgun/Navigation/l-8-81-wg_NAV-WGS84.csv
[18:39:22] [INFO ] SA mode  : single (seed=50)
[18:39:22] [INFO ] 
[18:39:22] [INFO ] STEP 1 — Feature extraction
[18:39:22] [INFO ]   Loading navigation...
[18:39:22] [INFO ]   Loading SEG-Y...
[18:39:22] [INFO ]   Traces: 2029  Samples: 2250  dt: 4.000 ms
[18:39:22] [INFO ]   Depth:  0.0 m → 6747.0 m
[18:39:22] [INFO ]   Matching traces to navigation...
[18:39:22] [INFO ]   NAV line matched via translation: '109_1213' -> '109'
[18:39:22] [INFO ]   Matched 0 / 2029 traces
[18:39:22] [ERROR] SKIPPING 109_1213 (namss.L-8-81-WG.mcs.airgun): No traces matched navigation — check line name vs NAV file.
[18:39:22] [ERROR]   Traceback (most recent call last):
[18:39:22] [ERROR]     File "/Users/lennylukach/Personal/School/CS4100/namss/pipeline/src/pipeline.py", line 848, in <module>
[18:39:22] [ERROR]       process_line(line, sgy_path, nav_path, dataset)
[18:39:22] [ERROR]     File "/Users/lennylukach/Personal/School/CS4100/namss/pipeline/src/pipeline.py", line 431, in process_line
[18:39:22] [ERROR]       raise RuntimeError(
[18:39:22] [ERROR]   RuntimeError: No traces matched navigation — check line name vs NAV file.
[18:39:22] [INFO ] 
[18:39:22] [INFO ] ──────────────────────────────────────────────────
[18:39:22] [INFO ]   LINE: 110_1214
[18:39:22] [INFO ] ──────────────────────────────────────────────────
[18:39:22] [INFO ] Dataset  : namss.L-8-81-WG.mcs.airgun
[18:39:22] [INFO ] SGY      : ../../airgun_data/namss.L-8-81-WG.mcs.airgun/Data/110_1214.sgy
[18:39:22] [INFO ] NAV      : ../../airgun_data/namss.L-8-81-WG.mcs.airgun/Navigation/l-8-81-wg_NAV-WGS84.csv
[18:39:22] [INFO ] SA mode  : single (seed=50)
[18:39:22] [INFO ] 
[18:39:22] [INFO ] STEP 1 — Feature extraction
[18:39:22] [INFO ]   Loading navigation...
[18:39:22] [INFO ]   Loading SEG-Y...
[18:39:22] [INFO ]   Traces: 314  Samples: 2000  dt: 4.000 ms
[18:39:22] [INFO ]   Depth:  0.0 m → 5997.0 m
[18:39:22] [INFO ]   Matching traces to navigation...
[18:39:22] [INFO ]   NAV line matched via translation: '110_1214' -> '110'
[18:39:22] [INFO ]   Matched 0 / 314 traces
[18:39:22] [ERROR] SKIPPING 110_1214 (namss.L-8-81-WG.mcs.airgun): No traces matched navigation — check line name vs NAV file.
[18:39:22] [ERROR]   Traceback (most recent call last):
[18:39:22] [ERROR]     File "/Users/lennylukach/Personal/School/CS4100/namss/pipeline/src/pipeline.py", line 848, in <module>
[18:39:22] [ERROR]       process_line(line, sgy_path, nav_path, dataset)
[18:39:22] [ERROR]     File "/Users/lennylukach/Personal/School/CS4100/namss/pipeline/src/pipeline.py", line 431, in process_line
[18:39:22] [ERROR]       raise RuntimeError(
[18:39:22] [ERROR]   RuntimeError: No traces matched navigation — check line name vs NAV file.
[18:39:22] [INFO ] 
[18:39:22] [INFO ] ──────────────────────────────────────────────────
[18:39:22] [INFO ]   LINE: 111_1215
[18:39:22] [INFO ] ──────────────────────────────────────────────────
[18:39:22] [INFO ] Dataset  : namss.L-8-81-WG.mcs.airgun
[18:39:22] [INFO ] SGY      : ../../airgun_data/namss.L-8-81-WG.mcs.airgun/Data/111_1215.sgy
[18:39:22] [INFO ] NAV      : ../../airgun_data/namss.L-8-81-WG.mcs.airgun/Navigation/l-8-81-wg_NAV-WGS84.csv
[18:39:22] [INFO ] SA mode  : single (seed=50)
[18:39:22] [INFO ] 
[18:39:22] [INFO ] STEP 1 — Feature extraction
[18:39:22] [INFO ]   Loading navigation...
[18:39:22] [INFO ]   Loading SEG-Y...
[18:39:22] [INFO ]   Traces: 2421  Samples: 3750  dt: 4.000 ms
[18:39:22] [INFO ]   Depth:  0.0 m → 11247.0 m
[18:39:22] [INFO ]   Matching traces to navigation...
[18:39:22] [INFO ]   NAV line matched via translation: '111_1215' -> '111'
[18:39:22] [INFO ]   Matched 0 / 2421 traces
[18:39:22] [ERROR] SKIPPING 111_1215 (namss.L-8-81-WG.mcs.airgun): No traces matched navigation — check line name vs NAV file.
[18:39:22] [ERROR]   Traceback (most recent call last):
[18:39:22] [ERROR]     File "/Users/lennylukach/Personal/School/CS4100/namss/pipeline/src/pipeline.py", line 848, in <module>
[18:39:22] [ERROR]       process_line(line, sgy_path, nav_path, dataset)
[18:39:22] [ERROR]     File "/Users/lennylukach/Personal/School/CS4100/namss/pipeline/src/pipeline.py", line 431, in process_line
[18:39:22] [ERROR]       raise RuntimeError(
[18:39:22] [ERROR]   RuntimeError: No traces matched navigation — check line name vs NAV file.
[18:39:22] [INFO ] 
[18:39:22] [INFO ] ──────────────────────────────────────────────────
[18:39:22] [INFO ]   LINE: 112_1216
[18:39:22] [INFO ] ──────────────────────────────────────────────────
[18:39:22] [INFO ] Dataset  : namss.L-8-81-WG.mcs.airgun
[18:39:22] [INFO ] SGY      : ../../airgun_data/namss.L-8-81-WG.mcs.airgun/Data/112_1216.sgy
[18:39:22] [INFO ] NAV      : ../../airgun_data/namss.L-8-81-WG.mcs.airgun/Navigation/l-8-81-wg_NAV-WGS84.csv
[18:39:22] [INFO ] SA mode  : single (seed=50)
[18:39:22] [INFO ] 
[18:39:22] [INFO ] STEP 1 — Feature extraction
[18:39:22] [INFO ]   Loading navigation...
[18:39:22] [INFO ]   Loading SEG-Y...
[18:39:22] [INFO ]   Traces: 524  Samples: 3750  dt: 4.000 ms
[18:39:22] [INFO ]   Depth:  0.0 m → 11247.0 m
[18:39:22] [INFO ]   Matching traces to navigation...
[18:39:22] [INFO ]   NAV line matched via translation: '112_1216' -> '112'
[18:39:22] [INFO ]   Matched 0 / 524 traces
[18:39:22] [ERROR] SKIPPING 112_1216 (namss.L-8-81-WG.mcs.airgun): No traces matched navigation — check line name vs NAV file.
[18:39:22] [ERROR]   Traceback (most recent call last):
[18:39:22] [ERROR]     File "/Users/lennylukach/Personal/School/CS4100/namss/pipeline/src/pipeline.py", line 848, in <module>
[18:39:22] [ERROR]       process_line(line, sgy_path, nav_path, dataset)
[18:39:22] [ERROR]     File "/Users/lennylukach/Personal/School/CS4100/namss/pipeline/src/pipeline.py", line 431, in process_line
[18:39:22] [ERROR]       raise RuntimeError(
[18:39:22] [ERROR]   RuntimeError: No traces matched navigation — check line name vs NAV file.
[18:39:22] [INFO ] 
[18:39:22] [INFO ] ──────────────────────────────────────────────────
[18:39:22] [INFO ]   LINE: 113_1217
[18:39:22] [INFO ] ──────────────────────────────────────────────────
[18:39:22] [INFO ] Dataset  : namss.L-8-81-WG.mcs.airgun
[18:39:22] [INFO ] SGY      : ../../airgun_data/namss.L-8-81-WG.mcs.airgun/Data/113_1217.sgy
[18:39:22] [INFO ] NAV      : ../../airgun_data/namss.L-8-81-WG.mcs.airgun/Navigation/l-8-81-wg_NAV-WGS84.csv
[18:39:22] [INFO ] SA mode  : single (seed=50)
[18:39:22] [INFO ] 
[18:39:22] [INFO ] STEP 1 — Feature extraction
[18:39:22] [INFO ]   Loading navigation...
[18:39:22] [INFO ]   Loading SEG-Y...
[18:39:23] [INFO ]   Traces: 1735  Samples: 4000  dt: 4.000 ms
[18:39:23] [INFO ]   Depth:  0.0 m → 11997.0 m
[18:39:23] [INFO ]   Matching traces to navigation...
[18:39:23] [INFO ]   NAV line matched via translation: '113_1217' -> '113'
[18:39:23] [INFO ]   Matched 0 / 1735 traces
[18:39:23] [ERROR] SKIPPING 113_1217 (namss.L-8-81-WG.mcs.airgun): No traces matched navigation — check line name vs NAV file.
[18:39:23] [ERROR]   Traceback (most recent call last):
[18:39:23] [ERROR]     File "/Users/lennylukach/Personal/School/CS4100/namss/pipeline/src/pipeline.py", line 848, in <module>
[18:39:23] [ERROR]       process_line(line, sgy_path, nav_path, dataset)
[18:39:23] [ERROR]     File "/Users/lennylukach/Personal/School/CS4100/namss/pipeline/src/pipeline.py", line 431, in process_line
[18:39:23] [ERROR]       raise RuntimeError(
[18:39:23] [ERROR]   RuntimeError: No traces matched navigation — check line name vs NAV file.
[18:39:23] [INFO ] 
[18:39:23] [INFO ] ──────────────────────────────────────────────────
[18:39:23] [INFO ]   LINE: 114_1218
[18:39:23] [INFO ] ──────────────────────────────────────────────────
[18:39:23] [INFO ] Dataset  : namss.L-8-81-WG.mcs.airgun
[18:39:23] [INFO ] SGY      : ../../airgun_data/namss.L-8-81-WG.mcs.airgun/Data/114_1218.sgy
[18:39:23] [INFO ] NAV      : ../../airgun_data/namss.L-8-81-WG.mcs.airgun/Navigation/l-8-81-wg_NAV-WGS84.csv
[18:39:23] [INFO ] SA mode  : single (seed=50)
[18:39:23] [INFO ] 
[18:39:23] [INFO ] STEP 1 — Feature extraction
[18:39:23] [INFO ]   Loading navigation...
[18:39:23] [INFO ]   Loading SEG-Y...
[18:39:23] [INFO ]   Traces: 845  Samples: 2000  dt: 4.000 ms
[18:39:23] [INFO ]   Depth:  0.0 m → 5997.0 m
[18:39:23] [INFO ]   Matching traces to navigation...
[18:39:23] [INFO ]   NAV line matched via translation: '114_1218' -> '114'
[18:39:23] [INFO ]   Matched 0 / 845 traces
[18:39:23] [ERROR] SKIPPING 114_1218 (namss.L-8-81-WG.mcs.airgun): No traces matched navigation — check line name vs NAV file.
[18:39:23] [ERROR]   Traceback (most recent call last):
[18:39:23] [ERROR]     File "/Users/lennylukach/Personal/School/CS4100/namss/pipeline/src/pipeline.py", line 848, in <module>
[18:39:23] [ERROR]       process_line(line, sgy_path, nav_path, dataset)
[18:39:23] [ERROR]     File "/Users/lennylukach/Personal/School/CS4100/namss/pipeline/src/pipeline.py", line 431, in process_line
[18:39:23] [ERROR]       raise RuntimeError(
[18:39:23] [ERROR]   RuntimeError: No traces matched navigation — check line name vs NAV file.
[18:39:23] [INFO ] 
[18:39:23] [INFO ] ──────────────────────────────────────────────────
[18:39:23] [INFO ]   LINE: 115_1219
[18:39:23] [INFO ] ──────────────────────────────────────────────────
[18:39:23] [INFO ] Dataset  : namss.L-8-81-WG.mcs.airgun
[18:39:23] [INFO ] SGY      : ../../airgun_data/namss.L-8-81-WG.mcs.airgun/Data/115_1219.sgy
[18:39:23] [INFO ] NAV      : ../../airgun_data/namss.L-8-81-WG.mcs.airgun/Navigation/l-8-81-wg_NAV-WGS84.csv
[18:39:23] [INFO ] SA mode  : single (seed=50)
[18:39:23] [INFO ] 
[18:39:23] [INFO ] STEP 1 — Feature extraction
[18:39:23] [INFO ]   Loading navigation...
[18:39:23] [INFO ]   Loading SEG-Y...
[18:39:23] [INFO ]   Traces: 345  Samples: 2000  dt: 4.000 ms
[18:39:23] [INFO ]   Depth:  0.0 m → 5997.0 m
[18:39:23] [INFO ]   Matching traces to navigation...
[18:39:23] [INFO ]   NAV line matched via translation: '115_1219' -> '115'
[18:39:23] [INFO ]   Matched 0 / 345 traces
[18:39:23] [ERROR] SKIPPING 115_1219 (namss.L-8-81-WG.mcs.airgun): No traces matched navigation — check line name vs NAV file.
[18:39:23] [ERROR]   Traceback (most recent call last):
[18:39:23] [ERROR]     File "/Users/lennylukach/Personal/School/CS4100/namss/pipeline/src/pipeline.py", line 848, in <module>
[18:39:23] [ERROR]       process_line(line, sgy_path, nav_path, dataset)
[18:39:23] [ERROR]     File "/Users/lennylukach/Personal/School/CS4100/namss/pipeline/src/pipeline.py", line 431, in process_line
[18:39:23] [ERROR]       raise RuntimeError(
[18:39:23] [ERROR]   RuntimeError: No traces matched navigation — check line name vs NAV file.
[18:39:23] [INFO ] 
[18:39:23] [INFO ] ──────────────────────────────────────────────────
[18:39:23] [INFO ]   LINE: 116_1220
[18:39:23] [INFO ] ──────────────────────────────────────────────────
[18:39:23] [INFO ] Dataset  : namss.L-8-81-WG.mcs.airgun
[18:39:23] [INFO ] SGY      : ../../airgun_data/namss.L-8-81-WG.mcs.airgun/Data/116_1220.sgy
[18:39:23] [INFO ] NAV      : ../../airgun_data/namss.L-8-81-WG.mcs.airgun/Navigation/l-8-81-wg_NAV-WGS84.csv
[18:39:23] [INFO ] SA mode  : single (seed=50)
[18:39:23] [INFO ] 
[18:39:23] [INFO ] STEP 1 — Feature extraction
[18:39:23] [INFO ]   Loading navigation...
[18:39:23] [INFO ]   Loading SEG-Y...
[18:39:23] [INFO ]   Traces: 1168  Samples: 2000  dt: 4.000 ms
[18:39:23] [INFO ]   Depth:  0.0 m → 5997.0 m
[18:39:23] [INFO ]   Matching traces to navigation...
[18:39:23] [INFO ]   NAV line matched via translation: '116_1220' -> '116'
[18:39:23] [INFO ]   Matched 0 / 1168 traces
[18:39:23] [ERROR] SKIPPING 116_1220 (namss.L-8-81-WG.mcs.airgun): No traces matched navigation — check line name vs NAV file.
[18:39:23] [ERROR]   Traceback (most recent call last):
[18:39:23] [ERROR]     File "/Users/lennylukach/Personal/School/CS4100/namss/pipeline/src/pipeline.py", line 848, in <module>
[18:39:23] [ERROR]       process_line(line, sgy_path, nav_path, dataset)
[18:39:23] [ERROR]     File "/Users/lennylukach/Personal/School/CS4100/namss/pipeline/src/pipeline.py", line 431, in process_line
[18:39:23] [ERROR]       raise RuntimeError(
[18:39:23] [ERROR]   RuntimeError: No traces matched navigation — check line name vs NAV file.
[18:39:23] [INFO ] 
[18:39:23] [INFO ] ──────────────────────────────────────────────────
[18:39:23] [INFO ]   LINE: 117_1221
[18:39:23] [INFO ] ──────────────────────────────────────────────────
[18:39:23] [INFO ] Dataset  : namss.L-8-81-WG.mcs.airgun
[18:39:23] [INFO ] SGY      : ../../airgun_data/namss.L-8-81-WG.mcs.airgun/Data/117_1221.sgy
[18:39:23] [INFO ] NAV      : ../../airgun_data/namss.L-8-81-WG.mcs.airgun/Navigation/l-8-81-wg_NAV-WGS84.csv
[18:39:23] [INFO ] SA mode  : single (seed=50)
[18:39:23] [INFO ] 
[18:39:23] [INFO ] STEP 1 — Feature extraction
[18:39:23] [INFO ]   Loading navigation...
[18:39:23] [INFO ]   Loading SEG-Y...
[18:39:23] [INFO ]   Traces: 666  Samples: 2500  dt: 4.000 ms
[18:39:23] [INFO ]   Depth:  0.0 m → 7497.0 m
[18:39:23] [INFO ]   Matching traces to navigation...
[18:39:23] [INFO ]   NAV line matched via translation: '117_1221' -> '117'
[18:39:23] [INFO ]   Matched 0 / 666 traces
[18:39:23] [ERROR] SKIPPING 117_1221 (namss.L-8-81-WG.mcs.airgun): No traces matched navigation — check line name vs NAV file.
[18:39:23] [ERROR]   Traceback (most recent call last):
[18:39:23] [ERROR]     File "/Users/lennylukach/Personal/School/CS4100/namss/pipeline/src/pipeline.py", line 848, in <module>
[18:39:23] [ERROR]       process_line(line, sgy_path, nav_path, dataset)
[18:39:23] [ERROR]     File "/Users/lennylukach/Personal/School/CS4100/namss/pipeline/src/pipeline.py", line 431, in process_line
[18:39:23] [ERROR]       raise RuntimeError(
[18:39:23] [ERROR]   RuntimeError: No traces matched navigation — check line name vs NAV file.
[18:39:23] [INFO ] 
[18:39:23] [INFO ] ──────────────────────────────────────────────────
[18:39:23] [INFO ]   LINE: T2010.100.mig.1500
[18:39:23] [INFO ] ──────────────────────────────────────────────────
[18:39:23] [INFO ] Dataset  : namss.T-21-10-AT.mcs.airgun
[18:39:23] [INFO ] SGY      : ../../airgun_data/namss.T-21-10-AT.mcs.airgun/Data/T2010.100.mig.1500.sgy
[18:39:23] [INFO ] NAV      : ../../airgun_data/namss.T-21-10-AT.mcs.airgun/Navigation/T-21-10-AT_NAV-WGS84.csv
[18:39:23] [INFO ] SA mode  : single (seed=50)
[18:39:23] [INFO ] 
[18:39:23] [INFO ] STEP 1 — Feature extraction
[18:39:23] [INFO ]   Loading navigation...
[18:39:23] [INFO ]   Loading SEG-Y...
[18:39:23] [INFO ]   Traces: 4506  Samples: 5441  dt: 1.000 ms
[18:39:23] [INFO ]   Depth:  0.0 m → 4080.0 m
[18:39:23] [INFO ]   Matching traces to navigation...
[18:39:24] [INFO ]   Matched 4506 / 4506 traces
[18:39:24] [INFO ]   Bandpass filtering...
[18:39:24] [INFO ]   Computing seismic attributes...
[18:39:26] [INFO ]   Picking seafloor...
[18:39:27] [INFO ]   Seafloor depth: 179–695 m  (3619 shallow traces masked)
[18:39:27] [INFO ]   Picking horizons...
[18:39:27] [INFO ]   Computing NCC coherence (slow)...
[18:39:28] [INFO ]   Saving CNN section image...
[18:39:32] [INFO ]   Saved: T2010.100.mig.1500_section_cnn.png  (2700x1500px)
[18:39:32] [INFO ]   Step 1 complete
[18:39:32] [INFO ] 
[18:39:32] [INFO ] STEP 2 — Fault detection
[18:39:32] [INFO ]   Mode: single SA run (seed=50)
[18:40:13] [INFO ]   Detected 11 high-confidence faults
[18:40:13] [INFO ]     Fault  1 | trace ~  211 | prob=0.607
[18:40:13] [INFO ]     Fault  2 | trace ~  672 | prob=0.649
[18:40:13] [INFO ]     Fault  3 | trace ~  927 | prob=0.610
[18:40:13] [INFO ]     Fault  4 | trace ~ 1284 | prob=0.640
[18:40:13] [INFO ]     Fault  5 | trace ~ 1700 | prob=0.640
[18:40:13] [INFO ]     Fault  6 | trace ~ 2061 | prob=0.619
[18:40:13] [INFO ]     Fault  7 | trace ~ 2415 | prob=0.639
[18:40:13] [INFO ]     Fault  8 | trace ~ 2785 | prob=0.606
[18:40:13] [INFO ]     Fault  9 | trace ~ 3357 | prob=0.577
[18:40:13] [INFO ]     Fault 10 | trace ~ 3563 | prob=0.642
[18:40:13] [INFO ]     Fault 11 | trace ~ 4320 | prob=0.586
[18:40:13] [INFO ]   Step 2 complete
[18:40:13] [INFO ] 
[18:40:13] [INFO ] STEP 3 — Bounding boxes
[18:40:13] [INFO ]   Box  1 | [36, 63, 179w, 218h px]
[18:40:13] [INFO ]   Box  2 | [321, 80, 167w, 202h px]
[18:40:13] [INFO ]   Box  3 | [467, 89, 167w, 192h px]
[18:40:13] [INFO ]   Box  4 | [657, 102, 226w, 178h px]
[18:40:13] [INFO ]   Box  5 | [914, 116, 204w, 166h px]
[18:40:13] [INFO ]   Box  6 | [1140, 131, 194w, 151h px]
[18:40:13] [INFO ]   Box  7 | [1357, 153, 175w, 129h px]
[18:40:13] [INFO ]   Box  8 | [1584, 161, 181w, 121h px]
[18:40:13] [INFO ]   Box  9 | [1939, 186, 145w, 100h px]
[18:40:13] [INFO ]   Box 10 | [2076, 194, 112w, 100h px]
[18:40:13] [INFO ]   Box 11 | [2506, 226, 169w, 100h px]
[18:40:13] [INFO ]   Generated 11 boxes
[18:40:13] [INFO ]   Step 3 complete
[18:40:13] [INFO ] 
[18:40:13] [INFO ] STEP 4 — Dataset building
[18:40:13] [INFO ]   Saving labeled review image...
[18:40:14] [INFO ]   Saved: T2010.100.mig.1500_labeled.png
[18:40:14] [INFO ]   Split: train
[18:40:14] [INFO ]   Added 11 annotations to train.json
[18:40:14] [INFO ]   train.json: 152 images, 1385 annotations
[18:40:14] [INFO ]   val.json:   37 images,  338 annotations
[18:40:14] [INFO ]   Step 4 complete
[18:40:14] [INFO ] 
[18:40:14] [INFO ]   DONE  T2010.100.mig.1500  →  train  |  11 faults  |  11 boxes
[18:40:14] [INFO ] 
[18:40:14] [INFO ] ──────────────────────────────────────────────────
[18:40:14] [INFO ]   LINE: T2010.101.mig.1500
[18:40:14] [INFO ] ──────────────────────────────────────────────────
[18:40:14] [INFO ] Dataset  : namss.T-21-10-AT.mcs.airgun
[18:40:14] [INFO ] SGY      : ../../airgun_data/namss.T-21-10-AT.mcs.airgun/Data/T2010.101.mig.1500.sgy
[18:40:14] [INFO ] NAV      : ../../airgun_data/namss.T-21-10-AT.mcs.airgun/Navigation/T-21-10-AT_NAV-WGS84.csv
[18:40:14] [INFO ] SA mode  : single (seed=50)
[18:40:14] [INFO ] 
[18:40:14] [INFO ] STEP 1 — Feature extraction
[18:40:14] [INFO ]   Loading navigation...
[18:40:14] [INFO ]   Loading SEG-Y...
[18:40:15] [INFO ]   Traces: 17977  Samples: 5421  dt: 1.000 ms
[18:40:15] [INFO ]   Depth:  0.0 m → 4065.0 m
[18:40:15] [INFO ]   Matching traces to navigation...
[18:40:16] [INFO ]   Matched 17977 / 17977 traces
[18:40:16] [INFO ]   Bandpass filtering...
[18:40:23] [INFO ]   Computing seismic attributes...
[18:41:23] [INFO ]   Picking seafloor...
[18:41:24] [INFO ]   Seafloor depth: 2288–2746 m  (0 shallow traces masked)
[18:41:24] [INFO ]   Picking horizons...
[18:41:25] [INFO ]   Computing NCC coherence (slow)...
[18:41:28] [INFO ]   Saving CNN section image...
[18:41:38] [INFO ]   Saved: T2010.101.mig.1500_section_cnn.png  (2700x1500px)
[18:41:38] [INFO ]   Step 1 complete
[18:41:38] [INFO ] 
[18:41:38] [INFO ] STEP 2 — Fault detection
[18:41:38] [INFO ]   Mode: single SA run (seed=50)
[18:42:13] [INFO ]   Detected 47 high-confidence faults
[18:42:13] [INFO ]     Fault  1 | trace ~ 3480 | prob=0.700
[18:42:13] [INFO ]     Fault  2 | trace ~ 3712 | prob=0.705
[18:42:13] [INFO ]     Fault  3 | trace ~ 3924 | prob=0.646
[18:42:13] [INFO ]     Fault  4 | trace ~ 4206 | prob=0.649
[18:42:13] [INFO ]     Fault  5 | trace ~ 4461 | prob=0.684
[18:42:13] [INFO ]     Fault  6 | trace ~ 4682 | prob=0.709
[18:42:13] [INFO ]     Fault  7 | trace ~ 4888 | prob=0.674
[18:42:13] [INFO ]     Fault  8 | trace ~ 5103 | prob=0.710
[18:42:13] [INFO ]     Fault  9 | trace ~ 5367 | prob=0.677
[18:42:13] [INFO ]     Fault 10 | trace ~ 5588 | prob=0.659
[18:42:13] [INFO ]     Fault 11 | trace ~ 5855 | prob=0.598
[18:42:13] [INFO ]     Fault 12 | trace ~ 6111 | prob=0.656
[18:42:13] [INFO ]     Fault 13 | trace ~ 6380 | prob=0.694
[18:42:13] [INFO ]     Fault 14 | trace ~ 6886 | prob=0.679
[18:42:13] [INFO ]     Fault 15 | trace ~ 7118 | prob=0.665
[18:42:13] [INFO ]     Fault 16 | trace ~ 7336 | prob=0.679
[18:42:13] [INFO ]     Fault 17 | trace ~ 7704 | prob=0.684
[18:42:13] [INFO ]     Fault 18 | trace ~ 8110 | prob=0.675
[18:42:13] [INFO ]     Fault 19 | trace ~ 8383 | prob=0.673
[18:42:13] [INFO ]     Fault 20 | trace ~ 8573 | prob=0.687
[18:42:13] [INFO ]     Fault 21 | trace ~ 8773 | prob=0.716
[18:42:13] [INFO ]     Fault 22 | trace ~ 9075 | prob=0.689
[18:42:13] [INFO ]     Fault 23 | trace ~ 9337 | prob=0.706
[18:42:13] [INFO ]     Fault 24 | trace ~ 9540 | prob=0.707
[18:42:13] [INFO ]     Fault 25 | trace ~ 9748 | prob=0.647
[18:42:13] [INFO ]     Fault 26 | trace ~10092 | prob=0.654
[18:42:13] [INFO ]     Fault 27 | trace ~10339 | prob=0.657
[18:42:13] [INFO ]     Fault 28 | trace ~10646 | prob=0.642
[18:42:13] [INFO ]     Fault 29 | trace ~10956 | prob=0.704
[18:42:13] [INFO ]     Fault 30 | trace ~11230 | prob=0.657
[18:42:13] [INFO ]     Fault 31 | trace ~11426 | prob=0.620
[18:42:13] [INFO ]     Fault 32 | trace ~11734 | prob=0.691
[18:42:13] [INFO ]     Fault 33 | trace ~12041 | prob=0.675
[18:42:13] [INFO ]     Fault 34 | trace ~12246 | prob=0.678
[18:42:13] [INFO ]     Fault 35 | trace ~12564 | prob=0.698
[18:42:13] [INFO ]     Fault 36 | trace ~12866 | prob=0.669
[18:42:13] [INFO ]     Fault 37 | trace ~13161 | prob=0.655
[18:42:13] [INFO ]     Fault 38 | trace ~13487 | prob=0.650
[18:42:13] [INFO ]     Fault 39 | trace ~13730 | prob=0.646
[18:42:13] [INFO ]     Fault 40 | trace ~14128 | prob=0.641
[18:42:13] [INFO ]     Fault 41 | trace ~14545 | prob=0.664
[18:42:13] [INFO ]     Fault 42 | trace ~14960 | prob=0.665
[18:42:13] [INFO ]     Fault 43 | trace ~15294 | prob=0.639
[18:42:13] [INFO ]     Fault 44 | trace ~17035 | prob=0.670
[18:42:13] [INFO ]     Fault 45 | trace ~17252 | prob=0.676
[18:42:13] [INFO ]     Fault 46 | trace ~17489 | prob=0.657
[18:42:13] [INFO ]     Fault 47 | trace ~17824 | prob=0.661
[18:42:13] [INFO ]   Step 2 complete
[18:42:13] [INFO ] 
[18:42:13] [INFO ] STEP 3 — Bounding boxes
[18:42:13] [INFO ]   Box  1 | [477, 975, 91w, 100h px]
[18:42:13] [INFO ]   Box  2 | [514, 983, 87w, 100h px]
[18:42:13] [INFO ]   Box  3 | [546, 964, 87w, 100h px]
[18:42:13] [INFO ]   Box  4 | [588, 960, 90w, 100h px]
[18:42:13] [INFO ]   Box  5 | [626, 961, 88w, 100h px]
[18:42:13] [INFO ]   Box  6 | [659, 954, 88w, 100h px]
[18:42:13] [INFO ]   Box  7 | [686, 956, 90w, 100h px]
[18:42:13] [INFO ]   Box  8 | [723, 956, 87w, 100h px]
[18:42:13] [INFO ]   Box  9 | [759, 955, 91w, 100h px]
[18:42:13] [INFO ]   Box 10 | [793, 955, 91w, 100h px]
[18:42:13] [INFO ]   Box 11 | [836, 950, 88w, 100h px]
[18:42:13] [INFO ]   Box 12 | [873, 945, 87w, 100h px]
[18:42:13] [INFO ]   Box 13 | [915, 945, 86w, 100h px]
[18:42:13] [INFO ]   Box 14 | [990, 940, 88w, 100h px]
[18:42:13] [INFO ]   Box 15 | [1023, 940, 91w, 100h px]
[18:42:13] [INFO ]   Box 16 | [1058, 941, 90w, 100h px]
[18:42:13] [INFO ]   Box 17 | [1113, 938, 86w, 100h px]
[18:42:13] [INFO ]   Box 18 | [1175, 931, 86w, 100h px]
[18:42:13] [INFO ]   Box 19 | [1215, 927, 89w, 100h px]
[18:42:13] [INFO ]   Box 20 | [1243, 905, 91w, 100h px]
[18:42:13] [INFO ]   Box 21 | [1275, 903, 89w, 100h px]
[18:42:13] [INFO ]   Box 22 | [1319, 902, 89w, 100h px]
[18:42:13] [INFO ]   Box 23 | [1356, 898, 94w, 100h px]
[18:42:13] [INFO ]   Box 24 | [1388, 897, 89w, 100h px]
[18:42:13] [INFO ]   Box 25 | [1420, 897, 87w, 100h px]
[18:42:13] [INFO ]   Box 26 | [1470, 896, 89w, 100h px]
[18:42:13] [INFO ]   Box 27 | [1510, 897, 88w, 100h px]
[18:42:13] [INFO ]   Box 28 | [1555, 889, 88w, 100h px]
[18:42:13] [INFO ]   Box 29 | [1603, 890, 87w, 100h px]
[18:42:13] [INFO ]   Box 30 | [1639, 893, 92w, 100h px]
[18:42:13] [INFO ]   Box 31 | [1672, 893, 88w, 100h px]
[18:42:13] [INFO ]   Box 32 | [1716, 886, 89w, 100h px]
[18:42:13] [INFO ]   Box 33 | [1764, 884, 89w, 100h px]
[18:42:13] [INFO ]   Box 34 | [1795, 883, 88w, 100h px]
[18:42:13] [INFO ]   Box 35 | [1844, 877, 86w, 100h px]
[18:42:13] [INFO ]   Box 36 | [1890, 881, 88w, 100h px]
[18:42:13] [INFO ]   Box 37 | [1932, 884, 89w, 100h px]
[18:42:13] [INFO ]   Box 38 | [1979, 881, 94w, 100h px]
[18:42:13] [INFO ]   Box 39 | [2015, 878, 91w, 100h px]
[18:42:13] [INFO ]   Box 40 | [2075, 871, 91w, 100h px]
[18:42:13] [INFO ]   Box 41 | [2137, 870, 94w, 100h px]
[18:42:13] [INFO ]   Box 42 | [2203, 862, 89w, 100h px]
[18:42:13] [INFO ]   Box 43 | [2254, 857, 91w, 100h px]
[18:42:13] [INFO ]   Box 44 | [2515, 841, 88w, 100h px]
[18:42:13] [INFO ]   Box 45 | [2547, 843, 87w, 100h px]
[18:42:13] [INFO ]   Box 46 | [2582, 839, 89w, 100h px]
[18:42:13] [INFO ]   Box 47 | [2634, 824, 66w, 100h px]
[18:42:13] [INFO ]   Generated 47 boxes
[18:42:13] [INFO ]   Step 3 complete
[18:42:13] [INFO ] 
[18:42:13] [INFO ] STEP 4 — Dataset building
[18:42:13] [INFO ]   Saving labeled review image...
[18:42:14] [INFO ]   Saved: T2010.101.mig.1500_labeled.png
[18:42:14] [INFO ]   Split: train
[18:42:14] [INFO ]   Added 47 annotations to train.json
[18:42:14] [INFO ]   train.json: 153 images, 1432 annotations
[18:42:14] [INFO ]   val.json:   37 images,  338 annotations
[18:42:14] [INFO ]   Step 4 complete
[18:42:14] [INFO ] 
[18:42:14] [INFO ]   DONE  T2010.101.mig.1500  →  train  |  47 faults  |  47 boxes
[18:42:15] [INFO ] 
[18:42:15] [INFO ] ──────────────────────────────────────────────────
[18:42:15] [INFO ]   LINE: T2010.102.mig.1500
[18:42:15] [INFO ] ──────────────────────────────────────────────────
[18:42:15] [INFO ] Dataset  : namss.T-21-10-AT.mcs.airgun
[18:42:15] [INFO ] SGY      : ../../airgun_data/namss.T-21-10-AT.mcs.airgun/Data/T2010.102.mig.1500.sgy
[18:42:15] [INFO ] NAV      : ../../airgun_data/namss.T-21-10-AT.mcs.airgun/Navigation/T-21-10-AT_NAV-WGS84.csv
[18:42:15] [INFO ] SA mode  : single (seed=50)
[18:42:15] [INFO ] 
[18:42:15] [INFO ] STEP 1 — Feature extraction
[18:42:15] [INFO ]   Loading navigation...
[18:42:15] [INFO ]   Loading SEG-Y...
[18:42:15] [INFO ]   Traces: 3605  Samples: 5441  dt: 1.000 ms
[18:42:15] [INFO ]   Depth:  0.0 m → 4080.0 m
[18:42:15] [INFO ]   Matching traces to navigation...
[18:42:15] [INFO ]   Matched 3605 / 3605 traces
[18:42:15] [INFO ]   Bandpass filtering...
[18:42:16] [INFO ]   Computing seismic attributes...
[18:42:17] [INFO ]   Picking seafloor...
[18:42:18] [INFO ]   Seafloor depth: 288–596 m  (3605 shallow traces masked)
[18:42:18] [INFO ]   Picking horizons...
[18:42:18] [INFO ]   Computing NCC coherence (slow)...
[18:42:21] [INFO ]   Saving CNN section image...
[18:42:30] [INFO ]   Saved: T2010.102.mig.1500_section_cnn.png  (2700x1500px)
[18:42:30] [INFO ]   Step 1 complete
[18:42:30] [INFO ] 
[18:42:30] [INFO ] STEP 2 — Fault detection
[18:42:30] [INFO ]   Mode: single SA run (seed=50)
[18:42:50] [INFO ]   Detected 0 high-confidence faults
[18:42:50] [INFO ]   Step 2 complete
[18:42:50] [INFO ] 
[18:42:50] [INFO ] STEP 3 — Bounding boxes
[18:42:50] [INFO ]   Generated 0 boxes
[18:42:50] [INFO ]   Step 3 complete
[18:42:50] [INFO ] 
[18:42:50] [INFO ] STEP 4 — Dataset building
[18:42:50] [INFO ]   Saving labeled review image...
[18:42:52] [INFO ]   Saved: T2010.102.mig.1500_labeled.png
[18:42:52] [INFO ]   Split: train
[18:42:52] [INFO ]   Added 0 annotations to train.json
[18:42:52] [INFO ]   train.json: 154 images, 1432 annotations
[18:42:52] [INFO ]   val.json:   37 images,  338 annotations
[18:42:52] [INFO ]   Step 4 complete
[18:42:52] [INFO ] 
[18:42:52] [INFO ]   DONE  T2010.102.mig.1500  →  train  |  0 faults  |  0 boxes
[18:42:52] [INFO ] 
[18:42:52] [INFO ] ──────────────────────────────────────────────────
[18:42:52] [INFO ]   LINE: T2010.103.mig.1500
[18:42:52] [INFO ] ──────────────────────────────────────────────────
[18:42:52] [INFO ] Dataset  : namss.T-21-10-AT.mcs.airgun
[18:42:52] [INFO ] SGY      : ../../airgun_data/namss.T-21-10-AT.mcs.airgun/Data/T2010.103.mig.1500.sgy
[18:42:52] [INFO ] NAV      : ../../airgun_data/namss.T-21-10-AT.mcs.airgun/Navigation/T-21-10-AT_NAV-WGS84.csv
[18:42:52] [INFO ] SA mode  : single (seed=50)
[18:42:52] [INFO ] 
[18:42:52] [INFO ] STEP 1 — Feature extraction
[18:42:52] [INFO ]   Loading navigation...
[18:42:52] [INFO ]   Loading SEG-Y...
[18:43:11] [INFO ]   Traces: 19161  Samples: 5441  dt: 1.000 ms
[18:43:11] [INFO ]   Depth:  0.0 m → 4080.0 m
[18:43:11] [INFO ]   Matching traces to navigation...
[18:43:13] [INFO ]   Matched 19056 / 19161 traces
[18:43:13] [INFO ]   Bandpass filtering...
[18:43:14] [INFO ]   Computing seismic attributes...
[18:43:32] [INFO ]   Picking seafloor...
[18:43:42] [INFO ]   Seafloor depth: 1320–2653 m  (0 shallow traces masked)
[18:43:42] [INFO ]   Picking horizons...
[18:43:49] [INFO ]   Computing NCC coherence (slow)...
[18:44:06] [INFO ]   Saving CNN section image...
[18:44:22] [INFO ]   Saved: T2010.103.mig.1500_section_cnn.png  (2700x1500px)
[18:44:22] [INFO ]   Step 1 complete
[18:44:22] [INFO ] 
[18:44:22] [INFO ] STEP 2 — Fault detection
[18:44:22] [INFO ]   Mode: single SA run (seed=50)
[18:46:30] [INFO ]   Detected 39 high-confidence faults
[18:46:30] [INFO ]     Fault  1 | trace ~ 2288 | prob=0.610
[18:46:30] [INFO ]     Fault  2 | trace ~ 2554 | prob=0.699
[18:46:30] [INFO ]     Fault  3 | trace ~ 2785 | prob=0.619
[18:46:30] [INFO ]     Fault  4 | trace ~ 2994 | prob=0.660
[18:46:30] [INFO ]     Fault  5 | trace ~ 3244 | prob=0.700
[18:46:30] [INFO ]     Fault  6 | trace ~ 3455 | prob=0.671
[18:46:30] [INFO ]     Fault  7 | trace ~ 3819 | prob=0.688
[18:46:30] [INFO ]     Fault  8 | trace ~ 4214 | prob=0.662
[18:46:30] [INFO ]     Fault  9 | trace ~ 4504 | prob=0.619
[18:46:30] [INFO ]     Fault 10 | trace ~ 4905 | prob=0.663
[18:46:30] [INFO ]     Fault 11 | trace ~ 5091 | prob=0.658
[18:46:30] [INFO ]     Fault 12 | trace ~ 5442 | prob=0.591
[18:46:30] [INFO ]     Fault 13 | trace ~ 5842 | prob=0.633
[18:46:30] [INFO ]     Fault 14 | trace ~ 6032 | prob=0.658
[18:46:30] [INFO ]     Fault 15 | trace ~ 6265 | prob=0.640
[18:46:30] [INFO ]     Fault 16 | trace ~ 6524 | prob=0.657
[18:46:30] [INFO ]     Fault 17 | trace ~ 7756 | prob=0.615
[18:46:30] [INFO ]     Fault 18 | trace ~ 8045 | prob=0.652
[18:46:30] [INFO ]     Fault 19 | trace ~ 8452 | prob=0.636
[18:46:30] [INFO ]     Fault 20 | trace ~ 8708 | prob=0.629
[18:46:30] [INFO ]     Fault 21 | trace ~ 8986 | prob=0.629
[18:46:30] [INFO ]     Fault 22 | trace ~ 9522 | prob=0.630
[18:46:30] [INFO ]     Fault 23 | trace ~ 9807 | prob=0.646
[18:46:30] [INFO ]     Fault 24 | trace ~10469 | prob=0.624
[18:46:30] [INFO ]     Fault 25 | trace ~10769 | prob=0.627
[18:46:30] [INFO ]     Fault 26 | trace ~11189 | prob=0.603
[18:46:30] [INFO ]     Fault 27 | trace ~11820 | prob=0.679
[18:46:30] [INFO ]     Fault 28 | trace ~12089 | prob=0.639
[18:46:30] [INFO ]     Fault 29 | trace ~12342 | prob=0.642
[18:46:30] [INFO ]     Fault 30 | trace ~13012 | prob=0.649
[18:46:30] [INFO ]     Fault 31 | trace ~13341 | prob=0.648
[18:46:30] [INFO ]     Fault 32 | trace ~13556 | prob=0.658
[18:46:30] [INFO ]     Fault 33 | trace ~13973 | prob=0.625
[18:46:30] [INFO ]     Fault 34 | trace ~14257 | prob=0.650
[18:46:30] [INFO ]     Fault 35 | trace ~17686 | prob=0.743
[18:46:30] [INFO ]     Fault 36 | trace ~18235 | prob=0.724
[18:46:30] [INFO ]     Fault 37 | trace ~18494 | prob=0.715
[18:46:30] [INFO ]     Fault 38 | trace ~18773 | prob=0.762
[18:46:30] [INFO ]     Fault 39 | trace ~19031 | prob=0.696
[18:46:30] [INFO ]   Step 2 complete
[18:46:30] [INFO ] 
[18:46:30] [INFO ] STEP 3 — Bounding boxes
[18:46:30] [INFO ]   Box  1 | [279, 929, 89w, 100h px]
[18:46:30] [INFO ]   Box  2 | [319, 920, 88w, 100h px]
[18:46:30] [INFO ]   Box  3 | [351, 911, 88w, 100h px]
[18:46:30] [INFO ]   Box  4 | [382, 908, 88w, 100h px]
[18:46:30] [INFO ]   Box  5 | [415, 905, 88w, 100h px]
[18:46:30] [INFO ]   Box  6 | [446, 908, 86w, 100h px]
[18:46:30] [INFO ]   Box  7 | [498, 900, 88w, 100h px]
[18:46:30] [INFO ]   Box  8 | [554, 896, 86w, 100h px]
[18:46:30] [INFO ]   Box  9 | [594, 898, 90w, 100h px]
[18:46:30] [INFO ]   Box 10 | [653, 900, 86w, 100h px]
[18:46:30] [INFO ]   Box 11 | [678, 900, 85w, 100h px]
[18:46:30] [INFO ]   Box 12 | [725, 904, 93w, 100h px]
[18:46:30] [INFO ]   Box 13 | [783, 899, 89w, 100h px]
[18:46:30] [INFO ]   Box 14 | [811, 895, 87w, 100h px]
[18:46:30] [INFO ]   Box 15 | [844, 902, 88w, 100h px]
[18:46:30] [INFO ]   Box 16 | [882, 903, 86w, 100h px]
[18:46:30] [INFO ]   Box 17 | [1054, 893, 93w, 100h px]
[18:46:30] [INFO ]   Box 18 | [1097, 891, 86w, 100h px]
[18:46:30] [INFO ]   Box 19 | [1151, 880, 89w, 100h px]
[18:46:30] [INFO ]   Box 20 | [1190, 877, 87w, 100h px]
[18:46:30] [INFO ]   Box 21 | [1230, 866, 87w, 100h px]
[18:46:30] [INFO ]   Box 22 | [1303, 863, 92w, 100h px]
[18:46:30] [INFO ]   Box 23 | [1346, 856, 87w, 100h px]
[18:46:30] [INFO ]   Box 24 | [1440, 846, 86w, 100h px]
[18:46:30] [INFO ]   Box 25 | [1481, 840, 89w, 100h px]
[18:46:30] [INFO ]   Box 26 | [1542, 838, 88w, 100h px]
[18:46:30] [INFO ]   Box 27 | [1630, 829, 89w, 100h px]
[18:46:30] [INFO ]   Box 28 | [1669, 817, 88w, 100h px]
[18:46:30] [INFO ]   Box 29 | [1705, 810, 87w, 100h px]
[18:46:30] [INFO ]   Box 30 | [1800, 770, 88w, 100h px]
[18:46:30] [INFO ]   Box 31 | [1846, 760, 86w, 100h px]
[18:46:30] [INFO ]   Box 32 | [1877, 747, 87w, 100h px]
[18:46:30] [INFO ]   Box 33 | [1935, 735, 90w, 100h px]
[18:46:30] [INFO ]   Box 34 | [1977, 729, 88w, 100h px]
[18:46:30] [INFO ]   Box 35 | [2460, 611, 91w, 100h px]
[18:46:30] [INFO ]   Box 36 | [2539, 567, 88w, 100h px]
[18:46:30] [INFO ]   Box 37 | [2576, 541, 88w, 100h px]
[18:46:30] [INFO ]   Box 38 | [2616, 502, 84w, 100h px]
[18:46:30] [INFO ]   Box 39 | [2654, 468, 46w, 100h px]
[18:46:30] [INFO ]   Generated 39 boxes
[18:46:30] [INFO ]   Step 3 complete
[18:46:30] [INFO ] 
[18:46:30] [INFO ] STEP 4 — Dataset building
[18:46:30] [INFO ]   Saving labeled review image...
[18:46:30] [INFO ]   Saved: T2010.103.mig.1500_labeled.png
[18:46:30] [INFO ]   Split: val
[18:46:30] [INFO ]   Added 39 annotations to val.json
[18:46:30] [INFO ]   train.json: 154 images, 1432 annotations
[18:46:30] [INFO ]   val.json:   38 images,  377 annotations
[18:46:30] [INFO ]   Step 4 complete
[18:46:30] [INFO ] 
[18:46:30] [INFO ]   DONE  T2010.103.mig.1500  →  val  |  39 faults  |  39 boxes
[18:46:30] [INFO ] 
[18:46:30] [INFO ] ──────────────────────────────────────────────────
[18:46:30] [INFO ]   LINE: T2010.104.mig.1500
[18:46:30] [INFO ] ──────────────────────────────────────────────────
[18:46:30] [INFO ] Dataset  : namss.T-21-10-AT.mcs.airgun
[18:46:30] [INFO ] SGY      : ../../airgun_data/namss.T-21-10-AT.mcs.airgun/Data/T2010.104.mig.1500.sgy
[18:46:30] [INFO ] NAV      : ../../airgun_data/namss.T-21-10-AT.mcs.airgun/Navigation/T-21-10-AT_NAV-WGS84.csv
[18:46:30] [INFO ] SA mode  : single (seed=50)
[18:46:30] [INFO ] 
[18:46:30] [INFO ] STEP 1 — Feature extraction
[18:46:30] [INFO ]   Loading navigation...
[18:46:30] [INFO ]   Loading SEG-Y...
[18:46:31] [INFO ]   Traces: 5555  Samples: 4441  dt: 1.000 ms
[18:46:31] [INFO ]   Depth:  0.0 m → 3330.0 m
[18:46:31] [INFO ]   Matching traces to navigation...
[18:46:31] [INFO ]   Matched 5555 / 5555 traces
[18:46:31] [INFO ]   Bandpass filtering...
[18:46:32] [INFO ]   Computing seismic attributes...
[18:46:33] [INFO ]   Picking seafloor...
[18:46:34] [INFO ]   Seafloor depth: 248–849 m  (4047 shallow traces masked)
[18:46:34] [INFO ]   Picking horizons...
[18:46:34] [INFO ]   Computing NCC coherence (slow)...
[18:46:35] [INFO ]   Saving CNN section image...
[18:46:36] [INFO ]   Saved: T2010.104.mig.1500_section_cnn.png  (2700x1500px)
[18:46:36] [INFO ]   Step 1 complete
[18:46:36] [INFO ] 
[18:46:36] [INFO ] STEP 2 — Fault detection
[18:46:36] [INFO ]   Mode: single SA run (seed=50)
[18:46:46] [INFO ]   Detected 10 high-confidence faults
[18:46:46] [INFO ]     Fault  1 | trace ~  197 | prob=0.658
[18:46:46] [INFO ]     Fault  2 | trace ~  405 | prob=0.637
[18:46:46] [INFO ]     Fault  3 | trace ~  615 | prob=0.648
[18:46:46] [INFO ]     Fault  4 | trace ~  833 | prob=0.659
[18:46:46] [INFO ]     Fault  5 | trace ~ 1062 | prob=0.627
[18:46:46] [INFO ]     Fault  6 | trace ~ 1512 | prob=0.627
[18:46:46] [INFO ]     Fault  7 | trace ~ 3855 | prob=0.587
[18:46:46] [INFO ]     Fault  8 | trace ~ 4088 | prob=0.594
[18:46:46] [INFO ]     Fault  9 | trace ~ 4999 | prob=0.654
[18:46:46] [INFO ]     Fault 10 | trace ~ 5467 | prob=0.637
[18:46:46] [INFO ]   Step 2 complete
[18:46:46] [INFO ] 
[18:46:46] [INFO ] STEP 3 — Bounding boxes
[18:46:46] [INFO ]   Box  1 | [14, 115, 172w, 244h px]
[18:46:46] [INFO ]   Box  2 | [125, 120, 145w, 239h px]
[18:46:46] [INFO ]   Box  3 | [190, 127, 202w, 232h px]
[18:46:46] [INFO ]   Box  4 | [334, 133, 139w, 225h px]
[18:46:46] [INFO ]   Box  5 | [454, 140, 127w, 218h px]
[18:46:46] [INFO ]   Box  6 | [670, 152, 126w, 206h px]
[18:46:46] [INFO ]   Box  7 | [1821, 242, 108w, 117h px]
[18:46:46] [INFO ]   Box  8 | [1933, 264, 106w, 100h px]
[18:46:46] [INFO ]   Box  9 | [2381, 305, 101w, 100h px]
[18:46:46] [INFO ]   Box 10 | [2604, 365, 96w, 100h px]
[18:46:46] [INFO ]   Generated 10 boxes
[18:46:46] [INFO ]   Step 3 complete
[18:46:46] [INFO ] 
[18:46:46] [INFO ] STEP 4 — Dataset building
[18:46:46] [INFO ]   Saving labeled review image...
[18:46:46] [INFO ]   Saved: T2010.104.mig.1500_labeled.png
[18:46:46] [INFO ]   Split: train
[18:46:46] [INFO ]   Added 10 annotations to train.json
[18:46:46] [INFO ]   train.json: 155 images, 1442 annotations
[18:46:46] [INFO ]   val.json:   38 images,  377 annotations
[18:46:46] [INFO ]   Step 4 complete
[18:46:46] [INFO ] 
[18:46:46] [INFO ]   DONE  T2010.104.mig.1500  →  train  |  10 faults  |  10 boxes
[18:46:46] [INFO ] 
[18:46:46] [INFO ] ──────────────────────────────────────────────────
[18:46:46] [INFO ]   LINE: T2010.105.mig.1500
[18:46:46] [INFO ] ──────────────────────────────────────────────────
[18:46:46] [INFO ] Dataset  : namss.T-21-10-AT.mcs.airgun
[18:46:46] [INFO ] SGY      : ../../airgun_data/namss.T-21-10-AT.mcs.airgun/Data/T2010.105.mig.1500.sgy
[18:46:46] [INFO ] NAV      : ../../airgun_data/namss.T-21-10-AT.mcs.airgun/Navigation/T-21-10-AT_NAV-WGS84.csv
[18:46:46] [INFO ] SA mode  : single (seed=50)
[18:46:46] [INFO ] 
[18:46:46] [INFO ] STEP 1 — Feature extraction
[18:46:46] [INFO ]   Loading navigation...
[18:46:46] [INFO ]   Loading SEG-Y...
[18:46:47] [INFO ]   Traces: 4292  Samples: 4441  dt: 1.000 ms
[18:46:47] [INFO ]   Depth:  0.0 m → 3330.0 m
[18:46:47] [INFO ]   Matching traces to navigation...
[18:46:47] [INFO ]   Matched 4292 / 4292 traces
[18:46:47] [INFO ]   Bandpass filtering...
[18:46:47] [INFO ]   Computing seismic attributes...
[18:46:48] [INFO ]   Picking seafloor...
[18:46:49] [INFO ]   Seafloor depth: 2169–2395 m  (0 shallow traces masked)
[18:46:49] [INFO ]   Picking horizons...
[18:46:49] [INFO ]   Computing NCC coherence (slow)...
[18:46:50] [INFO ]   Saving CNN section image...
[18:46:51] [INFO ]   Saved: T2010.105.mig.1500_section_cnn.png  (2700x1500px)
[18:46:51] [INFO ]   Step 1 complete
[18:46:51] [INFO ] 
[18:46:51] [INFO ] STEP 2 — Fault detection
[18:46:51] [INFO ]   Mode: single SA run (seed=50)
[18:46:56] [INFO ]   Detected 8 high-confidence faults
[18:46:56] [INFO ]     Fault  1 | trace ~   60 | prob=0.663
[18:46:56] [INFO ]     Fault  2 | trace ~ 1937 | prob=0.684
[18:46:56] [INFO ]     Fault  3 | trace ~ 2236 | prob=0.720
[18:46:56] [INFO ]     Fault  4 | trace ~ 2589 | prob=0.711
[18:46:56] [INFO ]     Fault  5 | trace ~ 2962 | prob=0.677
[18:46:56] [INFO ]     Fault  6 | trace ~ 3252 | prob=0.623
[18:46:56] [INFO ]     Fault  7 | trace ~ 3515 | prob=0.742
[18:46:56] [INFO ]     Fault  8 | trace ~ 3896 | prob=0.656
[18:46:56] [INFO ]   Step 2 complete
[18:46:56] [INFO ] 
[18:46:56] [INFO ] STEP 3 — Bounding boxes
[18:46:56] [INFO ]   Box  1 | [0, 1061, 93w, 100h px]
[18:46:56] [INFO ]   Box  2 | [1153, 1052, 128w, 100h px]
[18:46:56] [INFO ]   Box  3 | [1336, 1042, 128w, 100h px]
[18:46:56] [INFO ]   Box  4 | [1570, 1028, 113w, 100h px]
[18:46:56] [INFO ]   Box  5 | [1789, 1022, 141w, 100h px]
[18:46:56] [INFO ]   Box  6 | [1994, 1008, 106w, 100h px]
[18:46:56] [INFO ]   Box  7 | [2157, 988, 113w, 100h px]
[18:46:56] [INFO ]   Box  8 | [2377, 973, 133w, 100h px]
[18:46:56] [INFO ]   Generated 8 boxes
[18:46:56] [INFO ]   Step 3 complete
[18:46:56] [INFO ] 
[18:46:56] [INFO ] STEP 4 — Dataset building
[18:46:56] [INFO ]   Saving labeled review image...
[18:46:56] [INFO ]   Saved: T2010.105.mig.1500_labeled.png
[18:46:56] [INFO ]   Split: train
[18:46:56] [INFO ]   Added 8 annotations to train.json
[18:46:56] [INFO ]   train.json: 156 images, 1450 annotations
[18:46:56] [INFO ]   val.json:   38 images,  377 annotations
[18:46:56] [INFO ]   Step 4 complete
[18:46:56] [INFO ] 
[18:46:56] [INFO ]   DONE  T2010.105.mig.1500  →  train  |  8 faults  |  8 boxes
[18:46:56] [INFO ] 
[18:46:56] [INFO ] ──────────────────────────────────────────────────
[18:46:56] [INFO ]   LINE: T2010.106.mig.1500
[18:46:56] [INFO ] ──────────────────────────────────────────────────
[18:46:56] [INFO ] Dataset  : namss.T-21-10-AT.mcs.airgun
[18:46:56] [INFO ] SGY      : ../../airgun_data/namss.T-21-10-AT.mcs.airgun/Data/T2010.106.mig.1500.sgy
[18:46:56] [INFO ] NAV      : ../../airgun_data/namss.T-21-10-AT.mcs.airgun/Navigation/T-21-10-AT_NAV-WGS84.csv
[18:46:56] [INFO ] SA mode  : single (seed=50)
[18:46:56] [INFO ] 
[18:46:56] [INFO ] STEP 1 — Feature extraction
[18:46:56] [INFO ]   Loading navigation...
[18:46:56] [INFO ]   Loading SEG-Y...
[18:46:57] [INFO ]   Traces: 16503  Samples: 4441  dt: 1.000 ms
[18:46:57] [INFO ]   Depth:  0.0 m → 3330.0 m
[18:46:57] [INFO ]   Matching traces to navigation...
[18:46:59] [INFO ]   Matched 16503 / 16503 traces
[18:46:59] [INFO ]   Bandpass filtering...
[18:47:00] [INFO ]   Computing seismic attributes...
[18:47:04] [INFO ]   Picking seafloor...
[18:47:06] [INFO ]   Seafloor depth: 1566–2173 m  (0 shallow traces masked)
[18:47:06] [INFO ]   Picking horizons...
[18:47:07] [INFO ]   Computing NCC coherence (slow)...
[18:47:10] [INFO ]   Saving CNN section image...
[18:47:14] [INFO ]   Saved: T2010.106.mig.1500_section_cnn.png  (2700x1500px)
[18:47:14] [INFO ]   Step 1 complete
[18:47:14] [INFO ] 
[18:47:14] [INFO ] STEP 2 — Fault detection
[18:47:14] [INFO ]   Mode: single SA run (seed=50)
[18:47:39] [INFO ]   Detected 25 high-confidence faults
[18:47:39] [INFO ]     Fault  1 | trace ~  206 | prob=0.637
[18:47:39] [INFO ]     Fault  2 | trace ~  426 | prob=0.640
[18:47:39] [INFO ]     Fault  3 | trace ~  743 | prob=0.566
[18:47:39] [INFO ]     Fault  4 | trace ~ 1065 | prob=0.560
[18:47:39] [INFO ]     Fault  5 | trace ~ 1365 | prob=0.613
[18:47:39] [INFO ]     Fault  6 | trace ~ 1565 | prob=0.609
[18:47:39] [INFO ]     Fault  7 | trace ~ 1922 | prob=0.649
[18:47:39] [INFO ]     Fault  8 | trace ~ 2241 | prob=0.612
[18:47:39] [INFO ]     Fault  9 | trace ~ 3278 | prob=0.604
[18:47:39] [INFO ]     Fault 10 | trace ~ 3603 | prob=0.646
[18:47:39] [INFO ]     Fault 11 | trace ~ 3940 | prob=0.633
[18:47:39] [INFO ]     Fault 12 | trace ~ 4160 | prob=0.645
[18:47:39] [INFO ]     Fault 13 | trace ~ 4373 | prob=0.640
[18:47:39] [INFO ]     Fault 14 | trace ~ 4612 | prob=0.627
[18:47:39] [INFO ]     Fault 15 | trace ~ 4928 | prob=0.666
[18:47:39] [INFO ]     Fault 16 | trace ~ 5407 | prob=0.641
[18:47:39] [INFO ]     Fault 17 | trace ~ 5630 | prob=0.574
[18:47:39] [INFO ]     Fault 18 | trace ~ 6117 | prob=0.648
[18:47:39] [INFO ]     Fault 19 | trace ~ 6393 | prob=0.680
[18:47:39] [INFO ]     Fault 20 | trace ~ 6622 | prob=0.575
[18:47:39] [INFO ]     Fault 21 | trace ~ 7655 | prob=0.578
[18:47:39] [INFO ]     Fault 22 | trace ~ 9273 | prob=0.609
[18:47:39] [INFO ]     Fault 23 | trace ~ 9478 | prob=0.684
[18:47:39] [INFO ]     Fault 24 | trace ~10526 | prob=0.606
[18:47:39] [INFO ]     Fault 25 | trace ~16285 | prob=0.597
[18:47:39] [INFO ]   Step 2 complete
[18:47:39] [INFO ] 
[18:47:39] [INFO ] STEP 3 — Bounding boxes
[18:47:39] [INFO ]   Box  1 | [0, 953, 77w, 100h px]
[18:47:39] [INFO ]   Box  2 | [28, 954, 84w, 100h px]
[18:47:39] [INFO ]   Box  3 | [74, 955, 95w, 100h px]
[18:47:39] [INFO ]   Box  4 | [132, 953, 85w, 100h px]
[18:47:39] [INFO ]   Box  5 | [177, 945, 90w, 100h px]
[18:47:39] [INFO ]   Box  6 | [212, 937, 87w, 100h px]
[18:47:39] [INFO ]   Box  7 | [271, 932, 86w, 100h px]
[18:47:39] [INFO ]   Box  8 | [320, 924, 91w, 100h px]
[18:47:39] [INFO ]   Box  9 | [491, 919, 88w, 100h px]
[18:47:39] [INFO ]   Box 10 | [544, 909, 91w, 100h px]
[18:47:39] [INFO ]   Box 11 | [600, 906, 92w, 100h px]
[18:47:39] [INFO ]   Box 12 | [636, 903, 89w, 100h px]
[18:47:39] [INFO ]   Box 13 | [672, 906, 87w, 100h px]
[18:47:39] [INFO ]   Box 14 | [709, 909, 92w, 100h px]
[18:47:39] [INFO ]   Box 15 | [762, 923, 89w, 100h px]
[18:47:39] [INFO ]   Box 16 | [842, 928, 91w, 100h px]
[18:47:39] [INFO ]   Box 17 | [878, 937, 86w, 100h px]
[18:47:39] [INFO ]   Box 18 | [958, 928, 87w, 100h px]
[18:47:39] [INFO ]   Box 19 | [1002, 923, 89w, 100h px]
[18:47:39] [INFO ]   Box 20 | [1041, 924, 87w, 100h px]
[18:47:39] [INFO ]   Box 21 | [1209, 906, 89w, 100h px]
[18:47:39] [INFO ]   Box 22 | [1473, 902, 87w, 100h px]
[18:47:39] [INFO ]   Box 23 | [1506, 905, 91w, 100h px]
[18:47:39] [INFO ]   Box 24 | [1679, 864, 91w, 100h px]
[18:47:39] [INFO ]   Box 25 | [2621, 710, 79w, 100h px]
[18:47:39] [INFO ]   Generated 25 boxes
[18:47:39] [INFO ]   Step 3 complete
[18:47:39] [INFO ] 
[18:47:39] [INFO ] STEP 4 — Dataset building
[18:47:39] [INFO ]   Saving labeled review image...
[18:47:39] [INFO ]   Saved: T2010.106.mig.1500_labeled.png
[18:47:39] [INFO ]   Split: train
[18:47:39] [INFO ]   Added 25 annotations to train.json
[18:47:39] [INFO ]   train.json: 157 images, 1475 annotations
[18:47:39] [INFO ]   val.json:   38 images,  377 annotations
[18:47:39] [INFO ]   Step 4 complete
[18:47:39] [INFO ] 
[18:47:39] [INFO ]   DONE  T2010.106.mig.1500  →  train  |  25 faults  |  25 boxes
[18:47:40] [INFO ] 
[18:47:40] [INFO ] ──────────────────────────────────────────────────
[18:47:40] [INFO ]   LINE: T2010.107.mig.1500
[18:47:40] [INFO ] ──────────────────────────────────────────────────
[18:47:40] [INFO ] Dataset  : namss.T-21-10-AT.mcs.airgun
[18:47:40] [INFO ] SGY      : ../../airgun_data/namss.T-21-10-AT.mcs.airgun/Data/T2010.107.mig.1500.sgy
[18:47:40] [INFO ] NAV      : ../../airgun_data/namss.T-21-10-AT.mcs.airgun/Navigation/T-21-10-AT_NAV-WGS84.csv
[18:47:40] [INFO ] SA mode  : single (seed=50)
[18:47:40] [INFO ] 
[18:47:40] [INFO ] STEP 1 — Feature extraction
[18:47:40] [INFO ]   Loading navigation...
[18:47:40] [INFO ]   Loading SEG-Y...
[18:47:41] [INFO ]   Traces: 16428  Samples: 4441  dt: 1.000 ms
[18:47:41] [INFO ]   Depth:  0.0 m → 3330.0 m
[18:47:41] [INFO ]   Matching traces to navigation...
[18:47:43] [INFO ]   Matched 16428 / 16428 traces
[18:47:43] [INFO ]   Bandpass filtering...
[18:47:45] [INFO ]   Computing seismic attributes...
[18:47:56] [INFO ]   Picking seafloor...
[18:47:57] [INFO ]   Seafloor depth: 1560–2044 m  (0 shallow traces masked)
[18:47:57] [INFO ]   Picking horizons...
[18:47:58] [INFO ]   Computing NCC coherence (slow)...
[18:48:00] [INFO ]   Saving CNN section image...
[18:48:04] [INFO ]   Saved: T2010.107.mig.1500_section_cnn.png  (2700x1500px)
[18:48:04] [INFO ]   Step 1 complete
[18:48:04] [INFO ] 
[18:48:04] [INFO ] STEP 2 — Fault detection
[18:48:04] [INFO ]   Mode: single SA run (seed=50)
[18:48:25] [INFO ]   Detected 18 high-confidence faults
[18:48:25] [INFO ]     Fault  1 | trace ~ 2395 | prob=0.578
[18:48:25] [INFO ]     Fault  2 | trace ~ 2646 | prob=0.725
[18:48:25] [INFO ]     Fault  3 | trace ~ 2867 | prob=0.711
[18:48:25] [INFO ]     Fault  4 | trace ~ 3133 | prob=0.645
[18:48:25] [INFO ]     Fault  5 | trace ~ 3339 | prob=0.760
[18:48:25] [INFO ]     Fault  6 | trace ~ 3568 | prob=0.732
[18:48:25] [INFO ]     Fault  7 | trace ~ 6704 | prob=0.660
[18:48:25] [INFO ]     Fault  8 | trace ~ 7014 | prob=0.805
[18:48:25] [INFO ]     Fault  9 | trace ~ 8082 | prob=0.695
[18:48:25] [INFO ]     Fault 10 | trace ~ 8462 | prob=0.728
[18:48:25] [INFO ]     Fault 11 | trace ~ 8663 | prob=0.731
[18:48:25] [INFO ]     Fault 12 | trace ~ 8878 | prob=0.667
[18:48:25] [INFO ]     Fault 13 | trace ~13010 | prob=0.654
[18:48:25] [INFO ]     Fault 14 | trace ~13244 | prob=0.823
[18:48:25] [INFO ]     Fault 15 | trace ~13873 | prob=0.685
[18:48:25] [INFO ]     Fault 16 | trace ~14195 | prob=0.782
[18:48:25] [INFO ]     Fault 17 | trace ~14803 | prob=0.810
[18:48:25] [INFO ]     Fault 18 | trace ~16398 | prob=0.649
[18:48:25] [INFO ]   Step 2 complete
[18:48:25] [INFO ] 
[18:48:25] [INFO ] STEP 3 — Bounding boxes
[18:48:25] [INFO ]   Box  1 | [350, 866, 88w, 100h px]
[18:48:25] [INFO ]   Box  2 | [390, 849, 89w, 100h px]
[18:48:25] [INFO ]   Box  3 | [428, 783, 86w, 100h px]
[18:48:25] [INFO ]   Box  4 | [471, 883, 89w, 100h px]
[18:48:25] [INFO ]   Box  5 | [505, 850, 87w, 100h px]
[18:48:25] [INFO ]   Box  6 | [539, 765, 91w, 100h px]
[18:48:25] [INFO ]   Box  7 | [1056, 841, 87w, 100h px]
[18:48:25] [INFO ]   Box  8 | [1110, 826, 87w, 100h px]
[18:48:25] [INFO ]   Box  9 | [1281, 887, 91w, 100h px]
[18:48:25] [INFO ]   Box 10 | [1347, 863, 87w, 100h px]
[18:48:25] [INFO ]   Box 11 | [1378, 810, 90w, 100h px]
[18:48:25] [INFO ]   Box 12 | [1414, 794, 89w, 100h px]
[18:48:25] [INFO ]   Box 13 | [2094, 787, 87w, 100h px]
[18:48:25] [INFO ]   Box 14 | [2131, 763, 91w, 100h px]
[18:48:25] [INFO ]   Box 15 | [2234, 846, 92w, 100h px]
[18:48:25] [INFO ]   Box 16 | [2290, 802, 86w, 100h px]
[18:48:25] [INFO ]   Box 17 | [2389, 728, 89w, 100h px]
[18:48:25] [INFO ]   Box 18 | [2652, 709, 48w, 100h px]
[18:48:25] [INFO ]   Generated 18 boxes
[18:48:25] [INFO ]   Step 3 complete
[18:48:25] [INFO ] 
[18:48:25] [INFO ] STEP 4 — Dataset building
[18:48:25] [INFO ]   Saving labeled review image...
[18:48:25] [INFO ]   Saved: T2010.107.mig.1500_labeled.png
[18:48:25] [INFO ]   Split: train
[18:48:25] [INFO ]   Added 18 annotations to train.json
[18:48:25] [INFO ]   train.json: 158 images, 1493 annotations
[18:48:25] [INFO ]   val.json:   38 images,  377 annotations
[18:48:25] [INFO ]   Step 4 complete
[18:48:25] [INFO ] 
[18:48:25] [INFO ]   DONE  T2010.107.mig.1500  →  train  |  18 faults  |  18 boxes
[18:48:25] [INFO ] 
[18:48:25] [INFO ] ──────────────────────────────────────────────────
[18:48:25] [INFO ]   LINE: T2010.108.mig.1500
[18:48:25] [INFO ] ──────────────────────────────────────────────────
[18:48:25] [INFO ] Dataset  : namss.T-21-10-AT.mcs.airgun
[18:48:25] [INFO ] SGY      : ../../airgun_data/namss.T-21-10-AT.mcs.airgun/Data/T2010.108.mig.1500.sgy
[18:48:25] [INFO ] NAV      : ../../airgun_data/namss.T-21-10-AT.mcs.airgun/Navigation/T-21-10-AT_NAV-WGS84.csv
[18:48:25] [INFO ] SA mode  : single (seed=50)
[18:48:25] [INFO ] 
[18:48:25] [INFO ] STEP 1 — Feature extraction
[18:48:25] [INFO ]   Loading navigation...
[18:48:25] [INFO ]   Loading SEG-Y...
[18:48:26] [INFO ]   Traces: 18283  Samples: 4441  dt: 1.000 ms
[18:48:26] [INFO ]   Depth:  0.0 m → 3330.0 m
[18:48:26] [INFO ]   Matching traces to navigation...
[18:48:28] [INFO ]   Matched 18283 / 18283 traces
[18:48:28] [INFO ]   Bandpass filtering...
[18:48:30] [INFO ]   Computing seismic attributes...
[18:48:37] [INFO ]   Picking seafloor...
[18:48:38] [INFO ]   Seafloor depth: 1187–1872 m  (0 shallow traces masked)
[18:48:38] [INFO ]   Picking horizons...
[18:48:39] [INFO ]   Computing NCC coherence (slow)...
[18:48:43] [INFO ]   Saving CNN section image...
[18:48:51] [INFO ]   Saved: T2010.108.mig.1500_section_cnn.png  (2700x1500px)
[18:48:51] [INFO ]   Step 1 complete
[18:48:51] [INFO ] 
[18:48:51] [INFO ] STEP 2 — Fault detection
[18:48:51] [INFO ]   Mode: single SA run (seed=50)
[18:49:14] [INFO ]   Detected 18 high-confidence faults
[18:49:14] [INFO ]     Fault  1 | trace ~ 1219 | prob=0.634
[18:49:14] [INFO ]     Fault  2 | trace ~ 1457 | prob=0.686
[18:49:14] [INFO ]     Fault  3 | trace ~ 1956 | prob=0.698
[18:49:14] [INFO ]     Fault  4 | trace ~ 2191 | prob=0.586
[18:49:14] [INFO ]     Fault  5 | trace ~ 2615 | prob=0.652
[18:49:14] [INFO ]     Fault  6 | trace ~ 3011 | prob=0.655
[18:49:14] [INFO ]     Fault  7 | trace ~ 3406 | prob=0.718
[18:49:14] [INFO ]     Fault  8 | trace ~ 7298 | prob=0.651
[18:49:14] [INFO ]     Fault  9 | trace ~ 7605 | prob=0.674
[18:49:14] [INFO ]     Fault 10 | trace ~ 7802 | prob=0.698
[18:49:14] [INFO ]     Fault 11 | trace ~ 8033 | prob=0.695
[18:49:14] [INFO ]     Fault 12 | trace ~ 8244 | prob=0.748
[18:49:14] [INFO ]     Fault 13 | trace ~ 8497 | prob=0.620
[18:49:14] [INFO ]     Fault 14 | trace ~ 9547 | prob=0.618
[18:49:14] [INFO ]     Fault 15 | trace ~ 9925 | prob=0.669
[18:49:14] [INFO ]     Fault 16 | trace ~13218 | prob=0.712
[18:49:14] [INFO ]     Fault 17 | trace ~13456 | prob=0.689
[18:49:14] [INFO ]     Fault 18 | trace ~14238 | prob=0.811
[18:49:14] [INFO ]   Step 2 complete
[18:49:14] [INFO ] 
[18:49:14] [INFO ] STEP 3 — Bounding boxes
[18:49:14] [INFO ]   Box  1 | [136, 582, 88w, 100h px]
[18:49:14] [INFO ]   Box  2 | [168, 660, 92w, 100h px]
[18:49:14] [INFO ]   Box  3 | [245, 667, 86w, 100h px]
[18:49:14] [INFO ]   Box  4 | [278, 717, 92w, 100h px]
[18:49:14] [INFO ]   Box  5 | [342, 644, 88w, 100h px]
[18:49:14] [INFO ]   Box  6 | [402, 587, 86w, 100h px]
[18:49:14] [INFO ]   Box  7 | [455, 636, 92w, 100h px]
[18:49:14] [INFO ]   Box  8 | [1033, 632, 89w, 100h px]
[18:49:14] [INFO ]   Box  9 | [1080, 653, 91w, 100h px]
[18:49:14] [INFO ]   Box 10 | [1108, 756, 87w, 100h px]
[18:49:14] [INFO ]   Box 11 | [1143, 810, 88w, 100h px]
[18:49:14] [INFO ]   Box 12 | [1174, 809, 88w, 100h px]
[18:49:14] [INFO ]   Box 13 | [1213, 666, 88w, 100h px]
[18:49:14] [INFO ]   Box 14 | [1364, 679, 89w, 100h px]
[18:49:14] [INFO ]   Box 15 | [1420, 705, 89w, 100h px]
[18:49:14] [INFO ]   Box 16 | [1909, 637, 86w, 100h px]
[18:49:14] [INFO ]   Box 17 | [1945, 750, 84w, 100h px]
[18:49:14] [INFO ]   Box 18 | [2059, 689, 86w, 100h px]
[18:49:14] [INFO ]   Generated 18 boxes
[18:49:14] [INFO ]   Step 3 complete
[18:49:14] [INFO ] 
[18:49:14] [INFO ] STEP 4 — Dataset building
[18:49:14] [INFO ]   Saving labeled review image...
[18:49:14] [INFO ]   Saved: T2010.108.mig.1500_labeled.png
[18:49:14] [INFO ]   Split: val
[18:49:14] [INFO ]   Added 18 annotations to val.json
[18:49:14] [INFO ]   train.json: 158 images, 1493 annotations
[18:49:14] [INFO ]   val.json:   39 images,  395 annotations
[18:49:14] [INFO ]   Step 4 complete
[18:49:14] [INFO ] 
[18:49:14] [INFO ]   DONE  T2010.108.mig.1500  →  val  |  18 faults  |  18 boxes
[18:49:16] [INFO ] 
[18:49:16] [INFO ] ──────────────────────────────────────────────────
[18:49:16] [INFO ]   LINE: T2010.109.mig.1500
[18:49:16] [INFO ] ──────────────────────────────────────────────────
[18:49:16] [INFO ] Dataset  : namss.T-21-10-AT.mcs.airgun
[18:49:16] [INFO ] SGY      : ../../airgun_data/namss.T-21-10-AT.mcs.airgun/Data/T2010.109.mig.1500.sgy
[18:49:16] [INFO ] NAV      : ../../airgun_data/namss.T-21-10-AT.mcs.airgun/Navigation/T-21-10-AT_NAV-WGS84.csv
[18:49:16] [INFO ] SA mode  : single (seed=50)
[18:49:16] [INFO ] 
[18:49:16] [INFO ] STEP 1 — Feature extraction
[18:49:16] [INFO ]   Loading navigation...
[18:49:16] [INFO ]   Loading SEG-Y...
[18:49:17] [INFO ]   Traces: 20764  Samples: 4441  dt: 1.000 ms
[18:49:17] [INFO ]   Depth:  0.0 m → 3330.0 m
[18:49:17] [INFO ]   Matching traces to navigation...
[18:49:19] [INFO ]   Matched 20764 / 20764 traces
[18:49:20] [INFO ]   Bandpass filtering...
[18:49:23] [INFO ]   Computing seismic attributes...
[18:49:31] [INFO ]   Picking seafloor...
[18:49:33] [INFO ]   Seafloor depth: 1227–2043 m  (0 shallow traces masked)
[18:49:33] [INFO ]   Picking horizons...
[18:49:34] [INFO ]   Computing NCC coherence (slow)...
[18:49:37] [INFO ]   Saving CNN section image...
[18:49:44] [INFO ]   Saved: T2010.109.mig.1500_section_cnn.png  (2700x1500px)
[18:49:44] [INFO ]   Step 1 complete
[18:49:44] [INFO ] 
[18:49:44] [INFO ] STEP 2 — Fault detection
[18:49:44] [INFO ]   Mode: single SA run (seed=50)
[18:50:14] [INFO ]   Detected 35 high-confidence faults
[18:50:14] [INFO ]     Fault  1 | trace ~  271 | prob=0.585
[18:50:14] [INFO ]     Fault  2 | trace ~ 2423 | prob=0.558
[18:50:14] [INFO ]     Fault  3 | trace ~ 4437 | prob=0.645
[18:50:14] [INFO ]     Fault  4 | trace ~ 5259 | prob=0.599
[18:50:14] [INFO ]     Fault  5 | trace ~ 6047 | prob=0.672
[18:50:14] [INFO ]     Fault  6 | trace ~ 6389 | prob=0.655
[18:50:14] [INFO ]     Fault  7 | trace ~ 6693 | prob=0.593
[18:50:14] [INFO ]     Fault  8 | trace ~ 6909 | prob=0.752
[18:50:14] [INFO ]     Fault  9 | trace ~ 9474 | prob=0.609
[18:50:14] [INFO ]     Fault 10 | trace ~ 9762 | prob=0.581
[18:50:14] [INFO ]     Fault 11 | trace ~10217 | prob=0.596
[18:50:14] [INFO ]     Fault 12 | trace ~11825 | prob=0.565
[18:50:14] [INFO ]     Fault 13 | trace ~12857 | prob=0.604
[18:50:14] [INFO ]     Fault 14 | trace ~13255 | prob=0.571
[18:50:14] [INFO ]     Fault 15 | trace ~13750 | prob=0.710
[18:50:14] [INFO ]     Fault 16 | trace ~13957 | prob=0.577
[18:50:14] [INFO ]     Fault 17 | trace ~14412 | prob=0.598
[18:50:14] [INFO ]     Fault 18 | trace ~14757 | prob=0.587
[18:50:14] [INFO ]     Fault 19 | trace ~15222 | prob=0.587
[18:50:14] [INFO ]     Fault 20 | trace ~15710 | prob=0.599
[18:50:14] [INFO ]     Fault 21 | trace ~16037 | prob=0.603
[18:50:14] [INFO ]     Fault 22 | trace ~16757 | prob=0.625
[18:50:14] [INFO ]     Fault 23 | trace ~17223 | prob=0.641
[18:50:14] [INFO ]     Fault 24 | trace ~17609 | prob=0.628
[18:50:14] [INFO ]     Fault 25 | trace ~17810 | prob=0.579
[18:50:14] [INFO ]     Fault 26 | trace ~18268 | prob=0.570
[18:50:14] [INFO ]     Fault 27 | trace ~18584 | prob=0.613
[18:50:14] [INFO ]     Fault 28 | trace ~18954 | prob=0.583
[18:50:14] [INFO ]     Fault 29 | trace ~19367 | prob=0.634
[18:50:14] [INFO ]     Fault 30 | trace ~19598 | prob=0.605
[18:50:14] [INFO ]     Fault 31 | trace ~19807 | prob=0.661
[18:50:14] [INFO ]     Fault 32 | trace ~20052 | prob=0.598
[18:50:14] [INFO ]     Fault 33 | trace ~20278 | prob=0.560
[18:50:14] [INFO ]     Fault 34 | trace ~20498 | prob=0.650
[18:50:14] [INFO ]     Fault 35 | trace ~20724 | prob=0.644
[18:50:14] [INFO ]   Step 2 complete
[18:50:14] [INFO ] 
[18:50:14] [INFO ] STEP 3 — Bounding boxes
[18:50:14] [INFO ]   Box  1 | [0, 574, 78w, 100h px]
[18:50:14] [INFO ]   Box  2 | [271, 610, 88w, 100h px]
[18:50:14] [INFO ]   Box  3 | [534, 656, 85w, 100h px]
[18:50:14] [INFO ]   Box  4 | [639, 672, 89w, 100h px]
[18:50:14] [INFO ]   Box  5 | [742, 682, 88w, 100h px]
[18:50:14] [INFO ]   Box  6 | [787, 710, 87w, 100h px]
[18:50:14] [INFO ]   Box  7 | [827, 778, 86w, 100h px]
[18:50:14] [INFO ]   Box  8 | [856, 771, 85w, 100h px]
[18:50:14] [INFO ]   Box  9 | [1190, 771, 86w, 100h px]
[18:50:14] [INFO ]   Box 10 | [1226, 792, 86w, 100h px]
[18:50:14] [INFO ]   Box 11 | [1283, 803, 89w, 100h px]
[18:50:14] [INFO ]   Box 12 | [1494, 822, 87w, 100h px]
[18:50:14] [INFO ]   Box 13 | [1630, 826, 85w, 100h px]
[18:50:14] [INFO ]   Box 14 | [1680, 825, 87w, 100h px]
[18:50:14] [INFO ]   Box 15 | [1744, 815, 88w, 100h px]
[18:50:14] [INFO ]   Box 16 | [1772, 804, 86w, 100h px]
[18:50:14] [INFO ]   Box 17 | [1831, 801, 87w, 100h px]
[18:50:14] [INFO ]   Box 18 | [1875, 797, 88w, 100h px]
[18:50:14] [INFO ]   Box 19 | [1935, 813, 87w, 100h px]
[18:50:14] [INFO ]   Box 20 | [2000, 811, 87w, 100h px]
[18:50:14] [INFO ]   Box 21 | [2042, 815, 87w, 100h px]
[18:50:14] [INFO ]   Box 22 | [2136, 825, 89w, 100h px]
[18:50:14] [INFO ]   Box 23 | [2196, 845, 89w, 100h px]
[18:50:14] [INFO ]   Box 24 | [2245, 858, 88w, 100h px]
[18:50:14] [INFO ]   Box 25 | [2274, 854, 84w, 100h px]
[18:50:14] [INFO ]   Box 26 | [2333, 867, 84w, 100h px]
[18:50:14] [INFO ]   Box 27 | [2374, 880, 88w, 100h px]
[18:50:14] [INFO ]   Box 28 | [2420, 878, 87w, 100h px]
[18:50:14] [INFO ]   Box 29 | [2475, 882, 86w, 100h px]
[18:50:14] [INFO ]   Box 30 | [2506, 893, 87w, 100h px]
[18:50:14] [INFO ]   Box 31 | [2532, 892, 86w, 100h px]
[18:50:14] [INFO ]   Box 32 | [2565, 894, 85w, 100h px]
[18:50:14] [INFO ]   Box 33 | [2593, 891, 89w, 100h px]
[18:50:14] [INFO ]   Box 34 | [2622, 899, 78w, 100h px]
[18:50:14] [INFO ]   Box 35 | [2651, 896, 49w, 100h px]
[18:50:14] [INFO ]   Generated 35 boxes
[18:50:14] [INFO ]   Step 3 complete
[18:50:14] [INFO ] 
[18:50:14] [INFO ] STEP 4 — Dataset building
[18:50:14] [INFO ]   Saving labeled review image...
[18:50:15] [INFO ]   Saved: T2010.109.mig.1500_labeled.png
[18:50:15] [INFO ]   Split: train
[18:50:15] [INFO ]   Added 35 annotations to train.json
[18:50:15] [INFO ]   train.json: 159 images, 1528 annotations
[18:50:15] [INFO ]   val.json:   39 images,  395 annotations
[18:50:15] [INFO ]   Step 4 complete
[18:50:15] [INFO ] 
[18:50:15] [INFO ]   DONE  T2010.109.mig.1500  →  train  |  35 faults  |  35 boxes
[18:50:16] [INFO ] 
[18:50:16] [INFO ] ──────────────────────────────────────────────────
[18:50:16] [INFO ]   LINE: T2010.110.mig.1500
[18:50:16] [INFO ] ──────────────────────────────────────────────────
[18:50:16] [INFO ] Dataset  : namss.T-21-10-AT.mcs.airgun
[18:50:16] [INFO ] SGY      : ../../airgun_data/namss.T-21-10-AT.mcs.airgun/Data/T2010.110.mig.1500.sgy
[18:50:16] [INFO ] NAV      : ../../airgun_data/namss.T-21-10-AT.mcs.airgun/Navigation/T-21-10-AT_NAV-WGS84.csv
[18:50:16] [INFO ] SA mode  : single (seed=50)
[18:50:16] [INFO ] 
[18:50:16] [INFO ] STEP 1 — Feature extraction
[18:50:16] [INFO ]   Loading navigation...
[18:50:16] [INFO ]   Loading SEG-Y...
[18:50:17] [INFO ]   Traces: 20175  Samples: 4441  dt: 1.000 ms
[18:50:17] [INFO ]   Depth:  0.0 m → 3330.0 m
[18:50:17] [INFO ]   Matching traces to navigation...
[18:50:19] [INFO ]   Matched 20175 / 20175 traces
[18:50:19] [INFO ]   Bandpass filtering...
[18:50:20] [INFO ]   Computing seismic attributes...
[18:50:31] [INFO ]   Picking seafloor...
[18:50:33] [INFO ]   Seafloor depth: 657–953 m  (0 shallow traces masked)
[18:50:33] [INFO ]   Picking horizons...
[18:50:34] [INFO ]   Computing NCC coherence (slow)...
[18:50:37] [INFO ]   Saving CNN section image...
[18:50:43] [INFO ]   Saved: T2010.110.mig.1500_section_cnn.png  (2700x1500px)
[18:50:43] [INFO ]   Step 1 complete
[18:50:43] [INFO ] 
[18:50:43] [INFO ] STEP 2 — Fault detection
[18:50:43] [INFO ]   Mode: single SA run (seed=50)
[18:51:10] [INFO ]   Detected 25 high-confidence faults
[18:51:10] [INFO ]     Fault  1 | trace ~ 1396 | prob=0.623
[18:51:10] [INFO ]     Fault  2 | trace ~ 1629 | prob=0.676
[18:51:10] [INFO ]     Fault  3 | trace ~ 2007 | prob=0.646
[18:51:10] [INFO ]     Fault  4 | trace ~ 3792 | prob=0.673
[18:51:10] [INFO ]     Fault  5 | trace ~ 4910 | prob=0.575
[18:51:10] [INFO ]     Fault  6 | trace ~ 5172 | prob=0.606
[18:51:10] [INFO ]     Fault  7 | trace ~ 5686 | prob=0.742
[18:51:10] [INFO ]     Fault  8 | trace ~ 6023 | prob=0.597
[18:51:10] [INFO ]     Fault  9 | trace ~ 6648 | prob=0.627
[18:51:10] [INFO ]     Fault 10 | trace ~ 7171 | prob=0.653
[18:51:10] [INFO ]     Fault 11 | trace ~ 9535 | prob=0.587
[18:51:10] [INFO ]     Fault 12 | trace ~ 9767 | prob=0.575
[18:51:10] [INFO ]     Fault 13 | trace ~10059 | prob=0.605
[18:51:10] [INFO ]     Fault 14 | trace ~12431 | prob=0.594
[18:51:10] [INFO ]     Fault 15 | trace ~13226 | prob=0.613
[18:51:10] [INFO ]     Fault 16 | trace ~13782 | prob=0.583
[18:51:10] [INFO ]     Fault 17 | trace ~14965 | prob=0.612
[18:51:10] [INFO ]     Fault 18 | trace ~15252 | prob=0.586
[18:51:10] [INFO ]     Fault 19 | trace ~15503 | prob=0.591
[18:51:10] [INFO ]     Fault 20 | trace ~15752 | prob=0.607
[18:51:10] [INFO ]     Fault 21 | trace ~16021 | prob=0.638
[18:51:10] [INFO ]     Fault 22 | trace ~16237 | prob=0.693
[18:51:10] [INFO ]     Fault 23 | trace ~17207 | prob=0.654
[18:51:10] [INFO ]     Fault 24 | trace ~17492 | prob=0.745
[18:51:10] [INFO ]     Fault 25 | trace ~19038 | prob=0.697
[18:51:10] [INFO ]   Step 2 complete
[18:51:10] [INFO ] 
[18:51:10] [INFO ] STEP 3 — Bounding boxes
[18:51:10] [INFO ]   Box  1 | [143, 315, 90w, 100h px]
[18:51:10] [INFO ]   Box  2 | [174, 350, 87w, 100h px]
[18:51:10] [INFO ]   Box  3 | [226, 323, 85w, 100h px]
[18:51:10] [INFO ]   Box  4 | [463, 318, 87w, 100h px]
[18:51:10] [INFO ]   Box  5 | [611, 337, 94w, 100h px]
[18:51:10] [INFO ]   Box  6 | [649, 326, 86w, 100h px]
[18:51:10] [INFO ]   Box  7 | [715, 411, 88w, 100h px]
[18:51:10] [INFO ]   Box  8 | [762, 356, 89w, 105h px]
[18:51:10] [INFO ]   Box  9 | [847, 350, 86w, 100h px]
[18:51:10] [INFO ]   Box 10 | [915, 351, 88w, 100h px]
[18:51:10] [INFO ]   Box 11 | [1232, 362, 88w, 100h px]
[18:51:10] [INFO ]   Box 12 | [1264, 363, 87w, 100h px]
[18:51:10] [INFO ]   Box 13 | [1298, 362, 91w, 100h px]
[18:51:10] [INFO ]   Box 14 | [1615, 344, 95w, 100h px]
[18:51:10] [INFO ]   Box 15 | [1722, 341, 90w, 100h px]
[18:51:10] [INFO ]   Box 16 | [1801, 335, 87w, 100h px]
[18:51:10] [INFO ]   Box 17 | [1960, 341, 85w, 100h px]
[18:51:10] [INFO ]   Box 18 | [1998, 328, 85w, 100h px]
[18:51:10] [INFO ]   Box 19 | [2031, 325, 90w, 100h px]
[18:51:10] [INFO ]   Box 20 | [2065, 331, 87w, 100h px]
[18:51:10] [INFO ]   Box 21 | [2100, 334, 86w, 100h px]
[18:51:10] [INFO ]   Box 22 | [2129, 357, 87w, 100h px]
[18:51:10] [INFO ]   Box 23 | [2260, 306, 87w, 100h px]
[18:51:10] [INFO ]   Box 24 | [2299, 307, 86w, 100h px]
[18:51:10] [INFO ]   Box 25 | [2503, 300, 87w, 100h px]
[18:51:10] [INFO ]   Generated 25 boxes
[18:51:10] [INFO ]   Step 3 complete
[18:51:10] [INFO ] 
[18:51:10] [INFO ] STEP 4 — Dataset building
[18:51:10] [INFO ]   Saving labeled review image...
[18:51:10] [INFO ]   Saved: T2010.110.mig.1500_labeled.png
[18:51:10] [INFO ]   Split: train
[18:51:11] [INFO ]   Added 25 annotations to train.json
[18:51:11] [INFO ]   train.json: 160 images, 1553 annotations
[18:51:11] [INFO ]   val.json:   39 images,  395 annotations
[18:51:11] [INFO ]   Step 4 complete
[18:51:11] [INFO ] 
[18:51:11] [INFO ]   DONE  T2010.110.mig.1500  →  train  |  25 faults  |  25 boxes
[18:51:12] [INFO ] 
[18:51:12] [INFO ] ──────────────────────────────────────────────────
[18:51:12] [INFO ]   LINE: T2010.1100.mig.1500
[18:51:12] [INFO ] ──────────────────────────────────────────────────
[18:51:12] [INFO ] Dataset  : namss.T-21-10-AT.mcs.airgun
[18:51:12] [INFO ] SGY      : ../../airgun_data/namss.T-21-10-AT.mcs.airgun/Data/T2010.1100.mig.1500.sgy
[18:51:12] [INFO ] NAV      : ../../airgun_data/namss.T-21-10-AT.mcs.airgun/Navigation/T-21-10-AT_NAV-WGS84.csv
[18:51:12] [INFO ] SA mode  : single (seed=50)
[18:51:12] [INFO ] 
[18:51:12] [INFO ] STEP 1 — Feature extraction
[18:51:12] [INFO ]   Loading navigation...
[18:51:12] [INFO ]   Loading SEG-Y...
[18:51:12] [INFO ]   Traces: 1949  Samples: 5441  dt: 1.000 ms
[18:51:12] [INFO ]   Depth:  0.0 m → 4080.0 m
[18:51:12] [INFO ]   Matching traces to navigation...
[18:51:12] [INFO ]   Matched 1949 / 1949 traces
[18:51:12] [INFO ]   Bandpass filtering...
[18:51:12] [INFO ]   Computing seismic attributes...
[18:51:13] [INFO ]   Picking seafloor...
[18:51:13] [INFO ]   Seafloor depth: 725–998 m  (0 shallow traces masked)
[18:51:13] [INFO ]   Picking horizons...
[18:51:13] [INFO ]   Computing NCC coherence (slow)...
[18:51:14] [INFO ]   Saving CNN section image...
[18:51:16] [INFO ]   Saved: T2010.1100.mig.1500_section_cnn.png  (2700x1500px)
[18:51:16] [INFO ]   Step 1 complete
[18:51:16] [INFO ] 
[18:51:16] [INFO ] STEP 2 — Fault detection
[18:51:16] [INFO ]   Mode: single SA run (seed=50)
[18:51:19] [INFO ]   Detected 6 high-confidence faults
[18:51:19] [INFO ]     Fault  1 | trace ~  163 | prob=0.589
[18:51:19] [INFO ]     Fault  2 | trace ~  366 | prob=0.601
[18:51:19] [INFO ]     Fault  3 | trace ~  831 | prob=0.593
[18:51:19] [INFO ]     Fault  4 | trace ~ 1287 | prob=0.607
[18:51:19] [INFO ]     Fault  5 | trace ~ 1639 | prob=0.573
[18:51:19] [INFO ]     Fault  6 | trace ~ 1900 | prob=0.605
[18:51:19] [INFO ]   Step 2 complete
[18:51:19] [INFO ] 
[18:51:19] [INFO ] STEP 3 — Bounding boxes
[18:51:19] [INFO ]   Box  1 | [139, 252, 165w, 100h px]
[18:51:19] [INFO ]   Box  2 | [394, 270, 221w, 100h px]
[18:51:19] [INFO ]   Box  3 | [1017, 293, 250w, 100h px]
[18:51:19] [INFO ]   Box  4 | [1700, 317, 179w, 100h px]
[18:51:19] [INFO ]   Box  5 | [2111, 334, 316w, 100h px]
[18:51:19] [INFO ]   Box  6 | [2547, 344, 153w, 100h px]
[18:51:19] [INFO ]   Generated 6 boxes
[18:51:19] [INFO ]   Step 3 complete
[18:51:19] [INFO ] 
[18:51:19] [INFO ] STEP 4 — Dataset building
[18:51:19] [INFO ]   Saving labeled review image...
[18:51:19] [INFO ]   Saved: T2010.1100.mig.1500_labeled.png
[18:51:19] [INFO ]   Split: train
[18:51:19] [INFO ]   Added 6 annotations to train.json
[18:51:19] [INFO ]   train.json: 161 images, 1559 annotations
[18:51:19] [INFO ]   val.json:   39 images,  395 annotations
[18:51:19] [INFO ]   Step 4 complete
[18:51:19] [INFO ] 
[18:51:19] [INFO ]   DONE  T2010.1100.mig.1500  →  train  |  6 faults  |  6 boxes
[18:51:19] [INFO ] 
[18:51:19] [INFO ] ──────────────────────────────────────────────────
[18:51:19] [INFO ]   LINE: T2010.1101.mig.1500
[18:51:19] [INFO ] ──────────────────────────────────────────────────
[18:51:19] [INFO ] Dataset  : namss.T-21-10-AT.mcs.airgun
[18:51:19] [INFO ] SGY      : ../../airgun_data/namss.T-21-10-AT.mcs.airgun/Data/T2010.1101.mig.1500.sgy
[18:51:19] [INFO ] NAV      : ../../airgun_data/namss.T-21-10-AT.mcs.airgun/Navigation/T-21-10-AT_NAV-WGS84.csv
[18:51:19] [INFO ] SA mode  : single (seed=50)
[18:51:19] [INFO ] 
[18:51:19] [INFO ] STEP 1 — Feature extraction
[18:51:19] [INFO ]   Loading navigation...
[18:51:19] [INFO ]   Loading SEG-Y...
[18:51:20] [INFO ]   Traces: 13676  Samples: 5441  dt: 1.000 ms
[18:51:20] [INFO ]   Depth:  0.0 m → 4080.0 m
[18:51:20] [INFO ]   Matching traces to navigation...
[18:51:21] [INFO ]   Matched 13676 / 13676 traces
[18:51:21] [INFO ]   Bandpass filtering...
[18:51:22] [INFO ]   Computing seismic attributes...
[18:51:35] [INFO ]   Picking seafloor...
[18:51:36] [INFO ]   Seafloor depth: 180–2232 m  (3355 shallow traces masked)
[18:51:36] [INFO ]   Picking horizons...
[18:51:37] [INFO ]   Computing NCC coherence (slow)...
[18:51:39] [INFO ]   Saving CNN section image...
[18:51:43] [INFO ]   Saved: T2010.1101.mig.1500_section_cnn.png  (2700x1500px)
[18:51:43] [INFO ]   Step 1 complete
[18:51:43] [INFO ] 
[18:51:43] [INFO ] STEP 2 — Fault detection
[18:51:43] [INFO ]   Mode: single SA run (seed=50)
[18:52:05] [INFO ]   Detected 18 high-confidence faults
[18:52:05] [INFO ]     Fault  1 | trace ~  239 | prob=0.677
[18:52:05] [INFO ]     Fault  2 | trace ~ 1294 | prob=0.570
[18:52:05] [INFO ]     Fault  3 | trace ~ 1693 | prob=0.603
[18:52:05] [INFO ]     Fault  4 | trace ~ 1888 | prob=0.640
[18:52:05] [INFO ]     Fault  5 | trace ~ 2662 | prob=0.625
[18:52:05] [INFO ]     Fault  6 | trace ~ 3254 | prob=0.622
[18:52:05] [INFO ]     Fault  7 | trace ~ 6771 | prob=0.590
[18:52:05] [INFO ]     Fault  8 | trace ~ 7008 | prob=0.753
[18:52:05] [INFO ]     Fault  9 | trace ~ 7293 | prob=0.693
[18:52:05] [INFO ]     Fault 10 | trace ~ 7553 | prob=0.677
[18:52:05] [INFO ]     Fault 11 | trace ~ 7780 | prob=0.682
[18:52:05] [INFO ]     Fault 12 | trace ~ 8000 | prob=0.722
[18:52:05] [INFO ]     Fault 13 | trace ~ 8357 | prob=0.631
[18:52:05] [INFO ]     Fault 14 | trace ~ 8690 | prob=0.582
[18:52:05] [INFO ]     Fault 15 | trace ~ 8948 | prob=0.620
[18:52:05] [INFO ]     Fault 16 | trace ~ 9132 | prob=0.639
[18:52:05] [INFO ]     Fault 17 | trace ~ 9636 | prob=0.597
[18:52:05] [INFO ]     Fault 18 | trace ~13481 | prob=0.622
[18:52:05] [INFO ]   Step 2 complete
[18:52:05] [INFO ] 
[18:52:05] [INFO ] STEP 3 — Bounding boxes
[18:52:05] [INFO ]   Box  1 | [0, 776, 95w, 100h px]
[18:52:05] [INFO ]   Box  2 | [210, 727, 94w, 100h px]
[18:52:05] [INFO ]   Box  3 | [288, 707, 90w, 100h px]
[18:52:05] [INFO ]   Box  4 | [327, 695, 91w, 100h px]
[18:52:05] [INFO ]   Box  5 | [482, 657, 88w, 100h px]
[18:52:05] [INFO ]   Box  6 | [597, 625, 91w, 100h px]
[18:52:05] [INFO ]   Box  7 | [1292, 443, 89w, 100h px]
[18:52:05] [INFO ]   Box  8 | [1338, 442, 94w, 100h px]
[18:52:05] [INFO ]   Box  9 | [1396, 398, 90w, 100h px]
[18:52:05] [INFO ]   Box 10 | [1444, 377, 99w, 100h px]
[18:52:05] [INFO ]   Box 11 | [1493, 358, 88w, 100h px]
[18:52:05] [INFO ]   Box 12 | [1535, 335, 93w, 100h px]
[18:52:05] [INFO ]   Box 13 | [1606, 304, 91w, 100h px]
[18:52:05] [INFO ]   Box 14 | [1670, 288, 91w, 100h px]
[18:52:05] [INFO ]   Box 15 | [1722, 271, 89w, 100h px]
[18:52:05] [INFO ]   Box 16 | [1757, 260, 91w, 100h px]
[18:52:05] [INFO ]   Box 17 | [1859, 232, 88w, 100h px]
[18:52:05] [INFO ]   Box 18 | [2614, 75, 86w, 214h px]
[18:52:05] [INFO ]   Generated 18 boxes
[18:52:05] [INFO ]   Step 3 complete
[18:52:05] [INFO ] 
[18:52:05] [INFO ] STEP 4 — Dataset building
[18:52:05] [INFO ]   Saving labeled review image...
[18:52:05] [INFO ]   Saved: T2010.1101.mig.1500_labeled.png
[18:52:05] [INFO ]   Split: train
[18:52:05] [INFO ]   Added 18 annotations to train.json
[18:52:05] [INFO ]   train.json: 162 images, 1577 annotations
[18:52:05] [INFO ]   val.json:   39 images,  395 annotations
[18:52:05] [INFO ]   Step 4 complete
[18:52:05] [INFO ] 
[18:52:05] [INFO ]   DONE  T2010.1101.mig.1500  →  train  |  18 faults  |  18 boxes
[18:52:06] [INFO ] 
[18:52:06] [INFO ] ──────────────────────────────────────────────────
[18:52:06] [INFO ]   LINE: T2010.1103.mig.1500
[18:52:06] [INFO ] ──────────────────────────────────────────────────
[18:52:06] [INFO ] Dataset  : namss.T-21-10-AT.mcs.airgun
[18:52:06] [INFO ] SGY      : ../../airgun_data/namss.T-21-10-AT.mcs.airgun/Data/T2010.1103.mig.1500.sgy
[18:52:06] [INFO ] NAV      : ../../airgun_data/namss.T-21-10-AT.mcs.airgun/Navigation/T-21-10-AT_NAV-WGS84.csv
[18:52:06] [INFO ] SA mode  : single (seed=50)
[18:52:06] [INFO ] 
[18:52:06] [INFO ] STEP 1 — Feature extraction
[18:52:06] [INFO ]   Loading navigation...
[18:52:06] [INFO ]   Loading SEG-Y...
[18:52:06] [INFO ]   Traces: 7078  Samples: 5441  dt: 1.000 ms
[18:52:06] [INFO ]   Depth:  0.0 m → 4080.0 m
[18:52:06] [INFO ]   Matching traces to navigation...
[18:52:07] [INFO ]   Matched 7078 / 7078 traces
[18:52:07] [INFO ]   Bandpass filtering...
[18:52:08] [INFO ]   Computing seismic attributes...
[18:52:11] [INFO ]   Picking seafloor...
[18:52:12] [INFO ]   Seafloor depth: 279–1231 m  (3427 shallow traces masked)
[18:52:12] [INFO ]   Picking horizons...
[18:52:12] [INFO ]   Computing NCC coherence (slow)...
[18:52:13] [INFO ]   Saving CNN section image...
[18:52:16] [INFO ]   Saved: T2010.1103.mig.1500_section_cnn.png  (2700x1500px)
[18:52:16] [INFO ]   Step 1 complete
[18:52:16] [INFO ] 
[18:52:16] [INFO ] STEP 2 — Fault detection
[18:52:16] [INFO ]   Mode: single SA run (seed=50)
[18:52:26] [INFO ]   Detected 9 high-confidence faults
[18:52:26] [INFO ]     Fault  1 | trace ~  174 | prob=0.773
[18:52:26] [INFO ]     Fault  2 | trace ~  394 | prob=0.770
[18:52:26] [INFO ]     Fault  3 | trace ~  722 | prob=0.676
[18:52:26] [INFO ]     Fault  4 | trace ~  922 | prob=0.702
[18:52:26] [INFO ]     Fault  5 | trace ~ 1171 | prob=0.667
[18:52:26] [INFO ]     Fault  6 | trace ~ 1606 | prob=0.626
[18:52:26] [INFO ]     Fault  7 | trace ~ 2056 | prob=0.630
[18:52:26] [INFO ]     Fault  8 | trace ~ 3139 | prob=0.678
[18:52:26] [INFO ]     Fault  9 | trace ~ 3733 | prob=0.620
[18:52:26] [INFO ]   Step 2 complete
[18:52:26] [INFO ] 
[18:52:26] [INFO ] STEP 3 — Bounding boxes
[18:52:26] [INFO ]   Box  1 | [15, 421, 100w, 100h px]
[18:52:26] [INFO ]   Box  2 | [92, 397, 112w, 100h px]
[18:52:26] [INFO ]   Box  3 | [224, 356, 106w, 100h px]
[18:52:26] [INFO ]   Box  4 | [306, 336, 93w, 100h px]
[18:52:26] [INFO ]   Box  5 | [393, 318, 109w, 100h px]
[18:52:26] [INFO ]   Box  6 | [563, 295, 98w, 100h px]
[18:52:26] [INFO ]   Box  7 | [729, 273, 108w, 100h px]
[18:52:26] [INFO ]   Box  8 | [1153, 215, 91w, 100h px]
[18:52:26] [INFO ]   Box  9 | [1371, 192, 107w, 100h px]
[18:52:26] [INFO ]   Generated 9 boxes
[18:52:26] [INFO ]   Step 3 complete
[18:52:26] [INFO ] 
[18:52:26] [INFO ] STEP 4 — Dataset building
[18:52:26] [INFO ]   Saving labeled review image...
[18:52:26] [INFO ]   Saved: T2010.1103.mig.1500_labeled.png
[18:52:26] [INFO ]   Split: val
[18:52:26] [INFO ]   Added 9 annotations to val.json
[18:52:26] [INFO ]   train.json: 162 images, 1577 annotations
[18:52:26] [INFO ]   val.json:   40 images,  404 annotations
[18:52:26] [INFO ]   Step 4 complete
[18:52:26] [INFO ] 
[18:52:26] [INFO ]   DONE  T2010.1103.mig.1500  →  val  |  9 faults  |  9 boxes
[18:52:27] [INFO ] 
[18:52:27] [INFO ] ──────────────────────────────────────────────────
[18:52:27] [INFO ]   LINE: T2010.1104.mig.1500
[18:52:27] [INFO ] ──────────────────────────────────────────────────
[18:52:27] [INFO ] Dataset  : namss.T-21-10-AT.mcs.airgun
[18:52:27] [INFO ] SGY      : ../../airgun_data/namss.T-21-10-AT.mcs.airgun/Data/T2010.1104.mig.1500.sgy
[18:52:27] [INFO ] NAV      : ../../airgun_data/namss.T-21-10-AT.mcs.airgun/Navigation/T-21-10-AT_NAV-WGS84.csv
[18:52:27] [INFO ] SA mode  : single (seed=50)
[18:52:27] [INFO ] 
[18:52:27] [INFO ] STEP 1 — Feature extraction
[18:52:27] [INFO ]   Loading navigation...
[18:52:27] [INFO ]   Loading SEG-Y...
[18:52:27] [INFO ]   Traces: 10591  Samples: 4441  dt: 1.000 ms
[18:52:27] [INFO ]   Depth:  0.0 m → 3330.0 m
[18:52:27] [INFO ]   Matching traces to navigation...
[18:52:28] [INFO ]   Matched 10591 / 10591 traces
[18:52:28] [INFO ]   Bandpass filtering...
[18:52:29] [INFO ]   Computing seismic attributes...
[18:52:32] [INFO ]   Picking seafloor...
[18:52:33] [INFO ]   Seafloor depth: 862–2392 m  (0 shallow traces masked)
[18:52:33] [INFO ]   Picking horizons...
[18:52:34] [INFO ]   Computing NCC coherence (slow)...
[18:52:35] [INFO ]   Saving CNN section image...
[18:52:38] [INFO ]   Saved: T2010.1104.mig.1500_section_cnn.png  (2700x1500px)
[18:52:38] [INFO ]   Step 1 complete
[18:52:38] [INFO ] 
[18:52:38] [INFO ] STEP 2 — Fault detection
[18:52:38] [INFO ]   Mode: single SA run (seed=50)
[18:52:51] [INFO ]   Detected 9 high-confidence faults
[18:52:51] [INFO ]     Fault  1 | trace ~  851 | prob=0.702
[18:52:51] [INFO ]     Fault  2 | trace ~ 1064 | prob=0.663
[18:52:51] [INFO ]     Fault  3 | trace ~ 1258 | prob=0.665
[18:52:51] [INFO ]     Fault  4 | trace ~ 1552 | prob=0.717
[18:52:51] [INFO ]     Fault  5 | trace ~ 1872 | prob=0.787
[18:52:51] [INFO ]     Fault  6 | trace ~ 2207 | prob=0.700
[18:52:51] [INFO ]     Fault  7 | trace ~ 2429 | prob=0.819
[18:52:51] [INFO ]     Fault  8 | trace ~ 2657 | prob=0.631
[18:52:51] [INFO ]     Fault  9 | trace ~ 8782 | prob=0.644
[18:52:51] [INFO ]   Step 2 complete
[18:52:51] [INFO ] 
[18:52:51] [INFO ] STEP 3 — Bounding boxes
[18:52:51] [INFO ]   Box  1 | [172, 429, 90w, 100h px]
[18:52:51] [INFO ]   Box  2 | [222, 447, 104w, 100h px]
[18:52:51] [INFO ]   Box  3 | [274, 470, 93w, 100h px]
[18:52:51] [INFO ]   Box  4 | [348, 510, 98w, 100h px]
[18:52:51] [INFO ]   Box  5 | [429, 567, 95w, 100h px]
[18:52:51] [INFO ]   Box  6 | [514, 628, 95w, 100h px]
[18:52:51] [INFO ]   Box  7 | [574, 664, 91w, 100h px]
[18:52:51] [INFO ]   Box  8 | [631, 698, 93w, 100h px]
[18:52:51] [INFO ]   Box  9 | [2193, 1033, 90w, 100h px]
[18:52:51] [INFO ]   Generated 9 boxes
[18:52:51] [INFO ]   Step 3 complete
[18:52:51] [INFO ] 
[18:52:51] [INFO ] STEP 4 — Dataset building
[18:52:51] [INFO ]   Saving labeled review image...
[18:52:51] [INFO ]   Saved: T2010.1104.mig.1500_labeled.png
[18:52:51] [INFO ]   Split: train
[18:52:51] [INFO ]   Added 9 annotations to train.json
[18:52:51] [INFO ]   train.json: 163 images, 1586 annotations
[18:52:51] [INFO ]   val.json:   40 images,  404 annotations
[18:52:51] [INFO ]   Step 4 complete
[18:52:51] [INFO ] 
[18:52:51] [INFO ]   DONE  T2010.1104.mig.1500  →  train  |  9 faults  |  9 boxes
[18:52:51] [INFO ] 
[18:52:51] [INFO ] ──────────────────────────────────────────────────
[18:52:51] [INFO ]   LINE: T2010.111.mig.1500
[18:52:51] [INFO ] ──────────────────────────────────────────────────
[18:52:51] [INFO ] Dataset  : namss.T-21-10-AT.mcs.airgun
[18:52:51] [INFO ] SGY      : ../../airgun_data/namss.T-21-10-AT.mcs.airgun/Data/T2010.111.mig.1500.sgy
[18:52:51] [INFO ] NAV      : ../../airgun_data/namss.T-21-10-AT.mcs.airgun/Navigation/T-21-10-AT_NAV-WGS84.csv
[18:52:51] [INFO ] SA mode  : single (seed=50)
[18:52:51] [INFO ] 
[18:52:51] [INFO ] STEP 1 — Feature extraction
[18:52:51] [INFO ]   Loading navigation...
[18:52:51] [INFO ]   Loading SEG-Y...
[18:52:51] [INFO ]   Traces: 5706  Samples: 4441  dt: 1.000 ms
[18:52:51] [INFO ]   Depth:  0.0 m → 3330.0 m
[18:52:51] [INFO ]   Matching traces to navigation...
[18:52:52] [INFO ]   Matched 5706 / 5706 traces
[18:52:52] [INFO ]   Bandpass filtering...
[18:52:52] [INFO ]   Computing seismic attributes...
[18:52:54] [INFO ]   Picking seafloor...
[18:52:55] [INFO ]   Seafloor depth: 656–715 m  (0 shallow traces masked)
[18:52:55] [INFO ]   Picking horizons...
[18:52:55] [INFO ]   Computing NCC coherence (slow)...
[18:52:56] [INFO ]   Saving CNN section image...
[18:52:57] [INFO ]   Saved: T2010.111.mig.1500_section_cnn.png  (2700x1500px)
[18:52:57] [INFO ]   Step 1 complete
[18:52:57] [INFO ] 
[18:52:57] [INFO ] STEP 2 — Fault detection
[18:52:57] [INFO ]   Mode: single SA run (seed=50)
[18:53:06] [INFO ]   Detected 6 high-confidence faults
[18:53:06] [INFO ]     Fault  1 | trace ~  137 | prob=0.552
[18:53:06] [INFO ]     Fault  2 | trace ~ 1675 | prob=0.564
[18:53:06] [INFO ]     Fault  3 | trace ~ 1908 | prob=0.558
[18:53:06] [INFO ]     Fault  4 | trace ~ 2813 | prob=0.574
[18:53:06] [INFO ]     Fault  5 | trace ~ 3640 | prob=0.578
[18:53:06] [INFO ]     Fault  6 | trace ~ 4390 | prob=0.559
[18:53:06] [INFO ]   Step 2 complete
[18:53:06] [INFO ] 
[18:53:06] [INFO ] STEP 3 — Bounding boxes
[18:53:06] [INFO ]   Box  1 | [13, 281, 106w, 100h px]
[18:53:06] [INFO ]   Box  2 | [740, 295, 112w, 100h px]
[18:53:06] [INFO ]   Box  3 | [852, 297, 99w, 100h px]
[18:53:06] [INFO ]   Box  4 | [1274, 294, 108w, 100h px]
[18:53:06] [INFO ]   Box  5 | [1673, 299, 101w, 100h px]
[18:53:06] [INFO ]   Box  6 | [2024, 298, 109w, 100h px]
[18:53:06] [INFO ]   Generated 6 boxes
[18:53:06] [INFO ]   Step 3 complete
[18:53:06] [INFO ] 
[18:53:06] [INFO ] STEP 4 — Dataset building
[18:53:06] [INFO ]   Saving labeled review image...
[18:53:06] [INFO ]   Saved: T2010.111.mig.1500_labeled.png
[18:53:06] [INFO ]   Split: train
[18:53:06] [INFO ]   Added 6 annotations to train.json
[18:53:06] [INFO ]   train.json: 164 images, 1592 annotations
[18:53:06] [INFO ]   val.json:   40 images,  404 annotations
[18:53:06] [INFO ]   Step 4 complete
[18:53:06] [INFO ] 
[18:53:06] [INFO ]   DONE  T2010.111.mig.1500  →  train  |  6 faults  |  6 boxes
[18:53:06] [INFO ] 
[18:53:06] [INFO ] ──────────────────────────────────────────────────
[18:53:06] [INFO ]   LINE: T2010.112.mig.1500
[18:53:06] [INFO ] ──────────────────────────────────────────────────
[18:53:06] [INFO ] Dataset  : namss.T-21-10-AT.mcs.airgun
[18:53:06] [INFO ] SGY      : ../../airgun_data/namss.T-21-10-AT.mcs.airgun/Data/T2010.112.mig.1500.sgy
[18:53:06] [INFO ] NAV      : ../../airgun_data/namss.T-21-10-AT.mcs.airgun/Navigation/T-21-10-AT_NAV-WGS84.csv
[18:53:06] [INFO ] SA mode  : single (seed=50)
[18:53:06] [INFO ] 
[18:53:06] [INFO ] STEP 1 — Feature extraction
[18:53:06] [INFO ]   Loading navigation...
[18:53:06] [INFO ]   Loading SEG-Y...
[18:53:08] [INFO ]   Traces: 28321  Samples: 4441  dt: 1.000 ms
[18:53:08] [INFO ]   Depth:  0.0 m → 3330.0 m
[18:53:08] [INFO ]   Matching traces to navigation...
[18:53:10] [INFO ]   Matched 28317 / 28321 traces
[18:53:11] [INFO ]   Bandpass filtering...
[18:53:12] [INFO ]   Computing seismic attributes...
[18:53:24] [INFO ]   Picking seafloor...
[18:53:27] [INFO ]   Seafloor depth: 604–1730 m  (0 shallow traces masked)
[18:53:27] [INFO ]   Picking horizons...
[18:53:29] [INFO ]   Computing NCC coherence (slow)...
[18:53:34] [INFO ]   Saving CNN section image...
[18:53:47] [INFO ]   Saved: T2010.112.mig.1500_section_cnn.png  (2700x1500px)
[18:53:47] [INFO ]   Step 1 complete
[18:53:47] [INFO ] 
[18:53:47] [INFO ] STEP 2 — Fault detection
[18:53:47] [INFO ]   Mode: single SA run (seed=50)
[18:54:35] [INFO ]   Detected 33 high-confidence faults
[18:54:35] [INFO ]     Fault  1 | trace ~ 1605 | prob=0.648
[18:54:35] [INFO ]     Fault  2 | trace ~ 2097 | prob=0.731
[18:54:35] [INFO ]     Fault  3 | trace ~ 2361 | prob=0.624
[18:54:35] [INFO ]     Fault  4 | trace ~ 2811 | prob=0.647
[18:54:35] [INFO ]     Fault  5 | trace ~ 3188 | prob=0.726
[18:54:35] [INFO ]     Fault  6 | trace ~ 3570 | prob=0.769
[18:54:35] [INFO ]     Fault  7 | trace ~ 3798 | prob=0.683
[18:54:35] [INFO ]     Fault  8 | trace ~ 4348 | prob=0.686
[18:54:35] [INFO ]     Fault  9 | trace ~ 7665 | prob=0.565
[18:54:35] [INFO ]     Fault 10 | trace ~ 8061 | prob=0.758
[18:54:35] [INFO ]     Fault 11 | trace ~ 9126 | prob=0.751
[18:54:35] [INFO ]     Fault 12 | trace ~ 9357 | prob=0.701
[18:54:35] [INFO ]     Fault 13 | trace ~ 9803 | prob=0.709
[18:54:35] [INFO ]     Fault 14 | trace ~10160 | prob=0.735
[18:54:35] [INFO ]     Fault 15 | trace ~10427 | prob=0.706
[18:54:35] [INFO ]     Fault 16 | trace ~10706 | prob=0.753
[18:54:35] [INFO ]     Fault 17 | trace ~14032 | prob=0.731
[18:54:35] [INFO ]     Fault 18 | trace ~14639 | prob=0.689
[18:54:35] [INFO ]     Fault 19 | trace ~14855 | prob=0.705
[18:54:35] [INFO ]     Fault 20 | trace ~15327 | prob=0.602
[18:54:35] [INFO ]     Fault 21 | trace ~15724 | prob=0.723
[18:54:35] [INFO ]     Fault 22 | trace ~15976 | prob=0.574
[18:54:35] [INFO ]     Fault 23 | trace ~19264 | prob=0.759
[18:54:35] [INFO ]     Fault 24 | trace ~19478 | prob=0.695
[18:54:35] [INFO ]     Fault 25 | trace ~19745 | prob=0.623
[18:54:35] [INFO ]     Fault 26 | trace ~19954 | prob=0.608
[18:54:35] [INFO ]     Fault 27 | trace ~20159 | prob=0.683
[18:54:35] [INFO ]     Fault 28 | trace ~20482 | prob=0.640
[18:54:35] [INFO ]     Fault 29 | trace ~20760 | prob=0.614
[18:54:35] [INFO ]     Fault 30 | trace ~21107 | prob=0.732
[18:54:35] [INFO ]     Fault 31 | trace ~21367 | prob=0.621
[18:54:35] [INFO ]     Fault 32 | trace ~21625 | prob=0.734
[18:54:35] [INFO ]     Fault 33 | trace ~21841 | prob=0.664
[18:54:35] [INFO ]   Step 2 complete
[18:54:35] [INFO ] 
[18:54:35] [INFO ] STEP 3 — Bounding boxes
[18:54:35] [INFO ]   Box  1 | [111, 451, 84w, 100h px]
[18:54:35] [INFO ]   Box  2 | [157, 412, 85w, 100h px]
[18:54:35] [INFO ]   Box  3 | [182, 338, 86w, 100h px]
[18:54:35] [INFO ]   Box  4 | [225, 418, 85w, 100h px]
[18:54:35] [INFO ]   Box  5 | [262, 474, 84w, 100h px]
[18:54:35] [INFO ]   Box  6 | [297, 482, 87w, 100h px]
[18:54:35] [INFO ]   Box  7 | [319, 349, 86w, 100h px]
[18:54:35] [INFO ]   Box  8 | [372, 338, 86w, 100h px]
[18:54:35] [INFO ]   Box  9 | [688, 438, 85w, 100h px]
[18:54:35] [INFO ]   Box 10 | [726, 430, 84w, 100h px]
[18:54:35] [INFO ]   Box 11 | [828, 457, 84w, 100h px]
[18:54:35] [INFO ]   Box 12 | [850, 563, 86w, 100h px]
[18:54:35] [INFO ]   Box 13 | [891, 460, 86w, 100h px]
[18:54:35] [INFO ]   Box 14 | [926, 342, 86w, 100h px]
[18:54:35] [INFO ]   Box 15 | [951, 389, 87w, 100h px]
[18:54:35] [INFO ]   Box 16 | [977, 373, 87w, 100h px]
[18:54:35] [INFO ]   Box 17 | [1295, 409, 87w, 100h px]
[18:54:35] [INFO ]   Box 18 | [1351, 405, 87w, 100h px]
[18:54:35] [INFO ]   Box 19 | [1375, 485, 83w, 100h px]
[18:54:35] [INFO ]   Box 20 | [1418, 490, 87w, 100h px]
[18:54:35] [INFO ]   Box 21 | [1457, 377, 84w, 100h px]
[18:54:35] [INFO ]   Box 22 | [1480, 318, 86w, 100h px]
[18:54:35] [INFO ]   Box 23 | [1795, 462, 84w, 100h px]
[18:54:35] [INFO ]   Box 24 | [1816, 521, 85w, 100h px]
[18:54:35] [INFO ]   Box 25 | [1841, 561, 84w, 100h px]
[18:54:35] [INFO ]   Box 26 | [1860, 635, 85w, 100h px]
[18:54:35] [INFO ]   Box 27 | [1880, 714, 85w, 100h px]
[18:54:35] [INFO ]   Box 28 | [1911, 737, 85w, 100h px]
[18:54:35] [INFO ]   Box 29 | [1936, 629, 86w, 100h px]
[18:54:35] [INFO ]   Box 30 | [1971, 507, 82w, 100h px]
[18:54:35] [INFO ]   Box 31 | [1994, 459, 88w, 100h px]
[18:54:35] [INFO ]   Box 32 | [2020, 402, 84w, 100h px]
[18:54:35] [INFO ]   Box 33 | [2039, 326, 86w, 100h px]
[18:54:35] [INFO ]   Generated 33 boxes
[18:54:35] [INFO ]   Step 3 complete
[18:54:35] [INFO ] 
[18:54:35] [INFO ] STEP 4 — Dataset building
[18:54:35] [INFO ]   Saving labeled review image...
[18:54:35] [INFO ]   Saved: T2010.112.mig.1500_labeled.png
[18:54:35] [INFO ]   Split: train
[18:54:35] [INFO ]   Added 33 annotations to train.json
[18:54:35] [INFO ]   train.json: 165 images, 1625 annotations
[18:54:35] [INFO ]   val.json:   40 images,  404 annotations
[18:54:35] [INFO ]   Step 4 complete
[18:54:35] [INFO ] 
[18:54:35] [INFO ]   DONE  T2010.112.mig.1500  →  train  |  33 faults  |  33 boxes
[18:54:38] [INFO ] 
[18:54:38] [INFO ] ──────────────────────────────────────────────────
[18:54:38] [INFO ]   LINE: T2010.2100.mig.1500
[18:54:38] [INFO ] ──────────────────────────────────────────────────
[18:54:38] [INFO ] Dataset  : namss.T-21-10-AT.mcs.airgun
[18:54:38] [INFO ] SGY      : ../../airgun_data/namss.T-21-10-AT.mcs.airgun/Data/T2010.2100.mig.1500.sgy
[18:54:38] [INFO ] NAV      : ../../airgun_data/namss.T-21-10-AT.mcs.airgun/Navigation/T-21-10-AT_NAV-WGS84.csv
[18:54:38] [INFO ] SA mode  : single (seed=50)
[18:54:38] [INFO ] 
[18:54:38] [INFO ] STEP 1 — Feature extraction
[18:54:38] [INFO ]   Loading navigation...
[18:54:38] [INFO ]   Loading SEG-Y...
[18:54:39] [INFO ]   Traces: 6690  Samples: 5441  dt: 1.000 ms
[18:54:39] [INFO ]   Depth:  0.0 m → 4080.0 m
[18:54:39] [INFO ]   Matching traces to navigation...
[18:54:39] [INFO ]   Matched 6690 / 6690 traces
[18:54:39] [INFO ]   Bandpass filtering...
[18:54:40] [INFO ]   Computing seismic attributes...
[18:54:46] [INFO ]   Picking seafloor...
[18:54:47] [INFO ]   Seafloor depth: 1025–2032 m  (0 shallow traces masked)
[18:54:47] [INFO ]   Picking horizons...
[18:54:47] [INFO ]   Computing NCC coherence (slow)...
[18:54:48] [INFO ]   Saving CNN section image...
[18:54:56] [INFO ]   Saved: T2010.2100.mig.1500_section_cnn.png  (2700x1500px)
[18:54:56] [INFO ]   Step 1 complete
[18:54:56] [INFO ] 
[18:54:56] [INFO ] STEP 2 — Fault detection
[18:54:56] [INFO ]   Mode: single SA run (seed=50)
[18:55:07] [INFO ]   Detected 12 high-confidence faults
[18:55:07] [INFO ]     Fault  1 | trace ~  265 | prob=0.587
[18:55:07] [INFO ]     Fault  2 | trace ~  897 | prob=0.652
[18:55:07] [INFO ]     Fault  3 | trace ~ 1126 | prob=0.628
[18:55:07] [INFO ]     Fault  4 | trace ~ 1414 | prob=0.673
[18:55:07] [INFO ]     Fault  5 | trace ~ 1901 | prob=0.588
[18:55:07] [INFO ]     Fault  6 | trace ~ 2120 | prob=0.686
[18:55:07] [INFO ]     Fault  7 | trace ~ 2738 | prob=0.714
[18:55:07] [INFO ]     Fault  8 | trace ~ 3144 | prob=0.723
[18:55:07] [INFO ]     Fault  9 | trace ~ 3430 | prob=0.755
[18:55:07] [INFO ]     Fault 10 | trace ~ 3923 | prob=0.690
[18:55:07] [INFO ]     Fault 11 | trace ~ 4467 | prob=0.677
[18:55:07] [INFO ]     Fault 12 | trace ~ 5049 | prob=0.636
[18:55:07] [INFO ]   Step 2 complete
[18:55:07] [INFO ] 
[18:55:07] [INFO ] STEP 3 — Bounding boxes
[18:55:07] [INFO ]   Box  1 | [45, 371, 113w, 100h px]
[18:55:07] [INFO ]   Box  2 | [317, 408, 93w, 100h px]
[18:55:07] [INFO ]   Box  3 | [404, 433, 106w, 100h px]
[18:55:07] [INFO ]   Box  4 | [514, 452, 105w, 100h px]
[18:55:07] [INFO ]   Box  5 | [713, 474, 110w, 100h px]
[18:55:07] [INFO ]   Box  6 | [799, 493, 109w, 100h px]
[18:55:07] [INFO ]   Box  7 | [1055, 533, 104w, 100h px]
[18:55:07] [INFO ]   Box  8 | [1212, 552, 107w, 100h px]
[18:55:07] [INFO ]   Box  9 | [1331, 572, 112w, 100h px]
[18:55:07] [INFO ]   Box 10 | [1526, 602, 110w, 100h px]
[18:55:07] [INFO ]   Box 11 | [1752, 642, 105w, 100h px]
[18:55:07] [INFO ]   Box 12 | [1990, 684, 98w, 100h px]
[18:55:07] [INFO ]   Generated 12 boxes
[18:55:07] [INFO ]   Step 3 complete
[18:55:07] [INFO ] 
[18:55:07] [INFO ] STEP 4 — Dataset building
[18:55:07] [INFO ]   Saving labeled review image...
[18:55:07] [INFO ]   Saved: T2010.2100.mig.1500_labeled.png
[18:55:07] [INFO ]   Split: train
[18:55:07] [INFO ]   Added 12 annotations to train.json
[18:55:07] [INFO ]   train.json: 166 images, 1637 annotations
[18:55:07] [INFO ]   val.json:   40 images,  404 annotations
[18:55:07] [INFO ]   Step 4 complete
[18:55:07] [INFO ] 
[18:55:07] [INFO ]   DONE  T2010.2100.mig.1500  →  train  |  12 faults  |  12 boxes
[18:55:07] [INFO ] 
[18:55:07] [INFO ] ──────────────────────────────────────────────────
[18:55:07] [INFO ]   LINE: T2010.2102.mig.1500
[18:55:07] [INFO ] ──────────────────────────────────────────────────
[18:55:07] [INFO ] Dataset  : namss.T-21-10-AT.mcs.airgun
[18:55:07] [INFO ] SGY      : ../../airgun_data/namss.T-21-10-AT.mcs.airgun/Data/T2010.2102.mig.1500.sgy
[18:55:07] [INFO ] NAV      : ../../airgun_data/namss.T-21-10-AT.mcs.airgun/Navigation/T-21-10-AT_NAV-WGS84.csv
[18:55:07] [INFO ] SA mode  : single (seed=50)
[18:55:07] [INFO ] 
[18:55:07] [INFO ] STEP 1 — Feature extraction
[18:55:07] [INFO ]   Loading navigation...
[18:55:07] [INFO ]   Loading SEG-Y...
[18:55:08] [INFO ]   Traces: 22568  Samples: 5441  dt: 1.000 ms
[18:55:08] [INFO ]   Depth:  0.0 m → 4080.0 m
[18:55:08] [INFO ]   Matching traces to navigation...
[18:55:10] [INFO ]   Matched 22568 / 22568 traces
[18:55:10] [INFO ]   Bandpass filtering...
[18:55:12] [INFO ]   Computing seismic attributes...
[18:55:23] [INFO ]   Picking seafloor...
[18:55:25] [INFO ]   Seafloor depth: 598–2658 m  (7 shallow traces masked)
[18:55:25] [INFO ]   Picking horizons...
[18:55:26] [INFO ]   Computing NCC coherence (slow)...
[18:55:32] [INFO ]   Saving CNN section image...
[18:55:47] [INFO ]   Saved: T2010.2102.mig.1500_section_cnn.png  (2700x1500px)
[18:55:47] [INFO ]   Step 1 complete
[18:55:47] [INFO ] 
[18:55:47] [INFO ] STEP 2 — Fault detection
[18:55:47] [INFO ]   Mode: single SA run (seed=50)
[18:56:38] [INFO ]   Detected 41 high-confidence faults
[18:56:38] [INFO ]     Fault  1 | trace ~ 2231 | prob=0.639
[18:56:38] [INFO ]     Fault  2 | trace ~ 2458 | prob=0.617
[18:56:38] [INFO ]     Fault  3 | trace ~ 2685 | prob=0.634
[18:56:38] [INFO ]     Fault  4 | trace ~ 2938 | prob=0.736
[18:56:38] [INFO ]     Fault  5 | trace ~ 3185 | prob=0.767
[18:56:38] [INFO ]     Fault  6 | trace ~ 3392 | prob=0.710
[18:56:38] [INFO ]     Fault  7 | trace ~ 3741 | prob=0.744
[18:56:38] [INFO ]     Fault  8 | trace ~ 3956 | prob=0.791
[18:56:38] [INFO ]     Fault  9 | trace ~ 4208 | prob=0.681
[18:56:38] [INFO ]     Fault 10 | trace ~ 5013 | prob=0.626
[18:56:38] [INFO ]     Fault 11 | trace ~ 5255 | prob=0.641
[18:56:38] [INFO ]     Fault 12 | trace ~ 8401 | prob=0.639
[18:56:38] [INFO ]     Fault 13 | trace ~ 8659 | prob=0.627
[18:56:38] [INFO ]     Fault 14 | trace ~ 8913 | prob=0.652
[18:56:38] [INFO ]     Fault 15 | trace ~ 9679 | prob=0.645
[18:56:38] [INFO ]     Fault 16 | trace ~10203 | prob=0.677
[18:56:38] [INFO ]     Fault 17 | trace ~11705 | prob=0.651
[18:56:38] [INFO ]     Fault 18 | trace ~11949 | prob=0.618
[18:56:38] [INFO ]     Fault 19 | trace ~12179 | prob=0.622
[18:56:38] [INFO ]     Fault 20 | trace ~12501 | prob=0.651
[18:56:38] [INFO ]     Fault 21 | trace ~13845 | prob=0.647
[18:56:38] [INFO ]     Fault 22 | trace ~14307 | prob=0.643
[18:56:38] [INFO ]     Fault 23 | trace ~14950 | prob=0.628
[18:56:38] [INFO ]     Fault 24 | trace ~15657 | prob=0.661
[18:56:38] [INFO ]     Fault 25 | trace ~16309 | prob=0.630
[18:56:38] [INFO ]     Fault 26 | trace ~16565 | prob=0.667
[18:56:38] [INFO ]     Fault 27 | trace ~16895 | prob=0.648
[18:56:38] [INFO ]     Fault 28 | trace ~17281 | prob=0.630
[18:56:38] [INFO ]     Fault 29 | trace ~17750 | prob=0.605
[18:56:38] [INFO ]     Fault 30 | trace ~17984 | prob=0.676
[18:56:38] [INFO ]     Fault 31 | trace ~18331 | prob=0.647
[18:56:38] [INFO ]     Fault 32 | trace ~18599 | prob=0.662
[18:56:38] [INFO ]     Fault 33 | trace ~18800 | prob=0.632
[18:56:38] [INFO ]     Fault 34 | trace ~19067 | prob=0.642
[18:56:38] [INFO ]     Fault 35 | trace ~19466 | prob=0.654
[18:56:38] [INFO ]     Fault 36 | trace ~19724 | prob=0.659
[18:56:38] [INFO ]     Fault 37 | trace ~20143 | prob=0.660
[18:56:38] [INFO ]     Fault 38 | trace ~20484 | prob=0.700
[18:56:38] [INFO ]     Fault 39 | trace ~20693 | prob=0.640
[18:56:38] [INFO ]     Fault 40 | trace ~21311 | prob=0.646
[18:56:38] [INFO ]     Fault 41 | trace ~21755 | prob=0.627
[18:56:38] [INFO ]   Step 2 complete
[18:56:38] [INFO ] 
[18:56:38] [INFO ] STEP 3 — Bounding boxes
[18:56:38] [INFO ]   Box  1 | [224, 307, 87w, 100h px]
[18:56:38] [INFO ]   Box  2 | [250, 319, 88w, 100h px]
[18:56:38] [INFO ]   Box  3 | [279, 339, 84w, 100h px]
[18:56:38] [INFO ]   Box  4 | [309, 367, 85w, 100h px]
[18:56:38] [INFO ]   Box  5 | [338, 398, 88w, 100h px]
[18:56:38] [INFO ]   Box  6 | [362, 426, 88w, 100h px]
[18:56:38] [INFO ]   Box  7 | [404, 478, 88w, 100h px]
[18:56:38] [INFO ]   Box  8 | [431, 506, 86w, 100h px]
[18:56:38] [INFO ]   Box  9 | [461, 539, 87w, 100h px]
[18:56:38] [INFO ]   Box 10 | [557, 622, 86w, 100h px]
[18:56:38] [INFO ]   Box 11 | [586, 666, 86w, 100h px]
[18:56:38] [INFO ]   Box 12 | [963, 755, 85w, 100h px]
[18:56:38] [INFO ]   Box 13 | [993, 770, 86w, 100h px]
[18:56:38] [INFO ]   Box 14 | [1021, 783, 88w, 100h px]
[18:56:38] [INFO ]   Box 15 | [1116, 802, 85w, 100h px]
[18:56:38] [INFO ]   Box 16 | [1176, 815, 87w, 100h px]
[18:56:38] [INFO ]   Box 17 | [1357, 858, 87w, 100h px]
[18:56:38] [INFO ]   Box 18 | [1388, 860, 84w, 100h px]
[18:56:38] [INFO ]   Box 19 | [1415, 863, 86w, 100h px]
[18:56:38] [INFO ]   Box 20 | [1451, 868, 87w, 100h px]
[18:56:38] [INFO ]   Box 21 | [1611, 886, 90w, 100h px]
[18:56:38] [INFO ]   Box 22 | [1664, 889, 91w, 100h px]
[18:56:38] [INFO ]   Box 23 | [1746, 894, 85w, 100h px]
[18:56:38] [INFO ]   Box 24 | [1831, 896, 87w, 100h px]
[18:56:38] [INFO ]   Box 25 | [1908, 897, 88w, 100h px]
[18:56:38] [INFO ]   Box 26 | [1939, 893, 85w, 100h px]
[18:56:38] [INFO ]   Box 27 | [1980, 900, 85w, 100h px]
[18:56:38] [INFO ]   Box 28 | [2025, 900, 87w, 100h px]
[18:56:38] [INFO ]   Box 29 | [2079, 901, 89w, 100h px]
[18:56:38] [INFO ]   Box 30 | [2108, 900, 87w, 100h px]
[18:56:38] [INFO ]   Box 31 | [2148, 902, 89w, 100h px]
[18:56:38] [INFO ]   Box 32 | [2180, 903, 88w, 100h px]
[18:56:38] [INFO ]   Box 33 | [2206, 910, 87w, 100h px]
[18:56:38] [INFO ]   Box 34 | [2238, 907, 87w, 100h px]
[18:56:38] [INFO ]   Box 35 | [2287, 907, 85w, 100h px]
[18:56:38] [INFO ]   Box 36 | [2318, 908, 86w, 100h px]
[18:56:38] [INFO ]   Box 37 | [2367, 911, 87w, 100h px]
[18:56:38] [INFO ]   Box 38 | [2408, 919, 86w, 100h px]
[18:56:38] [INFO ]   Box 39 | [2431, 931, 87w, 100h px]
[18:56:38] [INFO ]   Box 40 | [2506, 934, 88w, 100h px]
[18:56:38] [INFO ]   Box 41 | [2560, 945, 86w, 100h px]
[18:56:38] [INFO ]   Generated 41 boxes
[18:56:38] [INFO ]   Step 3 complete
[18:56:38] [INFO ] 
[18:56:38] [INFO ] STEP 4 — Dataset building
[18:56:38] [INFO ]   Saving labeled review image...
[18:56:39] [INFO ]   Saved: T2010.2102.mig.1500_labeled.png
[18:56:39] [INFO ]   Split: val
[18:56:39] [INFO ]   Added 41 annotations to val.json
[18:56:39] [INFO ]   train.json: 166 images, 1637 annotations
[18:56:39] [INFO ]   val.json:   41 images,  445 annotations
[18:56:39] [INFO ]   Step 4 complete
[18:56:39] [INFO ] 
[18:56:39] [INFO ]   DONE  T2010.2102.mig.1500  →  val  |  41 faults  |  41 boxes
[18:56:41] [INFO ] 
[18:56:41] [INFO ] ──────────────────────────────────────────────────
[18:56:41] [INFO ]   LINE: T2010.3100.mig.1500
[18:56:41] [INFO ] ──────────────────────────────────────────────────
[18:56:41] [INFO ] Dataset  : namss.T-21-10-AT.mcs.airgun
[18:56:41] [INFO ] SGY      : ../../airgun_data/namss.T-21-10-AT.mcs.airgun/Data/T2010.3100.mig.1500.sgy
[18:56:41] [INFO ] NAV      : ../../airgun_data/namss.T-21-10-AT.mcs.airgun/Navigation/T-21-10-AT_NAV-WGS84.csv
[18:56:41] [INFO ] SA mode  : single (seed=50)
[18:56:41] [INFO ] 
[18:56:41] [INFO ] STEP 1 — Feature extraction
[18:56:41] [INFO ]   Loading navigation...
[18:56:41] [INFO ]   Loading SEG-Y...
[18:56:41] [INFO ]   Traces: 1228  Samples: 5441  dt: 1.000 ms
[18:56:41] [INFO ]   Depth:  0.0 m → 4080.0 m
[18:56:41] [INFO ]   Matching traces to navigation...
[18:56:41] [INFO ]   Matched 1228 / 1228 traces
[18:56:41] [INFO ]   Bandpass filtering...
[18:56:41] [INFO ]   Computing seismic attributes...
[18:56:42] [INFO ]   Picking seafloor...
[18:56:42] [INFO ]   Seafloor depth: 2013–2108 m  (0 shallow traces masked)
[18:56:42] [INFO ]   Picking horizons...
[18:56:42] [INFO ]   Computing NCC coherence (slow)...
[18:56:42] [INFO ]   Saving CNN section image...
[18:56:43] [INFO ]   Saved: T2010.3100.mig.1500_section_cnn.png  (2700x1500px)
[18:56:43] [INFO ]   Step 1 complete
[18:56:43] [INFO ] 
[18:56:43] [INFO ] STEP 2 — Fault detection
[18:56:43] [INFO ]   Mode: single SA run (seed=50)
[18:56:44] [INFO ]   Detected 2 high-confidence faults
[18:56:44] [INFO ]     Fault  1 | trace ~  681 | prob=0.661
[18:56:44] [INFO ]     Fault  2 | trace ~  895 | prob=0.734
[18:56:44] [INFO ]   Step 2 complete
[18:56:44] [INFO ] 
[18:56:44] [INFO ] STEP 3 — Bounding boxes
[18:56:44] [INFO ]   Box  1 | [1233, 747, 523w, 100h px]
[18:56:44] [INFO ]   Box  2 | [1790, 743, 366w, 100h px]
[18:56:44] [INFO ]   Generated 2 boxes
[18:56:44] [INFO ]   Step 3 complete
[18:56:44] [INFO ] 
[18:56:44] [INFO ] STEP 4 — Dataset building
[18:56:44] [INFO ]   Saving labeled review image...
[18:56:44] [INFO ]   Saved: T2010.3100.mig.1500_labeled.png
[18:56:44] [INFO ]   Split: train
[18:56:44] [INFO ]   Added 2 annotations to train.json
[18:56:44] [INFO ]   train.json: 167 images, 1639 annotations
[18:56:44] [INFO ]   val.json:   41 images,  445 annotations
[18:56:44] [INFO ]   Step 4 complete
[18:56:44] [INFO ] 
[18:56:44] [INFO ]   DONE  T2010.3100.mig.1500  →  train  |  2 faults  |  2 boxes
[18:56:44] [INFO ] 
[18:56:44] [INFO ] ──────────────────────────────────────────────────
[18:56:44] [INFO ]   LINE: T2010.4100.mig.1500
[18:56:44] [INFO ] ──────────────────────────────────────────────────
[18:56:44] [INFO ] Dataset  : namss.T-21-10-AT.mcs.airgun
[18:56:44] [INFO ] SGY      : ../../airgun_data/namss.T-21-10-AT.mcs.airgun/Data/T2010.4100.mig.1500.sgy
[18:56:44] [INFO ] NAV      : ../../airgun_data/namss.T-21-10-AT.mcs.airgun/Navigation/T-21-10-AT_NAV-WGS84.csv
[18:56:44] [INFO ] SA mode  : single (seed=50)
[18:56:44] [INFO ] 
[18:56:44] [INFO ] STEP 1 — Feature extraction
[18:56:44] [INFO ]   Loading navigation...
[18:56:44] [INFO ]   Loading SEG-Y...
[18:56:45] [INFO ]   Traces: 16973  Samples: 5441  dt: 1.000 ms
[18:56:45] [INFO ]   Depth:  0.0 m → 4080.0 m
[18:56:45] [INFO ]   Matching traces to navigation...
[18:56:47] [INFO ]   Matched 16973 / 16973 traces
[18:56:48] [INFO ]   Bandpass filtering...
[18:56:52] [INFO ]   Computing seismic attributes...
[18:57:10] [INFO ]   Picking seafloor...
[18:57:12] [INFO ]   Seafloor depth: 2154–2786 m  (0 shallow traces masked)
[18:57:12] [INFO ]   Picking horizons...
[18:57:13] [INFO ]   Computing NCC coherence (slow)...
[18:57:16] [INFO ]   Saving CNN section image...
[18:57:22] [INFO ]   Saved: T2010.4100.mig.1500_section_cnn.png  (2700x1500px)
[18:57:22] [INFO ]   Step 1 complete
[18:57:22] [INFO ] 
[18:57:22] [INFO ] STEP 2 — Fault detection
[18:57:22] [INFO ]   Mode: single SA run (seed=50)
[18:57:50] [INFO ]   Detected 29 high-confidence faults
[18:57:50] [INFO ]     Fault  1 | trace ~   25 | prob=0.602
[18:57:50] [INFO ]     Fault  2 | trace ~  307 | prob=0.718
[18:57:50] [INFO ]     Fault  3 | trace ~  622 | prob=0.704
[18:57:50] [INFO ]     Fault  4 | trace ~  875 | prob=0.686
[18:57:50] [INFO ]     Fault  5 | trace ~ 1109 | prob=0.652
[18:57:50] [INFO ]     Fault  6 | trace ~ 1860 | prob=0.700
[18:57:50] [INFO ]     Fault  7 | trace ~ 2144 | prob=0.678
[18:57:50] [INFO ]     Fault  8 | trace ~ 2637 | prob=0.627
[18:57:50] [INFO ]     Fault  9 | trace ~ 2948 | prob=0.678
[18:57:50] [INFO ]     Fault 10 | trace ~ 3529 | prob=0.640
[18:57:50] [INFO ]     Fault 11 | trace ~ 3964 | prob=0.657
[18:57:50] [INFO ]     Fault 12 | trace ~ 4458 | prob=0.613
[18:57:50] [INFO ]     Fault 13 | trace ~10483 | prob=0.601
[18:57:50] [INFO ]     Fault 14 | trace ~11111 | prob=0.614
[18:57:50] [INFO ]     Fault 15 | trace ~11602 | prob=0.655
[18:57:50] [INFO ]     Fault 16 | trace ~11847 | prob=0.606
[18:57:50] [INFO ]     Fault 17 | trace ~12169 | prob=0.581
[18:57:50] [INFO ]     Fault 18 | trace ~12549 | prob=0.706
[18:57:50] [INFO ]     Fault 19 | trace ~13070 | prob=0.644
[18:57:50] [INFO ]     Fault 20 | trace ~13278 | prob=0.669
[18:57:50] [INFO ]     Fault 21 | trace ~13486 | prob=0.643
[18:57:50] [INFO ]     Fault 22 | trace ~14696 | prob=0.630
[18:57:50] [INFO ]     Fault 23 | trace ~14897 | prob=0.590
[18:57:50] [INFO ]     Fault 24 | trace ~15316 | prob=0.620
[18:57:50] [INFO ]     Fault 25 | trace ~15530 | prob=0.592
[18:57:50] [INFO ]     Fault 26 | trace ~15782 | prob=0.625
[18:57:50] [INFO ]     Fault 27 | trace ~16101 | prob=0.689
[18:57:50] [INFO ]     Fault 28 | trace ~16530 | prob=0.635
[18:57:50] [INFO ]     Fault 29 | trace ~16783 | prob=0.616
[18:57:50] [INFO ]   Step 2 complete
[18:57:50] [INFO ] 
[18:57:50] [INFO ] STEP 3 — Bounding boxes
[18:57:50] [INFO ]   Box  1 | [0, 771, 47w, 100h px]
[18:57:50] [INFO ]   Box  2 | [5, 775, 89w, 100h px]
[18:57:50] [INFO ]   Box  3 | [56, 791, 86w, 100h px]
[18:57:50] [INFO ]   Box  4 | [93, 797, 89w, 100h px]
[18:57:50] [INFO ]   Box  5 | [129, 799, 96w, 100h px]
[18:57:50] [INFO ]   Box  6 | [253, 823, 86w, 100h px]
[18:57:50] [INFO ]   Box  7 | [297, 832, 88w, 100h px]
[18:57:50] [INFO ]   Box  8 | [374, 846, 90w, 100h px]
[18:57:50] [INFO ]   Box  9 | [423, 857, 90w, 100h px]
[18:57:50] [INFO ]   Box 10 | [516, 872, 89w, 100h px]
[18:57:50] [INFO ]   Box 11 | [586, 887, 91w, 100h px]
[18:57:50] [INFO ]   Box 12 | [663, 902, 92w, 100h px]
[18:57:50] [INFO ]   Box 13 | [1623, 966, 90w, 100h px]
[18:57:50] [INFO ]   Box 14 | [1723, 973, 90w, 100h px]
[18:57:50] [INFO ]   Box 15 | [1801, 978, 90w, 100h px]
[18:57:50] [INFO ]   Box 16 | [1839, 978, 91w, 100h px]
[18:57:50] [INFO ]   Box 17 | [1891, 985, 88w, 100h px]
[18:57:50] [INFO ]   Box 18 | [1952, 990, 90w, 100h px]
[18:57:50] [INFO ]   Box 19 | [2034, 996, 90w, 100h px]
[18:57:50] [INFO ]   Box 20 | [2069, 994, 87w, 100h px]
[18:57:50] [INFO ]   Box 21 | [2103, 988, 84w, 100h px]
[18:57:50] [INFO ]   Box 22 | [2292, 984, 90w, 100h px]
[18:57:50] [INFO ]   Box 23 | [2326, 986, 89w, 100h px]
[18:57:50] [INFO ]   Box 24 | [2389, 988, 92w, 100h px]
[18:57:50] [INFO ]   Box 25 | [2427, 992, 90w, 100h px]
[18:57:50] [INFO ]   Box 26 | [2467, 996, 88w, 100h px]
[18:57:50] [INFO ]   Box 27 | [2519, 998, 87w, 100h px]
[18:57:50] [INFO ]   Box 28 | [2584, 997, 91w, 100h px]
[18:57:50] [INFO ]   Box 29 | [2625, 1000, 75w, 100h px]
[18:57:50] [INFO ]   Generated 29 boxes
[18:57:50] [INFO ]   Step 3 complete
[18:57:50] [INFO ] 
[18:57:50] [INFO ] STEP 4 — Dataset building
[18:57:50] [INFO ]   Saving labeled review image...
[18:57:50] [INFO ]   Saved: T2010.4100.mig.1500_labeled.png
[18:57:50] [INFO ]   Split: train
[18:57:50] [INFO ]   Added 29 annotations to train.json
[18:57:50] [INFO ]   train.json: 168 images, 1668 annotations
[18:57:50] [INFO ]   val.json:   41 images,  445 annotations
[18:57:50] [INFO ]   Step 4 complete
[18:57:50] [INFO ] 
[18:57:50] [INFO ]   DONE  T2010.4100.mig.1500  →  train  |  29 faults  |  29 boxes
[18:57:51] [INFO ] 
[18:57:51] [INFO ] ──────────────────────────────────────────────────
[18:57:51] [INFO ]   LINE: 85-026_15189
[18:57:51] [INFO ] ──────────────────────────────────────────────────
[18:57:51] [INFO ] Dataset  : namss.W-3-69-BS.mcs.airgun
[18:57:51] [INFO ] SGY      : ../../airgun_data/namss.W-3-69-BS.mcs.airgun/Data/85-026_15189.sgy
[18:57:51] [INFO ] NAV      : ../../airgun_data/namss.W-3-69-BS.mcs.airgun/Navigation/w-3-69-bs_NAV-WGS84.csv
[18:57:51] [INFO ] SA mode  : single (seed=50)
[18:57:51] [INFO ] 
[18:57:51] [INFO ] STEP 1 — Feature extraction
[18:57:51] [INFO ]   Loading navigation...
[18:57:51] [INFO ]   Loading SEG-Y...
[18:57:51] [INFO ]   Traces: 3192  Samples: 1250  dt: 4.000 ms
[18:57:51] [INFO ]   Depth:  0.0 m → 3747.0 m
[18:57:51] [INFO ]   Matching traces to navigation...
[18:57:51] [WARN ]   NAV match failed for '85-026_15189'. Tried: ['85-026_15189', '85-026']. Available: ['G', 'G_1', 'H', 'H_1', 'I', 'J', 'J_1', 'K', 'K_1', 'L', 'M', 'O', 'O_1', 'O_2', 'P', 'P_1', 'Q', 'QEXT', 'QEXT_1', 'R', 'REXT', 'R_1', 'S', 'WA-002', 'WA-003', 'WA-003A', 'WA-011', 'WA-012', 'WA-020', 'WA-023', 'WA-024', 'WA-025']
[18:57:51] [ERROR] SKIPPING 85-026_15189 (namss.W-3-69-BS.mcs.airgun): No NAV line matched '85-026_15189'. Tried: ['85-026_15189', '85-026'].
[18:57:51] [ERROR]   Traceback (most recent call last):
[18:57:51] [ERROR]     File "/Users/lennylukach/Personal/School/CS4100/namss/pipeline/src/pipeline.py", line 848, in <module>
[18:57:51] [ERROR]       process_line(line, sgy_path, nav_path, dataset)
[18:57:51] [ERROR]     File "/Users/lennylukach/Personal/School/CS4100/namss/pipeline/src/pipeline.py", line 415, in process_line
[18:57:51] [ERROR]       line_nav = resolve_nav_line(line, nav, log_fn=log)
[18:57:51] [ERROR]     File "/Users/lennylukach/Personal/School/CS4100/namss/pipeline/src/pipeline.py", line 230, in resolve_nav_line
[18:57:51] [ERROR]       raise RuntimeError(
[18:57:51] [ERROR]   RuntimeError: No NAV line matched '85-026_15189'. Tried: ['85-026_15189', '85-026'].
[18:57:51] [INFO ] 
[18:57:51] [INFO ] ──────────────────────────────────────────────────
[18:57:51] [INFO ]   LINE: 85-027_25715
[18:57:51] [INFO ] ──────────────────────────────────────────────────
[18:57:51] [INFO ] Dataset  : namss.W-3-69-BS.mcs.airgun
[18:57:51] [INFO ] SGY      : ../../airgun_data/namss.W-3-69-BS.mcs.airgun/Data/85-027_25715.sgy
[18:57:51] [INFO ] NAV      : ../../airgun_data/namss.W-3-69-BS.mcs.airgun/Navigation/w-3-69-bs_NAV-WGS84.csv
[18:57:51] [INFO ] SA mode  : single (seed=50)
[18:57:51] [INFO ] 
[18:57:51] [INFO ] STEP 1 — Feature extraction
[18:57:51] [INFO ]   Loading navigation...
[18:57:51] [INFO ]   Loading SEG-Y...
[18:57:51] [INFO ]   Traces: 4898  Samples: 1250  dt: 4.000 ms
[18:57:51] [INFO ]   Depth:  0.0 m → 3747.0 m
[18:57:51] [INFO ]   Matching traces to navigation...
[18:57:51] [WARN ]   NAV match failed for '85-027_25715'. Tried: ['85-027_25715', '85-027']. Available: ['G', 'G_1', 'H', 'H_1', 'I', 'J', 'J_1', 'K', 'K_1', 'L', 'M', 'O', 'O_1', 'O_2', 'P', 'P_1', 'Q', 'QEXT', 'QEXT_1', 'R', 'REXT', 'R_1', 'S', 'WA-002', 'WA-003', 'WA-003A', 'WA-011', 'WA-012', 'WA-020', 'WA-023', 'WA-024', 'WA-025']
[18:57:51] [ERROR] SKIPPING 85-027_25715 (namss.W-3-69-BS.mcs.airgun): No NAV line matched '85-027_25715'. Tried: ['85-027_25715', '85-027'].
[18:57:51] [ERROR]   Traceback (most recent call last):
[18:57:51] [ERROR]     File "/Users/lennylukach/Personal/School/CS4100/namss/pipeline/src/pipeline.py", line 848, in <module>
[18:57:51] [ERROR]       process_line(line, sgy_path, nav_path, dataset)
[18:57:51] [ERROR]     File "/Users/lennylukach/Personal/School/CS4100/namss/pipeline/src/pipeline.py", line 415, in process_line
[18:57:51] [ERROR]       line_nav = resolve_nav_line(line, nav, log_fn=log)
[18:57:51] [ERROR]     File "/Users/lennylukach/Personal/School/CS4100/namss/pipeline/src/pipeline.py", line 230, in resolve_nav_line
[18:57:51] [ERROR]       raise RuntimeError(
[18:57:51] [ERROR]   RuntimeError: No NAV line matched '85-027_25715'. Tried: ['85-027_25715', '85-027'].
[18:57:51] [INFO ] 
[18:57:51] [INFO ] ──────────────────────────────────────────────────
[18:57:51] [INFO ]   LINE: G_17558
[18:57:51] [INFO ] ──────────────────────────────────────────────────
[18:57:51] [INFO ] Dataset  : namss.W-3-69-BS.mcs.airgun
[18:57:51] [INFO ] SGY      : ../../airgun_data/namss.W-3-69-BS.mcs.airgun/Data/G_17558.sgy
[18:57:51] [INFO ] NAV      : ../../airgun_data/namss.W-3-69-BS.mcs.airgun/Navigation/w-3-69-bs_NAV-WGS84.csv
[18:57:51] [INFO ] SA mode  : single (seed=50)
[18:57:51] [INFO ] 
[18:57:51] [INFO ] STEP 1 — Feature extraction
[18:57:51] [INFO ]   Loading navigation...
[18:57:51] [INFO ]   Loading SEG-Y...
[18:57:51] [INFO ]   Traces: 984  Samples: 1250  dt: 4.000 ms
[18:57:51] [INFO ]   Depth:  0.0 m → 3747.0 m
[18:57:51] [INFO ]   Matching traces to navigation...
[18:57:51] [INFO ]   NAV line matched via translation: 'G_17558' -> 'G'
[18:57:51] [INFO ]   Matched 0 / 984 traces
[18:57:51] [ERROR] SKIPPING G_17558 (namss.W-3-69-BS.mcs.airgun): No traces matched navigation — check line name vs NAV file.
[18:57:51] [ERROR]   Traceback (most recent call last):
[18:57:51] [ERROR]     File "/Users/lennylukach/Personal/School/CS4100/namss/pipeline/src/pipeline.py", line 848, in <module>
[18:57:51] [ERROR]       process_line(line, sgy_path, nav_path, dataset)
[18:57:51] [ERROR]     File "/Users/lennylukach/Personal/School/CS4100/namss/pipeline/src/pipeline.py", line 431, in process_line
[18:57:51] [ERROR]       raise RuntimeError(
[18:57:51] [ERROR]   RuntimeError: No traces matched navigation — check line name vs NAV file.
[18:57:51] [INFO ] 
[18:57:51] [INFO ] ──────────────────────────────────────────────────
[18:57:51] [INFO ]   LINE: G_1_408
[18:57:51] [INFO ] ──────────────────────────────────────────────────
[18:57:51] [INFO ] Dataset  : namss.W-3-69-BS.mcs.airgun
[18:57:51] [INFO ] SGY      : ../../airgun_data/namss.W-3-69-BS.mcs.airgun/Data/G_1_408.sgy
[18:57:51] [INFO ] NAV      : ../../airgun_data/namss.W-3-69-BS.mcs.airgun/Navigation/w-3-69-bs_NAV-WGS84.csv
[18:57:51] [INFO ] SA mode  : single (seed=50)
[18:57:51] [INFO ] 
[18:57:51] [INFO ] STEP 1 — Feature extraction
[18:57:51] [INFO ]   Loading navigation...
[18:57:51] [INFO ]   Loading SEG-Y...
[18:57:51] [INFO ]   Traces: 266  Samples: 1250  dt: 4.000 ms
[18:57:51] [INFO ]   Depth:  0.0 m → 3747.0 m
[18:57:51] [INFO ]   Matching traces to navigation...
[18:57:51] [INFO ]   NAV line matched via translation: 'G_1_408' -> 'G_1'
[18:57:51] [INFO ]   Matched 0 / 266 traces
[18:57:51] [ERROR] SKIPPING G_1_408 (namss.W-3-69-BS.mcs.airgun): No traces matched navigation — check line name vs NAV file.
[18:57:51] [ERROR]   Traceback (most recent call last):
[18:57:51] [ERROR]     File "/Users/lennylukach/Personal/School/CS4100/namss/pipeline/src/pipeline.py", line 848, in <module>
[18:57:51] [ERROR]       process_line(line, sgy_path, nav_path, dataset)
[18:57:51] [ERROR]     File "/Users/lennylukach/Personal/School/CS4100/namss/pipeline/src/pipeline.py", line 431, in process_line
[18:57:51] [ERROR]       raise RuntimeError(
[18:57:51] [ERROR]   RuntimeError: No traces matched navigation — check line name vs NAV file.
[18:57:51] [INFO ] 
[18:57:51] [INFO ] ──────────────────────────────────────────────────
[18:57:51] [INFO ]   LINE: H_1_10416
[18:57:51] [INFO ] ──────────────────────────────────────────────────
[18:57:51] [INFO ] Dataset  : namss.W-3-69-BS.mcs.airgun
[18:57:51] [INFO ] SGY      : ../../airgun_data/namss.W-3-69-BS.mcs.airgun/Data/H_1_10416.sgy
[18:57:51] [INFO ] NAV      : ../../airgun_data/namss.W-3-69-BS.mcs.airgun/Navigation/w-3-69-bs_NAV-WGS84.csv
[18:57:51] [INFO ] SA mode  : single (seed=50)
[18:57:51] [INFO ] 
[18:57:51] [INFO ] STEP 1 — Feature extraction
[18:57:51] [INFO ]   Loading navigation...
[18:57:51] [INFO ]   Loading SEG-Y...
[18:57:51] [INFO ]   Traces: 1224  Samples: 1250  dt: 4.000 ms
[18:57:51] [INFO ]   Depth:  0.0 m → 3747.0 m
[18:57:51] [INFO ]   Matching traces to navigation...
[18:57:51] [INFO ]   NAV line matched via translation: 'H_1_10416' -> 'H_1'
[18:57:51] [INFO ]   Matched 0 / 1224 traces
[18:57:51] [ERROR] SKIPPING H_1_10416 (namss.W-3-69-BS.mcs.airgun): No traces matched navigation — check line name vs NAV file.
[18:57:51] [ERROR]   Traceback (most recent call last):
[18:57:51] [ERROR]     File "/Users/lennylukach/Personal/School/CS4100/namss/pipeline/src/pipeline.py", line 848, in <module>
[18:57:51] [ERROR]       process_line(line, sgy_path, nav_path, dataset)
[18:57:51] [ERROR]     File "/Users/lennylukach/Personal/School/CS4100/namss/pipeline/src/pipeline.py", line 431, in process_line
[18:57:51] [ERROR]       raise RuntimeError(
[18:57:51] [ERROR]   RuntimeError: No traces matched navigation — check line name vs NAV file.
[18:57:51] [INFO ] 
[18:57:51] [INFO ] ──────────────────────────────────────────────────
[18:57:51] [INFO ]   LINE: H_2987
[18:57:51] [INFO ] ──────────────────────────────────────────────────
[18:57:51] [INFO ] Dataset  : namss.W-3-69-BS.mcs.airgun
[18:57:51] [INFO ] SGY      : ../../airgun_data/namss.W-3-69-BS.mcs.airgun/Data/H_2987.sgy
[18:57:51] [INFO ] NAV      : ../../airgun_data/namss.W-3-69-BS.mcs.airgun/Navigation/w-3-69-bs_NAV-WGS84.csv
[18:57:51] [INFO ] SA mode  : single (seed=50)
[18:57:51] [INFO ] 
[18:57:51] [INFO ] STEP 1 — Feature extraction
[18:57:51] [INFO ]   Loading navigation...
[18:57:51] [INFO ]   Loading SEG-Y...
[18:57:51] [INFO ]   Traces: 504  Samples: 1300  dt: 4.000 ms
[18:57:51] [INFO ]   Depth:  0.0 m → 3897.0 m
[18:57:51] [INFO ]   Matching traces to navigation...
[18:57:51] [INFO ]   NAV line matched via translation: 'H_2987' -> 'H'
[18:57:51] [INFO ]   Matched 0 / 504 traces
[18:57:51] [ERROR] SKIPPING H_2987 (namss.W-3-69-BS.mcs.airgun): No traces matched navigation — check line name vs NAV file.
[18:57:51] [ERROR]   Traceback (most recent call last):
[18:57:51] [ERROR]     File "/Users/lennylukach/Personal/School/CS4100/namss/pipeline/src/pipeline.py", line 848, in <module>
[18:57:51] [ERROR]       process_line(line, sgy_path, nav_path, dataset)
[18:57:51] [ERROR]     File "/Users/lennylukach/Personal/School/CS4100/namss/pipeline/src/pipeline.py", line 431, in process_line
[18:57:51] [ERROR]       raise RuntimeError(
[18:57:51] [ERROR]   RuntimeError: No traces matched navigation — check line name vs NAV file.
[18:57:51] [INFO ] 
[18:57:51] [INFO ] ──────────────────────────────────────────────────
[18:57:51] [INFO ]   LINE: I_12552
[18:57:51] [INFO ] ──────────────────────────────────────────────────
[18:57:51] [INFO ] Dataset  : namss.W-3-69-BS.mcs.airgun
[18:57:51] [INFO ] SGY      : ../../airgun_data/namss.W-3-69-BS.mcs.airgun/Data/I_12552.sgy
[18:57:51] [INFO ] NAV      : ../../airgun_data/namss.W-3-69-BS.mcs.airgun/Navigation/w-3-69-bs_NAV-WGS84.csv
[18:57:51] [INFO ] SA mode  : single (seed=50)
[18:57:51] [INFO ] 
[18:57:51] [INFO ] STEP 1 — Feature extraction
[18:57:51] [INFO ]   Loading navigation...
[18:57:51] [INFO ]   Loading SEG-Y...
[18:57:52] [INFO ]   Traces: 720  Samples: 1250  dt: 4.000 ms
[18:57:52] [INFO ]   Depth:  0.0 m → 3747.0 m
[18:57:52] [INFO ]   Matching traces to navigation...
[18:57:52] [INFO ]   NAV line matched via translation: 'I_12552' -> 'I'
[18:57:52] [INFO ]   Matched 0 / 720 traces
[18:57:52] [ERROR] SKIPPING I_12552 (namss.W-3-69-BS.mcs.airgun): No traces matched navigation — check line name vs NAV file.
[18:57:52] [ERROR]   Traceback (most recent call last):
[18:57:52] [ERROR]     File "/Users/lennylukach/Personal/School/CS4100/namss/pipeline/src/pipeline.py", line 848, in <module>
[18:57:52] [ERROR]       process_line(line, sgy_path, nav_path, dataset)
[18:57:52] [ERROR]     File "/Users/lennylukach/Personal/School/CS4100/namss/pipeline/src/pipeline.py", line 431, in process_line
[18:57:52] [ERROR]       raise RuntimeError(
[18:57:52] [ERROR]   RuntimeError: No traces matched navigation — check line name vs NAV file.
[18:57:52] [INFO ] 
[18:57:52] [INFO ] ──────────────────────────────────────────────────
[18:57:52] [INFO ]   LINE: J_11795
[18:57:52] [INFO ] ──────────────────────────────────────────────────
[18:57:52] [INFO ] Dataset  : namss.W-3-69-BS.mcs.airgun
[18:57:52] [INFO ] SGY      : ../../airgun_data/namss.W-3-69-BS.mcs.airgun/Data/J_11795.sgy
[18:57:52] [INFO ] NAV      : ../../airgun_data/namss.W-3-69-BS.mcs.airgun/Navigation/w-3-69-bs_NAV-WGS84.csv
[18:57:52] [INFO ] SA mode  : single (seed=50)
[18:57:52] [INFO ] 
[18:57:52] [INFO ] STEP 1 — Feature extraction
[18:57:52] [INFO ]   Loading navigation...
[18:57:52] [INFO ]   Loading SEG-Y...
[18:57:52] [INFO ]   Traces: 1608  Samples: 1250  dt: 4.000 ms
[18:57:52] [INFO ]   Depth:  0.0 m → 3747.0 m
[18:57:52] [INFO ]   Matching traces to navigation...
[18:57:52] [INFO ]   NAV line matched via translation: 'J_11795' -> 'J'
[18:57:52] [INFO ]   Matched 0 / 1608 traces
[18:57:52] [ERROR] SKIPPING J_11795 (namss.W-3-69-BS.mcs.airgun): No traces matched navigation — check line name vs NAV file.
[18:57:52] [ERROR]   Traceback (most recent call last):
[18:57:52] [ERROR]     File "/Users/lennylukach/Personal/School/CS4100/namss/pipeline/src/pipeline.py", line 848, in <module>
[18:57:52] [ERROR]       process_line(line, sgy_path, nav_path, dataset)
[18:57:52] [ERROR]     File "/Users/lennylukach/Personal/School/CS4100/namss/pipeline/src/pipeline.py", line 431, in process_line
[18:57:52] [ERROR]       raise RuntimeError(
[18:57:52] [ERROR]   RuntimeError: No traces matched navigation — check line name vs NAV file.
[18:57:52] [INFO ] 
[18:57:52] [INFO ] ──────────────────────────────────────────────────
[18:57:52] [INFO ]   LINE: J_1_16452
[18:57:52] [INFO ] ──────────────────────────────────────────────────
[18:57:52] [INFO ] Dataset  : namss.W-3-69-BS.mcs.airgun
[18:57:52] [INFO ] SGY      : ../../airgun_data/namss.W-3-69-BS.mcs.airgun/Data/J_1_16452.sgy
[18:57:52] [INFO ] NAV      : ../../airgun_data/namss.W-3-69-BS.mcs.airgun/Navigation/w-3-69-bs_NAV-WGS84.csv
[18:57:52] [INFO ] SA mode  : single (seed=50)
[18:57:52] [INFO ] 
[18:57:52] [INFO ] STEP 1 — Feature extraction
[18:57:52] [INFO ]   Loading navigation...
[18:57:52] [INFO ]   Loading SEG-Y...
[18:57:52] [INFO ]   Traces: 336  Samples: 1250  dt: 4.000 ms
[18:57:52] [INFO ]   Depth:  0.0 m → 3747.0 m
[18:57:52] [INFO ]   Matching traces to navigation...
[18:57:52] [INFO ]   NAV line matched via translation: 'J_1_16452' -> 'J_1'
[18:57:52] [INFO ]   Matched 0 / 336 traces
[18:57:52] [ERROR] SKIPPING J_1_16452 (namss.W-3-69-BS.mcs.airgun): No traces matched navigation — check line name vs NAV file.
[18:57:52] [ERROR]   Traceback (most recent call last):
[18:57:52] [ERROR]     File "/Users/lennylukach/Personal/School/CS4100/namss/pipeline/src/pipeline.py", line 848, in <module>
[18:57:52] [ERROR]       process_line(line, sgy_path, nav_path, dataset)
[18:57:52] [ERROR]     File "/Users/lennylukach/Personal/School/CS4100/namss/pipeline/src/pipeline.py", line 431, in process_line
[18:57:52] [ERROR]       raise RuntimeError(
[18:57:52] [ERROR]   RuntimeError: No traces matched navigation — check line name vs NAV file.
[18:57:52] [INFO ] 
[18:57:52] [INFO ] ──────────────────────────────────────────────────
[18:57:52] [INFO ]   LINE: K_16989
[18:57:52] [INFO ] ──────────────────────────────────────────────────
[18:57:52] [INFO ] Dataset  : namss.W-3-69-BS.mcs.airgun
[18:57:52] [INFO ] SGY      : ../../airgun_data/namss.W-3-69-BS.mcs.airgun/Data/K_16989.sgy
[18:57:52] [INFO ] NAV      : ../../airgun_data/namss.W-3-69-BS.mcs.airgun/Navigation/w-3-69-bs_NAV-WGS84.csv
[18:57:52] [INFO ] SA mode  : single (seed=50)
[18:57:52] [INFO ] 
[18:57:52] [INFO ] STEP 1 — Feature extraction
[18:57:52] [INFO ]   Loading navigation...
[18:57:52] [INFO ]   Loading SEG-Y...
[18:57:52] [INFO ]   Traces: 3194  Samples: 1250  dt: 4.000 ms
[18:57:52] [INFO ]   Depth:  0.0 m → 3747.0 m
[18:57:52] [INFO ]   Matching traces to navigation...
[18:57:52] [INFO ]   NAV line matched via translation: 'K_16989' -> 'K'
[18:57:52] [INFO ]   Matched 0 / 3194 traces
[18:57:52] [ERROR] SKIPPING K_16989 (namss.W-3-69-BS.mcs.airgun): No traces matched navigation — check line name vs NAV file.
[18:57:52] [ERROR]   Traceback (most recent call last):
[18:57:52] [ERROR]     File "/Users/lennylukach/Personal/School/CS4100/namss/pipeline/src/pipeline.py", line 848, in <module>
[18:57:52] [ERROR]       process_line(line, sgy_path, nav_path, dataset)
[18:57:52] [ERROR]     File "/Users/lennylukach/Personal/School/CS4100/namss/pipeline/src/pipeline.py", line 431, in process_line
[18:57:52] [ERROR]       raise RuntimeError(
[18:57:52] [ERROR]   RuntimeError: No traces matched navigation — check line name vs NAV file.
[18:57:52] [INFO ] 
[18:57:52] [INFO ] ──────────────────────────────────────────────────
[18:57:52] [INFO ]   LINE: L_13905
[18:57:52] [INFO ] ──────────────────────────────────────────────────
[18:57:52] [INFO ] Dataset  : namss.W-3-69-BS.mcs.airgun
[18:57:52] [INFO ] SGY      : ../../airgun_data/namss.W-3-69-BS.mcs.airgun/Data/L_13905.sgy
[18:57:52] [INFO ] NAV      : ../../airgun_data/namss.W-3-69-BS.mcs.airgun/Navigation/w-3-69-bs_NAV-WGS84.csv
[18:57:52] [INFO ] SA mode  : single (seed=50)
[18:57:52] [INFO ] 
[18:57:52] [INFO ] STEP 1 — Feature extraction
[18:57:52] [INFO ]   Loading navigation...
[18:57:52] [INFO ]   Loading SEG-Y...
[18:57:52] [INFO ]   Traces: 792  Samples: 1250  dt: 4.000 ms
[18:57:52] [INFO ]   Depth:  0.0 m → 3747.0 m
[18:57:52] [INFO ]   Matching traces to navigation...
[18:57:52] [INFO ]   NAV line matched via translation: 'L_13905' -> 'L'
[18:57:52] [INFO ]   Matched 0 / 792 traces
[18:57:52] [ERROR] SKIPPING L_13905 (namss.W-3-69-BS.mcs.airgun): No traces matched navigation — check line name vs NAV file.
[18:57:52] [ERROR]   Traceback (most recent call last):
[18:57:52] [ERROR]     File "/Users/lennylukach/Personal/School/CS4100/namss/pipeline/src/pipeline.py", line 848, in <module>
[18:57:52] [ERROR]       process_line(line, sgy_path, nav_path, dataset)
[18:57:52] [ERROR]     File "/Users/lennylukach/Personal/School/CS4100/namss/pipeline/src/pipeline.py", line 431, in process_line
[18:57:52] [ERROR]       raise RuntimeError(
[18:57:52] [ERROR]   RuntimeError: No traces matched navigation — check line name vs NAV file.
[18:57:52] [INFO ] 
[18:57:52] [INFO ] ──────────────────────────────────────────────────
[18:57:52] [INFO ]   LINE: O_1_45871
[18:57:52] [INFO ] ──────────────────────────────────────────────────
[18:57:52] [INFO ] Dataset  : namss.W-3-69-BS.mcs.airgun
[18:57:52] [INFO ] SGY      : ../../airgun_data/namss.W-3-69-BS.mcs.airgun/Data/O_1_45871.sgy
[18:57:52] [INFO ] NAV      : ../../airgun_data/namss.W-3-69-BS.mcs.airgun/Navigation/w-3-69-bs_NAV-WGS84.csv
[18:57:52] [INFO ] SA mode  : single (seed=50)
[18:57:52] [INFO ] 
[18:57:52] [INFO ] STEP 1 — Feature extraction
[18:57:52] [INFO ]   Loading navigation...
[18:57:52] [INFO ]   Loading SEG-Y...
[18:57:52] [INFO ]   Traces: 528  Samples: 1250  dt: 4.000 ms
[18:57:52] [INFO ]   Depth:  0.0 m → 3747.0 m
[18:57:52] [INFO ]   Matching traces to navigation...
[18:57:52] [INFO ]   NAV line matched via translation: 'O_1_45871' -> 'O_1'
[18:57:52] [INFO ]   Matched 0 / 528 traces
[18:57:52] [ERROR] SKIPPING O_1_45871 (namss.W-3-69-BS.mcs.airgun): No traces matched navigation — check line name vs NAV file.
[18:57:52] [ERROR]   Traceback (most recent call last):
[18:57:52] [ERROR]     File "/Users/lennylukach/Personal/School/CS4100/namss/pipeline/src/pipeline.py", line 848, in <module>
[18:57:52] [ERROR]       process_line(line, sgy_path, nav_path, dataset)
[18:57:52] [ERROR]     File "/Users/lennylukach/Personal/School/CS4100/namss/pipeline/src/pipeline.py", line 431, in process_line
[18:57:52] [ERROR]       raise RuntimeError(
[18:57:52] [ERROR]   RuntimeError: No traces matched navigation — check line name vs NAV file.
[18:57:52] [INFO ] 
[18:57:52] [INFO ] ──────────────────────────────────────────────────
[18:57:52] [INFO ]   LINE: O_2_48619
[18:57:52] [INFO ] ──────────────────────────────────────────────────
[18:57:52] [INFO ] Dataset  : namss.W-3-69-BS.mcs.airgun
[18:57:52] [INFO ] SGY      : ../../airgun_data/namss.W-3-69-BS.mcs.airgun/Data/O_2_48619.sgy
[18:57:52] [INFO ] NAV      : ../../airgun_data/namss.W-3-69-BS.mcs.airgun/Navigation/w-3-69-bs_NAV-WGS84.csv
[18:57:52] [INFO ] SA mode  : single (seed=50)
[18:57:52] [INFO ] 
[18:57:52] [INFO ] STEP 1 — Feature extraction
[18:57:52] [INFO ]   Loading navigation...
[18:57:52] [INFO ]   Loading SEG-Y...
[18:57:52] [INFO ]   Traces: 2064  Samples: 1250  dt: 4.000 ms
[18:57:52] [INFO ]   Depth:  0.0 m → 3747.0 m
[18:57:52] [INFO ]   Matching traces to navigation...
[18:57:52] [INFO ]   NAV line matched via translation: 'O_2_48619' -> 'O_2'
[18:57:53] [INFO ]   Matched 0 / 2064 traces
[18:57:53] [ERROR] SKIPPING O_2_48619 (namss.W-3-69-BS.mcs.airgun): No traces matched navigation — check line name vs NAV file.
[18:57:53] [ERROR]   Traceback (most recent call last):
[18:57:53] [ERROR]     File "/Users/lennylukach/Personal/School/CS4100/namss/pipeline/src/pipeline.py", line 848, in <module>
[18:57:53] [ERROR]       process_line(line, sgy_path, nav_path, dataset)
[18:57:53] [ERROR]     File "/Users/lennylukach/Personal/School/CS4100/namss/pipeline/src/pipeline.py", line 431, in process_line
[18:57:53] [ERROR]       raise RuntimeError(
[18:57:53] [ERROR]   RuntimeError: No traces matched navigation — check line name vs NAV file.
[18:57:53] [INFO ] 
[18:57:53] [INFO ] ──────────────────────────────────────────────────
[18:57:53] [INFO ]   LINE: O_48354
[18:57:53] [INFO ] ──────────────────────────────────────────────────
[18:57:53] [INFO ] Dataset  : namss.W-3-69-BS.mcs.airgun
[18:57:53] [INFO ] SGY      : ../../airgun_data/namss.W-3-69-BS.mcs.airgun/Data/O_48354.sgy
[18:57:53] [INFO ] NAV      : ../../airgun_data/namss.W-3-69-BS.mcs.airgun/Navigation/w-3-69-bs_NAV-WGS84.csv
[18:57:53] [INFO ] SA mode  : single (seed=50)
[18:57:53] [INFO ] 
[18:57:53] [INFO ] STEP 1 — Feature extraction
[18:57:53] [INFO ]   Loading navigation...
[18:57:53] [INFO ]   Loading SEG-Y...
[18:57:53] [INFO ]   Traces: 2640  Samples: 1300  dt: 4.000 ms
[18:57:53] [INFO ]   Depth:  0.0 m → 3897.0 m
[18:57:53] [INFO ]   Matching traces to navigation...
[18:57:53] [INFO ]   NAV line matched via translation: 'O_48354' -> 'O'
[18:57:53] [INFO ]   Matched 0 / 2640 traces
[18:57:53] [ERROR] SKIPPING O_48354 (namss.W-3-69-BS.mcs.airgun): No traces matched navigation — check line name vs NAV file.
[18:57:53] [ERROR]   Traceback (most recent call last):
[18:57:53] [ERROR]     File "/Users/lennylukach/Personal/School/CS4100/namss/pipeline/src/pipeline.py", line 848, in <module>
[18:57:53] [ERROR]       process_line(line, sgy_path, nav_path, dataset)
[18:57:53] [ERROR]     File "/Users/lennylukach/Personal/School/CS4100/namss/pipeline/src/pipeline.py", line 431, in process_line
[18:57:53] [ERROR]       raise RuntimeError(
[18:57:53] [ERROR]   RuntimeError: No traces matched navigation — check line name vs NAV file.
[18:57:53] [INFO ] 
[18:57:53] [INFO ] ──────────────────────────────────────────────────
[18:57:53] [INFO ]   LINE: P_1_49149
[18:57:53] [INFO ] ──────────────────────────────────────────────────
[18:57:53] [INFO ] Dataset  : namss.W-3-69-BS.mcs.airgun
[18:57:53] [INFO ] SGY      : ../../airgun_data/namss.W-3-69-BS.mcs.airgun/Data/P_1_49149.sgy
[18:57:53] [INFO ] NAV      : ../../airgun_data/namss.W-3-69-BS.mcs.airgun/Navigation/w-3-69-bs_NAV-WGS84.csv
[18:57:53] [INFO ] SA mode  : single (seed=50)
[18:57:53] [INFO ] 
[18:57:53] [INFO ] STEP 1 — Feature extraction
[18:57:53] [INFO ]   Loading navigation...
[18:57:53] [INFO ]   Loading SEG-Y...
[18:57:53] [INFO ]   Traces: 1416  Samples: 1300  dt: 4.000 ms
[18:57:53] [INFO ]   Depth:  0.0 m → 3897.0 m
[18:57:53] [INFO ]   Matching traces to navigation...
[18:57:53] [INFO ]   NAV line matched via translation: 'P_1_49149' -> 'P_1'
[18:57:53] [INFO ]   Matched 0 / 1416 traces
[18:57:53] [ERROR] SKIPPING P_1_49149 (namss.W-3-69-BS.mcs.airgun): No traces matched navigation — check line name vs NAV file.
[18:57:53] [ERROR]   Traceback (most recent call last):
[18:57:53] [ERROR]     File "/Users/lennylukach/Personal/School/CS4100/namss/pipeline/src/pipeline.py", line 848, in <module>
[18:57:53] [ERROR]       process_line(line, sgy_path, nav_path, dataset)
[18:57:53] [ERROR]     File "/Users/lennylukach/Personal/School/CS4100/namss/pipeline/src/pipeline.py", line 431, in process_line
[18:57:53] [ERROR]       raise RuntimeError(
[18:57:53] [ERROR]   RuntimeError: No traces matched navigation — check line name vs NAV file.
[18:57:53] [INFO ] 
[18:57:53] [INFO ] ──────────────────────────────────────────────────
[18:57:53] [INFO ]   LINE: P_43033
[18:57:53] [INFO ] ──────────────────────────────────────────────────
[18:57:53] [INFO ] Dataset  : namss.W-3-69-BS.mcs.airgun
[18:57:53] [INFO ] SGY      : ../../airgun_data/namss.W-3-69-BS.mcs.airgun/Data/P_43033.sgy
[18:57:53] [INFO ] NAV      : ../../airgun_data/namss.W-3-69-BS.mcs.airgun/Navigation/w-3-69-bs_NAV-WGS84.csv
[18:57:53] [INFO ] SA mode  : single (seed=50)
[18:57:53] [INFO ] 
[18:57:53] [INFO ] STEP 1 — Feature extraction
[18:57:53] [INFO ]   Loading navigation...
[18:57:53] [INFO ]   Loading SEG-Y...
[18:57:53] [INFO ]   Traces: 4296  Samples: 1300  dt: 4.000 ms
[18:57:53] [INFO ]   Depth:  0.0 m → 3897.0 m
[18:57:53] [INFO ]   Matching traces to navigation...
[18:57:53] [INFO ]   NAV line matched via translation: 'P_43033' -> 'P'
[18:57:53] [INFO ]   Matched 0 / 4296 traces
[18:57:53] [ERROR] SKIPPING P_43033 (namss.W-3-69-BS.mcs.airgun): No traces matched navigation — check line name vs NAV file.
[18:57:53] [ERROR]   Traceback (most recent call last):
[18:57:53] [ERROR]     File "/Users/lennylukach/Personal/School/CS4100/namss/pipeline/src/pipeline.py", line 848, in <module>
[18:57:53] [ERROR]       process_line(line, sgy_path, nav_path, dataset)
[18:57:53] [ERROR]     File "/Users/lennylukach/Personal/School/CS4100/namss/pipeline/src/pipeline.py", line 431, in process_line
[18:57:53] [ERROR]       raise RuntimeError(
[18:57:53] [ERROR]   RuntimeError: No traces matched navigation — check line name vs NAV file.
[18:57:53] [INFO ] 
[18:57:53] [INFO ] ──────────────────────────────────────────────────
[18:57:53] [INFO ]   LINE: Q-EXT_45287
[18:57:53] [INFO ] ──────────────────────────────────────────────────
[18:57:53] [INFO ] Dataset  : namss.W-3-69-BS.mcs.airgun
[18:57:53] [INFO ] SGY      : ../../airgun_data/namss.W-3-69-BS.mcs.airgun/Data/Q-EXT_45287.sgy
[18:57:53] [INFO ] NAV      : ../../airgun_data/namss.W-3-69-BS.mcs.airgun/Navigation/w-3-69-bs_NAV-WGS84.csv
[18:57:53] [INFO ] SA mode  : single (seed=50)
[18:57:53] [INFO ] 
[18:57:53] [INFO ] STEP 1 — Feature extraction
[18:57:53] [INFO ]   Loading navigation...
[18:57:53] [INFO ]   Loading SEG-Y...
[18:57:54] [INFO ]   Traces: 6600  Samples: 1250  dt: 4.000 ms
[18:57:54] [INFO ]   Depth:  0.0 m → 3747.0 m
[18:57:54] [INFO ]   Matching traces to navigation...
[18:57:54] [INFO ]   NAV line matched via translation: 'Q-EXT_45287' -> 'QEXT'
[18:57:54] [INFO ]   Matched 0 / 6600 traces
[18:57:54] [ERROR] SKIPPING Q-EXT_45287 (namss.W-3-69-BS.mcs.airgun): No traces matched navigation — check line name vs NAV file.
[18:57:54] [ERROR]   Traceback (most recent call last):
[18:57:54] [ERROR]     File "/Users/lennylukach/Personal/School/CS4100/namss/pipeline/src/pipeline.py", line 848, in <module>
[18:57:54] [ERROR]       process_line(line, sgy_path, nav_path, dataset)
[18:57:54] [ERROR]     File "/Users/lennylukach/Personal/School/CS4100/namss/pipeline/src/pipeline.py", line 431, in process_line
[18:57:54] [ERROR]       raise RuntimeError(
[18:57:54] [ERROR]   RuntimeError: No traces matched navigation — check line name vs NAV file.
[18:57:54] [INFO ] 
[18:57:54] [INFO ] ──────────────────────────────────────────────────
[18:57:54] [INFO ]   LINE: Q_39795
[18:57:54] [INFO ] ──────────────────────────────────────────────────
[18:57:54] [INFO ] Dataset  : namss.W-3-69-BS.mcs.airgun
[18:57:54] [INFO ] SGY      : ../../airgun_data/namss.W-3-69-BS.mcs.airgun/Data/Q_39795.sgy
[18:57:54] [INFO ] NAV      : ../../airgun_data/namss.W-3-69-BS.mcs.airgun/Navigation/w-3-69-bs_NAV-WGS84.csv
[18:57:54] [INFO ] SA mode  : single (seed=50)
[18:57:54] [INFO ] 
[18:57:54] [INFO ] STEP 1 — Feature extraction
[18:57:54] [INFO ]   Loading navigation...
[18:57:54] [INFO ]   Loading SEG-Y...
[18:57:54] [INFO ]   Traces: 4992  Samples: 1250  dt: 4.000 ms
[18:57:54] [INFO ]   Depth:  0.0 m → 3747.0 m
[18:57:54] [INFO ]   Matching traces to navigation...
[18:57:54] [INFO ]   NAV line matched via translation: 'Q_39795' -> 'Q'
[18:57:54] [INFO ]   Matched 0 / 4992 traces
[18:57:54] [ERROR] SKIPPING Q_39795 (namss.W-3-69-BS.mcs.airgun): No traces matched navigation — check line name vs NAV file.
[18:57:54] [ERROR]   Traceback (most recent call last):
[18:57:54] [ERROR]     File "/Users/lennylukach/Personal/School/CS4100/namss/pipeline/src/pipeline.py", line 848, in <module>
[18:57:54] [ERROR]       process_line(line, sgy_path, nav_path, dataset)
[18:57:54] [ERROR]     File "/Users/lennylukach/Personal/School/CS4100/namss/pipeline/src/pipeline.py", line 431, in process_line
[18:57:54] [ERROR]       raise RuntimeError(
[18:57:54] [ERROR]   RuntimeError: No traces matched navigation — check line name vs NAV file.
[18:57:54] [INFO ] 
[18:57:54] [INFO ] ──────────────────────────────────────────────────
[18:57:54] [INFO ]   LINE: R-EXT_49224
[18:57:54] [INFO ] ──────────────────────────────────────────────────
[18:57:54] [INFO ] Dataset  : namss.W-3-69-BS.mcs.airgun
[18:57:54] [INFO ] SGY      : ../../airgun_data/namss.W-3-69-BS.mcs.airgun/Data/R-EXT_49224.sgy
[18:57:54] [INFO ] NAV      : ../../airgun_data/namss.W-3-69-BS.mcs.airgun/Navigation/w-3-69-bs_NAV-WGS84.csv
[18:57:54] [INFO ] SA mode  : single (seed=50)
[18:57:54] [INFO ] 
[18:57:54] [INFO ] STEP 1 — Feature extraction
[18:57:54] [INFO ]   Loading navigation...
[18:57:54] [INFO ]   Loading SEG-Y...
[18:57:54] [INFO ]   Traces: 3504  Samples: 1250  dt: 4.000 ms
[18:57:54] [INFO ]   Depth:  0.0 m → 3747.0 m
[18:57:54] [INFO ]   Matching traces to navigation...
[18:57:54] [INFO ]   NAV line matched via translation: 'R-EXT_49224' -> 'REXT'
[18:57:55] [INFO ]   Matched 0 / 3504 traces
[18:57:55] [ERROR] SKIPPING R-EXT_49224 (namss.W-3-69-BS.mcs.airgun): No traces matched navigation — check line name vs NAV file.
[18:57:55] [ERROR]   Traceback (most recent call last):
[18:57:55] [ERROR]     File "/Users/lennylukach/Personal/School/CS4100/namss/pipeline/src/pipeline.py", line 848, in <module>
[18:57:55] [ERROR]       process_line(line, sgy_path, nav_path, dataset)
[18:57:55] [ERROR]     File "/Users/lennylukach/Personal/School/CS4100/namss/pipeline/src/pipeline.py", line 431, in process_line
[18:57:55] [ERROR]       raise RuntimeError(
[18:57:55] [ERROR]   RuntimeError: No traces matched navigation — check line name vs NAV file.
[18:57:55] [INFO ] 
[18:57:55] [INFO ] ──────────────────────────────────────────────────
[18:57:55] [INFO ]   LINE: R_1_43206
[18:57:55] [INFO ] ──────────────────────────────────────────────────
[18:57:55] [INFO ] Dataset  : namss.W-3-69-BS.mcs.airgun
[18:57:55] [INFO ] SGY      : ../../airgun_data/namss.W-3-69-BS.mcs.airgun/Data/R_1_43206.sgy
[18:57:55] [INFO ] NAV      : ../../airgun_data/namss.W-3-69-BS.mcs.airgun/Navigation/w-3-69-bs_NAV-WGS84.csv
[18:57:55] [INFO ] SA mode  : single (seed=50)
[18:57:55] [INFO ] 
[18:57:55] [INFO ] STEP 1 — Feature extraction
[18:57:55] [INFO ]   Loading navigation...
[18:57:55] [INFO ]   Loading SEG-Y...
[18:57:55] [INFO ]   Traces: 6216  Samples: 1250  dt: 4.000 ms
[18:57:55] [INFO ]   Depth:  0.0 m → 3747.0 m
[18:57:55] [INFO ]   Matching traces to navigation...
[18:57:55] [INFO ]   NAV line matched via translation: 'R_1_43206' -> 'R_1'
[18:57:55] [INFO ]   Matched 0 / 6216 traces
[18:57:55] [ERROR] SKIPPING R_1_43206 (namss.W-3-69-BS.mcs.airgun): No traces matched navigation — check line name vs NAV file.
[18:57:55] [ERROR]   Traceback (most recent call last):
[18:57:55] [ERROR]     File "/Users/lennylukach/Personal/School/CS4100/namss/pipeline/src/pipeline.py", line 848, in <module>
[18:57:55] [ERROR]       process_line(line, sgy_path, nav_path, dataset)
[18:57:55] [ERROR]     File "/Users/lennylukach/Personal/School/CS4100/namss/pipeline/src/pipeline.py", line 431, in process_line
[18:57:55] [ERROR]       raise RuntimeError(
[18:57:55] [ERROR]   RuntimeError: No traces matched navigation — check line name vs NAV file.
[18:57:55] [INFO ] 
[18:57:55] [INFO ] ──────────────────────────────────────────────────
[18:57:55] [INFO ]   LINE: R_49017
[18:57:55] [INFO ] ──────────────────────────────────────────────────
[18:57:55] [INFO ] Dataset  : namss.W-3-69-BS.mcs.airgun
[18:57:55] [INFO ] SGY      : ../../airgun_data/namss.W-3-69-BS.mcs.airgun/Data/R_49017.sgy
[18:57:55] [INFO ] NAV      : ../../airgun_data/namss.W-3-69-BS.mcs.airgun/Navigation/w-3-69-bs_NAV-WGS84.csv
[18:57:55] [INFO ] SA mode  : single (seed=50)
[18:57:55] [INFO ] 
[18:57:55] [INFO ] STEP 1 — Feature extraction
[18:57:55] [INFO ]   Loading navigation...
[18:57:55] [INFO ]   Loading SEG-Y...
[18:57:55] [INFO ]   Traces: 600  Samples: 1250  dt: 4.000 ms
[18:57:55] [INFO ]   Depth:  0.0 m → 3747.0 m
[18:57:55] [INFO ]   Matching traces to navigation...
[18:57:55] [INFO ]   NAV line matched via translation: 'R_49017' -> 'R'
[18:57:55] [INFO ]   Matched 0 / 600 traces
[18:57:55] [ERROR] SKIPPING R_49017 (namss.W-3-69-BS.mcs.airgun): No traces matched navigation — check line name vs NAV file.
[18:57:55] [ERROR]   Traceback (most recent call last):
[18:57:55] [ERROR]     File "/Users/lennylukach/Personal/School/CS4100/namss/pipeline/src/pipeline.py", line 848, in <module>
[18:57:55] [ERROR]       process_line(line, sgy_path, nav_path, dataset)
[18:57:55] [ERROR]     File "/Users/lennylukach/Personal/School/CS4100/namss/pipeline/src/pipeline.py", line 431, in process_line
[18:57:55] [ERROR]       raise RuntimeError(
[18:57:55] [ERROR]   RuntimeError: No traces matched navigation — check line name vs NAV file.
[18:57:55] [INFO ] 
[18:57:55] [INFO ] ──────────────────────────────────────────────────
[18:57:55] [INFO ]   LINE: S_44822
[18:57:55] [INFO ] ──────────────────────────────────────────────────
[18:57:55] [INFO ] Dataset  : namss.W-3-69-BS.mcs.airgun
[18:57:55] [INFO ] SGY      : ../../airgun_data/namss.W-3-69-BS.mcs.airgun/Data/S_44822.sgy
[18:57:55] [INFO ] NAV      : ../../airgun_data/namss.W-3-69-BS.mcs.airgun/Navigation/w-3-69-bs_NAV-WGS84.csv
[18:57:55] [INFO ] SA mode  : single (seed=50)
[18:57:55] [INFO ] 
[18:57:55] [INFO ] STEP 1 — Feature extraction
[18:57:55] [INFO ]   Loading navigation...
[18:57:55] [INFO ]   Loading SEG-Y...
[18:57:55] [INFO ]   Traces: 2280  Samples: 1250  dt: 4.000 ms
[18:57:55] [INFO ]   Depth:  0.0 m → 3747.0 m
[18:57:55] [INFO ]   Matching traces to navigation...
[18:57:55] [INFO ]   NAV line matched via translation: 'S_44822' -> 'S'
[18:57:55] [INFO ]   Matched 0 / 2280 traces
[18:57:55] [ERROR] SKIPPING S_44822 (namss.W-3-69-BS.mcs.airgun): No traces matched navigation — check line name vs NAV file.
[18:57:55] [ERROR]   Traceback (most recent call last):
[18:57:55] [ERROR]     File "/Users/lennylukach/Personal/School/CS4100/namss/pipeline/src/pipeline.py", line 848, in <module>
[18:57:55] [ERROR]       process_line(line, sgy_path, nav_path, dataset)
[18:57:55] [ERROR]     File "/Users/lennylukach/Personal/School/CS4100/namss/pipeline/src/pipeline.py", line 431, in process_line
[18:57:55] [ERROR]       raise RuntimeError(
[18:57:55] [ERROR]   RuntimeError: No traces matched navigation — check line name vs NAV file.
[18:57:55] [INFO ] 
[18:57:55] [INFO ] ──────────────────────────────────────────────────
[18:57:55] [INFO ]   LINE: WA-024_1187
[18:57:55] [INFO ] ──────────────────────────────────────────────────
[18:57:55] [INFO ] Dataset  : namss.W-3-69-BS.mcs.airgun
[18:57:55] [INFO ] SGY      : ../../airgun_data/namss.W-3-69-BS.mcs.airgun/Data/WA-024_1187.sgy
[18:57:55] [INFO ] NAV      : ../../airgun_data/namss.W-3-69-BS.mcs.airgun/Navigation/w-3-69-bs_NAV-WGS84.csv
[18:57:55] [INFO ] SA mode  : single (seed=50)
[18:57:55] [INFO ] 
[18:57:55] [INFO ] STEP 1 — Feature extraction
[18:57:55] [INFO ]   Loading navigation...
[18:57:56] [INFO ]   Loading SEG-Y...
[18:57:56] [INFO ]   Traces: 5873  Samples: 1456  dt: 4.000 ms
[18:57:56] [INFO ]   Depth:  0.0 m → 4365.0 m
[18:57:56] [INFO ]   Matching traces to navigation...
[18:57:56] [INFO ]   NAV line matched via translation: 'WA-024_1187' -> 'WA-024'
[18:57:56] [INFO ]   Matched 0 / 5873 traces
[18:57:56] [ERROR] SKIPPING WA-024_1187 (namss.W-3-69-BS.mcs.airgun): No traces matched navigation — check line name vs NAV file.
[18:57:56] [ERROR]   Traceback (most recent call last):
[18:57:56] [ERROR]     File "/Users/lennylukach/Personal/School/CS4100/namss/pipeline/src/pipeline.py", line 848, in <module>
[18:57:56] [ERROR]       process_line(line, sgy_path, nav_path, dataset)
[18:57:56] [ERROR]     File "/Users/lennylukach/Personal/School/CS4100/namss/pipeline/src/pipeline.py", line 431, in process_line
[18:57:56] [ERROR]       raise RuntimeError(
[18:57:56] [ERROR]   RuntimeError: No traces matched navigation — check line name vs NAV file.
[18:57:56] [INFO ] 
[18:57:56] [INFO ] ──────────────────────────────────────────────────
[18:57:56] [INFO ]   LINE: WA-025_15564
[18:57:56] [INFO ] ──────────────────────────────────────────────────
[18:57:56] [INFO ] Dataset  : namss.W-3-69-BS.mcs.airgun
[18:57:56] [INFO ] SGY      : ../../airgun_data/namss.W-3-69-BS.mcs.airgun/Data/WA-025_15564.sgy
[18:57:56] [INFO ] NAV      : ../../airgun_data/namss.W-3-69-BS.mcs.airgun/Navigation/w-3-69-bs_NAV-WGS84.csv
[18:57:56] [INFO ] SA mode  : single (seed=50)
[18:57:56] [INFO ] 
[18:57:56] [INFO ] STEP 1 — Feature extraction
[18:57:56] [INFO ]   Loading navigation...
[18:57:56] [INFO ]   Loading SEG-Y...
[18:57:56] [INFO ]   Traces: 5569  Samples: 1456  dt: 4.000 ms
[18:57:56] [INFO ]   Depth:  0.0 m → 4365.0 m
[18:57:56] [INFO ]   Matching traces to navigation...
[18:57:56] [INFO ]   NAV line matched via translation: 'WA-025_15564' -> 'WA-025'
[18:57:56] [INFO ]   Matched 0 / 5569 traces
[18:57:56] [ERROR] SKIPPING WA-025_15564 (namss.W-3-69-BS.mcs.airgun): No traces matched navigation — check line name vs NAV file.
[18:57:56] [ERROR]   Traceback (most recent call last):
[18:57:56] [ERROR]     File "/Users/lennylukach/Personal/School/CS4100/namss/pipeline/src/pipeline.py", line 848, in <module>
[18:57:56] [ERROR]       process_line(line, sgy_path, nav_path, dataset)
[18:57:56] [ERROR]     File "/Users/lennylukach/Personal/School/CS4100/namss/pipeline/src/pipeline.py", line 431, in process_line
[18:57:56] [ERROR]       raise RuntimeError(
[18:57:56] [ERROR]   RuntimeError: No traces matched navigation — check line name vs NAV file.
[18:57:56] [INFO ] 
[18:57:56] [INFO ] ============================================================
[18:57:56] [INFO ]   FINAL SUMMARY
[18:57:56] [INFO ] ============================================================
[18:57:56] [INFO ]   Completed : 209 / 278
[18:57:56] [INFO ]   Failed    : 69
[18:57:56] [INFO ] 
[18:57:56] [INFO ]   Failed lines:
[18:57:56] [ERROR]     f1289stk03                                FAILED: No traces matched navigation — check line name vs NAV file.
[18:57:56] [ERROR]     f1289stk07                                FAILED: No traces matched navigation — check line name vs NAV file.
[18:57:56] [ERROR]     f1289stk09                                FAILED: No traces matched navigation — check line name vs NAV file.
[18:57:56] [ERROR]     f1289stk11                                FAILED: No traces matched navigation — check line name vs NAV file.
[18:57:56] [ERROR]     f1289stk13                                FAILED: No traces matched navigation — check line name vs NAV file.
[18:57:56] [ERROR]     f1289stk15                                FAILED: No traces matched navigation — check line name vs NAV file.
[18:57:56] [ERROR]     f1289stk17                                FAILED: 'julday' out of bounds for year 1986: 0
[18:57:56] [ERROR]     f1289stk19                                FAILED: No traces matched navigation — check line name vs NAV file.
[18:57:56] [ERROR]     f1289stk23                                FAILED: No traces matched navigation — check line name vs NAV file.
[18:57:56] [ERROR]     f1289stk29                                FAILED: No traces matched navigation — check line name vs NAV file.
[18:57:56] [ERROR]     f287stk26                                 FAILED: Unknown format for file ../../airgun_data/namss.F-2-87-AA.mcs.airgun/Data/f287stk26.sgy
[18:57:56] [ERROR]     f287stk31                                 FAILED: second must be in 0..59
[18:57:56] [ERROR]     f287stk35                                 FAILED: 'julday' out of bounds for year 1987: 0
[18:57:56] [ERROR]     f287stks1                                 FAILED: hour must be in 0..23
[18:57:56] [ERROR]     f387stk07_3150                            FAILED: No NAV line matched 'f387stk07_3150'. Tried: ['f387stk07_3150', 'F387-7_3150', 'f387stk07'].
[18:57:56] [ERROR]     f387stk10                                 FAILED: 'julday' out of bounds for year 1987: 1986
[18:57:56] [ERROR]     f387stk32                                 FAILED: 'julday' out of bounds for year 1987: 0
[18:57:56] [ERROR]     f688stk04a                                FAILED: No traces matched navigation — check line name vs NAV file.
[18:57:56] [ERROR]     f688stk07a                                FAILED: No traces matched navigation — check line name vs NAV file.
[18:57:56] [ERROR]     f688stk09a                                FAILED: No traces matched navigation — check line name vs NAV file.
[18:57:56] [ERROR]     f688stk10a                                FAILED: No traces matched navigation — check line name vs NAV file.
[18:57:56] [ERROR]     f688stk11a                                FAILED: No traces matched navigation — check line name vs NAV file.
[18:57:56] [ERROR]     f688stk12a                                FAILED: No traces matched navigation — check line name vs NAV file.
[18:57:56] [ERROR]     f688stk14a                                FAILED: No traces matched navigation — check line name vs NAV file.
[18:57:56] [ERROR]     f688stk16a                                FAILED: No traces matched navigation — check line name vs NAV file.
[18:57:56] [ERROR]     209wg82stk                                FAILED: No traces matched navigation — check line name vs NAV file.
[18:57:56] [ERROR]     226wg82stk                                FAILED: No traces matched navigation — check line name vs NAV file.
[18:57:56] [ERROR]     100_1204                                  FAILED: No traces matched navigation — check line name vs NAV file.
[18:57:56] [ERROR]     101_1205                                  FAILED: No traces matched navigation — check line name vs NAV file.
[18:57:56] [ERROR]     102_1206                                  FAILED: No traces matched navigation — check line name vs NAV file.
[18:57:56] [ERROR]     103_1207                                  FAILED: No traces matched navigation — check line name vs NAV file.
[18:57:56] [ERROR]     104_1208                                  FAILED: No traces matched navigation — check line name vs NAV file.
[18:57:56] [ERROR]     105_1209                                  FAILED: No traces matched navigation — check line name vs NAV file.
[18:57:56] [ERROR]     106_1210                                  FAILED: No traces matched navigation — check line name vs NAV file.
[18:57:56] [ERROR]     107_1211                                  FAILED: No traces matched navigation — check line name vs NAV file.
[18:57:56] [ERROR]     108_1212                                  FAILED: No traces matched navigation — check line name vs NAV file.
[18:57:56] [ERROR]     109_1213                                  FAILED: No traces matched navigation — check line name vs NAV file.
[18:57:56] [ERROR]     110_1214                                  FAILED: No traces matched navigation — check line name vs NAV file.
[18:57:56] [ERROR]     111_1215                                  FAILED: No traces matched navigation — check line name vs NAV file.
[18:57:56] [ERROR]     112_1216                                  FAILED: No traces matched navigation — check line name vs NAV file.
[18:57:56] [ERROR]     113_1217                                  FAILED: No traces matched navigation — check line name vs NAV file.
[18:57:56] [ERROR]     114_1218                                  FAILED: No traces matched navigation — check line name vs NAV file.
[18:57:56] [ERROR]     115_1219                                  FAILED: No traces matched navigation — check line name vs NAV file.
[18:57:56] [ERROR]     116_1220                                  FAILED: No traces matched navigation — check line name vs NAV file.
[18:57:56] [ERROR]     117_1221                                  FAILED: No traces matched navigation — check line name vs NAV file.
[18:57:56] [ERROR]     85-026_15189                              FAILED: No NAV line matched '85-026_15189'. Tried: ['85-026_15189', '85-026'].
[18:57:56] [ERROR]     85-027_25715                              FAILED: No NAV line matched '85-027_25715'. Tried: ['85-027_25715', '85-027'].
[18:57:56] [ERROR]     G_17558                                   FAILED: No traces matched navigation — check line name vs NAV file.
[18:57:56] [ERROR]     G_1_408                                   FAILED: No traces matched navigation — check line name vs NAV file.
[18:57:56] [ERROR]     H_1_10416                                 FAILED: No traces matched navigation — check line name vs NAV file.
[18:57:56] [ERROR]     H_2987                                    FAILED: No traces matched navigation — check line name vs NAV file.
[18:57:56] [ERROR]     I_12552                                   FAILED: No traces matched navigation — check line name vs NAV file.
[18:57:56] [ERROR]     J_11795                                   FAILED: No traces matched navigation — check line name vs NAV file.
[18:57:56] [ERROR]     J_1_16452                                 FAILED: No traces matched navigation — check line name vs NAV file.
[18:57:56] [ERROR]     K_16989                                   FAILED: No traces matched navigation — check line name vs NAV file.
[18:57:56] [ERROR]     L_13905                                   FAILED: No traces matched navigation — check line name vs NAV file.
[18:57:56] [ERROR]     O_1_45871                                 FAILED: No traces matched navigation — check line name vs NAV file.
[18:57:56] [ERROR]     O_2_48619                                 FAILED: No traces matched navigation — check line name vs NAV file.
[18:57:56] [ERROR]     O_48354                                   FAILED: No traces matched navigation — check line name vs NAV file.
[18:57:56] [ERROR]     P_1_49149                                 FAILED: No traces matched navigation — check line name vs NAV file.
[18:57:56] [ERROR]     P_43033                                   FAILED: No traces matched navigation — check line name vs NAV file.
[18:57:56] [ERROR]     Q-EXT_45287                               FAILED: No traces matched navigation — check line name vs NAV file.
[18:57:56] [ERROR]     Q_39795                                   FAILED: No traces matched navigation — check line name vs NAV file.
[18:57:56] [ERROR]     R-EXT_49224                               FAILED: No traces matched navigation — check line name vs NAV file.
[18:57:56] [ERROR]     R_1_43206                                 FAILED: No traces matched navigation — check line name vs NAV file.
[18:57:56] [ERROR]     R_49017                                   FAILED: No traces matched navigation — check line name vs NAV file.
[18:57:56] [ERROR]     S_44822                                   FAILED: No traces matched navigation — check line name vs NAV file.
[18:57:56] [ERROR]     WA-024_1187                               FAILED: No traces matched navigation — check line name vs NAV file.
[18:57:56] [ERROR]     WA-025_15564                              FAILED: No traces matched navigation — check line name vs NAV file.
[18:57:56] [INFO ] 
[18:57:56] [INFO ]   Finished: 2026-04-07 18:57:56
[18:57:56] [INFO ]   Run dir : /Users/lennylukach/Personal/School/CS4100/namss/pipeline/results/run_20260407_171623
